{"type":"FeatureCollection","src":"© OpenStreetMap contributors (ODbL)","t":"2026-10-10T15:55:13Z","features":[{"type":"Feature","properties":{"name":"CANTAT 3","operator":"BT"},"geometry":{"type":"LineString","coordinates":[[-20.284,63.401],[-20.3,63.401],[-20.334,63.401],[-20.334,63.4],[-20.334,63.367],[-20.333,63.351],[-20.301,63.217],[-20.268,62.934],[-20.268,62.917],[-20.251,62.834],[-20.217,62.783],[-20.217,62.768],[-20.234,62.767]]}},{"type":"Feature","properties":{"name":"CANTAT 3","operator":"BT"},"geometry":{"type":"LineString","coordinates":[[-6.517,63.189],[-6.553,63.2],[-6.655,63.233],[-6.926,63.23],[-7.57,63.242],[-8.001,63.245],[-8.479,63.248],[-9.666,63.249],[-10.053,63.244],[-10.101,63.244],[-10.299,63.24],[-10.77,63.225],[-10.999,63.226],[-11.64,63.209],[-12.0,63.198],[-12.75,63.172],[-12.999,63.167],[-13.225,63.163],[-13.488,63.157],[-14.867,63.105],[-16.485,63.025],[-17.0,62.999],[-18.0,62.936],[-18.067,62.935],[-18.333,62.933],[-19.477,62.835],[-19.68,62.809],[-20.223,62.783],[-20.23,62.78],[-20.244,62.773]]}},{"type":"Feature","properties":{"name":"CANTAT 3 FC3","operator":"BT"},"geometry":{"type":"LineString","coordinates":[[5.501,56.249],[5.5,56.251],[5.498,56.255],[5.495,56.259],[5.495,56.261],[5.431,56.389],[5.351,56.551],[5.35,56.552],[5.314,56.624],[5.28,56.693],[5.242,56.769],[5.148,56.954],[5.103,57.041],[5.082,57.082],[5.046,57.153],[5.045,57.154],[5.02,57.204],[4.933,57.37],[4.932,57.371],[4.854,57.521],[4.853,57.522],[4.844,57.538],[4.794,57.633],[4.719,57.775],[4.593,58.009],[4.489,58.2],[4.474,58.231],[4.459,58.255],[4.389,58.382],[4.346,58.46],[4.296,58.548],[4.131,58.843],[4.132,58.84],[4.13,58.844],[4.119,58.855],[4.117,58.86],[4.117,58.861],[4.116,58.867],[4.112,58.874],[4.11,58.877],[4.109,58.88],[4.099,58.894],[4.089,58.914],[4.056,58.973],[4.047,58.987],[4.043,58.995],[4.028,59.023],[4.005,59.059],[3.999,59.069],[3.964,59.129],[3.961,59.136],[3.949,59.158],[3.947,59.163],[3.866,59.301],[3.834,59.356],[3.813,59.389],[3.805,59.403],[3.783,59.442],[3.774,59.46],[3.75,59.5],[3.739,59.517],[3.732,59.527],[3.724,59.542],[3.714,59.559],[3.69,59.6],[3.59,59.766],[3.556,59.822],[3.546,59.838],[3.525,59.873],[3.517,59.885],[3.51,59.887],[3.515,59.89],[3.505,59.906],[3.504,59.908],[3.508,59.91],[3.507,59.91],[3.504,59.911],[3.5,59.914],[3.497,59.92],[3.396,60.086],[3.369,60.133],[3.368,60.134],[3.348,60.166],[3.33,60.196],[3.322,60.207],[3.321,60.208],[3.312,60.22],[3.268,60.291],[3.259,60.306],[3.248,60.324],[3.25,60.365],[3.25,60.374],[3.249,60.38],[3.248,60.385],[3.249,60.39],[3.25,60.394],[3.25,60.398],[3.25,60.404],[3.25,60.498],[3.248,60.5],[3.25,60.501],[3.249,60.506],[3.249,60.511],[3.249,60.513],[3.25,60.514],[3.25,60.52],[3.249,60.738],[3.249,60.75],[3.188,60.812],[3.084,60.916],[2.997,61.003],[2.979,61.031],[2.887,61.172],[2.775,61.339],[2.682,61.477],[2.666,61.5],[2.5,61.65],[2.277,61.813],[2.271,61.825],[2.038,61.986],[1.667,62.25],[1.544,62.297],[1.328,62.378],[1.174,62.436],[1.0,62.5],[0.846,62.536],[0.447,62.591],[0.446,62.629],[0.458,62.626],[0.413,62.637],[0.277,62.669],[0.013,62.732],[0.0,62.735],[-0.528,62.854],[-0.884,62.933],[-1.428,63.051],[-1.5,63.067],[-2.0,63.091],[-2.213,63.102],[-3.0,63.138],[-3.042,63.142],[-3.091,63.146],[-3.298,63.163],[-3.396,63.165],[-3.929,63.171],[-4.092,63.173],[-4.519,63.186],[-4.647,63.191],[-5.0,63.2],[-5.122,63.2],[-5.142,63.199],[-5.667,63.2],[-6.273,63.213],[-6.28,63.213],[-6.381,63.219],[-6.44,63.216],[-6.517,63.189]]}},{"type":"Feature","properties":{"name":"CANTAT 3 F5, F6","operator":"TDC"},"geometry":{"type":"LineString","coordinates":[[8.18,55.768],[8.156,55.788],[8.142,55.794],[8.0,55.833],[7.643,55.858],[7.45,55.87],[7.413,55.871],[7.409,55.872],[7.405,55.871],[7.404,55.872],[7.402,55.873],[7.387,55.875],[7.263,55.901],[7.174,55.919],[7.016,55.952],[6.806,55.994],[6.683,56.019],[6.407,56.074],[6.164,56.122],[6.147,56.128],[6.088,56.137],[5.792,56.194],[5.667,56.218],[5.535,56.243],[5.521,56.246],[5.501,56.249]]}},{"type":"Feature","properties":{"name":"Atlantic Crossing 1 (AC1)Seg.B1","operator":"Global Crossing"},"geometry":{"type":"LineString","coordinates":[[-5.692,50.081],[-5.701,50.085],[-5.703,50.085],[-5.707,50.085],[-5.712,50.085],[-5.727,50.081],[-5.73,50.081],[-5.765,50.071],[-5.772,50.066],[-5.795,50.027],[-5.835,49.973],[-5.855,49.916],[-5.859,49.901],[-5.859,49.894],[-5.858,49.891],[-5.855,49.886],[-5.85,49.875],[-5.846,49.872],[-5.844,49.865],[-5.842,49.863],[-5.838,49.86],[-5.834,49.858],[-5.829,49.857],[-5.78,49.843],[-5.762,49.838],[-5.718,49.827],[-5.703,49.823],[-5.686,49.819],[-5.675,49.816],[-5.673,49.815],[-5.63,49.803],[-5.491,49.768],[-5.489,49.767],[-5.486,49.766],[-5.461,49.759],[-5.445,49.755],[-5.405,49.744],[-5.362,49.732],[-5.318,49.723],[-5.28,49.713],[-5.264,49.709],[-5.193,49.69],[-5.19,49.689],[-5.18,49.685],[-5.168,49.683],[-5.162,49.682],[-5.156,49.679],[-5.125,49.67],[-5.114,49.667],[-5.109,49.667],[-5.075,49.658],[-5.071,49.656],[-5.065,49.656],[-5.062,49.654],[-5.042,49.649],[-5.037,49.648],[-5.034,49.65],[-5.026,49.647],[-5.024,49.644],[-4.939,49.621],[-4.93,49.62],[-4.906,49.623],[-4.893,49.624],[-4.887,49.623],[-4.87,49.623],[-4.768,49.629],[-4.758,49.629],[-4.731,49.63],[-4.716,49.631],[-4.709,49.633],[-4.669,49.633],[-4.46,49.641],[-4.452,49.643],[-4.391,49.645],[-4.387,49.646],[-4.384,49.647],[-4.383,49.646],[-4.381,49.648],[-4.381,49.649],[-4.373,49.656],[-4.365,49.662],[-4.362,49.664],[-4.358,49.666],[-4.355,49.667],[-4.253,49.678],[-4.146,49.693],[-4.134,49.693],[-4.126,49.695],[-3.986,49.713],[-3.873,49.728],[-3.869,49.729],[-3.865,49.731],[-3.863,49.734],[-3.856,49.747],[-3.843,49.771],[-3.841,49.775],[-3.84,49.777],[-3.838,49.78],[-3.834,49.783],[-3.83,49.785],[-3.751,49.813],[-3.701,49.831],[-3.668,49.841],[-3.641,49.852],[-3.477,49.91],[-3.368,49.948],[-3.335,49.957],[-3.311,49.971],[-3.285,49.98],[-3.252,49.989],[-3.16,50.021],[-3.147,50.026],[-2.919,50.099],[-2.749,50.153],[-2.635,50.189],[-2.616,50.193],[-2.589,50.202],[-2.551,50.215],[-2.509,50.228],[-2.493,50.231],[-2.333,50.232],[-2.303,50.232],[-2.267,50.231],[-2.168,50.232],[-2.134,50.232],[-2.086,50.231],[-2.061,50.231],[-1.973,50.233],[-1.948,50.235],[-1.938,50.233],[-1.685,50.234],[-1.655,50.234],[-1.613,50.234],[-1.551,50.233],[-1.521,50.233],[-1.485,50.233],[-1.452,50.233],[-1.436,50.233],[-1.435,50.233],[-1.351,50.233],[-1.305,50.232],[-1.172,50.232],[-1.164,50.233],[-0.955,50.279],[-0.748,50.327],[-0.551,50.37],[-0.479,50.383],[-0.469,50.385],[-0.411,50.401],[-0.124,50.463],[-0.093,50.468],[-0.018,50.485],[0.204,50.533],[0.258,50.545],[0.3,50.556],[0.347,50.566],[0.382,50.574],[0.433,50.585],[0.604,50.66],[0.735,50.719],[0.739,50.719],[0.754,50.727],[0.76,50.727],[0.92,50.799],[0.96,50.815],[1.008,50.837],[1.015,50.841],[1.049,50.855],[1.085,50.875],[1.083,50.873],[1.155,50.912],[1.159,50.915],[1.279,50.98],[1.284,50.982],[1.353,51.021],[1.401,51.046],[1.403,51.049],[1.406,51.053],[1.407,51.057],[1.409,51.066],[1.409,51.074],[1.413,51.087],[1.415,51.091],[1.417,51.095],[1.422,51.097],[1.428,51.098],[1.457,51.098],[1.461,51.099],[1.465,51.1],[1.469,51.101],[1.471,51.103],[1.483,51.112],[1.49,51.117],[1.496,51.13],[1.498,51.132],[1.5,51.134],[1.513,51.14],[1.526,51.146],[1.55,51.154],[1.632,51.192],[1.679,51.213],[1.734,51.223],[1.743,51.227],[1.759,51.237],[1.768,51.245],[1.84,51.355],[1.845,51.363],[1.857,51.38],[1.859,51.383],[1.904,51.492],[1.911,51.507],[1.919,51.524],[1.92,51.528],[1.922,51.531],[1.929,51.549],[1.933,51.563],[1.955,51.603],[1.955,51.616],[1.963,51.625],[1.964,51.631],[1.982,51.68],[1.997,51.719],[2.025,51.783],[2.102,51.966],[2.112,51.993],[2.117,52.009],[2.117,52.01],[2.118,52.014],[2.12,52.02],[2.124,52.031],[2.13,52.049],[2.19,52.231],[2.191,52.234],[2.191,52.236],[2.193,52.24],[2.194,52.242],[2.193,52.243],[2.194,52.248],[2.197,52.254],[2.199,52.259],[2.24,52.381],[2.243,52.387],[2.244,52.392],[2.252,52.413],[2.254,52.415],[2.255,52.416],[2.257,52.417],[2.266,52.42],[2.266,52.422],[2.28,52.425],[2.318,52.438],[2.328,52.442],[2.332,52.442],[2.347,52.442],[2.655,52.434],[2.884,52.427],[3.112,52.42],[3.156,52.419],[3.176,52.418],[3.183,52.418],[3.184,52.418],[3.199,52.418],[3.331,52.419],[3.348,52.421],[3.649,52.507],[3.659,52.508],[3.665,52.508],[3.673,52.508],[3.684,52.506],[3.699,52.506],[3.71,52.506],[3.714,52.507],[3.749,52.517],[3.799,52.533],[3.999,52.604],[4.006,52.605],[4.015,52.606],[4.113,52.612],[4.123,52.611],[4.241,52.617],[4.282,52.62],[4.289,52.62],[4.297,52.619],[4.304,52.618],[4.309,52.616],[4.321,52.608],[4.39,52.556],[4.392,52.555],[4.396,52.553],[4.407,52.551],[4.429,52.551],[4.435,52.552],[4.446,52.556],[4.453,52.558],[4.459,52.559],[4.533,52.558],[4.538,52.558],[4.562,52.558],[4.602,52.559],[4.607,52.557]]}},{"type":"Feature","properties":{"name":"CANTAT 3 F7","operator":"TDC"},"geometry":{"type":"LineString","coordinates":[[8.408,55.057],[8.403,55.069],[8.383,55.079],[8.35,55.085],[8.333,55.089],[8.286,55.099],[8.283,55.1],[8.095,55.15],[8.076,55.155],[7.903,55.2],[7.903,55.201],[7.822,55.266],[7.742,55.33],[7.719,55.347],[7.602,55.433],[7.519,55.5],[7.4,55.567],[7.399,55.605],[7.4,55.614],[7.398,55.65],[7.4,55.667],[7.4,55.691],[7.4,55.734],[7.4,55.763],[7.4,55.792],[7.4,55.817],[7.4,55.824],[7.399,55.85],[7.404,55.868],[7.404,55.872]]}},{"type":"Feature","properties":{"name":"Atlantic Crossing 1 (AC1) Seg.A","operator":"Global Crossing"},"geometry":{"type":"LineString","coordinates":[[8.386,55.037],[8.379,55.042],[8.378,55.042],[8.37,55.043],[8.349,55.046],[8.299,55.05],[8.287,55.052],[8.265,55.057],[8.262,55.056],[8.249,55.058],[8.247,55.058],[8.236,55.058],[8.215,55.059],[8.172,55.06],[8.171,55.061],[8.07,55.063],[8.035,55.064],[7.965,55.066],[7.665,55.061],[7.662,55.061],[7.66,55.062],[7.658,55.063],[7.647,55.072],[7.635,55.081],[7.632,55.082],[7.63,55.082],[7.627,55.083],[7.233,55.096],[6.774,55.111],[6.671,55.113],[6.668,55.113],[6.664,55.114],[6.661,55.115],[6.651,55.121],[6.496,55.208],[6.319,55.308],[6.287,55.33],[6.283,55.331],[6.28,55.332],[6.276,55.333],[6.145,55.333],[6.139,55.333],[6.136,55.334],[6.134,55.335],[6.132,55.337],[6.13,55.338],[6.129,55.34],[6.06,55.508],[5.999,55.655],[5.999,55.675],[5.999,55.736],[5.999,55.862],[5.999,55.864],[5.994,55.873],[5.898,55.995],[5.894,56.001],[5.768,56.162],[5.767,56.165],[5.767,56.167],[5.769,56.169],[5.79,56.193],[5.802,56.204],[5.812,56.213],[5.813,56.215],[5.813,56.217],[5.812,56.219],[5.639,56.377],[5.369,56.621],[5.366,56.623],[5.362,56.624],[5.358,56.624],[5.317,56.624],[5.288,56.624],[5.256,56.624],[5.251,56.625],[5.248,56.626],[5.244,56.628],[5.123,56.722],[4.94,56.862],[4.839,56.938],[4.515,57.183],[4.431,57.266],[4.362,57.333],[4.322,57.372],[4.32,57.374],[3.944,57.736],[3.665,57.999],[3.5,58.126],[3.333,58.253],[3.246,58.317],[3.098,58.426],[3.092,58.434],[3.091,58.435],[3.086,58.443],[3.015,58.493],[3.011,58.496],[2.979,58.52],[2.975,58.522],[2.975,58.523],[2.974,58.523],[2.94,58.548],[2.837,58.622],[2.832,58.625],[2.831,58.626],[2.825,58.63],[2.795,58.652],[2.549,58.834],[2.513,58.861],[2.466,58.896],[2.373,58.964],[2.34,58.993],[2.335,58.996],[2.33,58.998],[2.324,58.999],[2.315,58.999],[2.296,58.999],[2.134,58.999],[2.096,59.005],[2.015,59.028],[1.98,59.033],[1.813,59.033],[1.757,59.033],[1.731,59.033],[1.698,59.033],[1.682,59.031],[1.639,59.031],[1.605,59.031],[1.548,59.033],[1.33,59.069],[1.292,59.079],[1.248,59.094],[1.235,59.097],[1.228,59.098],[1.217,59.098],[1.201,59.098],[1.172,59.109],[0.913,59.16],[0.746,59.193],[0.651,59.21],[0.652,59.211],[0.636,59.215],[0.63,59.218],[0.628,59.219],[0.621,59.22],[0.615,59.222],[0.609,59.225],[0.601,59.227],[0.561,59.232],[0.537,59.237],[0.535,59.237],[0.505,59.241],[0.5,59.24],[0.502,59.242],[0.488,59.246],[0.479,59.248],[0.319,59.278],[0.066,59.328],[-0.11,59.362],[-0.162,59.37],[-0.221,59.383],[-0.381,59.412],[-0.395,59.416],[-0.411,59.42],[-0.567,59.458],[-0.578,59.459],[-0.585,59.462],[-0.765,59.507],[-0.801,59.516],[-1.035,59.56],[-1.108,59.574],[-1.272,59.605],[-1.319,59.612],[-1.356,59.619],[-1.502,59.649],[-1.623,59.663],[-2.369,59.742],[-2.521,59.758],[-3.18,59.824],[-3.228,59.828],[-3.242,59.828],[-3.271,59.832],[-3.295,59.834],[-3.3,59.834],[-3.326,59.833],[-3.337,59.834],[-3.351,59.839],[-3.393,59.841],[-3.408,59.843],[-3.433,59.845],[-3.54,59.857],[-3.548,59.858],[-3.554,59.858],[-3.563,59.858],[-3.568,59.857],[-3.569,59.856],[-3.571,59.854],[-3.572,59.855],[-3.575,59.853],[-3.576,59.851],[-3.578,59.848],[-3.579,59.847],[-3.58,59.843],[-3.583,59.84],[-3.59,59.833],[-3.595,59.83],[-3.599,59.827],[-3.603,59.825],[-3.606,59.824],[-3.615,59.823],[-3.62,59.822],[-3.638,59.822],[-3.915,59.826],[-4.185,59.832],[-4.402,59.833],[-4.858,59.833],[-4.998,59.833],[-5.005,59.833],[-5.165,59.856],[-5.599,59.917],[-5.606,59.918],[-5.652,59.919],[-5.727,59.919],[-5.802,59.919],[-5.869,59.917],[-5.999,59.919],[-6.069,59.919],[-6.301,59.921],[-6.314,59.921],[-6.473,59.922],[-6.6,59.926],[-6.602,59.928],[-6.603,59.928],[-6.607,59.925],[-6.656,59.928],[-6.671,59.929],[-6.69,59.928],[-6.7,59.931],[-6.706,59.924],[-6.728,59.923],[-6.909,59.923],[-6.918,59.923],[-6.968,59.923],[-7.404,59.921],[-7.573,59.921],[-8.196,59.919],[-8.507,59.917],[-8.606,59.916],[-8.613,59.917],[-8.64,59.92],[-8.647,59.921],[-8.67,59.928],[-8.675,59.93],[-8.696,59.942],[-8.708,59.949],[-8.714,59.952],[-8.721,59.955],[-8.74,59.963],[-8.752,59.966],[-8.774,59.971],[-8.789,59.973],[-8.804,59.974],[-8.836,59.976],[-8.945,59.979],[-9.097,59.982],[-9.111,59.982],[-9.136,59.981],[-9.18,59.983],[-9.226,59.982],[-9.235,59.985],[-9.241,59.99],[-9.247,59.996],[-9.252,59.99],[-9.255,59.986],[-9.262,59.983],[-9.27,59.982],[-9.304,59.982],[-9.326,59.982],[-9.365,59.983],[-9.396,59.981],[-9.424,59.982],[-9.473,59.984],[-9.592,59.989],[-9.71,59.99],[-9.843,59.99],[-9.905,59.993],[-9.918,59.992],[-9.936,59.989],[-9.944,59.985],[-9.952,59.989],[-9.964,59.991],[-9.976,59.992],[-10.029,59.995],[-10.298,59.998],[-10.501,59.997],[-10.732,59.966],[-10.768,59.958],[-10.89,59.937],[-10.92,59.937],[-10.93,59.945],[-10.928,59.935],[-11.128,59.903],[-11.198,59.895],[-11.228,59.893],[-11.501,59.892],[-12.122,59.901],[-12.317,59.901],[-12.351,59.899],[-12.44,59.9],[-12.485,59.899],[-12.522,59.898],[-12.531,59.902],[-12.534,59.906],[-12.535,59.91],[-12.535,59.909],[-12.535,59.906],[-12.539,59.902],[-12.549,59.899],[-12.653,59.898],[-12.842,59.899],[-13.036,59.897],[-13.187,59.898],[-13.378,59.897],[-13.513,59.913],[-13.62,59.897],[-13.632,59.892],[-13.697,59.858],[-13.747,59.747],[-13.783,59.667],[-13.802,59.65],[-13.838,59.616],[-13.925,59.535],[-14.0,59.463],[-14.215,59.361],[-14.332,59.306],[-14.4,59.273],[-14.6,59.23],[-14.665,59.215],[-15.108,59.114],[-15.493,59.026],[-15.598,59.0],[-15.599,59.0],[-15.707,58.942],[-15.846,58.866],[-16.134,58.706],[-16.5,58.5],[-16.648,58.324],[-16.662,58.308],[-16.806,58.133],[-16.916,58.002],[-16.918,57.999],[-17.091,57.922],[-17.225,57.86],[-17.555,57.708],[-17.757,57.614],[-18.0,57.5],[-18.363,57.284],[-18.387,57.269],[-18.585,57.15],[-18.923,56.935],[-18.937,56.926],[-19.092,56.827],[-19.466,56.582],[-19.573,56.516],[-19.596,56.497],[-19.668,56.45],[-19.756,56.387],[-19.825,56.345],[-19.997,56.23],[-20.071,56.179]]}},{"type":"Feature","properties":{"name":"Concerto 1E","operator":"Interoute"},"geometry":{"type":"LineString","coordinates":[[4.521,52.368],[4.52,52.368],[4.477,52.368],[4.276,52.303],[4.238,52.29],[4.035,52.224],[3.856,52.158],[3.612,52.157],[3.374,52.157],[3.284,52.049],[3.253,51.985],[3.253,51.982],[3.26,51.977],[3.267,51.971],[3.265,51.946],[3.187,51.826],[3.07,51.734],[3.034,51.612],[3.066,51.528],[3.075,51.519],[3.107,51.493],[3.127,51.481],[3.134,51.475],[3.152,51.459],[3.162,51.448],[3.197,51.419],[3.219,51.412],[3.226,51.402],[3.242,51.387],[3.249,51.38],[3.25,51.379],[3.236,51.36],[3.236,51.359],[3.237,51.354],[3.237,51.353],[3.237,51.352],[3.236,51.351],[3.235,51.35],[3.232,51.349]]}},{"type":"Feature","properties":{"name":"Circe North","operator":"Viatel"},"geometry":{"type":"LineString","coordinates":[[4.527,52.378],[4.519,52.38],[4.504,52.381],[4.497,52.38],[4.442,52.383],[4.425,52.384],[4.406,52.382],[4.224,52.36],[4.184,52.353],[4.178,52.355],[4.176,52.354],[4.175,52.355],[4.162,52.358],[4.157,52.36],[4.145,52.363],[4.034,52.393],[3.86,52.388],[3.759,52.386],[3.579,52.402],[3.533,52.406],[3.499,52.409],[3.483,52.413],[3.391,52.434],[3.385,52.435],[3.373,52.438],[3.354,52.442],[3.356,52.442],[3.353,52.442],[3.242,52.467],[3.211,52.471],[3.202,52.472],[3.196,52.473],[3.178,52.473],[3.176,52.473],[3.167,52.473],[3.131,52.468],[2.881,52.471],[2.847,52.474],[2.826,52.474],[2.825,52.474],[2.82,52.473],[2.816,52.473],[2.814,52.474],[2.811,52.473],[2.793,52.471],[2.789,52.472],[2.786,52.471],[2.785,52.472],[2.784,52.471],[2.507,52.473],[2.273,52.481],[2.262,52.48],[2.253,52.479],[2.242,52.478],[2.228,52.47],[2.229,52.471],[2.21,52.459],[2.195,52.434],[2.192,52.43],[2.172,52.421],[2.143,52.418],[2.116,52.418],[2.014,52.413],[1.984,52.409],[1.964,52.409],[1.924,52.412],[1.879,52.422],[1.848,52.423],[1.821,52.429],[1.799,52.429],[1.789,52.431],[1.788,52.431],[1.779,52.434],[1.755,52.445],[1.735,52.452]]}},{"type":"Feature","properties":{"name":"Concerto 1N","operator":"Interoute"},"geometry":{"type":"LineString","coordinates":[[4.534,52.385],[4.429,52.403],[4.256,52.38],[4.246,52.38],[4.22,52.375],[4.172,52.369],[4.069,52.405],[3.895,52.397],[3.86,52.395],[3.759,52.393],[3.701,52.411],[3.499,52.424],[3.448,52.388],[3.44,52.383],[3.191,52.37],[3.184,52.369],[3.177,52.369],[3.17,52.369],[3.018,52.362],[2.828,52.352],[2.82,52.35],[2.776,52.348],[2.774,52.347],[2.772,52.348],[2.766,52.348],[2.587,52.338],[2.485,52.332],[2.351,52.298],[2.344,52.295],[2.34,52.294],[2.331,52.293],[2.253,52.273],[2.251,52.272],[2.25,52.27],[2.249,52.27],[2.245,52.271],[2.23,52.267],[2.113,52.236],[2.105,52.234],[2.017,52.225],[1.949,52.219],[1.942,52.219],[1.926,52.217],[1.921,52.216],[1.693,52.193],[1.67,52.197],[1.67,52.196],[1.642,52.205],[1.622,52.203]]}},{"type":"Feature","properties":{"name":"Atlantic Crossing 1 (AC1)Seg.B2","operator":"Global Crossing"},"geometry":{"type":"LineString","coordinates":[[4.607,52.558],[4.604,52.558],[4.603,52.559],[4.563,52.566],[4.548,52.569],[4.536,52.569],[4.504,52.569],[4.445,52.569],[4.437,52.568],[4.432,52.566],[4.427,52.565],[4.422,52.564],[4.407,52.564],[4.4,52.565],[4.397,52.566],[4.317,52.625],[4.312,52.629],[4.308,52.632],[4.296,52.64],[4.295,52.641],[4.294,52.643],[4.293,52.645],[4.293,52.648],[4.294,52.65],[4.295,52.651],[4.296,52.653],[4.298,52.654],[4.3,52.655],[4.306,52.657],[4.312,52.659],[4.317,52.66],[4.321,52.663],[4.322,52.666],[4.324,52.671],[4.326,52.677],[4.332,52.682],[4.36,52.699],[4.367,52.7],[4.409,52.726],[4.411,52.728],[4.413,52.731],[4.414,52.733],[4.432,52.818],[4.429,52.83],[4.405,52.882],[4.385,52.934],[4.384,52.939],[4.385,52.949],[4.394,52.96],[4.394,52.961],[4.404,52.974],[4.464,53.052],[4.48,53.07],[4.501,53.102],[4.541,53.154],[4.565,53.187],[4.576,53.196],[4.601,53.219],[4.611,53.232],[4.641,53.255],[4.671,53.289],[4.716,53.333],[4.741,53.355],[4.756,53.364],[4.802,53.381],[4.879,53.41],[4.882,53.411],[4.884,53.413],[4.886,53.416],[4.888,53.422],[4.889,53.427],[4.891,53.429],[4.893,53.431],[4.896,53.432],[4.9,53.434],[4.974,53.449],[4.991,53.452],[4.993,53.453],[4.995,53.454],[4.996,53.455],[5.014,53.506],[5.011,53.603],[5.008,53.7],[5.009,53.702],[5.01,53.705],[5.013,53.706],[5.016,53.708],[5.033,53.715],[5.142,53.762],[5.271,53.812],[5.273,53.813],[5.274,53.815],[5.277,53.823],[5.277,53.831],[5.277,53.833],[5.278,53.835],[5.279,53.837],[5.281,53.839],[5.285,53.84],[5.288,53.841],[5.326,53.844],[5.338,53.847],[5.349,53.851],[5.523,53.942],[5.54,53.95],[5.593,53.977],[5.747,54.055],[5.752,54.057],[5.755,54.057],[5.759,54.057],[5.762,54.056],[5.766,54.055],[5.773,54.053],[5.78,54.051],[5.786,54.051],[5.79,54.051],[5.803,54.057],[5.841,54.075],[5.849,54.08],[5.851,54.082],[5.853,54.086],[5.851,54.136],[5.853,54.163],[5.856,54.167],[5.86,54.171],[5.922,54.203],[5.93,54.207],[5.942,54.211],[5.946,54.213],[5.948,54.214],[6.122,54.286],[6.256,54.342],[6.274,54.351],[6.279,54.354],[6.282,54.355],[6.287,54.356],[6.291,54.356],[6.344,54.359],[6.367,54.363],[6.387,54.37],[6.393,54.372],[6.427,54.382],[6.535,54.417],[6.6,54.438],[6.849,54.518],[6.941,54.548],[6.966,54.556],[7.111,54.599],[7.199,54.627],[7.376,54.679],[7.592,54.743],[7.68,54.769],[7.703,54.772],[7.951,54.78],[7.959,54.78],[8.024,54.781],[8.07,54.783],[8.261,54.83],[8.271,54.83],[8.277,54.83]]}},{"type":"Feature","properties":{"name":"Concerto 1S","operator":"Interoute"},"geometry":{"type":"LineString","coordinates":[[1.622,52.188],[1.623,52.188],[1.625,52.186],[1.665,52.174],[1.832,52.191],[1.851,52.179],[1.873,52.166],[1.911,52.159],[1.999,52.142],[2.137,52.044],[2.215,51.989],[2.214,51.981],[2.21,51.956],[2.231,51.928],[2.339,51.781],[2.627,51.665],[2.631,51.661],[2.636,51.661],[2.749,51.616],[2.844,51.578],[2.881,51.577],[2.9,51.568],[2.916,51.56],[2.947,51.547],[2.958,51.542],[2.968,51.537],[3.071,51.48],[3.085,51.463],[3.09,51.425],[3.087,51.409],[3.085,51.399],[3.085,51.387],[3.096,51.373],[3.105,51.366],[3.119,51.356],[3.165,51.33],[3.172,51.328],[3.176,51.329],[3.176,51.328]]}},{"type":"Feature","properties":{"name":"CANTAT 3","operator":"BT"},"geometry":{"type":"LineString","coordinates":[[-7.147,62.29],[-7.146,62.291],[-7.138,62.298],[-7.134,62.351],[-7.117,62.4],[-6.917,62.5],[-6.751,62.767],[-6.667,62.917],[-6.617,63.001],[-6.567,63.117],[-6.517,63.184],[-6.502,63.185],[-6.517,63.189]]}},{"type":"Feature","properties":{"name":"Tampnet","operator":"Tampnet"},"geometry":{"type":"LineString","coordinates":[[-1.395,57.444],[-1.294,57.48],[-1.209,57.509],[-1.206,57.509],[-1.205,57.51],[-1.191,57.514],[-1.171,57.521],[-1.164,57.523],[-1.152,57.527],[-1.146,57.529],[-1.139,57.531],[-1.129,57.535],[-1.114,57.54],[-1.094,57.544],[-0.848,57.569],[-0.694,57.584],[-0.607,57.591],[-0.589,57.594],[-0.565,57.596],[-0.546,57.598],[-0.365,57.615],[-0.307,57.622],[-0.301,57.622],[-0.298,57.623],[-0.289,57.623],[-0.281,57.623],[-0.274,57.624],[-0.247,57.628],[-0.197,57.631],[-0.172,57.634],[-0.103,57.639],[-0.061,57.646],[0.002,57.65],[0.026,57.652],[0.066,57.656],[0.115,57.66],[0.138,57.662],[0.155,57.664],[0.177,57.666],[0.209,57.67],[0.251,57.674],[0.336,57.681],[0.358,57.683],[0.37,57.683],[0.393,57.686],[0.415,57.69],[0.426,57.691],[0.436,57.692],[0.45,57.691],[0.479,57.694],[0.506,57.696],[0.511,57.697],[0.536,57.699],[0.574,57.703],[0.579,57.704],[0.584,57.704],[0.682,57.713],[0.744,57.717],[0.749,57.717],[0.753,57.717],[0.755,57.718],[0.758,57.718],[0.768,57.719],[0.796,57.722],[0.827,57.724],[0.843,57.724],[0.846,57.724],[0.849,57.724],[0.849,57.728],[0.862,57.728],[0.868,57.728],[0.869,57.729],[0.87,57.729],[0.877,57.73],[0.885,57.732],[0.893,57.733],[0.901,57.734],[0.904,57.736],[0.908,57.738],[0.91,57.739],[0.911,57.742],[0.91,57.752],[0.911,57.754],[0.911,57.755],[0.912,57.756],[0.914,57.756],[0.917,57.757],[0.945,57.757],[0.954,57.758],[0.96,57.759],[1.014,57.771],[1.033,57.775],[1.051,57.779],[1.078,57.785],[1.091,57.788],[1.118,57.794],[1.133,57.797],[1.14,57.798],[1.15,57.798],[1.153,57.798],[1.284,57.793],[1.406,57.788],[1.482,57.785],[1.496,57.785],[1.549,57.782],[1.588,57.781],[1.598,57.78],[1.607,57.779],[1.689,57.76],[1.706,57.756],[1.736,57.749],[1.747,57.747],[1.75,57.746],[1.754,57.746],[1.758,57.747],[1.761,57.748],[1.761,57.749],[1.758,57.751],[1.758,57.753],[1.759,57.754],[1.76,57.754],[1.762,57.755],[1.788,57.76],[1.79,57.76],[1.793,57.76],[1.797,57.759],[1.799,57.758],[1.798,57.762],[1.817,57.767],[1.819,57.767],[1.822,57.766],[1.825,57.765],[1.826,57.763],[1.826,57.748],[1.825,57.746],[1.826,57.73],[1.838,57.713],[1.865,57.677],[1.87,57.67],[1.873,57.666],[1.891,57.651],[1.966,57.592],[1.969,57.59],[2.027,57.525],[2.058,57.489],[2.102,57.439],[2.163,57.37],[2.166,57.364],[2.168,57.36],[2.178,57.297],[2.178,57.294],[2.179,57.293],[2.183,57.291],[2.389,57.227],[2.396,57.224],[2.425,57.215],[2.431,57.213],[2.46,57.204],[2.638,57.148],[2.753,57.111],[2.757,57.111],[2.81,57.117],[2.815,57.117],[2.821,57.116],[2.829,57.115],[2.835,57.114]]}},{"type":"Feature","properties":{"name":"CANTAT 3 F4","operator":"BT"},"geometry":{"type":"LineString","coordinates":[[-0.622,54.757],[-0.5,54.798],[-0.358,54.842],[-0.008,54.951],[0.07,54.975],[0.083,54.979],[0.177,55.008],[0.248,55.029],[0.249,55.03],[0.299,55.045],[0.497,55.105],[0.721,55.176],[0.735,55.181],[0.737,55.181],[0.757,55.188],[0.97,55.255],[0.972,55.255],[0.974,55.256],[1.0,55.264],[1.114,55.301],[1.177,55.318],[1.195,55.327],[1.459,55.411],[1.558,55.443],[1.685,55.482],[1.782,55.513],[2.0,55.581],[2.163,55.626],[2.164,55.626],[2.289,55.661],[2.386,55.687],[2.5,55.718],[2.705,55.786],[2.866,55.839],[2.877,55.842],[3.137,55.925],[3.144,55.927],[3.266,55.966],[3.3,55.977],[3.324,55.978],[3.333,55.979],[3.364,55.981],[3.365,55.985],[3.367,55.985],[3.368,55.985],[3.375,55.985],[3.386,55.985],[3.43,55.988],[3.462,55.991],[3.58,55.998],[3.614,56.0],[3.817,56.001],[3.835,56.001],[3.852,56.001],[3.925,56.001],[3.946,56.001],[3.956,56.001],[3.973,56.001],[4.032,56.001],[4.108,56.001],[4.341,56.0],[4.378,56.0],[4.5,56.0],[4.553,56.014],[4.886,56.098],[5.127,56.158],[5.217,56.181],[5.303,56.202],[5.324,56.207],[5.347,56.213],[5.349,56.213],[5.488,56.247],[5.497,56.248],[5.501,56.249]]}},{"type":"Feature","properties":{"name":"Celtic","operator":"BT"},"geometry":{"type":"LineString","coordinates":[[-6.594,52.176],[-6.613,52.174],[-6.629,52.17],[-6.656,52.166],[-6.669,52.152],[-6.691,52.131],[-6.703,52.121],[-6.707,52.103],[-6.708,52.102],[-6.711,52.095],[-6.74,52.038],[-6.742,52.035],[-6.741,52.023],[-6.683,51.946],[-6.554,51.774],[-6.553,51.773],[-6.518,51.725],[-6.506,51.591],[-6.501,51.525],[-6.499,51.311],[-6.501,51.282],[-6.502,51.255],[-6.49,51.21],[-6.488,51.2],[-6.487,51.192],[-6.479,51.17],[-6.478,51.169],[-6.477,51.166],[-6.466,51.13],[-6.457,51.101],[-6.455,51.094],[-6.447,51.069],[-6.439,51.041],[-6.43,51.023],[-6.423,50.998],[-6.422,50.996],[-6.418,50.97],[-6.405,50.926],[-6.392,50.917],[-6.388,50.889],[-6.338,50.775],[-6.314,50.719],[-6.311,50.712],[-6.298,50.682],[-6.275,50.63],[-6.265,50.605],[-6.24,50.531],[-6.229,50.505],[-6.21,50.459],[-6.197,50.43],[-6.183,50.397],[-6.128,50.267],[-6.122,50.253],[-6.116,50.248],[-6.075,50.237],[-6.014,50.213],[-5.981,50.196],[-5.96,50.19],[-5.887,50.163],[-5.877,50.159],[-5.861,50.15],[-5.831,50.14],[-5.805,50.13],[-5.798,50.129],[-5.765,50.114],[-5.713,50.096],[-5.713,50.093],[-5.713,50.091],[-5.714,50.09],[-5.712,50.09],[-5.707,50.088],[-5.706,50.087],[-5.699,50.08],[-5.697,50.079],[-5.697,50.078]]}},{"type":"Feature","properties":{"name":"Atlantic Crossing 1 (AC1) Seg. C","operator":"Global Crossing"},"geometry":{"type":"LineString","coordinates":[[-20.6,46.996],[-20.502,47.008],[-20.171,47.048],[-19.809,47.091],[-19.494,47.128],[-19.355,47.144],[-19.0,47.183],[-18.599,47.184],[-18.541,47.184],[-18.5,47.183],[-18.343,47.222],[-17.947,47.325],[-17.8,47.335],[-17.779,47.338],[-17.45,47.36],[-17.417,47.364],[-16.991,47.441],[-16.965,47.457],[-16.754,47.579],[-16.566,47.69],[-16.527,47.716],[-16.415,47.768],[-16.346,47.8],[-16.102,47.908],[-16.083,47.917],[-15.668,48.108],[-15.364,48.243],[-14.974,48.387],[-14.87,48.424],[-14.294,48.669],[-14.289,48.675],[-14.127,48.743],[-13.833,48.867],[-13.567,48.888],[-13.318,48.907],[-13.185,48.918],[-13.06,48.927],[-12.639,48.957],[-12.566,48.957],[-12.367,48.976],[-12.232,48.985],[-12.149,48.991],[-12.108,48.993],[-11.967,49.01],[-11.928,49.013],[-11.867,49.029],[-11.67,49.053],[-11.592,49.063],[-11.585,49.063],[-11.572,49.066],[-11.463,49.084],[-11.422,49.093],[-11.383,49.097],[-11.35,49.103],[-11.266,49.12],[-11.224,49.124],[-11.114,49.142],[-11.022,49.162],[-10.77,49.206],[-10.756,49.208],[-10.683,49.22],[-10.637,49.229],[-10.383,49.273],[-10.367,49.276],[-10.344,49.279],[-10.183,49.307],[-10.128,49.318],[-9.982,49.343],[-9.969,49.345],[-9.92,49.352],[-9.819,49.368],[-9.656,49.392],[-9.651,49.393],[-9.637,49.398],[-9.632,49.4],[-9.617,49.402],[-9.603,49.402],[-9.597,49.403],[-9.458,49.426],[-9.435,49.432],[-9.374,49.44],[-9.233,49.462],[-9.2,49.469],[-9.15,49.478],[-9.135,49.48],[-9.065,49.489],[-9.0,49.5],[-8.817,49.52],[-8.767,49.525],[-8.558,49.547],[-8.305,49.572],[-8.182,49.585],[-8.08,49.596],[-8.0,49.604],[-7.955,49.608],[-7.847,49.618],[-7.733,49.63],[-7.709,49.631],[-7.532,49.647],[-7.467,49.656],[-7.415,49.661],[-7.151,49.687],[-7.106,49.691],[-7.016,49.699],[-6.992,49.702],[-6.897,49.711],[-6.852,49.715],[-6.844,49.715],[-6.843,49.715],[-6.833,49.718],[-6.83,49.719],[-6.823,49.72],[-6.778,49.724],[-6.758,49.726],[-6.595,49.74],[-6.483,49.75],[-6.423,49.75],[-6.365,49.75],[-6.332,49.75],[-6.327,49.752],[-6.204,49.823],[-6.11,49.878],[-5.983,49.951],[-5.958,49.967],[-5.956,49.968],[-5.954,49.969],[-5.952,49.97],[-5.931,49.977],[-5.927,49.98],[-5.896,49.999],[-5.895,50.001],[-5.885,50.008],[-5.86,50.022],[-5.799,50.057],[-5.778,50.071],[-5.776,50.072],[-5.767,50.076],[-5.734,50.082],[-5.718,50.084],[-5.712,50.086],[-5.71,50.086],[-5.705,50.085],[-5.704,50.085],[-5.7,50.085],[-5.692,50.081]]}},{"type":"Feature","properties":{"name":"Apollo South","operator":"Apollo"},"geometry":{"type":"LineString","coordinates":[[-3.547,48.746],[-3.551,48.745],[-3.582,48.741],[-3.623,48.743],[-3.633,48.746],[-3.667,48.745],[-3.676,48.747],[-3.688,48.75],[-3.689,48.751],[-3.691,48.754],[-3.69,48.756],[-3.691,48.757],[-3.692,48.758],[-3.694,48.759],[-3.713,48.783],[-3.724,48.817],[-3.742,48.841],[-3.743,48.842],[-3.751,48.848],[-3.752,48.848],[-3.765,48.852],[-3.783,48.853],[-3.801,48.853],[-3.834,48.854],[-3.862,48.854],[-3.871,48.854],[-3.88,48.858],[-3.887,48.863],[-3.888,48.864],[-3.908,48.9],[-3.917,48.911],[-3.935,48.942],[-3.936,48.944],[-3.94,48.947],[-3.947,48.952],[-3.954,48.954],[-3.961,48.955],[-3.971,48.957],[-3.973,48.957],[-3.99,48.959],[-4.006,48.959],[-4.017,48.961],[-4.026,48.961],[-4.126,48.955],[-4.245,48.956],[-4.683,48.962],[-4.737,48.966],[-4.745,48.965],[-4.761,48.962],[-4.77,48.961],[-4.798,48.962],[-4.86,48.964],[-4.891,48.968],[-4.91,48.976],[-4.923,48.985],[-4.93,48.995],[-4.933,49.0],[-4.945,49.017],[-4.98,49.05],[-4.993,49.057],[-5.044,49.074],[-5.052,49.078],[-5.062,49.081],[-5.071,49.082],[-5.085,49.082],[-5.173,49.087],[-5.362,49.083],[-5.393,49.083],[-5.471,49.083],[-5.497,49.079],[-5.561,49.079],[-5.601,49.083],[-5.641,49.085],[-5.67,49.083],[-5.682,49.083],[-5.719,49.085],[-5.767,49.082],[-5.853,49.086],[-5.883,49.084],[-5.913,49.083],[-5.927,49.082],[-5.93,49.082],[-5.961,49.084],[-5.999,49.081],[-6.005,49.081],[-6.013,49.08],[-6.035,49.081],[-6.048,49.081],[-6.065,49.08],[-6.181,49.08],[-6.299,49.08],[-6.388,49.085],[-6.407,49.087],[-6.479,49.087],[-6.537,49.087],[-6.649,49.082],[-6.667,49.082],[-6.692,49.079],[-6.889,49.067],[-6.892,49.067],[-6.94,49.068],[-7.032,49.062],[-7.087,49.058],[-7.167,49.053],[-7.211,49.04],[-7.214,49.039],[-7.409,48.917],[-7.447,48.896],[-7.46,48.888],[-7.482,48.873],[-7.522,48.846],[-7.55,48.825],[-7.552,48.824],[-7.587,48.805],[-7.621,48.787],[-7.649,48.769],[-7.742,48.706],[-7.761,48.694],[-7.796,48.676],[-7.799,48.674],[-7.816,48.66],[-7.818,48.659],[-7.877,48.625],[-7.881,48.622]]}},{"type":"Feature","properties":{"name":"Apollo North","operator":"Apollo"},"geometry":{"type":"LineString","coordinates":[[-4.552,50.836],[-4.559,50.836],[-4.56,50.836],[-4.565,50.836],[-4.57,50.836],[-4.658,50.837],[-4.66,50.837],[-4.796,50.862],[-4.813,50.865],[-4.822,50.867],[-4.866,50.876],[-4.897,50.883],[-4.91,50.886],[-4.947,50.892],[-4.958,50.893],[-4.972,50.897],[-4.984,50.899],[-4.989,50.899],[-5.002,50.9],[-5.006,50.9],[-5.016,50.902],[-5.039,50.908],[-5.129,50.924],[-5.183,50.937],[-5.188,50.937],[-5.195,50.939],[-5.206,50.94],[-5.237,50.943],[-5.239,50.943],[-5.242,50.943],[-5.243,50.944],[-5.245,50.945],[-5.253,50.951],[-5.254,50.952],[-5.258,50.954],[-5.264,50.955],[-5.292,50.957],[-5.297,50.957],[-5.352,50.966],[-5.375,50.972],[-5.38,50.974],[-5.405,50.988],[-5.416,50.994],[-5.42,50.995],[-5.423,50.996],[-5.427,50.997],[-5.433,50.998],[-5.437,50.999],[-5.733,50.999],[-5.8,51.002],[-6.032,51.002],[-6.169,51.002],[-6.17,51.002],[-6.287,51.002],[-6.295,51.002],[-6.302,51.002],[-6.335,51.002],[-6.415,50.998],[-6.417,50.998],[-6.422,50.998],[-6.531,50.998],[-6.583,51.001],[-6.614,51.003],[-6.737,51.003],[-6.984,51.003],[-6.99,51.003],[-6.994,51.002],[-7.0,51.001],[-7.072,50.992],[-7.083,50.99],[-7.159,50.984],[-7.167,50.983],[-7.171,50.983],[-7.175,50.982],[-7.25,50.971],[-7.323,50.952],[-7.361,50.939],[-7.394,50.929],[-7.4,50.926],[-7.404,50.925],[-7.411,50.924],[-7.449,50.917],[-7.45,50.917],[-7.519,50.897],[-7.524,50.895],[-7.532,50.893],[-7.583,50.881],[-7.683,50.855],[-7.767,50.827],[-7.911,50.788],[-7.967,50.772],[-7.974,50.771],[-8.06,50.763],[-8.063,50.763],[-8.071,50.763],[-8.077,50.763],[-8.086,50.763],[-8.092,50.762],[-8.118,50.758],[-8.122,50.757],[-8.167,50.74],[-8.379,50.623],[-8.412,50.607],[-8.558,50.535],[-8.574,50.529],[-8.578,50.527],[-8.595,50.523],[-8.599,50.523],[-8.609,50.522],[-8.615,50.522],[-8.621,50.523],[-8.645,50.527],[-8.651,50.529],[-8.659,50.531],[-8.694,50.542],[-8.7,50.544],[-8.707,50.546],[-8.767,50.558],[-8.806,50.56],[-8.833,50.56],[-8.839,50.56],[-8.847,50.559],[-8.956,50.557],[-9.054,50.555],[-9.554,50.546],[-9.821,50.54],[-10.393,50.53],[-10.42,50.531],[-10.421,50.531],[-10.456,50.53],[-11.047,50.52],[-11.119,50.522],[-11.146,50.523],[-11.17,50.52],[-11.184,50.519],[-11.327,50.517],[-11.501,50.535],[-11.505,50.536],[-11.511,50.537],[-11.514,50.537],[-11.575,50.532],[-11.591,50.531],[-11.599,50.53],[-11.686,50.515],[-11.693,50.514],[-11.7,50.514],[-11.739,50.512],[-11.783,50.51],[-11.942,50.509],[-12.013,50.509],[-12.027,50.508],[-12.036,50.508],[-12.084,50.502],[-12.147,50.497],[-12.183,50.493],[-12.267,50.484],[-12.59,50.446],[-12.736,50.43],[-12.79,50.423],[-12.807,50.42],[-12.826,50.416],[-12.878,50.404],[-13.347,50.293],[-13.383,50.286],[-13.425,50.281],[-13.526,50.27],[-13.548,50.268],[-13.566,50.265],[-13.637,50.251],[-13.649,50.248],[-13.66,50.244],[-13.693,50.225],[-13.699,50.22],[-13.705,50.215],[-13.722,50.192],[-13.739,50.168],[-13.747,50.162],[-13.775,50.148],[-13.783,50.145],[-13.791,50.143],[-13.913,50.126],[-13.953,50.121],[-14.001,50.117],[-14.064,50.113],[-14.488,50.088],[-14.53,50.085],[-14.574,50.084],[-14.648,50.083],[-14.657,50.084],[-14.664,50.085],[-14.685,50.092],[-14.692,50.095],[-14.699,50.099],[-14.71,50.109],[-14.732,50.13],[-14.772,50.164],[-14.778,50.168],[-14.783,50.17],[-14.843,50.189],[-14.85,50.19],[-14.981,50.194],[-14.988,50.194],[-15.032,50.194],[-15.059,50.194],[-15.167,50.192],[-15.668,50.18],[-15.736,50.179],[-15.742,50.178],[-15.756,50.168],[-15.769,50.164],[-15.781,50.163],[-15.791,50.164],[-15.799,50.166],[-15.804,50.17],[-15.807,50.176],[-15.803,50.194],[-15.799,50.207],[-15.798,50.213],[-15.799,50.215],[-15.809,50.193],[-15.818,50.179],[-15.824,50.174],[-15.828,50.171],[-15.836,50.169],[-15.846,50.169],[-15.859,50.171],[-15.902,50.18],[-15.981,50.174],[-16.095,50.172],[-16.259,50.168],[-16.408,50.164],[-16.671,50.158],[-16.713,50.158],[-16.766,50.157],[-16.853,50.158],[-17.239,50.164],[-17.805,50.174],[-18.121,50.179],[-18.137,50.179],[-18.19,50.179],[-18.265,50.176],[-18.289,50.174],[-18.405,50.167],[-18.97,50.133],[-19.221,50.118],[-19.286,50.112],[-19.377,50.098],[-19.405,50.092],[-19.467,50.079],[-19.496,50.07],[-19.514,50.063],[-19.517,50.062],[-19.538,50.051],[-19.561,50.038],[-19.582,50.028],[-19.614,50.015],[-19.645,50.006],[-19.671,49.998],[-19.768,49.97],[-19.824,49.954],[-19.858,49.943],[-19.88,49.933],[-19.909,49.918],[-19.916,49.916],[-19.939,49.906],[-20.043,49.879],[-20.069,49.873]]}},{"type":"Feature","properties":{"name":"BT-Mt 1","operator":"BT"},"geometry":{"type":"LineString","coordinates":[[-4.422,54.175],[-4.406,54.172],[-4.403,54.172],[-4.333,54.16],[-4.307,54.157],[-4.295,54.154],[-4.274,54.15],[-4.257,54.148],[-4.228,54.142],[-4.217,54.14],[-4.199,54.14],[-4.169,54.134],[-4.132,54.126],[-4.121,54.124],[-4.11,54.119],[-4.079,54.116],[-3.822,54.072],[-3.737,54.057],[-3.701,54.05],[-3.548,54.123],[-3.439,54.174],[-3.42,54.185],[-3.41,54.192],[-3.35,54.217]]}},{"type":"Feature","properties":{"name":"BT-Manx NI","operator":"BT"},"geometry":{"type":"LineString","coordinates":[[-5.554,54.302],[-5.54,54.302],[-5.536,54.299],[-5.522,54.293],[-5.514,54.292],[-5.507,54.289],[-5.501,54.284],[-5.376,54.279],[-5.364,54.277],[-5.33,54.276],[-5.306,54.278],[-5.291,54.276],[-5.092,54.268],[-4.973,54.254],[-4.967,54.254],[-4.957,54.254],[-4.943,54.25],[-4.93,54.245],[-4.896,54.241],[-4.878,54.243],[-4.863,54.241],[-4.768,54.235],[-4.758,54.235],[-4.75,54.236],[-4.742,54.235],[-4.718,54.235],[-4.699,54.237],[-4.698,54.236],[-4.696,54.236],[-4.693,54.235],[-4.69,54.232],[-4.693,54.225],[-4.693,54.224],[-4.692,54.224]]}},{"type":"Feature","properties":{"name":"DANICE Seg.1","operator":"Iceland Telecoms"},"geometry":{"type":"LineString","coordinates":[[-20.346,63.611],[-20.354,63.602],[-20.377,63.595],[-20.382,63.594],[-20.454,63.575],[-20.579,63.545],[-20.633,63.539],[-20.677,63.537],[-20.766,63.536],[-20.83,63.537],[-20.862,63.534],[-20.888,63.527],[-20.901,63.522],[-20.913,63.513],[-20.917,63.505],[-20.917,63.496],[-20.913,63.487],[-20.902,63.475],[-20.881,63.458],[-20.855,63.445],[-20.814,63.426],[-20.8,63.418],[-20.736,63.358],[-20.692,63.299],[-20.677,63.281],[-20.675,63.276],[-20.672,63.272],[-20.667,63.269],[-20.647,63.261],[-20.595,63.234],[-20.576,63.221],[-20.562,63.215],[-20.509,63.191],[-20.498,63.182],[-20.486,63.167],[-20.481,63.148],[-20.477,63.12],[-20.478,63.099],[-20.47,63.076],[-20.47,63.065],[-20.472,63.046],[-20.467,63.021],[-20.466,63.015],[-20.458,62.976],[-20.446,62.949],[-20.448,62.928],[-20.456,62.891],[-20.466,62.868],[-20.472,62.844],[-20.481,62.797],[-20.502,62.741],[-20.499,62.711],[-20.48,62.679],[-20.444,62.652],[-20.395,62.623],[-20.226,62.473],[-20.163,62.417],[-20.003,62.302],[-19.793,62.15],[-19.362,62.026],[-19.164,61.999],[-19.032,61.981],[-18.808,61.962],[-18.727,61.961],[-18.112,61.955],[-17.595,61.969],[-17.313,61.989],[-16.391,62.05],[-15.631,62.095],[-15.573,62.1],[-15.044,62.145],[-14.713,62.149],[-14.29,62.196],[-14.066,62.221],[-13.847,62.234],[-13.62,62.254],[-13.476,62.265],[-13.332,62.278],[-13.221,62.286],[-13.21,62.287],[-13.208,62.292],[-13.21,62.303],[-13.197,62.294],[-13.189,62.292],[-13.156,62.295],[-13.126,62.295],[-12.965,62.306],[-12.815,62.319],[-12.6,62.336],[-12.542,62.345],[-12.366,62.382],[-12.219,62.415],[-12.138,62.432],[-11.599,62.547],[-11.536,62.562],[-11.42,62.587],[-11.368,62.599],[-11.3,62.612],[-11.259,62.622],[-11.209,62.631],[-11.075,62.659],[-11.015,62.671],[-10.968,62.683],[-10.917,62.694],[-10.854,62.708],[-10.778,62.723],[-10.727,62.734],[-10.706,62.74],[-10.686,62.744],[-10.656,62.751],[-10.623,62.758],[-10.599,62.762],[-10.579,62.766],[-10.541,62.777],[-10.503,62.788],[-10.481,62.795],[-10.409,62.813],[-10.391,62.818],[-10.366,62.826],[-10.342,62.833],[-10.286,62.849],[-10.237,62.864],[-10.217,62.87],[-10.154,62.886],[-10.136,62.891],[-10.078,62.908],[-10.057,62.914],[-9.997,62.934],[-9.946,62.946],[-9.906,62.958],[-9.832,62.982],[-9.802,62.996],[-9.788,63.001],[-9.765,63.01],[-9.728,63.031],[-9.651,63.064],[-9.619,63.08],[-9.572,63.1],[-9.517,63.132],[-9.48,63.156],[-9.45,63.171],[-9.392,63.205],[-9.375,63.218],[-9.355,63.238],[-9.335,63.262],[-9.325,63.272],[-9.311,63.283],[-9.27,63.301],[-9.22,63.316],[-9.152,63.327],[-9.089,63.329],[-9.018,63.331],[-8.975,63.33],[-8.927,63.331],[-8.896,63.331],[-8.869,63.331],[-8.82,63.33],[-8.776,63.328],[-8.743,63.328],[-8.696,63.329],[-8.657,63.326],[-8.593,63.326],[-8.549,63.327],[-8.508,63.324],[-8.468,63.324],[-8.432,63.323],[-8.394,63.325],[-8.356,63.323],[-8.328,63.325],[-8.303,63.326],[-8.277,63.325],[-8.252,63.323],[-8.18,63.321],[-8.141,63.322],[-8.078,63.321],[-7.986,63.323],[-7.788,63.319],[-7.71,63.315],[-7.607,63.314],[-7.542,63.315],[-7.499,63.314],[-7.433,63.312],[-7.385,63.314],[-7.305,63.313],[-7.248,63.313],[-7.154,63.311],[-7.108,63.311],[-7.087,63.309],[-6.984,63.295],[-6.926,63.291],[-6.869,63.293],[-6.802,63.294],[-6.672,63.292],[-6.599,63.294],[-6.395,63.292],[-6.166,63.303],[-5.851,63.311],[-5.759,63.302],[-5.653,63.3],[-5.463,63.304],[-5.31,63.291],[-5.162,63.273],[-5.005,63.274],[-4.831,63.284],[-4.67,63.303],[-4.5,63.338],[-4.237,63.388],[-4.081,63.396],[-3.917,63.381],[-3.64,63.34],[-3.319,63.328],[-3.11,63.313],[-2.631,63.278],[-2.396,63.26],[-1.761,63.21],[-1.686,63.204],[-1.191,63.096],[-0.447,62.932],[-0.321,62.904],[-0.266,62.892],[-0.202,62.878],[-0.153,62.869],[-0.102,62.857],[0.069,62.819],[0.135,62.803],[0.202,62.79],[0.392,62.747],[0.514,62.721],[0.566,62.707],[0.654,62.681],[0.715,62.662],[0.859,62.617],[0.911,62.602],[0.934,62.595],[0.991,62.577],[1.12,62.535],[1.156,62.523],[1.202,62.507],[1.287,62.485],[1.322,62.473],[1.35,62.462],[1.376,62.453],[1.449,62.426],[1.673,62.342],[1.723,62.324],[1.754,62.31],[1.807,62.283],[1.834,62.269],[1.928,62.218],[1.996,62.175],[2.03,62.156],[2.066,62.139],[2.102,62.12],[2.15,62.093],[2.178,62.076],[2.206,62.061],[2.247,62.036],[2.266,62.026],[2.293,62.015],[2.315,62.006],[2.344,61.99],[2.369,61.975],[2.412,61.95],[2.458,61.921],[2.481,61.908],[2.503,61.897],[2.532,61.882],[2.564,61.862],[2.585,61.852],[2.611,61.838],[2.653,61.819],[2.668,61.809],[2.682,61.799],[2.695,61.786],[2.713,61.764],[2.784,61.681],[2.813,61.651],[2.826,61.64],[2.836,61.625],[2.846,61.613],[2.853,61.606],[2.865,61.592],[2.918,61.531],[2.928,61.522],[2.937,61.512],[2.944,61.5],[2.959,61.482],[2.996,61.412],[3.01,61.383],[3.013,61.378],[3.021,61.364],[3.029,61.352],[3.03,61.35],[3.038,61.33],[3.075,61.258],[3.079,61.25],[3.089,61.233],[3.096,61.217],[3.107,61.202],[3.128,61.156],[3.134,61.139],[3.146,61.117],[3.158,61.096],[3.163,61.085],[3.177,61.063],[3.188,61.043],[3.19,61.021],[3.188,61.016],[3.184,61.004],[3.18,60.991],[3.182,60.976],[3.185,60.969],[3.211,60.917],[3.214,60.9],[3.219,60.886],[3.226,60.872],[3.229,60.867],[3.24,60.839],[3.248,60.815],[3.256,60.799],[3.256,60.79],[3.252,60.78],[3.252,60.773],[3.256,60.766],[3.264,60.758],[3.276,60.75],[3.282,60.744],[3.284,60.738],[3.284,60.729],[3.283,60.719],[3.287,60.7],[3.29,60.673],[3.29,60.664],[3.29,60.65],[3.297,60.633],[3.3,60.625],[3.305,60.616],[3.31,60.61],[3.318,60.605],[3.328,60.601],[3.349,60.596],[3.366,60.592],[3.375,60.59],[3.38,60.589],[3.389,60.585],[3.396,60.581],[3.404,60.571],[3.413,60.555],[3.418,60.537],[3.422,60.526],[3.418,60.506],[3.417,60.498],[3.413,60.49],[3.395,60.467],[3.39,60.453],[3.379,60.436],[3.365,60.42],[3.356,60.408],[3.352,60.395],[3.347,60.384],[3.347,60.377],[3.346,60.373],[3.346,60.368],[3.338,60.348],[3.338,60.335],[3.334,60.323],[3.333,60.307],[3.335,60.288],[3.337,60.282],[3.338,60.28],[3.345,60.273],[3.359,60.255],[3.373,60.242],[3.398,60.218],[3.403,60.212],[3.412,60.206],[3.428,60.185],[3.433,60.18],[3.443,60.171],[3.469,60.139],[3.48,60.128],[3.482,60.126],[3.492,60.106],[3.496,60.09],[3.514,60.039],[3.519,60.031],[3.523,60.019],[3.522,60.013],[3.524,60.003],[3.549,59.951],[3.558,59.935],[3.568,59.92],[3.583,59.907],[3.594,59.9],[3.624,59.886],[3.634,59.882],[3.636,59.88],[3.651,59.87],[3.66,59.863],[3.665,59.857],[3.671,59.836],[3.676,59.826],[3.68,59.805],[3.68,59.791],[3.688,59.766],[3.701,59.7],[3.706,59.692],[3.709,59.689],[3.716,59.681],[3.731,59.671],[3.76,59.657],[3.773,59.65],[3.783,59.644],[3.791,59.639],[3.824,59.623],[3.836,59.616],[3.844,59.61],[3.863,59.6],[3.878,59.584],[3.883,59.578],[3.886,59.574],[3.889,59.569],[3.911,59.517],[3.912,59.512],[3.916,59.503],[3.919,59.498],[3.921,59.492],[3.929,59.457],[3.937,59.436],[3.947,59.417],[3.954,59.404],[3.975,59.346],[3.987,59.318],[3.998,59.295],[4.001,59.289],[4.003,59.284],[4.012,59.263],[4.02,59.25],[4.022,59.245],[4.026,59.238],[4.027,59.233],[4.053,59.173],[4.056,59.156],[4.1,59.057],[4.111,59.045],[4.147,59.002],[4.151,58.997],[4.157,58.982],[4.17,58.967],[4.182,58.955],[4.198,58.937],[4.207,58.931],[4.212,58.928],[4.236,58.899],[4.246,58.888],[4.279,58.864],[4.294,58.848],[4.301,58.835],[4.334,58.794],[4.348,58.777],[4.356,58.768],[4.365,58.761],[4.434,58.683],[4.441,58.671],[4.497,58.607],[4.518,58.586],[4.57,58.527],[4.594,58.5],[4.609,58.487],[4.626,58.464],[4.639,58.424],[4.655,58.398],[4.664,58.377],[4.701,58.277],[4.72,58.253],[4.765,58.215],[4.801,58.18],[4.816,58.148],[4.822,58.123],[4.825,58.111],[4.816,58.014],[4.833,57.959],[4.845,57.945],[4.864,57.932],[4.912,57.89],[4.964,57.843],[5.011,57.761],[5.137,57.541],[5.149,57.515],[5.153,57.497],[5.152,57.474],[5.154,57.464],[5.16,57.456],[5.17,57.447],[5.175,57.439],[5.175,57.428],[5.197,57.335],[5.198,57.234],[5.206,57.201],[5.205,57.191],[5.207,57.18],[5.214,57.165],[5.262,57.101],[5.322,57.048],[5.379,57.001],[5.387,56.995],[5.417,56.97],[5.44,56.955],[5.478,56.909],[5.533,56.848],[5.556,56.831],[5.609,56.773],[5.641,56.737],[5.65,56.716],[5.652,56.703],[5.648,56.672],[5.65,56.66],[5.655,56.645],[5.896,56.329],[5.928,56.297],[5.961,56.277],[5.966,56.275],[5.989,56.266],[6.015,56.258],[6.038,56.254],[6.071,56.252],[6.168,56.25],[6.281,56.253],[6.396,56.259],[6.446,56.255],[6.49,56.245],[6.559,56.225],[6.607,56.21]]}},{"type":"Feature","properties":{"name":"Farice","operator":"Farice Ltd."},"geometry":{"type":"LineString","coordinates":[[-6.933,62.235],[-6.941,62.24],[-6.95,62.249],[-6.956,62.258],[-6.956,62.263],[-6.948,62.273],[-6.948,62.282],[-6.943,62.287],[-6.879,62.3],[-6.876,62.301],[-6.873,62.31],[-6.873,62.312],[-6.876,62.314],[-6.879,62.316],[-6.883,62.333],[-6.898,62.364],[-6.9,62.367],[-6.92,62.409],[-6.953,62.476],[-6.953,62.478],[-6.952,62.485],[-6.96,62.501],[-6.975,62.508],[-6.98,62.517],[-6.972,62.527],[-6.987,62.555],[-6.997,62.561],[-7.009,62.583],[-7.017,62.601],[-7.02,62.612],[-7.021,62.619],[-7.032,62.635],[-7.076,62.722],[-7.077,62.731],[-7.09,62.758],[-7.098,62.766],[-7.1,62.768],[-7.201,62.968],[-7.267,63.097],[-7.267,63.098],[-7.242,63.118],[-7.19,63.167],[-7.174,63.183],[-7.155,63.199],[-7.124,63.225],[-7.115,63.233],[-7.106,63.242],[-7.093,63.255],[-7.044,63.294],[-7.028,63.311],[-6.84,63.479],[-6.821,63.495],[-6.805,63.511],[-6.795,63.519],[-6.783,63.528],[-6.754,63.555],[-6.56,63.724],[-6.523,63.756],[-6.496,63.779],[-6.453,63.816]]}},{"type":"Feature","properties":{"name":"Farice","operator":"Farice Ltd."},"geometry":{"type":"LineString","coordinates":[[-3.373,58.594],[-3.378,58.61],[-3.412,58.626],[-3.425,58.632],[-3.433,58.636],[-3.459,58.641],[-3.5,58.641],[-3.546,58.658],[-3.559,58.664],[-3.593,58.685],[-3.601,58.691],[-3.674,58.763],[-3.685,58.77],[-3.71,58.793],[-3.735,58.807],[-3.744,58.825],[-3.774,58.84],[-3.8,58.88],[-3.866,58.944],[-3.866,58.97],[-3.871,58.988],[-3.88,59.033],[-3.884,59.042],[-3.882,59.051],[-3.883,59.055],[-3.89,59.059],[-3.909,59.158],[-3.905,59.171],[-3.905,59.176],[-3.916,59.193],[-3.923,59.232],[-3.92,59.247],[-3.909,59.273],[-3.894,59.29],[-3.891,59.299],[-3.89,59.301],[-3.89,59.308],[-3.786,59.545],[-3.774,59.562],[-3.763,59.588],[-3.756,59.605],[-3.736,59.649],[-3.732,59.658],[-3.725,59.675],[-3.556,59.842],[-3.54,59.857],[-3.45,59.945],[-3.402,59.991],[-3.38,60.039],[-3.358,60.087],[-3.356,60.105],[-3.338,60.144],[-3.323,60.157],[-3.312,60.174],[-3.3,60.2],[-3.294,60.236],[-3.27,60.288],[-3.268,60.333],[-3.264,60.351],[-3.262,60.4],[-3.261,60.402],[-3.257,60.412],[-3.256,60.414],[-3.261,60.418],[-3.265,60.422],[-3.26,60.441],[-3.26,60.449],[-3.263,60.463],[-3.262,60.472],[-3.258,60.486],[-3.251,60.638],[-3.252,60.656],[-3.25,60.665],[-3.249,60.683],[-3.25,60.701],[-3.246,60.719],[-3.247,60.737],[-3.244,60.789],[-3.245,60.798],[-3.244,60.807],[-3.243,60.816],[-3.24,60.843],[-3.241,60.87],[-3.24,60.888],[-3.242,60.897],[-3.239,60.906],[-3.238,60.933],[-3.24,60.951],[-3.236,60.97],[-3.233,61.033],[-3.221,61.052],[-3.214,61.062],[-3.206,61.075],[-3.199,61.084],[-3.172,61.125],[-3.134,61.181],[-3.124,61.199],[-3.111,61.216],[-3.09,61.246],[-3.07,61.276],[-3.048,61.309],[-3.035,61.326],[-3.024,61.343],[-2.994,61.388],[-2.961,61.437],[-2.951,61.455],[-2.938,61.472],[-2.914,61.506],[-2.904,61.523],[-2.891,61.54],[-2.883,61.55],[-2.866,61.576],[-2.84,61.612],[-2.824,61.636],[-2.79,61.685],[-2.777,61.701],[-2.767,61.719],[-2.761,61.726],[-2.681,61.84],[-2.677,61.846],[-2.667,61.864],[-2.637,61.906],[-2.623,61.923],[-2.611,61.94],[-2.597,61.957],[-2.587,61.974],[-2.539,62.041],[-2.497,62.101],[-2.49,62.11],[-2.48,62.128],[-2.465,62.144],[-2.377,62.266],[-2.253,62.437],[-2.115,62.503],[-2.093,62.514],[-2.116,62.582],[-2.12,62.6],[-2.128,62.607],[-2.147,62.625],[-2.165,62.64],[-2.202,62.682],[-2.246,62.723],[-2.324,62.75],[-2.354,62.761],[-2.405,62.775],[-2.421,62.78],[-2.437,62.785],[-2.579,62.833],[-2.609,62.845],[-2.625,62.85],[-2.677,62.863],[-2.725,62.879],[-2.77,62.896],[-2.898,62.938],[-2.932,62.947],[-2.98,62.963],[-3.011,62.974],[-3.076,62.991],[-3.378,63.088],[-3.476,63.121],[-3.479,63.121],[-3.554,63.15],[-3.608,63.167],[-3.894,63.257],[-4.062,63.288],[-4.152,63.308],[-4.319,63.359],[-4.57,63.413],[-6.259,63.773],[-6.373,63.797],[-6.453,63.816],[-6.454,63.817],[-6.597,63.858],[-7.47,64.102],[-7.551,64.13],[-7.813,64.201],[-7.905,64.221],[-8.395,64.352],[-8.485,64.356],[-8.49,64.355],[-8.6,64.382],[-8.624,64.386],[-8.641,64.391],[-8.676,64.401],[-8.732,64.413],[-8.75,64.417],[-8.768,64.422],[-8.807,64.428],[-8.898,64.45],[-8.95,64.465],[-8.966,64.469],[-8.99,64.481],[-9.036,64.487],[-9.071,64.501],[-9.073,64.502],[-9.108,64.506],[-9.128,64.518],[-9.153,64.529],[-9.203,64.54],[-9.221,64.544],[-9.255,64.555],[-9.3,64.573],[-9.301,64.574],[-9.34,64.581],[-9.386,64.595],[-9.486,64.612],[-9.506,64.613],[-9.528,64.619],[-9.547,64.622],[-9.566,64.626],[-9.7,64.65],[-10.037,64.686],[-10.037,64.687],[-10.188,64.728],[-10.223,64.737],[-10.228,64.74],[-10.23,64.742],[-10.231,64.751],[-10.209,64.77],[-10.194,64.776],[-10.156,64.808],[-10.148,64.816],[-10.113,64.844],[-10.088,64.859],[-10.075,64.866],[-10.062,64.873],[-10.052,64.881],[-10.038,64.891],[-10.037,64.893],[-10.035,64.897],[-10.041,64.978],[-10.037,64.986],[-10.039,65.012],[-10.041,65.049],[-10.043,65.058],[-10.043,65.061],[-10.043,65.062],[-10.038,65.067],[-10.039,65.077],[-10.049,65.085],[-10.05,65.112],[-10.059,65.123],[-10.323,65.153],[-10.344,65.154],[-10.695,65.193],[-10.715,65.197],[-11.213,65.251],[-11.294,65.276],[-11.313,65.281],[-11.333,65.285],[-11.341,65.287],[-11.366,65.295],[-11.416,65.31],[-11.422,65.311],[-11.661,65.29],[-12.205,65.335],[-12.555,65.362],[-12.611,65.36],[-12.632,65.357],[-12.668,65.355],[-12.675,65.358],[-12.694,65.362],[-12.704,65.361],[-12.73,65.354],[-12.784,65.349],[-12.811,65.343],[-12.836,65.339],[-12.877,65.34],[-12.888,65.339],[-12.897,65.337],[-12.908,65.337],[-12.932,65.335],[-12.942,65.333],[-12.953,65.332],[-12.973,65.328],[-13.004,65.325],[-13.155,65.327],[-13.203,65.325],[-13.241,65.325],[-13.247,65.325],[-13.288,65.331],[-13.354,65.329],[-13.379,65.329],[-13.389,65.328],[-13.418,65.329],[-13.461,65.326],[-13.579,65.325],[-13.619,65.319],[-13.641,65.318],[-13.701,65.308],[-13.72,65.305],[-13.753,65.299],[-13.782,65.299],[-13.804,65.3],[-13.864,65.301],[-13.93,65.286],[-13.967,65.281],[-13.968,65.28],[-13.972,65.28],[-13.977,65.281],[-13.977,65.283]]}},{"type":"Feature","properties":{"name":"Denmark-Germany 1","operator":"Deutsche Telekom AG"},"geometry":{"type":"LineString","coordinates":[[8.4,55.393],[8.345,55.357],[8.301,55.328],[8.259,55.301],[8.231,55.282],[8.203,55.264],[8.174,55.245],[8.138,55.222],[8.098,55.195],[8.098,55.186],[8.091,55.112],[8.061,55.033],[8.061,55.03],[8.061,55.027],[8.056,55.021],[8.027,54.946],[8.027,54.939],[8.027,54.938],[8.026,54.933],[7.961,54.78],[7.898,54.633],[7.906,54.61],[7.927,54.546],[8.035,54.445],[8.12,54.349],[8.155,54.333],[8.179,54.271],[8.145,54.247],[8.146,54.238],[8.057,54.191],[8.012,54.181],[7.936,54.185],[7.921,54.187],[7.917,54.187],[7.926,54.191],[7.932,54.193],[7.932,54.194],[7.936,54.197],[7.936,54.201],[7.937,54.202],[7.933,54.209],[7.883,54.239],[7.872,54.245],[7.811,54.245],[7.795,54.245],[7.611,54.236],[7.399,54.233],[7.357,54.233],[7.354,54.232],[7.352,54.227],[7.346,54.193],[7.338,54.125],[7.339,54.12],[7.311,53.939],[7.282,53.912],[7.278,53.813],[7.276,53.77]]}},{"type":"Feature","properties":{"name":"DANICE Seg.2","operator":"Iceland Telecoms"},"geometry":{"type":"LineString","coordinates":[[6.607,56.21],[6.612,56.208],[6.614,56.208],[6.682,56.196],[6.767,56.177],[6.835,56.159],[6.946,56.136],[6.967,56.133],[7.114,56.1],[7.277,56.064],[7.395,56.034],[7.464,56.01],[7.479,56.004],[7.479,56.003],[7.501,55.99],[7.539,55.965],[7.548,55.959],[7.683,55.9],[7.698,55.892],[7.708,55.883],[7.71,55.88],[7.711,55.878],[7.714,55.874],[7.715,55.872],[7.723,55.845],[7.724,55.835],[7.727,55.83],[7.732,55.825],[7.739,55.822],[7.749,55.818],[7.763,55.816],[7.843,55.807],[7.951,55.795],[8.104,55.778],[8.123,55.775],[8.182,55.768]]}},{"type":"Feature","properties":{"name":"Hermes South","operator":"Global Telesystems"},"geometry":{"type":"LineString","coordinates":[[2.885,51.218],[2.867,51.234],[2.85,51.25],[2.834,51.251],[2.833,51.252],[2.767,51.334],[2.735,51.335],[2.551,51.35],[2.55,51.351],[2.534,51.384],[2.567,51.417],[2.568,51.434],[2.568,51.435],[2.567,51.452],[2.551,51.467],[2.535,51.484],[2.484,51.484],[2.468,51.484],[2.467,51.484],[2.352,51.468],[2.318,51.468],[2.284,51.467],[2.251,51.467],[2.235,51.467],[2.05,51.45],[1.885,51.484],[1.883,51.485],[1.868,51.485],[1.785,51.517],[1.651,51.485],[1.585,51.452],[1.584,51.451],[1.518,51.4],[1.445,51.379]]}},{"type":"Feature","properties":{"name":"Hermes North","operator":"Global Telesystems"},"geometry":{"type":"LineString","coordinates":[[1.6,52.151],[1.635,52.15],[1.701,52.151],[1.984,52.201],[2.217,52.234],[2.383,52.252],[2.433,52.268],[2.502,52.284],[2.706,52.292],[2.901,52.301],[3.001,52.301],[3.151,52.317],[3.25,52.317],[3.45,52.317],[3.517,52.317],[3.584,52.317],[3.601,52.317],[3.618,52.334],[3.633,52.334],[3.65,52.333],[3.668,52.318],[3.685,52.318],[3.701,52.318],[3.8,52.317],[3.867,52.317],[3.934,52.302],[4.051,52.317],[4.068,52.317],[4.134,52.317],[4.135,52.317],[4.417,52.368],[4.518,52.368]]}},{"type":"Feature","properties":{"name":"ESAT 1","operator":"ESAT"},"geometry":{"type":"LineString","coordinates":[[-6.593,52.176],[-6.616,52.174],[-6.617,52.17],[-6.653,52.154],[-6.673,52.124],[-6.683,52.105],[-6.691,52.097],[-6.692,52.095],[-6.694,52.092],[-6.693,52.09],[-6.694,52.09],[-6.696,52.09],[-6.704,52.077],[-6.697,52.061],[-6.667,52.0],[-6.591,51.906],[-6.533,51.833],[-6.433,51.667],[-6.376,51.396],[-6.362,51.325],[-6.358,51.312],[-6.352,51.296],[-6.353,51.284],[-6.299,51.021],[-6.295,51.002],[-6.288,50.967],[-6.26,50.83],[-6.258,50.8],[-6.213,50.705],[-6.212,50.702],[-6.21,50.698],[-6.209,50.697],[-6.137,50.545],[-6.104,50.474],[-6.1,50.471],[-6.102,50.469],[-6.102,50.468],[-6.052,50.361],[-6.054,50.359],[-6.051,50.356],[-6.048,50.354],[-6.039,50.334],[-6.024,50.304],[-6.024,50.302],[-6.015,50.279],[-6.012,50.276],[-6.014,50.274],[-6.011,50.273],[-6.008,50.268],[-6.008,50.263],[-6.004,50.259],[-5.984,50.216],[-5.974,50.204],[-5.968,50.187],[-5.894,50.142],[-5.818,50.117],[-5.765,50.093],[-5.732,50.093],[-5.711,50.089],[-5.71,50.089],[-5.703,50.089],[-5.693,50.082],[-5.694,50.081],[-5.694,50.08]]}},{"type":"Feature","properties":{"name":"Flag Atlantic North","operator":"Flag Ltd."},"geometry":{"type":"LineString","coordinates":[[-5.693,50.08],[-5.705,50.085],[-5.714,50.089],[-5.73,50.091],[-5.742,50.092],[-5.748,50.092],[-5.781,50.084],[-5.791,50.085],[-5.795,50.097],[-5.808,50.102],[-5.819,50.101],[-5.823,50.102],[-5.836,50.112],[-5.838,50.114],[-5.84,50.115],[-5.845,50.118],[-5.856,50.121],[-5.88,50.131],[-5.911,50.14],[-5.937,50.156],[-5.957,50.165],[-5.967,50.171],[-5.975,50.177],[-5.991,50.186],[-6.033,50.183],[-6.06,50.183],[-6.104,50.181],[-6.126,50.183],[-6.139,50.183],[-6.141,50.184],[-6.143,50.185],[-6.146,50.184],[-6.148,50.184],[-6.212,50.183],[-6.26,50.188],[-6.27,50.19],[-6.3,50.183],[-6.467,50.183],[-6.517,50.182],[-6.55,50.183],[-6.627,50.183],[-6.636,50.181],[-6.647,50.184],[-6.655,50.187],[-6.655,50.186],[-6.678,50.186],[-6.699,50.183],[-6.714,50.183],[-6.8,50.183],[-6.85,50.186],[-6.867,50.184],[-6.888,50.182],[-6.89,50.182],[-6.909,50.187],[-6.91,50.187],[-6.936,50.187],[-6.983,50.183],[-7.0,50.183],[-7.025,50.179],[-7.057,50.176],[-7.091,50.167],[-7.16,50.154],[-7.237,50.14],[-7.249,50.138],[-7.284,50.131],[-7.383,50.113],[-7.408,50.112],[-7.431,50.106],[-7.467,50.099],[-7.475,50.097],[-7.49,50.094],[-7.63,50.068],[-7.664,50.064],[-7.7,50.055],[-7.887,50.021],[-7.897,50.016],[-7.9,50.015],[-7.932,50.017],[-7.934,50.017],[-7.941,50.011],[-7.947,50.01],[-7.954,50.008],[-7.955,50.008],[-8.0,50.0],[-8.267,49.956],[-8.28,49.951],[-8.296,49.948],[-8.333,49.945],[-8.505,49.916],[-8.546,49.909],[-8.557,49.908],[-8.567,49.906],[-8.626,49.896],[-9.387,49.769],[-9.4,49.768],[-9.467,49.757],[-9.476,49.754],[-9.528,49.746],[-9.541,49.745],[-9.583,49.737],[-9.593,49.735],[-9.627,49.729],[-9.66,49.724],[-9.671,49.722],[-9.674,49.722],[-9.677,49.723],[-9.679,49.721],[-9.76,49.707],[-9.767,49.706],[-9.779,49.702],[-9.792,49.703],[-9.8,49.701],[-9.913,49.681],[-10.0,49.667],[-10.753,49.625],[-10.76,49.625],[-10.794,49.623],[-11.033,49.609],[-11.05,49.61],[-11.067,49.608],[-11.107,49.602],[-11.118,49.601],[-11.129,49.6],[-11.152,49.6],[-11.201,49.6],[-11.231,49.599],[-11.25,49.598],[-11.397,49.59],[-11.411,49.59],[-11.417,49.59],[-11.442,49.587],[-11.45,49.586],[-11.476,49.584],[-11.533,49.582],[-11.556,49.581],[-11.559,49.58],[-11.603,49.576],[-11.646,49.575],[-11.717,49.571],[-11.743,49.572],[-11.754,49.58],[-11.756,49.578],[-11.758,49.572],[-11.791,49.57],[-11.813,49.567],[-11.97,49.557],[-12.023,49.554],[-12.05,49.554],[-12.108,49.552],[-12.132,49.55],[-12.167,49.546],[-12.898,49.506],[-12.999,49.5],[-13.002,49.5],[-13.085,49.531],[-13.299,49.626],[-13.607,49.731],[-14.001,49.827],[-14.104,49.83],[-15.329,49.789],[-15.344,49.788],[-15.396,49.786],[-15.607,49.782],[-15.695,49.762],[-15.695,49.761],[-15.697,49.775],[-15.886,49.77],[-16.595,49.747],[-17.005,49.736],[-17.034,49.736],[-17.5,49.758],[-17.587,49.757],[-17.914,49.746],[-18.131,49.736],[-18.157,49.733],[-18.501,49.685],[-18.717,49.676],[-18.833,49.675],[-19.196,49.705],[-19.306,49.704],[-19.404,49.7],[-19.415,49.699],[-19.435,49.696],[-19.845,49.615],[-19.889,49.609],[-20.056,49.603],[-20.474,49.598],[-20.591,49.595],[-20.774,49.584]]}},{"type":"Feature","properties":{"name":"INGRID","operator":"Channel Islands Electricity Grid"},"geometry":{"type":"LineString","coordinates":[[-2.528,49.451],[-2.524,49.45],[-2.519,49.448],[-2.518,49.448],[-2.521,49.434],[-2.519,49.418],[-2.519,49.417],[-2.518,49.411],[-2.518,49.41],[-2.517,49.402],[-2.516,49.397],[-2.516,49.395],[-2.515,49.395],[-2.492,49.382],[-2.429,49.35],[-2.409,49.341],[-2.394,49.332],[-2.369,49.317],[-2.368,49.316],[-2.357,49.313],[-2.327,49.309],[-2.322,49.308],[-2.256,49.298],[-2.231,49.288],[-2.209,49.278],[-2.197,49.267],[-2.2,49.254],[-2.2,49.253],[-2.2,49.25]]}},{"type":"Feature","properties":{"name":"Normandie 2","operator":"Channel Islands Electricity Grid"},"geometry":{"type":"LineString","coordinates":[[-1.684,49.289],[-1.687,49.287],[-1.691,49.286],[-1.693,49.286],[-1.698,49.285],[-1.703,49.283],[-1.709,49.282],[-1.714,49.281],[-1.716,49.281],[-1.72,49.28],[-1.728,49.279],[-1.73,49.278],[-1.764,49.259],[-1.846,49.236],[-1.85,49.235],[-1.921,49.219],[-2.005,49.207],[-2.011,49.208],[-2.018,49.21],[-2.022,49.212],[-2.022,49.213],[-2.024,49.214],[-2.026,49.212]]}},{"type":"Feature","properties":{"name":"Normandie 1","operator":"Channel Islands Electricity Grid"},"geometry":{"type":"LineString","coordinates":[[-1.683,49.289],[-1.687,49.287],[-1.69,49.286],[-1.691,49.286],[-1.693,49.286],[-1.697,49.285],[-1.701,49.284],[-1.703,49.283],[-1.704,49.283],[-1.705,49.283],[-1.706,49.283],[-1.707,49.283],[-1.708,49.283],[-1.71,49.283],[-1.72,49.283],[-1.723,49.283],[-1.726,49.283],[-1.729,49.283],[-1.731,49.283],[-1.733,49.283],[-1.741,49.279],[-1.747,49.276],[-1.75,49.274],[-1.753,49.272],[-1.761,49.267],[-1.762,49.266],[-1.764,49.265],[-1.768,49.263],[-1.772,49.262],[-1.774,49.261],[-1.781,49.259],[-1.784,49.259],[-1.787,49.258],[-1.795,49.256],[-1.799,49.254],[-1.806,49.252],[-1.814,49.25],[-1.816,49.249],[-1.822,49.247],[-1.825,49.246],[-1.832,49.244],[-1.845,49.241],[-1.852,49.239],[-1.852,49.238],[-1.853,49.238],[-1.86,49.237],[-1.87,49.235],[-1.885,49.232],[-1.887,49.232],[-1.89,49.231],[-1.896,49.23],[-1.913,49.226],[-1.919,49.225],[-1.935,49.222],[-1.954,49.218],[-1.963,49.216],[-1.976,49.214],[-1.988,49.211],[-1.992,49.21],[-1.997,49.21],[-2.0,49.209],[-2.002,49.208],[-2.003,49.208],[-2.005,49.208],[-2.008,49.208],[-2.011,49.208],[-2.012,49.208],[-2.013,49.209],[-2.014,49.209],[-2.015,49.209],[-2.017,49.21],[-2.018,49.211],[-2.022,49.213],[-2.024,49.214],[-2.026,49.212]]}},{"type":"Feature","properties":{"name":"Gemini South - Seg 4","operator":"Cable & Wireless"},"geometry":{"type":"LineString","coordinates":[[-9.269,48.404],[-9.275,48.402],[-9.475,48.3],[-9.665,48.147],[-9.658,48.147],[-9.724,48.091],[-9.734,48.084],[-9.773,48.063],[-9.781,48.057],[-9.819,48.031],[-9.836,48.02],[-9.89,47.992],[-9.892,47.991],[-9.914,47.976],[-9.979,47.91],[-10.16,47.808],[-10.275,47.745],[-10.306,47.733],[-10.396,47.706],[-10.551,47.665],[-10.793,47.601],[-10.936,47.564],[-11.024,47.542],[-11.211,47.498],[-11.278,47.481],[-11.555,47.405],[-11.635,47.388],[-11.777,47.376],[-11.961,47.366],[-12.354,47.341],[-12.456,47.341],[-12.519,47.338],[-12.602,47.335],[-12.643,47.307],[-12.722,47.261],[-12.825,47.202],[-12.952,47.127],[-12.995,47.106],[-13.032,47.095],[-13.088,47.087],[-13.194,47.084],[-13.333,47.085],[-13.356,47.085],[-13.828,47.106],[-13.836,47.106],[-13.918,47.104],[-14.002,47.1],[-14.113,47.094],[-14.333,47.083],[-14.627,47.066],[-14.717,47.066],[-14.81,47.077],[-14.878,47.088],[-14.93,47.097],[-15.002,47.106],[-15.092,47.11],[-15.166,47.111],[-15.191,47.11],[-15.238,47.105],[-15.296,47.088],[-15.362,47.064],[-15.415,47.054],[-15.477,47.052],[-15.521,47.046],[-15.578,47.028],[-15.607,47.018],[-15.745,46.959],[-15.823,46.933],[-15.924,46.911],[-15.971,46.901],[-15.99,46.903],[-16.089,46.903],[-16.258,46.917],[-16.301,46.924],[-16.369,46.94],[-16.515,46.958],[-16.862,46.972],[-17.05,46.979],[-17.087,46.981],[-17.163,46.978],[-17.267,46.967],[-17.346,46.956],[-17.444,46.943],[-17.605,46.92],[-17.632,46.915],[-17.799,46.877],[-18.166,46.788],[-18.359,46.725],[-18.517,46.682],[-19.227,46.498],[-19.332,46.468],[-19.438,46.434],[-19.741,46.367],[-19.936,46.3],[-20.236,46.195]]}},{"type":"Feature","properties":{"name":"Hibernia 'A' N.I.Branch","operator":"Hibernia Atlantic"},"geometry":{"type":"LineString","coordinates":[[-6.661,55.199],[-6.684,55.22],[-6.695,55.25],[-6.681,55.267],[-6.646,55.279],[-6.62,55.298],[-6.556,55.367],[-6.554,55.376],[-6.558,55.385]]}},{"type":"Feature","properties":{"name":"Hibernia 'A'","operator":"Hibernia Atlantic"},"geometry":{"type":"LineString","coordinates":[[-3.029,53.64],[-3.054,53.649],[-3.063,53.656],[-3.09,53.693],[-3.095,53.697],[-3.1,53.7],[-3.117,53.706],[-3.12,53.707],[-3.133,53.708],[-3.244,53.709],[-3.254,53.71],[-3.317,53.726],[-3.328,53.729],[-3.331,53.731],[-3.339,53.738],[-3.343,53.74],[-3.35,53.742],[-3.4,53.749],[-3.413,53.753],[-3.417,53.755],[-3.424,53.762],[-3.428,53.764],[-3.434,53.766],[-3.5,53.785],[-3.517,53.788],[-3.542,53.789],[-3.567,53.788],[-3.621,53.792],[-3.75,53.823],[-3.767,53.83],[-3.777,53.832],[-3.807,53.837],[-3.815,53.837],[-3.823,53.836],[-3.844,53.829],[-3.851,53.827],[-3.863,53.827],[-3.883,53.83],[-3.917,53.841],[-3.942,53.845],[-3.956,53.845],[-3.983,53.848],[-4.0,53.85],[-4.012,53.852],[-4.019,53.853],[-4.033,53.853],[-4.067,53.855],[-4.074,53.856],[-4.127,53.873],[-4.141,53.874],[-4.151,53.874],[-4.164,53.872],[-4.171,53.872],[-4.213,53.879],[-4.283,53.888],[-4.317,53.892],[-4.337,53.896],[-4.367,53.899],[-4.405,53.905],[-4.433,53.915],[-4.438,53.915],[-4.445,53.915],[-4.46,53.917],[-4.479,53.917],[-4.49,53.919],[-4.522,53.919],[-4.532,53.92],[-4.54,53.921],[-4.548,53.922],[-4.574,53.92],[-4.58,53.92],[-4.585,53.921],[-4.597,53.925],[-4.604,53.926],[-4.65,53.927],[-4.695,53.924],[-4.742,53.924],[-4.771,53.929],[-4.878,53.927],[-4.921,53.929],[-5.019,53.936],[-5.051,53.937],[-5.063,53.939],[-5.07,53.941],[-5.075,53.945],[-5.078,53.949],[-5.079,53.953],[-5.065,54.033],[-5.049,54.079],[-5.011,54.133],[-4.98,54.167],[-4.95,54.21],[-4.946,54.223],[-4.946,54.228],[-4.953,54.239],[-4.961,54.245],[-4.967,54.254],[-4.968,54.263],[-4.962,54.283],[-4.948,54.35],[-4.941,54.367],[-4.942,54.388],[-4.931,54.417],[-4.931,54.433],[-4.927,54.434],[-4.931,54.435],[-4.931,54.443],[-4.929,54.451],[-4.93,54.457],[-4.936,54.468],[-4.94,54.472],[-4.945,54.476],[-4.954,54.479],[-4.961,54.484],[-4.965,54.488],[-4.967,54.493],[-4.971,54.497],[-5.009,54.527],[-5.033,54.538],[-5.048,54.544],[-5.056,54.546],[-5.073,54.548],[-5.08,54.55],[-5.087,54.554],[-5.096,54.557],[-5.11,54.566],[-5.13,54.573],[-5.145,54.576],[-5.152,54.578],[-5.159,54.582],[-5.163,54.587],[-5.177,54.607],[-5.182,54.611],[-5.191,54.615],[-5.196,54.619],[-5.209,54.632],[-5.222,54.642],[-5.246,54.667],[-5.258,54.683],[-5.274,54.699],[-5.279,54.702],[-5.308,54.711],[-5.316,54.715],[-5.444,54.836],[-5.447,54.843],[-5.451,54.868],[-5.454,54.872],[-5.464,54.883],[-5.468,54.889],[-5.476,54.898],[-5.502,54.917],[-5.507,54.924],[-5.538,54.964],[-5.552,54.98],[-5.564,54.989],[-5.58,55.007],[-5.611,55.028],[-5.618,55.037],[-5.646,55.058],[-5.658,55.063],[-5.663,55.066],[-5.671,55.078],[-5.682,55.087],[-5.686,55.092],[-5.688,55.094],[-5.691,55.096],[-5.694,55.1],[-5.696,55.101],[-5.715,55.108],[-5.729,55.115],[-5.736,55.119],[-5.739,55.124],[-5.741,55.13],[-5.758,55.152],[-5.764,55.157],[-5.774,55.169],[-5.78,55.179],[-5.788,55.186],[-5.793,55.19],[-5.799,55.198],[-5.802,55.202],[-5.803,55.209],[-5.805,55.213],[-5.815,55.223],[-5.824,55.235],[-5.832,55.249],[-5.835,55.253],[-5.84,55.256],[-5.863,55.266],[-5.884,55.277],[-5.902,55.284],[-5.911,55.289],[-5.926,55.304],[-5.933,55.314],[-5.944,55.326],[-5.952,55.338],[-5.953,55.344],[-5.958,55.35],[-5.961,55.354],[-5.963,55.356],[-5.972,55.369],[-5.973,55.375],[-5.987,55.397],[-6.001,55.414],[-6.011,55.423],[-6.019,55.428],[-6.025,55.43],[-6.068,55.438],[-6.154,55.442],[-6.173,55.444],[-6.208,55.446],[-6.276,55.448],[-6.309,55.445],[-6.328,55.441],[-6.335,55.439],[-6.413,55.423],[-6.473,55.404],[-6.5,55.398],[-6.537,55.39],[-6.572,55.382],[-6.58,55.381],[-6.593,55.382],[-6.6,55.382],[-6.617,55.385],[-6.626,55.389],[-6.635,55.391],[-6.643,55.392],[-6.648,55.393],[-6.661,55.4],[-6.671,55.403],[-6.679,55.404],[-6.693,55.403],[-6.719,55.406],[-6.729,55.409],[-6.764,55.425],[-6.841,55.469],[-6.852,55.48],[-6.863,55.487],[-6.878,55.492],[-6.95,55.501],[-6.978,55.505],[-7.017,55.51],[-7.05,55.511],[-7.073,55.513],[-7.117,55.518],[-7.164,55.525],[-7.202,55.532],[-7.25,55.536],[-7.294,55.542],[-7.633,55.564],[-7.7,55.567],[-7.767,55.559],[-7.817,55.554],[-7.851,55.548],[-7.88,55.547],[-7.933,55.54],[-7.983,55.533],[-8.052,55.525],[-8.12,55.517],[-8.152,55.51],[-8.258,55.5],[-8.325,55.491],[-8.335,55.489],[-8.38,55.483],[-8.429,55.476],[-8.446,55.476],[-8.7,55.444],[-8.733,55.441],[-8.8,55.432],[-8.833,55.427],[-9.217,55.377],[-9.267,55.372],[-9.35,55.361],[-9.417,55.349],[-9.467,55.344],[-9.5,55.341],[-9.53,55.334],[-9.583,55.328],[-9.817,55.296],[-9.883,55.289],[-9.921,55.283],[-9.943,55.276],[-10.05,55.26],[-10.11,55.252],[-10.183,55.237],[-10.233,55.229],[-10.333,55.209],[-10.5,55.2],[-10.686,55.182],[-12.19,55.026],[-12.561,54.983],[-13.592,54.861],[-15.204,54.531],[-16.011,54.356],[-17.623,53.985],[-17.952,53.973],[-18.059,53.996],[-18.167,54.019],[-18.379,54.026],[-18.747,53.944],[-19.333,53.756],[-19.5,53.658],[-19.72,53.583],[-19.875,53.578],[-20.052,53.517]]}},{"type":"Feature","properties":{"name":"Hibernia 'C'","operator":"Hibernia Atlantic"},"geometry":{"type":"LineString","coordinates":[[-3.062,53.608],[-3.101,53.634],[-3.114,53.642],[-3.133,53.651],[-3.167,53.667],[-3.19,53.676],[-3.231,53.68],[-3.267,53.682],[-3.3,53.684],[-3.518,53.709],[-3.615,53.716],[-3.617,53.717],[-3.63,53.724],[-3.634,53.733],[-3.637,53.735],[-3.644,53.739],[-3.741,53.744],[-3.85,53.75],[-3.883,53.751],[-3.918,53.751],[-3.934,53.751],[-4.017,53.767],[-4.051,53.767],[-4.068,53.767],[-4.1,53.767],[-4.134,53.768],[-4.151,53.768],[-4.167,53.783],[-4.168,53.783],[-4.217,53.783],[-4.25,53.784],[-4.268,53.784],[-4.318,53.784],[-4.367,53.784],[-4.4,53.784],[-4.401,53.785],[-4.417,53.785],[-4.418,53.8],[-4.45,53.8],[-4.483,53.8],[-4.484,53.8],[-4.5,53.801],[-4.501,53.801],[-4.55,53.801],[-4.551,53.801],[-4.568,53.801],[-4.6,53.801],[-4.601,53.801],[-4.617,53.801],[-4.634,53.817],[-4.651,53.817],[-4.668,53.817],[-4.683,53.817],[-4.7,53.817],[-4.733,53.817],[-4.75,53.817],[-4.751,53.817],[-4.801,53.818],[-4.867,53.834],[-4.884,53.818],[-4.9,53.833],[-4.917,53.834],[-4.918,53.834],[-4.933,53.834],[-4.951,53.833],[-5.133,53.767],[-5.15,53.752],[-5.168,53.75],[-5.267,53.717],[-5.268,53.702],[-5.268,53.701],[-5.284,53.7],[-5.284,53.685],[-5.284,53.684],[-5.285,53.651],[-5.285,53.65],[-5.302,53.584],[-5.317,53.584],[-5.333,53.568],[-5.334,53.568],[-5.35,53.567],[-5.45,53.567],[-5.501,53.567],[-5.651,53.567],[-5.733,53.55],[-5.834,53.518],[-5.852,53.502],[-5.868,53.501],[-5.885,53.501],[-5.9,53.501],[-5.901,53.5],[-5.901,53.485],[-5.901,53.484],[-5.901,53.483],[-5.901,53.468],[-5.901,53.467],[-5.917,53.451],[-5.95,53.435],[-6.0,53.433],[-6.052,53.417],[-6.067,53.417],[-6.1,53.4],[-6.101,53.385],[-6.102,53.385],[-6.117,53.385],[-6.118,53.385]]}},{"type":"Feature","properties":{"name":"Hibernia 'D'","operator":"Hibernia Atlantic"},"geometry":{"type":"LineString","coordinates":[[-6.101,53.385],[-6.105,53.382],[-6.103,53.368],[-6.102,53.365],[-6.098,53.362],[-6.094,53.36],[-6.09,53.359],[-6.08,53.358],[-6.04,53.358],[-6.026,53.357],[-5.966,53.345],[-5.95,53.34],[-5.933,53.334],[-5.919,53.33],[-5.907,53.329],[-5.9,53.327],[-5.875,53.314],[-5.856,53.3],[-5.835,53.279],[-5.828,53.273],[-5.818,53.269],[-5.811,53.263],[-5.795,53.256],[-5.719,53.197],[-5.708,53.182],[-5.704,53.179],[-5.701,53.176],[-5.697,53.167],[-5.693,53.163],[-5.67,53.15],[-5.666,53.146],[-5.662,53.138],[-5.661,53.133],[-5.666,53.12],[-5.666,53.117],[-5.66,53.105],[-5.66,53.101],[-5.662,53.096],[-5.661,53.092],[-5.659,53.089],[-5.654,53.084],[-5.652,53.081],[-5.647,53.065],[-5.647,53.06],[-5.651,53.054],[-5.652,53.049],[-5.65,53.045],[-5.646,53.04],[-5.645,53.037],[-5.645,53.033],[-5.647,53.029],[-5.652,53.024],[-5.656,53.015],[-5.659,52.991],[-5.655,52.979],[-5.656,52.973],[-5.663,52.959],[-5.664,52.947],[-5.666,52.946],[-5.667,52.946],[-5.666,52.941],[-5.665,52.939],[-5.668,52.919],[-5.669,52.901],[-5.67,52.901],[-5.669,52.9],[-5.67,52.898],[-5.672,52.896],[-5.673,52.895],[-5.671,52.895],[-5.67,52.895],[-5.672,52.877],[-5.675,52.869],[-5.674,52.862],[-5.67,52.856],[-5.669,52.85],[-5.673,52.833],[-5.676,52.829],[-5.678,52.828],[-5.679,52.828],[-5.677,52.826],[-5.678,52.823],[-5.679,52.822],[-5.68,52.807],[-5.688,52.781],[-5.693,52.775],[-5.694,52.77],[-5.693,52.763],[-5.699,52.742],[-5.699,52.733],[-5.701,52.728],[-5.712,52.717],[-5.714,52.712],[-5.714,52.709],[-5.712,52.705],[-5.711,52.702],[-5.712,52.698],[-5.72,52.687],[-5.721,52.684],[-5.719,52.669],[-5.725,52.644],[-5.737,52.63],[-5.738,52.624],[-5.737,52.617],[-5.74,52.602],[-5.739,52.596],[-5.74,52.591],[-5.742,52.587],[-5.742,52.583],[-5.747,52.567],[-5.758,52.546],[-5.761,52.539],[-5.766,52.519],[-5.765,52.482],[-5.76,52.472],[-5.76,52.463],[-5.76,52.419],[-5.758,52.413],[-5.758,52.407],[-5.76,52.399],[-5.76,52.394],[-5.753,52.382],[-5.753,52.378],[-5.758,52.363],[-5.754,52.309],[-5.752,52.305],[-5.752,52.301],[-5.754,52.298],[-5.758,52.293],[-5.782,52.272],[-5.799,52.249],[-5.82,52.228],[-5.823,52.224],[-5.829,52.222],[-5.828,52.219],[-5.833,52.213],[-5.835,52.209],[-5.834,52.203],[-5.836,52.199],[-5.845,52.188],[-5.856,52.181],[-5.867,52.167],[-5.87,52.158],[-5.874,52.153],[-5.883,52.147],[-5.913,52.107],[-5.987,52.02],[-5.998,52.007],[-6.041,51.96],[-6.05,51.945],[-6.073,51.917],[-6.092,51.899],[-6.103,51.883],[-6.12,51.856],[-6.132,51.845],[-6.268,51.714],[-6.31,51.669],[-6.333,51.65],[-6.371,51.613],[-6.404,51.574],[-6.422,51.563],[-6.433,51.55],[-6.467,51.517],[-6.487,51.493],[-6.492,51.489],[-6.508,51.48],[-6.512,51.476],[-6.519,51.463],[-6.523,51.459],[-6.528,51.456],[-6.535,51.454],[-6.57,51.448],[-6.617,51.441],[-6.657,51.432],[-6.705,51.425],[-6.712,51.423],[-6.722,51.421],[-6.731,51.421],[-6.738,51.422],[-6.745,51.422],[-6.767,51.419],[-6.775,51.416],[-6.782,51.411],[-6.788,51.409],[-6.795,51.407],[-6.806,51.404],[-6.811,51.404],[-6.821,51.405],[-6.867,51.401],[-6.893,51.396],[-6.907,51.392],[-6.924,51.39],[-6.952,51.384],[-7.027,51.377],[-7.106,51.371],[-7.183,51.367],[-7.448,51.347],[-7.567,51.338],[-7.615,51.335],[-7.691,51.329],[-7.767,51.322],[-7.799,51.318],[-8.013,51.3],[-8.02,51.3],[-8.033,51.301],[-8.048,51.301],[-8.061,51.299],[-8.198,51.285],[-8.297,51.272],[-8.383,51.26],[-8.533,51.242],[-8.577,51.236],[-8.617,51.232],[-8.967,51.188],[-8.988,51.187],[-9.005,51.185],[-9.183,51.149],[-9.209,51.141],[-9.233,51.136],[-9.333,51.116],[-9.349,51.11],[-9.401,51.099],[-9.414,51.099],[-9.433,51.095],[-9.463,51.092],[-9.5,51.082],[-9.525,51.077],[-9.537,51.076],[-9.55,51.074],[-9.581,51.063],[-9.597,51.059],[-9.604,51.059],[-9.612,51.06],[-9.619,51.06],[-9.627,51.058],[-9.642,51.052],[-9.683,51.044],[-9.709,51.036],[-9.728,51.032],[-9.742,51.031],[-9.753,51.029],[-9.761,51.029],[-9.77,51.029],[-9.771,51.027],[-9.8,51.019],[-9.815,51.016],[-9.824,51.012],[-9.835,51.009],[-9.867,51.005],[-9.891,51.0],[-9.967,50.984],[-10.004,50.978],[-10.033,50.97],[-10.15,50.945],[-10.182,50.936],[-10.222,50.928],[-10.25,50.924],[-10.5,50.87],[-10.525,50.867],[-10.568,50.853],[-10.606,50.845],[-10.677,50.833],[-10.745,50.818],[-10.767,50.812],[-10.8,50.805],[-10.815,50.8],[-10.831,50.798],[-10.872,50.8],[-11.117,50.827],[-11.184,50.832],[-11.233,50.831],[-11.313,50.832],[-11.36,50.824],[-11.479,50.806],[-11.567,50.786],[-11.943,50.715],[-12.441,50.618],[-13.558,50.392],[-13.833,50.295],[-14.0,50.205],[-14.023,50.172],[-14.109,50.051],[-14.189,49.939],[-14.205,49.915],[-14.333,49.824],[-14.416,49.764],[-14.533,49.729],[-14.685,49.728],[-15.096,49.724],[-15.378,49.673],[-15.889,49.579],[-15.979,49.562],[-16.572,49.448],[-16.681,49.427],[-17.192,49.34],[-17.533,49.28],[-17.794,49.233],[-18.067,49.184],[-18.364,49.111],[-18.442,49.092],[-18.947,49.049],[-19.07,49.026]]}},{"type":"Feature","properties":{"name":"ESAT 2","operator":"ESAT"},"geometry":{"type":"LineString","coordinates":[[-6.206,53.324],[-6.202,53.324],[-6.164,53.325],[-6.12,53.324],[-6.085,53.323],[-6.078,53.325],[-6.071,53.327],[-6.045,53.342],[-6.041,53.344],[-6.033,53.348],[-5.998,53.366],[-5.967,53.382],[-5.813,53.458],[-5.705,53.498],[-5.695,53.501],[-5.55,53.515],[-5.541,53.518],[-5.536,53.521],[-5.531,53.525],[-5.507,53.568],[-5.503,53.572],[-5.497,53.575],[-5.491,53.577],[-5.358,53.589],[-5.351,53.591],[-5.345,53.594],[-5.341,53.598],[-5.314,53.677],[-5.311,53.681],[-5.306,53.684],[-5.191,53.733],[-4.978,53.809],[-4.94,53.823],[-4.933,53.825],[-4.925,53.825],[-4.919,53.825],[-4.891,53.818],[-4.77,53.809],[-4.732,53.802],[-4.667,53.797],[-4.617,53.795],[-4.6,53.792],[-4.502,53.789],[-4.483,53.788],[-4.469,53.784],[-4.434,53.78],[-4.408,53.779],[-4.354,53.773],[-4.216,53.769],[-4.064,53.753],[-3.954,53.745],[-3.947,53.743],[-3.942,53.74],[-3.937,53.737],[-3.927,53.721],[-3.923,53.717],[-3.917,53.714],[-3.911,53.712],[-3.904,53.711],[-3.771,53.707],[-3.581,53.701],[-3.503,53.695],[-3.405,53.685],[-3.403,53.684],[-3.402,53.683],[-3.398,53.684],[-3.366,53.681],[-3.365,53.681],[-3.364,53.68],[-3.362,53.681],[-3.197,53.664],[-3.165,53.657],[-3.119,53.634],[-3.065,53.606]]}},{"type":"Feature","properties":{"name":"GEMINI NORTH - Seg 2","operator":"Cable & Wireless"},"geometry":{"type":"LineString","coordinates":[[-5.084,51.41],[-5.2,51.405],[-5.217,51.405],[-5.222,51.405],[-5.228,51.403],[-5.232,51.403],[-5.242,51.404],[-5.253,51.404],[-6.181,51.359],[-6.199,51.352],[-6.21,51.351],[-6.23,51.356],[-6.244,51.355],[-6.262,51.349],[-6.286,51.35],[-6.298,51.35],[-6.328,51.348],[-6.331,51.346],[-6.352,51.345],[-6.356,51.347],[-6.725,51.328],[-6.762,51.326],[-6.855,51.321],[-6.955,51.304],[-6.969,51.303],[-7.0,51.296],[-7.425,51.225],[-7.491,51.195],[-7.51,51.187],[-7.546,51.171],[-7.556,51.17],[-7.569,51.164],[-7.579,51.153],[-7.592,51.147],[-7.602,51.145],[-7.856,51.031]]}},{"type":"Feature","properties":{"name":"Gemini North - Seg 1","operator":"Cable & Wireless"},"geometry":{"type":"LineString","coordinates":[[-4.161,51.557],[-4.139,51.555],[-4.112,51.546]]}},{"type":"Feature","properties":{"name":"Gemini North - Seg 4","operator":"Cable & Wireless"},"geometry":{"type":"LineString","coordinates":[[-11.677,50.328],[-12.787,50.254],[-12.816,50.264],[-12.822,50.266],[-12.883,50.283],[-13.025,50.273],[-13.048,50.261],[-13.111,50.233],[-13.124,50.235],[-13.621,50.199],[-14.6,50.133],[-16.826,50.069],[-16.962,50.066],[-17.0,50.064],[-17.333,50.084],[-17.507,50.08],[-18.038,50.065],[-18.358,49.993],[-18.363,49.988],[-18.694,49.864],[-18.747,49.844],[-18.818,49.848],[-19.536,49.873],[-19.664,49.888],[-19.877,49.911],[-20.436,49.972]]}},{"type":"Feature","properties":{"name":"GEMINI NORTH - Seg 3","operator":"Cable & Wireless"},"geometry":{"type":"LineString","coordinates":[[-7.953,50.988],[-8.0,50.967],[-8.14,50.891],[-8.55,50.667],[-8.6,50.592],[-9.084,50.357],[-9.093,50.356],[-9.104,50.351],[-9.112,50.34],[-9.124,50.334],[-9.142,50.333],[-9.151,50.332],[-9.164,50.33],[-9.208,50.333],[-10.259,50.333]]}},{"type":"Feature","properties":{"name":"EIG","operator":""},"geometry":{"type":"LineString","coordinates":[[-4.556,50.793],[-4.559,50.793],[-4.584,50.789],[-4.599,50.788],[-4.613,50.787],[-4.894,50.751],[-4.93,50.746],[-4.942,50.746],[-4.949,50.745],[-4.958,50.744],[-5.003,50.74],[-5.019,50.739],[-5.04,50.737],[-5.043,50.736],[-5.056,50.733],[-5.059,50.733],[-5.139,50.724],[-5.143,50.724],[-5.169,50.723],[-5.207,50.719],[-5.209,50.719],[-5.223,50.715],[-5.228,50.713],[-5.23,50.712],[-5.25,50.708],[-5.315,50.693],[-5.345,50.687],[-5.354,50.685],[-5.388,50.677],[-5.396,50.675],[-5.406,50.674],[-5.42,50.671],[-5.434,50.666],[-5.455,50.662],[-5.535,50.645],[-5.62,50.627],[-5.634,50.623],[-5.64,50.622],[-5.752,50.597],[-5.76,50.596],[-5.898,50.565],[-5.978,50.545],[-5.989,50.541],[-5.999,50.539],[-6.014,50.535],[-6.028,50.532],[-6.046,50.528],[-6.112,50.51],[-6.12,50.508],[-6.152,50.501],[-6.22,50.484],[-6.253,50.475],[-6.292,50.465],[-6.306,50.462],[-6.316,50.459],[-6.324,50.457],[-6.335,50.456],[-6.382,50.447],[-6.405,50.445],[-6.431,50.444],[-6.442,50.442],[-6.463,50.441],[-6.474,50.44],[-6.53,50.434],[-6.564,50.43],[-6.582,50.429],[-6.603,50.427],[-6.621,50.425],[-6.63,50.425],[-6.631,50.425],[-6.649,50.429],[-6.657,50.43],[-6.671,50.432],[-6.683,50.435],[-6.692,50.438],[-6.695,50.439],[-6.699,50.441],[-6.701,50.442],[-6.73,50.454],[-6.736,50.457],[-6.751,50.463],[-6.762,50.467],[-6.789,50.476],[-6.799,50.478],[-6.82,50.485],[-6.823,50.486],[-6.827,50.488],[-6.831,50.489],[-6.84,50.492],[-6.849,50.493],[-6.876,50.495],[-6.91,50.497],[-6.921,50.497],[-6.923,50.497],[-6.929,50.495],[-6.942,50.493],[-6.948,50.491],[-6.958,50.489],[-6.97,50.488],[-7.045,50.474],[-7.05,50.472],[-7.07,50.468],[-7.077,50.467],[-7.107,50.462],[-7.115,50.46],[-7.121,50.459],[-7.147,50.453],[-7.228,50.437],[-7.253,50.429],[-7.275,50.42],[-7.283,50.416],[-7.308,50.402],[-7.339,50.383],[-7.365,50.368],[-7.376,50.364],[-7.424,50.337],[-7.478,50.306],[-7.584,50.246],[-7.608,50.232],[-7.616,50.227],[-7.738,50.158],[-7.739,50.157],[-7.746,50.152],[-7.768,50.139],[-7.771,50.138],[-7.791,50.129],[-7.805,50.121],[-7.877,50.079],[-7.901,50.064],[-7.906,50.059],[-7.93,50.036],[-7.946,50.015],[-7.947,50.014],[-7.948,50.009],[-7.95,50.006],[-7.95,50.005],[-7.954,50.001],[-7.955,50.0],[-7.957,49.997],[-8.01,49.92],[-8.019,49.904],[-8.02,49.903],[-8.027,49.876],[-8.032,49.822],[-8.039,49.734],[-8.057,49.598],[-8.068,49.512],[-8.069,49.494],[-8.07,49.469],[-8.071,49.463],[-8.071,49.446],[-8.072,49.433],[-8.072,49.418],[-8.073,49.412],[-8.073,49.409],[-8.074,49.394],[-8.073,49.389],[-8.073,49.379],[-8.076,49.323],[-8.077,49.32],[-8.078,49.305],[-8.081,49.28],[-8.083,49.237],[-8.082,49.228],[-8.084,49.193],[-8.085,49.172],[-8.1,48.974],[-8.106,48.9],[-8.102,48.88],[-8.102,48.878],[-8.098,48.871],[-8.094,48.864],[-8.094,48.863],[-8.092,48.857],[-8.069,48.589],[-8.067,48.576],[-8.063,48.566],[-8.063,48.565],[-8.064,48.541],[-8.064,48.54],[-8.062,48.532],[-8.062,48.531],[-8.059,48.526],[-8.051,48.511],[-8.02,48.459],[-7.938,48.32],[-7.882,48.231],[-7.857,48.197],[-7.828,48.151],[-7.821,48.145],[-7.819,48.144],[-7.81,48.139],[-7.801,48.136],[-7.793,48.133],[-7.787,48.129],[-7.786,48.129],[-7.784,48.126],[-7.777,48.109],[-7.777,48.108],[-7.777,48.102],[-7.778,48.093],[-7.778,48.091],[-7.777,48.087],[-7.777,48.086],[-7.78,48.075],[-7.782,48.069],[-7.788,48.031],[-7.79,48.022],[-7.792,48.012],[-7.793,47.997],[-7.794,47.993],[-7.795,47.981],[-7.796,47.978],[-7.8,47.951],[-7.801,47.949],[-7.805,47.934],[-7.807,47.922],[-7.808,47.92],[-7.811,47.915],[-7.82,47.907],[-7.845,47.888],[-7.935,47.82],[-7.936,47.819],[-7.95,47.81],[-8.075,47.742],[-8.252,47.636],[-8.253,47.634],[-8.256,47.632],[-8.257,47.629],[-8.261,47.619],[-8.262,47.618],[-8.265,47.612],[-8.267,47.608],[-8.27,47.603],[-8.274,47.599],[-8.278,47.596],[-8.29,47.584],[-8.297,47.576],[-8.302,47.571],[-8.304,47.568],[-8.311,47.56],[-8.315,47.555],[-8.323,47.543],[-8.334,47.526],[-8.337,47.52],[-8.341,47.514],[-8.343,47.509],[-8.345,47.506],[-8.346,47.503],[-8.347,47.502],[-8.349,47.493],[-8.351,47.484],[-8.358,47.44],[-8.378,47.315],[-8.38,47.302],[-8.393,47.223],[-8.395,47.211],[-8.396,47.198],[-8.396,47.187],[-8.396,47.181],[-8.396,47.173],[-8.395,47.164],[-8.389,47.108],[-8.384,47.064],[-8.375,46.97],[-8.373,46.946],[-8.373,46.941],[-8.373,46.936],[-8.374,46.926],[-8.376,46.914],[-8.381,46.902],[-8.389,46.89],[-8.397,46.877],[-8.406,46.866],[-8.415,46.857],[-8.433,46.844],[-8.452,46.834],[-8.474,46.824],[-8.498,46.815],[-8.523,46.808],[-8.553,46.801],[-8.577,46.798],[-8.6,46.795],[-8.637,46.79],[-8.647,46.789],[-8.667,46.787],[-8.745,46.777],[-8.818,46.768],[-8.837,46.765],[-8.864,46.761],[-8.884,46.757],[-8.904,46.752],[-8.924,46.745],[-8.939,46.739],[-8.956,46.731],[-8.978,46.72],[-8.988,46.715],[-9.0,46.707],[-9.013,46.697],[-9.029,46.681],[-9.066,46.639],[-9.157,46.535],[-9.169,46.521],[-9.18,46.506]]}},{"type":"Feature","properties":{"name":"Northern Lights","operator":"BT"},"geometry":{"type":"LineString","coordinates":[[-3.346,58.616],[-3.347,58.616],[-3.375,58.614],[-3.376,58.615],[-3.379,58.616],[-3.429,58.639],[-3.456,58.644],[-3.461,58.645],[-3.486,58.645],[-3.491,58.645],[-3.494,58.646],[-3.499,58.648],[-3.533,58.666],[-3.535,58.669],[-3.535,58.67],[-3.54,58.685],[-3.546,58.701],[-3.547,58.702],[-3.547,58.703],[-3.547,58.704],[-3.545,58.705],[-3.548,58.706],[-3.549,58.706],[-3.549,58.707],[-3.55,58.709],[-3.549,58.71],[-3.551,58.712],[-3.57,58.763],[-3.579,58.779],[-3.58,58.789],[-3.584,58.801],[-3.585,58.803],[-3.597,58.833],[-3.592,58.858],[-3.588,58.883],[-3.589,58.892],[-3.58,58.942],[-3.58,58.946],[-3.58,58.947],[-3.574,58.953],[-3.571,58.956],[-3.571,58.985],[-3.566,59.0],[-3.564,59.002],[-3.559,59.007],[-3.558,59.008],[-3.519,59.018],[-3.483,59.029],[-3.385,59.057],[-3.382,59.058],[-3.357,59.059],[-3.348,59.055],[-3.345,59.054],[-3.341,59.052],[-3.338,59.051],[-3.337,59.05],[-3.336,59.05],[-3.335,59.05],[-3.334,59.051]]}},{"type":"Feature","properties":{"name":"Pangea North UK/Denmark","operator":"ASN"},"geometry":{"type":"LineString","coordinates":[[-0.585,54.745],[-0.29,54.842],[-0.281,54.846],[-0.272,54.849],[-0.247,54.856],[-0.22,54.864],[-0.181,54.875],[-0.14,54.888],[-0.124,54.895],[-0.004,54.934],[0.058,54.959],[0.132,54.972],[0.175,54.99],[0.249,55.018],[0.325,55.042],[0.385,55.057],[0.531,55.103],[0.944,55.232],[1.45,55.386],[1.509,55.404],[1.513,55.404],[1.591,55.402],[1.722,55.444],[2.278,55.619],[2.483,55.685],[3.224,55.919],[3.349,55.957],[3.366,55.964],[3.368,55.963],[3.463,55.953],[3.475,55.947],[3.51,55.943],[3.526,55.946],[3.557,55.942],[3.717,55.938],[3.727,55.935],[3.731,55.935],[3.753,55.934],[3.765,55.937],[3.86,55.935],[3.945,55.96],[3.96,55.964],[3.988,55.972],[4.0,55.977],[4.339,55.935],[4.417,55.925],[4.567,55.951],[4.591,55.95],[4.621,55.955],[4.643,55.962],[4.653,55.966],[4.663,55.966],[4.858,55.908],[4.886,55.897],[4.888,55.893],[4.888,55.862],[4.889,55.861],[4.893,55.86],[4.904,55.86],[5.282,55.806],[5.65,55.752],[5.656,55.753],[5.661,55.752],[5.668,55.747],[5.669,55.746],[5.669,55.744],[5.668,55.742],[5.699,55.689],[5.701,55.684],[5.714,55.661],[5.728,55.637],[5.73,55.635],[5.733,55.635],[5.744,55.636],[5.81,55.639],[5.813,55.638],[5.815,55.638],[5.818,55.635],[6.009,55.515],[6.012,55.511],[6.019,55.507],[6.022,55.506],[6.03,55.506],[6.035,55.508],[6.227,55.508],[6.563,55.375],[6.736,55.375],[7.0,55.308],[7.633,55.317],[7.666,55.328],[7.68,55.333],[7.734,55.351],[7.756,55.357],[7.777,55.365],[7.9,55.366],[8.11,55.367],[8.125,55.369],[8.15,55.369],[8.16,55.371],[8.2,55.388],[8.22,55.397],[8.361,55.418],[8.377,55.42],[8.378,55.42]]}},{"type":"Feature","properties":{"name":"Lanis 3","operator":"Cable & Wireless"},"geometry":{"type":"LineString","coordinates":[[4.657,55.56],[4.693,55.561],[4.705,55.56],[4.707,55.56],[4.746,55.558],[4.766,55.557],[4.87,55.496],[4.962,55.442],[5.052,55.39],[5.061,55.386],[5.071,55.383],[5.077,55.382],[5.081,55.38],[5.084,55.378],[5.084,55.375],[5.088,55.372],[5.098,55.366],[5.103,55.361],[5.105,55.358],[5.109,55.354],[5.114,55.351],[5.121,55.35],[5.159,55.33],[5.182,55.316],[5.217,55.292],[5.218,55.202],[5.219,55.105],[5.252,55.054],[5.262,55.039],[5.278,55.033],[5.284,55.03],[5.288,55.028],[5.333,55.009],[5.344,55.005],[5.365,54.993],[5.373,54.982],[5.392,54.97],[5.448,54.939],[5.491,54.914],[5.494,54.911],[5.513,54.895],[5.526,54.881],[5.529,54.875],[5.531,54.868],[5.551,54.828],[5.565,54.807],[5.58,54.791],[5.581,54.791],[5.607,54.772],[5.656,54.754],[5.675,54.753],[5.684,54.752],[5.695,54.751],[5.7,54.751],[5.709,54.75]]}},{"type":"Feature","properties":{"name":"ODIN 1","operator":"TDC"},"geometry":{"type":"LineString","coordinates":[[5.018,53.567],[5.018,53.684],[5.017,53.685],[5.017,53.7],[5.018,53.7],[5.034,53.701],[5.235,53.783],[5.334,53.834],[5.335,53.834],[5.501,53.917],[5.533,53.934],[5.551,53.935],[5.801,54.068],[5.818,54.068],[5.818,54.083],[5.818,54.085],[5.818,54.101],[5.817,54.152],[5.817,54.167],[5.834,54.167],[5.918,54.217],[5.951,54.234],[6.0,54.251],[6.018,54.267],[6.034,54.267],[6.067,54.284],[6.25,54.368],[6.301,54.401],[6.317,54.401],[6.318,54.417],[6.335,54.418],[6.451,54.468],[6.468,54.484],[6.483,54.485],[6.517,54.501],[6.517,54.517],[6.534,54.517],[6.535,54.518],[6.717,54.601],[6.984,54.735],[6.985,54.735],[7.068,54.784],[7.084,54.785],[7.201,54.851],[7.418,54.967],[7.451,54.967],[7.467,54.968],[7.467,54.984],[7.634,55.067],[7.651,55.068],[7.667,55.083],[7.801,55.15],[7.883,55.184],[7.884,55.184],[7.884,55.185],[7.9,55.2],[7.917,55.201],[7.918,55.202],[7.951,55.218],[7.967,55.234],[8.017,55.251],[8.051,55.268]]}},{"type":"Feature","properties":{"name":"Norsea Coms","operator":"Norsea Coms AS"},"geometry":{"type":"LineString","coordinates":[[2.296,56.46],[2.297,56.49],[2.298,56.495],[2.296,56.504],[2.299,56.511],[2.332,56.674],[2.332,56.685],[2.336,56.693],[2.337,56.697]]}},{"type":"Feature","properties":{"name":"Pangea North","operator":"ASN"},"geometry":{"type":"LineString","coordinates":[[8.45,55.417],[8.45,55.418],[8.451,55.418],[8.452,55.418],[8.468,55.434],[8.484,55.434],[8.485,55.435],[8.5,55.435],[8.501,55.45]]}},{"type":"Feature","properties":{"name":"Lanis 2","operator":"Cable & Wireless"},"geometry":{"type":"LineString","coordinates":[[-4.692,54.224],[-4.691,54.226],[-4.684,54.235],[-4.689,54.237],[-4.69,54.237],[-4.697,54.24],[-4.702,54.243],[-4.711,54.247],[-4.787,54.269],[-4.829,54.28],[-4.845,54.285],[-4.877,54.294],[-4.955,54.316],[-5.105,54.357],[-5.121,54.373],[-5.129,54.377],[-5.137,54.379],[-5.145,54.389],[-5.149,54.397],[-5.154,54.409],[-5.178,54.42],[-5.203,54.43],[-5.205,54.431],[-5.271,54.481],[-5.273,54.483],[-5.308,54.511],[-5.346,54.539],[-5.347,54.541],[-5.349,54.54],[-5.369,54.542],[-5.389,54.544],[-5.389,54.543],[-5.392,54.545],[-5.405,54.545],[-5.413,54.544],[-5.441,54.546],[-5.452,54.545],[-5.466,54.543],[-5.484,54.54]]}},{"type":"Feature","properties":{"name":"Tampnet","operator":"Tampnet"},"geometry":{"type":"LineString","coordinates":[[3.39,56.284],[3.389,56.287],[3.389,56.289],[3.389,56.29],[3.386,56.299],[3.381,56.312],[3.377,56.321],[3.367,56.331],[3.365,56.332],[3.359,56.335],[3.352,56.337],[3.344,56.338],[3.336,56.338],[3.324,56.336],[3.316,56.334],[3.264,56.324],[3.256,56.324],[3.248,56.324],[3.24,56.324],[3.233,56.326],[3.219,56.33],[3.216,56.332],[3.21,56.334],[3.159,56.357],[3.156,56.358],[3.006,56.425],[2.977,56.433],[2.965,56.435],[2.953,56.438],[2.947,56.44],[2.944,56.442],[2.942,56.444],[2.938,56.447],[2.893,56.464],[2.836,56.486],[2.829,56.488],[2.821,56.489],[2.813,56.489],[2.809,56.489],[2.804,56.488],[2.8,56.487],[2.796,56.487],[2.79,56.487],[2.42,56.463],[2.404,56.462],[2.325,56.455],[2.32,56.454],[2.314,56.453],[2.306,56.451],[2.302,56.452],[2.3,56.452],[2.298,56.453],[2.297,56.454],[2.296,56.456],[2.296,56.46]]}},{"type":"Feature","properties":{"name":"Lanis 1","operator":"Cable & Wireless"},"geometry":{"type":"LineString","coordinates":[[-3.054,53.777],[-3.056,53.777],[-3.067,53.774],[-3.097,53.771],[-3.118,53.771],[-3.151,53.769],[-3.16,53.769],[-3.176,53.768],[-3.226,53.766],[-3.286,53.764],[-3.302,53.763],[-3.311,53.763],[-3.328,53.762],[-3.338,53.762],[-3.421,53.759],[-3.441,53.757],[-3.442,53.757],[-3.601,53.75],[-3.79,53.819],[-3.829,53.834],[-3.927,53.869],[-4.151,53.95],[-4.153,53.951],[-4.306,54.004],[-4.371,54.026],[-4.372,54.027],[-4.382,54.03],[-4.385,54.032],[-4.403,54.038],[-4.39,54.04],[-4.433,54.049],[-4.552,54.091],[-4.56,54.093],[-4.561,54.095],[-4.562,54.094],[-4.564,54.094],[-4.577,54.102],[-4.578,54.103]]}},{"type":"Feature","properties":{"name":"Tampnet","operator":"Tampnet"},"geometry":{"type":"LineString","coordinates":[[2.471,58.19],[2.47,58.171],[2.478,57.745],[2.482,57.74],[2.669,57.495],[2.861,57.241],[2.927,57.153],[2.94,57.137],[2.96,57.115],[3.119,56.943],[3.356,56.68],[3.334,56.615],[3.238,56.561],[3.233,56.556],[3.229,56.553],[3.231,56.552],[3.229,56.552],[3.229,56.551],[3.225,56.548],[3.222,56.546],[3.225,56.548],[3.225,56.547],[3.226,56.547],[3.228,56.547],[3.229,56.546],[3.233,56.546],[3.235,56.546],[3.243,56.545],[3.254,56.544],[3.258,56.543],[3.323,56.492],[3.346,56.405],[3.354,56.387],[3.358,56.375],[3.374,56.334],[3.377,56.328],[3.394,56.284],[3.395,56.282],[3.396,56.281],[3.396,56.28],[3.397,56.278],[3.397,56.253],[3.388,56.251],[3.378,56.067],[3.372,55.915],[3.403,55.862],[3.409,55.844],[3.411,55.835],[3.413,55.826],[3.414,55.817],[3.413,55.808],[3.409,55.763],[3.368,55.398],[3.366,55.386],[3.365,55.376],[3.364,55.375],[3.286,54.655],[3.285,54.649],[3.284,54.649],[3.284,54.648],[3.283,54.648],[3.087,54.579],[3.08,54.569],[2.99,54.538],[2.975,54.532],[2.966,54.53],[2.665,54.424],[2.397,54.329],[2.328,54.271],[2.326,54.27],[2.324,54.271],[2.323,54.271],[2.323,54.269],[2.322,54.268],[2.323,54.269],[2.324,54.269],[2.326,54.268],[2.326,54.267],[2.326,54.266],[2.326,54.265],[2.325,54.265],[2.324,54.264],[2.339,54.139],[2.353,54.018],[2.37,53.867],[2.387,53.726],[2.388,53.713],[2.399,53.636],[2.399,53.625],[2.402,53.546],[2.417,53.447],[2.434,53.333],[2.423,53.292],[2.408,53.282],[2.401,53.271],[2.404,53.259],[2.412,53.249],[2.399,53.183],[2.398,53.168],[2.399,53.167],[2.398,53.165],[2.398,53.157],[2.398,53.156],[2.398,53.155],[2.399,53.101],[2.398,53.016],[2.399,52.833],[2.374,52.789],[2.327,52.697],[2.234,52.558],[2.234,52.557],[2.233,52.557],[2.211,52.519],[2.161,52.437],[1.965,52.427],[1.797,52.45],[1.778,52.45],[1.762,52.452],[1.741,52.453],[1.74,52.453],[1.737,52.454]]}},{"type":"Feature","properties":{"name":"PAN EUROPEAN CROSSING (PEC)","operator":"GLOBAL CROSSING"},"geometry":{"type":"LineString","coordinates":[[1.438,51.349],[1.441,51.348],[1.446,51.345],[1.449,51.345],[1.5,51.354],[1.586,51.357],[1.618,51.355],[1.637,51.356],[1.692,51.359],[1.699,51.362],[1.706,51.371],[1.71,51.376],[1.725,51.383],[1.742,51.385],[1.781,51.383],[1.811,51.38],[1.857,51.38],[1.91,51.38],[1.996,51.378],[2.12,51.38],[2.142,51.377],[2.197,51.379],[2.42,51.383],[2.462,51.391],[2.468,51.391],[2.475,51.391],[2.497,51.391],[2.522,51.384],[2.536,51.369],[2.541,51.356],[2.551,51.351],[2.564,51.348],[2.667,51.344],[2.722,51.343],[2.744,51.339],[2.772,51.344],[2.8,51.339],[2.874,51.33],[2.887,51.327],[2.889,51.325],[2.889,51.32],[2.888,51.32],[2.889,51.319],[2.889,51.312],[2.893,51.298],[2.895,51.287],[2.933,51.265],[2.955,51.253],[2.96,51.25]]}},{"type":"Feature","properties":{"name":"RIOJA 3","operator":"KPN TELECOM BV"},"geometry":{"type":"LineString","coordinates":[[4.62,52.616],[4.602,52.619],[4.601,52.62],[4.522,52.642],[4.425,52.648],[4.345,52.637],[4.343,52.636],[4.33,52.632],[4.184,52.625],[3.999,52.616],[3.891,52.578],[3.715,52.516],[3.691,52.516],[3.685,52.516],[3.681,52.515],[3.679,52.514],[3.619,52.448],[3.618,52.445],[3.592,52.418],[3.571,52.395],[3.57,52.394],[3.502,52.316],[3.477,52.288],[3.474,52.287],[3.46,52.269],[3.457,52.265],[3.453,52.26],[3.452,52.259],[3.434,52.239],[3.431,52.235],[3.431,52.234],[3.43,52.234],[3.429,52.233],[3.419,52.22],[3.398,52.198],[3.392,52.193],[3.391,52.19],[3.388,52.189],[3.384,52.182],[3.3,52.087],[3.265,52.052],[3.254,52.034],[3.249,52.028],[3.249,52.021],[3.248,52.019],[3.249,51.983],[3.255,51.978],[3.259,51.974],[3.262,51.971],[3.248,51.95],[3.245,51.948],[3.191,51.863],[3.186,51.856],[3.179,51.844],[3.085,51.794],[3.084,51.794],[3.084,51.795],[3.084,51.796],[3.084,51.795],[3.082,51.795],[3.08,51.794],[3.072,51.794],[3.07,51.794],[3.057,51.794],[2.992,51.738],[2.981,51.728],[2.92,51.67],[2.917,51.67],[2.907,51.66],[2.904,51.658],[2.886,51.645],[2.883,51.643],[2.881,51.642],[2.88,51.642],[2.879,51.639],[2.878,51.638],[2.857,51.623],[2.842,51.608],[2.827,51.602],[2.801,51.579],[2.796,51.577],[2.796,51.576],[2.796,51.574],[2.794,51.574],[2.793,51.573],[2.728,51.499],[2.668,51.48],[2.666,51.481],[2.663,51.479],[2.66,51.476],[2.648,51.474],[2.641,51.471],[2.627,51.467],[2.618,51.466],[2.607,51.46],[2.598,51.459],[2.574,51.452],[2.55,51.442],[2.533,51.423],[2.516,51.407],[2.502,51.387],[2.421,51.293],[2.425,51.279],[2.45,51.271],[2.468,51.271],[2.473,51.272],[2.474,51.272],[2.479,51.27],[2.482,51.268],[2.484,51.266],[2.494,51.256],[2.539,51.238],[2.613,51.2],[2.62,51.188],[2.626,51.176],[2.627,51.17],[2.629,51.169],[2.635,51.164],[2.667,51.157],[2.681,51.138],[2.681,51.137],[2.682,51.136]]}},{"type":"Feature","properties":{"name":"REMBRANDT 1","operator":"KPN TELECOM BV"},"geometry":{"type":"LineString","coordinates":[[4.605,52.556],[4.549,52.552],[4.518,52.55],[4.452,52.545],[4.39,52.554],[4.351,52.567],[4.3,52.601],[4.285,52.602],[4.284,52.618],[4.284,52.633],[4.268,52.634],[4.267,52.634],[4.251,52.634],[4.25,52.634],[4.235,52.634],[4.001,52.618],[3.984,52.617],[3.901,52.585],[3.717,52.518],[3.701,52.518],[3.7,52.518],[3.685,52.518],[3.668,52.518],[3.667,52.517],[3.501,52.468],[3.5,52.468],[3.368,52.434],[3.367,52.434],[3.334,52.418],[3.301,52.418],[3.284,52.418],[3.217,52.418],[3.201,52.418],[3.185,52.418],[3.184,52.418],[3.168,52.418],[3.151,52.418],[3.067,52.418],[3.0,52.418],[2.967,52.433],[2.917,52.433],[2.902,52.434],[2.818,52.434],[2.752,52.434],[2.751,52.434],[2.684,52.434],[2.667,52.434],[2.368,52.45],[2.317,52.45],[2.267,52.435],[2.251,52.435],[2.25,52.435],[2.217,52.434],[2.2,52.434],[2.185,52.433],[2.168,52.418],[2.151,52.418],[2.018,52.418],[1.934,52.418],[1.9,52.418],[1.883,52.418],[1.867,52.418],[1.851,52.418],[1.85,52.418],[1.835,52.418],[1.817,52.433],[1.801,52.434],[1.785,52.434],[1.783,52.434],[1.783,52.435],[1.767,52.435],[1.751,52.435],[1.734,52.45],[1.733,52.45]]}},{"type":"Feature","properties":{"name":"PTAT","operator":"Cable & Wireless"},"geometry":{"type":"LineString","coordinates":[[-23.735,49.501],[-23.7,49.518],[-23.501,49.634],[-23.151,49.917],[-23.184,50.05],[-23.168,50.133],[-23.05,50.233],[-22.9,50.235],[-22.117,50.217],[-21.985,50.202],[-21.301,50.217],[-21.0,50.217],[-20.518,50.15],[-20.0,50.068],[-19.768,50.051],[-19.001,49.983],[-18.218,49.901],[-17.985,49.868],[-17.418,49.901],[-16.635,49.934],[-16.551,49.935],[-16.401,49.968],[-16.018,49.967],[-15.868,49.968],[-15.084,50.001],[-14.301,50.034],[-13.552,50.067],[-13.084,50.085],[-12.751,50.101],[-12.7,50.101],[-12.601,50.117],[-12.567,50.1],[-12.517,50.034],[-12.501,50.017],[-12.451,49.95],[-12.417,49.934],[-12.151,49.951],[-12.084,49.951],[-11.717,50.001],[-11.485,50.001],[-11.451,50.001],[-11.417,50.001],[-11.252,50.001],[-11.234,50.017],[-11.151,50.018],[-11.068,50.017],[-10.967,50.034],[-10.868,50.035],[-10.8,50.068],[-10.734,50.068],[-10.002,50.118],[-9.867,50.134],[-9.85,50.134],[-9.434,50.151],[-9.4,50.167],[-9.318,50.2],[-9.301,50.201],[-8.784,50.451],[-8.767,50.467],[-8.752,50.467],[-8.718,50.484],[-8.601,50.535],[-8.484,50.6],[-8.401,50.635],[-8.385,50.651],[-8.367,50.685],[-8.367,50.717],[-8.351,50.718],[-8.217,50.785],[-8.101,50.834],[-8.1,50.835],[-7.985,50.885],[-7.984,50.885],[-7.918,50.918],[-7.751,51.0],[-7.684,51.033],[-7.684,51.034],[-7.4,51.152],[-7.151,51.201],[-7.135,51.201],[-6.585,51.3],[-6.384,51.3],[-6.367,51.285],[-5.635,51.284],[-5.451,51.284],[-5.433,51.284],[-5.284,51.284],[-4.885,51.284],[-4.601,51.283],[-4.518,51.283],[-4.467,51.283],[-4.418,51.283],[-4.135,51.284],[-4.0,51.284],[-3.885,51.284],[-3.834,51.284],[-3.783,51.284],[-3.668,51.268],[-3.501,51.25],[-3.45,51.25],[-3.385,51.25],[-3.334,51.25],[-3.167,51.267],[-3.034,51.283],[-3.016,51.284],[-3.015,51.286],[-3.013,51.286]]}},{"type":"Feature","properties":{"name":"Jersey-Guernsey 4","operator":"C&W Guernsey"},"geometry":{"type":"LineString","coordinates":[[-2.202,49.247],[-2.202,49.267],[-2.209,49.271],[-2.225,49.278],[-2.248,49.29],[-2.447,49.309],[-2.45,49.31],[-2.467,49.318],[-2.54,49.404],[-2.544,49.409],[-2.558,49.423]]}},{"type":"Feature","properties":{"name":"PTAT IRISH BRANCH","operator":"Cable & Wireless"},"geometry":{"type":"LineString","coordinates":[[-7.918,50.918],[-7.918,50.951],[-7.918,50.967],[-7.935,51.084],[-7.95,51.084],[-7.951,51.085],[-8.351,51.451],[-8.385,51.485],[-8.417,51.502],[-8.55,51.567],[-8.551,51.568],[-8.584,51.601],[-8.568,51.634]]}},{"type":"Feature","properties":{"name":"RIOJA 1","operator":"BT"},"geometry":{"type":"LineString","coordinates":[[-5.652,50.044],[-5.641,50.035],[-5.645,50.024],[-5.654,50.012],[-5.658,49.998],[-5.67,49.985],[-5.671,49.984],[-5.692,49.96],[-5.693,49.958],[-5.71,49.937],[-5.725,49.911],[-5.788,49.833],[-5.808,49.805],[-5.828,49.782],[-5.84,49.76],[-5.842,49.757],[-5.932,49.629],[-5.933,49.628],[-6.018,49.506],[-6.056,49.452],[-6.094,49.396],[-6.117,49.37],[-6.119,49.362],[-6.231,49.202],[-6.229,49.2],[-6.253,49.167],[-6.268,49.149],[-6.28,49.127],[-6.319,49.07],[-6.421,48.92],[-6.421,48.918],[-6.425,48.914],[-6.452,48.874],[-6.473,48.844],[-6.535,48.751],[-6.602,48.653],[-6.618,48.634],[-6.684,48.535],[-6.699,48.507],[-6.734,48.454],[-6.75,48.436],[-6.758,48.418],[-6.827,48.314],[-6.885,48.227],[-6.889,48.22],[-6.939,48.144],[-7.025,48.012],[-7.033,48.0],[-7.034,47.816],[-7.033,47.812],[-7.033,47.804],[-7.03,47.783],[-7.033,47.759],[-7.033,47.667],[-7.051,47.641],[-7.2,47.568],[-7.207,47.567],[-7.212,47.562],[-7.223,47.556],[-7.237,47.551],[-7.243,47.542],[-7.251,47.527],[-7.252,47.526],[-7.26,47.501],[-7.272,47.478],[-7.277,47.471],[-7.273,47.457],[-7.267,47.441],[-7.286,47.391],[-7.313,47.363],[-7.342,47.311],[-7.347,47.3],[-7.42,47.239],[-7.496,47.148],[-7.517,47.123],[-7.513,47.101],[-7.512,47.093],[-7.5,46.987],[-7.165,46.738],[-7.163,46.688],[-7.163,46.659],[-7.132,46.615],[-6.94,46.509],[-6.89,46.481],[-6.671,46.361],[-6.61,46.325],[-6.466,46.235],[-6.333,46.17],[-6.277,46.157],[-6.151,46.133],[-6.016,45.972],[-5.861,45.956],[-5.638,45.933],[-5.424,45.756],[-5.179,45.55],[-4.993,45.393],[-4.84,45.262],[-4.629,45.081],[-4.538,45.002],[-4.428,44.906],[-4.154,44.667],[-4.081,44.572],[-4.041,44.522],[-4.026,44.501],[-3.856,44.39],[-3.829,44.363],[-3.829,44.118],[-3.876,43.984],[-3.904,43.9],[-3.902,43.879],[-3.888,43.761],[-3.905,43.706],[-3.894,43.69],[-3.881,43.666],[-3.875,43.659],[-3.872,43.644],[-3.871,43.642],[-3.865,43.634],[-3.858,43.626],[-3.859,43.608],[-3.859,43.603],[-3.853,43.586],[-3.862,43.563],[-3.877,43.553],[-3.891,43.528],[-3.884,43.514],[-3.866,43.483],[-3.877,43.477]]}},{"type":"Feature","properties":{"name":"SEGMENT10","operator":"FOROYA TELE"},"geometry":{"type":"LineString","coordinates":[[-6.882,61.904],[-6.88,61.904],[-6.876,61.905],[-6.876,61.912],[-6.86,61.927],[-6.856,61.943],[-6.832,61.951],[-6.816,61.959],[-6.818,61.961]]}},{"type":"Feature","properties":{"name":"SHEFA-2 Seg 7-1","operator":"Foroya Tele"},"geometry":{"type":"LineString","coordinates":[[-2.928,60.506],[-2.946,60.515],[-3.078,60.582],[-3.1,60.597],[-3.126,60.611],[-3.172,60.63],[-3.211,60.649],[-3.24,60.661],[-3.242,60.662],[-3.254,60.667],[-3.33,60.705],[-3.42,60.755],[-3.507,60.8],[-3.537,60.813],[-3.574,60.834],[-3.672,60.881],[-3.712,60.898],[-3.734,60.907],[-3.753,60.916],[-3.815,60.948],[-3.831,60.956],[-3.85,60.966],[-3.868,60.973],[-3.969,61.024],[-4.178,61.089],[-4.245,61.112],[-4.317,61.132],[-4.435,61.169],[-4.479,61.185],[-4.571,61.213],[-4.623,61.226],[-4.67,61.241],[-4.715,61.258],[-4.812,61.286],[-4.891,61.307],[-4.964,61.33],[-4.973,61.332],[-4.975,61.336],[-4.975,61.338],[-4.976,61.338],[-4.976,61.337],[-4.984,61.336],[-4.985,61.336],[-4.987,61.336],[-5.002,61.341],[-5.048,61.356],[-5.097,61.37],[-5.145,61.384],[-5.168,61.392],[-5.193,61.398],[-5.256,61.417],[-5.361,61.447],[-5.408,61.462],[-5.913,61.609],[-6.077,61.66],[-6.153,61.701],[-6.197,61.735],[-6.246,61.759],[-6.276,61.783],[-6.284,61.795],[-6.308,61.813],[-6.343,61.835],[-6.388,61.869],[-6.408,61.895],[-6.469,61.94],[-6.499,61.955],[-6.509,61.963],[-6.516,61.966],[-6.549,61.983],[-6.564,61.996],[-6.587,62.003],[-6.605,62.01],[-6.632,62.026],[-6.695,62.033],[-6.708,62.036],[-6.716,62.037],[-6.723,62.041],[-6.764,62.049],[-6.771,62.049],[-6.772,62.047]]}},{"type":"Feature","properties":{"name":"Segment 2","operator":"Foroya Tele"},"geometry":{"type":"LineString","coordinates":[[-6.66,61.831],[-6.656,61.834],[-6.643,61.84],[-6.603,61.839],[-6.568,61.818],[-6.556,61.804],[-6.545,61.753],[-6.541,61.735],[-6.539,61.733],[-6.516,61.625],[-6.518,61.599],[-6.516,61.583],[-6.521,61.579],[-6.542,61.561],[-6.56,61.552],[-6.567,61.545],[-6.575,61.542],[-6.592,61.531],[-6.601,61.521],[-6.618,61.518],[-6.625,61.512],[-6.63,61.499],[-6.649,61.484],[-6.666,61.478],[-6.67,61.468],[-6.678,61.463],[-6.687,61.461],[-6.69,61.46],[-6.702,61.459],[-6.706,61.455],[-6.705,61.452],[-6.712,61.448],[-6.723,61.443]]}},{"type":"Feature","properties":{"name":"Segment 3","operator":"Foroya Tele"},"geometry":{"type":"LineString","coordinates":[[-7.147,62.289],[-7.137,62.298],[-7.132,62.298],[-7.12,62.298],[-7.105,62.297],[-7.102,62.297],[-7.098,62.297],[-7.097,62.298]]}},{"type":"Feature","properties":{"name":"Segment 4","operator":"Foroya Tele"},"geometry":{"type":"LineString","coordinates":[[-6.77,62.043],[-6.762,62.042],[-6.761,62.042],[-6.756,62.041],[-6.741,62.035],[-6.734,62.03],[-6.728,62.028],[-6.707,62.02],[-6.702,62.019],[-6.689,62.014],[-6.681,62.015]]}},{"type":"Feature","properties":{"name":"SHEFA-2 Seg 9","operator":"FOROYA TELE"},"geometry":{"type":"LineString","coordinates":[[-2.542,57.893],[-2.544,57.934],[-2.548,57.961],[-2.554,58.11],[-2.549,58.141],[-2.564,58.203],[-2.563,58.242],[-2.595,58.418],[-2.609,58.451],[-2.623,58.539],[-2.623,58.565],[-2.624,58.572],[-2.622,58.574],[-2.625,58.575],[-2.626,58.579],[-2.627,58.581],[-2.63,58.583],[-2.631,58.589],[-2.629,58.59],[-2.628,58.591],[-2.632,58.612],[-2.632,58.616],[-2.649,58.71],[-2.74,58.764],[-2.778,58.783],[-2.816,58.804],[-2.89,58.81],[-2.912,58.809]]}},{"type":"Feature","properties":{"name":"SHEFA-2 Seg6","operator":"Foroya Tele"},"geometry":{"type":"LineString","coordinates":[[-2.544,60.688],[-2.545,60.687],[-2.529,60.677],[-2.506,60.646],[-2.485,60.622],[-2.487,60.61],[-2.588,60.585],[-2.609,60.581],[-2.74,60.55],[-2.863,60.523],[-2.88,60.516],[-2.896,60.513],[-2.935,60.511],[-2.934,60.51],[-2.928,60.506]]}},{"type":"Feature","properties":{"name":"SHEFA-2 Seg 7-3","operator":"Foroya Tele"},"geometry":{"type":"LineString","coordinates":[[-1.324,60.006],[-1.325,60.006],[-1.328,60.008],[-1.329,60.012],[-1.335,60.014],[-1.363,60.014],[-1.405,60.015],[-1.498,60.024],[-1.683,60.038],[-1.764,60.041],[-1.816,60.05],[-1.895,60.057],[-2.0,60.064],[-2.105,60.072],[-2.163,60.102],[-2.2,60.124],[-2.399,60.229],[-2.426,60.251],[-2.476,60.273],[-2.492,60.282],[-2.531,60.307],[-2.574,60.32],[-2.575,60.321],[-2.607,60.341],[-2.625,60.35],[-2.631,60.355],[-2.661,60.373],[-2.67,60.377],[-2.673,60.381],[-2.688,60.387],[-2.72,60.403],[-2.727,60.407],[-2.77,60.429],[-2.793,60.437],[-2.918,60.501],[-2.928,60.506]]}},{"type":"Feature","properties":{"name":"SHEFA-2 Seg 8","operator":"Foroya Tele"},"geometry":{"type":"LineString","coordinates":[[-2.906,58.837],[-2.903,58.837],[-2.901,58.838],[-2.89,58.837],[-2.84,58.84],[-2.809,58.847],[-2.695,58.852],[-2.665,58.849],[-2.657,58.849],[-2.652,58.849],[-2.652,58.85],[-2.651,58.85],[-2.65,58.849],[-2.647,58.848],[-2.644,58.848],[-2.586,58.848],[-2.517,58.874],[-2.482,58.889],[-2.479,58.894],[-2.466,58.896],[-2.448,58.904],[-2.408,58.919],[-2.359,58.931],[-2.176,58.997],[-2.124,59.017],[-2.082,59.033],[-1.973,59.071],[-1.948,59.083],[-1.782,59.139],[-1.717,59.163],[-1.65,59.185],[-1.608,59.201],[-1.583,59.21],[-1.552,59.218],[-1.508,59.233],[-1.476,59.245],[-1.414,59.269],[-1.368,59.284],[-1.251,59.325],[-1.248,59.354],[-1.232,59.385],[-1.243,59.406],[-1.236,59.42],[-1.226,59.438],[-1.221,59.458],[-1.227,59.473],[-1.216,59.546],[-1.214,59.587],[-1.213,59.594],[-1.204,59.654],[-1.205,59.658],[-1.205,59.677],[-1.189,59.734],[-1.185,59.761],[-1.186,59.788],[-1.176,59.855],[-1.168,59.869],[-1.167,59.875],[-1.17,59.882],[-1.166,59.898],[-1.222,59.958],[-1.223,59.989],[-1.226,59.996]]}},{"type":"Feature","properties":{"name":"SHEFA-2 Seg5","operator":"Foroya Tele"},"geometry":{"type":"LineString","coordinates":[[-3.913,60.35],[-3.851,60.322],[-3.836,60.312],[-3.833,60.312],[-3.829,60.309],[-3.808,60.299],[-3.777,60.294],[-3.679,60.319],[-3.673,60.323],[-3.634,60.332],[-3.613,60.337],[-3.592,60.343],[-3.563,60.348],[-3.466,60.372],[-3.431,60.381],[-3.214,60.435],[-2.928,60.506]]}},{"type":"Feature","properties":{"name":"Scotland-Northern Ireland 2","operator":"BT"},"geometry":{"type":"LineString","coordinates":[[-4.86,55.228],[-4.871,55.229],[-4.887,55.23],[-4.898,55.229],[-4.903,55.228],[-4.905,55.229],[-4.905,55.228],[-4.906,55.228],[-4.918,55.226],[-4.934,55.229],[-4.937,55.229],[-4.954,55.229],[-4.973,55.22],[-5.028,55.219],[-5.164,55.22],[-5.21,55.204],[-5.241,55.193],[-5.251,55.19],[-5.281,55.161],[-5.326,55.089],[-5.327,55.087],[-5.343,55.06],[-5.344,55.059],[-5.386,55.035],[-5.39,55.033],[-5.424,55.006],[-5.454,54.984],[-5.464,54.978],[-5.473,54.975],[-5.499,54.962],[-5.515,54.954],[-5.549,54.934],[-5.554,54.933],[-5.555,54.933],[-5.556,54.933],[-5.555,54.931],[-5.555,54.93],[-5.561,54.927],[-5.569,54.925],[-5.576,54.923],[-5.59,54.921],[-5.602,54.917],[-5.619,54.914],[-5.657,54.902],[-5.695,54.904],[-5.712,54.904],[-5.739,54.901],[-5.741,54.899],[-5.764,54.899],[-5.806,54.887],[-5.815,54.883],[-5.816,54.883],[-5.827,54.877]]}},{"type":"Feature","properties":{"name":"SCOTLAND-N.IRELAND 1","operator":"BT"},"geometry":{"type":"LineString","coordinates":[[-5.535,54.623],[-5.524,54.623],[-5.519,54.623],[-5.509,54.624],[-5.501,54.625],[-5.494,54.626],[-5.48,54.63],[-5.466,54.633],[-5.451,54.636],[-5.446,54.638],[-5.438,54.641],[-5.429,54.642],[-5.423,54.643],[-5.4,54.648],[-5.395,54.649],[-5.372,54.655],[-5.343,54.663],[-5.342,54.663],[-5.337,54.667],[-5.319,54.682],[-5.307,54.693],[-5.302,54.697],[-5.294,54.705],[-5.289,54.711],[-5.284,54.714],[-5.276,54.717],[-5.271,54.724],[-5.258,54.736],[-5.251,54.737],[-5.244,54.736],[-5.248,54.742],[-5.249,54.744],[-5.226,54.764],[-5.218,54.772],[-5.209,54.78],[-5.198,54.79],[-5.193,54.794],[-5.185,54.802],[-5.177,54.809],[-5.15,54.836],[-5.144,54.841],[-5.144,54.842],[-5.129,54.851]]}},{"type":"Feature","properties":{"name":"Sirius South","operator":"NTL"},"geometry":{"type":"LineString","coordinates":[[-3.025,53.744],[-3.026,53.743],[-3.028,53.744],[-3.258,53.739],[-3.335,53.734],[-3.358,53.733],[-3.589,53.73],[-3.591,53.731],[-3.599,53.73],[-3.604,53.728],[-3.632,53.728],[-3.795,53.726],[-3.883,53.725],[-3.93,53.725],[-3.944,53.725],[-3.947,53.725],[-3.953,53.725],[-3.956,53.724],[-3.956,53.725],[-4.016,53.724],[-4.017,53.725],[-4.023,53.726],[-4.023,53.724],[-4.13,53.724],[-4.135,53.724],[-4.142,53.724],[-4.143,53.723],[-4.144,53.722],[-4.147,53.724],[-4.192,53.724],[-4.205,53.721],[-4.208,53.724],[-4.217,53.723],[-4.219,53.723],[-4.296,53.723],[-4.299,53.726],[-4.311,53.727],[-4.313,53.727],[-4.312,53.727],[-4.317,53.724],[-4.319,53.723],[-4.576,53.721],[-4.646,53.72],[-4.694,53.702],[-4.696,53.699],[-4.703,53.699],[-4.723,53.692],[-4.748,53.675],[-4.883,53.633],[-5.0,53.563],[-5.097,53.563],[-5.116,53.567],[-5.123,53.567],[-5.141,53.563],[-5.163,53.562],[-5.166,53.556],[-5.166,53.561],[-5.169,53.562],[-5.178,53.562],[-5.181,53.564],[-5.182,53.564],[-5.185,53.563],[-5.189,53.562],[-5.234,53.562],[-5.236,53.563],[-5.239,53.562],[-5.269,53.562],[-5.27,53.562],[-5.271,53.561],[-5.279,53.561],[-5.279,53.562],[-5.282,53.562],[-5.285,53.562],[-5.288,53.56],[-5.291,53.562],[-5.381,53.562],[-5.379,53.563],[-5.388,53.562],[-5.389,53.562],[-5.512,53.56],[-5.636,53.559],[-5.641,53.556],[-5.645,53.559],[-5.648,53.559],[-5.912,53.49],[-5.969,53.475],[-5.972,53.474],[-6.0,53.467],[-6.058,53.453],[-6.072,53.448],[-6.075,53.447],[-6.091,53.444],[-6.124,53.433]]}},{"type":"Feature","properties":{"name":"Solas","operator":"Cable & Wireless"},"geometry":{"type":"LineString","coordinates":[[-6.593,52.175],[-6.594,52.175],[-6.607,52.172],[-6.632,52.156],[-6.665,52.141],[-6.679,52.12],[-6.691,52.111],[-6.698,52.101],[-6.703,52.086],[-6.708,52.077],[-6.709,52.054],[-6.713,52.028],[-6.555,51.793],[-6.492,51.743],[-6.47,51.738],[-6.465,51.737],[-6.224,51.645],[-6.152,51.62],[-6.058,51.583],[-5.98,51.537],[-5.717,51.457],[-5.631,51.451],[-5.363,51.432],[-5.302,51.422],[-5.208,51.41],[-5.2,51.403],[-5.122,51.399],[-5.056,51.391],[-4.941,51.408],[-4.924,51.408],[-4.922,51.409],[-4.918,51.41],[-4.919,51.41],[-4.92,51.411],[-4.915,51.416],[-4.913,51.416],[-4.868,51.419],[-4.704,51.444],[-4.685,51.449],[-4.662,51.45],[-4.517,51.472],[-4.333,51.487],[-4.195,51.511],[-4.185,51.521],[-4.185,51.524],[-4.181,51.53],[-4.185,51.534],[-4.207,51.544],[-4.21,51.544]]}},{"type":"Feature","properties":{"name":"Swansea/Brean","operator":"Cable & Wireless"},"geometry":{"type":"LineString","coordinates":[[-3.013,51.286],[-3.014,51.286],[-3.016,51.286],[-3.076,51.287],[-3.341,51.259],[-3.427,51.259],[-3.431,51.258],[-3.449,51.259],[-3.461,51.26],[-3.461,51.261],[-3.484,51.259],[-3.501,51.259],[-3.526,51.263],[-3.568,51.269],[-3.588,51.273],[-3.597,51.274],[-3.711,51.292],[-3.799,51.323],[-3.801,51.323],[-3.81,51.327],[-3.814,51.327],[-3.816,51.329],[-3.842,51.341],[-3.848,51.343],[-3.854,51.346],[-3.857,51.348],[-3.985,51.41],[-3.993,51.419],[-3.994,51.45],[-3.997,51.457],[-3.996,51.503],[-4.014,51.52],[-4.02,51.525],[-4.063,51.539],[-4.098,51.55],[-4.129,51.559],[-4.134,51.559],[-4.147,51.557],[-4.161,51.557]]}},{"type":"Feature","properties":{"name":"SEA-ME-WE 3 SEG 10.3","operator":"BT"},"geometry":{"type":"LineString","coordinates":[[2.884,51.218],[2.885,51.219],[2.877,51.225],[2.87,51.228],[2.838,51.247],[2.836,51.248],[2.79,51.278],[2.753,51.326],[2.722,51.338],[2.689,51.34],[2.688,51.339],[2.687,51.339],[2.687,51.34],[2.665,51.34],[2.617,51.34],[2.554,51.344],[2.541,51.348],[2.54,51.348],[2.539,51.349],[2.538,51.348],[2.534,51.348],[2.53,51.35],[2.519,51.352],[2.511,51.35],[2.51,51.351],[2.503,51.35],[2.502,51.349],[2.5,51.35],[2.491,51.349],[2.489,51.348]]}},{"type":"Feature","properties":{"name":"SEA-ME-WE3 SEG 10.1","operator":"BT"},"geometry":{"type":"LineString","coordinates":[[-4.344,47.84],[-4.345,47.84],[-4.374,47.847],[-4.383,47.85],[-4.417,47.857],[-4.467,47.867],[-4.6,47.878],[-4.643,47.884],[-4.713,47.887],[-4.739,47.887],[-4.771,47.886],[-4.927,47.89],[-4.971,47.889],[-5.116,47.906],[-5.239,47.929],[-5.333,47.95],[-5.398,47.98],[-5.412,47.99],[-5.432,48.0],[-5.579,48.075],[-5.814,48.194],[-5.814,48.196],[-5.818,48.196],[-5.861,48.217],[-5.847,48.241],[-5.824,48.298],[-5.812,48.327],[-5.811,48.329],[-5.809,48.331],[-5.809,48.332],[-5.808,48.332],[-5.807,48.332],[-5.808,48.334],[-5.795,48.366],[-5.772,48.419],[-5.761,48.447],[-5.744,48.485],[-5.733,48.509],[-5.73,48.518],[-5.704,48.578],[-5.697,48.59],[-5.691,48.605],[-5.682,48.632],[-5.667,48.667],[-5.659,48.674],[-5.655,48.674],[-5.657,48.675],[-5.653,48.678],[-5.651,48.68],[-5.639,48.692],[-5.636,48.695],[-5.624,48.703],[-5.619,48.707],[-5.618,48.706],[-5.617,48.706],[-5.618,48.707],[-5.614,48.711],[-5.61,48.716],[-5.594,48.732],[-5.59,48.733],[-5.592,48.735],[-5.589,48.738],[-5.585,48.742],[-5.565,48.76],[-5.56,48.764],[-5.557,48.766],[-5.554,48.766],[-5.554,48.767],[-5.556,48.768],[-5.467,48.85],[-5.448,48.907],[-5.429,48.959],[-5.421,48.997],[-5.42,49.0],[-5.418,49.008],[-5.419,49.01],[-5.42,49.01],[-5.416,49.011],[-5.416,49.014],[-5.393,49.083],[-5.38,49.124],[-5.373,49.141],[-5.372,49.142],[-5.374,49.144],[-5.371,49.144],[-5.371,49.145],[-5.37,49.148],[-5.368,49.153],[-5.361,49.172],[-5.361,49.174],[-5.357,49.186],[-5.353,49.186],[-5.355,49.188],[-5.355,49.191],[-5.352,49.198],[-5.339,49.239],[-5.328,49.27],[-5.325,49.281],[-5.324,49.283],[-5.323,49.283],[-5.322,49.283],[-5.323,49.283],[-5.323,49.284],[-5.321,49.291],[-5.313,49.317],[-5.312,49.32],[-5.311,49.324],[-5.308,49.337],[-5.304,49.351],[-5.272,49.425],[-5.244,49.513],[-5.244,49.514],[-5.246,49.515],[-5.245,49.516],[-5.243,49.516],[-5.243,49.517],[-5.241,49.521],[-5.207,49.625],[-5.187,49.688],[-5.173,49.728],[-5.137,49.833],[-5.111,49.91],[-5.109,49.914],[-5.107,49.915],[-5.108,49.916],[-5.109,49.919],[-5.11,49.925],[-5.111,49.926],[-5.112,49.928],[-5.115,49.93],[-5.118,49.933],[-5.117,49.934],[-5.113,49.938],[-5.11,49.941],[-5.113,49.943],[-5.112,49.943],[-5.11,49.944],[-5.112,49.965],[-5.12,49.972],[-5.133,49.981],[-5.15,49.994],[-5.152,49.995],[-5.155,49.998],[-5.163,50.005],[-5.163,50.006]]}},{"type":"Feature","properties":{"name":"STRATOS 3","operator":"Bae/BT"},"geometry":{"type":"LineString","coordinates":[[2.514,53.499],[2.535,53.62],[2.557,53.745],[2.335,53.721],[2.142,53.7]]}},{"type":"Feature","properties":{"name":"SEA-ME-WE3 SEG 10.4","operator":"Deutsche Telekom AG"},"geometry":{"type":"LineString","coordinates":[[7.202,53.753],[7.188,53.769],[7.181,53.782],[7.062,53.81],[7.049,53.816],[7.03,53.842],[7.03,53.845],[7.03,53.846],[6.955,53.945],[6.907,53.942],[6.858,53.938],[6.733,53.929],[6.546,53.916],[6.417,53.907],[6.331,53.939],[6.215,53.936],[6.192,53.934],[6.185,53.931],[6.16,53.927],[6.145,53.926],[6.059,53.915],[6.052,53.913],[6.045,53.912],[5.992,53.904],[5.838,53.881],[5.646,53.853],[5.61,53.848],[5.471,53.837],[5.422,53.833],[5.336,53.826],[5.324,53.825],[5.311,53.824],[5.308,53.822],[5.277,53.823],[5.27,53.823],[5.265,53.823],[5.246,53.819],[4.963,53.796],[4.739,53.777],[4.568,53.761],[4.462,53.753],[4.438,53.751],[4.305,53.74],[4.229,53.758],[4.168,53.756],[4.114,53.748],[4.088,53.744],[4.054,53.738],[3.955,53.738],[3.954,53.739],[3.954,53.74],[3.953,53.738],[3.949,53.738],[3.946,53.738],[3.931,53.738],[3.903,53.738],[3.869,53.738],[3.867,53.738],[3.808,53.738],[3.719,53.714],[3.578,53.677],[3.419,53.653],[3.337,53.617],[3.32,53.601],[3.301,53.593],[3.298,53.591],[3.288,53.587],[3.287,53.583],[3.269,53.564],[3.258,53.554],[3.171,53.355],[3.173,53.332],[3.175,53.302],[3.173,53.293],[3.18,53.275],[3.178,53.266],[3.179,53.25],[3.18,53.242],[3.179,53.242],[3.174,53.238],[3.168,53.233],[3.166,53.217],[3.135,53.13],[3.141,53.11],[3.14,53.101],[3.151,53.083],[3.15,53.065],[3.161,53.048],[3.161,53.047],[3.16,53.03],[3.171,53.001],[3.17,52.994],[3.181,52.977],[3.181,52.968],[3.192,52.928],[3.191,52.919],[3.202,52.902],[3.201,52.884],[3.211,52.867],[3.21,52.849],[3.221,52.832],[3.22,52.823],[3.224,52.811],[3.228,52.795],[3.221,52.769],[3.22,52.734],[3.216,52.7],[3.197,52.553],[3.195,52.552],[3.196,52.552],[3.197,52.552],[3.197,52.551],[3.193,52.518],[3.193,52.515],[3.195,52.514],[3.193,52.514],[3.195,52.484],[3.196,52.473],[3.197,52.455],[3.198,52.452],[3.199,52.451],[3.198,52.449],[3.199,52.449],[3.2,52.449],[3.198,52.448],[3.199,52.431],[3.2,52.418],[3.201,52.415],[3.2,52.414],[3.202,52.413],[3.203,52.413],[3.201,52.412],[3.201,52.408],[3.202,52.398],[3.198,52.371],[3.193,52.32],[3.184,52.242],[3.183,52.242],[3.182,52.241],[3.183,52.24],[3.176,52.179],[3.177,52.179],[3.178,52.178],[3.176,52.177],[3.175,52.169],[3.174,52.165],[3.174,52.164],[3.175,52.164],[3.173,52.164],[3.141,52.094],[3.14,52.091],[3.155,52.078],[3.155,52.076],[3.157,52.075],[3.161,52.072],[3.164,52.07],[3.242,52.001],[3.242,51.998],[3.239,51.981],[3.255,51.97],[3.247,51.961],[3.243,51.955],[3.242,51.955],[3.241,51.954],[3.243,51.953],[3.242,51.953],[3.24,51.953],[3.239,51.952],[3.215,51.924],[3.196,51.902],[3.186,51.891],[3.167,51.869],[3.153,51.854],[3.152,51.853],[3.164,51.845],[3.171,51.84],[3.176,51.837],[3.179,51.834],[3.104,51.779],[3.099,51.775],[3.097,51.774],[3.098,51.773],[3.096,51.774],[3.08,51.762],[3.06,51.759],[3.04,51.757],[3.012,51.733],[3.006,51.728],[3.003,51.726],[2.998,51.721],[2.951,51.682],[2.948,51.679],[2.946,51.678],[2.946,51.677],[2.946,51.676],[2.944,51.676],[2.93,51.664],[2.929,51.664],[2.928,51.662],[2.926,51.662],[2.927,51.661],[2.923,51.658],[2.92,51.656],[2.918,51.656],[2.918,51.655],[2.917,51.654],[2.876,51.619],[2.875,51.619],[2.873,51.618],[2.872,51.618],[2.872,51.617],[2.853,51.601],[2.843,51.594],[2.835,51.589],[2.83,51.584],[2.828,51.582],[2.798,51.55],[2.752,51.501],[2.751,51.499],[2.747,51.499],[2.74,51.499],[2.735,51.499],[2.729,51.5],[2.724,51.501],[2.715,51.5],[2.71,51.499],[2.687,51.491],[2.671,51.485],[2.666,51.485],[2.665,51.485],[2.661,51.485],[2.657,51.486],[2.652,51.486],[2.647,51.484],[2.612,51.47],[2.604,51.468],[2.599,51.467],[2.588,51.467],[2.583,51.466],[2.572,51.461],[2.56,51.457],[2.535,51.443],[2.516,51.425],[2.514,51.422],[2.513,51.407],[2.514,51.405],[2.514,51.404],[2.515,51.403],[2.517,51.398],[2.52,51.395],[2.521,51.394],[2.522,51.391],[2.521,51.39],[2.523,51.389],[2.522,51.389],[2.521,51.388],[2.52,51.387],[2.519,51.386],[2.518,51.384],[2.513,51.377],[2.51,51.374],[2.506,51.371],[2.502,51.367],[2.501,51.365],[2.491,51.349],[2.49,51.349],[2.489,51.348]]}},{"type":"Feature","properties":{"name":"STRATOS 2","operator":"Bae/BT"},"geometry":{"type":"LineString","coordinates":[[2.85,53.929],[2.711,53.842],[2.557,53.745],[2.747,53.695],[2.946,53.642]]}},{"type":"Feature","properties":{"name":"SEA-ME-WE 3 SEG 10.2","operator":"BT"},"geometry":{"type":"LineString","coordinates":[[-5.163,50.006],[-5.146,49.997],[-5.124,49.991],[-5.101,49.984],[-5.098,49.983],[-5.096,49.984],[-5.096,49.983],[-5.094,49.982],[-5.077,49.975],[-4.999,49.947],[-4.994,49.945],[-4.993,49.944],[-4.993,49.943],[-4.99,49.944],[-4.988,49.943],[-4.89,49.909],[-4.814,49.882],[-4.502,49.85],[-4.473,49.849],[-4.267,49.827],[-3.985,49.797],[-3.971,49.797],[-3.959,49.789],[-3.94,49.78],[-3.918,49.769],[-3.885,49.753],[-3.856,49.747],[-3.821,49.74],[-3.7,49.714],[-3.469,49.688],[-3.405,49.68],[-3.371,49.674],[-3.333,49.67],[-3.166,49.724],[-3.002,49.779],[-2.891,49.815],[-2.879,49.819],[-2.877,49.818],[-2.877,49.819],[-2.874,49.82],[-2.801,49.844],[-2.643,49.895],[-2.383,49.942],[-2.178,49.978],[-2.114,49.989],[-2.099,49.991],[-1.917,49.977],[-1.88,49.974],[-1.795,49.967],[-1.793,49.968],[-1.79,49.967],[-1.77,49.966],[-1.766,49.965],[-1.758,49.964],[-1.472,49.94],[-1.367,49.954],[-1.129,49.984],[-0.999,50.001],[-0.816,50.038],[-0.586,50.084],[-0.435,50.115],[-0.317,50.138],[-0.239,50.154],[-0.236,50.156],[-0.229,50.158],[-0.219,50.155],[-0.212,50.156],[-0.209,50.159],[-0.169,50.168],[-0.106,50.18],[0.124,50.225],[0.36,50.273],[0.363,50.276],[0.37,50.277],[0.375,50.276],[0.488,50.298],[0.498,50.3],[0.659,50.329],[0.821,50.358],[0.962,50.383],[0.985,50.387],[1.1,50.414],[1.168,50.461],[1.196,50.484],[1.343,50.588],[1.407,50.661],[1.463,50.723],[1.465,50.732],[1.481,50.78],[1.492,50.813],[1.493,50.818],[1.493,50.819],[1.494,50.819],[1.518,50.893],[1.649,50.986],[1.658,50.993],[1.669,51.0],[1.678,51.007],[1.75,51.058],[1.754,51.062],[1.768,51.069],[1.769,51.069],[1.77,51.069],[1.769,51.07],[1.769,51.071],[1.77,51.072],[1.784,51.082],[1.816,51.093],[1.819,51.094],[1.828,51.097],[1.871,51.111],[1.877,51.115],[1.891,51.124],[1.892,51.124],[1.906,51.127],[1.907,51.128],[1.908,51.128],[1.909,51.128],[1.91,51.128],[1.911,51.128],[1.949,51.135],[1.952,51.135],[2.102,51.186],[2.106,51.187],[2.109,51.189],[2.115,51.19],[2.149,51.201],[2.167,51.21],[2.17,51.211],[2.187,51.215],[2.245,51.233],[2.261,51.237],[2.279,51.24],[2.281,51.241],[2.292,51.243],[2.292,51.244],[2.293,51.245],[2.294,51.245],[2.296,51.244],[2.297,51.245],[2.304,51.248],[2.305,51.248],[2.308,51.249],[2.312,51.251],[2.353,51.262],[2.379,51.268],[2.388,51.276],[2.392,51.28],[2.399,51.287],[2.403,51.29],[2.409,51.298],[2.411,51.3],[2.413,51.301],[2.412,51.302],[2.422,51.315],[2.443,51.318],[2.464,51.321],[2.466,51.323],[2.477,51.334],[2.48,51.337],[2.481,51.337],[2.482,51.337],[2.481,51.338],[2.485,51.344],[2.484,51.345],[2.486,51.345],[2.487,51.347],[2.489,51.348]]}},{"type":"Feature","properties":{"name":"STRATOS 1","operator":"Bae/BT"},"geometry":{"type":"LineString","coordinates":[[1.467,53.11],[1.47,53.11],[1.47,53.112],[1.494,53.123],[1.521,53.138],[1.696,53.239],[1.701,53.242],[1.703,53.243],[1.707,53.245],[1.737,53.263],[1.82,53.371],[1.822,53.379],[1.826,53.388],[1.824,53.39],[1.825,53.395],[1.834,53.436],[1.834,53.437],[1.837,53.451],[1.912,53.601],[1.952,53.641],[2.135,53.669],[2.335,53.705],[2.533,53.741],[2.539,53.742],[2.553,53.746],[2.557,53.745],[2.4,53.933]]}},{"type":"Feature","properties":{"name":"UK-GERMANY 5 - Seg 3","operator":"BT"},"geometry":{"type":"LineString","coordinates":[[1.935,52.736],[1.944,52.735],[1.953,52.734]]}},{"type":"Feature","properties":{"name":"Tata Atlantic North","operator":"Tata Telecoms"},"geometry":{"type":"LineString","coordinates":[[-19.941,49.115],[-19.701,49.134],[-19.529,49.096],[-19.495,49.075],[-19.442,49.041],[-19.314,48.922],[-19.262,48.905],[-19.092,48.884],[-18.962,48.901],[-18.348,48.981],[-17.75,49.056],[-17.141,49.127],[-16.83,49.163],[-16.548,49.202],[-16.027,49.271],[-15.954,49.279],[-15.833,49.291],[-15.731,49.333],[-15.626,49.449],[-15.5,49.503],[-15.488,49.505],[-14.895,49.593],[-14.293,49.68],[-13.928,49.73],[-13.7,49.808],[-13.62,49.836],[-13.578,49.847],[-13.414,49.89],[-13.091,49.976],[-13.054,49.99],[-13.038,49.986],[-13.036,49.992],[-13.027,49.993],[-13.005,49.999],[-13.0,50.0],[-12.857,50.041],[-12.784,50.077],[-12.641,50.274],[-12.447,50.376],[-12.223,50.426],[-12.012,50.426],[-11.665,50.426],[-11.528,50.426],[-11.46,50.413],[-11.422,50.408],[-11.108,50.419],[-10.815,50.414],[-10.779,50.415],[-10.619,50.413],[-10.589,50.41],[-10.305,50.407],[-9.631,50.395],[-9.393,50.391],[-9.218,50.402],[-9.186,50.405],[-9.165,50.408],[-9.113,50.421],[-9.083,50.424],[-9.042,50.428],[-9.017,50.434],[-8.952,50.461],[-8.929,50.472],[-8.859,50.53],[-8.82,50.588],[-8.804,50.607],[-8.788,50.617],[-8.555,50.735],[-8.273,50.879],[-8.276,50.878],[-8.278,50.879],[-8.27,50.88],[-8.248,50.892],[-8.046,50.993],[-7.625,51.194],[-7.62,51.196],[-7.617,51.197],[-7.612,51.2],[-7.609,51.203],[-7.456,51.276],[-6.978,51.342],[-6.867,51.357],[-6.538,51.395],[-6.285,51.397],[-5.73,51.402],[-5.717,51.404],[-5.655,51.421],[-5.641,51.423],[-5.627,51.423],[-5.478,51.422],[-5.44,51.412],[-5.427,51.407],[-5.422,51.404],[-5.407,51.39],[-5.402,51.387],[-5.394,51.384],[-5.386,51.383],[-5.329,51.375],[-5.206,51.375],[-5.15,51.374],[-5.091,51.379],[-5.057,51.379],[-5.017,51.38],[-4.917,51.391],[-4.894,51.391],[-4.839,51.397],[-4.781,51.398],[-4.769,51.397],[-4.496,51.389],[-4.395,51.378],[-4.384,51.375],[-4.375,51.371],[-4.345,51.354],[-4.287,51.346],[-4.125,51.351],[-4.105,51.352],[-4.022,51.354],[-3.967,51.35],[-3.952,51.347],[-3.929,51.339],[-3.919,51.333],[-3.914,51.328],[-3.91,51.322],[-3.907,51.315],[-3.903,51.301],[-3.9,51.297],[-3.889,51.286],[-3.883,51.283],[-3.868,51.278],[-3.853,51.276],[-3.804,51.276],[-3.77,51.272],[-3.753,51.271],[-3.73,51.268],[-3.696,51.267],[-3.681,51.268],[-3.668,51.268],[-3.585,51.256],[-3.577,51.254],[-3.541,51.248],[-3.501,51.246],[-3.475,51.247],[-3.436,51.247],[-3.417,51.245],[-3.345,51.244],[-3.173,51.253],[-3.122,51.257],[-3.058,51.276],[-3.015,51.281]]}},{"type":"Feature","properties":{"name":"Tata Western Europe UK-Spain","operator":"Tata Telecoms"},"geometry":{"type":"LineString","coordinates":[[-4.221,51.117],[-4.28,51.107],[-4.412,51.088],[-4.517,51.084],[-4.547,51.081],[-4.607,51.081],[-4.642,51.076],[-4.681,51.076],[-4.734,51.067],[-4.761,51.059],[-4.78,51.057],[-4.819,51.054],[-4.841,51.05],[-4.983,51.01],[-5.06,50.983],[-5.108,50.967],[-5.217,50.927],[-5.283,50.905],[-5.308,50.896],[-5.34,50.885],[-5.354,50.882],[-5.369,50.878],[-5.417,50.856],[-5.464,50.826],[-5.467,50.823],[-5.476,50.81],[-5.48,50.807],[-5.493,50.8],[-5.516,50.792],[-5.572,50.777],[-5.576,50.775],[-5.588,50.767],[-5.591,50.766],[-5.595,50.765],[-5.627,50.762],[-5.649,50.762],[-5.695,50.767],[-5.767,50.777],[-5.817,50.783],[-5.878,50.788],[-5.908,50.788],[-5.983,50.781],[-6.067,50.767],[-6.1,50.763],[-6.15,50.755],[-6.25,50.742],[-6.367,50.714],[-6.417,50.7],[-6.483,50.684],[-6.676,50.625],[-6.726,50.601],[-6.742,50.589],[-6.755,50.574],[-6.783,50.521],[-6.795,50.507],[-6.804,50.5],[-6.812,50.495],[-6.993,50.398],[-7.101,50.313],[-7.13,50.283],[-7.139,50.267],[-7.143,50.247],[-7.14,50.24],[-7.142,50.233],[-7.126,50.162],[-7.126,50.129],[-7.133,50.093],[-7.157,50.042],[-7.187,50.009],[-7.267,49.953],[-7.308,49.926],[-7.316,49.905],[-7.357,49.847],[-7.391,49.794],[-7.412,49.741],[-7.416,49.719],[-7.4,49.208],[-7.404,49.192],[-7.486,49.017],[-7.509,48.981],[-7.515,48.961],[-7.514,48.946],[-7.517,48.937],[-7.55,48.883],[-7.584,48.817],[-7.591,48.783],[-7.6,48.765],[-7.611,48.75],[-7.657,48.65],[-7.676,48.6],[-7.689,48.57],[-7.704,48.45],[-7.702,48.433],[-7.697,48.417],[-7.687,48.4],[-7.68,48.383],[-7.675,48.376],[-7.648,48.353],[-7.629,48.325],[-7.606,48.304],[-7.599,48.298],[-7.595,48.295],[-7.583,48.289],[-7.572,48.279],[-7.553,48.251],[-7.545,48.241],[-7.527,48.227],[-7.517,48.222],[-7.5,48.212],[-7.479,48.197],[-7.467,48.186],[-7.437,48.157],[-7.357,48.096],[-7.34,48.083],[-7.31,48.058],[-7.297,48.05],[-7.285,48.045],[-7.272,48.037],[-7.239,48.005],[-7.226,47.983],[-7.216,47.954],[-7.21,47.902],[-7.232,47.804],[-7.237,47.796],[-7.242,47.791],[-7.267,47.774],[-7.281,47.767],[-7.287,47.761],[-7.291,47.757],[-7.295,47.745],[-7.296,47.72],[-7.295,47.714],[-7.291,47.709],[-7.281,47.699],[-7.252,47.683],[-7.238,47.671],[-7.235,47.667],[-7.219,47.62],[-7.191,47.577],[-7.183,47.567],[-7.176,47.557],[-7.173,47.55],[-7.171,47.537],[-7.17,47.532],[-7.167,47.521],[-7.167,47.518],[-7.165,47.516],[-7.168,47.514],[-7.17,47.51],[-7.187,47.494],[-7.193,47.483],[-7.199,47.45],[-7.196,47.421],[-7.205,47.412],[-7.225,47.38],[-7.251,47.36],[-7.295,47.293],[-7.325,47.273],[-7.37,47.263],[-7.46,47.268],[-7.563,47.25],[-7.633,47.215],[-7.703,47.143],[-7.716,47.044],[-7.711,47.036],[-7.71,47.033],[-7.714,46.958],[-7.678,46.933],[-7.467,46.33],[-7.471,46.326],[-7.387,46.225],[-7.161,46.056],[-6.296,45.64],[-6.276,45.637],[-6.08,45.579],[-5.328,45.562],[-5.222,45.587],[-5.112,45.608],[-5.112,45.612],[-4.92,45.612],[-4.754,45.567],[-4.635,45.489],[-3.933,44.667],[-3.794,44.543],[-3.798,44.518],[-3.737,44.466],[-3.723,44.452],[-3.722,44.45],[-3.713,44.443],[-3.655,44.426],[-3.542,44.317],[-3.496,44.226],[-3.466,44.125],[-3.332,43.998],[-3.128,43.875],[-3.105,43.833],[-3.113,43.793],[-3.128,43.762],[-3.12,43.725],[-3.121,43.711],[-3.127,43.695],[-3.13,43.68],[-3.133,43.652],[-3.137,43.643],[-3.154,43.622],[-3.161,43.609],[-3.164,43.597],[-3.164,43.585],[-3.161,43.574],[-3.154,43.562],[-3.138,43.543],[-3.058,43.45],[-2.997,43.387]]}},{"type":"Feature","properties":{"name":"UK-Belgium 6 - Seg 2","operator":"BT"},"geometry":{"type":"LineString","coordinates":[[1.806,51.149],[1.84,51.151],[1.897,51.166],[1.954,51.168],[1.997,51.184],[2.026,51.184],[2.04,51.185],[2.165,51.217],[2.205,51.218],[2.212,51.218],[2.215,51.234],[2.293,51.235],[2.337,51.235],[2.343,51.235],[2.344,51.235],[2.345,51.235],[2.346,51.235],[2.35,51.235],[2.365,51.235],[2.377,51.235],[2.382,51.235],[2.391,51.235],[2.392,51.235],[2.399,51.235],[2.403,51.25],[2.415,51.251],[2.49,51.251],[2.529,51.251],[2.556,51.25],[2.577,51.234],[2.619,51.218],[2.629,51.185],[2.639,51.163],[2.648,51.139],[2.644,51.125]]}},{"type":"Feature","properties":{"name":"UK-GERMANY 5 - Seg 2","operator":"BT"},"geometry":{"type":"LineString","coordinates":[[1.83,52.736],[1.834,52.737],[1.838,52.738],[1.888,52.737],[1.908,52.737],[1.919,52.736]]}},{"type":"Feature","properties":{"name":"UK-SPAIN 4 - Seg 2","operator":"BT"},"geometry":{"type":"LineString","coordinates":[[-5.126,49.982],[-5.121,49.975],[-5.123,49.967]]}},{"type":"Feature","properties":{"name":"UK-SPAIN 4 - Seg 1","operator":"BT"},"geometry":{"type":"LineString","coordinates":[[-5.153,49.999],[-5.153,49.997],[-5.152,49.997]]}},{"type":"Feature","properties":{"name":"Ulysses 1","operator":"Verizon Business"},"geometry":{"type":"LineString","coordinates":[[1.384,51.15],[1.417,51.134],[1.468,51.102],[1.5,51.101],[1.768,51.101],[1.784,51.101],[1.784,51.1],[1.834,51.084],[1.851,51.084],[1.868,51.083],[1.868,51.068],[1.884,51.052],[1.885,51.034],[1.885,51.018],[1.9,51.001],[1.885,50.967]]}},{"type":"Feature","properties":{"name":"UK-CH.ISLANDS 8","operator":"BT/Jersey Telecoms"},"geometry":{"type":"LineString","coordinates":[[-2.225,49.198],[-2.25,49.206],[-2.272,49.207],[-2.327,49.209],[-2.355,49.212],[-2.399,49.214],[-2.618,49.221],[-2.725,49.242],[-2.745,49.244],[-2.915,49.279],[-3.084,49.314],[-3.091,49.318],[-3.14,49.328],[-3.331,49.367],[-3.372,49.373],[-3.475,49.395],[-3.485,49.398],[-3.588,49.418],[-3.607,49.422],[-3.658,49.433],[-3.676,49.436],[-3.69,49.439],[-3.717,49.443],[-3.828,49.465],[-3.856,49.472],[-3.881,49.476],[-3.888,49.475],[-3.934,49.485],[-3.942,49.489],[-3.951,49.49],[-3.971,49.494],[-4.0,49.5],[-4.106,49.544],[-4.148,49.565],[-4.217,49.589],[-4.288,49.618],[-4.344,49.642],[-4.373,49.656],[-4.386,49.662],[-4.444,49.687],[-4.498,49.712],[-4.5,49.71],[-4.526,49.723],[-4.543,49.73],[-4.657,49.778],[-4.687,49.788],[-4.782,49.828],[-4.83,49.849],[-4.907,49.88],[-4.94,49.894],[-5.018,49.933],[-5.022,49.935],[-5.022,49.937],[-5.024,49.936],[-5.027,49.936],[-5.029,49.938],[-5.03,49.939],[-5.038,49.944],[-5.058,49.955],[-5.076,49.965],[-5.109,49.979],[-5.147,49.995],[-5.15,49.997],[-5.163,50.006]]}},{"type":"Feature","properties":{"name":"Yellow","operator":"Level 3 Global Submarine"},"geometry":{"type":"LineString","coordinates":[[-4.554,50.836],[-4.578,50.835],[-4.641,50.83],[-4.685,50.823],[-4.762,50.827],[-4.837,50.827],[-4.876,50.827],[-4.947,50.826],[-5.037,50.822],[-5.16,50.822],[-5.416,50.818],[-5.65,50.815],[-5.68,50.815],[-5.691,50.815],[-5.694,50.813],[-5.695,50.813],[-5.697,50.814],[-5.698,50.815],[-5.917,50.812],[-6.01,50.796],[-6.015,50.796],[-6.017,50.793],[-6.018,50.793],[-6.021,50.795],[-6.067,50.787],[-6.181,50.768],[-6.217,50.763],[-6.36,50.739],[-6.379,50.735],[-6.456,50.723],[-6.483,50.72],[-6.55,50.708],[-6.569,50.703],[-6.606,50.699],[-6.742,50.675],[-6.812,50.664],[-6.873,50.656],[-6.907,50.651],[-6.92,50.648],[-6.947,50.642],[-7.005,50.633],[-7.096,50.619],[-7.128,50.613],[-7.333,50.579],[-7.487,50.538],[-7.732,50.472],[-7.78,50.459],[-7.816,50.449],[-7.833,50.447],[-7.854,50.448],[-7.9,50.451],[-7.96,50.447],[-7.993,50.442],[-8.005,50.439],[-8.056,50.414],[-8.085,50.394],[-8.108,50.376],[-8.141,50.362],[-8.418,50.287],[-8.65,50.245],[-8.739,50.23],[-8.797,50.221],[-8.85,50.21],[-9.014,50.181],[-9.338,50.123],[-9.463,50.097],[-9.542,50.085],[-9.791,50.038],[-9.937,50.01],[-10.258,49.95],[-10.617,49.942],[-10.756,49.939],[-10.943,49.934],[-11.259,49.925],[-11.544,49.917],[-11.614,49.915],[-11.858,49.878],[-12.066,49.846],[-12.153,49.83],[-12.568,49.75],[-12.705,49.669],[-12.828,49.64],[-13.07,49.582],[-13.312,49.523],[-13.558,49.463],[-14.01,49.445],[-14.312,49.432],[-14.44,49.426],[-14.914,49.42],[-15.145,49.417],[-15.281,49.414],[-15.297,49.413],[-15.389,49.411],[-15.523,49.405],[-15.834,49.394],[-16.149,49.382],[-16.33,49.374],[-16.437,49.387],[-16.558,49.401],[-16.651,49.442],[-16.777,49.499],[-16.806,49.505],[-16.964,49.532],[-16.986,49.532],[-17.463,49.534],[-17.753,49.535],[-17.781,49.535],[-18.159,49.538],[-18.318,49.538],[-18.674,49.539],[-18.697,49.537],[-19.077,49.523],[-19.247,49.516],[-19.286,49.513],[-19.43,49.507],[-19.514,49.504],[-19.55,49.5],[-19.57,49.481],[-19.88,49.466],[-19.911,49.463],[-20.114,49.443]]}},{"type":"Feature","properties":{"name":"UK-Netherlands 14","operator":"Cable & Wireless"},"geometry":{"type":"LineString","coordinates":[[4.62,52.617],[4.596,52.617],[4.595,52.617],[4.459,52.636],[4.454,52.639],[4.451,52.647],[4.449,52.65],[4.448,52.651],[4.448,52.652],[4.435,52.654],[4.36,52.666],[4.324,52.671],[4.302,52.674],[4.293,52.671],[4.292,52.671],[4.285,52.668],[4.259,52.67],[3.96,52.695],[3.959,52.695],[3.958,52.696],[3.957,52.695],[3.955,52.695],[3.91,52.699],[3.887,52.703],[3.881,52.704],[3.88,52.705],[3.869,52.705],[3.793,52.709],[3.748,52.711],[3.72,52.713],[3.713,52.716],[3.707,52.719],[3.578,52.741],[3.475,52.764],[3.473,52.764],[3.472,52.764],[3.441,52.77],[3.356,52.787],[3.224,52.811],[3.222,52.811],[3.204,52.809],[3.202,52.81],[3.2,52.81],[3.189,52.813],[3.134,52.825],[2.981,52.853],[2.98,52.853],[2.977,52.854],[2.965,52.854],[2.935,52.854],[2.703,52.828],[2.659,52.822],[2.466,52.801],[2.41,52.796],[2.374,52.791],[2.362,52.789],[2.194,52.77],[2.194,52.768],[2.188,52.769],[2.18,52.768],[2.177,52.768],[2.173,52.768],[2.115,52.768],[2.038,52.778],[1.998,52.79],[1.992,52.789],[1.909,52.781],[1.829,52.773],[1.765,52.765],[1.739,52.75],[1.728,52.74],[1.714,52.73],[1.712,52.73],[1.696,52.721],[1.694,52.721],[1.692,52.718]]}},{"type":"Feature","properties":{"name":"Tata Western Europe UK-Portugal","operator":"Tata Telecoms"},"geometry":{"type":"LineString","coordinates":[[-3.015,51.281],[-3.033,51.278],[-3.061,51.274],[-3.119,51.255],[-3.129,51.253],[-3.333,51.24],[-3.367,51.24],[-3.417,51.24],[-3.442,51.245],[-3.448,51.244],[-3.463,51.243],[-3.468,51.243],[-3.47,51.243],[-3.483,51.243],[-3.508,51.24],[-3.525,51.24],[-3.583,51.247],[-3.635,51.255],[-3.753,51.267],[-3.817,51.27],[-3.851,51.27],[-3.867,51.269],[-3.875,51.27],[-3.9,51.277],[-3.924,51.28],[-4.041,51.28],[-4.061,51.278],[-4.086,51.277],[-4.121,51.281],[-4.137,51.28],[-4.16,51.278],[-4.211,51.276],[-4.242,51.276],[-4.376,51.274],[-4.395,51.272],[-4.418,51.272],[-4.437,51.274],[-4.48,51.274],[-4.503,51.271],[-4.625,51.269],[-4.64,51.267],[-4.671,51.27],[-4.69,51.269],[-4.703,51.267],[-4.714,51.266],[-4.738,51.262],[-4.75,51.262],[-4.759,51.263],[-4.784,51.27],[-4.793,51.271],[-4.823,51.269],[-4.87,51.262],[-4.939,51.262],[-5.013,51.258],[-5.035,51.26],[-5.065,51.26],[-5.08,51.258],[-5.091,51.258],[-5.114,51.255],[-5.2,51.254],[-5.288,51.254],[-5.329,51.255],[-5.373,51.261],[-5.381,51.261],[-5.392,51.259],[-5.413,51.252],[-5.421,51.251],[-5.429,51.251],[-5.451,51.255],[-5.467,51.256],[-5.536,51.258],[-5.563,51.257],[-5.854,51.26],[-5.885,51.261],[-5.974,51.261],[-6.027,51.261],[-6.331,51.263],[-6.393,51.262],[-6.424,51.265],[-6.467,51.264],[-6.571,51.265],[-6.605,51.262],[-6.877,51.208],[-6.94,51.196],[-7.096,51.166],[-7.331,51.12],[-7.362,51.118],[-7.379,51.113],[-7.397,51.105],[-7.461,51.071],[-7.473,51.065],[-7.498,51.056],[-7.601,51.008],[-7.617,51.002],[-7.634,50.993],[-7.829,50.902],[-7.844,50.892],[-7.873,50.881],[-7.932,50.854],[-7.949,50.847],[-7.988,50.83],[-7.987,50.828],[-7.988,50.828],[-7.99,50.829],[-7.995,50.828],[-8.034,50.809],[-8.044,50.801],[-8.064,50.777],[-8.073,50.757],[-8.097,50.727],[-8.113,50.715],[-8.211,50.671],[-8.308,50.623],[-8.331,50.606],[-8.369,50.59],[-8.418,50.566],[-8.439,50.558],[-8.52,50.519],[-8.545,50.504],[-8.786,50.385],[-8.81,50.376],[-8.835,50.361],[-8.903,50.317],[-8.928,50.292],[-8.939,50.275],[-8.959,50.222],[-8.996,50.073],[-9.038,49.9],[-9.047,49.839],[-9.067,49.783],[-9.075,49.747],[-9.116,49.681],[-9.163,49.639],[-9.183,49.627],[-9.308,49.569],[-9.464,49.524],[-9.654,49.493],[-9.679,49.485],[-9.718,49.466],[-9.75,49.44],[-9.803,49.393],[-9.816,49.375],[-9.817,49.37],[-9.819,49.368],[-9.826,49.35],[-9.85,49.304],[-9.875,49.267],[-9.995,49.062],[-10.091,48.898],[-10.133,48.832],[-10.15,48.815],[-10.158,48.805],[-10.196,48.725],[-10.227,48.686],[-10.237,48.67],[-10.252,48.631],[-10.26,48.632],[-10.262,48.633],[-10.253,48.621],[-10.255,48.617],[-10.263,48.583],[-10.273,48.567],[-10.278,48.542],[-10.274,48.51],[-10.299,48.417],[-10.342,48.293],[-10.405,48.245],[-10.441,48.191],[-10.669,48.06],[-10.748,47.983],[-10.753,47.977],[-10.768,47.935],[-10.818,47.78],[-10.871,47.615],[-10.921,47.46],[-10.97,47.308],[-11.037,47.098],[-11.037,46.867],[-11.129,46.708],[-11.2,46.583],[-11.251,46.417],[-11.312,46.219],[-11.382,45.989],[-11.456,45.745],[-11.532,45.495],[-11.588,45.417],[-11.742,45.261],[-11.791,45.178],[-11.786,45.029],[-11.852,44.912],[-11.971,44.8],[-12.025,44.577],[-12.055,44.507],[-12.073,44.475],[-12.132,44.422],[-12.333,44.285],[-12.503,44.168],[-12.627,44.083],[-12.752,43.894],[-12.908,43.657],[-13.067,43.417],[-13.194,43.168],[-13.227,42.95],[-13.259,42.733],[-13.258,42.73],[-13.247,42.563],[-13.233,42.35],[-13.167,42.074],[-13.095,41.775],[-13.03,41.507],[-12.961,41.217],[-12.922,41.052],[-12.875,40.856],[-12.815,40.603],[-12.754,40.347],[-12.703,40.134],[-12.557,39.973],[-12.519,39.893],[-12.518,39.889],[-12.553,39.583],[-12.448,39.293],[-12.347,39.119],[-12.234,38.923],[-12.228,38.899],[-12.208,38.879],[-12.118,38.722],[-12.02,38.551],[-11.954,38.434],[-11.876,38.298],[-11.792,38.15],[-11.675,38.017],[-11.5,37.95],[-11.379,37.958],[-11.363,37.967],[-11.196,37.977],[-11.014,37.989],[-10.865,37.998],[-10.711,38.008],[-10.673,38.038],[-10.581,38.06],[-10.581,38.108],[-10.58,38.113],[-10.573,38.062],[-10.483,38.083],[-10.484,38.086],[-10.425,38.157],[-10.272,38.294],[-10.004,38.429],[-9.948,38.494],[-9.882,38.525],[-9.839,38.579],[-9.735,38.675],[-9.724,38.692],[-9.718,38.7],[-9.71,38.706],[-9.702,38.71],[-9.679,38.718],[-9.668,38.72],[-9.658,38.72],[-9.649,38.718],[-9.639,38.714],[-9.631,38.708],[-9.557,38.65],[-9.514,38.63],[-9.417,38.604],[-9.371,38.6],[-9.317,38.602],[-9.276,38.603],[-9.234,38.607]]}},{"type":"Feature","properties":{"name":"UK-Ireland Crossing 1","operator":"Global Crossing"},"geometry":{"type":"LineString","coordinates":[[-5.692,50.081],[-5.693,50.082],[-5.699,50.092],[-5.705,50.093],[-5.711,50.097],[-5.721,50.103],[-5.725,50.103],[-5.735,50.106],[-5.754,50.115],[-5.775,50.131],[-5.793,50.142],[-5.8,50.147],[-5.812,50.155],[-5.816,50.158],[-5.825,50.162],[-5.835,50.17],[-5.85,50.189],[-5.922,50.256],[-5.99,50.393],[-6.017,50.467],[-6.018,50.471],[-6.023,50.485],[-6.024,50.486],[-6.025,50.488],[-6.026,50.491],[-6.028,50.494],[-6.03,50.502],[-6.032,50.505],[-6.032,50.506],[-6.035,50.51],[-6.038,50.515],[-6.044,50.525],[-6.049,50.534],[-6.052,50.538],[-6.061,50.561],[-6.065,50.569],[-6.112,50.672],[-6.128,50.77],[-6.125,50.774],[-6.129,50.779],[-6.133,50.801],[-6.135,50.811],[-6.135,50.821],[-6.144,50.875],[-6.154,50.9],[-6.164,50.968],[-6.196,51.167],[-6.195,51.2],[-6.21,51.293],[-6.211,51.297],[-6.231,51.36],[-6.232,51.361],[-6.241,51.37],[-6.294,51.436],[-6.387,51.648],[-6.411,51.695],[-6.404,51.73],[-6.404,51.734],[-6.45,51.784],[-6.474,51.798],[-6.534,51.863],[-6.545,51.881],[-6.559,51.891],[-6.583,51.905],[-6.585,51.906],[-6.598,51.906],[-6.604,51.91],[-6.617,51.916],[-6.658,51.959],[-6.698,52.024],[-6.696,52.035],[-6.692,52.039],[-6.683,52.044],[-6.634,52.061],[-6.576,52.067],[-6.524,52.099],[-6.517,52.109],[-6.501,52.148],[-6.503,52.151],[-6.503,52.156],[-6.506,52.16],[-6.525,52.168],[-6.527,52.169],[-6.557,52.18]]}},{"type":"Feature","properties":{"name":"UK-FRANCE 4 - Seg 1","operator":"BT"},"geometry":{"type":"LineString","coordinates":[[1.466,51.105],[1.473,51.101],[1.475,51.1],[1.477,51.101]]}},{"type":"Feature","properties":{"name":"UK/Belgium 5","operator":"BT"},"geometry":{"type":"LineString","coordinates":[[1.597,51.387],[1.617,51.388],[1.687,51.381],[1.699,51.376],[1.774,51.363],[1.811,51.357],[1.876,51.353],[1.9,51.351],[1.938,51.347],[2.025,51.321],[2.077,51.32],[2.102,51.315],[2.107,51.312],[2.132,51.304],[2.146,51.3],[2.165,51.29],[2.339,51.294],[2.345,51.291],[2.352,51.29],[2.378,51.277],[2.4,51.275],[2.433,51.264],[2.484,51.266],[2.503,51.265],[2.538,51.267],[2.561,51.256],[2.596,51.253],[2.608,51.251],[2.632,51.249],[2.64,51.248],[2.645,51.248],[2.713,51.241],[2.722,51.242],[2.742,51.24],[2.785,51.24],[2.815,51.239],[2.817,51.24],[2.831,51.235],[2.84,51.233],[2.866,51.227],[2.875,51.224],[2.877,51.222],[2.882,51.218]]}},{"type":"Feature","properties":{"name":"UK-Germany 5 - Seg 6","operator":"BT"},"geometry":{"type":"LineString","coordinates":[[2.048,52.733],[2.058,52.731],[2.15,52.719],[2.157,52.718],[2.159,52.719],[2.16,52.718],[2.173,52.716],[2.183,52.713],[2.281,52.698],[2.291,52.697],[2.324,52.697],[2.414,52.712],[2.439,52.719],[2.443,52.719],[2.447,52.72],[2.493,52.73],[2.494,52.731],[2.534,52.739],[2.569,52.744],[2.768,52.782],[2.773,52.782],[2.774,52.783],[2.832,52.794],[2.835,52.793],[2.835,52.795],[2.85,52.797],[2.853,52.798],[2.858,52.799],[2.859,52.798],[2.861,52.799],[2.863,52.8],[2.869,52.801],[2.94,52.814],[2.942,52.815],[2.944,52.816],[2.949,52.819],[2.95,52.82],[2.953,52.824],[2.954,52.824],[2.953,52.825],[2.956,52.83],[2.956,52.831],[2.958,52.834],[2.96,52.834],[2.958,52.836],[2.96,52.843],[2.963,52.848],[2.965,52.854],[2.972,52.865],[2.974,52.872],[2.975,52.873],[2.976,52.876],[2.977,52.879],[2.979,52.879],[2.978,52.88],[2.977,52.883],[2.983,52.887],[2.986,52.893],[2.999,52.926],[3.005,52.937],[3.032,52.999],[3.035,53.032],[3.083,53.123],[3.081,53.133],[3.08,53.136],[3.074,53.158],[3.073,53.159],[3.046,53.183],[3.033,53.195],[3.03,53.198],[3.015,53.227],[3.013,53.233],[3.01,53.24],[3.007,53.249],[3.002,53.268],[3.002,53.278],[3.01,53.283],[3.087,53.322],[3.09,53.323],[3.097,53.323],[3.1,53.323],[3.119,53.332],[3.145,53.344],[3.153,53.351],[3.166,53.372],[3.17,53.386],[3.21,53.472],[3.219,53.485],[3.238,53.528],[3.249,53.556],[3.272,53.589],[3.291,53.608],[3.307,53.616],[3.362,53.639],[3.412,53.662],[3.498,53.676],[3.565,53.685],[3.612,53.699],[3.613,53.698],[3.613,53.7],[3.617,53.7],[3.805,53.748],[3.836,53.747],[3.892,53.747],[3.974,53.747],[3.996,53.747],[4.005,53.746],[4.009,53.745],[4.011,53.746],[4.027,53.746],[4.041,53.747],[4.052,53.748],[4.073,53.752],[4.11,53.756],[4.166,53.766],[4.232,53.767],[4.263,53.761],[4.269,53.759],[4.307,53.749],[4.409,53.756],[4.42,53.758],[4.426,53.761],[4.429,53.762],[4.451,53.762],[4.45,53.764],[4.461,53.764],[4.486,53.765],[4.706,53.784],[4.759,53.789],[4.865,53.796],[4.902,53.801],[4.977,53.808],[5.011,53.811],[5.034,53.812],[5.073,53.816],[5.1,53.817],[5.171,53.823],[5.201,53.826],[5.227,53.829],[5.256,53.828],[5.431,53.843],[5.489,53.849],[5.507,53.85],[5.537,53.852],[5.582,53.855],[5.591,53.856],[5.636,53.862],[5.656,53.865],[5.68,53.871],[5.774,53.883],[5.841,53.893],[5.89,53.9],[5.925,53.904],[5.989,53.915],[6.122,53.934],[6.177,53.943],[6.177,53.944],[6.18,53.945],[6.216,53.948],[6.222,53.948],[6.302,53.949],[6.309,53.95],[6.336,53.948],[6.354,53.942],[6.366,53.938],[6.382,53.931],[6.391,53.927],[6.411,53.918],[6.421,53.917],[6.492,53.922],[6.704,53.939],[6.712,53.94],[6.727,53.941],[6.742,53.942],[6.747,53.943],[6.759,53.943],[6.806,53.947],[6.898,53.931],[6.908,53.927],[6.937,53.906],[6.938,53.906],[6.943,53.902],[6.959,53.888],[6.984,53.855],[6.998,53.835],[7.019,53.811],[7.029,53.79],[7.043,53.754],[7.044,53.75],[7.045,53.746],[7.052,53.718],[7.069,53.686]]}},{"type":"Feature","properties":{"name":"UK-Ireland Crossing 2","operator":"Global Crossing"},"geometry":{"type":"LineString","coordinates":[[-4.687,51.144],[-4.704,51.158],[-4.721,51.172],[-4.738,51.186],[-4.754,51.2],[-4.771,51.214],[-4.788,51.228],[-4.805,51.242],[-4.822,51.256],[-4.839,51.27],[-4.856,51.284],[-4.873,51.298],[-4.889,51.312],[-4.906,51.326],[-4.923,51.34],[-4.94,51.354],[-4.957,51.368],[-4.974,51.381],[-4.991,51.395],[-5.008,51.409],[-5.024,51.423],[-5.041,51.437],[-5.058,51.451],[-5.075,51.465],[-5.092,51.479],[-5.109,51.493],[-5.126,51.507],[-5.142,51.521],[-5.159,51.534],[-5.176,51.548],[-5.193,51.562],[-5.21,51.576],[-5.227,51.59],[-5.244,51.604],[-5.261,51.618],[-5.277,51.632],[-5.294,51.645],[-5.311,51.659],[-5.328,51.673],[-5.345,51.687],[-5.362,51.701],[-5.379,51.715],[-5.396,51.728],[-5.412,51.742],[-5.429,51.756],[-5.446,51.77],[-5.463,51.784],[-5.48,51.798],[-5.497,51.811],[-5.514,51.825],[-5.53,51.839],[-5.547,51.853],[-5.564,51.866],[-5.581,51.88],[-5.598,51.894],[-5.615,51.908],[-5.632,51.922],[-5.649,51.935],[-5.665,51.949],[-5.682,51.963],[-5.699,51.977],[-5.716,51.99],[-5.733,52.004],[-5.75,52.018],[-5.767,52.032],[-5.784,52.045],[-5.8,52.059],[-5.817,52.073],[-5.834,52.086],[-5.851,52.1],[-5.868,52.114],[-5.885,52.128],[-5.902,52.141],[-5.918,52.155],[-5.935,52.169],[-5.952,52.182],[-5.969,52.196],[-5.986,52.21],[-6.003,52.223],[-6.02,52.237],[-6.037,52.251],[-6.053,52.264],[-6.07,52.278],[-6.087,52.292],[-6.104,52.305]]}},{"type":"Feature","properties":{"name":"UK-DENMARK 4 - Seg 1","operator":"BT"},"geometry":{"type":"LineString","coordinates":[[-0.284,54.209],[-0.256,54.2],[-0.235,54.201],[-0.191,54.218],[-0.182,54.222]]}},{"type":"Feature","properties":{"name":"UK-GERMANY 5 - Seg 1","operator":"BT"},"geometry":{"type":"LineString","coordinates":[[1.761,52.725],[1.786,52.727]]}},{"type":"Feature","properties":{"name":"UK-GERMANY 5 - Seg 5","operator":"BT"},"geometry":{"type":"LineString","coordinates":[[1.988,52.733],[2.006,52.733],[2.025,52.734]]}},{"type":"Feature","properties":{"name":"UK-France 4 - Seg 3","operator":"BT"},"geometry":{"type":"LineString","coordinates":[[1.732,51.103],[1.744,51.105],[1.811,51.108],[1.826,51.111],[1.883,51.116],[1.911,51.118],[1.927,51.106],[1.953,51.089],[1.957,51.086],[1.964,51.079],[1.978,51.069],[1.987,51.059],[1.991,51.052],[2.009,51.038],[2.015,51.029],[2.017,51.026],[2.032,51.006],[2.033,51.004]]}},{"type":"Feature","properties":{"name":"UK-Spain 4 - Seg 3","operator":"BT"},"geometry":{"type":"LineString","coordinates":[[-5.196,49.811],[-5.356,49.568],[-5.371,49.543],[-5.386,49.523],[-5.485,49.37],[-5.514,49.326],[-5.521,49.312],[-5.531,49.299],[-5.54,49.293],[-5.542,49.29],[-5.543,49.274],[-5.545,49.271],[-5.561,49.26],[-5.563,49.257],[-5.564,49.253],[-5.564,49.241],[-5.566,49.239],[-5.574,49.233],[-5.699,49.039],[-5.706,49.03],[-5.708,49.021],[-5.713,49.017],[-5.714,49.009],[-5.715,49.006],[-5.732,48.994],[-5.734,48.992],[-5.734,48.983],[-5.757,48.948],[-5.758,48.943],[-5.776,48.919],[-5.795,48.89],[-5.796,48.888],[-5.803,48.876],[-5.804,48.868],[-5.806,48.865],[-5.821,48.854],[-5.824,48.85],[-5.83,48.827],[-5.838,48.823],[-5.855,48.826],[-5.858,48.825],[-5.867,48.826],[-5.903,48.825],[-5.906,48.826],[-5.913,48.823],[-5.921,48.821],[-5.931,48.805],[-5.938,48.791],[-5.945,48.781],[-5.947,48.778],[-5.982,48.721],[-6.002,48.688],[-6.008,48.677],[-6.015,48.667],[-6.03,48.643],[-6.038,48.628],[-6.046,48.616],[-6.083,48.556],[-6.093,48.544],[-6.101,48.526],[-6.107,48.516],[-6.133,48.472],[-6.138,48.461],[-6.163,48.422],[-6.174,48.408],[-6.182,48.391],[-6.231,48.31],[-6.235,48.3],[-6.266,48.248],[-6.288,48.21],[-6.302,48.196],[-6.315,48.167],[-6.333,48.139],[-6.371,48.076],[-6.376,48.064],[-6.407,48.02],[-6.414,48.004],[-6.421,47.991],[-6.421,47.984],[-6.423,47.98],[-6.438,47.969],[-6.44,47.965],[-6.441,47.95],[-6.444,47.945],[-6.451,47.94],[-6.454,47.936],[-6.454,47.928],[-6.456,47.925],[-6.465,47.916],[-6.478,47.895],[-6.487,47.884],[-6.494,47.868],[-6.526,47.813],[-6.543,47.784],[-6.56,47.756],[-6.57,47.738],[-6.575,47.731],[-6.605,47.679],[-6.611,47.666],[-6.638,47.626],[-6.652,47.598],[-6.658,47.566],[-6.658,47.557],[-6.679,47.473],[-6.682,47.47],[-6.688,47.455],[-6.704,47.427],[-6.704,47.408],[-6.718,47.385],[-6.722,47.36],[-6.737,47.313],[-6.738,47.287],[-6.757,47.213],[-6.785,47.178],[-6.818,47.099],[-6.806,46.832],[-6.788,46.81],[-6.714,46.719],[-6.372,46.286],[-6.333,46.239],[-6.149,46.0],[-5.989,45.877],[-5.868,45.782],[-5.867,45.546],[-5.867,45.495],[-5.869,45.407],[-5.868,45.166],[-5.947,44.901],[-5.985,44.771],[-6.027,44.635],[-6.135,44.266],[-6.08,44.228],[-6.068,44.221],[-6.025,44.124],[-5.916,44.083],[-5.834,44.051],[-5.808,44.042],[-5.781,44.016],[-5.761,43.997],[-5.735,43.974],[-5.711,43.962],[-5.69,43.946],[-5.632,43.912],[-5.599,43.861],[-5.591,43.852],[-5.567,43.818],[-5.561,43.809],[-5.545,43.793],[-5.546,43.789],[-5.54,43.784],[-5.539,43.781],[-5.529,43.764],[-5.514,43.735],[-5.476,43.688],[-5.458,43.666],[-5.456,43.663],[-5.453,43.656],[-5.434,43.629],[-5.43,43.621],[-5.426,43.613],[-5.409,43.593],[-5.39,43.566],[-5.388,43.547],[-5.385,43.547],[-5.384,43.545],[-5.384,43.544],[-5.385,43.544],[-5.382,43.54],[-5.376,43.533]]}},{"type":"Feature","properties":{"name":"Ulysses 2","operator":"Verizon Business"},"geometry":{"type":"LineString","coordinates":[[1.735,52.452],[1.782,52.429],[1.787,52.424],[1.806,52.415],[1.807,52.415],[1.904,52.409],[1.985,52.404],[2.073,52.398],[2.134,52.394],[2.276,52.385],[2.306,52.391],[2.315,52.393],[2.394,52.394],[2.562,52.397],[2.748,52.401],[2.755,52.401],[2.757,52.402],[2.759,52.401],[2.974,52.404],[3.192,52.408],[3.345,52.41],[3.354,52.408],[3.391,52.403],[3.488,52.386],[3.491,52.386],[3.572,52.372],[3.746,52.343],[3.753,52.342],[3.905,52.34],[4.0,52.339],[4.251,52.372],[4.427,52.395],[4.522,52.446],[4.533,52.448],[4.553,52.454],[4.558,52.456],[4.559,52.456]]}},{"type":"Feature","properties":{"name":"UK-Germany 6","operator":"BT"},"geometry":{"type":"LineString","coordinates":[[7.198,53.782],[7.199,53.783],[7.196,53.786],[7.191,53.79],[7.188,53.792],[7.075,53.817],[7.059,53.841],[7.057,53.85],[7.042,53.876],[7.033,53.883],[6.992,53.95],[6.933,53.97],[6.719,53.955],[6.71,53.955],[6.65,53.95],[6.609,53.974],[6.48,54.05],[6.308,54.068],[6.124,54.088],[6.042,54.194],[6.033,54.205],[5.944,54.216],[5.934,54.222],[5.925,54.229],[5.923,54.228],[5.919,54.227],[5.81,54.211],[5.621,54.214],[5.325,54.219],[5.0,54.223],[4.893,54.293],[4.89,54.295],[4.865,54.311],[4.827,54.336],[4.812,54.343],[4.664,54.363],[4.656,54.364],[4.467,54.389],[4.321,54.409],[4.103,54.438],[3.852,54.472],[3.845,54.472],[3.841,54.473],[3.537,54.514],[3.283,54.548],[3.276,54.548],[3.268,54.55],[2.771,54.612],[2.638,54.642],[2.504,54.647],[2.22,54.684],[1.921,54.723],[1.779,54.742],[1.584,54.747],[1.501,54.741],[1.453,54.737],[1.446,54.737],[1.438,54.736],[1.429,54.735],[1.428,54.736],[1.427,54.736],[1.426,54.735],[1.343,54.729],[1.335,54.728],[1.33,54.729],[1.327,54.728],[1.322,54.727],[1.188,54.717],[1.171,54.718],[1.161,54.711],[0.722,54.559],[0.692,54.55],[0.681,54.546],[0.656,54.533],[0.625,54.52],[0.574,54.502],[0.527,54.49],[0.366,54.433],[0.05,54.32]]}},{"type":"Feature","properties":{"name":"UK-France 3","operator":"Cable & Wireless"},"geometry":{"type":"LineString","coordinates":[[-0.138,50.819],[-0.15,50.788],[-0.15,50.786],[-0.156,50.752],[-0.147,50.747],[-0.008,50.667],[-0.004,50.664],[0.002,50.658],[0.002,50.656],[0.003,50.656],[0.004,50.657],[0.025,50.649],[0.037,50.641],[0.072,50.627],[0.075,50.625],[0.081,50.626],[0.156,50.599],[0.159,50.589],[0.156,50.581],[0.159,50.573],[0.158,50.571],[0.158,50.57],[0.161,50.569],[0.166,50.563],[0.314,50.446],[0.349,50.42],[0.365,50.409],[0.386,50.392],[0.392,50.385],[0.497,50.3],[0.547,50.26],[0.575,50.26],[0.586,50.26],[0.603,50.26],[0.699,50.196],[0.731,50.172],[0.732,50.171],[0.744,50.166],[0.783,50.141],[0.872,50.082],[0.979,50.012],[1.013,49.99],[1.031,49.971],[1.03,49.97],[1.03,49.969],[1.034,49.966],[1.049,49.951],[1.05,49.951],[1.049,49.95],[1.058,49.943],[1.069,49.926]]}},{"type":"Feature","properties":{"name":"UK-Denmark 4 - Seg 2 BT","operator":"BT"},"geometry":{"type":"LineString","coordinates":[[0.009,54.343],[0.135,54.396],[0.136,54.397],[0.323,54.479],[0.468,54.546],[0.514,54.568],[0.547,54.583],[0.64,54.626],[0.798,54.699],[0.955,54.759],[0.966,54.762],[1.092,54.808],[1.131,54.824],[1.149,54.837],[1.299,54.94],[1.323,54.956],[1.475,55.059],[1.497,55.074],[1.859,55.248],[1.915,55.278],[1.928,55.28],[2.141,55.383],[2.208,55.414],[2.606,55.599],[2.804,55.69],[3.054,55.802],[3.07,55.81],[3.282,55.907],[3.341,55.933]]}},{"type":"Feature","properties":{"name":"UK-Denmark 4 - Seg 2","operator":"BT"},"geometry":{"type":"LineString","coordinates":[[3.341,55.933],[3.361,55.932],[3.399,55.931],[3.448,55.93],[3.68,55.922],[3.838,55.917],[3.889,55.916],[3.891,55.917],[3.892,55.916],[3.898,55.92],[3.906,55.922],[3.935,55.932],[3.941,55.932],[4.007,55.929],[4.007,55.928],[4.007,55.929],[4.168,55.921],[4.303,55.914],[4.774,55.887],[4.816,55.884],[5.057,55.88],[5.471,55.873],[5.487,55.873],[5.491,55.873],[5.588,55.871],[5.649,55.87],[5.859,55.865],[5.863,55.865],[5.88,55.865],[5.922,55.864],[5.999,55.862],[6.183,55.858],[6.355,55.853],[6.625,55.846],[6.881,55.839],[7.052,55.834],[7.084,55.835],[7.288,55.828],[7.317,55.827],[7.382,55.825],[7.398,55.824],[7.574,55.818],[7.784,55.81],[7.832,55.809],[7.949,55.795],[8.104,55.778],[8.109,55.778],[8.124,55.775]]}},{"type":"Feature","properties":{"name":"Tata North Europe","operator":"Tata Telecoms"},"geometry":{"type":"LineString","coordinates":[[0.069,54.319],[0.078,54.326],[0.067,54.333],[0.069,54.337],[0.072,54.341],[0.08,54.347],[0.096,54.357],[0.186,54.392],[0.311,54.449],[0.462,54.511],[0.553,54.543],[0.607,54.567],[0.634,54.578],[0.649,54.585],[0.678,54.594],[0.714,54.609],[0.737,54.62],[0.994,54.724],[1.087,54.761],[1.236,54.821],[1.278,54.829],[1.335,54.833],[1.547,54.835],[1.691,54.837],[1.904,54.839],[1.995,54.839],[2.087,54.839],[2.609,54.838],[3.171,54.837],[3.305,54.836],[3.379,54.836],[3.409,54.835],[3.635,54.832],[3.654,54.831],[3.676,54.827],[3.708,54.819],[3.853,54.786],[4.026,54.746],[4.054,54.741],[4.079,54.735],[4.111,54.726],[4.148,54.717],[4.429,54.651],[4.687,54.59],[4.732,54.583],[4.769,54.579],[4.783,54.58],[4.805,54.577],[4.848,54.569],[4.864,54.566],[5.051,54.526],[5.252,54.482],[5.265,54.476],[5.326,54.433],[5.449,54.341],[5.597,54.229],[5.616,54.208],[5.73,54.117],[5.802,54.058],[5.876,53.998],[5.98,53.914],[6.039,53.865],[6.115,53.803],[6.137,53.78],[6.165,53.761],[6.241,53.699],[6.278,53.668],[6.296,53.644],[6.294,53.643],[6.296,53.643],[6.313,53.619],[6.314,53.615],[6.315,53.613],[6.316,53.612],[6.318,53.611],[6.321,53.61],[6.328,53.609],[6.352,53.604],[6.565,53.565],[6.581,53.563],[6.588,53.561],[6.593,53.559],[6.598,53.556],[6.602,53.554],[6.628,53.55],[6.635,53.548],[6.646,53.542],[6.654,53.535],[6.664,53.524],[6.669,53.519],[6.678,53.512],[6.699,53.498],[6.711,53.493],[6.724,53.488],[6.752,53.481],[6.766,53.477],[6.78,53.475],[6.807,53.468],[6.81,53.467],[6.811,53.467],[6.812,53.466],[6.814,53.462]]}},{"type":"Feature","properties":{"name":"UK-FRANCE 4 - Seg 2","operator":"BT"},"geometry":{"type":"LineString","coordinates":[[1.632,51.097],[1.633,51.097]]}},{"type":"Feature","properties":{"name":"UK-BELGIUM 6 - Seg 1","operator":"BT"},"geometry":{"type":"LineString","coordinates":[[1.488,51.129],[1.504,51.131]]}},{"type":"Feature","properties":{"name":"Tata Atlantic South","operator":"Tata Telecoms"},"geometry":{"type":"LineString","coordinates":[[-74.019,40.16],[-20.006,48.001],[-19.766,48.165],[-19.605,48.216],[-19.368,48.252],[-19.104,48.303],[-18.682,48.383],[-18.487,48.42],[-18.271,48.461],[-17.896,48.534],[-17.338,48.639],[-17.181,48.668],[-17.024,48.706],[-16.771,48.754],[-16.276,48.847],[-16.193,48.863],[-15.795,48.937],[-15.727,48.95],[-15.279,49.034],[-15.178,49.053],[-14.813,49.121],[-14.608,49.16],[-14.334,49.211],[-14.207,49.235],[-13.719,49.302],[-13.487,49.359],[-13.365,49.425],[-13.095,49.494],[-13.0,49.531],[-12.647,49.596],[-12.438,49.647],[-12.171,49.677],[-11.826,49.715],[-11.708,49.73],[-11.578,49.743],[-11.543,49.745],[-11.476,49.754],[-11.064,49.8],[-10.969,49.81],[-10.4,49.874],[-10.293,49.886],[-10.128,49.922],[-10.074,49.937],[-9.977,49.958],[-9.939,49.962],[-9.825,49.987],[-9.811,49.991],[-9.779,50.0],[-9.556,50.05],[-9.514,50.062],[-9.466,50.073],[-9.423,50.081],[-9.4,50.088],[-9.381,50.093],[-9.34,50.095],[-9.299,50.103],[-9.29,50.107],[-9.277,50.116],[-9.271,50.122],[-9.268,50.127],[-9.262,50.144],[-9.259,50.148],[-9.255,50.152],[-9.254,50.152],[-9.249,50.155],[-9.214,50.172],[-9.203,50.179],[-9.194,50.184],[-9.112,50.205],[-9.073,50.22],[-9.005,50.24],[-8.98,50.245],[-8.951,50.254],[-8.925,50.262],[-8.755,50.311],[-8.725,50.318],[-8.301,50.439],[-8.263,50.448],[-8.109,50.493],[-8.08,50.5],[-7.997,50.524],[-7.976,50.533],[-7.788,50.588],[-7.603,50.64],[-7.538,50.662],[-7.27,50.738],[-7.248,50.742],[-7.201,50.748],[-7.118,50.755],[-7.077,50.756],[-6.891,50.773],[-6.812,50.778],[-6.271,50.825],[-6.147,50.836],[-5.941,50.837],[-5.902,50.836],[-5.817,50.836],[-5.777,50.837],[-5.645,50.836],[-5.591,50.837],[-5.571,50.839],[-5.545,50.845],[-5.511,50.849],[-5.497,50.853],[-5.459,50.864],[-5.448,50.867],[-5.435,50.871],[-5.403,50.889],[-5.389,50.894],[-5.353,50.913],[-5.3,50.936],[-5.183,50.974],[-5.088,51.001],[-5.044,51.018],[-4.996,51.033],[-4.995,51.034],[-4.878,51.067],[-4.681,51.102],[-4.6,51.105],[-4.514,51.104],[-4.511,51.104],[-4.502,51.103],[-4.484,51.103],[-4.392,51.106],[-4.333,51.11],[-4.225,51.117],[-4.221,51.117]]}},{"type":"Feature","properties":{"name":"UK-GERMANY 5 - Seg 4","operator":"BT"},"geometry":{"type":"LineString","coordinates":[[1.955,52.734],[1.973,52.733]]}},{"type":"Feature","properties":{"name":"TAT13","operator":"BT"},"geometry":{"type":"LineString","coordinates":[[-4.347,47.832],[-4.38,47.836],[-4.409,47.83],[-4.446,47.826],[-4.585,47.785],[-4.639,47.739],[-4.692,47.71],[-4.785,47.685],[-4.817,47.669],[-4.836,47.66],[-4.873,47.657],[-4.943,47.636],[-5.017,47.626],[-5.033,47.621],[-5.409,47.549],[-5.433,47.544],[-5.475,47.538],[-5.505,47.533],[-5.546,47.53],[-5.683,47.501],[-5.766,47.488],[-5.801,47.483],[-5.817,47.479],[-5.864,47.467],[-5.899,47.436],[-5.909,47.428],[-5.921,47.403],[-5.955,47.367],[-6.005,47.316],[-6.059,47.261],[-6.096,47.25],[-6.099,47.249],[-6.125,47.243],[-6.168,47.232],[-6.178,47.221],[-6.23,47.09],[-6.237,47.071],[-6.225,47.036],[-6.25,46.917],[-6.44,46.752],[-6.5,46.7],[-6.8,46.467],[-6.807,46.465],[-7.071,46.4],[-7.349,46.365],[-7.498,46.344],[-7.896,46.293],[-8.449,46.221],[-8.996,46.149],[-9.543,46.078]]}},{"type":"Feature","properties":{"name":"TAT12 Interlink","operator":"BT"},"geometry":{"type":"LineString","coordinates":[[-4.346,47.841],[-4.379,47.848],[-4.392,47.846],[-4.427,47.854],[-4.444,47.857],[-4.477,47.861],[-4.533,47.859],[-4.6,47.86],[-4.607,47.861],[-4.708,47.863],[-4.784,47.865],[-4.85,47.866],[-4.906,47.862],[-4.928,47.865],[-5.011,47.866],[-5.067,47.874],[-5.111,47.88],[-5.252,47.906],[-5.289,47.913],[-5.38,47.931],[-5.411,47.947],[-5.446,47.967],[-5.446,47.968],[-5.469,47.974],[-5.536,48.012],[-5.563,48.023],[-5.609,48.045],[-5.8,48.114],[-5.878,48.145],[-5.884,48.147],[-5.937,48.165],[-5.946,48.167],[-5.964,48.17],[-5.982,48.187],[-6.01,48.191],[-6.03,48.198],[-6.083,48.217],[-6.1,48.233],[-6.116,48.247],[-6.121,48.251],[-6.159,48.288],[-6.175,48.3],[-6.197,48.314],[-6.207,48.33],[-6.209,48.334],[-6.211,48.335],[-6.209,48.337],[-6.213,48.337],[-6.214,48.338],[-6.219,48.342],[-6.24,48.362],[-6.265,48.384],[-6.264,48.386],[-6.259,48.392],[-6.147,48.563],[-6.12,48.617],[-6.06,48.72],[-6.059,48.724],[-6.058,48.726],[-6.053,48.736],[-6.051,48.739],[-6.05,48.74],[-6.046,48.74],[-6.048,48.742],[-6.044,48.749],[-6.042,48.751],[-6.039,48.756],[-6.014,48.799],[-6.01,48.805],[-6.002,48.818],[-5.973,48.862],[-5.95,48.907],[-5.948,48.912],[-5.944,48.918],[-5.94,48.923],[-5.94,48.925],[-5.937,48.925],[-5.939,48.926],[-5.939,48.927],[-5.92,48.958],[-5.917,48.964],[-5.911,48.981],[-5.909,48.986],[-5.909,48.988],[-5.912,49.002],[-5.9,49.038],[-5.899,49.044],[-5.894,49.057],[-5.883,49.084],[-5.878,49.097],[-5.868,49.129],[-5.867,49.132],[-5.867,49.135],[-5.864,49.135],[-5.866,49.136],[-5.865,49.138],[-5.855,49.176],[-5.854,49.178],[-5.851,49.189],[-5.851,49.191],[-5.847,49.192],[-5.848,49.192],[-5.85,49.194],[-5.85,49.195],[-5.836,49.239],[-5.825,49.258],[-5.825,49.259],[-5.846,49.279],[-5.849,49.284],[-5.852,49.289],[-5.853,49.292],[-5.858,49.298],[-5.871,49.317],[-5.875,49.322],[-5.865,49.35],[-5.834,49.417],[-5.828,49.432],[-5.822,49.45],[-5.822,49.452],[-5.817,49.472],[-5.818,49.473],[-5.817,49.474],[-5.816,49.475],[-5.816,49.476],[-5.814,49.481],[-5.817,49.482],[-5.816,49.482],[-5.815,49.483],[-5.814,49.483],[-5.813,49.485],[-5.813,49.486],[-5.81,49.5],[-5.807,49.507],[-5.799,49.533],[-5.771,49.617],[-5.755,49.657],[-5.753,49.662],[-5.747,49.674],[-5.746,49.687],[-5.739,49.708],[-5.742,49.709],[-5.74,49.71],[-5.739,49.71],[-5.738,49.713],[-5.737,49.715],[-5.706,49.817],[-5.703,49.823],[-5.685,49.867],[-5.685,49.87],[-5.688,49.884],[-5.69,49.892],[-5.688,49.897],[-5.674,49.906],[-5.672,49.91],[-5.669,49.933],[-5.663,49.969],[-5.663,49.971],[-5.65,50.0],[-5.649,50.015],[-5.641,50.025],[-5.64,50.028],[-5.637,50.035],[-5.652,50.044]]}},{"type":"Feature","properties":{"name":"Tangerine","operator":"Level 3 Global Submarine"},"geometry":{"type":"LineString","coordinates":[[1.438,51.349],[1.445,51.345],[1.454,51.343],[1.457,51.342],[1.463,51.342],[1.465,51.342],[1.469,51.341],[1.47,51.341],[1.474,51.341],[1.475,51.341],[1.48,51.341],[1.548,51.341],[1.552,51.341],[1.564,51.342],[1.648,51.349],[1.681,51.35],[1.75,51.358],[1.757,51.358],[1.782,51.353],[1.798,51.351],[1.818,51.346],[1.848,51.341],[1.868,51.339],[1.88,51.337],[1.92,51.333],[1.927,51.331],[1.959,51.328],[1.98,51.338],[1.993,51.342],[2.003,51.342],[2.028,51.338],[2.081,51.337],[2.164,51.333],[2.268,51.32],[2.295,51.322],[2.339,51.334],[2.464,51.365],[2.495,51.372],[2.502,51.372],[2.504,51.372],[2.505,51.372],[2.506,51.371],[2.507,51.371],[2.515,51.37],[2.54,51.351],[2.563,51.346],[2.722,51.341],[2.758,51.327],[2.773,51.306],[2.779,51.299],[2.779,51.298],[2.78,51.298],[2.78,51.297],[2.781,51.296],[2.785,51.293],[2.844,51.252],[2.848,51.249],[2.853,51.246],[2.858,51.243],[2.87,51.24],[2.878,51.235],[2.88,51.226],[2.881,51.224],[2.881,51.223],[2.885,51.219]]}},{"type":"Feature","properties":{"name":"TAT 9","operator":"BT"},"geometry":{"type":"LineString","coordinates":[[-7.417,46.918],[-7.335,47.0],[-7.168,47.135],[-7.068,47.25],[-7.051,47.284],[-7.085,47.334],[-7.034,47.433],[-7.018,47.451],[-7.001,47.484],[-7.0,47.485],[-6.984,47.517],[-6.901,47.65],[-6.884,47.668],[-6.867,47.7],[-6.835,47.735],[-6.817,47.785],[-6.8,47.817],[-6.75,47.884],[-6.75,47.9],[-6.701,47.967],[-6.683,48.001],[-6.652,48.034],[-6.583,48.152],[-6.433,48.335],[-6.401,48.368],[-6.368,48.401],[-6.333,48.467],[-6.235,48.618],[-6.217,48.667],[-6.202,48.684],[-6.185,48.718],[-6.151,48.784],[-5.934,49.201],[-5.885,49.268],[-5.718,49.317],[-5.65,49.45],[-5.551,49.584],[-5.551,49.601],[-5.518,49.651],[-5.468,49.718],[-5.417,49.833]]}},{"type":"Feature","properties":{"name":"TAT 11","operator":"Cable & Wireless"},"geometry":{"type":"LineString","coordinates":[[-4.16,51.557],[-4.148,51.554],[-4.147,51.554],[-4.144,51.553],[-4.137,51.551],[-4.134,51.552],[-4.129,51.548],[-4.147,51.492],[-4.162,51.472],[-4.191,51.431],[-4.27,51.388],[-4.367,51.367],[-4.702,51.315],[-4.742,51.283],[-4.775,51.263],[-4.782,51.26],[-5.024,51.153],[-5.566,50.917],[-5.57,50.914],[-5.574,50.91],[-5.576,50.907],[-5.591,50.896],[-5.603,50.886],[-5.608,50.882],[-5.61,50.882],[-5.638,50.865],[-5.708,50.805],[-5.718,50.793],[-5.719,50.79],[-5.727,50.781],[-5.729,50.779],[-5.73,50.778],[-5.874,50.655],[-5.934,50.604],[-5.935,50.604],[-5.955,50.586],[-5.977,50.559],[-6.024,50.518],[-6.071,50.493],[-6.108,50.478],[-6.153,50.453],[-6.224,50.415],[-6.232,50.41],[-6.262,50.395],[-6.273,50.388],[-6.429,50.303],[-6.503,50.263],[-6.504,50.262],[-6.648,50.184],[-6.788,50.106],[-6.792,50.104],[-6.873,50.043],[-6.881,50.024],[-6.888,50.012],[-6.889,50.009],[-6.942,49.884],[-6.963,49.833],[-7.089,49.26],[-7.089,49.259],[-7.116,49.133],[-7.101,49.094],[-7.084,49.05],[-7.088,49.013],[-7.096,48.905],[-7.099,48.873],[-7.099,48.87],[-7.105,48.808],[-7.124,48.757],[-7.136,48.619],[-7.127,48.566],[-7.133,48.5],[-7.166,48.423],[-7.263,48.306],[-7.266,48.303],[-7.267,48.301],[-7.345,48.205],[-7.539,47.967],[-7.567,47.951],[-7.571,47.949],[-7.586,47.935],[-7.618,47.923],[-7.679,47.904],[-7.739,47.881],[-7.8,47.862],[-7.853,47.833],[-7.872,47.819],[-7.933,47.777],[-7.95,47.764],[-8.002,47.714],[-8.011,47.705],[-8.135,47.637],[-8.152,47.627],[-8.208,47.562],[-8.207,47.543],[-8.215,47.524],[-8.219,47.51],[-8.278,47.405],[-8.348,47.333],[-8.35,47.333],[-8.422,47.288],[-8.453,47.203],[-8.537,47.18],[-8.656,47.19],[-8.711,47.193],[-10.187,47.309],[-10.379,47.324],[-10.558,47.324],[-11.559,47.239],[-11.729,47.231],[-12.556,47.194],[-13.207,47.213],[-13.261,47.216],[-13.555,47.225],[-14.051,47.283],[-14.5,47.303],[-14.768,47.316],[-15.013,47.328],[-15.642,47.547],[-15.767,47.591],[-16.142,47.645],[-16.177,47.65],[-16.187,47.657],[-16.306,47.742],[-16.551,47.8],[-16.626,47.821],[-16.791,47.98],[-17.006,48.013],[-17.09,48.013],[-17.538,48.013],[-17.616,48.013],[-17.633,48.013],[-18.523,48.019],[-18.552,48.019],[-18.885,48.019],[-19.09,48.011],[-19.906,47.982],[-20.092,48.017],[-20.275,48.015],[-20.391,48.008],[-20.478,48.027],[-20.588,48.094],[-20.62,48.114],[-20.703,48.123],[-21.097,48.123],[-21.555,47.993],[-21.849,47.922],[-22.052,47.894],[-22.211,47.872],[-22.417,47.806],[-22.581,47.802],[-22.682,47.827],[-22.723,47.851],[-22.795,47.863],[-22.983,47.853],[-23.526,47.684],[-23.584,47.684],[-23.655,47.705],[-23.77,47.784],[-23.91,47.802],[-23.93,47.805],[-24.053,47.789],[-24.142,47.747],[-24.174,47.714],[-24.246,47.695],[-24.308,47.681],[-24.37,47.674],[-24.452,47.644],[-24.585,47.631],[-24.718,47.68],[-24.883,47.655],[-25.206,47.609]]}},{"type":"Feature","properties":{"name":"TAT 10B EAST SECTION","operator":"Deutsche Telekom AG"},"geometry":{"type":"LineString","coordinates":[[7.236,53.758],[7.194,53.797],[7.194,53.798],[7.192,53.801],[7.085,53.821],[7.063,53.862],[7.063,53.864],[7.032,53.921],[7.027,53.925],[7.014,53.955],[7.008,53.966],[6.901,54.013],[6.9,54.014],[6.875,54.024],[6.729,54.088],[6.72,54.092],[6.714,54.094],[6.666,54.116],[6.666,54.177],[6.665,54.186],[6.666,54.19],[6.665,54.201],[6.665,54.249],[6.565,54.381],[6.564,54.384],[6.562,54.387],[6.558,54.39],[6.549,54.401],[6.538,54.415],[6.534,54.418],[6.532,54.419],[6.478,54.494],[6.293,54.733],[6.291,54.735],[6.284,54.745],[6.269,54.764],[6.119,55.036],[6.084,55.098],[6.079,55.103],[5.902,55.42],[5.771,55.65],[5.76,55.668],[5.726,55.728],[5.723,55.733],[5.651,55.857],[5.649,55.861],[5.643,55.864],[5.649,55.87],[5.648,55.879],[5.635,55.893],[5.633,55.895],[5.586,55.942],[5.543,55.996],[5.502,56.038],[5.46,56.081],[5.426,56.105],[5.126,56.404],[4.989,56.538],[4.827,56.696],[4.792,56.73],[4.703,56.817],[4.694,56.826],[4.681,56.838],[4.678,56.845],[4.668,56.851],[4.598,56.917],[4.577,56.936],[4.56,56.953],[4.445,57.062],[4.331,57.171],[4.145,57.345],[3.672,57.78],[3.372,58.049],[3.248,58.156],[3.2,58.2],[3.126,58.264],[3.112,58.275],[3.085,58.301],[3.051,58.333],[2.982,58.393],[2.962,58.41],[2.937,58.432],[2.867,58.492],[2.853,58.505],[2.779,58.569],[2.666,58.664],[2.452,58.758],[2.438,58.763],[2.421,58.771],[2.402,58.781],[2.398,58.783],[2.394,58.784],[2.389,58.785],[2.384,58.786],[2.379,58.787],[2.373,58.787],[2.368,58.787],[2.344,58.785],[2.325,58.784],[2.314,58.784],[2.304,58.785],[2.299,58.786],[2.29,58.788],[2.29,58.789],[2.271,58.796],[2.257,58.802],[2.152,58.837],[2.14,58.841],[2.133,58.843],[2.128,58.844],[2.124,58.846],[2.12,58.847],[2.117,58.85],[2.111,58.853],[2.018,58.975],[2.012,58.988],[2.009,58.991],[2.008,58.992],[2.004,58.995],[2.001,58.996],[1.996,58.998],[1.993,58.999],[1.99,59.0],[1.986,59.0],[1.979,59.001],[1.972,59.001],[1.948,59.0],[1.902,58.999],[1.773,59.0],[1.739,59.001],[1.733,59.001],[1.725,59.0],[1.719,58.999],[1.705,58.994],[1.698,58.992],[1.695,58.991],[1.695,58.992],[1.691,58.991],[1.689,58.991],[1.68,58.993],[1.648,58.999],[1.629,58.999],[1.548,58.998],[1.382,58.998],[1.282,59.0],[1.204,59.0],[0.998,59.001],[0.698,58.989],[0.484,58.977],[0.143,58.964],[0.094,58.96],[0.084,58.961],[0.079,58.961],[0.074,58.962],[0.069,58.964],[0.062,58.967],[0.056,58.97],[0.049,58.974],[0.009,58.994],[-0.0,58.999],[-0.071,59.019],[-0.144,59.041],[-0.656,59.187],[-0.677,59.194],[-0.686,59.196],[-0.691,59.197],[-0.694,59.197],[-0.696,59.198],[-0.702,59.198],[-0.707,59.198],[-0.723,59.197],[-0.798,59.19],[-0.862,59.181],[-0.985,59.168],[-1.002,59.166],[-1.181,59.166],[-1.241,59.166],[-1.25,59.165],[-1.26,59.165],[-1.263,59.166],[-1.266,59.167],[-1.271,59.17],[-1.273,59.171],[-1.276,59.177],[-1.368,59.326],[-1.373,59.337],[-1.377,59.343],[-1.381,59.347],[-1.387,59.351],[-1.389,59.352]]}},{"type":"Feature","properties":{"name":"TAT 8 France","operator":"BT"},"geometry":{"type":"LineString","coordinates":[[-8.417,47.501],[-8.334,47.5],[-8.318,47.501],[-8.317,47.5],[-8.284,47.501],[-8.267,47.518],[-8.267,47.584],[-8.218,47.634],[-8.15,47.668],[-8.051,47.702],[-8.034,47.717],[-8.033,47.717],[-7.984,47.735],[-7.935,47.768],[-7.934,47.784],[-7.933,47.784],[-7.833,47.868],[-7.817,47.885],[-7.817,47.9],[-7.802,47.9],[-7.8,47.918],[-7.784,47.934],[-7.751,47.934],[-7.734,47.935],[-7.585,47.933],[-7.584,47.933],[-7.568,47.933],[-7.551,47.918],[-7.55,47.918],[-7.501,47.901],[-7.185,47.834],[-7.184,47.834],[-7.134,47.818],[-6.968,47.785],[-6.933,47.784],[-6.868,47.767],[-6.867,47.767],[-6.701,47.733],[-6.7,47.733],[-6.217,47.751],[-6.2,47.751],[-6.168,47.751],[-6.118,47.751],[-5.885,47.734],[-5.868,47.734],[-5.834,47.734],[-5.818,47.735],[-5.817,47.735],[-5.817,47.75],[-5.767,47.751],[-5.717,47.75],[-5.667,47.718],[-5.617,47.734],[-5.601,47.734],[-5.584,47.734],[-5.568,47.734],[-5.534,47.735],[-5.401,47.752],[-5.334,47.767],[-5.251,47.768],[-5.234,47.768],[-5.217,47.784],[-5.168,47.784],[-5.15,47.784],[-5.034,47.785],[-5.018,47.785],[-4.984,47.8]]}},{"type":"Feature","properties":{"name":"TAT 12","operator":"BT"},"geometry":{"type":"LineString","coordinates":[[-5.697,50.079],[-5.702,50.081],[-5.706,50.084],[-5.718,50.089],[-5.727,50.09],[-5.75,50.088],[-5.783,50.08],[-5.8,50.08],[-5.813,50.084],[-5.816,50.09],[-5.842,50.098],[-5.845,50.099],[-5.887,50.118],[-5.891,50.119],[-5.951,50.145],[-5.978,50.157],[-5.992,50.163],[-6.014,50.163],[-6.05,50.164],[-6.349,50.149],[-6.572,50.138],[-6.727,50.13],[-6.752,50.137],[-6.9,50.133],[-6.922,50.133],[-6.929,50.133],[-6.94,50.133],[-7.001,50.133],[-7.163,50.08],[-7.325,50.027],[-7.419,49.996],[-7.474,49.978],[-7.483,49.975],[-7.501,49.967],[-7.534,49.961],[-7.542,49.957],[-7.567,49.956],[-7.581,49.952],[-7.6,49.948],[-7.629,49.93],[-7.65,49.921],[-7.752,49.887],[-7.883,49.844],[-7.9,49.838],[-7.913,49.834],[-7.917,49.832],[-7.933,49.832],[-8.127,49.813],[-8.384,49.789],[-8.462,49.779],[-8.487,49.776],[-8.515,49.773],[-8.524,49.772],[-8.55,49.768],[-8.627,49.768],[-8.647,49.766],[-8.65,49.765],[-8.674,49.763],[-8.783,49.75],[-8.867,49.742],[-8.884,49.741],[-9.167,49.713],[-9.217,49.712],[-9.335,49.698],[-9.383,49.692],[-9.45,49.686],[-9.496,49.684],[-9.526,49.682],[-9.783,49.655],[-9.883,49.644],[-10.109,49.624],[-10.597,49.578],[-10.718,49.566],[-10.786,49.56],[-11.041,49.535],[-11.326,49.506],[-11.56,49.482],[-11.8,49.458],[-11.826,49.456],[-12.511,49.387],[-12.797,49.357],[-12.876,49.349],[-13.073,49.329],[-13.078,49.328],[-13.196,49.302],[-13.203,49.316],[-13.258,49.288],[-13.275,49.285],[-13.637,49.219],[-13.65,49.216],[-14.174,49.055],[-14.667,48.9],[-14.711,48.886],[-15.247,48.725],[-15.5,48.647],[-15.834,48.434],[-16.167,48.308],[-16.218,48.303],[-16.411,48.287],[-16.496,48.28],[-16.774,48.255],[-16.833,48.25],[-17.195,48.123],[-17.325,48.014],[-17.452,47.905],[-17.587,47.79],[-17.632,47.773],[-17.665,47.765],[-17.753,47.737],[-18.228,47.683],[-18.754,47.709],[-18.818,47.712],[-19.03,47.722],[-19.205,47.719],[-19.307,47.717],[-19.333,47.716],[-19.583,47.6],[-19.628,47.562],[-19.709,47.493],[-19.743,47.465],[-19.773,47.438],[-20.0,47.358]]}},{"type":"Feature","properties":{"name":"TAT 8 North PIECE","operator":"BT"},"geometry":{"type":"LineString","coordinates":[[-5.409,50.711],[-5.416,50.709]]}},{"type":"Feature","properties":{"name":"TAT 8 North","operator":"BT"},"geometry":{"type":"LineString","coordinates":[[-8.568,47.517],[-8.467,47.617],[-8.433,47.634],[-8.401,47.634],[-8.385,47.651],[-8.351,47.651],[-8.335,47.668],[-8.333,47.668],[-8.301,47.684],[-8.285,47.685],[-8.151,47.75],[-8.0,47.817],[-7.901,47.867],[-7.85,47.901],[-7.817,47.951],[-7.701,48.068],[-7.533,48.534],[-7.4,48.851],[-7.418,48.867],[-7.468,48.885],[-7.451,48.934],[-7.401,49.035],[-7.318,49.2],[-7.168,49.5],[-7.168,49.534],[-7.117,49.833],[-6.868,50.2],[-6.768,50.351],[-6.751,50.368],[-6.718,50.384],[-6.533,50.434],[-6.252,50.501],[-6.001,50.568],[-6.0,50.568],[-5.617,50.652]]}},{"type":"Feature","properties":{"name":"TAT 8","operator":"BT"},"geometry":{"type":"LineString","coordinates":[[-19.434,47.467],[-18.968,47.418],[-18.167,47.35],[-18.151,47.35],[-17.283,47.301],[-17.267,47.301],[-16.918,47.234],[-16.734,47.218],[-16.467,47.234],[-15.617,47.268],[-15.55,47.283],[-15.184,47.467],[-15.0,47.484],[-14.851,47.467],[-14.734,47.435],[-14.5,47.435],[-14.034,47.484],[-13.201,47.434],[-13.167,47.433],[-13.0,47.433],[-11.667,47.533],[-11.6,47.452],[-11.5,47.367],[-11.05,47.4],[-10.851,47.418],[-10.333,47.5],[-10.018,47.501],[-9.55,47.533],[-9.167,47.518],[-8.568,47.517],[-8.417,47.501]]}},{"type":"Feature","properties":{"name":"TAT 11 France","operator":"Cable & Wireless"},"geometry":{"type":"LineString","coordinates":[[-1.992,46.728],[-2.005,46.722],[-2.013,46.717],[-2.054,46.693],[-2.108,46.668],[-2.175,46.633],[-2.237,46.602],[-2.25,46.596],[-2.327,46.58],[-2.542,46.535],[-2.787,46.609],[-3.06,46.692],[-4.051,46.764],[-4.541,46.8],[-4.684,46.784],[-4.688,46.784],[-4.867,46.763],[-5.016,46.711],[-5.022,46.705],[-5.042,46.698],[-5.176,46.653],[-5.226,46.635],[-5.263,46.623],[-5.291,46.607],[-5.372,46.569],[-5.5,46.558],[-5.617,46.602],[-5.653,46.602],[-5.823,46.602],[-5.983,46.68],[-6.007,46.683],[-6.307,46.724],[-6.44,46.767],[-6.445,46.768],[-6.558,46.785],[-6.795,46.82],[-6.865,46.831],[-6.933,46.842],[-7.283,47.067],[-7.558,47.098],[-7.839,47.147],[-8.058,47.185],[-8.241,47.296],[-8.348,47.331],[-8.35,47.333]]}},{"type":"Feature","properties":{"name":"TAT 10B WEST SECTION","operator":"Deutsche Telekom AG"},"geometry":{"type":"LineString","coordinates":[[-3.532,59.831],[-3.68,59.868],[-4.241,59.987],[-4.3,59.999],[-4.314,60.0],[-4.589,60.015],[-4.835,60.028],[-4.928,60.032],[-5.002,60.038],[-5.394,60.065],[-5.5,60.073],[-5.643,60.086],[-5.792,60.099],[-6.0,60.118],[-6.5,60.192],[-6.833,60.243],[-7.526,60.219],[-7.965,60.112],[-8.0,60.103],[-8.013,60.09],[-8.111,60.077],[-8.5,59.987],[-8.94,59.901],[-8.959,59.912],[-9.5,59.822],[-9.825,59.766],[-10.5,59.651],[-10.907,59.577],[-11.5,59.377],[-11.827,59.257],[-13.5,58.615],[-13.665,58.567],[-13.722,58.567],[-15.5,58.533],[-15.901,58.461],[-15.967,58.45],[-17.323,57.58],[-18.705,56.662]]}},{"type":"Feature","properties":{"name":"FLAG Europe-Asia","operator":"Flag Ltd."},"geometry":{"type":"LineString","coordinates":[[-5.65,50.043],[-5.634,50.034],[-5.651,50.017],[-5.667,50.001],[-5.684,49.984],[-5.717,49.967],[-5.768,49.917],[-5.784,49.902],[-5.785,49.901],[-5.801,49.901],[-5.802,49.901],[-5.833,49.885],[-5.851,49.883],[-5.868,49.868],[-5.884,49.867],[-5.917,49.851],[-5.935,49.834],[-5.951,49.833],[-6.051,49.768],[-6.117,49.75],[-6.398,49.607],[-6.591,49.507],[-6.701,49.451],[-6.95,49.334],[-6.984,49.333],[-7.002,49.318],[-7.033,49.318],[-7.268,49.3],[-7.284,49.285],[-7.384,49.284],[-7.401,49.283],[-7.417,49.268],[-7.546,49.192],[-7.701,49.101],[-7.912,48.974],[-8.136,48.84],[-8.284,48.75],[-8.5,48.617],[-8.676,48.555],[-8.883,48.482],[-9.098,48.405],[-9.252,48.351],[-9.267,48.351],[-9.418,48.285],[-9.451,48.283],[-9.484,48.251],[-9.485,48.25],[-9.5,48.234],[-9.5,48.218],[-9.5,48.201],[-9.501,48.167],[-9.501,48.134],[-9.501,48.117],[-9.502,48.101],[-9.517,48.1],[-9.551,48.018],[-9.518,47.917],[-9.534,47.75],[-9.668,47.518],[-9.684,47.5],[-9.818,47.268],[-9.906,47.128],[-9.997,46.982],[-10.101,46.817],[-10.182,46.682],[-10.299,46.485],[-10.403,46.309],[-10.517,46.117],[-10.589,45.991],[-10.667,45.851],[-10.784,45.667],[-10.851,45.541],[-10.917,45.417],[-11.064,45.216],[-11.234,44.985],[-11.435,44.801],[-11.468,44.768],[-11.634,44.583],[-11.765,44.39],[-11.917,44.167],[-11.918,44.134],[-12.0,43.999],[-12.101,43.834],[-12.251,43.64],[-12.384,43.467],[-12.481,43.327],[-12.581,43.183],[-12.718,42.985],[-12.668,42.785],[-12.629,42.608],[-12.583,42.4],[-12.534,42.227],[-12.483,42.051],[-12.418,41.83],[-12.38,41.702],[-12.332,41.54],[-12.267,41.317],[-12.219,41.143],[-12.164,40.943],[-12.108,40.738],[-12.067,40.585],[-12.05,40.533],[-12.085,40.467],[-12.2,40.317],[-12.173,40.171],[-12.146,40.019],[-12.118,39.868],[-12.1,39.701],[-12.07,39.551],[-12.029,39.352],[-11.984,39.134],[-11.946,38.949],[-11.902,38.733],[-11.684,38.618],[-11.534,38.551],[-11.484,38.518],[-11.358,38.381],[-11.221,38.23],[-11.102,38.1],[-10.968,37.951],[-10.826,37.786],[-10.705,37.645],[-10.596,37.518],[-10.467,37.368],[-10.35,37.218],[-10.25,37.035],[-10.201,36.983],[-10.117,36.849],[-10.035,36.718],[-9.961,36.6],[-9.851,36.422],[-9.734,36.234],[-9.7,36.2],[-9.617,36.1],[-9.585,36.068],[-9.552,36.035],[-9.451,36.0],[-9.402,35.985],[-9.192,35.985],[-8.985,35.985],[-8.701,35.935],[-8.684,35.934],[-8.451,35.884],[-8.181,35.818],[-8.007,35.775],[-7.768,35.717],[-7.583,35.671],[-7.409,35.628],[-7.246,35.587],[-7.101,35.551],[-7.0,35.501],[-6.968,35.5],[-6.951,35.501],[-6.918,35.501],[-6.917,35.501],[-6.835,35.535],[-6.768,35.567],[-6.734,35.583],[-6.734,35.584],[-6.733,35.584],[-6.702,35.601],[-6.701,35.601],[-6.684,35.634],[-6.668,35.635],[-6.602,35.668],[-6.534,35.684],[-6.451,35.702],[-6.185,35.8],[-6.135,35.817],[-6.1,35.833],[-6.034,35.851],[-6.001,35.851],[-5.968,35.851],[-5.967,35.852],[-5.95,35.852],[-5.935,35.852],[-5.934,35.852],[-5.9,35.868],[-5.851,35.884],[-5.767,35.9],[-5.701,35.933],[-5.668,35.918],[-5.667,35.918],[-5.651,35.918],[-5.602,35.917],[-5.584,35.917],[-5.567,35.934],[-5.551,35.934],[-5.518,35.934],[-5.484,35.95],[-5.333,35.983],[-5.283,35.984],[-5.267,35.985],[-5.251,36.001],[-5.25,36.017],[-5.234,36.018],[-5.217,36.018],[-5.185,36.018],[-5.083,36.051],[-5.051,36.051],[-4.951,36.051]]}},{"type":"Feature","properties":{"name":"Flag Atlantic South","operator":"Flag Ltd."},"geometry":{"type":"LineString","coordinates":[[-2.883,48.676],[-2.876,48.679],[-2.852,48.701],[-2.851,48.701],[-2.818,48.708],[-2.785,48.724],[-2.781,48.727],[-2.782,48.745],[-2.779,48.767],[-2.773,48.783],[-2.771,48.8],[-2.772,48.804],[-2.776,48.812],[-2.783,48.822],[-2.82,48.924],[-2.822,48.943],[-2.831,48.952],[-2.835,48.968],[-2.841,48.973],[-2.879,48.978],[-2.915,48.985],[-2.931,48.991],[-2.942,48.993],[-3.0,49.0],[-3.05,49.004],[-3.053,49.003],[-3.053,49.002],[-3.083,49.0],[-3.118,49.0],[-3.15,49.0],[-3.178,48.997],[-3.181,48.998],[-3.217,49.0],[-3.4,49.001],[-3.404,49.0],[-3.417,48.997],[-3.45,48.997],[-3.467,49.0],[-3.477,49.0],[-3.517,49.001],[-3.533,48.997],[-3.55,49.001],[-3.715,49.001],[-3.744,49.001],[-3.819,49.0],[-3.82,49.0],[-3.827,49.0],[-3.887,49.0],[-3.894,49.0],[-3.9,49.0],[-3.917,48.997],[-3.919,48.998],[-3.933,49.001],[-4.033,49.001],[-4.041,48.999],[-4.05,48.997],[-4.083,48.998],[-4.1,49.002],[-4.117,49.002],[-4.129,48.997],[-4.15,48.997],[-4.166,49.001],[-4.256,49.001],[-4.393,49.0],[-4.55,49.0],[-4.792,49.0],[-4.8,48.998],[-4.807,48.998],[-4.829,49.0],[-5.05,48.999],[-5.064,49.003],[-5.078,49.0],[-5.089,49.0],[-5.165,49.0],[-5.292,49.0],[-5.333,49.0],[-5.36,49.0],[-5.382,49.0],[-5.426,49.0],[-5.484,49.001],[-5.517,48.992],[-5.653,48.965],[-5.717,48.965],[-5.753,48.968],[-5.758,48.968],[-5.783,48.965],[-5.851,48.964],[-5.91,48.964],[-5.917,48.964],[-5.92,48.964],[-5.925,48.967],[-5.929,48.965],[-5.93,48.964],[-5.949,48.964],[-5.955,48.964],[-5.964,48.964],[-5.967,48.962],[-5.97,48.964],[-6.015,48.965],[-6.058,48.968],[-6.065,48.969],[-6.083,48.97],[-6.098,48.969],[-6.11,48.966],[-6.167,48.93],[-6.335,48.835],[-6.341,48.827],[-6.343,48.817],[-6.504,48.55],[-6.506,48.538],[-6.513,48.529],[-6.524,48.517],[-6.587,48.411],[-6.588,48.41],[-6.686,48.248],[-6.789,48.075],[-6.827,48.009],[-6.836,48.002],[-6.847,47.997],[-7.033,47.962],[-7.254,47.919],[-7.265,47.916],[-7.275,47.91],[-7.317,47.869],[-7.318,47.869],[-7.322,47.864],[-7.327,47.861],[-7.329,47.858],[-7.335,47.858],[-7.335,47.857],[-7.333,47.854],[-7.334,47.853],[-7.412,47.778],[-7.45,47.741],[-7.456,47.732],[-7.467,47.725],[-7.527,47.667],[-7.548,47.651],[-7.551,47.635],[-7.552,47.628],[-7.554,47.622],[-7.559,47.606],[-7.568,47.584],[-7.576,47.571],[-7.59,47.549],[-7.61,47.54],[-7.625,47.525],[-7.66,47.489],[-7.678,47.471],[-7.697,47.453],[-7.714,47.443],[-7.729,47.431],[-7.731,47.428],[-7.748,47.379],[-7.752,47.37],[-7.803,47.322],[-7.833,47.296],[-7.986,47.196],[-8.007,47.176],[-8.039,47.149],[-8.089,47.12],[-8.145,47.085],[-8.233,47.002],[-8.268,46.969],[-8.35,46.942],[-8.507,46.934],[-9.044,46.925],[-9.627,46.916],[-9.833,46.913],[-10.152,46.901],[-10.178,46.9],[-10.68,46.893],[-11.717,46.88],[-12.006,46.877],[-14.107,46.862],[-14.698,46.943],[-14.884,46.899],[-15.009,46.943],[-15.137,46.987],[-15.344,46.978],[-15.382,46.991],[-15.395,47.005],[-15.462,47.079],[-15.538,47.09],[-15.661,47.068],[-15.938,47.06],[-16.413,47.128],[-16.824,47.127],[-16.947,47.148],[-17.196,47.14],[-17.453,47.132],[-17.667,47.097],[-17.984,47.089],[-18.243,47.057],[-18.493,47.01],[-18.603,46.989],[-18.747,46.994],[-19.13,46.927],[-19.405,46.924],[-19.763,46.861],[-20.033,46.826]]}},{"type":"Feature","properties":{"name":"Hugo Seg 2","operator":"C&W"},"geometry":{"type":"LineString","coordinates":[[-2.558,49.424],[-2.558,49.423],[-2.557,49.422],[-2.553,49.418],[-2.553,49.413],[-2.553,49.412],[-2.557,49.407],[-2.56,49.404],[-2.598,49.387],[-2.602,49.384],[-2.605,49.383],[-2.615,49.379],[-2.639,49.372],[-2.643,49.371],[-2.647,49.371],[-2.659,49.37],[-2.664,49.37],[-2.682,49.365],[-2.686,49.363],[-2.708,49.358],[-2.749,49.347],[-2.783,49.339],[-2.797,49.334],[-2.808,49.331],[-2.858,49.319],[-2.868,49.317],[-2.944,49.311],[-2.979,49.306],[-2.994,49.301],[-2.996,49.299],[-2.999,49.296],[-3.007,49.29],[-3.007,49.288],[-3.012,49.287],[-3.018,49.284],[-3.022,49.283],[-3.091,49.251],[-3.122,49.238],[-3.128,49.235],[-3.133,49.236],[-3.134,49.234],[-3.141,49.232],[-3.152,49.228],[-3.164,49.225],[-3.183,49.221],[-3.186,49.22],[-3.189,49.218],[-3.198,49.209],[-3.201,49.205],[-3.203,49.2],[-3.204,49.199],[-3.206,49.197],[-3.208,49.196],[-3.209,49.195],[-3.211,49.194],[-3.272,49.179],[-3.289,49.175],[-3.307,49.173],[-3.421,49.148],[-3.44,49.142],[-3.453,49.139],[-3.459,49.138],[-3.467,49.138],[-3.473,49.137],[-3.489,49.133],[-3.5,49.13],[-3.508,49.128],[-3.518,49.126],[-3.539,49.122],[-3.544,49.121],[-3.553,49.118],[-3.589,49.11],[-3.595,49.109],[-3.603,49.107],[-3.733,49.077],[-3.737,49.077],[-3.743,49.075],[-3.751,49.072],[-3.752,49.071],[-3.765,49.068],[-3.769,49.068],[-3.773,49.067],[-3.777,49.067],[-3.781,49.067],[-3.794,49.064],[-3.797,49.063],[-3.801,49.062],[-3.817,49.059],[-3.826,49.056],[-3.839,49.054],[-3.843,49.052],[-3.848,49.051],[-3.856,49.05],[-3.859,49.049],[-3.864,49.048],[-3.897,49.04],[-3.904,49.039],[-3.908,49.038],[-3.914,49.036],[-3.925,49.034],[-3.933,49.033],[-3.932,49.028],[-3.946,49.026],[-3.948,49.027],[-3.958,49.02],[-3.966,49.011],[-3.966,48.989],[-3.964,48.979],[-3.947,48.952],[-3.939,48.948],[-3.935,48.944],[-3.934,48.942],[-3.917,48.913],[-3.914,48.909],[-3.907,48.9],[-3.887,48.865],[-3.886,48.864],[-3.879,48.858],[-3.871,48.855],[-3.861,48.855],[-3.834,48.855],[-3.801,48.854],[-3.766,48.853],[-3.752,48.85],[-3.751,48.849],[-3.75,48.848],[-3.742,48.843],[-3.741,48.842],[-3.723,48.817],[-3.712,48.784],[-3.701,48.77],[-3.698,48.765],[-3.694,48.759],[-3.689,48.757],[-3.687,48.754],[-3.681,48.749],[-3.676,48.748],[-3.667,48.745],[-3.633,48.747],[-3.623,48.744],[-3.618,48.743],[-3.603,48.743],[-3.593,48.742],[-3.582,48.742],[-3.581,48.742],[-3.573,48.743],[-3.549,48.746],[-3.547,48.746]]}},{"type":"Feature","properties":{"name":"Apollo South","operator":"Apollo"},"geometry":{"type":"LineString","coordinates":[[-7.881,48.622],[-7.973,48.56],[-7.983,48.55],[-8.0,48.543],[-8.076,48.496],[-8.103,48.476],[-8.14,48.454],[-8.17,48.44],[-8.172,48.439],[-8.261,48.382],[-8.279,48.37],[-8.33,48.333],[-8.432,48.269],[-8.455,48.257],[-8.527,48.211],[-8.544,48.197],[-8.558,48.189],[-8.561,48.188],[-8.601,48.177],[-8.615,48.172],[-8.633,48.16],[-8.634,48.159],[-8.64,48.152],[-8.647,48.146],[-8.647,48.144],[-8.647,48.142],[-8.646,48.138],[-8.644,48.136],[-8.64,48.134],[-8.635,48.133],[-8.633,48.131],[-8.633,48.127],[-8.635,48.124],[-8.634,48.123],[-8.633,48.121],[-8.62,48.107],[-8.615,48.103],[-8.605,48.099],[-8.603,48.097],[-8.601,48.094],[-8.599,48.09],[-8.599,48.07],[-8.607,48.049],[-8.615,48.037],[-8.62,48.033],[-8.627,48.028],[-8.635,48.022],[-8.639,48.02],[-8.641,48.018],[-8.647,48.016],[-8.652,48.014],[-8.657,48.011],[-8.658,48.01],[-8.661,48.005],[-8.663,48.004],[-8.676,47.998],[-8.68,47.996],[-8.689,47.99],[-8.699,47.982],[-8.702,47.981],[-8.73,47.964],[-8.732,47.962],[-8.735,47.958],[-8.738,47.955],[-8.768,47.93],[-8.773,47.927],[-8.778,47.923],[-8.786,47.919],[-8.798,47.913],[-8.891,47.869],[-8.904,47.863],[-8.916,47.855],[-8.979,47.815],[-9.001,47.802],[-9.011,47.796],[-9.028,47.786],[-9.047,47.778],[-9.072,47.767],[-9.143,47.74],[-9.166,47.731],[-9.186,47.724],[-9.206,47.717],[-9.257,47.703],[-9.294,47.691],[-9.334,47.677],[-9.455,47.631],[-9.478,47.622],[-9.503,47.614],[-9.541,47.604],[-9.606,47.592],[-9.625,47.589],[-9.642,47.586],[-9.654,47.584],[-9.681,47.578],[-9.705,47.571],[-9.733,47.562],[-9.75,47.554],[-9.765,47.546],[-9.779,47.538],[-9.794,47.528],[-9.8,47.524],[-9.824,47.505],[-9.937,47.408],[-9.986,47.366],[-10.066,47.3],[-10.32,47.116],[-10.469,46.961],[-10.542,46.9],[-10.548,46.895],[-10.568,46.88],[-10.592,46.865],[-10.623,46.85],[-10.658,46.834],[-10.664,46.831],[-10.728,46.805],[-10.776,46.788],[-10.831,46.773],[-10.894,46.76],[-11.023,46.736],[-11.158,46.711],[-11.16,46.711],[-11.656,46.619],[-12.239,46.511],[-12.706,46.425],[-12.733,46.419],[-13.226,46.32],[-13.713,46.221],[-14.11,46.141],[-14.201,46.123],[-14.212,46.122],[-14.294,46.109],[-14.318,46.106],[-14.36,46.099],[-14.395,46.093],[-14.437,46.085],[-14.496,46.073],[-14.687,46.032],[-15.024,45.96],[-15.098,45.941],[-15.135,45.93],[-15.165,45.919],[-15.191,45.906],[-15.217,45.889],[-15.248,45.863],[-15.281,45.831],[-15.292,45.82],[-15.324,45.788],[-15.348,45.766],[-15.374,45.747],[-15.405,45.73],[-15.444,45.713],[-15.488,45.697],[-15.529,45.686],[-15.562,45.68],[-15.623,45.674],[-15.917,45.657],[-15.959,45.653],[-15.991,45.649],[-16.024,45.645],[-16.054,45.64],[-16.083,45.634],[-16.103,45.629],[-16.128,45.622],[-16.157,45.613],[-16.242,45.583],[-16.275,45.571],[-16.295,45.566],[-16.311,45.561],[-16.333,45.556],[-16.355,45.552],[-16.418,45.541],[-16.572,45.518],[-16.809,45.482],[-17.073,45.443],[-17.175,45.427],[-17.218,45.423],[-17.255,45.421],[-17.293,45.421],[-17.348,45.423],[-17.432,45.427],[-17.461,45.427],[-17.493,45.427],[-17.57,45.424],[-17.989,45.401],[-18.032,45.4],[-18.071,45.399],[-18.132,45.401],[-18.427,45.41],[-18.48,45.41],[-18.545,45.407],[-18.573,45.406],[-19.093,45.379],[-19.571,45.352],[-19.969,45.33],[-20.005,45.327],[-20.033,45.324]]}},{"type":"Feature","properties":{"name":"RIOJA 2","operator":"BT"},"geometry":{"type":"LineString","coordinates":[[-5.652,50.044],[-5.63,50.033],[-5.619,50.008],[-5.596,49.977],[-5.586,49.955],[-5.577,49.943],[-5.572,49.937],[-5.514,49.866],[-5.504,49.852],[-5.475,49.82],[-5.456,49.808],[-5.444,49.803],[-5.402,49.785],[-5.343,49.773],[-5.238,49.745],[-5.215,49.741],[-5.152,49.719],[-5.124,49.713],[-5.11,49.706],[-5.076,49.697],[-5.028,49.687],[-5.012,49.682],[-4.983,49.678],[-4.95,49.68],[-4.928,49.686],[-4.901,49.688],[-4.857,49.689],[-4.839,49.688],[-4.749,49.691],[-4.602,49.702],[-4.543,49.73],[-4.537,49.733],[-4.493,49.752],[-4.389,49.756],[-4.21,49.761],[-4.151,49.761],[-4.133,49.763],[-4.111,49.764],[-4.027,49.766],[-4.006,49.768],[-3.992,49.767],[-3.989,49.769],[-3.986,49.768],[-3.907,49.77],[-3.802,49.772],[-3.763,49.773],[-3.745,49.771],[-3.73,49.763],[-3.708,49.745],[-3.688,49.735],[-3.49,49.729],[-3.484,49.728],[-3.479,49.729],[-3.446,49.727],[-3.293,49.724],[-3.262,49.727],[-3.225,49.724],[-3.219,49.726],[-3.128,49.765],[-3.122,49.767],[-3.085,49.782],[-3.043,49.796],[-3.025,49.804],[-2.927,49.845],[-2.872,49.866],[-2.821,49.872],[-2.709,49.892],[-2.601,49.914],[-2.598,49.914],[-2.507,49.931],[-2.36,49.956],[-2.332,49.964],[-2.305,49.967],[-2.233,49.98],[-2.205,49.983],[-2.118,49.999],[-2.079,50.007],[-1.932,50.034],[-1.89,50.041],[-1.772,50.058],[-1.656,50.079],[-1.604,50.09],[-1.572,50.098],[-1.541,50.102],[-1.454,50.118],[-1.427,50.122],[-1.407,50.123],[-1.328,50.138],[-1.266,50.15],[-1.241,50.154],[-1.084,50.181],[-0.925,50.208],[-0.859,50.219],[-0.856,50.219],[-0.829,50.224],[-0.809,50.225],[-0.758,50.233],[-0.732,50.241],[-0.684,50.248],[-0.444,50.288],[-0.22,50.324],[-0.05,50.351],[-0.044,50.352],[0.0,50.36],[0.042,50.367],[0.21,50.393],[0.376,50.418],[0.476,50.433],[0.482,50.435],[0.493,50.437],[0.694,50.475],[0.897,50.514],[0.921,50.52],[0.93,50.524],[0.981,50.533],[0.997,50.541],[1.078,50.578],[1.12,50.599],[1.122,50.599],[1.121,50.6],[1.147,50.612],[1.163,50.622],[1.189,50.63],[1.286,50.681],[1.3,50.687],[1.302,50.689],[1.302,50.69],[1.304,50.69],[1.31,50.692],[1.357,50.716],[1.364,50.734],[1.365,50.735],[1.364,50.736],[1.364,50.739],[1.368,50.751],[1.366,50.753],[1.368,50.754],[1.369,50.755],[1.37,50.759],[1.377,50.782],[1.38,50.807],[1.383,50.818],[1.386,50.831],[1.388,50.835],[1.394,50.854],[1.398,50.862],[1.4,50.865],[1.403,50.865],[1.402,50.867],[1.403,50.869],[1.403,50.87],[1.405,50.875],[1.406,50.885],[1.408,50.89],[1.408,50.893],[1.411,50.913],[1.417,50.935],[1.426,50.963],[1.429,50.968],[1.438,50.971],[1.44,50.971],[1.441,50.97],[1.444,50.974],[1.449,50.976],[1.45,50.978],[1.453,50.982],[1.452,50.983],[1.455,50.984],[1.457,50.987],[1.489,51.011],[1.501,51.017],[1.505,51.017],[1.508,51.022],[1.532,51.035],[1.541,51.042],[1.543,51.044],[1.582,51.067],[1.602,51.079],[1.614,51.083],[1.654,51.089],[1.756,51.094],[1.786,51.095],[1.812,51.109],[1.867,51.144],[1.884,51.147],[1.952,51.16],[2.017,51.179],[2.021,51.181],[2.045,51.188],[2.154,51.213],[2.175,51.21],[2.202,51.208],[2.267,51.18],[2.288,51.177],[2.289,51.178],[2.292,51.178],[2.314,51.184],[2.331,51.189],[2.383,51.205],[2.402,51.214],[2.419,51.227],[2.438,51.232],[2.442,51.232],[2.45,51.231],[2.462,51.229],[2.476,51.226],[2.487,51.226],[2.494,51.226],[2.5,51.221],[2.576,51.188],[2.583,51.181],[2.598,51.14],[2.599,51.136],[2.587,51.124],[2.58,51.108],[2.574,51.103],[2.577,51.1]]}},{"type":"Feature","properties":{"name":"Flag Atlantic Interlink","operator":"Flag Ltd."},"geometry":{"type":"LineString","coordinates":[[-5.652,50.044],[-5.651,50.044],[-5.651,50.043],[-5.626,50.033],[-5.615,50.029],[-5.604,50.016],[-5.597,50.002],[-5.521,49.922],[-5.495,49.895],[-5.486,49.886],[-5.481,49.879],[-5.438,49.834],[-5.406,49.826],[-5.385,49.792],[-5.387,49.787],[-5.392,49.778],[-5.402,49.749],[-5.418,49.726],[-5.418,49.701],[-5.389,49.676],[-5.301,49.651],[-5.293,49.648],[-5.261,49.64],[-5.116,49.599],[-5.061,49.583],[-5.035,49.578],[-5.007,49.567],[-4.917,49.543],[-4.887,49.539],[-4.863,49.526],[-4.85,49.524],[-4.633,49.463],[-4.618,49.455],[-4.563,49.443],[-4.56,49.442],[-4.548,49.436],[-4.523,49.433],[-4.477,49.421],[-4.467,49.416],[-4.433,49.407],[-4.408,49.395],[-4.383,49.392],[-4.296,49.366],[-4.207,49.342],[-4.123,49.317],[-4.033,49.293],[-3.967,49.281],[-3.867,49.271],[-3.837,49.266],[-3.8,49.265],[-3.627,49.249],[-3.611,49.248],[-3.6,49.246],[-3.396,49.227],[-3.371,49.223],[-3.329,49.224],[-3.3,49.221],[-3.252,49.207],[-3.243,49.209],[-3.217,49.21],[-3.183,49.207],[-3.159,49.206],[-3.15,49.204],[-3.05,49.195],[-3.035,49.194],[-3.017,49.191],[-2.95,49.185],[-2.898,49.185],[-2.863,49.194],[-2.833,49.19],[-2.819,49.186],[-2.8,49.174],[-2.743,49.165],[-2.742,49.165],[-2.721,49.116],[-2.716,49.098],[-2.704,49.072],[-2.679,49.013],[-2.65,48.967],[-2.64,48.933],[-2.632,48.918],[-2.626,48.887],[-2.607,48.857],[-2.593,48.825],[-2.592,48.823],[-2.59,48.822],[-2.592,48.821],[-2.59,48.813],[-2.585,48.797],[-2.585,48.795],[-2.585,48.794],[-2.583,48.793],[-2.585,48.792],[-2.585,48.749],[-2.597,48.682],[-2.643,48.666],[-2.683,48.624],[-2.722,48.593],[-2.73,48.577],[-2.734,48.573],[-2.753,48.568],[-2.757,48.564]]}},{"type":"Feature","properties":{"name":"BCS North - Phase 2","operator":"Arelion"},"geometry":{"type":"LineString","coordinates":[[26.91,60.417],[26.91,60.416],[26.901,60.413],[26.9,60.412],[26.91,60.401],[26.908,60.398],[26.906,60.386],[26.908,60.375],[26.889,60.347],[26.884,60.336],[26.877,60.326],[26.868,60.315],[26.862,60.309],[26.864,60.304],[26.85,60.292],[26.847,60.288],[26.822,60.255],[26.833,60.243],[26.852,60.234],[26.869,60.226],[26.886,60.216],[26.901,60.209],[26.91,60.203],[26.924,60.198],[26.953,60.194],[26.963,60.191],[26.975,60.191],[26.987,60.188],[26.998,60.172],[27.142,60.082],[27.163,60.069],[27.195,60.052],[27.272,60.007],[27.478,59.97],[27.676,59.934],[27.826,59.904],[27.975,59.914],[28.05,59.947],[28.19,59.938],[28.338,59.93],[28.489,59.868],[28.5,59.866],[28.566,59.85],[28.552,59.845]]}},{"type":"Feature","properties":{"name":"BCS North - Phase 2","operator":"Arelion"},"geometry":{"type":"LineString","coordinates":[[24.98,60.144],[24.98,60.143],[24.979,60.143],[24.979,60.142],[24.98,60.141],[24.983,60.137],[24.99,60.132],[24.999,60.124],[25.001,60.123],[25.01,60.117],[25.017,60.116],[25.054,60.112],[25.068,60.113],[25.076,60.113],[25.099,60.112],[25.11,60.107],[25.134,60.103],[25.165,60.104],[25.176,60.102],[25.197,60.105],[25.214,60.105],[25.227,60.105],[25.268,60.101],[25.365,60.098],[25.389,60.099],[25.401,60.095],[25.42,60.083],[25.433,60.078],[25.441,60.073],[25.459,60.07],[25.483,60.066],[25.512,60.062],[25.524,60.059],[25.542,60.057],[25.553,60.057],[25.601,60.051],[25.694,60.032],[25.704,60.028],[25.724,60.025],[25.727,60.025],[25.754,60.019],[25.768,60.012],[25.787,60.006],[25.788,60.006],[25.832,60.004],[25.898,60.004],[25.928,60.002],[26.084,60.03],[26.094,60.034],[26.127,60.039],[26.138,60.04],[26.234,60.042],[26.241,60.046],[26.25,60.049],[26.259,60.052],[26.446,60.084],[26.48,60.1],[26.488,60.103],[26.492,60.104],[26.504,60.107],[26.616,60.145],[26.658,60.16],[26.676,60.167],[26.692,60.176],[26.768,60.212],[26.8,60.226],[26.809,60.233],[26.827,60.243],[26.816,60.256],[26.84,60.286],[26.852,60.305],[26.868,60.324],[26.878,60.337],[26.898,60.366],[26.903,60.392],[26.904,60.403],[26.904,60.404],[26.899,60.412],[26.9,60.414],[26.909,60.416],[26.909,60.417]]}},{"type":"Feature","properties":{"name":"Finland Estonia Connection (FEC)","operator":"Elisa"},"geometry":{"type":"LineString","coordinates":[[24.678,59.464],[24.673,59.484],[24.683,59.492],[24.679,59.515],[24.683,59.528],[24.698,59.535],[24.702,59.539],[24.701,59.543],[24.697,59.549],[24.693,59.558],[24.696,59.569],[24.693,59.589],[24.683,59.605],[24.683,59.621],[24.686,59.627],[24.698,59.639],[24.698,59.66],[24.692,59.668],[24.632,59.704],[24.626,59.712],[24.633,59.756],[24.692,59.788],[24.736,59.819],[24.8,59.854],[24.809,59.857],[24.829,59.868],[24.836,59.875],[24.834,59.883],[24.837,59.887],[24.848,59.892],[24.852,59.9],[24.863,59.915],[24.876,59.925],[24.884,59.941],[24.884,59.951],[24.892,59.962],[24.897,59.979],[24.897,59.98],[24.899,59.981],[24.901,59.983],[24.907,59.985],[24.909,59.988],[24.916,59.993],[24.921,60.002],[24.916,60.016],[24.913,60.027],[24.902,60.037],[24.901,60.039],[24.895,60.051],[24.894,60.058],[24.895,60.062],[24.893,60.067],[24.888,60.097],[24.888,60.107],[24.88,60.11],[24.879,60.11],[24.879,60.117],[24.881,60.12],[24.881,60.123],[24.873,60.126],[24.871,60.131],[24.871,60.133],[24.871,60.137],[24.876,60.138],[24.883,60.141],[24.883,60.146]]}},{"type":"Feature","properties":{"name":"Finland Estonia Connection (FEC)","operator":"Elisa"},"geometry":{"type":"LineString","coordinates":[[24.911,59.506],[24.928,59.512],[24.925,59.564],[24.938,59.575],[24.937,59.615],[24.843,59.655],[24.842,59.676],[24.828,59.701],[24.824,59.713],[24.823,59.722],[24.821,59.733],[24.821,59.742],[24.842,59.76],[24.842,59.77],[24.839,59.775],[24.842,59.781],[24.841,59.791],[24.848,59.798],[24.849,59.801],[24.858,59.816],[24.861,59.821],[24.863,59.828],[24.863,59.83],[24.858,59.838],[24.854,59.844],[24.853,59.846],[24.853,59.85],[24.855,59.865],[24.858,59.896],[24.858,59.897],[24.85,59.91],[24.846,59.915],[24.843,59.917],[24.843,59.918],[24.842,59.918],[24.843,59.924],[24.842,59.933],[24.848,59.946],[24.86,59.948],[24.864,59.951],[24.894,59.959],[24.887,59.975],[24.884,59.98],[24.883,59.984],[24.882,59.985],[24.874,59.992],[24.889,60.004],[24.892,60.012],[24.891,60.016],[24.89,60.017],[24.888,60.019],[24.886,60.02],[24.885,60.025],[24.906,60.037],[24.906,60.041],[24.907,60.059],[24.907,60.061],[24.9,60.072],[24.899,60.073],[24.899,60.079],[24.899,60.087],[24.899,60.091],[24.899,60.097],[24.881,60.118],[24.879,60.124],[24.879,60.125],[24.872,60.128],[24.867,60.135],[24.869,60.138],[24.877,60.139],[24.878,60.139],[24.881,60.141],[24.882,60.142],[24.882,60.143],[24.883,60.143],[24.883,60.144],[24.883,60.145],[24.884,60.145]]}},{"type":"Feature","properties":{"name":"Finland-Estonia 2 (EESF-2)","operator":"Arelion"},"geometry":{"type":"LineString","coordinates":[[24.875,59.551],[24.877,59.554],[24.879,59.566],[24.804,59.655],[24.818,59.784],[24.836,59.794],[24.837,59.817],[24.826,59.842],[24.821,59.856],[24.82,59.857],[24.797,59.879],[24.797,59.903],[24.84,59.937],[24.859,59.962],[24.86,59.964],[24.879,59.969],[24.918,60.009],[24.93,60.021],[24.93,60.022],[24.919,60.047],[24.921,60.053],[24.927,60.057],[24.945,60.079],[24.974,60.117],[24.974,60.118],[24.974,60.129],[24.974,60.131],[24.974,60.132],[24.972,60.133],[24.967,60.137],[24.956,60.147],[24.955,60.148],[24.954,60.149],[24.953,60.151],[24.954,60.151],[24.955,60.152],[24.955,60.153],[24.956,60.153],[24.956,60.154]]}},{"type":"Feature","properties":{"name":"Finland-Estonia 3 (EESF-3)","operator":"Arelion"},"geometry":{"type":"LineString","coordinates":[[24.262,59.404],[24.196,59.465],[24.38,59.68],[24.398,59.733],[24.454,59.756],[24.514,59.784],[24.526,59.805],[24.531,59.822],[24.53,59.827],[24.541,59.833],[24.539,59.838],[24.54,59.843],[24.54,59.844],[24.538,59.847],[24.558,59.854],[24.575,59.862],[24.584,59.871],[24.586,59.88],[24.583,59.885],[24.582,59.887],[24.575,59.897],[24.568,59.908],[24.557,59.925],[24.552,59.936],[24.543,59.96],[24.541,59.964],[24.539,59.967],[24.537,59.967],[24.534,59.968],[24.53,59.968],[24.528,59.969],[24.527,59.971],[24.528,59.973],[24.526,59.974],[24.525,59.975],[24.523,59.976],[24.522,59.977],[24.52,59.978],[24.52,59.98],[24.52,59.983],[24.521,59.985],[24.522,59.988],[24.522,59.99],[24.522,59.993],[24.522,59.994],[24.52,59.999],[24.519,60.003],[24.517,60.004],[24.515,60.006]]}},{"type":"Feature","properties":{"name":"Baltic Sea Submarine Cable","operator":"CITIC Telecom"},"geometry":{"type":"LineString","coordinates":[[24.575,59.451],[24.55,59.452],[24.49,59.472],[24.453,59.483],[24.454,59.508],[24.458,59.513],[24.459,59.518],[24.456,59.524],[24.456,59.53],[24.454,59.538],[24.453,59.54],[24.449,59.547],[24.442,59.555],[24.427,59.665],[24.379,59.707],[24.38,59.722],[24.387,59.739],[24.387,59.741],[24.386,59.745],[24.391,59.761],[24.393,59.767],[24.393,59.769],[24.395,59.773],[24.395,59.775],[24.395,59.776],[24.396,59.784],[24.398,59.793],[24.399,59.799],[24.398,59.8],[24.397,59.802],[24.396,59.803],[24.397,59.803],[24.403,59.805],[24.404,59.808],[24.404,59.811],[24.402,59.815],[24.402,59.817],[24.402,59.823],[24.401,59.829],[24.4,59.831],[24.397,59.838],[24.395,59.841],[24.395,59.842],[24.396,59.843],[24.4,59.845],[24.414,59.853],[24.416,59.86],[24.405,59.867],[24.4,59.87],[24.398,59.872],[24.398,59.873],[24.398,59.875],[24.398,59.876],[24.399,59.878],[24.399,59.881],[24.401,59.884],[24.402,59.885],[24.404,59.887],[24.409,59.89],[24.41,59.891],[24.412,59.893],[24.413,59.895],[24.414,59.896],[24.417,59.897],[24.42,59.898],[24.42,59.9],[24.42,59.901],[24.419,59.907],[24.419,59.911],[24.407,59.912],[24.402,59.912],[24.4,59.912],[24.397,59.915],[24.396,59.916],[24.395,59.916],[24.394,59.917],[24.394,59.918],[24.395,59.925],[24.396,59.926],[24.396,59.927],[24.399,59.931],[24.399,59.932],[24.4,59.932],[24.399,59.933],[24.396,59.938],[24.394,59.94],[24.394,59.941],[24.393,59.941],[24.393,59.942],[24.399,59.952],[24.403,59.957],[24.404,59.959],[24.405,59.961],[24.406,59.964],[24.406,59.965],[24.406,59.966],[24.408,59.967],[24.408,59.968]]}},{"type":"Feature","properties":{"name":"Baltic Sea Submarine Cable","operator":"CITIC Telecom"},"geometry":{"type":"LineString","coordinates":[[18.922,59.284],[18.928,59.283],[18.954,59.272],[18.957,59.271],[18.981,59.265],[18.996,59.261],[19.009,59.259],[19.02,59.255],[19.025,59.253],[19.028,59.252],[19.03,59.252],[19.034,59.252],[19.039,59.25],[19.044,59.249],[19.045,59.248],[19.046,59.248],[19.047,59.248],[19.048,59.248],[19.052,59.249],[19.054,59.249],[19.063,59.248],[19.065,59.248],[19.067,59.248],[19.076,59.253],[19.083,59.254],[19.093,59.256],[19.099,59.257],[19.112,59.258],[19.116,59.259],[19.135,59.256],[19.139,59.257],[19.143,59.258],[19.15,59.259],[19.189,59.264],[19.191,59.265],[19.2,59.263],[19.205,59.263],[19.21,59.264],[19.214,59.265],[19.232,59.264],[19.239,59.263],[19.266,59.258],[19.287,59.258],[19.293,59.256],[19.311,59.253],[19.313,59.253],[19.336,59.251],[19.349,59.255],[19.351,59.255],[19.36,59.255],[19.365,59.255],[19.368,59.255],[19.388,59.251],[19.391,59.251],[19.398,59.252],[19.406,59.254],[19.414,59.256],[19.422,59.259],[19.425,59.259],[19.439,59.26],[19.464,59.256],[19.466,59.256],[19.484,59.255],[19.52,59.253],[19.525,59.254],[19.531,59.254],[19.545,59.251],[19.577,59.25],[19.581,59.25],[19.602,59.246],[19.615,59.245],[19.62,59.245],[19.637,59.246],[19.641,59.246],[19.682,59.242],[19.685,59.242],[19.698,59.244],[19.7,59.244],[19.716,59.245],[19.902,59.241],[20.66,59.228],[20.744,59.226],[20.871,59.227],[20.889,59.228],[20.897,59.229],[20.959,59.225],[21.002,59.221],[21.235,59.209],[21.365,59.203],[21.398,59.205],[21.455,59.203],[21.481,59.2],[21.524,59.199],[21.616,59.199],[21.646,59.197],[21.831,59.198],[21.841,59.199],[21.862,59.197],[21.886,59.197],[21.905,59.193],[21.942,59.188],[21.96,59.186],[21.97,59.185],[22.054,59.17],[22.128,59.155],[22.178,59.145],[22.195,59.145],[22.221,59.141],[22.25,59.133],[22.318,59.123],[22.356,59.118],[22.434,59.111],[22.474,59.103],[22.505,59.099],[22.534,59.091],[22.561,59.088],[22.584,59.085]]}},{"type":"Feature","properties":{"name":"Baltic Sea Submarine Cable","operator":"CITIC Telecom"},"geometry":{"type":"LineString","coordinates":[[22.584,59.085],[22.575,59.086],[22.544,59.093],[22.515,59.102],[22.477,59.112],[22.471,59.119],[22.471,59.148],[22.484,59.185],[22.482,59.196],[22.481,59.231],[22.5,59.25],[22.672,59.282],[22.703,59.29],[22.852,59.318],[22.886,59.322],[23.046,59.351],[23.098,59.359],[23.12,59.365],[23.201,59.379],[23.217,59.384],[23.247,59.389],[23.277,59.392],[23.398,59.414],[23.416,59.42],[23.471,59.429],[23.64,59.452],[23.685,59.456],[23.715,59.453],[23.753,59.458],[23.846,59.477],[23.875,59.484],[24.0,59.5],[24.206,59.509],[24.259,59.509],[24.276,59.508],[24.412,59.508],[24.426,59.503],[24.443,59.493],[24.469,59.489],[24.523,59.468],[24.538,59.462],[24.554,59.456],[24.572,59.447]]}},{"type":"Feature","properties":{"name":"","operator":""},"geometry":{"type":"LineString","coordinates":[[24.52,59.98],[24.522,59.982],[24.523,59.983],[24.526,59.984],[24.528,59.985],[24.531,59.987],[24.542,59.989],[24.543,59.989],[24.552,59.991],[24.553,59.992],[24.566,59.995],[24.567,59.995],[24.57,59.994],[24.571,59.994],[24.573,59.994],[24.578,59.995],[24.601,59.998],[24.608,60.0],[24.61,60.0],[24.615,60.002],[24.62,60.005],[24.624,60.007],[24.644,60.024],[24.659,60.03],[24.68,60.04],[24.687,60.044],[24.692,60.046],[24.704,60.052],[24.704,60.053],[24.706,60.057],[24.706,60.061],[24.707,60.064],[24.708,60.066],[24.711,60.067],[24.713,60.068],[24.715,60.068],[24.716,60.067],[24.719,60.067],[24.725,60.067],[24.726,60.067],[24.729,60.068],[24.775,60.084],[24.819,60.101],[24.825,60.102],[24.829,60.103],[24.833,60.104],[24.86,60.12],[24.88,60.131],[24.882,60.132]]}},{"type":"Feature","properties":{"name":"","operator":""},"geometry":{"type":"LineString","coordinates":[[28.905,61.864],[28.904,61.864],[28.903,61.864],[28.903,61.863],[28.902,61.863],[28.902,61.864]]}},{"type":"Feature","properties":{"name":"","operator":""},"geometry":{"type":"LineString","coordinates":[[28.025,61.161],[28.025,61.16],[28.025,61.159],[28.027,61.159],[28.029,61.159],[28.03,61.158],[28.031,61.158],[28.032,61.158],[28.033,61.158]]}},{"type":"Feature","properties":{"name":"","operator":""},"geometry":{"type":"LineString","coordinates":[[29.309,61.797],[29.307,61.796],[29.305,61.796],[29.304,61.796],[29.302,61.795],[29.301,61.795],[29.3,61.794]]}},{"type":"Feature","properties":{"name":"","operator":""},"geometry":{"type":"LineString","coordinates":[[27.868,61.396],[27.865,61.4],[27.863,61.404],[27.864,61.407],[27.867,61.414],[27.87,61.419],[27.871,61.422],[27.874,61.424],[27.879,61.427]]}},{"type":"Feature","properties":{"name":"","operator":""},"geometry":{"type":"LineString","coordinates":[[28.899,61.872],[28.901,61.872],[28.902,61.872],[28.903,61.872],[28.904,61.871],[28.905,61.871],[28.906,61.871],[28.909,61.871],[28.91,61.871],[28.911,61.871],[28.916,61.872],[28.917,61.872]]}},{"type":"Feature","properties":{"name":"","operator":""},"geometry":{"type":"LineString","coordinates":[[27.257,61.478],[27.266,61.481],[27.267,61.481],[27.267,61.482],[27.259,61.502],[27.259,61.503],[27.26,61.503],[27.261,61.504],[27.262,61.504]]}},{"type":"Feature","properties":{"name":"","operator":""},"geometry":{"type":"LineString","coordinates":[[28.033,61.158],[28.032,61.158],[28.031,61.158],[28.03,61.158],[28.026,61.157],[28.021,61.155],[28.021,61.154],[28.02,61.153],[28.018,61.152]]}},{"type":"Feature","properties":{"name":"","operator":""},"geometry":{"type":"LineString","coordinates":[[28.825,61.872],[28.819,61.873],[28.815,61.874],[28.808,61.876],[28.798,61.879],[28.793,61.88],[28.792,61.88],[28.792,61.881],[28.793,61.881]]}},{"type":"Feature","properties":{"name":"","operator":""},"geometry":{"type":"LineString","coordinates":[[27.671,61.306],[27.674,61.305],[27.677,61.304],[27.679,61.303],[27.681,61.303],[27.683,61.303],[27.687,61.303],[27.69,61.303],[27.693,61.304],[27.694,61.304]]}},{"type":"Feature","properties":{"name":"","operator":""},"geometry":{"type":"LineString","coordinates":[[28.073,61.181],[28.074,61.18],[28.075,61.176],[28.077,61.174],[28.079,61.171],[28.081,61.17],[28.085,61.17],[28.087,61.17],[28.088,61.171],[28.089,61.171],[28.09,61.173]]}},{"type":"Feature","properties":{"name":"","operator":""},"geometry":{"type":"LineString","coordinates":[[28.304,61.138],[28.303,61.138],[28.302,61.138],[28.3,61.139],[28.3,61.142],[28.299,61.142],[28.299,61.143],[28.297,61.143]]}},{"type":"Feature","properties":{"name":"","operator":""},"geometry":{"type":"LineString","coordinates":[[28.896,61.869],[28.895,61.869],[28.894,61.869],[28.893,61.869],[28.891,61.869],[28.89,61.869],[28.889,61.87],[28.888,61.87],[28.887,61.87],[28.888,61.871]]}},{"type":"Feature","properties":{"name":"","operator":""},"geometry":{"type":"LineString","coordinates":[[27.662,61.291],[27.664,61.293],[27.665,61.295],[27.666,61.295],[27.666,61.296],[27.666,61.297],[27.667,61.298],[27.666,61.299],[27.666,61.3],[27.665,61.301],[27.664,61.302],[27.663,61.302],[27.662,61.302]]}},{"type":"Feature","properties":{"name":"","operator":""},"geometry":{"type":"LineString","coordinates":[[28.083,61.156],[28.083,61.159],[28.082,61.16],[28.08,61.164],[28.077,61.168],[28.077,61.17],[28.074,61.176],[28.073,61.177],[28.071,61.178],[28.07,61.179],[28.068,61.179],[28.063,61.18]]}},{"type":"Feature","properties":{"name":"","operator":""},"geometry":{"type":"LineString","coordinates":[[28.891,61.864],[28.892,61.864],[28.893,61.863],[28.894,61.863],[28.895,61.863],[28.896,61.863],[28.897,61.863],[28.902,61.863],[28.903,61.863]]}},{"type":"Feature","properties":{"name":"","operator":""},"geometry":{"type":"LineString","coordinates":[[28.017,61.135],[28.017,61.136],[28.021,61.136],[28.022,61.136],[28.035,61.145],[28.037,61.147],[28.041,61.149],[28.042,61.15],[28.044,61.153],[28.048,61.156],[28.049,61.156],[28.058,61.159]]}},{"type":"Feature","properties":{"name":"","operator":""},"geometry":{"type":"LineString","coordinates":[[28.603,61.83],[28.604,61.831],[28.611,61.84],[28.612,61.841],[28.613,61.841],[28.62,61.842],[28.622,61.842],[28.627,61.843],[28.629,61.843],[28.631,61.843],[28.632,61.844]]}},{"type":"Feature","properties":{"name":"","operator":""},"geometry":{"type":"LineString","coordinates":[[28.868,61.866],[28.868,61.864],[28.866,61.862],[28.866,61.861],[28.865,61.861],[28.859,61.858],[28.859,61.857],[28.859,61.855]]}},{"type":"Feature","properties":{"name":"","operator":""},"geometry":{"type":"LineString","coordinates":[[29.379,61.763],[29.351,61.767],[29.335,61.77],[29.334,61.77],[29.329,61.772],[29.328,61.772],[29.316,61.78],[29.315,61.78],[29.311,61.782],[29.31,61.782],[29.308,61.784],[29.307,61.785]]}},{"type":"Feature","properties":{"name":"","operator":""},"geometry":{"type":"LineString","coordinates":[[27.703,61.275],[27.705,61.275],[27.706,61.275],[27.708,61.275],[27.709,61.276],[27.709,61.277],[27.709,61.279],[27.709,61.28],[27.71,61.281],[27.715,61.288],[27.716,61.289],[27.716,61.29]]}},{"type":"Feature","properties":{"name":"","operator":""},"geometry":{"type":"LineString","coordinates":[[29.303,61.799],[29.301,61.801],[29.3,61.801],[29.299,61.801],[29.299,61.8],[29.299,61.799],[29.3,61.798],[29.301,61.797],[29.304,61.795]]}},{"type":"Feature","properties":{"name":"","operator":""},"geometry":{"type":"LineString","coordinates":[[28.795,61.777],[28.796,61.777],[28.797,61.777],[28.799,61.777],[28.8,61.777],[28.805,61.775],[28.809,61.775],[28.814,61.774],[28.816,61.773],[28.819,61.773],[28.82,61.773],[28.821,61.774],[28.822,61.774],[28.823,61.775]]}},{"type":"Feature","properties":{"name":"","operator":""},"geometry":{"type":"LineString","coordinates":[[28.812,61.807],[28.812,61.806],[28.813,61.806],[28.814,61.805],[28.815,61.805],[28.817,61.805],[28.817,61.804],[28.818,61.804],[28.819,61.805],[28.821,61.805],[28.824,61.806]]}},{"type":"Feature","properties":{"name":"","operator":""},"geometry":{"type":"LineString","coordinates":[[28.175,61.518],[28.173,61.52],[28.17,61.521],[28.169,61.521],[28.166,61.523],[28.164,61.523],[28.163,61.524],[28.162,61.524],[28.161,61.525],[28.16,61.525],[28.159,61.525],[28.158,61.525]]}},{"type":"Feature","properties":{"name":"","operator":""},"geometry":{"type":"LineString","coordinates":[[27.476,61.444],[27.476,61.443],[27.475,61.443],[27.474,61.443],[27.473,61.443],[27.472,61.443],[27.471,61.444],[27.471,61.446],[27.472,61.446],[27.472,61.447]]}},{"type":"Feature","properties":{"name":"","operator":""},"geometry":{"type":"LineString","coordinates":[[28.032,61.28],[28.032,61.282],[28.033,61.283],[28.035,61.283],[28.036,61.284],[28.041,61.285],[28.055,61.29],[28.059,61.291],[28.063,61.292],[28.067,61.294],[28.074,61.295],[28.082,61.298],[28.087,61.299],[28.093,61.302],[28.099,61.304],[28.1,61.304],[28.104,61.306],[28.106,61.307],[28.113,61.311],[28.119,61.314],[28.125,61.317],[28.129,61.32],[28.132,61.321],[28.132,61.322],[28.134,61.326],[28.134,61.327],[28.135,61.328]]}},{"type":"Feature","properties":{"name":"","operator":""},"geometry":{"type":"LineString","coordinates":[[27.691,61.293],[27.692,61.293],[27.692,61.294],[27.694,61.293],[27.695,61.293],[27.697,61.293],[27.698,61.292],[27.699,61.292],[27.7,61.292],[27.707,61.29],[27.709,61.29],[27.71,61.29],[27.712,61.29],[27.716,61.29]]}},{"type":"Feature","properties":{"name":"","operator":""},"geometry":{"type":"LineString","coordinates":[[29.397,61.761],[29.397,61.762],[29.396,61.763],[29.396,61.764],[29.39,61.766],[29.389,61.767],[29.383,61.769],[29.357,61.777],[29.356,61.778],[29.355,61.778],[29.349,61.779],[29.348,61.779],[29.347,61.779],[29.346,61.78]]}},{"type":"Feature","properties":{"name":"","operator":""},"geometry":{"type":"LineString","coordinates":[[27.836,61.251],[27.836,61.25],[27.835,61.25],[27.834,61.25],[27.832,61.25],[27.83,61.25],[27.828,61.25],[27.827,61.251],[27.826,61.251],[27.824,61.252],[27.823,61.252],[27.823,61.253],[27.824,61.254]]}},{"type":"Feature","properties":{"name":"","operator":""},"geometry":{"type":"LineString","coordinates":[[28.843,61.884],[28.843,61.883],[28.844,61.883],[28.845,61.883],[28.846,61.883],[28.847,61.883],[28.848,61.883],[28.848,61.884],[28.85,61.883],[28.852,61.883],[28.853,61.883],[28.854,61.883]]}},{"type":"Feature","properties":{"name":"","operator":""},"geometry":{"type":"LineString","coordinates":[[28.9,61.866],[28.901,61.866],[28.904,61.867],[28.905,61.867],[28.906,61.868],[28.907,61.868],[28.908,61.868],[28.909,61.868],[28.909,61.867],[28.912,61.867],[28.913,61.866],[28.914,61.866],[28.915,61.866]]}},{"type":"Feature","properties":{"name":"","operator":""},"geometry":{"type":"LineString","coordinates":[[29.296,61.772],[29.298,61.772],[29.3,61.772],[29.304,61.772],[29.305,61.772],[29.309,61.773],[29.312,61.774],[29.314,61.775],[29.316,61.777],[29.316,61.778],[29.314,61.779],[29.313,61.78],[29.312,61.781],[29.31,61.782]]}},{"type":"Feature","properties":{"name":"","operator":""},"geometry":{"type":"LineString","coordinates":[[28.908,61.864],[28.907,61.864],[28.906,61.864],[28.905,61.864],[28.904,61.864],[28.903,61.865],[28.902,61.865],[28.901,61.866],[28.9,61.866]]}},{"type":"Feature","properties":{"name":"","operator":""},"geometry":{"type":"LineString","coordinates":[[28.048,61.419],[28.049,61.419],[28.053,61.419],[28.055,61.419],[28.058,61.418],[28.061,61.417],[28.063,61.416],[28.065,61.415],[28.066,61.415],[28.068,61.414],[28.07,61.414],[28.072,61.414],[28.074,61.414],[28.077,61.414],[28.079,61.415],[28.081,61.415],[28.083,61.415]]}},{"type":"Feature","properties":{"name":"","operator":""},"geometry":{"type":"LineString","coordinates":[[28.885,61.872],[28.888,61.873],[28.89,61.873],[28.896,61.874],[28.898,61.874],[28.898,61.875],[28.9,61.875],[28.901,61.875],[28.907,61.875],[28.908,61.875],[28.909,61.875],[28.911,61.874],[28.912,61.874],[28.913,61.874],[28.914,61.874],[28.915,61.874]]}},{"type":"Feature","properties":{"name":"","operator":""},"geometry":{"type":"LineString","coordinates":[[28.902,61.864],[28.902,61.863],[28.903,61.863],[28.903,61.864],[28.902,61.865],[28.901,61.865],[28.9,61.866]]}},{"type":"Feature","properties":{"name":"","operator":""},"geometry":{"type":"LineString","coordinates":[[28.823,61.793],[28.823,61.794],[28.824,61.794],[28.825,61.794],[28.826,61.794],[28.828,61.793],[28.83,61.793],[28.831,61.793],[28.832,61.793],[28.833,61.793],[28.834,61.793],[28.836,61.792],[28.84,61.793],[28.841,61.793],[28.842,61.793],[28.843,61.793],[28.846,61.794]]}},{"type":"Feature","properties":{"name":"","operator":""},"geometry":{"type":"LineString","coordinates":[[28.811,61.782],[28.815,61.782],[28.816,61.782],[28.817,61.782],[28.819,61.782],[28.822,61.781],[28.824,61.78],[28.828,61.78],[28.831,61.779],[28.834,61.778],[28.837,61.776],[28.839,61.775],[28.841,61.775],[28.844,61.774],[28.851,61.773],[28.854,61.773],[28.856,61.773],[28.857,61.772],[28.859,61.773]]}},{"type":"Feature","properties":{"name":"","operator":""},"geometry":{"type":"LineString","coordinates":[[28.882,61.873],[28.883,61.874],[28.885,61.876],[28.886,61.877],[28.887,61.878],[28.888,61.878],[28.889,61.878],[28.89,61.879],[28.891,61.879],[28.894,61.878],[28.895,61.878],[28.897,61.878],[28.903,61.879],[28.907,61.879],[28.912,61.88],[28.915,61.88],[28.918,61.881],[28.92,61.882]]}},{"type":"Feature","properties":{"name":"","operator":""},"geometry":{"type":"LineString","coordinates":[[28.1,61.209],[28.092,61.203],[28.089,61.202],[28.085,61.2],[28.079,61.199],[28.073,61.197],[28.065,61.196],[28.06,61.195],[28.059,61.194],[28.058,61.193],[28.058,61.191],[28.058,61.19],[28.065,61.184],[28.066,61.184],[28.066,61.183],[28.065,61.181],[28.063,61.18]]}},{"type":"Feature","properties":{"name":"","operator":""},"geometry":{"type":"LineString","coordinates":[[29.303,61.801],[29.299,61.802],[29.296,61.802]]}},{"type":"Feature","properties":{"name":"","operator":""},"geometry":{"type":"LineString","coordinates":[[29.191,61.765],[29.194,61.764]]}},{"type":"Feature","properties":{"name":"","operator":""},"geometry":{"type":"LineString","coordinates":[[28.613,61.82],[28.619,61.821]]}},{"type":"Feature","properties":{"name":"","operator":""},"geometry":{"type":"LineString","coordinates":[[28.355,61.521],[28.358,61.513]]}},{"type":"Feature","properties":{"name":"","operator":""},"geometry":{"type":"LineString","coordinates":[[28.226,61.073],[28.226,61.076],[28.226,61.081]]}},{"type":"Feature","properties":{"name":"","operator":""},"geometry":{"type":"LineString","coordinates":[[28.61,61.208],[28.634,61.193],[28.658,61.177]]}},{"type":"Feature","properties":{"name":"","operator":""},"geometry":{"type":"LineString","coordinates":[[29.243,61.727],[29.247,61.726]]}},{"type":"Feature","properties":{"name":"","operator":""},"geometry":{"type":"LineString","coordinates":[[27.708,61.527],[27.703,61.53]]}},{"type":"Feature","properties":{"name":"","operator":""},"geometry":{"type":"LineString","coordinates":[[28.167,61.127],[28.17,61.128]]}},{"type":"Feature","properties":{"name":"","operator":""},"geometry":{"type":"LineString","coordinates":[[28.239,61.088],[28.241,61.09]]}},{"type":"Feature","properties":{"name":"","operator":""},"geometry":{"type":"LineString","coordinates":[[28.447,61.755],[28.454,61.754]]}},{"type":"Feature","properties":{"name":"","operator":""},"geometry":{"type":"LineString","coordinates":[[28.294,61.156],[28.3,61.154]]}},{"type":"Feature","properties":{"name":"","operator":""},"geometry":{"type":"LineString","coordinates":[[27.283,61.69],[27.291,61.688]]}},{"type":"Feature","properties":{"name":"","operator":""},"geometry":{"type":"LineString","coordinates":[[28.507,61.158],[28.499,61.158]]}},{"type":"Feature","properties":{"name":"","operator":""},"geometry":{"type":"LineString","coordinates":[[29.207,61.773],[29.206,61.771]]}},{"type":"Feature","properties":{"name":"","operator":""},"geometry":{"type":"LineString","coordinates":[[28.171,61.08],[28.167,61.079]]}},{"type":"Feature","properties":{"name":"","operator":""},"geometry":{"type":"LineString","coordinates":[[28.242,61.091],[28.243,61.091]]}},{"type":"Feature","properties":{"name":"","operator":""},"geometry":{"type":"LineString","coordinates":[[29.242,61.719],[29.266,61.711]]}},{"type":"Feature","properties":{"name":"","operator":""},"geometry":{"type":"LineString","coordinates":[[28.295,61.755],[28.307,61.749]]}},{"type":"Feature","properties":{"name":"","operator":""},"geometry":{"type":"LineString","coordinates":[[27.292,61.626],[27.297,61.625]]}},{"type":"Feature","properties":{"name":"","operator":""},"geometry":{"type":"LineString","coordinates":[[28.309,61.066],[28.31,61.066]]}},{"type":"Feature","properties":{"name":"","operator":""},"geometry":{"type":"LineString","coordinates":[[27.282,61.473],[27.288,61.473]]}},{"type":"Feature","properties":{"name":"","operator":""},"geometry":{"type":"LineString","coordinates":[[29.115,61.767],[29.114,61.763]]}},{"type":"Feature","properties":{"name":"","operator":""},"geometry":{"type":"LineString","coordinates":[[27.783,61.391],[27.789,61.393]]}},{"type":"Feature","properties":{"name":"","operator":""},"geometry":{"type":"LineString","coordinates":[[28.167,61.127],[28.169,61.128]]}},{"type":"Feature","properties":{"name":"","operator":""},"geometry":{"type":"LineString","coordinates":[[28.101,61.153],[28.097,61.156]]}},{"type":"Feature","properties":{"name":"","operator":""},"geometry":{"type":"LineString","coordinates":[[28.275,61.078],[28.275,61.079]]}},{"type":"Feature","properties":{"name":"","operator":""},"geometry":{"type":"LineString","coordinates":[[28.531,61.859],[28.537,61.862],[28.54,61.863],[28.541,61.864],[28.542,61.866]]}},{"type":"Feature","properties":{"name":"","operator":""},"geometry":{"type":"LineString","coordinates":[[28.169,61.098],[28.163,61.096],[28.157,61.093]]}},{"type":"Feature","properties":{"name":"","operator":""},"geometry":{"type":"LineString","coordinates":[[28.419,61.768],[28.433,61.767]]}},{"type":"Feature","properties":{"name":"","operator":""},"geometry":{"type":"LineString","coordinates":[[28.263,61.701],[28.257,61.701]]}},{"type":"Feature","properties":{"name":"","operator":""},"geometry":{"type":"LineString","coordinates":[[27.3,61.676],[27.3,61.679]]}},{"type":"Feature","properties":{"name":"","operator":""},"geometry":{"type":"LineString","coordinates":[[29.22,61.768],[29.217,61.767]]}},{"type":"Feature","properties":{"name":"","operator":""},"geometry":{"type":"LineString","coordinates":[[28.803,61.289],[28.808,61.292]]}},{"type":"Feature","properties":{"name":"","operator":""},"geometry":{"type":"LineString","coordinates":[[28.956,61.692],[28.956,61.694]]}},{"type":"Feature","properties":{"name":"","operator":""},"geometry":{"type":"LineString","coordinates":[[28.249,61.56],[28.244,61.561]]}},{"type":"Feature","properties":{"name":"","operator":""},"geometry":{"type":"LineString","coordinates":[[28.901,61.864],[28.899,61.864]]}},{"type":"Feature","properties":{"name":"","operator":""},"geometry":{"type":"LineString","coordinates":[[28.103,61.121],[28.106,61.118]]}},{"type":"Feature","properties":{"name":"","operator":""},"geometry":{"type":"LineString","coordinates":[[28.075,61.484],[28.084,61.48]]}},{"type":"Feature","properties":{"name":"","operator":""},"geometry":{"type":"LineString","coordinates":[[27.32,61.691],[27.326,61.688]]}},{"type":"Feature","properties":{"name":"","operator":""},"geometry":{"type":"LineString","coordinates":[[28.795,61.777],[28.8,61.778]]}},{"type":"Feature","properties":{"name":"","operator":""},"geometry":{"type":"LineString","coordinates":[[28.406,61.525],[28.408,61.523],[28.409,61.522]]}},{"type":"Feature","properties":{"name":"","operator":""},"geometry":{"type":"LineString","coordinates":[[28.172,61.519],[28.177,61.52]]}},{"type":"Feature","properties":{"name":"","operator":""},"geometry":{"type":"LineString","coordinates":[[28.486,61.544],[28.483,61.546]]}},{"type":"Feature","properties":{"name":"","operator":""},"geometry":{"type":"LineString","coordinates":[[28.627,61.665],[28.606,61.655]]}},{"type":"Feature","properties":{"name":"","operator":""},"geometry":{"type":"LineString","coordinates":[[28.277,61.087],[28.279,61.086]]}},{"type":"Feature","properties":{"name":"","operator":""},"geometry":{"type":"LineString","coordinates":[[28.957,61.691],[28.957,61.694]]}},{"type":"Feature","properties":{"name":"","operator":""},"geometry":{"type":"LineString","coordinates":[[28.903,61.865],[28.898,61.865]]}},{"type":"Feature","properties":{"name":"","operator":""},"geometry":{"type":"LineString","coordinates":[[28.952,61.709],[28.955,61.709]]}},{"type":"Feature","properties":{"name":"","operator":""},"geometry":{"type":"LineString","coordinates":[[28.677,61.729],[28.692,61.728]]}},{"type":"Feature","properties":{"name":"","operator":""},"geometry":{"type":"LineString","coordinates":[[27.297,61.658],[27.3,61.659]]}},{"type":"Feature","properties":{"name":"","operator":""},"geometry":{"type":"LineString","coordinates":[[28.837,61.282],[28.831,61.283]]}},{"type":"Feature","properties":{"name":"","operator":""},"geometry":{"type":"LineString","coordinates":[[28.648,61.24],[28.66,61.226]]}},{"type":"Feature","properties":{"name":"","operator":""},"geometry":{"type":"LineString","coordinates":[[28.984,61.776],[28.985,61.777]]}},{"type":"Feature","properties":{"name":"","operator":""},"geometry":{"type":"LineString","coordinates":[[29.498,61.951],[29.512,61.953]]}},{"type":"Feature","properties":{"name":"","operator":""},"geometry":{"type":"LineString","coordinates":[[28.819,61.279],[28.824,61.281]]}},{"type":"Feature","properties":{"name":"","operator":""},"geometry":{"type":"LineString","coordinates":[[28.517,60.969],[28.517,60.97]]}},{"type":"Feature","properties":{"name":"","operator":""},"geometry":{"type":"LineString","coordinates":[[28.175,61.078],[28.173,61.076],[28.173,61.075]]}},{"type":"Feature","properties":{"name":"","operator":""},"geometry":{"type":"LineString","coordinates":[[29.306,61.766],[29.317,61.765]]}},{"type":"Feature","properties":{"name":"","operator":""},"geometry":{"type":"LineString","coordinates":[[28.115,61.516],[28.125,61.514]]}},{"type":"Feature","properties":{"name":"","operator":""},"geometry":{"type":"LineString","coordinates":[[28.883,61.869],[28.885,61.868]]}},{"type":"Feature","properties":{"name":"","operator":""},"geometry":{"type":"LineString","coordinates":[[28.994,61.708],[28.977,61.706]]}},{"type":"Feature","properties":{"name":"","operator":""},"geometry":{"type":"LineString","coordinates":[[28.246,61.731],[28.256,61.73]]}},{"type":"Feature","properties":{"name":"","operator":""},"geometry":{"type":"LineString","coordinates":[[27.255,61.487],[27.273,61.492]]}},{"type":"Feature","properties":{"name":"","operator":""},"geometry":{"type":"LineString","coordinates":[[29.156,61.766],[29.159,61.762]]}},{"type":"Feature","properties":{"name":"","operator":""},"geometry":{"type":"LineString","coordinates":[[28.177,61.52],[28.173,61.518]]}},{"type":"Feature","properties":{"name":"","operator":""},"geometry":{"type":"LineString","coordinates":[[28.821,61.274],[28.825,61.28]]}},{"type":"Feature","properties":{"name":"","operator":""},"geometry":{"type":"LineString","coordinates":[[28.494,60.99],[28.495,60.991]]}},{"type":"Feature","properties":{"name":"","operator":""},"geometry":{"type":"LineString","coordinates":[[28.212,61.077],[28.21,61.075]]}},{"type":"Feature","properties":{"name":"","operator":""},"geometry":{"type":"LineString","coordinates":[[28.309,61.618],[28.32,61.62]]}},{"type":"Feature","properties":{"name":"","operator":""},"geometry":{"type":"LineString","coordinates":[[28.749,61.709],[28.751,61.705]]}},{"type":"Feature","properties":{"name":"","operator":""},"geometry":{"type":"LineString","coordinates":[[28.245,61.081],[28.252,61.078]]}},{"type":"Feature","properties":{"name":"","operator":""},"geometry":{"type":"LineString","coordinates":[[28.374,61.052],[28.375,61.053]]}},{"type":"Feature","properties":{"name":"","operator":""},"geometry":{"type":"LineString","coordinates":[[28.056,61.48],[28.061,61.483]]}},{"type":"Feature","properties":{"name":"","operator":""},"geometry":{"type":"LineString","coordinates":[[28.599,61.742],[28.614,61.748]]}},{"type":"Feature","properties":{"name":"","operator":""},"geometry":{"type":"LineString","coordinates":[[28.884,61.868],[28.882,61.868]]}},{"type":"Feature","properties":{"name":"","operator":""},"geometry":{"type":"LineString","coordinates":[[28.253,61.714],[28.261,61.715]]}},{"type":"Feature","properties":{"name":"","operator":""},"geometry":{"type":"LineString","coordinates":[[27.253,61.502],[27.261,61.504]]}},{"type":"Feature","properties":{"name":"","operator":""},"geometry":{"type":"LineString","coordinates":[[28.868,61.866],[28.875,61.867]]}},{"type":"Feature","properties":{"name":"","operator":""},"geometry":{"type":"LineString","coordinates":[[27.962,61.551],[27.962,61.553]]}},{"type":"Feature","properties":{"name":"","operator":""},"geometry":{"type":"LineString","coordinates":[[28.391,61.526],[28.392,61.524],[28.393,61.524],[28.394,61.523],[28.398,61.521]]}},{"type":"Feature","properties":{"name":"","operator":""},"geometry":{"type":"LineString","coordinates":[[28.733,61.814],[28.734,61.819]]}},{"type":"Feature","properties":{"name":"","operator":""},"geometry":{"type":"LineString","coordinates":[[28.461,61.01],[28.462,61.01]]}},{"type":"Feature","properties":{"name":"","operator":""},"geometry":{"type":"LineString","coordinates":[[28.216,61.077],[28.216,61.075]]}},{"type":"Feature","properties":{"name":"","operator":""},"geometry":{"type":"LineString","coordinates":[[28.275,61.089],[28.277,61.087]]}},{"type":"Feature","properties":{"name":"","operator":""},"geometry":{"type":"LineString","coordinates":[[28.754,61.789],[28.753,61.79]]}},{"type":"Feature","properties":{"name":"","operator":""},"geometry":{"type":"LineString","coordinates":[[28.387,61.611],[28.387,61.604]]}},{"type":"Feature","properties":{"name":"","operator":""},"geometry":{"type":"LineString","coordinates":[[28.589,61.711],[28.601,61.714]]}},{"type":"Feature","properties":{"name":"","operator":""},"geometry":{"type":"LineString","coordinates":[[28.748,61.706],[28.748,61.709]]}},{"type":"Feature","properties":{"name":"","operator":""},"geometry":{"type":"LineString","coordinates":[[29.301,61.785],[29.305,61.785]]}},{"type":"Feature","properties":{"name":"","operator":""},"geometry":{"type":"LineString","coordinates":[[28.23,61.08],[28.229,61.072]]}},{"type":"Feature","properties":{"name":"","operator":""},"geometry":{"type":"LineString","coordinates":[[27.957,61.211],[27.962,61.209]]}},{"type":"Feature","properties":{"name":"","operator":""},"geometry":{"type":"LineString","coordinates":[[29.332,61.763],[29.38,61.76]]}},{"type":"Feature","properties":{"name":"","operator":""},"geometry":{"type":"LineString","coordinates":[[27.503,61.471],[27.507,61.472]]}},{"type":"Feature","properties":{"name":"","operator":""},"geometry":{"type":"LineString","coordinates":[[27.912,61.547],[27.91,61.549]]}},{"type":"Feature","properties":{"name":"","operator":""},"geometry":{"type":"LineString","coordinates":[[28.505,61.738],[28.498,61.739]]}},{"type":"Feature","properties":{"name":"","operator":""},"geometry":{"type":"LineString","coordinates":[[28.263,61.704],[28.26,61.704]]}},{"type":"Feature","properties":{"name":"","operator":""},"geometry":{"type":"LineString","coordinates":[[27.747,61.267],[27.749,61.263]]}},{"type":"Feature","properties":{"name":"","operator":""},"geometry":{"type":"LineString","coordinates":[[28.844,61.252],[28.849,61.249]]}},{"type":"Feature","properties":{"name":"","operator":""},"geometry":{"type":"LineString","coordinates":[[28.915,61.865],[28.916,61.866]]}},{"type":"Feature","properties":{"name":"","operator":""},"geometry":{"type":"LineString","coordinates":[[27.882,61.704],[27.889,61.706]]}},{"type":"Feature","properties":{"name":"","operator":""},"geometry":{"type":"LineString","coordinates":[[27.29,61.686],[27.292,61.685]]}},{"type":"Feature","properties":{"name":"","operator":""},"geometry":{"type":"LineString","coordinates":[[28.268,61.092],[28.271,61.092]]}},{"type":"Feature","properties":{"name":"","operator":""},"geometry":{"type":"LineString","coordinates":[[29.3,61.786],[29.304,61.788]]}},{"type":"Feature","properties":{"name":"","operator":""},"geometry":{"type":"LineString","coordinates":[[28.339,61.599],[28.349,61.607]]}},{"type":"Feature","properties":{"name":"","operator":""},"geometry":{"type":"LineString","coordinates":[[28.284,61.123],[28.279,61.124]]}},{"type":"Feature","properties":{"name":"","operator":""},"geometry":{"type":"LineString","coordinates":[[27.477,61.437],[27.476,61.444]]}},{"type":"Feature","properties":{"name":"","operator":""},"geometry":{"type":"LineString","coordinates":[[29.301,61.804],[29.293,61.804]]}},{"type":"Feature","properties":{"name":"","operator":""},"geometry":{"type":"LineString","coordinates":[[27.71,61.406],[27.705,61.401]]}},{"type":"Feature","properties":{"name":"","operator":""},"geometry":{"type":"LineString","coordinates":[[28.503,61.738],[28.498,61.738]]}},{"type":"Feature","properties":{"name":"","operator":""},"geometry":{"type":"LineString","coordinates":[[27.747,61.263],[27.746,61.266],[27.746,61.267]]}},{"type":"Feature","properties":{"name":"","operator":""},"geometry":{"type":"LineString","coordinates":[[28.104,61.159],[28.097,61.156]]}},{"type":"Feature","properties":{"name":"","operator":""},"geometry":{"type":"LineString","coordinates":[[28.298,61.167],[28.295,61.167]]}},{"type":"Feature","properties":{"name":"","operator":""},"geometry":{"type":"LineString","coordinates":[[27.36,61.458],[27.363,61.462]]}},{"type":"Feature","properties":{"name":"","operator":""},"geometry":{"type":"LineString","coordinates":[[28.15,61.061],[28.143,61.059]]}},{"type":"Feature","properties":{"name":"","operator":""},"geometry":{"type":"LineString","coordinates":[[28.317,61.376],[28.31,61.369]]}},{"type":"Feature","properties":{"name":"","operator":""},"geometry":{"type":"LineString","coordinates":[[28.292,61.541],[28.312,61.552]]}},{"type":"Feature","properties":{"name":"","operator":""},"geometry":{"type":"LineString","coordinates":[[28.097,61.156],[28.102,61.156],[28.105,61.155],[28.107,61.155],[28.108,61.154],[28.109,61.154],[28.11,61.153],[28.111,61.152],[28.112,61.152],[28.117,61.151],[28.119,61.151],[28.132,61.15],[28.137,61.148],[28.139,61.146],[28.142,61.144],[28.143,61.143],[28.144,61.143],[28.146,61.143],[28.149,61.143],[28.152,61.144]]}},{"type":"Feature","properties":{"name":"","operator":""},"geometry":{"type":"LineString","coordinates":[[27.825,61.259],[27.824,61.259],[27.822,61.259],[27.821,61.259],[27.82,61.258],[27.819,61.258],[27.816,61.258],[27.815,61.258],[27.811,61.259],[27.809,61.259],[27.806,61.26],[27.804,61.261],[27.803,61.262],[27.802,61.262],[27.801,61.262],[27.8,61.262],[27.799,61.262],[27.798,61.262],[27.798,61.261]]}},{"type":"Feature","properties":{"name":"","operator":""},"geometry":{"type":"LineString","coordinates":[[28.854,61.867],[28.852,61.867],[28.85,61.867],[28.849,61.868],[28.848,61.868],[28.844,61.868],[28.842,61.868],[28.841,61.868],[28.838,61.869],[28.837,61.869],[28.832,61.869],[28.827,61.87],[28.825,61.87],[28.822,61.87],[28.821,61.871],[28.817,61.873],[28.814,61.874],[28.811,61.876],[28.806,61.879]]}},{"type":"Feature","properties":{"name":"","operator":""},"geometry":{"type":"LineString","coordinates":[[28.789,61.8],[28.79,61.8],[28.79,61.799],[28.79,61.798],[28.791,61.798],[28.791,61.797],[28.792,61.797],[28.793,61.796],[28.794,61.793],[28.795,61.792],[28.797,61.792],[28.798,61.791],[28.8,61.791],[28.803,61.791],[28.805,61.791],[28.806,61.791],[28.807,61.791],[28.808,61.791],[28.808,61.79],[28.809,61.79],[28.814,61.784],[28.814,61.783],[28.813,61.783],[28.811,61.783]]}},{"type":"Feature","properties":{"name":"","operator":""},"geometry":{"type":"LineString","coordinates":[[29.324,61.783],[29.327,61.783],[29.331,61.783],[29.333,61.783],[29.34,61.782],[29.343,61.781],[29.346,61.78],[29.347,61.78],[29.347,61.779],[29.348,61.779],[29.35,61.779],[29.351,61.779],[29.351,61.778],[29.352,61.778],[29.352,61.777],[29.354,61.776],[29.355,61.776],[29.358,61.775],[29.361,61.774],[29.366,61.773],[29.379,61.769],[29.385,61.768],[29.386,61.768],[29.387,61.767],[29.387,61.766],[29.387,61.765]]}},{"type":"Feature","properties":{"name":"","operator":""},"geometry":{"type":"LineString","coordinates":[[28.882,61.864],[28.883,61.864],[28.884,61.863],[28.886,61.863],[28.887,61.863],[28.888,61.863],[28.889,61.863],[28.89,61.863],[28.891,61.863],[28.892,61.862],[28.895,61.862],[28.897,61.862],[28.898,61.862],[28.899,61.862],[28.9,61.862],[28.9,61.861],[28.901,61.861],[28.902,61.861],[28.903,61.861],[28.904,61.861],[28.905,61.861],[28.906,61.861],[28.908,61.861],[28.909,61.861],[28.91,61.861]]}},{"type":"Feature","properties":{"name":"","operator":""},"geometry":{"type":"LineString","coordinates":[[27.806,61.697],[27.818,61.697],[27.834,61.697]]}},{"type":"Feature","properties":{"name":"","operator":""},"geometry":{"type":"LineString","coordinates":[[27.988,61.095],[27.978,61.094]]}},{"type":"Feature","properties":{"name":"","operator":""},"geometry":{"type":"LineString","coordinates":[[28.307,61.142],[28.301,61.142],[28.298,61.143]]}},{"type":"Feature","properties":{"name":"","operator":""},"geometry":{"type":"LineString","coordinates":[[28.167,61.451],[28.191,61.453]]}},{"type":"Feature","properties":{"name":"","operator":""},"geometry":{"type":"LineString","coordinates":[[27.711,61.286],[27.713,61.288],[27.716,61.29]]}},{"type":"Feature","properties":{"name":"","operator":""},"geometry":{"type":"LineString","coordinates":[[27.838,61.697],[27.843,61.698],[27.846,61.699]]}},{"type":"Feature","properties":{"name":"","operator":""},"geometry":{"type":"LineString","coordinates":[[28.063,61.132],[28.07,61.135]]}},{"type":"Feature","properties":{"name":"","operator":""},"geometry":{"type":"LineString","coordinates":[[28.849,61.862],[28.852,61.863],[28.855,61.864]]}},{"type":"Feature","properties":{"name":"","operator":""},"geometry":{"type":"LineString","coordinates":[[28.498,61.739],[28.498,61.738],[28.501,61.735]]}},{"type":"Feature","properties":{"name":"","operator":""},"geometry":{"type":"LineString","coordinates":[[28.394,61.197],[28.371,61.179],[28.371,61.178]]}},{"type":"Feature","properties":{"name":"","operator":""},"geometry":{"type":"LineString","coordinates":[[28.905,61.869],[28.906,61.869],[28.91,61.87]]}},{"type":"Feature","properties":{"name":"","operator":""},"geometry":{"type":"LineString","coordinates":[[28.109,61.231],[28.108,61.231],[28.1,61.227]]}},{"type":"Feature","properties":{"name":"","operator":""},"geometry":{"type":"LineString","coordinates":[[28.841,61.882],[28.853,61.881]]}},{"type":"Feature","properties":{"name":"","operator":""},"geometry":{"type":"LineString","coordinates":[[28.173,61.108],[28.172,61.106],[28.169,61.102]]}},{"type":"Feature","properties":{"name":"","operator":""},"geometry":{"type":"LineString","coordinates":[[28.608,61.207],[28.629,61.193],[28.651,61.18],[28.654,61.175]]}},{"type":"Feature","properties":{"name":"","operator":""},"geometry":{"type":"LineString","coordinates":[[28.847,61.777],[28.848,61.777],[28.856,61.779]]}},{"type":"Feature","properties":{"name":"","operator":""},"geometry":{"type":"LineString","coordinates":[[28.751,61.742],[28.758,61.747],[28.765,61.751]]}},{"type":"Feature","properties":{"name":"","operator":""},"geometry":{"type":"LineString","coordinates":[[27.909,61.189],[27.909,61.192],[27.907,61.196]]}},{"type":"Feature","properties":{"name":"","operator":""},"geometry":{"type":"LineString","coordinates":[[28.168,61.467],[28.168,61.468],[28.168,61.469]]}},{"type":"Feature","properties":{"name":"","operator":""},"geometry":{"type":"LineString","coordinates":[[27.291,61.655],[27.304,61.656],[27.305,61.656]]}},{"type":"Feature","properties":{"name":"","operator":""},"geometry":{"type":"LineString","coordinates":[[28.812,61.233],[28.813,61.232],[28.814,61.229]]}},{"type":"Feature","properties":{"name":"","operator":""},"geometry":{"type":"LineString","coordinates":[[29.717,61.893],[29.739,61.896],[29.76,61.899]]}},{"type":"Feature","properties":{"name":"","operator":""},"geometry":{"type":"LineString","coordinates":[[29.008,61.634],[29.009,61.636]]}},{"type":"Feature","properties":{"name":"","operator":""},"geometry":{"type":"LineString","coordinates":[[28.882,61.865],[28.884,61.865],[28.887,61.865]]}},{"type":"Feature","properties":{"name":"","operator":""},"geometry":{"type":"LineString","coordinates":[[28.344,61.326],[28.343,61.33]]}},{"type":"Feature","properties":{"name":"","operator":""},"geometry":{"type":"LineString","coordinates":[[28.062,61.18],[28.063,61.18],[28.063,61.181],[28.064,61.182],[28.064,61.183],[28.064,61.184],[28.06,61.187],[28.059,61.187],[28.053,61.189],[28.038,61.192],[28.023,61.194],[28.018,61.195],[28.016,61.197],[28.011,61.198],[28.005,61.201],[28.001,61.203],[27.997,61.205],[27.995,61.205],[27.982,61.208],[27.976,61.209],[27.971,61.21],[27.967,61.21],[27.962,61.21],[27.959,61.209],[27.954,61.209],[27.95,61.208],[27.944,61.206],[27.942,61.205],[27.941,61.205],[27.938,61.205],[27.936,61.205],[27.931,61.205],[27.928,61.205],[27.926,61.205],[27.925,61.205]]}},{"type":"Feature","properties":{"name":"","operator":""},"geometry":{"type":"LineString","coordinates":[[28.944,61.67],[28.948,61.67],[28.957,61.669],[28.959,61.669]]}},{"type":"Feature","properties":{"name":"","operator":""},"geometry":{"type":"LineString","coordinates":[[27.74,61.262],[27.739,61.262],[27.738,61.262],[27.735,61.261]]}},{"type":"Feature","properties":{"name":"","operator":""},"geometry":{"type":"LineString","coordinates":[[29.315,61.784],[29.319,61.784],[29.32,61.783],[29.323,61.783]]}},{"type":"Feature","properties":{"name":"","operator":""},"geometry":{"type":"LineString","coordinates":[[28.135,61.548],[28.14,61.546],[28.147,61.543],[28.158,61.539]]}},{"type":"Feature","properties":{"name":"","operator":""},"geometry":{"type":"LineString","coordinates":[[28.187,61.432],[28.192,61.432],[28.196,61.432]]}},{"type":"Feature","properties":{"name":"","operator":""},"geometry":{"type":"LineString","coordinates":[[28.11,61.292],[28.088,61.287],[28.076,61.283],[28.064,61.28]]}},{"type":"Feature","properties":{"name":"","operator":""},"geometry":{"type":"LineString","coordinates":[[28.316,61.096],[28.317,61.096],[28.318,61.096],[28.324,61.096]]}},{"type":"Feature","properties":{"name":"","operator":""},"geometry":{"type":"LineString","coordinates":[[28.099,61.129],[28.103,61.123],[28.107,61.118],[28.108,61.117]]}},{"type":"Feature","properties":{"name":"","operator":""},"geometry":{"type":"LineString","coordinates":[[28.101,61.502],[28.11,61.502],[28.113,61.501],[28.12,61.5]]}},{"type":"Feature","properties":{"name":"","operator":""},"geometry":{"type":"LineString","coordinates":[[28.173,61.518],[28.176,61.52],[28.177,61.52]]}},{"type":"Feature","properties":{"name":"","operator":""},"geometry":{"type":"LineString","coordinates":[[28.902,61.863],[28.902,61.864]]}},{"type":"Feature","properties":{"name":"","operator":""},"geometry":{"type":"LineString","coordinates":[[29.004,61.675],[29.02,61.678],[29.028,61.679],[29.035,61.68]]}},{"type":"Feature","properties":{"name":"","operator":""},"geometry":{"type":"LineString","coordinates":[[29.012,61.775],[29.011,61.774],[29.01,61.773],[29.002,61.77]]}},{"type":"Feature","properties":{"name":"","operator":""},"geometry":{"type":"LineString","coordinates":[[28.828,61.28],[28.832,61.281],[28.833,61.282],[28.839,61.288]]}},{"type":"Feature","properties":{"name":"","operator":""},"geometry":{"type":"LineString","coordinates":[[28.158,61.456],[28.16,61.458],[28.163,61.46],[28.164,61.461]]}},{"type":"Feature","properties":{"name":"","operator":""},"geometry":{"type":"LineString","coordinates":[[29.284,61.806],[29.292,61.807],[29.294,61.807],[29.3,61.806]]}},{"type":"Feature","properties":{"name":"","operator":""},"geometry":{"type":"LineString","coordinates":[[28.135,61.328],[28.134,61.328],[28.134,61.329],[28.14,61.333],[28.153,61.342],[28.164,61.349],[28.167,61.351],[28.176,61.357],[28.185,61.361],[28.19,61.364],[28.196,61.368],[28.2,61.371],[28.212,61.378],[28.217,61.382],[28.218,61.383],[28.218,61.387],[28.216,61.396],[28.216,61.397],[28.215,61.397],[28.212,61.4],[28.212,61.401],[28.208,61.407],[28.207,61.408],[28.206,61.409],[28.206,61.41],[28.207,61.412],[28.206,61.413],[28.206,61.414],[28.204,61.417],[28.203,61.418],[28.202,61.419],[28.202,61.42],[28.201,61.42],[28.199,61.421],[28.199,61.422],[28.198,61.425],[28.196,61.427],[28.193,61.434],[28.192,61.438],[28.191,61.441],[28.191,61.442],[28.191,61.444],[28.19,61.445],[28.189,61.447],[28.188,61.449],[28.187,61.45],[28.186,61.45],[28.177,61.452],[28.173,61.453],[28.172,61.453]]}},{"type":"Feature","properties":{"name":"","operator":""},"geometry":{"type":"LineString","coordinates":[[28.329,61.092],[28.325,61.093],[28.318,61.096],[28.317,61.096],[28.316,61.096]]}},{"type":"Feature","properties":{"name":"","operator":""},"geometry":{"type":"LineString","coordinates":[[28.826,61.881],[28.827,61.881],[28.829,61.882],[28.83,61.882],[28.831,61.882]]}},{"type":"Feature","properties":{"name":"","operator":""},"geometry":{"type":"LineString","coordinates":[[28.067,61.13],[28.067,61.131],[28.067,61.132],[28.071,61.135]]}},{"type":"Feature","properties":{"name":"","operator":""},"geometry":{"type":"LineString","coordinates":[[28.822,61.88],[28.823,61.88],[28.824,61.881],[28.825,61.881]]}},{"type":"Feature","properties":{"name":"","operator":""},"geometry":{"type":"LineString","coordinates":[[28.851,61.862],[28.855,61.863]]}},{"type":"Feature","properties":{"name":"","operator":""},"geometry":{"type":"LineString","coordinates":[[28.87,61.669],[28.873,61.67],[28.882,61.673],[28.887,61.675],[28.892,61.677],[28.897,61.678],[28.899,61.679]]}},{"type":"Feature","properties":{"name":"","operator":""},"geometry":{"type":"LineString","coordinates":[[28.846,61.794],[28.845,61.793],[28.815,61.783],[28.813,61.783],[28.812,61.782]]}},{"type":"Feature","properties":{"name":"","operator":""},"geometry":{"type":"LineString","coordinates":[[28.168,61.467],[28.168,61.469]]}},{"type":"Feature","properties":{"name":"","operator":""},"geometry":{"type":"LineString","coordinates":[[29.301,61.797],[29.302,61.796],[29.303,61.796],[29.304,61.796],[29.306,61.795]]}},{"type":"Feature","properties":{"name":"","operator":""},"geometry":{"type":"LineString","coordinates":[[27.796,61.409],[27.798,61.407],[27.803,61.402],[27.805,61.399],[27.805,61.398]]}},{"type":"Feature","properties":{"name":"","operator":""},"geometry":{"type":"LineString","coordinates":[[28.882,61.873],[28.885,61.876],[28.887,61.878],[28.888,61.879],[28.889,61.879],[28.898,61.886],[28.912,61.897]]}},{"type":"Feature","properties":{"name":"","operator":""},"geometry":{"type":"LineString","coordinates":[[29.398,61.76],[29.407,61.764],[29.409,61.765],[29.413,61.769]]}},{"type":"Feature","properties":{"name":"","operator":""},"geometry":{"type":"LineString","coordinates":[[29.3,61.798],[29.301,61.799],[29.302,61.8],[29.303,61.8],[29.305,61.8]]}},{"type":"Feature","properties":{"name":"","operator":""},"geometry":{"type":"LineString","coordinates":[[28.166,61.452],[28.168,61.453],[28.17,61.453],[28.171,61.453]]}},{"type":"Feature","properties":{"name":"","operator":""},"geometry":{"type":"LineString","coordinates":[[28.938,61.673],[28.943,61.672],[28.945,61.672],[28.947,61.671],[28.951,61.671],[28.954,61.67],[28.958,61.669]]}},{"type":"Feature","properties":{"name":"","operator":""},"geometry":{"type":"LineString","coordinates":[[28.367,61.525],[28.367,61.526],[28.368,61.527],[28.368,61.528]]}},{"type":"Feature","properties":{"name":"","operator":""},"geometry":{"type":"LineString","coordinates":[[28.777,61.773],[28.78,61.776],[28.785,61.777]]}},{"type":"Feature","properties":{"name":"","operator":""},"geometry":{"type":"LineString","coordinates":[[28.903,61.865],[28.9,61.866]]}},{"type":"Feature","properties":{"name":"","operator":""},"geometry":{"type":"LineString","coordinates":[[28.059,61.432],[28.057,61.431],[28.055,61.431],[28.051,61.429],[28.05,61.428],[28.043,61.425],[28.041,61.425]]}},{"type":"Feature","properties":{"name":"","operator":""},"geometry":{"type":"LineString","coordinates":[[28.347,61.328],[28.346,61.328],[28.345,61.328],[28.344,61.328],[28.344,61.326]]}},{"type":"Feature","properties":{"name":"","operator":""},"geometry":{"type":"LineString","coordinates":[[27.515,61.445],[27.516,61.445],[27.526,61.448],[27.527,61.448],[27.527,61.449]]}},{"type":"Feature","properties":{"name":"","operator":""},"geometry":{"type":"LineString","coordinates":[[28.851,61.86],[28.853,61.861],[28.855,61.862],[28.856,61.862],[28.857,61.862],[28.858,61.863]]}},{"type":"Feature","properties":{"name":"","operator":""},"geometry":{"type":"LineString","coordinates":[[28.851,61.86],[28.854,61.861],[28.856,61.861],[28.857,61.862],[28.858,61.862]]}},{"type":"Feature","properties":{"name":"","operator":""},"geometry":{"type":"LineString","coordinates":[[28.176,61.079],[28.179,61.077],[28.18,61.077],[28.181,61.077],[28.182,61.077],[28.183,61.077]]}},{"type":"Feature","properties":{"name":"","operator":""},"geometry":{"type":"LineString","coordinates":[[28.905,61.87],[28.909,61.87],[28.91,61.87],[28.911,61.87]]}},{"type":"Feature","properties":{"name":"","operator":""},"geometry":{"type":"LineString","coordinates":[[27.703,61.275],[27.705,61.277],[27.706,61.277],[27.708,61.28],[27.71,61.282],[27.714,61.288],[27.716,61.29]]}},{"type":"Feature","properties":{"name":"","operator":""},"geometry":{"type":"LineString","coordinates":[[28.401,61.727],[28.403,61.731],[28.404,61.732],[28.404,61.733],[28.403,61.734],[28.402,61.736]]}},{"type":"Feature","properties":{"name":"","operator":""},"geometry":{"type":"LineString","coordinates":[[28.057,61.159],[28.056,61.159],[28.052,61.159],[28.05,61.16],[28.046,61.159],[28.043,61.158]]}},{"type":"Feature","properties":{"name":"","operator":""},"geometry":{"type":"LineString","coordinates":[[29.314,61.783],[29.311,61.783],[29.31,61.783],[29.308,61.784]]}},{"type":"Feature","properties":{"name":"","operator":""},"geometry":{"type":"LineString","coordinates":[[28.447,61.537],[28.444,61.539],[28.439,61.542],[28.434,61.545],[28.434,61.546],[28.434,61.548]]}},{"type":"Feature","properties":{"name":"","operator":""},"geometry":{"type":"LineString","coordinates":[[29.498,61.952],[29.506,61.953],[29.508,61.954],[29.509,61.954],[29.512,61.953]]}},{"type":"Feature","properties":{"name":"","operator":""},"geometry":{"type":"LineString","coordinates":[[28.882,61.872],[28.883,61.872],[28.883,61.873]]}},{"type":"Feature","properties":{"name":"","operator":""},"geometry":{"type":"LineString","coordinates":[[28.896,61.877],[28.9,61.878],[28.902,61.878],[28.903,61.878],[28.905,61.879],[28.906,61.879]]}},{"type":"Feature","properties":{"name":"","operator":""},"geometry":{"type":"LineString","coordinates":[[27.815,61.256],[27.816,61.256],[27.817,61.256],[27.82,61.257],[27.821,61.257],[27.824,61.259]]}},{"type":"Feature","properties":{"name":"","operator":""},"geometry":{"type":"LineString","coordinates":[[28.191,61.518],[28.195,61.518],[28.205,61.517],[28.211,61.517],[28.214,61.517],[28.218,61.518]]}},{"type":"Feature","properties":{"name":"","operator":""},"geometry":{"type":"LineString","coordinates":[[28.847,61.863],[28.849,61.863],[28.851,61.864],[28.852,61.865],[28.854,61.865]]}},{"type":"Feature","properties":{"name":"","operator":""},"geometry":{"type":"LineString","coordinates":[[28.856,61.868],[28.855,61.868],[28.853,61.868],[28.844,61.869],[28.836,61.87],[28.829,61.87],[28.826,61.871]]}},{"type":"Feature","properties":{"name":"","operator":""},"geometry":{"type":"LineString","coordinates":[[27.507,61.435],[27.507,61.436],[27.507,61.437],[27.507,61.438],[27.507,61.439],[27.508,61.439],[27.51,61.44],[27.511,61.44]]}},{"type":"Feature","properties":{"name":"","operator":""},"geometry":{"type":"LineString","coordinates":[[29.304,61.788],[29.3,61.794],[29.299,61.797],[29.298,61.8],[29.297,61.802],[29.297,61.803]]}},{"type":"Feature","properties":{"name":"","operator":""},"geometry":{"type":"LineString","coordinates":[[27.675,61.284],[27.678,61.291],[27.679,61.291],[27.68,61.291],[27.681,61.291],[27.682,61.291]]}},{"type":"Feature","properties":{"name":"","operator":""},"geometry":{"type":"LineString","coordinates":[[27.664,61.3],[27.664,61.301],[27.663,61.302],[27.662,61.302]]}},{"type":"Feature","properties":{"name":"","operator":""},"geometry":{"type":"LineString","coordinates":[[28.832,61.882],[28.834,61.882],[28.835,61.882],[28.836,61.882],[28.838,61.882],[28.839,61.882],[28.84,61.882]]}},{"type":"Feature","properties":{"name":"","operator":""},"geometry":{"type":"LineString","coordinates":[[28.477,61.346],[28.477,61.345],[28.476,61.342],[28.475,61.337],[28.476,61.335],[28.477,61.332],[28.478,61.331],[28.479,61.33]]}},{"type":"Feature","properties":{"name":"","operator":""},"geometry":{"type":"LineString","coordinates":[[28.367,61.525],[28.368,61.524],[28.369,61.524],[28.372,61.522],[28.372,61.521],[28.373,61.52],[28.374,61.519]]}},{"type":"Feature","properties":{"name":"","operator":""},"geometry":{"type":"LineString","coordinates":[[28.389,61.175],[28.389,61.176],[28.389,61.177],[28.388,61.177],[28.384,61.178],[28.377,61.179],[28.371,61.179]]}},{"type":"Feature","properties":{"name":"","operator":""},"geometry":{"type":"LineString","coordinates":[[28.164,61.523],[28.166,61.524],[28.167,61.525],[28.169,61.526],[28.17,61.526],[28.171,61.526]]}},{"type":"Feature","properties":{"name":"","operator":""},"geometry":{"type":"LineString","coordinates":[[28.204,61.077],[28.208,61.077],[28.211,61.076],[28.212,61.076],[28.215,61.075],[28.216,61.075]]}},{"type":"Feature","properties":{"name":"","operator":""},"geometry":{"type":"LineString","coordinates":[[28.505,61.739],[28.498,61.739],[28.499,61.74],[28.5,61.74],[28.501,61.741],[28.501,61.742],[28.501,61.743]]}},{"type":"Feature","properties":{"name":"","operator":""},"geometry":{"type":"LineString","coordinates":[[28.138,61.512],[28.145,61.511],[28.15,61.511],[28.153,61.511],[28.154,61.511],[28.155,61.511],[28.157,61.512]]}},{"type":"Feature","properties":{"name":"","operator":""},"geometry":{"type":"LineString","coordinates":[[29.38,61.898],[29.383,61.898],[29.384,61.898],[29.386,61.898],[29.388,61.897],[29.389,61.897],[29.39,61.897]]}},{"type":"Feature","properties":{"name":"","operator":""},"geometry":{"type":"LineString","coordinates":[[27.731,61.284],[27.729,61.284],[27.728,61.285],[27.726,61.285],[27.723,61.286],[27.721,61.287],[27.719,61.288],[27.718,61.289],[27.717,61.289],[27.717,61.29]]}},{"type":"Feature","properties":{"name":"","operator":""},"geometry":{"type":"LineString","coordinates":[[27.735,61.261],[27.736,61.262],[27.737,61.262],[27.743,61.265],[27.743,61.266],[27.744,61.266],[27.744,61.267],[27.745,61.268]]}},{"type":"Feature","properties":{"name":"","operator":""},"geometry":{"type":"LineString","coordinates":[[28.157,61.443],[28.148,61.44],[28.138,61.437],[28.136,61.436],[28.132,61.435],[28.123,61.434],[28.12,61.433],[28.113,61.433]]}},{"type":"Feature","properties":{"name":"","operator":""},"geometry":{"type":"LineString","coordinates":[[28.652,61.841],[28.651,61.841],[28.651,61.84],[28.651,61.839],[28.652,61.838],[28.653,61.837]]}},{"type":"Feature","properties":{"name":"","operator":""},"geometry":{"type":"LineString","coordinates":[[28.061,61.17],[28.064,61.169],[28.067,61.169],[28.069,61.169],[28.071,61.168],[28.075,61.167],[28.077,61.165],[28.08,61.164]]}},{"type":"Feature","properties":{"name":"","operator":""},"geometry":{"type":"LineString","coordinates":[[28.908,61.866],[28.908,61.867],[28.907,61.867],[28.906,61.868],[28.905,61.868],[28.903,61.868],[28.902,61.868]]}},{"type":"Feature","properties":{"name":"","operator":""},"geometry":{"type":"LineString","coordinates":[[28.876,61.865],[28.876,61.864],[28.876,61.863],[28.877,61.863],[28.903,61.857],[28.904,61.857],[28.905,61.857],[28.912,61.858]]}},{"type":"Feature","properties":{"name":"","operator":""},"geometry":{"type":"LineString","coordinates":[[27.688,61.293],[27.689,61.293],[27.689,61.294],[27.69,61.294],[27.69,61.293],[27.691,61.293]]}},{"type":"Feature","properties":{"name":"","operator":""},"geometry":{"type":"LineString","coordinates":[[28.243,61.184],[28.246,61.183],[28.247,61.183],[28.256,61.184],[28.259,61.184],[28.263,61.184],[28.264,61.185],[28.265,61.185],[28.265,61.186]]}},{"type":"Feature","properties":{"name":"","operator":""},"geometry":{"type":"LineString","coordinates":[[28.357,61.521],[28.357,61.52],[28.359,61.52],[28.368,61.52],[28.374,61.52],[28.386,61.52],[28.391,61.519],[28.395,61.519]]}},{"type":"Feature","properties":{"name":"","operator":""},"geometry":{"type":"LineString","coordinates":[[27.845,61.25],[27.844,61.25],[27.842,61.249],[27.841,61.249],[27.837,61.249],[27.833,61.249],[27.831,61.249],[27.83,61.249],[27.828,61.25],[27.826,61.25],[27.825,61.25],[27.823,61.251],[27.821,61.252],[27.819,61.252],[27.818,61.253],[27.816,61.254],[27.815,61.254],[27.811,61.256],[27.808,61.258],[27.804,61.26],[27.803,61.261],[27.802,61.261],[27.801,61.261],[27.8,61.261],[27.798,61.261],[27.798,61.262],[27.794,61.262],[27.792,61.262],[27.788,61.263],[27.787,61.263],[27.786,61.264],[27.782,61.264],[27.778,61.264],[27.777,61.264],[27.776,61.264],[27.775,61.264],[27.771,61.264],[27.768,61.264],[27.766,61.264],[27.764,61.265],[27.761,61.265],[27.759,61.265],[27.757,61.265],[27.756,61.265],[27.754,61.265],[27.752,61.265],[27.752,61.266],[27.749,61.266],[27.748,61.266],[27.747,61.266],[27.747,61.267],[27.746,61.267],[27.745,61.267],[27.745,61.268],[27.744,61.269],[27.745,61.271],[27.746,61.271],[27.746,61.272],[27.748,61.272],[27.748,61.273],[27.749,61.273],[27.749,61.274],[27.749,61.275],[27.748,61.276],[27.746,61.277],[27.745,61.278],[27.743,61.279],[27.741,61.279],[27.74,61.279],[27.738,61.28],[27.73,61.281],[27.729,61.281],[27.723,61.283],[27.722,61.283],[27.721,61.284],[27.72,61.284],[27.719,61.285],[27.717,61.288],[27.716,61.29]]}},{"type":"Feature","properties":{"name":"","operator":""},"geometry":{"type":"LineString","coordinates":[[28.51,61.157],[28.506,61.156],[28.504,61.155],[28.503,61.155],[28.502,61.154],[28.501,61.154],[28.499,61.154],[28.497,61.154],[28.497,61.155],[28.496,61.155],[28.494,61.156]]}},{"type":"Feature","properties":{"name":"","operator":""},"geometry":{"type":"LineString","coordinates":[[28.148,61.074],[28.142,61.079],[28.137,61.083],[28.136,61.084],[28.134,61.088],[28.132,61.092],[28.131,61.096],[28.13,61.1]]}},{"type":"Feature","properties":{"name":"","operator":""},"geometry":{"type":"LineString","coordinates":[[28.632,61.844],[28.632,61.843],[28.633,61.843],[28.64,61.842],[28.642,61.842],[28.647,61.841],[28.652,61.841]]}},{"type":"Feature","properties":{"name":"","operator":""},"geometry":{"type":"LineString","coordinates":[[28.899,61.872],[28.902,61.872],[28.905,61.871],[28.906,61.871],[28.909,61.871],[28.912,61.871],[28.914,61.871],[28.915,61.871],[28.916,61.871]]}},{"type":"Feature","properties":{"name":"","operator":""},"geometry":{"type":"LineString","coordinates":[[28.898,61.876],[28.901,61.875],[28.903,61.875],[28.906,61.875],[28.907,61.875],[28.909,61.875],[28.91,61.876],[28.911,61.876]]}},{"type":"Feature","properties":{"name":"","operator":""},"geometry":{"type":"LineString","coordinates":[[28.884,61.873],[28.886,61.873],[28.887,61.873],[28.891,61.874],[28.894,61.874],[28.896,61.875],[28.898,61.875]]}},{"type":"Feature","properties":{"name":"","operator":""},"geometry":{"type":"LineString","coordinates":[[28.024,61.154],[28.024,61.153],[28.025,61.152],[28.029,61.152],[28.03,61.152],[28.041,61.149]]}},{"type":"Feature","properties":{"name":"","operator":""},"geometry":{"type":"LineString","coordinates":[[28.854,61.881],[28.854,61.882],[28.853,61.882],[28.853,61.883],[28.854,61.883]]}},{"type":"Feature","properties":{"name":"","operator":""},"geometry":{"type":"LineString","coordinates":[[28.855,61.881],[28.855,61.882],[28.859,61.882],[28.863,61.882],[28.866,61.881],[28.867,61.881],[28.868,61.881]]}},{"type":"Feature","properties":{"name":"","operator":""},"geometry":{"type":"LineString","coordinates":[[27.687,61.328],[27.688,61.328],[27.689,61.328],[27.69,61.328],[27.691,61.329],[27.692,61.329],[27.693,61.33],[27.694,61.332]]}},{"type":"Feature","properties":{"name":"I2i","operator":"Bharti Airtel Limited"},"geometry":{"type":"LineString","coordinates":[[103.634,1.339],[103.633,1.339],[103.632,1.339],[103.631,1.339],[103.63,1.338],[103.615,1.318],[103.615,1.317],[103.614,1.315],[103.614,1.314],[103.612,1.309],[103.611,1.306],[103.609,1.301],[103.607,1.293],[103.606,1.279],[103.604,1.274],[103.603,1.269],[103.602,1.264],[103.601,1.262],[103.6,1.25],[103.6,1.249],[103.6,1.247],[103.593,1.207],[103.589,1.194],[103.584,1.169],[103.584,1.168],[103.583,1.168],[103.581,1.168],[103.58,1.168],[103.571,1.17],[103.55,1.176],[103.523,1.179],[103.499,1.189],[103.487,1.191],[103.468,1.196],[103.451,1.201],[103.439,1.205],[103.422,1.208],[103.412,1.209],[103.405,1.209],[103.393,1.212],[103.386,1.214],[103.371,1.221],[103.355,1.226],[103.342,1.227],[103.329,1.23],[103.284,1.246],[103.279,1.247],[103.27,1.248],[103.264,1.25],[103.257,1.253],[103.239,1.253],[103.232,1.254],[103.227,1.255],[103.221,1.259],[103.21,1.263],[103.191,1.268],[103.166,1.271],[103.154,1.275],[103.082,1.298],[103.073,1.298],[103.069,1.298],[103.063,1.299],[103.061,1.3],[103.05,1.307],[103.033,1.323],[103.005,1.344],[102.972,1.365],[102.95,1.383],[102.94,1.392],[102.904,1.419],[102.872,1.439],[102.854,1.453],[102.832,1.474],[102.801,1.5],[102.735,1.544],[102.723,1.549],[102.699,1.556],[102.653,1.585],[102.536,1.662],[102.502,1.68],[102.45,1.712],[102.43,1.729],[102.382,1.76],[102.21,1.853],[102.143,1.891],[102.113,1.908],[102.098,1.918],[102.084,1.921],[102.039,1.946],[102.023,1.959],[101.989,1.972],[101.975,1.981],[101.917,2.013],[101.892,2.026],[101.869,2.041],[101.824,2.062],[101.808,2.072],[101.8,2.079],[101.788,2.094],[101.729,2.124],[101.645,2.171],[101.623,2.178],[101.611,2.186],[101.6,2.192],[101.588,2.196],[101.571,2.201],[101.562,2.207],[101.542,2.224],[101.507,2.257],[101.491,2.277],[101.47,2.296],[101.45,2.324],[101.403,2.374],[101.351,2.422],[101.319,2.452],[101.299,2.474],[101.29,2.485],[101.264,2.505],[101.246,2.521],[101.239,2.525],[101.218,2.539],[101.202,2.548],[101.19,2.557],[101.181,2.565],[101.169,2.578],[101.156,2.589],[101.143,2.6],[101.116,2.628],[101.106,2.637],[101.097,2.642],[101.086,2.647],[101.068,2.651],[101.042,2.655],[101.019,2.658],[100.992,2.66],[100.954,2.667],[100.936,2.672],[100.923,2.677],[100.903,2.685],[100.878,2.698],[100.87,2.704],[100.855,2.722],[100.823,2.759],[100.816,2.768],[100.805,2.784],[100.796,2.793],[100.786,2.803],[100.759,2.833],[100.736,2.861],[100.704,2.897],[100.691,2.908],[100.682,2.918],[100.672,2.926],[100.665,2.933],[100.657,2.941],[100.654,2.946],[100.642,2.968],[100.637,2.974],[100.631,2.982],[100.624,2.992],[100.617,3.001],[100.615,3.005],[100.61,3.008],[100.605,3.009],[100.599,3.012],[100.594,3.016],[100.59,3.02],[100.583,3.029],[100.563,3.049],[100.546,3.065],[100.524,3.087],[100.497,3.114],[100.491,3.119],[100.474,3.139],[100.458,3.155],[100.443,3.167],[100.434,3.176],[100.423,3.189],[100.398,3.213],[100.374,3.234],[100.359,3.25],[100.328,3.28],[100.295,3.313],[100.274,3.334],[100.26,3.355],[100.245,3.371],[100.24,3.374],[100.225,3.383],[100.212,3.394],[100.202,3.405],[100.198,3.411],[100.19,3.419],[100.18,3.43],[100.153,3.457],[100.134,3.481],[100.112,3.501],[100.103,3.507],[100.079,3.53],[100.049,3.56],[100.039,3.567],[100.028,3.571],[100.011,3.575],[100.006,3.577],[100.002,3.582],[99.982,3.615],[99.974,3.626],[99.96,3.641],[99.954,3.649],[99.95,3.658],[99.949,3.669],[99.947,3.674],[99.943,3.679],[99.933,3.683],[99.922,3.689],[99.911,3.695],[99.904,3.701],[99.896,3.71],[99.888,3.719],[99.879,3.727],[99.837,3.763],[99.827,3.772],[99.802,3.798],[99.782,3.824],[99.776,3.828],[99.77,3.831],[99.764,3.835],[99.76,3.84],[99.747,3.853],[99.735,3.865],[99.715,3.883],[99.693,3.901],[99.626,3.963],[99.611,3.979],[99.573,4.012],[99.523,4.058],[99.516,4.065],[99.512,4.067],[99.508,4.069],[99.505,4.07],[99.504,4.073],[99.503,4.078],[99.501,4.081],[99.499,4.083],[99.488,4.091],[99.455,4.12],[99.436,4.133],[99.41,4.165],[99.313,4.255],[99.243,4.318],[99.218,4.344],[99.208,4.355],[99.191,4.373],[99.188,4.377],[99.101,4.455],[99.002,4.551],[98.935,4.608],[98.908,4.639],[98.87,4.673],[98.832,4.711],[98.789,4.749],[98.739,4.799],[98.698,4.861],[98.689,4.865],[98.686,4.869],[98.685,4.877],[98.684,4.879],[98.681,4.882],[98.599,4.992],[98.586,5.016],[98.553,5.053],[98.544,5.069],[98.365,5.316],[98.358,5.329],[98.358,5.339],[98.359,5.348],[98.357,5.354],[98.354,5.361],[98.294,5.439],[98.244,5.525],[98.225,5.569],[98.205,5.602],[98.135,5.734],[98.11,5.767],[98.099,5.795],[98.051,5.889],[98.043,5.898],[98.037,5.901],[98.028,5.903],[98.018,5.903],[98.007,5.906],[97.999,5.909],[97.976,5.922],[97.947,5.948],[97.835,6.058],[97.814,6.077],[97.795,6.105],[97.777,6.123],[97.746,6.153],[97.721,6.174],[97.682,6.209],[97.609,6.259],[97.374,6.412],[97.304,6.469],[97.235,6.503],[97.185,6.556],[97.151,6.597],[97.027,6.651],[96.892,6.726],[96.626,6.847],[96.362,6.975],[96.068,7.109],[95.974,7.139],[95.85,7.213],[95.424,7.393],[95.062,7.583],[94.894,7.674],[94.626,7.895],[94.441,8.052],[94.367,8.183],[94.324,8.27],[94.259,8.361],[94.149,8.501],[94.074,8.649],[93.98,8.882],[93.963,8.949],[93.956,9.054],[93.925,9.245],[93.896,9.32],[93.84,9.385],[93.786,9.428],[93.744,9.471],[93.532,9.599],[93.392,9.63],[93.276,9.657],[93.107,9.695],[92.999,9.735],[92.958,9.74],[92.935,9.727],[92.501,9.748],[92.381,9.745],[92.057,9.757],[92.004,9.775],[91.956,9.773],[91.722,9.803],[91.46,9.824],[91.129,9.899],[90.746,10.006],[90.188,10.162],[89.676,10.312],[89.138,10.458],[88.543,10.633],[87.83,10.856],[87.039,11.098],[86.625,11.207],[86.081,11.369],[85.521,11.512],[84.615,11.759],[84.082,11.894],[83.145,12.167],[82.548,12.315],[82.365,12.37],[82.185,12.423],[82.021,12.476],[81.65,12.597],[81.315,12.691],[81.233,12.723],[81.139,12.764],[80.981,12.83],[80.891,12.861],[80.793,12.884],[80.705,12.896],[80.624,12.909]]}},{"type":"Feature","properties":{"name":"SEA-ME-WE 3","operator":"Bharti Airtel Limited"},"geometry":{"type":"LineString","coordinates":[[103.634,1.339],[103.633,1.34],[103.632,1.34],[103.631,1.34],[103.631,1.339],[103.63,1.339],[103.621,1.324],[103.617,1.317],[103.616,1.314],[103.613,1.309],[103.611,1.302],[103.607,1.29],[103.603,1.283],[103.602,1.28],[103.601,1.266],[103.599,1.257],[103.598,1.249],[103.596,1.239],[103.594,1.23],[103.592,1.215],[103.59,1.204],[103.584,1.175],[103.578,1.166],[103.559,1.137],[103.537,1.103],[103.532,1.097],[103.531,1.096],[103.529,1.095],[103.526,1.095],[103.52,1.097],[103.507,1.103],[103.499,1.106],[103.486,1.113],[103.478,1.118],[103.466,1.124],[103.426,1.144],[103.42,1.147],[103.404,1.161],[103.4,1.164],[103.387,1.171],[103.378,1.171],[103.375,1.172],[103.36,1.178],[103.336,1.182],[103.278,1.196],[103.187,1.216],[103.112,1.233],[103.098,1.237],[103.08,1.24],[103.051,1.248],[103.045,1.252],[103.015,1.273],[102.955,1.316],[102.878,1.37],[102.826,1.407],[102.75,1.461],[102.692,1.501],[102.597,1.547],[102.405,1.638],[102.308,1.704],[102.169,1.8],[102.034,1.893],[101.926,1.968],[101.866,2.008],[101.788,2.062],[101.717,2.111],[101.676,2.131],[101.645,2.145],[101.616,2.16],[101.571,2.183],[101.547,2.195],[101.539,2.2],[101.514,2.228],[101.472,2.272],[101.446,2.3],[101.401,2.349],[101.393,2.358],[101.332,2.405],[101.274,2.451],[101.248,2.471],[101.24,2.475],[101.228,2.478],[100.961,2.533],[100.953,2.535],[100.951,2.536],[100.949,2.537],[100.945,2.541],[100.889,2.621],[100.857,2.665],[100.851,2.677],[100.825,2.733],[100.82,2.741],[100.808,2.754],[100.794,2.767],[100.775,2.789],[100.74,2.829],[100.702,2.876],[100.667,2.909],[100.647,2.931],[100.624,2.957],[100.619,2.963],[100.613,2.967],[100.585,2.983],[100.507,3.026],[100.391,3.096],[100.28,3.162],[100.13,3.251],[99.986,3.339],[99.821,3.436],[99.799,3.447],[99.796,3.452],[99.792,3.463],[99.792,3.469],[99.794,3.479],[99.793,3.483],[99.784,3.499],[99.78,3.503],[99.757,3.518],[99.747,3.524],[99.694,3.556],[99.676,3.566],[99.668,3.57],[99.585,3.597],[99.485,3.63],[99.468,3.636],[99.46,3.642],[99.201,3.845],[99.162,3.875],[99.101,3.923],[99.097,3.925],[99.094,3.925],[99.091,3.925],[99.089,3.924],[99.048,3.879],[99.017,3.845],[98.988,3.814],[98.976,3.803],[98.974,3.798],[98.973,3.794],[98.969,3.766],[98.971,3.761],[98.982,3.724],[98.991,3.705],[99.0,3.686],[99.004,3.678],[99.007,3.674],[99.008,3.671],[99.007,3.666],[98.999,3.639]]}},{"type":"Feature","properties":{"name":"","operator":""},"geometry":{"type":"LineString","coordinates":[[106.823,-6.12],[106.823,-6.109],[106.825,-6.075],[106.832,-6.063],[106.831,-6.039],[106.831,-6.032],[106.831,-6.03],[106.839,-6.017],[106.84,-6.016],[106.853,-6.009],[106.854,-6.008],[106.854,-6.007],[106.866,-5.97],[106.866,-5.969],[106.865,-5.968],[106.859,-5.959],[106.858,-5.958],[106.862,-5.947],[106.871,-5.908],[106.875,-5.895],[106.904,-5.825],[106.909,-5.806],[106.91,-5.802],[106.91,-5.79],[106.91,-5.776],[106.911,-5.745],[106.91,-5.736],[106.907,-5.724],[106.903,-5.708],[106.898,-5.685],[106.895,-5.663],[106.891,-5.643],[106.885,-5.618],[106.844,-5.439],[106.821,-5.337],[106.802,-4.961],[106.798,-4.802],[106.78,-4.375],[106.748,-3.835],[106.817,-3.398],[106.818,-3.391],[106.82,-3.384],[106.825,-3.376],[106.917,-3.252],[106.924,-3.237],[106.963,-3.153],[106.976,-3.124],[107.0,-3.072],[107.007,-3.056],[107.008,-3.053],[107.008,-3.047],[107.007,-3.041],[107.0,-3.015],[106.978,-2.934],[106.959,-2.86],[106.957,-2.851],[106.955,-2.81],[106.952,-2.744],[106.952,-2.618],[106.952,-2.523],[106.951,-2.516],[106.948,-2.502],[106.888,-2.281],[106.858,-2.154],[106.844,-2.111],[106.836,-2.097],[106.824,-2.082],[106.759,-2.003],[106.588,-1.8],[106.522,-1.72],[106.474,-1.66],[106.451,-1.627],[106.437,-1.605],[106.433,-1.6],[106.428,-1.597],[106.411,-1.589],[106.405,-1.585],[106.4,-1.579],[106.104,-0.928],[106.01,-0.712],[105.667,0.022],[105.423,0.551],[105.34,0.664],[105.285,0.74],[105.252,0.767],[105.05,1.035],[105.008,1.086],[104.992,1.098],[104.954,1.116],[104.916,1.134],[104.661,1.257],[104.627,1.274],[104.596,1.291],[104.583,1.296],[104.571,1.298],[104.554,1.294],[104.51,1.283],[104.464,1.276],[104.445,1.275]]}},{"type":"Feature","properties":{"name":"","operator":""},"geometry":{"type":"LineString","coordinates":[[104.002,1.311],[104.003,1.309],[104.004,1.307],[104.004,1.306],[104.007,1.304],[104.013,1.3],[104.021,1.295],[104.042,1.283],[104.044,1.282],[104.047,1.28],[104.05,1.278],[104.051,1.277],[104.052,1.275],[104.052,1.274],[104.055,1.273],[104.056,1.272],[104.056,1.271],[104.057,1.268],[104.061,1.261],[104.061,1.26],[104.058,1.256],[104.057,1.256],[104.057,1.255],[104.057,1.254],[104.06,1.235],[104.06,1.234],[104.06,1.233],[104.06,1.232],[104.059,1.232],[104.034,1.224],[104.019,1.222],[103.986,1.218],[103.972,1.216],[103.971,1.215],[103.97,1.215],[103.96,1.21],[103.916,1.185],[103.897,1.179],[103.891,1.178],[103.883,1.178],[103.874,1.175],[103.868,1.176],[103.865,1.175],[103.852,1.163],[103.85,1.161],[103.848,1.16],[103.847,1.159],[103.845,1.159],[103.842,1.158],[103.839,1.158],[103.834,1.158],[103.831,1.157],[103.829,1.156],[103.814,1.146],[103.809,1.14],[103.805,1.137],[103.803,1.136],[103.802,1.135],[103.79,1.134],[103.783,1.132],[103.781,1.132],[103.78,1.131],[103.768,1.123],[103.767,1.122],[103.767,1.121],[103.767,1.117],[103.767,1.116],[103.767,1.115],[103.764,1.108],[103.761,1.103],[103.758,1.1],[103.745,1.09],[103.734,1.081],[103.722,1.066],[103.693,1.042],[103.685,1.037],[103.681,1.034],[103.674,1.029],[103.67,1.026],[103.662,1.024],[103.656,1.023],[103.652,1.023],[103.646,1.024],[103.643,1.026],[103.634,1.031],[103.622,1.038],[103.611,1.045],[103.599,1.053],[103.586,1.06],[103.571,1.072],[103.567,1.075],[103.565,1.076],[103.543,1.082],[103.537,1.083],[103.534,1.085],[103.532,1.087],[103.524,1.101],[103.523,1.102],[103.52,1.105],[103.514,1.108],[103.44,1.15],[103.416,1.166],[103.383,1.182],[103.368,1.193],[103.357,1.2],[103.352,1.203],[103.351,1.203],[103.35,1.204],[103.342,1.203],[103.336,1.203],[103.329,1.204],[103.317,1.206],[103.293,1.21],[103.24,1.222],[103.169,1.238],[103.078,1.26]]}},{"type":"Feature","properties":{"name":"","operator":""},"geometry":{"type":"LineString","coordinates":[[106.823,-6.121],[106.824,-6.109],[106.845,-6.093],[106.846,-6.069],[106.847,-6.061],[106.862,-6.038],[106.871,-6.015],[106.895,-5.945],[106.899,-5.929],[106.906,-5.914],[106.918,-5.887],[106.92,-5.876],[106.927,-5.839],[106.93,-5.814],[106.928,-5.796],[106.923,-5.763],[106.917,-5.708],[106.91,-5.632],[106.874,-5.299],[106.864,-5.16],[106.864,-5.065],[106.856,-5.003],[106.844,-4.951],[106.836,-4.904],[106.836,-4.882],[106.839,-4.853],[106.858,-4.777],[106.863,-4.721],[106.855,-4.691],[106.848,-4.657],[106.846,-4.568],[106.849,-4.521],[106.861,-4.439],[106.867,-4.389],[106.864,-4.376],[106.854,-4.354],[106.851,-4.342],[106.851,-4.331],[106.867,-4.218],[106.868,-3.693],[106.877,-3.397],[106.882,-3.385],[106.941,-3.247],[107.014,-3.08],[107.024,-3.059],[107.026,-3.052],[107.027,-3.046],[107.024,-3.035],[106.971,-2.845],[106.969,-2.841],[106.967,-2.839],[106.963,-2.837],[106.955,-2.835],[106.954,-2.834],[106.953,-2.833],[106.952,-2.83],[106.952,-2.772],[106.951,-2.671],[106.951,-2.608],[106.95,-2.582],[106.948,-2.574],[106.941,-2.55],[106.911,-2.453],[106.875,-2.335],[106.856,-2.271],[106.855,-2.264],[106.855,-2.259],[106.856,-2.256],[106.86,-2.252],[106.879,-2.229],[106.916,-2.193],[106.917,-2.19],[106.917,-2.189],[106.917,-2.186],[106.915,-2.182],[106.899,-2.137],[106.853,-1.993],[106.809,-1.913],[106.299,-1.027],[105.965,-0.306],[105.701,0.23],[105.363,0.79],[105.341,0.816],[105.138,1.014],[105.044,1.106],[105.032,1.116],[105.021,1.122],[105.006,1.129],[104.918,1.16],[104.867,1.181],[104.861,1.186],[104.858,1.191],[104.851,1.23],[104.847,1.24],[104.835,1.25],[104.595,1.327],[104.578,1.333],[104.575,1.334],[104.571,1.334],[104.566,1.332],[104.503,1.303],[104.498,1.301],[104.464,1.293],[104.46,1.292],[104.457,1.29],[104.379,1.233],[104.375,1.23],[104.37,1.229],[104.366,1.229],[104.354,1.227],[104.316,1.216],[104.291,1.208],[104.287,1.208],[104.282,1.207],[104.27,1.207],[104.254,1.207],[104.227,1.205],[104.171,1.204],[104.16,1.206],[104.125,1.214],[104.078,1.228],[104.077,1.229],[104.07,1.233],[104.069,1.235],[104.066,1.247],[104.054,1.266],[104.054,1.267],[104.054,1.269],[104.054,1.272],[104.054,1.275],[104.053,1.276],[104.054,1.277]]}},{"type":"Feature","properties":{"name":"","operator":""},"geometry":{"type":"LineString","coordinates":[[106.823,-6.121],[106.823,-6.118],[106.824,-6.108],[106.837,-6.075],[106.837,-6.074],[106.836,-6.062],[106.835,-6.045],[106.834,-6.036],[106.834,-6.035],[106.834,-6.034],[106.843,-6.008],[106.856,-5.974],[106.863,-5.956],[106.881,-5.911],[106.919,-5.794],[106.953,-5.704],[106.97,-5.66]]}},{"type":"Feature","properties":{"name":"","operator":""},"geometry":{"type":"LineString","coordinates":[[103.779,1.259],[103.775,1.256],[103.772,1.254],[103.768,1.251],[103.763,1.247],[103.761,1.246],[103.759,1.245],[103.758,1.244],[103.757,1.244],[103.757,1.242],[103.759,1.235],[103.76,1.234],[103.76,1.233],[103.761,1.233]]}},{"type":"Feature","properties":{"name":"","operator":""},"geometry":{"type":"LineString","coordinates":[[103.779,1.258],[103.778,1.257],[103.775,1.256],[103.772,1.253],[103.765,1.248],[103.759,1.245],[103.758,1.244],[103.758,1.243],[103.758,1.242],[103.758,1.241],[103.758,1.239],[103.759,1.237],[103.759,1.235],[103.76,1.234]]}},{"type":"Feature","properties":{"name":"","operator":""},"geometry":{"type":"LineString","coordinates":[[103.762,1.24],[103.76,1.244],[103.76,1.245],[103.76,1.246],[103.76,1.247],[103.761,1.248],[103.762,1.249],[103.763,1.25],[103.764,1.251],[103.765,1.251],[103.767,1.252],[103.769,1.252],[103.772,1.253],[103.774,1.254],[103.777,1.255],[103.78,1.257],[103.781,1.258]]}},{"type":"Feature","properties":{"name":"","operator":""},"geometry":{"type":"LineString","coordinates":[[103.826,1.258],[103.824,1.256]]}},{"type":"Feature","properties":{"name":"","operator":""},"geometry":{"type":"LineString","coordinates":[[103.831,1.255],[103.83,1.257]]}},{"type":"Feature","properties":{"name":"","operator":""},"geometry":{"type":"LineString","coordinates":[[103.675,1.284],[103.648,1.288]]}},{"type":"Feature","properties":{"name":"","operator":""},"geometry":{"type":"LineString","coordinates":[[103.83,1.255],[103.83,1.257]]}},{"type":"Feature","properties":{"name":"","operator":""},"geometry":{"type":"LineString","coordinates":[[103.825,1.259],[103.824,1.257]]}},{"type":"Feature","properties":{"name":"","operator":""},"geometry":{"type":"LineString","coordinates":[[103.953,1.263],[103.969,1.26],[103.976,1.26],[103.993,1.26],[103.995,1.26],[103.996,1.26],[104.011,1.238],[104.012,1.237],[104.025,1.228],[104.026,1.227],[104.048,1.227],[104.078,1.228],[104.08,1.228],[104.165,1.21],[104.168,1.21],[104.17,1.21],[104.178,1.221],[104.194,1.238],[104.197,1.24],[104.208,1.242],[104.215,1.243],[104.219,1.246],[104.222,1.25],[104.233,1.261],[104.234,1.263],[104.234,1.267],[104.233,1.295],[104.226,1.314]]}},{"type":"Feature","properties":{"name":"","operator":""},"geometry":{"type":"LineString","coordinates":[[103.791,1.264],[103.792,1.265],[103.793,1.267],[103.794,1.268],[103.796,1.27]]}},{"type":"Feature","properties":{"name":"","operator":""},"geometry":{"type":"LineString","coordinates":[[103.704,1.279],[103.705,1.279],[103.706,1.279],[103.707,1.28],[103.708,1.28]]}},{"type":"Feature","properties":{"name":"","operator":""},"geometry":{"type":"LineString","coordinates":[[103.976,1.316],[103.975,1.315],[103.975,1.313],[103.975,1.312],[103.975,1.311],[103.976,1.311],[103.976,1.31],[103.977,1.31],[103.978,1.31],[103.98,1.309],[103.989,1.307],[103.99,1.307],[103.99,1.308],[103.991,1.309],[103.992,1.309],[103.993,1.309],[104.001,1.307],[104.002,1.307],[104.003,1.307],[104.004,1.306],[104.008,1.304],[104.012,1.302],[104.02,1.297],[104.026,1.293],[104.032,1.289],[104.034,1.288],[104.037,1.287],[104.039,1.286],[104.042,1.284],[104.043,1.283],[104.044,1.283],[104.046,1.281],[104.05,1.279],[104.052,1.277],[104.054,1.277],[104.055,1.276],[104.055,1.275],[104.056,1.275],[104.057,1.271],[104.057,1.269],[104.058,1.269],[104.058,1.268],[104.062,1.263],[104.064,1.258],[104.067,1.253],[104.072,1.246],[104.072,1.245],[104.078,1.239]]}},{"type":"Feature","properties":{"name":"","operator":""},"geometry":{"type":"LineString","coordinates":[[103.925,1.141],[103.927,1.145],[103.927,1.15],[103.926,1.151],[103.923,1.153],[103.92,1.161],[103.919,1.162],[103.916,1.164],[103.906,1.17],[103.896,1.174],[103.891,1.176],[103.888,1.177],[103.879,1.174],[103.861,1.17],[103.851,1.157],[103.846,1.156],[103.838,1.156],[103.833,1.155],[103.817,1.145],[103.813,1.14],[103.81,1.137],[103.806,1.134],[103.802,1.132],[103.796,1.131],[103.783,1.128],[103.771,1.119],[103.77,1.117],[103.769,1.115],[103.767,1.109],[103.765,1.104],[103.759,1.098],[103.755,1.094],[103.742,1.083],[103.736,1.076],[103.725,1.066],[103.711,1.053],[103.695,1.041],[103.682,1.031],[103.674,1.026],[103.668,1.023],[103.663,1.021],[103.654,1.021],[103.65,1.021],[103.645,1.022],[103.639,1.025],[103.632,1.029],[103.619,1.036],[103.607,1.043],[103.595,1.05],[103.586,1.054],[103.581,1.057],[103.574,1.061],[103.549,1.075],[103.537,1.081],[103.532,1.084],[103.526,1.091],[103.52,1.095]]}},{"type":"Feature","properties":{"name":"","operator":""},"geometry":{"type":"LineString","coordinates":[[103.708,1.28],[103.707,1.28],[103.707,1.279],[103.706,1.279],[103.705,1.279],[103.704,1.279]]}},{"type":"Feature","properties":{"name":"","operator":""},"geometry":{"type":"LineString","coordinates":[[103.385,4.105],[103.484,4.07],[103.487,4.068],[103.489,4.064],[103.49,4.063],[103.554,4.037],[103.638,4.0],[103.719,3.961],[103.766,3.875],[103.784,3.864],[103.785,3.859],[103.779,3.853],[103.779,3.849],[103.779,3.841],[103.785,3.835],[103.796,3.828],[103.825,3.786],[103.823,3.776],[103.824,3.769],[103.857,3.708],[103.934,3.567],[104.03,3.386],[104.144,3.169],[104.341,2.797],[104.367,2.75],[104.389,2.633],[104.415,2.491],[104.481,2.127],[104.519,1.919],[104.515,1.875],[104.511,1.718],[104.492,1.558],[104.487,1.516],[104.482,1.483],[104.477,1.47],[104.463,1.451],[104.455,1.443],[104.41,1.404],[104.409,1.402],[104.408,1.38],[104.408,1.378],[104.382,1.358],[104.33,1.317],[104.326,1.314],[104.314,1.309],[104.31,1.307],[104.303,1.305],[104.287,1.305],[104.28,1.304],[104.263,1.302],[104.259,1.302],[104.252,1.305],[104.24,1.303],[104.217,1.298],[104.176,1.289],[104.164,1.286],[104.145,1.28],[104.135,1.277],[104.125,1.274],[104.084,1.27],[104.082,1.268],[104.081,1.267],[104.078,1.267],[104.075,1.268],[104.07,1.27],[104.064,1.274],[104.06,1.276],[104.054,1.28],[104.05,1.282],[104.046,1.285],[104.041,1.288],[104.03,1.294],[104.016,1.301],[104.007,1.308],[104.004,1.31],[104.003,1.311]]}},{"type":"Feature","properties":{"name":"","operator":""},"geometry":{"type":"LineString","coordinates":[[104.848,1.279],[104.751,1.303],[104.741,1.304],[104.734,1.305],[104.731,1.306],[104.73,1.306],[104.724,1.311],[104.722,1.313],[104.719,1.315],[104.702,1.316],[104.691,1.319],[104.668,1.324],[104.63,1.334],[104.624,1.335],[104.578,1.339],[104.574,1.339],[104.571,1.339],[104.539,1.326],[104.491,1.306],[104.467,1.299],[104.46,1.297],[104.456,1.294],[104.43,1.277],[104.385,1.244],[104.382,1.241],[104.38,1.24],[104.377,1.239],[104.354,1.235],[104.352,1.234],[104.35,1.233],[104.32,1.224],[104.295,1.224],[104.292,1.225],[104.279,1.229],[104.277,1.23],[104.273,1.23],[104.24,1.227],[104.192,1.224],[104.129,1.225],[104.107,1.226],[104.102,1.227],[104.089,1.232],[104.085,1.232],[104.082,1.231],[104.079,1.23],[104.078,1.23],[104.076,1.23],[104.072,1.23],[104.063,1.232],[104.059,1.233],[104.058,1.233],[104.056,1.232],[104.054,1.231],[104.052,1.23],[104.049,1.23],[104.048,1.229],[104.045,1.229],[104.043,1.228],[104.042,1.228],[104.038,1.227],[104.036,1.226],[104.034,1.225],[104.033,1.225],[104.029,1.225],[104.028,1.225],[104.025,1.224],[104.023,1.224],[104.019,1.223],[104.011,1.223],[104.008,1.222],[103.986,1.219],[103.977,1.218],[103.97,1.216],[103.959,1.211],[103.938,1.199]]}},{"type":"Feature","properties":{"name":"","operator":""},"geometry":{"type":"LineString","coordinates":[[103.976,1.316],[103.976,1.315],[103.976,1.314],[103.976,1.313],[103.976,1.312],[103.976,1.311],[103.977,1.311],[103.978,1.31],[103.982,1.31],[103.99,1.308],[104.001,1.307],[104.002,1.307],[104.004,1.305],[104.007,1.303],[104.042,1.282],[104.048,1.277],[104.049,1.276],[104.052,1.271],[104.056,1.235],[104.056,1.234],[104.055,1.233],[104.055,1.232],[104.053,1.232],[104.051,1.231],[104.05,1.231],[104.05,1.232],[104.049,1.232],[104.045,1.232],[104.039,1.228],[104.038,1.228],[104.034,1.226],[104.027,1.226],[104.019,1.224],[104.013,1.224],[104.002,1.223],[103.985,1.221],[103.977,1.219],[103.959,1.212],[103.939,1.209],[103.933,1.207],[103.926,1.206],[103.92,1.203],[103.9,1.196],[103.889,1.192],[103.884,1.191],[103.879,1.189],[103.864,1.18],[103.86,1.179],[103.856,1.178],[103.851,1.176],[103.846,1.171],[103.841,1.168],[103.823,1.157],[103.821,1.155],[103.815,1.151],[103.786,1.14],[103.765,1.125],[103.759,1.119],[103.757,1.116],[103.757,1.115],[103.758,1.109],[103.757,1.108],[103.757,1.106],[103.755,1.105],[103.726,1.079],[103.711,1.065],[103.696,1.052],[103.685,1.043],[103.673,1.032],[103.669,1.029],[103.663,1.027],[103.659,1.026],[103.653,1.027],[103.645,1.029],[103.639,1.032],[103.629,1.038],[103.607,1.053],[103.587,1.066],[103.567,1.078],[103.552,1.084],[103.547,1.087],[103.546,1.087],[103.546,1.088],[103.543,1.092],[103.542,1.092],[103.535,1.094],[103.521,1.107],[103.519,1.108]]}},{"type":"Feature","properties":{"name":"AMERICAS 2","operator":""},"geometry":{"type":"LineString","coordinates":[[-38.456,-3.731],[-38.447,-3.726],[-38.439,-3.722],[-38.404,-3.704],[-38.376,-3.689],[-38.35,-3.675],[-38.333,-3.651],[-38.307,-3.611],[-38.259,-3.533],[-38.139,-3.348],[-38.085,-3.141],[-38.029,-2.914],[-38.089,-2.791],[-38.475,-2.48],[-38.937,-2.108],[-39.073,-1.996],[-39.199,-1.84],[-39.323,-1.695],[-39.426,-1.566],[-39.817,-1.25],[-40.057,-1.04],[-40.955,-0.289],[-41.406,0.067],[-41.601,0.257],[-42.159,0.933],[-43.131,2.066],[-43.635,2.658],[-44.26,3.335],[-44.552,3.621],[-45.216,4.228],[-46.157,5.085],[-47.074,5.912],[-47.385,6.157],[-47.91,6.474],[-48.269,6.711],[-48.8,6.727],[-49.405,6.794],[-50.598,7.097]]}},{"type":"Feature","properties":{"name":"BRUS","operator":""},"geometry":{"type":"LineString","coordinates":[[-57.459,15.002],[-56.853,14.326],[-56.121,13.548],[-55.414,12.791],[-54.591,11.901],[-53.583,10.821],[-52.798,10.028],[-52.412,9.7],[-51.884,9.225],[-51.563,8.957],[-50.81,8.306],[-49.722,7.416],[-49.253,7.004],[-48.625,6.432],[-47.728,5.635],[-46.685,4.671],[-46.565,4.504],[-46.396,4.383],[-45.572,3.63],[-44.978,3.086],[-44.367,2.528],[-44.147,2.335],[-43.919,2.125],[-43.474,1.716],[-43.029,1.321],[-42.728,1.054],[-42.421,0.787],[-42.205,0.599],[-42.126,0.527],[-42.073,0.436],[-41.919,0.119],[-41.498,-0.208],[-40.623,-0.82],[-40.044,-1.225],[-39.637,-1.565],[-39.511,-1.67],[-39.341,-1.742],[-39.173,-1.806],[-38.695,-1.994],[-38.66,-2.022],[-38.649,-2.04],[-38.644,-2.254],[-38.614,-2.5],[-38.289,-2.755],[-38.058,-2.925],[-38.155,-3.191],[-38.256,-3.438],[-38.318,-3.589],[-38.344,-3.65],[-38.359,-3.676],[-38.447,-3.725],[-38.457,-3.73]]}},{"type":"Feature","properties":{"name":"","operator":""},"geometry":{"type":"LineString","coordinates":[[-38.446,-3.749],[-38.423,-3.739],[-38.401,-3.73],[-38.393,-3.722],[-38.383,-3.697],[-38.37,-3.664],[-38.331,-3.578],[-38.273,-3.433],[-38.198,-3.065],[-38.257,-2.954],[-38.339,-2.822],[-38.698,-2.562],[-38.988,-2.305],[-39.276,-1.986],[-39.649,-1.71],[-40.355,-1.744],[-40.799,-1.765],[-41.252,-1.787],[-41.367,-1.252],[-41.496,-0.661],[-41.531,-0.593],[-42.013,-0.174],[-42.492,0.244],[-42.917,0.651],[-43.078,0.805],[-43.225,0.991],[-43.306,1.124],[-43.47,1.363],[-43.771,1.807],[-44.037,2.202],[-44.181,2.596],[-44.289,2.924],[-45.334,3.838],[-46.109,4.497],[-46.479,4.858],[-47.674,5.912],[-48.875,6.972],[-49.965,7.91],[-51.083,8.891],[-51.697,9.415],[-52.394,9.489],[-53.38,9.566],[-54.854,9.677],[-56.309,9.679],[-58.075,9.666],[-58.094,9.737],[-57.303,10.874],[-57.306,11.891],[-57.311,13.037],[-57.614,14.211],[-57.804,15.0]]}},{"type":"Feature","properties":{"name":"","operator":""},"geometry":{"type":"LineString","coordinates":[[-61.698,10.792],[-61.774,11.324],[-61.213,11.741],[-60.208,11.507],[-59.884,11.297],[-59.102,10.574],[-58.324,9.862],[-58.137,9.695],[-55.853,9.732],[-54.835,9.737],[-54.111,9.685],[-52.327,9.51],[-51.675,9.46],[-50.922,8.806],[-49.845,7.881],[-48.781,6.972],[-47.457,5.838],[-46.369,4.853],[-46.004,4.497],[-45.618,4.101],[-45.328,3.849],[-44.289,2.929],[-44.145,2.752],[-44.017,2.336],[-43.76,1.465],[-43.515,1.234],[-43.125,0.86],[-42.939,0.696],[-42.347,0.184],[-41.92,-0.188],[-41.505,-0.541],[-40.391,-1.252],[-39.802,-1.478],[-39.232,-1.688],[-38.935,-1.799],[-38.615,-1.918],[-38.428,-1.99],[-38.246,-2.055],[-38.238,-2.308],[-38.233,-2.475],[-38.223,-2.657],[-38.204,-3.003],[-38.254,-3.303],[-38.283,-3.431],[-38.336,-3.576],[-38.372,-3.665],[-38.381,-3.687],[-38.389,-3.71],[-38.392,-3.719],[-38.403,-3.727],[-38.422,-3.74],[-38.442,-3.748],[-38.446,-3.749]]}},{"type":"Feature","properties":{"name":"","operator":""},"geometry":{"type":"LineString","coordinates":[[-38.001,-13.243],[-37.987,-13.215],[-37.466,-12.997],[-37.188,-12.623],[-37.03,-12.46],[-36.696,-12.151],[-36.462,-11.913],[-36.27,-11.787],[-35.802,-11.469],[-35.412,-11.188],[-35.376,-10.951],[-35.321,-10.725],[-35.072,-10.338],[-34.78,-9.95],[-34.567,-9.715],[-34.032,-9.113],[-33.671,-8.7],[-33.58,-8.369],[-33.565,-8.132],[-33.565,-8.025],[-33.567,-7.747],[-33.622,-7.625],[-33.729,-7.386],[-33.836,-7.147],[-34.032,-6.927],[-34.065,-6.8],[-34.058,-6.568],[-33.991,-6.279],[-33.993,-6.083],[-34.037,-5.78],[-34.053,-5.664],[-34.076,-5.576],[-34.169,-5.336],[-34.236,-5.161],[-34.314,-5.025],[-34.456,-4.776],[-34.677,-4.595],[-34.776,-4.51],[-34.797,-4.499],[-34.894,-4.477],[-35.29,-4.396],[-35.64,-4.328],[-35.875,-4.285],[-36.084,-4.246],[-36.195,-4.224],[-36.304,-4.186],[-36.39,-4.149],[-36.471,-4.101],[-36.658,-3.99],[-36.758,-3.929],[-36.899,-3.863],[-37.139,-3.746],[-37.552,-3.61],[-37.863,-3.421],[-37.992,-3.498],[-38.127,-3.571],[-38.235,-3.631],[-38.284,-3.661],[-38.35,-3.704],[-38.361,-3.706],[-38.395,-3.721],[-38.447,-3.735],[-38.453,-3.736]]}},{"type":"Feature","properties":{"name":"","operator":""},"geometry":{"type":"LineString","coordinates":[[-38.454,-3.736],[-38.447,-3.733],[-38.417,-3.723],[-38.394,-3.718],[-38.35,-3.693],[-38.286,-3.65],[-38.217,-3.556],[-38.189,-3.514],[-38.151,-3.469],[-38.052,-3.379],[-38.071,-3.365],[-37.961,-3.24],[-37.87,-3.093],[-37.922,-2.922],[-37.915,-2.737],[-37.778,-2.552],[-37.68,-2.38],[-37.599,-2.219],[-37.531,-1.763],[-37.621,-1.711],[-37.836,-1.592],[-37.948,-1.372],[-38.01,-1.252],[-38.23,-0.962],[-38.696,-0.383],[-38.999,0.003],[-39.039,0.52],[-39.401,1.002],[-39.996,1.683],[-40.21,1.975],[-40.658,2.569],[-41.009,2.928],[-41.186,3.161],[-41.467,3.602],[-42.084,4.364],[-42.737,5.253],[-43.003,5.616],[-43.405,6.053],[-43.667,6.41],[-44.128,7.039],[-44.394,7.382],[-44.898,8.051],[-45.334,8.457],[-45.608,8.679],[-46.149,8.981],[-46.741,9.336],[-47.452,9.658],[-47.736,9.613],[-48.315,9.759],[-48.692,10.067],[-49.25,10.505],[-50.333,11.342],[-51.166,11.99],[-51.434,12.281],[-52.04,12.65],[-52.619,13.099],[-53.554,13.806],[-54.43,14.515],[-55.167,14.995]]}},{"type":"Feature","properties":{"name":"","operator":""},"geometry":{"type":"LineString","coordinates":[[-41.443,-24.924],[-40.987,-24.571],[-40.788,-24.351],[-40.568,-24.169],[-40.36,-23.998],[-40.119,-23.797],[-39.671,-23.426],[-39.43,-23.225],[-39.189,-23.024],[-38.707,-22.62],[-38.606,-22.504],[-37.836,-21.623],[-37.632,-21.374],[-37.434,-21.116],[-37.232,-20.858],[-37.034,-20.6],[-36.868,-20.347],[-36.707,-20.093],[-36.605,-19.984],[-36.497,-19.878],[-36.118,-19.367],[-35.716,-18.812],[-35.338,-17.774],[-35.024,-16.899],[-35.001,-16.334],[-35.042,-15.789],[-35.061,-15.429],[-35.031,-15.136],[-35.042,-14.652],[-35.054,-13.551],[-35.078,-12.674],[-35.078,-12.32],[-35.082,-12.074],[-35.089,-11.547],[-34.883,-11.196],[-34.477,-10.575],[-34.078,-9.949],[-33.718,-9.394],[-33.337,-8.833],[-33.002,-8.346],[-32.792,-8.014],[-32.476,-7.578],[-31.835,-6.648],[-31.211,-5.632],[-31.011,-4.968],[-30.822,-4.567],[-30.61,-3.977],[-30.418,-3.418],[-30.632,-3.389],[-31.334,-3.327],[-32.33,-3.199],[-32.847,-3.169],[-33.117,-3.155],[-33.243,-3.143],[-34.135,-3.059],[-35.237,-2.955],[-35.899,-2.892],[-36.56,-2.826],[-37.407,-2.747],[-37.503,-2.738],[-37.546,-2.743],[-37.659,-2.778],[-37.781,-2.811],[-37.835,-2.89],[-37.956,-3.083],[-38.033,-3.2],[-38.11,-3.322],[-38.254,-3.546],[-38.301,-3.617],[-38.33,-3.658],[-38.356,-3.678],[-38.376,-3.693],[-38.389,-3.703],[-38.425,-3.718],[-38.447,-3.728]]}},{"type":"Feature","properties":{"name":"","operator":""},"geometry":{"type":"LineString","coordinates":[[16.069,43.452],[16.077,43.481]]}},{"type":"Feature","properties":{"name":"","operator":""},"geometry":{"type":"LineString","coordinates":[[32.305,31.273],[32.265,31.333],[32.167,31.469],[32.156,31.482],[32.148,31.49],[32.108,31.515],[31.907,31.639],[31.897,31.645],[31.887,31.648],[31.879,31.65],[31.706,31.663],[31.01,31.709],[30.988,31.709],[30.96,31.705],[30.936,31.702],[30.33,31.614],[30.316,31.61],[30.303,31.603],[30.258,31.561],[30.205,31.49],[30.197,31.481],[30.189,31.475],[30.182,31.471],[30.068,31.426],[30.058,31.417],[30.031,31.387],[30.007,31.369]]}},{"type":"Feature","properties":{"name":"I2i","operator":"Bharti Airtel Limited"},"geometry":{"type":"LineString","coordinates":[[80.624,12.909],[80.541,12.931],[80.468,12.949],[80.413,12.968],[80.34,12.994],[80.277,13.022]]}},{"type":"Feature","properties":{"name":"Rembrandt 2","operator":""},"geometry":{"type":"LineString","coordinates":[[1.569,51.461],[1.519,51.414],[1.487,51.403],[1.445,51.379]]}},{"type":"Feature","properties":{"name":"","operator":""},"geometry":{"type":"LineString","coordinates":[[52.311,24.459],[52.287,24.459],[52.284,24.459],[52.04,24.57],[52.037,24.571],[52.032,24.572],[51.731,24.571],[51.721,24.57],[51.72,24.57],[51.72,24.571]]}},{"type":"Feature","properties":{"name":"","operator":""},"geometry":{"type":"LineString","coordinates":[[51.618,25.19],[51.744,25.239],[51.756,25.242],[51.84,25.273],[51.847,25.279],[52.184,25.542],[52.398,25.672],[52.399,25.673],[52.401,25.673],[52.406,25.672]]}},{"type":"Feature","properties":{"name":"","operator":""},"geometry":{"type":"LineString","coordinates":[[52.323,24.477],[52.427,24.495],[52.432,24.497],[52.434,24.501],[52.434,24.566],[52.44,24.582],[52.466,24.655],[52.468,24.775],[52.472,24.782],[52.48,24.791],[52.49,24.792],[52.549,24.792]]}},{"type":"Feature","properties":{"name":"","operator":""},"geometry":{"type":"LineString","coordinates":[[52.571,24.175],[52.548,24.184],[52.547,24.185],[52.523,24.207],[52.523,24.209],[52.518,24.253],[52.518,24.255],[52.516,24.256],[52.485,24.268],[52.483,24.27],[52.481,24.272],[52.437,24.333],[52.342,24.465],[52.329,24.485]]}},{"type":"Feature","properties":{"name":"","operator":""},"geometry":{"type":"LineString","coordinates":[[48.096,29.337],[48.105,29.333],[48.107,29.333],[48.123,29.332],[48.125,29.331],[48.127,29.33],[48.137,29.317],[48.175,29.3],[48.177,29.299],[48.214,29.273],[48.222,29.266],[48.248,29.247],[48.305,29.217],[48.36,29.2],[48.373,29.188],[48.377,29.186],[48.409,29.185],[48.452,29.177],[48.52,29.174],[48.527,29.174],[48.558,29.175],[48.918,29.156],[49.001,29.153],[49.019,29.156],[49.207,29.155],[49.243,29.16],[49.262,29.16],[49.283,29.158],[49.345,29.099],[49.424,28.994],[49.45,28.968],[49.5,28.938],[49.529,28.93],[50.214,28.589],[50.225,28.58],[50.267,28.521],[50.342,28.454],[50.376,28.423],[50.612,28.159],[50.869,27.726],[50.911,27.665],[50.938,27.632],[50.967,27.599],[51.106,27.483],[51.133,27.464],[51.961,26.76],[51.967,26.752],[51.968,26.748],[51.966,26.74],[51.966,26.735],[51.968,26.731],[51.976,26.726],[52.0,26.704],[52.027,26.683],[52.164,26.568],[52.175,26.555],[52.186,26.548],[52.21,26.528],[52.285,26.464],[52.293,26.458],[52.302,26.455],[52.309,26.454],[52.316,26.457],[52.32,26.458],[52.323,26.458],[52.332,26.453],[52.343,26.445],[52.36,26.427],[52.427,26.37],[52.529,26.277],[52.535,26.273],[52.576,26.26],[53.493,25.961],[53.741,25.858],[53.818,25.807],[53.827,25.797],[53.853,25.752],[53.865,25.638],[53.867,25.634],[53.875,25.627],[53.878,25.625],[53.929,25.625],[54.081,25.605],[54.137,25.59],[54.141,25.589],[54.182,25.556],[54.286,25.473],[54.29,25.472],[54.421,25.473],[54.558,25.51],[54.681,25.516],[54.687,25.516],[54.706,25.515],[54.742,25.508],[54.754,25.504],[54.77,25.501],[54.792,25.498],[54.811,25.495],[54.878,25.482],[54.889,25.48],[54.898,25.479],[54.911,25.476],[54.921,25.474],[54.941,25.471],[54.943,25.471],[54.952,25.471],[54.964,25.473],[54.968,25.475],[54.974,25.477],[54.987,25.485],[54.994,25.488],[54.998,25.489],[55.009,25.492],[55.016,25.495],[55.022,25.499],[55.048,25.511],[55.066,25.521],[55.101,25.535],[55.136,25.552],[55.14,25.554],[55.143,25.555],[55.146,25.555],[55.159,25.554],[55.16,25.554],[55.163,25.555],[55.183,25.565],[55.208,25.582],[55.214,25.588],[55.221,25.594],[55.255,25.637],[55.256,25.643],[55.257,25.646],[55.265,25.654],[55.298,25.7],[55.301,25.704],[55.305,25.711],[55.309,25.718],[55.313,25.721],[55.37,25.798],[55.386,25.821],[55.406,25.842]]}},{"type":"Feature","properties":{"name":"","operator":""},"geometry":{"type":"LineString","coordinates":[[54.329,24.48],[54.327,24.483],[54.27,24.549],[54.266,24.556],[54.206,24.666],[54.206,24.667],[54.206,24.668],[54.305,24.793],[54.305,24.795],[54.294,24.971],[54.286,25.026],[54.274,25.118],[54.263,25.203],[54.258,25.206],[54.24,25.216],[54.238,25.218]]}},{"type":"Feature","properties":{"name":"","operator":""},"geometry":{"type":"LineString","coordinates":[[54.547,25.892],[54.539,25.882],[54.538,25.881],[54.514,25.874],[54.489,25.872],[54.485,25.872],[54.483,25.872],[54.481,25.873],[54.443,25.906],[54.442,25.908],[54.441,25.91],[54.446,26.046],[54.522,26.158],[54.511,26.252]]}},{"type":"Feature","properties":{"name":"","operator":""},"geometry":{"type":"LineString","coordinates":[[51.72,24.571],[51.725,24.572],[51.735,24.578],[51.743,24.584],[51.745,24.586],[51.745,24.587],[51.734,24.617],[51.734,24.618],[51.733,24.618],[51.687,24.618],[51.683,24.617],[51.682,24.617],[51.68,24.616],[51.501,24.429],[51.5,24.428],[51.5,24.427],[51.507,24.415],[51.508,24.414],[51.529,24.41],[51.531,24.409],[51.532,24.408]]}},{"type":"Feature","properties":{"name":"","operator":""},"geometry":{"type":"LineString","coordinates":[[52.329,24.486],[52.332,24.482],[52.334,24.481],[52.351,24.483],[52.353,24.485],[52.411,24.652],[52.413,24.658],[52.413,24.667],[52.421,24.802],[52.423,24.806],[52.523,24.996],[52.524,24.998],[52.528,25.0],[52.846,25.134],[52.851,25.136],[52.866,25.14],[52.867,25.14],[52.868,25.14],[52.871,25.138],[52.872,25.138],[52.873,25.138],[52.875,25.139],[52.876,25.142]]}},{"type":"Feature","properties":{"name":"","operator":""},"geometry":{"type":"LineString","coordinates":[[52.756,24.132],[52.756,24.135],[52.755,24.205],[52.755,24.207],[52.755,24.208],[52.736,24.247],[52.726,24.267],[52.725,24.269],[52.725,24.27],[52.726,24.271],[52.754,24.32],[52.754,24.321],[52.754,24.322],[52.697,24.396],[52.696,24.396],[52.698,24.43],[52.698,24.432],[52.712,24.449],[53.063,24.84],[53.067,24.845],[53.071,24.848],[53.077,24.851],[53.079,24.853],[53.081,24.858],[53.083,24.862],[53.081,24.864]]}},{"type":"Feature","properties":{"name":"","operator":""},"geometry":{"type":"LineString","coordinates":[[51.556,26.921],[51.33,26.788],[51.276,26.757],[51.212,26.718],[51.199,26.71],[51.153,26.682],[51.118,26.661],[51.038,26.613],[50.993,26.586],[50.862,26.507],[50.664,26.388],[50.583,26.367],[50.57,26.362],[50.549,26.352],[50.54,26.313],[50.532,26.282],[50.55,26.255],[50.552,26.252],[50.552,26.251],[50.553,26.251],[50.554,26.249],[50.557,26.246],[50.558,26.244],[50.559,26.243],[50.559,26.242]]}},{"type":"Feature","properties":{"name":"","operator":""},"geometry":{"type":"LineString","coordinates":[[53.063,24.896],[53.062,24.897],[53.033,24.917],[53.031,24.919],[53.03,24.921],[53.029,24.923],[53.029,24.924],[53.02,24.932],[52.895,25.036],[52.886,25.044],[52.885,25.045],[52.885,25.046],[52.884,25.054],[52.883,25.057],[52.879,25.066],[52.878,25.068],[52.879,25.07],[52.88,25.072],[52.881,25.073],[52.882,25.074],[52.882,25.075],[52.882,25.077],[52.88,25.116],[52.88,25.118],[52.882,25.12],[52.882,25.122],[52.882,25.125],[52.881,25.126],[52.879,25.128],[52.879,25.129],[52.878,25.142]]}},{"type":"Feature","properties":{"name":"","operator":""},"geometry":{"type":"LineString","coordinates":[[52.416,25.678],[52.419,25.678],[52.425,25.682],[52.43,25.685],[52.455,25.695],[52.458,25.695],[52.516,25.699],[52.518,25.699],[52.682,25.651],[52.685,25.648],[52.864,25.504],[52.867,25.501],[52.868,25.499],[52.868,25.339],[52.868,25.337],[52.867,25.335],[52.791,25.237],[52.79,25.235],[52.789,25.232],[52.779,25.157],[52.779,25.155],[52.799,25.125],[52.8,25.124],[52.801,25.124],[52.852,25.122],[52.853,25.122],[52.854,25.122],[52.87,25.131],[52.871,25.132],[52.874,25.134],[52.875,25.136],[52.876,25.142]]}},{"type":"Feature","properties":{"name":"","operator":""},"geometry":{"type":"LineString","coordinates":[[54.348,24.48],[54.33,24.48],[54.329,24.48],[54.328,24.482],[54.292,24.553],[54.249,24.638],[54.249,24.64],[54.249,24.641],[54.292,24.69],[54.323,24.703],[54.578,24.775],[54.627,24.82],[54.724,24.909],[54.729,24.916],[54.83,25.005],[54.832,25.007],[54.835,25.008],[54.837,25.008],[54.901,25.001],[54.919,24.998],[54.921,24.999],[54.942,25.019],[54.97,25.038],[54.987,25.043],[55.005,25.042],[55.022,25.033],[55.031,25.02],[55.025,24.999],[55.024,24.996],[55.023,24.995],[55.018,24.988],[55.019,24.987]]}},{"type":"Feature","properties":{"name":"","operator":""},"geometry":{"type":"LineString","coordinates":[[52.554,24.304],[52.517,24.319],[52.341,24.475],[52.338,24.479]]}},{"type":"Feature","properties":{"name":"","operator":""},"geometry":{"type":"LineString","coordinates":[[54.626,25.748],[54.605,25.75],[54.605,25.751],[54.558,25.864],[54.546,25.892]]}},{"type":"Feature","properties":{"name":"","operator":""},"geometry":{"type":"LineString","coordinates":[[54.729,24.916],[54.248,25.206],[54.246,25.209],[54.24,25.216],[54.238,25.218]]}},{"type":"Feature","properties":{"name":"","operator":""},"geometry":{"type":"LineString","coordinates":[[54.347,24.479],[54.329,24.479],[54.328,24.479],[54.326,24.481],[54.325,24.482],[54.322,24.484],[54.317,24.485],[54.31,24.488],[54.223,24.521],[54.221,24.523],[54.221,24.525],[54.22,24.621],[54.22,24.624],[54.218,24.627],[54.178,24.673],[54.175,24.676],[54.157,24.684],[54.13,24.693],[54.108,24.703],[54.088,24.712],[53.977,24.784],[53.975,24.786],[53.973,24.79],[53.936,24.93],[53.934,24.933],[53.933,24.935],[53.596,25.131],[53.593,25.134],[53.461,25.27],[53.375,25.346],[53.367,25.35],[53.215,25.365],[53.211,25.363],[53.187,25.353],[53.184,25.352],[53.183,25.352],[53.003,25.392],[53.001,25.392],[52.999,25.393],[52.871,25.504],[52.583,25.752],[52.579,25.755],[52.575,25.756],[52.417,25.773],[52.415,25.773],[52.412,25.772],[52.016,25.701],[51.765,25.646],[51.752,25.643],[51.549,25.568],[51.497,25.563]]}},{"type":"Feature","properties":{"name":"","operator":""},"geometry":{"type":"LineString","coordinates":[[50.559,26.242],[50.559,26.244],[50.559,26.245],[50.558,26.245],[50.558,26.246],[50.556,26.249],[50.554,26.25],[50.554,26.251],[50.552,26.253],[50.551,26.255],[50.549,26.26],[50.549,26.261],[50.547,26.264],[50.543,26.269],[50.539,26.276],[50.535,26.282],[50.543,26.312],[50.552,26.35],[50.571,26.36],[50.583,26.364],[50.665,26.386],[50.669,26.387],[50.702,26.396],[50.762,26.41],[50.765,26.411],[50.807,26.439],[50.811,26.441],[50.835,26.447],[50.893,26.461],[51.001,26.461],[51.072,26.46],[51.123,26.454],[51.128,26.452],[51.131,26.45],[51.428,26.219],[51.478,26.18],[51.576,26.103],[51.588,26.093],[51.624,26.057],[51.687,25.995],[51.711,25.972],[51.715,25.967],[51.723,25.955],[51.725,25.95],[51.724,25.895],[51.725,25.879],[51.724,25.846],[51.724,25.844],[51.722,25.838],[51.714,25.763],[51.713,25.76],[51.625,25.601],[51.622,25.597],[51.601,25.589],[51.548,25.569],[51.497,25.563]]}},{"type":"Feature","properties":{"name":"","operator":""},"geometry":{"type":"LineString","coordinates":[[51.948,26.534],[51.574,26.658],[51.558,26.656],[51.555,26.655],[51.552,26.653],[51.544,26.642]]}},{"type":"Feature","properties":{"name":"","operator":""},"geometry":{"type":"LineString","coordinates":[[55.123,25.07],[55.118,25.074],[55.087,25.09],[55.085,25.091],[55.076,25.093],[55.075,25.094],[55.073,25.095],[55.059,25.107],[55.059,25.108],[55.048,25.132],[55.046,25.137],[55.043,25.141],[55.042,25.142],[55.038,25.143],[55.036,25.144],[55.028,25.143],[55.026,25.144],[55.025,25.144],[55.019,25.148],[55.018,25.15],[55.013,25.165],[55.006,25.174],[55.001,25.178],[54.991,25.184],[54.981,25.192],[54.974,25.195],[54.965,25.199],[54.961,25.2],[54.957,25.201],[54.955,25.201],[54.954,25.202],[54.951,25.203],[54.949,25.204],[54.948,25.204],[54.947,25.204],[54.945,25.204],[54.944,25.204],[54.942,25.204],[54.941,25.205],[54.933,25.209],[54.927,25.21],[54.925,25.211],[54.822,25.26],[54.812,25.264],[54.794,25.27],[54.768,25.276],[54.764,25.278],[54.697,25.283],[54.685,25.284],[54.67,25.288],[54.645,25.293],[54.628,25.299],[54.612,25.303],[54.607,25.303],[54.601,25.303],[54.599,25.304],[54.577,25.31],[54.565,25.313],[54.517,25.324],[54.498,25.331],[54.467,25.344],[54.444,25.357],[54.409,25.38],[54.386,25.396]]}},{"type":"Feature","properties":{"name":"","operator":""},"geometry":{"type":"LineString","coordinates":[[54.511,26.252],[54.505,26.246],[54.504,26.245],[54.503,26.245],[54.489,26.248],[54.169,26.481],[54.047,26.512]]}},{"type":"Feature","properties":{"name":"","operator":""},"geometry":{"type":"LineString","coordinates":[[48.091,29.269],[48.096,29.268],[48.162,29.261],[48.166,29.26],[48.167,29.26],[48.171,29.258],[48.19,29.247],[48.192,29.246],[48.193,29.245],[48.215,29.207],[48.217,29.204],[48.228,29.2],[48.23,29.198],[48.244,29.171],[48.247,29.167],[48.256,29.161],[48.259,29.16],[48.339,29.16],[48.359,29.153],[48.363,29.153],[48.636,29.153],[48.779,29.125],[48.783,29.125],[49.068,29.126],[49.176,29.125],[49.18,29.125],[49.184,29.123],[49.217,29.105],[49.437,28.972],[49.505,28.931],[49.999,28.632],[50.064,28.59],[50.597,27.994],[51.515,26.968],[51.556,26.921],[51.973,26.741],[51.989,26.728],[52.27,26.502],[52.332,26.44],[52.689,26.122],[52.709,26.102],[52.865,25.831],[52.929,25.696],[52.985,25.44],[52.987,25.436],[52.99,25.433],[53.046,25.397],[53.05,25.396],[53.254,25.379],[53.258,25.379],[53.261,25.38],[53.458,25.463],[53.462,25.465],[53.495,25.468],[53.501,25.466],[53.746,25.291],[54.22,25.281],[54.584,25.143],[54.771,25.068],[54.848,25.038],[54.855,25.035],[54.896,25.026],[54.935,25.02],[54.94,25.02],[54.943,25.022],[54.969,25.039],[54.987,25.045],[54.996,25.044],[55.006,25.043],[55.023,25.035],[55.032,25.02],[55.025,24.999],[55.024,24.996],[55.023,24.995],[55.018,24.989],[55.019,24.987]]}},{"type":"Feature","properties":{"name":"","operator":""},"geometry":{"type":"LineString","coordinates":[[51.625,25.601],[51.759,25.653],[51.82,25.676],[51.824,25.678],[52.001,25.81],[52.075,25.866],[52.079,25.87],[52.332,26.44]]}},{"type":"Feature","properties":{"name":"","operator":""},"geometry":{"type":"LineString","coordinates":[[52.141,26.661],[52.072,26.703],[52.025,26.729],[52.105,26.758],[52.126,26.847],[52.208,26.747],[52.287,26.689],[52.356,26.631],[52.221,26.64]]}},{"type":"Feature","properties":{"name":"","operator":""},"geometry":{"type":"LineString","coordinates":[[52.437,24.062],[52.407,24.086],[52.405,24.088],[52.405,24.089],[52.405,24.243],[52.406,24.245],[52.408,24.246],[52.554,24.304],[52.564,24.308]]}},{"type":"Feature","properties":{"name":"","operator":""},"geometry":{"type":"LineString","coordinates":[[8.471,49.285],[8.472,49.283]]}},{"type":"Feature","properties":{"name":"","operator":""},"geometry":{"type":"LineString","coordinates":[[30.96,61.397],[30.956,61.41],[30.979,61.42],[31.043,61.412],[31.077,61.414],[31.1,61.414],[31.107,61.414],[31.116,61.409],[31.123,61.409]]}},{"type":"Feature","properties":{"name":"Telstra Bass Strait 2 Fibre Cable","operator":"Telstra"},"geometry":{"type":"LineString","coordinates":[[145.7,-38.648],[145.7,-38.651],[145.698,-38.662],[145.686,-38.721],[145.639,-38.963],[145.594,-39.194],[145.538,-39.484],[145.501,-39.671],[145.473,-39.813],[145.416,-40.104],[145.371,-40.332],[145.34,-40.488],[145.306,-40.658],[145.291,-40.735],[145.291,-40.736]]}},{"type":"Feature","properties":{"name":"Telstra Bass Strait 1 Fibre Cable","operator":"Telstra"},"geometry":{"type":"LineString","coordinates":[[146.102,-38.813],[146.1,-38.822]]}},{"type":"Feature","properties":{"name":"Telstra Bass Strait 1 Fibre Cable","operator":"Telstra"},"geometry":{"type":"LineString","coordinates":[[146.1,-38.822],[146.095,-38.849],[146.088,-38.887],[146.074,-38.933],[145.953,-39.145],[145.891,-39.487],[145.839,-39.769],[145.801,-39.981],[145.767,-40.166],[145.723,-40.407],[145.689,-40.59],[145.665,-40.718],[145.626,-40.933],[145.625,-40.933],[145.625,-40.934]]}},{"type":"Feature","properties":{"name":"Atlantic Telegraph Cable 1865","operator":""},"geometry":{"type":"LineString","coordinates":[[-10.441,51.869],[-10.427,51.874],[-10.424,51.875],[-10.412,51.882],[-10.401,51.888],[-10.394,51.891],[-10.391,51.892]]}},{"type":"Feature","properties":{"name":"","operator":""},"geometry":{"type":"LineString","coordinates":[[-6.228,53.345],[-6.23,53.347]]}},{"type":"Feature","properties":{"name":"HUGO","operator":"Cable & Wireless Communications"},"geometry":{"type":"LineString","coordinates":[[-2.53,49.502],[-2.524,49.522],[-2.543,49.532],[-2.985,49.548],[-3.194,49.58],[-3.246,49.611],[-4.22,49.595],[-4.246,49.587],[-4.766,49.58],[-5.211,49.705],[-5.44,49.77],[-5.515,49.808],[-5.629,49.994],[-5.66,50.011],[-5.646,50.035],[-5.648,50.041],[-5.652,50.044]]}},{"type":"Feature","properties":{"name":"Flag Atlantic North","operator":"Flag Ltd."},"geometry":{"type":"LineString","coordinates":[[-20.774,49.584],[-46.38,45.004],[-72.622,40.714],[-72.861,40.733]]}},{"type":"Feature","properties":{"name":"Yellow","operator":"Level 3 Global Submarine"},"geometry":{"type":"LineString","coordinates":[[-20.114,49.443],[-45.962,44.598],[-72.612,40.671],[-72.862,40.733]]}},{"type":"Feature","properties":{"name":"TAT 12","operator":"BT"},"geometry":{"type":"LineString","coordinates":[[-20.0,47.358],[-71.17,40.841],[-71.563,41.372]]}},{"type":"Feature","properties":{"name":"Atlantic Crossing 1 (AC1)Seg.C","operator":"Global Crossing"},"geometry":{"type":"LineString","coordinates":[[-72.865,40.732],[-72.621,40.574],[-20.694,46.983],[-20.6,46.996]]}},{"type":"Feature","properties":{"name":"Apollo South","operator":"Apollo"},"geometry":{"type":"LineString","coordinates":[[-74.101,40.157],[-74.02,40.157]]}},{"type":"Feature","properties":{"name":"Apollo South","operator":"Apollo"},"geometry":{"type":"LineString","coordinates":[[-20.033,45.324],[-74.02,40.157]]}},{"type":"Feature","properties":{"name":"Apollo North","operator":"Apollo"},"geometry":{"type":"LineString","coordinates":[[-20.069,49.873],[-47.105,45.128],[-72.625,40.745],[-72.859,40.734]]}},{"type":"Feature","properties":{"name":"Tata Atlantic North","operator":"Tata Telecoms"},"geometry":{"type":"LineString","coordinates":[[-74.019,40.16],[-45.873,43.518],[-19.941,49.115]]}},{"type":"Feature","properties":{"name":"PTAT","operator":"Cable & Wireless"},"geometry":{"type":"LineString","coordinates":[[-74.232,39.566],[-42.217,42.808],[-23.735,49.501]]}},{"type":"Feature","properties":{"name":"TAT13","operator":"BT"},"geometry":{"type":"LineString","coordinates":[[-9.543,46.078],[-36.101,41.315],[-72.763,40.493],[-72.866,40.732]]}},{"type":"Feature","properties":{"name":"FLAG Europe-Asia","operator":""},"geometry":{"type":"LineString","coordinates":[[-4.951,36.051],[9.266,38.149],[10.69,37.696],[15.995,35.985],[21.871,34.507],[23.268,34.151],[29.723,32.127],[29.975,31.255]]}},{"type":"Feature","properties":{"name":"Svalbard Undersea Cable System","operator":"Telenor"},"geometry":{"type":"LineString","coordinates":[[16.111,69.229],[16.135,69.229],[16.237,69.229],[16.261,69.238],[16.289,69.285],[16.388,69.306],[16.398,69.31],[16.41,69.421],[16.392,69.439],[15.656,69.49],[15.562,69.519],[15.425,69.605],[15.348,69.63],[14.875,69.63],[14.529,69.73],[13.95,70.494],[10.83,71.881],[9.514,72.903],[10.374,74.258],[10.481,74.79],[9.998,76.211],[9.701,76.381],[9.558,76.555],[8.822,77.245],[8.707,77.487],[8.127,77.679],[8.05,77.754],[8.056,77.876],[8.105,77.919],[8.116,77.966],[8.08,78.026],[7.987,78.193],[7.995,78.226],[8.072,78.255],[8.19,78.279],[8.339,78.302],[8.468,78.316],[8.638,78.325],[9.382,78.335],[9.608,78.325],[10.296,78.299],[10.508,78.281],[11.014,78.235],[11.269,78.203],[11.593,78.151],[11.891,78.107],[12.013,78.097],[12.157,78.094],[12.308,78.097],[12.636,78.109],[12.836,78.119],[12.922,78.126],[13.061,78.131],[13.202,78.139],[13.732,78.163],[13.829,78.164],[14.081,78.153],[14.343,78.154],[14.398,78.155],[14.446,78.159],[14.497,78.168],[14.54,78.173],[14.572,78.179],[14.63,78.186],[14.676,78.189],[14.74,78.193],[14.88,78.2],[14.954,78.208],[15.197,78.247],[15.223,78.254],[15.244,78.261],[15.261,78.266],[15.277,78.27],[15.301,78.272],[15.323,78.274],[15.353,78.275],[15.383,78.275],[15.422,78.274],[15.446,78.274],[15.474,78.272],[15.498,78.27],[15.516,78.268],[15.528,78.266],[15.536,78.264],[15.543,78.262],[15.548,78.26],[15.551,78.258],[15.552,78.256],[15.551,78.254],[15.548,78.253],[15.544,78.251],[15.538,78.248]]}},{"type":"Feature","properties":{"name":"Souh America-1","operator":"Telxius"},"geometry":{"type":"LineString","coordinates":[[-84.221,-6.665],[-84.155,-3.025],[-81.458,-2.575],[-80.929,-2.27]]}},{"type":"Feature","properties":{"name":"Pan American","operator":""},"geometry":{"type":"LineString","coordinates":[[-82.749,0.483],[-82.337,-3.014],[-81.476,-2.817],[-80.929,-2.27]]}},{"type":"Feature","properties":{"name":"Longyearbyen - Ny Ålesund","operator":""},"geometry":{"type":"LineString","coordinates":[[15.538,78.248],[15.56,78.252],[15.568,78.253],[15.575,78.255],[15.579,78.257],[15.58,78.26],[15.579,78.263],[15.575,78.266],[15.566,78.27],[15.553,78.272],[15.523,78.276],[15.49,78.281],[15.448,78.286],[15.407,78.29],[15.38,78.291],[15.359,78.291],[15.335,78.29],[15.241,78.283],[15.053,78.281],[14.968,78.282],[14.849,78.281],[14.61,78.27],[14.364,78.248],[14.234,78.231],[14.163,78.22],[14.073,78.209],[13.987,78.199],[13.863,78.184],[13.831,78.18],[13.799,78.177],[13.755,78.175],[13.725,78.175],[13.67,78.175],[13.533,78.175],[13.356,78.17],[13.205,78.17],[13.09,78.167],[13.036,78.162],[12.908,78.152],[12.783,78.144],[12.692,78.141],[12.667,78.14],[12.424,78.144],[12.002,78.138],[11.887,78.14],[11.859,78.14],[11.837,78.142],[11.817,78.145],[11.802,78.148],[11.791,78.151],[11.779,78.156],[11.767,78.16],[11.735,78.169],[11.715,78.174],[11.692,78.179],[11.663,78.183],[11.621,78.187],[11.6,78.191],[11.575,78.197],[11.552,78.204],[11.532,78.209],[11.513,78.212],[11.494,78.214],[11.464,78.215],[11.436,78.216],[11.41,78.219],[11.389,78.222],[11.364,78.227],[11.353,78.231],[11.31,78.261],[11.299,78.266],[11.227,78.317],[11.216,78.329],[11.186,78.35],[11.184,78.356],[11.178,78.36],[11.163,78.365],[11.144,78.37],[11.123,78.373],[11.082,78.377],[10.929,78.399],[10.811,78.436],[10.725,78.459],[10.71,78.466],[10.694,78.472],[10.676,78.481],[10.662,78.486],[10.623,78.495],[10.607,78.499],[10.598,78.504],[10.593,78.507],[10.592,78.512],[10.6,78.52],[10.604,78.531],[10.599,78.539],[10.575,78.55],[10.552,78.557],[10.517,78.564],[10.492,78.572],[10.439,78.586],[10.387,78.597],[10.371,78.603],[10.302,78.64],[10.254,78.691],[10.064,78.851],[10.061,78.854],[10.064,78.905],[10.052,78.916],[10.027,78.931],[10.023,78.935],[10.026,78.94],[10.036,78.945],[10.051,78.95],[10.073,78.953],[10.153,78.963],[10.521,78.992],[10.627,79.0],[10.765,79.007],[10.937,79.01],[10.96,79.01],[11.003,79.007],[11.02,79.005],[11.041,79.002],[11.063,78.998],[11.082,78.996],[11.103,78.995],[11.194,78.992],[11.236,78.993],[11.293,78.995],[11.328,78.997],[11.363,78.998],[11.382,78.998],[11.399,78.997],[11.416,78.995],[11.432,78.993],[11.456,78.987],[11.464,78.986],[11.474,78.985],[11.494,78.983],[11.52,78.982],[11.538,78.982],[11.559,78.982],[11.579,78.982],[11.596,78.982],[11.611,78.98],[11.626,78.978],[11.643,78.975],[11.659,78.973],[11.686,78.972],[11.719,78.969],[11.808,78.965],[11.844,78.963],[11.864,78.962],[11.872,78.961],[11.893,78.958],[11.901,78.956],[11.907,78.954],[11.913,78.952],[11.913,78.951],[11.91,78.948],[11.908,78.947],[11.906,78.946],[11.892,78.944],[11.877,78.943],[11.874,78.943],[11.869,78.943]]}},{"type":"Feature","properties":{"name":"Campobello-Grand Manan Submarine Cable","operator":"NB Power"},"geometry":{"type":"LineString","coordinates":[[-66.903,44.894],[-66.9,44.894],[-66.789,44.799],[-66.787,44.798]]}},{"type":"Feature","properties":{"name":"","operator":"NB Power"},"geometry":{"type":"LineString","coordinates":[[-66.971,44.948],[-66.955,44.941],[-66.935,44.935]]}},{"type":"Feature","properties":{"name":"TKO Express","operator":"Superloop"},"geometry":{"type":"LineString","coordinates":[[114.249,22.269],[114.253,22.272],[114.256,22.276],[114.256,22.277],[114.259,22.277],[114.262,22.28],[114.263,22.281],[114.267,22.282]]}},{"type":"Feature","properties":{"name":"","operator":""},"geometry":{"type":"LineString","coordinates":[[114.204,22.213],[114.201,22.201],[114.208,22.189],[114.225,22.184],[114.256,22.195],[114.267,22.197],[114.272,22.193],[114.296,22.195],[114.356,22.188],[114.382,22.188],[114.491,22.189],[114.496,22.187],[114.502,22.181],[114.528,22.175],[114.548,22.166],[114.552,22.158],[114.69,21.983],[114.705,21.96],[114.711,21.957],[114.724,21.937],[114.739,21.923],[114.761,21.919],[114.854,21.839],[114.864,21.835],[114.873,21.835],[114.882,21.831],[115.061,21.673],[115.08,21.641],[115.145,21.61],[115.561,21.454],[115.58,21.442],[115.609,21.415],[115.724,21.342],[115.74,21.334],[115.751,21.334],[115.925,21.377],[115.953,21.38],[115.963,21.376],[116.091,21.25],[116.099,21.248],[116.165,21.262],[116.29,21.23],[116.766,21.054],[116.793,21.05],[116.958,20.988],[117.024,20.917],[117.104,20.837],[117.109,20.808],[117.13,20.741],[117.161,20.597],[117.218,20.484],[117.26,20.429],[117.268,20.397],[117.272,20.358],[117.267,20.308],[117.259,20.276],[117.242,20.245],[117.24,20.215],[117.25,20.185],[117.266,20.171],[117.304,20.027],[117.291,19.948],[117.307,19.874],[117.386,19.768],[117.416,19.667],[117.604,19.469],[117.707,19.262],[117.732,19.254],[117.764,19.189],[117.786,19.185],[117.771,19.174],[117.771,19.167],[117.762,19.151],[117.781,19.112],[117.792,19.007],[117.927,18.72],[118.207,18.256]]}},{"type":"Feature","properties":{"name":"Pacific Caribbean Cable System","operator":"Telxius"},"geometry":{"type":"LineString","coordinates":[[-80.739,-0.873],[-80.884,-0.343],[-80.964,0.566],[-80.934,2.452]]}},{"type":"Feature","properties":{"name":"Pan American","operator":""},"geometry":{"type":"LineString","coordinates":[[-82.337,-3.014],[-82.354,-5.463]]}},{"type":"Feature","properties":{"name":"Souh America-1","operator":"Telxius"},"geometry":{"type":"LineString","coordinates":[[-81.455,-3.481],[-81.458,-2.575]]}},{"type":"Feature","properties":{"name":"Souh America-1","operator":"Telxius"},"geometry":{"type":"LineString","coordinates":[[-84.155,-3.025],[-86.287,0.33]]}},{"type":"Feature","properties":{"name":"","operator":""},"geometry":{"type":"LineString","coordinates":[[15.261,44.019],[15.259,44.02]]}},{"type":"Feature","properties":{"name":"Svalbard Undersea Cable System","operator":"Telenor"},"geometry":{"type":"LineString","coordinates":[[16.26,68.971],[16.259,68.971],[16.258,68.971],[16.258,68.972],[16.258,68.973],[16.257,68.973],[16.255,68.974],[16.254,68.974],[16.254,68.975],[16.254,68.976],[16.255,68.977],[16.256,68.977],[16.26,68.978],[16.261,68.978],[16.262,68.98],[16.262,68.981],[16.263,68.984],[16.267,68.988],[16.276,68.993],[16.279,68.994],[16.28,68.996],[16.285,69.009],[16.284,69.01],[16.278,69.019],[16.27,69.033],[16.269,69.034],[16.269,69.036],[16.275,69.055],[16.291,69.072],[16.292,69.074],[16.297,69.085],[16.297,69.086],[16.296,69.087],[16.28,69.104],[16.268,69.115],[16.266,69.116],[16.196,69.135],[16.194,69.136],[16.192,69.137],[16.187,69.146],[16.186,69.148],[16.187,69.149],[16.225,69.199],[16.226,69.201],[16.223,69.209],[16.218,69.216],[16.216,69.216],[16.211,69.217],[16.118,69.228],[16.111,69.229]]}},{"type":"Feature","properties":{"name":"Longyearbyen - Ny Ålesund","operator":""},"geometry":{"type":"LineString","coordinates":[[11.868,78.943],[11.877,78.942],[11.894,78.942],[11.901,78.942],[11.906,78.943],[11.915,78.944],[11.92,78.944],[11.925,78.945],[11.928,78.946],[11.931,78.947],[11.933,78.948],[11.936,78.949],[11.937,78.95],[11.937,78.951],[11.937,78.952],[11.936,78.953],[11.933,78.954],[11.929,78.956],[11.903,78.966],[11.877,78.975],[11.871,78.977],[11.862,78.981],[11.85,78.984],[11.833,78.986],[11.815,78.987],[11.798,78.988],[11.781,78.988],[11.743,78.986],[11.726,78.985],[11.71,78.985],[11.675,78.986],[11.597,78.988],[11.58,78.989],[11.535,78.992],[11.52,78.994],[11.504,78.998],[11.486,79.0],[11.467,79.002],[11.433,79.004],[11.414,79.005],[11.397,79.008],[11.375,79.01],[11.34,79.013],[11.231,79.016],[10.951,79.021],[10.822,79.02],[10.705,79.016],[10.532,79.006],[10.139,78.975],[10.058,78.965],[9.991,78.954],[9.969,78.949],[9.945,78.942],[9.927,78.932],[9.883,78.882],[9.885,78.87],[9.91,78.847],[9.928,78.84],[9.949,78.822],[9.959,78.811],[9.979,78.797],[9.985,78.781],[10.015,78.753],[10.068,78.705],[10.084,78.696],[10.109,78.656],[10.119,78.649],[10.143,78.637],[10.15,78.63],[10.176,78.612],[10.182,78.599],[10.199,78.592],[10.238,78.572],[10.259,78.546],[10.263,78.529],[10.27,78.508],[10.305,78.483],[10.319,78.477],[10.343,78.47],[10.354,78.463],[10.451,78.425],[10.461,78.42],[10.481,78.414],[10.518,78.4],[10.565,78.389],[10.594,78.383],[10.645,78.377],[10.702,78.372],[10.742,78.37],[10.762,78.369],[10.845,78.358],[10.898,78.35],[11.007,78.33],[11.073,78.317],[11.114,78.304],[11.121,78.298],[11.124,78.266],[11.127,78.262],[11.18,78.234],[11.228,78.217],[11.249,78.213],[11.292,78.206],[11.435,78.184],[11.465,78.181],[11.485,78.18],[11.533,78.172],[11.593,78.16],[11.652,78.152],[11.829,78.136],[11.954,78.121],[12.006,78.118],[12.163,78.114],[12.381,78.113],[12.829,78.13],[13.108,78.151],[13.235,78.157],[13.48,78.165],[13.622,78.166],[13.782,78.17],[13.932,78.169],[14.069,78.171],[14.161,78.177],[14.345,78.197],[14.383,78.202],[14.484,78.213],[14.536,78.218],[14.555,78.22],[14.585,78.222],[14.659,78.225],[14.723,78.228],[14.789,78.232],[14.869,78.239],[15.006,78.254],[15.096,78.263],[15.195,78.271],[15.279,78.28],[15.3,78.282],[15.316,78.282],[15.334,78.283],[15.355,78.284],[15.374,78.283],[15.4,78.281],[15.418,78.28],[15.439,78.279],[15.466,78.277],[15.487,78.276],[15.505,78.273],[15.526,78.27],[15.539,78.268],[15.548,78.266],[15.557,78.264],[15.564,78.262],[15.567,78.26],[15.568,78.258],[15.566,78.256],[15.563,78.255],[15.558,78.253],[15.538,78.248]]}},{"type":"Feature","properties":{"name":"Svalbard Undersea Cable System","operator":"Telenor"},"geometry":{"type":"LineString","coordinates":[[15.538,78.248],[15.541,78.252],[15.541,78.254],[15.538,78.256],[15.532,78.258],[15.521,78.261],[15.51,78.263],[15.495,78.265],[15.483,78.267],[15.443,78.269],[15.425,78.27],[15.406,78.271],[15.387,78.271],[15.366,78.271],[15.346,78.269],[15.328,78.267],[15.319,78.265],[15.24,78.248],[15.079,78.216],[14.936,78.198],[14.893,78.195],[14.665,78.181],[14.585,78.171],[14.529,78.159],[14.481,78.151],[14.416,78.146],[14.165,78.14],[13.962,78.144],[13.924,78.147],[13.884,78.15],[13.848,78.15],[13.821,78.15],[13.796,78.149],[13.757,78.147],[13.368,78.113],[12.9,78.081],[12.733,78.074],[12.532,78.063],[12.257,78.063],[12.092,78.07],[12.006,78.077],[11.818,78.101],[11.375,78.158],[10.949,78.205],[10.519,78.251],[10.263,78.276],[10.024,78.296],[9.816,78.308],[9.686,78.311],[9.522,78.309],[9.272,78.297],[8.88,78.275],[8.635,78.26],[8.481,78.242],[8.361,78.209],[8.295,78.164],[8.262,78.086],[8.278,78.036],[8.336,77.964],[8.33,77.926],[8.19,77.876],[8.179,77.764],[8.932,77.516],[9.176,77.196],[9.918,76.699],[10.004,76.388],[10.267,76.273],[10.624,75.343],[10.736,74.299],[10.107,72.934],[10.893,72.074],[14.299,70.52],[14.549,69.928],[14.977,69.672],[15.368,69.642],[15.465,69.609],[15.6,69.526],[15.686,69.5],[16.386,69.45],[16.455,69.425],[16.437,69.309],[16.409,69.296],[16.309,69.28],[16.278,69.231],[16.255,69.221],[16.137,69.228],[16.128,69.228],[16.111,69.229]]}},{"type":"Feature","properties":{"name":"Svalbard Undersea Cable System","operator":"Telenor"},"geometry":{"type":"LineString","coordinates":[[16.289,68.952],[16.295,68.94],[16.297,68.939],[16.308,68.932],[16.319,68.928],[16.329,68.921],[16.365,68.91],[16.387,68.898],[16.4,68.889],[16.403,68.888],[16.44,68.878],[16.444,68.877],[16.462,68.875],[16.465,68.875],[16.491,68.868],[16.494,68.867],[16.496,68.866],[16.5,68.862],[16.502,68.86],[16.511,68.842],[16.512,68.838],[16.513,68.836],[16.514,68.834],[16.515,68.831],[16.518,68.827],[16.52,68.82]]}},{"type":"Feature","properties":{"name":"Svalbard Undersea Cable System","operator":"Telenor"},"geometry":{"type":"LineString","coordinates":[[16.612,68.889],[16.618,68.886],[16.619,68.886],[16.622,68.881],[16.622,68.88],[16.611,68.862],[16.61,68.861],[16.586,68.854],[16.576,68.849],[16.566,68.847],[16.559,68.845],[16.545,68.844],[16.542,68.843],[16.533,68.841],[16.532,68.84],[16.53,68.839],[16.529,68.837],[16.529,68.835],[16.529,68.834],[16.53,68.833],[16.537,68.828],[16.544,68.826],[16.554,68.826]]}},{"type":"Feature","properties":{"name":"Svalbard Undersea Cable System","operator":"Telenor"},"geometry":{"type":"LineString","coordinates":[[16.656,68.943],[16.658,68.94],[16.659,68.94],[16.664,68.937],[16.665,68.937],[16.665,68.936],[16.664,68.935],[16.663,68.934],[16.661,68.933],[16.66,68.933],[16.656,68.933],[16.654,68.933],[16.652,68.932],[16.651,68.932],[16.647,68.922],[16.646,68.921],[16.643,68.919],[16.634,68.915],[16.632,68.914],[16.626,68.908],[16.624,68.907],[16.613,68.905]]}},{"type":"Feature","properties":{"name":"Svalbard Undersea Cable System","operator":"Telenor"},"geometry":{"type":"LineString","coordinates":[[16.111,69.229],[16.119,69.228],[16.22,69.219],[16.237,69.211],[16.242,69.199],[16.213,69.158],[16.212,69.156],[16.214,69.155],[16.219,69.15],[16.222,69.149],[16.23,69.147],[16.292,69.131],[16.32,69.117],[16.322,69.115],[16.328,69.103],[16.333,69.095],[16.333,69.094],[16.33,69.083],[16.329,69.081],[16.326,69.08],[16.314,69.074],[16.312,69.072],[16.295,69.05],[16.291,69.038],[16.292,69.036],[16.308,69.026],[16.309,69.025],[16.309,69.024],[16.308,69.022],[16.305,69.019],[16.305,69.018],[16.305,69.017],[16.307,69.015],[16.335,68.995],[16.338,68.994],[16.346,68.991],[16.372,68.99],[16.413,68.987],[16.432,68.98],[16.435,68.975],[16.451,68.972],[16.473,68.971],[16.498,68.977],[16.513,68.984],[16.517,68.988],[16.524,68.981],[16.53,68.977],[16.532,68.976],[16.546,68.975],[16.558,68.977],[16.562,68.979],[16.563,68.98],[16.577,68.974],[16.582,68.973],[16.584,68.973],[16.586,68.974],[16.587,68.974],[16.591,68.973],[16.594,68.973],[16.599,68.974],[16.603,68.973],[16.605,68.973],[16.607,68.972],[16.608,68.971],[16.608,68.97],[16.609,68.969],[16.625,68.965],[16.633,68.962],[16.636,68.961],[16.637,68.96],[16.639,68.959],[16.64,68.958],[16.643,68.958],[16.65,68.957]]}},{"type":"Feature","properties":{"name":"","operator":"Nova Scotia Power"},"geometry":{"type":"LineString","coordinates":[[-63.56,44.641],[-63.561,44.641],[-63.562,44.641],[-63.564,44.641],[-63.565,44.641],[-63.566,44.642]]}},{"type":"Feature","properties":{"name":"ARIANE 2","operator":""},"geometry":{"type":"LineString","coordinates":[[5.373,43.262],[5.368,43.26],[5.349,43.257],[5.324,43.257],[5.282,43.239],[5.232,43.147],[5.229,43.141],[5.229,43.128],[5.229,43.086],[5.219,43.059],[5.228,43.037],[5.233,43.025],[5.219,42.987],[5.218,42.984],[5.213,42.972],[5.25,42.89],[5.229,42.799],[5.391,42.515],[5.398,42.511],[5.878,42.352],[5.98,42.309],[6.027,42.29],[6.051,42.28],[6.18,42.16],[6.22,42.076],[6.35,41.805],[6.429,41.738],[6.433,41.733],[6.46,41.648],[6.51,41.533],[6.617,41.396],[6.799,41.032],[6.999,40.699],[7.01,40.666],[7.161,40.098],[7.313,39.526],[7.313,39.523],[7.28,39.333],[7.31,39.167],[7.471,38.911],[7.484,38.891],[7.73,38.667],[7.785,38.652],[7.917,38.621],[7.962,38.595],[8.083,38.521],[8.167,38.425],[8.389,38.292],[8.472,38.255],[8.64,38.181],[8.646,38.179],[8.717,38.143],[8.849,38.082],[8.989,38.088],[9.119,38.093],[9.3,38.101],[9.336,38.094],[9.35,38.091],[9.429,38.088],[9.467,38.087],[9.675,38.101],[9.799,38.1],[9.8,38.1],[9.819,38.097],[9.903,38.083],[10.05,38.058],[10.055,38.058],[10.065,38.059],[10.099,38.06],[10.114,38.06],[10.171,38.048],[10.249,38.032],[10.4,37.964],[10.422,37.945],[10.433,37.936],[10.437,37.909],[10.446,37.851],[10.447,37.843],[10.45,37.792],[10.549,37.748],[10.566,37.74],[10.65,37.704],[10.664,37.696],[10.679,37.688],[10.73,37.674],[10.854,37.624],[10.874,37.615],[10.9,37.605],[11.05,37.607],[11.071,37.607],[11.213,37.61],[11.257,37.609],[11.317,37.608],[11.374,37.613],[11.417,37.617],[11.5,37.59],[11.506,37.576],[11.563,37.45],[11.563,37.448],[11.571,37.404],[11.574,37.389],[11.589,37.369],[11.586,37.35],[11.585,37.333],[11.624,37.302],[11.651,37.278],[11.656,37.274],[11.661,37.268],[11.753,37.2],[11.76,37.196],[11.871,37.136],[11.9,37.12],[11.95,37.093],[11.958,37.09],[11.962,37.089],[11.965,37.088],[11.969,37.088],[11.971,37.085],[12.034,37.062],[12.091,37.04],[12.092,37.04],[12.175,37.006],[12.207,36.993],[12.259,36.974],[12.317,36.953],[12.325,36.952],[12.341,36.951],[12.342,36.95],[12.345,36.95],[12.348,36.949],[12.429,36.918],[12.444,36.912],[12.715,36.642],[12.715,36.641],[12.715,36.633],[12.715,36.589],[12.79,36.553],[12.824,36.541],[12.832,36.524],[12.849,36.503],[12.87,36.482],[12.865,36.461],[12.851,36.366],[12.849,36.349],[12.913,36.291],[12.915,36.289],[12.919,36.288],[12.922,36.288],[12.921,36.287],[12.92,36.286],[12.92,36.284],[12.95,36.262],[12.964,36.252],[12.988,36.234],[12.989,36.233],[12.995,36.227],[13.129,36.106],[13.15,36.087],[13.205,36.083],[13.261,36.078],[13.333,36.072],[13.432,36.007],[13.483,35.972],[13.508,35.931],[13.58,35.906],[13.703,35.849],[13.801,35.793],[13.818,35.786],[13.839,35.778],[13.947,35.672],[14.133,35.553],[14.135,35.552],[14.184,35.531],[14.199,35.524],[14.204,35.522],[14.209,35.52],[14.233,35.509],[14.288,35.468],[14.35,35.44],[14.517,35.294],[14.85,35.285],[14.983,35.299],[15.061,35.298],[15.217,35.297],[15.285,35.293],[15.317,35.295],[15.366,35.295],[15.904,35.29],[16.034,35.272],[16.07,35.267],[16.098,35.275],[16.118,35.282],[16.26,35.261],[16.417,35.279],[16.518,35.313],[16.531,35.344],[16.57,35.437],[16.579,35.47],[16.584,35.488],[16.703,35.553],[17.5,35.417],[17.904,35.345],[18.202,35.292],[18.266,35.28],[18.328,35.33],[18.783,35.265],[18.949,35.349],[18.987,35.353],[19.253,35.373],[19.909,35.432],[20.07,35.393],[20.333,35.378],[20.639,35.375],[20.892,35.375],[20.983,35.371],[21.023,35.371],[21.2,35.368],[21.334,35.342],[21.66,35.412],[22.041,35.352],[22.2,35.327],[22.583,35.297],[22.91,35.305],[23.01,35.369],[23.083,35.377],[23.18,35.494],[23.24,35.568],[23.257,35.591],[23.266,35.596],[23.282,35.604],[23.296,35.627],[23.315,35.661],[23.363,35.68],[23.423,35.734],[23.52,35.724],[23.545,35.736],[23.584,35.738],[23.617,35.756],[23.667,35.733],[23.717,35.759],[23.766,35.738],[23.778,35.732],[23.78,35.731],[23.794,35.725],[23.796,35.724],[23.89,35.685],[23.902,35.679],[23.91,35.677],[23.924,35.657],[23.948,35.618],[23.953,35.604],[23.952,35.602],[23.953,35.601],[23.954,35.6],[23.961,35.584],[23.963,35.583],[23.962,35.583],[23.962,35.581],[23.983,35.529],[23.984,35.526],[23.985,35.525],[24.002,35.512]]}},{"type":"Feature","properties":{"name":"ARTEMIS","operator":""},"geometry":{"type":"LineString","coordinates":[[5.894,43.078],[5.894,43.077],[5.893,43.074],[5.892,43.072],[5.891,43.07],[5.891,43.068],[5.891,43.067],[5.891,43.063],[5.89,43.061],[5.891,43.061],[5.893,43.037],[5.894,43.032],[5.894,43.028],[5.894,43.021],[5.894,43.01],[5.894,43.006],[5.892,42.99],[5.89,42.982],[5.887,42.978],[5.883,42.973],[5.881,42.969],[5.877,42.964],[5.872,42.957],[5.868,42.951],[5.867,42.947],[5.856,42.948],[5.857,42.946],[5.859,42.931],[5.847,42.874],[5.862,42.854],[5.934,42.784],[5.954,42.75],[5.969,42.701],[5.985,42.641],[6.007,42.616],[6.079,42.541],[6.149,42.466],[6.212,42.389],[6.28,42.314],[6.352,42.242],[6.352,42.232],[6.415,42.166],[6.475,42.089],[6.53,42.011],[6.594,41.934],[6.657,41.857],[6.665,41.842],[6.682,41.821],[6.735,41.742],[6.792,41.664],[6.859,41.589],[6.915,41.509],[6.965,41.429],[6.994,41.391],[7.016,41.346],[7.051,41.271],[7.104,41.187],[7.139,41.101],[7.165,41.027],[7.165,41.016],[7.186,40.926],[7.206,40.837],[7.236,40.752],[7.259,40.662],[7.284,40.576],[7.311,40.489],[7.316,40.474],[7.322,40.449],[7.344,40.361],[7.366,40.271],[7.387,40.181],[7.412,40.092],[7.432,40.004],[7.452,39.916],[7.467,39.829],[7.492,39.744],[7.522,39.657],[7.554,39.572],[7.576,39.482],[7.589,39.394],[7.606,39.307],[7.632,39.219],[7.657,39.132],[7.672,39.044],[7.676,39.027],[7.682,39.004],[7.697,38.946],[7.731,38.927],[7.827,38.866],[7.927,38.831],[8.021,38.776],[8.029,38.769],[8.101,38.716],[8.122,38.701],[8.189,38.682],[8.196,38.677],[8.282,38.626],[8.368,38.566],[8.457,38.526],[8.461,38.524],[8.546,38.476],[8.634,38.427],[8.644,38.422],[8.747,38.431],[8.826,38.424],[8.861,38.427],[8.962,38.441],[9.076,38.447],[9.182,38.459],[9.191,38.457],[9.207,38.451],[9.234,38.434],[9.331,38.377],[9.411,38.314],[9.527,38.317],[9.644,38.322],[9.757,38.327],[9.764,38.326],[9.877,38.317],[9.996,38.312],[10.107,38.302],[10.166,38.296],[10.214,38.294],[10.314,38.287],[10.379,38.281],[10.416,38.279],[10.517,38.291],[10.621,38.301],[10.666,38.304],[10.719,38.299],[10.757,38.292],[10.819,38.286],[10.924,38.271],[10.942,38.267],[10.964,38.264],[11.064,38.246],[11.177,38.234],[11.292,38.222],[11.299,38.221],[11.367,38.169],[11.439,38.114],[11.514,38.059],[11.587,38.004],[11.666,37.952],[11.739,37.896],[11.769,37.874],[11.821,37.844],[11.897,37.792],[11.972,37.737],[12.052,37.691],[12.127,37.636],[12.136,37.629],[12.189,37.59],[12.2,37.582],[12.245,37.562],[12.268,37.553],[12.316,37.519],[12.366,37.484],[12.419,37.449],[12.499,37.396],[12.546,37.369],[12.587,37.359],[12.689,37.342],[12.787,37.321],[12.887,37.302],[12.986,37.282],[12.996,37.281],[13.066,37.241],[13.082,37.231],[13.104,37.217],[13.184,37.164],[13.259,37.112],[13.341,37.062],[13.419,37.016],[13.499,36.966],[13.527,36.949],[13.587,36.926],[13.672,36.889],[13.771,36.861],[13.867,36.832],[13.964,36.806],[13.969,36.802],[14.034,36.731],[14.106,36.661],[14.119,36.647],[14.132,36.637],[14.199,36.561],[14.266,36.492],[14.324,36.424],[14.382,36.364],[14.486,36.349],[14.586,36.342],[14.686,36.329],[14.786,36.314],[14.886,36.299],[15.017,36.291],[15.086,36.282],[15.097,36.279],[15.116,36.276],[15.186,36.267],[15.287,36.256],[15.342,36.251],[15.379,36.251],[15.414,36.251],[15.454,36.253],[15.476,36.255],[15.556,36.254],[15.582,36.252],[15.642,36.243],[15.687,36.248],[15.785,36.256],[15.871,36.264],[15.883,36.265],[15.981,36.275],[16.087,36.286],[16.2,36.297],[16.312,36.307],[16.424,36.317],[16.539,36.331],[16.652,36.342],[16.762,36.352],[16.781,36.354],[16.812,36.359],[16.919,36.367],[16.967,36.369],[17.027,36.381],[17.139,36.399],[17.244,36.416],[17.251,36.417],[17.359,36.419],[17.427,36.424],[17.532,36.446],[17.586,36.504],[17.712,36.562],[17.799,36.621],[17.886,36.677],[17.972,36.734],[18.054,36.779],[18.071,36.784],[18.177,36.816],[18.282,36.846],[18.387,36.876],[18.486,36.902],[18.506,36.909],[18.532,36.917],[18.641,36.949],[18.751,36.979],[18.862,37.011],[19.582,37.216],[19.706,37.242],[19.814,37.264],[19.922,37.286],[20.027,37.309],[20.134,37.332],[20.242,37.346],[20.262,37.348],[20.259,37.352],[20.404,37.366],[20.514,37.38],[20.621,37.395],[20.734,37.407],[20.841,37.421],[20.938,37.433],[21.052,37.448],[21.107,37.455],[21.119,37.503],[21.136,37.569],[21.139,37.587],[21.136,37.59],[21.088,37.641],[21.063,37.696],[21.054,37.712],[21.053,37.721],[21.039,37.799],[21.033,37.849],[21.041,37.877],[21.049,37.907],[21.081,37.952],[21.119,37.979],[21.141,37.977],[21.188,37.947],[21.195,37.935]]}},{"type":"Feature","properties":{"name":"BARMAR","operator":""},"geometry":{"type":"LineString","coordinates":[[5.055,43.328],[5.056,43.327],[5.058,43.326],[5.059,43.326],[5.059,43.325],[5.059,43.323],[5.06,43.322],[5.061,43.321],[5.061,43.32],[5.063,43.318],[5.064,43.318],[5.065,43.317],[5.066,43.317],[5.067,43.31],[5.063,43.296],[5.061,43.294],[5.04,43.237],[5.039,43.235],[5.026,43.218],[5.003,43.158],[4.996,43.153],[4.987,43.129],[4.981,43.12],[4.955,43.069],[4.939,42.872],[4.951,42.822],[4.952,42.817],[4.935,42.721],[4.919,42.64],[4.918,42.638],[4.909,42.623],[4.906,42.619],[4.785,42.543],[4.675,42.438],[4.587,42.37],[4.26,42.033],[4.191,41.971],[4.136,41.921],[3.993,41.804],[3.834,41.738],[3.79,41.723],[3.734,41.693],[3.602,41.539],[3.518,41.52],[3.341,41.483],[3.226,41.459],[3.09,41.435],[3.0,41.407],[2.973,41.404],[2.971,41.405],[2.822,41.43],[2.794,41.435],[2.791,41.435],[2.789,41.435],[2.585,41.467],[2.584,41.467],[2.569,41.469],[2.551,41.471],[2.55,41.471],[2.541,41.472],[2.524,41.476],[2.439,41.502],[2.422,41.504],[2.406,41.506]]}},{"type":"Feature","properties":{"name":"CC4","operator":""},"geometry":{"type":"LineString","coordinates":[[7.044,43.543],[7.045,43.543],[7.052,43.542],[7.057,43.542],[7.073,43.535],[7.089,43.531],[7.09,43.524],[7.098,43.504],[7.116,43.488],[7.126,43.482],[7.154,43.465],[7.172,43.45],[7.189,43.433],[7.219,43.413],[7.249,43.394],[7.286,43.375],[7.351,43.343],[7.467,43.286],[7.604,43.218],[7.689,43.176],[7.841,43.109],[8.472,42.829],[8.598,42.773],[8.651,42.748],[8.655,42.746],[8.658,42.741],[8.672,42.715],[8.708,42.696],[8.749,42.675],[8.843,42.659],[8.921,42.645],[8.928,42.638]]}},{"type":"Feature","properties":{"name":"CC5","operator":""},"geometry":{"type":"LineString","coordinates":[[5.895,43.075],[5.896,43.066],[5.903,43.044],[5.907,43.033],[5.907,43.026],[5.911,43.016],[5.916,42.998],[5.926,42.995],[5.931,42.971],[5.932,42.944],[5.943,42.931],[5.95,42.924],[5.975,42.897],[5.999,42.849],[6.455,42.659],[6.883,42.483],[6.999,42.432],[7.278,42.293],[7.591,42.137],[8.0,41.932],[8.118,41.873],[8.318,41.767],[8.329,41.759],[8.341,41.764],[8.449,41.782],[8.517,41.808],[8.584,41.821],[8.667,41.858],[8.729,41.884],[8.731,41.895],[8.729,41.903],[8.73,41.905],[8.733,41.915]]}},{"type":"Feature","properties":{"name":"CORSAR","operator":""},"geometry":{"type":"LineString","coordinates":[[8.737,41.915],[8.736,41.912],[8.736,41.91],[8.737,41.904],[8.745,41.882],[8.682,41.832],[8.667,41.817],[8.601,41.752],[8.607,41.694],[8.623,41.662],[8.627,41.654],[8.665,41.579],[8.682,41.545],[8.685,41.516],[8.701,41.508],[8.753,41.471],[8.811,41.447],[8.832,41.439],[9.105,41.357],[9.122,41.329],[9.137,41.324],[9.216,41.306],[9.247,41.298],[9.287,41.301],[9.322,41.325],[9.326,41.327],[9.361,41.33],[9.379,41.322],[9.552,41.265],[9.636,41.099],[9.623,41.035],[9.621,41.024],[9.617,41.012]]}},{"type":"Feature","properties":{"name":"CORSE","operator":""},"geometry":{"type":"LineString","coordinates":[[8.759,42.569],[8.759,42.573],[8.761,42.572],[8.775,42.592],[8.778,42.611],[8.817,42.644],[8.922,42.642],[8.925,42.641],[8.93,42.638]]}},{"type":"Feature","properties":{"name":"DIDON2","operator":""},"geometry":{"type":"LineString","coordinates":[[5.055,43.328],[5.06,43.324],[5.067,43.32],[5.11,43.291],[5.12,43.288],[5.126,43.282],[5.126,43.281],[5.127,43.273],[5.123,43.267],[5.12,43.258],[5.123,43.245],[5.123,43.237],[5.117,43.227],[5.104,43.2],[5.103,43.192],[5.102,43.182],[5.1,43.162],[5.082,43.082],[5.068,43.009],[5.069,43.004],[5.08,42.949],[5.077,42.918],[5.065,42.849],[5.067,42.828],[5.073,42.739],[5.079,42.652],[5.082,42.616],[5.127,42.574],[5.205,42.502],[5.262,42.449],[5.269,42.427],[5.285,42.339],[5.3,42.247],[5.314,42.156],[5.33,42.066],[5.332,42.049],[5.314,41.977],[5.294,41.936],[5.282,41.844],[5.275,41.797],[5.299,41.756],[5.335,41.669],[5.354,41.579],[5.365,41.484],[5.392,41.397],[5.424,41.312],[5.452,41.227],[5.482,41.139],[5.512,41.056],[5.529,40.968],[5.539,40.882],[5.552,40.79],[5.566,40.699],[5.586,40.611],[5.599,40.566],[5.639,40.536],[5.679,40.502],[5.752,40.432],[5.829,40.362],[5.892,40.286],[5.962,40.214],[6.026,40.142],[6.096,40.069],[6.169,40.001],[6.245,39.932],[6.316,39.861],[6.352,39.819],[6.361,39.777],[6.392,39.691],[6.427,39.602],[6.434,39.588],[6.434,39.587],[6.389,39.601],[6.419,39.551],[6.449,39.5],[6.449,39.499],[6.463,39.52],[6.499,39.429],[6.527,39.342],[6.556,39.254],[6.572,39.212],[6.606,39.127],[6.639,39.041],[6.676,38.954],[6.709,38.87],[6.736,38.786],[6.749,38.692],[6.757,38.624],[6.781,38.612],[6.879,38.562],[6.977,38.512],[7.074,38.466],[7.174,38.422],[7.272,38.381],[7.369,38.329],[7.475,38.283],[7.572,38.233],[7.671,38.184],[7.712,38.161],[7.804,38.112],[7.904,38.064],[8.006,38.022],[8.106,37.972],[8.176,37.939],[8.209,37.934],[8.326,37.919],[8.437,37.904],[8.552,37.912],[8.669,37.916],[8.782,37.912],[8.894,37.902],[8.937,37.904],[8.954,37.914],[9.039,37.922],[9.063,37.912],[9.146,37.871],[9.228,37.829],[9.278,37.811],[9.299,37.779],[9.324,37.744],[9.38,37.673],[9.377,37.675],[9.385,37.665],[9.385,37.667],[9.423,37.62],[9.442,37.614],[9.529,37.619],[9.619,37.554],[9.716,37.522],[9.812,37.496],[9.849,37.482],[9.871,37.456],[9.882,37.449],[9.882,37.445],[9.907,37.392],[9.916,37.36],[9.918,37.356],[9.92,37.351],[9.922,37.347],[9.923,37.343],[9.925,37.337],[9.926,37.332],[9.922,37.325],[9.921,37.323],[9.919,37.319],[9.917,37.316],[9.916,37.313],[9.913,37.309],[9.909,37.306],[9.906,37.303],[9.898,37.296],[9.895,37.294],[9.891,37.291],[9.886,37.29],[9.884,37.29],[9.878,37.289]]}},{"type":"Feature","properties":{"name":"ECFS 1C","operator":""},"geometry":{"type":"LineString","coordinates":[[-63.145,18.06],[-63.152,18.056],[-63.186,18.053],[-63.204,18.051],[-63.227,18.054],[-63.23,18.054],[-63.233,18.055],[-63.243,18.067],[-63.246,18.081],[-63.25,18.098],[-63.264,18.111],[-63.306,18.148]]}},{"type":"Feature","properties":{"name":"ECFS 2","operator":""},"geometry":{"type":"LineString","coordinates":[[-63.145,18.06],[-63.151,18.044],[-63.156,18.029],[-63.155,17.998],[-63.158,17.967],[-63.147,17.938],[-63.148,17.937],[-63.137,17.906],[-63.053,17.813],[-63.05,17.804],[-63.027,17.755],[-63.06,17.658],[-63.092,17.563],[-63.066,17.499],[-63.06,17.481],[-63.059,17.481],[-63.045,17.443],[-62.92,17.328],[-62.917,17.325],[-62.833,17.286],[-62.813,17.28],[-62.776,17.27],[-62.753,17.272],[-62.746,17.277],[-62.744,17.28],[-62.744,17.281],[-62.743,17.283],[-62.737,17.291]]}},{"type":"Feature","properties":{"name":"ECFS 4/5","operator":""},"geometry":{"type":"LineString","coordinates":[[-61.725,16.352],[-61.718,16.361],[-61.723,16.376],[-61.73,16.383],[-61.735,16.39],[-61.743,16.395],[-61.75,16.401],[-61.76,16.401],[-61.79,16.401],[-61.794,16.401],[-61.822,16.411],[-61.897,16.452],[-61.968,16.578],[-62.0,16.634],[-62.011,16.668],[-62.014,16.683],[-62.042,16.76],[-62.066,16.834],[-62.071,16.93],[-62.074,16.994],[-62.008,17.036],[-61.981,17.051],[-61.957,17.065],[-61.943,17.157],[-61.917,17.174],[-61.886,17.17],[-61.856,17.169],[-61.847,17.16]]}},{"type":"Feature","properties":{"name":"ECFS 6.1","operator":""},"geometry":{"type":"LineString","coordinates":[[-60.434,16.122],[-60.438,16.117],[-60.458,16.115],[-60.459,16.115],[-60.477,16.103],[-60.488,16.096],[-60.5,16.069],[-60.5,16.013],[-60.513,15.967],[-60.542,15.867],[-60.541,15.792],[-60.542,15.767],[-60.526,15.738],[-60.519,15.725],[-60.499,15.701],[-60.395,15.577],[-60.387,15.523],[-60.396,15.475],[-60.424,15.339],[-60.434,15.292]]}},{"type":"Feature","properties":{"name":"ECFS 6.3","operator":""},"geometry":{"type":"LineString","coordinates":[[-61.101,14.614],[-61.106,14.613],[-61.108,14.613],[-61.125,14.61],[-61.13,14.607],[-61.131,14.607],[-61.149,14.596],[-61.213,14.573],[-61.241,14.583],[-61.286,14.69],[-61.327,14.77],[-61.382,14.89],[-61.418,14.933],[-61.482,15.108],[-61.497,15.133],[-61.503,15.153],[-61.566,15.292]]}},{"type":"Feature","properties":{"name":"ECFS 7","operator":""},"geometry":{"type":"LineString","coordinates":[[-61.101,14.614],[-61.103,14.612],[-61.106,14.61],[-61.123,14.601],[-61.127,14.598],[-61.134,14.592],[-61.16,14.582],[-61.172,14.565],[-61.171,14.5],[-61.167,14.25],[-61.083,14.233],[-61.084,14.156],[-61.055,14.13],[-61.036,14.11],[-61.032,14.106],[-61.02,14.093],[-60.997,14.067],[-60.986,14.025],[-60.985,14.024]]}},{"type":"Feature","properties":{"name":"EURAFRICA E1","operator":""},"geometry":{"type":"LineString","coordinates":[[-2.0,46.717],[-2.005,46.715],[-2.013,46.708],[-2.014,46.706],[-2.04,46.68],[-2.041,46.679],[-2.076,46.645],[-2.076,46.644],[-2.077,46.644],[-2.129,46.594],[-2.13,46.593],[-2.188,46.582],[-2.214,46.577],[-2.367,46.55],[-2.376,46.544],[-2.385,46.539],[-2.396,46.534],[-2.447,46.5],[-2.812,46.303],[-2.813,46.303],[-3.115,46.14],[-3.118,46.139],[-3.128,46.13],[-3.183,46.101],[-3.498,45.932],[-3.507,45.923],[-3.614,45.872],[-3.678,45.837],[-3.743,45.807],[-3.807,45.775],[-3.847,45.747],[-3.867,45.72],[-3.9,45.7],[-3.906,45.693],[-3.971,45.618],[-4.017,45.567],[-4.18,45.462],[-4.344,45.358],[-4.366,45.344],[-4.367,45.343],[-4.947,45.244],[-5.373,45.171],[-5.557,45.14],[-5.68,45.13],[-6.821,44.909],[-6.946,44.886],[-7.08,44.861],[-7.737,44.734],[-8.081,44.667],[-8.13,44.659],[-8.317,44.622],[-8.481,44.59],[-8.497,44.587],[-9.118,44.467],[-9.35,44.466],[-9.634,44.447],[-9.817,44.313],[-9.894,44.258],[-9.936,44.228],[-10.0,44.18],[-10.023,44.165],[-10.45,43.883],[-10.576,43.5],[-10.624,43.267],[-10.635,43.22],[-10.683,43.0],[-10.6,42.833],[-10.667,42.5],[-10.667,42.437],[-10.666,42.224],[-10.666,42.143],[-10.666,42.067],[-10.667,41.742],[-10.874,41.337],[-10.901,41.281],[-10.917,41.25],[-10.916,41.233],[-10.907,41.116],[-10.902,41.042],[-10.901,41.017],[-10.834,40.0],[-10.84,39.939],[-10.846,39.899],[-10.847,39.892],[-10.855,39.832],[-10.872,39.695],[-10.886,39.586],[-10.917,39.333],[-10.921,39.268],[-10.934,39.0],[-10.985,38.829],[-11.001,38.777],[-11.0,38.775],[-10.896,38.69],[-10.739,38.66],[-10.596,38.572],[-10.213,38.334],[-10.167,38.304],[-10.141,38.294],[-9.985,38.233],[-9.798,38.16],[-9.775,38.152],[-9.758,38.16],[-9.733,38.171],[-9.69,38.185],[-9.655,38.217],[-9.643,38.25],[-9.417,38.344],[-9.318,38.322],[-9.33,38.341],[-9.226,38.358],[-9.133,38.404],[-9.112,38.419],[-9.112,38.42],[-9.108,38.423],[-9.101,38.427],[-9.099,38.428],[-9.097,38.434],[-9.095,38.437],[-9.094,38.441]]}},{"type":"Feature","properties":{"name":"F-ALGER 4","operator":""},"geometry":{"type":"LineString","coordinates":[[5.055,43.328],[5.058,43.326],[5.06,43.325],[5.061,43.324],[5.061,43.323],[5.062,43.321],[5.063,43.32],[5.065,43.319],[5.067,43.318],[5.069,43.317],[5.07,43.317],[5.071,43.316],[5.072,43.315],[5.073,43.313],[5.073,43.312],[5.073,43.31],[5.073,43.308],[5.071,43.303],[5.064,43.291],[5.059,43.266],[5.059,43.225],[5.047,43.206],[5.045,43.202],[5.017,43.131],[4.99,43.089],[4.989,43.061],[4.982,42.986],[4.995,42.965],[4.988,42.961],[4.989,42.958],[5.016,42.911],[5.026,42.899],[5.024,42.893],[5.02,42.876],[4.99,42.796],[4.977,42.717],[4.985,42.636],[4.99,42.552],[4.989,42.471],[4.984,42.384],[4.982,42.301],[4.977,42.217],[4.965,42.139],[4.947,42.051],[4.939,41.976],[4.949,41.894],[4.942,41.836],[4.947,41.814],[4.955,41.727],[4.954,41.642],[4.96,41.559],[4.959,41.524],[4.955,41.441],[4.957,41.356],[4.954,41.271],[4.955,41.184],[4.955,41.164],[4.934,41.099],[4.915,41.019],[4.902,40.932],[4.87,40.869],[4.879,40.849],[4.884,40.766],[4.9,40.682],[4.915,40.601],[4.927,40.516],[4.939,40.427],[4.954,40.344],[4.969,40.261],[4.987,40.171],[4.992,40.141],[5.007,40.057],[5.027,40.011],[5.015,39.972],[4.995,39.889],[4.98,39.806],[4.969,39.777],[4.949,39.724],[4.922,39.644],[4.902,39.559],[4.86,39.482],[4.829,39.401],[4.815,39.324],[4.797,39.239],[4.779,39.159],[4.745,39.079],[4.722,38.994],[4.697,38.911],[4.664,38.832],[4.652,38.801],[4.625,38.736],[4.614,38.716],[4.539,38.662],[4.462,38.602],[4.392,38.542],[4.32,38.479],[4.25,38.414],[4.179,38.352],[4.115,38.289],[4.057,38.219],[4.005,38.166],[3.992,38.154],[3.927,38.089],[3.859,38.024],[3.792,37.959],[3.725,37.892],[3.659,37.825],[3.6,37.757],[3.575,37.727],[3.507,37.662],[3.447,37.595],[3.379,37.532],[3.314,37.467],[3.247,37.402],[3.18,37.337],[3.115,37.274],[3.052,37.209],[2.995,37.139],[2.98,37.119],[2.935,37.067],[2.887,36.99],[2.845,36.94],[2.847,36.917],[2.842,36.884],[2.832,36.854],[2.829,36.829],[2.837,36.819],[2.869,36.789],[2.881,36.784],[2.892,36.78]]}},{"type":"Feature","properties":{"name":"RUPPIONE - PROPRIANO","operator":""},"geometry":{"type":"LineString","coordinates":[[8.785,41.83],[8.774,41.829],[8.751,41.826],[8.733,41.829],[8.723,41.833],[8.715,41.83],[8.667,41.83],[8.642,41.809],[8.586,41.754],[8.589,41.71],[8.596,41.703],[8.667,41.673],[8.687,41.662],[8.759,41.672],[8.803,41.671],[8.833,41.673],[8.856,41.683],[8.881,41.683],[8.905,41.682],[8.91,41.678]]}},{"type":"Feature","properties":{"name":"F-LYBIE","operator":""},"geometry":{"type":"LineString","coordinates":[[5.895,43.079],[5.892,43.077],[5.891,43.076],[5.89,43.074],[5.889,43.073],[5.889,43.072],[5.889,43.071],[5.89,43.07],[5.89,43.068],[5.889,43.067],[5.889,43.066],[5.887,43.063],[5.886,43.061],[5.885,43.059],[5.884,43.057],[5.884,43.055],[5.884,43.053],[5.885,43.05],[5.885,43.048],[5.884,43.042],[5.885,43.037],[5.883,43.04],[5.882,43.039],[5.884,43.036],[5.884,43.034],[5.885,43.033],[5.885,43.032],[5.885,43.029],[5.882,43.017],[5.877,42.996],[5.876,42.993],[5.87,42.982],[5.819,42.916],[5.81,42.884],[5.782,42.774],[5.855,42.706],[5.91,42.609],[5.899,42.522],[5.869,42.374],[5.852,42.332],[5.759,42.149],[5.735,42.121],[5.794,41.962],[5.862,41.771],[5.872,41.746],[5.958,41.586],[5.975,41.539],[5.889,41.405],[5.87,41.369],[5.938,41.221],[6.022,41.038],[6.069,40.934],[6.139,40.749],[6.207,40.564],[6.297,40.391],[6.365,40.202],[6.456,40.015],[6.532,39.834],[6.592,39.644],[6.662,39.459],[6.724,39.312],[6.742,39.272],[6.806,39.084],[6.841,38.891],[6.876,38.786],[6.916,38.682],[7.009,38.629],[7.219,38.522],[7.424,38.412],[7.626,38.291],[7.832,38.182],[8.039,38.072],[8.182,38.002],[8.259,38.004],[8.509,37.994],[8.762,37.987],[8.832,37.982],[8.999,38.019],[9.086,38.051],[9.237,38.021],[9.321,37.992],[9.476,37.952],[9.622,37.892],[9.774,37.839],[9.929,37.786],[10.089,37.749],[10.244,37.702],[10.329,37.666],[10.374,37.622],[10.472,37.516],[10.564,37.431],[10.578,37.419],[10.577,37.412],[10.607,37.384],[10.61,37.377],[10.619,37.366],[10.706,37.356],[10.789,37.346],[10.809,37.344],[10.862,37.339],[10.942,37.351],[11.034,37.369],[11.034,37.366],[11.114,37.314],[11.244,37.231],[11.242,37.224],[11.248,37.221],[11.32,37.164],[11.346,37.132],[11.441,37.024],[11.537,36.916],[11.589,36.866],[11.642,36.812],[11.759,36.716],[11.824,36.657],[11.851,36.612],[11.946,36.502],[12.029,36.387],[12.129,36.282],[12.169,36.219],[12.246,36.112],[12.254,36.106],[12.391,36.036],[12.489,35.979],[12.527,35.956],[12.62,35.869],[12.619,35.852],[12.636,35.852],[12.742,35.752],[12.851,35.652],[12.924,35.586],[12.964,35.556],[13.087,35.469],[13.186,35.406],[13.199,35.376],[13.237,35.246],[13.281,35.116],[13.311,35.046],[13.341,34.956],[13.339,34.916],[13.296,34.791],[13.261,34.664],[13.237,34.532],[13.229,34.471],[13.221,34.399],[13.204,34.264],[13.181,34.131],[13.154,33.997],[13.129,33.866],[13.111,33.794],[13.102,33.766],[13.099,33.734],[13.079,33.602],[13.091,33.562],[13.081,33.536],[13.079,33.527],[13.074,33.396],[13.039,33.266],[13.017,33.134],[13.002,33.052],[13.036,33.012],[13.121,32.952],[13.132,32.927],[13.142,32.911],[13.139,32.902],[13.139,32.893],[13.147,32.892],[13.154,32.892],[13.157,32.89],[13.156,32.884],[13.16,32.885]]}},{"type":"Feature","properties":{"name":"OLERON","operator":""},"geometry":{"type":"LineString","coordinates":[[-1.2,45.791],[-1.199,45.792],[-1.199,45.793],[-1.205,45.796],[-1.211,45.799],[-1.215,45.805],[-1.214,45.81],[-1.217,45.812],[-1.22,45.813]]}},{"type":"Feature","properties":{"name":"SEA ME WE-H","operator":""},"geometry":{"type":"LineString","coordinates":[[5.926,42.931],[5.952,42.881],[5.977,42.816],[6.005,42.802],[6.099,42.752],[6.199,42.699],[6.301,42.646],[6.401,42.592],[6.501,42.539],[6.601,42.486],[6.702,42.432],[6.799,42.379],[6.902,42.329],[7.012,42.279],[7.106,42.224],[7.116,42.212],[7.149,42.142],[7.166,42.102],[7.206,42.016],[7.214,41.999],[7.294,41.956],[7.392,41.901],[7.484,41.842],[7.586,41.796],[7.679,41.739],[7.769,41.681],[7.867,41.621],[7.967,41.567],[8.061,41.512],[8.151,41.456],[8.166,41.447],[8.261,41.422],[8.335,41.392],[8.371,41.394],[8.491,41.396],[8.606,41.397],[8.699,41.399],[8.7,41.399],[8.72,41.393],[8.767,41.387],[8.869,41.367],[8.973,41.348],[9.044,41.332],[9.115,41.317],[9.185,41.305],[9.249,41.293],[9.257,41.293],[9.297,41.295],[9.32,41.312],[9.327,41.318],[9.389,41.329],[9.392,41.329],[9.459,41.327],[9.534,41.324],[9.606,41.321],[9.626,41.321],[9.702,41.32],[9.789,41.312],[9.804,41.311],[9.906,41.289],[10.009,41.263],[10.124,41.236],[10.176,41.224],[10.249,41.206],[10.287,41.189],[10.386,41.141],[10.486,41.091],[10.487,41.091],[10.564,41.022],[10.574,41.016],[10.612,40.939],[10.656,40.856],[10.687,40.794],[10.707,40.782],[10.796,40.722],[10.879,40.659],[10.959,40.596],[11.049,40.541],[11.137,40.482],[11.222,40.421],[11.312,40.361],[11.401,40.301],[11.489,40.241],[11.529,40.212],[11.569,40.186],[11.621,40.161],[11.724,40.111],[11.826,40.061],[11.917,40.009],[12.002,39.942],[12.077,39.882],[12.099,39.866],[12.167,39.816],[12.252,39.756],[12.337,39.694],[12.422,39.631],[12.509,39.569],[12.576,39.514],[12.589,39.504],[12.666,39.432],[12.746,39.362],[12.807,39.302],[12.881,39.237],[12.912,39.204],[12.987,39.134],[13.059,39.059],[13.094,39.032],[13.134,38.999],[13.232,38.949],[13.317,38.891],[13.391,38.846],[13.391,38.827],[13.391,38.737],[13.391,38.647],[13.392,38.574],[13.399,38.559],[13.427,38.472],[13.454,38.385],[13.484,38.302],[13.478,38.296],[13.456,38.282],[13.466,38.269],[13.43,38.247],[13.414,38.239],[13.383,38.225],[13.357,38.213],[13.336,38.205],[13.333,38.2]]}},{"type":"Feature","properties":{"name":"SEA ME WE2-S5","operator":""},"geometry":{"type":"LineString","coordinates":[[5.34,42.947],[5.374,42.923],[5.521,42.821],[5.6,42.766],[5.639,42.666],[5.64,42.664],[5.662,42.623],[6.0,41.972],[6.055,41.899],[6.114,41.803],[6.116,41.801],[6.148,41.752],[6.181,41.704],[6.251,41.487],[6.303,41.386],[6.589,40.831],[6.599,40.808],[6.586,40.768],[6.477,40.474],[6.706,39.98],[6.764,39.854],[7.038,39.258],[7.122,38.865],[7.152,38.733],[7.239,38.692],[7.224,38.693],[7.222,38.693],[7.228,38.69],[7.287,38.665],[7.299,38.66],[7.445,38.586],[7.872,38.371],[8.626,37.992],[8.708,37.949],[8.744,37.949],[8.942,37.941],[8.953,37.955],[8.968,37.966],[8.978,37.965],[8.995,37.946],[9.04,37.934],[9.06,37.928],[9.091,37.922],[9.108,37.919],[9.289,37.922],[9.328,37.923],[9.347,37.921],[9.367,37.919],[9.663,37.828],[9.7,37.817],[9.728,37.806],[9.737,37.803],[9.85,37.759],[9.853,37.757],[9.923,37.713],[9.929,37.708],[9.938,37.708],[9.941,37.708],[9.957,37.71],[9.96,37.714],[9.967,37.71],[10.034,37.745],[10.076,37.767],[10.233,37.841],[10.279,37.852],[10.51,37.851],[10.535,37.85],[10.65,37.891],[10.894,37.894],[11.177,37.95],[11.229,37.939],[11.236,37.938],[11.277,37.942],[11.384,37.974],[11.391,37.98],[11.394,37.983],[11.396,37.982],[11.398,37.98],[11.403,37.975],[11.406,37.975],[11.407,37.972],[11.409,37.971],[11.409,37.97],[11.41,37.97],[11.414,37.966],[11.417,37.962],[11.424,37.96],[11.42,37.957],[11.42,37.956],[11.45,37.923],[11.482,37.898],[11.524,37.867],[11.529,37.863],[11.559,37.861],[11.76,37.733],[11.784,37.71],[11.84,37.673],[12.325,37.356],[12.396,37.31],[12.416,37.297],[12.617,37.165],[12.683,37.113],[12.802,37.033],[12.918,37.065],[12.928,37.068],[12.933,37.069],[12.938,37.07],[12.952,37.072],[12.955,37.073],[12.96,37.074],[12.964,37.073],[12.967,37.071],[12.977,37.06],[13.016,37.028],[13.051,37.01],[13.066,36.989],[13.097,36.95],[13.113,36.933],[13.129,36.918],[13.133,36.913],[13.138,36.912],[13.159,36.906],[13.238,36.906],[13.242,36.906],[13.278,36.906],[13.293,36.906],[13.35,36.886],[13.422,36.86],[13.486,36.838],[13.519,36.826],[13.9,36.692],[14.118,36.438],[14.161,36.388],[14.223,36.315],[14.229,36.308],[14.256,36.295],[14.264,36.293],[14.275,36.291],[14.276,36.29],[14.308,36.282],[14.567,36.187],[14.632,36.167],[14.65,36.162],[14.785,36.122],[14.8,36.118],[14.885,36.093],[14.888,36.092],[14.889,36.092],[15.151,36.007],[15.158,36.006],[15.16,36.006],[15.205,35.998],[15.206,35.999],[15.283,35.967],[15.395,35.937],[15.4,35.936],[15.41,35.933],[15.479,35.933],[15.587,35.887],[15.67,35.891],[15.693,35.9],[15.903,35.958],[16.219,35.903],[16.753,35.808],[16.81,35.798],[17.473,35.68],[17.66,35.646],[17.733,35.633],[18.08,35.432],[18.561,35.15],[19.1,34.833],[19.657,34.623],[20.3,34.38],[20.567,34.295],[20.818,34.189],[21.277,33.995],[21.693,33.82],[21.929,33.719],[22.366,33.534],[23.163,33.302],[23.167,33.301],[23.534,33.277],[23.584,33.26],[23.993,33.136],[24.033,33.124],[24.425,32.96],[24.535,32.915],[25.233,32.7],[25.6,32.567],[25.664,32.552],[25.933,32.492],[26.404,32.347],[26.922,32.187],[27.333,32.06],[27.367,32.045],[27.733,31.885],[28.057,31.804],[28.14,31.791],[28.427,31.724],[28.481,31.708],[29.023,31.539],[29.301,31.454],[29.447,31.408],[29.6,31.361],[29.79,31.333],[29.793,31.333],[29.833,31.308],[29.903,31.233],[29.91,31.21]]}},{"type":"Feature","properties":{"name":"SEA ME WE2-S5.2","operator":""},"geometry":{"type":"LineString","coordinates":[[13.232,38.193],[13.231,38.193],[13.225,38.195],[13.192,38.2],[13.163,38.204],[13.146,38.206],[13.123,38.22],[13.118,38.222],[13.11,38.227],[13.083,38.242],[12.832,38.303],[12.756,38.347],[12.74,38.356],[12.715,38.371],[12.667,38.4],[12.592,38.462],[12.524,38.495],[12.103,38.391],[12.083,38.386],[11.973,38.341],[11.925,38.321],[11.868,38.26],[11.817,38.207],[11.777,38.164],[11.776,38.162],[11.667,38.1],[11.594,38.061],[11.587,38.058],[11.55,38.045],[11.53,38.039],[11.508,38.032],[11.483,38.024],[11.456,38.009],[11.413,37.985],[11.411,37.985],[11.399,37.982],[11.403,37.975],[11.406,37.972]]}},{"type":"Feature","properties":{"name":"SEA ME WE2-S5.4","operator":""},"geometry":{"type":"LineString","coordinates":[[9.877,37.288],[9.89,37.285],[9.892,37.286],[9.91,37.295],[9.914,37.301],[9.961,37.324],[9.961,37.325],[9.97,37.375],[9.955,37.417],[9.936,37.443],[9.894,37.501],[9.883,37.517],[9.917,37.633],[9.931,37.698],[9.929,37.706],[9.941,37.706],[9.941,37.708]]}},{"type":"Feature","properties":{"name":"SEA ME WE2-S5.6","operator":""},"geometry":{"type":"LineString","coordinates":[[2.892,36.783],[2.869,36.801],[2.873,36.832],[2.875,36.842],[2.876,36.846],[2.879,36.863],[2.886,36.892],[2.893,36.918],[2.895,36.926],[2.9,36.943],[3.167,37.2],[3.288,37.228],[4.167,37.434],[4.537,37.558],[4.801,37.648],[5.745,37.964],[6.0,38.05],[6.806,38.481],[6.863,38.513],[7.083,38.63],[7.171,38.677],[7.218,38.692],[7.222,38.693]]}},{"type":"Feature","properties":{"name":"SEA ME WE2-S6","operator":""},"geometry":{"type":"LineString","coordinates":[[29.912,31.21],[29.911,31.227],[29.914,31.252],[29.913,31.255],[29.883,31.3],[29.847,31.355],[29.786,31.446],[29.784,31.483],[29.782,31.517],[29.776,31.651],[29.775,31.667],[29.772,31.772],[29.769,31.824],[29.777,31.85],[29.764,31.921],[29.759,32.002],[29.752,32.137],[29.764,32.164],[29.773,32.183],[29.959,32.33],[30.006,32.366],[30.309,32.438],[30.539,32.783],[30.555,32.795],[30.85,33.009],[31.128,33.208],[31.154,33.243],[31.25,33.372],[31.333,33.433],[31.421,33.499],[31.567,33.606],[31.583,33.618],[31.619,33.644],[31.885,33.833],[31.965,33.928],[32.015,33.957],[32.033,33.967],[32.06,33.974],[32.146,33.996],[32.493,34.087],[32.559,34.103],[32.583,34.11],[32.705,34.208],[32.742,34.238],[32.782,34.27],[32.833,34.295],[32.847,34.297],[33.0,34.315],[33.207,34.373],[33.328,34.406],[33.352,34.413],[33.367,34.417],[33.42,34.462],[33.433,34.5],[33.445,34.567],[33.419,34.688],[33.407,34.743],[33.407,34.744],[33.406,34.745],[33.406,34.746],[33.406,34.748],[33.406,34.75]]}},{"type":"Feature","properties":{"name":"SEA ME WE2-S7","operator":""},"geometry":{"type":"LineString","coordinates":[[29.913,31.21],[29.907,31.253],[29.834,31.353],[29.787,31.417],[29.708,31.465],[29.65,31.5],[29.607,31.528],[29.595,31.538],[29.585,31.549],[29.542,31.593],[29.532,31.622],[29.523,31.643],[29.522,31.67],[29.522,31.697],[29.543,31.747],[29.543,31.795],[29.527,31.85],[29.507,31.928],[29.475,32.035],[29.469,32.059],[29.408,32.29],[29.388,32.367],[29.38,32.4],[29.375,32.417],[29.369,32.455],[29.355,32.544],[29.352,32.568],[29.337,32.667],[29.317,32.773],[29.297,32.88],[29.275,33.0],[29.118,33.463],[29.068,33.608],[29.069,33.62],[29.068,33.667],[29.1,33.762],[29.071,33.946],[29.069,33.964],[28.991,34.458],[28.973,34.574],[28.911,34.967],[28.892,35.054],[28.885,35.085],[28.875,35.133],[28.876,35.135],[28.948,35.432],[28.933,35.523],[28.905,35.613],[28.864,35.726],[28.778,35.958],[28.633,36.177],[28.625,36.218],[28.622,36.235],[28.633,36.302],[28.623,36.362],[28.59,36.417],[28.576,36.454],[28.57,36.472],[28.561,36.521],[28.558,36.536],[28.558,36.538],[28.565,36.583],[28.564,36.59],[28.557,36.619],[28.548,36.63],[28.37,36.755],[28.369,36.756],[28.333,36.767],[28.287,36.773],[28.287,36.776],[28.25,36.776]]}},{"type":"Feature","properties":{"name":"SEA ME WE3-S10.2","operator":""},"geometry":{"type":"LineString","coordinates":[[2.491,51.349],[2.478,51.336],[2.466,51.323],[2.464,51.321],[2.452,51.319],[2.422,51.315],[2.403,51.29],[2.394,51.281],[2.379,51.268],[2.343,51.259],[2.315,51.252],[2.312,51.251],[2.294,51.243],[2.293,51.243],[2.245,51.233],[2.187,51.215],[2.182,51.214],[2.178,51.213],[2.167,51.21],[2.159,51.206],[2.156,51.205],[2.149,51.201],[2.102,51.186],[1.965,51.14],[1.963,51.139],[1.954,51.137],[1.949,51.136],[1.889,51.124],[1.889,51.123],[1.885,51.12],[1.88,51.117],[1.871,51.111],[1.862,51.108],[1.837,51.1],[1.819,51.094],[1.816,51.093],[1.784,51.082],[1.694,51.018],[1.691,51.016],[1.683,51.01],[1.658,50.993],[1.584,50.94],[1.518,50.893],[1.481,50.78],[1.48,50.776],[1.478,50.773],[1.463,50.725],[1.407,50.661],[1.356,50.602],[1.343,50.588],[1.234,50.511],[1.196,50.484],[1.168,50.461],[1.1,50.414],[0.985,50.387],[0.91,50.374],[0.904,50.373],[0.898,50.372],[0.821,50.358],[0.819,50.358],[0.817,50.358],[0.812,50.357],[0.515,50.303],[0.505,50.301],[0.492,50.299],[0.488,50.298],[0.486,50.298],[0.375,50.276],[0.37,50.277],[0.363,50.276],[0.36,50.273],[-0.106,50.18],[-0.169,50.168],[-0.209,50.159],[-0.212,50.156],[-0.219,50.155],[-0.229,50.158],[-0.236,50.156],[-0.239,50.154],[-0.317,50.138],[-0.435,50.115],[-0.501,50.101],[-0.586,50.084],[-0.999,50.001],[-1.129,49.984],[-1.133,49.984],[-1.146,49.982],[-1.367,49.954],[-1.472,49.94],[-1.548,49.947],[-1.559,49.947],[-1.702,49.959],[-1.758,49.964],[-1.771,49.965],[-1.917,49.977],[-1.956,49.98],[-2.099,49.991],[-2.178,49.978],[-2.383,49.942],[-2.643,49.895],[-2.801,49.844],[-2.912,49.808],[-2.927,49.803],[-2.928,49.803],[-3.002,49.779],[-3.003,49.779],[-3.305,49.679],[-3.333,49.67],[-3.371,49.674],[-3.383,49.676],[-3.405,49.68],[-3.469,49.688],[-3.602,49.703],[-3.7,49.714],[-3.743,49.724],[-3.82,49.74],[-3.821,49.74],[-3.855,49.747],[-3.885,49.753],[-3.89,49.756],[-3.901,49.761],[-3.915,49.768],[-3.917,49.768],[-3.932,49.776],[-3.934,49.777],[-3.959,49.789],[-3.971,49.797],[-3.981,49.797],[-3.985,49.797],[-4.267,49.827],[-4.458,49.847],[-4.473,49.848],[-4.502,49.85],[-4.814,49.882],[-4.89,49.909],[-5.095,49.981],[-5.124,49.991],[-5.146,49.997],[-5.158,50.007]]}},{"type":"Feature","properties":{"name":"SEA ME WE3-S10.3","operator":""},"geometry":{"type":"LineString","coordinates":[[2.486,51.348],[2.519,51.352],[2.554,51.344],[2.665,51.34],[2.722,51.338],[2.753,51.326],[2.79,51.278],[2.87,51.228],[2.877,51.225],[2.881,51.222],[2.884,51.218]]}},{"type":"Feature","properties":{"name":"SEA ME WE3-S9","operator":""},"geometry":{"type":"LineString","coordinates":[[-4.347,47.832],[-4.376,47.837],[-4.38,47.837],[-4.417,47.831],[-4.447,47.83],[-4.46,47.83],[-4.461,47.83],[-4.462,47.83],[-4.463,47.831],[-4.472,47.832],[-4.477,47.831],[-4.478,47.831],[-4.479,47.831],[-4.482,47.831],[-4.53,47.833],[-4.535,47.833],[-4.546,47.833],[-4.547,47.833],[-4.597,47.818],[-4.623,47.81],[-4.625,47.809],[-4.633,47.805],[-4.647,47.798],[-4.654,47.797],[-4.659,47.797],[-4.821,47.794],[-4.822,47.794],[-4.823,47.794],[-4.83,47.792],[-4.842,47.794],[-4.881,47.787],[-4.91,47.762],[-4.914,47.758],[-4.916,47.755],[-4.917,47.754],[-4.92,47.75],[-4.95,47.721],[-4.978,47.703],[-4.981,47.701],[-4.991,47.695],[-5.016,47.678],[-5.038,47.665],[-5.042,47.662],[-5.324,47.48],[-5.328,47.478],[-5.467,47.388],[-5.748,47.311],[-5.875,47.275],[-5.934,47.196],[-5.934,47.195],[-5.976,47.138],[-5.976,47.137],[-5.978,47.136],[-5.985,47.123],[-5.991,47.116],[-6.072,47.052],[-6.105,46.995],[-6.204,46.874],[-6.206,46.873],[-6.211,46.87],[-6.716,46.46],[-6.918,46.298],[-6.952,46.278],[-7.548,45.928],[-7.657,45.915],[-8.074,45.866],[-8.687,45.496],[-9.284,45.133],[-9.572,44.904],[-9.824,44.704],[-10.372,44.264],[-10.556,44.116],[-10.7,44.0],[-10.881,43.508],[-11.004,43.167],[-11.32,42.713],[-11.525,42.416],[-11.519,42.364],[-11.509,42.292],[-11.497,42.193],[-11.473,41.998],[-11.461,41.9],[-11.37,41.2],[-11.384,41.186],[-11.489,41.067],[-11.529,41.025],[-11.483,40.917],[-11.527,40.225],[-11.542,40.0],[-11.417,39.37],[-11.4,39.283],[-11.542,38.867],[-11.24,38.606],[-10.925,38.333],[-10.733,38.217],[-10.535,38.223],[-10.483,38.225],[-10.386,38.159],[-10.216,38.045],[-10.125,37.984],[-10.118,37.983],[-9.868,37.983],[-9.75,37.983],[-9.719,37.965],[-9.642,37.942],[-9.543,37.995],[-9.533,38.0],[-9.491,38.041],[-9.317,38.217],[-9.169,38.314],[-9.163,38.318],[-9.141,38.333],[-9.131,38.349],[-9.121,38.361],[-9.118,38.364],[-9.115,38.373],[-9.102,38.394],[-9.094,38.412],[-9.089,38.419],[-9.088,38.425],[-9.088,38.428],[-9.087,38.428],[-9.088,38.431],[-9.094,38.441]]}},{"type":"Feature","properties":{"name":"TAGIDE","operator":""},"geometry":{"type":"LineString","coordinates":[[-4.348,47.832],[-4.349,47.832],[-4.358,47.833],[-4.362,47.833],[-4.365,47.833],[-4.37,47.834],[-4.38,47.833],[-4.431,47.824],[-4.442,47.819],[-4.512,47.794],[-4.558,47.772],[-4.578,47.767],[-4.628,47.726],[-4.672,47.702],[-4.677,47.699],[-4.698,47.692],[-4.798,47.657],[-4.813,47.652],[-4.87,47.599],[-4.905,47.566],[-4.95,47.556],[-5.004,47.539],[-5.006,47.541],[-5.025,47.538],[-5.018,47.535],[-5.047,47.527],[-5.052,47.524],[-5.125,47.466],[-5.15,47.446],[-5.215,47.429],[-5.295,47.412],[-5.31,47.396],[-5.323,47.382],[-5.337,47.367],[-5.385,47.324],[-5.41,47.316],[-5.517,47.296],[-5.538,47.292],[-5.568,47.236],[-5.587,47.19],[-5.583,47.189],[-5.591,47.182],[-5.598,47.169],[-5.622,47.127],[-5.626,47.121],[-5.631,47.111],[-5.632,47.108],[-5.633,47.109],[-5.637,47.1],[-5.672,47.044],[-5.692,47.036],[-5.755,47.02],[-5.8,47.009],[-5.842,46.999],[-5.892,46.961],[-5.933,46.931],[-5.983,46.912],[-6.087,46.879],[-6.152,46.857],[-6.182,46.837],[-6.247,46.769],[-6.325,46.706],[-6.402,46.639],[-6.482,46.572],[-6.502,46.557],[-6.518,46.542],[-6.595,46.479],[-6.672,46.412],[-6.75,46.347],[-6.758,46.342],[-6.832,46.286],[-6.922,46.229],[-7.013,46.176],[-7.107,46.122],[-7.202,46.071],[-7.292,46.014],[-7.38,45.957],[-7.443,45.916],[-7.468,45.902],[-7.555,45.847],[-7.635,45.786],[-7.713,45.726],[-7.797,45.666],[-7.88,45.604],[-7.898,45.589],[-7.917,45.576],[-8.002,45.516],[-8.085,45.456],[-8.173,45.397],[-8.262,45.339],[-8.345,45.279],[-8.435,45.225],[-8.528,45.172],[-8.623,45.117],[-8.697,45.054],[-8.793,45.002],[-8.875,44.942],[-8.958,44.88],[-9.043,44.819],[-9.128,44.762],[-9.228,44.712],[-9.322,44.652],[-9.335,44.635],[-9.348,44.619],[-9.405,44.549],[-9.443,44.499],[-9.472,44.479],[-9.548,44.414],[-9.628,44.35],[-9.79,44.289],[-9.79,44.225],[-9.88,44.164],[-9.967,44.105],[-10.058,44.045],[-10.143,43.985],[-10.228,43.925],[-10.32,43.869],[-10.332,43.852],[-10.37,43.792],[-10.392,43.709],[-10.391,43.696],[-10.402,43.652],[-10.44,43.567],[-10.445,43.552],[-10.448,43.534],[-10.478,43.452],[-10.495,43.37],[-10.513,43.287],[-10.53,43.204],[-10.555,43.119],[-10.582,43.034],[-10.605,42.955],[-10.608,42.952],[-10.698,42.902],[-10.793,42.855],[-10.888,42.805],[-10.985,42.757],[-10.988,42.75],[-11.017,42.675],[-11.055,42.597],[-11.093,42.519],[-11.125,42.457],[-11.126,42.435],[-11.153,42.355],[-11.158,42.334],[-11.161,42.319],[-11.176,42.23],[-11.19,42.145],[-11.198,42.062],[-11.218,41.979],[-11.23,41.917],[-11.23,41.902],[-11.218,41.817],[-11.205,41.732],[-11.188,41.645],[-11.185,41.562],[-11.196,41.477],[-11.218,41.394],[-11.233,41.314],[-11.223,41.232],[-11.218,41.15],[-11.215,41.065],[-11.206,40.985],[-11.205,40.969],[-11.203,40.949],[-11.203,40.867],[-11.206,40.784],[-11.208,40.734],[-11.206,40.699],[-11.211,40.614],[-11.221,40.527],[-11.225,40.442],[-11.233,40.357],[-11.235,40.274],[-11.238,40.189],[-11.241,40.105],[-11.245,40.019],[-11.245,39.939],[-11.251,39.852],[-11.251,39.832],[-11.248,39.769],[-11.248,39.68],[-11.251,39.595],[-11.251,39.579],[-11.248,39.56],[-11.236,39.485],[-11.221,39.404],[-11.225,39.319],[-11.226,39.237],[-11.23,39.155],[-11.211,39.075],[-11.208,39.065],[-11.155,39.004],[-11.082,38.943],[-11.081,38.942],[-11.018,38.874],[-10.935,38.825],[-10.808,38.804],[-10.711,38.774],[-10.625,38.724],[-10.536,38.672],[-10.445,38.624],[-10.353,38.572],[-10.338,38.564],[-10.318,38.552],[-10.235,38.502],[-10.151,38.444],[-10.101,38.415],[-10.06,38.399],[-9.965,38.354],[-9.876,38.319],[-9.795,38.282],[-9.707,38.243],[-9.615,38.237],[-9.521,38.258],[-9.51,38.263],[-9.468,38.292],[-9.365,38.318],[-9.336,38.329],[-9.316,38.355],[-9.303,38.375],[-9.27,38.417],[-9.267,38.421],[-9.258,38.433],[-9.236,38.459],[-9.214,38.471],[-9.201,38.477],[-9.185,38.486]]}},{"type":"Feature","properties":{"name":"TAT11F4","operator":""},"geometry":{"type":"LineString","coordinates":[[-2.542,46.535],[-2.787,46.609],[-3.06,46.692],[-3.367,46.714],[-4.051,46.764],[-4.357,46.787],[-4.542,46.8],[-4.867,46.763],[-4.893,46.754],[-5.017,46.712],[-5.053,46.694],[-5.168,46.656],[-5.215,46.638],[-5.255,46.624],[-5.266,46.62],[-5.296,46.605],[-5.372,46.569],[-5.456,46.562],[-5.534,46.571],[-5.558,46.559],[-5.624,46.579],[-5.7,46.602],[-5.823,46.602],[-5.983,46.68],[-6.007,46.683],[-6.308,46.724],[-6.44,46.767],[-6.445,46.768],[-6.554,46.785],[-6.604,46.792],[-6.799,46.821],[-6.865,46.831],[-6.933,46.842],[-7.044,46.913],[-7.283,47.067],[-7.558,47.097],[-7.839,47.147],[-8.058,47.185],[-8.241,47.296],[-8.334,47.34],[-8.335,47.34]]}},{"type":"Feature","properties":{"name":"TAT9F5","operator":""},"geometry":{"type":"LineString","coordinates":[[-2.562,46.523],[-2.63,46.524],[-2.718,46.522],[-2.738,46.523],[-2.775,46.523],[-2.777,46.523],[-2.797,46.523],[-3.083,46.642],[-3.239,46.653],[-3.252,46.654],[-3.258,46.655],[-3.262,46.655],[-3.764,46.69],[-3.765,46.69],[-3.77,46.691],[-3.776,46.691],[-3.9,46.7],[-4.156,46.681],[-4.158,46.681],[-4.168,46.68],[-4.172,46.68],[-4.379,46.665],[-4.38,46.665],[-4.387,46.664],[-4.397,46.664],[-4.77,46.636],[-4.774,46.636],[-4.8,46.634],[-4.807,46.631],[-4.865,46.612],[-4.873,46.609],[-5.02,46.561],[-5.023,46.56],[-5.071,46.547],[-5.103,46.533],[-5.167,46.495],[-5.26,46.464],[-5.401,46.443],[-5.583,46.418],[-5.665,46.348],[-5.854,46.333],[-5.893,46.33],[-5.913,46.322],[-6.077,46.272],[-6.201,46.231],[-6.334,46.233],[-6.877,46.62],[-6.906,46.642],[-6.999,46.667],[-7.34,46.762],[-7.42,46.761],[-7.473,46.8],[-7.533,46.829]]}},{"type":"Feature","properties":{"name":"UK-FR4","operator":""},"geometry":{"type":"LineString","coordinates":[[2.042,51.0],[2.041,51.001],[2.033,51.004],[2.032,51.006],[2.017,51.026],[2.015,51.029],[2.009,51.038],[1.991,51.052],[1.987,51.059],[1.978,51.069],[1.964,51.079],[1.957,51.086],[1.927,51.106],[1.911,51.118],[1.883,51.116],[1.87,51.115],[1.834,51.112],[1.83,51.112],[1.826,51.111],[1.744,51.105],[1.726,51.105],[1.723,51.104],[1.721,51.103],[1.718,51.102],[1.701,51.102],[1.699,51.1],[1.693,51.1],[1.678,51.099],[1.643,51.097],[1.634,51.097],[1.62,51.096],[1.542,51.101],[1.512,51.1],[1.509,51.097],[1.502,51.098],[1.473,51.101],[1.466,51.105],[1.429,51.124],[1.412,51.13],[1.405,51.135],[1.395,51.14],[1.39,51.145],[1.385,51.15]]}},{"type":"Feature","properties":{"name":"SAFE S4","operator":""},"geometry":{"type":"LineString","coordinates":[[55.278,-20.999],[55.272,-20.994],[55.267,-20.992],[55.256,-20.984],[55.252,-20.982],[55.242,-20.958],[55.234,-20.951],[55.219,-20.909],[55.191,-20.858],[55.187,-20.851],[55.17,-20.828],[55.159,-20.812],[55.143,-20.774],[55.14,-20.767],[55.051,-20.555],[55.048,-20.547],[55.037,-20.479],[55.021,-20.395],[55.025,-20.387],[55.027,-20.376]]}},{"type":"Feature","properties":{"name":"SAFE S6","operator":""},"geometry":{"type":"LineString","coordinates":[[55.28,-20.996],[55.279,-20.995],[55.274,-20.991],[55.27,-20.988],[55.257,-20.98],[55.255,-20.979],[55.25,-20.967],[55.242,-20.914],[55.24,-20.9],[55.254,-20.85],[55.255,-20.842],[55.257,-20.833],[55.268,-20.767],[55.312,-20.711],[55.348,-20.667],[55.375,-20.641],[55.38,-20.637],[55.402,-20.615],[55.515,-20.508],[55.602,-20.48],[55.691,-20.451],[55.695,-20.451],[55.767,-20.457],[55.863,-20.465],[56.024,-20.478],[56.131,-20.487],[56.256,-20.57],[56.346,-20.631],[56.488,-20.726],[56.717,-20.878],[56.797,-20.884],[57.167,-20.912],[57.174,-20.913],[57.205,-20.915],[57.252,-20.894],[57.262,-20.89],[57.321,-20.864],[57.343,-20.854],[57.374,-20.84],[57.405,-20.827]]}},{"type":"Feature","properties":{"name":"SAFE S5","operator":""},"geometry":{"type":"LineString","coordinates":[[57.446,-20.501],[57.447,-20.503],[57.447,-20.504],[57.448,-20.505],[57.447,-20.505],[57.447,-20.507],[57.447,-20.508],[57.447,-20.509],[57.447,-20.51],[57.448,-20.516],[57.443,-20.521],[57.443,-20.523],[57.442,-20.532],[57.439,-20.55],[57.437,-20.556],[57.431,-20.583],[57.429,-20.584],[57.403,-20.611],[57.313,-20.636],[57.312,-20.637],[57.3,-20.64],[57.13,-20.678],[57.105,-20.683],[56.908,-20.674],[56.883,-20.658],[56.725,-20.549],[56.516,-20.411],[56.493,-20.392],[56.277,-20.32],[56.211,-20.297],[56.135,-20.272],[56.015,-20.232],[56.005,-20.233],[55.849,-20.205],[55.791,-20.195],[55.617,-20.167],[55.453,-20.213],[55.415,-20.223],[55.196,-20.284],[55.17,-20.291],[55.144,-20.298],[55.067,-20.32],[55.027,-20.376]]}},{"type":"Feature","properties":{"name":"SAFE S7","operator":""},"geometry":{"type":"LineString","coordinates":[[57.448,-20.501],[57.447,-20.502],[57.447,-20.503],[57.447,-20.504],[57.448,-20.505],[57.448,-20.508],[57.448,-20.509],[57.45,-20.516],[57.448,-20.52],[57.447,-20.532],[57.447,-20.533],[57.444,-20.555],[57.439,-20.583],[57.438,-20.589],[57.433,-20.618],[57.426,-20.687],[57.413,-20.823],[57.406,-20.826],[57.405,-20.827]]}},{"type":"Feature","properties":{"name":"CALVI-ST-FLORENT","operator":""},"geometry":{"type":"LineString","coordinates":[[8.756,42.57],[8.758,42.571],[8.758,42.572],[8.759,42.573],[8.76,42.576],[8.759,42.576],[8.759,42.577],[8.76,42.578],[8.764,42.587],[8.775,42.61],[8.784,42.629],[8.784,42.63],[8.801,42.646],[8.807,42.651],[8.838,42.677],[8.866,42.687],[8.876,42.691],[8.882,42.693],[8.885,42.694],[8.909,42.703],[8.926,42.709],[8.946,42.717],[8.947,42.717],[8.954,42.72],[8.963,42.723],[8.986,42.732],[8.99,42.732],[8.994,42.735],[9.003,42.738],[9.012,42.741],[9.021,42.744],[9.046,42.754],[9.055,42.757],[9.068,42.761],[9.083,42.767],[9.156,42.794],[9.166,42.797],[9.174,42.801],[9.182,42.803],[9.183,42.803],[9.192,42.799],[9.201,42.796],[9.21,42.793],[9.226,42.786],[9.267,42.77],[9.272,42.768],[9.276,42.761],[9.278,42.755],[9.278,42.753],[9.284,42.738],[9.286,42.731],[9.289,42.723],[9.29,42.72],[9.292,42.716],[9.294,42.709],[9.296,42.704],[9.299,42.697],[9.293,42.693],[9.301,42.686],[9.302,42.685],[9.303,42.685],[9.302,42.684]]}},{"type":"Feature","properties":{"name":"SEA ME WE4-S4.7","operator":""},"geometry":{"type":"LineString","coordinates":[[5.373,43.262],[5.372,43.261],[5.369,43.26],[5.367,43.259],[5.366,43.259],[5.365,43.258],[5.364,43.258],[5.363,43.258],[5.362,43.258],[5.361,43.257],[5.36,43.257],[5.359,43.257],[5.358,43.257],[5.357,43.257],[5.357,43.256],[5.356,43.256],[5.355,43.256],[5.354,43.256],[5.353,43.256],[5.353,43.255],[5.352,43.255],[5.351,43.255],[5.338,43.249],[5.336,43.248],[5.333,43.247],[5.324,43.243],[5.323,43.243],[5.315,43.239],[5.312,43.238],[5.309,43.237],[5.303,43.231],[5.299,43.227],[5.298,43.226],[5.295,43.219],[5.295,43.218],[5.289,43.204],[5.288,43.203],[5.287,43.191],[5.285,43.181],[5.282,43.157],[5.282,43.143],[5.284,43.148],[5.283,43.064],[5.283,43.045],[5.281,43.042],[5.271,43.022],[5.268,43.016],[5.268,43.007],[5.267,42.99],[5.269,42.962],[5.269,42.951],[5.271,42.941],[5.274,42.933],[5.277,42.927],[5.281,42.912],[5.285,42.905],[5.312,42.871],[5.313,42.871]]}},{"type":"Feature","properties":{"name":"HYERES FESTOON 1","operator":""},"geometry":{"type":"LineString","coordinates":[[6.158,43.03],[6.161,43.026],[6.182,43.027],[6.194,43.011],[6.199,43.005],[6.201,43.005],[6.202,43.005],[6.204,43.005],[6.204,43.004]]}},{"type":"Feature","properties":{"name":"HYERES FESTOON 2","operator":""},"geometry":{"type":"LineString","coordinates":[[6.205,43.003],[6.205,43.004],[6.195,43.01],[6.192,43.012],[6.189,43.015],[6.19,43.017],[6.192,43.022],[6.191,43.023],[6.223,43.028],[6.231,43.034],[6.371,43.026],[6.377,43.02],[6.377,43.01],[6.38,43.009],[6.381,43.009],[6.381,43.01]]}},{"type":"Feature","properties":{"name":"HYERES FESTOON 3","operator":""},"geometry":{"type":"LineString","coordinates":[[6.434,43.02],[6.434,43.021],[6.433,43.021],[6.433,43.022],[6.431,43.023],[6.407,43.029],[6.383,43.025],[6.378,43.01],[6.38,43.01],[6.38,43.009],[6.381,43.009],[6.381,43.01]]}},{"type":"Feature","properties":{"name":"HYERES FESTOON 4","operator":""},"geometry":{"type":"LineString","coordinates":[[6.435,43.021],[6.435,43.022],[6.436,43.022],[6.436,43.024],[6.436,43.025],[6.436,43.026],[6.435,43.027],[6.4,43.067],[6.393,43.108],[6.377,43.118],[6.373,43.125],[6.372,43.128],[6.371,43.128],[6.37,43.128],[6.369,43.129],[6.367,43.129],[6.366,43.13],[6.365,43.13]]}},{"type":"Feature","properties":{"name":"CORSICA HD","operator":""},"geometry":{"type":"LineString","coordinates":[[8.91,41.678],[8.909,41.678],[8.909,41.679],[8.908,41.68],[8.907,41.681],[8.906,41.681],[8.905,41.681],[8.904,41.681],[8.903,41.681],[8.902,41.682],[8.901,41.682],[8.9,41.682],[8.898,41.683],[8.891,41.684],[8.861,41.686],[8.858,41.686],[8.857,41.686],[8.855,41.686],[8.832,41.679],[8.809,41.678],[8.798,41.678],[8.752,41.682],[8.75,41.682],[8.716,41.68],[8.705,41.68],[8.69,41.681],[8.672,41.683],[8.668,41.683],[8.654,41.678],[8.641,41.674],[8.639,41.674],[8.617,41.675],[8.603,41.676],[8.599,41.677],[8.595,41.68],[8.572,41.699],[8.57,41.701],[8.557,41.726],[8.554,41.734],[8.553,41.746],[8.555,41.755],[8.563,41.775],[8.569,41.784],[8.587,41.8],[8.592,41.802],[8.619,41.816],[8.628,41.818],[8.637,41.819],[8.643,41.82],[8.656,41.821],[8.671,41.821],[8.708,41.823],[8.738,41.825],[8.741,41.826],[8.743,41.827],[8.745,41.828],[8.746,41.829],[8.747,41.829],[8.756,41.828],[8.773,41.831],[8.78,41.831],[8.781,41.831],[8.783,41.831],[8.784,41.831],[8.785,41.831]]}},{"type":"Feature","properties":{"name":"LION S1","operator":""},"geometry":{"type":"LineString","coordinates":[[55.546,-20.896],[55.547,-20.888],[55.548,-20.887],[55.548,-20.886],[55.548,-20.884],[55.552,-20.876],[55.553,-20.874],[55.553,-20.873],[55.554,-20.871],[55.563,-20.837],[55.568,-20.831],[55.589,-20.809],[55.667,-20.753],[55.732,-20.719]]}},{"type":"Feature","properties":{"name":"LION S2.1","operator":""},"geometry":{"type":"LineString","coordinates":[[55.463,-20.659],[55.516,-20.756],[55.521,-20.769],[55.527,-20.791],[55.526,-20.799],[55.531,-20.817],[55.536,-20.834],[55.538,-20.843],[55.544,-20.853],[55.544,-20.857],[55.543,-20.86],[55.539,-20.866],[55.538,-20.872],[55.542,-20.883],[55.545,-20.895]]}},{"type":"Feature","properties":{"name":"ACE S1.1","operator":""},"geometry":{"type":"LineString","coordinates":[[-4.354,47.826],[-4.355,47.827],[-4.356,47.828],[-4.357,47.828],[-4.359,47.829],[-4.36,47.83],[-4.361,47.83],[-4.361,47.831],[-4.362,47.831],[-4.362,47.832],[-4.363,47.832],[-4.364,47.832],[-4.365,47.832],[-4.367,47.833],[-4.367,47.834],[-4.368,47.834],[-4.369,47.834],[-4.372,47.835],[-4.374,47.835],[-4.375,47.835],[-4.377,47.835],[-4.38,47.836],[-4.408,47.831],[-4.435,47.827],[-4.446,47.826],[-4.447,47.826],[-4.461,47.821],[-4.467,47.82],[-4.578,47.786],[-4.59,47.781],[-4.625,47.751],[-4.638,47.739],[-4.641,47.737],[-4.643,47.736],[-4.646,47.735],[-4.65,47.733],[-4.654,47.732],[-4.656,47.731],[-4.664,47.726],[-4.668,47.723],[-4.671,47.721],[-4.675,47.718],[-4.677,47.717],[-4.692,47.71],[-4.707,47.706],[-4.724,47.702],[-4.729,47.7],[-4.735,47.699],[-4.736,47.699],[-4.738,47.698],[-4.741,47.697],[-4.744,47.697],[-4.756,47.694],[-4.757,47.694],[-4.763,47.692],[-4.822,47.68],[-4.835,47.677],[-4.843,47.676],[-4.857,47.672],[-4.89,47.666],[-4.891,47.666],[-4.912,47.662],[-4.99,47.645],[-4.992,47.644],[-4.997,47.644]]}},{"type":"Feature","properties":{"name":"IMEWE Seg3.4","operator":""},"geometry":{"type":"LineString","coordinates":[[5.376,43.258],[5.376,43.259],[5.375,43.258],[5.373,43.258],[5.372,43.258],[5.371,43.258],[5.37,43.258],[5.369,43.258],[5.368,43.257],[5.367,43.257],[5.366,43.257],[5.365,43.257],[5.364,43.257],[5.363,43.257],[5.362,43.256],[5.361,43.256],[5.36,43.255],[5.359,43.255],[5.358,43.255],[5.357,43.254],[5.356,43.254],[5.355,43.253],[5.354,43.253],[5.353,43.253],[5.353,43.252],[5.352,43.252],[5.345,43.249],[5.339,43.246],[5.329,43.242],[5.328,43.242],[5.318,43.237],[5.317,43.237],[5.315,43.235],[5.311,43.232],[5.308,43.229],[5.306,43.228],[5.302,43.224],[5.3,43.222],[5.299,43.221],[5.299,43.22],[5.298,43.217],[5.298,43.215],[5.297,43.213],[5.296,43.21],[5.297,43.19],[5.297,43.185],[5.298,43.175],[5.299,43.167],[5.302,43.155],[5.307,43.141],[5.307,43.139],[5.311,43.117],[5.312,43.111],[5.316,43.082],[5.321,43.069],[5.322,43.06],[5.322,43.058],[5.324,43.055],[5.327,43.048],[5.328,43.045],[5.329,43.029],[5.329,43.025],[5.328,43.02],[5.322,43.01],[5.32,43.005],[5.32,42.997],[5.329,42.98],[5.33,42.975],[5.33,42.974],[5.326,42.964],[5.325,42.958],[5.327,42.953],[5.331,42.948],[5.338,42.942],[5.355,42.933],[5.374,42.921],[5.383,42.915],[5.397,42.893],[5.392,42.885],[5.385,42.873],[5.384,42.871]]}},{"type":"Feature","properties":{"name":"LION2 S2.4","operator":""},"geometry":{"type":"LineString","coordinates":[[45.221,-12.744],[45.22,-12.74],[45.218,-12.73],[45.217,-12.727],[45.215,-12.724],[45.21,-12.717],[45.203,-12.711],[45.199,-12.708],[45.194,-12.701],[45.18,-12.691],[45.171,-12.688],[45.162,-12.688],[45.156,-12.687],[45.152,-12.685],[45.148,-12.68],[45.143,-12.677],[45.139,-12.674],[45.137,-12.672],[45.131,-12.668],[45.129,-12.66],[45.126,-12.656],[45.125,-12.651],[45.125,-12.646],[45.124,-12.641],[45.119,-12.63],[45.12,-12.623],[45.121,-12.618],[45.123,-12.611],[45.134,-12.591],[45.14,-12.581],[45.147,-12.574],[45.155,-12.562],[45.158,-12.547],[45.158,-12.546],[45.166,-12.528],[45.168,-12.493],[45.181,-12.463],[45.193,-12.433],[45.231,-12.36],[45.237,-12.349]]}},{"type":"Feature","properties":{"name":"AMERICAS2-D","operator":""},"geometry":{"type":"LineString","coordinates":[[-61.023,14.588],[-61.03,14.587],[-61.033,14.585],[-61.035,14.581],[-61.036,14.578],[-61.038,14.575],[-61.039,14.572],[-61.039,14.571],[-61.039,14.567],[-61.04,14.565],[-61.042,14.563],[-61.044,14.563],[-61.046,14.563],[-61.049,14.564],[-61.053,14.566],[-61.062,14.565],[-61.068,14.567],[-61.073,14.567],[-61.079,14.567],[-61.083,14.566],[-61.085,14.563],[-61.086,14.557],[-61.088,14.555],[-61.09,14.554],[-61.092,14.554],[-61.1,14.558],[-61.146,14.562],[-61.167,14.563],[-61.172,14.562],[-61.198,14.557],[-61.203,14.557],[-61.295,14.548],[-61.329,14.545],[-61.465,14.531],[-61.595,14.518],[-61.605,14.517],[-62.045,14.472],[-62.208,14.455],[-62.351,14.44],[-62.535,14.421],[-62.562,14.419],[-62.7,14.404],[-62.774,14.42],[-62.788,14.422],[-63.183,14.65],[-63.291,14.657],[-63.451,14.666],[-63.742,14.682],[-63.833,14.67],[-64.075,14.64],[-64.192,14.625],[-64.308,14.61],[-64.333,14.607],[-64.432,14.585],[-64.469,14.557],[-64.47,14.558]]}},{"type":"Feature","properties":{"name":"AMERICAS2-L","operator":""},"geometry":{"type":"LineString","coordinates":[[-52.323,4.945],[-52.323,4.952],[-52.317,4.966],[-52.286,5.019],[-52.271,5.043],[-52.259,5.064],[-52.258,5.065],[-52.252,5.073],[-52.249,5.077],[-52.235,5.096],[-52.21,5.128],[-52.182,5.162],[-52.181,5.163],[-52.18,5.164],[-52.122,5.237],[-51.865,5.557],[-51.738,5.712],[-51.669,5.797],[-51.668,5.799],[-51.661,5.808],[-51.66,5.809],[-51.654,5.816],[-51.653,5.817],[-51.648,5.824],[-51.647,5.825],[-51.627,5.85],[-51.626,5.85],[-51.611,5.869],[-51.608,5.872],[-51.608,5.873],[-51.603,5.879],[-51.602,5.879],[-51.598,5.885],[-51.584,5.902],[-51.582,5.904],[-51.581,5.905],[-51.564,5.928],[-51.561,5.94],[-51.548,5.957],[-51.544,5.963],[-51.533,5.982],[-51.527,5.993],[-51.513,6.018],[-51.509,6.024],[-51.469,6.056],[-51.447,6.073],[-51.412,6.117],[-51.298,6.26],[-51.239,6.334],[-51.203,6.379],[-51.088,6.524],[-50.879,6.785],[-50.859,6.81],[-50.801,6.882],[-50.797,6.888],[-50.727,6.976],[-50.697,7.012],[-50.598,7.097]]}},{"type":"Feature","properties":{"name":"AMITIE","operator":""},"geometry":{"type":"LineString","coordinates":[[5.055,43.328],[5.056,43.327],[5.057,43.323],[5.059,43.321],[5.06,43.319],[5.062,43.318],[5.063,43.317],[5.065,43.317],[5.066,43.316],[5.067,43.315],[5.062,43.299],[5.06,43.297],[5.054,43.29],[5.048,43.283],[5.032,43.255],[5.025,43.234],[5.023,43.231],[5.023,43.23],[5.018,43.221],[5.01,43.207],[4.977,43.161],[4.924,43.096],[4.88,43.026],[4.874,43.012],[4.857,42.999],[4.848,42.989],[4.854,42.957],[4.854,42.879],[4.852,42.854],[4.852,42.831],[4.847,42.831],[4.855,42.812],[4.853,42.797],[4.852,42.711],[4.85,42.627],[4.852,42.544],[4.857,42.461],[4.85,42.379],[4.852,42.299],[4.852,42.214],[4.852,42.129],[4.852,42.046],[4.852,42.029],[4.852,42.012],[4.85,41.931],[4.85,41.844],[4.849,41.757],[4.849,41.714],[4.855,41.676],[4.83,41.596],[4.792,41.516],[4.772,41.436],[4.752,41.356],[4.727,41.274],[4.704,41.191],[4.699,41.166],[4.704,41.107],[4.712,41.022],[4.715,40.936],[4.725,40.851],[4.729,40.764],[4.732,40.677],[4.734,40.659],[4.735,40.641],[4.742,40.556],[4.749,40.471],[4.754,40.387],[4.759,40.301],[4.767,40.216],[4.772,40.129],[4.777,40.044],[4.785,39.959],[4.79,39.874],[4.795,39.791],[4.805,39.734],[4.799,39.706],[4.777,39.624],[4.754,39.541],[4.729,39.457],[4.712,39.374],[4.689,39.291],[4.685,39.272],[4.682,39.254],[4.662,39.172],[4.64,39.089],[4.634,39.069],[4.562,39.027],[4.465,38.982],[4.372,38.937],[4.28,38.889],[4.189,38.844],[4.102,38.799],[4.012,38.756],[3.922,38.707],[3.825,38.664],[3.74,38.619],[3.65,38.571],[3.559,38.527],[3.524,38.507],[3.487,38.464],[3.432,38.396],[3.419,38.379],[3.405,38.364],[3.344,38.294],[3.295,38.221],[3.249,38.169],[3.23,38.159],[3.134,38.122],[3.04,38.079],[2.945,38.037],[2.852,37.995],[2.76,37.955],[2.675,37.909],[2.592,37.865],[2.5,37.83],[2.4,37.799],[2.302,37.764],[2.213,37.726],[2.157,37.697],[2.125,37.687],[2.023,37.644],[2.005,37.635],[1.984,37.626],[1.89,37.586],[1.799,37.545],[1.709,37.504],[1.612,37.469],[1.524,37.42],[1.435,37.377],[1.349,37.335],[1.264,37.289],[1.174,37.252],[1.08,37.215],[0.99,37.182],[0.9,37.147],[0.809,37.114],[0.716,37.079],[0.627,37.042],[0.606,37.033],[0.524,37.032],[0.503,37.032],[0.48,37.032],[0.378,37.031],[0.297,37.031],[0.269,37.025],[0.186,36.983],[0.096,36.944],[0.005,36.905],[-0.085,36.865],[-0.178,36.824],[-0.27,36.785],[-0.356,36.745],[-0.446,36.705],[-0.536,36.667],[-0.624,36.625],[-0.716,36.585],[-0.808,36.548],[-0.898,36.509],[-0.983,36.462],[-0.996,36.455],[-1.015,36.442],[-1.108,36.409],[-1.195,36.369],[-1.295,36.342],[-1.39,36.312],[-1.478,36.272],[-1.568,36.232],[-1.653,36.19],[-1.735,36.142],[-1.831,36.107],[-1.927,36.078],[-2.03,36.081],[-2.133,36.086],[-2.235,36.091],[-2.338,36.095],[-2.436,36.097],[-2.542,36.106],[-2.564,36.108],[-2.587,36.109],[-2.692,36.116],[-2.785,36.127],[-2.796,36.119],[-2.898,36.125],[-2.998,36.114],[-3.093,36.084],[-3.188,36.054],[-3.285,36.025],[-3.375,35.992],[-3.466,35.96],[-3.521,35.94],[-3.567,35.936],[-3.659,35.916],[-3.771,35.909],[-3.873,35.904],[-3.963,35.889],[-4.065,35.882],[-4.171,35.875],[-4.191,35.874],[-4.211,35.872],[-4.313,35.865],[-4.418,35.855],[-4.451,35.852],[-4.513,35.832],[-4.598,35.805],[-4.613,35.804],[-4.717,35.792],[-4.746,35.808],[-4.752,35.749],[-4.801,35.732],[-4.836,35.715],[-4.935,35.699],[-5.018,35.665],[-5.086,35.632],[-5.184,35.633],[-5.185,35.632],[-5.235,35.631],[-5.255,35.624],[-5.373,35.62]]}},{"type":"Feature","properties":{"name":"Yellow","operator":"Level 3 Global Submarine"},"geometry":{"type":"LineString","coordinates":[[-4.553,50.836],[-4.554,50.836]]}},{"type":"Feature","properties":{"name":"TAT 11","operator":"Cable & Wireless"},"geometry":{"type":"LineString","coordinates":[[-25.206,47.609],[-74.138,39.672]]}},{"type":"Feature","properties":{"name":"MAYA-1","operator":""},"geometry":{"type":"LineString","coordinates":[[-80.115,26.004],[-79.762,25.349],[-79.875,24.737],[-81.0,23.917],[-83.25,23.711],[-84.825,22.885],[-85.95,21.635],[-85.725,20.375],[-84.825,19.104],[-82.35,17.395],[-81.0,16.102],[-80.55,13.929],[-80.1,13.054],[-78.3,10.632],[-76.5,10.079],[-75.59,9.522]]}},{"type":"Feature","properties":{"name":"MAYA-1","operator":""},"geometry":{"type":"LineString","coordinates":[[-82.35,17.395],[-82.05,17.872],[-81.751,18.347],[-81.451,18.821],[-81.152,19.294]]}},{"type":"Feature","properties":{"name":"MAYA-1","operator":""},"geometry":{"type":"LineString","coordinates":[[-87.947,15.842],[-87.96,15.826],[-87.995,15.833],[-87.976,15.882],[-87.3,16.534],[-85.5,18.252],[-84.825,19.104]]}},{"type":"Feature","properties":{"name":"MAYA-1","operator":""},"geometry":{"type":"LineString","coordinates":[[-83.031,10.003],[-82.912,10.411],[-80.55,11.956],[-80.1,13.054]]}},{"type":"Feature","properties":{"name":"MAYA-1","operator":""},"geometry":{"type":"LineString","coordinates":[[-86.805,21.175],[-86.694,21.174],[-86.512,21.216],[-86.175,21.426],[-85.95,21.635]]}},{"type":"Feature","properties":{"name":"MAYA-1","operator":""},"geometry":{"type":"LineString","coordinates":[[-79.753,9.444],[-79.802,9.595],[-79.2,9.968],[-78.3,10.632]]}},{"type":"Feature","properties":{"name":"","operator":""},"geometry":{"type":"LineString","coordinates":[[114.267,22.282],[114.263,22.282],[114.26,22.281],[114.258,22.279],[114.255,22.272],[114.254,22.27],[114.254,22.268],[114.257,22.265],[114.259,22.261],[114.259,22.259],[114.258,22.238],[114.265,22.228],[114.277,22.217],[114.285,22.204],[114.288,22.202],[114.298,22.203],[114.319,22.202],[114.379,22.202],[114.382,22.203]]}},{"type":"Feature","properties":{"name":"","operator":"CHT"},"geometry":{"type":"LineString","coordinates":[[120.507,22.417],[120.506,22.417],[120.498,22.401],[120.497,22.399],[120.493,22.388],[120.488,22.363],[120.484,22.357],[120.462,22.35],[120.408,22.337],[120.402,22.336],[120.4,22.336],[120.392,22.333],[120.389,22.333],[120.387,22.332],[120.386,22.332],[120.382,22.332],[120.381,22.332],[120.38,22.332],[120.378,22.334],[120.378,22.335],[120.378,22.336],[120.378,22.337]]}},{"type":"Feature","properties":{"name":"","operator":"CHT"},"geometry":{"type":"LineString","coordinates":[[120.489,22.427],[120.49,22.425],[120.469,22.415],[120.468,22.415],[120.464,22.413],[120.455,22.405],[120.426,22.39],[120.411,22.377],[120.403,22.371],[120.4,22.367],[120.398,22.366],[120.397,22.365],[120.396,22.364],[120.394,22.363],[120.392,22.352],[120.391,22.352],[120.389,22.35],[120.389,22.349],[120.388,22.348]]}},{"type":"Feature","properties":{"name":"","operator":""},"geometry":{"type":"LineString","coordinates":[[28.174,61.082],[28.175,61.082],[28.176,61.082],[28.176,61.081],[28.177,61.081],[28.178,61.081],[28.179,61.081],[28.18,61.081],[28.181,61.081],[28.182,61.081],[28.183,61.08],[28.184,61.08],[28.185,61.08],[28.186,61.079],[28.187,61.079],[28.19,61.078],[28.19,61.077],[28.191,61.077],[28.194,61.076],[28.195,61.076],[28.196,61.075],[28.197,61.075],[28.203,61.072],[28.204,61.071],[28.209,61.069],[28.21,61.069],[28.21,61.068],[28.209,61.068]]}},{"type":"Feature","properties":{"name":"","operator":""},"geometry":{"type":"LineString","coordinates":[[28.724,60.798],[28.722,60.798]]}},{"type":"Feature","properties":{"name":"","operator":""},"geometry":{"type":"LineString","coordinates":[[28.72,60.79],[28.722,60.79]]}},{"type":"Feature","properties":{"name":"","operator":""},"geometry":{"type":"LineString","coordinates":[[28.718,60.778],[28.715,60.778]]}},{"type":"Feature","properties":{"name":"","operator":""},"geometry":{"type":"LineString","coordinates":[[28.683,60.729],[28.682,60.727],[28.677,60.726]]}},{"type":"Feature","properties":{"name":"","operator":""},"geometry":{"type":"LineString","coordinates":[[28.578,60.626],[28.59,60.627],[28.609,60.639],[28.613,60.65],[28.651,60.672],[28.701,60.682],[28.73,60.673],[28.735,60.674]]}},{"type":"Feature","properties":{"name":"Baltic Sea Submarine Cable","operator":"CITIC Telecom"},"geometry":{"type":"LineString","coordinates":[[19.655,59.794],[19.665,59.793],[19.7,59.784],[19.757,59.781],[19.807,59.785],[19.813,59.785],[20.001,59.773],[20.255,59.757],[20.292,59.755],[20.339,59.755],[20.42,59.757],[20.5,59.739],[20.65,59.742],[20.783,59.72],[20.866,59.732],[21.0,59.737],[21.017,59.743],[21.038,59.75],[21.15,59.728],[21.176,59.723],[21.24,59.739],[21.308,59.775],[21.313,59.778],[21.36,59.784]]}},{"type":"Feature","properties":{"name":"Marika","operator":"Arelion"},"geometry":{"type":"LineString","coordinates":[[20.288,59.955],[20.289,59.953],[20.288,59.95],[20.306,59.931],[20.367,59.939],[20.404,59.937],[20.409,59.938],[20.413,59.938],[20.42,59.936],[20.44,59.935],[20.467,59.932],[20.477,59.933],[20.48,59.932],[20.488,59.935],[20.491,59.934],[20.495,59.934],[20.498,59.934],[20.506,59.932],[20.509,59.93],[20.522,59.925],[20.535,59.919],[20.546,59.918],[20.551,59.919],[20.564,59.918],[20.573,59.919],[20.58,59.917],[20.585,59.917],[20.59,59.916],[20.602,59.918],[20.635,59.926],[20.679,59.92],[20.713,59.911],[20.737,59.914],[20.747,59.914],[20.76,59.915],[20.767,59.918],[20.815,59.926],[20.826,59.923],[20.855,59.93],[20.856,59.93],[20.858,59.931],[20.856,59.935],[20.861,59.944],[20.868,59.946],[20.872,59.95],[20.878,59.952],[20.882,59.955],[20.888,59.959],[20.893,59.961],[20.895,59.963],[20.919,59.965],[20.938,59.964],[20.967,59.967],[20.975,59.969],[21.006,59.969],[21.037,59.972],[21.055,59.971],[21.113,59.972],[21.131,59.979],[21.153,59.983],[21.154,59.985],[21.163,59.989],[21.165,59.992],[21.163,59.995],[21.164,59.998],[21.165,59.999],[21.172,59.999],[21.175,60.001],[21.18,60.009],[21.195,60.013],[21.232,60.018],[21.238,60.02],[21.25,60.02],[21.255,60.023],[21.275,60.024],[21.282,60.026],[21.289,60.027],[21.295,60.029],[21.315,60.035],[21.343,60.046],[21.347,60.052],[21.364,60.062],[21.372,60.066],[21.391,60.079],[21.403,60.083],[21.403,60.088],[21.411,60.092],[21.446,60.101],[21.456,60.106],[21.463,60.116]]}},{"type":"Feature","properties":{"name":"Eastern Light Sweden-Finland I","operator":"Eastern Light"},"geometry":{"type":"LineString","coordinates":[[21.366,59.785],[21.365,59.785],[21.364,59.785],[21.363,59.785],[21.361,59.785],[21.36,59.785],[21.357,59.785],[21.35,59.784],[21.347,59.784],[21.342,59.783],[21.335,59.783],[21.326,59.782],[21.323,59.782],[21.32,59.782],[21.313,59.781],[21.307,59.779],[21.303,59.779],[21.3,59.778],[21.298,59.777],[21.296,59.776],[21.295,59.774],[21.286,59.771],[21.285,59.77],[21.28,59.767],[21.273,59.765],[21.271,59.763],[21.262,59.76],[21.26,59.759],[21.258,59.757],[21.246,59.753],[21.244,59.752],[21.236,59.747],[21.234,59.746],[21.231,59.745],[21.227,59.743],[21.223,59.74],[21.222,59.739],[21.218,59.737],[21.214,59.734],[21.214,59.732],[21.209,59.726],[21.207,59.724],[21.204,59.721],[21.198,59.716],[21.192,59.71],[21.191,59.708],[21.185,59.702],[21.183,59.7],[21.178,59.695],[21.176,59.692],[21.174,59.69],[21.169,59.684],[21.168,59.683],[21.152,59.682],[21.15,59.682],[21.143,59.681],[21.138,59.681],[21.135,59.681],[21.133,59.681],[21.124,59.68],[21.117,59.68],[21.114,59.68],[21.109,59.679],[21.1,59.679],[21.098,59.679],[21.085,59.678],[21.082,59.678],[21.077,59.678],[21.064,59.677],[21.06,59.677],[21.054,59.676],[21.047,59.676],[21.044,59.675],[21.041,59.675],[21.036,59.675],[21.031,59.675],[21.029,59.675],[21.027,59.675],[21.023,59.674],[21.02,59.674],[21.012,59.674],[21.01,59.674],[20.994,59.673],[20.992,59.672],[20.977,59.671],[20.968,59.67],[20.96,59.669],[20.954,59.669],[20.944,59.669],[20.942,59.669],[20.937,59.668],[20.924,59.667],[20.92,59.667],[20.907,59.666],[20.893,59.665],[20.889,59.665],[20.884,59.665],[20.879,59.665],[20.873,59.664],[20.872,59.664],[20.87,59.664],[20.869,59.664],[20.865,59.663],[20.859,59.663],[20.856,59.663],[20.855,59.663],[20.852,59.663],[20.84,59.662],[20.839,59.661],[20.837,59.661],[20.829,59.661],[20.823,59.661],[20.82,59.66],[20.819,59.66],[20.81,59.66],[20.803,59.658],[20.795,59.658],[20.788,59.658],[20.785,59.658],[20.782,59.658],[20.772,59.657],[20.767,59.656],[20.756,59.656],[20.752,59.655],[20.75,59.655],[20.745,59.655],[20.733,59.654],[20.726,59.654],[20.718,59.654],[20.715,59.653],[20.711,59.653],[20.706,59.653],[20.703,59.652],[20.7,59.653],[20.699,59.652],[20.698,59.652],[20.696,59.652],[20.687,59.651],[20.68,59.651],[20.677,59.651],[20.672,59.65],[20.666,59.649],[20.663,59.649],[20.661,59.649],[20.644,59.647],[20.642,59.647],[20.634,59.647],[20.629,59.646],[20.626,59.646],[20.624,59.646],[20.619,59.647],[20.611,59.646],[20.605,59.645],[20.603,59.644],[20.599,59.644],[20.594,59.644],[20.593,59.644],[20.589,59.644],[20.586,59.643],[20.583,59.643],[20.577,59.642],[20.569,59.642],[20.564,59.641],[20.559,59.641],[20.558,59.641],[20.552,59.642],[20.542,59.641],[20.538,59.641],[20.534,59.641],[20.528,59.641],[20.525,59.64],[20.521,59.639],[20.508,59.638],[20.498,59.638],[20.49,59.637],[20.483,59.636],[20.477,59.636],[20.473,59.635],[20.468,59.635],[20.463,59.635],[20.459,59.634],[20.455,59.634],[20.446,59.634],[20.441,59.634],[20.438,59.634],[20.434,59.633],[20.426,59.633],[20.423,59.633],[20.421,59.632],[20.419,59.632],[20.414,59.631],[20.411,59.631],[20.407,59.631],[20.404,59.631],[20.403,59.631],[20.39,59.63],[20.386,59.63],[20.385,59.63],[20.377,59.629],[20.368,59.629],[20.365,59.629],[20.361,59.628],[20.359,59.628],[20.355,59.627],[20.351,59.627],[20.336,59.626],[20.333,59.626],[20.331,59.626],[20.325,59.625],[20.319,59.624],[20.316,59.624],[20.315,59.624],[20.297,59.623],[20.281,59.622],[20.279,59.622],[20.263,59.621],[20.258,59.62],[20.25,59.62],[20.246,59.62],[20.245,59.62],[20.24,59.619],[20.236,59.619],[20.228,59.618],[20.219,59.618],[20.211,59.618],[20.208,59.618],[20.201,59.616],[20.194,59.616],[20.185,59.615],[20.176,59.614],[20.174,59.614],[20.163,59.613],[20.159,59.613],[20.151,59.612],[20.144,59.612],[20.141,59.612],[20.139,59.612],[20.133,59.612],[20.131,59.611],[20.124,59.61],[20.11,59.609],[20.106,59.609],[20.1,59.609],[20.096,59.608],[20.089,59.607],[20.088,59.607],[20.082,59.607],[20.072,59.607],[20.069,59.606],[20.062,59.605],[20.054,59.606],[20.049,59.606],[20.045,59.605],[20.04,59.603],[20.038,59.603],[20.027,59.603],[20.02,59.603],[20.008,59.602],[20.003,59.601],[19.994,59.601],[19.985,59.601],[19.983,59.601],[19.976,59.599],[19.974,59.599],[19.971,59.598],[19.969,59.598],[19.966,59.599],[19.965,59.599],[19.962,59.599],[19.951,59.597],[19.945,59.597],[19.939,59.597],[19.938,59.597]]}},{"type":"Feature","properties":{"name":"Marika","operator":"Arelion"},"geometry":{"type":"LineString","coordinates":[[20.006,60.026],[20.006,60.027],[20.007,60.027],[20.009,60.026],[20.011,60.026],[20.014,60.023],[20.019,60.021],[20.023,60.018],[20.024,60.016],[20.026,60.01],[20.026,60.007],[20.027,60.005],[20.076,59.975],[20.086,59.963],[20.126,59.959],[20.141,59.957],[20.145,59.956],[20.166,59.956],[20.181,59.958],[20.185,59.954],[20.189,59.954],[20.201,59.957],[20.224,59.959],[20.248,59.956],[20.26,59.956],[20.272,59.955],[20.288,59.955],[20.288,59.958],[20.281,59.966],[20.279,59.967],[20.275,59.967]]}},{"type":"Feature","properties":{"name":"BCS North","operator":"Arelion"},"geometry":{"type":"LineString","coordinates":[[20.067,60.117],[20.068,60.118],[20.081,60.122],[20.106,60.13],[20.211,60.165],[20.214,60.165],[20.217,60.166],[20.22,60.166],[20.222,60.167],[20.225,60.168],[20.227,60.169],[20.228,60.169],[20.231,60.17],[20.232,60.17],[20.237,60.169],[20.24,60.168],[20.243,60.168],[20.245,60.167],[20.249,60.168],[20.25,60.168],[20.253,60.168],[20.256,60.169],[20.257,60.169],[20.265,60.167],[20.266,60.167],[20.267,60.166],[20.27,60.165],[20.276,60.16],[20.282,60.157],[20.29,60.154],[20.293,60.152],[20.296,60.15],[20.298,60.148],[20.3,60.145],[20.314,60.146],[20.32,60.14],[20.334,60.134],[20.336,60.134],[20.343,60.133],[20.346,60.133],[20.347,60.133],[20.353,60.132],[20.356,60.132],[20.358,60.132],[20.365,60.133],[20.369,60.133],[20.373,60.133],[20.375,60.133],[20.378,60.133],[20.381,60.132],[20.385,60.132],[20.394,60.132],[20.401,60.132],[20.404,60.131],[20.409,60.131],[20.414,60.131],[20.427,60.13],[20.429,60.13],[20.444,60.129],[20.446,60.129],[20.449,60.128],[20.451,60.129],[20.462,60.13],[20.485,60.135],[20.5,60.131],[20.504,60.129],[20.532,60.13],[20.545,60.133],[20.553,60.135],[20.562,60.137],[20.571,60.14],[20.593,60.14],[20.596,60.141],[20.63,60.151],[20.637,60.153],[20.647,60.155],[20.657,60.155],[20.667,60.158],[20.669,60.159],[20.67,60.158],[20.689,60.135],[20.696,60.136],[20.729,60.139],[20.75,60.143],[20.753,60.143],[20.774,60.141],[20.805,60.143],[20.823,60.141],[20.825,60.14],[20.827,60.139],[20.836,60.138],[20.839,60.137],[20.856,60.136],[20.866,60.135],[20.867,60.135],[20.87,60.134],[20.872,60.132],[20.882,60.131],[20.887,60.132],[20.89,60.133],[20.895,60.133],[20.895,60.135],[20.896,60.135],[20.899,60.135],[20.903,60.136],[20.906,60.136],[20.914,60.135],[20.918,60.135],[20.923,60.133],[20.925,60.132],[20.928,60.133],[20.994,60.132],[20.997,60.131],[20.998,60.13],[21.006,60.131],[21.013,60.128],[21.016,60.126],[21.019,60.126],[21.02,60.127],[21.021,60.127],[21.023,60.128],[21.027,60.127],[21.05,60.127],[21.055,60.127],[21.062,60.127],[21.069,60.131],[21.071,60.131],[21.074,60.13],[21.079,60.13],[21.088,60.129],[21.097,60.129],[21.098,60.129],[21.099,60.131],[21.1,60.132],[21.105,60.132],[21.115,60.133],[21.136,60.134],[21.14,60.134],[21.141,60.134],[21.144,60.134],[21.148,60.135],[21.15,60.135],[21.153,60.135],[21.16,60.135],[21.162,60.135],[21.185,60.137],[21.202,60.135],[21.213,60.138],[21.233,60.134],[21.234,60.134],[21.24,60.134],[21.25,60.134],[21.255,60.133],[21.279,60.131],[21.301,60.134],[21.311,60.133],[21.317,60.133],[21.325,60.133],[21.357,60.134],[21.422,60.142],[21.439,60.151],[21.442,60.154],[21.447,60.155],[21.45,60.159],[21.459,60.165],[21.463,60.169],[21.477,60.18],[21.482,60.182],[21.484,60.184],[21.495,60.19],[21.519,60.191],[21.536,60.194],[21.565,60.206],[21.566,60.206],[21.594,60.212],[21.635,60.212],[21.67,60.217],[21.673,60.218],[21.686,60.218],[21.714,60.222],[21.718,60.221],[21.722,60.22],[21.724,60.219],[21.728,60.219],[21.73,60.218],[21.733,60.217],[21.736,60.217],[21.74,60.216],[21.743,60.217],[21.75,60.219],[21.765,60.223],[21.788,60.225],[21.804,60.223],[21.813,60.219],[21.821,60.221],[21.828,60.221],[21.841,60.223],[21.843,60.224],[21.847,60.223],[21.892,60.223],[21.895,60.223],[21.901,60.223],[21.949,60.225],[21.964,60.227],[21.97,60.227],[21.975,60.227],[22.0,60.228],[22.001,60.228],[22.007,60.228],[22.009,60.228],[22.01,60.227],[22.026,60.223],[22.036,60.223],[22.053,60.223],[22.059,60.224],[22.072,60.225],[22.079,60.225],[22.097,60.226],[22.107,60.223],[22.108,60.221],[22.113,60.207],[22.131,60.203],[22.158,60.202],[22.16,60.203],[22.162,60.203],[22.164,60.203],[22.166,60.202],[22.168,60.202],[22.169,60.201],[22.19,60.203],[22.197,60.204],[22.201,60.204]]}},{"type":"Feature","properties":{"name":"C-Lion 1","operator":"Cinia"},"geometry":{"type":"LineString","coordinates":[[22.973,59.822],[22.981,59.817],[22.986,59.813],[22.987,59.811],[22.989,59.809],[22.99,59.808],[22.99,59.806],[22.99,59.805],[22.99,59.804],[22.99,59.803],[22.99,59.802],[22.991,59.802],[22.991,59.801],[22.99,59.801],[22.99,59.8],[22.989,59.8],[22.987,59.799],[22.983,59.797],[22.982,59.796],[22.98,59.795],[22.974,59.792],[22.974,59.791],[22.969,59.787],[22.968,59.786],[22.968,59.785],[22.969,59.783],[22.969,59.782],[22.97,59.781],[22.972,59.779],[22.973,59.778],[22.975,59.776],[22.981,59.77],[22.985,59.766],[22.985,59.765],[22.986,59.765],[22.987,59.76],[22.987,59.759],[22.985,59.755],[22.985,59.754],[22.985,59.749],[22.985,59.742],[22.984,59.738],[22.983,59.738],[22.984,59.737],[22.984,59.736],[22.984,59.735],[22.984,59.734],[22.985,59.733],[22.986,59.732],[22.99,59.73],[22.991,59.729],[22.992,59.729],[22.997,59.728],[22.998,59.727],[23.002,59.726],[23.006,59.724],[23.011,59.723],[23.017,59.721],[23.018,59.721],[23.019,59.72],[23.02,59.72],[23.023,59.717],[23.024,59.717],[23.025,59.715],[23.026,59.714],[23.027,59.712],[23.027,59.711],[23.028,59.711],[23.029,59.71],[23.029,59.709],[23.03,59.709],[23.031,59.708],[23.033,59.707],[23.037,59.705],[23.038,59.705],[23.039,59.704],[23.045,59.703],[23.051,59.701],[23.053,59.701],[23.054,59.701],[23.056,59.7],[23.059,59.699],[23.062,59.698],[23.062,59.697],[23.072,59.692],[23.074,59.691],[23.075,59.69],[23.076,59.69],[23.077,59.689],[23.078,59.689],[23.079,59.689],[23.08,59.689],[23.081,59.689],[23.081,59.688],[23.083,59.688],[23.084,59.687],[23.085,59.687],[23.086,59.687],[23.088,59.686],[23.09,59.685],[23.091,59.685],[23.091,59.684],[23.093,59.684],[23.094,59.684],[23.098,59.683],[23.098,59.682],[23.101,59.681],[23.102,59.68],[23.105,59.679],[23.106,59.679],[23.107,59.678],[23.11,59.678],[23.111,59.678],[23.114,59.677],[23.115,59.677],[23.12,59.676],[23.125,59.675],[23.126,59.675],[23.129,59.674],[23.131,59.674],[23.133,59.674],[23.134,59.674],[23.135,59.674],[23.144,59.673],[23.147,59.672],[23.148,59.672],[23.149,59.672],[23.151,59.672],[23.155,59.671],[23.157,59.671],[23.16,59.67],[23.162,59.67],[23.163,59.67],[23.165,59.669],[23.167,59.669],[23.171,59.667],[23.173,59.667],[23.175,59.666],[23.179,59.665],[23.181,59.665],[23.182,59.665],[23.184,59.664],[23.185,59.664],[23.189,59.663],[23.191,59.662],[23.196,59.661],[23.197,59.661],[23.198,59.661],[23.199,59.661],[23.2,59.66],[23.201,59.66],[23.203,59.659],[23.204,59.658],[23.206,59.656],[23.207,59.656],[23.208,59.655],[23.209,59.655],[23.211,59.654],[23.213,59.654],[23.217,59.653],[23.222,59.652],[23.228,59.651],[23.229,59.65],[23.231,59.65],[23.236,59.65],[23.242,59.649],[23.243,59.649],[23.246,59.648],[23.247,59.648],[23.248,59.648],[23.249,59.648],[23.252,59.648],[23.257,59.648],[23.265,59.648],[23.266,59.648],[23.268,59.648],[23.269,59.648],[23.27,59.648],[23.271,59.648],[23.272,59.648],[23.274,59.647],[23.275,59.647],[23.276,59.647],[23.278,59.647],[23.278,59.646],[23.279,59.646],[23.28,59.646],[23.281,59.645],[23.283,59.644],[23.285,59.643],[23.288,59.642],[23.289,59.642],[23.29,59.641],[23.291,59.641],[23.293,59.641],[23.294,59.641],[23.295,59.641],[23.298,59.641],[23.299,59.641],[23.3,59.641],[23.301,59.64],[23.302,59.64],[23.303,59.64],[23.304,59.64],[23.305,59.639],[23.306,59.639],[23.308,59.639],[23.309,59.639],[23.311,59.638],[23.315,59.638],[23.317,59.637],[23.319,59.637],[23.32,59.637],[23.321,59.637],[23.322,59.637],[23.324,59.637],[23.328,59.637],[23.331,59.637],[23.334,59.636],[23.34,59.636],[23.341,59.636],[23.343,59.636],[23.344,59.636],[23.347,59.636],[23.349,59.635],[23.353,59.635],[23.355,59.635],[23.357,59.634],[23.359,59.634],[23.361,59.634],[23.362,59.633],[23.364,59.633],[23.367,59.632],[23.369,59.631],[23.371,59.631],[23.372,59.631],[23.374,59.63],[23.382,59.629],[23.383,59.629],[23.384,59.629],[23.386,59.628],[23.387,59.628],[23.388,59.628],[23.391,59.627],[23.394,59.626],[23.397,59.626],[23.4,59.625],[23.404,59.625],[23.405,59.624],[23.406,59.624],[23.408,59.624],[23.411,59.624],[23.412,59.624],[23.413,59.624],[23.413,59.623],[23.415,59.623],[23.417,59.621],[23.418,59.621],[23.418,59.62],[23.419,59.62],[23.42,59.62],[23.421,59.62],[23.423,59.619],[23.425,59.619],[23.427,59.618],[23.431,59.617],[23.432,59.616],[23.435,59.616],[23.439,59.615],[23.44,59.614],[23.442,59.614],[23.445,59.613],[23.446,59.613],[23.448,59.612],[23.449,59.612],[23.452,59.612],[23.453,59.611],[23.454,59.611],[23.458,59.611],[23.459,59.611],[23.46,59.611],[23.463,59.611],[23.463,59.61],[23.464,59.61],[23.465,59.61],[23.467,59.61],[23.469,59.609],[23.471,59.608],[23.474,59.608],[23.475,59.608],[23.476,59.607],[23.477,59.607],[23.479,59.606],[23.48,59.605],[23.481,59.605],[23.482,59.605],[23.484,59.604],[23.485,59.604],[23.486,59.603],[23.487,59.603],[23.487,59.602],[23.488,59.602],[23.488,59.601],[23.489,59.601],[23.49,59.6],[23.491,59.599],[23.491,59.598],[23.492,59.597],[23.492,59.596],[23.493,59.595],[23.493,59.594],[23.494,59.594],[23.495,59.594],[23.495,59.593],[23.494,59.593],[23.494,59.592],[23.498,59.581],[23.498,59.58],[23.496,59.578]]}},{"type":"Feature","properties":{"name":"BCS North","operator":"Arelion"},"geometry":{"type":"LineString","coordinates":[[22.201,60.204],[22.198,60.203],[22.193,60.203],[22.192,60.203],[22.19,60.203],[22.186,60.201],[22.185,60.201],[22.185,60.2],[22.184,60.2],[22.183,60.2],[22.184,60.196],[22.189,60.192],[22.19,60.19],[22.2,60.183],[22.193,60.178],[22.14,60.168],[22.133,60.164],[22.14,60.152],[22.14,60.147],[22.135,60.138],[22.177,60.117],[22.194,60.117],[22.24,60.113],[22.241,60.113],[22.25,60.112],[22.256,60.111],[22.259,60.111],[22.264,60.111],[22.278,60.111],[22.28,60.111],[22.293,60.107],[22.295,60.099],[22.296,60.098],[22.298,60.098],[22.302,60.096],[22.304,60.095],[22.317,60.082],[22.323,60.08],[22.335,60.078],[22.336,60.077],[22.338,60.073],[22.34,60.067],[22.341,60.061],[22.342,60.057],[22.342,60.053],[22.342,60.049],[22.342,60.045],[22.342,60.043],[22.342,60.042],[22.343,60.041],[22.346,60.039],[22.363,60.037],[22.364,60.036],[22.364,60.035],[22.368,60.029],[22.373,60.018],[22.375,60.011],[22.378,60.003],[22.379,60.0],[22.38,59.998],[22.381,59.997],[22.381,59.995],[22.379,59.992],[22.378,59.987],[22.376,59.982],[22.375,59.979],[22.374,59.975],[22.374,59.973],[22.375,59.968],[22.375,59.964],[22.377,59.955],[22.378,59.95],[22.379,59.949],[22.383,59.948],[22.386,59.947],[22.387,59.946],[22.388,59.946],[22.389,59.945],[22.389,59.938],[22.389,59.934],[22.39,59.931],[22.389,59.928],[22.404,59.919],[22.406,59.917],[22.409,59.913],[22.414,59.907],[22.416,59.906],[22.418,59.905],[22.422,59.903],[22.426,59.901],[22.43,59.899],[22.442,59.9],[22.458,59.892],[22.468,59.892],[22.503,59.906],[22.51,59.908],[22.517,59.91],[22.523,59.912],[22.531,59.913],[22.534,59.915],[22.538,59.916],[22.543,59.918],[22.546,59.918],[22.549,59.918],[22.553,59.919],[22.556,59.919],[22.561,59.919],[22.568,59.92],[22.578,59.92],[22.591,59.921],[22.6,59.92],[22.608,59.92],[22.613,59.919],[22.621,59.918],[22.627,59.916],[22.634,59.914],[22.642,59.912],[22.647,59.911],[22.653,59.91],[22.659,59.909],[22.664,59.908],[22.677,59.906],[22.683,59.904],[22.686,59.904],[22.697,59.903],[22.706,59.902],[22.721,59.9],[22.732,59.899],[22.744,59.897],[22.749,59.896],[22.75,59.896],[22.755,59.895],[22.76,59.894],[22.765,59.893],[22.776,59.89],[22.783,59.888],[22.79,59.886],[22.803,59.882],[22.813,59.879],[22.817,59.878],[22.845,59.87],[22.861,59.863],[22.88,59.86],[22.89,59.855],[22.891,59.851],[22.911,59.834],[22.912,59.833],[22.914,59.831],[22.915,59.831],[22.918,59.83],[22.92,59.829],[22.922,59.828],[22.925,59.828]]}},{"type":"Feature","properties":{"name":"Eastern Light Sweden-Finland I","operator":"Eastern Light"},"geometry":{"type":"LineString","coordinates":[[22.913,59.813],[22.925,59.814],[22.953,59.812],[22.965,59.805],[22.977,59.8],[22.978,59.8],[22.996,59.798],[23.006,59.797],[23.022,59.795],[23.031,59.795],[23.035,59.793],[23.047,59.788],[23.049,59.786],[23.051,59.782],[23.053,59.781],[23.054,59.78],[23.06,59.78],[23.069,59.778],[23.083,59.774],[23.103,59.771],[23.12,59.769],[23.142,59.766],[23.144,59.764],[23.151,59.757],[23.157,59.751],[23.16,59.748],[23.162,59.747],[23.169,59.741],[23.176,59.734],[23.19,59.732],[23.202,59.73],[23.205,59.73],[23.211,59.73],[23.214,59.727],[23.235,59.724],[23.24,59.723],[23.264,59.721],[23.284,59.719],[23.288,59.72],[23.292,59.719],[23.298,59.719],[23.307,59.718],[23.316,59.717],[23.329,59.716],[23.336,59.715],[23.355,59.713],[23.379,59.712],[23.383,59.713],[23.402,59.717],[23.413,59.72],[23.419,59.72],[23.444,59.726],[23.448,59.727],[23.456,59.729],[23.465,59.731],[23.47,59.732],[23.478,59.734],[23.484,59.735],[23.487,59.736],[23.496,59.738],[23.509,59.74],[23.519,59.743],[23.534,59.746],[23.551,59.75],[23.561,59.752],[23.565,59.753],[23.576,59.755],[23.589,59.758],[23.598,59.76],[23.616,59.763],[23.619,59.764],[23.626,59.766],[23.634,59.767],[23.641,59.769],[23.647,59.771],[23.655,59.773],[23.671,59.777],[23.674,59.777],[23.679,59.777],[23.688,59.779],[23.693,59.781],[23.699,59.782],[23.706,59.784],[23.708,59.784],[23.713,59.785],[23.721,59.787],[23.739,59.79],[23.743,59.792],[23.748,59.792],[23.754,59.794],[23.755,59.794],[23.768,59.797],[23.772,59.798],[23.774,59.798],[23.776,59.799],[23.784,59.801],[23.801,59.804],[23.807,59.806],[23.817,59.808],[23.838,59.813],[23.844,59.814],[23.848,59.815],[23.85,59.815],[23.855,59.816],[23.861,59.818],[23.879,59.822],[23.882,59.822],[23.9,59.826],[23.918,59.829],[23.931,59.833],[23.935,59.834],[23.944,59.839],[23.951,59.843],[23.961,59.847],[23.971,59.852],[23.976,59.854],[23.99,59.861],[23.999,59.866],[24.006,59.867],[24.029,59.866],[24.033,59.866],[24.037,59.867],[24.039,59.867],[24.053,59.867],[24.064,59.867],[24.07,59.866],[24.085,59.866],[24.09,59.866],[24.109,59.866],[24.132,59.865],[24.157,59.865],[24.165,59.865],[24.175,59.872],[24.185,59.88],[24.194,59.888],[24.203,59.896],[24.212,59.904],[24.22,59.91],[24.228,59.917],[24.238,59.925],[24.248,59.934],[24.258,59.942],[24.289,59.942],[24.298,59.942],[24.311,59.943],[24.315,59.943],[24.318,59.943],[24.353,59.943],[24.36,59.942],[24.362,59.943],[24.364,59.943],[24.369,59.945],[24.372,59.945],[24.378,59.947],[24.381,59.947],[24.388,59.948],[24.39,59.948],[24.394,59.949],[24.4,59.95],[24.41,59.951],[24.415,59.953],[24.421,59.955],[24.428,59.958],[24.432,59.959],[24.437,59.961],[24.442,59.964],[24.449,59.967],[24.452,59.968],[24.466,59.971],[24.473,59.972],[24.481,59.971],[24.485,59.97],[24.487,59.97],[24.495,59.967],[24.499,59.967],[24.513,59.968],[24.514,59.97],[24.518,59.974],[24.527,59.975],[24.542,59.977],[24.556,59.98],[24.561,59.981],[24.563,59.982],[24.572,59.985],[24.576,59.986],[24.582,59.987],[24.582,59.992],[24.583,59.996],[24.589,59.997],[24.602,60.0],[24.606,60.005],[24.617,60.007],[24.621,60.007],[24.627,60.008],[24.643,60.01],[24.662,60.017],[24.669,60.02],[24.688,60.027],[24.693,60.03],[24.701,60.034],[24.705,60.038],[24.716,60.047],[24.72,60.05],[24.726,60.055],[24.729,60.06],[24.732,60.064],[24.738,60.068],[24.753,60.076],[24.768,60.08],[24.774,60.081],[24.812,60.087],[24.815,60.093],[24.82,60.101],[24.824,60.11],[24.83,60.113],[24.833,60.115],[24.841,60.122],[24.844,60.126],[24.843,60.13],[24.857,60.135],[24.862,60.138],[24.867,60.141],[24.868,60.142],[24.868,60.143],[24.867,60.143],[24.866,60.143],[24.861,60.144]]}},{"type":"Feature","properties":{"name":"BCS North - Phase 1","operator":"Arelion"},"geometry":{"type":"LineString","coordinates":[[22.913,59.813],[22.914,59.813],[22.923,59.813],[22.934,59.811],[22.957,59.809],[22.958,59.808],[22.975,59.797],[23.009,59.793],[23.021,59.786],[23.047,59.779],[23.048,59.779],[23.058,59.78],[23.064,59.78],[23.113,59.778],[23.125,59.778],[23.142,59.78],[23.143,59.78],[23.159,59.779],[23.168,59.781],[23.19,59.784],[23.206,59.783],[23.212,59.783],[23.218,59.781],[23.229,59.781],[23.238,59.78],[23.254,59.782],[23.276,59.783],[23.293,59.788],[23.364,59.79],[23.382,59.791],[23.406,59.789],[23.415,59.789],[23.419,59.79],[23.429,59.792],[23.446,59.792],[23.465,59.794],[23.473,59.788],[23.48,59.787],[23.482,59.785],[23.49,59.777],[23.5,59.772],[23.5,59.771],[23.503,59.767],[23.517,59.759],[23.526,59.758],[23.535,59.758],[23.552,59.754],[23.561,59.755],[23.57,59.754],[23.583,59.754],[23.594,59.755],[23.609,59.756],[23.642,59.757],[23.645,59.757],[23.658,59.759],[23.669,59.759],[23.74,59.759],[23.773,59.763],[23.805,59.767],[23.812,59.769],[23.819,59.77],[23.824,59.771],[23.839,59.771],[23.851,59.771],[23.856,59.772],[23.924,59.775],[23.971,59.776],[24.05,59.772],[24.056,59.771],[24.099,59.77],[24.103,59.77],[24.142,59.768],[24.169,59.766],[24.188,59.765],[24.202,59.764],[24.235,59.762],[24.238,59.762],[24.263,59.764],[24.29,59.76],[24.339,59.773],[24.406,59.79],[24.43,59.809],[24.434,59.813],[24.437,59.815],[24.459,59.833],[24.473,59.849],[24.474,59.849],[24.476,59.851],[24.501,59.869],[24.521,59.892],[24.52,59.917],[24.523,59.929],[24.537,59.935],[24.538,59.936],[24.542,59.941],[24.546,59.946],[24.558,59.95],[24.564,59.952],[24.578,59.956],[24.579,59.959],[24.586,59.988],[24.588,59.99],[24.59,59.995],[24.616,59.999],[24.639,60.007],[24.642,60.014],[24.658,60.027],[24.658,60.034],[24.664,60.047],[24.66,60.055],[24.664,60.059],[24.7,60.069],[24.708,60.074],[24.72,60.077],[24.751,60.082],[24.76,60.082],[24.778,60.088],[24.799,60.09],[24.803,60.092],[24.801,60.105],[24.805,60.107],[24.806,60.107],[24.827,60.108],[24.841,60.111],[24.843,60.111],[24.843,60.112],[24.853,60.117],[24.853,60.118],[24.853,60.119],[24.852,60.127],[24.852,60.131],[24.858,60.135],[24.859,60.137],[24.858,60.148],[24.856,60.151],[24.857,60.152]]}},{"type":"Feature","properties":{"name":"","operator":""},"geometry":{"type":"LineString","coordinates":[[23.849,59.992],[23.852,59.991],[23.853,59.991]]}},{"type":"Feature","properties":{"name":"Eastern Light Sweden-Finland I","operator":"Eastern Light"},"geometry":{"type":"LineString","coordinates":[[22.913,59.813],[22.918,59.813],[22.921,59.812],[22.922,59.81],[22.92,59.807],[22.919,59.804],[22.918,59.802],[22.912,59.8],[22.911,59.8],[22.905,59.8],[22.9,59.8],[22.889,59.801],[22.888,59.801],[22.885,59.801],[22.88,59.801],[22.874,59.8],[22.87,59.8],[22.865,59.8],[22.852,59.8],[22.85,59.8],[22.835,59.799],[22.818,59.795],[22.815,59.795],[22.806,59.793],[22.802,59.792],[22.789,59.79],[22.785,59.789],[22.772,59.785],[22.77,59.786],[22.759,59.786],[22.752,59.787],[22.738,59.789],[22.735,59.789],[22.718,59.791],[22.706,59.793],[22.701,59.793],[22.684,59.795],[22.683,59.795],[22.674,59.797],[22.666,59.797],[22.651,59.799],[22.649,59.8],[22.634,59.802],[22.632,59.802],[22.625,59.802],[22.617,59.803],[22.615,59.804],[22.608,59.805],[22.598,59.807],[22.59,59.808],[22.589,59.808],[22.588,59.808],[22.587,59.808],[22.581,59.808],[22.573,59.81],[22.569,59.81],[22.566,59.811],[22.565,59.811],[22.547,59.814],[22.543,59.815],[22.53,59.815],[22.512,59.816],[22.509,59.816],[22.495,59.817],[22.479,59.818],[22.477,59.818],[22.467,59.819],[22.46,59.82],[22.448,59.822],[22.444,59.824],[22.441,59.825],[22.43,59.828],[22.428,59.828],[22.422,59.829],[22.421,59.829],[22.419,59.829],[22.417,59.83],[22.416,59.83],[22.415,59.83],[22.413,59.83],[22.412,59.83],[22.404,59.832],[22.4,59.834],[22.398,59.835],[22.394,59.837],[22.39,59.838],[22.389,59.839],[22.383,59.84],[22.377,59.841],[22.372,59.843],[22.369,59.845],[22.368,59.846],[22.363,59.849],[22.36,59.85],[22.357,59.852],[22.354,59.854],[22.35,59.856],[22.347,59.857],[22.345,59.858],[22.337,59.862],[22.334,59.864],[22.332,59.864],[22.324,59.866],[22.315,59.868],[22.31,59.869],[22.3,59.872],[22.291,59.874],[22.284,59.876],[22.271,59.878],[22.267,59.878],[22.253,59.879],[22.249,59.879],[22.233,59.88],[22.232,59.881],[22.217,59.882],[22.215,59.882],[22.211,59.882],[22.197,59.882],[22.195,59.882],[22.179,59.881],[22.173,59.881],[22.162,59.881],[22.16,59.881],[22.146,59.877],[22.144,59.877],[22.132,59.874],[22.131,59.873],[22.128,59.872],[22.126,59.871],[22.12,59.87],[22.115,59.87],[22.102,59.869],[22.097,59.868],[22.085,59.868],[22.066,59.868],[22.062,59.868],[22.057,59.869],[22.045,59.868],[22.043,59.868],[22.035,59.869],[22.029,59.869],[22.027,59.869],[22.026,59.869],[22.023,59.869],[22.021,59.869],[22.017,59.87],[22.01,59.87],[22.009,59.87],[21.992,59.871],[21.985,59.871],[21.975,59.871],[21.961,59.872],[21.957,59.872],[21.939,59.871],[21.938,59.871],[21.928,59.87],[21.922,59.869],[21.914,59.867],[21.909,59.867],[21.905,59.867],[21.888,59.867],[21.885,59.867],[21.87,59.865],[21.862,59.864],[21.853,59.863],[21.847,59.863],[21.836,59.861],[21.824,59.86],[21.82,59.86],[21.819,59.859],[21.811,59.86],[21.801,59.859],[21.791,59.858],[21.766,59.857],[21.757,59.857],[21.749,59.856],[21.736,59.855],[21.731,59.855],[21.72,59.855],[21.713,59.855],[21.696,59.854],[21.688,59.853],[21.678,59.853],[21.674,59.853],[21.662,59.851],[21.662,59.85],[21.645,59.848],[21.643,59.847],[21.618,59.843],[21.612,59.841],[21.603,59.839],[21.596,59.837],[21.584,59.834],[21.581,59.833],[21.58,59.831],[21.574,59.831],[21.573,59.83],[21.567,59.829],[21.566,59.828],[21.558,59.825],[21.553,59.823],[21.551,59.821],[21.538,59.818],[21.533,59.817],[21.522,59.815],[21.517,59.814],[21.505,59.811],[21.5,59.81],[21.489,59.808],[21.483,59.806],[21.473,59.804],[21.464,59.802],[21.456,59.801],[21.444,59.8],[21.439,59.799],[21.426,59.798],[21.422,59.798],[21.419,59.798],[21.408,59.797],[21.404,59.797],[21.398,59.797],[21.394,59.796],[21.389,59.797],[21.386,59.797],[21.384,59.797],[21.375,59.797],[21.372,59.796],[21.37,59.795],[21.368,59.795],[21.363,59.793],[21.361,59.791],[21.358,59.791],[21.356,59.791],[21.355,59.79],[21.354,59.79],[21.354,59.789],[21.353,59.788],[21.355,59.787],[21.356,59.787],[21.36,59.786],[21.361,59.786],[21.364,59.785],[21.365,59.785],[21.366,59.785]]}},{"type":"Feature","properties":{"name":"","operator":""},"geometry":{"type":"LineString","coordinates":[[24.843,60.202],[24.839,60.202],[24.838,60.202],[24.837,60.201],[24.836,60.2],[24.837,60.2],[24.842,60.198],[24.844,60.197],[24.846,60.196],[24.843,60.182],[24.841,60.181],[24.842,60.179],[24.84,60.173],[24.839,60.169],[24.839,60.167],[24.838,60.167],[24.838,60.166],[24.833,60.165],[24.831,60.164],[24.831,60.163],[24.835,60.16],[24.837,60.159],[24.837,60.158],[24.841,60.154],[24.843,60.153],[24.846,60.151],[24.852,60.149],[24.853,60.148],[24.855,60.148],[24.864,60.144],[24.865,60.143],[24.867,60.143],[24.869,60.143],[24.871,60.144],[24.87,60.148]]}},{"type":"Feature","properties":{"name":"","operator":""},"geometry":{"type":"LineString","coordinates":[[21.907,60.206],[21.907,60.207],[21.907,60.208],[21.909,60.211],[21.909,60.212],[21.907,60.215],[21.907,60.216],[21.907,60.217],[21.909,60.218],[21.911,60.218],[21.914,60.219],[21.925,60.222],[21.926,60.223],[21.927,60.224],[21.926,60.226],[21.927,60.227],[21.931,60.228],[21.948,60.232],[21.951,60.233],[21.952,60.234],[21.953,60.234],[21.953,60.235],[21.954,60.235],[21.955,60.235],[21.956,60.235],[21.956,60.236],[21.957,60.236]]}},{"type":"Feature","properties":{"name":"","operator":""},"geometry":{"type":"LineString","coordinates":[[24.96,60.154],[24.959,60.154],[24.959,60.153],[24.958,60.153],[24.957,60.153],[24.956,60.153],[24.955,60.153],[24.954,60.152],[24.953,60.15],[24.952,60.148],[24.952,60.146],[24.951,60.145],[24.951,60.144],[24.944,60.141],[24.939,60.139],[24.934,60.137],[24.929,60.132],[24.929,60.131],[24.918,60.13],[24.913,60.132],[24.905,60.136],[24.901,60.138],[24.9,60.138],[24.898,60.139],[24.896,60.139],[24.892,60.139],[24.887,60.139],[24.88,60.14],[24.871,60.143],[24.871,60.144],[24.873,60.144],[24.875,60.144],[24.875,60.143],[24.878,60.143]]}},{"type":"Feature","properties":{"name":"Eastern Light Sweden-Finland I","operator":"Eastern Light"},"geometry":{"type":"LineString","coordinates":[[26.936,60.422],[26.928,60.422],[26.928,60.42],[26.925,60.416],[26.912,60.414],[26.899,60.413],[26.886,60.41],[26.866,60.406],[26.855,60.403],[26.847,60.402],[26.832,60.401],[26.802,60.397],[26.795,60.396],[26.783,60.395],[26.775,60.393],[26.768,60.392],[26.762,60.39],[26.757,60.389],[26.731,60.381],[26.714,60.376],[26.707,60.374],[26.691,60.372],[26.681,60.37],[26.676,60.369],[26.659,60.367],[26.655,60.366],[26.647,60.364],[26.638,60.361],[26.626,60.357],[26.616,60.354],[26.604,60.35],[26.594,60.346],[26.587,60.344],[26.58,60.342],[26.572,60.34],[26.557,60.336],[26.551,60.335],[26.544,60.333],[26.54,60.33],[26.531,60.328],[26.52,60.325],[26.51,60.324],[26.504,60.324],[26.501,60.324],[26.497,60.324],[26.493,60.324],[26.481,60.324],[26.475,60.323],[26.466,60.323],[26.457,60.322],[26.453,60.322],[26.444,60.32],[26.429,60.317],[26.415,60.314],[26.41,60.313],[26.404,60.312],[26.398,60.31],[26.394,60.31],[26.382,60.308],[26.379,60.307],[26.37,60.306],[26.364,60.304],[26.362,60.304],[26.356,60.302],[26.351,60.3],[26.349,60.299],[26.346,60.297],[26.343,60.297],[26.337,60.295],[26.331,60.294],[26.327,60.293],[26.32,60.292],[26.31,60.292],[26.301,60.293],[26.294,60.292],[26.285,60.29],[26.282,60.289],[26.277,60.288],[26.269,60.286],[26.261,60.284],[26.256,60.283],[26.237,60.278],[26.222,60.275],[26.211,60.273],[26.206,60.27],[26.202,60.266],[26.198,60.264],[26.186,60.266],[26.175,60.264],[26.154,60.262],[26.139,60.26],[26.136,60.255],[26.133,60.249],[26.129,60.244],[26.126,60.239],[26.122,60.234],[26.119,60.229],[26.116,60.223],[26.113,60.218],[26.109,60.213],[26.107,60.208],[26.104,60.202],[26.103,60.198],[26.101,60.197],[26.1,60.193],[26.099,60.189],[26.097,60.187],[26.097,60.182],[26.096,60.18],[26.094,60.178],[26.089,60.174],[26.084,60.172],[26.062,60.166],[26.051,60.163],[26.044,60.161],[26.037,60.159],[26.024,60.156],[26.016,60.155],[25.998,60.151],[25.972,60.146],[25.948,60.142],[25.927,60.138],[25.904,60.134],[25.9,60.133],[25.888,60.132],[25.865,60.131],[25.854,60.13],[25.849,60.13],[25.845,60.129],[25.831,60.129],[25.822,60.127],[25.801,60.124],[25.79,60.123],[25.773,60.121],[25.765,60.119],[25.753,60.118],[25.739,60.116],[25.729,60.116],[25.717,60.115],[25.705,60.114],[25.691,60.114],[25.682,60.113],[25.661,60.112],[25.654,60.112],[25.648,60.111],[25.645,60.111],[25.638,60.111],[25.632,60.11],[25.623,60.109],[25.6,60.107],[25.597,60.107],[25.585,60.105],[25.57,60.104],[25.562,60.104],[25.549,60.102],[25.534,60.101],[25.528,60.1],[25.525,60.1],[25.524,60.1],[25.518,60.099],[25.512,60.099],[25.509,60.098],[25.502,60.097],[25.496,60.097],[25.489,60.096],[25.486,60.095],[25.478,60.095],[25.471,60.095],[25.456,60.094],[25.44,60.093],[25.43,60.093],[25.421,60.093],[25.41,60.092],[25.396,60.091],[25.384,60.091],[25.374,60.092],[25.369,60.093],[25.357,60.094],[25.341,60.097],[25.326,60.099],[25.315,60.101],[25.301,60.103],[25.285,60.105],[25.268,60.107],[25.255,60.109],[25.247,60.11],[25.243,60.11],[25.239,60.111],[25.224,60.113],[25.212,60.115],[25.195,60.114],[25.18,60.113],[25.177,60.113],[25.168,60.112],[25.162,60.112],[25.141,60.111],[25.139,60.111],[25.118,60.112],[25.105,60.113],[25.089,60.115],[25.085,60.115],[25.07,60.116],[25.056,60.116],[25.041,60.117],[25.029,60.117],[25.021,60.116],[25.01,60.118],[25.006,60.119],[25.002,60.12],[24.996,60.124],[24.99,60.129],[24.986,60.133],[24.982,60.134],[24.97,60.136],[24.964,60.141],[24.958,60.146],[24.956,60.148],[24.954,60.151],[24.954,60.152],[24.956,60.153],[24.956,60.152],[24.957,60.152],[24.958,60.152],[24.959,60.152]]}},{"type":"Feature","properties":{"name":"","operator":""},"geometry":{"type":"LineString","coordinates":[[25.549,60.323],[25.55,60.323],[25.552,60.322],[25.555,60.322],[25.559,60.322],[25.564,60.322],[25.568,60.322],[25.571,60.322],[25.573,60.322]]}},{"type":"Feature","properties":{"name":"ALBA-1","operator":""},"geometry":{"type":"LineString","coordinates":[[-66.929,10.603],[-68.103,12.293],[-75.668,18.271],[-75.706,19.96],[-77.1,18.414],[-77.1,18.413]]}},{"type":"Feature","properties":{"name":"Ultra Express Link","operator":"HKT"},"geometry":{"type":"LineString","coordinates":[[114.249,22.269],[114.252,22.272],[114.253,22.273],[114.255,22.276],[114.258,22.28],[114.26,22.281],[114.262,22.283],[114.264,22.283],[114.267,22.282]]}},{"type":"Feature","properties":{"name":"TAMPNET 3","operator":"Tampnet AS"},"geometry":{"type":"LineString","coordinates":[[1.906,58.366],[1.909,58.364],[1.91,58.363],[1.91,58.362],[1.909,58.361],[1.908,58.361],[1.905,58.359],[1.898,58.358],[1.897,58.358],[1.895,58.359],[1.888,58.361],[1.881,58.364],[1.876,58.366],[1.871,58.367],[1.843,58.372],[1.834,58.374],[1.715,58.395],[1.706,58.396],[1.687,58.4],[1.685,58.401],[1.682,58.403],[1.68,58.405],[1.679,58.407],[1.666,58.446],[1.663,58.458],[1.661,58.463],[1.65,58.494],[1.649,58.497],[1.647,58.502],[1.647,58.506],[1.645,58.567],[1.646,58.569],[1.648,58.571],[1.658,58.577],[1.663,58.579],[1.666,58.579],[1.667,58.579],[1.67,58.581],[1.674,58.585],[1.676,58.587],[1.677,58.588],[1.687,58.593],[1.705,58.598],[1.726,58.603],[1.872,58.638],[2.086,58.687],[2.099,58.689],[2.116,58.69],[2.126,58.691],[2.142,58.692],[2.21,58.699],[2.218,58.7],[2.226,58.703],[2.228,58.704],[2.228,58.705],[2.232,58.708],[2.235,58.712],[2.236,58.716],[2.236,58.724],[2.237,58.725],[2.241,58.727],[2.24,58.727],[2.237,58.728],[2.236,58.729],[2.23,58.8],[2.23,58.803],[2.229,58.811],[2.228,58.826],[2.23,58.831],[2.231,58.837],[2.232,58.839],[2.233,58.84],[2.237,58.839],[2.235,58.84],[2.233,58.841],[2.233,58.842],[2.234,58.843],[2.235,58.843],[2.235,58.844],[2.237,58.844],[2.238,58.844],[2.239,58.844],[2.241,58.843],[2.243,58.843],[2.246,58.842]]}},{"type":"Feature","properties":{"name":"TAMPNET (BU4-BU5)","operator":"Tampnet AS"},"geometry":{"type":"LineString","coordinates":[[2.545,58.836],[2.543,58.837],[2.542,58.838],[2.541,58.838],[2.54,58.838],[2.54,58.837],[2.541,58.836],[2.54,58.836],[2.539,58.835],[2.536,58.835],[2.528,58.832],[2.527,58.832],[2.526,58.832],[2.52,58.831],[2.513,58.83],[2.512,58.83],[2.501,58.827],[2.491,58.824],[2.49,58.824],[2.487,58.824],[2.486,58.824],[2.483,58.824],[2.482,58.824],[2.472,58.825],[2.467,58.826],[2.466,58.826],[2.465,58.827],[2.465,58.828],[2.464,58.828],[2.464,58.829]]}},{"type":"Feature","properties":{"name":"Sleipnir-Grane FOC","operator":"Equinor"},"geometry":{"type":"LineString","coordinates":[[2.429,59.106],[2.396,59.014],[2.389,59.007],[2.386,59.0],[2.383,58.991],[2.385,58.983],[2.382,58.975],[2.379,58.971],[2.341,58.944],[2.334,58.941],[2.326,58.94],[2.291,58.938],[2.283,58.936],[2.276,58.933],[2.271,58.93],[2.268,58.926],[2.163,58.754],[2.159,58.75],[2.149,58.743],[2.145,58.739],[2.017,58.528],[2.0,58.499],[1.995,58.49],[1.97,58.449],[1.97,58.448],[1.969,58.447],[1.968,58.446],[1.968,58.445],[1.954,58.421],[1.934,58.388],[1.93,58.384],[1.918,58.375],[1.913,58.372],[1.912,58.371],[1.911,58.371],[1.911,58.37],[1.912,58.37],[1.912,58.369],[1.913,58.369],[1.913,58.368],[1.911,58.367],[1.91,58.367],[1.909,58.366],[1.909,58.365],[1.908,58.365],[1.907,58.365],[1.906,58.365],[1.906,58.366]]}},{"type":"Feature","properties":{"name":"TAMPNET (BU4-BU5)","operator":"Tampnet AS"},"geometry":{"type":"LineString","coordinates":[[2.237,58.839],[2.239,58.839],[2.24,58.839],[2.241,58.838],[2.243,58.837],[2.244,58.837],[2.245,58.837],[2.246,58.837],[2.25,58.836],[2.253,58.836],[2.257,58.836],[2.271,58.836],[2.286,58.835],[2.292,58.835],[2.318,58.833],[2.325,58.833],[2.334,58.833],[2.338,58.832],[2.345,58.832],[2.348,58.832],[2.355,58.832],[2.361,58.831],[2.368,58.831],[2.382,58.83],[2.437,58.828],[2.454,58.827],[2.459,58.827],[2.46,58.827],[2.461,58.827],[2.462,58.827],[2.462,58.828],[2.463,58.828],[2.464,58.829],[2.465,58.83],[2.466,58.83],[2.468,58.831],[2.472,58.831],[2.545,58.836]]}},{"type":"Feature","properties":{"name":"","operator":"CHT"},"geometry":{"type":"LineString","coordinates":[[121.831,24.854],[121.841,24.852],[121.846,24.85],[121.851,24.848],[121.856,24.846],[121.858,24.845],[121.86,24.843],[121.864,24.839],[121.87,24.831],[121.873,24.824],[121.881,24.806],[121.894,24.775],[121.902,24.761],[121.905,24.757],[121.91,24.746],[121.915,24.741],[121.926,24.728],[121.936,24.72],[121.937,24.718],[121.939,24.715],[121.947,24.711],[121.952,24.706],[121.959,24.703],[121.962,24.701],[121.985,24.694],[121.996,24.688],[122.002,24.686],[122.008,24.682],[122.031,24.671],[122.037,24.666],[122.04,24.663],[122.049,24.657],[122.051,24.655],[122.064,24.645],[122.071,24.64],[122.076,24.636],[122.079,24.634],[122.086,24.629],[122.092,24.623],[122.097,24.619],[122.103,24.616],[122.105,24.614],[122.115,24.607],[122.124,24.602],[122.129,24.599],[122.13,24.599],[122.148,24.593],[122.153,24.59],[122.165,24.58],[122.167,24.578],[122.182,24.564],[122.188,24.558],[122.191,24.556],[122.195,24.553],[122.198,24.55],[122.201,24.548],[122.216,24.539],[122.228,24.534],[122.236,24.531],[122.238,24.53],[122.241,24.53],[122.264,24.527],[122.276,24.525],[122.281,24.525],[122.296,24.526],[122.312,24.523],[122.334,24.523],[122.348,24.522],[122.356,24.521],[122.36,24.52],[122.361,24.519],[122.37,24.516],[122.383,24.511],[122.395,24.505],[122.412,24.493],[122.474,24.469],[122.48,24.466],[122.481,24.465],[122.538,24.42],[122.544,24.415],[122.545,24.413],[122.548,24.409],[122.566,24.372],[122.573,24.357],[122.611,24.302],[122.625,24.282],[122.633,24.274],[122.636,24.272],[122.641,24.27],[122.695,24.251],[122.781,24.224],[122.832,24.203],[122.869,24.185],[122.871,24.184],[122.878,24.178],[122.95,24.116],[122.975,24.093],[122.981,24.086],[122.992,24.069],[122.993,24.067],[122.996,24.058],[123.039,23.927],[123.042,23.92],[123.081,23.825],[123.091,23.807],[123.109,23.783],[123.125,23.767],[123.148,23.745],[123.158,23.735],[123.172,23.718],[123.182,23.703],[123.191,23.688],[123.197,23.674],[123.202,23.658],[123.209,23.627],[123.212,23.616],[123.217,23.606],[123.225,23.594],[123.242,23.572],[123.253,23.56],[123.263,23.55],[123.276,23.541],[123.319,23.518],[123.338,23.51],[123.344,23.508],[123.357,23.504],[123.375,23.501],[123.666,23.457],[123.691,23.452],[123.797,23.426],[123.812,23.421],[123.819,23.418],[123.838,23.408],[123.942,23.349],[123.954,23.341],[123.97,23.327],[124.082,23.223],[124.088,23.215],[124.095,23.2],[124.124,23.132],[124.146,23.083],[124.154,23.063],[124.159,23.044],[124.162,23.027],[124.164,23.006],[124.164,22.983],[124.162,22.946],[124.157,22.881],[124.143,22.771],[124.14,22.756],[124.135,22.742],[124.13,22.731],[124.116,22.704],[124.098,22.672],[124.082,22.646],[124.072,22.631],[123.993,22.531],[123.974,22.505],[123.93,22.44],[123.921,22.424],[123.914,22.408],[123.91,22.399],[123.906,22.383],[123.903,22.367],[123.902,22.35],[123.904,22.332],[123.907,22.318],[123.913,22.299],[123.946,22.218],[123.974,22.155],[123.98,22.138],[123.984,22.126],[124.001,22.033],[124.002,22.015],[124.002,22.006],[124.001,21.987],[123.979,21.859],[123.976,21.827],[123.975,21.804],[123.978,21.752],[123.977,21.735],[123.975,21.718],[123.963,21.658],[123.944,21.611],[123.931,21.584],[123.837,21.437],[123.809,21.391],[123.791,21.356],[123.718,21.204],[123.668,21.108],[123.644,21.064],[123.631,21.039],[123.615,20.999],[123.595,20.946],[123.588,20.924],[123.583,20.902],[123.577,20.87],[123.571,20.828],[123.57,20.793],[123.573,20.766],[123.58,20.716],[123.585,20.69],[123.588,20.674],[123.61,20.597],[123.618,20.575],[123.627,20.553],[123.678,20.458],[123.688,20.442],[123.697,20.43],[123.725,20.404],[123.833,20.327],[123.862,20.309],[123.883,20.295],[123.896,20.291],[123.904,20.29],[123.915,20.291],[123.937,20.295],[123.945,20.297]]}},{"type":"Feature","properties":{"name":"","operator":""},"geometry":{"type":"LineString","coordinates":[[113.943,22.231],[113.961,22.218],[113.981,22.185],[114.041,22.176],[114.094,22.157],[114.11,22.157],[114.116,22.155],[114.164,22.154],[114.178,22.15],[114.184,22.149],[114.196,22.15],[114.203,22.156],[114.213,22.182],[114.204,22.201],[114.204,22.213]]}},{"type":"Feature","properties":{"name":"","operator":""},"geometry":{"type":"LineString","coordinates":[[113.929,22.224],[113.934,22.216],[113.936,22.212],[113.933,22.176],[113.929,22.16],[113.93,22.157],[114.059,22.035],[114.112,21.95],[114.118,21.927],[114.124,21.799]]}},{"type":"Feature","properties":{"name":"","operator":""},"geometry":{"type":"LineString","coordinates":[[174.797,-36.833],[174.797,-36.834],[174.796,-36.841],[174.795,-36.845],[174.795,-36.848],[174.794,-36.85],[174.793,-36.851],[174.792,-36.851]]}},{"type":"Feature","properties":{"name":"","operator":""},"geometry":{"type":"LineString","coordinates":[[174.799,-36.832],[174.799,-36.833],[174.799,-36.834],[174.799,-36.837],[174.796,-36.851]]}},{"type":"Feature","properties":{"name":"CNS FIBRE OPTIC","operator":"BP (Central North Sea Fibre Telecommunications Company Limited)"},"geometry":{"type":"LineString","coordinates":[[-1.863,57.399],[-1.861,57.4],[-1.839,57.406],[-1.838,57.406],[-1.831,57.407],[-1.826,57.407],[-1.822,57.407],[-1.816,57.406],[-1.809,57.405],[-1.806,57.405],[-1.8,57.405],[-1.794,57.404],[-1.788,57.404],[-1.717,57.407],[-1.644,57.41],[-1.605,57.41],[-1.542,57.408],[-1.536,57.408],[-1.514,57.407],[-1.502,57.408],[-1.496,57.41],[-1.462,57.421],[-1.456,57.423],[-1.448,57.426],[-1.395,57.444]]}},{"type":"Feature","properties":{"name":"SHEFA-2 Seg 9","operator":"FOROYA TELE"},"geometry":{"type":"LineString","coordinates":[[-2.553,57.67],[-2.549,57.681],[-2.539,57.725],[-2.543,57.759],[-2.548,57.867],[-2.542,57.893]]}},{"type":"Feature","properties":{"name":"Pangea North UK/Denmark","operator":"ASN"},"geometry":{"type":"LineString","coordinates":[[-1.034,54.604],[-1.031,54.606],[-0.99,54.618],[-0.975,54.618],[-0.903,54.64],[-0.875,54.648],[-0.831,54.661],[-0.791,54.675],[-0.742,54.694],[-0.71,54.704],[-0.667,54.724],[-0.639,54.727],[-0.585,54.745]]}},{"type":"Feature","properties":{"name":"CANTAT 3 F4","operator":"BT"},"geometry":{"type":"LineString","coordinates":[[-1.035,54.605],[-0.985,54.629],[-0.984,54.629],[-0.979,54.63],[-0.98,54.631],[-0.979,54.631],[-0.969,54.634],[-0.947,54.644],[-0.889,54.667],[-0.82,54.69],[-0.814,54.693],[-0.81,54.693],[-0.797,54.698],[-0.795,54.697],[-0.793,54.697],[-0.793,54.699],[-0.766,54.708],[-0.761,54.71],[-0.76,54.709],[-0.761,54.71],[-0.622,54.757]]}},{"type":"Feature","properties":{"name":"UK-Germany 6","operator":"BT"},"geometry":{"type":"LineString","coordinates":[[0.05,54.32],[-0.043,54.286],[-0.176,54.215],[-0.191,54.207],[-0.234,54.195],[-0.239,54.195],[-0.262,54.199],[-0.285,54.209]]}},{"type":"Feature","properties":{"name":"Tata North Europe","operator":"Tata Telecoms"},"geometry":{"type":"LineString","coordinates":[[-0.27,54.18],[-0.252,54.181],[-0.216,54.183],[-0.115,54.191],[-0.096,54.194],[-0.064,54.202],[-0.042,54.211],[-0.024,54.223],[0.021,54.259],[0.04,54.274],[0.064,54.304],[0.069,54.319]]}},{"type":"Feature","properties":{"name":"STRATOS 1","operator":"Bae/BT"},"geometry":{"type":"LineString","coordinates":[[1.14,52.949],[1.146,52.959],[1.167,52.969],[1.194,52.98],[1.459,53.107],[1.467,53.11]]}},{"type":"Feature","properties":{"name":"","operator":""},"geometry":{"type":"LineString","coordinates":[[110.755,20.044],[110.754,20.044],[110.754,20.045],[110.755,20.047],[110.756,20.052],[110.758,20.061],[110.76,20.073],[110.761,20.076],[110.763,20.078],[110.766,20.08],[110.769,20.081],[110.837,20.096],[110.858,20.098],[110.871,20.101],[110.882,20.104],[111.249,20.186],[111.255,20.188],[111.269,20.19],[111.606,20.265],[111.645,20.274],[111.648,20.274],[111.658,20.276],[111.66,20.277],[111.983,20.349],[112.009,20.354],[112.019,20.358],[112.048,20.363],[112.128,20.381],[112.145,20.384],[112.255,20.408],[112.268,20.412],[112.335,20.427],[112.348,20.431],[112.528,20.471],[112.561,20.477],[112.629,20.493],[112.635,20.495],[112.639,20.496],[112.642,20.496],[112.645,20.496],[112.647,20.495],[112.669,20.48],[112.674,20.478],[112.679,20.477],[112.683,20.477],[112.688,20.479],[112.921,20.576],[112.928,20.581],[112.976,20.601],[112.991,20.605],[113.069,20.638],[113.075,20.642],[113.339,20.752],[113.348,20.755],[113.42,20.785],[113.429,20.79],[113.914,20.994],[113.924,20.997],[113.937,21.011],[113.943,21.015],[113.961,21.022],[114.171,21.121],[114.174,21.124],[114.177,21.128],[114.208,21.182],[114.237,21.273],[114.237,21.284],[114.233,21.345],[114.234,21.355],[114.236,21.36],[114.242,21.367],[114.392,21.475],[114.485,21.514],[114.489,21.517],[114.492,21.52],[114.5,21.539],[114.504,21.554],[114.52,21.582],[114.526,21.591],[114.672,21.851],[114.674,21.855],[114.683,21.897],[114.683,21.899],[114.686,21.911],[114.685,21.916],[114.655,21.999],[114.653,22.003],[114.545,22.098],[114.542,22.101],[114.539,22.105],[114.538,22.111],[114.538,22.128],[114.537,22.133],[114.535,22.137],[114.515,22.162],[114.514,22.163],[114.513,22.163],[114.511,22.164],[114.502,22.164],[114.453,22.162],[114.448,22.166],[114.377,22.161],[114.315,22.152],[114.27,22.148],[114.266,22.143],[114.256,22.142],[114.247,22.143],[114.244,22.146],[114.243,22.149],[114.233,22.152],[114.232,22.155],[114.215,22.172],[114.215,22.176],[114.211,22.181],[114.21,22.186],[114.207,22.188],[114.201,22.199],[114.203,22.204],[114.206,22.206],[114.208,22.21],[114.208,22.214],[114.206,22.215]]}},{"type":"Feature","properties":{"name":"","operator":""},"geometry":{"type":"LineString","coordinates":[[114.206,22.215],[114.21,22.215],[114.211,22.212],[114.209,22.205],[114.209,22.196],[114.215,22.191],[114.221,22.191],[114.253,22.199],[114.255,22.198],[114.264,22.198],[114.271,22.197],[114.274,22.196],[114.295,22.198],[114.297,22.198],[114.313,22.198],[114.391,22.193],[114.396,22.193],[114.413,22.211],[114.419,22.216],[114.424,22.217],[114.466,22.219],[114.469,22.218],[114.488,22.219],[114.502,22.214]]}},{"type":"Feature","properties":{"name":"","operator":""},"geometry":{"type":"LineString","coordinates":[[21.912,60.198],[21.914,60.198],[21.915,60.201],[21.91,60.204],[21.907,60.206]]}},{"type":"Feature","properties":{"name":"Southern Cross Cable","operator":""},"geometry":{"type":"LineString","coordinates":[[174.626,-36.797],[174.743,-36.793],[174.748,-36.793],[174.775,-36.788],[174.778,-36.787],[174.789,-36.782],[174.793,-36.764],[174.797,-36.747],[174.8,-36.73],[174.803,-36.717],[174.805,-36.705],[174.811,-36.676],[174.816,-36.668],[174.828,-36.663],[174.846,-36.656],[174.874,-36.645],[174.903,-36.633],[174.915,-36.627],[174.946,-36.613],[174.955,-36.608],[174.958,-36.603],[174.962,-36.596],[174.968,-36.587],[174.975,-36.577],[174.976,-36.572],[174.977,-36.566],[174.978,-36.538],[174.968,-36.452],[174.968,-36.438],[174.968,-36.418],[174.967,-36.401],[174.967,-36.385],[174.968,-36.364],[174.967,-36.349],[174.967,-36.338],[174.967,-36.328],[174.964,-36.309],[174.962,-36.299],[174.96,-36.274],[174.956,-36.221],[174.957,-36.179],[174.958,-36.164],[174.958,-36.149],[174.958,-36.131],[174.957,-36.113],[174.957,-36.098],[174.957,-36.086],[174.957,-36.077],[174.959,-36.058],[174.959,-36.034],[174.959,-36.022],[174.961,-36.01],[174.962,-35.993],[174.963,-35.977],[174.964,-35.968],[174.968,-35.933],[174.971,-35.923],[174.981,-35.899],[174.986,-35.857],[174.999,-35.834]]}},{"type":"Feature","properties":{"name":"Baltika (Kingisepp - Kaliningrad)","operator":"Rostelecom"},"geometry":{"type":"LineString","coordinates":[[26.475,59.947],[26.445,59.964],[26.424,59.973],[26.389,59.99],[26.362,59.999],[26.356,60.003],[26.35,60.004],[26.338,60.008],[26.303,60.001],[26.279,59.996],[26.149,59.981],[26.075,59.952],[26.0,59.911],[25.97,59.894],[25.925,59.879],[25.678,59.879],[25.63,59.883],[25.55,59.88],[25.401,59.887],[25.297,59.886],[25.217,59.892],[25.183,59.894],[25.013,59.88],[24.981,59.877],[24.885,59.858],[24.869,59.86],[24.814,59.85],[24.789,59.84],[24.763,59.838],[24.73,59.828],[24.617,59.795],[24.574,59.782],[24.559,59.777],[24.453,59.761],[24.399,59.736],[24.083,59.661],[24.009,59.643],[24.0,59.642],[23.457,59.56],[23.218,59.533],[23.201,59.532],[23.171,59.532],[23.108,59.515],[23.072,59.512],[23.0,59.496],[22.953,59.485],[22.783,59.466],[22.747,59.462],[22.579,59.435],[22.567,59.431],[22.564,59.43],[22.326,59.394],[22.291,59.398],[22.234,59.449],[22.195,59.452],[22.119,59.433],[22.0,59.412],[21.938,59.401],[21.763,59.377],[21.75,59.375],[21.738,59.373],[21.706,59.365],[21.15,59.287],[21.137,59.285],[21.083,59.267],[21.02,59.245],[20.983,59.223],[20.937,59.169],[20.775,59.111],[20.726,59.088],[20.5,58.965],[20.481,58.955],[20.441,58.92],[20.236,58.742],[20.245,58.715],[20.334,58.68],[20.343,58.656],[20.289,58.55],[20.263,58.5],[20.221,58.417],[20.002,57.983],[19.752,57.717],[19.75,57.714],[19.628,57.584],[19.628,57.583],[19.526,57.44],[19.512,57.367],[19.475,57.167],[19.508,57.133],[19.556,57.083],[19.559,57.08],[19.623,57.014],[19.553,56.883],[19.508,56.8],[19.499,56.783],[19.479,56.747],[19.417,56.704],[19.3,56.623],[19.088,56.475],[19.083,56.473],[18.665,56.3],[18.613,56.279],[18.611,55.921],[18.833,55.902],[18.949,55.893],[19.0,55.888],[19.031,55.879],[19.066,55.867],[19.076,55.864],[19.083,55.861],[19.09,55.859],[19.12,55.852],[19.165,55.834],[19.281,55.798],[19.3,55.791],[19.475,55.733],[19.526,55.717],[19.598,55.693],[19.65,55.68],[19.679,55.677],[19.722,55.686],[19.747,55.687],[19.801,55.667],[19.817,55.661],[19.832,55.657],[19.852,55.65],[19.95,55.618],[19.954,55.617],[19.971,55.611],[20.0,55.601],[20.017,55.596],[20.145,55.553],[20.159,55.548],[20.238,55.519],[20.257,55.515],[20.274,55.508],[20.28,55.482],[20.293,55.467],[20.317,55.46],[20.336,55.455],[20.347,55.452],[20.354,55.449],[20.403,55.433],[20.51,55.395],[20.532,55.386],[20.552,55.381],[20.568,55.373],[20.608,55.359]]}},{"type":"Feature","properties":{"name":"","operator":""},"geometry":{"type":"LineString","coordinates":[[114.206,22.215],[114.208,22.215],[114.208,22.214],[114.206,22.209],[114.207,22.208],[114.205,22.2],[114.202,22.194],[114.206,22.186],[114.206,22.183],[114.213,22.178],[114.213,22.175],[114.233,22.16],[114.238,22.153],[114.245,22.15],[114.247,22.144],[114.255,22.143],[114.274,22.146],[114.277,22.148],[114.317,22.152],[114.332,22.152],[114.352,22.157],[114.377,22.159],[114.447,22.164],[114.467,22.168],[114.474,22.175],[114.496,22.183],[114.502,22.184]]}},{"type":"Feature","properties":{"name":"","operator":""},"geometry":{"type":"LineString","coordinates":[[114.206,22.215],[114.208,22.216],[114.21,22.215],[114.211,22.213],[114.209,22.202],[114.206,22.2],[114.208,22.192],[114.213,22.187],[114.218,22.188],[114.224,22.188],[114.24,22.193],[114.261,22.197],[114.266,22.199],[114.297,22.202],[114.379,22.201],[114.386,22.202],[114.407,22.222],[114.423,22.227],[114.43,22.24],[114.477,22.246],[114.484,22.245],[114.502,22.248]]}},{"type":"Feature","properties":{"name":"","operator":""},"geometry":{"type":"LineString","coordinates":[[114.255,22.211],[114.257,22.213],[114.259,22.213],[114.262,22.213],[114.266,22.209],[114.272,22.199],[114.274,22.198],[114.282,22.198],[114.296,22.2],[114.327,22.198],[114.382,22.197],[114.389,22.198],[114.394,22.201],[114.41,22.218],[114.417,22.223],[114.47,22.227],[114.472,22.226],[114.495,22.228],[114.606,22.198],[114.611,22.193],[114.613,22.187],[114.616,22.182],[114.644,22.163],[114.65,22.156],[114.654,22.154],[114.737,22.093],[114.739,22.088],[114.74,22.081],[114.743,22.077],[114.869,22.003],[114.874,21.989],[114.879,21.983],[115.02,21.925],[115.392,21.793]]}},{"type":"Feature","properties":{"name":"","operator":""},"geometry":{"type":"LineString","coordinates":[[114.186,22.246],[114.177,22.234],[114.176,22.221],[114.179,22.213],[114.191,22.2],[114.199,22.195],[114.207,22.184],[114.215,22.183],[114.22,22.184],[114.225,22.19],[114.257,22.198],[114.261,22.197],[114.267,22.193],[114.295,22.197],[114.382,22.191],[114.46,22.191],[114.466,22.195],[114.502,22.197],[114.505,22.197],[114.506,22.198],[114.506,22.197],[114.537,22.196],[114.604,22.176],[114.685,22.12],[114.695,22.115],[114.702,22.113],[114.712,22.116],[114.719,22.114],[114.896,22.024],[114.929,22.009],[114.934,22.009],[114.945,22.011],[114.951,22.01],[115.017,21.984],[115.416,21.842],[115.461,21.823],[115.536,21.772],[115.817,21.613],[115.823,21.611],[115.827,21.609],[115.83,21.605],[115.856,21.591],[115.862,21.589],[115.883,21.586],[116.169,21.471],[116.183,21.461],[116.192,21.451],[116.197,21.442],[116.204,21.419],[116.21,21.41],[116.217,21.404],[116.225,21.4],[116.234,21.397],[116.247,21.393],[116.289,21.384],[116.319,21.377],[116.368,21.363],[116.388,21.36],[116.538,21.323],[116.565,21.317],[116.659,21.294],[116.682,21.29],[116.694,21.287],[116.735,21.28],[116.756,21.272],[116.808,21.267],[116.823,21.263],[116.848,21.26],[116.872,21.256],[116.893,21.25],[116.935,21.244],[116.954,21.24],[116.973,21.236],[116.998,21.229],[117.014,21.222],[117.023,21.215],[117.041,21.199],[117.065,21.185],[117.077,21.18],[117.104,21.166],[117.114,21.162],[117.131,21.156],[117.144,21.154],[117.167,21.151],[117.197,21.141],[117.254,21.113],[117.296,21.09],[117.333,21.067],[117.355,21.052],[117.374,21.043],[117.386,21.033],[117.403,21.023],[117.423,21.013],[117.437,21.004],[117.458,20.995],[117.487,20.992],[117.505,20.989],[117.531,20.983],[117.548,20.977],[117.57,20.971],[117.61,20.962],[117.637,20.954],[117.668,20.947],[117.725,20.938],[117.772,20.92],[117.833,20.911],[117.907,20.887],[117.979,20.879],[118.035,20.859],[118.099,20.846],[118.333,20.776],[118.373,20.769],[118.404,20.759],[118.446,20.733],[118.621,20.642],[118.692,20.613],[118.938,20.481],[118.983,20.452],[119.01,20.424],[119.05,20.354],[119.102,20.295],[119.156,20.258],[119.25,20.218],[119.335,20.19],[119.839,20.1],[119.936,20.058],[119.982,20.027]]}},{"type":"Feature","properties":{"name":"","operator":""},"geometry":{"type":"LineString","coordinates":[[116.678,23.224],[116.68,23.222],[116.68,23.221],[116.682,23.217],[116.683,23.217],[116.683,23.216],[116.683,23.215],[116.684,23.215],[116.685,23.214],[116.686,23.214],[116.686,23.213],[116.689,23.208],[116.74,23.131],[116.742,23.129],[116.743,23.127],[116.775,23.079],[116.776,23.078],[116.847,23.013],[116.85,23.01],[116.853,23.004],[116.855,23.002],[116.863,22.994],[116.867,22.989],[116.868,22.988],[116.932,22.911],[116.933,22.91],[116.952,22.887],[116.996,22.833],[117.04,22.78],[117.041,22.779],[117.089,22.721],[117.144,22.654],[117.181,22.609],[117.193,22.595],[117.27,22.501],[117.318,22.443],[117.389,22.357],[117.425,22.314],[117.451,22.282],[117.452,22.281],[117.458,22.274],[117.459,22.27],[117.48,22.213],[117.48,22.211],[117.481,22.21],[117.483,22.205],[117.481,22.203],[117.483,22.203],[117.487,22.192],[117.488,22.186],[117.492,22.178],[117.5,22.157],[117.515,22.115],[117.517,22.111],[117.519,22.106],[117.544,22.036],[117.56,21.991],[117.553,21.928],[117.552,21.923],[117.552,21.919],[117.554,21.917],[117.551,21.916],[117.55,21.905],[117.552,21.904],[117.55,21.903],[117.549,21.898],[117.549,21.894],[117.548,21.889],[117.549,21.884],[117.549,21.881],[117.549,21.88],[117.547,21.876],[117.546,21.867],[117.545,21.866],[117.545,21.864],[117.545,21.859],[117.544,21.855],[117.541,21.83],[117.538,21.804],[117.541,21.78],[117.54,21.773],[117.538,21.769],[117.537,21.767],[117.534,21.762],[117.534,21.758],[117.533,21.754],[117.533,21.75],[117.532,21.748],[117.529,21.739],[117.527,21.734],[117.528,21.728],[117.533,21.718],[117.534,21.691],[117.533,21.682],[117.531,21.668],[117.534,21.647],[117.536,21.634],[117.541,21.607],[117.54,21.593],[117.542,21.582],[117.545,21.57],[117.546,21.563],[117.552,21.554],[117.554,21.549],[117.562,21.493],[117.562,21.491],[117.564,21.485],[117.569,21.472],[117.571,21.467],[117.572,21.463],[117.579,21.427],[117.58,21.413],[117.58,21.408],[117.581,21.404],[117.582,21.389],[117.584,21.382],[117.588,21.372],[117.59,21.365],[117.603,21.329],[117.616,21.311],[117.62,21.306],[117.625,21.299],[117.63,21.293],[117.646,21.27],[117.661,21.25],[117.666,21.243],[117.667,21.242],[117.668,21.241],[117.671,21.234],[117.687,21.209],[117.689,21.207],[117.701,21.197],[117.706,21.193],[117.713,21.186],[117.714,21.186],[117.715,21.185],[117.721,21.176],[117.723,21.175],[117.724,21.172],[117.724,21.171],[117.725,21.168],[117.726,21.166],[117.726,21.165],[117.727,21.164],[117.729,21.156],[117.736,21.145],[117.737,21.144],[117.744,21.138],[117.748,21.131],[117.75,21.127],[117.757,21.111],[117.768,21.099],[117.771,21.093],[117.772,21.091],[117.78,21.079],[117.784,21.073],[117.795,21.054],[117.803,21.049],[117.828,21.038],[117.832,21.036],[117.868,21.018],[117.912,20.997],[117.931,20.948],[117.937,20.932],[117.951,20.898],[117.991,20.848],[118.0,20.844],[118.009,20.841],[118.095,20.805],[118.16,20.766],[118.167,20.758],[118.194,20.725],[118.246,20.618],[118.248,20.601],[118.251,20.568],[118.252,20.554],[118.26,20.481],[118.286,20.446],[118.294,20.432],[118.31,20.406],[118.369,20.363],[118.385,20.33],[118.402,20.295],[118.41,20.279],[118.465,20.164],[119.176,19.127],[119.25,19.017],[119.266,19.011],[119.313,19.008],[119.329,18.998],[119.336,18.951]]}},{"type":"Feature","properties":{"name":"","operator":""},"geometry":{"type":"LineString","coordinates":[[-123.116,49.3],[-123.115,49.3],[-123.111,49.301],[-123.11,49.301],[-123.109,49.301]]}},{"type":"Feature","properties":{"name":"CeltixConnect-1","operator":""},"geometry":{"type":"LineString","coordinates":[[-6.165,53.353],[-6.153,53.348],[-6.126,53.349],[-6.092,53.351],[-6.066,53.352],[-6.042,53.357],[-6.029,53.364],[-5.846,53.494],[-5.839,53.496],[-5.828,53.499],[-5.784,53.505],[-5.769,53.506],[-5.751,53.509],[-5.741,53.511],[-5.571,53.536],[-5.566,53.537],[-5.561,53.537],[-5.258,53.508],[-5.223,53.503],[-5.173,53.497],[-5.155,53.489],[-5.14,53.479],[-5.126,53.458],[-5.111,53.438],[-5.102,53.425],[-5.069,53.403],[-5.051,53.39],[-5.014,53.338],[-4.999,53.329],[-4.869,53.271],[-4.826,53.253],[-4.781,53.247],[-4.733,53.243],[-4.708,53.245],[-4.696,53.249],[-4.682,53.256],[-4.661,53.278],[-4.653,53.286]]}},{"type":"Feature","properties":{"name":"","operator":""},"geometry":{"type":"LineString","coordinates":[[-4.637,53.284],[-4.64,53.283],[-4.652,53.28],[-4.673,53.257],[-4.692,53.243],[-4.722,53.237],[-4.767,53.241],[-4.819,53.246],[-4.88,53.259],[-5.055,53.32],[-5.083,53.333],[-5.124,53.388],[-5.171,53.466],[-5.211,53.487],[-5.251,53.496],[-5.438,53.519],[-5.559,53.529],[-5.637,53.518],[-5.707,53.508],[-5.801,53.496],[-5.845,53.486],[-5.853,53.485],[-5.864,53.486],[-5.869,53.485],[-5.911,53.476],[-6.058,53.443],[-6.116,53.432],[-6.124,53.432]]}},{"type":"Feature","properties":{"name":"","operator":""},"geometry":{"type":"LineString","coordinates":[[174.799,-36.837],[174.799,-36.836],[174.799,-36.835],[174.799,-36.833]]}},{"type":"Feature","properties":{"name":"","operator":""},"geometry":{"type":"LineString","coordinates":[[-173.986,-18.652],[-173.987,-18.652],[-173.988,-18.652],[-173.989,-18.652],[-173.99,-18.652],[-173.991,-18.652],[-173.992,-18.651],[-173.993,-18.651],[-173.994,-18.651],[-173.995,-18.651],[-173.996,-18.652],[-173.997,-18.652],[-174.0,-18.655],[-174.002,-18.656],[-174.004,-18.657],[-174.005,-18.658],[-174.007,-18.658],[-174.008,-18.659],[-174.012,-18.659],[-174.014,-18.659],[-174.015,-18.659],[-174.017,-18.66],[-174.022,-18.663],[-174.023,-18.664],[-174.025,-18.666],[-174.027,-18.669],[-174.03,-18.671],[-174.031,-18.673],[-174.032,-18.673],[-174.036,-18.675],[-174.038,-18.676]]}},{"type":"Feature","properties":{"name":"","operator":""},"geometry":{"type":"LineString","coordinates":[[-174.38,-19.806],[-174.379,-19.806],[-174.375,-19.807],[-174.362,-19.807],[-174.36,-19.807],[-174.358,-19.807],[-174.352,-19.807]]}},{"type":"Feature","properties":{"name":"","operator":""},"geometry":{"type":"LineString","coordinates":[[-174.809,-19.568],[-174.817,-19.592],[-174.831,-19.615],[-174.834,-19.62],[-174.835,-19.624],[-174.871,-19.79],[-174.874,-19.802],[-174.876,-19.81],[-174.879,-19.818],[-174.905,-19.881],[-174.913,-19.901],[-174.918,-19.911],[-174.961,-19.99],[-174.97,-20.007],[-174.977,-20.018],[-175.0,-20.05],[-175.024,-20.085],[-175.028,-20.091],[-175.03,-20.094],[-175.032,-20.099],[-175.033,-20.104],[-175.041,-20.136],[-175.049,-20.172],[-175.054,-20.189],[-175.058,-20.201],[-175.131,-20.39],[-175.135,-20.4],[-175.139,-20.41],[-175.174,-20.48],[-175.24,-20.612],[-175.247,-20.627],[-175.25,-20.634],[-175.253,-20.642],[-175.28,-20.733],[-175.289,-20.757],[-175.294,-20.773],[-175.296,-20.784],[-175.296,-20.812],[-175.295,-20.822],[-175.292,-20.843],[-175.289,-20.86],[-175.287,-20.867],[-175.269,-20.9],[-175.26,-20.915],[-175.247,-20.934],[-175.245,-20.937],[-175.241,-20.94],[-175.236,-20.945],[-175.225,-20.956],[-175.222,-20.958],[-175.209,-20.968],[-175.2,-20.976],[-175.199,-20.977],[-175.186,-20.983],[-175.181,-20.988],[-175.18,-20.99],[-175.179,-20.992],[-175.179,-20.999],[-175.18,-21.008],[-175.183,-21.016],[-175.184,-21.022],[-175.185,-21.024],[-175.185,-21.027],[-175.185,-21.029],[-175.186,-21.03],[-175.186,-21.032],[-175.188,-21.035],[-175.189,-21.037],[-175.19,-21.038],[-175.193,-21.039],[-175.195,-21.04],[-175.197,-21.041],[-175.199,-21.041],[-175.201,-21.042],[-175.206,-21.043],[-175.207,-21.043],[-175.208,-21.044],[-175.209,-21.044],[-175.209,-21.045],[-175.213,-21.051],[-175.215,-21.053],[-175.216,-21.056],[-175.218,-21.061],[-175.22,-21.067],[-175.22,-21.069],[-175.221,-21.07],[-175.22,-21.073],[-175.219,-21.074],[-175.209,-21.091],[-175.207,-21.095],[-175.207,-21.096],[-175.206,-21.102],[-175.208,-21.106],[-175.214,-21.117],[-175.215,-21.119],[-175.216,-21.12],[-175.217,-21.121],[-175.219,-21.124]]}},{"type":"Feature","properties":{"name":"","operator":""},"geometry":{"type":"LineString","coordinates":[[-175.219,-21.124],[-175.217,-21.12],[-175.214,-21.117],[-175.209,-21.106],[-175.209,-21.102],[-175.209,-21.099],[-175.209,-21.096],[-175.22,-21.078],[-175.223,-21.074],[-175.224,-21.07],[-175.223,-21.067],[-175.221,-21.064],[-175.219,-21.06],[-175.218,-21.054],[-175.215,-21.049],[-175.213,-21.047],[-175.211,-21.045],[-175.209,-21.043],[-175.207,-21.04],[-175.206,-21.04],[-175.203,-21.039],[-175.199,-21.037],[-175.196,-21.036],[-175.194,-21.033],[-175.192,-21.031],[-175.19,-21.029],[-175.189,-21.028],[-175.188,-21.026],[-175.188,-21.023],[-175.188,-21.021],[-175.19,-21.007],[-175.192,-20.994],[-175.193,-20.987],[-175.195,-20.983],[-175.196,-20.981],[-175.197,-20.98],[-175.202,-20.977],[-175.227,-20.971],[-175.245,-20.966],[-175.247,-20.966],[-175.25,-20.966],[-175.266,-20.965],[-175.272,-20.965],[-175.276,-20.966],[-175.285,-20.967],[-175.297,-20.968]]}},{"type":"Feature","properties":{"name":"","operator":""},"geometry":{"type":"LineString","coordinates":[[-175.605,-20.961],[-175.803,-20.91],[-175.828,-20.906],[-175.887,-20.901],[-175.91,-20.9],[-175.979,-20.906],[-175.996,-20.906],[-176.056,-20.896],[-176.07,-20.895],[-176.145,-20.889],[-176.16,-20.889],[-176.177,-20.892],[-176.218,-20.902],[-176.23,-20.903],[-176.289,-20.907],[-176.3,-20.907],[-176.44,-20.887],[-176.461,-20.885],[-176.57,-20.884],[-176.649,-20.875],[-176.697,-20.878],[-176.715,-20.878],[-176.762,-20.872],[-176.799,-20.867],[-176.805,-20.865],[-176.845,-20.851],[-176.854,-20.845],[-176.877,-20.826],[-176.892,-20.817],[-176.944,-20.796],[-176.997,-20.767],[-177.0,-20.766]]}},{"type":"Feature","properties":{"name":"","operator":""},"geometry":{"type":"LineString","coordinates":[[-170.049,-18.787],[-170.0,-18.918],[-169.982,-18.949],[-169.975,-18.963],[-169.952,-18.993],[-169.946,-19.004],[-169.945,-19.007],[-169.937,-19.014],[-169.929,-19.018],[-169.925,-19.019],[-169.924,-19.019],[-169.923,-19.019]]}},{"type":"Feature","properties":{"name":"","operator":""},"geometry":{"type":"LineString","coordinates":[[-170.721,-14.34],[-170.72,-14.34],[-170.72,-14.341],[-170.719,-14.341],[-170.718,-14.341],[-170.713,-14.34],[-170.711,-14.34],[-170.71,-14.342],[-170.703,-14.347],[-170.697,-14.352],[-170.689,-14.355],[-170.684,-14.361],[-170.682,-14.364],[-170.679,-14.368],[-170.678,-14.37],[-170.676,-14.375],[-170.675,-14.381],[-170.675,-14.385],[-170.676,-14.391],[-170.682,-14.406],[-170.69,-14.422],[-170.694,-14.43],[-170.7,-14.437],[-170.706,-14.443],[-170.714,-14.448],[-170.724,-14.453],[-170.732,-14.456],[-170.747,-14.459],[-170.762,-14.46],[-170.805,-14.459],[-170.868,-14.456],[-170.911,-14.454],[-170.92,-14.452],[-170.927,-14.45],[-170.945,-14.444],[-170.958,-14.438],[-170.967,-14.433],[-170.97,-14.43],[-170.977,-14.423],[-170.985,-14.413],[-171.006,-14.382],[-171.01,-14.375],[-171.013,-14.366],[-171.02,-14.338],[-171.027,-14.313],[-171.038,-14.264],[-171.04,-14.252],[-171.04,-14.24],[-171.036,-14.193],[-171.035,-14.182],[-171.035,-14.14],[-171.035,-14.139],[-171.034,-14.13],[-171.031,-14.114],[-171.025,-14.088],[-171.013,-14.043],[-170.999,-13.998],[-170.996,-13.983],[-170.995,-13.971],[-170.995,-13.955],[-170.997,-13.936],[-171.009,-13.86],[-171.013,-13.841],[-171.019,-13.82],[-171.051,-13.726],[-171.077,-13.649],[-171.083,-13.632],[-171.087,-13.625],[-171.096,-13.61],[-171.108,-13.591],[-171.163,-13.516],[-171.17,-13.507],[-171.179,-13.497],[-171.194,-13.482],[-171.217,-13.461],[-171.303,-13.39],[-171.384,-13.322],[-171.46,-13.258],[-171.71,-13.047],[-171.84,-12.937],[-171.859,-12.921],[-171.999,-12.808],[-172.009,-12.8],[-172.027,-12.786],[-172.043,-12.773],[-172.045,-12.771],[-172.076,-12.751],[-172.187,-12.68],[-172.3,-12.608],[-172.478,-12.495],[-172.502,-12.48],[-172.525,-12.467]]}},{"type":"Feature","properties":{"name":"","operator":""},"geometry":{"type":"LineString","coordinates":[[-171.736,-13.481],[-171.707,-13.519],[-171.697,-13.548],[-171.692,-13.603],[-171.698,-13.627],[-171.719,-13.667],[-171.722,-13.682],[-171.724,-13.704],[-171.726,-13.718],[-171.726,-13.724],[-171.721,-13.746],[-171.724,-13.774],[-171.723,-13.778],[-171.723,-13.784],[-171.724,-13.79],[-171.726,-13.811],[-171.734,-13.826],[-171.736,-13.833],[-171.738,-13.837],[-171.741,-13.841]]}},{"type":"Feature","properties":{"name":"","operator":""},"geometry":{"type":"LineString","coordinates":[[-172.166,-13.403],[-172.137,-13.424],[-172.121,-13.446],[-172.107,-13.478],[-172.104,-13.493],[-172.104,-13.505],[-172.108,-13.541],[-172.125,-13.587],[-172.139,-13.617],[-172.155,-13.636],[-172.168,-13.641],[-172.179,-13.653],[-172.181,-13.654],[-172.182,-13.655],[-172.182,-13.656],[-172.182,-13.657],[-172.182,-13.658],[-172.18,-13.659],[-172.179,-13.66],[-172.177,-13.661],[-172.176,-13.662],[-172.176,-13.664],[-172.177,-13.665]]}},{"type":"Feature","properties":{"name":"","operator":""},"geometry":{"type":"LineString","coordinates":[[-175.605,-20.961],[-175.297,-20.968]]}},{"type":"Feature","properties":{"name":"","operator":""},"geometry":{"type":"LineString","coordinates":[[174.833,-41.293],[174.844,-41.292],[174.86,-41.291],[174.872,-41.29],[174.873,-41.29],[174.894,-41.291]]}},{"type":"Feature","properties":{"name":"","operator":""},"geometry":{"type":"LineString","coordinates":[[174.862,-41.226],[174.861,-41.227],[174.855,-41.232],[174.86,-41.253],[174.861,-41.254],[174.862,-41.254],[174.862,-41.255],[174.864,-41.256],[174.862,-41.254],[174.859,-41.243],[174.858,-41.234],[174.857,-41.232],[174.858,-41.231],[174.862,-41.226]]}},{"type":"Feature","properties":{"name":"Aqualink","operator":""},"geometry":{"type":"LineString","coordinates":[[174.804,-41.329],[174.801,-41.335],[174.8,-41.352],[174.8,-41.353],[174.8,-41.357],[174.804,-41.362],[174.806,-41.37],[174.806,-41.371],[174.805,-41.374],[174.803,-41.376],[174.792,-41.383],[174.767,-41.393],[174.737,-41.412],[174.446,-41.64],[174.446,-41.718],[174.375,-41.811],[174.101,-42.096],[174.002,-42.193],[173.979,-42.222],[173.778,-42.346],[173.777,-42.347],[173.725,-42.38],[173.722,-42.382],[173.719,-42.384],[173.717,-42.385],[173.716,-42.385],[173.714,-42.387],[173.711,-42.39],[173.71,-42.391],[173.71,-42.392],[173.709,-42.392],[173.707,-42.392],[173.706,-42.392],[173.7,-42.39],[173.699,-42.39],[173.694,-42.39],[173.686,-42.389],[173.681,-42.389]]}},{"type":"Feature","properties":{"name":"","operator":""},"geometry":{"type":"LineString","coordinates":[[175.968,-37.443],[175.967,-37.445]]}},{"type":"Feature","properties":{"name":"","operator":""},"geometry":{"type":"LineString","coordinates":[[176.105,-37.608],[176.091,-37.607],[176.086,-37.611]]}},{"type":"Feature","properties":{"name":"","operator":""},"geometry":{"type":"LineString","coordinates":[[176.087,-37.611],[176.088,-37.612],[176.089,-37.613],[176.095,-37.616],[176.102,-37.619],[176.104,-37.62],[176.103,-37.621],[176.103,-37.622],[176.103,-37.623],[176.103,-37.625],[176.103,-37.626]]}},{"type":"Feature","properties":{"name":"Aqualink","operator":""},"geometry":{"type":"LineString","coordinates":[[174.088,-39.051],[174.087,-39.048],[174.085,-39.046],[174.083,-39.045],[174.081,-39.044],[174.069,-39.031],[174.067,-39.03],[174.066,-39.029],[174.066,-39.028],[174.065,-39.028],[174.064,-39.027],[174.061,-39.026],[174.055,-39.022],[174.052,-39.02],[174.051,-39.019],[174.043,-39.007],[174.04,-39.006],[174.039,-39.006],[174.038,-39.006],[174.036,-39.006],[174.034,-39.006],[174.034,-39.005],[174.031,-39.005],[174.03,-39.004],[174.025,-38.998],[174.01,-38.983],[173.999,-38.972],[173.999,-38.971],[173.998,-38.971],[173.998,-38.968],[173.999,-38.967],[174.35,-38.407],[174.7,-37.85],[174.78,-37.79],[174.813,-37.81],[174.828,-37.819]]}},{"type":"Feature","properties":{"name":"","operator":""},"geometry":{"type":"LineString","coordinates":[[176.072,-37.62],[176.053,-37.629]]}},{"type":"Feature","properties":{"name":"","operator":""},"geometry":{"type":"LineString","coordinates":[[176.073,-37.658],[176.068,-37.646]]}},{"type":"Feature","properties":{"name":"","operator":""},"geometry":{"type":"LineString","coordinates":[[174.805,-38.08],[174.802,-38.082],[174.8,-38.082],[174.798,-38.084],[174.797,-38.084],[174.794,-38.085],[174.793,-38.086],[174.792,-38.087],[174.786,-38.09],[174.783,-38.092],[174.775,-38.092]]}},{"type":"Feature","properties":{"name":"","operator":""},"geometry":{"type":"LineString","coordinates":[[176.189,-37.676],[176.183,-37.69]]}},{"type":"Feature","properties":{"name":"","operator":""},"geometry":{"type":"LineString","coordinates":[[172.703,-43.61],[172.702,-43.612],[172.705,-43.614],[172.707,-43.615],[172.708,-43.615],[172.709,-43.617],[172.71,-43.618],[172.711,-43.62],[172.714,-43.624],[172.717,-43.63],[172.719,-43.63]]}},{"type":"Feature","properties":{"name":"","operator":""},"geometry":{"type":"LineString","coordinates":[[172.82,-43.611],[172.819,-43.61],[172.81,-43.603],[172.809,-43.603],[172.808,-43.602],[172.806,-43.599],[172.802,-43.593]]}},{"type":"Feature","properties":{"name":"","operator":""},"geometry":{"type":"LineString","coordinates":[[170.658,-45.838],[170.66,-45.836],[170.664,-45.831],[170.665,-45.83],[170.666,-45.829],[170.668,-45.826],[170.669,-45.824],[170.67,-45.824]]}},{"type":"Feature","properties":{"name":"","operator":""},"geometry":{"type":"LineString","coordinates":[[170.706,-45.8],[170.708,-45.797]]}},{"type":"Feature","properties":{"name":"","operator":""},"geometry":{"type":"LineString","coordinates":[[170.708,-45.797],[170.706,-45.8]]}},{"type":"Feature","properties":{"name":"","operator":""},"geometry":{"type":"LineString","coordinates":[[170.713,-45.793],[170.715,-45.793],[170.716,-45.792],[170.718,-45.789],[170.717,-45.787]]}},{"type":"Feature","properties":{"name":"","operator":""},"geometry":{"type":"LineString","coordinates":[[170.723,-45.788],[170.727,-45.788]]}},{"type":"Feature","properties":{"name":"","operator":""},"geometry":{"type":"LineString","coordinates":[[170.601,-45.858],[170.599,-45.858],[170.598,-45.857],[170.598,-45.856],[170.599,-45.856]]}},{"type":"Feature","properties":{"name":"","operator":""},"geometry":{"type":"LineString","coordinates":[[170.597,-45.861],[170.598,-45.859],[170.598,-45.858],[170.599,-45.858],[170.601,-45.858]]}},{"type":"Feature","properties":{"name":"","operator":""},"geometry":{"type":"LineString","coordinates":[[170.597,-45.865],[170.596,-45.864],[170.597,-45.861]]}},{"type":"Feature","properties":{"name":"","operator":""},"geometry":{"type":"LineString","coordinates":[[170.595,-45.87],[170.593,-45.869],[170.592,-45.868],[170.588,-45.867],[170.581,-45.865],[170.576,-45.863]]}},{"type":"Feature","properties":{"name":"","operator":""},"geometry":{"type":"LineString","coordinates":[[170.572,-45.861],[170.574,-45.862],[170.594,-45.868],[170.595,-45.869],[170.596,-45.869]]}},{"type":"Feature","properties":{"name":"","operator":""},"geometry":{"type":"LineString","coordinates":[[170.574,-45.862],[170.576,-45.863],[170.588,-45.871],[170.589,-45.871],[170.59,-45.872],[170.586,-45.872],[170.585,-45.873],[170.582,-45.875],[170.578,-45.876],[170.578,-45.877]]}},{"type":"Feature","properties":{"name":"","operator":""},"geometry":{"type":"LineString","coordinates":[[170.585,-45.873],[170.586,-45.873]]}},{"type":"Feature","properties":{"name":"","operator":""},"geometry":{"type":"LineString","coordinates":[[170.577,-45.878],[170.576,-45.878]]}},{"type":"Feature","properties":{"name":"","operator":""},"geometry":{"type":"LineString","coordinates":[[170.576,-45.878],[170.575,-45.878],[170.568,-45.879],[170.567,-45.879],[170.564,-45.879],[170.561,-45.879],[170.559,-45.88],[170.558,-45.88],[170.555,-45.879]]}},{"type":"Feature","properties":{"name":"","operator":""},"geometry":{"type":"LineString","coordinates":[[174.244,-35.237],[174.234,-35.23],[174.234,-35.227]]}},{"type":"Feature","properties":{"name":"","operator":""},"geometry":{"type":"LineString","coordinates":[[174.076,-35.21],[174.075,-35.212],[174.071,-35.212]]}},{"type":"Feature","properties":{"name":"","operator":""},"geometry":{"type":"LineString","coordinates":[[174.386,-35.761],[174.384,-35.774],[174.385,-35.779]]}},{"type":"Feature","properties":{"name":"","operator":""},"geometry":{"type":"LineString","coordinates":[[174.388,-35.779],[174.386,-35.779],[174.385,-35.779],[174.375,-35.782],[174.376,-35.782],[174.4,-35.792]]}},{"type":"Feature","properties":{"name":"","operator":""},"geometry":{"type":"LineString","coordinates":[[174.45,-35.822],[174.434,-35.81]]}},{"type":"Feature","properties":{"name":"","operator":""},"geometry":{"type":"LineString","coordinates":[[174.465,-35.826],[174.459,-35.824]]}},{"type":"Feature","properties":{"name":"","operator":""},"geometry":{"type":"LineString","coordinates":[[174.472,-35.819],[174.465,-35.819],[174.463,-35.819],[174.458,-35.821],[174.457,-35.821]]}},{"type":"Feature","properties":{"name":"","operator":""},"geometry":{"type":"LineString","coordinates":[[174.5,-35.839],[174.501,-35.841],[174.511,-35.851]]}},{"type":"Feature","properties":{"name":"","operator":""},"geometry":{"type":"LineString","coordinates":[[174.545,-35.733],[174.541,-35.735],[174.54,-35.736]]}},{"type":"Feature","properties":{"name":"","operator":""},"geometry":{"type":"LineString","coordinates":[[174.089,-36.75],[173.99,-36.735],[173.894,-36.721],[173.837,-36.712],[173.78,-36.725],[173.713,-36.703],[173.609,-36.669],[173.566,-36.654],[173.502,-36.639],[173.408,-36.619],[173.357,-36.61],[173.277,-36.593],[173.244,-36.586],[173.195,-36.579],[173.066,-36.559],[172.993,-36.547],[172.956,-36.542],[172.849,-36.527],[172.747,-36.513],[172.651,-36.499],[172.601,-36.492],[172.557,-36.486],[172.465,-36.472],[172.383,-36.46]]}},{"type":"Feature","properties":{"name":"","operator":""},"geometry":{"type":"LineString","coordinates":[[174.139,-36.816],[174.072,-36.818],[174.015,-36.821],[173.941,-36.824],[173.895,-36.826],[173.719,-36.833],[173.656,-36.835],[173.566,-36.839],[173.433,-36.844],[173.34,-36.847],[173.266,-36.849],[173.093,-36.855],[173.022,-36.859],[172.997,-36.859],[172.932,-36.853],[172.897,-36.849],[172.846,-36.844],[172.794,-36.839],[172.689,-36.829],[172.578,-36.818],[172.502,-36.811],[172.462,-36.806],[172.425,-36.802],[172.383,-36.797]]}},{"type":"Feature","properties":{"name":"","operator":""},"geometry":{"type":"LineString","coordinates":[[174.126,-36.8],[174.1,-36.8],[174.079,-36.801],[174.047,-36.802],[174.012,-36.801],[173.865,-36.785],[173.76,-36.774],[173.697,-36.767],[173.642,-36.762],[173.569,-36.754],[173.506,-36.747],[173.453,-36.742],[173.421,-36.738],[173.324,-36.728],[173.243,-36.719],[173.145,-36.709],[173.077,-36.702],[173.009,-36.695],[172.938,-36.687],[172.859,-36.679],[172.788,-36.671],[172.73,-36.665],[172.591,-36.65],[172.552,-36.646],[172.513,-36.642],[172.489,-36.639],[172.473,-36.638],[172.383,-36.628]]}},{"type":"Feature","properties":{"name":"","operator":""},"geometry":{"type":"LineString","coordinates":[[174.156,-36.842],[174.13,-36.846],[174.09,-36.852],[173.938,-36.872],[173.792,-36.893],[173.646,-36.912],[173.554,-36.925],[173.452,-36.939],[173.308,-36.958],[173.163,-36.978],[173.002,-36.998],[172.893,-36.995],[172.769,-36.99],[172.624,-36.986],[172.522,-36.982],[172.383,-36.977]]}},{"type":"Feature","properties":{"name":"Hawaiki Cable","operator":""},"geometry":{"type":"LineString","coordinates":[[174.576,-36.074],[174.593,-36.072],[174.6,-36.07],[174.604,-36.068],[174.608,-36.067],[174.62,-36.064],[174.653,-36.056],[174.72,-36.04],[174.791,-36.018],[174.808,-36.008],[174.83,-35.995],[174.831,-35.994],[174.852,-35.982],[174.868,-35.967],[174.877,-35.959],[174.895,-35.942],[174.904,-35.932],[174.912,-35.924],[174.919,-35.912],[174.924,-35.903],[174.929,-35.894],[174.942,-35.881],[174.953,-35.874],[174.966,-35.866],[174.986,-35.857]]}},{"type":"Feature","properties":{"name":"","operator":""},"geometry":{"type":"LineString","coordinates":[[174.825,-36.417],[174.827,-36.417],[174.828,-36.418],[174.829,-36.418]]}},{"type":"Feature","properties":{"name":"","operator":""},"geometry":{"type":"LineString","coordinates":[[174.88,-36.596],[174.866,-36.594],[174.855,-36.594],[174.847,-36.595],[174.838,-36.597]]}},{"type":"Feature","properties":{"name":"","operator":""},"geometry":{"type":"LineString","coordinates":[[174.821,-36.614],[174.823,-36.619],[174.821,-36.625],[174.823,-36.627],[174.823,-36.633],[174.827,-36.638],[174.83,-36.639],[174.832,-36.64],[174.834,-36.64],[174.838,-36.639],[174.84,-36.639],[174.846,-36.638],[174.853,-36.635],[174.858,-36.632],[174.86,-36.63],[174.861,-36.629],[174.863,-36.625],[174.864,-36.623],[174.865,-36.621],[174.865,-36.62],[174.873,-36.616],[174.875,-36.614],[174.877,-36.608],[174.877,-36.606],[174.877,-36.605],[174.878,-36.604],[174.883,-36.604],[174.887,-36.603]]}},{"type":"Feature","properties":{"name":"","operator":""},"geometry":{"type":"LineString","coordinates":[[174.897,-36.774],[174.896,-36.774],[174.891,-36.77],[174.888,-36.769],[174.885,-36.767],[174.883,-36.766],[174.875,-36.761],[174.87,-36.757],[174.868,-36.757],[174.867,-36.757],[174.855,-36.757],[174.854,-36.757],[174.846,-36.759],[174.841,-36.76],[174.839,-36.761],[174.836,-36.762],[174.835,-36.763],[174.832,-36.765],[174.821,-36.776],[174.819,-36.777],[174.817,-36.779],[174.815,-36.781],[174.812,-36.784],[174.811,-36.784],[174.81,-36.784],[174.808,-36.786],[174.805,-36.787],[174.794,-36.794],[174.793,-36.795],[174.792,-36.796],[174.791,-36.797],[174.791,-36.798],[174.79,-36.799]]}},{"type":"Feature","properties":{"name":"","operator":""},"geometry":{"type":"LineString","coordinates":[[174.893,-36.775],[174.891,-36.77],[174.891,-36.769],[174.89,-36.766],[174.888,-36.763],[174.883,-36.761],[174.878,-36.758],[174.874,-36.755],[174.871,-36.754],[174.87,-36.753],[174.869,-36.753],[174.855,-36.754],[174.833,-36.758],[174.832,-36.759],[174.831,-36.761],[174.829,-36.763],[174.828,-36.764],[174.825,-36.767],[174.818,-36.773],[174.814,-36.777],[174.81,-36.78],[174.809,-36.782],[174.795,-36.793],[174.794,-36.795],[174.793,-36.796],[174.792,-36.796],[174.79,-36.799]]}},{"type":"Feature","properties":{"name":"","operator":""},"geometry":{"type":"LineString","coordinates":[[174.822,-36.782],[174.82,-36.783],[174.819,-36.783],[174.818,-36.784],[174.817,-36.785],[174.816,-36.785],[174.813,-36.786],[174.81,-36.787],[174.801,-36.792],[174.797,-36.794],[174.796,-36.794],[174.795,-36.794],[174.794,-36.794],[174.793,-36.795],[174.791,-36.797],[174.789,-36.799]]}},{"type":"Feature","properties":{"name":"","operator":""},"geometry":{"type":"LineString","coordinates":[[174.928,-36.78],[174.932,-36.782],[174.936,-36.787],[174.938,-36.789],[174.938,-36.792],[174.938,-36.798],[174.939,-36.804]]}},{"type":"Feature","properties":{"name":"","operator":""},"geometry":{"type":"LineString","coordinates":[[174.997,-36.775],[174.996,-36.774],[174.995,-36.773],[174.994,-36.772],[174.99,-36.769],[174.989,-36.768],[174.988,-36.768],[174.986,-36.768],[174.984,-36.767],[174.981,-36.768],[174.973,-36.768],[174.969,-36.769],[174.963,-36.77],[174.957,-36.771]]}},{"type":"Feature","properties":{"name":"","operator":""},"geometry":{"type":"LineString","coordinates":[[174.957,-36.771],[174.937,-36.771],[174.934,-36.766]]}},{"type":"Feature","properties":{"name":"Vector Waiheke Island Submarine Cable","operator":""},"geometry":{"type":"LineString","coordinates":[[175.023,-36.794],[175.021,-36.797],[175.018,-36.801],[175.013,-36.806],[175.009,-36.811],[175.005,-36.817],[175.002,-36.821],[175.0,-36.823],[174.999,-36.827],[174.998,-36.829],[174.992,-36.836],[174.99,-36.838],[174.984,-36.841],[174.976,-36.846],[174.973,-36.847],[174.966,-36.85],[174.96,-36.852],[174.955,-36.854],[174.949,-36.856],[174.938,-36.86],[174.932,-36.863],[174.921,-36.866],[174.921,-36.867],[174.92,-36.867],[174.919,-36.869],[174.919,-36.87],[174.918,-36.87],[174.916,-36.87],[174.914,-36.87],[174.913,-36.871],[174.912,-36.871]]}},{"type":"Feature","properties":{"name":"","operator":""},"geometry":{"type":"LineString","coordinates":[[174.942,-36.893],[174.943,-36.892],[174.944,-36.891],[174.947,-36.891],[174.949,-36.892],[174.951,-36.891],[174.953,-36.891],[174.96,-36.889],[174.962,-36.889],[174.965,-36.888],[174.967,-36.888],[174.97,-36.888],[174.975,-36.887],[174.987,-36.886]]}},{"type":"Feature","properties":{"name":"","operator":""},"geometry":{"type":"LineString","coordinates":[[174.987,-36.886],[174.984,-36.887],[174.982,-36.888],[174.979,-36.888],[174.978,-36.889],[174.973,-36.889],[174.969,-36.889],[174.966,-36.89],[174.963,-36.89],[174.961,-36.89],[174.957,-36.891],[174.95,-36.893],[174.949,-36.894],[174.946,-36.893],[174.942,-36.893]]}},{"type":"Feature","properties":{"name":"Vector Waiheke Island Submarine Cable","operator":""},"geometry":{"type":"LineString","coordinates":[[175.084,-36.834],[175.083,-36.834],[175.083,-36.835],[175.082,-36.836],[175.081,-36.837],[175.08,-36.839],[175.079,-36.84],[175.078,-36.841],[175.077,-36.842],[175.076,-36.844],[175.075,-36.845],[175.075,-36.846],[175.074,-36.846],[175.073,-36.847],[175.073,-36.848],[175.072,-36.849],[175.071,-36.85],[175.07,-36.852],[175.069,-36.852],[175.069,-36.853],[175.068,-36.854],[175.067,-36.855],[175.067,-36.856],[175.066,-36.856],[175.065,-36.859],[175.064,-36.86],[175.062,-36.862],[175.061,-36.863],[175.061,-36.864],[175.06,-36.865],[175.059,-36.866],[175.058,-36.868],[175.057,-36.869],[175.056,-36.87],[175.055,-36.871],[175.055,-36.872],[175.054,-36.873],[175.054,-36.874],[175.053,-36.874],[175.052,-36.876],[175.051,-36.876],[175.05,-36.877],[175.05,-36.878],[175.051,-36.881]]}},{"type":"Feature","properties":{"name":"Chorus Maraetai-Woodside Bay cable","operator":""},"geometry":{"type":"LineString","coordinates":[[175.044,-36.88],[175.045,-36.879],[175.046,-36.876],[175.049,-36.873],[175.066,-36.855],[175.084,-36.837],[175.085,-36.835]]}},{"type":"Feature","properties":{"name":"","operator":""},"geometry":{"type":"LineString","coordinates":[[175.198,-36.81],[175.197,-36.809],[175.191,-36.806],[175.19,-36.805],[175.191,-36.804],[175.194,-36.801],[175.195,-36.799]]}},{"type":"Feature","properties":{"name":"","operator":""},"geometry":{"type":"LineString","coordinates":[[175.195,-36.799],[175.195,-36.8],[175.194,-36.804],[175.194,-36.806],[175.194,-36.807],[175.195,-36.81],[175.196,-36.811]]}},{"type":"Feature","properties":{"name":"","operator":""},"geometry":{"type":"LineString","coordinates":[[174.794,-36.85],[174.792,-36.851]]}},{"type":"Feature","properties":{"name":"","operator":""},"geometry":{"type":"LineString","coordinates":[[174.78,-36.825],[174.776,-36.822],[174.772,-36.821],[174.768,-36.82]]}},{"type":"Feature","properties":{"name":"","operator":""},"geometry":{"type":"LineString","coordinates":[[174.767,-36.819],[174.76,-36.818],[174.752,-36.817],[174.751,-36.817]]}},{"type":"Feature","properties":{"name":"","operator":""},"geometry":{"type":"LineString","coordinates":[[174.642,-36.967],[174.644,-36.966],[174.647,-36.963],[174.648,-36.962]]}},{"type":"Feature","properties":{"name":"","operator":""},"geometry":{"type":"LineString","coordinates":[[175.713,-36.838],[175.708,-36.837]]}},{"type":"Feature","properties":{"name":"","operator":""},"geometry":{"type":"LineString","coordinates":[[175.713,-36.838],[175.709,-36.837],[175.708,-36.837],[175.707,-36.838],[175.707,-36.839],[175.706,-36.839]]}},{"type":"Feature","properties":{"name":"","operator":""},"geometry":{"type":"LineString","coordinates":[[175.321,-36.144],[175.31,-36.168]]}},{"type":"Feature","properties":{"name":"","operator":""},"geometry":{"type":"LineString","coordinates":[[175.321,-36.144],[175.322,-36.145],[175.321,-36.154],[175.321,-36.157],[175.321,-36.158],[175.322,-36.162],[175.322,-36.163],[175.322,-36.165],[175.322,-36.166],[175.322,-36.167],[175.323,-36.171]]}},{"type":"Feature","properties":{"name":"","operator":""},"geometry":{"type":"LineString","coordinates":[[-174.43,-19.775],[-174.426,-19.78],[-174.424,-19.782],[-174.417,-19.785],[-174.411,-19.787],[-174.407,-19.787],[-174.406,-19.788],[-174.403,-19.79],[-174.402,-19.79],[-174.401,-19.793],[-174.4,-19.793],[-174.399,-19.799],[-174.398,-19.799],[-174.398,-19.8],[-174.397,-19.801],[-174.396,-19.801],[-174.395,-19.801],[-174.394,-19.802],[-174.392,-19.802],[-174.389,-19.802],[-174.388,-19.803],[-174.386,-19.804],[-174.382,-19.805],[-174.38,-19.806]]}},{"type":"Feature","properties":{"name":"","operator":""},"geometry":{"type":"LineString","coordinates":[[-173.333,-13.438],[-173.094,-13.395],[-173.03,-13.346],[-172.968,-13.305],[-172.867,-13.296],[-172.797,-13.278],[-172.635,-13.302],[-172.564,-13.332],[-172.423,-13.32],[-172.384,-13.295],[-172.347,-13.289],[-172.317,-13.303],[-172.285,-13.344],[-172.263,-13.365],[-172.241,-13.38],[-172.166,-13.403],[-172.13,-13.402],[-172.08,-13.391],[-171.968,-13.4],[-171.893,-13.422],[-171.825,-13.428],[-171.736,-13.481],[-171.689,-13.49],[-171.637,-13.482],[-171.593,-13.451]]}},{"type":"Feature","properties":{"name":"","operator":""},"geometry":{"type":"LineString","coordinates":[[176.182,-37.69],[176.177,-37.693],[176.166,-37.7]]}},{"type":"Feature","properties":{"name":"Aqualink","operator":""},"geometry":{"type":"LineString","coordinates":[[174.832,-41.108],[174.832,-41.105],[174.829,-41.1],[174.827,-41.097],[174.819,-41.087],[174.807,-41.052],[174.939,-40.92],[174.959,-40.9],[174.967,-40.897],[174.978,-40.898]]}},{"type":"Feature","properties":{"name":"Cook Strait Fibre Cable","operator":"Transpower New Zealand"},"geometry":{"type":"LineString","coordinates":[[174.63,-41.294],[174.621,-41.302],[174.619,-41.303],[174.611,-41.307],[174.606,-41.309],[174.591,-41.317],[174.588,-41.318],[174.586,-41.322],[174.585,-41.323],[174.582,-41.324],[174.575,-41.327],[174.571,-41.328],[174.538,-41.331],[174.5,-41.335],[174.473,-41.338],[174.458,-41.34],[174.452,-41.341],[174.44,-41.343],[174.427,-41.344],[174.418,-41.345],[174.409,-41.346],[174.404,-41.347],[174.401,-41.347],[174.396,-41.346],[174.381,-41.346],[174.377,-41.345],[174.372,-41.345],[174.367,-41.346],[174.361,-41.346],[174.354,-41.347],[174.347,-41.348],[174.34,-41.348],[174.326,-41.349],[174.282,-41.353],[174.232,-41.357],[174.217,-41.349],[174.206,-41.341],[174.2,-41.324],[174.199,-41.321],[174.202,-41.31]]}},{"type":"Feature","properties":{"name":"Aqualink","operator":""},"geometry":{"type":"LineString","coordinates":[[175.02,-40.863],[175.016,-40.859],[175.008,-40.85],[175.007,-40.846],[175.007,-40.805],[175.013,-40.373],[175.016,-40.199],[174.919,-40.118],[174.918,-39.977],[174.935,-39.963],[174.939,-39.962],[174.942,-39.962],[174.951,-39.958],[174.953,-39.951],[174.954,-39.95],[174.962,-39.948],[174.977,-39.941]]}},{"type":"Feature","properties":{"name":"Aqualink","operator":""},"geometry":{"type":"LineString","coordinates":[[172.724,-43.486],[172.816,-43.457],[173.475,-42.96],[173.475,-42.867],[173.475,-42.786],[173.433,-42.749],[173.438,-42.735],[173.442,-42.729],[173.452,-42.713],[173.462,-42.697],[173.509,-42.617],[173.533,-42.577],[173.534,-42.547],[173.538,-42.519],[173.537,-42.514],[173.52,-42.511],[173.508,-42.509]]}},{"type":"Feature","properties":{"name":"","operator":""},"geometry":{"type":"LineString","coordinates":[[174.172,-41.2],[174.171,-41.2],[174.172,-41.198],[174.173,-41.197],[174.175,-41.194],[174.175,-41.193],[174.177,-41.192],[174.177,-41.191],[174.178,-41.191],[174.177,-41.191],[174.177,-41.19],[174.177,-41.189],[174.177,-41.187],[174.178,-41.186],[174.178,-41.185],[174.178,-41.184],[174.179,-41.183],[174.179,-41.182],[174.18,-41.181],[174.18,-41.18]]}},{"type":"Feature","properties":{"name":"","operator":""},"geometry":{"type":"LineString","coordinates":[[174.179,-41.183],[174.179,-41.182],[174.177,-41.182],[174.176,-41.182]]}},{"type":"Feature","properties":{"name":"","operator":""},"geometry":{"type":"LineString","coordinates":[[174.176,-41.181],[174.176,-41.182],[174.176,-41.183],[174.175,-41.184],[174.174,-41.184],[174.173,-41.184]]}},{"type":"Feature","properties":{"name":"","operator":""},"geometry":{"type":"LineString","coordinates":[[174.184,-41.193],[174.18,-41.196],[174.179,-41.197],[174.178,-41.197],[174.177,-41.197]]}},{"type":"Feature","properties":{"name":"","operator":""},"geometry":{"type":"LineString","coordinates":[[174.172,-41.181],[174.173,-41.182],[174.173,-41.183],[174.173,-41.184],[174.172,-41.185],[174.171,-41.185],[174.171,-41.186],[174.17,-41.185],[174.169,-41.185],[174.168,-41.185],[174.167,-41.184],[174.166,-41.183]]}},{"type":"Feature","properties":{"name":"","operator":""},"geometry":{"type":"LineString","coordinates":[[174.154,-41.178],[174.155,-41.178],[174.156,-41.179],[174.157,-41.179],[174.157,-41.18],[174.157,-41.181],[174.156,-41.181],[174.155,-41.181],[174.153,-41.181],[174.15,-41.182]]}},{"type":"Feature","properties":{"name":"","operator":""},"geometry":{"type":"LineString","coordinates":[[174.153,-41.193],[174.154,-41.193],[174.155,-41.193],[174.156,-41.193],[174.156,-41.194],[174.156,-41.196],[174.157,-41.197],[174.157,-41.198],[174.156,-41.199],[174.155,-41.2]]}},{"type":"Feature","properties":{"name":"","operator":""},"geometry":{"type":"LineString","coordinates":[[174.126,-41.2],[174.125,-41.199],[174.126,-41.198],[174.127,-41.196],[174.127,-41.195],[174.126,-41.194],[174.127,-41.192]]}},{"type":"Feature","properties":{"name":"","operator":""},"geometry":{"type":"LineString","coordinates":[[174.126,-41.194],[174.124,-41.194],[174.123,-41.194]]}},{"type":"Feature","properties":{"name":"","operator":""},"geometry":{"type":"LineString","coordinates":[[174.125,-41.193],[174.125,-41.194],[174.124,-41.194],[174.124,-41.195],[174.123,-41.196],[174.122,-41.197],[174.121,-41.198],[174.119,-41.199],[174.117,-41.2]]}},{"type":"Feature","properties":{"name":"","operator":""},"geometry":{"type":"LineString","coordinates":[[174.165,-41.15],[174.164,-41.15],[174.159,-41.15]]}},{"type":"Feature","properties":{"name":"","operator":""},"geometry":{"type":"LineString","coordinates":[[174.16,-41.131],[174.163,-41.13],[174.166,-41.131],[174.167,-41.133],[174.169,-41.138],[174.169,-41.141],[174.168,-41.147],[174.165,-41.15]]}},{"type":"Feature","properties":{"name":"","operator":""},"geometry":{"type":"LineString","coordinates":[[174.184,-41.125],[174.183,-41.125],[174.181,-41.124],[174.179,-41.123],[174.172,-41.12],[174.165,-41.118],[174.163,-41.118],[174.161,-41.117],[174.153,-41.129]]}},{"type":"Feature","properties":{"name":"","operator":""},"geometry":{"type":"LineString","coordinates":[[174.178,-41.094],[174.178,-41.095],[174.178,-41.097],[174.176,-41.101],[174.174,-41.103],[174.173,-41.105],[174.172,-41.106],[174.171,-41.107],[174.171,-41.108],[174.172,-41.108],[174.171,-41.109],[174.171,-41.11],[174.17,-41.112],[174.167,-41.115],[174.167,-41.116],[174.165,-41.117],[174.164,-41.117],[174.163,-41.117],[174.161,-41.117]]}},{"type":"Feature","properties":{"name":"","operator":""},"geometry":{"type":"LineString","coordinates":[[174.184,-41.104],[174.183,-41.104],[174.172,-41.107],[174.171,-41.107],[174.17,-41.107]]}},{"type":"Feature","properties":{"name":"","operator":""},"geometry":{"type":"LineString","coordinates":[[174.186,-41.091],[174.185,-41.092],[174.18,-41.093],[174.178,-41.094]]}},{"type":"Feature","properties":{"name":"","operator":""},"geometry":{"type":"LineString","coordinates":[[174.177,-41.087],[174.177,-41.088],[174.177,-41.089],[174.178,-41.091],[174.178,-41.092],[174.178,-41.093]]}},{"type":"Feature","properties":{"name":"","operator":""},"geometry":{"type":"LineString","coordinates":[[174.185,-41.1],[174.185,-41.099],[174.185,-41.096],[174.185,-41.095],[174.185,-41.094],[174.186,-41.092],[174.185,-41.092],[174.184,-41.092],[174.183,-41.091],[174.182,-41.09],[174.181,-41.089]]}},{"type":"Feature","properties":{"name":"","operator":""},"geometry":{"type":"LineString","coordinates":[[174.181,-41.089],[174.18,-41.089],[174.177,-41.088],[174.177,-41.087]]}},{"type":"Feature","properties":{"name":"","operator":""},"geometry":{"type":"LineString","coordinates":[[174.178,-41.097],[174.176,-41.096]]}},{"type":"Feature","properties":{"name":"","operator":""},"geometry":{"type":"LineString","coordinates":[[174.107,-41.045],[174.102,-41.045]]}},{"type":"Feature","properties":{"name":"","operator":""},"geometry":{"type":"LineString","coordinates":[[174.057,-41.006],[174.057,-41.004],[174.055,-40.992]]}},{"type":"Feature","properties":{"name":"","operator":""},"geometry":{"type":"LineString","coordinates":[[173.934,-41.085],[173.933,-41.085],[173.927,-41.082],[173.919,-41.079],[173.912,-41.076],[173.911,-41.075],[173.91,-41.075],[173.909,-41.076]]}},{"type":"Feature","properties":{"name":"","operator":""},"geometry":{"type":"LineString","coordinates":[[173.893,-41.079],[173.892,-41.079],[173.891,-41.079],[173.89,-41.079],[173.889,-41.079],[173.889,-41.078],[173.888,-41.078],[173.887,-41.078],[173.887,-41.077],[173.887,-41.076],[173.888,-41.076]]}},{"type":"Feature","properties":{"name":"","operator":""},"geometry":{"type":"LineString","coordinates":[[173.886,-41.1],[173.886,-41.099],[173.885,-41.099],[173.882,-41.098],[173.881,-41.098],[173.88,-41.098]]}},{"type":"Feature","properties":{"name":"","operator":""},"geometry":{"type":"LineString","coordinates":[[173.864,-41.09],[173.864,-41.091],[173.864,-41.092],[173.864,-41.093],[173.863,-41.093]]}},{"type":"Feature","properties":{"name":"","operator":""},"geometry":{"type":"LineString","coordinates":[[173.846,-41.114],[173.847,-41.117]]}},{"type":"Feature","properties":{"name":"","operator":""},"geometry":{"type":"LineString","coordinates":[[173.779,-41.157],[173.782,-41.157],[173.784,-41.157],[173.784,-41.16],[173.782,-41.163],[173.782,-41.164],[173.778,-41.168],[173.777,-41.169]]}},{"type":"Feature","properties":{"name":"","operator":""},"geometry":{"type":"LineString","coordinates":[[173.792,-41.167],[173.791,-41.168],[173.789,-41.169],[173.789,-41.17],[173.79,-41.17],[173.789,-41.17],[173.782,-41.17],[173.782,-41.171],[173.781,-41.171],[173.779,-41.174],[173.777,-41.169]]}},{"type":"Feature","properties":{"name":"","operator":""},"geometry":{"type":"LineString","coordinates":[[173.846,-41.221],[173.846,-41.22],[173.847,-41.219],[173.847,-41.217]]}},{"type":"Feature","properties":{"name":"","operator":""},"geometry":{"type":"LineString","coordinates":[[173.891,-41.218],[173.892,-41.216],[173.893,-41.212],[173.893,-41.211],[173.898,-41.21],[173.899,-41.21],[173.9,-41.211]]}},{"type":"Feature","properties":{"name":"","operator":""},"geometry":{"type":"LineString","coordinates":[[173.895,-41.225],[173.892,-41.226],[173.891,-41.226],[173.89,-41.226],[173.89,-41.225],[173.889,-41.225]]}},{"type":"Feature","properties":{"name":"","operator":""},"geometry":{"type":"LineString","coordinates":[[173.909,-41.225],[173.906,-41.231],[173.896,-41.225],[173.895,-41.225],[173.894,-41.226],[173.893,-41.227],[173.892,-41.227],[173.891,-41.227],[173.889,-41.226],[173.888,-41.226]]}},{"type":"Feature","properties":{"name":"","operator":""},"geometry":{"type":"LineString","coordinates":[[173.95,-41.214],[173.949,-41.214],[173.946,-41.212]]}},{"type":"Feature","properties":{"name":"","operator":""},"geometry":{"type":"LineString","coordinates":[[173.974,-41.193],[173.973,-41.193],[173.97,-41.194],[173.968,-41.193],[173.965,-41.19],[173.965,-41.189],[173.965,-41.188],[173.966,-41.188],[173.967,-41.188]]}},{"type":"Feature","properties":{"name":"","operator":""},"geometry":{"type":"LineString","coordinates":[[173.96,-41.176],[173.965,-41.184],[173.967,-41.188]]}},{"type":"Feature","properties":{"name":"","operator":""},"geometry":{"type":"LineString","coordinates":[[173.967,-41.188],[173.966,-41.187],[173.963,-41.188],[173.963,-41.189],[173.967,-41.197],[173.97,-41.204],[173.973,-41.208],[173.973,-41.211]]}},{"type":"Feature","properties":{"name":"","operator":""},"geometry":{"type":"LineString","coordinates":[[173.949,-41.185],[173.95,-41.194],[173.951,-41.205],[173.951,-41.209],[173.952,-41.211],[173.954,-41.216]]}},{"type":"Feature","properties":{"name":"","operator":""},"geometry":{"type":"LineString","coordinates":[[173.957,-41.144],[173.959,-41.143],[173.956,-41.138],[173.959,-41.137],[173.955,-41.132],[173.954,-41.131],[173.953,-41.13]]}},{"type":"Feature","properties":{"name":"","operator":""},"geometry":{"type":"LineString","coordinates":[[174.039,-41.162],[174.039,-41.164],[174.039,-41.18],[174.039,-41.193]]}},{"type":"Feature","properties":{"name":"","operator":""},"geometry":{"type":"LineString","coordinates":[[174.043,-41.176],[174.042,-41.177],[174.04,-41.191],[174.039,-41.193]]}},{"type":"Feature","properties":{"name":"","operator":""},"geometry":{"type":"LineString","coordinates":[[174.256,-41.199],[174.256,-41.198],[174.255,-41.198],[174.254,-41.198],[174.253,-41.199],[174.253,-41.2]]}},{"type":"Feature","properties":{"name":"","operator":""},"geometry":{"type":"LineString","coordinates":[[174.265,-41.197],[174.264,-41.197],[174.26,-41.198],[174.256,-41.198]]}},{"type":"Feature","properties":{"name":"","operator":""},"geometry":{"type":"LineString","coordinates":[[174.264,-41.183],[174.263,-41.182],[174.263,-41.181],[174.264,-41.181],[174.264,-41.18],[174.265,-41.18],[174.266,-41.181],[174.266,-41.182],[174.267,-41.181],[174.268,-41.18],[174.268,-41.179],[174.269,-41.179],[174.27,-41.18],[174.272,-41.181],[174.274,-41.181],[174.275,-41.182]]}},{"type":"Feature","properties":{"name":"","operator":""},"geometry":{"type":"LineString","coordinates":[[173.866,-41.016],[173.865,-41.019],[173.864,-41.02],[173.863,-41.021],[173.862,-41.022],[173.86,-41.021],[173.858,-41.02],[173.857,-41.02],[173.856,-41.02],[173.858,-41.022],[173.858,-41.023],[173.859,-41.024],[173.873,-41.028],[173.876,-41.028]]}},{"type":"Feature","properties":{"name":"","operator":""},"geometry":{"type":"LineString","coordinates":[[173.836,-40.903],[173.838,-40.904],[173.846,-40.914],[173.851,-40.922],[173.849,-40.924],[173.844,-40.929]]}},{"type":"Feature","properties":{"name":"","operator":""},"geometry":{"type":"LineString","coordinates":[[173.893,-40.86],[173.892,-40.859],[173.89,-40.859],[173.889,-40.859],[173.889,-40.86],[173.886,-40.861],[173.885,-40.862],[173.885,-40.863],[173.885,-40.865],[173.885,-40.866],[173.884,-40.866],[173.882,-40.867],[173.88,-40.869],[173.878,-40.87],[173.877,-40.87]]}},{"type":"Feature","properties":{"name":"","operator":""},"geometry":{"type":"LineString","coordinates":[[173.888,-40.771],[173.876,-40.779],[173.874,-40.78]]}},{"type":"Feature","properties":{"name":"Spark Nelson - Levin inter-island cable","operator":""},"geometry":{"type":"LineString","coordinates":[[175.182,-40.594],[173.917,-40.508],[173.888,-40.505],[173.884,-40.505],[173.864,-40.508],[173.845,-40.512],[173.825,-40.517],[173.806,-40.523],[173.782,-40.529],[173.77,-40.537],[173.747,-40.552],[173.737,-40.559],[173.73,-40.563],[173.725,-40.568],[173.721,-40.573],[173.716,-40.581],[173.702,-40.605],[173.691,-40.623],[173.674,-40.651],[173.664,-40.666],[173.656,-40.68],[173.638,-40.707],[173.625,-40.727],[173.613,-40.746],[173.602,-40.765],[173.587,-40.789],[173.578,-40.803],[173.547,-40.855],[173.539,-40.868],[173.527,-40.887],[173.506,-40.921],[173.497,-40.935],[173.487,-40.953],[173.476,-40.97],[173.468,-40.983],[173.458,-40.999],[173.44,-41.028],[173.427,-41.05],[173.421,-41.06],[173.414,-41.071],[173.407,-41.083],[173.398,-41.098],[173.396,-41.101],[173.396,-41.102],[173.395,-41.103],[173.395,-41.106],[173.395,-41.12],[173.395,-41.133],[173.395,-41.135],[173.395,-41.136],[173.396,-41.138],[173.4,-41.141],[173.404,-41.146],[173.408,-41.149],[173.413,-41.154],[173.413,-41.155],[173.414,-41.156],[173.413,-41.16]]}},{"type":"Feature","properties":{"name":"","operator":""},"geometry":{"type":"LineString","coordinates":[[173.691,-41.056],[173.69,-41.06],[173.689,-41.069],[173.688,-41.075]]}},{"type":"Feature","properties":{"name":"","operator":""},"geometry":{"type":"LineString","coordinates":[[173.025,-41.14],[173.024,-41.14],[173.024,-41.141]]}},{"type":"Feature","properties":{"name":"","operator":""},"geometry":{"type":"LineString","coordinates":[[173.015,-41.049],[173.013,-41.052],[173.009,-41.057],[173.007,-41.06],[173.007,-41.062]]}},{"type":"Feature","properties":{"name":"","operator":""},"geometry":{"type":"LineString","coordinates":[[173.007,-41.014],[173.007,-41.016]]}},{"type":"Feature","properties":{"name":"Tasman Global Access (TGA)","operator":""},"geometry":{"type":"LineString","coordinates":[[174.843,-37.813],[174.828,-37.819],[174.808,-37.803],[174.803,-37.8],[174.803,-37.799],[174.799,-37.796],[174.796,-37.794],[174.792,-37.791],[174.786,-37.787],[174.763,-37.777],[174.727,-37.766],[174.709,-37.763],[174.707,-37.762],[174.653,-37.745],[174.652,-37.744],[174.637,-37.738],[174.636,-37.737],[174.458,-37.681],[174.408,-37.666],[174.382,-37.657],[174.379,-37.656],[174.378,-37.656],[174.377,-37.655],[174.376,-37.654],[174.376,-37.655],[174.375,-37.655],[174.374,-37.655],[174.374,-37.656],[174.373,-37.656],[174.372,-37.655],[174.37,-37.655],[174.37,-37.654],[174.369,-37.653],[174.368,-37.653],[174.324,-37.639],[174.319,-37.638],[174.3,-37.636],[174.295,-37.635],[174.255,-37.632],[174.251,-37.631],[174.215,-37.628],[174.209,-37.627],[174.168,-37.621],[174.153,-37.619],[174.11,-37.616],[174.09,-37.614],[174.074,-37.612],[174.069,-37.612],[174.067,-37.611],[174.049,-37.611],[174.038,-37.612],[174.036,-37.612],[174.033,-37.612],[174.029,-37.612],[174.018,-37.61],[174.015,-37.61],[174.003,-37.61],[173.998,-37.61],[173.993,-37.609],[173.985,-37.608],[173.98,-37.607],[173.971,-37.606],[173.965,-37.604],[173.962,-37.604],[173.96,-37.603],[173.934,-37.604],[173.908,-37.601],[173.901,-37.601],[173.887,-37.599],[173.878,-37.597],[173.872,-37.596],[173.867,-37.596],[173.861,-37.596],[173.854,-37.596],[173.849,-37.596],[173.845,-37.595],[173.83,-37.591],[173.821,-37.589],[173.817,-37.588],[173.81,-37.587],[173.8,-37.587],[173.793,-37.586],[173.749,-37.583],[173.727,-37.581],[173.71,-37.58],[173.698,-37.579],[173.686,-37.578],[173.657,-37.575],[173.647,-37.575],[173.634,-37.573],[173.608,-37.572],[173.598,-37.572],[173.591,-37.572],[173.586,-37.571],[173.566,-37.569],[173.561,-37.569],[173.558,-37.568],[173.551,-37.567],[173.543,-37.567],[173.537,-37.566],[173.531,-37.565],[173.51,-37.562],[173.504,-37.561],[173.497,-37.56],[173.495,-37.559],[173.454,-37.546],[173.45,-37.545],[173.342,-37.509],[173.325,-37.504],[173.324,-37.503],[173.317,-37.5],[173.312,-37.499],[173.309,-37.498],[173.307,-37.498],[173.291,-37.495],[173.282,-37.494],[173.275,-37.492],[173.272,-37.492],[173.265,-37.489],[173.236,-37.478],[173.217,-37.471],[173.212,-37.469],[173.206,-37.465],[173.199,-37.462],[173.175,-37.448],[173.152,-37.433],[173.145,-37.429],[173.139,-37.426],[173.134,-37.423],[173.128,-37.421],[173.122,-37.419],[173.074,-37.405],[173.064,-37.403],[173.056,-37.4],[173.046,-37.398],[172.908,-37.371],[172.891,-37.368],[172.637,-37.33]]}},{"type":"Feature","properties":{"name":"","operator":""},"geometry":{"type":"LineString","coordinates":[[174.016,-41.228],[174.013,-41.23],[174.013,-41.231],[174.012,-41.237],[174.011,-41.241],[174.01,-41.245],[174.009,-41.25],[174.008,-41.255],[174.007,-41.257],[174.007,-41.259]]}},{"type":"Feature","properties":{"name":"","operator":""},"geometry":{"type":"LineString","coordinates":[[173.994,-41.263],[173.994,-41.262],[173.994,-41.259],[173.993,-41.257],[173.992,-41.256],[173.991,-41.255],[173.989,-41.254],[173.985,-41.249],[173.984,-41.249]]}},{"type":"Feature","properties":{"name":"","operator":""},"geometry":{"type":"LineString","coordinates":[[173.986,-41.244],[173.988,-41.246],[173.992,-41.248],[173.993,-41.249],[173.996,-41.252],[173.996,-41.253],[173.995,-41.255],[173.995,-41.257],[173.995,-41.258],[173.994,-41.259],[173.994,-41.262],[173.994,-41.263]]}},{"type":"Feature","properties":{"name":"","operator":""},"geometry":{"type":"LineString","coordinates":[[173.982,-41.244],[173.974,-41.246],[173.973,-41.246],[173.972,-41.246],[173.97,-41.246]]}},{"type":"Feature","properties":{"name":"","operator":""},"geometry":{"type":"LineString","coordinates":[[173.98,-41.228],[173.979,-41.228],[173.97,-41.233],[173.967,-41.234]]}},{"type":"Feature","properties":{"name":"","operator":""},"geometry":{"type":"LineString","coordinates":[[174.08,-41.249],[174.079,-41.248],[174.079,-41.249],[174.078,-41.249],[174.077,-41.249],[174.074,-41.251],[174.065,-41.256]]}},{"type":"Feature","properties":{"name":"","operator":""},"geometry":{"type":"LineString","coordinates":[[-171.741,-13.841],[-171.74,-13.84],[-171.739,-13.839],[-171.737,-13.837],[-171.735,-13.833],[-171.733,-13.831],[-171.731,-13.825],[-171.727,-13.822],[-171.725,-13.821],[-171.724,-13.819],[-171.721,-13.815],[-171.721,-13.814],[-171.719,-13.808],[-171.719,-13.807],[-171.716,-13.803],[-171.715,-13.802],[-171.715,-13.799],[-171.714,-13.797],[-171.712,-13.795],[-171.711,-13.794],[-171.708,-13.788],[-171.707,-13.786],[-171.693,-13.768],[-171.689,-13.763],[-171.688,-13.757],[-171.682,-13.749],[-171.681,-13.747],[-171.681,-13.746],[-171.681,-13.745],[-171.678,-13.739],[-171.677,-13.737],[-171.672,-13.731],[-171.666,-13.723],[-171.661,-13.715],[-171.637,-13.675],[-171.626,-13.659],[-171.612,-13.64],[-171.583,-13.608],[-171.536,-13.555],[-171.522,-13.541],[-171.51,-13.532],[-171.495,-13.523],[-171.48,-13.516],[-171.463,-13.51],[-171.445,-13.505],[-171.428,-13.502],[-171.412,-13.501],[-171.394,-13.502],[-171.37,-13.506],[-171.35,-13.51],[-171.33,-13.516],[-171.315,-13.524],[-171.301,-13.532],[-171.279,-13.549],[-171.264,-13.562],[-171.255,-13.571],[-171.243,-13.586],[-171.233,-13.602],[-171.221,-13.626],[-171.21,-13.653],[-171.203,-13.678],[-171.201,-13.702],[-171.199,-13.74],[-171.198,-13.749],[-171.198,-13.751],[-171.193,-13.805],[-171.191,-13.834],[-171.191,-13.851],[-171.192,-13.866],[-171.204,-13.931],[-171.205,-13.935],[-171.206,-13.947],[-171.206,-13.961],[-171.205,-13.975],[-171.201,-13.991],[-171.191,-14.011],[-171.181,-14.03],[-171.169,-14.047],[-171.134,-14.088],[-171.126,-14.099],[-171.116,-14.115],[-171.11,-14.129],[-171.106,-14.146],[-171.103,-14.165],[-171.102,-14.191],[-171.103,-14.209],[-171.107,-14.224],[-171.116,-14.245],[-171.123,-14.266],[-171.126,-14.283],[-171.124,-14.3],[-171.116,-14.359],[-171.115,-14.363],[-171.114,-14.368],[-171.113,-14.372],[-171.112,-14.376],[-171.11,-14.38],[-171.108,-14.384],[-171.106,-14.389],[-171.102,-14.395],[-171.087,-14.417],[-171.066,-14.446],[-171.053,-14.464],[-171.045,-14.473],[-171.0,-14.525],[-170.986,-14.537],[-170.975,-14.543],[-170.958,-14.551],[-170.934,-14.56],[-170.915,-14.566],[-170.897,-14.569],[-170.869,-14.571],[-170.846,-14.572],[-170.824,-14.57],[-170.805,-14.567],[-170.787,-14.562],[-170.772,-14.555],[-170.759,-14.547],[-170.742,-14.533],[-170.729,-14.522],[-170.719,-14.51],[-170.709,-14.492],[-170.701,-14.478],[-170.684,-14.445],[-170.679,-14.435],[-170.676,-14.424],[-170.675,-14.413],[-170.676,-14.403],[-170.678,-14.393],[-170.683,-14.381],[-170.685,-14.378],[-170.686,-14.376],[-170.688,-14.375],[-170.7,-14.362],[-170.708,-14.354],[-170.708,-14.353],[-170.714,-14.345],[-170.714,-14.344],[-170.715,-14.343],[-170.716,-14.342],[-170.721,-14.34],[-170.657,-14.355],[-170.652,-14.355],[-170.65,-14.356],[-170.648,-14.357],[-170.645,-14.358],[-170.642,-14.359],[-170.639,-14.361],[-170.611,-14.375],[-170.594,-14.383],[-170.528,-14.415],[-170.514,-14.422],[-170.504,-14.428],[-170.495,-14.435],[-170.486,-14.444],[-170.476,-14.455],[-170.432,-14.507],[-170.351,-14.6],[-170.336,-14.614],[-170.321,-14.625],[-170.309,-14.634],[-170.297,-14.643],[-170.295,-14.646],[-170.294,-14.648],[-170.293,-14.65],[-170.293,-14.654],[-170.294,-14.656],[-170.294,-14.658],[-170.295,-14.661],[-170.296,-14.666],[-170.298,-14.672],[-170.3,-14.677],[-170.302,-14.682],[-170.304,-14.685],[-170.298,-14.68],[-170.284,-14.671],[-170.281,-14.668],[-170.278,-14.667],[-170.272,-14.666],[-170.27,-14.665],[-170.267,-14.666],[-170.265,-14.666],[-170.262,-14.668],[-170.259,-14.67],[-170.257,-14.672],[-170.254,-14.674],[-170.243,-14.68],[-170.228,-14.687],[-170.223,-14.689],[-170.122,-14.722],[-170.105,-14.728],[-170.091,-14.734],[-170.081,-14.737],[-170.067,-14.743],[-170.044,-14.753],[-170.022,-14.765],[-169.984,-14.783],[-169.948,-14.801],[-169.915,-14.817],[-169.896,-14.826],[-169.878,-14.835],[-169.845,-14.853],[-169.831,-14.862],[-169.812,-14.876],[-169.781,-14.899],[-169.754,-14.919],[-169.724,-14.941],[-169.703,-14.956],[-169.679,-14.975],[-169.66,-14.991],[-169.642,-15.006],[-169.616,-15.031],[-169.588,-15.057],[-169.561,-15.083],[-169.523,-15.118],[-169.503,-15.138]]}},{"type":"Feature","properties":{"name":"","operator":""},"geometry":{"type":"LineString","coordinates":[[-168.8,-14.385],[-168.845,-14.494],[-168.87,-14.559],[-168.897,-14.623],[-168.915,-14.67],[-168.932,-14.709],[-168.934,-14.714],[-168.937,-14.72],[-168.94,-14.728],[-168.943,-14.735],[-168.948,-14.745],[-168.951,-14.751],[-168.954,-14.755],[-168.956,-14.759],[-168.957,-14.76],[-168.961,-14.767],[-168.97,-14.78],[-168.985,-14.802],[-168.997,-14.818],[-169.009,-14.836],[-169.022,-14.856],[-169.033,-14.873],[-169.039,-14.881],[-169.044,-14.887],[-169.046,-14.89],[-169.048,-14.893],[-169.05,-14.9],[-169.05,-14.908],[-169.05,-14.916],[-169.052,-14.936]]}},{"type":"Feature","properties":{"name":"","operator":""},"geometry":{"type":"LineString","coordinates":[[174.814,-36.993],[174.815,-36.997]]}},{"type":"Feature","properties":{"name":"","operator":""},"geometry":{"type":"LineString","coordinates":[[174.808,-36.995],[174.805,-36.996]]}},{"type":"Feature","properties":{"name":"","operator":""},"geometry":{"type":"LineString","coordinates":[[174.156,-36.842],[174.414,-36.804]]}},{"type":"Feature","properties":{"name":"","operator":""},"geometry":{"type":"LineString","coordinates":[[174.139,-36.816],[174.414,-36.804]]}},{"type":"Feature","properties":{"name":"","operator":""},"geometry":{"type":"LineString","coordinates":[[174.126,-36.8],[174.414,-36.804]]}},{"type":"Feature","properties":{"name":"","operator":""},"geometry":{"type":"LineString","coordinates":[[174.089,-36.75],[174.411,-36.804],[174.414,-36.804]]}},{"type":"Feature","properties":{"name":"","operator":""},"geometry":{"type":"LineString","coordinates":[[170.57,-45.86],[170.572,-45.861]]}},{"type":"Feature","properties":{"name":"","operator":""},"geometry":{"type":"LineString","coordinates":[[174.739,-36.84],[174.731,-36.824],[174.73,-36.822],[174.73,-36.82]]}},{"type":"Feature","properties":{"name":"Aurora","operator":"GlobalConnect"},"geometry":{"type":"LineString","coordinates":[[14.236,55.435],[14.244,55.434],[14.35,55.39],[14.453,55.308],[14.473,55.291],[14.702,55.175],[14.704,55.175]]}},{"type":"Feature","properties":{"name":"Djibouti Africa Region Express 1","operator":""},"geometry":{"type":"LineString","coordinates":[[44.943,11.378],[44.988,10.45]]}},{"type":"Feature","properties":{"name":"Djibouti Africa Region Express 1","operator":""},"geometry":{"type":"LineString","coordinates":[[48.92,12.302],[48.99,11.67],[49.18,11.287]]}},{"type":"Feature","properties":{"name":"Djibouti Africa Region Express 1","operator":""},"geometry":{"type":"LineString","coordinates":[[46.898,0.872],[45.292,2.013]]}},{"type":"Feature","properties":{"name":"Djibouti Africa Region Express 1","operator":""},"geometry":{"type":"LineString","coordinates":[[43.153,11.598],[43.477,11.77],[44.943,11.378],[48.92,12.302],[53.303,13.21],[54.928,12.87],[55.167,12.007],[54.512,9.598],[50.883,2.817],[46.898,0.872],[44.723,-3.02],[42.347,-3.757],[39.702,-4.058]]}},{"type":"Feature","properties":{"name":"Segment 3","operator":""},"geometry":{"type":"LineString","coordinates":[[110.064,-6.902],[110.142,-6.635],[110.608,-6.41],[110.666,-6.411],[110.771,-6.336],[111.089,-6.223],[112.272,-6.416],[112.351,-6.453],[112.498,-6.75],[112.501,-6.905]]}},{"type":"Feature","properties":{"name":"Segment 2","operator":""},"geometry":{"type":"LineString","coordinates":[[108.543,-6.59],[108.744,-6.575],[108.834,-6.538],[108.856,-6.558],[108.984,-6.53],[109.43,-6.567],[109.906,-6.662],[110.027,-6.737],[110.068,-6.862],[110.064,-6.902]]}},{"type":"Feature","properties":{"name":"Segment 1","operator":""},"geometry":{"type":"LineString","coordinates":[[107.125,-5.973],[107.159,-5.679],[108.516,-5.678],[108.647,-5.718],[108.93,-6.176],[108.936,-6.365],[108.874,-6.519],[108.543,-6.59]]}},{"type":"Feature","properties":{"name":"HAVSIL Fiber Cable System","operator":"Bulk Infrastructure"},"geometry":{"type":"LineString","coordinates":[[8.619,57.126],[8.619,57.127],[8.617,57.149],[8.609,57.169],[8.608,57.17],[8.608,57.171],[8.602,57.184],[8.602,57.186],[8.601,57.188],[8.6,57.19],[8.6,57.192],[8.599,57.193],[8.599,57.194],[8.598,57.195],[8.597,57.196],[8.596,57.197],[8.589,57.214],[8.589,57.215],[8.589,57.216],[8.588,57.216],[8.58,57.235],[8.575,57.247],[8.574,57.247],[8.574,57.248],[8.574,57.249],[8.574,57.25],[8.57,57.257],[8.566,57.267],[8.56,57.281],[8.557,57.288],[8.557,57.289],[8.557,57.29],[8.556,57.291],[8.555,57.292],[8.555,57.293],[8.555,57.294],[8.555,57.295],[8.554,57.296],[8.553,57.297],[8.553,57.298],[8.551,57.301],[8.55,57.302],[8.549,57.305],[8.549,57.306],[8.549,57.307],[8.548,57.308],[8.548,57.309],[8.547,57.309],[8.546,57.31],[8.546,57.311],[8.546,57.312],[8.546,57.313],[8.546,57.314],[8.545,57.314],[8.545,57.315],[8.544,57.315],[8.544,57.316],[8.543,57.317],[8.542,57.319],[8.543,57.32],[8.543,57.322],[8.542,57.322],[8.541,57.323],[8.539,57.328],[8.527,57.349],[8.527,57.35],[8.526,57.351],[8.525,57.351],[8.525,57.353],[8.514,57.373],[8.513,57.373],[8.513,57.374],[8.512,57.374],[8.512,57.375],[8.512,57.376],[8.508,57.382],[8.507,57.384],[8.505,57.388],[8.442,57.486],[8.379,57.587],[8.37,57.602],[8.359,57.618],[8.353,57.63],[8.342,57.646],[8.337,57.65],[8.337,57.654],[8.335,57.659],[8.272,57.763],[8.253,57.795],[8.247,57.801],[8.246,57.803],[8.245,57.808],[8.209,57.867],[8.2,57.878],[8.198,57.881],[8.197,57.885],[8.197,57.886],[8.195,57.888],[8.194,57.891],[8.177,57.918],[8.173,57.921],[8.172,57.926],[8.169,57.93],[8.167,57.934],[8.165,57.937],[8.159,57.947],[8.15,57.962],[8.124,58.005],[8.112,58.02],[8.108,58.024],[8.106,58.027],[8.103,58.034],[8.102,58.039],[8.097,58.047],[8.087,58.057],[8.085,58.058],[8.085,58.059],[8.083,58.061],[8.082,58.063],[8.081,58.067],[8.079,58.071],[8.071,58.077],[8.069,58.078],[8.068,58.08],[8.067,58.081],[8.066,58.082],[8.065,58.084],[8.064,58.087],[8.064,58.088],[8.063,58.089],[8.062,58.09],[8.06,58.092],[8.058,58.093],[8.056,58.095],[8.054,58.097],[8.05,58.099],[8.047,58.102],[8.046,58.102],[8.045,58.103],[8.044,58.105],[8.04,58.109],[8.035,58.115],[8.03,58.121],[8.028,58.125],[8.028,58.128],[8.027,58.13],[8.026,58.132],[8.025,58.132],[8.024,58.133],[8.022,58.133],[8.017,58.135],[8.013,58.136],[8.009,58.137],[8.004,58.138]]}},{"type":"Feature","properties":{"name":"Skagen Fiber West","operator":"Skagenfiber"},"geometry":{"type":"LineString","coordinates":[[9.987,57.607],[9.986,57.608],[9.986,57.609],[9.987,57.609],[9.993,57.618],[9.994,57.623],[9.995,57.624],[9.981,57.657],[9.975,57.673],[9.973,57.676],[9.972,57.679],[9.97,57.682],[9.97,57.685],[9.969,57.686],[9.969,57.687],[9.968,57.689],[9.967,57.691],[9.966,57.692],[9.966,57.693],[9.963,57.699],[9.962,57.702],[9.96,57.712],[9.929,57.788],[9.915,57.844],[9.878,57.987],[9.856,58.071],[9.842,58.123],[9.828,58.177],[9.818,58.213],[9.81,58.238],[9.801,58.248],[9.8,58.265],[9.798,58.283],[9.8,58.312],[9.807,58.328],[9.857,58.425],[9.864,58.433],[9.87,58.448],[9.886,58.454],[9.93,58.472],[9.958,58.486],[9.981,58.499],[9.989,58.506],[9.994,58.513],[9.993,58.52],[9.991,58.526],[9.988,58.529],[9.987,58.532],[9.988,58.535],[9.991,58.541],[9.991,58.542],[9.987,58.544],[9.983,58.545],[9.981,58.547],[9.979,58.549],[9.979,58.55],[9.983,58.556],[9.981,58.57],[9.995,58.587],[10.0,58.589],[10.005,58.593],[10.009,58.608],[10.009,58.613],[10.011,58.622],[10.016,58.63],[10.018,58.635],[10.026,58.646],[10.031,58.659],[10.07,58.722],[10.081,58.758],[10.09,58.805],[10.094,58.816],[10.105,58.841],[10.106,58.843],[10.106,58.851],[10.107,58.856],[10.107,58.86],[10.108,58.86],[10.108,58.861],[10.108,58.862],[10.108,58.863],[10.108,58.866],[10.113,58.879],[10.115,58.882],[10.117,58.885],[10.118,58.886],[10.118,58.888],[10.119,58.89],[10.118,58.893],[10.12,58.896],[10.121,58.898],[10.122,58.899],[10.124,58.904],[10.125,58.905],[10.125,58.914],[10.125,58.915],[10.125,58.916],[10.125,58.921],[10.126,58.925],[10.125,58.93],[10.125,58.931],[10.124,58.931],[10.124,58.932],[10.123,58.933],[10.121,58.934],[10.12,58.934],[10.118,58.936],[10.118,58.937],[10.118,58.938],[10.117,58.939],[10.115,58.94],[10.115,58.941],[10.114,58.943],[10.113,58.943],[10.112,58.944],[10.112,58.945],[10.111,58.946],[10.11,58.946],[10.11,58.947],[10.109,58.948],[10.108,58.95],[10.109,58.951],[10.107,58.953],[10.106,58.955],[10.104,58.957],[10.103,58.957],[10.102,58.958],[10.099,58.962],[10.093,58.968],[10.091,58.97],[10.088,58.973],[10.082,58.98],[10.076,58.986],[10.074,58.988],[10.073,58.989],[10.072,58.991],[10.071,58.991],[10.07,58.994],[10.068,58.997],[10.068,58.998],[10.067,58.999],[10.065,59.001],[10.062,59.007],[10.058,59.01],[10.057,59.011],[10.054,59.013],[10.051,59.016],[10.05,59.017],[10.05,59.018],[10.05,59.019],[10.049,59.019],[10.048,59.021],[10.047,59.021],[10.046,59.022],[10.045,59.023],[10.038,59.029],[10.032,59.035],[10.031,59.037],[10.03,59.037],[10.03,59.038],[10.03,59.039],[10.029,59.039],[10.025,59.047],[10.024,59.048]]}},{"type":"Feature","properties":{"name":"Havfrue/AEC-2","operator":""},"geometry":{"type":"LineString","coordinates":[[8.004,58.138],[8.006,58.137],[8.008,58.137],[8.01,58.137],[8.012,58.136],[8.02,58.133],[8.022,58.133],[8.023,58.132],[8.024,58.131],[8.025,58.131],[8.026,58.13],[8.027,58.129],[8.027,58.128],[8.027,58.127],[8.027,58.126],[8.027,58.124],[8.029,58.121],[8.029,58.12],[8.031,58.118],[8.032,58.116],[8.035,58.111],[8.038,58.108],[8.041,58.105],[8.046,58.101],[8.051,58.098],[8.055,58.095],[8.063,58.086],[8.064,58.083],[8.066,58.081],[8.067,58.08],[8.07,58.077],[8.078,58.07],[8.08,58.064],[8.081,58.062],[8.083,58.059],[8.09,58.052],[8.092,58.041],[8.096,58.036],[8.098,58.03],[8.099,58.024],[8.101,58.018],[8.103,58.01],[8.104,58.003],[8.106,57.997],[8.108,57.991],[8.107,57.978],[8.111,57.941],[8.105,57.919],[8.104,57.917],[8.098,57.911],[8.093,57.905],[8.083,57.896],[8.073,57.889],[8.064,57.88],[8.052,57.874],[8.035,57.868],[8.023,57.861],[8.012,57.857],[7.995,57.854],[7.969,57.851],[7.946,57.851],[7.915,57.849],[7.901,57.848],[7.885,57.847],[7.833,57.838],[7.764,57.833],[7.727,57.829],[7.666,57.819],[7.634,57.814],[7.517,57.801],[7.296,57.777],[7.261,57.777],[7.185,57.768],[7.127,57.757],[6.98,57.723],[6.876,57.704],[6.865,57.701],[6.855,57.696],[6.844,57.694],[6.826,57.692],[6.734,57.67],[6.676,57.653],[6.641,57.648],[6.609,57.639],[6.563,57.631],[6.554,57.631],[6.508,57.625],[6.491,57.626],[6.463,57.623],[6.429,57.615],[6.383,57.609],[6.368,57.608],[6.354,57.606],[6.327,57.603],[6.311,57.603],[6.294,57.601],[6.283,57.601],[6.233,57.596],[6.224,57.594],[6.208,57.588],[6.2,57.587],[6.189,57.586],[6.181,57.586],[6.159,57.584],[6.141,57.582],[6.131,57.579],[6.104,57.577],[6.079,57.576],[6.047,57.572],[6.031,57.568],[5.964,57.559],[5.942,57.557],[5.925,57.553],[5.859,57.544],[5.855,57.544],[5.849,57.545],[5.841,57.546],[5.831,57.547],[5.818,57.545],[5.783,57.538],[5.754,57.536],[5.7,57.529],[5.633,57.522],[5.6,57.514],[5.583,57.513],[5.555,57.509],[5.544,57.51],[5.53,57.509],[5.516,57.507],[5.497,57.505],[5.482,57.501],[5.466,57.499],[5.441,57.497],[5.292,57.479],[5.175,57.465],[5.137,57.459],[5.088,57.454],[5.04,57.448],[4.981,57.441],[4.979,57.44],[4.95,57.436],[4.94,57.434],[4.938,57.434],[4.936,57.434],[4.933,57.434],[4.931,57.434],[4.913,57.432],[4.912,57.432],[4.91,57.432],[4.893,57.429],[4.891,57.428],[4.889,57.428],[4.887,57.428],[4.882,57.428],[4.881,57.428],[4.88,57.428],[4.846,57.424],[4.834,57.423],[4.833,57.423],[4.832,57.422],[4.831,57.422],[4.83,57.421],[4.83,57.42],[4.829,57.42],[4.828,57.42],[4.825,57.419],[4.814,57.418],[4.811,57.418],[4.808,57.418],[4.799,57.418],[4.798,57.418],[4.795,57.418],[4.794,57.418],[4.793,57.418],[4.793,57.417],[4.793,57.416],[4.793,57.415],[4.793,57.412],[4.794,57.408],[4.794,57.406],[4.795,57.404],[4.797,57.398],[4.8,57.391],[4.801,57.39],[4.807,57.378],[4.811,57.371],[4.814,57.364],[4.815,57.363],[4.815,57.362],[4.824,57.349],[4.833,57.33],[4.834,57.327],[4.835,57.326],[4.834,57.325],[4.834,57.323],[4.833,57.319],[4.833,57.318],[4.833,57.316],[4.833,57.303],[4.833,57.291],[4.834,57.261],[4.834,57.238],[4.835,57.188],[4.835,57.175],[4.835,57.171],[4.836,57.158],[4.836,57.152],[4.837,57.127],[4.837,57.126],[4.837,57.124],[4.835,57.108],[4.835,57.106],[4.835,57.104],[4.838,57.093],[4.839,57.087],[4.839,57.086],[4.839,57.083],[4.838,57.078],[4.838,57.077],[4.838,57.073],[4.838,57.072],[4.838,57.068],[4.839,57.067],[4.84,57.063],[4.841,57.062],[4.841,57.059],[4.841,57.05],[4.841,57.041],[4.841,57.037],[4.839,57.027],[4.838,57.014],[4.841,57.005],[4.847,56.995],[4.85,56.989],[4.853,56.982],[4.854,56.981],[4.856,56.979],[4.857,56.976],[4.858,56.976],[4.861,56.974],[4.873,56.965],[4.879,56.957],[4.882,56.952],[4.883,56.952],[4.893,56.943],[4.896,56.94],[4.9,56.937],[4.929,56.916],[4.93,56.916],[4.932,56.914],[4.934,56.913],[4.95,56.904],[4.952,56.902],[4.988,56.871],[5.01,56.856],[5.058,56.815],[5.067,56.804],[5.09,56.786],[5.1,56.779],[5.11,56.771],[5.136,56.757],[5.163,56.749],[5.174,56.746],[5.176,56.746],[5.187,56.744],[5.195,56.743],[5.22,56.742],[5.239,56.743],[5.247,56.743],[5.255,56.744],[5.263,56.744],[5.302,56.746],[5.307,56.745],[5.343,56.744],[5.365,56.743],[5.409,56.736],[5.414,56.735],[5.415,56.734],[5.415,56.733],[5.415,56.732],[5.415,56.731],[5.417,56.732],[5.418,56.733],[5.42,56.733],[5.421,56.732],[5.424,56.732],[5.426,56.731],[5.436,56.728],[5.437,56.728],[5.448,56.723]]}},{"type":"Feature","properties":{"name":"Tampnet","operator":"Tampnet"},"geometry":{"type":"LineString","coordinates":[[2.861,57.241],[2.841,57.236],[2.838,57.234],[2.837,57.231],[2.838,57.228],[2.844,57.224],[2.85,57.204],[2.852,57.178],[2.849,57.168],[2.851,57.123],[2.849,57.117]]}},{"type":"Feature","properties":{"name":"Tampnet","operator":"Tampnet"},"geometry":{"type":"LineString","coordinates":[[4.55,57.809],[4.547,57.808],[4.546,57.806],[4.545,57.804],[4.548,57.802],[4.551,57.801],[4.556,57.8],[4.562,57.8],[4.568,57.802],[4.58,57.806],[4.64,57.832],[4.656,57.84],[4.667,57.843],[4.696,57.848],[4.706,57.852],[4.74,57.872],[4.782,57.897],[4.787,57.903],[4.826,57.926],[4.847,57.936],[4.88,57.953],[5.084,58.06],[5.298,58.174],[5.475,58.269],[5.48,58.271],[5.486,58.272],[5.517,58.276],[5.522,58.277],[5.53,58.28],[5.535,58.283],[5.56,58.298],[5.754,58.417],[5.758,58.419],[5.761,58.421],[5.766,58.423],[5.795,58.437],[5.806,58.443],[5.812,58.445],[5.814,58.446],[5.817,58.446],[5.82,58.447],[5.824,58.448],[5.833,58.449],[5.837,58.449],[5.845,58.45],[5.863,58.452],[5.871,58.452],[5.875,58.452],[5.88,58.452],[5.881,58.453],[5.884,58.454],[5.886,58.454],[5.889,58.455],[5.891,58.456],[5.892,58.457],[5.895,58.458],[5.896,58.458],[5.897,58.459],[5.897,58.46],[5.898,58.461],[5.899,58.461],[5.9,58.462],[5.902,58.462],[5.903,58.462],[5.904,58.462],[5.906,58.461],[5.907,58.461],[5.908,58.461],[5.91,58.461],[5.913,58.461],[5.914,58.461],[5.917,58.463],[5.919,58.464],[5.92,58.464],[5.921,58.465],[5.923,58.465],[5.928,58.466],[5.931,58.466],[5.935,58.467],[5.939,58.467],[5.941,58.467],[5.942,58.467],[5.944,58.468],[5.945,58.468],[5.946,58.469],[5.947,58.469],[5.95,58.47],[5.954,58.47],[5.957,58.47],[5.958,58.47],[5.961,58.469],[5.965,58.468],[5.967,58.468],[5.968,58.468],[5.971,58.466],[5.975,58.466],[5.978,58.467],[5.982,58.467],[5.983,58.468],[5.984,58.468],[5.985,58.468],[5.987,58.467],[5.991,58.466],[5.992,58.465],[5.994,58.465],[5.995,58.464],[5.995,58.463],[5.997,58.463],[5.997,58.462],[5.998,58.462]]}},{"type":"Feature","properties":{"name":"Tampnet","operator":"Tampnet"},"geometry":{"type":"LineString","coordinates":[[4.548,57.802],[4.544,57.802],[4.54,57.8],[4.537,57.796],[4.535,57.792],[4.531,57.748],[4.531,57.738],[4.531,57.729],[4.527,57.718],[4.521,57.67],[4.524,57.658],[4.526,57.646],[4.525,57.638],[4.523,57.632],[4.514,57.624],[4.509,57.617],[4.504,57.611],[4.499,57.608],[4.403,57.58],[4.368,57.573],[4.349,57.565],[4.267,57.542],[4.092,57.496],[4.015,57.472],[3.958,57.458],[3.826,57.431],[3.675,57.398],[3.412,57.343],[3.033,57.264],[2.951,57.247],[2.904,57.237],[2.88,57.234],[2.844,57.224]]}},{"type":"Feature","properties":{"name":"Tampnet","operator":"Tampnet"},"geometry":{"type":"LineString","coordinates":[[2.471,58.19],[2.47,58.19],[2.469,58.19],[2.468,58.19],[2.466,58.19],[2.465,58.19],[2.46,58.191],[2.29,58.236],[2.219,58.256],[2.137,58.283],[2.023,58.321],[2.0,58.329],[1.986,58.334],[1.966,58.343],[1.921,58.362],[1.918,58.363],[1.917,58.364],[1.916,58.364],[1.915,58.364],[1.915,58.365],[1.912,58.366],[1.911,58.366],[1.91,58.366],[1.909,58.366],[1.908,58.366],[1.907,58.365],[1.906,58.365],[1.906,58.366]]}},{"type":"Feature","properties":{"name":"Tampnet","operator":"Tampnet"},"geometry":{"type":"LineString","coordinates":[[5.184,59.332],[5.179,59.332],[5.174,59.332],[5.171,59.333],[5.156,59.335],[5.151,59.335],[5.148,59.335],[5.137,59.336],[5.131,59.335],[5.125,59.335],[5.12,59.334],[5.114,59.333],[5.108,59.332],[5.102,59.33],[5.096,59.328],[5.089,59.325],[5.086,59.323],[5.083,59.321],[5.076,59.315],[5.05,59.293],[5.028,59.276],[5.015,59.264],[5.011,59.262],[4.984,59.244],[4.952,59.217],[4.946,59.211],[4.943,59.207],[4.94,59.203],[4.912,59.156],[4.903,59.146],[4.888,59.138],[4.551,59.014],[4.354,58.941],[4.232,58.896],[4.117,58.858],[4.079,58.836],[4.066,58.831],[3.971,58.8],[3.941,58.789],[3.878,58.764],[3.866,58.76],[3.839,58.755],[3.807,58.747],[3.783,58.738],[3.765,58.73],[3.732,58.716],[3.724,58.711],[3.697,58.685],[3.68,58.672],[3.615,58.629],[3.538,58.598],[3.527,58.595],[3.517,58.593],[3.381,58.545],[3.043,58.412],[2.585,58.248],[2.476,58.19],[2.475,58.189],[2.474,58.189],[2.473,58.19],[2.472,58.19],[2.471,58.191],[2.47,58.19],[2.471,58.19]]}},{"type":"Feature","properties":{"name":"Tampnet","operator":"Tampnet"},"geometry":{"type":"LineString","coordinates":[[2.824,60.491],[2.82,60.49],[2.819,60.49],[2.816,60.489],[2.811,60.487],[2.81,60.485],[2.808,60.479],[2.783,60.464],[2.773,60.454],[2.762,60.444],[2.734,60.411],[2.721,60.384],[2.716,60.377],[2.714,60.369],[2.71,60.361],[2.7,60.249],[2.698,60.233],[2.7,60.221],[2.708,60.211],[2.72,60.202],[2.732,60.197],[2.734,60.196],[2.74,60.193],[2.755,60.186],[2.76,60.182],[2.762,60.178],[2.761,60.173],[2.723,60.11],[2.719,60.105],[2.717,60.099],[2.686,60.048],[2.684,60.042],[2.68,60.038],[2.657,60.0],[2.657,59.999],[2.65,59.989],[2.6,59.922],[2.598,59.918],[2.595,59.915],[2.563,59.873],[2.558,59.869],[2.552,59.86],[2.549,59.855],[2.503,59.793],[2.5,59.791],[2.497,59.789],[2.495,59.786],[2.484,59.778],[2.478,59.774],[2.471,59.767],[2.452,59.751],[2.444,59.746],[2.436,59.739],[2.433,59.735],[2.388,59.699],[2.383,59.695],[2.367,59.681],[2.357,59.676],[2.342,59.662],[2.337,59.656],[2.329,59.65],[2.325,59.647],[2.322,59.644],[2.315,59.638],[2.312,59.636],[2.308,59.632],[2.292,59.619],[2.286,59.615],[2.28,59.61],[2.246,59.586],[2.236,59.58],[2.233,59.578],[2.233,59.576],[2.227,59.575]]}},{"type":"Feature","properties":{"name":"Tampnet","operator":"Tampnet"},"geometry":{"type":"LineString","coordinates":[[2.227,59.575],[2.233,59.576],[2.234,59.574],[2.25,59.574],[2.259,59.574],[2.267,59.572],[2.275,59.568],[2.324,59.536],[2.329,59.533],[2.333,59.529],[2.353,59.515],[2.361,59.511],[2.378,59.5],[2.403,59.483],[2.406,59.481],[2.416,59.474],[2.422,59.471],[2.444,59.456],[2.5,59.398],[2.509,59.388],[2.513,59.385],[2.523,59.375],[2.525,59.371],[2.549,59.346],[2.554,59.335],[2.553,59.331],[2.552,59.327],[2.545,59.287],[2.544,59.283],[2.544,59.274],[2.541,59.269],[2.531,59.256],[2.526,59.252],[2.519,59.249],[2.511,59.247],[2.5,59.247],[2.495,59.246],[2.481,59.245],[2.473,59.243],[2.466,59.241],[2.46,59.237],[2.456,59.233],[2.454,59.229],[2.452,59.221],[2.455,59.217],[2.463,59.205],[2.466,59.2]]}},{"type":"Feature","properties":{"name":"Havfrue/AEC-2","operator":""},"geometry":{"type":"LineString","coordinates":[[-9.172,58.918],[-9.153,58.923],[-9.128,58.931],[-9.094,58.945],[-9.006,58.981],[-8.87,59.039],[-8.633,59.155],[-8.588,59.17],[-8.544,59.189],[-8.389,59.243],[-8.106,59.343],[-7.935,59.412],[-7.856,59.447],[-7.704,59.499],[-7.685,59.504],[-7.661,59.508],[-7.62,59.513],[-7.523,59.518],[-7.474,59.522],[-7.426,59.523],[-7.349,59.529],[-7.309,59.53],[-7.265,59.534],[-7.191,59.539],[-7.147,59.539],[-7.073,59.545],[-6.968,59.551],[-6.864,59.558],[-6.797,59.565],[-6.737,59.569],[-6.698,59.569],[-6.69,59.569],[-6.661,59.574],[-6.65,59.575],[-6.626,59.577],[-6.602,59.577],[-6.582,59.578],[-6.569,59.578],[-6.563,59.579],[-6.538,59.581],[-6.525,59.582],[-6.509,59.583],[-6.463,59.589],[-6.444,59.592],[-6.438,59.592],[-6.429,59.592],[-6.422,59.592],[-6.373,59.598],[-6.351,59.598],[-6.324,59.602],[-6.287,59.602],[-6.156,59.616],[-6.109,59.619],[-6.071,59.623],[-6.041,59.629],[-5.982,59.632],[-5.949,59.636],[-5.92,59.639],[-5.892,59.642],[-5.827,59.646],[-5.763,59.651],[-5.646,59.662],[-5.614,59.664],[-5.574,59.665],[-5.472,59.666],[-5.444,59.664],[-5.406,59.664],[-5.358,59.668],[-5.301,59.676],[-5.25,59.679],[-5.142,59.691],[-5.117,59.695],[-5.089,59.699],[-5.059,59.703],[-5.024,59.708],[-5.008,59.709],[-4.99,59.711],[-4.975,59.713],[-4.968,59.713],[-4.959,59.713],[-4.952,59.714],[-4.864,59.726],[-4.802,59.733],[-4.763,59.738],[-4.705,59.744],[-4.699,59.745],[-4.687,59.747],[-4.641,59.754],[-4.632,59.755],[-4.601,59.758],[-4.529,59.766],[-4.521,59.767],[-4.5,59.771],[-4.495,59.772],[-4.437,59.777],[-4.433,59.777],[-4.351,59.791],[-4.343,59.791],[-4.331,59.792],[-4.321,59.793],[-4.264,59.8],[-4.205,59.808],[-4.198,59.809],[-4.157,59.812],[-4.152,59.813],[-4.146,59.814],[-4.139,59.817],[-4.136,59.819],[-4.131,59.823],[-4.119,59.835],[-4.114,59.842],[-4.112,59.844],[-4.106,59.847],[-4.098,59.85],[-4.093,59.851],[-4.086,59.852],[-4.078,59.853],[-4.071,59.854],[-4.068,59.854],[-4.062,59.854],[-4.058,59.855],[-4.055,59.854],[-4.054,59.854],[-4.054,59.853],[-4.053,59.852],[-4.052,59.852],[-4.051,59.854],[-4.05,59.855],[-4.048,59.855],[-4.047,59.856],[-4.021,59.858],[-3.973,59.861],[-3.933,59.864],[-3.902,59.868],[-3.846,59.874],[-3.838,59.876],[-3.823,59.879],[-3.817,59.88],[-3.77,59.884],[-3.747,59.886],[-3.733,59.886],[-3.725,59.887],[-3.723,59.887],[-3.709,59.889],[-3.699,59.891],[-3.693,59.892],[-3.682,59.893],[-3.666,59.895],[-3.65,59.895],[-3.596,59.893],[-3.588,59.892],[-3.563,59.889],[-3.551,59.887],[-3.543,59.885],[-3.533,59.883],[-3.502,59.879],[-3.49,59.877],[-3.479,59.876],[-3.469,59.874],[-3.461,59.872],[-3.45,59.871],[-3.44,59.87],[-3.429,59.869],[-3.416,59.867],[-3.406,59.866],[-3.403,59.865],[-3.394,59.863],[-3.388,59.863],[-3.382,59.862],[-3.376,59.862],[-3.36,59.861],[-3.357,59.861],[-3.342,59.86],[-3.315,59.858],[-3.289,59.855],[-3.275,59.85],[-3.252,59.846],[-3.238,59.846],[-3.225,59.844],[-3.217,59.842],[-3.193,59.84],[-3.138,59.835],[-3.115,59.834],[-3.017,59.825],[-3.006,59.823],[-3.002,59.822],[-3.001,59.822],[-2.998,59.822],[-2.997,59.821],[-2.996,59.821],[-2.996,59.82],[-2.996,59.818],[-2.995,59.819],[-2.993,59.82],[-2.992,59.82],[-2.986,59.819],[-2.974,59.817],[-2.946,59.814],[-2.926,59.811],[-2.875,59.806],[-2.863,59.806],[-2.827,59.802],[-2.825,59.803],[-2.823,59.804],[-2.822,59.802],[-2.821,59.801],[-2.819,59.801],[-2.789,59.798],[-2.67,59.787],[-2.657,59.787],[-2.641,59.785],[-2.615,59.781],[-2.59,59.777],[-2.579,59.776],[-2.558,59.774],[-2.548,59.773],[-2.524,59.772],[-2.508,59.771],[-2.494,59.771],[-2.479,59.769],[-2.462,59.768],[-2.448,59.766],[-2.442,59.764],[-2.436,59.764],[-2.416,59.763],[-2.411,59.762],[-2.373,59.759],[-2.368,59.758],[-2.367,59.758],[-2.366,59.76],[-2.365,59.758],[-2.364,59.758],[-2.362,59.757],[-2.358,59.757],[-2.342,59.754],[-2.319,59.751],[-2.309,59.748],[-2.302,59.748],[-2.283,59.746],[-2.271,59.745],[-2.259,59.746],[-2.238,59.744],[-2.205,59.74],[-2.195,59.739],[-2.168,59.736],[-2.15,59.736],[-2.13,59.735],[-2.106,59.734],[-2.061,59.727],[-2.038,59.726],[-2.026,59.725],[-1.999,59.724],[-1.965,59.722],[-1.942,59.72],[-1.918,59.72],[-1.888,59.717],[-1.857,59.714],[-1.847,59.714],[-1.828,59.714],[-1.812,59.712],[-1.804,59.711],[-1.77,59.709],[-1.755,59.706],[-1.741,59.702],[-1.731,59.701],[-1.671,59.69],[-1.647,59.687],[-1.612,59.679],[-1.611,59.679],[-1.609,59.68],[-1.608,59.681],[-1.607,59.681],[-1.607,59.682],[-1.607,59.681],[-1.608,59.679],[-1.607,59.679],[-1.606,59.678],[-1.601,59.678],[-1.6,59.678],[-1.587,59.676],[-1.539,59.667],[-1.516,59.665],[-1.495,59.664],[-1.45,59.651],[-1.376,59.637],[-1.361,59.636],[-1.312,59.627],[-1.234,59.614],[-1.202,59.609],[-1.18,59.605],[-1.159,59.598],[-1.096,59.586],[-0.871,59.543],[-0.813,59.535],[-0.789,59.532],[-0.743,59.523],[-0.711,59.514],[-0.572,59.486],[-0.537,59.484],[-0.489,59.475],[-0.48,59.471],[-0.462,59.468],[-0.455,59.465],[-0.432,59.46],[-0.401,59.456],[-0.373,59.451],[-0.353,59.446],[-0.31,59.439],[-0.28,59.432],[-0.177,59.413],[-0.135,59.407],[-0.089,59.398],[-0.051,59.389],[0.066,59.367],[0.146,59.351],[0.241,59.334],[0.295,59.322],[0.306,59.318],[0.317,59.317],[0.349,59.312],[0.385,59.304],[0.404,59.302],[0.43,59.295],[0.46,59.289],[0.479,59.287],[0.501,59.284],[0.528,59.279],[0.57,59.271],[0.58,59.27],[0.589,59.268],[0.607,59.262],[0.618,59.259],[0.626,59.259],[0.638,59.259],[0.646,59.258],[0.683,59.248],[0.712,59.242],[0.739,59.238],[0.768,59.23],[0.873,59.209],[0.904,59.205],[0.935,59.199],[0.949,59.195],[0.973,59.191],[1.011,59.184],[1.028,59.182],[1.037,59.18],[1.046,59.177],[1.057,59.174],[1.094,59.168],[1.107,59.164],[1.118,59.162],[1.123,59.162],[1.131,59.163],[1.139,59.162],[1.146,59.161],[1.157,59.158],[1.175,59.155],[1.185,59.153],[1.193,59.152],[1.198,59.151],[1.204,59.151],[1.213,59.152],[1.218,59.153],[1.222,59.155],[1.227,59.156],[1.247,59.158],[1.251,59.159],[1.259,59.162],[1.267,59.164],[1.281,59.166],[1.284,59.166],[1.323,59.166],[1.357,59.167],[1.392,59.163],[1.417,59.158],[1.468,59.148],[1.539,59.138],[1.55,59.135],[1.553,59.135],[1.557,59.134],[1.586,59.133],[1.592,59.132],[1.639,59.122],[1.665,59.118],[1.666,59.118],[1.672,59.117],[1.675,59.116],[1.687,59.115],[1.732,59.109],[1.768,59.104],[1.771,59.103],[1.785,59.102],[1.812,59.098],[1.836,59.094],[1.998,59.071],[2.025,59.067],[2.048,59.063],[2.112,59.054],[2.142,59.05],[2.17,59.046],[2.173,59.045],[2.182,59.043],[2.198,59.04],[2.208,59.039],[2.215,59.038],[2.22,59.036],[2.226,59.035],[2.231,59.035],[2.245,59.033],[2.271,59.029],[2.281,59.027],[2.29,59.027],[2.3,59.027],[2.306,59.027],[2.326,59.025],[2.353,59.02],[2.363,59.018],[2.373,59.016],[2.377,59.015],[2.387,59.014],[2.395,59.012],[2.403,59.011],[2.41,59.01],[2.411,59.01],[2.42,59.008],[2.442,59.002],[2.463,58.999],[2.469,58.998],[2.474,58.997],[2.483,58.995],[2.495,58.993],[2.515,58.989],[2.54,58.985],[2.547,58.984],[2.568,58.979],[2.573,58.978],[2.586,58.976],[2.593,58.975],[2.6,58.973],[2.629,58.968],[2.635,58.968],[2.657,58.964],[2.666,58.962],[2.676,58.96],[2.682,58.959],[2.688,58.958],[2.695,58.957],[2.712,58.954],[2.714,58.954],[2.718,58.954],[2.749,58.952],[2.755,58.952],[2.814,58.944],[2.817,58.944],[2.819,58.944],[2.826,58.945],[2.833,58.945],[2.848,58.945],[2.849,58.945],[2.865,58.943],[2.892,58.941],[2.905,58.939],[2.911,58.937],[2.915,58.935],[2.92,58.933],[2.928,58.928],[2.935,58.925],[2.94,58.923],[2.946,58.922],[2.95,58.922],[2.957,58.921],[2.962,58.919],[2.97,58.914],[2.981,58.907],[2.983,58.906],[2.987,58.904],[2.991,58.903],[3.039,58.887],[3.064,58.878],[3.072,58.875],[3.074,58.874],[3.087,58.87],[3.12,58.857],[3.154,58.844],[3.173,58.836],[3.182,58.83],[3.191,58.823],[3.192,58.821],[3.211,58.81],[3.24,58.791],[3.306,58.747],[3.312,58.74],[3.32,58.735],[3.325,58.732],[3.329,58.73],[3.334,58.726],[3.337,58.724],[3.343,58.719],[3.357,58.71],[3.369,58.702],[3.377,58.696],[3.391,58.688],[3.398,58.683],[3.405,58.678],[3.408,58.676],[3.411,58.674],[3.414,58.672],[3.419,58.669],[3.43,58.661],[3.434,58.659],[3.437,58.656],[3.441,58.654],[3.448,58.65],[3.452,58.646],[3.458,58.642],[3.463,58.639],[3.468,58.636],[3.472,58.633],[3.478,58.629],[3.486,58.625],[3.494,58.616],[3.496,58.615],[3.503,58.611],[3.507,58.608],[3.509,58.603],[3.511,58.6],[3.515,58.596],[3.517,58.594],[3.522,58.59],[3.531,58.58],[3.531,58.579],[3.533,58.574],[3.534,58.574],[3.545,58.562],[3.557,58.551],[3.565,58.542],[3.569,58.538],[3.573,58.534],[3.579,58.53],[3.58,58.528],[3.588,58.519],[3.596,58.514],[3.6,58.51],[3.609,58.499],[3.61,58.494],[3.611,58.493],[3.617,58.486],[3.623,58.479],[3.628,58.473],[3.632,58.468],[3.635,58.466],[3.644,58.46],[3.645,58.459],[3.649,58.453],[3.65,58.451],[3.65,58.45],[3.647,58.449],[3.646,58.449],[3.646,58.448],[3.648,58.449],[3.65,58.449],[3.652,58.449],[3.654,58.447],[3.66,58.441],[3.67,58.429],[3.681,58.416],[3.687,58.411],[3.69,58.406],[3.701,58.396],[3.706,58.388],[3.714,58.38],[3.716,58.377],[3.722,58.367],[3.723,58.367],[3.741,58.347],[3.746,58.344],[3.753,58.336],[3.758,58.33],[3.758,58.329],[3.761,58.323],[3.766,58.317],[3.771,58.312],[3.774,58.304],[3.781,58.295],[3.791,58.288],[3.797,58.282],[3.806,58.267],[3.807,58.266],[3.816,58.259],[3.821,58.256],[3.828,58.249],[3.835,58.237],[3.846,58.227],[3.862,58.209],[3.868,58.203],[3.872,58.196],[3.878,58.189],[3.883,58.179],[3.89,58.172],[3.892,58.169],[3.897,58.165],[3.902,58.162],[3.907,58.156],[3.908,58.15],[3.911,58.147],[3.921,58.14],[3.949,58.108],[3.965,58.09],[4.006,58.043],[4.01,58.034],[4.023,58.022],[4.03,58.014],[4.032,58.01],[4.035,58.006],[4.042,57.999],[4.048,57.994],[4.053,57.988],[4.058,57.985],[4.062,57.98],[4.063,57.977],[4.069,57.972],[4.073,57.968],[4.077,57.966],[4.086,57.956],[4.096,57.945],[4.1,57.939],[4.102,57.931],[4.104,57.928],[4.11,57.924],[4.161,57.867],[4.166,57.855],[4.173,57.847],[4.178,57.84],[4.211,57.804],[4.226,57.791],[4.235,57.782],[4.256,57.76],[4.281,57.739],[4.292,57.733],[4.328,57.713],[4.365,57.699],[4.383,57.694],[4.418,57.681],[4.435,57.671],[4.443,57.664],[4.444,57.664],[4.447,57.662],[4.459,57.656],[4.473,57.65],[4.485,57.647],[4.498,57.642],[4.508,57.635],[4.517,57.627],[4.543,57.607],[4.55,57.598],[4.567,57.587],[4.587,57.571],[4.596,57.566],[4.602,57.561],[4.607,57.555],[4.609,57.553],[4.618,57.548],[4.622,57.544],[4.625,57.54],[4.642,57.528],[4.658,57.522],[4.672,57.511],[4.679,57.505],[4.69,57.497],[4.694,57.493],[4.7,57.489],[4.706,57.486],[4.719,57.475],[4.722,57.472],[4.728,57.469],[4.736,57.462],[4.739,57.46],[4.745,57.453],[4.754,57.448],[4.758,57.446],[4.766,57.439],[4.771,57.434],[4.777,57.431],[4.779,57.429],[4.786,57.423],[4.789,57.42],[4.79,57.419],[4.791,57.418],[4.792,57.416],[4.793,57.415]]}},{"type":"Feature","properties":{"name":"NO-UK Cable System","operator":"Altibox Carrier"},"geometry":{"type":"LineString","coordinates":[[5.742,59.07],[5.742,59.069],[5.741,59.069],[5.741,59.068],[5.739,59.068],[5.738,59.068],[5.737,59.069],[5.73,59.071],[5.725,59.072],[5.704,59.077],[5.699,59.08],[5.692,59.088],[5.683,59.09],[5.676,59.092],[5.666,59.093],[5.658,59.097],[5.646,59.1],[5.642,59.102],[5.637,59.105],[5.631,59.106],[5.626,59.107],[5.621,59.108],[5.616,59.11],[5.604,59.112],[5.592,59.111],[5.586,59.112],[5.578,59.112],[5.567,59.113],[5.558,59.114],[5.548,59.115],[5.531,59.114],[5.518,59.113],[5.504,59.112],[5.498,59.111],[5.487,59.107],[5.466,59.102],[5.462,59.1],[5.458,59.097],[5.453,59.096],[5.451,59.095],[5.45,59.093],[5.451,59.091],[5.449,59.093],[5.446,59.094],[5.443,59.094],[5.433,59.093],[5.42,59.093],[5.412,59.092],[5.401,59.09],[5.38,59.084],[5.372,59.081],[5.367,59.078],[5.364,59.075],[5.361,59.072],[5.359,59.066],[5.356,59.058],[5.354,59.052],[5.352,59.045],[5.351,59.044],[5.35,59.038],[5.349,59.035],[5.348,59.03],[5.348,59.029],[5.347,59.026],[5.346,59.022],[5.343,59.017],[5.338,59.009],[5.331,59.003],[5.327,59.0],[5.326,58.999],[5.317,58.989],[5.311,58.983],[5.3,58.973],[5.299,58.971],[5.298,58.969],[5.298,58.967],[5.301,58.959],[5.302,58.957],[5.303,58.954],[5.303,58.951],[5.302,58.948],[5.301,58.945],[5.297,58.937],[5.295,58.934],[5.293,58.932],[5.291,58.93],[5.287,58.928],[5.284,58.927],[5.278,58.925],[5.274,58.924],[5.269,58.924],[5.251,58.923],[5.243,58.923],[5.231,58.921],[5.219,58.918],[5.21,58.914],[5.189,58.899],[5.153,58.873],[5.07,58.815],[4.942,58.727],[4.871,58.678],[4.859,58.665],[4.792,58.618],[4.752,58.592],[4.711,58.562],[4.659,58.526],[4.61,58.493],[4.588,58.481],[4.584,58.475],[4.525,58.331],[4.492,58.251],[4.474,58.239],[4.464,58.234],[4.453,58.23],[4.328,58.116],[4.278,58.079],[4.189,58.02],[4.18,58.011],[4.132,57.929],[4.105,57.913],[4.015,57.831],[3.992,57.82],[3.948,57.759],[3.926,57.745],[3.918,57.735],[3.894,57.655],[3.869,57.634],[3.835,57.613],[3.822,57.599],[3.801,57.552],[3.734,57.421],[3.739,57.402],[3.542,56.991],[3.495,56.793],[3.485,56.778],[3.425,56.635],[3.421,56.631],[3.402,56.625],[3.388,56.622],[3.382,56.618],[3.38,56.615],[3.379,56.607],[3.348,56.543],[3.347,56.537],[3.336,56.513],[3.331,56.509],[3.319,56.503],[3.308,56.499],[3.3,56.495],[3.286,56.485],[3.253,56.473],[3.223,56.464],[3.208,56.46],[3.185,56.454],[3.084,56.43],[3.048,56.421],[3.021,56.413],[2.896,56.37],[2.784,56.333],[2.6,56.268],[2.108,56.073],[1.969,56.018],[1.944,56.018],[1.909,56.039],[1.89,56.042],[1.873,56.039],[1.669,55.956],[1.657,55.954],[1.624,55.955],[1.614,55.953],[1.17,55.758],[0.717,55.56],[0.681,55.56],[0.506,55.51],[0.499,55.508],[0.485,55.507],[0.413,55.486],[0.401,55.48],[0.364,55.472],[0.142,55.417],[0.086,55.404]]}},{"type":"Feature","properties":{"name":"Tampnet","operator":"Tampnet"},"geometry":{"type":"LineString","coordinates":[[2.824,60.491],[2.823,60.491],[2.822,60.491],[2.821,60.491],[2.82,60.49],[2.818,60.49],[2.815,60.489],[2.813,60.489],[2.807,60.488],[2.805,60.488],[2.795,60.486],[2.792,60.486],[2.789,60.486],[2.788,60.485],[2.786,60.485],[2.784,60.485],[2.781,60.485],[2.778,60.485],[2.776,60.486],[2.774,60.486],[2.772,60.486],[2.771,60.487],[2.77,60.487],[2.769,60.487],[2.768,60.487],[2.767,60.488],[2.766,60.488],[2.765,60.489],[2.763,60.489],[2.762,60.49],[2.757,60.493],[2.754,60.494],[2.748,60.498],[2.745,60.499],[2.732,60.506],[2.728,60.508],[2.725,60.511],[2.721,60.513],[2.719,60.514],[2.715,60.516],[2.71,60.518],[2.707,60.519],[2.706,60.52],[2.704,60.521],[2.702,60.522],[2.698,60.524],[2.695,60.526],[2.691,60.528],[2.687,60.53],[2.684,60.532],[2.683,60.532],[2.682,60.533],[2.682,60.534],[2.681,60.537],[2.681,60.538],[2.681,60.539],[2.68,60.542],[2.68,60.543],[2.68,60.544],[2.68,60.545],[2.679,60.545],[2.679,60.546],[2.68,60.547],[2.68,60.548],[2.681,60.549],[2.683,60.55],[2.683,60.551],[2.684,60.552],[2.685,60.553],[2.686,60.554],[2.689,60.558],[2.691,60.561],[2.692,60.563],[2.694,60.565],[2.696,60.567],[2.696,60.568],[2.697,60.568],[2.697,60.569],[2.698,60.57],[2.7,60.572],[2.7,60.573],[2.702,60.574],[2.702,60.575],[2.703,60.576],[2.705,60.578],[2.708,60.582],[2.713,60.589],[2.717,60.594],[2.72,60.597],[2.722,60.6],[2.725,60.604],[2.728,60.608],[2.731,60.61],[2.734,60.615],[2.736,60.617],[2.74,60.622],[2.743,60.626],[2.746,60.63],[2.747,60.631],[2.749,60.634],[2.751,60.636],[2.754,60.639],[2.754,60.64],[2.755,60.641],[2.757,60.644],[2.76,60.647],[2.761,60.649],[2.765,60.654],[2.768,60.658],[2.77,60.66],[2.772,60.662],[2.774,60.664],[2.775,60.666],[2.776,60.667],[2.778,60.67],[2.781,60.673],[2.785,60.679],[2.788,60.682],[2.79,60.685],[2.791,60.686],[2.792,60.688],[2.795,60.691],[2.801,60.699],[2.803,60.701],[2.806,60.705],[2.809,60.709],[2.813,60.713],[2.815,60.716],[2.818,60.72],[2.822,60.724],[2.824,60.727],[2.825,60.729],[2.828,60.732],[2.832,60.737],[2.836,60.742],[2.838,60.745],[2.841,60.749],[2.844,60.752],[2.849,60.758],[2.85,60.759],[2.852,60.762],[2.856,60.767],[2.859,60.771],[2.863,60.776],[2.865,60.778],[2.867,60.782],[2.868,60.784],[2.869,60.786],[2.871,60.787],[2.871,60.788],[2.873,60.789],[2.874,60.79],[2.875,60.79],[2.875,60.791],[2.876,60.791],[2.877,60.792],[2.878,60.792],[2.88,60.793],[2.881,60.794],[2.884,60.795],[2.885,60.795],[2.89,60.796],[2.891,60.796],[2.897,60.796],[2.898,60.795],[2.899,60.795],[2.9,60.795],[2.904,60.795],[2.909,60.794],[2.913,60.793],[2.915,60.792],[2.918,60.792],[2.921,60.791],[2.923,60.791],[2.924,60.791],[2.927,60.79],[2.928,60.79],[2.93,60.79],[2.931,60.79],[2.932,60.79],[2.934,60.789],[2.938,60.789],[2.942,60.788],[2.947,60.787],[2.948,60.787],[2.949,60.787],[2.951,60.786],[2.952,60.786],[2.954,60.786],[2.957,60.785],[2.959,60.785],[2.963,60.785],[2.969,60.784],[2.973,60.783],[2.98,60.782],[2.985,60.781],[2.989,60.78],[2.99,60.78],[2.997,60.779],[3.011,60.777],[3.021,60.775],[3.026,60.775],[3.033,60.774],[3.04,60.773],[3.044,60.772],[3.048,60.772],[3.052,60.771],[3.056,60.77],[3.06,60.77],[3.062,60.769],[3.064,60.769],[3.072,60.768],[3.077,60.767],[3.079,60.767],[3.083,60.766],[3.086,60.766],[3.089,60.765],[3.091,60.765],[3.093,60.764],[3.096,60.764],[3.097,60.764],[3.099,60.763],[3.101,60.763],[3.102,60.763],[3.104,60.762],[3.105,60.762],[3.107,60.762],[3.109,60.762],[3.111,60.761],[3.112,60.761],[3.113,60.761],[3.114,60.761],[3.115,60.761],[3.116,60.761],[3.117,60.76],[3.118,60.76],[3.12,60.76],[3.125,60.759],[3.128,60.759],[3.13,60.758],[3.131,60.758],[3.133,60.758],[3.134,60.758],[3.135,60.758],[3.136,60.757],[3.141,60.757],[3.143,60.756],[3.144,60.756],[3.146,60.756],[3.147,60.756],[3.149,60.755],[3.151,60.755],[3.154,60.754],[3.157,60.754],[3.159,60.754],[3.16,60.754],[3.166,60.753],[3.167,60.752],[3.168,60.752],[3.17,60.752],[3.172,60.752],[3.175,60.751],[3.176,60.751],[3.178,60.751],[3.181,60.75],[3.182,60.75],[3.183,60.75],[3.184,60.75],[3.186,60.749],[3.187,60.749],[3.189,60.749],[3.19,60.749],[3.192,60.748],[3.193,60.748],[3.196,60.747],[3.2,60.747],[3.204,60.746],[3.206,60.746],[3.207,60.745],[3.214,60.744],[3.218,60.744],[3.224,60.743],[3.227,60.742],[3.23,60.741],[3.234,60.74],[3.235,60.74],[3.235,60.739],[3.237,60.738],[3.239,60.738],[3.241,60.738],[3.243,60.738],[3.245,60.738],[3.247,60.738],[3.253,60.738],[3.254,60.738],[3.255,60.738],[3.257,60.737],[3.258,60.737],[3.26,60.737],[3.262,60.736],[3.263,60.736],[3.265,60.736],[3.266,60.736],[3.267,60.736],[3.268,60.735],[3.271,60.735],[3.272,60.735],[3.273,60.735],[3.278,60.734],[3.281,60.733],[3.282,60.733],[3.284,60.733],[3.286,60.733],[3.287,60.733],[3.288,60.733],[3.289,60.733],[3.29,60.732],[3.291,60.732],[3.292,60.732],[3.293,60.732],[3.294,60.732],[3.298,60.731],[3.301,60.73],[3.304,60.73],[3.306,60.729],[3.311,60.728],[3.315,60.727],[3.319,60.727],[3.322,60.726],[3.328,60.725],[3.33,60.725],[3.331,60.725],[3.332,60.725],[3.34,60.724],[3.35,60.722],[3.353,60.721],[3.36,60.72],[3.363,60.72],[3.365,60.719],[3.373,60.718],[3.378,60.717],[3.386,60.716],[3.395,60.714],[3.401,60.713],[3.403,60.713],[3.404,60.713],[3.405,60.713],[3.406,60.713],[3.41,60.713],[3.412,60.712],[3.415,60.712],[3.418,60.711],[3.422,60.711],[3.425,60.71],[3.427,60.709],[3.432,60.708],[3.434,60.708],[3.438,60.708],[3.439,60.708],[3.441,60.708],[3.443,60.707],[3.445,60.707],[3.447,60.707],[3.449,60.706],[3.45,60.706],[3.457,60.705],[3.458,60.705],[3.463,60.704],[3.466,60.704],[3.467,60.704],[3.469,60.703],[3.472,60.702],[3.477,60.701],[3.481,60.7],[3.487,60.699],[3.489,60.699],[3.491,60.699],[3.498,60.698],[3.502,60.697],[3.504,60.697],[3.508,60.696],[3.509,60.696],[3.511,60.696],[3.513,60.696],[3.514,60.695],[3.516,60.695],[3.518,60.695],[3.519,60.694],[3.52,60.694],[3.525,60.693],[3.527,60.693],[3.529,60.693],[3.532,60.692],[3.533,60.692],[3.534,60.692],[3.536,60.692],[3.537,60.692],[3.538,60.692],[3.54,60.692],[3.543,60.691],[3.548,60.69],[3.549,60.69],[3.552,60.689],[3.554,60.689],[3.557,60.688],[3.558,60.688],[3.559,60.688],[3.56,60.687],[3.563,60.687],[3.564,60.686],[3.565,60.686],[3.566,60.686],[3.574,60.685],[3.576,60.684],[3.58,60.684],[3.583,60.684],[3.593,60.682],[3.597,60.682],[3.598,60.682],[3.6,60.682],[3.602,60.682],[3.604,60.681],[3.611,60.679],[3.615,60.679],[3.617,60.678],[3.62,60.678],[3.621,60.678],[3.625,60.677],[3.627,60.677],[3.63,60.676],[3.636,60.675],[3.637,60.675],[3.64,60.675],[3.644,60.674],[3.648,60.673],[3.651,60.673],[3.652,60.673],[3.659,60.671],[3.664,60.67],[3.666,60.67],[3.668,60.669],[3.67,60.669],[3.673,60.669],[3.676,60.668],[3.677,60.668],[3.678,60.668],[3.68,60.668],[3.682,60.667],[3.684,60.667],[3.686,60.667],[3.687,60.667],[3.688,60.666],[3.689,60.666],[3.69,60.666],[3.692,60.666],[3.696,60.665],[3.699,60.664],[3.702,60.664],[3.703,60.664],[3.704,60.664],[3.706,60.663],[3.707,60.663],[3.711,60.663],[3.712,60.662],[3.714,60.662],[3.715,60.662],[3.718,60.661],[3.721,60.661],[3.724,60.66],[3.727,60.66],[3.728,60.659],[3.729,60.659],[3.731,60.659],[3.733,60.659],[3.736,60.658],[3.738,60.658],[3.739,60.658],[3.741,60.657],[3.742,60.657],[3.743,60.657],[3.747,60.655],[3.748,60.654],[3.75,60.652],[3.751,60.651],[3.751,60.65],[3.75,60.649],[3.749,60.649],[3.745,60.648],[3.744,60.648],[3.743,60.648],[3.74,60.648],[3.739,60.647],[3.738,60.647],[3.736,60.647],[3.735,60.647],[3.734,60.647],[3.732,60.646],[3.731,60.646],[3.73,60.647],[3.729,60.647],[3.728,60.647],[3.727,60.647],[3.726,60.647],[3.725,60.647],[3.724,60.647],[3.724,60.646]]}},{"type":"Feature","properties":{"name":"Snøhvit umbilical","operator":""},"geometry":{"type":"LineString","coordinates":[[22.994,71.134],[22.991,71.136],[22.99,71.137],[22.988,71.138],[22.987,71.139],[22.986,71.139],[22.985,71.14],[22.984,71.14],[22.984,71.141],[22.983,71.141],[22.981,71.142],[22.979,71.143],[22.978,71.144],[22.977,71.145],[22.976,71.145],[22.975,71.146],[22.974,71.146],[22.973,71.147],[22.972,71.148],[22.97,71.148],[22.969,71.149],[22.968,71.149],[22.967,71.15],[22.966,71.151],[22.964,71.152],[22.962,71.153],[22.959,71.155],[22.958,71.155],[22.956,71.156],[22.955,71.157],[22.953,71.157],[22.952,71.158],[22.951,71.158],[22.949,71.159],[22.947,71.159],[22.947,71.16],[22.946,71.16],[22.945,71.16],[22.944,71.16],[22.943,71.161],[22.942,71.161],[22.94,71.161],[22.938,71.162],[22.936,71.162],[22.935,71.163],[22.934,71.163],[22.933,71.163],[22.931,71.164],[22.93,71.164],[22.928,71.165],[22.927,71.165],[22.922,71.166],[22.921,71.166],[22.917,71.167],[22.916,71.167],[22.914,71.168],[22.912,71.168],[22.905,71.17],[22.903,71.171],[22.9,71.171],[22.896,71.173],[22.893,71.173],[22.885,71.175],[22.883,71.176],[22.88,71.177],[22.877,71.177],[22.873,71.178],[22.872,71.178],[22.869,71.179],[22.867,71.18],[22.859,71.182],[22.856,71.182],[22.853,71.183],[22.849,71.184],[22.846,71.185],[22.843,71.186],[22.839,71.187],[22.836,71.188],[22.833,71.188],[22.832,71.188],[22.83,71.189],[22.827,71.19],[22.826,71.19],[22.825,71.19],[22.824,71.191],[22.823,71.191],[22.822,71.191],[22.82,71.192],[22.819,71.192],[22.818,71.192],[22.817,71.193],[22.815,71.193],[22.814,71.194],[22.813,71.194],[22.812,71.194],[22.811,71.195],[22.81,71.195],[22.809,71.195],[22.808,71.196],[22.807,71.196],[22.806,71.196],[22.805,71.197],[22.804,71.197],[22.803,71.197],[22.802,71.198],[22.801,71.198],[22.8,71.198],[22.799,71.198],[22.799,71.199],[22.798,71.199],[22.797,71.199],[22.796,71.199],[22.796,71.2],[22.795,71.2],[22.794,71.2],[22.793,71.2],[22.793,71.201],[22.792,71.201],[22.791,71.201],[22.79,71.201],[22.789,71.202],[22.788,71.202],[22.787,71.202],[22.786,71.203],[22.785,71.203],[22.784,71.203],[22.783,71.204],[22.782,71.204],[22.781,71.204],[22.78,71.205],[22.778,71.205],[22.776,71.206],[22.775,71.206],[22.774,71.207],[22.773,71.207],[22.77,71.208],[22.769,71.208],[22.767,71.209],[22.766,71.209],[22.764,71.21],[22.763,71.21],[22.761,71.211],[22.76,71.211],[22.759,71.211],[22.758,71.212],[22.756,71.212],[22.756,71.213],[22.753,71.213],[22.752,71.214],[22.75,71.214],[22.75,71.215],[22.749,71.215],[22.747,71.216],[22.744,71.217],[22.742,71.218],[22.741,71.218],[22.74,71.218],[22.737,71.22],[22.736,71.22],[22.734,71.221],[22.733,71.221],[22.732,71.222],[22.73,71.222],[22.728,71.223],[22.724,71.225],[22.723,71.225],[22.722,71.225],[22.721,71.226],[22.718,71.227],[22.717,71.227],[22.716,71.228],[22.715,71.228],[22.714,71.228],[22.713,71.229],[22.709,71.23],[22.706,71.231],[22.703,71.231],[22.702,71.232],[22.701,71.232],[22.7,71.232],[22.697,71.233],[22.694,71.233],[22.691,71.234],[22.689,71.235],[22.688,71.235],[22.687,71.235],[22.682,71.236],[22.678,71.237],[22.677,71.238],[22.676,71.238],[22.674,71.238],[22.673,71.239],[22.671,71.239],[22.669,71.24],[22.668,71.24],[22.667,71.24],[22.666,71.241],[22.665,71.241],[22.664,71.241],[22.663,71.242],[22.662,71.242],[22.66,71.243],[22.659,71.243],[22.657,71.243],[22.655,71.244],[22.654,71.245],[22.653,71.245],[22.652,71.246],[22.651,71.246],[22.65,71.246],[22.649,71.247],[22.648,71.247],[22.646,71.248],[22.645,71.248],[22.644,71.248],[22.643,71.249],[22.642,71.249],[22.641,71.249],[22.641,71.25],[22.639,71.25],[22.638,71.251],[22.635,71.252],[22.634,71.252],[22.632,71.253],[22.631,71.253],[22.63,71.254],[22.629,71.254],[22.628,71.254],[22.627,71.254],[22.626,71.255],[22.625,71.255],[22.624,71.256],[22.623,71.256],[22.622,71.256],[22.621,71.257],[22.619,71.258],[22.618,71.258],[22.617,71.259],[22.616,71.259],[22.613,71.26],[22.611,71.261],[22.609,71.262],[22.608,71.262],[22.607,71.262],[22.606,71.263],[22.605,71.263],[22.604,71.263],[22.603,71.264],[22.602,71.265],[22.601,71.265],[22.6,71.265],[22.599,71.266],[22.598,71.266],[22.597,71.266],[22.597,71.267],[22.596,71.267],[22.595,71.267],[22.594,71.268],[22.593,71.268],[22.592,71.268],[22.591,71.269],[22.59,71.269],[22.588,71.27],[22.587,71.27],[22.586,71.271],[22.585,71.271],[22.583,71.272],[22.582,71.272],[22.581,71.272],[22.581,71.273],[22.58,71.273],[22.579,71.273],[22.578,71.273],[22.578,71.274],[22.577,71.274],[22.576,71.274],[22.575,71.275],[22.573,71.276],[22.572,71.276],[22.571,71.276],[22.57,71.277],[22.567,71.278],[22.565,71.278],[22.565,71.279],[22.564,71.279],[22.563,71.279],[22.561,71.28],[22.56,71.28],[22.559,71.281],[22.558,71.281],[22.557,71.281],[22.557,71.282],[22.556,71.282],[22.555,71.282],[22.554,71.282],[22.554,71.283],[22.553,71.283],[22.552,71.283],[22.551,71.284],[22.55,71.284],[22.549,71.284],[22.547,71.285],[22.545,71.286],[22.544,71.286],[22.543,71.287],[22.542,71.287],[22.541,71.287],[22.54,71.288],[22.539,71.288],[22.537,71.289],[22.536,71.289],[22.535,71.289],[22.534,71.29],[22.533,71.29],[22.531,71.291],[22.529,71.292],[22.528,71.292],[22.527,71.292],[22.525,71.293],[22.524,71.293],[22.524,71.294],[22.522,71.294],[22.521,71.294],[22.52,71.295],[22.519,71.295],[22.518,71.296],[22.517,71.296],[22.516,71.296],[22.515,71.297],[22.514,71.297],[22.512,71.298],[22.511,71.298],[22.51,71.299],[22.509,71.299],[22.508,71.299],[22.508,71.3],[22.506,71.3],[22.505,71.301],[22.504,71.301],[22.503,71.302],[22.502,71.302],[22.501,71.302],[22.5,71.303],[22.498,71.304],[22.497,71.304],[22.496,71.304],[22.495,71.305],[22.494,71.305],[22.492,71.306],[22.489,71.307],[22.488,71.307],[22.486,71.308],[22.485,71.308],[22.482,71.309],[22.481,71.31],[22.48,71.31],[22.477,71.311],[22.476,71.312],[22.474,71.312],[22.473,71.313],[22.472,71.313],[22.471,71.313],[22.469,71.314],[22.466,71.315],[22.464,71.316],[22.462,71.316],[22.462,71.317],[22.459,71.318],[22.458,71.318],[22.456,71.319],[22.455,71.319],[22.453,71.32],[22.451,71.321],[22.45,71.321],[22.447,71.322],[22.446,71.322],[22.445,71.323],[22.444,71.323],[22.443,71.323],[22.442,71.324],[22.441,71.324],[22.44,71.324],[22.439,71.325],[22.438,71.325],[22.437,71.325],[22.436,71.326],[22.435,71.326],[22.433,71.327],[22.432,71.327],[22.431,71.327],[22.429,71.328],[22.428,71.328],[22.428,71.329],[22.427,71.329],[22.426,71.329],[22.425,71.33],[22.424,71.33],[22.423,71.331],[22.422,71.331],[22.421,71.331],[22.42,71.332],[22.419,71.332],[22.418,71.332],[22.417,71.333],[22.416,71.333],[22.415,71.334],[22.414,71.334],[22.413,71.334],[22.413,71.335],[22.412,71.335],[22.411,71.335],[22.41,71.335],[22.409,71.336],[22.408,71.336],[22.407,71.337],[22.406,71.337],[22.405,71.337],[22.404,71.338],[22.402,71.338],[22.401,71.339],[22.4,71.339],[22.399,71.339],[22.398,71.34],[22.396,71.341],[22.395,71.341],[22.394,71.341],[22.393,71.342],[22.392,71.342],[22.39,71.343],[22.389,71.343],[22.388,71.343],[22.388,71.344],[22.387,71.344],[22.386,71.344],[22.385,71.345],[22.384,71.345],[22.382,71.346],[22.381,71.346],[22.38,71.347],[22.379,71.347],[22.378,71.347],[22.377,71.348],[22.376,71.348],[22.375,71.348],[22.374,71.349],[22.373,71.349],[22.372,71.35],[22.371,71.35],[22.37,71.35],[22.369,71.35],[22.369,71.351],[22.368,71.351],[22.367,71.351],[22.365,71.352],[22.364,71.352],[22.363,71.353],[22.362,71.353],[22.361,71.353],[22.36,71.354],[22.359,71.354],[22.358,71.355],[22.357,71.355],[22.356,71.355],[22.355,71.356],[22.354,71.356],[22.353,71.356],[22.353,71.357],[22.352,71.357],[22.351,71.357],[22.35,71.357],[22.35,71.358],[22.349,71.358],[22.348,71.358],[22.347,71.359],[22.346,71.359],[22.345,71.359],[22.344,71.36],[22.343,71.36],[22.342,71.361],[22.341,71.361],[22.34,71.361],[22.339,71.361],[22.338,71.362],[22.337,71.362],[22.335,71.363],[22.334,71.364],[22.332,71.364],[22.331,71.365],[22.33,71.365],[22.328,71.366],[22.327,71.366],[22.326,71.366],[22.324,71.367],[22.323,71.368],[22.322,71.368],[22.321,71.368],[22.32,71.369],[22.319,71.369],[22.318,71.369],[22.317,71.369],[22.316,71.37],[22.315,71.37],[22.313,71.371],[22.312,71.371],[22.31,71.372],[22.309,71.373],[22.307,71.373],[22.305,71.374],[22.303,71.375],[22.301,71.375],[22.3,71.376],[22.298,71.376],[22.296,71.377],[22.295,71.378],[22.293,71.378],[22.291,71.379],[22.289,71.379],[22.288,71.38],[22.286,71.38],[22.284,71.381],[22.282,71.381],[22.281,71.381],[22.279,71.382],[22.276,71.382],[22.275,71.383],[22.27,71.384],[22.268,71.384],[22.265,71.384],[22.262,71.385],[22.258,71.386],[22.256,71.386],[22.254,71.386],[22.25,71.387],[22.248,71.387],[22.247,71.387],[22.246,71.387],[22.241,71.388],[22.237,71.389],[22.233,71.39],[22.231,71.39],[22.225,71.391],[22.224,71.391],[22.223,71.391],[22.217,71.392],[22.213,71.393],[22.212,71.393],[22.197,71.396],[22.196,71.396],[22.193,71.397],[22.19,71.397],[22.188,71.398],[22.186,71.398],[22.183,71.399],[22.181,71.399],[22.178,71.4],[22.177,71.4],[22.175,71.4],[22.173,71.4],[22.172,71.401],[22.17,71.401],[22.168,71.401],[22.166,71.402],[22.164,71.402],[22.16,71.403],[22.157,71.404],[22.156,71.404],[22.154,71.404],[22.152,71.405],[22.15,71.405],[22.149,71.405],[22.148,71.405],[22.147,71.406],[22.144,71.406],[22.143,71.406],[22.14,71.407],[22.139,71.407],[22.138,71.407],[22.137,71.407],[22.136,71.408],[22.133,71.408],[22.131,71.409],[22.129,71.409],[22.128,71.409],[22.126,71.409],[22.125,71.41],[22.124,71.41],[22.121,71.41],[22.12,71.411],[22.118,71.411],[22.117,71.411],[22.115,71.412],[22.113,71.412],[22.112,71.412],[22.111,71.412],[22.109,71.413],[22.107,71.413],[22.106,71.413],[22.105,71.414],[22.104,71.414],[22.103,71.414],[22.102,71.414],[22.1,71.415],[22.098,71.415],[22.097,71.415],[22.096,71.415],[22.095,71.416],[22.092,71.416],[22.09,71.416],[22.089,71.417],[22.085,71.417],[22.084,71.418],[22.083,71.418],[22.082,71.418],[22.081,71.418],[22.08,71.418],[22.078,71.419],[22.077,71.419],[22.076,71.419],[22.075,71.419],[22.074,71.42],[22.073,71.42],[22.072,71.42],[22.071,71.42],[22.07,71.42],[22.068,71.421],[22.067,71.421],[22.065,71.421],[22.064,71.421],[22.062,71.422],[22.061,71.422],[22.06,71.422],[22.058,71.422],[22.057,71.422],[22.056,71.423],[22.055,71.423],[22.052,71.423],[22.051,71.423],[22.049,71.424],[22.048,71.424],[22.047,71.424],[22.045,71.424],[22.044,71.425],[22.041,71.425],[22.039,71.425],[22.038,71.426],[22.037,71.426],[22.035,71.426],[22.034,71.426],[22.031,71.427],[22.027,71.427],[22.026,71.427],[22.025,71.428],[22.024,71.428],[22.022,71.428],[22.021,71.428],[22.02,71.429],[22.018,71.429],[22.017,71.429],[22.015,71.429],[22.014,71.43],[22.011,71.43],[22.009,71.431],[22.006,71.432],[22.004,71.432],[22.003,71.432],[22.001,71.433],[21.999,71.433],[21.997,71.434],[21.996,71.434],[21.995,71.435],[21.994,71.435],[21.99,71.436],[21.988,71.436],[21.986,71.437],[21.985,71.437],[21.984,71.437],[21.981,71.438],[21.98,71.438],[21.977,71.439],[21.974,71.44],[21.973,71.44],[21.97,71.44],[21.967,71.441],[21.966,71.441],[21.962,71.442],[21.96,71.442],[21.957,71.443],[21.954,71.443],[21.95,71.444],[21.947,71.444],[21.945,71.445],[21.94,71.446],[21.937,71.446],[21.934,71.447],[21.931,71.447],[21.929,71.448],[21.928,71.448],[21.927,71.448],[21.926,71.448],[21.925,71.448],[21.924,71.448],[21.919,71.449],[21.911,71.45],[21.91,71.45],[21.909,71.45],[21.906,71.451],[21.901,71.452],[21.899,71.452],[21.895,71.452],[21.894,71.453],[21.892,71.453],[21.887,71.454],[21.885,71.454],[21.883,71.454],[21.882,71.454],[21.878,71.455],[21.875,71.455],[21.87,71.456],[21.868,71.457],[21.866,71.457],[21.865,71.457],[21.863,71.458],[21.859,71.458],[21.857,71.459],[21.855,71.459],[21.854,71.459],[21.852,71.46],[21.85,71.46],[21.848,71.461],[21.846,71.461],[21.845,71.461],[21.844,71.461],[21.843,71.462],[21.84,71.462],[21.839,71.463],[21.838,71.463],[21.837,71.463],[21.836,71.463],[21.834,71.464],[21.832,71.464],[21.831,71.464],[21.83,71.464],[21.828,71.465],[21.827,71.465],[21.823,71.466],[21.822,71.466],[21.82,71.466],[21.818,71.467],[21.817,71.467],[21.816,71.467],[21.815,71.467],[21.814,71.467],[21.813,71.468],[21.812,71.468],[21.811,71.468],[21.81,71.468],[21.808,71.468],[21.808,71.469],[21.805,71.469],[21.803,71.469],[21.802,71.47],[21.8,71.47],[21.799,71.47],[21.798,71.47],[21.795,71.471],[21.794,71.471],[21.793,71.471],[21.791,71.472],[21.787,71.472],[21.785,71.473],[21.783,71.473],[21.781,71.473],[21.779,71.474],[21.774,71.475],[21.773,71.475],[21.772,71.475],[21.769,71.476],[21.767,71.476],[21.766,71.476],[21.764,71.476],[21.761,71.477],[21.758,71.477],[21.757,71.478],[21.755,71.478],[21.752,71.478],[21.748,71.479],[21.74,71.481],[21.737,71.481],[21.734,71.481],[21.732,71.482],[21.73,71.482],[21.728,71.483],[21.726,71.483],[21.724,71.483],[21.723,71.484],[21.722,71.484],[21.721,71.484],[21.72,71.484],[21.719,71.485],[21.718,71.485],[21.717,71.485],[21.716,71.485],[21.714,71.486],[21.713,71.486],[21.711,71.486],[21.709,71.487],[21.707,71.487],[21.705,71.488],[21.704,71.488],[21.703,71.488],[21.702,71.488],[21.701,71.488],[21.7,71.489],[21.699,71.489],[21.698,71.489],[21.695,71.49],[21.694,71.49],[21.693,71.49],[21.692,71.49],[21.691,71.49],[21.69,71.49],[21.69,71.491],[21.687,71.491],[21.685,71.491],[21.684,71.492],[21.683,71.492],[21.681,71.492],[21.68,71.492],[21.679,71.492],[21.677,71.493],[21.676,71.493],[21.675,71.493],[21.671,71.494],[21.67,71.494],[21.669,71.494],[21.668,71.494],[21.667,71.495],[21.664,71.495],[21.663,71.495],[21.662,71.496],[21.661,71.496],[21.66,71.496],[21.659,71.496],[21.658,71.496],[21.657,71.496],[21.653,71.497],[21.652,71.497],[21.651,71.498],[21.65,71.498],[21.649,71.498],[21.648,71.498],[21.645,71.499],[21.644,71.499],[21.643,71.499],[21.642,71.499],[21.64,71.499],[21.638,71.5],[21.637,71.5],[21.635,71.5],[21.634,71.5],[21.633,71.501],[21.631,71.501],[21.624,71.502],[21.623,71.503],[21.621,71.503],[21.619,71.503],[21.618,71.503],[21.617,71.503],[21.617,71.504],[21.616,71.504],[21.614,71.504],[21.609,71.505],[21.608,71.505],[21.607,71.505],[21.606,71.505],[21.604,71.506],[21.602,71.506],[21.601,71.506],[21.599,71.506],[21.595,71.507],[21.591,71.508],[21.587,71.508],[21.584,71.509],[21.583,71.509],[21.582,71.509],[21.58,71.509],[21.578,71.51],[21.577,71.51],[21.576,71.51],[21.575,71.51],[21.574,71.51],[21.573,71.51],[21.573,71.511],[21.569,71.511],[21.568,71.511],[21.567,71.512],[21.566,71.512],[21.564,71.512],[21.563,71.512],[21.562,71.513],[21.561,71.513],[21.56,71.513],[21.559,71.513],[21.558,71.513],[21.556,71.514],[21.555,71.514],[21.554,71.514],[21.552,71.514],[21.551,71.515],[21.549,71.515],[21.547,71.515],[21.545,71.516],[21.543,71.516],[21.54,71.517],[21.538,71.517],[21.537,71.517],[21.536,71.517],[21.534,71.518],[21.533,71.518],[21.532,71.518],[21.528,71.519],[21.525,71.519],[21.524,71.519],[21.523,71.52],[21.522,71.52],[21.521,71.52],[21.52,71.52],[21.519,71.52],[21.516,71.521],[21.515,71.521],[21.513,71.521],[21.512,71.521],[21.511,71.522],[21.51,71.522],[21.508,71.522],[21.506,71.522],[21.503,71.523],[21.501,71.523],[21.5,71.523],[21.496,71.524],[21.495,71.524],[21.494,71.525],[21.493,71.525],[21.492,71.525],[21.491,71.525],[21.489,71.525],[21.486,71.526],[21.485,71.526],[21.484,71.526],[21.479,71.527],[21.478,71.527],[21.476,71.527],[21.473,71.528],[21.47,71.528],[21.467,71.529],[21.464,71.529],[21.462,71.53],[21.46,71.53],[21.459,71.53],[21.458,71.53],[21.457,71.531],[21.451,71.532],[21.449,71.532],[21.446,71.533],[21.444,71.534],[21.441,71.534],[21.438,71.535],[21.437,71.535],[21.435,71.535],[21.43,71.536],[21.425,71.537],[21.422,71.538],[21.42,71.538],[21.419,71.538],[21.417,71.538],[21.416,71.539],[21.412,71.539],[21.408,71.54],[21.405,71.541],[21.403,71.541],[21.399,71.542],[21.395,71.542],[21.394,71.543],[21.393,71.543],[21.392,71.543],[21.389,71.544],[21.387,71.544],[21.381,71.545],[21.379,71.546],[21.377,71.546],[21.375,71.547],[21.372,71.547],[21.367,71.548],[21.361,71.55],[21.36,71.55],[21.356,71.551],[21.355,71.551],[21.352,71.552],[21.349,71.552],[21.347,71.552],[21.346,71.553],[21.343,71.553],[21.341,71.554],[21.338,71.554],[21.335,71.554],[21.331,71.555],[21.327,71.556],[21.322,71.557],[21.318,71.557],[21.317,71.557],[21.315,71.558],[21.312,71.558],[21.31,71.558],[21.307,71.558],[21.306,71.559],[21.305,71.559],[21.302,71.559],[21.301,71.559],[21.299,71.559],[21.295,71.56],[21.292,71.56],[21.29,71.56],[21.288,71.56],[21.287,71.561],[21.285,71.561],[21.283,71.561],[21.282,71.561],[21.28,71.561],[21.278,71.561],[21.276,71.562],[21.274,71.562],[21.272,71.562],[21.27,71.562],[21.269,71.563],[21.267,71.563],[21.266,71.563],[21.265,71.563],[21.264,71.563],[21.263,71.563],[21.262,71.563],[21.262,71.564],[21.261,71.564],[21.26,71.564],[21.259,71.564],[21.258,71.564],[21.256,71.564],[21.255,71.565],[21.254,71.565],[21.253,71.565],[21.252,71.565],[21.25,71.566],[21.249,71.566],[21.248,71.566],[21.247,71.566],[21.246,71.566],[21.246,71.567],[21.244,71.567],[21.242,71.567],[21.241,71.567],[21.24,71.568],[21.239,71.568],[21.238,71.567],[21.237,71.567],[21.238,71.567],[21.238,71.566],[21.239,71.566],[21.24,71.566],[21.241,71.566],[21.242,71.566],[21.243,71.566],[21.244,71.566],[21.244,71.565],[21.243,71.565],[21.242,71.565],[21.241,71.565],[21.24,71.565],[21.239,71.565],[21.238,71.565],[21.237,71.566],[21.236,71.566],[21.235,71.567],[21.234,71.567],[21.233,71.568],[21.232,71.569],[21.231,71.569],[21.23,71.569],[21.229,71.569],[21.228,71.569],[21.227,71.569],[21.226,71.569]]}},{"type":"Feature","properties":{"name":"","operator":""},"geometry":{"type":"LineString","coordinates":[[20.409,71.4],[20.409,71.399],[20.409,71.398],[20.408,71.397],[20.408,71.396],[20.408,71.395],[20.407,71.393],[20.406,71.391],[20.406,71.39],[20.406,71.389],[20.405,71.389],[20.405,71.388],[20.405,71.387],[20.404,71.386],[20.403,71.384],[20.403,71.382],[20.403,71.381],[20.402,71.379],[20.402,71.377],[20.402,71.376],[20.401,71.375],[20.401,71.374],[20.401,71.373],[20.401,71.372],[20.4,71.371],[20.4,71.369],[20.4,71.368],[20.399,71.367],[20.4,71.367],[20.399,71.366],[20.399,71.364],[20.398,71.363],[20.398,71.362],[20.398,71.361],[20.396,71.357],[20.396,71.356],[20.397,71.356],[20.396,71.356],[20.396,71.355],[20.395,71.355],[20.395,71.354],[20.394,71.354],[20.394,71.353],[20.394,71.352],[20.393,71.351],[20.393,71.35],[20.393,71.349],[20.392,71.347],[20.391,71.345],[20.392,71.345],[20.392,71.344],[20.392,71.343],[20.391,71.342],[20.39,71.342],[20.388,71.341]]}},{"type":"Feature","properties":{"name":"","operator":""},"geometry":{"type":"LineString","coordinates":[[21.224,71.572],[21.225,71.572],[21.226,71.572],[21.227,71.573],[21.228,71.573],[21.229,71.573],[21.23,71.574],[21.231,71.574],[21.231,71.575],[21.232,71.575],[21.234,71.576],[21.235,71.576],[21.235,71.577],[21.236,71.577],[21.237,71.578],[21.238,71.579],[21.239,71.579],[21.24,71.58],[21.241,71.581],[21.242,71.582],[21.243,71.582],[21.243,71.583],[21.245,71.584],[21.246,71.584],[21.246,71.585],[21.248,71.586],[21.249,71.586],[21.25,71.587],[21.251,71.587],[21.252,71.587],[21.255,71.588],[21.255,71.589],[21.256,71.589],[21.258,71.589],[21.259,71.589],[21.259,71.59],[21.261,71.59],[21.263,71.59],[21.266,71.591],[21.27,71.592],[21.271,71.592],[21.272,71.592],[21.273,71.592]]}},{"type":"Feature","properties":{"name":"","operator":""},"geometry":{"type":"LineString","coordinates":[[21.226,71.569],[21.225,71.57],[21.224,71.57],[21.223,71.57],[21.223,71.569],[21.222,71.569],[21.22,71.57],[21.219,71.57],[21.219,71.571],[21.218,71.571],[21.217,71.571],[21.217,71.572],[21.217,71.573],[21.217,71.574],[21.217,71.575],[21.217,71.576],[21.217,71.577],[21.216,71.577],[21.216,71.578],[21.215,71.578],[21.215,71.579],[21.215,71.58],[21.214,71.581],[21.213,71.581],[21.212,71.581],[21.211,71.581],[21.21,71.581],[21.209,71.581],[21.209,71.582],[21.208,71.582],[21.207,71.582],[21.206,71.583],[21.205,71.583],[21.205,71.584],[21.204,71.584],[21.203,71.584],[21.202,71.585],[21.199,71.586],[21.199,71.587],[21.198,71.587],[21.197,71.588],[21.194,71.589],[21.193,71.59],[21.192,71.59],[21.191,71.591],[21.19,71.591],[21.189,71.592],[21.188,71.592],[21.188,71.593],[21.187,71.593],[21.186,71.593],[21.186,71.594],[21.187,71.594],[21.187,71.595],[21.186,71.595],[21.186,71.596],[21.185,71.596],[21.184,71.596],[21.184,71.597],[21.183,71.597],[21.182,71.597],[21.181,71.597],[21.18,71.598],[21.179,71.598],[21.178,71.598],[21.178,71.599],[21.176,71.6],[21.175,71.6],[21.174,71.601],[21.173,71.601],[21.172,71.602],[21.171,71.602],[21.171,71.603],[21.17,71.603],[21.169,71.604],[21.168,71.604],[21.167,71.604],[21.166,71.605],[21.165,71.605],[21.164,71.605],[21.163,71.606],[21.162,71.606],[21.161,71.606],[21.16,71.606],[21.16,71.607],[21.159,71.607],[21.158,71.607],[21.157,71.607],[21.156,71.608],[21.155,71.608],[21.154,71.608],[21.153,71.609],[21.152,71.609],[21.151,71.609],[21.15,71.609],[21.15,71.61],[21.149,71.61],[21.147,71.61],[21.147,71.611],[21.146,71.611],[21.145,71.611],[21.144,71.611],[21.143,71.611],[21.143,71.612],[21.142,71.612],[21.141,71.612],[21.14,71.613],[21.139,71.613],[21.138,71.613],[21.137,71.613],[21.135,71.614],[21.134,71.614],[21.133,71.614],[21.133,71.615],[21.132,71.615],[21.13,71.616],[21.129,71.616],[21.128,71.616],[21.127,71.616],[21.126,71.617],[21.124,71.617],[21.123,71.618],[21.121,71.618],[21.12,71.618],[21.119,71.619],[21.118,71.619],[21.117,71.619],[21.116,71.62],[21.115,71.62],[21.114,71.62],[21.113,71.62],[21.113,71.621],[21.112,71.621],[21.111,71.621],[21.11,71.621],[21.11,71.622],[21.109,71.623],[21.109,71.624],[21.108,71.625],[21.108,71.626],[21.107,71.626],[21.107,71.627],[21.107,71.628],[21.106,71.628],[21.106,71.629],[21.105,71.63],[21.104,71.631],[21.104,71.632],[21.103,71.632],[21.103,71.633],[21.102,71.633],[21.101,71.633],[21.101,71.634],[21.1,71.634],[21.099,71.634],[21.098,71.634],[21.098,71.635],[21.097,71.635],[21.097,71.636],[21.096,71.636],[21.096,71.637],[21.095,71.637],[21.095,71.638],[21.094,71.638],[21.093,71.638],[21.092,71.638],[21.092,71.639],[21.091,71.639],[21.09,71.639],[21.088,71.64],[21.087,71.64],[21.085,71.641],[21.084,71.641],[21.083,71.641],[21.083,71.642],[21.082,71.642],[21.082,71.643],[21.083,71.644],[21.083,71.645],[21.084,71.646],[21.084,71.647],[21.085,71.647],[21.085,71.648],[21.084,71.648],[21.084,71.649],[21.083,71.649],[21.082,71.649],[21.082,71.65],[21.081,71.65],[21.079,71.651],[21.078,71.652],[21.077,71.652],[21.077,71.653],[21.076,71.653],[21.075,71.653],[21.075,71.654],[21.074,71.654],[21.073,71.654],[21.072,71.655],[21.071,71.655],[21.071,71.656],[21.071,71.657],[21.072,71.657],[21.071,71.657],[21.071,71.658],[21.07,71.658],[21.069,71.658],[21.069,71.657],[21.068,71.657]]}},{"type":"Feature","properties":{"name":"","operator":""},"geometry":{"type":"LineString","coordinates":[[21.225,71.57],[21.224,71.57],[21.223,71.569],[21.222,71.569],[21.222,71.568],[21.221,71.568],[21.221,71.567],[21.22,71.567],[21.219,71.567],[21.217,71.566],[21.216,71.566],[21.215,71.566],[21.214,71.566],[21.214,71.565],[21.213,71.565],[21.212,71.565],[21.211,71.564],[21.21,71.564],[21.209,71.564],[21.208,71.563],[21.205,71.562],[21.203,71.562],[21.201,71.561],[21.2,71.561],[21.195,71.559],[21.192,71.559],[21.189,71.558],[21.187,71.558],[21.185,71.557],[21.183,71.557],[21.182,71.557],[21.181,71.556],[21.179,71.556],[21.178,71.556],[21.177,71.556],[21.176,71.555],[21.175,71.555],[21.173,71.555],[21.172,71.555],[21.171,71.554],[21.17,71.554],[21.169,71.554],[21.168,71.554],[21.167,71.554],[21.166,71.553],[21.165,71.553],[21.164,71.553],[21.163,71.553],[21.161,71.552],[21.158,71.552],[21.157,71.551],[21.155,71.551],[21.154,71.551],[21.153,71.551],[21.152,71.55],[21.151,71.55],[21.15,71.55],[21.148,71.55],[21.147,71.549],[21.145,71.549],[21.143,71.548],[21.141,71.548],[21.14,71.548],[21.138,71.547],[21.136,71.547],[21.133,71.546],[21.131,71.546],[21.13,71.546],[21.129,71.546],[21.128,71.546],[21.127,71.546],[21.126,71.546],[21.124,71.545],[21.122,71.545],[21.119,71.545],[21.116,71.545],[21.114,71.544],[21.11,71.544],[21.105,71.543],[21.104,71.543],[21.102,71.543],[21.099,71.542],[21.095,71.542],[21.093,71.541],[21.09,71.54],[21.087,71.539],[21.084,71.539],[21.082,71.538],[21.081,71.538],[21.079,71.537],[21.078,71.537],[21.077,71.537],[21.077,71.536],[21.075,71.536],[21.074,71.536],[21.072,71.535],[21.07,71.534],[21.068,71.534],[21.064,71.533],[21.061,71.532],[21.057,71.531],[21.054,71.53],[21.053,71.53],[21.052,71.529],[21.051,71.529],[21.05,71.529],[21.049,71.529],[21.048,71.529],[21.047,71.528],[21.045,71.528],[21.044,71.528],[21.042,71.527],[21.041,71.527],[21.04,71.527],[21.039,71.527],[21.038,71.526],[21.037,71.526],[21.036,71.526],[21.035,71.526],[21.034,71.526],[21.033,71.525],[21.031,71.525],[21.03,71.525],[21.029,71.525],[21.028,71.524],[21.027,71.524],[21.026,71.524],[21.025,71.524],[21.024,71.523],[21.022,71.523],[21.021,71.523],[21.02,71.523],[21.019,71.523],[21.019,71.522],[21.018,71.522],[21.017,71.522],[21.016,71.522],[21.015,71.522],[21.015,71.521],[21.014,71.521],[21.013,71.521],[21.012,71.521],[21.011,71.521],[21.01,71.521],[21.01,71.52],[21.009,71.52],[21.008,71.52],[21.007,71.52],[21.006,71.52],[21.004,71.519],[21.001,71.519],[20.999,71.518],[20.996,71.518],[20.993,71.517],[20.99,71.516],[20.987,71.516],[20.986,71.515],[20.985,71.515],[20.984,71.515],[20.982,71.515],[20.979,71.514],[20.977,71.514],[20.976,71.513],[20.975,71.513],[20.971,71.512],[20.967,71.511],[20.965,71.511],[20.963,71.511],[20.949,71.508],[20.944,71.507],[20.941,71.506],[20.94,71.506],[20.937,71.505],[20.935,71.505],[20.934,71.504],[20.932,71.504],[20.931,71.504],[20.93,71.504],[20.929,71.503],[20.928,71.503],[20.926,71.503],[20.924,71.502],[20.922,71.502],[20.921,71.502],[20.92,71.501],[20.918,71.501],[20.916,71.501],[20.915,71.5],[20.913,71.5],[20.912,71.5],[20.91,71.499],[20.909,71.499],[20.907,71.499],[20.906,71.498],[20.905,71.498],[20.904,71.498],[20.902,71.498],[20.9,71.497],[20.899,71.497],[20.897,71.496],[20.894,71.496],[20.892,71.495],[20.891,71.495],[20.89,71.495],[20.889,71.495],[20.886,71.494],[20.885,71.494],[20.883,71.494],[20.882,71.493],[20.881,71.493],[20.88,71.493],[20.879,71.493],[20.878,71.492],[20.877,71.492],[20.875,71.492],[20.874,71.492],[20.873,71.492],[20.872,71.492],[20.87,71.491],[20.869,71.491],[20.867,71.491],[20.866,71.491],[20.864,71.491],[20.863,71.49],[20.862,71.49],[20.86,71.49],[20.859,71.49],[20.858,71.49],[20.856,71.49],[20.855,71.49],[20.852,71.489],[20.85,71.489],[20.849,71.489],[20.847,71.489],[20.845,71.488],[20.842,71.488],[20.841,71.488],[20.839,71.487],[20.837,71.487],[20.836,71.487],[20.835,71.487],[20.834,71.486],[20.83,71.485],[20.825,71.484],[20.821,71.483],[20.818,71.482],[20.817,71.482],[20.815,71.481],[20.813,71.481],[20.808,71.479],[20.805,71.478],[20.804,71.478],[20.8,71.477],[20.793,71.475],[20.792,71.475],[20.79,71.474],[20.785,71.473],[20.781,71.472],[20.78,71.471],[20.776,71.471],[20.773,71.47],[20.771,71.47],[20.769,71.469],[20.765,71.469],[20.763,71.468],[20.759,71.468],[20.758,71.467],[20.757,71.467],[20.756,71.467],[20.755,71.467],[20.753,71.467],[20.752,71.467],[20.751,71.466],[20.75,71.466],[20.749,71.466],[20.748,71.466],[20.746,71.466],[20.744,71.465],[20.742,71.465],[20.741,71.465],[20.739,71.465],[20.738,71.464],[20.737,71.464],[20.736,71.464],[20.734,71.464],[20.733,71.464],[20.731,71.463],[20.73,71.463],[20.726,71.462],[20.724,71.462],[20.721,71.462],[20.718,71.461],[20.715,71.461],[20.714,71.461],[20.714,71.46],[20.712,71.46],[20.71,71.46],[20.708,71.459],[20.707,71.459],[20.706,71.459],[20.704,71.458],[20.703,71.458],[20.702,71.458],[20.699,71.457],[20.697,71.456],[20.696,71.456],[20.695,71.455],[20.692,71.455],[20.688,71.453],[20.686,71.453],[20.684,71.452],[20.683,71.452],[20.681,71.451],[20.68,71.451],[20.675,71.449],[20.674,71.449],[20.672,71.449],[20.671,71.448],[20.669,71.448],[20.668,71.448],[20.667,71.447],[20.664,71.447],[20.662,71.446],[20.661,71.446],[20.659,71.446],[20.658,71.446],[20.657,71.445],[20.656,71.445],[20.655,71.445],[20.653,71.445],[20.652,71.444],[20.65,71.444],[20.649,71.444],[20.647,71.444],[20.646,71.443],[20.644,71.443],[20.643,71.443],[20.642,71.443],[20.642,71.442],[20.641,71.442],[20.64,71.442],[20.639,71.442],[20.637,71.441],[20.636,71.441],[20.634,71.441],[20.633,71.441],[20.633,71.44],[20.632,71.44],[20.63,71.44],[20.629,71.44],[20.628,71.439],[20.626,71.439],[20.625,71.439],[20.624,71.439],[20.623,71.438],[20.622,71.438],[20.62,71.438],[20.619,71.437],[20.617,71.437],[20.616,71.437],[20.615,71.436],[20.614,71.436],[20.613,71.436],[20.612,71.436],[20.611,71.436],[20.611,71.435],[20.608,71.435],[20.602,71.433],[20.601,71.433],[20.6,71.433],[20.599,71.433],[20.598,71.433],[20.595,71.432],[20.593,71.431],[20.591,71.431],[20.585,71.429],[20.584,71.429],[20.583,71.429],[20.577,71.428],[20.574,71.427],[20.571,71.426],[20.566,71.425],[20.564,71.425],[20.561,71.424],[20.554,71.423],[20.55,71.422],[20.547,71.422],[20.543,71.421],[20.539,71.42],[20.537,71.42],[20.536,71.419],[20.534,71.419],[20.533,71.419],[20.531,71.418],[20.529,71.418],[20.528,71.418],[20.527,71.417],[20.526,71.417],[20.524,71.417],[20.523,71.416],[20.522,71.416],[20.521,71.416],[20.52,71.416],[20.519,71.415],[20.518,71.415],[20.516,71.415],[20.514,71.414],[20.513,71.414],[20.511,71.414],[20.51,71.413],[20.508,71.413],[20.507,71.413],[20.505,71.412],[20.501,71.412],[20.498,71.411],[20.497,71.411],[20.495,71.411],[20.491,71.41],[20.488,71.41],[20.483,71.41],[20.477,71.409],[20.476,71.409],[20.475,71.409],[20.474,71.409],[20.469,71.409],[20.466,71.408],[20.463,71.408],[20.458,71.408],[20.457,71.408],[20.456,71.408],[20.454,71.407],[20.452,71.407],[20.448,71.407],[20.446,71.406],[20.443,71.406],[20.442,71.406],[20.44,71.405],[20.438,71.405],[20.436,71.405],[20.435,71.405],[20.434,71.404],[20.432,71.404],[20.431,71.404],[20.429,71.404],[20.428,71.404],[20.427,71.403],[20.427,71.402],[20.426,71.402],[20.425,71.402],[20.424,71.402],[20.423,71.402],[20.422,71.402],[20.421,71.402],[20.42,71.402],[20.419,71.402],[20.418,71.402],[20.416,71.401],[20.414,71.401],[20.413,71.401],[20.411,71.4],[20.41,71.4]]}},{"type":"Feature","properties":{"name":"","operator":""},"geometry":{"type":"LineString","coordinates":[[21.226,71.569],[21.225,71.57],[21.225,71.571],[21.226,71.571],[21.227,71.571],[21.227,71.57],[21.228,71.57],[21.229,71.57],[21.23,71.57],[21.231,71.57],[21.232,71.57],[21.233,71.57],[21.234,71.57],[21.235,71.571],[21.234,71.571],[21.234,71.572],[21.233,71.572],[21.233,71.573],[21.232,71.573],[21.233,71.573],[21.234,71.574],[21.235,71.574],[21.236,71.574],[21.237,71.574],[21.237,71.575],[21.238,71.575],[21.237,71.576],[21.236,71.576],[21.235,71.576],[21.234,71.576],[21.232,71.576],[21.23,71.576],[21.228,71.576],[21.227,71.576],[21.226,71.576],[21.225,71.576],[21.224,71.576],[21.223,71.576],[21.221,71.576],[21.22,71.576],[21.218,71.576],[21.216,71.576],[21.215,71.576],[21.214,71.576],[21.212,71.576],[21.211,71.576],[21.21,71.576],[21.207,71.576],[21.206,71.576],[21.205,71.576],[21.203,71.576],[21.2,71.576],[21.199,71.576],[21.198,71.576],[21.197,71.577],[21.195,71.577],[21.194,71.577],[21.192,71.577],[21.191,71.577],[21.189,71.577],[21.188,71.577],[21.187,71.577],[21.186,71.577],[21.185,71.577],[21.183,71.577],[21.182,71.578],[21.18,71.578],[21.179,71.578],[21.178,71.578],[21.177,71.578],[21.176,71.578],[21.174,71.578],[21.173,71.578],[21.172,71.578],[21.171,71.578],[21.17,71.578],[21.169,71.578],[21.168,71.578],[21.167,71.579],[21.165,71.579],[21.164,71.579],[21.162,71.579],[21.161,71.579],[21.16,71.579],[21.159,71.579],[21.157,71.579],[21.155,71.579],[21.154,71.579],[21.153,71.579],[21.152,71.58],[21.151,71.58],[21.15,71.58],[21.149,71.58],[21.148,71.58],[21.147,71.58],[21.146,71.58],[21.145,71.58],[21.144,71.58],[21.143,71.58],[21.141,71.58],[21.139,71.581],[21.137,71.581],[21.135,71.581],[21.134,71.581],[21.132,71.582],[21.131,71.582],[21.13,71.582],[21.129,71.582],[21.127,71.583],[21.126,71.583],[21.125,71.583],[21.124,71.584],[21.122,71.584],[21.122,71.585],[21.121,71.585],[21.12,71.585],[21.118,71.586],[21.117,71.587],[21.116,71.587],[21.116,71.588],[21.115,71.588],[21.114,71.589],[21.113,71.59],[21.112,71.591],[21.111,71.592],[21.11,71.592],[21.11,71.593],[21.109,71.594],[21.108,71.594],[21.108,71.595],[21.107,71.595],[21.105,71.597],[21.104,71.598],[21.103,71.598],[21.103,71.599],[21.102,71.599],[21.102,71.6],[21.101,71.6],[21.101,71.601],[21.1,71.601],[21.1,71.602],[21.099,71.602],[21.099,71.603],[21.098,71.603],[21.097,71.603],[21.096,71.604],[21.095,71.604],[21.095,71.605],[21.094,71.605],[21.093,71.605],[21.092,71.606],[21.091,71.606],[21.09,71.606],[21.089,71.607],[21.088,71.607],[21.086,71.607],[21.084,71.608],[21.083,71.608],[21.082,71.608],[21.081,71.608],[21.081,71.609],[21.078,71.609],[21.077,71.609],[21.076,71.609],[21.075,71.609],[21.074,71.609],[21.074,71.61],[21.073,71.61],[21.071,71.61],[21.067,71.61],[21.065,71.611],[21.063,71.611],[21.062,71.611],[21.061,71.611],[21.06,71.611],[21.059,71.611],[21.058,71.611],[21.056,71.612],[21.055,71.612],[21.054,71.612],[21.053,71.612],[21.052,71.612],[21.053,71.612],[21.053,71.611],[21.054,71.611],[21.055,71.611]]}},{"type":"Feature","properties":{"name":"","operator":""},"geometry":{"type":"LineString","coordinates":[[21.183,71.595],[21.184,71.595],[21.185,71.595],[21.186,71.595],[21.186,71.594],[21.185,71.594],[21.185,71.593],[21.186,71.593],[21.187,71.592],[21.188,71.592],[21.189,71.591],[21.191,71.59],[21.194,71.589],[21.195,71.588],[21.198,71.586],[21.199,71.586],[21.202,71.584],[21.203,71.584],[21.205,71.583],[21.206,71.582],[21.208,71.581],[21.21,71.58],[21.212,71.578],[21.215,71.577],[21.216,71.577],[21.217,71.577],[21.218,71.577],[21.222,71.576],[21.224,71.576],[21.226,71.576],[21.228,71.576],[21.229,71.576],[21.23,71.576],[21.231,71.576],[21.232,71.576],[21.234,71.576],[21.235,71.576],[21.236,71.576],[21.237,71.576],[21.238,71.576],[21.238,71.575],[21.237,71.574],[21.236,71.574],[21.235,71.574],[21.235,71.573],[21.234,71.573],[21.234,71.572],[21.235,71.572],[21.236,71.572],[21.236,71.571],[21.235,71.571],[21.235,71.57],[21.234,71.57],[21.233,71.57],[21.232,71.57],[21.231,71.57],[21.23,71.57],[21.229,71.57],[21.227,71.57],[21.226,71.571],[21.225,71.57],[21.226,71.57],[21.226,71.569]]}},{"type":"Feature","properties":{"name":"","operator":""},"geometry":{"type":"LineString","coordinates":[[21.225,71.571],[21.226,71.571],[21.227,71.571],[21.228,71.571],[21.229,71.571],[21.23,71.571],[21.23,71.57],[21.229,71.57],[21.229,71.569],[21.228,71.569],[21.227,71.569],[21.226,71.569]]}},{"type":"Feature","properties":{"name":"","operator":""},"geometry":{"type":"LineString","coordinates":[[21.226,71.569],[21.227,71.569],[21.228,71.569],[21.229,71.569],[21.23,71.569],[21.231,71.569],[21.232,71.569],[21.233,71.57],[21.234,71.57],[21.234,71.569],[21.235,71.569],[21.236,71.569],[21.24,71.568],[21.242,71.568],[21.243,71.567],[21.245,71.567],[21.246,71.567],[21.25,71.566],[21.252,71.566],[21.256,71.565],[21.258,71.564],[21.262,71.564],[21.263,71.564],[21.264,71.564],[21.266,71.563],[21.273,71.563],[21.279,71.562],[21.281,71.562],[21.287,71.561],[21.294,71.56],[21.31,71.558],[21.312,71.558],[21.317,71.557],[21.318,71.557],[21.319,71.557],[21.327,71.556],[21.332,71.555],[21.335,71.555],[21.338,71.554],[21.34,71.554],[21.341,71.554],[21.344,71.553],[21.346,71.553],[21.347,71.553],[21.348,71.553],[21.349,71.552],[21.35,71.552],[21.354,71.551],[21.356,71.551],[21.361,71.55],[21.365,71.549],[21.368,71.548],[21.37,71.548],[21.374,71.547],[21.377,71.547],[21.379,71.546],[21.381,71.546],[21.384,71.545],[21.387,71.544],[21.391,71.544],[21.393,71.543],[21.395,71.543],[21.397,71.542],[21.4,71.541],[21.401,71.541],[21.404,71.541],[21.405,71.541],[21.406,71.541],[21.416,71.539],[21.42,71.538],[21.425,71.537],[21.432,71.536],[21.439,71.535],[21.441,71.534],[21.442,71.534],[21.444,71.534],[21.446,71.533],[21.449,71.533],[21.45,71.532],[21.452,71.532],[21.454,71.532],[21.457,71.531],[21.459,71.531],[21.465,71.529],[21.47,71.529],[21.473,71.528],[21.481,71.527],[21.489,71.525],[21.492,71.525],[21.493,71.525],[21.494,71.525],[21.497,71.524],[21.501,71.523],[21.505,71.523],[21.508,71.522],[21.51,71.522],[21.512,71.522],[21.515,71.521],[21.516,71.521],[21.52,71.52],[21.522,71.52],[21.525,71.519],[21.527,71.519],[21.53,71.519],[21.532,71.518],[21.536,71.518],[21.537,71.517],[21.542,71.517],[21.547,71.516],[21.552,71.515],[21.555,71.514],[21.558,71.513],[21.56,71.513],[21.562,71.513],[21.565,71.512],[21.568,71.512],[21.571,71.511],[21.575,71.51],[21.577,71.51],[21.583,71.509],[21.584,71.509],[21.586,71.508],[21.589,71.508],[21.595,71.507],[21.598,71.507],[21.605,71.506],[21.608,71.505],[21.609,71.505],[21.611,71.505],[21.612,71.504],[21.617,71.504],[21.62,71.503],[21.626,71.502],[21.629,71.502],[21.631,71.501],[21.632,71.501],[21.637,71.5],[21.643,71.499],[21.644,71.499],[21.645,71.499],[21.648,71.498],[21.65,71.498],[21.653,71.497],[21.656,71.497],[21.659,71.496],[21.661,71.496],[21.662,71.496]]}},{"type":"Feature","properties":{"name":"","operator":""},"geometry":{"type":"LineString","coordinates":[[21.233,71.57],[21.232,71.57],[21.231,71.571],[21.23,71.571],[21.23,71.57],[21.231,71.57],[21.232,71.57],[21.232,71.569],[21.231,71.569],[21.23,71.569],[21.229,71.569],[21.228,71.569],[21.227,71.569],[21.226,71.569]]}},{"type":"Feature","properties":{"name":"","operator":""},"geometry":{"type":"LineString","coordinates":[[21.226,71.569],[21.227,71.569],[21.228,71.569],[21.229,71.568],[21.228,71.568],[21.227,71.568],[21.226,71.568],[21.225,71.568],[21.223,71.567],[21.222,71.567],[21.221,71.567],[21.219,71.566],[21.218,71.566],[21.217,71.566],[21.217,71.565],[21.214,71.564],[21.213,71.564],[21.213,71.563],[21.211,71.562],[21.207,71.559],[21.206,71.558],[21.204,71.556],[21.203,71.555],[21.202,71.555],[21.202,71.554],[21.201,71.554],[21.2,71.553],[21.199,71.552],[21.198,71.551],[21.196,71.55],[21.195,71.549],[21.195,71.548],[21.194,71.548],[21.192,71.546],[21.191,71.546],[21.191,71.545],[21.189,71.544],[21.188,71.543],[21.188,71.542],[21.185,71.541],[21.183,71.539],[21.182,71.538],[21.181,71.537],[21.179,71.535],[21.177,71.534],[21.174,71.531],[21.172,71.529],[21.171,71.528],[21.17,71.528],[21.169,71.527],[21.168,71.526],[21.167,71.525],[21.166,71.524],[21.165,71.524],[21.165,71.523],[21.164,71.523],[21.164,71.522],[21.163,71.522],[21.162,71.521],[21.158,71.518],[21.157,71.517],[21.156,71.516],[21.153,71.513],[21.151,71.512],[21.15,71.511],[21.149,71.51],[21.148,71.509],[21.147,71.508],[21.146,71.508],[21.145,71.507],[21.144,71.507],[21.143,71.506],[21.142,71.506],[21.142,71.505],[21.141,71.505],[21.14,71.505],[21.139,71.504],[21.138,71.504],[21.134,71.503],[21.132,71.502],[21.13,71.501],[21.124,71.5],[21.121,71.499],[21.116,71.497],[21.112,71.496],[21.11,71.495],[21.108,71.495],[21.105,71.494],[21.104,71.493],[21.101,71.492],[21.1,71.492],[21.099,71.492],[21.097,71.491],[21.095,71.491],[21.094,71.49],[21.093,71.49],[21.092,71.49],[21.092,71.489],[21.091,71.489],[21.09,71.489],[21.089,71.489],[21.088,71.489],[21.087,71.489],[21.086,71.489],[21.085,71.489],[21.084,71.489],[21.083,71.488]]}},{"type":"Feature","properties":{"name":"Johan Castberg umbilical","operator":""},"geometry":{"type":"LineString","coordinates":[[23.588,70.689],[23.586,70.689],[23.571,70.691],[23.559,70.693],[23.552,70.695],[23.542,70.699],[23.538,70.701],[23.535,70.704],[23.532,70.709],[23.531,70.712],[23.533,70.715],[23.536,70.717],[23.543,70.72],[23.549,70.722],[23.555,70.725],[23.564,70.729],[23.571,70.732],[23.58,70.735],[23.586,70.737],[23.588,70.738],[23.62,70.745],[23.629,70.748],[23.636,70.751],[23.65,70.76],[23.652,70.763],[23.654,70.766],[23.651,70.778],[23.65,70.78],[23.646,70.784],[23.643,70.788],[23.639,70.79],[23.635,70.792],[23.625,70.799],[23.615,70.803],[23.606,70.808],[23.592,70.812],[23.58,70.815],[23.562,70.823],[23.549,70.827],[23.541,70.829],[23.541,70.83],[23.541,70.831],[23.542,70.831],[23.543,70.832],[23.545,70.833],[23.541,70.832],[23.538,70.832],[23.535,70.832],[23.534,70.832],[23.532,70.832],[23.525,70.837],[23.522,70.841],[23.52,70.844],[23.512,70.853],[23.503,70.861],[23.491,70.872],[23.485,70.877],[23.485,70.878],[23.484,70.881],[23.483,70.884],[23.486,70.891],[23.487,70.895],[23.488,70.896],[23.49,70.899],[23.494,70.901],[23.501,70.905],[23.515,70.914],[23.527,70.923],[23.531,70.925],[23.544,70.928],[23.559,70.932],[23.569,70.935],[23.582,70.939],[23.588,70.941],[23.597,70.946],[23.599,70.947],[23.608,70.954],[23.612,70.958],[23.615,70.961],[23.616,70.962],[23.62,70.964],[23.633,70.971],[23.659,70.983],[23.701,71.002],[23.721,71.016],[23.728,71.019],[23.732,71.022],[23.734,71.023],[23.738,71.029],[23.74,71.031],[23.761,71.043],[23.778,71.055],[23.783,71.061],[23.786,71.065],[23.787,71.066],[23.787,71.069],[23.786,71.071],[23.784,71.074],[23.781,71.078],[23.778,71.08],[23.767,71.087],[23.755,71.096],[23.754,71.099],[23.753,71.1],[23.755,71.105],[23.756,71.107],[23.757,71.109],[23.757,71.111],[23.758,71.113],[23.758,71.114],[23.756,71.117],[23.755,71.118],[23.75,71.121],[23.738,71.126],[23.716,71.132],[23.703,71.134],[23.679,71.139],[23.672,71.141],[23.654,71.146],[23.618,71.159],[23.605,71.163],[23.596,71.165],[23.59,71.167],[23.57,71.175],[23.561,71.177],[23.551,71.18],[23.534,71.185],[23.517,71.193],[23.506,71.202],[23.489,71.209],[23.466,71.217],[23.458,71.219],[23.441,71.225]]}},{"type":"Feature","properties":{"name":"Snøhvit umbilical","operator":""},"geometry":{"type":"LineString","coordinates":[[23.584,70.686],[23.583,70.686],[23.582,70.686],[23.582,70.687],[23.581,70.687],[23.58,70.687],[23.578,70.688],[23.577,70.688],[23.575,70.689],[23.574,70.689],[23.573,70.689],[23.571,70.689],[23.571,70.69],[23.568,70.69],[23.567,70.69],[23.565,70.691],[23.564,70.691],[23.561,70.691],[23.56,70.692],[23.557,70.692],[23.556,70.693],[23.555,70.693],[23.553,70.693],[23.552,70.693],[23.551,70.694],[23.55,70.694],[23.549,70.694],[23.548,70.694],[23.547,70.695],[23.545,70.695],[23.544,70.696],[23.543,70.696],[23.542,70.696],[23.542,70.697],[23.541,70.697],[23.54,70.697],[23.54,70.698],[23.539,70.698],[23.538,70.698],[23.537,70.699],[23.536,70.7],[23.535,70.7],[23.535,70.701],[23.534,70.701],[23.534,70.702],[23.533,70.703],[23.532,70.703],[23.532,70.704],[23.531,70.705],[23.53,70.706],[23.529,70.707],[23.528,70.708],[23.527,70.709],[23.526,70.71],[23.526,70.711],[23.525,70.711],[23.524,70.712],[23.524,70.713],[23.523,70.713],[23.523,70.714],[23.523,70.715],[23.524,70.715],[23.524,70.716],[23.525,70.716],[23.526,70.717],[23.527,70.717],[23.528,70.718],[23.529,70.718],[23.53,70.719],[23.531,70.719],[23.532,70.719],[23.533,70.719],[23.534,70.72],[23.535,70.72],[23.536,70.72],[23.536,70.721],[23.538,70.721],[23.539,70.722],[23.54,70.722],[23.541,70.722],[23.542,70.723],[23.543,70.723],[23.544,70.723],[23.545,70.724],[23.546,70.724],[23.547,70.725],[23.548,70.725],[23.55,70.726],[23.551,70.726],[23.552,70.726],[23.553,70.727],[23.554,70.727],[23.557,70.728],[23.559,70.729],[23.562,70.73],[23.563,70.731],[23.564,70.731],[23.566,70.732],[23.571,70.733],[23.572,70.734],[23.574,70.734],[23.575,70.735],[23.576,70.735],[23.578,70.736],[23.58,70.736],[23.581,70.737],[23.582,70.737],[23.583,70.737],[23.584,70.738],[23.585,70.738],[23.586,70.738],[23.587,70.739],[23.59,70.74],[23.593,70.741],[23.596,70.742],[23.597,70.743],[23.599,70.743],[23.6,70.744],[23.601,70.744],[23.603,70.745],[23.605,70.745],[23.606,70.745],[23.608,70.746],[23.61,70.747],[23.612,70.747],[23.613,70.748],[23.615,70.748],[23.616,70.749],[23.618,70.749],[23.619,70.749],[23.621,70.75],[23.624,70.751],[23.625,70.751],[23.626,70.751],[23.626,70.752],[23.627,70.752],[23.629,70.753],[23.63,70.753],[23.632,70.754],[23.634,70.755],[23.636,70.756],[23.637,70.757],[23.638,70.757],[23.639,70.757],[23.639,70.758],[23.64,70.758],[23.641,70.758],[23.641,70.759],[23.643,70.76],[23.644,70.76],[23.644,70.761],[23.645,70.762],[23.646,70.762],[23.647,70.763],[23.647,70.764],[23.648,70.764],[23.649,70.765],[23.649,70.766],[23.649,70.767],[23.649,70.768],[23.65,70.768],[23.65,70.769],[23.649,70.77],[23.649,70.771],[23.649,70.772],[23.648,70.773],[23.648,70.774],[23.648,70.775],[23.648,70.776],[23.648,70.777],[23.647,70.777],[23.647,70.778],[23.647,70.779],[23.646,70.78],[23.647,70.78],[23.646,70.78],[23.646,70.781],[23.646,70.782],[23.645,70.782],[23.645,70.783],[23.644,70.783],[23.644,70.784],[23.643,70.784],[23.642,70.785],[23.642,70.786],[23.641,70.786],[23.641,70.787],[23.64,70.787],[23.64,70.788],[23.639,70.788],[23.638,70.789],[23.637,70.789],[23.637,70.79],[23.636,70.79],[23.635,70.791],[23.634,70.791],[23.633,70.792],[23.632,70.792],[23.632,70.793],[23.631,70.793],[23.63,70.793],[23.629,70.794],[23.627,70.795],[23.626,70.795],[23.625,70.795],[23.624,70.796],[23.623,70.797],[23.622,70.797],[23.621,70.797],[23.621,70.798],[23.62,70.798],[23.619,70.799],[23.618,70.799],[23.617,70.799],[23.617,70.8],[23.616,70.8],[23.615,70.8],[23.614,70.801],[23.613,70.801],[23.612,70.802],[23.611,70.802],[23.61,70.802],[23.609,70.803],[23.608,70.803],[23.607,70.804],[23.605,70.804],[23.603,70.805],[23.602,70.805],[23.601,70.806],[23.599,70.807],[23.598,70.807],[23.597,70.808],[23.595,70.808],[23.595,70.809],[23.593,70.809],[23.591,70.81],[23.589,70.811],[23.588,70.811],[23.587,70.812],[23.586,70.812],[23.583,70.813],[23.582,70.813],[23.58,70.814],[23.579,70.815],[23.578,70.815],[23.577,70.815],[23.575,70.816],[23.572,70.817],[23.571,70.817],[23.571,70.818],[23.57,70.818],[23.569,70.818],[23.567,70.819],[23.566,70.82],[23.565,70.82],[23.564,70.82],[23.56,70.822],[23.557,70.823],[23.556,70.823],[23.555,70.824],[23.553,70.824],[23.552,70.825],[23.551,70.825],[23.55,70.825],[23.549,70.826],[23.548,70.826],[23.547,70.826],[23.545,70.827],[23.543,70.827],[23.542,70.828],[23.541,70.828],[23.54,70.829],[23.539,70.829],[23.538,70.829],[23.537,70.83],[23.535,70.83],[23.534,70.831],[23.533,70.831],[23.532,70.831],[23.532,70.832],[23.531,70.832],[23.529,70.833],[23.528,70.833],[23.526,70.835],[23.525,70.835],[23.523,70.836],[23.522,70.837],[23.521,70.838],[23.52,70.839],[23.519,70.839],[23.519,70.84],[23.518,70.841],[23.517,70.842],[23.516,70.843],[23.515,70.844],[23.513,70.845],[23.512,70.846],[23.512,70.847],[23.511,70.847],[23.511,70.848],[23.51,70.848],[23.51,70.849],[23.509,70.849],[23.509,70.85],[23.508,70.851],[23.507,70.851],[23.507,70.852],[23.506,70.852],[23.506,70.853],[23.505,70.854],[23.504,70.854],[23.504,70.855],[23.503,70.855],[23.503,70.856],[23.502,70.856],[23.502,70.857],[23.501,70.857],[23.501,70.858],[23.5,70.858],[23.5,70.859],[23.499,70.859],[23.499,70.86],[23.497,70.861],[23.496,70.861],[23.496,70.862],[23.495,70.862],[23.495,70.863],[23.494,70.863],[23.493,70.864],[23.492,70.864],[23.492,70.865],[23.491,70.865],[23.491,70.866],[23.49,70.866],[23.49,70.867],[23.489,70.867],[23.488,70.868],[23.487,70.868],[23.487,70.869],[23.486,70.869],[23.486,70.87],[23.485,70.87],[23.485,70.871],[23.484,70.871],[23.483,70.871],[23.483,70.872],[23.482,70.872],[23.481,70.873],[23.48,70.874],[23.478,70.875],[23.478,70.876],[23.476,70.877],[23.475,70.878],[23.474,70.879],[23.473,70.879],[23.473,70.88],[23.472,70.88],[23.471,70.881],[23.468,70.883],[23.467,70.884],[23.465,70.886],[23.464,70.887],[23.462,70.888],[23.461,70.889],[23.458,70.891],[23.457,70.892],[23.456,70.893],[23.455,70.894],[23.451,70.898],[23.448,70.901],[23.447,70.902],[23.446,70.903],[23.445,70.904],[23.444,70.905],[23.444,70.906],[23.443,70.906],[23.443,70.907],[23.442,70.907],[23.44,70.909],[23.439,70.91],[23.438,70.911],[23.437,70.911],[23.436,70.912],[23.435,70.913],[23.433,70.914],[23.432,70.915],[23.431,70.915],[23.43,70.916],[23.428,70.917],[23.427,70.918],[23.426,70.918],[23.426,70.919],[23.425,70.919],[23.424,70.919],[23.423,70.92],[23.422,70.92],[23.421,70.921],[23.42,70.921],[23.419,70.922],[23.418,70.922],[23.417,70.922],[23.415,70.923],[23.414,70.923],[23.413,70.923],[23.412,70.924],[23.41,70.924],[23.409,70.925],[23.408,70.925],[23.406,70.925],[23.403,70.926],[23.402,70.926],[23.4,70.926],[23.398,70.927],[23.397,70.927],[23.396,70.927],[23.395,70.927],[23.394,70.927],[23.393,70.927],[23.392,70.928],[23.388,70.928],[23.387,70.928],[23.386,70.928],[23.383,70.928],[23.382,70.928],[23.38,70.929],[23.377,70.929],[23.376,70.929],[23.373,70.929],[23.371,70.929],[23.367,70.93],[23.366,70.93],[23.361,70.93],[23.359,70.93],[23.357,70.93],[23.349,70.931],[23.345,70.931],[23.342,70.931],[23.338,70.932],[23.333,70.932],[23.331,70.932],[23.322,70.933],[23.31,70.934],[23.304,70.934],[23.301,70.934],[23.299,70.935],[23.288,70.935],[23.282,70.936],[23.278,70.936],[23.274,70.937],[23.273,70.937],[23.272,70.937],[23.27,70.937],[23.268,70.938],[23.266,70.938],[23.263,70.939],[23.261,70.939],[23.256,70.94],[23.251,70.941],[23.25,70.942],[23.247,70.942],[23.236,70.945],[23.231,70.946],[23.22,70.948],[23.218,70.949],[23.216,70.949],[23.213,70.95],[23.212,70.95],[23.208,70.951],[23.207,70.952],[23.205,70.952],[23.202,70.953],[23.201,70.953],[23.199,70.953],[23.197,70.954],[23.196,70.954],[23.193,70.955],[23.192,70.955],[23.191,70.956],[23.189,70.956],[23.187,70.957],[23.185,70.957],[23.183,70.958],[23.181,70.959],[23.178,70.96],[23.176,70.961],[23.175,70.961],[23.173,70.961],[23.172,70.962],[23.171,70.962],[23.168,70.963],[23.167,70.964],[23.165,70.964],[23.164,70.965],[23.163,70.966],[23.162,70.967],[23.161,70.967],[23.16,70.967],[23.159,70.968],[23.159,70.969],[23.158,70.969],[23.157,70.97],[23.156,70.971],[23.156,70.972],[23.155,70.973],[23.154,70.973],[23.154,70.974],[23.153,70.974],[23.153,70.975],[23.152,70.976],[23.151,70.977],[23.15,70.978],[23.15,70.979],[23.149,70.979],[23.149,70.981],[23.147,70.982],[23.147,70.983],[23.146,70.984],[23.145,70.986],[23.144,70.987],[23.142,70.989],[23.141,70.99],[23.14,70.992],[23.139,70.993],[23.138,70.994],[23.138,70.995],[23.138,70.996],[23.137,70.996],[23.137,70.997],[23.137,70.998],[23.137,70.999],[23.137,71.0],[23.137,71.001],[23.137,71.003],[23.137,71.005],[23.137,71.006],[23.137,71.008],[23.137,71.009],[23.137,71.011],[23.137,71.012],[23.137,71.014],[23.137,71.016],[23.137,71.019],[23.137,71.02],[23.137,71.021],[23.137,71.022],[23.137,71.024],[23.136,71.025],[23.136,71.026],[23.136,71.027],[23.135,71.027],[23.135,71.028],[23.134,71.029],[23.134,71.03],[23.133,71.03],[23.132,71.031],[23.132,71.032],[23.131,71.033],[23.131,71.034],[23.13,71.034],[23.13,71.035],[23.129,71.036],[23.128,71.037],[23.127,71.038],[23.127,71.039],[23.126,71.039],[23.126,71.04],[23.125,71.04],[23.124,71.041],[23.123,71.042],[23.122,71.043],[23.12,71.043],[23.12,71.044],[23.119,71.044],[23.118,71.045],[23.117,71.046],[23.116,71.046],[23.116,71.047],[23.115,71.047],[23.114,71.048],[23.113,71.048],[23.113,71.049],[23.112,71.049],[23.111,71.05],[23.11,71.051],[23.109,71.051],[23.108,71.052],[23.107,71.053],[23.106,71.054],[23.105,71.054],[23.104,71.055],[23.103,71.055],[23.102,71.056],[23.101,71.057],[23.1,71.058],[23.099,71.058],[23.098,71.059],[23.097,71.059],[23.097,71.06],[23.096,71.06],[23.095,71.061],[23.094,71.062],[23.093,71.062],[23.093,71.063],[23.092,71.063],[23.09,71.064],[23.09,71.065],[23.089,71.065],[23.088,71.066],[23.087,71.067],[23.086,71.067],[23.085,71.068],[23.084,71.068],[23.083,71.069],[23.082,71.07],[23.081,71.07],[23.081,71.071],[23.079,71.072],[23.078,71.073],[23.077,71.073],[23.076,71.074],[23.075,71.075],[23.074,71.076],[23.073,71.076],[23.073,71.077],[23.072,71.077],[23.071,71.078],[23.07,71.079],[23.069,71.08],[23.068,71.081],[23.067,71.081],[23.066,71.082],[23.065,71.083],[23.064,71.083],[23.064,71.084],[23.063,71.084],[23.062,71.085],[23.061,71.086],[23.06,71.086],[23.06,71.087],[23.059,71.087],[23.058,71.088],[23.057,71.089],[23.056,71.09],[23.055,71.091],[23.054,71.091],[23.054,71.092],[23.053,71.092],[23.051,71.093],[23.049,71.095],[23.048,71.096],[23.047,71.097],[23.046,71.097],[23.045,71.098],[23.045,71.099],[23.044,71.099],[23.043,71.1],[23.042,71.101],[23.041,71.101],[23.04,71.102],[23.039,71.102],[23.038,71.103],[23.037,71.104],[23.035,71.105],[23.033,71.106],[23.032,71.107],[23.031,71.108],[23.03,71.108],[23.03,71.109],[23.029,71.109],[23.028,71.11],[23.027,71.111],[23.026,71.111],[23.024,71.112],[23.024,71.113],[23.023,71.113],[23.022,71.114],[23.021,71.114],[23.02,71.115],[23.019,71.115],[23.019,71.116],[23.018,71.116],[23.017,71.117],[23.016,71.118],[23.015,71.118],[23.015,71.119],[23.014,71.119],[23.013,71.12],[23.012,71.12],[23.012,71.121],[23.011,71.121],[23.01,71.122],[23.009,71.123],[23.008,71.123],[23.008,71.124],[23.007,71.124],[23.006,71.125],[23.005,71.126],[23.004,71.126],[23.004,71.127],[23.003,71.127],[23.002,71.128],[23.001,71.129],[22.994,71.134]]}},{"type":"Feature","properties":{"name":"臺金二號海纜","operator":"中華電信"},"geometry":{"type":"LineString","coordinates":[[118.456,24.426],[118.461,24.422],[118.47,24.419],[118.481,24.415],[118.549,24.409],[118.644,24.409],[118.657,24.411],[118.805,24.411],[118.826,24.409],[118.906,24.41],[118.912,24.412],[118.914,24.414],[118.917,24.418]]}},{"type":"Feature","properties":{"name":"EllaLink","operator":"EllaLink"},"geometry":{"type":"LineString","coordinates":[[-8.856,37.992],[-8.877,37.996],[-8.886,38.004],[-8.901,38.02],[-8.911,38.023],[-8.937,38.021],[-8.991,38.009],[-9.005,37.999],[-9.028,37.977],[-9.043,37.962]]}},{"type":"Feature","properties":{"name":"","operator":""},"geometry":{"type":"LineString","coordinates":[[113.555,22.09],[113.561,22.079],[113.588,22.051],[113.593,22.048],[113.597,22.045],[113.598,22.043],[113.599,22.042],[113.599,22.04],[113.599,22.036],[113.599,22.034],[113.619,21.991],[113.62,21.988],[113.641,21.94],[113.644,21.936],[113.651,21.919],[113.697,21.858],[113.704,21.843],[113.706,21.842],[113.708,21.84],[113.748,21.821],[113.751,21.819],[113.752,21.818],[113.752,21.816],[113.748,21.804],[113.748,21.803],[113.749,21.801],[113.75,21.799],[113.755,21.795],[113.765,21.791],[113.793,21.773],[113.837,21.744],[113.838,21.743],[114.165,21.529],[114.18,21.514],[114.183,21.51],[114.225,21.371],[114.226,21.369],[114.228,21.367],[114.23,21.366],[114.232,21.365],[114.234,21.365],[114.237,21.365],[114.242,21.367]]}},{"type":"Feature","properties":{"name":"","operator":""},"geometry":{"type":"LineString","coordinates":[[114.186,22.246],[114.186,22.245],[114.185,22.244],[114.184,22.242],[114.183,22.24],[114.18,22.238],[114.178,22.234],[114.178,22.232],[114.179,22.229],[114.179,22.223],[114.179,22.217],[114.18,22.216],[114.18,22.215],[114.182,22.213],[114.186,22.21],[114.191,22.206],[114.193,22.205],[114.193,22.203],[114.194,22.202],[114.194,22.198],[114.195,22.195],[114.197,22.192],[114.199,22.187],[114.2,22.186],[114.203,22.183],[114.209,22.179],[114.213,22.177],[114.23,22.164],[114.235,22.159],[114.237,22.157],[114.239,22.154],[114.24,22.153],[114.242,22.152],[114.25,22.15],[114.252,22.15],[114.256,22.15],[114.265,22.151],[114.288,22.156],[114.315,22.16],[114.345,22.164],[114.37,22.168],[114.428,22.177],[114.434,22.178],[114.445,22.178],[114.446,22.178],[114.45,22.177],[114.455,22.175],[114.502,22.168],[114.508,22.166],[114.514,22.166],[114.521,22.167],[114.524,22.166],[114.529,22.165],[114.534,22.163],[114.536,22.163],[114.545,22.164],[114.566,22.168],[114.577,22.169],[114.578,22.169],[114.58,22.169],[114.581,22.168],[114.584,22.166],[114.593,22.163],[114.608,22.153],[114.614,22.147],[114.627,22.138],[114.633,22.132],[114.645,22.126],[114.648,22.123],[114.65,22.12],[114.651,22.12],[114.651,22.119],[114.653,22.114],[114.654,22.11],[114.654,22.108],[114.655,22.107],[114.657,22.105],[114.66,22.104],[114.676,22.092],[114.692,22.075],[114.707,22.052],[114.712,22.046],[114.724,22.028],[114.732,22.004],[114.733,21.989],[114.737,21.955],[114.746,21.927],[114.76,21.903],[114.774,21.874],[114.789,21.779]]}},{"type":"Feature","properties":{"name":"","operator":""},"geometry":{"type":"LineString","coordinates":[[1.992,59.568],[1.991,59.568],[1.99,59.568],[1.989,59.569],[1.988,59.569],[1.987,59.569],[1.986,59.569],[1.985,59.57],[1.984,59.57],[1.983,59.57],[1.983,59.571],[1.982,59.571],[1.981,59.571],[1.981,59.572],[1.98,59.572],[1.979,59.573],[1.978,59.574],[1.977,59.575],[1.977,59.576],[1.976,59.577],[1.976,59.578],[1.976,59.579],[1.977,59.579],[1.977,59.58],[1.977,59.581],[1.978,59.581],[1.978,59.582],[1.979,59.582],[1.979,59.583],[1.98,59.583],[1.981,59.584],[1.982,59.584],[1.983,59.585],[1.984,59.585],[1.985,59.586],[1.986,59.586],[1.988,59.586],[1.992,59.587],[1.999,59.588],[2.002,59.589],[2.004,59.59],[2.005,59.59],[2.007,59.59],[2.008,59.59],[2.009,59.591],[2.011,59.591],[2.013,59.592],[2.014,59.592],[2.015,59.592],[2.018,59.593],[2.019,59.593],[2.022,59.594],[2.023,59.595],[2.024,59.595],[2.025,59.595],[2.026,59.596],[2.027,59.596],[2.03,59.597],[2.031,59.598],[2.032,59.598],[2.033,59.598],[2.035,59.599],[2.037,59.6],[2.039,59.601],[2.04,59.601],[2.042,59.602],[2.043,59.603],[2.045,59.604],[2.046,59.605],[2.048,59.606],[2.049,59.606],[2.049,59.607],[2.051,59.608],[2.052,59.608],[2.053,59.609],[2.054,59.61],[2.055,59.61],[2.056,59.611],[2.057,59.612],[2.058,59.612],[2.058,59.613],[2.059,59.613],[2.06,59.614],[2.061,59.614],[2.062,59.614],[2.063,59.615],[2.064,59.615],[2.066,59.615]]}},{"type":"Feature","properties":{"name":"","operator":""},"geometry":{"type":"LineString","coordinates":[[1.914,59.628],[1.95,59.625],[2.015,59.622],[2.018,59.621],[2.031,59.62],[2.041,59.619],[2.052,59.618],[2.054,59.618],[2.055,59.618],[2.056,59.618],[2.057,59.618],[2.057,59.617],[2.059,59.617],[2.06,59.616],[2.062,59.616],[2.065,59.615],[2.066,59.615],[2.067,59.615],[2.068,59.615],[2.074,59.614],[2.075,59.614],[2.082,59.612],[2.083,59.612],[2.089,59.61],[2.091,59.61],[2.097,59.608],[2.097,59.607],[2.098,59.607],[2.109,59.604],[2.109,59.603],[2.113,59.602],[2.118,59.6],[2.13,59.597],[2.134,59.596],[2.137,59.594],[2.138,59.594],[2.141,59.593],[2.144,59.592],[2.161,59.586],[2.162,59.586],[2.196,59.576],[2.197,59.576],[2.198,59.577],[2.199,59.577],[2.201,59.578],[2.201,59.577],[2.2,59.576],[2.201,59.576],[2.201,59.575],[2.202,59.575],[2.203,59.574],[2.208,59.572],[2.21,59.572],[2.216,59.57],[2.217,59.57],[2.223,59.567],[2.224,59.567],[2.225,59.567],[2.226,59.567],[2.227,59.567],[2.228,59.567],[2.233,59.569],[2.234,59.569],[2.235,59.57],[2.236,59.57],[2.237,59.57],[2.238,59.57],[2.238,59.569],[2.239,59.569],[2.24,59.569],[2.24,59.57],[2.239,59.57],[2.239,59.571],[2.239,59.572],[2.238,59.573],[2.237,59.573],[2.236,59.573],[2.235,59.573],[2.234,59.574],[2.233,59.574],[2.233,59.575],[2.232,59.575],[2.227,59.575]]}},{"type":"Feature","properties":{"name":"Rampion Wind Farm Communications Cable","operator":"RWE"},"geometry":{"type":"LineString","coordinates":[[-0.26,50.693],[-0.261,50.695],[-0.266,50.698],[-0.277,50.704],[-0.282,50.707],[-0.292,50.711],[-0.298,50.715],[-0.302,50.717],[-0.305,50.72],[-0.307,50.723],[-0.308,50.726],[-0.31,50.732],[-0.313,50.742],[-0.316,50.751],[-0.317,50.754],[-0.316,50.757],[-0.314,50.766],[-0.313,50.77],[-0.313,50.772],[-0.312,50.778],[-0.314,50.784],[-0.316,50.789],[-0.318,50.793],[-0.322,50.799],[-0.324,50.8],[-0.325,50.802],[-0.329,50.807],[-0.336,50.817]]}},{"type":"Feature","properties":{"name":"","operator":""},"geometry":{"type":"LineString","coordinates":[[114.268,22.282],[114.265,22.281],[114.262,22.276],[114.258,22.269],[114.262,22.259],[114.262,22.257],[114.272,22.227],[114.274,22.226],[114.282,22.22],[114.287,22.21],[114.293,22.204],[114.296,22.204],[114.314,22.205],[114.336,22.204],[114.363,22.205],[114.384,22.208],[114.39,22.211],[114.405,22.229],[114.417,22.235],[114.509,22.241],[114.513,22.248],[114.52,22.252],[114.63,22.245],[114.67,22.246],[114.711,22.244],[114.752,22.237],[115.467,22.196],[115.516,22.192],[115.567,22.19],[116.371,22.143],[116.683,22.079],[116.703,22.072],[116.739,22.066],[116.75,22.065],[116.971,22.02],[117.012,22.008],[117.05,22.003],[117.061,22.001],[117.072,22.002],[117.073,22.002],[117.218,21.959],[117.239,21.953],[117.294,21.929],[117.299,21.926],[117.317,21.923],[117.667,21.825],[117.7,21.809],[117.806,21.754],[117.833,21.744],[117.876,21.717],[117.929,21.691],[118.001,21.65],[118.25,21.612],[118.417,21.558],[118.833,21.545],[118.973,21.494],[119.141,21.416],[119.373,21.34],[119.407,21.334],[119.73,21.305],[119.754,21.301],[119.777,21.294],[119.842,21.271]]}},{"type":"Feature","properties":{"name":"Aurora","operator":"GlobalConnect"},"geometry":{"type":"LineString","coordinates":[[17.062,57.364],[17.068,57.381],[17.157,57.449],[17.183,57.455],[17.413,57.438],[18.05,57.565],[18.183,57.59]]}},{"type":"Feature","properties":{"name":"Aurora","operator":"GlobalConnect"},"geometry":{"type":"LineString","coordinates":[[14.816,55.26],[14.855,55.277],[15.134,55.441],[15.245,55.508],[15.375,55.555],[15.579,55.627],[15.665,55.659],[16.274,55.964],[16.506,56.079],[16.563,56.216],[16.558,56.225],[16.5,56.241],[16.48,56.244]]}},{"type":"Feature","properties":{"name":"Aurora","operator":"GlobalConnect"},"geometry":{"type":"LineString","coordinates":[[13.632,54.507],[13.639,54.505],[13.64,54.505],[13.65,54.506],[13.661,54.51],[13.681,54.513],[13.683,54.515],[13.812,54.593],[13.808,54.619],[13.862,54.728],[13.92,54.76],[13.92,54.767],[13.926,54.776],[13.947,54.778],[13.957,54.776],[14.025,54.786],[13.981,54.925],[14.025,54.934],[14.321,54.936],[14.474,55.051],[14.677,55.083],[14.692,55.081],[14.7,55.087]]}},{"type":"Feature","properties":{"name":"Aurora","operator":"GlobalConnect"},"geometry":{"type":"LineString","coordinates":[[12.41,55.613],[12.425,55.601],[12.444,55.549],[12.541,55.502],[12.565,55.502],[12.678,55.498],[12.747,55.5],[12.771,55.494],[12.783,55.496],[12.794,55.502],[12.813,55.505],[12.83,55.504],[12.887,55.512],[12.904,55.52]]}},{"type":"Feature","properties":{"name":"","operator":"Petrocom Communications, Inc"},"geometry":{"type":"LineString","coordinates":[[-91.91,27.96],[-91.909,27.96],[-91.908,27.961],[-91.908,27.96],[-91.907,27.96],[-91.907,27.959],[-91.907,27.958],[-91.906,27.957],[-91.905,27.956],[-91.904,27.956],[-91.903,27.955],[-91.902,27.954],[-91.901,27.954],[-91.9,27.954],[-91.899,27.954],[-91.896,27.954],[-91.893,27.953],[-91.892,27.953],[-91.891,27.953],[-91.89,27.953],[-91.889,27.953],[-91.885,27.953],[-91.883,27.953],[-91.879,27.952],[-91.873,27.952],[-91.864,27.951],[-91.86,27.951],[-91.847,27.95],[-91.837,27.949],[-91.833,27.949],[-91.832,27.949],[-91.831,27.948],[-91.828,27.948],[-91.826,27.948],[-91.822,27.948],[-91.813,27.947],[-91.799,27.946],[-91.789,27.945],[-91.787,27.945],[-91.778,27.944],[-91.776,27.944],[-91.773,27.944],[-91.77,27.944],[-91.769,27.943],[-91.767,27.943],[-91.765,27.943],[-91.764,27.943],[-91.754,27.942],[-91.753,27.942],[-91.75,27.942],[-91.745,27.941],[-91.744,27.941],[-91.74,27.941],[-91.738,27.941],[-91.735,27.941],[-91.734,27.941],[-91.731,27.94],[-91.73,27.94],[-91.728,27.94],[-91.727,27.94],[-91.726,27.94],[-91.721,27.939],[-91.72,27.939],[-91.715,27.939],[-91.714,27.939],[-91.706,27.938],[-91.704,27.938],[-91.699,27.938],[-91.698,27.938],[-91.694,27.937],[-91.692,27.937],[-91.691,27.937],[-91.69,27.937],[-91.689,27.937],[-91.685,27.937],[-91.684,27.936],[-91.671,27.935],[-91.669,27.935],[-91.668,27.935],[-91.663,27.935],[-91.661,27.935],[-91.659,27.934],[-91.657,27.934],[-91.654,27.934],[-91.649,27.934],[-91.647,27.933],[-91.639,27.935],[-91.638,27.935],[-91.635,27.936],[-91.632,27.936],[-91.623,27.938],[-91.616,27.94],[-91.615,27.94],[-91.611,27.941],[-91.608,27.941],[-91.605,27.942],[-91.604,27.942],[-91.587,27.946],[-91.573,27.948],[-91.559,27.951],[-91.558,27.952],[-91.557,27.952],[-91.554,27.952],[-91.551,27.953],[-91.549,27.953],[-91.548,27.954],[-91.543,27.955],[-91.537,27.956],[-91.534,27.956],[-91.528,27.958],[-91.517,27.96],[-91.515,27.96],[-91.513,27.961],[-91.503,27.963],[-91.5,27.963],[-91.491,27.964],[-91.488,27.964],[-91.487,27.964],[-91.484,27.964],[-91.483,27.964],[-91.481,27.964],[-91.48,27.964],[-91.478,27.964],[-91.477,27.964],[-91.475,27.965],[-91.473,27.965],[-91.472,27.965],[-91.471,27.965],[-91.459,27.965],[-91.439,27.966],[-91.438,27.966],[-91.437,27.967],[-91.435,27.967],[-91.429,27.968],[-91.421,27.97],[-91.417,27.97],[-91.416,27.971],[-91.409,27.972],[-91.408,27.972],[-91.407,27.972],[-91.398,27.972],[-91.397,27.972],[-91.393,27.972],[-91.392,27.972],[-91.391,27.972],[-91.39,27.972],[-91.384,27.972],[-91.383,27.972],[-91.381,27.972],[-91.376,27.972],[-91.375,27.972],[-91.372,27.972],[-91.368,27.972],[-91.354,27.971],[-91.351,27.971],[-91.35,27.971],[-91.348,27.971],[-91.347,27.971],[-91.346,27.971],[-91.343,27.971],[-91.338,27.971],[-91.337,27.971],[-91.331,27.971],[-91.33,27.971],[-91.326,27.971],[-91.324,27.972],[-91.32,27.972],[-91.315,27.972],[-91.308,27.972],[-91.304,27.972],[-91.298,27.973],[-91.296,27.973],[-91.291,27.973],[-91.287,27.973],[-91.28,27.973],[-91.278,27.974],[-91.276,27.974],[-91.273,27.974],[-91.269,27.974],[-91.268,27.974],[-91.266,27.974],[-91.263,27.974],[-91.26,27.974],[-91.256,27.975],[-91.25,27.975],[-91.245,27.975],[-91.236,27.975],[-91.232,27.976],[-91.228,27.976],[-91.224,27.976],[-91.222,27.976],[-91.217,27.976],[-91.212,27.977],[-91.204,27.977],[-91.202,27.977],[-91.194,27.977],[-91.184,27.978],[-91.183,27.978],[-91.181,27.978],[-91.178,27.978],[-91.165,27.979],[-91.16,27.979],[-91.155,27.979],[-91.154,27.979],[-91.149,27.979],[-91.148,27.979],[-91.147,27.979],[-91.143,27.98],[-91.142,27.98],[-91.14,27.98],[-91.138,27.98],[-91.134,27.98],[-91.13,27.98],[-91.124,27.98],[-91.12,27.981],[-91.112,27.981],[-91.111,27.981],[-91.104,27.981],[-91.098,27.982],[-91.096,27.982],[-91.091,27.982],[-91.087,27.982],[-91.085,27.982],[-91.083,27.982],[-91.076,27.983],[-91.075,27.983],[-91.071,27.983],[-91.07,27.983],[-91.06,27.983],[-91.058,27.983],[-91.057,27.983],[-91.056,27.983],[-91.054,27.983],[-91.05,27.983],[-91.044,27.983],[-91.03,27.982],[-91.024,27.981],[-91.023,27.981],[-91.022,27.981],[-91.02,27.978],[-91.019,27.977],[-91.019,27.976],[-91.018,27.975],[-91.017,27.972],[-91.017,27.97],[-91.017,27.969],[-91.017,27.968],[-91.016,27.954],[-91.016,27.948],[-91.016,27.947],[-91.015,27.946],[-91.014,27.946],[-91.013,27.946],[-91.006,27.946],[-91.005,27.946],[-91.004,27.946],[-91.003,27.946],[-91.001,27.944],[-91.0,27.943],[-90.999,27.943],[-90.998,27.943],[-90.997,27.944],[-90.997,27.946]]}},{"type":"Feature","properties":{"name":"","operator":"Petrocom Communications, Inc"},"geometry":{"type":"LineString","coordinates":[[-91.91,27.96],[-91.91,27.961],[-91.911,27.961],[-91.912,27.96],[-91.913,27.959],[-91.913,27.958],[-91.913,27.956],[-91.913,27.955],[-91.914,27.954],[-91.914,27.953],[-91.915,27.952],[-91.915,27.951],[-91.916,27.951],[-91.917,27.951],[-91.918,27.95],[-91.919,27.95],[-91.92,27.95],[-91.921,27.95],[-91.922,27.949],[-91.923,27.949],[-91.924,27.948],[-91.925,27.948],[-91.927,27.948],[-91.928,27.947],[-91.93,27.947],[-91.932,27.946],[-91.933,27.946],[-91.936,27.945],[-91.942,27.943],[-91.944,27.942],[-91.946,27.942],[-91.954,27.94],[-91.958,27.938],[-91.963,27.937],[-91.964,27.936],[-91.965,27.936],[-91.967,27.935],[-91.969,27.934],[-91.971,27.933],[-91.972,27.933],[-91.976,27.931],[-91.98,27.93],[-91.981,27.929],[-91.991,27.925],[-91.994,27.924],[-91.997,27.923],[-92.005,27.92],[-92.008,27.918],[-92.01,27.917],[-92.012,27.917],[-92.013,27.916],[-92.015,27.916],[-92.017,27.915],[-92.019,27.914],[-92.02,27.914],[-92.023,27.912],[-92.032,27.909],[-92.033,27.908],[-92.042,27.905],[-92.044,27.904],[-92.045,27.903],[-92.057,27.899],[-92.063,27.896],[-92.065,27.895],[-92.067,27.894],[-92.078,27.89],[-92.081,27.889],[-92.085,27.887],[-92.086,27.887],[-92.087,27.886],[-92.088,27.886],[-92.092,27.884],[-92.094,27.883],[-92.096,27.883],[-92.098,27.882],[-92.099,27.881],[-92.101,27.88],[-92.102,27.88],[-92.106,27.878],[-92.109,27.877],[-92.11,27.877],[-92.111,27.877],[-92.112,27.876],[-92.113,27.876],[-92.116,27.875],[-92.117,27.874],[-92.118,27.874],[-92.12,27.873],[-92.122,27.872],[-92.125,27.871],[-92.135,27.867],[-92.142,27.864],[-92.143,27.863],[-92.152,27.86],[-92.158,27.857],[-92.159,27.857],[-92.166,27.856],[-92.167,27.856],[-92.167,27.855],[-92.167,27.854],[-92.168,27.853],[-92.168,27.852],[-92.169,27.852],[-92.172,27.851],[-92.176,27.85],[-92.177,27.85],[-92.178,27.849],[-92.18,27.848],[-92.185,27.846],[-92.187,27.846],[-92.189,27.845],[-92.191,27.844],[-92.194,27.843],[-92.195,27.842],[-92.196,27.842],[-92.197,27.842],[-92.199,27.841],[-92.2,27.84],[-92.201,27.84],[-92.202,27.84],[-92.203,27.839],[-92.204,27.839],[-92.208,27.837],[-92.211,27.836],[-92.212,27.836],[-92.215,27.835],[-92.217,27.834],[-92.218,27.833],[-92.219,27.833],[-92.22,27.833],[-92.222,27.832],[-92.223,27.831],[-92.226,27.83],[-92.227,27.83],[-92.228,27.83],[-92.231,27.828],[-92.233,27.828],[-92.236,27.826],[-92.238,27.825],[-92.241,27.824],[-92.242,27.824],[-92.247,27.822],[-92.25,27.821],[-92.251,27.82],[-92.253,27.819],[-92.256,27.818],[-92.257,27.818],[-92.264,27.815],[-92.266,27.814],[-92.267,27.813],[-92.268,27.813],[-92.27,27.812],[-92.274,27.811],[-92.275,27.81],[-92.276,27.81],[-92.277,27.809],[-92.28,27.808],[-92.283,27.807],[-92.285,27.806],[-92.287,27.805],[-92.288,27.805],[-92.289,27.805],[-92.292,27.807],[-92.296,27.809],[-92.297,27.809],[-92.299,27.81],[-92.3,27.81],[-92.301,27.811],[-92.302,27.812],[-92.303,27.812],[-92.306,27.813],[-92.324,27.822],[-92.327,27.823],[-92.335,27.827],[-92.341,27.829],[-92.345,27.831],[-92.346,27.832],[-92.351,27.834],[-92.358,27.837],[-92.362,27.839],[-92.364,27.84],[-92.366,27.841],[-92.367,27.841],[-92.372,27.844],[-92.375,27.845],[-92.383,27.849],[-92.389,27.851],[-92.393,27.853],[-92.394,27.854],[-92.396,27.855],[-92.397,27.855],[-92.399,27.856],[-92.401,27.857],[-92.407,27.86],[-92.409,27.861],[-92.41,27.861],[-92.411,27.861],[-92.412,27.862],[-92.416,27.864],[-92.419,27.865],[-92.42,27.866],[-92.428,27.87],[-92.431,27.871],[-92.436,27.873],[-92.44,27.875],[-92.446,27.878],[-92.447,27.878],[-92.457,27.883],[-92.458,27.883],[-92.459,27.883],[-92.46,27.883],[-92.462,27.883],[-92.467,27.882],[-92.479,27.879],[-92.482,27.879],[-92.483,27.879],[-92.484,27.878],[-92.488,27.878],[-92.489,27.877],[-92.49,27.877],[-92.495,27.876],[-92.496,27.876],[-92.497,27.876],[-92.5,27.875],[-92.502,27.875],[-92.505,27.874],[-92.507,27.874],[-92.509,27.874],[-92.51,27.873],[-92.512,27.873],[-92.519,27.872],[-92.521,27.871],[-92.522,27.871],[-92.524,27.871],[-92.526,27.87],[-92.527,27.87],[-92.528,27.87],[-92.529,27.87],[-92.534,27.869],[-92.536,27.868],[-92.537,27.868],[-92.538,27.868],[-92.541,27.867],[-92.543,27.867],[-92.545,27.867],[-92.548,27.866],[-92.552,27.865],[-92.553,27.865],[-92.555,27.865],[-92.558,27.864],[-92.559,27.864],[-92.573,27.861],[-92.577,27.86],[-92.581,27.86],[-92.582,27.859],[-92.585,27.859],[-92.586,27.859],[-92.588,27.858],[-92.593,27.857],[-92.594,27.857],[-92.597,27.857],[-92.6,27.856],[-92.602,27.855],[-92.603,27.855],[-92.607,27.855],[-92.618,27.852],[-92.62,27.852],[-92.627,27.851],[-92.628,27.851],[-92.631,27.85],[-92.636,27.849],[-92.639,27.848],[-92.645,27.847],[-92.648,27.847],[-92.65,27.846],[-92.663,27.844],[-92.666,27.843],[-92.667,27.843],[-92.668,27.843],[-92.669,27.843],[-92.671,27.842],[-92.673,27.842],[-92.675,27.841],[-92.677,27.841],[-92.682,27.84],[-92.686,27.839],[-92.689,27.839],[-92.697,27.837],[-92.699,27.837],[-92.7,27.837],[-92.704,27.836],[-92.705,27.836],[-92.706,27.835],[-92.707,27.835],[-92.713,27.834],[-92.715,27.834],[-92.716,27.833],[-92.717,27.833],[-92.718,27.833],[-92.719,27.832],[-92.72,27.831],[-92.722,27.83],[-92.73,27.825],[-92.736,27.822],[-92.738,27.82],[-92.739,27.82],[-92.755,27.81],[-92.763,27.805],[-92.782,27.794],[-92.787,27.791],[-92.788,27.79],[-92.79,27.789],[-92.794,27.786],[-92.795,27.786],[-92.796,27.785],[-92.8,27.783],[-92.813,27.775],[-92.814,27.774],[-92.815,27.773],[-92.816,27.773],[-92.817,27.772],[-92.818,27.772],[-92.819,27.771],[-92.82,27.771],[-92.821,27.77],[-92.822,27.77],[-92.823,27.769],[-92.824,27.768],[-92.826,27.767],[-92.827,27.767],[-92.828,27.766],[-92.832,27.765],[-92.833,27.765],[-92.836,27.764],[-92.837,27.764],[-92.839,27.763],[-92.84,27.763],[-92.853,27.759],[-92.856,27.758],[-92.858,27.758],[-92.859,27.757],[-92.86,27.757],[-92.872,27.754],[-92.875,27.753],[-92.877,27.752],[-92.88,27.751],[-92.881,27.751],[-92.885,27.75],[-92.886,27.75],[-92.888,27.749],[-92.891,27.748],[-92.892,27.748],[-92.898,27.746],[-92.899,27.746],[-92.91,27.743],[-92.913,27.742],[-92.918,27.741],[-92.92,27.74],[-92.924,27.739],[-92.926,27.738],[-92.928,27.738],[-92.929,27.737],[-92.935,27.736],[-92.936,27.735],[-92.939,27.735],[-92.941,27.734],[-92.943,27.733],[-92.944,27.733],[-92.956,27.73],[-92.961,27.728],[-92.962,27.728],[-92.965,27.727],[-92.966,27.727],[-92.97,27.726],[-92.972,27.725],[-92.974,27.725],[-92.976,27.724],[-92.978,27.723],[-92.979,27.723],[-92.98,27.723],[-92.983,27.722],[-92.984,27.722],[-92.985,27.721],[-92.987,27.721],[-92.989,27.72],[-92.995,27.719],[-92.996,27.718],[-93.004,27.716],[-93.006,27.715],[-93.008,27.715],[-93.02,27.711],[-93.024,27.71],[-93.025,27.71],[-93.029,27.712],[-93.03,27.712],[-93.032,27.713],[-93.035,27.714],[-93.04,27.716],[-93.041,27.717],[-93.046,27.719],[-93.047,27.719],[-93.06,27.724],[-93.062,27.725],[-93.063,27.726],[-93.067,27.727],[-93.068,27.728],[-93.069,27.728],[-93.071,27.729],[-93.074,27.73],[-93.076,27.731],[-93.078,27.732],[-93.081,27.733],[-93.083,27.734],[-93.084,27.734],[-93.085,27.735],[-93.087,27.735],[-93.09,27.737],[-93.092,27.737],[-93.092,27.738],[-93.094,27.739],[-93.095,27.739],[-93.099,27.741],[-93.103,27.742],[-93.104,27.743],[-93.11,27.745],[-93.111,27.746],[-93.114,27.747],[-93.117,27.748],[-93.118,27.748],[-93.12,27.749],[-93.121,27.75],[-93.122,27.75],[-93.124,27.751],[-93.126,27.752],[-93.127,27.753],[-93.128,27.753],[-93.129,27.754],[-93.13,27.754],[-93.132,27.755],[-93.132,27.756],[-93.135,27.758],[-93.135,27.759],[-93.136,27.759],[-93.136,27.761],[-93.137,27.761]]}},{"type":"Feature","properties":{"name":"","operator":"Petrocom Communications, Inc"},"geometry":{"type":"LineString","coordinates":[[-90.577,28.576],[-90.577,28.575],[-90.576,28.574],[-90.573,28.572],[-90.571,28.571],[-90.564,28.566],[-90.564,28.565],[-90.562,28.564],[-90.556,28.559],[-90.555,28.559],[-90.554,28.559],[-90.553,28.558],[-90.54,28.555],[-90.539,28.555],[-90.538,28.555],[-90.531,28.553],[-90.527,28.552],[-90.524,28.551],[-90.518,28.55],[-90.516,28.549],[-90.51,28.548],[-90.507,28.547],[-90.505,28.547],[-90.504,28.546],[-90.503,28.546],[-90.502,28.546],[-90.498,28.545],[-90.482,28.541],[-90.48,28.54],[-90.479,28.54],[-90.478,28.54],[-90.474,28.539],[-90.473,28.538],[-90.468,28.537],[-90.466,28.537],[-90.462,28.536],[-90.444,28.531],[-90.441,28.53],[-90.439,28.53],[-90.434,28.529],[-90.402,28.535],[-90.395,28.536],[-90.392,28.536],[-90.388,28.536],[-90.384,28.537],[-90.383,28.537],[-90.381,28.537],[-90.365,28.541],[-90.36,28.542],[-90.352,28.548],[-90.35,28.549],[-90.349,28.55],[-90.348,28.55],[-90.346,28.552],[-90.343,28.554],[-90.343,28.555],[-90.336,28.559],[-90.335,28.561],[-90.334,28.561],[-90.319,28.565],[-90.31,28.567],[-90.308,28.568],[-90.304,28.568],[-90.303,28.569],[-90.302,28.569],[-90.301,28.569],[-90.3,28.569],[-90.299,28.57],[-90.294,28.571],[-90.29,28.572],[-90.289,28.572],[-90.277,28.575],[-90.273,28.576],[-90.271,28.577],[-90.267,28.578],[-90.256,28.58],[-90.252,28.581],[-90.249,28.582],[-90.248,28.582],[-90.247,28.583],[-90.246,28.583],[-90.241,28.584],[-90.233,28.586],[-90.228,28.587],[-90.226,28.588],[-90.223,28.588],[-90.222,28.589],[-90.221,28.589],[-90.217,28.59],[-90.216,28.59],[-90.215,28.591],[-90.213,28.591],[-90.212,28.591],[-90.211,28.591],[-90.21,28.591],[-90.209,28.591],[-90.208,28.591],[-90.207,28.591],[-90.204,28.592],[-90.203,28.592],[-90.202,28.592],[-90.2,28.592],[-90.199,28.593],[-90.196,28.593],[-90.194,28.593],[-90.19,28.594],[-90.186,28.594],[-90.185,28.595],[-90.183,28.595],[-90.181,28.595],[-90.18,28.595],[-90.178,28.596],[-90.177,28.596],[-90.168,28.597],[-90.165,28.597],[-90.161,28.598],[-90.16,28.598],[-90.158,28.598],[-90.156,28.599],[-90.144,28.6],[-90.143,28.601],[-90.139,28.601],[-90.137,28.601],[-90.136,28.602],[-90.13,28.602],[-90.129,28.603],[-90.123,28.603],[-90.122,28.603],[-90.119,28.604],[-90.118,28.604],[-90.11,28.605],[-90.098,28.607],[-90.096,28.607],[-90.095,28.607],[-90.094,28.607],[-90.092,28.608],[-90.088,28.608],[-90.062,28.612],[-90.052,28.613],[-90.049,28.614],[-90.04,28.615],[-90.034,28.616],[-90.029,28.617],[-90.027,28.617],[-90.022,28.618],[-90.013,28.619],[-90.01,28.619],[-90.006,28.62],[-89.997,28.621],[-89.993,28.622],[-89.967,28.625],[-89.966,28.626],[-89.961,28.626],[-89.954,28.627],[-89.952,28.627],[-89.951,28.628],[-89.946,28.628],[-89.934,28.63],[-89.913,28.633],[-89.911,28.633],[-89.9,28.635],[-89.893,28.636],[-89.889,28.636],[-89.888,28.636],[-89.885,28.637],[-89.883,28.637],[-89.874,28.638],[-89.872,28.639],[-89.871,28.639],[-89.866,28.64],[-89.861,28.64],[-89.858,28.641],[-89.855,28.641],[-89.854,28.641],[-89.852,28.641],[-89.85,28.642],[-89.849,28.642],[-89.848,28.642],[-89.847,28.642],[-89.845,28.642],[-89.843,28.643],[-89.841,28.643],[-89.837,28.644],[-89.83,28.644],[-89.825,28.645],[-89.819,28.646],[-89.818,28.646],[-89.813,28.647],[-89.809,28.647],[-89.808,28.647],[-89.807,28.648],[-89.805,28.648],[-89.8,28.649],[-89.794,28.649],[-89.793,28.65],[-89.79,28.65],[-89.789,28.65],[-89.788,28.651],[-89.788,28.652],[-89.788,28.653],[-89.787,28.654],[-89.787,28.653]]}},{"type":"Feature","properties":{"name":"","operator":"Petrocom Communications, Inc"},"geometry":{"type":"LineString","coordinates":[[-92.07,28.618],[-92.071,28.617],[-92.071,28.616],[-92.068,28.615],[-92.067,28.614],[-92.066,28.611],[-92.065,28.61],[-92.064,28.609],[-92.063,28.607],[-92.063,28.606],[-92.061,28.603],[-92.06,28.6],[-92.056,28.593],[-92.054,28.589],[-92.053,28.587],[-92.051,28.584],[-92.051,28.583],[-92.049,28.58],[-92.048,28.579],[-92.047,28.577],[-92.046,28.574],[-92.045,28.572],[-92.044,28.571],[-92.042,28.566],[-92.03,28.545],[-92.03,28.544],[-92.029,28.542],[-92.028,28.541],[-92.027,28.539],[-92.024,28.532],[-92.02,28.526],[-92.019,28.523],[-92.017,28.519],[-92.013,28.511],[-92.012,28.51],[-92.008,28.502],[-92.005,28.496],[-92.004,28.494],[-92.003,28.493],[-92.003,28.492],[-92.002,28.492],[-92.0,28.487],[-91.999,28.486],[-91.998,28.484],[-91.996,28.479],[-91.995,28.477],[-91.994,28.475],[-91.993,28.474],[-91.993,28.473],[-91.992,28.472],[-91.991,28.47],[-91.989,28.466],[-91.988,28.464],[-91.987,28.463],[-91.986,28.461],[-91.986,28.46],[-91.985,28.459],[-91.985,28.458],[-91.983,28.455],[-91.982,28.453],[-91.981,28.451],[-91.977,28.443],[-91.976,28.441],[-91.974,28.438],[-91.972,28.435],[-91.969,28.428],[-91.968,28.427],[-91.966,28.423],[-91.966,28.422],[-91.965,28.42],[-91.963,28.417],[-91.961,28.414],[-91.96,28.411],[-91.96,28.41],[-91.959,28.41],[-91.959,28.409],[-91.959,28.408],[-91.959,28.407],[-91.959,28.405],[-91.959,28.403],[-91.959,28.402],[-91.959,28.401],[-91.959,28.4],[-91.959,28.398],[-91.959,28.394],[-91.959,28.389],[-91.959,28.388],[-91.959,28.386],[-91.959,28.376],[-91.959,28.374],[-91.959,28.371],[-91.959,28.368],[-91.959,28.365],[-91.959,28.36],[-91.959,28.356],[-91.959,28.355],[-91.959,28.346],[-91.959,28.342],[-91.959,28.34],[-91.959,28.336],[-91.959,28.335],[-91.959,28.332],[-91.959,28.327],[-91.959,28.326],[-91.959,28.322],[-91.959,28.321],[-91.959,28.32],[-91.958,28.311],[-91.958,28.31],[-91.958,28.307],[-91.958,28.297],[-91.958,28.296],[-91.958,28.287],[-91.958,28.284],[-91.958,28.28],[-91.958,28.279],[-91.958,28.278],[-91.958,28.274],[-91.958,28.273],[-91.958,28.272],[-91.958,28.269],[-91.958,28.262],[-91.958,28.261],[-91.958,28.26],[-91.958,28.259],[-91.958,28.255],[-91.958,28.253],[-91.958,28.252],[-91.958,28.249],[-91.958,28.246],[-91.958,28.245],[-91.957,28.244],[-91.957,28.243],[-91.953,28.234],[-91.952,28.232],[-91.951,28.23],[-91.95,28.225],[-91.949,28.223],[-91.948,28.223],[-91.948,28.221],[-91.946,28.217],[-91.944,28.212],[-91.943,28.21],[-91.943,28.209],[-91.942,28.208],[-91.941,28.205],[-91.941,28.204],[-91.94,28.202],[-91.939,28.2],[-91.939,28.198],[-91.938,28.197],[-91.933,28.184],[-91.928,28.173],[-91.927,28.171],[-91.925,28.166],[-91.925,28.165],[-91.923,28.159],[-91.922,28.158],[-91.922,28.157],[-91.921,28.155],[-91.919,28.152],[-91.919,28.151],[-91.918,28.149],[-91.918,28.148],[-91.918,28.147],[-91.917,28.145],[-91.914,28.137],[-91.914,28.135],[-91.913,28.127],[-91.913,28.123],[-91.913,28.121],[-91.913,28.119],[-91.912,28.115],[-91.912,28.11],[-91.912,28.109],[-91.912,28.106],[-91.912,28.105],[-91.912,28.102],[-91.912,28.101],[-91.911,28.093],[-91.911,28.09],[-91.911,28.089],[-91.911,28.085],[-91.911,28.083],[-91.911,28.082],[-91.91,28.071],[-91.91,28.069],[-91.91,28.062],[-91.91,28.058],[-91.91,28.057],[-91.91,28.056],[-91.91,28.054],[-91.909,28.053],[-91.909,28.052],[-91.909,28.049],[-91.909,28.048],[-91.909,28.046],[-91.909,28.044],[-91.909,28.043],[-91.909,28.04],[-91.909,28.038],[-91.909,28.037],[-91.908,28.027],[-91.908,28.023],[-91.908,28.014],[-91.907,28.011],[-91.907,28.008],[-91.907,27.998],[-91.907,27.993],[-91.906,27.989],[-91.906,27.987],[-91.906,27.978],[-91.906,27.976],[-91.906,27.975],[-91.906,27.974],[-91.905,27.973],[-91.905,27.97],[-91.905,27.969],[-91.905,27.967],[-91.905,27.964],[-91.905,27.963],[-91.909,27.96],[-91.91,27.96]]}},{"type":"Feature","properties":{"name":"","operator":"Chevron U.S.A. Inc."},"geometry":{"type":"LineString","coordinates":[[-88.202,28.308],[-88.203,28.307],[-88.215,28.308],[-88.25,28.308],[-88.253,28.309],[-88.256,28.309],[-88.26,28.311],[-88.266,28.314],[-88.271,28.317],[-88.285,28.324],[-88.289,28.326],[-88.292,28.328],[-88.293,28.329],[-88.294,28.33],[-88.295,28.333],[-88.296,28.335],[-88.298,28.337],[-88.301,28.342],[-88.305,28.346],[-88.307,28.349],[-88.308,28.35],[-88.309,28.351],[-88.311,28.351],[-88.315,28.352],[-88.319,28.354],[-88.331,28.358],[-88.333,28.359],[-88.338,28.36],[-88.342,28.36],[-88.344,28.361],[-88.346,28.361],[-88.349,28.361],[-88.353,28.362],[-88.355,28.362],[-88.357,28.363],[-88.373,28.364],[-88.377,28.364],[-88.383,28.365],[-88.387,28.365],[-88.404,28.364],[-88.433,28.363],[-88.437,28.363],[-88.44,28.362],[-88.442,28.362],[-88.444,28.362],[-88.448,28.362],[-88.449,28.362],[-88.45,28.362],[-88.452,28.362],[-88.453,28.363],[-88.458,28.365],[-88.46,28.365],[-88.465,28.367],[-88.467,28.367],[-88.47,28.368],[-88.48,28.371],[-88.484,28.372],[-88.489,28.373],[-88.493,28.374],[-88.497,28.374],[-88.5,28.375],[-88.507,28.376],[-88.508,28.376],[-88.514,28.38],[-88.518,28.382],[-88.519,28.384],[-88.521,28.386],[-88.522,28.387],[-88.523,28.389],[-88.524,28.392],[-88.525,28.391],[-88.525,28.39],[-88.525,28.388],[-88.526,28.386],[-88.527,28.384],[-88.528,28.382],[-88.53,28.38],[-88.532,28.378],[-88.533,28.377],[-88.534,28.376],[-88.536,28.374],[-88.537,28.374],[-88.539,28.373],[-88.545,28.37],[-88.545,28.369],[-88.551,28.367]]}},{"type":"Feature","properties":{"name":"","operator":"Petrocom Communications, Inc"},"geometry":{"type":"LineString","coordinates":[[-89.787,28.653],[-89.787,28.654],[-89.788,28.654],[-89.788,28.653],[-89.789,28.653],[-89.79,28.653],[-89.791,28.653],[-89.792,28.653],[-89.793,28.653],[-89.801,28.653],[-89.813,28.653],[-89.815,28.653],[-89.816,28.653],[-89.817,28.653],[-89.818,28.653],[-89.818,28.654],[-89.82,28.66],[-89.827,28.674],[-89.832,28.685],[-89.835,28.694],[-89.836,28.694],[-89.837,28.696],[-89.837,28.697],[-89.838,28.7],[-89.839,28.702],[-89.839,28.703],[-89.84,28.705],[-89.841,28.706],[-89.841,28.707],[-89.842,28.708],[-89.842,28.71],[-89.843,28.71],[-89.843,28.711],[-89.846,28.717],[-89.846,28.718],[-89.849,28.724],[-89.849,28.725],[-89.85,28.725],[-89.85,28.726],[-89.851,28.727],[-89.859,28.735],[-89.86,28.736],[-89.862,28.738],[-89.862,28.739],[-89.863,28.739],[-89.867,28.74],[-89.876,28.741],[-89.877,28.741],[-89.884,28.742],[-89.918,28.746],[-89.919,28.746],[-89.92,28.746],[-89.922,28.747],[-89.984,28.793],[-89.985,28.794],[-89.988,28.796],[-89.998,28.803],[-90.0,28.804],[-90.006,28.809],[-90.011,28.812],[-90.058,28.847],[-90.062,28.85],[-90.07,28.856],[-90.079,28.862],[-90.08,28.863],[-90.081,28.863],[-90.082,28.864],[-90.092,28.871],[-90.107,28.882],[-90.108,28.883],[-90.109,28.884],[-90.11,28.884],[-90.11,28.885],[-90.111,28.886],[-90.107,28.902],[-90.106,28.903],[-90.106,28.905],[-90.102,28.921],[-90.1,28.93],[-90.1,28.931],[-90.095,28.947],[-90.092,28.961],[-90.091,28.967],[-90.09,28.97],[-90.089,28.973],[-90.088,28.976],[-90.088,28.977],[-90.087,28.98],[-90.086,28.987],[-90.085,28.99],[-90.085,28.991],[-90.085,28.992],[-90.084,28.992],[-90.084,28.996],[-90.079,29.015],[-90.078,29.019],[-90.078,29.02],[-90.077,29.024],[-90.076,29.028],[-90.075,29.029],[-90.074,29.033],[-90.074,29.035],[-90.07,29.052],[-90.07,29.053],[-90.07,29.055],[-90.076,29.076],[-90.077,29.082],[-90.077,29.083],[-90.082,29.1],[-90.082,29.101],[-90.082,29.102],[-90.096,29.114],[-90.099,29.116],[-90.099,29.117],[-90.102,29.119],[-90.104,29.12],[-90.105,29.122],[-90.106,29.123],[-90.107,29.123]]}},{"type":"Feature","properties":{"name":"","operator":"Petrocom Communications, Inc"},"geometry":{"type":"LineString","coordinates":[[-90.997,27.946],[-90.997,27.945],[-90.996,27.944],[-90.995,27.944],[-90.995,27.943],[-90.995,27.944],[-90.993,27.944],[-90.992,27.944],[-90.992,27.945],[-90.991,27.949],[-90.991,27.95],[-90.991,27.951],[-90.991,27.953],[-90.99,27.957],[-90.989,27.958],[-90.989,27.961],[-90.989,27.962],[-90.988,27.963],[-90.987,27.965],[-90.986,27.967],[-90.984,27.971],[-90.98,27.979],[-90.979,27.98],[-90.978,27.981],[-90.978,27.982],[-90.977,27.983],[-90.976,27.986],[-90.975,27.987],[-90.969,27.991],[-90.965,27.994],[-90.962,27.996],[-90.957,27.999],[-90.953,28.002],[-90.946,28.007],[-90.944,28.008],[-90.943,28.01],[-90.938,28.013],[-90.937,28.014],[-90.935,28.015],[-90.931,28.018],[-90.928,28.02],[-90.927,28.021],[-90.923,28.024],[-90.92,28.026],[-90.908,28.034],[-90.907,28.035],[-90.906,28.036],[-90.905,28.037],[-90.904,28.037],[-90.903,28.038],[-90.899,28.041],[-90.896,28.042],[-90.894,28.044],[-90.893,28.045],[-90.884,28.055],[-90.869,28.071],[-90.864,28.076],[-90.859,28.082],[-90.855,28.086],[-90.854,28.088],[-90.853,28.088],[-90.851,28.091],[-90.85,28.091],[-90.848,28.094],[-90.847,28.095],[-90.843,28.1],[-90.842,28.1],[-90.841,28.102],[-90.84,28.103],[-90.839,28.104],[-90.836,28.107],[-90.835,28.108],[-90.831,28.112],[-90.831,28.113],[-90.825,28.119],[-90.823,28.121],[-90.822,28.122],[-90.821,28.124],[-90.82,28.125],[-90.818,28.127],[-90.817,28.128],[-90.815,28.13],[-90.81,28.136],[-90.809,28.136],[-90.808,28.137],[-90.803,28.143],[-90.8,28.146],[-90.794,28.153],[-90.791,28.156],[-90.79,28.158],[-90.789,28.158],[-90.788,28.159],[-90.786,28.161],[-90.786,28.162],[-90.784,28.164],[-90.779,28.17],[-90.772,28.177],[-90.769,28.18],[-90.767,28.183],[-90.765,28.185],[-90.761,28.189],[-90.758,28.193],[-90.757,28.193],[-90.756,28.194],[-90.756,28.195],[-90.755,28.197],[-90.753,28.199],[-90.752,28.2],[-90.749,28.204],[-90.748,28.205],[-90.744,28.21],[-90.744,28.211],[-90.743,28.211],[-90.74,28.216],[-90.738,28.218],[-90.735,28.222],[-90.733,28.224],[-90.73,28.228],[-90.728,28.231],[-90.726,28.234],[-90.723,28.237],[-90.72,28.241],[-90.719,28.243],[-90.717,28.245],[-90.715,28.247],[-90.712,28.251],[-90.708,28.256],[-90.703,28.263],[-90.703,28.264],[-90.702,28.265],[-90.699,28.268],[-90.697,28.272],[-90.696,28.272],[-90.694,28.275],[-90.69,28.28],[-90.689,28.282],[-90.68,28.293],[-90.673,28.302],[-90.672,28.304],[-90.671,28.305],[-90.669,28.307],[-90.668,28.308],[-90.665,28.312],[-90.664,28.314],[-90.663,28.315],[-90.662,28.316],[-90.662,28.317],[-90.661,28.318],[-90.66,28.319],[-90.654,28.327],[-90.647,28.336],[-90.646,28.337],[-90.636,28.359],[-90.634,28.365],[-90.632,28.369],[-90.632,28.37],[-90.631,28.372],[-90.625,28.386],[-90.624,28.388],[-90.622,28.391],[-90.622,28.392],[-90.622,28.393],[-90.621,28.395],[-90.619,28.398],[-90.618,28.4],[-90.617,28.403],[-90.611,28.418],[-90.606,28.428],[-90.604,28.433],[-90.603,28.437],[-90.602,28.438],[-90.601,28.439],[-90.6,28.443],[-90.596,28.45],[-90.596,28.451],[-90.594,28.456],[-90.593,28.458],[-90.593,28.459],[-90.592,28.461],[-90.591,28.462],[-90.591,28.464],[-90.59,28.465],[-90.589,28.467],[-90.584,28.479],[-90.584,28.48],[-90.583,28.481],[-90.583,28.482],[-90.582,28.483],[-90.581,28.486],[-90.581,28.487],[-90.579,28.49],[-90.578,28.492],[-90.578,28.493],[-90.578,28.494],[-90.576,28.496],[-90.575,28.499],[-90.575,28.5],[-90.573,28.505],[-90.571,28.509],[-90.57,28.511],[-90.57,28.512],[-90.568,28.515],[-90.568,28.516],[-90.569,28.518],[-90.57,28.52],[-90.572,28.526],[-90.573,28.529],[-90.574,28.532],[-90.575,28.533],[-90.577,28.539],[-90.578,28.54],[-90.578,28.542],[-90.58,28.544],[-90.581,28.55],[-90.582,28.552],[-90.583,28.553],[-90.583,28.554],[-90.583,28.555],[-90.583,28.556],[-90.581,28.562],[-90.58,28.563],[-90.58,28.564],[-90.58,28.565],[-90.58,28.566],[-90.578,28.57],[-90.578,28.571],[-90.578,28.573],[-90.578,28.574],[-90.577,28.575],[-90.577,28.576]]}},{"type":"Feature","properties":{"name":"","operator":"Petrocom Communications, Inc"},"geometry":{"type":"LineString","coordinates":[[-94.551,27.833],[-94.552,27.834],[-94.554,27.834],[-94.556,27.835],[-94.557,27.835],[-94.559,27.835],[-94.561,27.835],[-94.562,27.835],[-94.567,27.834],[-94.569,27.834],[-94.57,27.835],[-94.571,27.835],[-94.571,27.836],[-94.572,27.837],[-94.572,27.838],[-94.574,27.84],[-94.575,27.841],[-94.576,27.843],[-94.577,27.844],[-94.577,27.845],[-94.578,27.846],[-94.579,27.846],[-94.579,27.847],[-94.58,27.848],[-94.58,27.849],[-94.582,27.851],[-94.583,27.853],[-94.586,27.857],[-94.588,27.859],[-94.59,27.863],[-94.591,27.863],[-94.592,27.865],[-94.593,27.866],[-94.594,27.867],[-94.594,27.868],[-94.597,27.871],[-94.598,27.873],[-94.6,27.876],[-94.601,27.877],[-94.602,27.879],[-94.603,27.88],[-94.604,27.882],[-94.605,27.883],[-94.609,27.888],[-94.612,27.892],[-94.613,27.893],[-94.614,27.895],[-94.619,27.901],[-94.619,27.902],[-94.62,27.903],[-94.621,27.904],[-94.622,27.905],[-94.622,27.906],[-94.624,27.909],[-94.625,27.91],[-94.635,27.923],[-94.636,27.925],[-94.637,27.926],[-94.639,27.929],[-94.642,27.934],[-94.644,27.936],[-94.647,27.939],[-94.647,27.94],[-94.648,27.941],[-94.651,27.945],[-94.653,27.947],[-94.654,27.949],[-94.655,27.951],[-94.656,27.952],[-94.657,27.953],[-94.657,27.954],[-94.658,27.954],[-94.66,27.957],[-94.664,27.963],[-94.668,27.968],[-94.668,27.969],[-94.669,27.969],[-94.672,27.973],[-94.676,27.979],[-94.685,27.991],[-94.689,27.997],[-94.694,28.005],[-94.695,28.005],[-94.703,28.016],[-94.705,28.019],[-94.706,28.021],[-94.712,28.029],[-94.713,28.03],[-94.72,28.039],[-94.72,28.04],[-94.721,28.04],[-94.722,28.042],[-94.727,28.048],[-94.73,28.053],[-94.732,28.056],[-94.733,28.057],[-94.737,28.063],[-94.745,28.073],[-94.748,28.077],[-94.752,28.084],[-94.753,28.084],[-94.754,28.085],[-94.757,28.09],[-94.758,28.091],[-94.758,28.092],[-94.761,28.095],[-94.764,28.099],[-94.768,28.105],[-94.769,28.107],[-94.77,28.107],[-94.77,28.108],[-94.771,28.109],[-94.771,28.11],[-94.773,28.111],[-94.773,28.112],[-94.774,28.113],[-94.774,28.114],[-94.775,28.115],[-94.777,28.117],[-94.778,28.119],[-94.78,28.122],[-94.781,28.123],[-94.782,28.124],[-94.782,28.125],[-94.783,28.125],[-94.784,28.127],[-94.785,28.128],[-94.789,28.134],[-94.79,28.135],[-94.791,28.137],[-94.792,28.138],[-94.793,28.14],[-94.794,28.14],[-94.795,28.142],[-94.795,28.143],[-94.797,28.144],[-94.799,28.148],[-94.801,28.151],[-94.802,28.153],[-94.803,28.153],[-94.804,28.154],[-94.809,28.162],[-94.81,28.162],[-94.811,28.165],[-94.813,28.167],[-94.814,28.169],[-94.818,28.174],[-94.822,28.179],[-94.822,28.18],[-94.826,28.185],[-94.827,28.186],[-94.829,28.189],[-94.829,28.19],[-94.83,28.19],[-94.831,28.191],[-94.831,28.192],[-94.832,28.193],[-94.833,28.194],[-94.834,28.196],[-94.835,28.197],[-94.836,28.199],[-94.839,28.203],[-94.84,28.204],[-94.841,28.205],[-94.841,28.206],[-94.842,28.207],[-94.844,28.209],[-94.844,28.21],[-94.845,28.211],[-94.846,28.212],[-94.847,28.215],[-94.849,28.218],[-94.85,28.219],[-94.85,28.22],[-94.855,28.225],[-94.856,28.226],[-94.863,28.235],[-94.865,28.238],[-94.866,28.239],[-94.876,28.254],[-94.877,28.255],[-94.884,28.265],[-94.886,28.268],[-94.887,28.268],[-94.888,28.27],[-94.889,28.272],[-94.893,28.277],[-94.894,28.278],[-94.895,28.279],[-94.896,28.281],[-94.898,28.284],[-94.902,28.29],[-94.903,28.291],[-94.904,28.291],[-94.904,28.292],[-94.91,28.3],[-94.911,28.301],[-94.913,28.304],[-94.919,28.313],[-94.92,28.314],[-94.929,28.326],[-94.93,28.328],[-94.931,28.329],[-94.932,28.33],[-94.936,28.336],[-94.945,28.348],[-94.946,28.349],[-94.946,28.35],[-94.947,28.35],[-94.947,28.351],[-94.948,28.353],[-94.95,28.355],[-94.951,28.356],[-94.952,28.357],[-94.955,28.362],[-94.956,28.363],[-94.957,28.365],[-94.958,28.367],[-94.96,28.368],[-94.96,28.369],[-94.961,28.37],[-94.962,28.371],[-94.964,28.374],[-94.965,28.376],[-94.966,28.377],[-94.97,28.383],[-94.976,28.391],[-94.98,28.396],[-94.98,28.397],[-94.983,28.401],[-94.985,28.402],[-94.987,28.406],[-94.991,28.411],[-94.992,28.412],[-94.993,28.414],[-94.997,28.418],[-94.997,28.419],[-94.998,28.42],[-95.001,28.424],[-95.002,28.426],[-95.007,28.433],[-95.009,28.435],[-95.01,28.436],[-95.01,28.437],[-95.015,28.444],[-95.017,28.447],[-95.019,28.45],[-95.02,28.45],[-95.021,28.452],[-95.022,28.453],[-95.023,28.454],[-95.025,28.457],[-95.029,28.462],[-95.03,28.464],[-95.033,28.468],[-95.033,28.469],[-95.036,28.473],[-95.037,28.473],[-95.039,28.476],[-95.04,28.477],[-95.042,28.481],[-95.044,28.484],[-95.045,28.485],[-95.046,28.486],[-95.047,28.487],[-95.048,28.489],[-95.052,28.494],[-95.053,28.495],[-95.053,28.496],[-95.056,28.5],[-95.059,28.503],[-95.06,28.506],[-95.063,28.509],[-95.064,28.51],[-95.064,28.511],[-95.065,28.512],[-95.068,28.517],[-95.069,28.517],[-95.073,28.522],[-95.074,28.525],[-95.075,28.525],[-95.076,28.527],[-95.078,28.529],[-95.082,28.536],[-95.087,28.541],[-95.087,28.542],[-95.088,28.544],[-95.089,28.544],[-95.089,28.545],[-95.09,28.546],[-95.092,28.549],[-95.093,28.55],[-95.094,28.551],[-95.094,28.552],[-95.097,28.555],[-95.099,28.558],[-95.101,28.561],[-95.102,28.562],[-95.103,28.563],[-95.103,28.564],[-95.106,28.568],[-95.107,28.57],[-95.108,28.57],[-95.111,28.575],[-95.115,28.579],[-95.121,28.588],[-95.122,28.589],[-95.126,28.596],[-95.127,28.597],[-95.129,28.599],[-95.129,28.6],[-95.132,28.603],[-95.133,28.604],[-95.133,28.605],[-95.137,28.61],[-95.138,28.612],[-95.14,28.614],[-95.141,28.615],[-95.143,28.618],[-95.144,28.619],[-95.144,28.621],[-95.146,28.622],[-95.147,28.623],[-95.148,28.625],[-95.152,28.631],[-95.155,28.635],[-95.156,28.636],[-95.157,28.637],[-95.158,28.639],[-95.159,28.639],[-95.159,28.64],[-95.159,28.641],[-95.161,28.642],[-95.161,28.643],[-95.162,28.643],[-95.163,28.646],[-95.164,28.646],[-95.165,28.648],[-95.168,28.652],[-95.17,28.655],[-95.171,28.656],[-95.171,28.657],[-95.173,28.658],[-95.173,28.659],[-95.176,28.663],[-95.176,28.664],[-95.177,28.664],[-95.178,28.665],[-95.178,28.666],[-95.18,28.668],[-95.18,28.669],[-95.185,28.676],[-95.19,28.682],[-95.192,28.685],[-95.193,28.686],[-95.196,28.69],[-95.201,28.696],[-95.201,28.697],[-95.202,28.699],[-95.206,28.704],[-95.207,28.705],[-95.208,28.706],[-95.213,28.713],[-95.213,28.714],[-95.216,28.717],[-95.216,28.718],[-95.217,28.719],[-95.22,28.723],[-95.221,28.724],[-95.222,28.725],[-95.224,28.728],[-95.225,28.729],[-95.225,28.73],[-95.23,28.736],[-95.231,28.737],[-95.235,28.743],[-95.238,28.748],[-95.241,28.751],[-95.249,28.762],[-95.25,28.764],[-95.252,28.767],[-95.257,28.773],[-95.267,28.787],[-95.268,28.788],[-95.268,28.789],[-95.268,28.79],[-95.268,28.792],[-95.268,28.794],[-95.267,28.795],[-95.267,28.796],[-95.267,28.797],[-95.267,28.798],[-95.268,28.798],[-95.268,28.799],[-95.269,28.8],[-95.27,28.802],[-95.272,28.804],[-95.273,28.805],[-95.274,28.807],[-95.274,28.808],[-95.275,28.809],[-95.277,28.811],[-95.279,28.814],[-95.28,28.815],[-95.281,28.816],[-95.282,28.817],[-95.283,28.819],[-95.283,28.82],[-95.284,28.821],[-95.285,28.821],[-95.285,28.822],[-95.285,28.823],[-95.286,28.823],[-95.289,28.827],[-95.292,28.831],[-95.294,28.834],[-95.295,28.835],[-95.295,28.836],[-95.296,28.837],[-95.298,28.84],[-95.299,28.84],[-95.299,28.841],[-95.3,28.842],[-95.3,28.843],[-95.303,28.846],[-95.304,28.847],[-95.305,28.849],[-95.305,28.85],[-95.306,28.85],[-95.308,28.853],[-95.309,28.855],[-95.31,28.856],[-95.311,28.857],[-95.312,28.858],[-95.312,28.859],[-95.31,28.862],[-95.309,28.863],[-95.308,28.864],[-95.308,28.865],[-95.306,28.868],[-95.304,28.872],[-95.303,28.873],[-95.302,28.874],[-95.301,28.875],[-95.3,28.878],[-95.299,28.879],[-95.298,28.879]]}},{"type":"Feature","properties":{"name":"","operator":"BP Exploration & Production Inc."},"geometry":{"type":"LineString","coordinates":[[-88.494,30.331],[-88.494,30.33],[-88.494,30.318],[-88.494,30.317],[-88.493,30.314],[-88.491,30.312],[-88.477,30.299],[-88.405,30.245],[-88.399,30.241],[-88.394,30.233],[-88.388,30.221],[-88.385,30.213],[-88.385,30.211],[-88.385,30.195],[-88.385,30.165],[-88.386,30.165],[-88.385,30.165],[-88.385,30.164],[-88.386,30.151],[-88.389,30.112],[-88.389,30.107],[-88.39,30.097],[-88.393,30.051],[-88.392,30.045],[-88.39,30.039],[-88.388,30.037],[-88.386,30.034],[-88.379,30.027],[-88.359,30.011],[-88.333,29.991],[-88.326,29.982],[-88.323,29.976],[-88.321,29.957],[-88.321,29.919],[-88.319,29.903],[-88.313,29.887],[-88.292,29.858],[-88.274,29.834],[-88.265,29.822],[-88.265,29.821],[-88.256,29.809],[-88.255,29.806],[-88.252,29.796],[-88.252,29.795],[-88.237,29.759],[-88.229,29.714],[-88.228,29.704],[-88.228,29.697],[-88.224,29.689],[-88.219,29.678],[-88.218,29.674],[-88.214,29.665],[-88.214,29.664],[-88.213,29.661],[-88.204,29.636],[-88.171,29.547],[-88.157,29.507],[-88.156,29.501],[-88.154,29.495],[-88.146,29.484],[-88.145,29.479],[-88.143,29.476],[-88.143,29.474],[-88.144,29.472],[-88.145,29.47],[-88.147,29.466],[-88.15,29.46],[-88.151,29.458],[-88.151,29.457],[-88.15,29.455],[-88.148,29.448],[-88.133,29.416],[-88.129,29.41],[-88.122,29.405],[-88.11,29.402],[-88.1,29.402],[-88.097,29.401],[-88.093,29.4],[-88.087,29.397],[-88.082,29.393],[-88.073,29.386],[-88.06,29.375],[-88.058,29.373],[-88.055,29.372],[-88.054,29.372],[-88.045,29.37],[-88.044,29.369],[-88.021,29.37],[-88.015,29.369],[-88.012,29.369],[-88.011,29.368],[-88.01,29.365],[-88.002,29.36],[-87.994,29.344],[-87.989,29.338],[-87.987,29.334],[-87.967,29.305],[-87.966,29.304],[-87.961,29.296],[-87.958,29.286],[-87.957,29.274],[-87.958,29.258],[-87.965,29.251],[-87.969,29.243],[-87.973,29.232],[-87.974,29.225],[-87.974,29.216],[-87.97,29.206],[-87.966,29.197],[-87.958,29.189],[-87.951,29.183],[-87.95,29.181],[-87.947,29.177],[-87.943,29.168],[-87.93,29.157],[-87.928,29.156],[-87.923,29.146],[-87.921,29.138],[-87.919,29.127],[-87.902,29.101],[-87.896,29.091],[-87.883,29.073],[-87.879,29.068],[-87.878,29.067],[-87.878,29.066],[-87.868,28.999],[-87.862,28.95],[-87.877,28.908],[-87.898,28.891],[-87.9,28.889],[-87.931,28.864],[-88.04,28.787],[-88.073,28.756],[-88.076,28.755],[-88.085,28.745],[-88.1,28.73],[-88.164,28.67],[-88.205,28.651],[-88.209,28.647],[-88.227,28.644],[-88.229,28.643],[-88.277,28.629],[-88.352,28.607],[-88.373,28.587],[-88.375,28.586],[-88.47,28.495],[-88.527,28.404],[-88.542,28.373],[-88.551,28.367],[-88.598,28.282],[-88.602,28.274],[-88.633,28.229],[-88.663,28.194],[-88.668,28.191],[-88.677,28.18],[-88.677,28.179],[-88.676,28.177],[-88.702,28.134],[-88.728,28.09],[-88.735,28.079],[-88.743,28.071],[-88.744,28.07],[-88.785,28.046],[-88.831,28.022],[-88.839,28.014],[-88.844,28.011],[-88.88,27.987],[-88.914,27.965],[-88.963,27.931],[-89.027,27.896],[-89.065,27.863],[-89.118,27.827],[-89.186,27.76],[-89.253,27.693],[-89.355,27.592],[-89.376,27.577],[-89.442,27.553],[-89.488,27.498],[-89.628,27.4],[-89.825,27.297],[-89.891,27.29],[-89.905,27.293],[-89.906,27.293],[-89.93,27.299],[-90.011,27.297],[-90.038,27.293],[-90.062,27.272],[-90.064,27.269],[-90.068,27.266],[-90.076,27.263],[-90.094,27.251],[-90.143,27.252],[-90.151,27.255],[-90.159,27.251],[-90.174,27.25],[-90.175,27.25],[-90.202,27.25],[-90.21,27.248],[-90.263,27.247],[-90.295,27.245],[-90.323,27.243],[-90.326,27.241],[-90.343,27.243],[-90.391,27.244],[-90.41,27.246],[-90.464,27.263],[-90.478,27.26],[-90.524,27.251],[-90.645,27.226],[-90.721,27.21],[-90.73,27.212],[-90.739,27.21],[-90.746,27.202],[-90.769,27.197],[-90.775,27.187],[-90.782,27.196],[-90.834,27.19],[-90.883,27.191],[-90.899,27.192],[-90.913,27.193],[-90.93,27.198],[-90.947,27.194],[-91.015,27.178],[-91.029,27.17],[-91.036,27.173],[-91.044,27.179],[-91.038,27.172],[-91.035,27.167],[-91.085,27.138],[-91.112,27.122],[-91.128,27.114],[-91.181,27.086],[-91.202,27.071],[-91.224,27.063],[-91.241,27.058],[-91.31,27.063],[-91.465,27.059],[-91.472,27.059],[-91.478,27.059],[-91.496,27.059],[-91.498,27.058],[-91.5,27.058],[-91.502,27.058],[-91.503,27.058],[-91.504,27.058],[-91.508,27.057],[-91.51,27.057],[-91.511,27.057],[-91.513,27.057],[-91.515,27.056],[-91.517,27.056],[-91.52,27.056],[-91.522,27.056],[-91.525,27.056],[-91.528,27.056],[-91.531,27.056],[-91.54,27.057],[-91.543,27.057],[-91.546,27.057],[-91.553,27.057],[-91.556,27.057],[-91.577,27.057],[-91.582,27.057],[-91.584,27.057],[-91.586,27.057],[-91.588,27.057],[-91.589,27.057],[-91.591,27.057],[-91.593,27.058],[-91.594,27.058],[-91.598,27.058],[-91.6,27.058],[-91.601,27.058],[-91.602,27.058],[-91.604,27.058],[-91.605,27.058],[-91.606,27.058],[-91.607,27.058],[-91.608,27.058],[-91.609,27.058],[-91.614,27.057],[-91.621,27.057],[-91.623,27.057],[-91.625,27.057],[-91.627,27.057],[-91.628,27.057],[-91.629,27.057],[-91.63,27.057],[-91.631,27.057],[-91.633,27.058],[-91.634,27.059],[-91.635,27.06],[-91.635,27.061],[-91.636,27.063],[-91.637,27.065],[-91.638,27.067],[-91.638,27.069],[-91.639,27.07],[-91.639,27.071],[-91.639,27.072],[-91.639,27.073],[-91.64,27.074],[-91.64,27.073],[-91.64,27.072],[-91.641,27.072],[-91.641,27.071],[-91.641,27.07],[-91.642,27.066],[-91.643,27.065],[-91.643,27.064],[-91.644,27.062],[-91.644,27.061],[-91.645,27.061],[-91.645,27.06],[-91.645,27.059],[-91.646,27.059],[-91.646,27.058],[-91.647,27.058],[-91.648,27.057],[-91.649,27.057],[-91.65,27.057],[-91.651,27.057],[-91.653,27.057],[-91.85,27.065],[-91.981,27.098],[-92.055,27.128],[-92.074,27.131],[-92.134,27.123],[-92.257,27.116],[-92.336,27.081],[-92.337,27.081],[-92.337,27.078],[-92.381,27.057],[-92.44,27.024],[-92.484,27.014],[-92.584,26.982],[-92.743,26.931],[-92.898,26.909],[-92.913,26.91],[-93.252,26.946],[-93.359,26.958],[-93.888,27.014],[-93.933,27.024],[-94.111,27.064],[-94.113,27.064],[-94.163,27.098],[-94.255,27.159],[-94.391,27.206],[-94.493,27.225],[-94.565,27.224],[-94.589,27.227],[-94.591,27.227],[-94.617,27.23],[-94.668,27.253],[-94.696,27.277],[-94.723,27.312],[-94.737,27.373],[-94.737,27.386],[-94.737,27.389],[-94.736,27.404],[-94.731,27.442],[-94.725,27.466],[-94.705,27.502],[-94.679,27.527],[-94.645,27.544],[-94.636,27.555],[-94.627,27.565],[-94.603,27.618],[-94.599,27.626],[-94.596,27.638],[-94.598,27.664],[-94.6,27.672],[-94.604,27.677],[-94.608,27.684],[-94.609,27.688],[-94.609,27.693],[-94.609,27.701],[-94.606,27.708],[-94.602,27.714],[-94.6,27.718],[-94.599,27.725],[-94.599,27.734],[-94.601,27.748],[-94.596,27.787],[-94.589,27.805],[-94.588,27.809],[-94.587,27.823],[-94.587,27.83],[-94.587,27.842],[-94.588,27.844],[-94.59,27.848],[-94.593,27.851],[-94.595,27.855],[-94.598,27.86],[-94.611,27.876],[-94.624,27.887],[-94.626,27.888],[-94.629,27.891],[-94.638,27.91],[-94.66,27.936],[-94.713,27.991],[-94.722,28.004],[-94.724,28.01],[-94.726,28.029],[-94.728,28.034],[-94.754,28.068],[-94.761,28.08],[-94.784,28.11],[-94.807,28.14],[-94.893,28.261],[-94.94,28.328],[-94.95,28.34],[-94.958,28.351],[-95.052,28.482],[-95.063,28.501],[-95.101,28.553],[-95.119,28.578],[-95.134,28.594],[-95.136,28.597],[-95.137,28.599],[-95.139,28.617],[-95.14,28.619],[-95.142,28.622],[-95.147,28.628],[-95.174,28.664],[-95.21,28.712],[-95.245,28.754],[-95.246,28.756],[-95.247,28.757],[-95.249,28.76],[-95.252,28.764],[-95.257,28.771],[-95.26,28.776],[-95.262,28.78],[-95.266,28.793],[-95.266,28.794],[-95.312,28.856],[-95.311,28.858],[-95.31,28.859],[-95.31,28.86],[-95.305,28.867],[-95.303,28.869],[-95.303,28.87],[-95.298,28.876],[-95.296,28.881],[-95.298,28.883],[-95.298,28.882],[-95.298,28.883],[-95.299,28.883],[-95.304,28.886],[-95.304,28.887],[-95.314,28.893],[-95.33,28.903],[-95.338,28.909],[-95.342,28.913]]}},{"type":"Feature","properties":{"name":"","operator":"Petrocom Communications, Inc"},"geometry":{"type":"LineString","coordinates":[[-94.551,27.833],[-94.552,27.834],[-94.553,27.834],[-94.554,27.835],[-94.554,27.836],[-94.553,27.836],[-94.552,27.836],[-94.551,27.836],[-94.55,27.836],[-94.549,27.836],[-94.548,27.836],[-94.548,27.835],[-94.547,27.834],[-94.547,27.833],[-94.547,27.832],[-94.546,27.832],[-94.545,27.831],[-94.544,27.831],[-94.542,27.832],[-94.541,27.832],[-94.539,27.832],[-94.538,27.831],[-94.537,27.831],[-94.536,27.831],[-94.535,27.831],[-94.53,27.831],[-94.529,27.83],[-94.528,27.83],[-94.527,27.83],[-94.524,27.83],[-94.521,27.83],[-94.517,27.829],[-94.515,27.829],[-94.514,27.829],[-94.508,27.828],[-94.507,27.828],[-94.505,27.828],[-94.504,27.828],[-94.501,27.828],[-94.493,27.827],[-94.491,27.827],[-94.485,27.826],[-94.484,27.826],[-94.482,27.826],[-94.479,27.825],[-94.478,27.825],[-94.475,27.825],[-94.474,27.825],[-94.472,27.825],[-94.471,27.825],[-94.47,27.824],[-94.468,27.824],[-94.464,27.824],[-94.454,27.823],[-94.452,27.823],[-94.451,27.823],[-94.45,27.822],[-94.449,27.822],[-94.448,27.822],[-94.446,27.822],[-94.445,27.822],[-94.442,27.822],[-94.439,27.821],[-94.437,27.821],[-94.436,27.821],[-94.433,27.821],[-94.429,27.82],[-94.427,27.82],[-94.421,27.819],[-94.42,27.819],[-94.418,27.819],[-94.417,27.819],[-94.416,27.819],[-94.415,27.819],[-94.402,27.817],[-94.401,27.817],[-94.397,27.817],[-94.395,27.817],[-94.394,27.817],[-94.393,27.817],[-94.392,27.816],[-94.385,27.816],[-94.384,27.816],[-94.383,27.816],[-94.382,27.815],[-94.381,27.815],[-94.379,27.815],[-94.377,27.815],[-94.376,27.815],[-94.375,27.815],[-94.374,27.815],[-94.372,27.814],[-94.37,27.814],[-94.366,27.814],[-94.364,27.814],[-94.363,27.813],[-94.359,27.813],[-94.358,27.813],[-94.357,27.813],[-94.356,27.813],[-94.354,27.813],[-94.353,27.812],[-94.351,27.812],[-94.35,27.812],[-94.345,27.812],[-94.344,27.812],[-94.339,27.811],[-94.338,27.811],[-94.337,27.811],[-94.336,27.811],[-94.334,27.81],[-94.333,27.81],[-94.329,27.81],[-94.328,27.81],[-94.326,27.81],[-94.32,27.809],[-94.319,27.809],[-94.314,27.808],[-94.312,27.808],[-94.309,27.808],[-94.308,27.808],[-94.306,27.808],[-94.304,27.807],[-94.302,27.807],[-94.301,27.807],[-94.297,27.807],[-94.295,27.806],[-94.29,27.806],[-94.289,27.806],[-94.286,27.805],[-94.284,27.805],[-94.282,27.805],[-94.281,27.805],[-94.279,27.805],[-94.277,27.805],[-94.273,27.804],[-94.271,27.804],[-94.266,27.803],[-94.259,27.803],[-94.258,27.803],[-94.255,27.802],[-94.25,27.802],[-94.245,27.801],[-94.239,27.801],[-94.238,27.801],[-94.235,27.8],[-94.233,27.8],[-94.222,27.799],[-94.215,27.798],[-94.214,27.798],[-94.213,27.798],[-94.212,27.798],[-94.211,27.798],[-94.209,27.798],[-94.206,27.797],[-94.205,27.797],[-94.204,27.797],[-94.201,27.797],[-94.2,27.797],[-94.197,27.796],[-94.195,27.796],[-94.191,27.796],[-94.19,27.795],[-94.189,27.795],[-94.185,27.795],[-94.18,27.794],[-94.177,27.794],[-94.167,27.793],[-94.165,27.793],[-94.162,27.793],[-94.155,27.792],[-94.148,27.791],[-94.146,27.791],[-94.144,27.791],[-94.143,27.791],[-94.141,27.79],[-94.138,27.79],[-94.132,27.789],[-94.129,27.789],[-94.127,27.789],[-94.126,27.789],[-94.119,27.788],[-94.117,27.788],[-94.115,27.788],[-94.114,27.788],[-94.112,27.787],[-94.108,27.787],[-94.105,27.787],[-94.104,27.786],[-94.102,27.786],[-94.101,27.786],[-94.1,27.786],[-94.096,27.786],[-94.093,27.785],[-94.091,27.785],[-94.09,27.785],[-94.085,27.785],[-94.083,27.784],[-94.077,27.784],[-94.075,27.783],[-94.072,27.783],[-94.069,27.783],[-94.068,27.783],[-94.064,27.782],[-94.061,27.782],[-94.059,27.782],[-94.053,27.781],[-94.052,27.781],[-94.05,27.781],[-94.049,27.781],[-94.047,27.78],[-94.042,27.78],[-94.037,27.779],[-94.033,27.779],[-94.031,27.779],[-94.03,27.779],[-94.027,27.778],[-94.026,27.778],[-94.019,27.778],[-94.017,27.777],[-94.013,27.777],[-94.011,27.777],[-94.009,27.776],[-94.008,27.776],[-94.004,27.776],[-94.0,27.776],[-93.999,27.775],[-93.997,27.775],[-93.996,27.775],[-93.995,27.775],[-93.989,27.774],[-93.986,27.774],[-93.983,27.774],[-93.98,27.773],[-93.979,27.773],[-93.978,27.773],[-93.975,27.773],[-93.973,27.773],[-93.972,27.773],[-93.971,27.772],[-93.97,27.772],[-93.969,27.772],[-93.967,27.772],[-93.962,27.772],[-93.957,27.771],[-93.954,27.771],[-93.953,27.771],[-93.951,27.77],[-93.949,27.77],[-93.948,27.77],[-93.947,27.77],[-93.945,27.77],[-93.94,27.769],[-93.938,27.769],[-93.937,27.769],[-93.936,27.769],[-93.935,27.769],[-93.934,27.768],[-93.931,27.768],[-93.93,27.768],[-93.928,27.768],[-93.927,27.768],[-93.92,27.767],[-93.918,27.767],[-93.917,27.767],[-93.916,27.766],[-93.915,27.766],[-93.912,27.764],[-93.911,27.764],[-93.909,27.762],[-93.908,27.762],[-93.907,27.761],[-93.899,27.756],[-93.897,27.755],[-93.893,27.752],[-93.891,27.751],[-93.89,27.751],[-93.886,27.749],[-93.886,27.748],[-93.879,27.745],[-93.877,27.743],[-93.875,27.742],[-93.874,27.741],[-93.872,27.74],[-93.871,27.74],[-93.87,27.739],[-93.868,27.738],[-93.867,27.737],[-93.866,27.737],[-93.865,27.737],[-93.862,27.737],[-93.861,27.736],[-93.857,27.736],[-93.854,27.736],[-93.853,27.736],[-93.851,27.736],[-93.847,27.736],[-93.84,27.736],[-93.839,27.736],[-93.834,27.735],[-93.832,27.735],[-93.828,27.735],[-93.825,27.735],[-93.822,27.735],[-93.82,27.735],[-93.819,27.735],[-93.814,27.735],[-93.812,27.735],[-93.81,27.735],[-93.808,27.734],[-93.807,27.734],[-93.805,27.734],[-93.804,27.734],[-93.802,27.734],[-93.801,27.734],[-93.799,27.734],[-93.798,27.734],[-93.797,27.734],[-93.795,27.734],[-93.794,27.734],[-93.792,27.734],[-93.791,27.734],[-93.789,27.734],[-93.786,27.734],[-93.781,27.733],[-93.78,27.733],[-93.779,27.733],[-93.778,27.733],[-93.777,27.733],[-93.775,27.733],[-93.773,27.733],[-93.769,27.733],[-93.768,27.733],[-93.767,27.733],[-93.763,27.733],[-93.761,27.733],[-93.757,27.733],[-93.755,27.732],[-93.752,27.732],[-93.751,27.732],[-93.748,27.732],[-93.746,27.732],[-93.744,27.732],[-93.742,27.732],[-93.741,27.732],[-93.74,27.732],[-93.738,27.732],[-93.736,27.732],[-93.735,27.732],[-93.732,27.732],[-93.731,27.732],[-93.73,27.732],[-93.729,27.731],[-93.727,27.731],[-93.726,27.731],[-93.724,27.731],[-93.723,27.731],[-93.722,27.731],[-93.718,27.731],[-93.716,27.731],[-93.715,27.731],[-93.712,27.731],[-93.711,27.731],[-93.71,27.731],[-93.709,27.731],[-93.708,27.731],[-93.705,27.731],[-93.703,27.73],[-93.7,27.73],[-93.699,27.73],[-93.698,27.73],[-93.692,27.73],[-93.691,27.73],[-93.688,27.73],[-93.683,27.73],[-93.682,27.73],[-93.68,27.73],[-93.679,27.73],[-93.675,27.729],[-93.671,27.729],[-93.668,27.729],[-93.667,27.729],[-93.651,27.728],[-93.647,27.728],[-93.645,27.728],[-93.641,27.728],[-93.636,27.728],[-93.634,27.728],[-93.633,27.728],[-93.632,27.728],[-93.631,27.728],[-93.629,27.728],[-93.627,27.728],[-93.626,27.728],[-93.625,27.727],[-93.62,27.727],[-93.618,27.727],[-93.613,27.727],[-93.612,27.727],[-93.611,27.727],[-93.608,27.727],[-93.607,27.727],[-93.606,27.727],[-93.603,27.727],[-93.602,27.727],[-93.598,27.726],[-93.596,27.726],[-93.593,27.726],[-93.591,27.726],[-93.59,27.726],[-93.585,27.726],[-93.584,27.726],[-93.582,27.726],[-93.579,27.726],[-93.571,27.725],[-93.569,27.725],[-93.568,27.725],[-93.562,27.725],[-93.561,27.725],[-93.554,27.725],[-93.552,27.725],[-93.551,27.725],[-93.55,27.724],[-93.549,27.724],[-93.548,27.724],[-93.543,27.724],[-93.542,27.724],[-93.54,27.724],[-93.539,27.724],[-93.538,27.724],[-93.532,27.724],[-93.53,27.724],[-93.527,27.724],[-93.526,27.724],[-93.521,27.723],[-93.52,27.723],[-93.518,27.723],[-93.514,27.723],[-93.513,27.723],[-93.512,27.723],[-93.511,27.723],[-93.51,27.723],[-93.509,27.723],[-93.507,27.723],[-93.505,27.723],[-93.504,27.723],[-93.502,27.723],[-93.499,27.722],[-93.497,27.722],[-93.494,27.722],[-93.493,27.722],[-93.492,27.722],[-93.489,27.722],[-93.488,27.722],[-93.485,27.722],[-93.484,27.722],[-93.483,27.722],[-93.479,27.722],[-93.477,27.722],[-93.474,27.721],[-93.469,27.721],[-93.467,27.721],[-93.461,27.721],[-93.458,27.721],[-93.457,27.721],[-93.454,27.721],[-93.451,27.721],[-93.45,27.721],[-93.449,27.72],[-93.443,27.72],[-93.442,27.72],[-93.441,27.72],[-93.439,27.72],[-93.436,27.72],[-93.434,27.72],[-93.432,27.72],[-93.431,27.72],[-93.428,27.72],[-93.427,27.72],[-93.425,27.719],[-93.424,27.719],[-93.421,27.719],[-93.42,27.719],[-93.418,27.719],[-93.417,27.719],[-93.415,27.719],[-93.414,27.719],[-93.413,27.719],[-93.41,27.719],[-93.408,27.719],[-93.406,27.719],[-93.405,27.719],[-93.403,27.719],[-93.402,27.719],[-93.396,27.718],[-93.393,27.718],[-93.392,27.718],[-93.389,27.718],[-93.387,27.718],[-93.385,27.718],[-93.378,27.718],[-93.377,27.718],[-93.376,27.717],[-93.374,27.717],[-93.368,27.717],[-93.366,27.717],[-93.363,27.717],[-93.361,27.717],[-93.36,27.717],[-93.358,27.717],[-93.355,27.717],[-93.353,27.717],[-93.346,27.716],[-93.345,27.716],[-93.337,27.716],[-93.334,27.716],[-93.333,27.716],[-93.329,27.716],[-93.327,27.715],[-93.326,27.715],[-93.323,27.715],[-93.321,27.715],[-93.319,27.715],[-93.316,27.715],[-93.314,27.715],[-93.312,27.715],[-93.311,27.715],[-93.309,27.715],[-93.308,27.715],[-93.3,27.714],[-93.299,27.714],[-93.297,27.714],[-93.293,27.714],[-93.292,27.714],[-93.291,27.714],[-93.289,27.714],[-93.288,27.714],[-93.285,27.714],[-93.284,27.714],[-93.281,27.714],[-93.28,27.714],[-93.279,27.713],[-93.274,27.713],[-93.271,27.713],[-93.269,27.713],[-93.268,27.713],[-93.262,27.713],[-93.259,27.713],[-93.258,27.713],[-93.253,27.712],[-93.251,27.712],[-93.249,27.712],[-93.241,27.712],[-93.239,27.712],[-93.237,27.712],[-93.233,27.712],[-93.232,27.712],[-93.231,27.711],[-93.225,27.711],[-93.224,27.711],[-93.222,27.711],[-93.221,27.711],[-93.22,27.711],[-93.219,27.711],[-93.218,27.712],[-93.214,27.714],[-93.212,27.715],[-93.21,27.716],[-93.208,27.717],[-93.207,27.717],[-93.205,27.719],[-93.204,27.719],[-93.202,27.72],[-93.201,27.721],[-93.2,27.721],[-93.199,27.722],[-93.197,27.723],[-93.196,27.723],[-93.194,27.725],[-93.193,27.725],[-93.19,27.726],[-93.187,27.728],[-93.186,27.729],[-93.185,27.729],[-93.184,27.73],[-93.183,27.73],[-93.18,27.731],[-93.179,27.732],[-93.178,27.733],[-93.177,27.733],[-93.174,27.735],[-93.172,27.736],[-93.171,27.736],[-93.168,27.738],[-93.165,27.74],[-93.164,27.74],[-93.162,27.741],[-93.161,27.742],[-93.16,27.742],[-93.159,27.743],[-93.155,27.745],[-93.154,27.746],[-93.15,27.748],[-93.149,27.748],[-93.148,27.749],[-93.147,27.749],[-93.146,27.75],[-93.143,27.751],[-93.142,27.752],[-93.141,27.753],[-93.14,27.754],[-93.139,27.756],[-93.138,27.757],[-93.138,27.758],[-93.137,27.76],[-93.137,27.761],[-93.136,27.761],[-93.137,27.761]]}},{"type":"Feature","properties":{"name":"","operator":""},"geometry":{"type":"LineString","coordinates":[[113.919,22.136],[114.03,22.047],[114.093,21.921],[114.097,21.772],[114.132,21.698],[114.198,21.658],[114.825,21.644],[114.866,21.651],[115.325,21.625],[115.372,21.65],[115.69,21.568],[115.841,21.501],[116.113,21.457],[116.662,21.32],[116.747,21.344],[116.937,21.321],[117.145,21.201],[117.303,21.164],[117.559,21.039],[117.965,20.945],[118.246,21.012],[118.573,21.223],[119.133,21.18],[119.251,21.22]]}},{"type":"Feature","properties":{"name":"Denmark-Germany 1","operator":"Deutsche Telekom AG"},"geometry":{"type":"LineString","coordinates":[[7.276,53.77],[7.273,53.726],[7.273,53.724]]}},{"type":"Feature","properties":{"name":"TAT 10B EAST SECTION","operator":"Deutsche Telekom AG"},"geometry":{"type":"LineString","coordinates":[[7.272,53.724],[7.269,53.727],[7.236,53.758]]}},{"type":"Feature","properties":{"name":"UK-Germany 6","operator":"BT"},"geometry":{"type":"LineString","coordinates":[[7.282,53.668],[7.282,53.67],[7.283,53.673],[7.282,53.674],[7.282,53.676],[7.274,53.694],[7.272,53.698],[7.27,53.703],[7.269,53.705],[7.27,53.711],[7.269,53.712],[7.272,53.716],[7.273,53.716],[7.275,53.717],[7.276,53.718],[7.267,53.724],[7.201,53.781],[7.198,53.782]]}},{"type":"Feature","properties":{"name":"SEA-ME-WE3 SEG 10.4","operator":"Deutsche Telekom AG"},"geometry":{"type":"LineString","coordinates":[[7.282,53.668],[7.277,53.718],[7.276,53.726],[7.263,53.725],[7.202,53.753]]}},{"type":"Feature","properties":{"name":"Southeast Asia-Japan Cable","operator":""},"geometry":{"type":"LineString","coordinates":[[100.611,7.236],[101.415,7.395],[103.239,6.806],[104.76,5.381],[106.115,4.11]]}},{"type":"Feature","properties":{"name":"Southeast Asia-Japan Cable","operator":""},"geometry":{"type":"LineString","coordinates":[[114.543,4.75],[114.236,5.381],[113.104,6.741],[111.143,7.901]]}},{"type":"Feature","properties":{"name":"Southeast Asia-Japan Cable","operator":""},"geometry":{"type":"LineString","coordinates":[[120.622,14.066],[117.83,14.365]]}},{"type":"Feature","properties":{"name":"Southeast Asia-Japan Cable","operator":""},"geometry":{"type":"LineString","coordinates":[[118.474,16.184],[117.301,18.542],[115.241,21.146],[114.546,22.175],[114.502,22.184]]}},{"type":"Feature","properties":{"name":"Southeast Asia-Japan Cable","operator":""},"geometry":{"type":"LineString","coordinates":[[116.8,23.304],[118.663,21.197],[120.291,18.863]]}},{"type":"Feature","properties":{"name":"Southeast Asia-Japan Cable","operator":""},"geometry":{"type":"LineString","coordinates":[[139.96,34.971],[139.963,34.97],[139.987,34.966],[140.669,33.738],[140.339,32.556],[123.267,18.646],[122.278,19.56],[121.355,19.787],[120.498,19.228],[120.291,18.863],[119.268,17.046],[118.564,16.267],[118.474,16.184],[117.83,14.365],[116.741,12.774],[112.797,9.579],[111.143,7.901],[110.753,7.504],[108.051,5.233],[106.326,4.259],[106.115,4.11],[105.315,3.546],[105.315,2.757],[105.441,1.974],[105.183,1.499],[104.495,1.296],[104.012,1.243],[103.828,1.162],[103.559,1.121],[103.561,1.194],[103.601,1.295]]}},{"type":"Feature","properties":{"name":"","operator":""},"geometry":{"type":"LineString","coordinates":[[-125.17,50.046],[-125.075,50.069]]}},{"type":"Feature","properties":{"name":"","operator":""},"geometry":{"type":"LineString","coordinates":[[120.652,22.27],[120.637,22.258],[120.563,22.019],[120.554,21.913],[120.621,21.75],[120.922,21.328],[121.136,21.203],[121.167,21.128],[121.176,20.747],[121.217,20.672],[121.283,20.625]]}},{"type":"Feature","properties":{"name":"","operator":""},"geometry":{"type":"LineString","coordinates":[[121.283,20.625],[121.325,20.64],[121.329,20.686],[121.354,20.722],[121.453,20.785],[121.656,21.073],[121.693,21.177],[121.694,21.25],[121.72,21.314],[121.796,21.42],[121.946,21.543],[121.97,21.578],[122.024,21.566],[122.179,21.658],[122.402,21.905],[122.605,22.073],[122.889,22.187],[123.085,22.304],[123.238,22.455],[123.478,22.602],[123.517,22.646],[123.543,22.701],[123.554,22.763],[123.541,22.853],[123.639,23.209],[123.51,23.521],[123.618,23.745],[123.611,23.794],[123.469,23.965],[123.277,24.136],[123.262,24.26],[123.339,24.442],[123.364,24.537],[123.419,24.624],[123.445,24.682],[123.458,24.732],[123.45,24.775],[123.424,24.815],[123.394,24.829],[123.371,24.822]]}},{"type":"Feature","properties":{"name":"","operator":""},"geometry":{"type":"LineString","coordinates":[[121.415,25.188],[121.414,25.188],[121.394,25.225],[121.39,25.244],[121.394,25.25],[121.42,25.255],[121.475,25.397],[121.524,25.454],[121.54,25.459],[121.807,25.369],[122.211,25.172],[122.266,25.19],[122.472,25.164],[122.548,25.125],[122.629,25.111],[122.678,25.086],[122.75,25.006],[122.801,24.981],[122.884,24.867],[123.073,24.843],[123.244,24.787],[123.272,24.787],[123.371,24.822]]}},{"type":"Feature","properties":{"name":"","operator":""},"geometry":{"type":"LineString","coordinates":[[113.826,22.126],[113.826,22.119],[113.837,22.112],[113.867,22.108],[113.896,22.106],[113.906,22.107],[113.922,22.107],[113.941,22.082],[113.995,22.082],[113.998,22.08],[114.017,22.08],[114.02,22.082],[114.025,22.082],[114.038,22.093]]}},{"type":"Feature","properties":{"name":"C-Lion 1","operator":"Cinia"},"geometry":{"type":"LineString","coordinates":[[25.049,60.138],[25.044,60.13],[25.116,60.12],[25.134,60.107],[25.151,60.104],[25.162,60.096],[25.204,60.031],[25.225,60.019],[25.24,59.967],[25.282,59.943],[25.283,59.936],[25.27,59.928],[25.139,59.923],[25.127,59.918],[25.109,59.897],[25.07,59.9],[25.002,59.893],[24.981,59.887],[24.964,59.876],[24.914,59.868],[24.813,59.843],[24.779,59.845],[24.763,59.842],[24.647,59.805],[24.615,59.799],[24.559,59.778],[24.521,59.771],[24.471,59.77],[24.433,59.76],[24.409,59.745],[24.371,59.743],[24.347,59.735],[24.331,59.734],[24.25,59.704],[24.127,59.672],[24.007,59.652],[23.978,59.65],[23.808,59.622],[23.728,59.616],[23.63,59.601],[23.602,59.601],[23.496,59.578],[23.487,59.575],[23.414,59.564],[23.369,59.563],[23.282,59.553],[23.196,59.536],[23.148,59.532],[23.119,59.521],[23.086,59.521],[22.964,59.503],[22.929,59.495],[22.823,59.486],[22.677,59.463],[22.575,59.455],[22.525,59.447],[22.433,59.423],[22.344,59.416],[22.279,59.399],[22.142,59.385],[22.104,59.374],[22.019,59.365],[21.994,59.354],[21.921,59.344],[21.815,59.32],[21.683,59.299],[21.563,59.27],[21.501,59.269],[21.289,59.227],[21.194,59.219],[21.166,59.208],[21.132,59.206],[21.103,59.188],[21.083,59.154],[21.031,59.12],[20.999,59.108],[20.963,59.085],[20.86,59.034],[20.845,59.032],[20.82,59.036],[20.81,59.034],[20.733,58.982],[20.694,58.972],[20.672,58.958],[20.537,58.905],[20.47,58.865],[20.462,58.86],[20.455,58.854],[20.453,58.851],[20.44,58.839],[20.432,58.832],[20.421,58.827],[20.413,58.821],[20.402,58.815],[20.376,58.798],[20.359,58.785],[20.333,58.752],[20.326,58.737],[20.324,58.73],[20.323,58.719],[20.321,58.714],[20.314,58.706],[20.311,58.7],[20.295,58.688],[20.289,58.684],[20.271,58.67],[20.265,58.662],[20.256,58.656],[20.251,58.649],[20.246,58.643],[20.238,58.632],[20.23,58.62],[20.217,58.602],[20.199,58.574],[20.194,58.557],[20.182,58.522],[20.179,58.516],[20.173,58.507],[20.169,58.502],[20.163,58.496],[20.154,58.481],[20.143,58.466],[20.132,58.454],[20.124,58.449],[20.116,58.446],[20.106,58.44],[20.094,58.435],[20.087,58.43],[20.086,58.428],[20.082,58.423],[20.076,58.417],[20.063,58.402],[20.056,58.391],[20.049,58.383],[20.04,58.37],[20.03,58.356],[20.017,58.338],[20.013,58.326],[20.011,58.318],[20.007,58.311],[20.001,58.305],[19.994,58.299],[19.991,58.294],[19.98,58.281],[19.975,58.276],[19.971,58.27],[19.954,58.238],[19.919,58.181],[19.871,58.09],[19.853,58.066],[19.816,58.009],[19.761,57.927],[19.727,57.89],[19.709,57.871],[19.696,57.857],[19.688,57.849],[19.651,57.801],[19.644,57.794],[19.626,57.753],[19.613,57.73],[19.6,57.712],[19.59,57.699],[19.56,57.659],[19.546,57.643],[19.533,57.615],[19.525,57.598],[19.488,57.531],[19.48,57.52],[19.462,57.506],[19.451,57.5],[19.438,57.491],[19.433,57.486],[19.424,57.478],[19.417,57.461],[19.412,57.451],[19.406,57.441],[19.391,57.419],[19.375,57.393],[19.361,57.374],[19.354,57.363],[19.345,57.348],[19.331,57.33],[19.294,57.275],[19.263,57.232],[19.209,57.152],[19.155,57.075],[19.116,57.015],[19.067,56.943],[19.004,56.847],[18.986,56.819],[18.974,56.802],[18.96,56.784],[18.945,56.763],[18.923,56.731],[18.915,56.721],[18.911,56.714],[18.902,56.703],[18.898,56.694],[18.889,56.682],[18.884,56.675],[18.861,56.643],[18.85,56.632],[18.841,56.62],[18.832,56.604],[18.822,56.585],[18.8,56.557],[18.789,56.538],[18.78,56.531],[18.739,56.503],[18.722,56.487],[18.707,56.476],[18.697,56.465],[18.683,56.45],[18.672,56.439],[18.656,56.423],[18.645,56.414],[18.629,56.399],[18.61,56.383],[18.59,56.367],[18.571,56.352],[18.564,56.346],[18.512,56.334],[18.451,56.322],[18.213,56.274],[18.106,56.253],[17.873,56.175],[17.843,56.164],[17.784,56.142],[17.645,56.092],[17.601,56.077],[17.482,56.035],[17.26,55.955],[17.216,55.939],[17.159,55.92],[17.084,55.893],[16.996,55.86],[16.918,55.831],[16.707,55.755],[16.631,55.728],[16.522,55.689],[16.517,55.688],[16.504,55.686],[16.427,55.672],[16.283,55.646],[16.126,55.618],[16.004,55.596],[15.938,55.585],[15.872,55.574],[15.82,55.564],[15.773,55.557],[15.712,55.546],[15.662,55.538],[15.616,55.53],[15.552,55.518],[15.472,55.506],[15.435,55.5],[15.379,55.491],[15.291,55.474],[15.234,55.465],[15.187,55.452],[15.157,55.443],[15.104,55.437],[15.02,55.427],[14.812,55.391],[14.698,55.337],[14.61,55.313],[14.509,55.237],[14.453,55.2],[14.431,55.185],[14.409,55.169],[14.356,55.131],[14.336,55.116],[14.322,55.106],[14.302,55.091],[14.285,55.078],[14.153,54.98],[14.021,54.949],[13.955,54.937],[13.923,54.931],[13.899,54.927],[13.873,54.923],[13.849,54.919],[13.818,54.913],[13.798,54.91],[13.76,54.903],[13.716,54.895],[13.699,54.892],[13.687,54.889],[13.67,54.887],[13.635,54.887],[13.613,54.887],[13.591,54.885],[13.554,54.879],[13.533,54.877],[13.529,54.877],[13.525,54.877],[13.52,54.878],[13.516,54.88],[13.512,54.881],[13.499,54.891],[13.484,54.902],[13.48,54.904],[13.476,54.906],[13.452,54.925],[13.443,54.932],[13.429,54.943],[13.419,54.946],[13.409,54.949],[13.389,54.95],[13.372,54.949],[13.36,54.947],[13.339,54.946],[13.301,54.943],[13.213,54.93],[13.154,54.922],[13.115,54.917],[13.099,54.914],[13.092,54.914],[13.087,54.914],[13.075,54.915],[13.07,54.916],[13.049,54.921],[13.026,54.928],[13.02,54.929],[13.006,54.934],[12.988,54.938],[12.987,54.938],[12.979,54.936],[12.969,54.933],[12.91,54.915],[12.893,54.909],[12.837,54.892],[12.775,54.873],[12.679,54.844],[12.631,54.826],[12.577,54.806],[12.49,54.774],[12.443,54.757],[12.415,54.746],[12.366,54.728],[12.292,54.7],[12.205,54.668],[12.181,54.659],[12.159,54.647],[12.158,54.646],[12.153,54.629],[12.151,54.579],[12.151,54.566],[12.145,54.546],[12.144,54.544],[12.136,54.537],[12.126,54.528],[12.108,54.516],[12.095,54.507],[12.081,54.494],[12.076,54.489],[12.065,54.482],[12.036,54.472],[12.029,54.469],[12.025,54.467],[12.024,54.463],[12.04,54.436],[12.044,54.429],[12.051,54.417],[12.057,54.408],[12.058,54.405],[12.061,54.4],[12.063,54.396],[12.065,54.393],[12.066,54.391],[12.067,54.389],[12.07,54.382],[12.072,54.376],[12.073,54.375],[12.075,54.369],[12.076,54.365],[12.077,54.363],[12.079,54.358],[12.08,54.355],[12.081,54.35],[12.083,54.345],[12.083,54.344],[12.082,54.343],[12.081,54.341],[12.071,54.336],[12.069,54.335],[12.067,54.334],[12.066,54.332],[12.066,54.329],[12.067,54.325],[12.069,54.319],[12.071,54.314],[12.074,54.309],[12.079,54.296],[12.083,54.287],[12.086,54.279],[12.091,54.266],[12.096,54.255],[12.099,54.245],[12.105,54.232],[12.109,54.221],[12.112,54.217],[12.117,54.206],[12.119,54.203],[12.122,54.201],[12.126,54.199],[12.135,54.195],[12.138,54.194]]}},{"type":"Feature","properties":{"name":"Sweden-Latvia","operator":"LVRTC"},"geometry":{"type":"LineString","coordinates":[[19.033,57.831],[19.047,57.825],[19.081,57.812],[19.119,57.797],[19.123,57.796],[19.13,57.795],[19.255,57.781],[19.517,57.754],[19.602,57.744],[19.669,57.737],[19.781,57.725],[19.907,57.712],[20.123,57.689],[20.193,57.681],[20.295,57.67],[20.392,57.66],[20.57,57.641],[20.644,57.633],[20.786,57.617],[20.803,57.615],[20.839,57.611],[20.908,57.602],[20.957,57.596],[20.99,57.591],[21.029,57.586],[21.098,57.578],[21.143,57.572],[21.218,57.562],[21.287,57.553],[21.32,57.548],[21.381,57.542],[21.47,57.532],[21.505,57.527],[21.515,57.518],[21.523,57.509],[21.545,57.488],[21.593,57.441]]}},{"type":"Feature","properties":{"name":"Latvia-Sweden 1 (LV-SE 1)","operator":"Tele2 (SE), Tet (LV)"},"geometry":{"type":"LineString","coordinates":[[21.594,57.441],[21.583,57.464],[21.549,57.537],[21.543,57.551],[21.452,57.63],[21.419,57.658],[21.393,57.68],[21.304,57.736],[21.243,57.774],[21.212,57.794],[21.204,57.798],[21.158,57.821],[21.095,57.852],[21.032,57.884],[21.028,57.886],[21.027,57.887],[20.978,57.936],[20.95,57.963],[20.864,58.0],[20.783,58.034],[20.726,58.058],[20.656,58.088],[20.57,58.124],[20.503,58.153],[20.458,58.172],[20.392,58.194],[20.294,58.228],[20.192,58.262],[20.127,58.285],[20.034,58.316],[19.961,58.341],[19.936,58.349],[19.856,58.377],[19.766,58.407],[19.649,58.447],[19.513,58.493],[19.386,58.555],[19.32,58.588],[19.268,58.613],[19.146,58.652],[19.061,58.679],[18.989,58.701],[18.807,58.741],[18.619,58.783],[18.443,58.779],[18.224,58.775],[18.169,58.775],[18.147,58.776],[18.129,58.778],[18.085,58.784],[18.056,58.788],[18.031,58.79],[18.009,58.788],[17.981,58.781],[17.961,58.777],[17.954,58.777],[17.949,58.778],[17.939,58.783],[17.918,58.793],[17.912,58.804],[17.907,58.814],[17.905,58.821],[17.905,58.828]]}},{"type":"Feature","properties":{"name":"Baltica","operator":"Arelion, Orange Polska, Slovak Telekom, TDC Group, Telenor, Ukrtelecom"},"geometry":{"type":"LineString","coordinates":[[14.966,55.004],[14.971,54.997],[15.538,54.182]]}},{"type":"Feature","properties":{"name":"Aarhus-Kalundborg","operator":"Telia Denmark"},"geometry":{"type":"LineString","coordinates":[[11.011,55.74],[11.012,55.742],[11.011,55.745],[11.026,55.825],[11.028,55.87],[11.039,55.916],[11.035,55.947],[11.025,55.96],[10.968,55.98],[10.839,55.986],[10.774,56.007],[10.639,56.049],[10.535,56.071],[10.501,56.071],[10.493,56.077],[10.438,56.114],[10.354,56.146],[10.318,56.159],[10.316,56.17],[10.298,56.173],[10.273,56.189],[10.242,56.181]]}},{"type":"Feature","properties":{"name":"Ellekilde Hage-Viken","operator":"Telia Denmark"},"geometry":{"type":"LineString","coordinates":[[12.489,56.093],[12.494,56.098],[12.575,56.134],[12.588,56.134]]}},{"type":"Feature","properties":{"name":"Baltica","operator":"Arelion, Orange Polska, Slovak Telekom, TDC Group, Telenor, Ukrtelecom"},"geometry":{"type":"LineString","coordinates":[[13.768,55.426],[13.778,55.403],[13.781,55.358],[13.918,55.276],[14.702,55.148]]}},{"type":"Feature","properties":{"name":"Great Belt 1","operator":"Arelion"},"geometry":{"type":"LineString","coordinates":[[10.816,55.325],[10.877,55.338],[10.92,55.352],[11.089,55.356]]}},{"type":"Feature","properties":{"name":"Scandinavian Ring North","operator":"Arelion"},"geometry":{"type":"LineString","coordinates":[[12.613,56.044],[12.617,56.048],[12.668,56.063],[12.678,56.063]]}},{"type":"Feature","properties":{"name":"BCS East-West Interlink","operator":"Arelion"},"geometry":{"type":"LineString","coordinates":[[18.861,57.393],[19.085,57.228],[19.135,57.219],[19.177,57.205],[19.197,57.193],[19.227,57.127],[20.698,56.022],[21.07,56.023]]}},{"type":"Feature","properties":{"name":"Great Belt 2","operator":"Telia Denmark"},"geometry":{"type":"LineString","coordinates":[[10.75,55.4],[10.895,55.457],[10.931,55.482],[11.037,55.65]]}},{"type":"Feature","properties":{"name":"Hou-Sælvig","operator":"Arelion"},"geometry":{"type":"LineString","coordinates":[[10.264,55.937],[10.344,55.932],[10.387,55.917],[10.401,55.911],[10.516,55.893],[10.529,55.891],[10.544,55.877],[10.555,55.877],[10.568,55.873],[10.568,55.868]]}},{"type":"Feature","properties":{"name":"BCS East","operator":"Arelion"},"geometry":{"type":"LineString","coordinates":[[21.008,56.575],[20.974,56.588],[20.916,56.599],[20.847,56.6],[20.8,56.597],[20.773,56.588],[20.721,56.554],[20.686,56.504],[20.668,56.449],[20.673,56.314],[20.699,56.13],[20.845,56.029],[21.07,56.025]]}},{"type":"Feature","properties":{"name":"Scandinavian Ring South","operator":"Arelion"},"geometry":{"type":"LineString","coordinates":[[12.677,55.588],[12.69,55.582],[12.71,55.583],[12.797,55.552],[12.853,55.545],[12.86,55.543],[12.908,55.543]]}},{"type":"Feature","properties":{"name":"Fehmarn Belt","operator":"Arelion"},"geometry":{"type":"LineString","coordinates":[[11.207,54.51],[11.299,54.642],[11.338,54.657]]}},{"type":"Feature","properties":{"name":"Ballen-Røsnæs","operator":"Arelion"},"geometry":{"type":"LineString","coordinates":[[10.639,55.79],[10.648,55.787],[10.816,55.761],[10.819,55.761],[10.857,55.754],[10.872,55.751],[10.874,55.749],[10.877,55.744]]}},{"type":"Feature","properties":{"name":"","operator":"CHT"},"geometry":{"type":"LineString","coordinates":[[121.831,24.854],[121.848,24.849],[121.854,24.852],[121.86,24.852],[121.872,24.846],[121.928,24.774],[121.962,24.74],[122.011,24.716],[122.071,24.694],[122.114,24.688],[122.133,24.683],[122.138,24.684],[122.138,24.68],[122.162,24.665],[122.185,24.66],[122.199,24.644],[122.316,24.599],[122.486,24.564],[122.509,24.546],[122.545,24.456],[122.584,24.44],[122.64,24.43],[122.659,24.43],[122.669,24.428],[122.68,24.423],[122.687,24.415],[122.698,24.386],[122.721,24.353],[122.738,24.302],[122.766,24.288],[122.778,24.273],[122.798,24.264],[122.985,24.11],[123.194,23.978],[123.364,23.919],[123.558,23.893],[123.607,23.87],[123.716,23.786],[123.713,23.767],[123.704,23.752],[123.715,23.766],[123.731,23.775],[123.745,23.765],[124.006,23.562],[124.18,23.464],[124.683,23.301],[125.175,22.932],[125.543,22.571],[125.821,22.087],[126.035,21.912],[126.292,21.811],[126.452,21.732],[126.462,21.705],[126.459,21.674]]}},{"type":"Feature","properties":{"name":"Saudi Arabia-Sudan-1 (SAS-1)","operator":""},"geometry":{"type":"LineString","coordinates":[[37.244,19.65],[37.589,20.13],[38.099,20.655],[39.153,21.459]]}},{"type":"Feature","properties":{"name":"Epic Malta-Sicily Cable System (EMSCS)","operator":""},"geometry":{"type":"LineString","coordinates":[[14.496,35.921],[15.075,35.922],[15.527,36.15],[15.919,36.873],[15.751,37.233],[15.101,37.499]]}},{"type":"Feature","properties":{"name":"Lynn Canal Fiber","operator":""},"geometry":{"type":"LineString","coordinates":[[-135.335,59.456],[-135.342,59.453],[-135.36,59.42],[-135.394,59.29],[-135.404,59.284],[-135.445,59.284],[-135.455,59.28],[-135.445,59.28],[-135.431,59.276],[-135.372,59.246],[-135.273,59.092],[-135.236,59.015],[-135.144,58.752],[-134.982,58.565],[-134.898,58.487],[-134.77,58.395]]}},{"type":"Feature","properties":{"name":"Balalink","operator":""},"geometry":{"type":"LineString","coordinates":[[-0.28,39.447],[0.446,39.35],[2.245,39.351],[2.405,39.319],[2.611,39.538]]}},{"type":"Feature","properties":{"name":"Flores-Corvo Cable System","operator":""},"geometry":{"type":"LineString","coordinates":[[-27.96,39.012],[-27.959,39.011],[-27.965,39.007],[-28.124,38.915],[-28.802,39.003],[-31.106,39.673],[-31.11,39.672],[-31.107,39.672],[-31.108,39.566],[-31.127,39.464],[-31.128,39.463],[-31.126,39.463],[-30.599,39.352],[-29.7,38.65],[-28.801,38.387],[-28.647,38.514],[-28.634,38.522],[-28.627,38.525]]}},{"type":"Feature","properties":{"name":"Turcyos-2","operator":""},"geometry":{"type":"LineString","coordinates":[[33.932,35.282],[34.2,35.236],[34.877,35.42],[35.55,35.786],[35.956,36.054]]}},{"type":"Feature","properties":{"name":"Sam-1","operator":""},"geometry":{"type":"LineString","coordinates":[[-66.019,18.445],[-66.017,18.448]]}},{"type":"Feature","properties":{"name":"Maya-1","operator":""},"geometry":{"type":"LineString","coordinates":[[-66.019,18.445],[-66.017,18.448]]}},{"type":"Feature","properties":{"name":"Arcos-1","operator":""},"geometry":{"type":"LineString","coordinates":[[-66.02,18.445],[-66.018,18.448]]}},{"type":"Feature","properties":{"name":"Taino-Carib-1","operator":""},"geometry":{"type":"LineString","coordinates":[[-66.022,18.445],[-66.024,18.448]]}},{"type":"Feature","properties":{"name":"Antillas-2","operator":""},"geometry":{"type":"LineString","coordinates":[[-66.02,18.445],[-66.018,18.448]]}},{"type":"Feature","properties":{"name":"Antillas-1","operator":""},"geometry":{"type":"LineString","coordinates":[[-66.021,18.445],[-66.019,18.448]]}},{"type":"Feature","properties":{"name":"Eastern Caribbean","operator":""},"geometry":{"type":"LineString","coordinates":[[-66.022,18.445],[-66.022,18.448]]}},{"type":"Feature","properties":{"name":"Americas-1","operator":""},"geometry":{"type":"LineString","coordinates":[[-66.022,18.445],[-66.024,18.448]]}},{"type":"Feature","properties":{"name":"Sint Maarten Puerto Rico Network One (SMPR-1)","operator":""},"geometry":{"type":"LineString","coordinates":[[-66.021,18.444],[-66.021,18.445],[-66.007,18.479],[-65.7,18.678],[-65.249,18.892],[-64.321,18.795],[-63.899,18.678],[-63.183,18.091],[-63.158,18.059],[-63.145,18.059],[-63.145,18.055],[-63.144,18.048],[-63.134,18.039],[-63.12,18.028],[-63.078,18.012],[-63.061,18.008],[-63.056,18.013],[-63.058,18.019],[-63.06,18.02]]}},{"type":"Feature","properties":{"name":"Gondwana-1","operator":""},"geometry":{"type":"LineString","coordinates":[[167.149,-20.784],[166.844,-20.909],[166.505,-20.731],[166.489,-20.706],[166.473,-20.727],[166.019,-20.913],[165.374,-20.908],[165.335,-20.937]]}},{"type":"Feature","properties":{"name":"Gondwana-1","operator":""},"geometry":{"type":"LineString","coordinates":[[151.304,-33.713],[154.83,-32.222],[157.478,-28.719],[165.553,-22.695],[166.458,-22.35],[166.468,-22.286]]}},{"type":"Feature","properties":{"name":"IRIS","operator":""},"geometry":{"type":"LineString","coordinates":[[-9.018,53.27],[-9.032,53.26],[-9.045,53.248],[-9.503,53.16],[-10.588,53.213],[-10.822,53.259],[-11.843,54.034],[-12.502,55.141],[-12.459,56.981],[-12.524,58.54],[-13.579,59.456],[-18.347,60.37],[-21.27,60.898],[-22.654,63.005],[-22.203,63.573],[-21.344,63.816],[-21.292,63.844],[-21.353,63.869]]}},{"type":"Feature","properties":{"name":"Seabras-1","operator":""},"geometry":{"type":"LineString","coordinates":[[-74.007,40.192],[-64.995,32.528],[-35.464,1.099],[-32.212,-20.18],[-42.188,-26.588],[-46.318,-24.167],[-46.425,-24.046],[-46.421,-24.018]]}},{"type":"Feature","properties":{"name":"FLY-LION3","operator":""},"geometry":{"type":"LineString","coordinates":[[45.223,-12.79],[45.223,-12.791],[45.222,-12.791],[45.223,-12.791],[45.223,-12.792],[45.225,-12.794],[45.227,-12.801],[45.226,-12.806],[45.226,-12.807],[45.226,-12.81],[45.225,-12.815],[45.224,-12.818],[45.224,-12.819],[45.224,-12.822],[45.224,-12.828],[45.224,-12.829],[45.225,-12.83],[45.226,-12.832],[45.227,-12.832],[45.227,-12.833],[45.227,-12.834],[45.227,-12.836],[45.226,-12.84],[45.226,-12.843],[45.225,-12.845],[45.226,-12.847],[45.227,-12.849],[45.227,-12.85],[45.227,-12.854],[45.228,-12.855],[45.229,-12.858],[45.229,-12.86],[45.229,-12.864],[45.229,-12.869],[45.229,-12.873],[45.229,-12.875],[45.229,-12.876],[45.229,-12.878],[45.23,-12.881],[45.231,-12.882],[45.232,-12.884],[45.233,-12.885],[45.236,-12.886],[45.237,-12.887],[45.24,-12.888],[45.246,-12.889],[45.247,-12.889],[45.252,-12.89],[45.258,-12.892],[45.26,-12.893],[45.262,-12.894],[45.269,-12.898],[45.273,-12.9],[45.274,-12.901],[45.275,-12.903],[45.277,-12.902],[45.279,-12.902],[45.305,-12.916],[45.311,-12.92],[45.327,-12.931],[45.331,-12.935],[45.335,-12.939],[45.343,-12.949],[45.348,-12.962],[45.361,-12.998],[45.359,-13.021],[45.339,-13.068],[45.336,-13.073],[45.332,-13.08],[45.31,-13.1],[45.297,-13.11],[45.287,-13.117],[45.28,-13.12],[45.194,-13.14],[45.175,-13.144],[45.172,-13.145],[45.168,-13.145],[45.159,-13.146],[45.102,-13.143],[45.01,-13.138],[44.916,-13.133],[44.883,-13.13],[44.83,-13.124],[44.791,-13.119],[44.758,-13.115],[44.665,-13.105],[44.645,-13.102],[44.63,-13.1],[44.612,-13.097],[44.589,-13.093],[44.549,-13.084],[44.53,-13.08],[44.521,-13.077],[44.516,-13.076],[44.497,-13.071],[44.488,-13.068],[44.457,-13.057],[44.406,-13.036],[44.16,-12.934],[44.075,-12.898],[44.034,-12.883],[43.913,-12.832],[43.828,-12.796],[43.726,-12.755],[43.72,-12.752],[43.708,-12.747],[43.696,-12.741],[43.655,-12.717],[43.516,-12.637],[43.496,-12.624],[43.469,-12.604],[43.437,-12.575],[43.417,-12.558],[43.406,-12.548],[43.374,-12.517],[43.351,-12.49],[43.336,-12.47],[43.325,-12.457],[43.313,-12.43],[43.281,-12.356],[43.271,-12.325],[43.269,-12.319],[43.212,-12.126],[43.206,-12.109],[43.2,-12.093],[43.189,-12.071],[43.182,-12.056],[43.176,-12.037],[43.171,-12.02],[43.168,-12.003],[43.167,-11.995],[43.166,-11.965],[43.164,-11.945],[43.164,-11.937],[43.161,-11.919],[43.16,-11.909],[43.159,-11.893],[43.158,-11.88],[43.16,-11.871],[43.165,-11.858],[43.178,-11.831],[43.182,-11.825],[43.183,-11.824],[43.184,-11.82],[43.187,-11.809],[43.187,-11.804],[43.187,-11.801],[43.185,-11.782],[43.182,-11.755],[43.18,-11.744],[43.18,-11.741],[43.18,-11.735],[43.181,-11.73],[43.183,-11.724],[43.184,-11.72],[43.188,-11.714],[43.192,-11.709],[43.194,-11.707],[43.198,-11.703],[43.205,-11.698],[43.21,-11.694],[43.227,-11.685],[43.23,-11.684],[43.233,-11.683],[43.249,-11.677],[43.254,-11.676],[43.256,-11.675],[43.258,-11.675],[43.259,-11.674],[43.26,-11.674],[43.26,-11.673],[43.261,-11.673],[43.262,-11.673],[43.263,-11.673],[43.264,-11.673],[43.265,-11.674],[43.266,-11.675]]}},{"type":"Feature","properties":{"name":"Baltika (Kingisepp - Kaliningrad)","operator":"Rostelecom"},"geometry":{"type":"LineString","coordinates":[[20.608,55.359],[20.633,55.35],[20.648,55.345],[20.656,55.328],[20.645,55.305],[20.637,55.294],[20.611,55.24],[20.581,55.191],[20.578,55.187],[20.564,55.157],[20.538,55.115],[20.51,55.065],[20.512,55.058],[20.481,55.007],[20.458,54.982],[20.454,54.977],[20.446,54.967],[20.443,54.964],[20.438,54.954],[20.438,54.951]]}},{"type":"Feature","properties":{"name":"Baltika (Kingisepp - Kaliningrad)","operator":"Rostelecom"},"geometry":{"type":"LineString","coordinates":[[28.076,59.517],[28.03,59.52],[28.001,59.523],[27.994,59.524],[27.98,59.527],[27.955,59.53],[27.886,59.542],[27.827,59.557],[27.825,59.558],[27.719,59.586],[27.658,59.602],[27.634,59.607],[27.568,59.622],[27.517,59.63],[27.455,59.643],[27.428,59.649],[27.37,59.659],[27.229,59.677],[27.199,59.681],[27.185,59.683],[27.148,59.689],[27.128,59.692],[27.064,59.698],[26.936,59.716],[26.894,59.735],[26.877,59.744],[26.858,59.755],[26.72,59.824],[26.637,59.867],[26.626,59.873],[26.595,59.89],[26.504,59.931],[26.475,59.947]]}},{"type":"Feature","properties":{"name":"","operator":""},"geometry":{"type":"LineString","coordinates":[[28.473,61.327],[28.472,61.327],[28.47,61.329],[28.469,61.33]]}},{"type":"Feature","properties":{"name":"","operator":"Telstra"},"geometry":{"type":"LineString","coordinates":[[151.247,-33.807],[151.248,-33.806],[151.252,-33.807]]}}]}