{"type":"FeatureCollection","properties":{"v":3,"id":"chi","name":"ลุ่มน้ำชีตอนล่าง (ร้อยเอ็ด–ยโสธร)","aoi":[102.9,15.5,104.6,16.5],"date":"2026-10-02","dates":["2026-10-02","2026-09-29"],"baseline_years":3,"has_seasonal":true,"totals":{"flood_high":0.0,"flood_low":2.7,"seasonal":47.0},"provinces":[{"name":"กาฬสินธุ์","zone":"th-ne","flood_high":0.0,"flood_low":0.8,"seasonal":3.3},{"name":"ร้อยเอ็ด","zone":"th-ne","flood_high":0.0,"flood_low":0.7,"seasonal":16.7},{"name":"มหาสารคาม","zone":"th-ne","flood_high":0.0,"flood_low":0.6,"seasonal":12.5},{"name":"ยโสธร","zone":"th-ne","flood_high":0.0,"flood_low":0.4,"seasonal":10.6},{"name":"อุบลราชธานี","zone":"th-ne","flood_high":0.0,"flood_low":0.1,"seasonal":0.1},{"name":"มุกดาหาร","zone":"th-ne","flood_high":0.0,"flood_low":0.0,"seasonal":1.7},{"name":"อำนาจเจริญ","zone":"th-ne","flood_high":0.0,"flood_low":0.0,"seasonal":1.5},{"name":"บุรีรัมย์","zone":"th-ne","flood_high":0.0,"flood_low":0.0,"seasonal":0.3},{"name":"ขอนแก่น","zone":"th-ne","flood_high":0.0,"flood_low":0.0,"seasonal":0.1}],"scenes":{"2026-10-02":2,"2026-09-29":2},"baseline_dates":["2025-10-07","2024-10-07","2023-10-08"],"threshold_db":-15.0,"auto":true,"source":"Sentinel-1 RTC (Copernicus/ESA) via Microsoft Planetary Computer; JRC Global Surface Water; Copernicus DEM","method":"ChatGeo v3: Otsu threshold on VV dB; minus JRC permanent water and slope > 5 deg; unusual = water not present in most of the previous 3 years (same season)","added":"2026-10-07T16:28+07:00"},"features":[{"type":"Feature","properties":{"kind":"flood","area_km2":0.31,"conf":"low","date":"2026-10-02"},"geometry":{"type":"Polygon","coordinates":[[[103.4992,16.3463],[103.4992,16.3457],[103.4998,16.3455],[103.4998,16.3438],[103.5003,16.3436],[103.5003,16.3425],[103.4992,16.3422],[103.5009,16.3419],[103.5012,16.3409],[103.502,16.3409],[103.5023,16.3414],[103.5043,16.3412],[103.5046,16.3398],[103.5068,16.3401],[103.5068,16.3412],[103.5074,16.3415],[103.5076,16.3431],[103.5046,16.3428],[103.5043,16.3444],[103.5026,16.3447],[103.5006,16.3463],[103.4992,16.3463]]]}},{"type":"Feature","properties":{"kind":"flood","area_km2":0.174,"conf":"low","date":"2026-10-02"},"geometry":{"type":"Polygon","coordinates":[[[103.3703,16.4093],[103.3704,16.4085],[103.3695,16.4077],[103.3675,16.4077],[103.367,16.4085],[103.3673,16.4071],[103.3687,16.406],[103.369,16.4039],[103.3707,16.4044],[103.3712,16.4033],[103.374,16.4031],[103.374,16.4039],[103.3738,16.4039],[103.3738,16.4044],[103.3735,16.4044],[103.3735,16.405],[103.3721,16.4047],[103.3718,16.4063],[103.3712,16.4058],[103.3701,16.4063],[103.3704,16.4074],[103.3709,16.4077],[103.3709,16.409],[103.3703,16.4093]],[[103.3726,16.4044],[103.3735,16.4044],[103.3735,16.4036],[103.3726,16.4036],[103.3726,16.4044]]]}},{"type":"Feature","properties":{"kind":"flood","area_km2":0.163,"conf":"low","date":"2026-10-02"},"geometry":{"type":"Polygon","coordinates":[[[103.4881,16.1832],[103.4887,16.1811],[103.4878,16.1805],[103.4878,16.1795],[103.4887,16.1792],[103.4887,16.1781],[103.4879,16.177],[103.487,16.1767],[103.4867,16.1751],[103.4876,16.174],[103.4887,16.174],[103.4896,16.1732],[103.4896,16.1727],[103.4904,16.1727],[103.4904,16.1743],[103.4895,16.1751],[103.4881,16.1748],[103.4876,16.1754],[103.4879,16.1762],[103.4887,16.1765],[103.4887,16.1776],[103.4898,16.1778],[103.4898,16.1789],[103.4904,16.1789],[103.4892,16.18],[103.4892,16.183],[103.4881,16.1832]]]}},{"type":"Feature","properties":{"kind":"flood","area_km2":0.162,"conf":"low","date":"2026-09-29"},"geometry":{"type":"Polygon","coordinates":[[[104.3432,15.8128],[104.3437,15.8115],[104.3432,15.8098],[104.3407,15.8098],[104.3404,15.8087],[104.3432,15.8085],[104.3432,15.8096],[104.344,15.8096],[104.3443,15.8087],[104.3454,15.8088],[104.3452,15.8071],[104.3466,15.8071],[104.3468,15.8077],[104.3474,15.8077],[104.3474,15.8085],[104.3468,15.809],[104.3457,15.809],[104.3451,15.8117],[104.344,15.8128],[104.3432,15.8128]]]}},{"type":"Feature","properties":{"kind":"flood","area_km2":0.117,"conf":"low","date":"2026-10-02"},"geometry":{"type":"Polygon","coordinates":[[[103.3951,16.0283],[103.3923,16.028],[103.3909,16.0269],[103.3909,16.025],[103.3914,16.0245],[103.3923,16.0245],[103.3928,16.0256],[103.394,16.0259],[103.3948,16.0267],[103.3951,16.0283]]]}},{"type":"Feature","properties":{"kind":"flood","area_km2":0.099,"conf":"low","date":"2026-10-02"},"geometry":{"type":"Polygon","coordinates":[[[103.9821,16.2627],[103.9818,16.2616],[103.9804,16.2616],[103.9799,16.2599],[103.981,16.2599],[103.9813,16.2605],[103.9835,16.2602],[103.9852,16.2613],[103.9852,16.2621],[103.9835,16.2621],[103.9829,16.2627],[103.9821,16.2627]]]}},{"type":"Feature","properties":{"kind":"flood","area_km2":0.096,"conf":"low","date":"2026-09-29"},"geometry":{"type":"Polygon","coordinates":[[[104.1288,15.7608],[104.1288,15.76],[104.1277,15.76],[104.1277,15.7584],[104.1283,15.7575],[104.1283,15.7562],[104.1291,15.7554],[104.1303,15.7554],[104.1297,15.7592],[104.1288,15.7608]]]}},{"type":"Feature","properties":{"kind":"flood","area_km2":0.092,"conf":"low","date":"2026-10-02"},"geometry":{"type":"Polygon","coordinates":[[[103.4269,15.823],[103.4269,15.8214],[103.4264,15.8208],[103.4264,15.82],[103.427,15.82],[103.4275,15.8192],[103.4284,15.8192],[103.4289,15.8201],[103.4292,15.8225],[103.4289,15.823],[103.4269,15.823]]]}},{"type":"Feature","properties":{"kind":"flood","area_km2":0.091,"conf":"low","date":"2026-10-02"},"geometry":{"type":"Polygon","coordinates":[[[103.5402,16.4935],[103.5397,16.493],[103.5399,16.4919],[103.5391,16.4916],[103.5391,16.4922],[103.5383,16.4921],[103.5383,16.4916],[103.5388,16.4919],[103.5388,16.4913],[103.5383,16.4908],[103.5369,16.4908],[103.5369,16.4897],[103.5374,16.4902],[103.5419,16.4908],[103.5419,16.4916],[103.5411,16.4919],[103.5411,16.4935],[103.5402,16.4935]],[[103.5397,16.4913],[103.5399,16.4916],[103.5399,16.4913],[103.5397,16.4913]]]}},{"type":"Feature","properties":{"kind":"flood","area_km2":0.091,"conf":"low","date":"2026-10-02"},"geometry":{"type":"Polygon","coordinates":[[[103.9824,16.0829],[103.9824,16.0818],[103.9833,16.081],[103.9841,16.081],[103.9841,16.0804],[103.9847,16.0802],[103.9841,16.0783],[103.9853,16.078],[103.9855,16.0791],[103.9867,16.0794],[103.9875,16.0807],[103.9855,16.0804],[103.985,16.0813],[103.9841,16.0813],[103.9833,16.0829],[103.9824,16.0829]]]}},{"type":"Feature","properties":{"kind":"flood","area_km2":0.085,"conf":"low","date":"2026-09-29"},"geometry":{"type":"Polygon","coordinates":[[[104.3356,15.8068],[104.3342,15.8055],[104.3342,15.8044],[104.3359,15.8041],[104.3362,15.8052],[104.3368,15.8047],[104.3379,15.8047],[104.3382,15.806],[104.3376,15.8066],[104.3356,15.8068]]]}},{"type":"Feature","properties":{"kind":"flood","area_km2":0.084,"conf":"low","date":"2026-10-02"},"geometry":{"type":"Polygon","coordinates":[[[103.5364,16.3295],[103.5355,16.3286],[103.5356,16.3267],[103.5378,16.3265],[103.5384,16.3259],[103.5384,16.3246],[103.5392,16.3246],[103.5387,16.3254],[103.5386,16.3276],[103.5392,16.3278],[103.5375,16.3278],[103.5372,16.3284],[103.5367,16.3284],[103.5364,16.3295]]]}},{"type":"Feature","properties":{"kind":"flood","area_km2":0.084,"conf":"low","date":"2026-10-02"},"geometry":{"type":"Polygon","coordinates":[[[103.8613,15.9746],[103.8611,15.9735],[103.8616,15.9735],[103.8616,15.9697],[103.8625,15.9689],[103.863,15.9689],[103.8633,15.9681],[103.8639,15.9681],[103.8639,15.9695],[103.8647,15.9697],[103.8628,15.9697],[103.8628,15.9708],[103.8622,15.9708],[103.8619,15.9716],[103.8619,15.973],[103.8625,15.9741],[103.8633,15.9743],[103.8613,15.9746]]]}},{"type":"Feature","properties":{"kind":"flood","area_km2":0.083,"conf":"low","date":"2026-10-02"},"geometry":{"type":"Polygon","coordinates":[[[103.3658,15.8993],[103.365,15.8987],[103.3653,15.8971],[103.3656,15.8985],[103.3675,15.8985],[103.3675,15.8977],[103.3684,15.8977],[103.3689,15.8969],[103.3698,15.8969],[103.3701,15.8961],[103.3715,15.8961],[103.3714,15.8974],[103.3698,15.8972],[103.3692,15.8977],[103.3698,15.8985],[103.3689,15.8985],[103.3684,15.8993],[103.3675,15.8993],[103.3672,15.8988],[103.3664,15.8988],[103.3658,15.8993]]]}},{"type":"Feature","properties":{"kind":"flood","area_km2":0.078,"conf":"low","date":"2026-10-02"},"geometry":{"type":"Polygon","coordinates":[[[103.3125,15.8737],[103.3125,15.8726],[103.312,15.8726],[103.3123,15.871],[103.3131,15.871],[103.3128,15.8723],[103.3134,15.8723],[103.3134,15.8707],[103.3151,15.8707],[103.3156,15.8715],[103.3137,15.8718],[103.3137,15.8726],[103.3156,15.8726],[103.3156,15.8732],[103.3142,15.8737],[103.3125,15.8737]]]}},{"type":"Feature","properties":{"kind":"flood","area_km2":0.077,"conf":"low","date":"2026-10-02"},"geometry":{"type":"Polygon","coordinates":[[[103.5544,15.8592],[103.5544,15.8578],[103.5561,15.8575],[103.5552,15.8567],[103.5553,15.8556],[103.5555,15.8565],[103.5564,15.8567],[103.5575,15.8567],[103.5578,15.8559],[103.5586,15.8562],[103.5586,15.8576],[103.5569,15.8575],[103.5566,15.8589],[103.5544,15.8592]]]}},{"type":"Feature","properties":{"kind":"flood","area_km2":0.076,"conf":"low","date":"2026-09-29"},"geometry":{"type":"Polygon","coordinates":[[[104.5703,15.5612],[104.5678,15.5593],[104.5673,15.5592],[104.5661,15.5579],[104.5687,15.5584],[104.5692,15.5593],[104.5712,15.5593],[104.5712,15.5612],[104.5703,15.5612]]]}},{"type":"Feature","properties":{"kind":"flood","area_km2":0.072,"conf":"low","date":"2026-09-29"},"geometry":{"type":"Polygon","coordinates":[[[104.2746,15.7952],[104.2746,15.7931],[104.2774,15.7934],[104.278,15.7923],[104.2788,15.7923],[104.2785,15.7942],[104.2763,15.7942],[104.2755,15.7952],[104.2746,15.7952]],[[104.2777,15.7931],[104.278,15.7934],[104.278,15.7931],[104.2777,15.7931]]]}},{"type":"Feature","properties":{"kind":"flood","area_km2":0.069,"conf":"low","date":"2026-10-02"},"geometry":{"type":"Polygon","coordinates":[[[103.517,16.335],[103.517,16.3342],[103.5159,16.3331],[103.5159,16.3318],[103.5181,16.3312],[103.5181,16.3342],[103.5173,16.3342],[103.517,16.335]]]}},{"type":"Feature","properties":{"kind":"flood","area_km2":0.063,"conf":"low","date":"2026-10-02"},"geometry":{"type":"Polygon","coordinates":[[[103.6696,16.015],[103.668,16.0117],[103.6691,16.0115],[103.6691,16.0101],[103.6696,16.0104],[103.6699,16.0134],[103.6707,16.0142],[103.6707,16.015],[103.6696,16.015]]]}},{"type":"Feature","properties":{"kind":"flood","area_km2":0.059,"conf":"low","date":"2026-10-02"},"geometry":{"type":"Polygon","coordinates":[[[103.2633,16.4749],[103.2605,16.4746],[103.2605,16.4738],[103.2611,16.4732],[103.2625,16.4732],[103.2625,16.4727],[103.2636,16.4722],[103.2636,16.4732],[103.263,16.4735],[103.2633,16.4749]]]}},{"type":"Feature","properties":{"kind":"flood","area_km2":0.059,"conf":"low","date":"2026-09-29"},"geometry":{"type":"Polygon","coordinates":[[[104.0756,15.5284],[104.075,15.5276],[104.0742,15.5274],[104.0739,15.5263],[104.0761,15.5257],[104.0767,15.5285],[104.0756,15.5284]]]}},{"type":"Feature","properties":{"kind":"flood","area_km2":0.056,"conf":"low","date":"2026-10-02"},"geometry":{"type":"Polygon","coordinates":[[[104.0012,16.3129],[104.0009,16.311],[104.0015,16.3107],[104.0015,16.3102],[104.0029,16.3102],[104.0029,16.3127],[104.0012,16.3129]]]}},{"type":"Feature","properties":{"kind":"flood","area_km2":0.056,"conf":"low","date":"2026-09-29"},"geometry":{"type":"Polygon","coordinates":[[[104.0967,15.8033],[104.0967,15.8014],[104.0976,15.8011],[104.0979,15.8003],[104.0993,15.8003],[104.0987,15.8022],[104.0981,15.8022],[104.0976,15.8033],[104.0967,15.8033]]]}},{"type":"Feature","properties":{"kind":"flood","area_km2":0.055,"conf":"low","date":"2026-09-29"},"geometry":{"type":"Polygon","coordinates":[[[104.3432,15.8082],[104.3412,15.8077],[104.3412,15.8066],[104.3418,15.8058],[104.3435,15.8058],[104.3435,15.8077],[104.3432,15.8082]]]}},{"type":"Feature","properties":{"kind":"flood","area_km2":0.054,"conf":"low","date":"2026-10-02"},"geometry":{"type":"Polygon","coordinates":[[[103.3773,15.6578],[103.3776,15.6559],[103.377,15.6559],[103.377,15.6554],[103.3753,15.6559],[103.3751,15.6554],[103.3765,15.6551],[103.377,15.6546],[103.3776,15.6551],[103.3781,15.6548],[103.3781,15.6543],[103.379,15.6543],[103.3793,15.6551],[103.3781,15.6551],[103.3781,15.6578],[103.3773,15.6578]]]}},{"type":"Feature","properties":{"kind":"flood","area_km2":0.052,"conf":"low","date":"2026-10-02"},"geometry":{"type":"Polygon","coordinates":[[[103.2619,16.4805],[103.2619,16.48],[103.2607,16.4797],[103.2602,16.4781],[103.261,16.4781],[103.261,16.4789],[103.2638,16.4784],[103.2638,16.4795],[103.2624,16.4797],[103.2619,16.4805]]]}},{"type":"Feature","properties":{"kind":"flood","area_km2":0.052,"conf":"low","date":"2026-10-02"},"geometry":{"type":"Polygon","coordinates":[[[103.1107,16.3673],[103.1104,16.3659],[103.1113,16.3651],[103.1121,16.3651],[103.1129,16.3659],[103.1129,16.367],[103.1107,16.3673]]]}},{"type":"Feature","properties":{"kind":"flood","area_km2":0.052,"conf":"low","date":"2026-09-29"},"geometry":{"type":"Polygon","coordinates":[[[104.1824,15.6718],[104.1827,15.6699],[104.1849,15.6702],[104.1846,15.6718],[104.1832,15.6718],[104.1832,15.6713],[104.183,15.6718],[104.1824,15.6718]]]}},{"type":"Feature","properties":{"kind":"seasonal","area_km2":1.759,"date":"2026-10-02"},"geometry":{"type":"Polygon","coordinates":[[[103.0334,15.8626],[103.0317,15.8624],[103.0317,15.861],[103.0312,15.861],[103.0311,15.8624],[103.03,15.8623],[103.0298,15.8599],[103.0303,15.8596],[103.0303,15.8585],[103.0284,15.8583],[103.0279,15.8534],[103.0273,15.8531],[103.0273,15.8523],[103.0262,15.8517],[103.0257,15.8471],[103.0263,15.8469],[103.0263,15.8458],[103.0268,15.8458],[103.0268,15.8433],[103.0263,15.8428],[103.0255,15.8428],[103.0255,15.8417],[103.0246,15.8409],[103.0246,15.8401],[103.0249,15.8395],[103.0255,15.8395],[103.0255,15.839],[103.0244,15.8384],[103.0236,15.8344],[103.0216,15.8324],[103.0202,15.8322],[103.0202,15.8316],[103.0191,15.8319],[103.0191,15.833],[103.018,15.833],[103.0163,15.8321],[103.0163,15.8297],[103.0183,15.8278],[103.0197,15.8278],[103.0197,15.8305],[103.0203,15.8308],[103.0202,15.8313],[103.0222,15.8316],[103.0225,15.8306],[103.0219,15.83],[103.0219,15.8289],[103.0231,15.8284],[103.0231,15.8276],[103.0225,15.8273],[103.0214,15.8251],[103.022,15.8251],[103.0226,15.8243],[103.0276,15.8244],[103.0234,15.8249],[103.0237,15.8265],[103.0242,15.8265],[103.0245,15.8271],[103.0242,15.8289],[103.0236,15.8289],[103.0239,15.8295],[103.0233,15.8295],[103.0233,15.83],[103.0236,15.8308],[103.0247,15.8317],[103.0244,15.8322],[103.0236,15.8322],[103.023,15.8327],[103.0241,15.8336],[103.0247,15.8376],[103.0255,15.8382],[103.0255,15.8387],[103.0263,15.839],[103.0263,15.8404],[103.0274,15.8433],[103.0273,15.8496],[103.0276,15.8501],[103.0287,15.8501],[103.0279,15.8507],[103.0285,15.8507],[103.0287,15.8518],[103.0307,15.8523],[103.0307,15.851],[103.0324,15.8515],[103.0329,15.8496],[103.0338,15.8496],[103.0338,15.8507],[103.0343,15.8507],[103.0346,15.8515],[103.0338,15.8515],[103.0335,15.8521],[103.0349,15.8529],[103.0346,15.8543],[103.0365,15.8545],[103.0365,15.8554],[103.0402,15.8554],[103.041,15.8551],[103.0407,15.854],[103.0413,15.854],[103.0413,15.8551],[103.0432,15.856],[103.0432,15.8584],[103.0427,15.8587],[103.0421,15.8606],[103.041,15.8605],[103.041,15.86],[103.0401,15.86],[103.0404,15.8608],[103.0412,15.8608],[103.0412,15.8616],[103.0398,15.8616],[103.039,15.86],[103.0365,15.86],[103.0362,15.8575],[103.034,15.858],[103.0343,15.8567],[103.0365,15.8564],[103.0365,15.8559],[103.034,15.8559],[103.0329,15.8567],[103.0331,15.8605],[103.0326,15.8607],[103.0326,15.8613],[103.0334,15.8618],[103.0334,15.8626]],[[103.0183,15.8308],[103.0186,15.8313],[103.0186,15.8308],[103.0183,15.8308]]]}},{"type":"Feature","properties":{"kind":"seasonal","area_km2":1.48,"date":"2026-09-29"},"geometry":{"type":"Polygon","coordinates":[[[104.0515,16.0021],[104.0518,16.0005],[104.0513,16.0002],[104.0513,15.9994],[104.0521,15.9994],[104.0524,15.9999],[104.0555,16.0],[104.056,15.9989],[104.056,15.9983],[104.0555,15.9981],[104.0546,15.9981],[104.0546,15.9986],[104.0541,15.9989],[104.053,15.9989],[104.0527,15.998],[104.0521,15.998],[104.0524,15.9948],[104.0535,15.9943],[104.0533,15.9932],[104.0516,15.9934],[104.0516,15.9926],[104.0521,15.9923],[104.0516,15.9921],[104.0516,15.9913],[104.053,15.9913],[104.0533,15.9907],[104.0519,15.9904],[104.0522,15.9888],[104.0533,15.9883],[104.053,15.9869],[104.0544,15.9869],[104.0541,15.9886],[104.0561,15.9886],[104.0564,15.9878],[104.055,15.9877],[104.055,15.9867],[104.0561,15.9861],[104.0558,15.9853],[104.0567,15.9842],[104.0575,15.9845],[104.0575,15.984],[104.0581,15.984],[104.0581,15.9834],[104.0589,15.9832],[104.0589,15.9842],[104.0578,15.9845],[104.0575,15.9861],[104.0581,15.9861],[104.0583,15.9867],[104.06,15.9861],[104.06,15.9867],[104.0595,15.9867],[104.0606,15.987],[104.0606,15.9886],[104.06,15.9889],[104.06,15.9894],[104.0614,15.9891],[104.062,15.9897],[104.0631,15.9886],[104.0639,15.9886],[104.0634,15.9902],[104.0642,15.9908],[104.0645,15.9916],[104.0648,15.9948],[104.0636,15.9951],[104.0636,15.9962],[104.0628,15.997],[104.0608,15.997],[104.0603,15.9975],[104.0591,15.9975],[104.0594,15.9986],[104.0586,15.9986],[104.058,15.9981],[104.0563,15.9981],[104.0574,15.9986],[104.0574,15.9994],[104.0566,15.9997],[104.0566,16.0005],[104.0552,16.0019],[104.0538,16.0018],[104.0532,16.001],[104.0524,16.0008],[104.0524,16.0021],[104.0515,16.0021]],[[104.0538,15.9975],[104.0544,15.9978],[104.0544,15.9975],[104.0538,15.9975]],[[104.0532,15.9967],[104.0535,15.997],[104.0535,15.9967],[104.0532,15.9967]],[[104.0577,15.997],[104.058,15.9962],[104.0575,15.9962],[104.0575,15.9956],[104.0566,15.9953],[104.0563,15.9967],[104.0577,15.997]],[[104.0611,15.9959],[104.0617,15.9959],[104.0617,15.9946],[104.0631,15.9943],[104.0625,15.9943],[104.0622,15.9935],[104.0614,15.9935],[104.0611,15.9921],[104.0603,15.9921],[104.06,15.9927],[104.0594,15.9927],[104.0594,15.9935],[104.0597,15.9929],[104.0606,15.9929],[104.0605,15.9943],[104.06,15.9943],[104.06,15.9948],[104.0611,15.9959]],[[104.0555,15.9943],[104.0561,15.9945],[104.0561,15.9943],[104.0555,15.9943]],[[104.0634,15.994],[104.0636,15.9943],[104.0636,15.994],[104.0634,15.994]],[[104.0566,15.9932],[104.0572,15.994],[104.0575,15.9929],[104.0566,15.9932]],[[104.0581,15.9886],[104.0586,15.9878],[104.0575,15.9875],[104.0575,15.988],[104.0581,15.9886]],[[104.0536,15.9872],[104.0539,15.9875],[104.0539,15.9872],[104.0536,15.9872]],[[104.0583,15.987],[104.0586,15.9872],[104.0586,15.987],[104.0583,15.987]],[[104.0567,15.9864],[104.0572,15.9869],[104.0572,15.9861],[104.0567,15.9864]],[[104.0572,15.985],[104.0575,15.9853],[104.0575,15.985],[104.0572,15.985]]]}},{"type":"Feature","properties":{"kind":"seasonal","area_km2":1.458,"date":"2026-09-29"},"geometry":{"type":"Polygon","coordinates":[[[104.327,16.2106],[104.3273,16.2095],[104.3267,16.2093],[104.3267,16.2082],[104.3248,16.2076],[104.3253,16.2057],[104.3245,16.2054],[104.3245,16.2044],[104.3225,16.2054],[104.3217,16.2052],[104.3203,16.2062],[104.3189,16.2062],[104.3189,16.2054],[104.32,16.2049],[104.3203,16.2038],[104.3181,16.2033],[104.3181,16.2019],[104.3195,16.2019],[104.3197,16.2014],[104.3211,16.2008],[104.3214,16.2],[104.3228,16.2],[104.3231,16.1992],[104.3237,16.1992],[104.3248,16.1979],[104.3262,16.1973],[104.3257,16.1957],[104.3265,16.1949],[104.3271,16.1949],[104.3282,16.1933],[104.329,16.193],[104.331,16.1933],[104.331,16.1914],[104.3321,16.1906],[104.3332,16.1906],[104.3335,16.1916],[104.3346,16.1919],[104.3355,16.1927],[104.3355,16.1933],[104.3349,16.1933],[104.3349,16.1938],[104.3344,16.1938],[104.3341,16.1944],[104.3346,16.1944],[104.3346,16.1957],[104.3352,16.1965],[104.336,16.1965],[104.336,16.1973],[104.3349,16.1979],[104.3349,16.1987],[104.3338,16.1995],[104.3335,16.2003],[104.3327,16.2006],[104.3327,16.2014],[104.3298,16.2014],[104.3299,16.2],[104.3304,16.1992],[104.3293,16.1987],[104.3287,16.199],[104.3287,16.2011],[104.3282,16.2017],[104.3268,16.2019],[104.3267,16.2041],[104.3262,16.2049],[104.3265,16.2068],[104.329,16.2065],[104.329,16.2076],[104.3298,16.2076],[104.3298,16.2095],[104.3287,16.2095],[104.3278,16.2106],[104.327,16.2106]],[[104.3267,16.2076],[104.327,16.2079],[104.327,16.2076],[104.3267,16.2076]],[[104.3279,16.2074],[104.3281,16.2076],[104.3281,16.2074],[104.3279,16.2074]],[[104.3279,16.2068],[104.3281,16.2071],[104.3281,16.2068],[104.3279,16.2068]],[[104.3253,16.2055],[104.3256,16.2057],[104.3256,16.2055],[104.3253,16.2055]],[[104.3223,16.2046],[104.3225,16.2049],[104.3225,16.2046],[104.3223,16.2046]],[[104.3225,16.2033],[104.3231,16.2035],[104.3231,16.2033],[104.3225,16.2033]],[[104.3301,16.2003],[104.3304,16.2006],[104.3304,16.2003],[104.3301,16.2003]],[[104.3254,16.1995],[104.3256,16.1998],[104.3256,16.1995],[104.3254,16.1995]],[[104.3251,16.1992],[104.3254,16.1995],[104.3254,16.1992],[104.3251,16.1992]],[[104.3256,16.1992],[104.3262,16.1995],[104.3262,16.1992],[104.3256,16.1992]],[[104.3276,16.1987],[104.3279,16.199],[104.3279,16.1987],[104.3276,16.1987]],[[104.3282,16.1987],[104.3285,16.199],[104.3285,16.1987],[104.3282,16.1987]],[[104.3265,16.1984],[104.327,16.1987],[104.327,16.1984],[104.3265,16.1984]],[[104.3262,16.1981],[104.3265,16.1984],[104.3265,16.1981],[104.3262,16.1981]],[[104.3276,16.1981],[104.3279,16.1984],[104.3279,16.1981],[104.3276,16.1981]],[[104.3259,16.1979],[104.3262,16.1981],[104.3262,16.1979],[104.3259,16.1979]],[[104.3268,16.1976],[104.3273,16.1981],[104.3273,16.1976],[104.3268,16.1976]],[[104.3262,16.1973],[104.3265,16.1979],[104.3265,16.1973],[104.3262,16.1973]],[[104.331,16.1976],[104.3315,16.1973],[104.3313,16.1965],[104.3307,16.1965],[104.331,16.1976]],[[104.3273,16.1965],[104.3276,16.1968],[104.3276,16.1965],[104.3273,16.1965]],[[104.3282,16.1965],[104.3285,16.1968],[104.3285,16.1965],[104.3282,16.1965]],[[104.3329,16.1968],[104.3335,16.1968],[104.3341,16.1963],[104.3335,16.196],[104.333,16.1963],[104.3329,16.1968]],[[104.3341,16.1965],[104.3344,16.1968],[104.3344,16.1965],[104.3341,16.1965]],[[104.3279,16.1962],[104.3282,16.1965],[104.3282,16.1962],[104.3279,16.1962]],[[104.3318,16.1965],[104.3324,16.1965],[104.3324,16.1954],[104.3318,16.1957],[104.3318,16.1965]],[[104.3265,16.196],[104.3271,16.1962],[104.3271,16.196],[104.3265,16.196]],[[104.3313,16.196],[104.3315,16.1963],[104.3315,16.196],[104.3313,16.196]],[[104.3287,16.1935],[104.3299,16.1938],[104.3299,16.1933],[104.3287,16.1935]],[[104.3341,16.1935],[104.3344,16.1938],[104.3344,16.1935],[104.3341,16.1935]],[[104.3344,16.1933],[104.3346,16.1935],[104.3346,16.1933],[104.3344,16.1933]],[[104.3349,16.1927],[104.3352,16.193],[104.3352,16.1927],[104.3349,16.1927]]]}},{"type":"Feature","properties":{"kind":"seasonal","area_km2":1.231,"date":"2026-09-29"},"geometry":{"type":"Polygon","coordinates":[[[104.2809,16.3957],[104.2797,16.3946],[104.2795,16.3935],[104.2783,16.3935],[104.2775,16.393],[104.2769,16.393],[104.2758,16.3946],[104.275,16.3946],[104.2753,16.3921],[104.2744,16.391],[104.2739,16.391],[104.2739,16.3902],[104.2767,16.3843],[104.2781,16.3843],[104.2789,16.3851],[104.2806,16.3851],[104.2812,16.3848],[104.2818,16.3835],[104.2846,16.3824],[104.286,16.3811],[104.286,16.3805],[104.2891,16.3811],[104.2899,16.3808],[104.2908,16.3797],[104.2916,16.3797],[104.2919,16.3811],[104.2927,16.3816],[104.2927,16.3822],[104.2938,16.3824],[104.2941,16.383],[104.2969,16.3835],[104.2975,16.3843],[104.2986,16.3846],[104.2986,16.3857],[104.2978,16.3857],[104.2955,16.3843],[104.2941,16.3843],[104.2933,16.3838],[104.2921,16.3841],[104.2913,16.3835],[104.291,16.3849],[104.289,16.3854],[104.2871,16.3851],[104.2848,16.3859],[104.2845,16.387],[104.284,16.3873],[104.2837,16.3889],[104.282,16.3886],[104.2815,16.3881],[104.2786,16.3886],[104.2784,16.3881],[104.277,16.3878],[104.2764,16.3889],[104.2767,16.39],[104.2786,16.3911],[104.2792,16.3919],[104.2809,16.3924],[104.2814,16.3941],[104.2823,16.3943],[104.282,16.3957],[104.2809,16.3957]],[[104.291,16.3819],[104.2913,16.3824],[104.2913,16.3819],[104.291,16.3819]]]}},{"type":"Feature","properties":{"kind":"seasonal","area_km2":1.073,"date":"2026-10-02"},"geometry":{"type":"Polygon","coordinates":[[[103.4534,16.1022],[103.4528,16.1011],[103.4528,16.0998],[103.452,16.0995],[103.4503,16.0973],[103.4503,16.0965],[103.4523,16.0962],[103.4517,16.0946],[103.4518,16.0878],[103.451,16.087],[103.4507,16.0854],[103.451,16.0835],[103.4527,16.084],[103.4524,16.0821],[103.4532,16.0821],[103.4535,16.083],[103.4546,16.0835],[103.4546,16.0859],[103.4538,16.0862],[103.4538,16.087],[103.4568,16.087],[103.4568,16.0879],[103.4557,16.0884],[103.4557,16.0903],[103.4563,16.0906],[103.456,16.0927],[103.4571,16.0938],[103.4571,16.0944],[103.4604,16.0941],[103.4613,16.0947],[103.4615,16.0955],[103.4627,16.096],[103.4627,16.0966],[103.4632,16.0966],[103.4635,16.0971],[103.4657,16.0971],[103.4657,16.0977],[103.4666,16.0974],[103.4666,16.0969],[103.466,16.0969],[103.4663,16.0955],[103.4669,16.0955],[103.4671,16.0963],[103.4688,16.0964],[103.4697,16.0972],[103.4697,16.0985],[103.4688,16.0985],[103.4688,16.0993],[103.4677,16.0996],[103.4668,16.0996],[103.4668,16.0988],[103.4638,16.0993],[103.4638,16.0988],[103.4629,16.0982],[103.4624,16.0982],[103.4621,16.0987],[103.4601,16.0987],[103.4601,16.0976],[103.4596,16.0976],[103.459,16.0987],[103.4595,16.1006],[103.457,16.1011],[103.4562,16.1009],[103.4562,16.0995],[103.4576,16.0995],[103.4576,16.099],[103.4556,16.0987],[103.4559,16.0971],[103.4554,16.0968],[103.4554,16.0952],[103.4568,16.0946],[103.4557,16.0946],[103.4551,16.0938],[103.4549,16.0884],[103.4537,16.0887],[103.4532,16.0881],[103.4532,16.0867],[103.4524,16.0867],[103.4524,16.0854],[103.4521,16.0854],[103.4521,16.0851],[103.4518,16.0851],[103.4518,16.0848],[103.4515,16.0848],[103.4518,16.087],[103.4526,16.0878],[103.4523,16.0903],[103.4532,16.0911],[103.4529,16.0916],[103.4534,16.0919],[103.4537,16.0941],[103.4534,16.0946],[103.4529,16.0946],[103.4531,16.0979],[103.452,16.0981],[103.4534,16.0995],[103.4534,16.1022]],[[103.4514,16.0979],[103.452,16.0981],[103.452,16.0979],[103.4514,16.0979]],[[103.4513,16.0843],[103.4515,16.0848],[103.4515,16.0843],[103.4513,16.0843]]]}},{"type":"Feature","properties":{"kind":"seasonal","area_km2":1.049,"date":"2026-10-02"},"geometry":{"type":"Polygon","coordinates":[[[103.7284,16.0707],[103.727,16.0698],[103.7253,16.0698],[103.7256,16.0685],[103.727,16.0674],[103.727,16.0669],[103.7285,16.0658],[103.7285,16.0652],[103.7296,16.0642],[103.7301,16.0642],[103.731,16.0634],[103.7315,16.0639],[103.7335,16.0631],[103.7349,16.062],[103.7349,16.0615],[103.7358,16.0612],[103.7361,16.0604],[103.7366,16.0607],[103.7369,16.0601],[103.7389,16.0596],[103.74,16.0569],[103.7417,16.0564],[103.7434,16.0542],[103.7431,16.0526],[103.7425,16.0534],[103.7426,16.0518],[103.7431,16.051],[103.7434,16.0523],[103.7434,16.0512],[103.744,16.0504],[103.7437,16.0491],[103.7454,16.0491],[103.7479,16.0504],[103.7482,16.0518],[103.747,16.0521],[103.7468,16.0529],[103.7456,16.0531],[103.7459,16.0548],[103.7445,16.0548],[103.7442,16.0553],[103.7448,16.0556],[103.7442,16.0556],[103.7442,16.0561],[103.7434,16.0561],[103.7431,16.0572],[103.7425,16.0575],[103.7431,16.0577],[103.7431,16.0591],[103.7422,16.0596],[103.7422,16.0602],[103.7417,16.0602],[103.7417,16.061],[103.7408,16.0618],[103.7403,16.0618],[103.7403,16.0604],[103.7397,16.0604],[103.7397,16.061],[103.7391,16.061],[103.738,16.062],[103.738,16.0626],[103.7363,16.0637],[103.736,16.0645],[103.7349,16.0647],[103.7343,16.0658],[103.7335,16.0658],[103.7338,16.0674],[103.7324,16.0677],[103.7321,16.0693],[103.7293,16.0707],[103.7284,16.0707]],[[103.7285,16.0658],[103.729,16.0661],[103.729,16.0658],[103.7285,16.0658]],[[103.7408,16.0599],[103.7414,16.0599],[103.7414,16.0594],[103.7411,16.0594],[103.7408,16.0599]],[[103.7403,16.0588],[103.7406,16.0588],[103.7406,16.0583],[103.7417,16.0575],[103.7406,16.0575],[103.7403,16.0588]],[[103.744,16.052],[103.7448,16.0518],[103.7445,16.0507],[103.744,16.0507],[103.744,16.052]]]}},{"type":"Feature","properties":{"kind":"seasonal","area_km2":0.968,"date":"2026-09-29"},"geometry":{"type":"Polygon","coordinates":[[[104.3906,16.2496],[104.3912,16.2488],[104.3923,16.2482],[104.392,16.2474],[104.39,16.2474],[104.39,16.2469],[104.3892,16.2461],[104.3861,16.2463],[104.385,16.245],[104.3839,16.245],[104.3839,16.2441],[104.3847,16.2436],[104.3847,16.2428],[104.3856,16.2428],[104.387,16.2436],[104.3898,16.2433],[104.3903,16.2442],[104.3909,16.2439],[104.3895,16.2414],[104.3892,16.2398],[104.3909,16.2395],[104.3912,16.2385],[104.3901,16.2374],[104.389,16.2371],[104.389,16.2357],[104.3876,16.2357],[104.3881,16.2336],[104.3935,16.2339],[104.3935,16.2347],[104.3926,16.2349],[104.3929,16.2358],[104.394,16.2358],[104.3948,16.2374],[104.3977,16.2374],[104.3979,16.2369],[104.3991,16.2366],[104.3991,16.2347],[104.4002,16.2347],[104.401,16.2331],[104.403,16.2333],[104.403,16.2342],[104.4022,16.2347],[104.4022,16.2363],[104.4027,16.2369],[104.403,16.2382],[104.4035,16.2385],[104.4038,16.2401],[104.4032,16.2464],[104.4021,16.2469],[104.4024,16.2464],[104.4018,16.2455],[104.4024,16.2453],[104.4024,16.2447],[104.4016,16.2447],[104.4024,16.2431],[104.403,16.2404],[104.403,16.2399],[104.4024,16.2399],[104.4024,16.2377],[104.4016,16.2366],[104.4016,16.2358],[104.4008,16.2355],[104.4007,16.2361],[104.3996,16.2363],[104.3999,16.2382],[104.4005,16.2385],[104.4002,16.2401],[104.401,16.2407],[104.3996,16.2434],[104.3993,16.2428],[104.3985,16.2428],[104.3979,16.2417],[104.3982,16.2385],[104.396,16.2382],[104.3957,16.2387],[104.3951,16.2387],[104.3946,16.2377],[104.3929,16.2368],[104.3918,16.2355],[104.3912,16.2377],[104.3918,16.2387],[104.3929,16.2393],[104.3932,16.2423],[104.3926,16.2425],[104.3915,16.2406],[104.3912,16.2425],[104.3931,16.2442],[104.3929,16.2452],[104.3923,16.2452],[104.3923,16.2447],[104.3898,16.2444],[104.3895,16.2439],[104.3861,16.2441],[104.3864,16.2452],[104.3884,16.2452],[104.3901,16.2458],[104.3903,16.2471],[104.3934,16.2471],[104.3931,16.2488],[104.3926,16.2482],[104.3926,16.2488],[104.3906,16.2496]],[[104.4027,16.2423],[104.403,16.2428],[104.403,16.2423],[104.4027,16.2423]],[[104.4033,16.2401],[104.4035,16.2404],[104.4035,16.2401],[104.4033,16.2401]]]}},{"type":"Feature","properties":{"kind":"seasonal","area_km2":0.949,"date":"2026-09-29"},"geometry":{"type":"Polygon","coordinates":[[[104.4422,15.6531],[104.4408,15.6528],[104.4408,15.6517],[104.4414,15.6514],[104.4408,15.6504],[104.4403,15.6504],[104.4403,15.6512],[104.4397,15.6514],[104.4386,15.6506],[104.4358,15.6509],[104.4352,15.6503],[104.4352,15.6493],[104.4344,15.6493],[104.4341,15.6479],[104.435,15.6476],[104.4352,15.6468],[104.4361,15.6468],[104.4369,15.6479],[104.4394,15.6476],[104.4394,15.6471],[104.4403,15.6466],[104.44,15.6452],[104.4394,15.6441],[104.4383,15.6441],[104.4378,15.6436],[104.4378,15.6425],[104.4403,15.6398],[104.4411,15.6398],[104.4417,15.639],[104.4431,15.6392],[104.4434,15.6387],[104.4451,15.6387],[104.4451,15.6371],[104.4462,15.6371],[104.4465,15.6365],[104.4442,15.636],[104.4431,15.6319],[104.4426,15.6314],[104.4426,15.63],[104.4417,15.6284],[104.4417,15.6235],[104.4426,15.6235],[104.4426,15.6268],[104.4434,15.6281],[104.4431,15.6287],[104.4442,15.6308],[104.4451,15.6314],[104.4454,15.6325],[104.447,15.6338],[104.447,15.6346],[104.4476,15.6349],[104.4479,15.6376],[104.447,15.6379],[104.4467,15.639],[104.4462,15.639],[104.4462,15.6395],[104.4453,15.6403],[104.4437,15.6403],[104.4434,15.6411],[104.4425,15.6411],[104.4425,15.6417],[104.4411,15.6417],[104.4406,15.6422],[104.4406,15.6433],[104.4417,15.6441],[104.4425,15.6441],[104.4425,15.6455],[104.4417,15.6455],[104.4417,15.6479],[104.4425,15.6485],[104.4425,15.6496],[104.4417,15.649],[104.4417,15.6485],[104.4411,15.6487],[104.4417,15.6493],[104.4414,15.6504],[104.442,15.6506],[104.4422,15.6531]],[[104.4397,15.6495],[104.4403,15.6493],[104.4403,15.6487],[104.4408,15.649],[104.4411,15.6485],[104.44,15.6479],[104.4397,15.6495]],[[104.4462,15.6357],[104.4465,15.636],[104.4465,15.6357],[104.4462,15.6357]],[[104.4459,15.6355],[104.4462,15.6357],[104.4462,15.6355],[104.4459,15.6355]],[[104.4462,15.6352],[104.4465,15.6355],[104.4465,15.6352],[104.4462,15.6352]],[[104.4462,15.6341],[104.4465,15.6344],[104.4465,15.6341],[104.4462,15.6341]],[[104.4459,15.6338],[104.4462,15.6341],[104.4462,15.6338],[104.4459,15.6338]],[[104.4442,15.6322],[104.4445,15.6325],[104.4445,15.6322],[104.4442,15.6322]],[[104.444,15.6319],[104.4442,15.6322],[104.4442,15.6319],[104.444,15.6319]],[[104.4431,15.6317],[104.4434,15.6319],[104.4434,15.6317],[104.4431,15.6317]]]}},{"type":"Feature","properties":{"kind":"seasonal","area_km2":0.883,"date":"2026-09-29"},"geometry":{"type":"Polygon","coordinates":[[[104.5979,15.9075],[104.5974,15.9059],[104.596,15.9051],[104.596,15.9037],[104.5946,15.9043],[104.5926,15.9043],[104.5923,15.9048],[104.5915,15.9048],[104.5915,15.904],[104.5901,15.9037],[104.5901,15.8983],[104.5895,15.8978],[104.5878,15.8972],[104.5876,15.8967],[104.5862,15.8967],[104.5853,15.8975],[104.5853,15.898],[104.5845,15.898],[104.5842,15.8972],[104.5825,15.8959],[104.5775,15.8975],[104.5775,15.8969],[104.5789,15.8969],[104.5786,15.8964],[104.578,15.8964],[104.578,15.8953],[104.5797,15.894],[104.5836,15.8926],[104.5845,15.8918],[104.5845,15.8912],[104.5853,15.891],[104.5845,15.8929],[104.5836,15.8929],[104.5825,15.8937],[104.5811,15.8937],[104.5811,15.8945],[104.5806,15.8948],[104.582,15.8948],[104.5822,15.8942],[104.5845,15.8948],[104.585,15.895],[104.585,15.8967],[104.5859,15.8959],[104.5859,15.8953],[104.5881,15.8951],[104.5884,15.8967],[104.5901,15.8972],[104.5906,15.898],[104.5904,15.9002],[104.5915,15.9005],[104.5915,15.9013],[104.592,15.9018],[104.5929,15.901],[104.5929,15.9016],[104.594,15.9013],[104.5943,15.9021],[104.5951,15.9021],[104.594,15.9008],[104.5929,15.9008],[104.5926,15.8991],[104.5918,15.8989],[104.5929,15.897],[104.5951,15.8967],[104.594,15.8967],[104.594,15.8961],[104.5915,15.8961],[104.5918,15.894],[104.5904,15.8934],[104.5901,15.8929],[104.5923,15.8934],[104.5935,15.8951],[104.5957,15.8948],[104.596,15.8962],[104.5968,15.8967],[104.5968,15.8975],[104.596,15.8972],[104.596,15.8978],[104.5946,15.8978],[104.5934,15.8983],[104.5932,15.8991],[104.5948,15.901],[104.5965,15.9016],[104.5968,15.9021],[104.5996,15.9021],[104.5996,15.9029],[104.5982,15.9037],[104.599,15.9073],[104.5979,15.9075]],[[104.5957,15.9024],[104.596,15.9029],[104.596,15.9024],[104.5957,15.9024]],[[104.5954,15.9021],[104.5957,15.9024],[104.5957,15.9021],[104.5954,15.9021]]]}},{"type":"Feature","properties":{"kind":"seasonal","area_km2":0.872,"date":"2026-09-29"},"geometry":{"type":"Polygon","coordinates":[[[104.0381,15.9936],[104.0378,15.9926],[104.0384,15.9923],[104.0384,15.9917],[104.037,15.992],[104.0367,15.9912],[104.0345,15.9915],[104.0342,15.9909],[104.0331,15.9906],[104.0334,15.9893],[104.0328,15.989],[104.0328,15.9877],[104.0323,15.9895],[104.0311,15.9901],[104.0317,15.9906],[104.0317,15.9914],[104.03,15.9909],[104.0261,15.9906],[104.0261,15.9895],[104.0295,15.9895],[104.0297,15.9882],[104.0289,15.9882],[104.0289,15.9874],[104.0295,15.9863],[104.0295,15.9849],[104.0303,15.9841],[104.0314,15.9841],[104.032,15.9847],[104.0323,15.9863],[104.0331,15.9863],[104.0331,15.9855],[104.0342,15.9855],[104.0345,15.9847],[104.0354,15.9847],[104.0354,15.9852],[104.0376,15.9855],[104.0376,15.9847],[104.0387,15.9844],[104.039,15.9863],[104.0401,15.9861],[104.0404,15.9866],[104.0412,15.9866],[104.0407,15.9893],[104.0398,15.9896],[104.0401,15.9901],[104.0409,15.9901],[104.0409,15.9907],[104.0415,15.9909],[104.0415,15.992],[104.0401,15.9923],[104.039,15.9936],[104.0381,15.9936]],[[104.0283,15.9901],[104.0286,15.9903],[104.0286,15.9901],[104.0283,15.9901]],[[104.0362,15.9888],[104.0367,15.9885],[104.0367,15.9879],[104.0354,15.9874],[104.0351,15.9879],[104.0362,15.9888]],[[104.0297,15.9879],[104.0303,15.9882],[104.0303,15.9879],[104.0297,15.9879]],[[104.0348,15.9868],[104.0354,15.9868],[104.0354,15.9863],[104.0351,15.9863],[104.0348,15.9868]]]}},{"type":"Feature","properties":{"kind":"seasonal","area_km2":0.775,"date":"2026-09-29"},"geometry":{"type":"Polygon","coordinates":[[[104.0802,15.6058],[104.08,15.6047],[104.078,15.6041],[104.0766,15.6028],[104.0758,15.6028],[104.0752,15.6022],[104.0755,15.6003],[104.0761,15.6],[104.0769,15.5976],[104.0783,15.5963],[104.0783,15.5949],[104.0823,15.5946],[104.0845,15.5957],[104.0864,15.5957],[104.0867,15.6001],[104.0856,15.6044],[104.0845,15.6044],[104.0842,15.605],[104.0822,15.6058],[104.0802,15.6058]],[[104.0822,15.6031],[104.0825,15.6033],[104.0825,15.6031],[104.0822,15.6031]],[[104.0808,15.603],[104.0814,15.603],[104.0819,15.6009],[104.0828,15.6014],[104.0831,15.6031],[104.0842,15.6031],[104.0845,15.6025],[104.085,15.6025],[104.0848,15.5993],[104.0839,15.599],[104.0839,15.5976],[104.0825,15.596],[104.0817,15.596],[104.0808,15.5976],[104.0792,15.5982],[104.0792,15.599],[104.08,15.599],[104.0803,15.5995],[104.0789,15.5992],[104.0792,15.6003],[104.0783,15.6011],[104.0794,15.6017],[104.0794,15.6025],[104.0805,15.6025],[104.0808,15.603]],[[104.0769,15.6022],[104.0775,15.6022],[104.0775,15.6014],[104.0766,15.6017],[104.0769,15.6022]]]}},{"type":"Feature","properties":{"kind":"seasonal","area_km2":0.742,"date":"2026-09-29"},"geometry":{"type":"Polygon","coordinates":[[[104.045,16.0156],[104.0448,16.0148],[104.0436,16.0145],[104.0436,16.0137],[104.0431,16.0132],[104.0431,16.0113],[104.0423,16.0088],[104.0425,16.0078],[104.0423,16.0072],[104.0417,16.0072],[104.0417,16.0061],[104.0423,16.0059],[104.0426,16.0042],[104.042,16.0042],[104.0414,16.0031],[104.042,16.0031],[104.0417,16.0023],[104.0423,16.0018],[104.0451,16.0021],[104.0451,16.0042],[104.0473,16.0043],[104.0476,16.0037],[104.0482,16.0048],[104.0482,16.0056],[104.0468,16.0053],[104.047,16.0081],[104.0462,16.0089],[104.0462,16.0094],[104.0476,16.0102],[104.0479,16.0113],[104.049,16.0113],[104.049,16.0129],[104.0495,16.0129],[104.0495,16.0151],[104.0478,16.0146],[104.0478,16.0154],[104.047,16.0154],[104.0462,16.0146],[104.0462,16.014],[104.045,16.0132],[104.045,16.0143],[104.0459,16.0143],[104.0459,16.0154],[104.045,16.0156]],[[104.0434,16.0113],[104.0436,16.0116],[104.0436,16.0113],[104.0434,16.0113]],[[104.0431,16.011],[104.0434,16.0113],[104.0434,16.011],[104.0431,16.011]],[[104.0451,16.011],[104.0453,16.0113],[104.0453,16.011],[104.0451,16.011]],[[104.042,16.0031],[104.0423,16.0037],[104.0423,16.0032],[104.042,16.0031]]]}},{"type":"Feature","properties":{"kind":"seasonal","area_km2":0.676,"date":"2026-09-29"},"geometry":{"type":"Polygon","coordinates":[[[104.2456,15.6891],[104.2425,15.6888],[104.2425,15.6872],[104.2406,15.6858],[104.2406,15.6845],[104.2389,15.6834],[104.2398,15.6774],[104.2339,15.6771],[104.2328,15.6766],[104.2311,15.6752],[104.2305,15.6741],[104.2269,15.6725],[104.2266,15.672],[104.2269,15.6698],[104.2297,15.6703],[104.2305,15.6714],[104.2297,15.6714],[104.2297,15.6709],[104.228,15.6703],[104.2269,15.6706],[104.2275,15.6706],[104.228,15.6717],[104.2289,15.6717],[104.2289,15.6722],[104.2297,15.6725],[104.2297,15.6733],[104.2311,15.6736],[104.2322,15.6744],[104.2325,15.6752],[104.2336,15.6755],[104.2339,15.676],[104.2384,15.6769],[104.24,15.6766],[104.2406,15.6772],[104.2414,15.6769],[104.2415,15.6758],[104.2426,15.6753],[104.2426,15.6742],[104.242,15.6744],[104.2403,15.6739],[104.2381,15.6739],[104.2373,15.6744],[104.2364,15.6742],[104.2375,15.6739],[104.2378,15.6733],[104.2434,15.6736],[104.2445,15.6726],[104.2459,15.672],[104.2479,15.6723],[104.2479,15.6731],[104.2429,15.6755],[104.2414,15.6782],[104.2417,15.6837],[104.2423,15.6839],[104.2434,15.6861],[104.2442,15.6867],[104.2442,15.6872],[104.2456,15.6883],[104.2456,15.6891]],[[104.2406,15.6826],[104.2409,15.682],[104.2403,15.6815],[104.2403,15.6823],[104.2406,15.6826]],[[104.24,15.6812],[104.2406,15.6812],[104.2406,15.6807],[104.24,15.6807],[104.24,15.6812]]]}},{"type":"Feature","properties":{"kind":"seasonal","area_km2":0.654,"date":"2026-10-02"},"geometry":{"type":"Polygon","coordinates":[[[103.8236,15.8635],[103.823,15.8624],[103.8233,15.8613],[103.8228,15.8611],[103.8228,15.8589],[103.8222,15.8575],[103.8225,15.8567],[103.8236,15.8567],[103.8233,15.8554],[103.825,15.8556],[103.8256,15.8565],[103.8267,15.8567],[103.8259,15.8559],[103.8259,15.8551],[103.8315,15.8546],[103.8315,15.8573],[103.8309,15.8573],[103.8301,15.8584],[103.8306,15.8589],[103.8306,15.8603],[103.8292,15.8616],[103.8278,15.8616],[103.8272,15.8622],[103.8264,15.8622],[103.8261,15.8627],[103.8253,15.8627],[103.8244,15.8635],[103.8236,15.8635]],[[103.827,15.857],[103.8273,15.8573],[103.8273,15.857],[103.827,15.857]],[[103.8267,15.8567],[103.827,15.857],[103.827,15.8567],[103.8267,15.8567]]]}},{"type":"Feature","properties":{"kind":"seasonal","area_km2":0.618,"date":"2026-09-29"},"geometry":{"type":"Polygon","coordinates":[[[104.5664,16.3501],[104.5664,16.3485],[104.5653,16.3466],[104.5653,16.3449],[104.5661,16.3449],[104.5667,16.3455],[104.5675,16.3449],[104.5675,16.3436],[104.5664,16.3433],[104.5664,16.3411],[104.567,16.3409],[104.567,16.3384],[104.5664,16.3382],[104.5664,16.3363],[104.5673,16.3352],[104.5673,16.3344],[104.5667,16.3341],[104.5667,16.3333],[104.5673,16.333],[104.5673,16.3325],[104.5667,16.3322],[104.5667,16.3311],[104.5673,16.3306],[104.5662,16.3297],[104.5659,16.3281],[104.5665,16.3276],[104.5662,16.3251],[104.5667,16.3243],[104.5676,16.3243],[104.5681,16.3257],[104.5695,16.3257],[104.5693,16.3276],[104.5701,16.3279],[104.5701,16.3284],[104.5707,16.3287],[104.5709,16.3317],[104.5718,16.3322],[104.5721,16.333],[104.5718,16.3338],[104.5726,16.3346],[104.5726,16.3352],[104.5735,16.336],[104.574,16.336],[104.574,16.3368],[104.5715,16.3384],[104.5712,16.3414],[104.5709,16.3384],[104.5715,16.3376],[104.5723,16.3376],[104.5726,16.3355],[104.5712,16.3341],[104.5715,16.333],[104.5704,16.3325],[104.5704,16.3317],[104.5687,16.3322],[104.569,16.3314],[104.5684,16.3314],[104.5681,16.3325],[104.5693,16.3325],[104.569,16.3333],[104.5684,16.3333],[104.5684,16.3341],[104.5692,16.3346],[104.5695,16.3354],[104.5684,16.3363],[104.5673,16.3363],[104.5678,16.3376],[104.5678,16.3411],[104.5667,16.3414],[104.5667,16.3425],[104.5681,16.343],[104.5681,16.3455],[104.5675,16.3463],[104.5658,16.3463],[104.5667,16.3482],[104.5664,16.3501]],[[104.569,16.3308],[104.5693,16.3314],[104.5693,16.3308],[104.569,16.3308]]]}},{"type":"Feature","properties":{"kind":"seasonal","area_km2":0.593,"date":"2026-10-02"},"geometry":{"type":"Polygon","coordinates":[[[103.0657,16.3116],[103.0666,16.3083],[103.0652,16.3059],[103.0652,16.3051],[103.0664,16.3043],[103.0656,16.3007],[103.0675,16.2999],[103.072,16.3002],[103.072,16.3013],[103.0714,16.3016],[103.0712,16.3027],[103.0711,16.3046],[103.0706,16.3051],[103.0694,16.3051],[103.0686,16.3062],[103.0694,16.3089],[103.07,16.3089],[103.0711,16.31],[103.0714,16.3111],[103.0702,16.3111],[103.0697,16.3105],[103.0694,16.3111],[103.0677,16.3116],[103.0657,16.3116]]]}},{"type":"Feature","properties":{"kind":"seasonal","area_km2":0.593,"date":"2026-09-29"},"geometry":{"type":"Polygon","coordinates":[[[104.3571,15.7451],[104.3574,15.7434],[104.3568,15.7434],[104.3568,15.7445],[104.3554,15.7445],[104.3552,15.744],[104.3557,15.7413],[104.3574,15.7402],[104.3574,15.7394],[104.3591,15.7386],[104.3591,15.738],[104.3605,15.7364],[104.3625,15.7367],[104.3628,15.7361],[104.3642,15.7361],[104.3653,15.7356],[104.3675,15.7359],[104.3686,15.7348],[104.3695,15.7348],[104.3678,15.7364],[104.3647,15.7361],[104.3644,15.738],[104.3639,15.7383],[104.3639,15.7388],[104.3622,15.7388],[104.3627,15.7394],[104.3627,15.7407],[104.3608,15.7424],[104.3619,15.7424],[104.3619,15.7418],[104.3633,15.7421],[104.3641,15.7416],[104.3641,15.741],[104.3653,15.7407],[104.3653,15.7402],[104.3661,15.7402],[104.3667,15.7394],[104.3675,15.7394],[104.3672,15.7399],[104.3667,15.7399],[104.3661,15.741],[104.3653,15.741],[104.3644,15.7418],[104.3641,15.7429],[104.3636,15.7429],[104.363,15.744],[104.3619,15.7437],[104.361,15.7443],[104.3585,15.7442],[104.3582,15.7448],[104.3571,15.7451]],[[104.3585,15.7432],[104.3594,15.7432],[104.3591,15.7415],[104.3594,15.7407],[104.3599,15.7407],[104.3599,15.7399],[104.3594,15.7399],[104.3591,15.741],[104.3583,15.7413],[104.3585,15.7426],[104.3591,15.7426],[104.3585,15.7432]]]}},{"type":"Feature","properties":{"kind":"seasonal","area_km2":0.557,"date":"2026-09-29"},"geometry":{"type":"Polygon","coordinates":[[[104.3841,16.2539],[104.3847,16.2528],[104.3825,16.2506],[104.3794,16.2512],[104.3794,16.2504],[104.3782,16.2504],[104.3771,16.2514],[104.3763,16.2514],[104.376,16.2509],[104.3752,16.2509],[104.3746,16.2503],[104.3746,16.2493],[104.3743,16.2503],[104.3729,16.2512],[104.3704,16.2509],[104.3693,16.2503],[104.3698,16.2503],[104.3701,16.2493],[104.3724,16.249],[104.3735,16.2479],[104.3735,16.2463],[104.3755,16.2466],[104.3774,16.2482],[104.3791,16.2479],[104.3791,16.2474],[104.3783,16.2471],[104.3783,16.2463],[104.3842,16.2463],[104.3844,16.2479],[104.3858,16.2479],[104.3858,16.249],[104.3864,16.2498],[104.3858,16.2498],[104.3856,16.2488],[104.3839,16.2487],[104.3836,16.2471],[104.3794,16.2471],[104.3811,16.2487],[104.3808,16.2493],[104.3794,16.249],[104.3797,16.2501],[104.3813,16.2493],[104.3816,16.2498],[104.3825,16.2496],[104.3827,16.2506],[104.3847,16.2504],[104.3847,16.2509],[104.3841,16.2509],[104.3847,16.2515],[104.3841,16.2517],[104.3855,16.2517],[104.3858,16.2534],[104.3841,16.2539]],[[104.3754,16.2501],[104.3763,16.2501],[104.3763,16.2498],[104.3754,16.2495],[104.3754,16.2501]],[[104.3777,16.2495],[104.3794,16.2498],[104.3794,16.2495],[104.3777,16.2495]]]}},{"type":"Feature","properties":{"kind":"seasonal","area_km2":0.529,"date":"2026-10-02"},"geometry":{"type":"Polygon","coordinates":[[[103.7343,15.6672],[103.7338,15.6661],[103.7321,15.6658],[103.7321,15.6574],[103.7335,15.6566],[103.7344,15.6566],[103.7347,15.6561],[103.7363,15.6561],[103.7363,15.6556],[103.7372,15.655],[103.7372,15.6539],[103.738,15.654],[103.7389,15.6548],[103.7389,15.6559],[103.7377,15.6556],[103.7375,15.6561],[103.7383,15.6561],[103.7391,15.6569],[103.7391,15.658],[103.7377,15.6618],[103.7366,15.6621],[103.7363,15.6615],[103.7369,15.6613],[103.7369,15.6596],[103.7377,15.6599],[103.738,15.6588],[103.7372,15.6588],[103.7366,15.6596],[103.7352,15.6602],[103.7327,15.6599],[103.7329,15.6612],[103.7338,15.6612],[103.7338,15.6621],[103.7329,15.6629],[103.7335,15.6648],[103.7338,15.6642],[103.7346,15.6642],[103.7349,15.6648],[103.7349,15.6637],[103.7354,15.6634],[103.7355,15.6629],[103.7363,15.6623],[103.7369,15.6626],[103.7368,15.6642],[103.736,15.6651],[103.736,15.6661],[103.7351,15.6672],[103.7343,15.6672]],[[103.7349,15.6653],[103.7352,15.6656],[103.7352,15.6653],[103.7349,15.6653]],[[103.738,15.6586],[103.7383,15.6588],[103.7383,15.6586],[103.738,15.6586]],[[103.7377,15.658],[103.738,15.6583],[103.738,15.658],[103.7377,15.658]]]}},{"type":"Feature","properties":{"kind":"seasonal","area_km2":0.517,"date":"2026-10-02"},"geometry":{"type":"Polygon","coordinates":[[[103.109,16.4272],[103.1081,16.4266],[103.1079,16.4258],[103.107,16.4258],[103.1067,16.4253],[103.1042,16.4252],[103.1037,16.4247],[103.1037,16.4236],[103.1045,16.4236],[103.1045,16.4231],[103.1034,16.422],[103.1034,16.419],[103.104,16.4206],[103.1037,16.4214],[103.1042,16.422],[103.1046,16.4179],[103.1054,16.4174],[103.1054,16.4179],[103.1062,16.4179],[103.1062,16.4185],[103.1068,16.4185],[103.1077,16.4174],[103.1074,16.4169],[103.1079,16.4166],[103.1091,16.4169],[103.1093,16.4212],[103.1087,16.4231],[103.1096,16.4237],[103.1101,16.4253],[103.1101,16.4269],[103.109,16.4272]],[[103.1054,16.4231],[103.1056,16.4236],[103.1056,16.4231],[103.1054,16.4231]]]}},{"type":"Feature","properties":{"kind":"seasonal","area_km2":0.481,"date":"2026-10-02"},"geometry":{"type":"Polygon","coordinates":[[[103.0427,15.8538],[103.0424,15.853],[103.0419,15.853],[103.0422,15.8516],[103.0416,15.8513],[103.0416,15.8497],[103.0405,15.8489],[103.0405,15.8483],[103.0414,15.8478],[103.0414,15.8462],[103.0408,15.8459],[103.0408,15.8454],[103.04,15.8456],[103.0406,15.8445],[103.042,15.8446],[103.042,15.8437],[103.0425,15.8432],[103.0434,15.8432],[103.0434,15.8424],[103.0425,15.8421],[103.0423,15.8402],[103.0417,15.8397],[103.0417,15.8381],[103.0426,15.8356],[103.042,15.8353],[103.0426,15.8351],[103.0424,15.8326],[103.0429,15.8329],[103.0426,15.8397],[103.0431,15.84],[103.0434,15.8419],[103.0439,15.8419],[103.0439,15.8432],[103.0445,15.8435],[103.0445,15.8443],[103.0436,15.8454],[103.0436,15.8465],[103.0445,15.8457],[103.0453,15.8457],[103.0456,15.8468],[103.0456,15.8476],[103.045,15.8481],[103.0456,15.8489],[103.0455,15.8519],[103.0447,15.8519],[103.0438,15.8527],[103.0433,15.8527],[103.0427,15.8538]],[[103.0422,15.8519],[103.0424,15.8524],[103.0424,15.8519],[103.0422,15.8519]],[[103.0425,15.8508],[103.043,15.8508],[103.043,15.8503],[103.0427,15.8503],[103.0425,15.8508]],[[103.0436,15.8495],[103.0441,15.85],[103.0442,15.8492],[103.0436,15.8495]],[[103.0416,15.8484],[103.0419,15.8489],[103.0419,15.8484],[103.0416,15.8484]]]}},{"type":"Feature","properties":{"kind":"seasonal","area_km2":0.426,"date":"2026-10-02"},"geometry":{"type":"Polygon","coordinates":[[[103.631,16.2832],[103.6308,16.2826],[103.6288,16.2829],[103.6288,16.2821],[103.6246,16.2821],[103.6246,16.2812],[103.6235,16.2818],[103.6221,16.2815],[103.6221,16.282],[103.6215,16.2823],[103.6204,16.2823],[103.6195,16.2818],[103.6165,16.282],[103.6165,16.2809],[103.6156,16.2806],[103.6156,16.2798],[103.621,16.2799],[103.6243,16.2804],[103.6246,16.281],[103.6263,16.2807],[103.6263,16.2815],[103.6288,16.2813],[103.6294,16.281],[103.6291,16.2796],[103.6288,16.2805],[103.6257,16.2804],[103.6257,16.2799],[103.6246,16.2793],[103.6246,16.2783],[103.626,16.2785],[103.6263,16.2794],[103.6269,16.2794],[103.6272,16.278],[103.6288,16.278],[103.6291,16.2791],[103.6294,16.2786],[103.6302,16.2786],[103.6308,16.2794],[103.6314,16.2794],[103.6313,16.2805],[103.6308,16.281],[103.6297,16.281],[103.6297,16.2818],[103.6302,16.2818],[103.6302,16.2813],[103.6319,16.2813],[103.6322,16.2832],[103.631,16.2832]]]}},{"type":"Feature","properties":{"kind":"seasonal","area_km2":0.413,"date":"2026-10-02"},"geometry":{"type":"Polygon","coordinates":[[[103.4468,16.1114],[103.4466,16.1103],[103.4469,16.1097],[103.4474,16.1098],[103.4477,16.1076],[103.4483,16.1076],[103.4483,16.1051],[103.4472,16.1041],[103.4472,16.1035],[103.4463,16.1035],[103.4463,16.1027],[103.4472,16.1027],[103.4475,16.1022],[103.4494,16.1024],[103.4511,16.1041],[103.4516,16.1071],[103.4525,16.1082],[103.4547,16.1082],[103.455,16.1076],[103.4558,16.1076],[103.457,16.1055],[103.457,16.1049],[103.4548,16.1038],[103.4539,16.1025],[103.4548,16.1025],[103.4553,16.1036],[103.4559,16.1036],[103.4559,16.1041],[103.4581,16.1047],[103.4584,16.1055],[103.4592,16.1058],[103.4595,16.1077],[103.4575,16.1071],[103.4575,16.109],[103.4569,16.1098],[103.4564,16.1093],[103.4539,16.1087],[103.4525,16.1101],[103.4516,16.1101],[103.4511,16.106],[103.4505,16.106],[103.4505,16.1052],[103.4494,16.1052],[103.4491,16.1073],[103.4483,16.1087],[103.4482,16.1106],[103.4477,16.1106],[103.4477,16.1111],[103.4468,16.1114]]]}},{"type":"Feature","properties":{"kind":"seasonal","area_km2":0.394,"date":"2026-09-29"},"geometry":{"type":"Polygon","coordinates":[[[103.9531,15.6771],[103.9529,15.6733],[103.9543,15.6719],[103.954,15.6708],[103.9534,15.6705],[103.9532,15.6711],[103.9529,15.6705],[103.9529,15.67],[103.9537,15.6697],[103.9537,15.6689],[103.9548,15.6689],[103.956,15.67],[103.9579,15.6708],[103.9582,15.6719],[103.9593,15.6719],[103.9615,15.6741],[103.9615,15.6755],[103.9607,15.6755],[103.9593,15.6744],[103.9559,15.6741],[103.9548,15.6762],[103.954,15.6771],[103.9531,15.6771]],[[103.9571,15.6725],[103.9574,15.6716],[103.9565,15.6716],[103.9565,15.6719],[103.9571,15.6725]],[[103.9576,15.6719],[103.9579,15.6722],[103.9579,15.6719],[103.9576,15.6719]]]}},{"type":"Feature","properties":{"kind":"seasonal","area_km2":0.374,"date":"2026-10-02"},"geometry":{"type":"Polygon","coordinates":[[[103.9133,15.7539],[103.9113,15.752],[103.9113,15.7498],[103.9108,15.7487],[103.911,15.7471],[103.9125,15.746],[103.9133,15.746],[103.9147,15.7474],[103.9155,15.7474],[103.9164,15.749],[103.9161,15.752],[103.9152,15.7525],[103.9147,15.7539],[103.9133,15.7539]],[[103.9133,15.7503],[103.9136,15.7506],[103.9136,15.7503],[103.9133,15.7503]]]}},{"type":"Feature","properties":{"kind":"seasonal","area_km2":0.366,"date":"2026-10-02"},"geometry":{"type":"Polygon","coordinates":[[[102.9586,16.3276],[102.9569,16.3274],[102.9564,16.3265],[102.9553,16.3214],[102.9556,16.3203],[102.9567,16.3206],[102.9573,16.3227],[102.9587,16.3244],[102.9609,16.3241],[102.9618,16.3233],[102.9634,16.3233],[102.9643,16.3244],[102.964,16.3225],[102.9648,16.3225],[102.9645,16.3247],[102.9651,16.3258],[102.9631,16.3258],[102.9623,16.326],[102.9617,16.3269],[102.9609,16.3268],[102.9606,16.3274],[102.9586,16.3276]],[[102.9586,16.3271],[102.9589,16.3274],[102.9589,16.3271],[102.9586,16.3271]],[[102.9572,16.326],[102.9581,16.3257],[102.9581,16.3247],[102.9572,16.3252],[102.9572,16.326]]]}},{"type":"Feature","properties":{"kind":"seasonal","area_km2":0.349,"date":"2026-09-29"},"geometry":{"type":"Polygon","coordinates":[[[104.2542,16.4539],[104.254,16.4531],[104.2526,16.4531],[104.2526,16.4514],[104.2512,16.4514],[104.2506,16.4498],[104.2498,16.4498],[104.2498,16.4479],[104.2478,16.4479],[104.2481,16.4465],[104.2498,16.4466],[104.25,16.4476],[104.2509,16.4485],[104.2514,16.4479],[104.2523,16.4479],[104.2523,16.4487],[104.2531,16.4487],[104.2529,16.4476],[104.2534,16.4471],[104.2545,16.4471],[104.2548,16.4487],[104.2562,16.4487],[104.2562,16.4496],[104.2551,16.4501],[104.2551,16.452],[104.2559,16.452],[104.2562,16.4512],[104.2571,16.4512],[104.2568,16.4539],[104.2542,16.4539]],[[104.2514,16.4501],[104.252,16.4498],[104.252,16.4493],[104.2514,16.4493],[104.2514,16.4501]],[[104.2528,16.4493],[104.2531,16.4495],[104.2531,16.4493],[104.2528,16.4493]]]}},{"type":"Feature","properties":{"kind":"seasonal","area_km2":0.338,"date":"2026-09-29"},"geometry":{"type":"Polygon","coordinates":[[[104.0215,15.945],[104.0215,15.9442],[104.0201,15.9445],[104.0196,15.9428],[104.0185,15.9431],[104.0185,15.9439],[104.0176,15.9439],[104.0179,15.9426],[104.0173,15.9426],[104.0174,15.9418],[104.0182,15.9418],[104.0193,15.9399],[104.0179,15.9399],[104.0179,15.939],[104.0185,15.9388],[104.0185,15.9382],[104.0193,15.9382],[104.0193,15.9388],[104.0202,15.9391],[104.0199,15.9369],[104.021,15.9372],[104.021,15.9382],[104.0216,15.9382],[104.0216,15.9374],[104.0227,15.9374],[104.0233,15.9385],[104.0238,15.9385],[104.0238,15.938],[104.0252,15.9383],[104.0249,15.9402],[104.023,15.9402],[104.023,15.9388],[104.0216,15.9391],[104.0221,15.942],[104.0221,15.9431],[104.0215,15.9434],[104.0229,15.9437],[104.0229,15.9445],[104.0224,15.945],[104.0215,15.945]],[[104.0204,15.9426],[104.021,15.9426],[104.021,15.942],[104.0207,15.942],[104.0204,15.9426]],[[104.0196,15.9415],[104.0199,15.9418],[104.0199,15.9415],[104.0196,15.9415]]]}},{"type":"Feature","properties":{"kind":"seasonal","area_km2":0.321,"date":"2026-10-02"},"geometry":{"type":"Polygon","coordinates":[[[103.1665,15.6635],[103.1604,15.6631],[103.1593,15.6623],[103.157,15.6618],[103.1573,15.6596],[103.1598,15.6596],[103.1621,15.6607],[103.1632,15.6602],[103.1652,15.6602],[103.1663,15.6608],[103.1665,15.6635]]]}},{"type":"Feature","properties":{"kind":"seasonal","area_km2":0.317,"date":"2026-10-02"},"geometry":{"type":"Polygon","coordinates":[[[102.9768,16.2817],[102.9765,16.2806],[102.9773,16.2807],[102.9771,16.2796],[102.9757,16.2796],[102.9754,16.2809],[102.974,16.2806],[102.974,16.2798],[102.9757,16.2785],[102.9771,16.276],[102.9797,16.2742],[102.9794,16.2725],[102.98,16.2723],[102.98,16.2717],[102.9814,16.2715],[102.9816,16.2731],[102.9808,16.2739],[102.9799,16.2761],[102.9805,16.2777],[102.9793,16.279],[102.9788,16.2807],[102.9779,16.2812],[102.9779,16.2817],[102.9768,16.2817]],[[102.9779,16.2777],[102.9785,16.2777],[102.9791,16.2766],[102.9777,16.2769],[102.9779,16.2777]],[[102.9797,16.2744],[102.9799,16.2747],[102.9799,16.2744],[102.9797,16.2744]]]}},{"type":"Feature","properties":{"kind":"seasonal","area_km2":0.317,"date":"2026-10-02"},"geometry":{"type":"Polygon","coordinates":[[[103.7236,16.0774],[103.7231,16.0752],[103.7217,16.0755],[103.7217,16.0747],[103.7222,16.0744],[103.722,16.0728],[103.7231,16.0717],[103.7236,16.0717],[103.7242,16.0706],[103.7279,16.0712],[103.7281,16.0728],[103.7276,16.0728],[103.7276,16.0742],[103.7267,16.0747],[103.7253,16.0772],[103.7236,16.0774]],[[103.7233,16.0752],[103.7247,16.0753],[103.725,16.0742],[103.7245,16.0742],[103.7242,16.075],[103.7233,16.0752]]]}},{"type":"Feature","properties":{"kind":"seasonal","area_km2":0.31,"date":"2026-09-29"},"geometry":{"type":"Polygon","coordinates":[[[104.3492,15.7575],[104.3456,15.7572],[104.3456,15.7561],[104.3439,15.7561],[104.3439,15.7556],[104.3431,15.7556],[104.3423,15.754],[104.3414,15.7556],[104.3403,15.7556],[104.3394,15.7567],[104.3383,15.7564],[104.3381,15.7548],[104.3389,15.754],[104.3392,15.7529],[104.3411,15.7523],[104.3414,15.7534],[104.342,15.7537],[104.342,15.7523],[104.3434,15.7521],[104.3434,15.7529],[104.3439,15.7532],[104.3439,15.7548],[104.3445,15.7548],[104.3453,15.7559],[104.3484,15.7559],[104.3484,15.7553],[104.349,15.7553],[104.349,15.7545],[104.3495,15.7545],[104.3495,15.754],[104.3507,15.7532],[104.3507,15.754],[104.3498,15.7545],[104.3498,15.757],[104.3492,15.7575]]]}},{"type":"Feature","properties":{"kind":"seasonal","area_km2":0.281,"date":"2026-10-02"},"geometry":{"type":"Polygon","coordinates":[[[102.9942,16.3049],[102.994,16.3039],[102.9928,16.3033],[102.992,16.3017],[102.9909,16.3008],[102.9909,16.2995],[102.9915,16.2989],[102.9915,16.2979],[102.9921,16.2973],[102.9921,16.2965],[102.9926,16.2963],[102.9926,16.2954],[102.9938,16.2946],[102.9949,16.2949],[102.9955,16.2941],[102.9957,16.2949],[102.9952,16.2952],[102.9957,16.2955],[102.9949,16.2963],[102.9943,16.2963],[102.9937,16.2982],[102.9937,16.3006],[102.9948,16.3014],[102.9948,16.3033],[102.9954,16.3039],[102.9953,16.3047],[102.9942,16.3049]]]}},{"type":"Feature","properties":{"kind":"seasonal","area_km2":0.275,"date":"2026-09-29"},"geometry":{"type":"Polygon","coordinates":[[[104.004,15.9742],[104.0037,15.9737],[104.0032,15.9737],[104.0032,15.9729],[104.0026,15.9726],[104.0026,15.9715],[104.0035,15.971],[104.0035,15.9704],[104.0024,15.9699],[104.0021,15.9691],[104.0015,15.9693],[104.0015,15.9674],[104.0032,15.9656],[104.0041,15.9656],[104.0043,15.9664],[104.0052,15.9661],[104.0049,15.9656],[104.0055,15.9656],[104.0054,15.968],[104.0046,15.9694],[104.006,15.9704],[104.006,15.9715],[104.0066,15.9721],[104.006,15.9721],[104.006,15.9729],[104.0051,15.9742],[104.004,15.9742]],[[104.0046,15.9723],[104.0049,15.9726],[104.0049,15.9723],[104.0046,15.9723]],[[104.0049,15.9723],[104.0054,15.9723],[104.0054,15.9715],[104.0046,15.971],[104.0043,15.9718],[104.0049,15.9718],[104.0049,15.9723]],[[104.0018,15.9683],[104.0021,15.9688],[104.0021,15.9683],[104.0018,15.9683]],[[104.0021,15.968],[104.0026,15.968],[104.0029,15.9672],[104.0024,15.9672],[104.0021,15.968]],[[104.0046,15.9672],[104.0052,15.9675],[104.0052,15.9672],[104.0046,15.9672]]]}},{"type":"Feature","properties":{"kind":"seasonal","area_km2":0.275,"date":"2026-10-02"},"geometry":{"type":"Polygon","coordinates":[[[103.1403,15.5299],[103.1392,15.5285],[103.1358,15.5285],[103.1353,15.529],[103.1319,15.5295],[103.1317,15.5279],[103.1339,15.5274],[103.1353,15.5263],[103.1387,15.5261],[103.1395,15.5269],[103.1406,15.5269],[103.1409,15.5274],[103.1426,15.5277],[103.1426,15.5285],[103.1414,15.5293],[103.1414,15.5299],[103.1403,15.5299]]]}},{"type":"Feature","properties":{"kind":"seasonal","area_km2":0.272,"date":"2026-10-02"},"geometry":{"type":"Polygon","coordinates":[[[103.6483,16.2242],[103.6472,16.2226],[103.6472,16.2215],[103.648,16.2204],[103.6542,16.2207],[103.6556,16.2202],[103.6565,16.2191],[103.6582,16.2188],[103.6581,16.2196],[103.6573,16.2207],[103.6551,16.2212],[103.6539,16.2223],[103.6517,16.2226],[103.6494,16.2242],[103.6483,16.2242]]]}},{"type":"Feature","properties":{"kind":"seasonal","area_km2":0.268,"date":"2026-10-02"},"geometry":{"type":"Polygon","coordinates":[[[103.9757,16.1889],[103.9755,16.1875],[103.9763,16.1867],[103.9755,16.1862],[103.9755,16.1853],[103.9766,16.1848],[103.9766,16.184],[103.9777,16.1837],[103.9766,16.1834],[103.9766,16.1826],[103.9758,16.1826],[103.9758,16.1837],[103.9746,16.184],[103.9746,16.1829],[103.9749,16.1824],[103.9758,16.1824],[103.9758,16.1813],[103.9769,16.1813],[103.9777,16.1829],[103.9797,16.1832],[103.9797,16.1851],[103.9788,16.1883],[103.9783,16.1889],[103.9757,16.1889]],[[103.9777,16.1862],[103.978,16.1864],[103.978,16.1862],[103.9777,16.1862]]]}},{"type":"Feature","properties":{"kind":"seasonal","area_km2":0.268,"date":"2026-09-29"},"geometry":{"type":"Polygon","coordinates":[[[104.4281,15.7073],[104.4281,15.7038],[104.4273,15.7029],[104.4259,15.7027],[104.4253,15.7016],[104.4245,15.7016],[104.4239,15.701],[104.4242,15.7],[104.4273,15.6997],[104.4281,15.7008],[104.4298,15.7011],[104.432,15.7032],[104.4314,15.7038],[104.43,15.7038],[104.43,15.7043],[104.4289,15.7051],[104.4289,15.7073],[104.4281,15.7073]]]}},{"type":"Feature","properties":{"kind":"seasonal","area_km2":0.266,"date":"2026-09-29"},"geometry":{"type":"Polygon","coordinates":[[[104.3723,16.2598],[104.3723,16.259],[104.3743,16.2585],[104.3746,16.2579],[104.3763,16.2579],[104.3763,16.2574],[104.3774,16.2563],[104.3771,16.2555],[104.3794,16.2555],[104.3796,16.2544],[104.3799,16.2558],[104.3788,16.2563],[104.3808,16.2566],[104.3813,16.2558],[104.3827,16.2558],[104.383,16.2566],[104.3836,16.2566],[104.3841,16.255],[104.3864,16.2545],[104.3869,16.2536],[104.3883,16.2536],[104.3895,16.2526],[104.39,16.2526],[104.3903,16.2531],[104.3917,16.2531],[104.3914,16.2537],[104.3886,16.2536],[104.3883,16.2542],[104.3878,16.2542],[104.3875,16.2555],[104.3867,16.2555],[104.3864,16.255],[104.3847,16.2555],[104.3836,16.2574],[104.3827,16.2574],[104.3827,16.2566],[104.3819,16.2563],[104.3813,16.2569],[104.3813,16.2577],[104.3791,16.2574],[104.3782,16.258],[104.3782,16.2585],[104.3763,16.2585],[104.376,16.2593],[104.3723,16.2598]],[[104.3785,16.2563],[104.3788,16.2566],[104.3788,16.2563],[104.3785,16.2563]],[[104.3864,16.2545],[104.3867,16.2547],[104.3867,16.2545],[104.3864,16.2545]]]}},{"type":"Feature","properties":{"kind":"seasonal","area_km2":0.258,"date":"2026-09-29"},"geometry":{"type":"Polygon","coordinates":[[[104.5571,16.3533],[104.5554,16.3517],[104.5549,16.3517],[104.5532,16.3495],[104.5524,16.3492],[104.5521,16.3487],[104.5524,16.3468],[104.5518,16.346],[104.5518,16.3449],[104.5504,16.3435],[104.5487,16.3406],[104.5479,16.34],[104.5479,16.3392],[104.5507,16.3387],[104.5507,16.3403],[104.5524,16.3411],[104.5535,16.3425],[104.5546,16.3425],[104.5546,16.3441],[104.5552,16.3449],[104.5552,16.3476],[104.5557,16.3484],[104.5549,16.3482],[104.5543,16.3444],[104.5524,16.3433],[104.5515,16.3414],[104.5504,16.3411],[104.5504,16.3427],[104.551,16.3427],[104.551,16.3435],[104.5524,16.3446],[104.5526,16.349],[104.5535,16.3492],[104.5554,16.3514],[104.5571,16.352],[104.5571,16.3525],[104.5583,16.3531],[104.5571,16.3533]]]}},{"type":"Feature","properties":{"kind":"seasonal","area_km2":0.257,"date":"2026-09-29"},"geometry":{"type":"Polygon","coordinates":[[[104.0194,15.9323],[104.0177,15.932],[104.0177,15.9312],[104.0166,15.9312],[104.0166,15.9317],[104.0146,15.9312],[104.0143,15.9295],[104.0157,15.9293],[104.016,15.9309],[104.0166,15.9309],[104.0166,15.9304],[104.0174,15.9298],[104.0166,15.929],[104.0166,15.9282],[104.0152,15.9285],[104.0146,15.9279],[104.0146,15.9271],[104.016,15.9271],[104.016,15.9255],[104.0171,15.9255],[104.018,15.9258],[104.0185,15.9266],[104.0197,15.9266],[104.0197,15.9279],[104.0191,15.9282],[104.0188,15.9293],[104.0188,15.9298],[104.0194,15.9298],[104.0194,15.9323]],[[104.0166,15.9279],[104.0169,15.9282],[104.0169,15.9279],[104.0166,15.9279]]]}},{"type":"Feature","properties":{"kind":"seasonal","area_km2":0.257,"date":"2026-10-02"},"geometry":{"type":"Polygon","coordinates":[[[103.267,16.1843],[103.2667,16.1835],[103.2659,16.1835],[103.2651,16.1818],[103.2642,16.1813],[103.264,16.1786],[103.2629,16.1769],[103.2629,16.1726],[103.2637,16.1726],[103.2643,16.1734],[103.2648,16.1734],[103.2643,16.1737],[103.2646,16.1745],[103.2634,16.1745],[103.2634,16.1758],[103.2637,16.1764],[103.2654,16.1764],[103.2659,16.1775],[103.2659,16.1791],[103.2665,16.1794],[103.2665,16.1813],[103.2659,16.1816],[103.2681,16.1821],[103.2684,16.184],[103.267,16.1843]],[[103.2667,16.1826],[103.267,16.1829],[103.267,16.1826],[103.2667,16.1826]],[[103.2662,16.1824],[103.2667,16.1826],[103.2667,16.1824],[103.2662,16.1824]],[[103.2656,16.1816],[103.2659,16.1818],[103.2659,16.1816],[103.2656,16.1816]]]}},{"type":"Feature","properties":{"kind":"seasonal","area_km2":0.242,"date":"2026-09-29"},"geometry":{"type":"Polygon","coordinates":[[[104.463,15.6111],[104.4631,15.607],[104.4647,15.6068],[104.4645,15.6087],[104.4653,15.6087],[104.4653,15.6078],[104.4667,15.607],[104.4667,15.6062],[104.4675,15.6051],[104.4689,15.6051],[104.4695,15.6057],[104.4695,15.6079],[104.4678,15.6097],[104.4647,15.6095],[104.4642,15.61],[104.4642,15.6111],[104.463,15.6111]],[[104.4667,15.6081],[104.467,15.6089],[104.467,15.6081],[104.4667,15.6081]]]}},{"type":"Feature","properties":{"kind":"seasonal","area_km2":0.23,"date":"2026-09-29"},"geometry":{"type":"Polygon","coordinates":[[[104.3114,15.8623],[104.313,15.8618],[104.313,15.8613],[104.3136,15.8613],[104.3136,15.8607],[104.3153,15.8594],[104.3192,15.8597],[104.3198,15.8588],[104.3203,15.8588],[104.3198,15.8578],[104.3198,15.8564],[104.3192,15.8559],[104.3122,15.8561],[104.3125,15.8556],[104.3148,15.8553],[104.3153,15.8558],[104.3161,15.8559],[104.3212,15.8542],[104.3215,15.8597],[104.3209,15.8602],[104.3203,15.8602],[104.3201,15.8607],[104.3187,15.8607],[104.3175,15.8597],[104.3159,15.8596],[104.3142,15.8618],[104.3133,15.8618],[104.313,15.8624],[104.3114,15.8623]]]}},{"type":"Feature","properties":{"kind":"seasonal","area_km2":0.223,"date":"2026-10-02"},"geometry":{"type":"Polygon","coordinates":[[[103.3663,15.6618],[103.3661,15.6604],[103.3652,15.6604],[103.365,15.6593],[103.365,15.6585],[103.3658,15.6585],[103.3658,15.658],[103.3652,15.658],[103.3653,15.6572],[103.3672,15.655],[103.3672,15.6542],[103.3684,15.6542],[103.3689,15.6548],[103.3683,15.6548],[103.3681,15.6556],[103.3675,15.6556],[103.3683,15.6558],[103.3681,15.6569],[103.3672,15.6569],[103.3675,15.658],[103.3686,15.6586],[103.3692,15.6578],[103.3697,15.6578],[103.3697,15.6588],[103.3714,15.658],[103.3714,15.6589],[103.3686,15.6596],[103.3677,15.6605],[103.3675,15.6615],[103.3663,15.6618]],[[103.3669,15.6561],[103.3675,15.6567],[103.3675,15.6558],[103.3669,15.6561]]]}},{"type":"Feature","properties":{"kind":"seasonal","area_km2":0.217,"date":"2026-10-02"},"geometry":{"type":"Polygon","coordinates":[[[103.9063,15.7481],[103.9049,15.7476],[103.9046,15.746],[103.9055,15.7443],[103.9066,15.7441],[103.9071,15.7433],[103.908,15.7433],[103.9105,15.7455],[103.9105,15.7465],[103.9094,15.7476],[103.9063,15.7481]],[[103.906,15.7468],[103.9066,15.7468],[103.9066,15.7462],[103.9069,15.7465],[103.9077,15.7462],[103.9071,15.7462],[103.9069,15.7457],[103.9057,15.7457],[103.906,15.7468]]]}},{"type":"Feature","properties":{"kind":"seasonal","area_km2":0.208,"date":"2026-10-02"},"geometry":{"type":"Polygon","coordinates":[[[103.4426,15.5984],[103.4427,15.5976],[103.4418,15.5967],[103.4418,15.5956],[103.4427,15.5957],[103.4438,15.5948],[103.4444,15.5951],[103.4444,15.5946],[103.4455,15.5946],[103.4455,15.5935],[103.446,15.593],[103.4469,15.593],[103.4477,15.5938],[103.4477,15.5946],[103.4483,15.5949],[103.4483,15.5962],[103.4477,15.5965],[103.4477,15.597],[103.4466,15.597],[103.446,15.5978],[103.4452,15.5978],[103.4446,15.5984],[103.4426,15.5984]],[[103.4429,15.5981],[103.4452,15.5973],[103.4457,15.5962],[103.4446,15.5962],[103.4441,15.5967],[103.4427,15.597],[103.4429,15.5981]],[[103.4455,15.5954],[103.446,15.5954],[103.446,15.5949],[103.4455,15.5949],[103.4455,15.5954]]]}},{"type":"Feature","properties":{"kind":"seasonal","area_km2":0.207,"date":"2026-10-02"},"geometry":{"type":"Polygon","coordinates":[[[103.2865,16.3238],[103.286,16.3216],[103.286,16.3192],[103.2869,16.3184],[103.2883,16.3181],[103.2883,16.3176],[103.2894,16.3176],[103.2897,16.3214],[103.2888,16.3222],[103.2888,16.3233],[103.2882,16.3233],[103.288,16.3238],[103.2865,16.3238]],[[103.288,16.3197],[103.2885,16.3197],[103.2886,16.3192],[103.288,16.3192],[103.288,16.3197]]]}},{"type":"Feature","properties":{"kind":"seasonal","area_km2":0.204,"date":"2026-09-29"},"geometry":{"type":"Polygon","coordinates":[[[104.0409,16.0007],[104.0406,15.9988],[104.0401,15.9988],[104.0401,15.9977],[104.0406,15.9974],[104.0406,15.9969],[104.0398,15.9969],[104.039,15.9961],[104.0392,15.995],[104.0404,15.995],[104.0409,15.9956],[104.0423,15.9953],[104.0443,15.9975],[104.044,15.9996],[104.0423,15.9994],[104.0417,15.9999],[104.0417,16.0007],[104.0409,16.0007]]]}},{"type":"Feature","properties":{"kind":"seasonal","area_km2":0.202,"date":"2026-09-29"},"geometry":{"type":"Polygon","coordinates":[[[104.0216,15.9363],[104.0216,15.9353],[104.0202,15.935],[104.0202,15.9344],[104.0193,15.9342],[104.0194,15.9334],[104.0199,15.9334],[104.0205,15.9323],[104.0219,15.9326],[104.0219,15.9317],[104.0208,15.9317],[104.0208,15.9309],[104.0227,15.9304],[104.0224,15.9317],[104.023,15.932],[104.0236,15.9312],[104.0244,15.9312],[104.0247,15.9328],[104.0238,15.9328],[104.0238,15.9355],[104.023,15.9355],[104.0227,15.9364],[104.0216,15.9363]],[[104.0222,15.9345],[104.023,15.9345],[104.0227,15.9331],[104.0224,15.9339],[104.0219,15.9339],[104.0222,15.9345]]]}},{"type":"Feature","properties":{"kind":"seasonal","area_km2":0.198,"date":"2026-09-29"},"geometry":{"type":"Polygon","coordinates":[[[104.4853,15.5439],[104.4842,15.5428],[104.4842,15.542],[104.4848,15.5417],[104.4845,15.5404],[104.4828,15.5401],[104.482,15.5393],[104.482,15.5387],[104.4811,15.5385],[104.4806,15.5376],[104.4789,15.5379],[104.4789,15.5365],[104.4795,15.536],[104.4823,15.536],[104.4817,15.5357],[104.482,15.5344],[104.4831,15.5344],[104.4828,15.5368],[104.4848,15.5368],[104.4848,15.5374],[104.4842,15.5371],[104.4834,15.5376],[104.4823,15.5374],[104.4809,15.5376],[104.4823,15.5379],[104.4825,15.5387],[104.4842,15.5387],[104.4848,15.5393],[104.4848,15.5404],[104.4853,15.5406],[104.485,15.5431],[104.4862,15.5431],[104.4862,15.5425],[104.4867,15.5423],[104.4867,15.5439],[104.4853,15.5439]],[[104.482,15.5363],[104.4823,15.5368],[104.4823,15.5363],[104.482,15.5363]]]}},{"type":"Feature","properties":{"kind":"seasonal","area_km2":0.195,"date":"2026-09-29"},"geometry":{"type":"Polygon","coordinates":[[[104.0163,16.0445],[104.016,16.0432],[104.0171,16.0434],[104.0171,16.0429],[104.0163,16.0429],[104.016,16.0421],[104.0149,16.0423],[104.0152,16.041],[104.0171,16.041],[104.0177,16.0405],[104.0188,16.0405],[104.0188,16.0394],[104.0202,16.0394],[104.0202,16.0378],[104.0214,16.0375],[104.0216,16.0394],[104.0211,16.0399],[104.02,16.0399],[104.0194,16.041],[104.0194,16.0432],[104.018,16.0434],[104.0177,16.0445],[104.0163,16.0445]]]}},{"type":"Feature","properties":{"kind":"seasonal","area_km2":0.194,"date":"2026-09-29"},"geometry":{"type":"Polygon","coordinates":[[[104.0266,15.9407],[104.0266,15.9394],[104.0255,15.9393],[104.0255,15.9383],[104.0269,15.9383],[104.0272,15.9388],[104.0277,15.9388],[104.0277,15.9383],[104.0289,15.9383],[104.0297,15.9388],[104.0297,15.9375],[104.0303,15.9375],[104.0305,15.9369],[104.0303,15.9348],[104.0314,15.9345],[104.0317,15.9359],[104.0325,15.9367],[104.0325,15.9383],[104.0319,15.9383],[104.0311,15.9394],[104.0297,15.9396],[104.0294,15.9405],[104.0266,15.9407]]]}},{"type":"Feature","properties":{"kind":"seasonal","area_km2":0.194,"date":"2026-09-29"},"geometry":{"type":"Polygon","coordinates":[[[104.4473,15.6466],[104.4476,15.6436],[104.4473,15.6431],[104.4462,15.6431],[104.4456,15.6425],[104.4459,15.6403],[104.4467,15.6395],[104.4479,15.6395],[104.4484,15.6401],[104.4484,15.6414],[104.4493,15.6425],[104.4492,15.6439],[104.4498,15.6441],[104.4498,15.6452],[104.4492,15.6455],[104.4492,15.646],[104.4487,15.6466],[104.4473,15.6466]],[[104.4476,15.6417],[104.4479,15.642],[104.4479,15.6417],[104.4476,15.6417]]]}},{"type":"Feature","properties":{"kind":"seasonal","area_km2":0.194,"date":"2026-10-02"},"geometry":{"type":"Polygon","coordinates":[[[103.754,15.6107],[103.7537,15.6082],[103.7545,15.6079],[103.7545,15.6069],[103.7576,15.6069],[103.7599,15.608],[103.7598,15.6088],[103.7593,15.6093],[103.7568,15.6093],[103.757,15.6104],[103.754,15.6107]]]}},{"type":"Feature","properties":{"kind":"seasonal","area_km2":0.194,"date":"2026-10-02"},"geometry":{"type":"Polygon","coordinates":[[[103.4504,16.0832],[103.4502,16.0821],[103.4496,16.0827],[103.4488,16.0816],[103.4485,16.0797],[103.4502,16.0794],[103.4502,16.0786],[103.4507,16.0783],[103.4505,16.0759],[103.4513,16.0759],[103.4516,16.0764],[103.4527,16.0764],[103.4533,16.077],[103.4533,16.0789],[103.4524,16.0789],[103.4518,16.0813],[103.4507,16.0819],[103.4504,16.0832]],[[103.4502,16.0794],[103.4507,16.08],[103.4507,16.0794],[103.4502,16.0794]]]}},{"type":"Feature","properties":{"kind":"seasonal","area_km2":0.192,"date":"2026-10-02"},"geometry":{"type":"Polygon","coordinates":[[[103.9893,16.2334],[103.9893,16.2326],[103.9884,16.2326],[103.9881,16.2315],[103.989,16.231],[103.9893,16.2291],[103.9901,16.2283],[103.9912,16.2283],[103.9915,16.2288],[103.9921,16.2288],[103.9926,16.2275],[103.9938,16.2272],[103.9946,16.2283],[103.9957,16.2288],[103.9957,16.2299],[103.9949,16.2302],[103.9924,16.2296],[103.9907,16.2299],[103.9909,16.2307],[103.9898,16.2318],[103.9901,16.2334],[103.9893,16.2334]],[[103.9901,16.2304],[103.9904,16.2307],[103.9904,16.2304],[103.9901,16.2304]]]}},{"type":"Feature","properties":{"kind":"seasonal","area_km2":0.188,"date":"2026-10-02"},"geometry":{"type":"Polygon","coordinates":[[[102.9404,16.3527],[102.9398,16.351],[102.9362,16.348],[102.9357,16.348],[102.9351,16.3475],[102.9351,16.3467],[102.9371,16.3467],[102.9385,16.3478],[102.9393,16.3478],[102.9413,16.3494],[102.9415,16.3505],[102.9421,16.3508],[102.9421,16.3519],[102.9412,16.3527],[102.9404,16.3527]]]}},{"type":"Feature","properties":{"kind":"seasonal","area_km2":0.187,"date":"2026-09-29"},"geometry":{"type":"Polygon","coordinates":[[[104.3168,16.2437],[104.3165,16.2415],[104.3154,16.2396],[104.3148,16.239],[104.3126,16.239],[104.3126,16.2382],[104.3132,16.2377],[104.3137,16.2377],[104.314,16.2382],[104.314,16.2377],[104.3146,16.2374],[104.3146,16.2369],[104.314,16.2366],[104.314,16.2355],[104.3151,16.2344],[104.3163,16.2347],[104.3162,16.2385],[104.3168,16.2391],[104.3171,16.2404],[104.3176,16.2407],[104.3176,16.2437],[104.3168,16.2437]],[[104.3146,16.2388],[104.3157,16.2388],[104.3154,16.2369],[104.3151,16.2377],[104.3146,16.2377],[104.3146,16.2382],[104.3151,16.2382],[104.3146,16.2388]]]}},{"type":"Feature","properties":{"kind":"seasonal","area_km2":0.183,"date":"2026-10-02"},"geometry":{"type":"Polygon","coordinates":[[[103.3848,16.0155],[103.3845,16.0141],[103.3876,16.0117],[103.3887,16.0117],[103.3896,16.0133],[103.3901,16.0136],[103.3901,16.0144],[103.3907,16.0147],[103.3907,16.0155],[103.3882,16.0155],[103.3876,16.015],[103.387,16.0155],[103.3848,16.0155]]]}},{"type":"Feature","properties":{"kind":"seasonal","area_km2":0.181,"date":"2026-09-29"},"geometry":{"type":"Polygon","coordinates":[[[104.023,15.9266],[104.023,15.926],[104.0211,15.9263],[104.0211,15.9255],[104.0191,15.9258],[104.0188,15.9247],[104.0194,15.9247],[104.0202,15.9239],[104.0202,15.9233],[104.0214,15.9231],[104.0208,15.9241],[104.0216,15.925],[104.0228,15.9239],[104.0233,15.9212],[104.0245,15.9212],[104.0244,15.9233],[104.0239,15.9239],[104.0236,15.9252],[104.0253,15.9252],[104.0256,15.9263],[104.023,15.9266]]]}},{"type":"Feature","properties":{"kind":"seasonal","area_km2":0.179,"date":"2026-10-02"},"geometry":{"type":"Polygon","coordinates":[[[102.9063,16.2024],[102.9033,16.2019],[102.9027,16.2008],[102.9002,16.1989],[102.8997,16.1967],[102.9008,16.1967],[102.9011,16.1972],[102.903,16.197],[102.9039,16.1978],[102.9038,16.1989],[102.9044,16.1992],[102.9035,16.2005],[102.9041,16.2005],[102.9044,16.2013],[102.9063,16.2019],[102.9063,16.2024]]]}},{"type":"Feature","properties":{"kind":"seasonal","area_km2":0.179,"date":"2026-10-02"},"geometry":{"type":"Polygon","coordinates":[[[103.5584,15.8039],[103.5576,15.8031],[103.5551,15.8033],[103.5542,15.8022],[103.5526,15.8019],[103.5528,15.8003],[103.5534,15.7998],[103.5554,15.7998],[103.5568,15.8003],[103.5576,15.8012],[103.5579,15.8022],[103.5595,15.8031],[103.5595,15.8039],[103.5584,15.8039]]]}},{"type":"Feature","properties":{"kind":"seasonal","area_km2":0.178,"date":"2026-10-02"},"geometry":{"type":"Polygon","coordinates":[[[103.964,16.2262],[103.9629,16.2257],[103.9629,16.2249],[103.9624,16.2243],[103.9612,16.2241],[103.9612,16.2224],[103.9646,16.2214],[103.9632,16.2227],[103.9626,16.2227],[103.9626,16.2235],[103.9635,16.2235],[103.9643,16.2227],[103.9649,16.2227],[103.9649,16.2222],[103.9655,16.2222],[103.9668,16.2235],[103.9668,16.2243],[103.9654,16.2254],[103.9654,16.226],[103.964,16.2262]]]}},{"type":"Feature","properties":{"kind":"seasonal","area_km2":0.177,"date":"2026-10-02"},"geometry":{"type":"Polygon","coordinates":[[[103.1211,16.2473],[103.1211,16.2462],[103.1219,16.2459],[103.1217,16.2446],[103.1222,16.2438],[103.1239,16.2438],[103.1253,16.2449],[103.1273,16.2449],[103.127,16.2462],[103.1264,16.2462],[103.1259,16.2471],[103.1211,16.2473]]]}},{"type":"Feature","properties":{"kind":"seasonal","area_km2":0.176,"date":"2026-10-02"},"geometry":{"type":"Polygon","coordinates":[[[104.0152,16.4917],[104.0149,16.4903],[104.016,16.4895],[104.0161,16.4868],[104.0158,16.4854],[104.0152,16.4849],[104.0152,16.4838],[104.0161,16.4838],[104.0161,16.4844],[104.0172,16.4849],[104.018,16.486],[104.0183,16.4893],[104.0169,16.4892],[104.0174,16.4901],[104.0172,16.4914],[104.0152,16.4917]]]}},{"type":"Feature","properties":{"kind":"seasonal","area_km2":0.176,"date":"2026-09-29"},"geometry":{"type":"Polygon","coordinates":[[[104.3504,15.7529],[104.3509,15.7521],[104.3504,15.7518],[104.3504,15.7488],[104.349,15.7483],[104.351,15.7442],[104.3512,15.7448],[104.3524,15.7448],[104.3524,15.7434],[104.3529,15.7434],[104.3529,15.7442],[104.3535,15.7445],[104.3532,15.7437],[104.3535,15.7429],[104.3543,15.7442],[104.3543,15.7464],[104.3532,15.7464],[104.3515,15.7475],[104.351,15.7486],[104.3515,15.7524],[104.3512,15.7529],[104.3504,15.7529]],[[104.3518,15.7464],[104.3529,15.7464],[104.3535,15.7453],[104.3515,15.7453],[104.3518,15.7464]]]}},{"type":"Feature","properties":{"kind":"seasonal","area_km2":0.172,"date":"2026-10-02"},"geometry":{"type":"Polygon","coordinates":[[[103.1585,16.1183],[103.1576,16.1175],[103.1577,16.1159],[103.1608,16.1137],[103.1624,16.1137],[103.163,16.1143],[103.1624,16.1159],[103.1619,16.1159],[103.1607,16.1172],[103.1602,16.1172],[103.1596,16.1183],[103.1585,16.1183]]]}},{"type":"Feature","properties":{"kind":"seasonal","area_km2":0.17,"date":"2026-10-02"},"geometry":{"type":"Polygon","coordinates":[[[103.4514,16.4598],[103.4489,16.4598],[103.4483,16.459],[103.4455,16.4584],[103.4452,16.4573],[103.4464,16.4571],[103.4466,16.4565],[103.4492,16.4568],[103.4495,16.4563],[103.4503,16.4563],[103.4506,16.4576],[103.4514,16.4584],[103.4514,16.4598]]]}},{"type":"Feature","properties":{"kind":"seasonal","area_km2":0.169,"date":"2026-10-02"},"geometry":{"type":"Polygon","coordinates":[[[103.7153,16.1866],[103.7139,16.1858],[103.7137,16.1828],[103.7142,16.1828],[103.7148,16.1818],[103.7165,16.1815],[103.7162,16.1831],[103.7173,16.1839],[103.7176,16.1858],[103.717,16.1861],[103.717,16.1867],[103.7153,16.1866]]]}},{"type":"Feature","properties":{"kind":"seasonal","area_km2":0.161,"date":"2026-10-02"},"geometry":{"type":"Polygon","coordinates":[[[103.733,16.1924],[103.7302,16.1924],[103.7302,16.1913],[103.731,16.1908],[103.731,16.1897],[103.7322,16.1886],[103.7338,16.1892],[103.7336,16.1878],[103.7347,16.1876],[103.735,16.187],[103.7358,16.187],[103.7358,16.1881],[103.735,16.1884],[103.7347,16.1892],[103.7341,16.1892],[103.7341,16.1903],[103.733,16.1924]]]}},{"type":"Feature","properties":{"kind":"seasonal","area_km2":0.161,"date":"2026-09-29"},"geometry":{"type":"Polygon","coordinates":[[[104.0091,15.9631],[104.0091,15.9615],[104.0086,15.9615],[104.0089,15.9572],[104.0077,15.9574],[104.0075,15.9553],[104.0083,15.9553],[104.0089,15.9566],[104.0103,15.9564],[104.0105,15.9569],[104.0103,15.9588],[104.0094,15.9591],[104.0108,15.9593],[104.0111,15.9599],[104.0111,15.961],[104.01,15.961],[104.01,15.9615],[104.0108,15.9618],[104.0108,15.9626],[104.0091,15.9631]]]}},{"type":"Feature","properties":{"kind":"seasonal","area_km2":0.159,"date":"2026-10-02"},"geometry":{"type":"Polygon","coordinates":[[[103.0658,16.2167],[103.0656,16.214],[103.0661,16.2134],[103.0661,16.2124],[103.0653,16.2115],[103.0653,16.2102],[103.0664,16.2102],[103.0667,16.2113],[103.0673,16.2118],[103.0684,16.2118],[103.0706,16.2143],[103.0703,16.2148],[103.0695,16.2143],[103.0695,16.2137],[103.0684,16.2137],[103.0678,16.2132],[103.0675,16.2154],[103.0664,16.2159],[103.0664,16.2167],[103.0658,16.2167]]]}},{"type":"Feature","properties":{"kind":"seasonal","area_km2":0.156,"date":"2026-10-02"},"geometry":{"type":"Polygon","coordinates":[[[103.4545,15.8869],[103.4545,15.8864],[103.4539,15.8861],[103.4539,15.8853],[103.4545,15.885],[103.4534,15.8848],[103.4534,15.8812],[103.4545,15.8818],[103.4548,15.8829],[103.4559,15.8829],[103.4556,15.8821],[103.4559,15.8815],[103.4562,15.8834],[103.457,15.8845],[103.4567,15.8864],[103.4561,15.8864],[103.4559,15.8869],[103.4545,15.8869]],[[103.4539,15.8821],[103.4542,15.8823],[103.4542,15.8821],[103.4539,15.8821]]]}},{"type":"Feature","properties":{"kind":"seasonal","area_km2":0.155,"date":"2026-10-02"},"geometry":{"type":"Polygon","coordinates":[[[103.5465,15.7471],[103.546,15.7463],[103.5437,15.7457],[103.5423,15.7444],[103.5421,15.743],[103.5454,15.7439],[103.5476,15.7439],[103.5473,15.7471],[103.5465,15.7471]]]}},{"type":"Feature","properties":{"kind":"seasonal","area_km2":0.154,"date":"2026-10-02"},"geometry":{"type":"Polygon","coordinates":[[[103.6922,16.2903],[103.6919,16.2898],[103.6931,16.2887],[103.6919,16.2884],[103.6922,16.2876],[103.6917,16.2876],[103.6917,16.2871],[103.6908,16.2876],[103.6903,16.2868],[103.6908,16.2868],[103.6908,16.2863],[103.6914,16.2863],[103.6917,16.2857],[103.6936,16.2857],[103.6939,16.2849],[103.6945,16.2858],[103.6945,16.2868],[103.6959,16.2879],[103.6959,16.2887],[103.6939,16.2885],[103.6939,16.2895],[103.693,16.2904],[103.6922,16.2903]],[[103.6917,16.2865],[103.6919,16.2871],[103.6919,16.2866],[103.6917,16.2865]]]}},{"type":"Feature","properties":{"kind":"seasonal","area_km2":0.15,"date":"2026-10-02"},"geometry":{"type":"Polygon","coordinates":[[[103.888,16.026],[103.888,16.0246],[103.8891,16.0244],[103.8885,16.0241],[103.8885,16.0236],[103.888,16.0236],[103.8883,16.0222],[103.8894,16.0209],[103.89,16.0209],[103.89,16.0203],[103.8908,16.02],[103.8908,16.0195],[103.8916,16.0195],[103.8916,16.0201],[103.8925,16.0203],[103.8925,16.0214],[103.8902,16.0228],[103.8896,16.0255],[103.8891,16.026],[103.888,16.026]],[[103.8899,16.0219],[103.8905,16.0219],[103.8902,16.0211],[103.8899,16.0211],[103.8899,16.0219]]]}},{"type":"Feature","properties":{"kind":"seasonal","area_km2":0.149,"date":"2026-10-02"},"geometry":{"type":"Polygon","coordinates":[[[102.9072,16.1989],[102.9072,16.1981],[102.9083,16.1976],[102.9084,16.1965],[102.91,16.196],[102.912,16.196],[102.9129,16.1949],[102.9129,16.1938],[102.9137,16.1936],[102.9149,16.1922],[102.9165,16.1925],[102.9162,16.1939],[102.9146,16.1938],[102.9143,16.1947],[102.9131,16.1946],[102.9131,16.1963],[102.9123,16.1974],[102.9098,16.1971],[102.9086,16.1976],[102.9089,16.1984],[102.9072,16.1989]]]}},{"type":"Feature","properties":{"kind":"seasonal","area_km2":0.149,"date":"2026-09-29"},"geometry":{"type":"Polygon","coordinates":[[[104.2228,15.6353],[104.2217,15.6342],[104.2209,15.6342],[104.2206,15.6321],[104.2217,15.6321],[104.222,15.6315],[104.2245,15.6315],[104.2248,15.6345],[104.224,15.6353],[104.2228,15.6353]]]}},{"type":"Feature","properties":{"kind":"seasonal","area_km2":0.149,"date":"2026-10-02"},"geometry":{"type":"Polygon","coordinates":[[[103.1712,15.5838],[103.1712,15.5833],[103.1706,15.5833],[103.17,15.5824],[103.1692,15.5824],[103.1692,15.5805],[103.1698,15.5797],[103.1712,15.5797],[103.1734,15.5808],[103.1734,15.5822],[103.1725,15.5838],[103.1712,15.5838]]]}},{"type":"Feature","properties":{"kind":"seasonal","area_km2":0.146,"date":"2026-10-02"},"geometry":{"type":"Polygon","coordinates":[[[103.3803,15.8362],[103.3801,15.8319],[103.3809,15.8311],[103.3846,15.8314],[103.3846,15.8319],[103.3843,15.8319],[103.3843,15.8322],[103.384,15.8322],[103.384,15.8325],[103.3837,15.8325],[103.3837,15.8327],[103.3835,15.8327],[103.3834,15.833],[103.3846,15.8333],[103.3849,15.8327],[103.3854,15.8327],[103.3854,15.8336],[103.3865,15.8341],[103.386,15.8347],[103.3868,15.8352],[103.3868,15.8363],[103.3859,15.8357],[103.386,15.8349],[103.3848,15.8346],[103.3846,15.8341],[103.3843,15.8349],[103.3823,15.8349],[103.3818,15.8319],[103.3804,15.8322],[103.3803,15.8362]],[[103.3851,15.8341],[103.3857,15.8344],[103.3857,15.8341],[103.3851,15.8341]],[[103.3829,15.8341],[103.384,15.8341],[103.384,15.8336],[103.3829,15.8333],[103.3829,15.8341]],[[103.3846,15.8333],[103.3848,15.8336],[103.3848,15.8333],[103.3846,15.8333]],[[103.3829,15.8327],[103.3835,15.8327],[103.3835,15.8325],[103.3829,15.8322],[103.3829,15.8327]]]}},{"type":"Feature","properties":{"kind":"seasonal","area_km2":0.145,"date":"2026-10-02"},"geometry":{"type":"Polygon","coordinates":[[[103.0342,16.269],[103.0339,16.2679],[103.035,16.2674],[103.0348,16.2655],[103.0373,16.2652],[103.0381,16.2655],[103.039,16.2666],[103.0387,16.2679],[103.0342,16.269]]]}},{"type":"Feature","properties":{"kind":"seasonal","area_km2":0.144,"date":"2026-10-02"},"geometry":{"type":"Polygon","coordinates":[[[103.5383,16.3306],[103.5378,16.3297],[103.5367,16.3295],[103.5367,16.3284],[103.5372,16.3284],[103.5375,16.3278],[103.5392,16.3278],[103.5386,16.3276],[103.5387,16.3254],[103.5389,16.3249],[103.5395,16.3249],[103.5392,16.3254],[103.5401,16.3257],[103.5401,16.3268],[103.5406,16.327],[103.5406,16.3292],[103.5395,16.3306],[103.5383,16.3306]]]}},{"type":"Feature","properties":{"kind":"seasonal","area_km2":0.142,"date":"2026-10-02"},"geometry":{"type":"Polygon","coordinates":[[[103.417,16.164],[103.4145,16.1637],[103.415,16.1616],[103.4133,16.1618],[103.4133,16.1613],[103.4128,16.1613],[103.4128,16.1605],[103.415,16.1608],[103.4151,16.1589],[103.4165,16.1589],[103.4167,16.1594],[103.4173,16.1594],[103.4173,16.1613],[103.4159,16.1613],[103.4159,16.1618],[103.4164,16.1619],[103.417,16.164]]]}},{"type":"Feature","properties":{"kind":"seasonal","area_km2":0.139,"date":"2026-10-02"},"geometry":{"type":"Polygon","coordinates":[[[103.6672,16.2457],[103.6661,16.2449],[103.6667,16.2427],[103.6684,16.2425],[103.6687,16.243],[103.6703,16.2433],[103.6709,16.2439],[103.6706,16.2457],[103.6672,16.2457]]]}},{"type":"Feature","properties":{"kind":"seasonal","area_km2":0.139,"date":"2026-09-29"},"geometry":{"type":"Polygon","coordinates":[[[104.4544,15.6149],[104.4544,15.6141],[104.4532,15.6132],[104.4518,15.614],[104.4507,15.614],[104.4507,15.613],[104.4521,15.6124],[104.4521,15.6113],[104.4513,15.6105],[104.4516,15.6092],[104.4527,15.6092],[104.4533,15.6108],[104.4538,15.6108],[104.4538,15.6122],[104.4552,15.6132],[104.4552,15.6149],[104.4544,15.6149]]]}},{"type":"Feature","properties":{"kind":"seasonal","area_km2":0.136,"date":"2026-09-29"},"geometry":{"type":"Polygon","coordinates":[[[104.0535,15.8245],[104.0535,15.8237],[104.0541,15.8237],[104.0543,15.8226],[104.0538,15.8221],[104.0527,15.8185],[104.0521,15.8185],[104.0518,15.818],[104.0519,15.8166],[104.053,15.8166],[104.0538,15.8174],[104.0538,15.8183],[104.0552,15.8199],[104.0555,15.821],[104.0546,15.8242],[104.0535,15.8245]]]}},{"type":"Feature","properties":{"kind":"seasonal","area_km2":0.131,"date":"2026-10-02"},"geometry":{"type":"Polygon","coordinates":[[[103.6432,15.7244],[103.6436,15.7206],[103.6447,15.7196],[103.6464,15.7196],[103.6463,15.7215],[103.6455,15.7236],[103.6441,15.7244],[103.6432,15.7244]]]}},{"type":"Feature","properties":{"kind":"seasonal","area_km2":0.131,"date":"2026-10-02"},"geometry":{"type":"Polygon","coordinates":[[[103.5605,16.3763],[103.561,16.3752],[103.5619,16.3752],[103.5619,16.3746],[103.5624,16.3746],[103.5627,16.3736],[103.5616,16.3733],[103.5616,16.3738],[103.5602,16.3744],[103.5599,16.3754],[103.5591,16.3752],[103.5591,16.3741],[103.5608,16.3727],[103.5616,16.3711],[103.5636,16.3714],[103.5636,16.3722],[103.563,16.3725],[103.563,16.3752],[103.5613,16.3763],[103.5605,16.3763]]]}},{"type":"Feature","properties":{"kind":"seasonal","area_km2":0.131,"date":"2026-09-29"},"geometry":{"type":"Polygon","coordinates":[[[104.0278,15.9765],[104.0267,15.976],[104.0267,15.9749],[104.0276,15.9746],[104.0276,15.9741],[104.0267,15.9735],[104.0267,15.9724],[104.0276,15.9724],[104.0279,15.973],[104.0295,15.973],[104.0295,15.9738],[104.0307,15.9738],[104.0306,15.9752],[104.0301,15.9754],[104.0301,15.976],[104.0278,15.9765]],[[104.0287,15.9754],[104.029,15.9757],[104.029,15.9754],[104.0287,15.9754]],[[104.0292,15.9738],[104.0295,15.9741],[104.0295,15.9738],[104.0292,15.9738]]]}},{"type":"Feature","properties":{"kind":"seasonal","area_km2":0.13,"date":"2026-10-02"},"geometry":{"type":"Polygon","coordinates":[[[103.7103,16.227],[103.7103,16.2229],[103.7134,16.223],[103.7148,16.2246],[103.7145,16.2265],[103.7134,16.2265],[103.7125,16.227],[103.7103,16.227]],[[103.7111,16.2265],[103.7123,16.2265],[103.7126,16.2259],[103.7142,16.2254],[103.7142,16.2249],[103.7128,16.2246],[103.7128,16.2251],[103.712,16.2251],[103.712,16.224],[103.7114,16.2246],[103.7114,16.224],[103.7109,16.2238],[103.7111,16.2265]]]}},{"type":"Feature","properties":{"kind":"seasonal","area_km2":0.129,"date":"2026-09-29"},"geometry":{"type":"Polygon","coordinates":[[[104.2638,16.1602],[104.264,16.1586],[104.2671,16.157],[104.2685,16.157],[104.2685,16.1583],[104.2694,16.1586],[104.2694,16.16],[104.2677,16.16],[104.2663,16.1594],[104.2657,16.16],[104.2638,16.1602]],[[104.2646,16.1591],[104.2649,16.1594],[104.2649,16.1591],[104.2646,16.1591]],[[104.2649,16.1589],[104.2652,16.1591],[104.2652,16.1589],[104.2649,16.1589]],[[104.2652,16.1589],[104.266,16.1589],[104.266,16.1581],[104.2652,16.1583],[104.2652,16.1589]],[[104.2671,16.1581],[104.2674,16.1589],[104.2674,16.1581],[104.2671,16.1581]]]}},{"type":"Feature","properties":{"kind":"seasonal","area_km2":0.127,"date":"2026-10-02"},"geometry":{"type":"Polygon","coordinates":[[[103.4507,16.1174],[103.4499,16.1155],[103.4493,16.1152],[103.4493,16.1144],[103.4485,16.1136],[103.444,16.1127],[103.4432,16.1122],[103.4432,16.1111],[103.446,16.1111],[103.446,16.1122],[103.4477,16.1122],[103.4494,16.113],[103.4493,16.1141],[103.4502,16.1149],[103.4504,16.116],[103.451,16.116],[103.4516,16.1171],[103.4527,16.1171],[103.4507,16.1174]]]}},{"type":"Feature","properties":{"kind":"seasonal","area_km2":0.126,"date":"2026-10-02"},"geometry":{"type":"Polygon","coordinates":[[[102.968,16.3684],[102.968,16.3678],[102.9658,16.3662],[102.9658,16.3654],[102.9669,16.3646],[102.9689,16.3643],[102.9697,16.3649],[102.9697,16.3668],[102.9692,16.3668],[102.9691,16.3684],[102.968,16.3684]]]}},{"type":"Feature","properties":{"kind":"seasonal","area_km2":0.126,"date":"2026-09-29"},"geometry":{"type":"Polygon","coordinates":[[[104.0039,16.0496],[104.0022,16.048],[104.0,16.0477],[104.0003,16.0463],[104.0025,16.0455],[104.0048,16.0456],[104.0048,16.0466],[104.0042,16.0466],[104.0042,16.0485],[104.0048,16.0488],[104.0048,16.0496],[104.0039,16.0496]],[[104.0039,16.0485],[104.0042,16.0488],[104.0042,16.0485],[104.0039,16.0485]],[[104.0034,16.0483],[104.0039,16.0485],[104.0039,16.0483],[104.0034,16.0483]],[[104.0031,16.0474],[104.0034,16.0466],[104.002,16.0466],[104.002,16.0469],[104.0031,16.0474]]]}},{"type":"Feature","properties":{"kind":"seasonal","area_km2":0.125,"date":"2026-09-29"},"geometry":{"type":"Polygon","coordinates":[[[104.1561,16.3456],[104.1552,16.3442],[104.155,16.3421],[104.1541,16.3412],[104.1502,16.3412],[104.1499,16.3399],[104.1547,16.3402],[104.1561,16.3418],[104.1561,16.344],[104.1569,16.3448],[104.1569,16.3456],[104.1561,16.3456]]]}},{"type":"Feature","properties":{"kind":"seasonal","area_km2":0.125,"date":"2026-10-02"},"geometry":{"type":"Polygon","coordinates":[[[103.4519,15.8872],[103.4514,15.8864],[103.4503,15.8864],[103.4494,15.885],[103.448,15.885],[103.448,15.8845],[103.4466,15.8842],[103.4489,15.8842],[103.4494,15.8834],[103.4508,15.8834],[103.4511,15.8839],[103.4506,15.8842],[103.4517,15.8845],[103.4519,15.885],[103.4531,15.8845],[103.4531,15.8872],[103.4519,15.8872]]]}},{"type":"Feature","properties":{"kind":"seasonal","area_km2":0.123,"date":"2026-10-02"},"geometry":{"type":"Polygon","coordinates":[[[103.1095,16.3396],[103.1095,16.3388],[103.1112,16.3385],[103.1115,16.338],[103.1126,16.338],[103.1132,16.3375],[103.1155,16.3372],[103.116,16.3378],[103.116,16.3389],[103.1149,16.3391],[103.1146,16.3397],[103.1095,16.3396]]]}},{"type":"Feature","properties":{"kind":"seasonal","area_km2":0.123,"date":"2026-10-02"},"geometry":{"type":"Polygon","coordinates":[[[102.9171,15.5143],[102.9168,15.5135],[102.9157,15.5135],[102.9157,15.5127],[102.9165,15.5127],[102.9162,15.5113],[102.9191,15.5092],[102.9213,15.5098],[102.9216,15.5111],[102.9207,15.51],[102.9196,15.51],[102.9193,15.5108],[102.9182,15.5111],[102.9182,15.5116],[102.9174,15.5119],[102.9176,15.5124],[102.9182,15.5124],[102.9182,15.5119],[102.9196,15.5116],[102.9179,15.513],[102.9179,15.5143],[102.9171,15.5143]]]}},{"type":"Feature","properties":{"kind":"seasonal","area_km2":0.121,"date":"2026-09-29"},"geometry":{"type":"Polygon","coordinates":[[[104.2506,16.4476],[104.2506,16.4457],[104.2512,16.446],[104.2515,16.4444],[104.2501,16.4444],[104.2501,16.4428],[104.2492,16.4422],[104.2492,16.4414],[104.2501,16.4417],[104.2503,16.4428],[104.252,16.4436],[104.2537,16.4452],[104.2537,16.446],[104.2529,16.446],[104.2523,16.4466],[104.2529,16.4476],[104.2517,16.4476],[104.2514,16.4471],[104.2506,16.4476]]]}},{"type":"Feature","properties":{"kind":"seasonal","area_km2":0.121,"date":"2026-10-02"},"geometry":{"type":"Polygon","coordinates":[[[103.9201,15.7913],[103.9198,15.7905],[103.9192,15.7905],[103.9192,15.7911],[103.9175,15.791],[103.917,15.7905],[103.917,15.7894],[103.9198,15.7897],[103.9229,15.7894],[103.9231,15.7889],[103.924,15.7889],[103.924,15.79],[103.9231,15.7908],[103.9212,15.7908],[103.9212,15.7913],[103.9201,15.7913]]]}},{"type":"Feature","properties":{"kind":"seasonal","area_km2":0.12,"date":"2026-09-29"},"geometry":{"type":"Polygon","coordinates":[[[104.4781,15.5355],[104.4772,15.5333],[104.4747,15.5322],[104.4744,15.5306],[104.477,15.5308],[104.4775,15.5319],[104.4789,15.5328],[104.4789,15.5336],[104.4798,15.5336],[104.4795,15.5355],[104.4781,15.5355]],[[104.4786,15.5344],[104.4789,15.5346],[104.4789,15.5344],[104.4786,15.5344]],[[104.4781,15.5336],[104.4784,15.5327],[104.4775,15.5325],[104.4775,15.5333],[104.4781,15.5336]]]}},{"type":"Feature","properties":{"kind":"seasonal","area_km2":0.118,"date":"2026-09-29"},"geometry":{"type":"Polygon","coordinates":[[[104.5565,16.3612],[104.5568,16.3596],[104.5574,16.359],[104.5574,16.3577],[104.558,16.3571],[104.558,16.3555],[104.5585,16.355],[104.5582,16.3547],[104.5585,16.3533],[104.5611,16.3552],[104.5611,16.3563],[104.5596,16.3569],[104.5594,16.3574],[104.558,16.3577],[104.5571,16.3612],[104.5565,16.3612]],[[104.5596,16.3558],[104.5602,16.356],[104.5602,16.3558],[104.5596,16.3558]]]}},{"type":"Feature","properties":{"kind":"seasonal","area_km2":0.117,"date":"2026-10-02"},"geometry":{"type":"Polygon","coordinates":[[[102.9037,16.3485],[102.8995,16.346],[102.8995,16.3449],[102.8989,16.3447],[102.8993,16.3409],[102.9001,16.3409],[102.9004,16.3414],[102.9001,16.3439],[102.9012,16.3447],[102.9026,16.345],[102.9009,16.345],[102.9001,16.3441],[102.8995,16.3441],[102.8995,16.3447],[102.9001,16.3447],[102.9009,16.346],[102.9026,16.3466],[102.9037,16.348],[102.9048,16.3474],[102.9048,16.3483],[102.9037,16.3485]]]}},{"type":"Feature","properties":{"kind":"seasonal","area_km2":0.117,"date":"2026-10-02"},"geometry":{"type":"Polygon","coordinates":[[[103.4848,15.5732],[103.4823,15.5729],[103.4823,15.5721],[103.4817,15.5723],[103.482,15.5704],[103.4809,15.5704],[103.4806,15.5696],[103.4834,15.5696],[103.4823,15.5688],[103.484,15.5691],[103.4837,15.5696],[103.4843,15.5696],[103.4848,15.5705],[103.4848,15.5732]],[[103.4828,15.5723],[103.484,15.5726],[103.484,15.5724],[103.4828,15.5723]]]}},{"type":"Feature","properties":{"kind":"seasonal","area_km2":0.115,"date":"2026-09-29"},"geometry":{"type":"Polygon","coordinates":[[[104.3798,15.7411],[104.3784,15.7397],[104.3784,15.7362],[104.3776,15.7354],[104.3768,15.7353],[104.3765,15.7345],[104.3754,15.7337],[104.3754,15.7332],[104.3748,15.7332],[104.374,15.7353],[104.3698,15.7351],[104.3737,15.7351],[104.374,15.7334],[104.3745,15.7332],[104.3745,15.7321],[104.3754,15.7321],[104.3756,15.7332],[104.3762,15.7332],[104.3768,15.7343],[104.3776,15.7345],[104.3779,15.7354],[104.3784,15.7354],[104.3787,15.7359],[104.379,15.7392],[104.3795,15.7392],[104.3795,15.7397],[104.3807,15.7408],[104.3798,15.7411]]]}},{"type":"Feature","properties":{"kind":"seasonal","area_km2":0.114,"date":"2026-10-02"},"geometry":{"type":"Polygon","coordinates":[[[103.9732,16.5077],[103.9727,16.5072],[103.9727,16.5058],[103.9741,16.5061],[103.9755,16.504],[103.9769,16.504],[103.9766,16.5064],[103.9749,16.5078],[103.9732,16.5077]]]}},{"type":"Feature","properties":{"kind":"seasonal","area_km2":0.114,"date":"2026-09-29"},"geometry":{"type":"Polygon","coordinates":[[[104.4403,15.6243],[104.4387,15.6243],[104.4387,15.6235],[104.4392,15.623],[104.4384,15.6222],[104.4378,15.6227],[104.4367,15.6227],[104.4364,15.6213],[104.4381,15.6216],[104.4395,15.6216],[104.4398,15.6211],[104.4418,15.6213],[104.442,15.6227],[104.4409,15.6227],[104.4409,15.6232],[104.4403,15.6232],[104.4403,15.6243]],[[104.4412,15.6222],[104.4415,15.6224],[104.4415,15.6222],[104.4412,15.6222]],[[104.4404,15.6213],[104.4406,15.6216],[104.4406,15.6213],[104.4404,15.6213]]]}},{"type":"Feature","properties":{"kind":"seasonal","area_km2":0.113,"date":"2026-10-02"},"geometry":{"type":"Polygon","coordinates":[[[103.4634,16.2506],[103.4632,16.249],[103.4637,16.249],[103.464,16.2495],[103.4662,16.2492],[103.4665,16.2487],[103.4693,16.2487],[103.4696,16.2493],[103.4705,16.2493],[103.4702,16.2504],[103.4648,16.2501],[103.4648,16.2506],[103.4634,16.2506]]]}},{"type":"Feature","properties":{"kind":"seasonal","area_km2":0.112,"date":"2026-10-02"},"geometry":{"type":"Polygon","coordinates":[[[103.0301,15.8504],[103.0302,15.8491],[103.0299,15.8491],[103.0299,15.8493],[103.0285,15.8493],[103.0285,15.848],[103.0299,15.8477],[103.0299,15.8485],[103.0307,15.8483],[103.0305,15.8466],[103.0313,15.848],[103.0324,15.848],[103.033,15.8477],[103.0333,15.8464],[103.0344,15.8456],[103.0344,15.848],[103.0321,15.8488],[103.0307,15.8485],[103.0313,15.8493],[103.0321,15.8493],[103.0321,15.8502],[103.0301,15.8504]],[[103.0288,15.8488],[103.0299,15.8491],[103.0299,15.8488],[103.0288,15.8488]]]}},{"type":"Feature","properties":{"kind":"seasonal","area_km2":0.111,"date":"2026-09-29"},"geometry":{"type":"Polygon","coordinates":[[[104.012,15.949],[104.012,15.9472],[104.0126,15.9466],[104.0137,15.9466],[104.0145,15.9458],[104.0154,15.9458],[104.0156,15.9464],[104.0159,15.9455],[104.0168,15.9455],[104.0168,15.9469],[104.0151,15.9472],[104.0151,15.9477],[104.0142,15.9482],[104.0142,15.9491],[104.012,15.949]]]}},{"type":"Feature","properties":{"kind":"seasonal","area_km2":0.11,"date":"2026-10-02"},"geometry":{"type":"Polygon","coordinates":[[[103.3178,15.9141],[103.3147,15.9141],[103.315,15.9122],[103.3159,15.9117],[103.3164,15.9106],[103.3173,15.9106],[103.3181,15.9117],[103.3178,15.9141]]]}},{"type":"Feature","properties":{"kind":"seasonal","area_km2":0.109,"date":"2026-09-29"},"geometry":{"type":"Polygon","coordinates":[[[104.0083,15.9496],[104.0083,15.9485],[104.0072,15.9479],[104.0072,15.9469],[104.0078,15.9463],[104.0095,15.9466],[104.0098,15.9458],[104.0112,15.9458],[104.0103,15.9461],[104.0103,15.9469],[104.0109,15.9469],[104.0106,15.9488],[104.01,15.9488],[104.0097,15.9496],[104.0083,15.9496]]]}},{"type":"Feature","properties":{"kind":"seasonal","area_km2":0.108,"date":"2026-10-02"},"geometry":{"type":"Polygon","coordinates":[[[102.9206,16.2072],[102.9209,16.2061],[102.9223,16.2059],[102.9229,16.2053],[102.9229,16.2042],[102.9223,16.2045],[102.9212,16.2039],[102.9215,16.2031],[102.9223,16.2029],[102.9223,16.2023],[102.9218,16.2023],[102.9215,16.2018],[102.9195,16.2023],[102.9187,16.2018],[102.9187,16.2012],[102.9198,16.2018],[102.9223,16.2012],[102.9229,16.2018],[102.9226,16.204],[102.9243,16.2042],[102.924,16.2059],[102.9226,16.2059],[102.9217,16.2072],[102.9206,16.2072]]]}},{"type":"Feature","properties":{"kind":"seasonal","area_km2":0.105,"date":"2026-09-29"},"geometry":{"type":"Polygon","coordinates":[[[104.0374,16.0324],[104.0371,16.0319],[104.0363,16.0319],[104.0363,16.0313],[104.0382,16.0308],[104.0394,16.0294],[104.0402,16.0294],[104.0402,16.0308],[104.0413,16.0305],[104.0413,16.0324],[104.0385,16.0319],[104.0382,16.0324],[104.0374,16.0324]],[[104.0391,16.0308],[104.0393,16.0311],[104.0393,16.0308],[104.0391,16.0308]]]}},{"type":"Feature","properties":{"kind":"seasonal","area_km2":0.105,"date":"2026-09-29"},"geometry":{"type":"Polygon","coordinates":[[[104.1648,15.6544],[104.1632,15.6525],[104.1632,15.6508],[104.1646,15.6481],[104.1665,15.6481],[104.1665,15.6489],[104.1651,15.6495],[104.1646,15.6508],[104.1646,15.6519],[104.1651,15.6525],[104.1646,15.6533],[104.1654,15.6538],[104.1654,15.6544],[104.1648,15.6544]]]}},{"type":"Feature","properties":{"kind":"seasonal","area_km2":0.104,"date":"2026-10-02"},"geometry":{"type":"Polygon","coordinates":[[[103.7269,16.3453],[103.7267,16.3432],[103.7275,16.3415],[103.7275,16.3405],[103.7287,16.3402],[103.7292,16.341],[103.7292,16.3429],[103.7289,16.3437],[103.7281,16.3443],[103.7281,16.3451],[103.7269,16.3453]]]}},{"type":"Feature","properties":{"kind":"seasonal","area_km2":0.104,"date":"2026-10-02"},"geometry":{"type":"Polygon","coordinates":[[[103.7171,16.0806],[103.7174,16.0795],[103.7183,16.0796],[103.7177,16.0793],[103.7177,16.0787],[103.7183,16.0777],[103.7191,16.0774],[103.7191,16.0766],[103.7197,16.0771],[103.7194,16.0782],[103.7199,16.0796],[103.7205,16.0796],[103.7205,16.079],[103.7216,16.0779],[103.7222,16.078],[103.7216,16.0788],[103.7216,16.0804],[103.7171,16.0806]],[[103.7197,16.0796],[103.7199,16.0798],[103.7199,16.0796],[103.7197,16.0796]]]}},{"type":"Feature","properties":{"kind":"seasonal","area_km2":0.103,"date":"2026-09-29"},"geometry":{"type":"Polygon","coordinates":[[[104.025,15.973],[104.0234,15.9727],[104.0234,15.9689],[104.0242,15.9689],[104.0248,15.9694],[104.0242,15.9716],[104.0251,15.9711],[104.0253,15.9703],[104.0265,15.9703],[104.0267,15.9708],[104.0273,15.9708],[104.0273,15.9716],[104.0251,15.9722],[104.025,15.973]]]}},{"type":"Feature","properties":{"kind":"seasonal","area_km2":0.103,"date":"2026-09-29"},"geometry":{"type":"Polygon","coordinates":[[[104.5731,16.3528],[104.5731,16.352],[104.5745,16.3515],[104.5745,16.3504],[104.5751,16.3504],[104.5751,16.3498],[104.572,16.3498],[104.5717,16.3474],[104.5723,16.3474],[104.5729,16.3463],[104.5737,16.3455],[104.5743,16.3455],[104.5746,16.3447],[104.5751,16.3447],[104.5751,16.3452],[104.5746,16.3452],[104.5746,16.3458],[104.574,16.3458],[104.5734,16.3468],[104.5726,16.3474],[104.5726,16.3487],[104.576,16.3493],[104.576,16.3504],[104.5748,16.352],[104.5731,16.3528]]]}},{"type":"Feature","properties":{"kind":"seasonal","area_km2":0.103,"date":"2026-10-02"},"geometry":{"type":"Polygon","coordinates":[[[103.7102,15.5863],[103.7105,15.5849],[103.713,15.5838],[103.7144,15.5825],[103.7155,15.5828],[103.7155,15.5839],[103.7133,15.5849],[103.7133,15.5855],[103.7121,15.5857],[103.7119,15.5863],[103.7102,15.5863]]]}},{"type":"Feature","properties":{"kind":"seasonal","area_km2":0.102,"date":"2026-10-02"},"geometry":{"type":"Polygon","coordinates":[[[103.2687,16.1772],[103.2687,16.1762],[103.2679,16.1759],[103.2679,16.1753],[103.2654,16.1748],[103.2648,16.1737],[103.2662,16.174],[103.2665,16.1745],[103.2679,16.1743],[103.2688,16.1756],[103.2702,16.1743],[103.2713,16.1743],[103.2713,16.1762],[103.2724,16.1773],[103.2707,16.1764],[103.2707,16.1751],[103.2699,16.1759],[103.2699,16.177],[103.2687,16.1772]]]}},{"type":"Feature","properties":{"kind":"seasonal","area_km2":0.102,"date":"2026-10-02"},"geometry":{"type":"Polygon","coordinates":[[[103.0959,15.9743],[103.0954,15.9735],[103.0945,15.9735],[103.0945,15.9727],[103.0948,15.9719],[103.0959,15.9716],[103.0971,15.9703],[103.0973,15.9708],[103.0965,15.9716],[103.0971,15.9716],[103.0973,15.973],[103.1007,15.973],[103.0998,15.9736],[103.0987,15.9736],[103.0984,15.9741],[103.0959,15.9743]],[[103.0968,15.973],[103.0973,15.9733],[103.0973,15.973],[103.0968,15.973]]]}},{"type":"Feature","properties":{"kind":"seasonal","area_km2":0.097,"date":"2026-09-29"},"geometry":{"type":"Polygon","coordinates":[[[104.0379,16.0425],[104.0373,16.0387],[104.0382,16.0384],[104.0382,16.0376],[104.0393,16.0376],[104.0399,16.0381],[104.0399,16.0392],[104.039,16.0406],[104.039,16.0425],[104.0379,16.0425]]]}},{"type":"Feature","properties":{"kind":"seasonal","area_km2":0.095,"date":"2026-10-02"},"geometry":{"type":"Polygon","coordinates":[[[103.8522,16.1541],[103.8528,16.1508],[103.8542,16.1506],[103.8544,16.1511],[103.8553,16.1503],[103.8561,16.1503],[103.8558,16.1517],[103.8564,16.1519],[103.8564,16.153],[103.8555,16.153],[103.8553,16.1522],[103.8547,16.1522],[103.8544,16.1527],[103.8533,16.1525],[103.8527,16.1541],[103.8522,16.1541]],[[103.8553,16.1519],[103.8556,16.1522],[103.8556,16.1519],[103.8553,16.1519]]]}},{"type":"Feature","properties":{"kind":"seasonal","area_km2":0.095,"date":"2026-10-02"},"geometry":{"type":"Polygon","coordinates":[[[103.8688,16.0997],[103.8685,16.0983],[103.869,16.0983],[103.869,16.0978],[103.8679,16.0969],[103.8671,16.0969],[103.8665,16.0964],[103.8665,16.0956],[103.8707,16.097],[103.871,16.0991],[103.8688,16.0997]]]}},{"type":"Feature","properties":{"kind":"seasonal","area_km2":0.095,"date":"2026-10-02"},"geometry":{"type":"Polygon","coordinates":[[[102.9902,15.9254],[102.9896,15.9249],[102.9896,15.924],[102.9908,15.9232],[102.9908,15.9224],[102.9919,15.9224],[102.9933,15.9233],[102.9933,15.9249],[102.9902,15.9254]]]}},{"type":"Feature","properties":{"kind":"seasonal","area_km2":0.093,"date":"2026-10-02"},"geometry":{"type":"Polygon","coordinates":[[[103.1986,16.3965],[103.198,16.3954],[103.1972,16.3949],[103.1972,16.3924],[103.1997,16.3927],[103.198,16.393],[103.198,16.3949],[103.1989,16.3949],[103.1989,16.3943],[103.1994,16.3944],[103.1994,16.3933],[103.2006,16.3946],[103.2008,16.396],[103.1986,16.3965]],[[103.1989,16.3949],[103.1994,16.3952],[103.1994,16.3949],[103.1989,16.3949]],[[103.1994,16.3946],[103.1997,16.3949],[103.1997,16.3946],[103.1994,16.3946]]]}},{"type":"Feature","properties":{"kind":"seasonal","area_km2":0.093,"date":"2026-10-02"},"geometry":{"type":"Polygon","coordinates":[[[103.6215,16.2796],[103.6207,16.2785],[103.6201,16.279],[103.6176,16.2785],[103.6176,16.2777],[103.6204,16.2774],[103.621,16.278],[103.6224,16.278],[103.6227,16.2785],[103.6238,16.2783],[103.6238,16.2793],[103.6215,16.2796]]]}},{"type":"Feature","properties":{"kind":"seasonal","area_km2":0.093,"date":"2026-09-29"},"geometry":{"type":"Polygon","coordinates":[[[104.2501,15.6718],[104.2485,15.6715],[104.2485,15.6707],[104.249,15.6701],[104.2507,15.6696],[104.2513,15.6688],[104.2532,15.6691],[104.2532,15.6701],[104.2524,15.6701],[104.2501,15.6718]]]}},{"type":"Feature","properties":{"kind":"seasonal","area_km2":0.092,"date":"2026-10-02"},"geometry":{"type":"Polygon","coordinates":[[[103.4494,15.5919],[103.4486,15.5911],[103.4486,15.5897],[103.4492,15.5892],[103.4525,15.5892],[103.4519,15.5908],[103.4508,15.5911],[103.4502,15.5919],[103.4494,15.5919]]]}},{"type":"Feature","properties":{"kind":"seasonal","area_km2":0.091,"date":"2026-10-02"},"geometry":{"type":"Polygon","coordinates":[[[103.4407,15.8849],[103.4413,15.8814],[103.4419,15.8817],[103.4419,15.8825],[103.4427,15.8833],[103.4444,15.8831],[103.4447,15.8839],[103.4466,15.8836],[103.4466,15.8842],[103.4458,15.8842],[103.4458,15.885],[103.4449,15.885],[103.4444,15.8839],[103.4436,15.8839],[103.443,15.8847],[103.4407,15.8849]],[[103.4416,15.8844],[103.4427,15.8844],[103.4427,15.8839],[103.4416,15.8839],[103.4416,15.8844]]]}},{"type":"Feature","properties":{"kind":"seasonal","area_km2":0.09,"date":"2026-10-02"},"geometry":{"type":"Polygon","coordinates":[[[103.2804,16.3243],[103.2798,16.3235],[103.2798,16.3224],[103.2815,16.3221],[103.2824,16.3213],[103.2835,16.3213],[103.2835,16.3227],[103.2829,16.3237],[103.2823,16.3243],[103.2804,16.3243]]]}},{"type":"Feature","properties":{"kind":"seasonal","area_km2":0.089,"date":"2026-10-02"},"geometry":{"type":"Polygon","coordinates":[[[104.0308,16.4638],[104.0302,16.463],[104.0302,16.4611],[104.0325,16.4608],[104.033,16.4619],[104.033,16.4636],[104.0308,16.4638]]]}},{"type":"Feature","properties":{"kind":"seasonal","area_km2":0.089,"date":"2026-10-02"},"geometry":{"type":"Polygon","coordinates":[[[103.3686,15.654],[103.3689,15.6526],[103.3703,15.6523],[103.3701,15.651],[103.3695,15.651],[103.3692,15.6515],[103.3689,15.6502],[103.3701,15.6499],[103.3706,15.6491],[103.3715,15.6491],[103.3715,15.6499],[103.372,15.6499],[103.3715,15.6507],[103.372,15.6518],[103.3709,15.6521],[103.3695,15.654],[103.3686,15.654]],[[103.3706,15.6515],[103.3709,15.6518],[103.3709,15.6515],[103.3706,15.6515]]]}},{"type":"Feature","properties":{"kind":"seasonal","area_km2":0.087,"date":"2026-10-02"},"geometry":{"type":"Polygon","coordinates":[[[102.9,16.1921],[102.9,16.191],[102.9006,16.1907],[102.9003,16.1883],[102.9012,16.1883],[102.9023,16.1902],[102.9034,16.1902],[102.9034,16.1913],[102.902,16.1916],[102.9014,16.1921],[102.9,16.1921]]]}},{"type":"Feature","properties":{"kind":"seasonal","area_km2":0.086,"date":"2026-09-29"},"geometry":{"type":"Polygon","coordinates":[[[104.5551,16.3666],[104.5481,16.3663],[104.5481,16.3655],[104.5504,16.365],[104.5518,16.365],[104.5509,16.3658],[104.5546,16.3658],[104.5546,16.3663],[104.5551,16.3658],[104.5551,16.3666]]]}},{"type":"Feature","properties":{"kind":"seasonal","area_km2":0.086,"date":"2026-09-29"},"geometry":{"type":"Polygon","coordinates":[[[104.0175,16.0361],[104.0169,16.0342],[104.0138,16.0347],[104.0138,16.0339],[104.0163,16.0339],[104.0177,16.0331],[104.0197,16.0329],[104.02,16.0334],[104.0186,16.034],[104.0189,16.0361],[104.0175,16.0361]]]}},{"type":"Feature","properties":{"kind":"seasonal","area_km2":0.086,"date":"2026-09-29"},"geometry":{"type":"Polygon","coordinates":[[[104.1228,15.731],[104.1228,15.7301],[104.1222,15.7304],[104.1225,15.7285],[104.1239,15.728],[104.1242,15.7274],[104.1253,15.7274],[104.1253,15.7293],[104.1245,15.7301],[104.1239,15.7301],[104.1239,15.7307],[104.1228,15.731]]]}},{"type":"Feature","properties":{"kind":"seasonal","area_km2":0.086,"date":"2026-10-02"},"geometry":{"type":"Polygon","coordinates":[[[103.3495,15.9718],[103.3487,15.9707],[103.347,15.9707],[103.3465,15.9702],[103.3465,15.9694],[103.3479,15.9686],[103.3496,15.9683],[103.3496,15.9689],[103.3485,15.9688],[103.3479,15.9699],[103.3484,15.9705],[103.3507,15.9702],[103.3507,15.9708],[103.3501,15.9708],[103.3498,15.9716],[103.3512,15.971],[103.3512,15.9702],[103.3521,15.9697],[103.3518,15.9719],[103.3495,15.9718]]]}},{"type":"Feature","properties":{"kind":"seasonal","area_km2":0.086,"date":"2026-10-02"},"geometry":{"type":"Polygon","coordinates":[[[103.384,15.8395],[103.3831,15.8384],[103.3831,15.8371],[103.3809,15.8365],[103.3817,15.8365],[103.3837,15.8354],[103.3837,15.836],[103.3848,15.8368],[103.3848,15.8376],[103.384,15.8382],[103.3854,15.8387],[103.3873,15.8387],[103.384,15.8395]],[[103.384,15.8387],[103.3842,15.839],[103.3842,15.8387],[103.384,15.8387]],[[103.3848,15.8387],[103.3854,15.839],[103.3854,15.8387],[103.3848,15.8387]]]}},{"type":"Feature","properties":{"kind":"seasonal","area_km2":0.086,"date":"2026-10-02"},"geometry":{"type":"Polygon","coordinates":[[[103.481,15.5235],[103.4807,15.5224],[103.4818,15.5214],[103.4857,15.5219],[103.4854,15.523],[103.481,15.5235]]]}},{"type":"Feature","properties":{"kind":"seasonal","area_km2":0.085,"date":"2026-10-02"},"geometry":{"type":"Polygon","coordinates":[[[103.4122,16.1648],[103.4094,16.1645],[103.4094,16.1632],[103.4102,16.1632],[103.4114,16.1624],[103.4128,16.1626],[103.4128,16.1621],[103.4139,16.1621],[103.4139,16.1629],[103.4122,16.1637],[103.4122,16.1648]]]}},{"type":"Feature","properties":{"kind":"seasonal","area_km2":0.084,"date":"2026-10-02"},"geometry":{"type":"Polygon","coordinates":[[[103.3692,16.4106],[103.3689,16.4096],[103.367,16.4098],[103.367,16.4085],[103.3675,16.4077],[103.3695,16.4077],[103.3704,16.4085],[103.3703,16.4107],[103.3692,16.4106]]]}},{"type":"Feature","properties":{"kind":"seasonal","area_km2":0.084,"date":"2026-10-02"},"geometry":{"type":"Polygon","coordinates":[[[103.8348,16.01],[103.8323,16.0097],[103.8325,16.0078],[103.8337,16.007],[103.8354,16.0067],[103.8353,16.0094],[103.8348,16.01]],[[103.8328,16.0097],[103.8337,16.0094],[103.8337,16.0086],[103.8325,16.0089],[103.8328,16.0097]]]}},{"type":"Feature","properties":{"kind":"seasonal","area_km2":0.082,"date":"2026-10-02"},"geometry":{"type":"Polygon","coordinates":[[[103.8625,15.9741],[103.8619,15.973],[103.8622,15.9708],[103.8628,15.9708],[103.8628,15.9697],[103.8642,15.9697],[103.8642,15.9703],[103.8628,15.9714],[103.8633,15.9719],[103.8644,15.9719],[103.8644,15.9733],[103.8636,15.9741],[103.8625,15.9741]]]}},{"type":"Feature","properties":{"kind":"seasonal","area_km2":0.081,"date":"2026-10-02"},"geometry":{"type":"Polygon","coordinates":[[[103.8256,15.8546],[103.8239,15.8537],[103.8239,15.8529],[103.8273,15.8529],[103.8278,15.8535],[103.8292,15.8532],[103.8292,15.8543],[103.8256,15.8546]]]}},{"type":"Feature","properties":{"kind":"seasonal","area_km2":0.081,"date":"2026-10-02"},"geometry":{"type":"Polygon","coordinates":[[[102.9744,15.6797],[102.9736,15.6783],[102.9736,15.6775],[102.9747,15.6772],[102.9747,15.6767],[102.9756,15.6767],[102.9753,15.6772],[102.977,15.6778],[102.9769,15.6794],[102.9756,15.6791],[102.9753,15.6797],[102.9744,15.6797]]]}},{"type":"Feature","properties":{"kind":"seasonal","area_km2":0.08,"date":"2026-10-02"},"geometry":{"type":"Polygon","coordinates":[[[103.2634,16.4025],[103.2626,16.4019],[103.2626,16.3998],[103.2645,16.3995],[103.2651,16.4006],[103.2651,16.4025],[103.2634,16.4025]]]}},{"type":"Feature","properties":{"kind":"seasonal","area_km2":0.08,"date":"2026-09-29"},"geometry":{"type":"Polygon","coordinates":[[[104.0697,15.8444],[104.0697,15.8427],[104.0711,15.8422],[104.0713,15.8417],[104.0711,15.8403],[104.0722,15.8403],[104.0727,15.8422],[104.0733,15.8425],[104.0733,15.8436],[104.0711,15.843],[104.0708,15.8444],[104.0697,15.8444]],[[104.0719,15.8425],[104.0722,15.8427],[104.0722,15.8425],[104.0719,15.8425]],[[104.0713,15.8425],[104.0719,15.8425],[104.0719,15.8406],[104.0716,15.8406],[104.0713,15.8425]]]}},{"type":"Feature","properties":{"kind":"seasonal","area_km2":0.08,"date":"2026-09-29"},"geometry":{"type":"Polygon","coordinates":[[[104.1679,15.6568],[104.1676,15.6563],[104.1665,15.656],[104.1654,15.6544],[104.1679,15.6544],[104.1679,15.6538],[104.1685,15.6536],[104.1699,15.6538],[104.1699,15.6547],[104.1682,15.6549],[104.1682,15.6555],[104.169,15.656],[104.169,15.6568],[104.1679,15.6568]]]}},{"type":"Feature","properties":{"kind":"seasonal","area_km2":0.078,"date":"2026-10-02"},"geometry":{"type":"Polygon","coordinates":[[[103.7498,16.3289],[103.7487,16.3287],[103.7487,16.3273],[103.7501,16.3257],[103.7512,16.3257],[103.7515,16.3287],[103.7498,16.3289]],[[103.7501,16.3284],[103.7504,16.3287],[103.7504,16.3284],[103.7501,16.3284]],[[103.7504,16.3284],[103.7506,16.3279],[103.7498,16.3278],[103.7498,16.3281],[103.7504,16.3284]]]}},{"type":"Feature","properties":{"kind":"seasonal","area_km2":0.078,"date":"2026-10-02"},"geometry":{"type":"Polygon","coordinates":[[[103.7414,15.7475],[103.74,15.7467],[103.74,15.7453],[103.7405,15.7443],[103.7414,15.7443],[103.7422,15.7454],[103.7428,15.7454],[103.7428,15.7467],[103.7422,15.747],[103.7422,15.7475],[103.7414,15.7475]]]}},{"type":"Feature","properties":{"kind":"seasonal","area_km2":0.078,"date":"2026-10-02"},"geometry":{"type":"Polygon","coordinates":[[[103.3888,15.5101],[103.3868,15.5088],[103.3871,15.5071],[103.3888,15.5074],[103.388,15.508],[103.388,15.5085],[103.3891,15.5077],[103.3902,15.5082],[103.3902,15.5099],[103.3896,15.5096],[103.3896,15.5101],[103.3888,15.5101]]]}},{"type":"Feature","properties":{"kind":"seasonal","area_km2":0.077,"date":"2026-10-02"},"geometry":{"type":"Polygon","coordinates":[[[103.0636,16.4997],[103.0636,16.4986],[103.0653,16.4967],[103.0664,16.4962],[103.0678,16.4965],[103.0675,16.4975],[103.0661,16.4978],[103.0647,16.4997],[103.0636,16.4997]]]}},{"type":"Feature","properties":{"kind":"seasonal","area_km2":0.077,"date":"2026-09-29"},"geometry":{"type":"Polygon","coordinates":[[[104.2335,15.618],[104.2333,15.6166],[104.235,15.6164],[104.2352,15.6148],[104.2372,15.6145],[104.2372,15.6156],[104.2358,15.6164],[104.2358,15.6172],[104.2347,15.618],[104.2335,15.618]],[[104.2361,15.6148],[104.2364,15.615],[104.2364,15.6148],[104.2361,15.6148]]]}},{"type":"Feature","properties":{"kind":"seasonal","area_km2":0.077,"date":"2026-09-29"},"geometry":{"type":"Polygon","coordinates":[[[104.2258,15.5846],[104.2258,15.5833],[104.2289,15.5825],[104.2306,15.5825],[104.2306,15.5833],[104.2298,15.5838],[104.2258,15.5846]]]}},{"type":"Feature","properties":{"kind":"seasonal","area_km2":0.076,"date":"2026-09-29"},"geometry":{"type":"Polygon","coordinates":[[[104.2734,16.125],[104.2737,16.1234],[104.2746,16.1228],[104.2746,16.1218],[104.2751,16.1215],[104.2751,16.1209],[104.2757,16.1204],[104.2771,16.1204],[104.2771,16.1215],[104.2765,16.1215],[104.2762,16.1223],[104.2751,16.1228],[104.2751,16.1242],[104.2743,16.125],[104.2734,16.125]]]}},{"type":"Feature","properties":{"kind":"seasonal","area_km2":0.076,"date":"2026-10-02"},"geometry":{"type":"Polygon","coordinates":[[[103.3683,16.4134],[103.3669,16.4131],[103.367,16.412],[103.3667,16.4114],[103.3661,16.4114],[103.3661,16.4106],[103.3686,16.4104],[103.3692,16.4112],[103.3692,16.4125],[103.3683,16.4134]]]}},{"type":"Feature","properties":{"kind":"seasonal","area_km2":0.076,"date":"2026-09-29"},"geometry":{"type":"Polygon","coordinates":[[[104.1439,15.7836],[104.1439,15.7828],[104.1422,15.7828],[104.1411,15.7823],[104.1405,15.7817],[104.1405,15.7809],[104.1439,15.7809],[104.1439,15.7826],[104.1444,15.7823],[104.1441,15.7834],[104.1447,15.7834],[104.1439,15.7836]]]}},{"type":"Feature","properties":{"kind":"seasonal","area_km2":0.076,"date":"2026-10-02"},"geometry":{"type":"Polygon","coordinates":[[[103.1769,15.634],[103.1769,15.6327],[103.176,15.6321],[103.176,15.6313],[103.1766,15.6308],[103.1761,15.6302],[103.1777,15.6302],[103.1788,15.6308],[103.1788,15.6319],[103.1777,15.6327],[103.1774,15.634],[103.1769,15.634]]]}},{"type":"Feature","properties":{"kind":"seasonal","area_km2":0.075,"date":"2026-10-02"},"geometry":{"type":"Polygon","coordinates":[[[103.2648,16.0455],[103.2648,16.0449],[103.2637,16.0441],[103.2637,16.0422],[103.2646,16.0422],[103.2651,16.0433],[103.266,16.0433],[103.2663,16.0425],[103.2671,16.0419],[103.2671,16.0436],[103.2663,16.0438],[103.266,16.0446],[103.2651,16.0446],[103.2648,16.0455]]]}},{"type":"Feature","properties":{"kind":"seasonal","area_km2":0.075,"date":"2026-10-02"},"geometry":{"type":"Polygon","coordinates":[[[103.4081,15.7622],[103.4081,15.7613],[103.4075,15.7613],[103.4067,15.7602],[103.4067,15.7589],[103.4078,15.7589],[103.4078,15.7594],[103.4087,15.7603],[103.4098,15.7603],[103.41,15.7622],[103.4081,15.7622]]]}},{"type":"Feature","properties":{"kind":"seasonal","area_km2":0.075,"date":"2026-09-29"},"geometry":{"type":"Polygon","coordinates":[[[104.4248,15.6918],[104.4245,15.6902],[104.4239,15.6905],[104.4242,15.691],[104.422,15.691],[104.422,15.6899],[104.4237,15.6886],[104.4242,15.6888],[104.4231,15.6896],[104.4248,15.6896],[104.425,15.6891],[104.4259,15.6891],[104.4259,15.6896],[104.4253,15.6899],[104.4256,15.6915],[104.4248,15.6918]],[[104.4248,15.6907],[104.425,15.6913],[104.425,15.6907],[104.4248,15.6907]]]}},{"type":"Feature","properties":{"kind":"seasonal","area_km2":0.074,"date":"2026-09-29"},"geometry":{"type":"Polygon","coordinates":[[[104.2641,15.6696],[104.2625,15.6677],[104.2619,15.6658],[104.263,15.6658],[104.2647,15.6677],[104.2647,15.6683],[104.2653,15.6683],[104.2653,15.6696],[104.2641,15.6696]]]}},{"type":"Feature","properties":{"kind":"seasonal","area_km2":0.073,"date":"2026-10-02"},"geometry":{"type":"Polygon","coordinates":[[[103.2013,16.4082],[103.1982,16.4082],[103.1985,16.4057],[103.1993,16.4057],[103.2002,16.4068],[103.2016,16.4071],[103.2013,16.4082]]]}},{"type":"Feature","properties":{"kind":"seasonal","area_km2":0.073,"date":"2026-10-02"},"geometry":{"type":"Polygon","coordinates":[[[103.0879,15.5693],[103.0871,15.5685],[103.0868,15.5668],[103.0877,15.566],[103.0885,15.566],[103.0894,15.5668],[103.0893,15.5687],[103.0888,15.5693],[103.0879,15.5693]]]}},{"type":"Feature","properties":{"kind":"seasonal","area_km2":0.071,"date":"2026-10-02"},"geometry":{"type":"Polygon","coordinates":[[[103.379,16.4438],[103.3791,16.443],[103.3774,16.4427],[103.3774,16.4408],[103.3785,16.4408],[103.3788,16.4414],[103.3805,16.4422],[103.3805,16.4438],[103.379,16.4438]]]}},{"type":"Feature","properties":{"kind":"seasonal","area_km2":0.071,"date":"2026-09-29"},"geometry":{"type":"Polygon","coordinates":[[[104.0278,16.0421],[104.0278,16.0416],[104.0264,16.0416],[104.0261,16.04],[104.0292,16.04],[104.0295,16.0413],[104.0289,16.0416],[104.0289,16.0421],[104.0278,16.0421]]]}},{"type":"Feature","properties":{"kind":"seasonal","area_km2":0.071,"date":"2026-09-29"},"geometry":{"type":"Polygon","coordinates":[[[104.1312,15.7304],[104.1301,15.7285],[104.1304,15.7277],[104.1298,15.7277],[104.1301,15.7266],[104.1295,15.7269],[104.1296,15.7242],[104.1307,15.7253],[104.1309,15.7277],[104.1321,15.7296],[104.132,15.7302],[104.1312,15.7304]]]}},{"type":"Feature","properties":{"kind":"seasonal","area_km2":0.071,"date":"2026-09-29"},"geometry":{"type":"Polygon","coordinates":[[[104.3989,15.7126],[104.3987,15.7107],[104.3995,15.7091],[104.3992,15.7077],[104.3998,15.708],[104.3998,15.7075],[104.4006,15.7075],[104.4009,15.7086],[104.4004,15.7088],[104.4004,15.7105],[104.3995,15.711],[104.3998,15.7126],[104.3989,15.7126]]]}},{"type":"Feature","properties":{"kind":"seasonal","area_km2":0.071,"date":"2026-10-02"},"geometry":{"type":"Polygon","coordinates":[[[103.067,15.5661],[103.0673,15.5648],[103.0678,15.5648],[103.069,15.5637],[103.0704,15.564],[103.0703,15.5659],[103.067,15.5661]]]}},{"type":"Feature","properties":{"kind":"seasonal","area_km2":0.07,"date":"2026-10-02"},"geometry":{"type":"Polygon","coordinates":[[[104.0238,16.4448],[104.0224,16.4437],[104.0225,16.4429],[104.0258,16.4429],[104.0258,16.4448],[104.0238,16.4448]]]}},{"type":"Feature","properties":{"kind":"seasonal","area_km2":0.07,"date":"2026-10-02"},"geometry":{"type":"Polygon","coordinates":[[[104.0131,16.3409],[104.0123,16.3398],[104.0117,16.3398],[104.0117,16.3387],[104.0154,16.3387],[104.0154,16.3398],[104.0145,16.3406],[104.0131,16.3409]],[[104.0137,16.3398],[104.0143,16.3401],[104.0143,16.3398],[104.0137,16.3398]]]}},{"type":"Feature","properties":{"kind":"seasonal","area_km2":0.07,"date":"2026-10-02"},"geometry":{"type":"Polygon","coordinates":[[[103.2356,16.1799],[103.2356,16.1778],[103.2365,16.1772],[103.2376,16.1773],[103.2379,16.1797],[103.2356,16.1799]]]}},{"type":"Feature","properties":{"kind":"seasonal","area_km2":0.069,"date":"2026-09-29"},"geometry":{"type":"Polygon","coordinates":[[[104.2728,15.6105],[104.2722,15.6097],[104.2708,15.6095],[104.2691,15.6078],[104.2683,15.6078],[104.2666,15.6062],[104.2683,15.607],[104.2694,15.607],[104.2694,15.6076],[104.2708,15.6078],[104.2714,15.6086],[104.2719,15.6078],[104.2728,15.6078],[104.2725,15.6086],[104.2719,15.6086],[104.2719,15.6092],[104.273,15.6097],[104.2728,15.6105]]]}},{"type":"Feature","properties":{"kind":"seasonal","area_km2":0.069,"date":"2026-10-02"},"geometry":{"type":"Polygon","coordinates":[[[103.0079,15.5209],[103.0079,15.52],[103.007,15.5189],[103.0073,15.5181],[103.0059,15.5181],[103.0073,15.5171],[103.0082,15.5171],[103.0093,15.519],[103.0093,15.52],[103.0087,15.52],[103.0079,15.5209]]]}},{"type":"Feature","properties":{"kind":"seasonal","area_km2":0.068,"date":"2026-10-02"},"geometry":{"type":"Polygon","coordinates":[[[103.2281,16.4824],[103.2262,16.4821],[103.2262,16.4808],[103.2276,16.4805],[103.2281,16.48],[103.2293,16.48],[103.2293,16.4816],[103.2287,16.4822],[103.2281,16.4819],[103.2281,16.4824]]]}},{"type":"Feature","properties":{"kind":"seasonal","area_km2":0.068,"date":"2026-10-02"},"geometry":{"type":"Polygon","coordinates":[[[103.1604,16.278],[103.1604,16.2774],[103.1581,16.2769],[103.1579,16.2744],[103.1593,16.2747],[103.1604,16.2758],[103.1604,16.2764],[103.1609,16.2766],[103.1609,16.278],[103.1604,16.278]]]}},{"type":"Feature","properties":{"kind":"seasonal","area_km2":0.068,"date":"2026-09-29"},"geometry":{"type":"Polygon","coordinates":[[[104.0339,15.9486],[104.0333,15.9481],[104.033,15.9459],[104.0339,15.9451],[104.0347,15.9451],[104.0353,15.9456],[104.035,15.9483],[104.0339,15.9486]]]}},{"type":"Feature","properties":{"kind":"seasonal","area_km2":0.068,"date":"2026-09-29"},"geometry":{"type":"Polygon","coordinates":[[[104.0137,15.9431],[104.0129,15.942],[104.0092,15.9414],[104.0087,15.9406],[104.0092,15.9401],[104.0101,15.9401],[104.0103,15.9406],[104.0118,15.9406],[104.0117,15.9412],[104.0134,15.9412],[104.0137,15.9423],[104.0145,15.9426],[104.0145,15.9431],[104.0137,15.9431]]]}},{"type":"Feature","properties":{"kind":"seasonal","area_km2":0.068,"date":"2026-09-29"},"geometry":{"type":"Polygon","coordinates":[[[104.4824,15.6955],[104.4824,15.6936],[104.483,15.6933],[104.483,15.6925],[104.4855,15.6925],[104.4855,15.6933],[104.4841,15.6941],[104.4841,15.6952],[104.4824,15.6955]]]}},{"type":"Feature","properties":{"kind":"seasonal","area_km2":0.068,"date":"2026-09-29"},"geometry":{"type":"Polygon","coordinates":[[[104.0479,15.5902],[104.0445,15.5901],[104.0445,15.5891],[104.0459,15.5891],[104.0465,15.5885],[104.0484,15.5883],[104.0484,15.5896],[104.0479,15.5902]]]}},{"type":"Feature","properties":{"kind":"seasonal","area_km2":0.068,"date":"2026-10-02"},"geometry":{"type":"Polygon","coordinates":[[[104.0327,16.4722],[104.0324,16.4695],[104.0319,16.4693],[104.0319,16.4684],[104.0333,16.4687],[104.0333,16.4693],[104.0341,16.4701],[104.0344,16.4722],[104.0327,16.4722]],[[104.0333,16.4701],[104.0336,16.4703],[104.0336,16.4701],[104.0333,16.4701]],[[104.0327,16.4693],[104.0333,16.4695],[104.0333,16.4693],[104.0327,16.4693]]]}},{"type":"Feature","properties":{"kind":"seasonal","area_km2":0.068,"date":"2026-09-29"},"geometry":{"type":"Polygon","coordinates":[[[104.1594,16.3518],[104.1594,16.3489],[104.1586,16.3483],[104.1586,16.3475],[104.1603,16.348],[104.1605,16.3499],[104.1611,16.3502],[104.1611,16.3513],[104.1594,16.3518]]]}},{"type":"Feature","properties":{"kind":"seasonal","area_km2":0.068,"date":"2026-10-02"},"geometry":{"type":"Polygon","coordinates":[[[102.9136,16.2055],[102.9133,16.205],[102.9114,16.2041],[102.9111,16.2022],[102.9094,16.2014],[102.9108,16.2014],[102.9111,16.2019],[102.9125,16.2022],[102.9133,16.2033],[102.9133,16.2041],[102.9139,16.2044],[102.9136,16.2055]]]}},{"type":"Feature","properties":{"kind":"seasonal","area_km2":0.068,"date":"2026-09-29"},"geometry":{"type":"Polygon","coordinates":[[[104.3692,15.7408],[104.3689,15.7402],[104.3678,15.7402],[104.3678,15.7394],[104.3683,15.7394],[104.3686,15.7389],[104.3734,15.7389],[104.3723,15.7394],[104.3717,15.7402],[104.3692,15.7408]]]}},{"type":"Feature","properties":{"kind":"seasonal","area_km2":0.067,"date":"2026-10-02"},"geometry":{"type":"Polygon","coordinates":[[[103.8805,16.1095],[103.8808,16.1079],[103.8813,16.1079],[103.8816,16.1068],[103.8825,16.1062],[103.8825,16.1054],[103.8833,16.1054],[103.8836,16.1073],[103.8827,16.1076],[103.8813,16.1095],[103.8805,16.1095]]]}},{"type":"Feature","properties":{"kind":"seasonal","area_km2":0.067,"date":"2026-10-02"},"geometry":{"type":"Polygon","coordinates":[[[103.9306,16.0221],[103.9306,16.0197],[103.9334,16.0192],[103.9334,16.0203],[103.9326,16.0208],[103.9326,16.0213],[103.932,16.0213],[103.9314,16.0222],[103.9306,16.0221]]]}},{"type":"Feature","properties":{"kind":"seasonal","area_km2":0.067,"date":"2026-10-02"},"geometry":{"type":"Polygon","coordinates":[[[103.0165,15.8964],[103.0163,15.895],[103.0168,15.8948],[103.0168,15.8934],[103.0174,15.8931],[103.0171,15.8923],[103.0185,15.8921],[103.0185,15.8937],[103.0177,15.8948],[103.0177,15.8961],[103.0165,15.8964]]]}},{"type":"Feature","properties":{"kind":"seasonal","area_km2":0.066,"date":"2026-10-02"},"geometry":{"type":"Polygon","coordinates":[[[103.6076,16.3009],[103.6054,16.2996],[103.6048,16.2977],[103.606,16.2977],[103.6071,16.2993],[103.6088,16.3001],[103.6087,16.3009],[103.6076,16.3009]]]}},{"type":"Feature","properties":{"kind":"seasonal","area_km2":0.066,"date":"2026-10-02"},"geometry":{"type":"Polygon","coordinates":[[[103.6606,16.1855],[103.6612,16.182],[103.6615,16.1814],[103.6621,16.1814],[103.6621,16.1809],[103.6629,16.1809],[103.6623,16.1841],[103.6615,16.1855],[103.6606,16.1855]]]}},{"type":"Feature","properties":{"kind":"seasonal","area_km2":0.066,"date":"2026-09-29"},"geometry":{"type":"Polygon","coordinates":[[[104.0232,15.9456],[104.0232,15.9448],[104.0241,15.9445],[104.0241,15.9434],[104.0263,15.9434],[104.0263,15.9453],[104.0232,15.9456]]]}},{"type":"Feature","properties":{"kind":"seasonal","area_km2":0.066,"date":"2026-10-02"},"geometry":{"type":"Polygon","coordinates":[[[103.0144,15.8313],[103.0121,15.8313],[103.0124,15.8307],[103.0113,15.8307],[103.0113,15.8299],[103.0119,15.8294],[103.013,15.8294],[103.013,15.8299],[103.0135,15.8299],[103.0138,15.8291],[103.0147,15.8291],[103.0144,15.8313]],[[103.0116,15.8302],[103.0119,15.8305],[103.0119,15.8302],[103.0116,15.8302]]]}},{"type":"Feature","properties":{"kind":"seasonal","area_km2":0.066,"date":"2026-09-29"},"geometry":{"type":"Polygon","coordinates":[[[104.1377,15.7953],[104.1388,15.7904],[104.1396,15.7904],[104.1402,15.7907],[104.1402,15.7915],[104.1393,15.7923],[104.1391,15.7947],[104.1385,15.7953],[104.1377,15.7953]]]}},{"type":"Feature","properties":{"kind":"seasonal","area_km2":0.066,"date":"2026-10-02"},"geometry":{"type":"Polygon","coordinates":[[[103.0946,15.5167],[103.0943,15.5151],[103.0949,15.5151],[103.0954,15.5143],[103.0974,15.5143],[103.0979,15.5149],[103.0979,15.5157],[103.0968,15.5159],[103.0968,15.5154],[103.0963,15.5154],[103.096,15.5165],[103.0946,15.5167]],[[103.0957,15.5148],[103.0965,15.5151],[103.0965,15.5149],[103.0957,15.5148]]]}},{"type":"Feature","properties":{"kind":"seasonal","area_km2":0.065,"date":"2026-09-29"},"geometry":{"type":"Polygon","coordinates":[[[104.1781,15.639],[104.1755,15.6365],[104.1716,15.6365],[104.1705,15.6362],[104.17,15.6351],[104.1708,15.6357],[104.1741,15.6357],[104.175,15.6362],[104.1769,15.6365],[104.1769,15.6373],[104.1775,15.6379],[104.1781,15.6376],[104.1786,15.6384],[104.1786,15.639],[104.1781,15.639]],[[104.1778,15.6381],[104.1781,15.6384],[104.1781,15.6381],[104.1778,15.6381]]]}},{"type":"Feature","properties":{"kind":"seasonal","area_km2":0.065,"date":"2026-09-29"},"geometry":{"type":"Polygon","coordinates":[[[104.1714,15.6232],[104.17,15.6227],[104.1697,15.6218],[104.1686,15.6213],[104.17,15.6205],[104.1728,15.6205],[104.1728,15.6213],[104.1711,15.6213],[104.1708,15.6224],[104.1714,15.6224],[104.1714,15.6232]]]}},{"type":"Feature","properties":{"kind":"seasonal","area_km2":0.064,"date":"2026-10-02"},"geometry":{"type":"Polygon","coordinates":[[[103.0475,16.3667],[103.0475,16.3651],[103.0484,16.3651],[103.0489,16.3645],[103.0506,16.3646],[103.0509,16.3659],[103.0475,16.3667]]]}},{"type":"Feature","properties":{"kind":"seasonal","area_km2":0.064,"date":"2026-10-02"},"geometry":{"type":"Polygon","coordinates":[[[103.5184,16.1862],[103.5172,16.1856],[103.5173,16.1835],[103.5167,16.1832],[103.5167,16.1824],[103.5184,16.1826],[103.5189,16.1832],[103.5189,16.1854],[103.5178,16.1851],[103.5178,16.1856],[103.5184,16.1856],[103.5184,16.1862]]]}},{"type":"Feature","properties":{"kind":"seasonal","area_km2":0.064,"date":"2026-10-02"},"geometry":{"type":"Polygon","coordinates":[[[103.5874,15.6696],[103.5874,15.6679],[103.5891,15.6674],[103.5899,15.6674],[103.5904,15.668],[103.5904,15.669],[103.5874,15.6696]]]}},{"type":"Feature","properties":{"kind":"seasonal","area_km2":0.064,"date":"2026-10-02"},"geometry":{"type":"Polygon","coordinates":[[[103.8497,15.5003],[103.8494,15.4986],[103.85,15.4986],[103.8503,15.4978],[103.8511,15.4981],[103.8517,15.4973],[103.8528,15.4973],[103.8528,15.4981],[103.8505,15.5003],[103.8497,15.5003]]]}},{"type":"Feature","properties":{"kind":"seasonal","area_km2":0.063,"date":"2026-09-29"},"geometry":{"type":"Polygon","coordinates":[[[104.5608,16.3593],[104.561,16.3585],[104.5639,16.3577],[104.5641,16.3571],[104.5678,16.3571],[104.5686,16.3585],[104.5683,16.3593],[104.5683,16.3588],[104.5672,16.3577],[104.5655,16.3574],[104.5644,16.3582],[104.5608,16.3593]]]}},{"type":"Feature","properties":{"kind":"seasonal","area_km2":0.063,"date":"2026-10-02"},"geometry":{"type":"Polygon","coordinates":[[[103.2703,16.1604],[103.2697,16.1599],[103.2697,16.1591],[103.2714,16.1594],[103.2748,16.1583],[103.2745,16.1594],[103.2731,16.1597],[103.272,16.1605],[103.2703,16.1604]],[[103.2731,16.1591],[103.2734,16.1594],[103.2734,16.1591],[103.2731,16.1591]]]}},{"type":"Feature","properties":{"kind":"seasonal","area_km2":0.062,"date":"2026-10-02"},"geometry":{"type":"Polygon","coordinates":[[[103.0719,16.3081],[103.0722,16.3065],[103.0734,16.3068],[103.0742,16.3057],[103.0753,16.306],[103.075,16.3079],[103.0728,16.3076],[103.0728,16.3081],[103.0719,16.3081]]]}},{"type":"Feature","properties":{"kind":"seasonal","area_km2":0.062,"date":"2026-10-02"},"geometry":{"type":"Polygon","coordinates":[[[103.6714,16.2463],[103.6715,16.2447],[103.6726,16.2441],[103.674,16.2441],[103.6757,16.2455],[103.6751,16.2458],[103.6748,16.2452],[103.6729,16.2452],[103.6734,16.2463],[103.6714,16.2463]]]}},{"type":"Feature","properties":{"kind":"seasonal","area_km2":0.062,"date":"2026-10-02"},"geometry":{"type":"Polygon","coordinates":[[[103.4634,16.1088],[103.4648,16.1077],[103.4629,16.1072],[103.4629,16.105],[103.4634,16.1047],[103.4632,16.1039],[103.4637,16.1042],[103.464,16.1069],[103.4657,16.1074],[103.4657,16.1083],[103.4634,16.1088]]]}},{"type":"Feature","properties":{"kind":"seasonal","area_km2":0.062,"date":"2026-10-02"},"geometry":{"type":"Polygon","coordinates":[[[103.2745,16.0284],[103.274,16.0279],[103.274,16.0271],[103.2757,16.0255],[103.2771,16.0258],[103.2773,16.0268],[103.2756,16.0271],[103.2754,16.0285],[103.2745,16.0284]]]}},{"type":"Feature","properties":{"kind":"seasonal","area_km2":0.062,"date":"2026-10-02"},"geometry":{"type":"Polygon","coordinates":[[[103.7171,15.8656],[103.7154,15.8648],[103.7154,15.8637],[103.716,15.8632],[103.7171,15.8632],[103.718,15.8643],[103.7185,15.8643],[103.7185,15.8653],[103.7171,15.8656]]]}},{"type":"Feature","properties":{"kind":"seasonal","area_km2":0.062,"date":"2026-09-29"},"geometry":{"type":"Polygon","coordinates":[[[103.9755,15.7978],[103.9752,15.7951],[103.9766,15.7938],[103.9775,15.7938],[103.978,15.7951],[103.9766,15.7951],[103.9763,15.7965],[103.9758,15.7965],[103.9758,15.797],[103.9769,15.7976],[103.9755,15.7978]],[[103.9755,15.7962],[103.9758,15.7965],[103.9758,15.7962],[103.9755,15.7962]]]}},{"type":"Feature","properties":{"kind":"seasonal","area_km2":0.062,"date":"2026-09-29"},"geometry":{"type":"Polygon","coordinates":[[[104.2168,15.6025],[104.2163,15.6019],[104.2163,15.6011],[104.2171,15.6],[104.2171,15.5992],[104.2182,15.5992],[104.2185,15.6022],[104.2168,15.6025]]]}},{"type":"Feature","properties":{"kind":"seasonal","area_km2":0.061,"date":"2026-10-02"},"geometry":{"type":"Polygon","coordinates":[[[103.0603,16.3766],[103.0603,16.375],[103.0623,16.3742],[103.0626,16.3736],[103.0637,16.3739],[103.0637,16.375],[103.062,16.3755],[103.0612,16.3766],[103.0603,16.3766]],[[103.0609,16.3758],[103.0612,16.376],[103.0612,16.3758],[103.0609,16.3758]],[[103.0612,16.3755],[103.0614,16.3758],[103.0615,16.3755],[103.0612,16.3755]],[[103.0615,16.375],[103.062,16.3752],[103.062,16.375],[103.0615,16.375]],[[103.0623,16.3744],[103.0626,16.375],[103.0626,16.3744],[103.0623,16.3744]]]}},{"type":"Feature","properties":{"kind":"seasonal","area_km2":0.061,"date":"2026-09-29"},"geometry":{"type":"Polygon","coordinates":[[[104.306,15.8884],[104.3057,15.8867],[104.3065,15.8857],[104.3074,15.8857],[104.3074,15.8862],[104.3079,15.8862],[104.3079,15.8867],[104.3071,15.887],[104.3074,15.8876],[104.3085,15.8876],[104.3093,15.887],[104.3093,15.8878],[104.3082,15.8878],[104.3079,15.8884],[104.306,15.8884]]]}},{"type":"Feature","properties":{"kind":"seasonal","area_km2":0.061,"date":"2026-09-29"},"geometry":{"type":"Polygon","coordinates":[[[104.0009,15.8091],[104.0009,15.8074],[104.0015,15.8069],[104.0018,15.8053],[104.0018,15.8045],[104.0012,15.8039],[104.0026,15.8034],[104.0029,15.8039],[104.0023,15.8045],[104.0023,15.8053],[104.0018,15.8055],[104.0018,15.8072],[104.0026,15.8072],[104.0029,15.8066],[104.0029,15.8042],[104.0032,15.8072],[104.0018,15.8077],[104.0017,15.8091],[104.0009,15.8091]]]}},{"type":"Feature","properties":{"kind":"seasonal","area_km2":0.06,"date":"2026-10-02"},"geometry":{"type":"Polygon","coordinates":[[[103.6136,16.2955],[103.613,16.295],[103.613,16.2936],[103.6133,16.2917],[103.6141,16.2918],[103.6144,16.2928],[103.615,16.2931],[103.615,16.2939],[103.6144,16.2942],[103.6144,16.2955],[103.6136,16.2955]]]}},{"type":"Feature","properties":{"kind":"seasonal","area_km2":0.06,"date":"2026-09-29"},"geometry":{"type":"Polygon","coordinates":[[[104.2541,15.5872],[104.2533,15.5863],[104.2533,15.5855],[104.2535,15.5861],[104.2552,15.5863],[104.2558,15.5858],[104.2558,15.5845],[104.2549,15.5842],[104.2563,15.5839],[104.2569,15.5845],[104.2563,15.5869],[104.2541,15.5872]]]}},{"type":"Feature","properties":{"kind":"seasonal","area_km2":0.06,"date":"2026-09-29"},"geometry":{"type":"Polygon","coordinates":[[[103.9244,15.5448],[103.9213,15.5448],[103.9214,15.544],[103.9219,15.5437],[103.9219,15.5432],[103.9239,15.5429],[103.9239,15.5435],[103.9244,15.5435],[103.9244,15.5448]],[[103.9219,15.544],[103.9222,15.5443],[103.9222,15.544],[103.9219,15.544]]]}},{"type":"Feature","properties":{"kind":"seasonal","area_km2":0.06,"date":"2026-09-29"},"geometry":{"type":"Polygon","coordinates":[[[104.0434,15.5191],[104.0434,15.5177],[104.0429,15.5175],[104.0429,15.515],[104.0437,15.515],[104.0437,15.5158],[104.0446,15.5164],[104.0446,15.5169],[104.0451,15.5167],[104.0451,15.5175],[104.044,15.5183],[104.044,15.5191],[104.0434,15.5191]]]}},{"type":"Feature","properties":{"kind":"seasonal","area_km2":0.059,"date":"2026-10-02"},"geometry":{"type":"Polygon","coordinates":[[[104.0103,16.4504],[104.0101,16.4494],[104.0092,16.4494],[104.0089,16.448],[104.0106,16.448],[104.0106,16.4485],[104.0115,16.4485],[104.012,16.4491],[104.012,16.4504],[104.0103,16.4504]]]}},{"type":"Feature","properties":{"kind":"seasonal","area_km2":0.059,"date":"2026-10-02"},"geometry":{"type":"Polygon","coordinates":[[[102.9503,16.2956],[102.95,16.2945],[102.9494,16.2945],[102.9494,16.2934],[102.9497,16.2929],[102.9514,16.2929],[102.9525,16.2948],[102.9519,16.295],[102.9519,16.2945],[102.9517,16.2945],[102.9517,16.2942],[102.9514,16.2942],[102.9517,16.2953],[102.9503,16.2956]],[[102.9497,16.2937],[102.9503,16.2945],[102.9503,16.2937],[102.9497,16.2937]],[[102.9511,16.2937],[102.9514,16.2942],[102.9514,16.2937],[102.9511,16.2937]]]}},{"type":"Feature","properties":{"kind":"seasonal","area_km2":0.059,"date":"2026-09-29"},"geometry":{"type":"Polygon","coordinates":[[[104.0083,15.9534],[104.0081,15.9515],[104.0097,15.9509],[104.01,15.9501],[104.0109,15.9501],[104.0109,15.9515],[104.0103,15.9518],[104.0103,15.9523],[104.0094,15.9526],[104.0092,15.9534],[104.0083,15.9534]]]}},{"type":"Feature","properties":{"kind":"seasonal","area_km2":0.059,"date":"2026-09-29"},"geometry":{"type":"Polygon","coordinates":[[[104.4444,15.671],[104.4422,15.671],[104.4416,15.6702],[104.4408,15.6702],[104.4405,15.6691],[104.4422,15.6691],[104.4444,15.6702],[104.4444,15.671]]]}},{"type":"Feature","properties":{"kind":"seasonal","area_km2":0.059,"date":"2026-09-29"},"geometry":{"type":"Polygon","coordinates":[[[104.534,15.5467],[104.5326,15.5451],[104.5298,15.5448],[104.5312,15.5448],[104.5315,15.5443],[104.5343,15.5448],[104.5343,15.5454],[104.5348,15.5459],[104.5357,15.5459],[104.5357,15.5464],[104.534,15.5467]]]}},{"type":"Feature","properties":{"kind":"seasonal","area_km2":0.059,"date":"2026-10-02"},"geometry":{"type":"Polygon","coordinates":[[[103.5748,16.2205],[103.5754,16.2188],[103.5785,16.2188],[103.5784,16.2199],[103.5779,16.2202],[103.5748,16.2205]]]}},{"type":"Feature","properties":{"kind":"seasonal","area_km2":0.059,"date":"2026-10-02"},"geometry":{"type":"Polygon","coordinates":[[[103.3751,15.6554],[103.3745,15.6548],[103.3753,15.6548],[103.3756,15.6537],[103.3765,15.6535],[103.377,15.6527],[103.3779,15.6527],[103.3782,15.6521],[103.3784,15.6538],[103.3776,15.654],[103.377,15.6548],[103.3751,15.6554]]]}},{"type":"Feature","properties":{"kind":"seasonal","area_km2":0.058,"date":"2026-09-29"},"geometry":{"type":"Polygon","coordinates":[[[104.317,16.3389],[104.3167,16.3375],[104.3173,16.337],[104.3179,16.337],[104.3182,16.3364],[104.3204,16.3364],[104.3204,16.337],[104.3196,16.337],[104.319,16.338],[104.3184,16.338],[104.3179,16.3389],[104.317,16.3389]]]}},{"type":"Feature","properties":{"kind":"seasonal","area_km2":0.058,"date":"2026-09-29"},"geometry":{"type":"Polygon","coordinates":[[[104.3356,15.8288],[104.3353,15.8277],[104.3361,15.8274],[104.335,15.8274],[104.335,15.8266],[104.3378,15.8266],[104.3375,15.8283],[104.3367,15.8288],[104.3356,15.8288]]]}},{"type":"Feature","properties":{"kind":"seasonal","area_km2":0.058,"date":"2026-10-02"},"geometry":{"type":"Polygon","coordinates":[[[103.7579,15.516],[103.7579,15.5141],[103.7599,15.5142],[103.759,15.5147],[103.7593,15.5155],[103.7604,15.5155],[103.7604,15.5144],[103.7612,15.5147],[103.761,15.5161],[103.7579,15.516]]]}},{"type":"Feature","properties":{"kind":"seasonal","area_km2":0.057,"date":"2026-10-02"},"geometry":{"type":"Polygon","coordinates":[[[103.6346,16.383],[103.6337,16.3805],[103.6346,16.3797],[103.6357,16.3797],[103.636,16.3816],[103.6354,16.3819],[103.6354,16.383],[103.6346,16.383]],[[103.6349,16.3811],[103.6351,16.3819],[103.6351,16.3811],[103.6349,16.3811]],[[103.6354,16.3808],[103.6357,16.3811],[103.6357,16.3808],[103.6354,16.3808]]]}},{"type":"Feature","properties":{"kind":"seasonal","area_km2":0.057,"date":"2026-10-02"},"geometry":{"type":"Polygon","coordinates":[[[103.102,16.2777],[103.1017,16.2753],[103.1026,16.274],[103.1034,16.274],[103.1028,16.2778],[103.102,16.2777]]]}},{"type":"Feature","properties":{"kind":"seasonal","area_km2":0.057,"date":"2026-09-29"},"geometry":{"type":"Polygon","coordinates":[[[104.2496,15.604],[104.2487,15.6031],[104.249,15.6023],[104.2524,15.6023],[104.2524,15.6032],[104.2512,15.604],[104.2496,15.604]]]}},{"type":"Feature","properties":{"kind":"seasonal","area_km2":0.056,"date":"2026-09-29"},"geometry":{"type":"Polygon","coordinates":[[[104.3954,16.2501],[104.3962,16.2499],[104.3971,16.2482],[104.4002,16.2483],[104.4004,16.2477],[104.4016,16.2474],[104.3993,16.2493],[104.3973,16.2493],[104.3968,16.2501],[104.3954,16.2501]]]}},{"type":"Feature","properties":{"kind":"seasonal","area_km2":0.056,"date":"2026-10-02"},"geometry":{"type":"Polygon","coordinates":[[[103.254,16.2289],[103.2501,16.2286],[103.2501,16.2272],[103.2517,16.2275],[103.252,16.227],[103.2529,16.227],[103.2529,16.2275],[103.254,16.2281],[103.254,16.2289]],[[103.2529,16.2286],[103.2534,16.2286],[103.2534,16.2281],[103.2526,16.2281],[103.2529,16.2286]]]}},{"type":"Feature","properties":{"kind":"seasonal","area_km2":0.056,"date":"2026-09-29"},"geometry":{"type":"Polygon","coordinates":[[[104.3421,15.8125],[104.3412,15.8112],[104.3412,15.8104],[104.3418,15.8104],[104.3418,15.8098],[104.3432,15.8098],[104.3435,15.8123],[104.3421,15.8125]]]}},{"type":"Feature","properties":{"kind":"seasonal","area_km2":0.056,"date":"2026-10-02"},"geometry":{"type":"Polygon","coordinates":[[[103.205,15.5873],[103.205,15.5846],[103.2061,15.5844],[103.2067,15.5849],[103.2069,15.5868],[103.205,15.5873]]]}},{"type":"Feature","properties":{"kind":"seasonal","area_km2":0.056,"date":"2026-10-02"},"geometry":{"type":"Polygon","coordinates":[[[103.4693,15.5527],[103.4687,15.5519],[103.4682,15.5519],[103.4682,15.5511],[103.4707,15.5506],[103.4712,15.5527],[103.4693,15.5527]],[[103.4693,15.5519],[103.4701,15.5522],[103.4701,15.5519],[103.4693,15.5519]],[[103.469,15.5516],[103.4693,15.5519],[103.4693,15.5516],[103.469,15.5516]]]}},{"type":"Feature","properties":{"kind":"seasonal","area_km2":0.055,"date":"2026-10-02"},"geometry":{"type":"Polygon","coordinates":[[[103.6435,16.3131],[103.6429,16.3123],[103.6427,16.3101],[103.6441,16.3098],[103.6446,16.3131],[103.6435,16.3131]]]}},{"type":"Feature","properties":{"kind":"seasonal","area_km2":0.055,"date":"2026-10-02"},"geometry":{"type":"Polygon","coordinates":[[[103.3929,16.262],[103.3929,16.2614],[103.3923,16.2612],[103.3923,16.2604],[103.3929,16.2598],[103.3954,16.2601],[103.3954,16.2609],[103.3949,16.2609],[103.3937,16.262],[103.3929,16.262]]]}},{"type":"Feature","properties":{"kind":"seasonal","area_km2":0.055,"date":"2026-09-29"},"geometry":{"type":"Polygon","coordinates":[[[104.1264,15.7426],[104.1261,15.741],[104.1267,15.7407],[104.1267,15.7394],[104.1273,15.7388],[104.1281,15.7388],[104.1272,15.7426],[104.1264,15.7426]]]}},{"type":"Feature","properties":{"kind":"seasonal","area_km2":0.054,"date":"2026-10-02"},"geometry":{"type":"Polygon","coordinates":[[[103.2887,16.4363],[103.2887,16.4347],[103.2892,16.4344],[103.2895,16.4322],[103.2907,16.432],[103.2907,16.4314],[103.2915,16.4314],[103.2918,16.4325],[103.2904,16.4325],[103.2904,16.4333],[103.2895,16.4341],[103.2895,16.4363],[103.2887,16.4363]]]}},{"type":"Feature","properties":{"kind":"seasonal","area_km2":0.054,"date":"2026-10-02"},"geometry":{"type":"Polygon","coordinates":[[[103.2706,16.386],[103.2672,16.3857],[103.2672,16.3843],[103.2706,16.3849],[103.2706,16.386]]]}},{"type":"Feature","properties":{"kind":"seasonal","area_km2":0.054,"date":"2026-10-02"},"geometry":{"type":"Polygon","coordinates":[[[103.8389,16.1285],[103.8389,16.1277],[103.84,16.1266],[103.8406,16.1266],[103.8408,16.1255],[103.8414,16.1255],[103.8414,16.1264],[103.842,16.1264],[103.8414,16.1269],[103.8414,16.1277],[103.8405,16.1285],[103.8389,16.1285]]]}},{"type":"Feature","properties":{"kind":"seasonal","area_km2":0.054,"date":"2026-10-02"},"geometry":{"type":"Polygon","coordinates":[[[103.8479,16.1223],[103.8479,16.1215],[103.8484,16.1215],[103.8504,16.1199],[103.8521,16.1199],[103.8518,16.121],[103.8504,16.121],[103.8496,16.1221],[103.8479,16.1223]]]}},{"type":"Feature","properties":{"kind":"seasonal","area_km2":0.054,"date":"2026-10-02"},"geometry":{"type":"Polygon","coordinates":[[[103.4712,16.0831],[103.4703,16.082],[103.4704,16.0801],[103.472,16.0801],[103.4723,16.0823],[103.472,16.0831],[103.4712,16.0831]]]}},{"type":"Feature","properties":{"kind":"seasonal","area_km2":0.054,"date":"2026-09-29"},"geometry":{"type":"Polygon","coordinates":[[[104.4299,15.6574],[104.4277,15.6568],[104.4277,15.6558],[104.4296,15.6558],[104.4299,15.6563],[104.431,15.6563],[104.4316,15.6552],[104.4313,15.6571],[104.4299,15.6574]]]}},{"type":"Feature","properties":{"kind":"seasonal","area_km2":0.054,"date":"2026-10-02"},"geometry":{"type":"Polygon","coordinates":[[[103.2133,15.5654],[103.2124,15.5646],[103.2127,15.5619],[103.2136,15.5619],[103.2136,15.563],[103.2144,15.5638],[103.215,15.5638],[103.2149,15.5649],[103.2144,15.5652],[103.2138,15.5636],[103.2133,15.5633],[103.2133,15.5646],[103.2141,15.5652],[103.2133,15.5654]]]}},{"type":"Feature","properties":{"kind":"seasonal","area_km2":0.054,"date":"2026-09-29"},"geometry":{"type":"Polygon","coordinates":[[[104.2924,15.5048],[104.2924,15.504],[104.2941,15.5024],[104.2952,15.5024],[104.2955,15.5043],[104.2938,15.5043],[104.2933,15.5048],[104.2924,15.5048]]]}},{"type":"Feature","properties":{"kind":"seasonal","area_km2":0.053,"date":"2026-10-02"},"geometry":{"type":"Polygon","coordinates":[[[103.4114,16.1602],[103.4111,16.1577],[103.4123,16.1578],[103.4139,16.1586],[103.4136,16.1597],[103.4122,16.1597],[103.4114,16.1602]]]}},{"type":"Feature","properties":{"kind":"seasonal","area_km2":0.053,"date":"2026-09-29"},"geometry":{"type":"Polygon","coordinates":[[[104.465,15.8275],[104.465,15.8264],[104.4647,15.8264],[104.4647,15.8267],[104.4642,15.8267],[104.463,15.8259],[104.463,15.8245],[104.4642,15.8245],[104.465,15.8256],[104.4661,15.8262],[104.4661,15.8273],[104.465,15.8275]],[[104.4644,15.8264],[104.465,15.8262],[104.4647,15.8256],[104.4642,15.8256],[104.4644,15.8264]]]}},{"type":"Feature","properties":{"kind":"seasonal","area_km2":0.053,"date":"2026-10-02"},"geometry":{"type":"Polygon","coordinates":[[[103.2517,15.7536],[103.2511,15.7531],[103.2511,15.7517],[103.2534,15.7515],[103.2533,15.7534],[103.2517,15.7536]]]}},{"type":"Feature","properties":{"kind":"seasonal","area_km2":0.053,"date":"2026-09-29"},"geometry":{"type":"Polygon","coordinates":[[[104.1774,15.6514],[104.1777,15.6476],[104.178,15.6471],[104.1786,15.6471],[104.1791,15.6485],[104.178,15.649],[104.1777,15.6509],[104.1791,15.6506],[104.1797,15.649],[104.18,15.6501],[104.1791,15.6512],[104.1774,15.6514]]]}},{"type":"Feature","properties":{"kind":"seasonal","area_km2":0.053,"date":"2026-09-29"},"geometry":{"type":"Polygon","coordinates":[[[104.2098,15.6179],[104.2128,15.616],[104.2131,15.6141],[104.2123,15.6133],[104.2126,15.6128],[104.2134,15.6136],[104.214,15.6155],[104.2134,15.6171],[104.2098,15.6179]]]}},{"type":"Feature","properties":{"kind":"seasonal","area_km2":0.053,"date":"2026-09-29"},"geometry":{"type":"Polygon","coordinates":[[[104.4687,15.5932],[104.4679,15.5921],[104.4679,15.5908],[104.4698,15.5905],[104.4698,15.5929],[104.4687,15.5932]]]}},{"type":"Feature","properties":{"kind":"seasonal","area_km2":0.052,"date":"2026-10-02"},"geometry":{"type":"Polygon","coordinates":[[[103.9707,16.505],[103.9701,16.5045],[103.9702,16.5037],[103.9727,16.5029],[103.9727,16.505],[103.9707,16.505]]]}},{"type":"Feature","properties":{"kind":"seasonal","area_km2":0.052,"date":"2026-09-29"},"geometry":{"type":"Polygon","coordinates":[[[104.0986,16.3803],[104.0981,16.3798],[104.0981,16.3784],[104.0986,16.3779],[104.0997,16.3779],[104.1003,16.3784],[104.1,16.3803],[104.0986,16.3803]],[[104.0983,16.3787],[104.0986,16.379],[104.0986,16.3787],[104.0983,16.3787]],[[104.0986,16.3782],[104.0989,16.3784],[104.0989,16.3782],[104.0986,16.3782]]]}},{"type":"Feature","properties":{"kind":"seasonal","area_km2":0.052,"date":"2026-10-02"},"geometry":{"type":"Polygon","coordinates":[[[103.9949,16.2836],[103.9952,16.2828],[103.9971,16.282],[103.9977,16.2806],[103.9991,16.2804],[103.9983,16.2825],[103.9969,16.2825],[103.9971,16.2833],[103.9963,16.2833],[103.996,16.2828],[103.996,16.2833],[103.9949,16.2836]]]}},{"type":"Feature","properties":{"kind":"seasonal","area_km2":0.052,"date":"2026-09-29"},"geometry":{"type":"Polygon","coordinates":[[[104.0106,16.1258],[104.0103,16.1248],[104.0117,16.124],[104.0117,16.1231],[104.0134,16.1229],[104.0131,16.1245],[104.0117,16.1245],[104.0122,16.1259],[104.0106,16.1258]]]}},{"type":"Feature","properties":{"kind":"seasonal","area_km2":0.052,"date":"2026-10-02"},"geometry":{"type":"Polygon","coordinates":[[[103.1181,15.9987],[103.1178,15.997],[103.1198,15.9971],[103.1209,15.9979],[103.1209,15.9987],[103.1181,15.9987]]]}},{"type":"Feature","properties":{"kind":"seasonal","area_km2":0.052,"date":"2026-10-02"},"geometry":{"type":"Polygon","coordinates":[[[103.418,15.9951],[103.4178,15.9946],[103.4169,15.9946],[103.4169,15.9932],[103.4194,15.993],[103.4197,15.9941],[103.4186,15.9951],[103.418,15.9951]]]}},{"type":"Feature","properties":{"kind":"seasonal","area_km2":0.052,"date":"2026-10-02"},"geometry":{"type":"Polygon","coordinates":[[[102.9167,15.9572],[102.9159,15.9561],[102.9159,15.9553],[102.9184,15.9554],[102.9181,15.957],[102.9167,15.9572]]]}},{"type":"Feature","properties":{"kind":"seasonal","area_km2":0.052,"date":"2026-09-29"},"geometry":{"type":"Polygon","coordinates":[[[104.0159,15.9586],[104.0159,15.9567],[104.0164,15.9558],[104.0176,15.9559],[104.0178,15.9564],[104.0184,15.9564],[104.0184,15.9572],[104.0167,15.9577],[104.0167,15.9586],[104.0159,15.9586]]]}},{"type":"Feature","properties":{"kind":"seasonal","area_km2":0.052,"date":"2026-10-02"},"geometry":{"type":"Polygon","coordinates":[[[103.7774,15.6146],[103.7774,15.6135],[103.778,15.6135],[103.7783,15.613],[103.7794,15.613],[103.7794,15.6122],[103.78,15.6116],[103.7811,15.6116],[103.7811,15.6124],[103.7797,15.613],[103.7797,15.6138],[103.7791,15.6138],[103.7791,15.6143],[103.7774,15.6146]]]}},{"type":"Feature","properties":{"kind":"seasonal","area_km2":0.052,"date":"2026-09-29"},"geometry":{"type":"Polygon","coordinates":[[[104.056,15.5872],[104.0529,15.5872],[104.0526,15.5861],[104.0563,15.5859],[104.056,15.5872]]]}},{"type":"Feature","properties":{"kind":"seasonal","area_km2":0.051,"date":"2026-10-02"},"geometry":{"type":"Polygon","coordinates":[[[104.033,16.4679],[104.033,16.4668],[104.0322,16.4668],[104.0319,16.4663],[104.0339,16.466],[104.0336,16.4655],[104.0322,16.4655],[104.0322,16.4646],[104.0336,16.4641],[104.0339,16.4655],[104.0347,16.466],[104.0347,16.4666],[104.0339,16.4665],[104.0339,16.4679],[104.033,16.4679]]]}},{"type":"Feature","properties":{"kind":"seasonal","area_km2":0.051,"date":"2026-09-29"},"geometry":{"type":"Polygon","coordinates":[[[104.0751,15.9916],[104.0749,15.9908],[104.074,15.9908],[104.0726,15.9897],[104.0712,15.9897],[104.0712,15.9892],[104.0743,15.9895],[104.0749,15.9903],[104.0765,15.9906],[104.0765,15.9914],[104.0751,15.9916]]]}},{"type":"Feature","properties":{"kind":"seasonal","area_km2":0.051,"date":"2026-09-29"},"geometry":{"type":"Polygon","coordinates":[[[104.4285,15.6536],[104.4268,15.6533],[104.4268,15.652],[104.4291,15.6514],[104.4296,15.6533],[104.4291,15.653],[104.4285,15.6536]]]}},{"type":"Feature","properties":{"kind":"seasonal","area_km2":0.05,"date":"2026-10-02"},"geometry":{"type":"Polygon","coordinates":[[[103.9878,16.2887],[103.9862,16.2884],[103.9862,16.2879],[103.9856,16.2876],[103.9856,16.2863],[103.9876,16.2865],[103.9878,16.2887]]]}},{"type":"Feature","properties":{"kind":"seasonal","area_km2":0.05,"date":"2026-10-02"},"geometry":{"type":"Polygon","coordinates":[[[102.9296,16.0175],[102.9296,16.0162],[102.9324,16.0162],[102.9324,16.0173],[102.9296,16.0175]]]}},{"type":"Feature","properties":{"kind":"seasonal","area_km2":0.05,"date":"2026-10-02"},"geometry":{"type":"Polygon","coordinates":[[[102.9443,15.671],[102.9429,15.6704],[102.9435,15.6699],[102.9435,15.6688],[102.9457,15.6694],[102.9457,15.6707],[102.9443,15.671]],[[102.9449,15.6694],[102.9451,15.6696],[102.9452,15.6694],[102.9449,15.6694]]]}}]}
