{"type":"FeatureCollection","properties":{"v":3,"id":"t100_16","name":"พิจิตร · พิษณุโลก · เพชรบูรณ์","aoi":[100.0,16.0,101.0,17.0],"date":"2026-10-09","dates":["2026-10-09"],"baseline_years":3,"has_seasonal":true,"totals":{"flood_high":0.0,"flood_low":17.8,"seasonal":185.2},"provinces":[{"name":"พิจิตร","zone":"th-c","flood_high":0.0,"flood_low":8.6,"seasonal":93.4},{"name":"นครสวรรค์","zone":"th-c","flood_high":0.0,"flood_low":5.6,"seasonal":0.0},{"name":"พิษณุโลก","zone":"th-c","flood_high":0.0,"flood_low":3.4,"seasonal":44.7},{"name":"สุโขทัย","zone":"th-c","flood_high":0.0,"flood_low":0.2,"seasonal":47.2},{"name":"กำแพงเพชร","zone":"th-c","flood_high":0.0,"flood_low":0.1,"seasonal":0.0}],"scenes":{"2026-10-09":2},"baseline_dates":["2025-10-08","2024-10-09","2023-10-10"],"threshold_db":-15.0,"auto":true,"source":"Sentinel-1 RTC (Copernicus/ESA) via Microsoft Planetary Computer; JRC Global Surface Water; Copernicus DEM","method":"ChatGeo v3: Otsu threshold on VV dB; minus JRC permanent water and slope > 5 deg; unusual = water not present in most of the previous 3 years (same season)","added":"2026-10-10T16:37+07:00"},"features":[{"type":"Feature","properties":{"kind":"flood","area_km2":0.409,"conf":"low","date":"2026-10-09"},"geometry":{"type":"Polygon","coordinates":[[[100.3742,16.8054],[100.3739,16.8029],[100.3731,16.8026],[100.3731,16.8016],[100.3722,16.8013],[100.3725,16.8002],[100.3787,16.8002],[100.379,16.8007],[100.3815,16.8015],[100.3821,16.8023],[100.3821,16.8029],[100.3807,16.8031],[100.3804,16.8045],[100.379,16.8042],[100.3785,16.8048],[100.3768,16.8048],[100.3762,16.8053],[100.3742,16.8054]],[[100.3796,16.8037],[100.3804,16.8034],[100.3798,16.8026],[100.379,16.8029],[100.3796,16.8037]]]}},{"type":"Feature","properties":{"kind":"flood","area_km2":0.334,"conf":"low","date":"2026-10-09"},"geometry":{"type":"Polygon","coordinates":[[[100.325,16.4041],[100.3253,16.4025],[100.3236,16.4025],[100.3233,16.4033],[100.3228,16.4031],[100.3233,16.4025],[100.3239,16.4003],[100.3244,16.4001],[100.3244,16.3982],[100.3256,16.3971],[100.3255,16.3944],[100.3275,16.3941],[100.3275,16.3952],[100.3289,16.3951],[100.3289,16.3941],[100.3303,16.3941],[100.3314,16.3959],[100.3334,16.3976],[100.334,16.3986],[100.332,16.3984],[100.3312,16.3976],[100.3312,16.3968],[100.3306,16.3965],[100.3303,16.3954],[100.3264,16.396],[100.3264,16.3971],[100.3281,16.3973],[100.327,16.3984],[100.327,16.399],[100.3258,16.3987],[100.3258,16.3995],[100.3264,16.3995],[100.327,16.4003],[100.327,16.4014],[100.3264,16.4017],[100.3256,16.4041],[100.325,16.4041]],[[100.3242,16.4022],[100.325,16.4022],[100.325,16.4014],[100.3242,16.4014],[100.3242,16.4022]]]}},{"type":"Feature","properties":{"kind":"flood","area_km2":0.305,"conf":"low","date":"2026-10-09"},"geometry":{"type":"Polygon","coordinates":[[[100.0465,16.0044],[100.0465,15.9998],[100.0535,15.9997],[100.0535,16.0024],[100.0529,16.003],[100.0507,16.003],[100.0504,16.0035],[100.0465,16.0044]]]}},{"type":"Feature","properties":{"kind":"flood","area_km2":0.3,"conf":"low","date":"2026-10-09"},"geometry":{"type":"Polygon","coordinates":[[[100.1785,16.2353],[100.1779,16.2336],[100.1774,16.2334],[100.1774,16.2323],[100.181,16.2317],[100.1813,16.2306],[100.1819,16.2304],[100.1818,16.2293],[100.1838,16.2293],[100.1841,16.2301],[100.1866,16.2301],[100.1883,16.2309],[100.1883,16.2317],[100.1872,16.2314],[100.1869,16.232],[100.1841,16.232],[100.1841,16.2306],[100.1835,16.2306],[100.1833,16.2333],[100.1816,16.2336],[100.1808,16.2347],[100.1799,16.2347],[100.1796,16.2333],[100.1796,16.2339],[100.1791,16.2339],[100.1794,16.2352],[100.1785,16.2353]]]}},{"type":"Feature","properties":{"kind":"flood","area_km2":0.254,"conf":"low","date":"2026-10-09"},"geometry":{"type":"Polygon","coordinates":[[[100.0182,16.1669],[100.0182,16.1664],[100.0176,16.1664],[100.0176,16.1656],[100.017,16.1656],[100.0168,16.165],[100.0162,16.1661],[100.0148,16.1664],[100.0148,16.1653],[100.0154,16.165],[100.0151,16.164],[100.0162,16.1629],[100.0182,16.1631],[100.0196,16.162],[100.0218,16.1623],[100.0218,16.1631],[100.021,16.1634],[100.021,16.1653],[100.0204,16.1656],[100.0204,16.1667],[100.0182,16.1669]]]}},{"type":"Feature","properties":{"kind":"flood","area_km2":0.221,"conf":"low","date":"2026-10-09"},"geometry":{"type":"Polygon","coordinates":[[[100.059,16.0311],[100.059,16.0301],[100.0595,16.0301],[100.0604,16.0292],[100.0593,16.029],[100.0592,16.0279],[100.0601,16.0273],[100.0601,16.0268],[100.0606,16.0268],[100.0609,16.0257],[100.0615,16.0257],[100.0615,16.0252],[100.0598,16.0252],[100.0598,16.0246],[100.0589,16.0244],[100.0589,16.0236],[100.0601,16.023],[100.0623,16.023],[100.0626,16.0287],[100.0618,16.0295],[100.0612,16.0295],[100.0598,16.0311],[100.059,16.0311]]]}},{"type":"Feature","properties":{"kind":"flood","area_km2":0.22,"conf":"low","date":"2026-10-09"},"geometry":{"type":"Polygon","coordinates":[[[100.1976,16.0071],[100.1971,16.0057],[100.1976,16.0055],[100.1976,16.0049],[100.1993,16.0049],[100.1996,16.0038],[100.199,16.0038],[100.1982,16.003],[100.1973,16.003],[100.1973,16.0036],[100.1968,16.0039],[100.1945,16.0033],[100.1965,16.0033],[100.1965,16.0011],[100.199,16.0003],[100.199,16.0011],[100.2001,16.0025],[100.1999,16.0038],[100.2015,16.0036],[100.2015,16.0044],[100.2001,16.0046],[100.2007,16.0068],[100.1976,16.0071]]]}},{"type":"Feature","properties":{"kind":"flood","area_km2":0.213,"conf":"low","date":"2026-10-09"},"geometry":{"type":"Polygon","coordinates":[[[100.1873,16.0118],[100.187,16.0112],[100.1853,16.0115],[100.1853,16.0102],[100.1845,16.0077],[100.1833,16.0064],[100.1833,16.0056],[100.1842,16.0055],[100.1844,16.0061],[100.1853,16.0058],[100.1856,16.0074],[100.187,16.0074],[100.1867,16.0055],[100.1875,16.0053],[100.1875,16.0042],[100.1884,16.0042],[100.1887,16.0061],[100.1878,16.0063],[100.1878,16.008],[100.1892,16.008],[100.1895,16.0063],[100.1898,16.008],[100.1881,16.0093],[100.1878,16.0082],[100.1864,16.0082],[100.1864,16.0096],[100.1878,16.0096],[100.1867,16.0099],[100.1867,16.0104],[100.1878,16.0104],[100.1881,16.0109],[100.1881,16.0118],[100.1873,16.0118]]]}},{"type":"Feature","properties":{"kind":"flood","area_km2":0.211,"conf":"low","date":"2026-10-09"},"geometry":{"type":"Polygon","coordinates":[[[100.0234,16.2051],[100.0231,16.2032],[100.0237,16.203],[100.0237,16.2],[100.0242,16.1994],[100.0251,16.1994],[100.0256,16.1984],[100.0276,16.1983],[100.0279,16.1975],[100.0293,16.1975],[100.0293,16.1986],[100.0276,16.1992],[100.0282,16.2013],[100.0271,16.2013],[100.0268,16.2008],[100.0262,16.2008],[100.0254,16.2019],[100.0254,16.2027],[100.0248,16.203],[100.0245,16.2049],[100.0234,16.2051]]]}},{"type":"Feature","properties":{"kind":"flood","area_km2":0.203,"conf":"low","date":"2026-10-09"},"geometry":{"type":"Polygon","coordinates":[[[100.0285,16.2073],[100.0282,16.2062],[100.0274,16.2054],[100.0271,16.2024],[100.0279,16.2024],[100.0287,16.2013],[100.0299,16.2013],[100.031,16.2021],[100.0313,16.2037],[100.0307,16.2043],[100.0313,16.2046],[100.0316,16.2059],[100.0307,16.2059],[100.0302,16.2051],[100.0296,16.2051],[100.0293,16.2073],[100.0285,16.2073]]]}},{"type":"Feature","properties":{"kind":"flood","area_km2":0.201,"conf":"low","date":"2026-10-09"},"geometry":{"type":"Polygon","coordinates":[[[100.191,16.2626],[100.191,16.2615],[100.1893,16.2618],[100.1882,16.2601],[100.1882,16.2591],[100.1893,16.2585],[100.1893,16.258],[100.1888,16.258],[100.1887,16.2572],[100.1879,16.2569],[100.1876,16.2555],[100.1885,16.2555],[100.189,16.2572],[100.1896,16.2572],[100.1902,16.2582],[100.1916,16.2582],[100.1921,16.2596],[100.1927,16.2598],[100.1927,16.2623],[100.191,16.2626]]]}},{"type":"Feature","properties":{"kind":"flood","area_km2":0.2,"conf":"low","date":"2026-10-09"},"geometry":{"type":"Polygon","coordinates":[[[100.2647,16.8887],[100.263,16.8882],[100.263,16.8877],[100.2611,16.8877],[100.2611,16.8869],[100.2619,16.8863],[100.2619,16.8855],[100.2633,16.8852],[100.2633,16.8847],[100.2639,16.8844],[100.2638,16.8831],[100.2624,16.8831],[100.263,16.8817],[100.2641,16.8817],[100.2644,16.8825],[100.2658,16.8822],[100.2658,16.883],[100.265,16.8831],[100.2658,16.8839],[100.2656,16.8858],[100.2647,16.8863],[100.2647,16.8887]]]}},{"type":"Feature","properties":{"kind":"flood","area_km2":0.2,"conf":"low","date":"2026-10-09"},"geometry":{"type":"Polygon","coordinates":[[[100.1873,16.0194],[100.1873,16.0175],[100.1879,16.0175],[100.1879,16.0169],[100.1896,16.0169],[100.1901,16.015],[100.189,16.0153],[100.189,16.0164],[100.1873,16.0166],[100.1873,16.0158],[100.1848,16.0156],[100.1851,16.0145],[100.1859,16.0142],[100.1862,16.0153],[100.1876,16.0153],[100.1879,16.0145],[100.1879,16.0153],[100.1887,16.0153],[100.1887,16.0142],[100.1895,16.0139],[100.1895,16.0126],[100.1904,16.0126],[100.1907,16.0136],[100.1912,16.0139],[100.1915,16.0166],[100.1896,16.0177],[100.1893,16.0191],[100.1873,16.0194]]]}},{"type":"Feature","properties":{"kind":"flood","area_km2":0.2,"conf":"low","date":"2026-10-09"},"geometry":{"type":"Polygon","coordinates":[[[100.1771,16.0042],[100.1771,16.0023],[100.1777,16.0021],[100.1774,16.0015],[100.1785,16.0007],[100.1777,16.0004],[100.1766,16.0018],[100.1743,16.0015],[100.1743,16.0007],[100.176,16.0007],[100.1768,15.9991],[100.1782,15.9991],[100.1782,15.9996],[100.1788,15.9996],[100.1791,16.0002],[100.1802,16.0001],[100.1805,16.001],[100.1822,16.0012],[100.1822,16.002],[100.1799,16.002],[100.1788,16.0042],[100.1771,16.0042]]]}},{"type":"Feature","properties":{"kind":"flood","area_km2":0.198,"conf":"low","date":"2026-10-09"},"geometry":{"type":"Polygon","coordinates":[[[99.9977,16.0065],[99.998,16.0043],[99.9972,16.0043],[99.9969,16.0054],[99.996,16.0054],[99.996,16.0049],[99.9955,16.0049],[99.9952,16.003],[99.9963,16.003],[99.9966,16.0011],[99.9985,16.0016],[99.9985,16.0008],[99.9997,16.0002],[99.9997,16.0059],[99.9991,16.0059],[99.9991,16.0065],[99.9977,16.0065]],[[99.9986,16.0027],[99.9991,16.0027],[99.9994,16.0019],[99.9985,16.0019],[99.9986,16.0027]]]}},{"type":"Feature","properties":{"kind":"flood","area_km2":0.19,"conf":"low","date":"2026-10-09"},"geometry":{"type":"Polygon","coordinates":[[[100.0632,16.036],[100.0632,16.0344],[100.0638,16.0341],[100.0638,16.033],[100.0626,16.033],[100.0626,16.0325],[100.0618,16.0322],[100.061,16.0333],[100.0601,16.0333],[100.0604,16.032],[100.0609,16.032],[100.0618,16.0303],[100.0623,16.0303],[100.0626,16.0298],[100.0637,16.0298],[100.0637,16.0306],[100.0649,16.0306],[100.0666,16.0314],[100.0666,16.0322],[100.0649,16.0325],[100.0646,16.0357],[100.0632,16.036]]]}},{"type":"Feature","properties":{"kind":"flood","area_km2":0.185,"conf":"low","date":"2026-10-09"},"geometry":{"type":"Polygon","coordinates":[[[100.3314,16.7623],[100.3309,16.7614],[100.332,16.7614],[100.332,16.7601],[100.3306,16.7601],[100.3303,16.7612],[100.3292,16.7601],[100.3292,16.7587],[100.33,16.7582],[100.3303,16.7593],[100.3328,16.7593],[100.3328,16.7563],[100.3342,16.756],[100.3351,16.7568],[100.3348,16.7617],[100.334,16.7606],[100.3323,16.7606],[100.3323,16.7622],[100.3314,16.7623]]]}},{"type":"Feature","properties":{"kind":"flood","area_km2":0.178,"conf":"low","date":"2026-10-09"},"geometry":{"type":"Polygon","coordinates":[[[100.1929,16.006],[100.1906,16.0058],[100.1903,16.0052],[100.1906,16.0036],[100.1889,16.0034],[100.1889,16.0012],[100.1897,16.0006],[100.19,16.0028],[100.1917,16.0028],[100.1923,16.0006],[100.192,15.999],[100.1931,15.999],[100.1928,16.0022],[100.1937,16.0025],[100.1934,16.0052],[100.1929,16.006]],[[100.1923,16.0025],[100.1926,16.0028],[100.1926,16.0025],[100.1923,16.0025]]]}},{"type":"Feature","properties":{"kind":"flood","area_km2":0.175,"conf":"low","date":"2026-10-09"},"geometry":{"type":"Polygon","coordinates":[[[100.094,16.0182],[100.0912,16.018],[100.0912,16.0172],[100.0923,16.0174],[100.0923,16.0166],[100.0928,16.0166],[100.0928,16.0155],[100.092,16.0155],[100.092,16.0169],[100.0911,16.0169],[100.0911,16.0147],[100.0956,16.0144],[100.0967,16.015],[100.0968,16.016],[100.0954,16.0163],[100.0945,16.0171],[100.0945,16.0177],[100.094,16.0177],[100.094,16.0182]]]}},{"type":"Feature","properties":{"kind":"flood","area_km2":0.172,"conf":"low","date":"2026-10-09"},"geometry":{"type":"Polygon","coordinates":[[[100.3432,16.799],[100.3427,16.7985],[100.3413,16.7985],[100.3412,16.7955],[100.3421,16.795],[100.3421,16.7944],[100.3443,16.7939],[100.3446,16.799],[100.3432,16.799]]]}},{"type":"Feature","properties":{"kind":"flood","area_km2":0.17,"conf":"low","date":"2026-10-09"},"geometry":{"type":"Polygon","coordinates":[[[100.0634,16.1214],[100.0631,16.1209],[100.0609,16.1212],[100.0603,16.1187],[100.0608,16.1187],[100.062,16.1176],[100.0639,16.1174],[100.0642,16.1184],[100.0637,16.1184],[100.0637,16.119],[100.0656,16.119],[100.0656,16.1201],[100.0645,16.1203],[100.0642,16.1214],[100.0634,16.1214]]]}},{"type":"Feature","properties":{"kind":"flood","area_km2":0.168,"conf":"low","date":"2026-10-09"},"geometry":{"type":"Polygon","coordinates":[[[100.0817,16.1932],[100.0814,16.1916],[100.0826,16.1913],[100.0826,16.1902],[100.0842,16.1899],[100.0831,16.1897],[100.0831,16.1886],[100.0845,16.1886],[100.0845,16.188],[100.0851,16.1878],[100.0868,16.1877],[100.087,16.1902],[100.0845,16.1907],[100.0837,16.1921],[100.084,16.1932],[100.0817,16.1932]],[[100.0845,16.1897],[100.0859,16.1894],[100.0859,16.1888],[100.0845,16.1888],[100.0845,16.1897]]]}},{"type":"Feature","properties":{"kind":"flood","area_km2":0.167,"conf":"low","date":"2026-10-09"},"geometry":{"type":"Polygon","coordinates":[[[100.1758,16.1629],[100.173,16.1615],[100.173,16.1607],[100.1747,16.1602],[100.175,16.1585],[100.1764,16.1588],[100.1761,16.1604],[100.1767,16.161],[100.1798,16.1612],[100.1798,16.1623],[100.1758,16.1629]]]}},{"type":"Feature","properties":{"kind":"flood","area_km2":0.165,"conf":"low","date":"2026-10-09"},"geometry":{"type":"Polygon","coordinates":[[[100.2001,16.4076],[100.1992,16.407],[100.1989,16.4062],[100.1975,16.4062],[100.1972,16.4054],[100.1972,16.4043],[100.1983,16.4033],[100.1983,16.4016],[100.1989,16.4033],[100.1995,16.4032],[100.2,16.4024],[100.2011,16.4027],[100.2012,16.4038],[100.2003,16.4049],[100.2003,16.4057],[100.2006,16.4062],[100.2014,16.4062],[100.2015,16.4073],[100.2001,16.4076]]]}},{"type":"Feature","properties":{"kind":"flood","area_km2":0.165,"conf":"low","date":"2026-10-09"},"geometry":{"type":"Polygon","coordinates":[[[100.3386,16.2934],[100.3378,16.2926],[100.3361,16.2921],[100.3361,16.2913],[100.338,16.2912],[100.3372,16.2902],[100.3366,16.2902],[100.3366,16.2891],[100.3394,16.2888],[100.34,16.2896],[100.3405,16.2896],[100.3408,16.2915],[100.3403,16.292],[100.3394,16.292],[100.3395,16.2934],[100.3386,16.2934]],[[100.3386,16.2921],[100.3392,16.2921],[100.3392,16.2915],[100.3386,16.2915],[100.3386,16.2921]]]}},{"type":"Feature","properties":{"kind":"flood","area_km2":0.161,"conf":"low","date":"2026-10-09"},"geometry":{"type":"Polygon","coordinates":[[[100.0433,16.134],[100.043,16.1326],[100.0418,16.1313],[100.0418,16.1297],[100.0435,16.1297],[100.0435,16.1291],[100.0427,16.1289],[100.0427,16.1278],[100.0435,16.1278],[100.0435,16.1272],[100.0446,16.1272],[100.046,16.128],[100.046,16.1291],[100.0446,16.1291],[100.0446,16.1313],[100.0438,16.1321],[100.0441,16.134],[100.0433,16.134]],[[100.0441,16.1288],[100.0446,16.1288],[100.0446,16.1286],[100.0443,16.1286],[100.0443,16.1283],[100.0441,16.1283],[100.0441,16.1288]],[[100.0438,16.128],[100.0441,16.1283],[100.0441,16.128],[100.0438,16.128]]]}},{"type":"Feature","properties":{"kind":"flood","area_km2":0.158,"conf":"low","date":"2026-10-09"},"geometry":{"type":"Polygon","coordinates":[[[100.0693,16.1211],[100.0676,16.1195],[100.0676,16.1187],[100.0701,16.1168],[100.0701,16.116],[100.0687,16.1143],[100.0687,16.1135],[100.0695,16.1135],[100.0709,16.1146],[100.0709,16.1179],[100.0701,16.1181],[100.0701,16.1192],[100.0712,16.1192],[100.0712,16.12],[100.0707,16.12],[100.0707,16.1211],[100.0693,16.1211]]]}},{"type":"Feature","properties":{"kind":"flood","area_km2":0.155,"conf":"low","date":"2026-10-09"},"geometry":{"type":"Polygon","coordinates":[[[100.1935,16.2137],[100.1938,16.2105],[100.1949,16.2105],[100.1952,16.2094],[100.1949,16.2078],[100.1969,16.2078],[100.1974,16.2099],[100.196,16.2099],[100.196,16.2105],[100.1966,16.2107],[100.1966,16.2116],[100.1958,16.2118],[100.1961,16.2135],[100.1935,16.2137]],[[100.1944,16.2127],[100.1949,16.2127],[100.1949,16.2118],[100.1947,16.2118],[100.1944,16.2127]]]}},{"type":"Feature","properties":{"kind":"flood","area_km2":0.14,"conf":"low","date":"2026-10-09"},"geometry":{"type":"Polygon","coordinates":[[[100.0631,16.1149],[100.0631,16.1136],[100.0619,16.1133],[100.0614,16.1117],[100.0628,16.1119],[100.0633,16.1117],[100.0633,16.1111],[100.0647,16.1111],[100.065,16.11],[100.0659,16.11],[100.0664,16.1106],[100.0664,16.1119],[100.065,16.1119],[100.0647,16.1125],[100.0653,16.1127],[100.0653,16.1138],[100.0645,16.1141],[100.0639,16.1149],[100.0631,16.1149]]]}},{"type":"Feature","properties":{"kind":"flood","area_km2":0.14,"conf":"low","date":"2026-10-09"},"geometry":{"type":"Polygon","coordinates":[[[100.0594,16.0067],[100.0594,16.0048],[100.0614,16.0048],[100.0616,16.0021],[100.063,16.0021],[100.063,16.0013],[100.0639,16.0013],[100.0642,16.0032],[100.0633,16.0032],[100.063,16.0051],[100.0622,16.0054],[100.0622,16.0059],[100.0617,16.0059],[100.0611,16.0067],[100.0594,16.0067]]]}},{"type":"Feature","properties":{"kind":"flood","area_km2":0.137,"conf":"low","date":"2026-10-09"},"geometry":{"type":"Polygon","coordinates":[[[100.1126,16.0485],[100.1132,16.0469],[100.1123,16.0466],[100.1123,16.0453],[100.1137,16.0452],[100.1143,16.0428],[100.1157,16.0428],[100.1154,16.0444],[100.1165,16.0444],[100.1165,16.0452],[100.1149,16.0455],[100.1149,16.0466],[100.1143,16.0469],[100.1146,16.0485],[100.1126,16.0485]]]}},{"type":"Feature","properties":{"kind":"flood","area_km2":0.136,"conf":"low","date":"2026-10-09"},"geometry":{"type":"Polygon","coordinates":[[[100.0548,16.8156],[100.0548,16.8143],[100.0542,16.8143],[100.0542,16.8135],[100.0562,16.8116],[100.0573,16.8116],[100.0579,16.8105],[100.0587,16.8105],[100.0593,16.8116],[100.061,16.8115],[100.061,16.8124],[100.0593,16.8126],[100.0584,16.8135],[100.0576,16.8135],[100.0579,16.8121],[100.0573,16.8118],[100.0573,16.8126],[100.0559,16.8135],[100.0554,16.8156],[100.0548,16.8156]]]}},{"type":"Feature","properties":{"kind":"flood","area_km2":0.132,"conf":"low","date":"2026-10-09"},"geometry":{"type":"Polygon","coordinates":[[[100.3221,16.4234],[100.3214,16.412],[100.322,16.4093],[100.3225,16.4093],[100.3228,16.4085],[100.3228,16.4071],[100.3211,16.4069],[100.3217,16.4066],[100.3217,16.4055],[100.3222,16.4052],[100.3225,16.4068],[100.3239,16.4068],[100.3239,16.4082],[100.3234,16.4085],[100.3225,16.4101],[100.3226,16.4115],[100.322,16.4117],[100.3221,16.4234]]]}},{"type":"Feature","properties":{"kind":"flood","area_km2":0.131,"conf":"low","date":"2026-10-09"},"geometry":{"type":"Polygon","coordinates":[[[100.3597,16.7439],[100.3597,16.7428],[100.3589,16.7428],[100.3589,16.742],[100.3594,16.7412],[100.3605,16.7412],[100.3605,16.7406],[100.3591,16.7407],[100.3591,16.7396],[100.3574,16.7396],[100.3574,16.7388],[100.3594,16.7393],[100.3619,16.7393],[100.362,16.7404],[100.3614,16.7412],[100.3614,16.7433],[100.3597,16.7439]]]}},{"type":"Feature","properties":{"kind":"flood","area_km2":0.125,"conf":"low","date":"2026-10-09"},"geometry":{"type":"Polygon","coordinates":[[[100.0676,16.5859],[100.0676,16.5846],[100.0667,16.584],[100.0667,16.5832],[100.0695,16.5832],[100.0712,16.5837],[100.0715,16.5859],[100.0676,16.5859]]]}},{"type":"Feature","properties":{"kind":"flood","area_km2":0.121,"conf":"low","date":"2026-10-09"},"geometry":{"type":"Polygon","coordinates":[[[100.2465,16.4255],[100.2465,16.4247],[100.2471,16.4247],[100.2471,16.4239],[100.2476,16.4236],[100.2479,16.4214],[100.2493,16.4211],[100.2493,16.4206],[100.2485,16.4206],[100.2487,16.4187],[100.2507,16.4184],[100.2504,16.4198],[100.2513,16.4198],[100.2513,16.4206],[100.2507,16.4208],[100.251,16.4219],[100.2501,16.4217],[100.2496,16.4225],[100.2482,16.4225],[100.2482,16.4233],[100.2476,16.4238],[100.2479,16.4244],[100.2474,16.4244],[100.2474,16.4255],[100.2465,16.4255]]]}},{"type":"Feature","properties":{"kind":"flood","area_km2":0.117,"conf":"low","date":"2026-10-09"},"geometry":{"type":"Polygon","coordinates":[[[100.3303,16.7194],[100.3297,16.7189],[100.3283,16.7186],[100.328,16.717],[100.33,16.7173],[100.3303,16.7167],[100.3314,16.7167],[100.3314,16.7162],[100.3303,16.7162],[100.3305,16.7151],[100.3331,16.7153],[100.3331,16.7161],[100.3322,16.7164],[100.3322,16.7172],[100.3306,16.7178],[100.3311,16.7194],[100.3303,16.7194]]]}},{"type":"Feature","properties":{"kind":"flood","area_km2":0.116,"conf":"low","date":"2026-10-09"},"geometry":{"type":"Polygon","coordinates":[[[100.1268,16.0281],[100.1243,16.0276],[100.124,16.0262],[100.1251,16.0262],[100.1254,16.027],[100.126,16.027],[100.126,16.0246],[100.1271,16.0232],[100.1288,16.0227],[100.1288,16.0235],[100.1282,16.0235],[100.1282,16.024],[100.1276,16.0243],[100.1277,16.0265],[100.1271,16.0265],[100.1268,16.0281]]]}},{"type":"Feature","properties":{"kind":"flood","area_km2":0.113,"conf":"low","date":"2026-10-09"},"geometry":{"type":"Polygon","coordinates":[[[100.0736,16.1366],[100.0736,16.1355],[100.0727,16.1355],[100.0727,16.1344],[100.0719,16.1344],[100.0719,16.1336],[100.0705,16.1336],[100.0693,16.1331],[100.0696,16.1314],[100.0713,16.1314],[100.0716,16.1328],[100.0727,16.1328],[100.073,16.1341],[100.0736,16.1341],[100.0738,16.1349],[100.075,16.1349],[100.075,16.1363],[100.0736,16.1366]]]}},{"type":"Feature","properties":{"kind":"flood","area_km2":0.113,"conf":"low","date":"2026-10-09"},"geometry":{"type":"Polygon","coordinates":[[[100.0627,16.0981],[100.0621,16.0973],[100.0613,16.0973],[100.061,16.0957],[100.0635,16.0959],[100.0635,16.0965],[100.0644,16.0957],[100.0669,16.0956],[100.0669,16.0967],[100.0647,16.0973],[100.0647,16.0978],[100.0627,16.0981]]]}},{"type":"Feature","properties":{"kind":"flood","area_km2":0.112,"conf":"low","date":"2026-10-09"},"geometry":{"type":"Polygon","coordinates":[[[100.1828,16.1542],[100.1831,16.1528],[100.1814,16.1528],[100.1814,16.1517],[100.1847,16.1512],[100.1853,16.1517],[100.1859,16.1539],[100.1828,16.1542]]]}},{"type":"Feature","properties":{"kind":"flood","area_km2":0.112,"conf":"low","date":"2026-10-09"},"geometry":{"type":"Polygon","coordinates":[[[100.1413,16.0188],[100.1402,16.0177],[100.1402,16.0169],[100.1416,16.0166],[100.1416,16.0153],[100.1427,16.0153],[100.1427,16.0161],[100.1447,16.0161],[100.1444,16.0177],[100.1427,16.0177],[100.1425,16.0188],[100.1413,16.0188]],[[100.1419,16.0166],[100.1422,16.0172],[100.1422,16.0166],[100.1419,16.0166]]]}},{"type":"Feature","properties":{"kind":"flood","area_km2":0.11,"conf":"low","date":"2026-10-09"},"geometry":{"type":"Polygon","coordinates":[[[100.1428,16.8903],[100.1428,16.8895],[100.1417,16.8889],[100.1417,16.8881],[100.1425,16.8881],[100.1425,16.8876],[100.1467,16.8875],[100.1467,16.8881],[100.1456,16.8881],[100.1459,16.8894],[100.1467,16.89],[100.1448,16.8903],[100.145,16.8892],[100.1445,16.8884],[100.1445,16.8903],[100.1428,16.8903]],[[100.1428,16.8889],[100.1431,16.8892],[100.1431,16.8889],[100.1428,16.8889]],[[100.1431,16.8884],[100.1433,16.8886],[100.1433,16.8884],[100.1431,16.8884]]]}},{"type":"Feature","properties":{"kind":"flood","area_km2":0.11,"conf":"low","date":"2026-10-09"},"geometry":{"type":"Polygon","coordinates":[[[100.1087,16.0539],[100.1065,16.0534],[100.1034,16.0537],[100.1034,16.0515],[100.1042,16.0515],[100.1045,16.0521],[100.1059,16.0515],[100.1059,16.0531],[100.1073,16.0531],[100.1073,16.0515],[100.109,16.052],[100.1096,16.0526],[100.1096,16.0534],[100.109,16.0534],[100.1087,16.0539]]]}},{"type":"Feature","properties":{"kind":"flood","area_km2":0.109,"conf":"low","date":"2026-10-09"},"geometry":{"type":"Polygon","coordinates":[[[100.1257,16.0332],[100.1254,16.0324],[100.1249,16.033],[100.124,16.033],[100.1243,16.0286],[100.1263,16.0286],[100.1263,16.0308],[100.1257,16.0308],[100.1254,16.0316],[100.1268,16.0316],[100.1271,16.0332],[100.1257,16.0332]]]}},{"type":"Feature","properties":{"kind":"flood","area_km2":0.109,"conf":"low","date":"2026-10-09"},"geometry":{"type":"Polygon","coordinates":[[[100.1439,16.0223],[100.1444,16.019],[100.1475,16.0188],[100.1473,16.022],[100.1461,16.022],[100.1464,16.0207],[100.1456,16.0204],[100.1447,16.0215],[100.1447,16.0223],[100.1439,16.0223]]]}},{"type":"Feature","properties":{"kind":"flood","area_km2":0.108,"conf":"low","date":"2026-10-09"},"geometry":{"type":"Polygon","coordinates":[[[100.1601,16.4984],[100.1601,16.4978],[100.1582,16.4978],[100.1582,16.497],[100.159,16.4962],[100.159,16.4951],[100.1635,16.4951],[100.1635,16.4959],[100.1612,16.4959],[100.161,16.4984],[100.1601,16.4984]]]}},{"type":"Feature","properties":{"kind":"flood","area_km2":0.108,"conf":"low","date":"2026-10-09"},"geometry":{"type":"Polygon","coordinates":[[[100.1509,16.4613],[100.1509,16.4607],[100.1501,16.4605],[100.1501,16.4594],[100.1489,16.4594],[100.1492,16.4575],[100.1512,16.4575],[100.1526,16.458],[100.1526,16.4591],[100.152,16.4596],[100.1523,16.461],[100.1509,16.4613]],[[100.1506,16.4597],[100.1509,16.4599],[100.1509,16.4596],[100.1506,16.4597]]]}},{"type":"Feature","properties":{"kind":"flood","area_km2":0.107,"conf":"low","date":"2026-10-09"},"geometry":{"type":"Polygon","coordinates":[[[100.3352,16.7397],[100.3358,16.7381],[100.3355,16.7365],[100.3363,16.7356],[100.338,16.7356],[100.338,16.737],[100.3386,16.7375],[100.3386,16.7381],[100.338,16.7383],[100.338,16.7394],[100.3375,16.7394],[100.3377,16.7389],[100.3374,16.7375],[100.3375,16.7386],[100.3366,16.7389],[100.3366,16.7397],[100.3352,16.7397]]]}},{"type":"Feature","properties":{"kind":"flood","area_km2":0.107,"conf":"low","date":"2026-10-09"},"geometry":{"type":"Polygon","coordinates":[[[100.0797,16.6433],[100.0792,16.6422],[100.0777,16.6423],[100.078,16.6412],[100.0794,16.6409],[100.0797,16.6414],[100.0811,16.6412],[100.0814,16.6417],[100.0834,16.6414],[100.0834,16.643],[100.0797,16.6433]]]}},{"type":"Feature","properties":{"kind":"flood","area_km2":0.106,"conf":"low","date":"2026-10-09"},"geometry":{"type":"Polygon","coordinates":[[[100.043,16.7764],[100.0433,16.7748],[100.0456,16.7745],[100.0453,16.7728],[100.0447,16.7729],[100.0447,16.7734],[100.0436,16.7734],[100.0436,16.7723],[100.0453,16.772],[100.0453,16.7726],[100.0472,16.7726],[100.0475,16.7718],[100.0475,16.7734],[100.0464,16.7734],[100.0461,16.7753],[100.0442,16.7764],[100.043,16.7764]]]}},{"type":"Feature","properties":{"kind":"flood","area_km2":0.106,"conf":"low","date":"2026-10-09"},"geometry":{"type":"Polygon","coordinates":[[[100.3401,16.3102],[100.3401,16.3086],[100.3407,16.3086],[100.3407,16.308],[100.3454,16.308],[100.3457,16.3085],[100.3457,16.3094],[100.3446,16.3102],[100.3435,16.3102],[100.3426,16.3091],[100.3412,16.3091],[100.3412,16.3099],[100.3401,16.3102]]]}},{"type":"Feature","properties":{"kind":"flood","area_km2":0.106,"conf":"low","date":"2026-10-09"},"geometry":{"type":"Polygon","coordinates":[[[100.0503,16.1969],[100.0475,16.1963],[100.0475,16.195],[100.0481,16.1939],[100.0511,16.1936],[100.0514,16.1947],[100.052,16.1947],[100.052,16.1955],[100.0509,16.1955],[100.0506,16.195],[100.05,16.195],[100.0495,16.1953],[100.0495,16.1958],[100.0503,16.1961],[100.0503,16.1969]]]}},{"type":"Feature","properties":{"kind":"flood","area_km2":0.106,"conf":"low","date":"2026-10-09"},"geometry":{"type":"Polygon","coordinates":[[[100.1641,16.1632],[100.1632,16.1616],[100.1621,16.161],[100.1621,16.1602],[100.1632,16.1597],[100.1652,16.1597],[100.1652,16.1605],[100.1666,16.1602],[100.1666,16.161],[100.1657,16.161],[100.1657,16.1618],[100.1649,16.1624],[100.1649,16.1632],[100.1641,16.1632]],[[100.1635,16.1608],[100.1638,16.161],[100.1638,16.1608],[100.1635,16.1608]]]}},{"type":"Feature","properties":{"kind":"flood","area_km2":0.104,"conf":"low","date":"2026-10-09"},"geometry":{"type":"Polygon","coordinates":[[[100.0697,16.0357],[100.0694,16.0322],[100.071,16.0322],[100.071,16.0314],[100.0722,16.0314],[100.0722,16.033],[100.0716,16.0333],[100.0716,16.0354],[100.0697,16.0357]]]}},{"type":"Feature","properties":{"kind":"flood","area_km2":0.103,"conf":"low","date":"2026-10-09"},"geometry":{"type":"Polygon","coordinates":[[[100.0428,16.1522],[100.0433,16.1503],[100.0453,16.1503],[100.0456,16.1513],[100.0462,16.1513],[100.0473,16.1508],[100.0473,16.1492],[100.0487,16.1492],[100.0487,16.1502],[100.0484,16.1508],[100.0476,16.1508],[100.0473,16.1521],[100.0428,16.1522]]]}},{"type":"Feature","properties":{"kind":"flood","area_km2":0.099,"conf":"low","date":"2026-10-09"},"geometry":{"type":"Polygon","coordinates":[[[100.1473,16.7929],[100.1473,16.7902],[100.1459,16.7899],[100.1455,16.7859],[100.1458,16.787],[100.1464,16.787],[100.1464,16.7899],[100.1478,16.7899],[100.1487,16.7902],[100.1487,16.791],[100.1506,16.7913],[100.1506,16.7921],[100.1487,16.7921],[100.1487,16.7929],[100.1473,16.7929]]]}},{"type":"Feature","properties":{"kind":"flood","area_km2":0.099,"conf":"low","date":"2026-10-09"},"geometry":{"type":"Polygon","coordinates":[[[100.4401,16.2372],[100.4398,16.2366],[100.4393,16.2366],[100.4393,16.2358],[100.4407,16.2358],[100.4412,16.2347],[100.4401,16.2344],[100.4398,16.2334],[100.4426,16.2331],[100.4426,16.2339],[100.4418,16.2339],[100.4418,16.2353],[100.4432,16.2352],[100.4429,16.2363],[100.4423,16.2363],[100.4423,16.2369],[100.4401,16.2372]]]}},{"type":"Feature","properties":{"kind":"flood","area_km2":0.099,"conf":"low","date":"2026-10-09"},"geometry":{"type":"Polygon","coordinates":[[[100.1247,16.0433],[100.1244,16.0419],[100.123,16.0417],[100.123,16.0409],[100.1277,16.0408],[100.1277,16.0419],[100.1266,16.0422],[100.1263,16.0433],[100.1247,16.0433]]]}},{"type":"Feature","properties":{"kind":"flood","area_km2":0.099,"conf":"low","date":"2026-10-09"},"geometry":{"type":"Polygon","coordinates":[[[100.1627,16.0208],[100.1627,16.0195],[100.1621,16.0195],[100.1618,16.0184],[100.1613,16.0184],[100.1615,16.0168],[100.1632,16.0168],[100.1632,16.0173],[100.1641,16.0176],[100.1638,16.0189],[100.1646,16.0192],[100.1646,16.02],[100.1638,16.0208],[100.1627,16.0208]]]}},{"type":"Feature","properties":{"kind":"flood","area_km2":0.098,"conf":"low","date":"2026-10-09"},"geometry":{"type":"Polygon","coordinates":[[[100.658,16.2844],[100.658,16.283],[100.6569,16.283],[100.656,16.2822],[100.656,16.2806],[100.6594,16.2808],[100.6588,16.2841],[100.658,16.2844]]]}},{"type":"Feature","properties":{"kind":"flood","area_km2":0.097,"conf":"low","date":"2026-10-09"},"geometry":{"type":"Polygon","coordinates":[[[100.197,16.0399],[100.1956,16.0388],[100.1959,16.0375],[100.1947,16.0378],[100.1944,16.0361],[100.1953,16.0361],[100.1958,16.0372],[100.1973,16.0372],[100.1984,16.0383],[100.1989,16.0383],[100.1989,16.0391],[100.1981,16.0399],[100.197,16.0399]]]}},{"type":"Feature","properties":{"kind":"flood","area_km2":0.096,"conf":"low","date":"2026-10-09"},"geometry":{"type":"Polygon","coordinates":[[[100.2282,16.7675],[100.2276,16.767],[100.2259,16.767],[100.2254,16.7659],[100.2237,16.7664],[100.2237,16.7651],[100.2256,16.7648],[100.2259,16.7653],[100.227,16.7656],[100.2279,16.7645],[100.2282,16.7664],[100.2296,16.7667],[100.229,16.767],[100.229,16.7675],[100.2282,16.7675]]]}},{"type":"Feature","properties":{"kind":"flood","area_km2":0.096,"conf":"low","date":"2026-10-09"},"geometry":{"type":"Polygon","coordinates":[[[100.254,16.4037],[100.2534,16.4032],[100.2523,16.4032],[100.2525,16.4005],[100.2531,16.4008],[100.2534,16.4021],[100.2545,16.4021],[100.2554,16.4027],[100.2562,16.4026],[100.2565,16.4016],[100.2573,16.4016],[100.2573,16.4037],[100.254,16.4037]]]}},{"type":"Feature","properties":{"kind":"flood","area_km2":0.095,"conf":"low","date":"2026-10-09"},"geometry":{"type":"Polygon","coordinates":[[[100.1957,16.2018],[100.1957,16.2004],[100.1946,16.2005],[100.1946,16.1996],[100.1963,16.1983],[100.1965,16.1975],[100.1974,16.1975],[100.1974,16.1991],[100.1979,16.1991],[100.1979,16.1999],[100.1971,16.2002],[100.1968,16.2018],[100.1957,16.2018]]]}},{"type":"Feature","properties":{"kind":"flood","area_km2":0.093,"conf":"low","date":"2026-10-09"},"geometry":{"type":"Polygon","coordinates":[[[100.1147,16.1702],[100.1139,16.167],[100.1153,16.1667],[100.1155,16.1673],[100.1167,16.1673],[100.1172,16.1678],[100.1172,16.1697],[100.1161,16.17],[100.1161,16.1686],[100.1155,16.1686],[100.1156,16.1702],[100.1147,16.1702]]]}},{"type":"Feature","properties":{"kind":"flood","area_km2":0.093,"conf":"low","date":"2026-10-09"},"geometry":{"type":"Polygon","coordinates":[[[100.119,16.0374],[100.119,16.0365],[100.1196,16.0365],[100.1196,16.0355],[100.1204,16.0349],[100.1229,16.0352],[100.1235,16.0357],[100.1232,16.0371],[100.121,16.0373],[100.1207,16.0368],[100.1199,16.0368],[100.1199,16.0373],[100.119,16.0374]]]}},{"type":"Feature","properties":{"kind":"flood","area_km2":0.092,"conf":"low","date":"2026-10-09"},"geometry":{"type":"Polygon","coordinates":[[[100.3586,16.3399],[100.3586,16.3388],[100.3575,16.3388],[100.3583,16.3386],[100.3583,16.3372],[100.3605,16.3369],[100.3617,16.3375],[100.3614,16.3394],[100.3594,16.3391],[100.3594,16.3399],[100.3586,16.3399]]]}},{"type":"Feature","properties":{"kind":"flood","area_km2":0.088,"conf":"low","date":"2026-10-09"},"geometry":{"type":"Polygon","coordinates":[[[100.1535,16.0415],[100.153,16.0404],[100.1513,16.0407],[100.1513,16.0412],[100.1502,16.0413],[100.1496,16.041],[100.1496,16.0402],[100.1507,16.0399],[100.1507,16.0391],[100.151,16.0404],[100.1524,16.0402],[100.1527,16.0385],[100.1538,16.0383],[100.1544,16.0388],[100.1544,16.0415],[100.1535,16.0415]]]}},{"type":"Feature","properties":{"kind":"flood","area_km2":0.087,"conf":"low","date":"2026-10-09"},"geometry":{"type":"Polygon","coordinates":[[[100.373,16.7514],[100.3724,16.7503],[100.3707,16.7503],[100.3707,16.7493],[100.371,16.7498],[100.3727,16.7498],[100.3735,16.7484],[100.3758,16.7484],[100.3764,16.7489],[100.3764,16.75],[100.375,16.7498],[100.3744,16.7503],[100.3733,16.7503],[100.373,16.7514]]]}},{"type":"Feature","properties":{"kind":"flood","area_km2":0.086,"conf":"low","date":"2026-10-09"},"geometry":{"type":"Polygon","coordinates":[[[100.1369,16.0758],[100.1349,16.0741],[100.1341,16.0742],[100.1344,16.0728],[100.1358,16.0725],[100.1366,16.0741],[100.1383,16.0739],[100.1383,16.0758],[100.1369,16.0758]]]}},{"type":"Feature","properties":{"kind":"flood","area_km2":0.086,"conf":"low","date":"2026-10-09"},"geometry":{"type":"Polygon","coordinates":[[[100.1682,16.007],[100.1679,16.0059],[100.1654,16.0065],[100.1654,16.0056],[100.1665,16.0046],[100.1676,16.0046],[100.1676,16.0051],[100.1682,16.0051],[100.1685,16.0043],[100.1699,16.0043],[100.1693,16.0067],[100.1682,16.007]]]}},{"type":"Feature","properties":{"kind":"flood","area_km2":0.084,"conf":"low","date":"2026-10-09"},"geometry":{"type":"Polygon","coordinates":[[[100.3544,16.2692],[100.3533,16.2667],[100.3522,16.2668],[100.3519,16.2646],[100.3533,16.2646],[100.3539,16.2659],[100.3544,16.2662],[100.3544,16.2676],[100.3556,16.2681],[100.3556,16.2689],[100.3544,16.2692]]]}},{"type":"Feature","properties":{"kind":"flood","area_km2":0.084,"conf":"low","date":"2026-10-09"},"geometry":{"type":"Polygon","coordinates":[[[100.0622,16.0119],[100.0625,16.0108],[100.062,16.0105],[100.062,16.0097],[100.0628,16.0089],[100.0656,16.0089],[100.0656,16.01],[100.0648,16.01],[100.0642,16.0105],[100.0642,16.0116],[100.0622,16.0119]]]}},{"type":"Feature","properties":{"kind":"flood","area_km2":0.084,"conf":"low","date":"2026-10-09"},"geometry":{"type":"Polygon","coordinates":[[[100.1844,16.0012],[100.1833,16.0009],[100.1827,15.9999],[100.1813,16.0001],[100.181,15.9991],[100.1864,15.999],[100.1861,16.0004],[100.1847,16.0004],[100.1844,16.0012]]]}},{"type":"Feature","properties":{"kind":"flood","area_km2":0.083,"conf":"low","date":"2026-10-09"},"geometry":{"type":"Polygon","coordinates":[[[100.4131,16.8783],[100.4139,16.878],[100.4139,16.8772],[100.4145,16.8769],[100.4144,16.8748],[100.415,16.8745],[100.415,16.8731],[100.4156,16.8729],[100.4153,16.8739],[100.4161,16.8739],[100.4161,16.8753],[100.4153,16.8764],[100.4161,16.8766],[100.4156,16.8775],[100.4159,16.8783],[100.4131,16.8783]]]}},{"type":"Feature","properties":{"kind":"flood","area_km2":0.083,"conf":"low","date":"2026-10-09"},"geometry":{"type":"Polygon","coordinates":[[[100.1991,16.0103],[100.1988,16.0095],[100.1982,16.0095],[100.1982,16.0101],[100.1971,16.0101],[100.1971,16.0087],[100.1979,16.0087],[100.1979,16.0076],[100.2002,16.0076],[100.2002,16.0098],[100.2013,16.0098],[100.201,16.0103],[100.1991,16.0103]]]}},{"type":"Feature","properties":{"kind":"flood","area_km2":0.082,"conf":"low","date":"2026-10-09"},"geometry":{"type":"Polygon","coordinates":[[[100.0722,16.0398],[100.0714,16.0387],[100.0714,16.0379],[100.0741,16.0362],[100.075,16.0362],[100.075,16.037],[100.0736,16.0387],[100.0736,16.0392],[100.073,16.0398],[100.0722,16.0398]]]}},{"type":"Feature","properties":{"kind":"flood","area_km2":0.082,"conf":"low","date":"2026-10-09"},"geometry":{"type":"Polygon","coordinates":[[[100.1105,16.0171],[100.1102,16.0149],[100.1136,16.0146],[100.1136,16.016],[100.113,16.0162],[100.113,16.017],[100.1105,16.0171]]]}},{"type":"Feature","properties":{"kind":"flood","area_km2":0.08,"conf":"low","date":"2026-10-09"},"geometry":{"type":"Polygon","coordinates":[[[100.0437,16.8379],[100.0445,16.8341],[100.0456,16.8339],[100.0462,16.8347],[100.0456,16.8377],[100.0437,16.8379]]]}},{"type":"Feature","properties":{"kind":"flood","area_km2":0.08,"conf":"low","date":"2026-10-09"},"geometry":{"type":"Polygon","coordinates":[[[100.2488,16.0825],[100.2488,16.0819],[100.2477,16.0811],[100.2477,16.0792],[100.2485,16.0784],[100.2491,16.0784],[100.2491,16.08],[100.2497,16.0806],[100.2505,16.0806],[100.2505,16.0825],[100.2488,16.0825]]]}},{"type":"Feature","properties":{"kind":"flood","area_km2":0.076,"conf":"low","date":"2026-10-09"},"geometry":{"type":"Polygon","coordinates":[[[100.3364,16.3062],[100.3362,16.3054],[100.3348,16.3048],[100.3347,16.304],[100.3356,16.304],[100.3359,16.3029],[100.3376,16.3034],[100.3376,16.3045],[100.337,16.3045],[100.337,16.3051],[100.3381,16.3048],[100.3379,16.3062],[100.3364,16.3062]]]}},{"type":"Feature","properties":{"kind":"flood","area_km2":0.076,"conf":"low","date":"2026-10-09"},"geometry":{"type":"Polygon","coordinates":[[[100.0747,16.133],[100.0749,16.1309],[100.0777,16.1308],[100.0778,16.133],[100.0747,16.133]]]}},{"type":"Feature","properties":{"kind":"flood","area_km2":0.076,"conf":"low","date":"2026-10-09"},"geometry":{"type":"Polygon","coordinates":[[[100.0589,16.1274],[100.0578,16.1261],[100.0578,16.1253],[100.0592,16.1247],[100.0612,16.125],[100.0612,16.1263],[100.0603,16.1269],[100.0603,16.1274],[100.0589,16.1274]],[[100.0595,16.1261],[100.06,16.1261],[100.06,16.1255],[100.0595,16.1255],[100.0595,16.1261]]]}},{"type":"Feature","properties":{"kind":"flood","area_km2":0.076,"conf":"low","date":"2026-10-09"},"geometry":{"type":"Polygon","coordinates":[[[100.1287,16.0633],[100.127,16.062],[100.127,16.0612],[100.1278,16.0606],[100.1278,16.0601],[100.1287,16.0601],[100.1287,16.0606],[100.1295,16.0609],[100.1295,16.0617],[100.1301,16.062],[100.1301,16.0631],[100.1287,16.0633]]]}},{"type":"Feature","properties":{"kind":"flood","area_km2":0.076,"conf":"low","date":"2026-10-09"},"geometry":{"type":"Polygon","coordinates":[[[100.2077,16.0057],[100.2066,16.0049],[100.2049,16.0049],[100.2035,16.0054],[100.2027,16.0052],[100.2035,16.0044],[100.2049,16.0046],[100.2055,16.0038],[100.2063,16.0038],[100.2066,16.0033],[100.208,16.0032],[100.2088,16.0043],[100.2088,16.0057],[100.2077,16.0057]],[[100.2066,16.0046],[100.208,16.0046],[100.208,16.0038],[100.2066,16.0038],[100.2066,16.0046]]]}},{"type":"Feature","properties":{"kind":"flood","area_km2":0.075,"conf":"low","date":"2026-10-09"},"geometry":{"type":"Polygon","coordinates":[[[100.1654,16.4883],[100.1657,16.4859],[100.1651,16.4859],[100.1651,16.4848],[100.1665,16.4845],[100.1665,16.4856],[100.1674,16.4856],[100.1674,16.4875],[100.1665,16.4883],[100.1654,16.4883]]]}},{"type":"Feature","properties":{"kind":"flood","area_km2":0.075,"conf":"low","date":"2026-10-09"},"geometry":{"type":"Polygon","coordinates":[[[100.0704,16.1295],[100.0676,16.129],[100.0673,16.1249],[100.0682,16.1249],[100.069,16.1284],[100.0704,16.1284],[100.0704,16.1295]]]}},{"type":"Feature","properties":{"kind":"flood","area_km2":0.073,"conf":"low","date":"2026-10-09"},"geometry":{"type":"Polygon","coordinates":[[[100.3245,16.7786],[100.3228,16.778],[100.3231,16.775],[100.325,16.775],[100.3245,16.7786]]]}},{"type":"Feature","properties":{"kind":"flood","area_km2":0.073,"conf":"low","date":"2026-10-09"},"geometry":{"type":"Polygon","coordinates":[[[100.0368,16.7097],[100.0362,16.7089],[100.0362,16.7075],[100.037,16.7067],[100.0382,16.7067],[100.0384,16.7073],[100.039,16.7073],[100.039,16.7081],[100.0384,16.7083],[100.0382,16.7097],[100.0368,16.7097]]]}},{"type":"Feature","properties":{"kind":"flood","area_km2":0.073,"conf":"low","date":"2026-10-09"},"geometry":{"type":"Polygon","coordinates":[[[100.1749,16.4365],[100.1749,16.4359],[100.1741,16.4354],[100.1741,16.4343],[100.1746,16.4343],[100.1744,16.4332],[100.1758,16.4335],[100.1758,16.4327],[100.1766,16.4327],[100.1761,16.4365],[100.1749,16.4365]]]}},{"type":"Feature","properties":{"kind":"flood","area_km2":0.072,"conf":"low","date":"2026-10-09"},"geometry":{"type":"Polygon","coordinates":[[[100.0769,16.1238],[100.0763,16.1233],[100.0763,16.1222],[100.0757,16.1219],[100.0757,16.1214],[100.0752,16.1214],[100.0754,16.1197],[100.0766,16.1197],[100.0768,16.1211],[100.078,16.1224],[100.078,16.1235],[100.0769,16.1238]]]}},{"type":"Feature","properties":{"kind":"flood","area_km2":0.072,"conf":"low","date":"2026-10-09"},"geometry":{"type":"Polygon","coordinates":[[[100.1118,16.0531],[100.1121,16.0496],[100.1132,16.0493],[100.1138,16.0499],[100.1135,16.0531],[100.1118,16.0531]]]}},{"type":"Feature","properties":{"kind":"flood","area_km2":0.071,"conf":"low","date":"2026-10-09"},"geometry":{"type":"Polygon","coordinates":[[[100.117,16.0328],[100.1159,16.0319],[100.1156,16.0292],[100.1167,16.0292],[100.1173,16.03],[100.1173,16.0311],[100.1187,16.0314],[100.1187,16.0325],[100.117,16.0328]]]}},{"type":"Feature","properties":{"kind":"flood","area_km2":0.071,"conf":"low","date":"2026-10-09"},"geometry":{"type":"Polygon","coordinates":[[[100.1587,16.0122],[100.159,16.0108],[100.1601,16.0111],[100.1606,16.0103],[100.1626,16.0105],[100.1626,16.0122],[100.1587,16.0122]]]}},{"type":"Feature","properties":{"kind":"flood","area_km2":0.07,"conf":"low","date":"2026-10-09"},"geometry":{"type":"Polygon","coordinates":[[[100.0503,16.1418],[100.0497,16.1413],[100.0497,16.1405],[100.0506,16.1402],[100.0506,16.1397],[100.0497,16.1394],[100.0497,16.1386],[100.0506,16.1386],[100.0509,16.1394],[100.052,16.1399],[100.052,16.1405],[100.0531,16.1405],[100.0531,16.1413],[100.0503,16.1418]]]}},{"type":"Feature","properties":{"kind":"flood","area_km2":0.07,"conf":"low","date":"2026-10-09"},"geometry":{"type":"Polygon","coordinates":[[[100.1798,16.0321],[100.1801,16.0286],[100.1787,16.0284],[100.1787,16.027],[100.1806,16.0273],[100.1809,16.0283],[100.181,16.0316],[100.1807,16.0321],[100.1798,16.0321]]]}},{"type":"Feature","properties":{"kind":"flood","area_km2":0.069,"conf":"low","date":"2026-10-09"},"geometry":{"type":"Polygon","coordinates":[[[100.2198,16.4183],[100.2187,16.4178],[100.2187,16.4167],[100.2192,16.4167],[100.2195,16.4148],[100.2203,16.4148],[100.2203,16.4164],[100.2212,16.4164],[100.2215,16.418],[100.2198,16.4183]]]}},{"type":"Feature","properties":{"kind":"flood","area_km2":0.069,"conf":"low","date":"2026-10-09"},"geometry":{"type":"Polygon","coordinates":[[[100.2326,16.409],[100.2329,16.4071],[100.231,16.4071],[100.2309,16.4066],[100.2304,16.4066],[100.2312,16.4063],[100.2315,16.4052],[100.2329,16.4052],[100.2332,16.406],[100.2343,16.406],[100.2343,16.4068],[100.2335,16.4074],[100.2332,16.409],[100.2326,16.409]]]}},{"type":"Feature","properties":{"kind":"flood","area_km2":0.069,"conf":"low","date":"2026-10-09"},"geometry":{"type":"Polygon","coordinates":[[[100.0376,16.0627],[100.0373,16.0614],[100.0378,16.06],[100.037,16.0595],[100.037,16.0584],[100.0381,16.0584],[100.0384,16.06],[100.0389,16.0603],[100.039,16.0627],[100.0376,16.0627]]]}},{"type":"Feature","properties":{"kind":"flood","area_km2":0.068,"conf":"low","date":"2026-10-09"},"geometry":{"type":"Polygon","coordinates":[[[100.4847,16.6359],[100.4827,16.6357],[100.4824,16.6343],[100.4866,16.6343],[100.4866,16.6351],[100.4849,16.6354],[100.4847,16.6359]]]}},{"type":"Feature","properties":{"kind":"flood","area_km2":0.068,"conf":"low","date":"2026-10-09"},"geometry":{"type":"Polygon","coordinates":[[[100.2464,16.4049],[100.2469,16.4032],[100.2478,16.4032],[100.2478,16.4011],[100.2509,16.4008],[100.2509,16.4027],[100.2506,16.4013],[100.2492,16.4013],[100.2492,16.4027],[100.2486,16.4027],[100.2483,16.404],[100.2464,16.4049]]]}},{"type":"Feature","properties":{"kind":"flood","area_km2":0.068,"conf":"low","date":"2026-10-09"},"geometry":{"type":"Polygon","coordinates":[[[100.0261,16.1718],[100.0258,16.1702],[100.0263,16.1699],[100.0263,16.1691],[100.0269,16.1685],[100.0277,16.1685],[100.028,16.1693],[100.0289,16.1696],[100.0289,16.1704],[100.0275,16.1701],[100.0275,16.1715],[100.0261,16.1718]]]}},{"type":"Feature","properties":{"kind":"flood","area_km2":0.068,"conf":"low","date":"2026-10-09"},"geometry":{"type":"Polygon","coordinates":[[[100.4368,16.0929],[100.436,16.0921],[100.436,16.091],[100.4376,16.091],[100.4379,16.0918],[100.4405,16.0921],[100.4405,16.0929],[100.4368,16.0929]]]}},{"type":"Feature","properties":{"kind":"flood","area_km2":0.068,"conf":"low","date":"2026-10-09"},"geometry":{"type":"Polygon","coordinates":[[[100.083,16.0169],[100.083,16.0161],[100.0816,16.0156],[100.0816,16.0142],[100.0827,16.0137],[100.0841,16.0137],[100.0844,16.0142],[100.0833,16.0142],[100.0833,16.0153],[100.0847,16.0156],[100.0841,16.0161],[100.0841,16.0169],[100.083,16.0169]]]}},{"type":"Feature","properties":{"kind":"flood","area_km2":0.068,"conf":"low","date":"2026-10-09"},"geometry":{"type":"Polygon","coordinates":[[[100.338,16.7354],[100.3374,16.7348],[100.3374,16.7337],[100.3388,16.734],[100.3391,16.7324],[100.3399,16.7324],[100.34,16.7335],[100.3405,16.7337],[100.3408,16.7351],[100.338,16.7354]]]}},{"type":"Feature","properties":{"kind":"flood","area_km2":0.068,"conf":"low","date":"2026-10-09"},"geometry":{"type":"Polygon","coordinates":[[[100.0782,16.3215],[100.0782,16.3198],[100.0776,16.3198],[100.0776,16.319],[100.0802,16.3188],[100.0807,16.3206],[100.0782,16.3215]]]}},{"type":"Feature","properties":{"kind":"flood","area_km2":0.067,"conf":"low","date":"2026-10-09"},"geometry":{"type":"Polygon","coordinates":[[[100.2441,16.7414],[100.2415,16.7406],[100.2415,16.739],[100.2443,16.7392],[100.2441,16.7414]]]}},{"type":"Feature","properties":{"kind":"flood","area_km2":0.067,"conf":"low","date":"2026-10-09"},"geometry":{"type":"Polygon","coordinates":[[[100.0701,16.0707],[100.0701,16.0699],[100.069,16.0701],[100.0687,16.0696],[100.0682,16.0696],[100.0684,16.0683],[100.0696,16.0682],[100.0696,16.0688],[100.0698,16.068],[100.0712,16.0682],[100.071,16.0707],[100.0701,16.0707]]]}},{"type":"Feature","properties":{"kind":"flood","area_km2":0.067,"conf":"low","date":"2026-10-09"},"geometry":{"type":"Polygon","coordinates":[[[100.0917,16.009],[100.0917,16.0069],[100.0925,16.0063],[100.0936,16.0063],[100.0936,16.0071],[100.0945,16.0071],[100.0945,16.0082],[100.0933,16.0085],[100.0931,16.0079],[100.0925,16.009],[100.0917,16.009]]]}},{"type":"Feature","properties":{"kind":"flood","area_km2":0.067,"conf":"low","date":"2026-10-09"},"geometry":{"type":"Polygon","coordinates":[[[100.1645,16.004],[100.1642,16.0029],[100.1634,16.0027],[100.1634,16.0019],[100.1662,16.0018],[100.1665,16.0024],[100.167,16.0024],[100.1668,16.0037],[100.1645,16.004]]]}},{"type":"Feature","properties":{"kind":"flood","area_km2":0.066,"conf":"low","date":"2026-10-09"},"geometry":{"type":"Polygon","coordinates":[[[100.005,16.0496],[100.0047,16.0482],[100.0063,16.0474],[100.0083,16.0471],[100.0086,16.0493],[100.0078,16.0493],[100.0075,16.0482],[100.0066,16.0482],[100.0064,16.0493],[100.005,16.0496]]]}},{"type":"Feature","properties":{"kind":"flood","area_km2":0.066,"conf":"low","date":"2026-10-09"},"geometry":{"type":"Polygon","coordinates":[[[100.1429,16.0025],[100.1435,16.0003],[100.1443,15.9998],[100.1443,15.9993],[100.1457,15.9992],[100.1449,16.0022],[100.1429,16.0025]]]}},{"type":"Feature","properties":{"kind":"flood","area_km2":0.065,"conf":"low","date":"2026-10-09"},"geometry":{"type":"Polygon","coordinates":[[[100.0565,16.8192],[100.0568,16.8167],[100.0576,16.8162],[100.0576,16.8156],[100.0587,16.8156],[100.0587,16.8167],[100.0582,16.8167],[100.0579,16.8173],[100.0585,16.8175],[100.0582,16.8189],[100.0565,16.8192]]]}},{"type":"Feature","properties":{"kind":"flood","area_km2":0.065,"conf":"low","date":"2026-10-09"},"geometry":{"type":"Polygon","coordinates":[[[100.2019,16.3802],[100.2013,16.378],[100.2021,16.378],[100.2021,16.3769],[100.2041,16.3772],[100.2041,16.3766],[100.2058,16.3766],[100.2058,16.3775],[100.2032,16.3777],[100.203,16.3788],[100.2021,16.3794],[100.2019,16.3802]]]}},{"type":"Feature","properties":{"kind":"flood","area_km2":0.065,"conf":"low","date":"2026-10-09"},"geometry":{"type":"Polygon","coordinates":[[[100.2706,16.1943],[100.2686,16.1941],[100.2683,16.1916],[100.2706,16.1921],[100.2706,16.1927],[100.2711,16.193],[100.2712,16.1938],[100.2706,16.1943]]]}},{"type":"Feature","properties":{"kind":"flood","area_km2":0.064,"conf":"low","date":"2026-10-09"},"geometry":{"type":"Polygon","coordinates":[[[100.0588,16.9368],[100.0586,16.9352],[100.0591,16.9347],[100.0591,16.9328],[100.0602,16.9328],[100.0603,16.9365],[100.0588,16.9368]],[[100.0594,16.9363],[100.0597,16.9366],[100.0597,16.9363],[100.0594,16.9363]]]}},{"type":"Feature","properties":{"kind":"flood","area_km2":0.064,"conf":"low","date":"2026-10-09"},"geometry":{"type":"Polygon","coordinates":[[[100.1571,16.8324],[100.1571,16.8316],[100.1579,16.8308],[100.1579,16.83],[100.1574,16.8297],[100.1573,16.8284],[100.1588,16.8284],[100.1588,16.8316],[100.1582,16.8324],[100.1571,16.8324]]]}},{"type":"Feature","properties":{"kind":"flood","area_km2":0.064,"conf":"low","date":"2026-10-09"},"geometry":{"type":"Polygon","coordinates":[[[100.1764,16.7233],[100.1739,16.7228],[100.1739,16.722],[100.1747,16.722],[100.1744,16.7206],[100.1755,16.7206],[100.1767,16.7214],[100.1764,16.7233]]]}},{"type":"Feature","properties":{"kind":"flood","area_km2":0.064,"conf":"low","date":"2026-10-09"},"geometry":{"type":"Polygon","coordinates":[[[100.1757,16.1376],[100.1737,16.1377],[100.1734,16.1352],[100.1748,16.1352],[100.176,16.1357],[100.1757,16.1376]]]}},{"type":"Feature","properties":{"kind":"flood","area_km2":0.064,"conf":"low","date":"2026-10-09"},"geometry":{"type":"Polygon","coordinates":[[[100.3275,16.0218],[100.3272,16.0188],[100.3281,16.0188],[100.3286,16.0202],[100.3303,16.0199],[100.33,16.021],[100.3289,16.021],[100.3284,16.0218],[100.3275,16.0218]]]}},{"type":"Feature","properties":{"kind":"flood","area_km2":0.064,"conf":"low","date":"2026-10-09"},"geometry":{"type":"Polygon","coordinates":[[[99.9966,16.01],[99.9961,16.0092],[99.9963,16.0081],[99.998,16.0078],[99.9994,16.0084],[99.9994,16.0092],[99.9989,16.0092],[99.9983,16.01],[99.9966,16.01]]]}},{"type":"Feature","properties":{"kind":"flood","area_km2":0.064,"conf":"low","date":"2026-10-09"},"geometry":{"type":"Polygon","coordinates":[[[100.0978,16.0087],[100.0981,16.0071],[100.0992,16.0065],[100.1006,16.0068],[100.1006,16.0063],[100.1015,16.0063],[100.1015,16.0073],[100.1006,16.0082],[100.0978,16.0087]]]}},{"type":"Feature","properties":{"kind":"flood","area_km2":0.063,"conf":"low","date":"2026-10-09"},"geometry":{"type":"Polygon","coordinates":[[[100.0758,16.1281],[100.0735,16.1279],[100.0735,16.1271],[100.0727,16.1268],[100.0729,16.1254],[100.0738,16.1254],[100.0738,16.1271],[100.0749,16.1265],[100.0766,16.1268],[100.0766,16.1276],[100.076,16.1276],[100.0758,16.1281]]]}},{"type":"Feature","properties":{"kind":"flood","area_km2":0.062,"conf":"low","date":"2026-10-09"},"geometry":{"type":"Polygon","coordinates":[[[100.4301,16.2052],[100.43,16.2033],[100.4323,16.2033],[100.4323,16.2039],[100.4329,16.2041],[100.4329,16.2052],[100.4301,16.2052]]]}},{"type":"Feature","properties":{"kind":"flood","area_km2":0.062,"conf":"low","date":"2026-10-09"},"geometry":{"type":"Polygon","coordinates":[[[100.0394,16.2045],[100.0391,16.2024],[100.0416,16.2023],[100.0417,16.2042],[100.0394,16.2045]]]}},{"type":"Feature","properties":{"kind":"flood","area_km2":0.061,"conf":"low","date":"2026-10-09"},"geometry":{"type":"Polygon","coordinates":[[[100.3469,16.8044],[100.3463,16.802],[100.3466,16.8015],[100.3475,16.8015],[100.3475,16.802],[100.3492,16.8036],[100.3492,16.8044],[100.3469,16.8044]]]}},{"type":"Feature","properties":{"kind":"flood","area_km2":0.061,"conf":"low","date":"2026-10-09"},"geometry":{"type":"Polygon","coordinates":[[[100.0848,16.6425],[100.0848,16.6406],[100.0862,16.6406],[100.0867,16.6392],[100.0876,16.6392],[100.0879,16.6414],[100.0851,16.6417],[100.0848,16.6425]]]}},{"type":"Feature","properties":{"kind":"flood","area_km2":0.061,"conf":"low","date":"2026-10-09"},"geometry":{"type":"Polygon","coordinates":[[[100.1208,16.6038],[100.1163,16.6035],[100.1161,16.6025],[100.1208,16.6027],[100.1208,16.6038]]]}},{"type":"Feature","properties":{"kind":"flood","area_km2":0.061,"conf":"low","date":"2026-10-09"},"geometry":{"type":"Polygon","coordinates":[[[100.3124,16.2784],[100.3124,16.2773],[100.3129,16.2768],[100.3127,16.2754],[100.3146,16.2754],[100.3144,16.2778],[100.3135,16.2784],[100.3124,16.2784]]]}},{"type":"Feature","properties":{"kind":"flood","area_km2":0.061,"conf":"low","date":"2026-10-09"},"geometry":{"type":"Polygon","coordinates":[[[100.3508,16.2348],[100.3497,16.2334],[100.3497,16.2318],[100.3508,16.2318],[100.3514,16.2329],[100.352,16.2329],[100.3522,16.2334],[100.3522,16.2342],[100.3517,16.2348],[100.3508,16.2348]]]}},{"type":"Feature","properties":{"kind":"flood","area_km2":0.061,"conf":"low","date":"2026-10-09"},"geometry":{"type":"Polygon","coordinates":[[[100.0413,16.143],[100.0411,16.1419],[100.0416,16.1411],[100.0416,16.14],[100.0436,16.1397],[100.043,16.1419],[100.0422,16.1424],[100.0422,16.143],[100.0413,16.143]]]}},{"type":"Feature","properties":{"kind":"flood","area_km2":0.061,"conf":"low","date":"2026-10-09"},"geometry":{"type":"Polygon","coordinates":[[[100.141,16.015],[100.1394,16.0142],[100.1394,16.0134],[100.1405,16.0131],[100.1405,16.0117],[100.1413,16.0117],[100.1413,16.0128],[100.1422,16.0131],[100.1422,16.0142],[100.141,16.015]]]}},{"type":"Feature","properties":{"kind":"flood","area_km2":0.06,"conf":"low","date":"2026-10-09"},"geometry":{"type":"Polygon","coordinates":[[[100.1923,16.2398],[100.1923,16.2379],[100.1917,16.2376],[100.1917,16.2371],[100.1923,16.2368],[100.192,16.2357],[100.1937,16.2352],[100.1937,16.2357],[100.1945,16.2357],[100.1945,16.2371],[100.1928,16.2368],[100.1928,16.2387],[100.1923,16.2398]]]}},{"type":"Feature","properties":{"kind":"flood","area_km2":0.06,"conf":"low","date":"2026-10-09"},"geometry":{"type":"Polygon","coordinates":[[[100.1334,16.0066],[100.1323,16.0058],[100.1326,16.0045],[100.1348,16.0045],[100.1354,16.0061],[100.1348,16.0066],[100.1334,16.0066]]]}},{"type":"Feature","properties":{"kind":"flood","area_km2":0.06,"conf":"low","date":"2026-10-09"},"geometry":{"type":"Polygon","coordinates":[[[100.1581,16.0008],[100.1558,16.0005],[100.1558,15.9997],[100.1567,15.9997],[100.1572,15.9992],[100.1603,15.9997],[100.1603,16.0008],[100.1592,16.0008],[100.1586,16.0003],[100.1581,16.0008]]]}},{"type":"Feature","properties":{"kind":"flood","area_km2":0.059,"conf":"low","date":"2026-10-09"},"geometry":{"type":"Polygon","coordinates":[[[100.1216,16.9294],[100.1185,16.9286],[100.1182,16.9273],[100.1199,16.9281],[100.1227,16.9278],[100.1227,16.9292],[100.1216,16.9294]]]}},{"type":"Feature","properties":{"kind":"flood","area_km2":0.059,"conf":"low","date":"2026-10-09"},"geometry":{"type":"Polygon","coordinates":[[[100.1915,16.2439],[100.1909,16.2433],[100.1909,16.2417],[100.1937,16.2419],[100.1934,16.2433],[100.1929,16.2433],[100.1926,16.2438],[100.1915,16.2439]]]}},{"type":"Feature","properties":{"kind":"flood","area_km2":0.059,"conf":"low","date":"2026-10-09"},"geometry":{"type":"Polygon","coordinates":[[[100.0431,16.2162],[100.0431,16.2126],[100.0439,16.2126],[100.044,16.2145],[100.0451,16.2148],[100.0451,16.2159],[100.0431,16.2162]]]}},{"type":"Feature","properties":{"kind":"flood","area_km2":0.059,"conf":"low","date":"2026-10-09"},"geometry":{"type":"Polygon","coordinates":[[[100.0715,16.1211],[100.0715,16.1203],[100.0721,16.12],[100.0721,16.1181],[100.0732,16.1181],[100.0729,16.1195],[100.0735,16.1195],[100.0735,16.1189],[100.0743,16.1189],[100.0743,16.1203],[100.0729,16.1206],[100.0726,16.1211],[100.0715,16.1211]]]}},{"type":"Feature","properties":{"kind":"flood","area_km2":0.059,"conf":"low","date":"2026-10-09"},"geometry":{"type":"Polygon","coordinates":[[[100.2112,16.02],[100.2109,16.0181],[100.2117,16.0176],[100.2134,16.0176],[100.2134,16.0189],[100.2123,16.02],[100.2112,16.02]]]}},{"type":"Feature","properties":{"kind":"flood","area_km2":0.059,"conf":"low","date":"2026-10-09"},"geometry":{"type":"Polygon","coordinates":[[[100.3478,16.8107],[100.3478,16.8093],[100.3484,16.809],[100.3484,16.8085],[100.3503,16.8082],[100.3503,16.8101],[100.3492,16.8107],[100.3478,16.8107]]]}},{"type":"Feature","properties":{"kind":"flood","area_km2":0.059,"conf":"low","date":"2026-10-09"},"geometry":{"type":"Polygon","coordinates":[[[100.0461,16.1999],[100.0461,16.1985],[100.0472,16.1982],[100.0472,16.1972],[100.0489,16.1974],[100.0489,16.1982],[100.0484,16.1985],[100.0481,16.1996],[100.0461,16.1999]]]}},{"type":"Feature","properties":{"kind":"flood","area_km2":0.058,"conf":"low","date":"2026-10-09"},"geometry":{"type":"Polygon","coordinates":[[[100.3417,16.5822],[100.3411,16.5819],[100.3411,16.5813],[100.342,16.5805],[100.342,16.5792],[100.3434,16.5789],[100.3434,16.5816],[100.3417,16.5822]]]}},{"type":"Feature","properties":{"kind":"flood","area_km2":0.058,"conf":"low","date":"2026-10-09"},"geometry":{"type":"Polygon","coordinates":[[[100.0445,16.2026],[100.0433,16.2015],[100.0419,16.2015],[100.0419,16.2007],[100.0442,16.2004],[100.0453,16.201],[100.0456,16.2023],[100.0445,16.2026]]]}},{"type":"Feature","properties":{"kind":"flood","area_km2":0.058,"conf":"low","date":"2026-10-09"},"geometry":{"type":"Polygon","coordinates":[[[100.0198,16.2008],[100.0197,16.1995],[100.0203,16.1989],[100.0217,16.1989],[100.0228,16.2],[100.0228,16.2008],[100.022,16.2008],[100.022,16.2003],[100.0217,16.2008],[100.0198,16.2008]]]}},{"type":"Feature","properties":{"kind":"flood","area_km2":0.058,"conf":"low","date":"2026-10-09"},"geometry":{"type":"Polygon","coordinates":[[[100.0989,16.1966],[100.0952,16.1964],[100.0955,16.195],[100.0989,16.1953],[100.0989,16.1966]]]}},{"type":"Feature","properties":{"kind":"flood","area_km2":0.058,"conf":"low","date":"2026-10-09"},"geometry":{"type":"Polygon","coordinates":[[[100.1765,16.1298],[100.1742,16.1298],[100.1745,16.1274],[100.1762,16.1273],[100.1765,16.1298]]]}},{"type":"Feature","properties":{"kind":"flood","area_km2":0.057,"conf":"low","date":"2026-10-09"},"geometry":{"type":"Polygon","coordinates":[[[100.1885,16.1292],[100.1885,16.1286],[100.188,16.1286],[100.188,16.1278],[100.1897,16.1278],[100.1897,16.127],[100.1911,16.1273],[100.1911,16.1289],[100.1885,16.1292]]]}},{"type":"Feature","properties":{"kind":"flood","area_km2":0.057,"conf":"low","date":"2026-10-09"},"geometry":{"type":"Polygon","coordinates":[[[100.0237,16.0921],[100.0237,16.0912],[100.0242,16.0907],[100.0234,16.0907],[100.0234,16.0899],[100.0251,16.0893],[100.0256,16.0899],[100.0259,16.0915],[100.0237,16.0921]]]}},{"type":"Feature","properties":{"kind":"flood","area_km2":0.056,"conf":"low","date":"2026-10-09"},"geometry":{"type":"Polygon","coordinates":[[[100.0015,16.484],[100.0018,16.4816],[100.0024,16.481],[100.0021,16.4794],[100.0032,16.4794],[100.0027,16.4837],[100.0015,16.484]]]}},{"type":"Feature","properties":{"kind":"flood","area_km2":0.056,"conf":"low","date":"2026-10-09"},"geometry":{"type":"Polygon","coordinates":[[[100.1962,16.2395],[100.1957,16.2379],[100.1965,16.2379],[100.1965,16.2387],[100.1971,16.2387],[100.1985,16.2373],[100.1996,16.2376],[100.1996,16.2387],[100.1962,16.2395]]]}},{"type":"Feature","properties":{"kind":"flood","area_km2":0.056,"conf":"low","date":"2026-10-09"},"geometry":{"type":"Polygon","coordinates":[[[100.3569,16.1729],[100.3538,16.1729],[100.3535,16.1718],[100.3552,16.1713],[100.3569,16.1718],[100.3569,16.1729]]]}},{"type":"Feature","properties":{"kind":"flood","area_km2":0.056,"conf":"low","date":"2026-10-09"},"geometry":{"type":"Polygon","coordinates":[[[100.1702,16.0121],[100.1699,16.011],[100.1707,16.0108],[100.1705,16.0094],[100.1724,16.0094],[100.1719,16.0119],[100.1702,16.0121]]]}},{"type":"Feature","properties":{"kind":"flood","area_km2":0.055,"conf":"low","date":"2026-10-09"},"geometry":{"type":"Polygon","coordinates":[[[100.1407,16.5904],[100.1402,16.5882],[100.1421,16.5882],[100.1427,16.5904],[100.1407,16.5904]]]}},{"type":"Feature","properties":{"kind":"flood","area_km2":0.055,"conf":"low","date":"2026-10-09"},"geometry":{"type":"Polygon","coordinates":[[[100.1807,16.2263],[100.1804,16.2252],[100.1815,16.2249],[100.1813,16.2236],[100.1829,16.2236],[100.1832,16.2246],[100.1827,16.2249],[100.1827,16.2255],[100.1815,16.2263],[100.1807,16.2263]]]}},{"type":"Feature","properties":{"kind":"flood","area_km2":0.055,"conf":"low","date":"2026-10-09"},"geometry":{"type":"Polygon","coordinates":[[[100.3341,16.0863],[100.3319,16.086],[100.3316,16.0844],[100.335,16.0849],[100.335,16.0857],[100.3341,16.0857],[100.3341,16.0863]]]}},{"type":"Feature","properties":{"kind":"flood","area_km2":0.055,"conf":"low","date":"2026-10-09"},"geometry":{"type":"Polygon","coordinates":[[[100.1405,16.0223],[100.1386,16.0218],[100.1386,16.0207],[100.1394,16.0202],[100.1416,16.0204],[100.1416,16.0212],[100.1411,16.0212],[100.1405,16.0223]]]}},{"type":"Feature","properties":{"kind":"flood","area_km2":0.055,"conf":"low","date":"2026-10-09"},"geometry":{"type":"Polygon","coordinates":[[[100.1741,16.0064],[100.1741,16.0051],[100.1777,16.0048],[100.1777,16.0059],[100.1741,16.0064]]]}},{"type":"Feature","properties":{"kind":"flood","area_km2":0.055,"conf":"low","date":"2026-10-09"},"geometry":{"type":"Polygon","coordinates":[[[100.0953,16.0047],[100.0947,16.0041],[100.095,16.003],[100.0956,16.0025],[100.097,16.0025],[100.097,16.0019],[100.0978,16.0019],[100.0978,16.0028],[100.0972,16.0028],[100.0972,16.0036],[100.0964,16.0041],[100.0964,16.0047],[100.0953,16.0047]]]}},{"type":"Feature","properties":{"kind":"flood","area_km2":0.054,"conf":"low","date":"2026-10-09"},"geometry":{"type":"Polygon","coordinates":[[[100.2442,16.974],[100.2436,16.9729],[100.2413,16.9727],[100.2413,16.9719],[100.2444,16.9721],[100.2447,16.9729],[100.2453,16.9729],[100.2453,16.974],[100.2442,16.974]]]}},{"type":"Feature","properties":{"kind":"flood","area_km2":0.054,"conf":"low","date":"2026-10-09"},"geometry":{"type":"Polygon","coordinates":[[[100.2459,16.4182],[100.2459,16.4168],[100.2467,16.4165],[100.247,16.4154],[100.2484,16.4152],[100.2484,16.4171],[100.247,16.4168],[100.247,16.4182],[100.2459,16.4182]]]}},{"type":"Feature","properties":{"kind":"flood","area_km2":0.054,"conf":"low","date":"2026-10-09"},"geometry":{"type":"Polygon","coordinates":[[[100.3642,16.335],[100.3639,16.3334],[100.365,16.3331],[100.365,16.3336],[100.3656,16.3336],[100.3653,16.332],[100.3661,16.332],[100.3664,16.3342],[100.3658,16.3342],[100.3658,16.3347],[100.3653,16.335],[100.3642,16.335]]]}},{"type":"Feature","properties":{"kind":"flood","area_km2":0.054,"conf":"low","date":"2026-10-09"},"geometry":{"type":"Polygon","coordinates":[[[100.0439,16.2059],[100.0439,16.2053],[100.0425,16.2042],[100.0425,16.2029],[100.0433,16.2029],[100.0447,16.2045],[100.0453,16.2045],[100.0453,16.2053],[100.0448,16.2059],[100.0439,16.2059]]]}},{"type":"Feature","properties":{"kind":"flood","area_km2":0.054,"conf":"low","date":"2026-10-09"},"geometry":{"type":"Polygon","coordinates":[[[100.228,16.1083],[100.2288,16.1078],[100.2285,16.1073],[100.228,16.1073],[100.228,16.1062],[100.2308,16.1064],[100.2305,16.1081],[100.2294,16.1078],[100.2288,16.1083],[100.228,16.1083]]]}},{"type":"Feature","properties":{"kind":"flood","area_km2":0.054,"conf":"low","date":"2026-10-09"},"geometry":{"type":"Polygon","coordinates":[[[100.2286,16.066],[100.2285,16.0655],[100.2274,16.0655],[100.2266,16.065],[100.2269,16.0639],[100.228,16.0639],[100.2285,16.0647],[100.2299,16.0647],[100.2297,16.066],[100.2286,16.066]]]}},{"type":"Feature","properties":{"kind":"flood","area_km2":0.054,"conf":"low","date":"2026-10-09"},"geometry":{"type":"Polygon","coordinates":[[[100.1879,16.0213],[100.1879,16.0204],[100.189,16.0202],[100.1893,16.0196],[100.191,16.0196],[100.191,16.0204],[100.1915,16.0204],[100.1915,16.0212],[100.1879,16.0213]]]}},{"type":"Feature","properties":{"kind":"flood","area_km2":0.053,"conf":"low","date":"2026-10-09"},"geometry":{"type":"Polygon","coordinates":[[[100.1504,16.8951],[100.1504,16.8938],[100.151,16.8935],[100.151,16.8929],[100.1515,16.8924],[100.1524,16.8924],[100.1521,16.8938],[100.1527,16.8943],[100.1527,16.8951],[100.1504,16.8951]]]}},{"type":"Feature","properties":{"kind":"flood","area_km2":0.053,"conf":"low","date":"2026-10-09"},"geometry":{"type":"Polygon","coordinates":[[[100.4129,16.3951],[100.4132,16.3941],[100.4109,16.3941],[100.4112,16.393],[100.414,16.3932],[100.4143,16.3949],[100.4129,16.3951]]]}},{"type":"Feature","properties":{"kind":"flood","area_km2":0.053,"conf":"low","date":"2026-10-09"},"geometry":{"type":"Polygon","coordinates":[[[100.1996,16.2468],[100.1985,16.2463],[100.1985,16.2452],[100.2016,16.2454],[100.2013,16.2468],[100.1996,16.2468]]]}},{"type":"Feature","properties":{"kind":"flood","area_km2":0.053,"conf":"low","date":"2026-10-09"},"geometry":{"type":"Polygon","coordinates":[[[100.0356,16.1796],[100.0356,16.1791],[100.0351,16.1791],[100.0351,16.1782],[100.0345,16.178],[100.0345,16.1772],[100.0359,16.1772],[100.037,16.1777],[100.0368,16.1796],[100.0356,16.1796]]]}},{"type":"Feature","properties":{"kind":"flood","area_km2":0.053,"conf":"low","date":"2026-10-09"},"geometry":{"type":"Polygon","coordinates":[[[100.1636,16.1732],[100.1633,16.1727],[100.1621,16.1727],[100.1621,16.1719],[100.1635,16.1719],[100.1641,16.1711],[100.1649,16.1711],[100.1655,16.1716],[100.1655,16.1724],[100.1644,16.1732],[100.1636,16.1732]]]}},{"type":"Feature","properties":{"kind":"flood","area_km2":0.053,"conf":"low","date":"2026-10-09"},"geometry":{"type":"Polygon","coordinates":[[[100.111,16.1594],[100.1088,16.1592],[100.1085,16.1581],[100.1093,16.1575],[100.1116,16.1575],[100.111,16.1594]]]}},{"type":"Feature","properties":{"kind":"flood","area_km2":0.052,"conf":"low","date":"2026-10-09"},"geometry":{"type":"Polygon","coordinates":[[[100.4867,16.6487],[100.4864,16.6473],[100.4881,16.646],[100.4881,16.6454],[100.489,16.6454],[100.489,16.6468],[100.4876,16.6481],[100.4876,16.6487],[100.4867,16.6487]]]}},{"type":"Feature","properties":{"kind":"flood","area_km2":0.052,"conf":"low","date":"2026-10-09"},"geometry":{"type":"Polygon","coordinates":[[[100.1963,16.2596],[100.1963,16.2585],[100.1972,16.2579],[100.1972,16.2574],[100.1989,16.2571],[100.1991,16.2587],[100.1975,16.2587],[100.1972,16.2596],[100.1963,16.2596]]]}},{"type":"Feature","properties":{"kind":"flood","area_km2":0.052,"conf":"low","date":"2026-10-09"},"geometry":{"type":"Polygon","coordinates":[[[100.0128,16.0577],[100.0128,16.0571],[100.0123,16.0569],[100.0123,16.0552],[100.0128,16.0547],[100.0137,16.0547],[100.0142,16.0552],[100.014,16.0571],[100.0137,16.0577],[100.0128,16.0577]]]}},{"type":"Feature","properties":{"kind":"flood","area_km2":0.052,"conf":"low","date":"2026-10-09"},"geometry":{"type":"Polygon","coordinates":[[[100.4125,16.0237],[100.4125,16.0231],[100.4116,16.0226],[100.4119,16.0213],[100.413,16.0212],[100.4147,16.0231],[100.4125,16.0237]]]}},{"type":"Feature","properties":{"kind":"flood","area_km2":0.051,"conf":"low","date":"2026-10-09"},"geometry":{"type":"Polygon","coordinates":[[[100.1955,16.2517],[100.1949,16.2501],[100.196,16.2493],[100.196,16.2484],[100.1968,16.2484],[100.1969,16.2506],[100.1963,16.2509],[100.1963,16.2517],[100.1955,16.2517]]]}},{"type":"Feature","properties":{"kind":"flood","area_km2":0.051,"conf":"low","date":"2026-10-09"},"geometry":{"type":"Polygon","coordinates":[[[100.1811,16.2027],[100.1811,16.2022],[100.1806,16.2022],[100.1797,16.2013],[100.1797,16.2005],[100.1814,16.2008],[100.1814,16.2019],[100.1817,16.2008],[100.1831,16.2011],[100.1831,16.2019],[100.182,16.2022],[100.182,16.2027],[100.1811,16.2027]]]}},{"type":"Feature","properties":{"kind":"flood","area_km2":0.051,"conf":"low","date":"2026-10-09"},"geometry":{"type":"Polygon","coordinates":[[[100.3144,16.0314],[100.3141,16.0295],[100.3147,16.0292],[100.3147,16.0284],[100.3161,16.0284],[100.3155,16.0311],[100.3144,16.0314]]]}},{"type":"Feature","properties":{"kind":"flood","area_km2":0.05,"conf":"low","date":"2026-10-09"},"geometry":{"type":"Polygon","coordinates":[[[100.0755,16.9359],[100.0755,16.9348],[100.0769,16.9337],[100.0769,16.9329],[100.0785,16.9324],[100.0785,16.9335],[100.0774,16.934],[100.0774,16.9348],[100.0766,16.9351],[100.0763,16.9359],[100.0755,16.9359]]]}},{"type":"Feature","properties":{"kind":"flood","area_km2":0.05,"conf":"low","date":"2026-10-09"},"geometry":{"type":"Polygon","coordinates":[[[100.3791,16.4583],[100.3765,16.4583],[100.3765,16.4569],[100.3788,16.4566],[100.3791,16.4583]]]}},{"type":"Feature","properties":{"kind":"flood","area_km2":0.05,"conf":"low","date":"2026-10-09"},"geometry":{"type":"Polygon","coordinates":[[[100.2594,16.4192],[100.2597,16.417],[100.2605,16.417],[100.2614,16.4178],[100.2619,16.4178],[100.2619,16.4189],[100.2594,16.4192]]]}},{"type":"Feature","properties":{"kind":"flood","area_km2":0.05,"conf":"low","date":"2026-10-09"},"geometry":{"type":"Polygon","coordinates":[[[100.0248,16.1463],[100.024,16.1458],[100.024,16.1447],[100.0262,16.1444],[100.0265,16.146],[100.0248,16.1463]]]}},{"type":"Feature","properties":{"kind":"flood","area_km2":0.05,"conf":"low","date":"2026-10-09"},"geometry":{"type":"Polygon","coordinates":[[[100.0677,16.0414],[100.0672,16.0398],[100.068,16.0398],[100.0688,16.039],[100.0688,16.0384],[100.0697,16.0384],[100.0697,16.0398],[100.0691,16.04],[100.0688,16.0411],[100.0677,16.0414]]]}},{"type":"Feature","properties":{"kind":"flood","area_km2":0.05,"conf":"low","date":"2026-10-09"},"geometry":{"type":"Polygon","coordinates":[[[100.1554,16.0323],[100.1551,16.029],[100.1563,16.029],[100.1568,16.0317],[100.1563,16.0323],[100.1554,16.0323]]]}},{"type":"Feature","properties":{"kind":"seasonal","area_km2":15.79,"date":"2026-10-09"},"geometry":{"type":"Polygon","coordinates":[[[100.1068,16.9081],[100.1068,16.9073],[100.1074,16.907],[100.1063,16.9067],[100.1063,16.9057],[100.1054,16.9057],[100.1054,16.9062],[100.104,16.9062],[100.1037,16.9057],[100.1023,16.906],[100.1023,16.9054],[100.1006,16.9052],[100.1006,16.9043],[100.1026,16.9043],[100.1043,16.9049],[100.1037,16.9041],[100.1023,16.9041],[100.1003,16.9033],[100.1006,16.9016],[100.1,16.9011],[100.1,16.9003],[100.1014,16.8997],[100.102,16.8973],[100.1014,16.8973],[100.1014,16.8981],[100.1006,16.8992],[100.0989,16.8992],[100.0983,16.8976],[100.0972,16.8973],[100.0958,16.896],[100.0958,16.8951],[100.0963,16.8946],[100.0958,16.8935],[100.0952,16.8935],[100.0952,16.8941],[100.0947,16.8941],[100.0935,16.8952],[100.0935,16.896],[100.0924,16.8976],[100.0907,16.8976],[100.0902,16.8954],[100.0913,16.8952],[100.0918,16.8941],[100.0896,16.8927],[100.0887,16.8927],[100.0887,16.8914],[100.0879,16.8906],[100.0879,16.8895],[100.0839,16.889],[100.0819,16.8879],[100.0819,16.8822],[100.0828,16.8822],[100.083,16.8817],[100.0844,16.8816],[100.0856,16.8825],[100.0856,16.8833],[100.0847,16.8833],[100.0847,16.8841],[100.0873,16.8838],[100.087,16.8822],[100.0856,16.8819],[100.0853,16.8803],[100.0847,16.88],[100.085,16.8792],[100.0858,16.8789],[100.0855,16.877],[100.0864,16.877],[100.087,16.8765],[100.0869,16.8746],[100.0864,16.8746],[100.0864,16.8757],[100.0861,16.8757],[100.0855,16.8768],[100.0841,16.877],[100.0842,16.8792],[100.0816,16.8798],[100.0819,16.8814],[100.0811,16.8814],[100.0805,16.8849],[100.0805,16.8857],[100.0811,16.886],[100.0808,16.8884],[100.08,16.889],[100.08,16.8898],[100.0789,16.8901],[100.0786,16.8912],[100.0775,16.8917],[100.0772,16.8925],[100.0763,16.8925],[100.0763,16.892],[100.0746,16.8909],[100.0738,16.889],[100.0732,16.889],[100.0724,16.8879],[100.0721,16.8866],[100.0712,16.8866],[100.0707,16.8836],[100.0695,16.8825],[100.0701,16.8798],[100.0706,16.8787],[100.0715,16.8787],[100.0715,16.8798],[100.072,16.8798],[100.0723,16.8785],[100.0732,16.8785],[100.0735,16.8822],[100.074,16.8822],[100.0746,16.8795],[100.0757,16.8795],[100.0763,16.8803],[100.076,16.8825],[100.0766,16.8825],[100.0768,16.882],[100.078,16.8822],[100.0783,16.8817],[100.0788,16.8817],[100.0791,16.8801],[100.0785,16.8798],[100.0785,16.8782],[100.0794,16.8782],[100.0796,16.8773],[100.0788,16.8771],[100.0791,16.8757],[100.0779,16.8744],[100.0782,16.8725],[100.0776,16.8706],[100.0782,16.87],[100.079,16.87],[100.0787,16.8681],[100.0816,16.8681],[100.0818,16.8676],[100.0832,16.8678],[100.0835,16.8665],[100.0841,16.8665],[100.0846,16.8646],[100.0855,16.864],[100.0877,16.8637],[100.0877,16.8645],[100.0886,16.8645],[100.0883,16.8681],[100.0889,16.8686],[100.0895,16.8713],[100.0906,16.8713],[100.0906,16.8719],[100.0923,16.8729],[100.0923,16.8737],[100.0889,16.8743],[100.0889,16.8751],[100.0914,16.8748],[100.092,16.877],[100.0929,16.8778],[100.0929,16.8784],[100.0943,16.8783],[100.0943,16.8778],[100.0932,16.8775],[100.0926,16.8767],[100.0929,16.8754],[100.0934,16.8748],[100.0948,16.8748],[100.0951,16.8743],[100.0957,16.8743],[100.0957,16.8732],[100.0971,16.8734],[100.0971,16.8753],[100.0996,16.8751],[100.0988,16.874],[100.0976,16.8737],[100.0976,16.8726],[100.0965,16.8716],[100.0959,16.8716],[100.0962,16.8702],[100.0956,16.8702],[100.0956,16.8694],[100.0965,16.8694],[100.0965,16.8699],[100.0973,16.8696],[100.0976,16.8678],[100.097,16.8672],[100.097,16.8664],[100.0979,16.8656],[100.0987,16.8656],[100.1001,16.8677],[100.1001,16.8686],[100.0993,16.8688],[100.0993,16.8696],[100.0999,16.8696],[100.0999,16.8713],[100.101,16.8702],[100.1007,16.868],[100.1015,16.868],[100.1018,16.8685],[100.103,16.8688],[100.1038,16.8699],[100.1058,16.8701],[100.1058,16.8696],[100.1066,16.8696],[100.1066,16.8704],[100.1078,16.8707],[100.1078,16.8728],[100.1092,16.8728],[100.1095,16.8747],[100.1103,16.8753],[100.1103,16.8731],[100.1128,16.8725],[100.114,16.8728],[100.114,16.8723],[100.1154,16.8715],[100.1154,16.8704],[100.1142,16.8704],[100.1142,16.8696],[100.1151,16.8693],[100.1151,16.8674],[100.1207,16.8671],[100.1207,16.869],[100.1213,16.8692],[100.1216,16.872],[100.1221,16.872],[100.1224,16.8684],[100.1229,16.8682],[100.1229,16.8676],[100.1215,16.8676],[100.1212,16.8663],[100.1232,16.8654],[100.1232,16.8649],[100.1224,16.8649],[100.1224,16.8644],[100.1246,16.8641],[100.1252,16.8652],[100.1283,16.8649],[100.1283,16.8643],[100.1291,16.8643],[100.1291,16.8649],[100.1297,16.8651],[100.1294,16.8689],[100.1314,16.8708],[100.132,16.8741],[100.1317,16.8752],[100.1303,16.8752],[100.13,16.8763],[100.1286,16.8763],[100.1281,16.8768],[100.1278,16.8787],[100.1267,16.879],[100.1267,16.8795],[100.1284,16.8806],[100.1292,16.8801],[100.1306,16.88],[100.1306,16.8817],[100.1335,16.8819],[100.1332,16.8833],[100.1326,16.8838],[100.1318,16.8838],[100.1324,16.8876],[100.1315,16.8879],[100.1315,16.889],[100.1293,16.8912],[100.1282,16.8914],[100.1273,16.8928],[100.1259,16.8928],[100.1251,16.8936],[100.12,16.8939],[100.1186,16.8937],[100.118,16.8931],[100.1169,16.8937],[100.1149,16.8931],[100.1149,16.8956],[100.1141,16.8956],[100.1141,16.895],[100.1135,16.8951],[100.1135,16.8964],[100.1127,16.8964],[100.1121,16.8959],[100.1121,16.8942],[100.1116,16.8937],[100.1107,16.894],[100.1107,16.8953],[100.1116,16.8964],[100.1116,16.8983],[100.1107,16.8983],[100.1105,16.8991],[100.111,16.8991],[100.1113,16.8986],[100.113,16.8986],[100.1127,16.8997],[100.1116,16.8997],[100.1119,16.9013],[100.113,16.9013],[100.113,16.9035],[100.1136,16.9035],[100.1136,16.9026],[100.115,16.9026],[100.1167,16.9029],[100.1167,16.9037],[100.1153,16.904],[100.115,16.9034],[100.1144,16.9035],[100.1142,16.9045],[100.113,16.9048],[100.1119,16.9035],[100.1113,16.9035],[100.1116,16.9043],[100.1122,16.9043],[100.1122,16.9048],[100.113,16.9054],[100.113,16.9062],[100.1139,16.9062],[100.1139,16.9067],[100.1147,16.9072],[100.1147,16.9081],[100.1139,16.9081],[100.1133,16.9073],[100.1125,16.907],[100.1111,16.907],[100.1111,16.9078],[100.1105,16.9081],[100.1083,16.9081],[100.1083,16.9076],[100.1077,16.9076],[100.1077,16.9081],[100.1068,16.9081]],[[100.1068,16.9038],[100.1071,16.904],[100.1071,16.9038],[100.1068,16.9038]],[[100.1074,16.904],[100.1085,16.904],[100.1082,16.9032],[100.1074,16.9032],[100.1074,16.904]],[[100.1065,16.9035],[100.1068,16.9038],[100.1068,16.9035],[100.1065,16.9035]],[[100.1054,16.9035],[100.1063,16.9032],[100.1048,16.9027],[100.1048,16.903],[100.1054,16.9035]],[[100.1023,16.903],[100.1034,16.9019],[100.1034,16.9011],[100.1051,16.9011],[100.1068,16.9019],[100.1074,16.9019],[100.1079,16.901],[100.1105,16.9016],[100.1096,16.9005],[100.1076,16.9002],[100.1071,16.8997],[100.1068,16.8973],[100.1073,16.897],[100.1073,16.8964],[100.1068,16.8956],[100.1062,16.8956],[100.1062,16.8986],[100.1068,16.8986],[100.1068,16.8994],[100.1031,16.8992],[100.1031,16.8997],[100.1023,16.8997],[100.1023,16.903]],[[100.1043,16.9027],[100.1046,16.903],[100.1046,16.9027],[100.1043,16.9027]],[[100.1037,16.9024],[100.1043,16.9027],[100.1043,16.9024],[100.1037,16.9024]],[[100.1113,16.9027],[100.1119,16.9027],[100.1119,16.9018],[100.1105,16.9016],[100.1113,16.9027]],[[100.1082,16.8981],[100.1085,16.8983],[100.1085,16.8981],[100.1082,16.8981]],[[100.1023,16.8967],[100.1026,16.897],[100.1026,16.8967],[100.1023,16.8967]],[[100.1017,16.8962],[100.1023,16.8962],[100.1025,16.8927],[100.102,16.8927],[100.1017,16.8932],[100.1017,16.8962]],[[100.1079,16.8956],[100.1085,16.8956],[100.1093,16.8945],[100.1085,16.8943],[100.1079,16.8956]],[[100.1104,16.894],[100.1107,16.8929],[100.1104,16.8929],[100.1104,16.8926],[100.1101,16.8926],[100.1104,16.894]],[[100.091,16.893],[100.0916,16.8935],[100.0916,16.893],[100.091,16.893]],[[100.1144,16.8929],[100.1149,16.8929],[100.1146,16.8921],[100.1141,16.8923],[100.1144,16.8929]],[[100.1099,16.8926],[100.1101,16.8915],[100.109,16.8894],[100.1067,16.8894],[100.1062,16.8889],[100.105,16.8889],[100.1017,16.8875],[100.1008,16.8826],[100.0994,16.8818],[100.0988,16.8827],[100.0988,16.8867],[100.1011,16.8867],[100.1011,16.8881],[100.1019,16.8883],[100.102,16.8891],[100.1014,16.8897],[100.0955,16.8903],[100.0949,16.8908],[100.0952,16.8922],[100.0958,16.8922],[100.0958,16.8908],[100.0963,16.8905],[100.1,16.8905],[100.1011,16.89],[100.102,16.89],[100.1022,16.8916],[100.1028,16.8916],[100.1028,16.8891],[100.1042,16.8889],[100.1059,16.8894],[100.1062,16.8902],[100.1087,16.8902],[100.1099,16.8926]],[[100.1203,16.8926],[100.1208,16.8926],[100.1206,16.8915],[100.12,16.8918],[100.1203,16.8926]],[[100.1008,16.8921],[100.102,16.8924],[100.102,16.8921],[100.1008,16.8921]],[[100.1132,16.891],[100.1144,16.891],[100.1143,16.8902],[100.1152,16.8902],[100.1152,16.8896],[100.1163,16.8888],[100.116,16.8874],[100.1155,16.8877],[100.1155,16.8891],[100.1149,16.8896],[100.1141,16.8896],[100.1138,16.8877],[100.1126,16.8883],[100.1118,16.8899],[100.1127,16.8899],[100.1132,16.891]],[[100.0935,16.8887],[100.0938,16.8897],[100.0943,16.8889],[100.0935,16.8887]],[[100.1265,16.889],[100.127,16.889],[100.127,16.8882],[100.1284,16.8871],[100.1284,16.8847],[100.1304,16.8833],[100.1304,16.8825],[100.129,16.8838],[100.1278,16.8841],[100.1276,16.8863],[100.1256,16.8874],[100.1265,16.889]],[[100.12,16.8882],[100.1208,16.8882],[100.1208,16.8877],[100.12,16.8877],[100.12,16.8882]],[[100.1141,16.8877],[100.1146,16.8877],[100.1146,16.8872],[100.114,16.8872],[100.1141,16.8877]],[[100.1064,16.8875],[100.107,16.8875],[100.1073,16.8869],[100.1064,16.8867],[100.1064,16.8875]],[[100.0955,16.8867],[100.0957,16.887],[100.0957,16.8867],[100.0955,16.8867]],[[100.0957,16.8865],[100.096,16.8867],[100.096,16.8865],[100.0957,16.8865]],[[100.0721,16.8863],[100.0724,16.8866],[100.0724,16.8863],[100.0721,16.8863]],[[100.0915,16.8862],[100.0929,16.8857],[100.0935,16.8846],[100.0949,16.8846],[100.0952,16.884],[100.0952,16.8835],[100.0943,16.8835],[100.094,16.8808],[100.0915,16.8811],[100.0915,16.8819],[100.0921,16.8822],[100.0921,16.884],[100.0912,16.8841],[100.0915,16.8862]],[[100.0715,16.8858],[100.0721,16.8858],[100.0721,16.8855],[100.0715,16.8852],[100.0715,16.8858]],[[100.0771,16.8858],[100.0777,16.8855],[100.0777,16.8849],[100.0769,16.8852],[100.0771,16.8858]],[[100.1019,16.8851],[100.1022,16.8856],[100.1022,16.8851],[100.1019,16.8851]],[[100.1101,16.8848],[100.1107,16.885],[100.1107,16.8848],[100.1101,16.8848]],[[100.0876,16.8846],[100.0881,16.8846],[100.0881,16.8841],[100.0876,16.8841],[100.0876,16.8846]],[[100.116,16.8842],[100.1166,16.8845],[100.1166,16.8842],[100.116,16.8842]],[[100.0726,16.8839],[100.0732,16.8839],[100.0735,16.8825],[100.0732,16.8831],[100.0718,16.8828],[100.0721,16.8833],[100.0726,16.8833],[100.0726,16.8839]],[[100.0907,16.8832],[100.0912,16.8838],[100.0912,16.8832],[100.0907,16.8832]],[[100.089,16.8833],[100.0892,16.8835],[100.0892,16.8833],[100.089,16.8833]],[[100.1168,16.8834],[100.1174,16.8834],[100.1174,16.8828],[100.1168,16.8828],[100.1168,16.8834]],[[100.1047,16.8832],[100.1073,16.8829],[100.1075,16.8818],[100.1058,16.8815],[100.1056,16.8821],[100.1042,16.8824],[100.1033,16.8815],[100.1028,16.8816],[100.1027,16.8802],[100.1011,16.8799],[100.1013,16.8813],[100.1025,16.8821],[100.1025,16.8826],[100.1047,16.8832]],[[100.1129,16.8829],[100.1132,16.8831],[100.1132,16.8829],[100.1129,16.8829]],[[100.0783,16.8825],[100.0785,16.8828],[100.0785,16.8825],[100.0783,16.8825]],[[100.1084,16.8826],[100.109,16.8826],[100.109,16.8821],[100.1081,16.8821],[100.1084,16.8826]],[[100.1129,16.8826],[100.1137,16.8826],[100.1137,16.8823],[100.1135,16.8823],[100.1135,16.882],[100.1132,16.882],[100.1132,16.8818],[100.1129,16.8818],[100.1123,16.882],[100.1129,16.8826]],[[100.0878,16.8822],[100.0881,16.8824],[100.0881,16.8822],[100.0878,16.8822]],[[100.1101,16.8821],[100.1112,16.8815],[100.1112,16.8799],[100.1103,16.8788],[100.1101,16.8796],[100.1106,16.8802],[100.1106,16.8815],[100.1101,16.8821]],[[100.0997,16.8816],[100.0999,16.8818],[100.0999,16.8816],[100.0997,16.8816]],[[100.1123,16.881],[100.1129,16.8818],[100.1129,16.8807],[100.1123,16.881]],[[100.0901,16.8813],[100.0912,16.8811],[100.0909,16.8794],[100.0898,16.8795],[100.0889,16.88],[100.0901,16.8813]],[[100.0985,16.881],[100.0988,16.8813],[100.0988,16.881],[100.0985,16.881]],[[100.0982,16.8808],[100.0985,16.881],[100.0985,16.8808],[100.0982,16.8808]],[[100.1177,16.8796],[100.1182,16.8809],[100.1179,16.8793],[100.1188,16.879],[100.1188,16.8785],[100.1179,16.8785],[100.1177,16.8774],[100.1191,16.8774],[100.119,16.8744],[100.1188,16.8752],[100.1171,16.8755],[100.1168,16.878],[100.1157,16.878],[100.1148,16.8766],[100.1134,16.8774],[100.1123,16.8774],[100.1123,16.878],[100.1148,16.878],[100.1154,16.8785],[100.1165,16.8785],[100.1177,16.8796]],[[100.0864,16.8808],[100.0873,16.8808],[100.0873,16.8805],[100.0864,16.8803],[100.0864,16.8808]],[[100.1002,16.8799],[100.1005,16.8802],[100.1005,16.8799],[100.1002,16.8799]],[[100.094,16.8797],[100.0946,16.8797],[100.0946,16.8792],[100.094,16.8792],[100.094,16.8797]],[[100.1002,16.8794],[100.1005,16.8797],[100.1005,16.8794],[100.1002,16.8794]],[[100.1236,16.879],[100.1239,16.8795],[100.1239,16.879],[100.1236,16.879]],[[100.0909,16.8794],[100.0918,16.8794],[100.092,16.8789],[100.0912,16.8786],[100.0909,16.8794]],[[100.0929,16.8792],[100.0932,16.8794],[100.0932,16.8792],[100.0929,16.8792]],[[100.0999,16.8791],[100.1002,16.8794],[100.1002,16.8791],[100.0999,16.8791]],[[100.0799,16.8787],[100.0802,16.879],[100.0802,16.8787],[100.0799,16.8787]],[[100.0999,16.8786],[100.1002,16.8789],[100.1002,16.8786],[100.0999,16.8786]],[[100.0796,16.8784],[100.0799,16.8787],[100.0799,16.8784],[100.0796,16.8784]],[[100.0951,16.8786],[100.0957,16.8786],[100.0957,16.8781],[100.0951,16.8781],[100.0951,16.8786]],[[100.1098,16.8785],[100.1106,16.8772],[100.1117,16.8772],[100.1112,16.8761],[100.1106,16.8761],[100.1106,16.8769],[100.1095,16.8769],[100.1084,16.8761],[100.1084,16.8772],[100.1092,16.8774],[100.1098,16.8785]],[[100.1196,16.8785],[100.1205,16.8785],[100.1205,16.8774],[100.1196,16.8779],[100.1196,16.8785]],[[100.1047,16.8777],[100.105,16.8783],[100.105,16.8777],[100.1047,16.8777]],[[100.1086,16.878],[100.1089,16.8783],[100.1089,16.878],[100.1086,16.878]],[[100.0994,16.878],[100.0999,16.878],[100.0999,16.877],[100.0996,16.8764],[100.0988,16.8764],[100.0993,16.877],[100.0994,16.878]],[[100.1024,16.8775],[100.1027,16.878],[100.1027,16.8775],[100.1024,16.8775]],[[100.0836,16.877],[100.0841,16.877],[100.0841,16.8765],[100.083,16.8757],[100.0827,16.8765],[100.0833,16.8765],[100.0836,16.877]],[[100.125,16.8765],[100.1258,16.8765],[100.1258,16.876],[100.125,16.8757],[100.125,16.8765]],[[100.0858,16.8757],[100.0861,16.8751],[100.0852,16.8743],[100.085,16.873],[100.0838,16.873],[100.0858,16.8757]],[[100.1168,16.8752],[100.1171,16.8755],[100.1171,16.8752],[100.1168,16.8752]],[[100.1027,16.875],[100.1036,16.875],[100.1038,16.8745],[100.1041,16.8734],[100.1035,16.8729],[100.1027,16.875]],[[100.0807,16.8749],[100.0813,16.8746],[100.0813,16.8724],[100.0805,16.8725],[100.0807,16.8749]],[[100.0824,16.8746],[100.0827,16.8749],[100.0827,16.8746],[100.0824,16.8746]],[[100.0822,16.8746],[100.083,16.8738],[100.0827,16.8708],[100.0813,16.8703],[100.0813,16.8687],[100.0807,16.8687],[100.081,16.8697],[100.0804,16.87],[100.0804,16.8711],[100.0816,16.8711],[100.0824,16.8719],[100.0822,16.8746]],[[100.114,16.8742],[100.1145,16.8742],[100.1142,16.8728],[100.114,16.8728],[100.114,16.8742]],[[100.101,16.874],[100.1016,16.874],[100.1021,16.8729],[100.1013,16.8723],[100.1002,16.8726],[100.0999,16.8715],[100.0993,16.8715],[100.0993,16.8732],[100.1002,16.8732],[100.101,16.874]],[[100.1089,16.8734],[100.1092,16.8739],[100.1092,16.8734],[100.1089,16.8734]],[[100.1188,16.8731],[100.1202,16.8728],[100.1199,16.8722],[100.1193,16.8722],[100.119,16.8709],[100.1162,16.8709],[100.1162,16.8714],[100.1168,16.8714],[100.1168,16.8725],[100.1182,16.8725],[100.1188,16.8731]],[[100.1033,16.8723],[100.1038,16.8723],[100.1038,16.8718],[100.1033,16.8718],[100.1033,16.8723]],[[100.1016,16.8715],[100.1021,16.8718],[100.1021,16.8715],[100.1016,16.8715]],[[100.1072,16.8712],[100.1075,16.8715],[100.1075,16.8712],[100.1072,16.8712]],[[100.1069,16.871],[100.1072,16.8712],[100.1072,16.871],[100.1069,16.871]],[[100.079,16.8711],[100.0796,16.8711],[100.0796,16.8706],[100.079,16.8706],[100.079,16.8711]],[[100.1021,16.8696],[100.1024,16.8699],[100.1024,16.8696],[100.1021,16.8696]],[[100.0852,16.8697],[100.0861,16.8697],[100.0863,16.8692],[100.0861,16.8673],[100.0852,16.8673],[100.0852,16.8697]],[[100.0982,16.8691],[100.099,16.8691],[100.0993,16.8686],[100.0982,16.8683],[100.0982,16.8691]],[[100.0877,16.8681],[100.088,16.8683],[100.088,16.8681],[100.0877,16.8681]],[[100.086,16.8659],[100.0863,16.8662],[100.0863,16.8659],[100.086,16.8659]],[[100.0849,16.8651],[100.0852,16.8656],[100.0852,16.8651],[100.0849,16.8651]]]}},{"type":"Feature","properties":{"kind":"seasonal","area_km2":9.749,"date":"2026-10-09"},"geometry":{"type":"Polygon","coordinates":[[[100.414,16.1235],[100.414,16.1213],[100.4132,16.1208],[100.4129,16.1183],[100.4132,16.1178],[100.4146,16.1178],[100.4145,16.1161],[100.414,16.1167],[100.4131,16.1167],[100.4131,16.1156],[100.4126,16.1153],[100.4126,16.1134],[100.4137,16.1134],[100.4137,16.1126],[100.4123,16.1126],[100.4123,16.1115],[100.4148,16.1113],[100.4148,16.1123],[100.4154,16.1126],[100.4151,16.115],[100.4157,16.1153],[100.4162,16.1172],[100.4168,16.1172],[100.4171,16.1161],[100.4162,16.1159],[100.4162,16.1142],[100.4157,16.114],[100.4156,16.1131],[100.4168,16.1131],[100.4168,16.1126],[100.4162,16.1123],[100.4162,16.1115],[100.4156,16.111],[100.4145,16.111],[100.4142,16.1102],[100.4145,16.1088],[100.4176,16.1088],[100.4179,16.1101],[100.4184,16.1101],[100.4187,16.1088],[100.4173,16.1083],[100.4173,16.1074],[100.4181,16.1072],[100.4184,16.1058],[100.4164,16.1055],[100.4164,16.1064],[100.4156,16.1069],[100.4153,16.1077],[100.4139,16.1077],[100.4139,16.1083],[100.4117,16.1086],[100.4119,16.1048],[100.4114,16.1045],[100.4111,16.1031],[100.4128,16.102],[100.4128,16.1012],[100.4122,16.1002],[100.4108,16.1002],[100.4108,16.0988],[100.4122,16.0985],[100.4133,16.0996],[100.4141,16.0966],[100.415,16.0966],[100.4158,16.0974],[100.4158,16.098],[100.4164,16.098],[100.4164,16.0966],[100.4175,16.0966],[100.4178,16.096],[100.4192,16.0963],[100.4192,16.0936],[100.4208,16.093],[100.4214,16.092],[100.4208,16.092],[100.4208,16.0914],[100.42,16.0912],[100.42,16.0925],[100.4186,16.0925],[100.4183,16.095],[100.4178,16.0955],[100.4141,16.0955],[100.4141,16.095],[100.4133,16.095],[100.4133,16.0955],[100.4138,16.0955],[100.4138,16.0963],[100.413,16.0972],[100.4122,16.0972],[100.4119,16.098],[100.4105,16.0977],[100.4105,16.0964],[100.4119,16.0964],[100.4122,16.0955],[100.4105,16.0956],[100.4105,16.0931],[100.4116,16.0928],[100.4116,16.0923],[100.4099,16.0926],[100.4099,16.0899],[100.409,16.0888],[100.409,16.0877],[100.4104,16.0874],[100.4104,16.0861],[100.4112,16.0861],[100.4112,16.0855],[100.4093,16.0858],[100.4082,16.0853],[100.4081,16.082],[100.4073,16.082],[100.407,16.0828],[100.4062,16.0828],[100.4045,16.078],[100.4039,16.0777],[100.4039,16.0769],[100.4028,16.0753],[100.4028,16.0739],[100.4042,16.0742],[100.4041,16.0734],[100.4036,16.0726],[100.403,16.0726],[100.403,16.0736],[100.4022,16.0736],[100.4022,16.0726],[100.4013,16.0723],[100.401,16.0701],[100.4008,16.0696],[100.4002,16.0696],[100.3996,16.068],[100.3991,16.0677],[100.3988,16.0661],[100.3982,16.0658],[100.3973,16.0631],[100.3968,16.0628],[100.3968,16.0618],[100.3962,16.0612],[100.3962,16.0604],[100.3956,16.0601],[100.3956,16.059],[100.3951,16.0588],[100.3951,16.0577],[100.3939,16.0561],[100.3936,16.0545],[100.399,16.0536],[100.399,16.0552],[100.3998,16.0555],[100.3998,16.0536],[100.4051,16.053],[100.4054,16.0536],[100.4068,16.0538],[100.4079,16.0549],[100.408,16.0563],[100.4096,16.0562],[100.4096,16.0571],[100.4113,16.057],[100.4113,16.0579],[100.4125,16.0579],[100.4125,16.0587],[100.413,16.0587],[100.413,16.0614],[100.4114,16.0606],[100.4116,16.0625],[100.4102,16.0636],[100.41,16.0646],[100.4091,16.0647],[100.4089,16.0652],[100.4094,16.0655],[100.4094,16.0649],[100.4103,16.0649],[100.4114,16.0657],[100.4114,16.0663],[100.412,16.0663],[100.4122,16.0649],[100.4128,16.0649],[100.4131,16.0644],[100.4142,16.0643],[100.415,16.0662],[100.4145,16.0684],[100.4148,16.069],[100.4159,16.0687],[100.4159,16.067],[100.4178,16.0668],[100.4184,16.0676],[100.4195,16.0673],[100.4195,16.0681],[100.419,16.0687],[100.4204,16.0695],[100.4204,16.0703],[100.4193,16.0706],[100.4184,16.0716],[100.4179,16.0716],[100.4179,16.0722],[100.4165,16.0719],[100.4165,16.0727],[100.4159,16.0733],[100.4162,16.0741],[100.4193,16.0738],[100.4193,16.0711],[100.4198,16.0708],[100.4207,16.0708],[100.4207,16.0724],[100.4212,16.0724],[100.4213,16.0732],[100.4201,16.0738],[100.4199,16.0746],[100.4204,16.0746],[100.4213,16.0735],[100.4224,16.0735],[100.4221,16.0722],[100.421,16.0711],[100.4207,16.0692],[100.4212,16.0692],[100.4215,16.0686],[100.4226,16.0686],[100.4229,16.0681],[100.4246,16.0681],[100.4249,16.0675],[100.426,16.0675],[100.4263,16.067],[100.4257,16.0667],[100.4257,16.0656],[100.4271,16.0659],[100.4271,16.0683],[100.4265,16.0683],[100.4257,16.0694],[100.4243,16.0692],[100.4243,16.0697],[100.4249,16.0697],[100.4243,16.0719],[100.4249,16.0719],[100.4252,16.0713],[100.4277,16.0713],[100.4277,16.0708],[100.4285,16.0708],[100.4291,16.0721],[100.4291,16.0729],[100.4271,16.0732],[100.4269,16.0757],[100.426,16.0757],[100.4263,16.0738],[100.4257,16.0738],[100.4257,16.0743],[100.4246,16.074],[100.4243,16.0746],[100.4232,16.0749],[100.4246,16.0751],[100.4249,16.0768],[100.4232,16.077],[100.4227,16.0776],[100.4233,16.0814],[100.4213,16.0825],[100.4216,16.0836],[100.4222,16.0835],[100.4227,16.0827],[100.4244,16.083],[100.4244,16.0841],[100.423,16.0841],[100.4233,16.0857],[100.4225,16.086],[100.4225,16.0868],[100.4216,16.0868],[100.4211,16.0863],[100.4211,16.0849],[100.4199,16.0849],[100.4199,16.0855],[100.4205,16.0857],[100.4205,16.0871],[100.4211,16.0874],[100.4211,16.0882],[100.4202,16.0882],[100.4202,16.0895],[100.4188,16.0895],[100.4188,16.0887],[100.4177,16.0885],[100.4177,16.0879],[100.4169,16.0879],[100.4169,16.0895],[100.4177,16.0901],[100.4177,16.0909],[100.4186,16.0909],[100.4186,16.0903],[100.4211,16.0901],[100.4208,16.0884],[100.4222,16.0887],[100.4216,16.0871],[100.4225,16.0871],[100.4225,16.0879],[100.4233,16.0881],[100.4233,16.089],[100.4222,16.089],[100.4219,16.0895],[100.4219,16.0903],[100.4228,16.0909],[100.4228,16.0919],[100.4222,16.0925],[100.4236,16.0928],[100.4236,16.0936],[100.4225,16.0936],[100.4225,16.0941],[100.425,16.0936],[100.4253,16.0968],[100.4248,16.0968],[100.4248,16.0976],[100.424,16.0976],[100.4239,16.0971],[100.4237,16.0976],[100.4228,16.0976],[100.4228,16.0971],[100.4225,16.0976],[100.4217,16.0976],[100.4217,16.0968],[100.4211,16.0968],[100.4203,16.0977],[100.4206,16.0996],[100.4195,16.0996],[100.4181,16.0985],[100.4181,16.1004],[100.4175,16.1004],[100.417,16.1012],[100.417,16.1017],[100.4181,16.1017],[100.4181,16.1026],[100.417,16.1034],[100.4161,16.1034],[100.4161,16.1028],[100.4156,16.1028],[100.4156,16.1034],[100.417,16.1045],[100.4184,16.1042],[100.4201,16.1047],[100.4201,16.1058],[100.4192,16.1061],[100.4195,16.1077],[100.4212,16.1082],[100.4215,16.1093],[100.4198,16.1096],[100.4235,16.1096],[100.4249,16.1101],[100.4257,16.1109],[100.4255,16.1136],[100.4243,16.1139],[100.4241,16.1163],[100.4232,16.1163],[100.4232,16.1153],[100.4224,16.1153],[100.4224,16.1145],[100.4215,16.1142],[100.4213,16.1155],[100.4196,16.1156],[100.4196,16.1166],[100.4185,16.1172],[100.4185,16.118],[100.4193,16.1183],[100.4199,16.1177],[100.4199,16.1169],[100.4204,16.1172],[100.4204,16.1166],[100.4227,16.1166],[100.4232,16.1169],[100.4233,16.1188],[100.4213,16.1185],[100.4213,16.1199],[100.4202,16.1199],[100.4191,16.1213],[100.4182,16.1213],[100.4177,16.1207],[100.4179,16.1191],[100.4168,16.1188],[100.4163,16.1194],[100.4168,16.1205],[100.4151,16.1202],[100.4151,16.121],[100.4168,16.1207],[100.4168,16.1221],[100.4154,16.1232],[100.414,16.1235]],[[100.4174,16.1161],[100.4179,16.1161],[100.4179,16.1153],[100.4173,16.1153],[100.4174,16.1161]],[[100.4196,16.1131],[100.4213,16.1126],[100.4221,16.1117],[100.4212,16.1118],[100.4212,16.1112],[100.4207,16.1109],[100.4204,16.1118],[100.419,16.112],[100.4196,16.1131]],[[100.4156,16.1004],[100.4161,16.1004],[100.4161,16.0999],[100.4156,16.0999],[100.4156,16.1004]],[[100.415,16.099],[100.4156,16.0996],[100.4155,16.099],[100.415,16.099]],[[100.4228,16.0968],[100.4234,16.0968],[100.4234,16.0963],[100.4228,16.0963],[100.4228,16.0968]],[[100.4217,16.0944],[100.422,16.0949],[100.422,16.0944],[100.4217,16.0944]],[[100.4164,16.0936],[100.4166,16.0942],[100.4166,16.0936],[100.4164,16.0936]],[[100.4149,16.0936],[100.4155,16.0939],[100.4155,16.0936],[100.4149,16.0936]],[[100.4138,16.0917],[100.4141,16.092],[100.4141,16.0917],[100.4138,16.0917]],[[100.4141,16.0917],[100.4147,16.0917],[100.4149,16.0909],[100.4158,16.0909],[100.4158,16.0904],[100.4144,16.0901],[100.4141,16.0917]],[[100.4121,16.0893],[100.413,16.089],[100.4132,16.0882],[100.4118,16.088],[100.4115,16.0888],[100.4121,16.0893]],[[100.4135,16.0882],[100.4138,16.0869],[100.4149,16.0868],[100.4149,16.086],[100.4146,16.0855],[100.4132,16.0858],[100.4129,16.0847],[100.4124,16.085],[100.4124,16.0855],[100.4135,16.0869],[100.4135,16.0882]],[[100.4183,16.0855],[100.4191,16.0855],[100.4191,16.0847],[100.4185,16.0847],[100.4188,16.0819],[100.4177,16.082],[100.4177,16.0814],[100.4171,16.0814],[100.4174,16.083],[100.4163,16.0833],[100.4163,16.0839],[100.4182,16.0844],[100.4183,16.0855]],[[100.411,16.0836],[100.4115,16.0831],[100.4126,16.0831],[100.4129,16.0823],[100.4109,16.0823],[100.411,16.0836]],[[100.4081,16.0815],[100.4087,16.0815],[100.4092,16.0807],[100.4104,16.0806],[100.4106,16.0801],[100.412,16.0801],[100.4134,16.079],[100.4154,16.079],[100.4157,16.0784],[100.4171,16.0784],[100.4171,16.0779],[100.4148,16.0776],[100.4148,16.0771],[100.4143,16.0771],[100.4132,16.0774],[100.414,16.0776],[100.414,16.0784],[100.412,16.0782],[100.412,16.079],[100.4084,16.0785],[100.4087,16.0807],[100.4081,16.0815]],[[100.4165,16.0811],[100.4171,16.0811],[100.4171,16.0806],[100.4185,16.0806],[100.4188,16.0795],[100.4157,16.0795],[100.4157,16.0803],[100.4165,16.0811]],[[100.4059,16.0793],[100.4064,16.079],[100.4061,16.0785],[100.4059,16.0785],[100.4059,16.0793]],[[100.4193,16.0779],[100.4204,16.0779],[100.4204,16.0773],[100.4193,16.0773],[100.4193,16.0779]],[[100.407,16.0763],[100.4072,16.0755],[100.4067,16.0739],[100.4061,16.0739],[100.4058,16.0744],[100.407,16.0763]],[[100.4171,16.076],[100.4176,16.0763],[100.4176,16.076],[100.4171,16.076]],[[100.4187,16.0752],[100.419,16.0754],[100.419,16.0752],[100.4187,16.0752]],[[100.4081,16.0752],[100.4095,16.0752],[100.4098,16.0747],[100.4089,16.0747],[100.4078,16.0712],[100.4072,16.0712],[100.4067,16.0714],[100.4067,16.0723],[100.4075,16.0733],[100.4075,16.0744],[100.4081,16.0747],[100.4081,16.0752]],[[100.419,16.0752],[100.4196,16.0752],[100.4199,16.0746],[100.4193,16.0746],[100.419,16.0752]],[[100.4131,16.0744],[100.414,16.0744],[100.4145,16.0736],[100.4134,16.0733],[100.4131,16.0744]],[[100.4227,16.0741],[100.4232,16.0741],[100.4232,16.0738],[100.4227,16.0735],[100.4227,16.0741]],[[100.41,16.0736],[100.4106,16.0725],[100.4117,16.072],[100.4159,16.0717],[100.4159,16.0708],[100.4137,16.0706],[100.4134,16.0714],[100.4125,16.0714],[100.4123,16.0709],[100.4109,16.0709],[100.4109,16.072],[100.41,16.072],[100.4095,16.0714],[100.4092,16.0725],[100.41,16.0736]],[[100.4025,16.0726],[100.403,16.0726],[100.403,16.0723],[100.4025,16.072],[100.4025,16.0726]],[[100.4041,16.0715],[100.4044,16.072],[100.4044,16.0715],[100.4041,16.0715]],[[100.4086,16.0701],[100.4089,16.0703],[100.4089,16.0701],[100.4086,16.0701]],[[100.4117,16.0692],[100.4134,16.069],[100.4122,16.0665],[100.4122,16.0687],[100.4117,16.0687],[100.4117,16.0692]],[[100.41,16.0682],[100.4106,16.0682],[100.4106,16.0676],[100.41,16.0676],[100.41,16.0682]],[[100.4063,16.0668],[100.4072,16.0668],[100.4075,16.0663],[100.4063,16.0658],[100.4063,16.0668]],[[100.4072,16.0641],[100.4086,16.0641],[100.4083,16.0625],[100.4094,16.0622],[100.4063,16.0622],[100.4072,16.0641]],[[100.3996,16.062],[100.3999,16.0625],[100.3999,16.062],[100.3996,16.062]],[[100.4057,16.0614],[100.406,16.062],[100.406,16.0614],[100.4057,16.0614]],[[100.4102,16.0611],[100.4105,16.0614],[100.4105,16.0611],[100.4102,16.0611]],[[100.4097,16.0603],[100.4102,16.0611],[100.4102,16.0603],[100.4097,16.0603]],[[100.4024,16.0593],[100.4029,16.0593],[100.4029,16.0582],[100.4012,16.0577],[100.4012,16.0582],[100.4024,16.0593]],[[100.4057,16.0579],[100.4066,16.0579],[100.4068,16.0573],[100.4057,16.0574],[100.4057,16.0579]],[[100.3976,16.0577],[100.3981,16.0571],[100.3979,16.0566],[100.397,16.0566],[100.397,16.0574],[100.3976,16.0577]],[[100.4068,16.0573],[100.4074,16.0573],[100.408,16.0563],[100.4071,16.0565],[100.4068,16.0573]]]}},{"type":"Feature","properties":{"kind":"seasonal","area_km2":5.661,"date":"2026-10-09"},"geometry":{"type":"Polygon","coordinates":[[[100.0613,16.9195],[100.0613,16.9181],[100.0621,16.917],[100.0621,16.9162],[100.0604,16.9159],[100.0596,16.9181],[100.0587,16.9181],[100.0582,16.9176],[100.059,16.9146],[100.0596,16.9146],[100.0593,16.9138],[100.0601,16.9138],[100.0607,16.9113],[100.0601,16.9113],[100.0601,16.9119],[100.059,16.9119],[100.0587,16.9103],[100.0559,16.9097],[100.0559,16.9089],[100.0564,16.9089],[100.0564,16.9073],[100.0576,16.9073],[100.0578,16.9084],[100.0601,16.9078],[100.0604,16.9086],[100.0612,16.9067],[100.0573,16.9065],[100.0573,16.907],[100.0564,16.907],[100.0564,16.9065],[100.0556,16.9059],[100.0556,16.9046],[100.0561,16.9043],[100.0558,16.9027],[100.057,16.9027],[100.057,16.9021],[100.0556,16.9019],[100.0555,16.9],[100.0561,16.9],[100.0561,16.8994],[100.0547,16.8992],[100.0536,16.8981],[100.0533,16.894],[100.0521,16.8937],[100.0527,16.8967],[100.0519,16.8967],[100.0527,16.897],[100.0536,16.8994],[100.0536,16.9005],[100.0527,16.9016],[100.053,16.903],[100.0525,16.9032],[100.0528,16.9049],[100.0522,16.9057],[100.0511,16.9062],[100.0511,16.907],[100.0508,16.907],[100.0508,16.9073],[100.0505,16.9073],[100.0505,16.9076],[100.0497,16.9079],[100.0497,16.9087],[100.0488,16.9095],[100.0457,16.9095],[100.0454,16.9076],[100.0446,16.9071],[100.0446,16.9063],[100.0452,16.906],[100.0451,16.9038],[100.0446,16.9035],[100.0443,16.9025],[100.0423,16.9025],[100.042,16.9019],[100.0415,16.9019],[100.0415,16.9006],[100.0429,16.9003],[100.0434,16.8992],[100.0443,16.8992],[100.0451,16.9],[100.046,16.8995],[100.046,16.8984],[100.0471,16.8978],[100.0471,16.8962],[100.0482,16.8957],[100.0482,16.8949],[100.0493,16.894],[100.0507,16.894],[100.0507,16.8935],[100.0496,16.8935],[100.0496,16.8927],[100.0516,16.8927],[100.0521,16.8919],[100.0538,16.8916],[100.0538,16.8908],[100.053,16.8902],[100.0532,16.8889],[100.0541,16.8889],[100.0546,16.8883],[100.0583,16.8883],[100.0586,16.8891],[100.0594,16.8891],[100.0594,16.8883],[100.0603,16.888],[100.0603,16.8875],[100.0611,16.8875],[100.0611,16.8885],[100.0617,16.8885],[100.0611,16.8869],[100.0611,16.8858],[100.0617,16.8853],[100.0656,16.8853],[100.0667,16.8861],[100.0673,16.8874],[100.067,16.8929],[100.0648,16.8929],[100.0645,16.8934],[100.0637,16.8934],[100.0634,16.895],[100.064,16.895],[100.0642,16.8937],[100.0665,16.8934],[100.0671,16.8937],[100.0673,16.8948],[100.0685,16.8947],[100.0688,16.8953],[100.0704,16.8961],[100.0727,16.8958],[100.0702,16.895],[100.0699,16.8934],[100.0693,16.8934],[100.0693,16.8907],[100.0704,16.8904],[100.0704,16.8899],[100.0696,16.8896],[100.0693,16.8888],[100.0687,16.8888],[100.0687,16.8877],[100.0696,16.8877],[100.0701,16.8885],[100.0724,16.889],[100.0724,16.8898],[100.0729,16.8898],[100.0741,16.8909],[100.0741,16.8915],[100.0758,16.8928],[100.0758,16.8939],[100.0744,16.8942],[100.0744,16.895],[100.0769,16.8952],[100.0769,16.8966],[100.0764,16.8971],[100.0764,16.898],[100.075,16.8991],[100.0747,16.8999],[100.0736,16.8999],[100.0733,16.8991],[100.0724,16.8991],[100.0722,16.8996],[100.071,16.8996],[100.0699,16.901],[100.0679,16.901],[100.0679,16.9015],[100.0688,16.9018],[100.0688,16.9026],[100.0682,16.9032],[100.0682,16.9051],[100.0688,16.9059],[100.0688,16.9067],[100.0683,16.907],[100.0683,16.9083],[100.0671,16.9091],[100.0649,16.9091],[100.0643,16.9094],[100.0643,16.91],[100.0632,16.91],[100.0632,16.9105],[100.0641,16.911],[100.0632,16.9121],[100.0621,16.9121],[100.0621,16.9127],[100.0641,16.9129],[100.0646,16.9135],[100.0646,16.9146],[100.0638,16.9159],[100.0638,16.9178],[100.0632,16.9178],[100.063,16.9186],[100.0621,16.9189],[100.0621,16.9195],[100.0613,16.9195]],[[100.0607,16.9151],[100.0613,16.9149],[100.0613,16.9143],[100.0601,16.9138],[100.0601,16.9146],[100.0607,16.9151]],[[100.0596,16.914],[100.0598,16.9143],[100.0598,16.914],[100.0596,16.914]],[[100.0654,16.9086],[100.0657,16.9089],[100.0657,16.9086],[100.0654,16.9086]],[[100.0502,16.907],[100.0505,16.9073],[100.0505,16.907],[100.0502,16.907]],[[100.0474,16.9049],[100.0477,16.9054],[100.0477,16.9049],[100.0474,16.9049]],[[100.0519,16.9049],[100.0522,16.9051],[100.0522,16.9049],[100.0519,16.9049]],[[100.0604,16.9043],[100.0609,16.9043],[100.0609,16.9037],[100.0604,16.9037],[100.0604,16.9043]],[[100.0637,16.9037],[100.0643,16.9037],[100.0643,16.9032],[100.0637,16.9032],[100.0637,16.9037]],[[100.0575,16.9016],[100.0581,16.9016],[100.0584,16.901],[100.0572,16.901],[100.0575,16.9016]],[[100.0477,16.9008],[100.0482,16.9011],[100.0482,16.9008],[100.0477,16.9008]],[[100.0572,16.8983],[100.0586,16.8981],[100.0586,16.8975],[100.0578,16.8975],[100.0572,16.897],[100.0569,16.8956],[100.055,16.8954],[100.055,16.8975],[100.0569,16.8978],[100.0572,16.8983]],[[100.0614,16.8961],[100.0623,16.8959],[100.0623,16.8953],[100.0617,16.8951],[100.0617,16.8929],[100.0594,16.8937],[100.0603,16.8951],[100.0614,16.8948],[100.0614,16.8961]],[[100.0671,16.8961],[100.0676,16.8961],[100.0676,16.8956],[100.0671,16.8956],[100.0671,16.8961]],[[100.0688,16.8956],[100.069,16.8958],[100.069,16.8956],[100.0688,16.8956]],[[100.0735,16.8955],[100.0741,16.8955],[100.0741,16.895],[100.0735,16.895],[100.0735,16.8955]],[[100.0499,16.8951],[100.0502,16.8954],[100.0502,16.8951],[100.0499,16.8951]],[[100.0702,16.8934],[100.0707,16.8934],[100.0707,16.8912],[100.0701,16.8915],[100.0702,16.8934]],[[100.0637,16.8926],[100.0645,16.8923],[100.0645,16.8921],[100.0637,16.8918],[100.0637,16.8926]],[[100.0575,16.8921],[100.0614,16.8921],[100.062,16.8913],[100.0634,16.891],[100.0637,16.8904],[100.0622,16.8904],[100.0622,16.8896],[100.0617,16.8894],[100.0617,16.8907],[100.0608,16.8907],[100.06,16.8899],[100.0586,16.8905],[100.0572,16.8902],[100.0569,16.891],[100.0552,16.8907],[100.0555,16.8916],[100.0569,16.8913],[100.0575,16.8921]]]}},{"type":"Feature","properties":{"kind":"seasonal","area_km2":4.577,"date":"2026-10-09"},"geometry":{"type":"Polygon","coordinates":[[[100.0957,16.9361],[100.0957,16.9355],[100.0952,16.9353],[100.0954,16.9337],[100.0943,16.9331],[100.0943,16.9307],[100.0934,16.928],[100.0929,16.928],[100.0929,16.9296],[100.0935,16.9301],[100.0932,16.9334],[100.089,16.9326],[100.0887,16.9315],[100.0878,16.931],[100.0881,16.9285],[100.0895,16.9277],[100.0898,16.9266],[100.0929,16.9263],[100.0926,16.9258],[100.0912,16.9255],[100.0912,16.925],[100.0917,16.925],[100.092,16.9245],[100.0931,16.9244],[100.0929,16.9253],[100.0934,16.9253],[100.0937,16.9247],[100.0948,16.9247],[100.0954,16.9231],[100.0948,16.9225],[100.0934,16.9225],[100.0934,16.9217],[100.0928,16.9217],[100.0928,16.9225],[100.0914,16.9223],[100.0906,16.9239],[100.0906,16.9226],[100.0898,16.9228],[100.0898,16.9234],[100.0892,16.9234],[100.0889,16.9242],[100.0889,16.9226],[100.0883,16.922],[100.0878,16.9193],[100.0889,16.918],[100.0903,16.918],[100.0903,16.9185],[100.0909,16.9185],[100.0911,16.919],[100.0911,16.9198],[100.0903,16.9198],[100.0903,16.9204],[100.092,16.9204],[100.0923,16.9196],[100.0914,16.9188],[100.0911,16.9166],[100.0922,16.9158],[100.0945,16.916],[100.0956,16.9147],[100.0956,16.9125],[100.0964,16.9117],[100.0953,16.9111],[100.095,16.9092],[100.0945,16.9093],[100.0945,16.9139],[100.0917,16.9133],[100.0911,16.9128],[100.0855,16.9136],[100.0843,16.9134],[100.0843,16.9117],[100.0857,16.9117],[100.0863,16.9112],[100.0863,16.9096],[100.0869,16.9088],[100.0866,16.9069],[100.0874,16.906],[100.0888,16.9055],[100.0905,16.9055],[100.0905,16.9074],[100.0899,16.9077],[100.0899,16.9082],[100.0908,16.9079],[100.0908,16.9071],[100.0913,16.9066],[100.0913,16.9047],[100.0905,16.9039],[100.0905,16.8987],[100.093,16.8981],[100.0941,16.8954],[100.0952,16.8957],[100.0952,16.8965],[100.0975,16.8981],[100.0981,16.8997],[100.0986,16.9],[100.0986,16.9006],[100.0992,16.9006],[100.0992,16.9054],[100.0984,16.9057],[100.0981,16.9092],[100.099,16.9106],[100.1001,16.9108],[100.1001,16.9133],[100.0979,16.9195],[100.0959,16.9212],[100.0968,16.9223],[100.0979,16.9225],[100.0979,16.9252],[100.0977,16.9258],[100.0968,16.9258],[100.0965,16.9285],[100.1005,16.932],[100.1008,16.9312],[100.0997,16.9306],[100.0988,16.9296],[100.0982,16.9296],[100.0971,16.9279],[100.0974,16.9266],[100.0988,16.9258],[100.0988,16.9247],[100.1008,16.9249],[100.1007,16.9241],[100.0991,16.9239],[100.099,16.9228],[100.0996,16.9222],[100.0993,16.9212],[100.0971,16.9214],[100.0971,16.9206],[100.099,16.9193],[100.0993,16.9165],[100.0999,16.9163],[100.0999,16.9157],[100.1004,16.9157],[100.1004,16.9152],[100.1015,16.9155],[100.1013,16.9174],[100.1018,16.9173],[100.1021,16.916],[100.103,16.916],[100.103,16.9176],[100.1041,16.9184],[100.1052,16.9184],[100.1052,16.9192],[100.1038,16.92],[100.1044,16.9203],[100.1044,16.9211],[100.1055,16.9217],[100.1055,16.9225],[100.1033,16.9225],[100.1033,16.9241],[100.1027,16.9244],[100.1027,16.9257],[100.1022,16.926],[100.1033,16.9274],[100.105,16.9274],[100.105,16.9282],[100.1033,16.9282],[100.103,16.9287],[100.103,16.9295],[100.1039,16.9295],[100.1036,16.9314],[100.1025,16.9314],[100.1025,16.9323],[100.1016,16.9323],[100.1016,16.9328],[100.1,16.9334],[100.1,16.9339],[100.1011,16.9342],[100.1011,16.935],[100.1002,16.935],[100.1005,16.9355],[100.0957,16.9361]],[[100.0991,16.935],[100.0997,16.9347],[100.0997,16.9342],[100.0991,16.9342],[100.0988,16.9334],[100.0977,16.9334],[100.098,16.9345],[100.0991,16.935]],[[100.096,16.9331],[100.0963,16.9334],[100.0963,16.9331],[100.096,16.9331]],[[100.0974,16.9323],[100.098,16.9326],[100.098,16.9323],[100.0974,16.9323]],[[100.0909,16.9315],[100.0918,16.9315],[100.0923,16.931],[100.0923,16.9301],[100.0909,16.9315]],[[100.0906,16.9299],[100.0912,16.9299],[100.0915,16.9274],[100.0912,16.9274],[100.0906,16.9299]],[[100.0962,16.9247],[100.0968,16.9258],[100.0968,16.9247],[100.0962,16.9247]],[[100.0931,16.9209],[100.0937,16.9209],[100.094,16.9204],[100.094,16.919],[100.0934,16.9193],[100.0931,16.9209]],[[100.0939,16.9174],[100.0942,16.9179],[100.0942,16.9174],[100.0939,16.9174]],[[100.101,16.9174],[100.1013,16.9176],[100.1013,16.9174],[100.101,16.9174]],[[100.0928,16.9122],[100.0934,16.9122],[100.0936,16.9117],[100.0925,16.9117],[100.0928,16.9122]],[[100.0919,16.9117],[100.0925,16.9117],[100.0925,16.9114],[100.0919,16.9112],[100.0919,16.9117]],[[100.0871,16.9106],[100.0874,16.9112],[100.0874,16.9106],[100.0871,16.9106]],[[100.091,16.9014],[100.0913,16.9019],[100.0913,16.9014],[100.091,16.9014]],[[100.0936,16.8976],[100.0938,16.8979],[100.0938,16.8976],[100.0936,16.8976]]]}},{"type":"Feature","properties":{"kind":"seasonal","area_km2":4.556,"date":"2026-10-09"},"geometry":{"type":"Polygon","coordinates":[[[100.07,16.9221],[100.0697,16.9183],[100.0692,16.9181],[100.0694,16.9148],[100.0677,16.9151],[100.0674,16.9135],[100.0655,16.9135],[100.0652,16.9129],[100.0646,16.9129],[100.0652,16.9097],[100.0688,16.9099],[100.0694,16.9088],[100.0691,16.9072],[100.0697,16.9067],[100.0697,16.9059],[100.0691,16.9053],[100.0691,16.9034],[100.0696,16.9031],[100.0696,16.9018],[100.071,16.9004],[100.0744,16.901],[100.0758,16.9001],[100.0761,16.8988],[100.0781,16.8963],[100.0775,16.8936],[100.0783,16.8925],[100.0792,16.8925],[100.0794,16.892],[100.0803,16.892],[100.0798,16.8993],[100.0803,16.899],[100.0808,16.8903],[100.0822,16.8895],[100.0853,16.8898],[100.0868,16.8909],[100.0868,16.8914],[100.0873,16.8914],[100.0873,16.8922],[100.0842,16.8928],[100.084,16.8936],[100.0851,16.8944],[100.0859,16.8944],[100.0859,16.8938],[100.087,16.8928],[100.0873,16.8933],[100.0879,16.893],[100.0879,16.8936],[100.0893,16.8941],[100.0893,16.8949],[100.0885,16.8949],[100.0885,16.8957],[100.0876,16.8968],[100.0882,16.8968],[100.0885,16.8963],[100.0893,16.8963],[100.0899,16.8968],[100.0893,16.9001],[100.0893,16.9011],[100.0899,16.902],[100.0899,16.9047],[100.0868,16.9052],[100.086,16.906],[100.086,16.9096],[100.0852,16.9101],[100.0852,16.9107],[100.084,16.9107],[100.084,16.9074],[100.0832,16.9085],[100.0832,16.9109],[100.0821,16.912],[100.0835,16.9136],[100.0841,16.9136],[100.0844,16.9147],[100.0849,16.915],[100.0849,16.918],[100.0835,16.9183],[100.0827,16.9166],[100.0827,16.9153],[100.0818,16.9147],[100.081,16.9169],[100.0799,16.9169],[100.0796,16.9156],[100.079,16.9153],[100.0787,16.9139],[100.0781,16.9134],[100.0781,16.9126],[100.0776,16.9126],[100.0776,16.9134],[100.0787,16.9153],[100.0787,16.9169],[100.0796,16.9169],[100.0796,16.918],[100.0787,16.918],[100.0787,16.9175],[100.0768,16.918],[100.0768,16.9156],[100.0751,16.9156],[100.0748,16.9151],[100.0737,16.9151],[100.0731,16.9167],[100.0714,16.9167],[100.0717,16.9199],[100.0706,16.9205],[100.0709,16.9221],[100.07,16.9221]],[[100.0804,16.9164],[100.0807,16.9166],[100.0807,16.9164],[100.0804,16.9164]],[[100.0708,16.9164],[100.0714,16.9164],[100.0714,16.9159],[100.0708,16.9159],[100.0708,16.9164]],[[100.0793,16.9131],[100.0796,16.9134],[100.0796,16.9131],[100.0793,16.9131]],[[100.066,16.9127],[100.0663,16.9132],[100.0663,16.9127],[100.066,16.9127]],[[100.0691,16.9121],[100.0694,16.9129],[100.0694,16.9121],[100.0691,16.9121]],[[100.0748,16.9126],[100.075,16.9129],[100.075,16.9126],[100.0748,16.9126]],[[100.0779,16.9115],[100.0784,16.9115],[100.0787,16.9085],[100.0781,16.9085],[100.0778,16.9091],[100.0779,16.9115]],[[100.0683,16.911],[100.0686,16.9113],[100.0686,16.911],[100.0683,16.911]],[[100.0745,16.911],[100.0756,16.9113],[100.0756,16.911],[100.0745,16.911]],[[100.0798,16.9101],[100.0804,16.9101],[100.0804,16.9096],[100.0798,16.9096],[100.0798,16.9101]],[[100.0722,16.9099],[100.0728,16.9099],[100.0728,16.9094],[100.0719,16.9094],[100.0722,16.9099]],[[100.0784,16.9074],[100.079,16.9074],[100.079,16.9066],[100.0784,16.9066],[100.0784,16.9074]],[[100.0753,16.9064],[100.0756,16.9069],[100.0756,16.9064],[100.0753,16.9064]],[[100.0787,16.9055],[100.0792,16.9055],[100.0798,16.9004],[100.0792,16.9004],[100.0789,16.9039],[100.0781,16.9039],[100.0778,16.9031],[100.0772,16.9034],[100.0778,16.9042],[100.0787,16.9045],[100.0787,16.9055]],[[100.0826,16.9039],[100.0829,16.9042],[100.0829,16.9039],[100.0826,16.9039]],[[100.0882,16.9036],[100.0885,16.9039],[100.0885,16.9036],[100.0882,16.9036]],[[100.0826,16.9031],[100.0832,16.9028],[100.0832,16.9023],[100.0826,16.9025],[100.0826,16.9031]],[[100.0753,16.9018],[100.0756,16.902],[100.0755,16.9018],[100.0753,16.9018]],[[100.075,16.9015],[100.0753,16.9018],[100.0753,16.9015],[100.075,16.9015]],[[100.0832,16.9014],[100.0837,16.9014],[100.0837,16.9006],[100.0831,16.9006],[100.0832,16.9014]],[[100.0775,16.8999],[100.0781,16.9001],[100.0781,16.8998],[100.0775,16.8999]],[[100.082,16.8971],[100.0828,16.8971],[100.0831,16.8966],[100.082,16.896],[100.082,16.8971]]]}},{"type":"Feature","properties":{"kind":"seasonal","area_km2":3.929,"date":"2026-10-09"},"geometry":{"type":"Polygon","coordinates":[[[100.0923,16.8718],[100.0911,16.8694],[100.0903,16.8689],[100.0903,16.8681],[100.0908,16.8659],[100.0922,16.8659],[100.0928,16.8653],[100.0922,16.8637],[100.0905,16.8632],[100.0905,16.8621],[100.0925,16.8605],[100.0916,16.8602],[100.0911,16.861],[100.0902,16.861],[100.0902,16.8586],[100.0925,16.8586],[100.093,16.858],[100.093,16.8569],[100.0953,16.8569],[100.0956,16.8558],[100.0973,16.8558],[100.0981,16.8566],[100.0978,16.8577],[100.0992,16.8577],[100.0995,16.8561],[100.1018,16.855],[100.1006,16.8547],[100.1006,16.8536],[100.102,16.8534],[100.102,16.8528],[100.1009,16.8523],[100.1009,16.8515],[100.1014,16.8509],[100.1065,16.8512],[100.1076,16.8517],[100.1091,16.8533],[100.1088,16.8544],[100.1099,16.8549],[100.1099,16.8563],[100.1105,16.8566],[100.1108,16.8576],[100.1113,16.8576],[100.1113,16.8566],[100.113,16.8563],[100.113,16.8555],[100.1139,16.8546],[100.1147,16.8546],[100.1144,16.8541],[100.115,16.8538],[100.115,16.853],[100.1172,16.853],[100.1175,16.8535],[100.1181,16.8535],[100.1184,16.8554],[100.1172,16.856],[100.1158,16.8557],[100.1158,16.8563],[100.1161,16.8568],[100.1175,16.8568],[100.1175,16.8563],[100.1184,16.8562],[100.1204,16.8576],[100.1204,16.859],[100.1201,16.8592],[100.119,16.859],[100.1187,16.8595],[100.1198,16.8603],[100.1204,16.8627],[100.1221,16.8633],[100.1221,16.8646],[100.1201,16.8649],[100.1201,16.8627],[100.119,16.863],[100.1184,16.8649],[100.117,16.8649],[100.1165,16.866],[100.1145,16.8663],[100.1134,16.8693],[100.1125,16.8698],[100.1125,16.8709],[100.1114,16.8709],[100.1109,16.8704],[100.1089,16.8699],[100.1091,16.8671],[100.1086,16.8671],[100.108,16.8696],[100.1072,16.8696],[100.1072,16.8688],[100.1061,16.8688],[100.1058,16.8682],[100.1049,16.8683],[100.1044,16.8677],[100.1046,16.8664],[100.1074,16.8661],[100.108,16.8658],[100.108,16.865],[100.1043,16.865],[100.1044,16.8661],[100.1027,16.8664],[100.1024,16.8656],[100.101,16.8656],[100.101,16.8639],[100.0981,16.8634],[100.0981,16.8626],[100.0987,16.8623],[100.0987,16.8615],[100.0981,16.8615],[100.0976,16.8621],[100.0976,16.8637],[100.097,16.8642],[100.0962,16.8642],[100.0959,16.8634],[100.0956,16.865],[100.0948,16.8651],[100.0953,16.8648],[100.0948,16.8645],[100.0948,16.864],[100.0934,16.8642],[100.0942,16.8656],[100.0942,16.867],[100.0925,16.8664],[100.0922,16.8672],[100.0937,16.8675],[100.0934,16.8689],[100.0945,16.8689],[100.0951,16.868],[100.0959,16.868],[100.0959,16.8691],[100.0945,16.8694],[100.0934,16.8716],[100.0923,16.8718]],[[100.1091,16.8661],[100.11,16.8661],[100.11,16.8655],[100.1094,16.8655],[100.1091,16.8661]],[[100.1134,16.8652],[100.1136,16.8655],[100.1136,16.8652],[100.1134,16.8652]],[[100.1145,16.8652],[100.1148,16.8655],[100.1148,16.8652],[100.1145,16.8652]],[[100.1136,16.865],[100.1139,16.8652],[100.1139,16.865],[100.1136,16.865]],[[100.101,16.8637],[100.1015,16.8639],[100.1015,16.8637],[100.101,16.8637]],[[100.1049,16.8636],[100.1055,16.8636],[100.1057,16.8631],[100.1057,16.8615],[100.1069,16.8612],[100.1069,16.8607],[100.1063,16.8607],[100.1066,16.859],[100.1043,16.859],[100.1049,16.8636]],[[100.1139,16.8636],[100.115,16.8636],[100.1153,16.8628],[100.1147,16.8622],[100.1139,16.8622],[100.1139,16.8636]],[[100.1077,16.8631],[100.108,16.8634],[100.108,16.8631],[100.1077,16.8631]],[[100.1187,16.8628],[100.119,16.863],[100.119,16.8628],[100.1187,16.8628]],[[100.1108,16.862],[100.1114,16.8623],[100.1114,16.862],[100.1108,16.862]],[[100.1116,16.8606],[100.1122,16.8609],[100.1122,16.8606],[100.1116,16.8606]],[[100.0962,16.8607],[100.0973,16.8604],[100.0967,16.8588],[100.0953,16.8591],[100.0953,16.8599],[100.0962,16.8607]],[[100.1099,16.8601],[100.1105,16.8606],[100.1105,16.8601],[100.1099,16.8601]],[[100.1145,16.8601],[100.115,16.8598],[100.115,16.8587],[100.1161,16.8579],[100.1161,16.8571],[100.1156,16.8571],[100.1156,16.8576],[100.1147,16.8576],[100.1147,16.8587],[100.1139,16.8593],[100.1145,16.8601]],[[100.1122,16.859],[100.1125,16.8595],[100.1125,16.859],[100.1122,16.859]],[[100.1192,16.8584],[100.1195,16.859],[100.1198,16.8584],[100.1192,16.8584]],[[100.1164,16.8579],[100.1167,16.8582],[100.1167,16.8579],[100.1164,16.8579]],[[100.117,16.8576],[100.1173,16.8582],[100.1173,16.8576],[100.117,16.8576]],[[100.1035,16.8566],[100.1043,16.8563],[100.104,16.8555],[100.1034,16.8555],[100.1035,16.8566]],[[100.1057,16.8541],[100.106,16.8547],[100.106,16.8541],[100.1057,16.8541]]]}},{"type":"Feature","properties":{"kind":"seasonal","area_km2":3.897,"date":"2026-10-09"},"geometry":{"type":"Polygon","coordinates":[[[100.0001,16.8997],[100.0,16.8973],[100.0009,16.8973],[100.0009,16.8964],[100.002,16.8954],[100.002,16.8948],[100.0009,16.8943],[100.0009,16.8956],[100.0,16.8959],[100.0,16.8918],[100.0011,16.8907],[100.0023,16.8905],[100.0025,16.8891],[100.0025,16.8886],[100.002,16.8891],[100.0003,16.8886],[100.0003,16.8867],[100.0014,16.8867],[100.0022,16.8861],[100.002,16.8856],[100.0003,16.8856],[100.0002,16.8821],[100.0008,16.8823],[100.0008,16.8829],[100.0014,16.8829],[100.0031,16.8813],[100.0039,16.8812],[100.0042,16.8821],[100.0056,16.8821],[100.0059,16.8815],[100.0067,16.8815],[100.007,16.8823],[100.0079,16.8829],[100.0078,16.882],[100.0084,16.8818],[100.0076,16.8818],[100.007,16.8812],[100.007,16.8799],[100.0076,16.8796],[100.0075,16.8788],[100.0087,16.878],[100.0087,16.8769],[100.0103,16.8752],[100.0115,16.8752],[100.0117,16.8742],[100.0123,16.8742],[100.0123,16.875],[100.0126,16.8744],[100.0134,16.8747],[100.0132,16.8739],[100.0193,16.8738],[100.0247,16.8746],[100.025,16.8771],[100.0236,16.8776],[100.0233,16.879],[100.0194,16.8795],[100.0197,16.8809],[100.0205,16.8812],[100.0205,16.882],[100.02,16.8823],[100.0205,16.8839],[100.0203,16.8844],[100.0194,16.8844],[100.0191,16.8836],[100.0186,16.8836],[100.0186,16.8833],[100.0183,16.8833],[100.0183,16.8842],[100.02,16.8852],[100.0203,16.8871],[100.0186,16.8874],[100.0174,16.8861],[100.0166,16.8861],[100.0163,16.8877],[100.0152,16.8877],[100.0172,16.889],[100.0172,16.8907],[100.0166,16.8912],[100.018,16.8918],[100.018,16.8936],[100.0166,16.8937],[100.0166,16.8923],[100.0161,16.8923],[100.0155,16.8928],[100.015,16.8966],[100.0141,16.8967],[100.0136,16.8972],[100.0116,16.8969],[100.0116,16.8956],[100.011,16.8953],[100.011,16.8975],[100.0099,16.8975],[100.0096,16.8967],[100.0085,16.897],[100.0088,16.8956],[100.0082,16.8956],[100.0082,16.8926],[100.0057,16.8929],[100.0051,16.8924],[100.0051,16.8932],[100.0042,16.8937],[100.0043,16.8943],[100.0073,16.8942],[100.0079,16.8967],[100.0071,16.8967],[100.0068,16.898],[100.0046,16.8981],[100.0043,16.8967],[100.0037,16.8964],[100.0037,16.8981],[100.0029,16.8983],[100.0029,16.8989],[100.0001,16.8997]],[[100.0026,16.897],[100.0029,16.8962],[100.002,16.8959],[100.0026,16.8964],[100.0026,16.897]],[[100.0048,16.8967],[100.0054,16.8967],[100.0054,16.8956],[100.0048,16.8956],[100.0048,16.8967]],[[100.0065,16.8961],[100.0071,16.8961],[100.0071,16.8956],[100.0065,16.8956],[100.0065,16.8961]],[[100.0028,16.8948],[100.0031,16.8953],[100.0031,16.8948],[100.0028,16.8948]],[[100.0096,16.8931],[100.0107,16.8945],[100.0104,16.8926],[100.0099,16.8926],[100.0096,16.8931]],[[100.0003,16.8932],[100.0006,16.8935],[100.0006,16.8932],[100.0003,16.8932]],[[100.0144,16.892],[100.0147,16.8923],[100.0147,16.892],[100.0144,16.892]],[[100.0045,16.8921],[100.0051,16.8921],[100.0051,16.8918],[100.0045,16.8915],[100.0045,16.8921]],[[100.0068,16.8918],[100.0076,16.8918],[100.0076,16.8907],[100.0085,16.8907],[100.0085,16.8913],[100.0096,16.8918],[100.009,16.8891],[100.0098,16.8875],[100.0115,16.8872],[100.0121,16.8866],[100.0138,16.8866],[100.0138,16.8845],[100.0146,16.8839],[100.0146,16.8834],[100.0157,16.8828],[100.0149,16.8825],[100.0149,16.8815],[100.0157,16.8806],[100.0177,16.8809],[100.0171,16.8798],[100.0154,16.8801],[100.014,16.8812],[100.0138,16.8834],[100.0132,16.8836],[100.0129,16.885],[100.0112,16.885],[100.0112,16.8864],[100.009,16.8866],[100.0087,16.8861],[100.0082,16.8861],[100.0076,16.8867],[100.0076,16.8875],[100.0059,16.8883],[100.0034,16.8878],[100.0039,16.8888],[100.0056,16.8888],[100.0059,16.8894],[100.0082,16.8888],[100.0082,16.8899],[100.0062,16.891],[100.0068,16.8918]],[[100.013,16.8899],[100.0135,16.8899],[100.0135,16.8893],[100.0132,16.8893],[100.013,16.8899]],[[100.0149,16.8874],[100.0152,16.8877],[100.0152,16.8874],[100.0149,16.8874]],[[100.002,16.8864],[100.0022,16.8867],[100.0022,16.8864],[100.002,16.8864]],[[100.0045,16.8859],[100.0051,16.8867],[100.0051,16.8858],[100.0045,16.8859]],[[100.0005,16.884],[100.0008,16.8842],[100.0008,16.884],[100.0005,16.884]],[[100.018,16.8831],[100.0183,16.8833],[100.0183,16.8831],[100.018,16.8831]],[[100.0177,16.8828],[100.018,16.8831],[100.018,16.8828],[100.0177,16.8828]],[[100.0188,16.8823],[100.0194,16.8823],[100.0194,16.882],[100.0185,16.8817],[100.0188,16.8823]],[[100.0143,16.8777],[100.0149,16.8779],[100.0149,16.8777],[100.0143,16.8777]],[[100.0191,16.8774],[100.0199,16.8771],[100.0196,16.876],[100.0188,16.8763],[100.0191,16.8774]],[[100.0137,16.8766],[100.0149,16.876],[100.0146,16.8752],[100.0134,16.8755],[100.0137,16.8766]]]}},{"type":"Feature","properties":{"kind":"seasonal","area_km2":3.417,"date":"2026-10-09"},"geometry":{"type":"Polygon","coordinates":[[[100.224,16.4628],[100.2234,16.4622],[100.2231,16.4606],[100.2226,16.4606],[100.2217,16.4622],[100.2209,16.4622],[100.2209,16.4606],[100.2217,16.4603],[100.2217,16.4598],[100.2209,16.4595],[100.2209,16.4587],[100.2195,16.4576],[100.2195,16.4568],[100.2186,16.456],[100.2164,16.456],[100.2164,16.4536],[100.2158,16.4539],[100.2158,16.4544],[100.2147,16.4544],[100.2149,16.4525],[100.2138,16.4517],[100.2141,16.4501],[100.2135,16.4501],[100.2135,16.4509],[100.2118,16.4509],[100.2118,16.452],[100.211,16.4525],[100.211,16.4533],[100.2105,16.4539],[100.2057,16.4539],[100.2046,16.4561],[100.2032,16.4561],[100.2032,16.4553],[100.2026,16.4553],[100.2026,16.4561],[100.202,16.4564],[100.2026,16.4569],[100.2023,16.458],[100.2009,16.458],[100.2006,16.4575],[100.199,16.4569],[100.1984,16.4583],[100.1967,16.4589],[100.1967,16.4594],[100.1945,16.4589],[100.1945,16.4581],[100.1933,16.4575],[100.193,16.4562],[100.1911,16.4556],[100.1908,16.4564],[100.19,16.4564],[100.1897,16.4559],[100.1891,16.4559],[100.1891,16.4551],[100.1908,16.4548],[100.1916,16.4526],[100.1927,16.4524],[100.1936,16.4515],[100.1933,16.4497],[100.1938,16.4491],[100.1947,16.4491],[100.1964,16.448],[100.1975,16.448],[100.1983,16.4491],[100.1989,16.4488],[100.1989,16.448],[100.1997,16.448],[100.1997,16.4488],[100.2006,16.4491],[100.2006,16.4464],[100.2014,16.4458],[100.2017,16.4445],[100.2011,16.4442],[100.2011,16.4434],[100.2003,16.4431],[100.2003,16.4423],[100.2017,16.4415],[100.2019,16.4404],[100.2056,16.4404],[100.207,16.4414],[100.2067,16.4431],[100.2073,16.4431],[100.2073,16.4441],[100.2059,16.4452],[100.2062,16.4458],[100.207,16.4458],[100.207,16.4466],[100.2051,16.449],[100.2054,16.4496],[100.2065,16.4498],[100.2068,16.4507],[100.2073,16.4507],[100.2071,16.4493],[100.2076,16.449],[100.2076,16.4477],[100.2082,16.4477],[100.209,16.4466],[100.2098,16.4466],[100.2099,16.4487],[100.2107,16.4487],[100.2107,16.4479],[100.2115,16.4479],[100.2113,16.4495],[100.2118,16.4495],[100.2118,16.4482],[100.2138,16.4484],[100.2141,16.4495],[100.2149,16.4495],[100.2149,16.4506],[100.2166,16.4517],[100.2172,16.4506],[100.216,16.4495],[100.2152,16.4495],[100.2152,16.4487],[100.2146,16.4487],[100.2146,16.4476],[100.216,16.4476],[100.2163,16.449],[100.2177,16.4487],[100.218,16.4482],[100.2169,16.4476],[100.2169,16.4468],[100.2186,16.4463],[100.2194,16.4465],[100.22,16.4473],[100.2208,16.4473],[100.2217,16.4481],[100.2222,16.4481],[100.2225,16.4495],[100.2214,16.4506],[100.2208,16.4506],[100.2217,16.4517],[100.2225,16.4511],[100.2225,16.4506],[100.2234,16.4506],[100.2234,16.4511],[100.2262,16.4516],[100.2262,16.4522],[100.2273,16.4524],[100.2273,16.453],[100.2279,16.453],[100.2287,16.4538],[100.2287,16.4546],[100.2262,16.4549],[100.2242,16.4546],[100.2239,16.4541],[100.2231,16.4544],[100.2234,16.4552],[100.2248,16.4554],[100.2248,16.4571],[100.2257,16.4581],[100.2248,16.4592],[100.2226,16.4595],[100.2243,16.4598],[100.2243,16.4609],[100.2251,16.4617],[100.2251,16.4625],[100.224,16.4628]],[[100.1961,16.457],[100.1964,16.4575],[100.1964,16.457],[100.1961,16.457]],[[100.2217,16.4574],[100.2226,16.4571],[100.2223,16.4563],[100.2211,16.4565],[100.2217,16.4574]],[[100.193,16.4553],[100.1939,16.4553],[100.1942,16.4548],[100.1936,16.4545],[100.193,16.4548],[100.193,16.4553]],[[100.202,16.455],[100.2023,16.4553],[100.2023,16.455],[100.202,16.455]],[[100.1967,16.4551],[100.1975,16.455],[100.1978,16.4534],[100.1967,16.4534],[100.1958,16.454],[100.1958,16.4545],[100.1967,16.4545],[100.1967,16.4551]],[[100.2192,16.4549],[100.2203,16.4549],[100.2209,16.4544],[100.2206,16.4525],[100.2183,16.4533],[100.2192,16.4549]],[[100.2034,16.4528],[100.2043,16.4526],[100.2037,16.449],[100.2045,16.4488],[100.2051,16.4477],[100.2048,16.4469],[100.2037,16.4474],[100.2037,16.4482],[100.2023,16.4485],[100.2026,16.4496],[100.2034,16.4499],[100.2034,16.4507],[100.2026,16.451],[100.2026,16.452],[100.2034,16.4528]],[[100.2096,16.4517],[100.2099,16.4523],[100.2102,16.4517],[100.2096,16.4517]],[[100.1953,16.4521],[100.1958,16.4518],[100.1958,16.4513],[100.195,16.4515],[100.1953,16.4521]],[[100.2012,16.4515],[100.2017,16.4515],[100.2014,16.4501],[100.2006,16.4504],[100.2012,16.4515]],[[100.1978,16.4507],[100.1981,16.4513],[100.1981,16.4507],[100.1978,16.4507]],[[100.2076,16.4509],[100.2079,16.4512],[100.2079,16.4509],[100.2076,16.4509]]]}},{"type":"Feature","properties":{"kind":"seasonal","area_km2":3.134,"date":"2026-10-09"},"geometry":{"type":"Polygon","coordinates":[[[100.4263,16.1844],[100.4257,16.1836],[100.4257,16.1819],[100.4265,16.1819],[100.4268,16.1803],[100.4279,16.1806],[100.4279,16.1787],[100.4273,16.1787],[100.4273,16.1795],[100.4262,16.1795],[100.4265,16.1809],[100.426,16.1814],[100.4251,16.1814],[100.4245,16.1776],[100.4198,16.1774],[100.4197,16.173],[100.4191,16.1711],[100.4191,16.169],[100.4203,16.169],[100.4211,16.1676],[100.4205,16.166],[100.4216,16.166],[100.4222,16.1652],[100.4236,16.1652],[100.4239,16.167],[100.4247,16.167],[100.425,16.1662],[100.4242,16.166],[100.4242,16.1651],[100.4247,16.1646],[100.4275,16.164],[100.4278,16.1635],[100.4284,16.1635],[100.4283,16.1629],[100.4267,16.1638],[100.4255,16.1638],[100.4247,16.1627],[100.4247,16.1643],[100.4239,16.1643],[100.4236,16.1624],[100.423,16.1622],[100.423,16.1627],[100.4222,16.1633],[100.4225,16.1646],[100.4185,16.1649],[100.4182,16.1625],[100.4199,16.1627],[100.4202,16.1614],[100.4233,16.1614],[100.4219,16.1606],[100.4216,16.1592],[100.4252,16.1597],[100.4264,16.1592],[100.4272,16.1578],[100.428,16.1578],[100.4303,16.1586],[100.4311,16.1597],[100.4306,16.1618],[100.4323,16.1616],[100.434,16.1624],[100.4342,16.1629],[100.4356,16.1626],[100.4356,16.1632],[100.4365,16.1634],[100.4362,16.1645],[100.4376,16.1642],[100.4379,16.1659],[100.4373,16.1659],[100.4373,16.1664],[100.4382,16.1667],[100.4382,16.1678],[100.4371,16.1675],[100.4365,16.1683],[100.4357,16.1683],[100.4357,16.1672],[100.4348,16.1667],[100.4346,16.1683],[100.4323,16.1686],[100.432,16.1681],[100.4315,16.1681],[100.4315,16.1713],[100.4332,16.1716],[100.4337,16.1724],[100.4338,16.1735],[100.4343,16.1735],[100.4343,16.1751],[100.4332,16.1751],[100.4329,16.1732],[100.4323,16.1732],[100.4329,16.1748],[100.4329,16.1759],[100.4324,16.1768],[100.4329,16.1767],[100.4332,16.1784],[100.4338,16.1789],[100.4335,16.1814],[100.4313,16.1811],[100.4313,16.1797],[100.431,16.1811],[100.4304,16.1814],[100.4285,16.1814],[100.4279,16.1808],[100.4285,16.1833],[100.4271,16.1838],[100.4271,16.1844],[100.4263,16.1844]],[[100.4268,16.1822],[100.4274,16.183],[100.4274,16.1822],[100.4268,16.1822]],[[100.4268,16.1779],[100.4276,16.1773],[100.4276,16.1768],[100.4254,16.1771],[100.4254,16.1776],[100.4268,16.1779]],[[100.4287,16.1773],[100.4313,16.1768],[100.4312,16.1762],[100.4307,16.1759],[100.4307,16.1749],[100.4295,16.1735],[100.4295,16.1727],[100.4307,16.1727],[100.4307,16.1722],[100.4284,16.1719],[100.4287,16.1738],[100.4279,16.1738],[100.4273,16.1743],[100.4273,16.1749],[100.4279,16.1752],[100.4296,16.1751],[100.4296,16.1765],[100.4287,16.1768],[100.4287,16.1773]],[[100.4223,16.1755],[100.4228,16.1755],[100.4225,16.1733],[100.422,16.1736],[100.4223,16.1755]],[[100.4251,16.1744],[100.4253,16.1749],[100.4256,16.1744],[100.4251,16.1744]],[[100.4248,16.1719],[100.4253,16.1703],[100.4236,16.1703],[100.4234,16.1708],[100.4248,16.1711],[100.4248,16.1719]],[[100.4278,16.17],[100.4284,16.17],[100.429,16.1692],[100.4281,16.1692],[100.4278,16.17]],[[100.4295,16.1681],[100.4298,16.1686],[100.4301,16.1681],[100.4295,16.1681]],[[100.4245,16.1676],[100.4247,16.1679],[100.4247,16.1676],[100.4245,16.1676]],[[100.4247,16.1673],[100.425,16.1676],[100.425,16.1673],[100.4247,16.1673]],[[100.4289,16.1667],[100.4295,16.1667],[100.4295,16.1662],[100.4292,16.1662],[100.4289,16.1667]],[[100.4315,16.1665],[100.4317,16.1656],[100.4306,16.1656],[100.4306,16.1659],[100.4312,16.1659],[100.4315,16.1665]],[[100.4267,16.1662],[100.4272,16.1662],[100.4272,16.1657],[100.4267,16.1657],[100.4267,16.1662]],[[100.4295,16.1659],[100.4298,16.1662],[100.4298,16.1659],[100.4295,16.1659]],[[100.4348,16.1659],[100.4354,16.1659],[100.4362,16.1651],[100.4362,16.1645],[100.4351,16.1645],[100.4345,16.1653],[100.4348,16.1659]],[[100.4303,16.1654],[100.4306,16.1656],[100.4306,16.1654],[100.4303,16.1654]],[[100.4275,16.1649],[100.4281,16.1651],[100.4281,16.1648],[100.4275,16.1649]],[[100.4289,16.1629],[100.43,16.1627],[100.4303,16.1621],[100.4295,16.1621],[100.4289,16.1629]]]}},{"type":"Feature","properties":{"kind":"seasonal","area_km2":2.945,"date":"2026-10-09"},"geometry":{"type":"Polygon","coordinates":[[[100.3805,16.022],[100.3805,16.0212],[100.3791,16.0201],[100.3791,16.0196],[100.3774,16.0196],[100.3768,16.0174],[100.3774,16.0171],[100.3774,16.0155],[100.3799,16.015],[100.3799,16.0131],[100.3805,16.0131],[100.3807,16.0122],[100.3796,16.012],[100.379,16.009],[100.3773,16.0093],[100.3771,16.0104],[100.376,16.0106],[100.3759,16.0093],[100.3773,16.009],[100.3771,16.0071],[100.3754,16.0079],[100.3751,16.0093],[100.3737,16.0096],[100.374,16.0104],[100.3751,16.0101],[100.3751,16.0115],[100.3734,16.0117],[100.3723,16.0096],[100.3703,16.0077],[100.3703,16.0063],[100.3709,16.0053],[100.3717,16.005],[100.3717,16.0042],[100.3739,16.0039],[100.3742,16.0044],[100.3748,16.0044],[100.3753,16.0039],[100.3745,16.0039],[100.3742,16.0031],[100.3734,16.0028],[100.3723,16.0031],[100.372,16.0014],[100.3706,16.0015],[100.3706,15.9996],[100.3711,15.9996],[100.3714,15.999],[100.3784,15.999],[100.3787,15.9984],[100.3806,15.9984],[100.3804,16.0],[100.3812,16.0],[100.3812,16.0008],[100.3807,16.0008],[100.3807,16.0014],[100.3798,16.0017],[100.3801,16.0022],[100.3807,16.0022],[100.3823,16.0011],[100.3832,16.0011],[100.3837,16.0],[100.3846,16.0],[100.3846,15.9995],[100.3837,15.9995],[100.3837,15.9981],[100.3874,15.9978],[100.3874,15.9989],[100.3879,15.9989],[100.3879,15.9978],[100.3907,15.9978],[100.3907,15.9994],[100.3882,15.9997],[100.3891,16.0005],[100.3891,16.0016],[100.388,16.0019],[100.3882,16.0041],[100.3857,16.0038],[100.3852,16.0043],[100.3857,16.006],[100.3871,16.0057],[100.3871,16.007],[100.3877,16.0068],[100.388,16.0054],[100.3891,16.0054],[100.3894,16.0059],[100.3897,16.0051],[100.3913,16.0051],[100.3927,16.0067],[100.3944,16.0062],[100.3942,16.0081],[100.3964,16.0083],[100.3964,16.0094],[100.3959,16.0102],[100.3995,16.0102],[100.3995,16.0118],[100.399,16.0118],[100.3987,16.0124],[100.3967,16.0124],[100.3961,16.0119],[100.395,16.0119],[100.395,16.0113],[100.3931,16.0116],[100.3925,16.0113],[100.3925,16.0097],[100.3947,16.01],[100.395,16.0105],[100.3953,16.0094],[100.3947,16.0094],[100.3947,16.0089],[100.393,16.0092],[100.3925,16.0084],[100.39,16.0084],[100.3897,16.0073],[100.3888,16.0073],[100.3888,16.0078],[100.3883,16.0081],[100.3891,16.0089],[100.3897,16.0089],[100.3897,16.0103],[100.39,16.0092],[100.3914,16.0092],[100.3917,16.0105],[100.3889,16.0108],[100.386,16.0103],[100.3855,16.0111],[100.3841,16.0111],[100.3835,16.0117],[100.3833,16.0144],[100.3821,16.0141],[100.3822,16.0152],[100.3805,16.0158],[100.3808,16.0177],[100.3816,16.0187],[100.3816,16.0214],[100.3814,16.022],[100.3805,16.022]],[[100.3785,16.0174],[100.3788,16.0182],[100.3788,16.0174],[100.3785,16.0174]],[[100.3816,16.0136],[100.3821,16.0136],[100.3821,16.013],[100.3816,16.013],[100.3816,16.0136]],[[100.3802,16.0103],[100.3813,16.0098],[100.383,16.0098],[100.3832,16.0087],[100.3824,16.0084],[100.3821,16.0092],[100.3813,16.0093],[100.3804,16.0084],[100.3802,16.0103]],[[100.3846,16.0092],[100.3874,16.0092],[100.3874,16.0084],[100.3846,16.0087],[100.3846,16.0092]],[[100.3737,16.0066],[100.3745,16.0066],[100.3759,16.0055],[100.3748,16.0055],[100.3737,16.0066]],[[100.3768,16.0055],[100.3779,16.0055],[100.3779,16.0049],[100.3768,16.0049],[100.3768,16.0055]],[[100.3784,16.0049],[100.3804,16.0049],[100.381,16.0038],[100.3787,16.0044],[100.3784,16.0036],[100.3784,16.0049]],[[100.3832,16.0038],[100.3835,16.0044],[100.3835,16.0038],[100.3832,16.0038]],[[100.3779,16.0036],[100.3782,16.0041],[100.3782,16.0036],[100.3779,16.0036]],[[100.3776,16.0028],[100.3781,16.0028],[100.3784,16.0022],[100.3779,16.0022],[100.3776,16.0028]],[[100.3871,16.0005],[100.3877,16.0011],[100.3877,16.0005],[100.3871,16.0005]],[[100.3857,15.9995],[100.3863,15.9995],[100.3862,15.9989],[100.3857,15.9989],[100.3857,15.9995]],[[100.3871,15.9989],[100.3874,15.9992],[100.3874,15.9989],[100.3871,15.9989]]]}},{"type":"Feature","properties":{"kind":"seasonal","area_km2":2.785,"date":"2026-10-09"},"geometry":{"type":"Polygon","coordinates":[[[100.3823,16.4382],[100.3823,16.4368],[100.3814,16.4366],[100.3814,16.4358],[100.3809,16.4358],[100.3806,16.4363],[100.3798,16.4363],[100.3792,16.4358],[100.3792,16.435],[100.38,16.4339],[100.38,16.4328],[100.3814,16.4328],[100.3809,16.4325],[100.3811,16.4314],[100.3797,16.4314],[100.38,16.4325],[100.3766,16.432],[100.3772,16.4304],[100.3778,16.4304],[100.3777,16.4298],[100.3786,16.4298],[100.3783,16.4293],[100.3786,16.4271],[100.3797,16.4265],[100.3797,16.4252],[100.3802,16.4249],[100.3802,16.4241],[100.3819,16.4244],[100.3817,16.4257],[100.3822,16.4263],[100.3833,16.426],[100.3833,16.4252],[100.3828,16.4252],[100.3828,16.4235],[100.3833,16.4235],[100.3833,16.423],[100.3828,16.423],[100.383,16.4214],[100.3822,16.4214],[100.3811,16.4203],[100.381,16.4195],[100.3819,16.4189],[100.3819,16.4179],[100.383,16.4178],[100.3824,16.417],[100.381,16.4168],[100.381,16.416],[100.3816,16.416],[100.3816,16.4154],[100.383,16.4154],[100.3835,16.4162],[100.3844,16.4162],[100.3844,16.4173],[100.3855,16.417],[100.3855,16.4159],[100.3878,16.4159],[100.3878,16.417],[100.3864,16.4184],[100.3864,16.4211],[100.387,16.4211],[100.3869,16.4186],[100.3878,16.4186],[100.3883,16.4194],[100.3892,16.4194],[100.3892,16.4186],[100.3909,16.4186],[100.3906,16.4178],[100.39,16.4178],[100.39,16.4159],[100.3931,16.4164],[100.3931,16.4172],[100.3925,16.4172],[100.3926,16.4189],[100.3931,16.4191],[100.3929,16.4216],[100.3934,16.4216],[100.3934,16.4224],[100.3923,16.4227],[100.392,16.4243],[100.394,16.4235],[100.3943,16.4227],[100.3951,16.4224],[100.3954,16.4207],[100.3968,16.4205],[100.3968,16.4199],[100.3976,16.4199],[100.3976,16.4207],[100.3971,16.421],[100.3982,16.4213],[100.3993,16.4223],[100.3993,16.421],[100.4013,16.4215],[100.4013,16.4229],[100.4005,16.4237],[100.3993,16.424],[100.399,16.4226],[100.3985,16.424],[100.3974,16.424],[100.3971,16.4248],[100.3965,16.4248],[100.396,16.4275],[100.3954,16.4281],[100.3943,16.4281],[100.394,16.4294],[100.3929,16.4303],[100.3926,16.4311],[100.3904,16.4311],[100.389,16.4297],[100.3879,16.4297],[100.3893,16.4316],[100.3921,16.4316],[100.3921,16.433],[100.3915,16.4335],[100.3924,16.4338],[100.3921,16.437],[100.3904,16.4365],[100.3901,16.4352],[100.3859,16.4322],[100.3859,16.4333],[100.3848,16.4336],[100.3854,16.4338],[100.3854,16.4344],[100.3845,16.4349],[100.3845,16.4368],[100.384,16.4371],[100.384,16.4379],[100.3823,16.4382]],[[100.382,16.4339],[100.3831,16.4333],[100.3834,16.4325],[100.382,16.4325],[100.382,16.4339]],[[100.3814,16.4328],[100.3817,16.433],[100.3817,16.4328],[100.3814,16.4328]],[[100.3817,16.4322],[100.382,16.4325],[100.382,16.4322],[100.3817,16.4322]],[[100.3837,16.4319],[100.3845,16.4319],[100.3851,16.4308],[100.3848,16.4292],[100.3842,16.4292],[100.3842,16.4298],[100.3831,16.4298],[100.382,16.429],[100.3811,16.429],[100.3805,16.4279],[100.3786,16.4282],[100.3789,16.429],[100.3794,16.429],[100.3797,16.4295],[100.3822,16.4298],[100.3822,16.4309],[100.3837,16.4309],[100.3837,16.4319]],[[100.387,16.4316],[100.3876,16.4316],[100.3876,16.4311],[100.3873,16.4311],[100.387,16.4316]],[[100.3856,16.4295],[100.3873,16.4295],[100.3876,16.4281],[100.3864,16.4273],[100.3856,16.4273],[100.3859,16.4284],[100.385,16.4284],[100.3856,16.4295]],[[100.3929,16.4289],[100.3935,16.4289],[100.3935,16.4286],[100.3929,16.4284],[100.3929,16.4289]],[[100.3893,16.4281],[100.3898,16.4284],[100.3898,16.4281],[100.3893,16.4281]],[[100.385,16.4271],[100.3856,16.4273],[100.3856,16.427],[100.385,16.4271]],[[100.3895,16.4273],[100.3912,16.427],[100.3918,16.4265],[100.3904,16.4259],[100.3892,16.4262],[100.389,16.4251],[100.3884,16.4249],[100.3875,16.4232],[100.3875,16.4257],[100.3895,16.4273]],[[100.3943,16.4264],[100.3949,16.427],[100.3949,16.4264],[100.3943,16.4264]],[[100.387,16.4222],[100.3872,16.4227],[100.3872,16.4222],[100.387,16.4222]],[[100.3906,16.4221],[100.3912,16.4221],[100.3917,16.421],[100.3909,16.4208],[100.3909,16.4202],[100.39,16.4202],[100.3906,16.4208],[100.3906,16.4221]],[[100.3842,16.4219],[100.3847,16.4219],[100.385,16.4214],[100.3841,16.4214],[100.3842,16.4219]],[[100.383,16.4208],[100.3833,16.42],[100.3825,16.42],[100.3825,16.4203],[100.383,16.4208]],[[100.3855,16.42],[100.3858,16.4203],[100.3858,16.42],[100.3855,16.42]],[[100.385,16.4197],[100.3855,16.4184],[100.3841,16.4184],[100.3844,16.4192],[100.385,16.4192],[100.385,16.4197]],[[100.3909,16.4173],[100.3914,16.4175],[100.3914,16.4172],[100.3909,16.4173]]]}},{"type":"Feature","properties":{"kind":"seasonal","area_km2":2.707,"date":"2026-10-09"},"geometry":{"type":"Polygon","coordinates":[[[100.3453,16.4913],[100.3453,16.4897],[100.3442,16.4891],[100.3441,16.4867],[100.3447,16.4864],[100.3447,16.4853],[100.3455,16.4845],[100.345,16.4845],[100.345,16.4837],[100.3438,16.4834],[100.3438,16.4821],[100.3447,16.4821],[100.345,16.4813],[100.3458,16.4813],[100.3458,16.4823],[100.3469,16.4826],[100.3475,16.4818],[100.3483,16.4815],[100.3483,16.4807],[100.3497,16.4807],[100.35,16.4829],[100.3506,16.4829],[100.3506,16.4823],[100.352,16.4826],[100.352,16.482],[100.3506,16.482],[100.3506,16.481],[100.35,16.481],[100.3494,16.4783],[100.3503,16.4774],[100.3491,16.4774],[100.3483,16.4764],[100.3483,16.4753],[100.3517,16.4761],[100.3519,16.475],[100.3477,16.4742],[100.3477,16.4731],[100.3483,16.4731],[100.3485,16.4726],[100.3508,16.4726],[100.353,16.4736],[100.3531,16.475],[100.3547,16.4747],[100.3553,16.4763],[100.3559,16.4766],[100.3559,16.4782],[100.3525,16.4785],[100.3525,16.4801],[100.3537,16.4804],[100.3539,16.4796],[100.3551,16.4796],[100.3551,16.4801],[100.3556,16.4801],[100.3559,16.4831],[100.3548,16.4831],[100.3548,16.4836],[100.3559,16.4839],[100.3559,16.4845],[100.3565,16.4844],[100.3565,16.4836],[100.357,16.4831],[100.3568,16.4817],[100.3582,16.4815],[100.3579,16.4834],[100.3587,16.4836],[100.3596,16.4847],[100.3599,16.4863],[100.361,16.4863],[100.361,16.4852],[100.3616,16.485],[100.3616,16.4844],[100.3604,16.4842],[100.3604,16.4825],[100.359,16.4823],[100.359,16.4814],[100.3632,16.4806],[100.3632,16.4801],[100.3624,16.4801],[100.3624,16.479],[100.3632,16.4787],[100.3632,16.4782],[100.3626,16.4782],[100.3626,16.4774],[100.364,16.4773],[100.3646,16.4757],[100.366,16.4757],[100.3685,16.4735],[100.3693,16.4735],[100.3699,16.4741],[100.3699,16.4754],[100.3677,16.4757],[100.3674,16.4762],[100.3668,16.4762],[100.3668,16.4768],[100.3652,16.4765],[100.3652,16.4773],[100.3657,16.4773],[100.366,16.4782],[100.3671,16.4784],[100.3671,16.4773],[100.3682,16.4773],[100.3685,16.4765],[100.3694,16.4765],[100.3697,16.4773],[100.3711,16.477],[100.3713,16.4776],[100.3719,16.4776],[100.3719,16.4784],[100.3708,16.4795],[100.3714,16.4795],[100.3722,16.4808],[100.3736,16.4803],[100.3739,16.4789],[100.3747,16.4789],[100.3747,16.4805],[100.3761,16.4808],[100.3761,16.4816],[100.3745,16.4816],[100.3742,16.4822],[100.3725,16.4822],[100.3719,16.4814],[100.3714,16.4819],[100.37,16.4819],[100.3694,16.4817],[100.3691,16.4806],[100.3674,16.4806],[100.3672,16.4819],[100.3655,16.4817],[100.3655,16.4825],[100.3669,16.4825],[100.3669,16.4838],[100.368,16.4838],[100.3683,16.4844],[100.3689,16.4844],[100.3686,16.4855],[100.3652,16.486],[100.3647,16.4855],[100.3635,16.4855],[100.3632,16.4849],[100.3627,16.485],[100.3621,16.4855],[100.3621,16.4866],[100.3616,16.4866],[100.3616,16.4879],[100.3607,16.4885],[100.3605,16.4901],[100.3596,16.4901],[100.3596,16.489],[100.3576,16.4888],[100.3574,16.488],[100.356,16.4882],[100.356,16.4888],[100.3565,16.4888],[100.3565,16.4896],[100.3548,16.4893],[100.3548,16.4899],[100.3537,16.4899],[100.354,16.4885],[100.3523,16.4877],[100.3526,16.4861],[100.3512,16.4858],[100.3484,16.4869],[100.3501,16.4883],[100.3504,16.4913],[100.3492,16.4913],[100.3489,16.4888],[100.3481,16.4888],[100.3481,16.488],[100.3467,16.488],[100.3467,16.4913],[100.3453,16.4913]],[[100.3478,16.4872],[100.3484,16.4875],[100.3484,16.4872],[100.3478,16.4872]],[[100.3481,16.4867],[100.3484,16.4869],[100.3484,16.4867],[100.3481,16.4867]],[[100.361,16.4863],[100.3613,16.4866],[100.3613,16.4863],[100.361,16.4863]],[[100.3472,16.484],[100.3481,16.484],[100.3481,16.4834],[100.3472,16.4834],[100.3472,16.484]],[[100.3511,16.4801],[100.3517,16.4801],[100.3514,16.4793],[100.3511,16.4793],[100.3511,16.4801]]]}},{"type":"Feature","properties":{"kind":"seasonal","area_km2":2.66,"date":"2026-10-09"},"geometry":{"type":"Polygon","coordinates":[[[100.2384,16.3843],[100.2384,16.3827],[100.2381,16.3821],[100.2375,16.3821],[100.2375,16.3813],[100.2392,16.3819],[100.2392,16.3811],[100.2378,16.3805],[100.2378,16.3778],[100.2392,16.3778],[100.2392,16.3783],[100.2398,16.3783],[100.2398,16.3794],[100.2409,16.3791],[100.2412,16.3783],[100.24,16.3781],[100.2398,16.377],[100.2383,16.3765],[100.2381,16.3754],[100.2372,16.3754],[100.2366,16.3748],[100.2366,16.3737],[100.2375,16.3737],[100.238,16.3746],[100.238,16.3735],[100.2394,16.3732],[100.2397,16.3713],[100.2389,16.3708],[100.2366,16.3713],[100.2366,16.37],[100.2361,16.3705],[100.2335,16.3708],[100.2341,16.3683],[100.2349,16.3683],[100.2349,16.3678],[100.2358,16.3672],[100.2344,16.367],[100.2341,16.3675],[100.2335,16.3675],[100.2338,16.3683],[100.2327,16.3683],[100.2318,16.3678],[100.2318,16.3665],[100.2332,16.3664],[100.2332,16.3656],[100.2341,16.3651],[100.2332,16.364],[100.2332,16.3632],[100.2352,16.3626],[100.236,16.361],[100.2388,16.361],[100.2388,16.3618],[100.2383,16.3621],[100.2397,16.3621],[100.2399,16.3632],[100.2405,16.3632],[100.2402,16.3618],[100.2419,16.3618],[100.2413,16.3615],[100.2413,16.3607],[100.2447,16.3599],[100.2447,16.3612],[100.2436,16.3618],[100.2425,16.3634],[100.2411,16.364],[100.2411,16.365],[100.2425,16.3637],[100.2433,16.3639],[100.2433,16.365],[100.2436,16.3645],[100.2456,16.3647],[100.2467,16.3661],[100.2467,16.3672],[100.2481,16.3674],[100.2492,16.3683],[100.2492,16.3691],[100.2476,16.3691],[100.2473,16.3702],[100.2484,16.3702],[100.249,16.3704],[100.249,16.371],[100.2498,16.371],[100.2501,16.3693],[100.2509,16.3693],[100.2523,16.3704],[100.2524,16.3709],[100.2529,16.3709],[100.2532,16.372],[100.2529,16.3728],[100.2524,16.3728],[100.2527,16.3745],[100.2512,16.3745],[100.2513,16.3758],[100.2496,16.3758],[100.2496,16.3737],[100.2487,16.3734],[100.249,16.3712],[100.2473,16.3712],[100.2467,16.3707],[100.2465,16.3713],[100.2476,16.3715],[100.2476,16.3726],[100.2462,16.3729],[100.2456,16.3748],[100.2462,16.3748],[100.2462,16.3753],[100.2473,16.3761],[100.2471,16.3775],[100.2476,16.3775],[100.2479,16.3764],[100.2493,16.3767],[100.2496,16.3783],[100.2487,16.3786],[100.2493,16.3786],[100.2496,16.3791],[100.2496,16.3805],[100.2468,16.3805],[100.2465,16.381],[100.246,16.381],[100.2454,16.3821],[100.2462,16.3824],[100.2465,16.3835],[100.2457,16.3835],[100.2457,16.3826],[100.2451,16.3826],[100.2448,16.3832],[100.2437,16.3832],[100.2426,16.384],[100.2401,16.3838],[100.2398,16.3843],[100.2384,16.3843]],[[100.2415,16.3827],[100.242,16.3827],[100.242,16.3821],[100.2415,16.3821],[100.2415,16.3827]],[[100.2432,16.3827],[100.2437,16.3818],[100.2423,16.3819],[100.2423,16.3821],[100.2432,16.3827]],[[100.2401,16.3808],[100.2406,16.381],[100.2406,16.3808],[100.2401,16.3808]],[[100.2445,16.3805],[100.2459,16.3802],[100.2459,16.3794],[100.2451,16.3789],[100.2437,16.3794],[100.2445,16.3805]],[[100.2465,16.3788],[100.2476,16.3788],[100.2476,16.3783],[100.2465,16.3783],[100.2465,16.3788]],[[100.2406,16.377],[100.2412,16.377],[100.2417,16.3759],[100.2431,16.3762],[100.2431,16.3756],[100.2426,16.3756],[100.242,16.3748],[100.242,16.374],[100.2428,16.374],[100.2434,16.3734],[100.2437,16.3721],[100.2431,16.3715],[100.2414,16.3718],[100.2408,16.3726],[100.2411,16.3737],[100.24,16.374],[100.24,16.3748],[100.2409,16.3754],[100.2406,16.377]],[[100.2442,16.3759],[100.2445,16.3761],[100.2445,16.3759],[100.2442,16.3759]],[[100.2496,16.3729],[100.2501,16.3729],[100.2501,16.3723],[100.2498,16.3723],[100.2496,16.3729]],[[100.2349,16.3691],[100.2352,16.3697],[100.2352,16.3691],[100.2349,16.3691]],[[100.2377,16.3689],[100.2383,16.3689],[100.2383,16.3678],[100.2377,16.3678],[100.2377,16.3689]],[[100.2405,16.3688],[100.2414,16.3688],[100.2417,16.3678],[100.2422,16.3675],[100.2422,16.3667],[100.2428,16.3664],[100.2411,16.3664],[100.2411,16.3653],[100.2405,16.3656],[100.2405,16.3678],[100.24,16.368],[100.2405,16.3683],[100.2405,16.3688]],[[100.2372,16.3681],[100.2374,16.3683],[100.2374,16.3681],[100.2372,16.3681]],[[100.2383,16.3675],[100.2394,16.3672],[100.2394,16.3661],[100.2377,16.3662],[100.2374,16.3645],[100.2363,16.3645],[100.236,16.3664],[100.2374,16.3664],[100.2374,16.367],[100.2383,16.3667],[100.2383,16.3675]],[[100.243,16.365],[100.2433,16.3653],[100.2433,16.365],[100.243,16.365]],[[100.2377,16.3643],[100.2383,16.3642],[100.2383,16.3637],[100.2377,16.3637],[100.2377,16.3643]],[[100.2377,16.3626],[100.2383,16.3626],[100.2383,16.3621],[100.238,16.3621],[100.2377,16.3626]]]}},{"type":"Feature","properties":{"kind":"seasonal","area_km2":2.571,"date":"2026-10-09"},"geometry":{"type":"Polygon","coordinates":[[[100.012,16.8739],[100.0098,16.8739],[100.0097,16.8685],[100.0131,16.8685],[100.0134,16.8698],[100.0159,16.8698],[100.016,16.8706],[100.0165,16.8706],[100.0168,16.8693],[100.0176,16.869],[100.0188,16.8676],[100.0185,16.8671],[100.0179,16.8671],[100.0182,16.866],[100.0176,16.866],[100.0176,16.8652],[100.0187,16.8652],[100.0193,16.8657],[100.0201,16.8644],[100.0213,16.8641],[100.0227,16.8641],[100.0233,16.8668],[100.0238,16.8668],[100.0238,16.8651],[100.0232,16.8652],[100.023,16.863],[100.0221,16.8627],[100.0224,16.8578],[100.0249,16.8581],[100.0252,16.8592],[100.0255,16.8584],[100.0272,16.8586],[100.0289,16.8611],[100.0294,16.8611],[100.0303,16.86],[100.0314,16.86],[100.0317,16.861],[100.0322,16.8613],[100.0322,16.8627],[100.0328,16.8627],[100.0331,16.8613],[100.0325,16.8613],[100.0319,16.8605],[100.0319,16.8597],[100.0325,16.8597],[100.0325,16.8581],[100.0339,16.858],[100.0345,16.8575],[100.0362,16.8578],[100.0362,16.8589],[100.0356,16.8589],[100.0356,16.8597],[100.0367,16.8602],[100.0367,16.8618],[100.0373,16.8618],[100.0373,16.8586],[100.039,16.8586],[100.0395,16.8575],[100.0401,16.8575],[100.0407,16.8567],[100.0415,16.8567],[100.0421,16.8572],[100.0418,16.8583],[100.0424,16.8583],[100.0424,16.8599],[100.0446,16.8615],[100.0446,16.8623],[100.0429,16.8618],[100.0429,16.8623],[100.0435,16.8626],[100.0432,16.8637],[100.0424,16.8637],[100.0415,16.8645],[100.0407,16.8645],[100.0401,16.8637],[100.0396,16.864],[100.0396,16.8648],[100.041,16.8653],[100.0407,16.8683],[100.0416,16.8683],[100.0416,16.8694],[100.041,16.8689],[100.0402,16.8689],[100.0393,16.8702],[100.0368,16.8705],[100.0368,16.8694],[100.0351,16.8673],[100.0348,16.8659],[100.0362,16.8659],[100.0362,16.8643],[100.0373,16.8645],[100.0376,16.8626],[100.0367,16.8626],[100.0356,16.8643],[100.0342,16.8643],[100.0339,16.8635],[100.028,16.8643],[100.028,16.8627],[100.0269,16.8622],[100.0263,16.8608],[100.0266,16.8597],[100.0255,16.8594],[100.0278,16.8662],[100.0275,16.8668],[100.0258,16.8676],[100.0258,16.8697],[100.025,16.8703],[100.025,16.8717],[100.0233,16.8717],[100.0227,16.8711],[100.0227,16.8703],[100.0219,16.87],[100.0219,16.8709],[100.0205,16.8709],[100.0193,16.8717],[100.0193,16.873],[100.0157,16.8736],[100.0154,16.8725],[100.016,16.872],[100.016,16.8709],[100.0154,16.8709],[100.0154,16.872],[100.0146,16.8728],[100.0126,16.8728],[100.012,16.8739]],[[100.0112,16.8698],[100.0114,16.8701],[100.0114,16.8698],[100.0112,16.8698]],[[100.0114,16.8695],[100.0117,16.8698],[100.0117,16.8695],[100.0114,16.8695]],[[100.0213,16.8692],[100.0238,16.8692],[100.0238,16.8687],[100.0224,16.8684],[100.0221,16.8679],[100.021,16.8679],[100.0213,16.8692]],[[100.0204,16.8676],[100.021,16.8676],[100.021,16.8668],[100.0204,16.8668],[100.0204,16.8676]],[[100.0249,16.866],[100.0266,16.8659],[100.0266,16.8657],[100.0249,16.8654],[100.0249,16.866]],[[100.0241,16.8651],[100.0247,16.8651],[100.0249,16.8632],[100.0244,16.8632],[100.0241,16.8651]],[[100.0272,16.8616],[100.0275,16.8619],[100.0275,16.8616],[100.0272,16.8616]],[[100.0339,16.8599],[100.0345,16.8599],[100.0345,16.8589],[100.0334,16.8591],[100.0339,16.8599]]]}},{"type":"Feature","properties":{"kind":"seasonal","area_km2":2.413,"date":"2026-10-09"},"geometry":{"type":"Polygon","coordinates":[[[100.1996,16.6066],[100.1993,16.6055],[100.2001,16.6047],[100.1987,16.6044],[100.1987,16.6036],[100.1976,16.6034],[100.1979,16.602],[100.1973,16.602],[100.1973,16.6028],[100.1965,16.6028],[100.1965,16.602],[100.1951,16.6023],[100.1939,16.6018],[100.1942,16.5993],[100.1936,16.5993],[100.1934,16.6001],[100.188,16.6002],[100.1875,16.5983],[100.1883,16.5983],[100.1897,16.5969],[100.1897,16.5964],[100.1914,16.5966],[100.1922,16.5977],[100.1928,16.5974],[100.1925,16.5969],[100.1919,16.5969],[100.1919,16.5953],[100.1925,16.595],[100.1925,16.5939],[100.193,16.5936],[100.193,16.592],[100.1947,16.5925],[100.1953,16.5917],[100.1961,16.5917],[100.1964,16.5923],[100.197,16.5923],[100.1975,16.5914],[100.1987,16.5909],[100.2003,16.5909],[100.202,16.5898],[100.2031,16.5898],[100.2032,16.5922],[100.2043,16.5928],[100.2043,16.5944],[100.2057,16.5946],[100.2068,16.596],[100.2094,16.5962],[100.2094,16.5957],[100.2068,16.5949],[100.2065,16.5938],[100.206,16.5936],[100.206,16.5922],[100.2065,16.5917],[100.2062,16.5903],[100.2071,16.5903],[100.2073,16.5873],[100.211,16.5865],[100.211,16.5873],[100.2104,16.5878],[100.2118,16.5876],[100.2121,16.5886],[100.2116,16.5892],[100.2102,16.5889],[100.2099,16.5927],[100.2105,16.5933],[100.2102,16.5957],[100.2096,16.5957],[100.2102,16.596],[100.2102,16.5971],[100.2097,16.5971],[100.2088,16.5982],[100.2071,16.5979],[100.2074,16.5995],[100.2066,16.5995],[100.2066,16.6001],[100.2055,16.6003],[100.2055,16.6017],[100.2049,16.6025],[100.2038,16.6025],[100.2041,16.6033],[100.2052,16.6041],[100.2052,16.6052],[100.2024,16.6052],[100.2021,16.6047],[100.2013,16.6047],[100.201,16.6061],[100.2004,16.6061],[100.2004,16.6066],[100.1996,16.6066]],[[100.2004,16.6028],[100.2013,16.6028],[100.2013,16.6017],[100.2018,16.6017],[100.2018,16.6012],[100.2001,16.6017],[100.2004,16.6028]],[[100.2024,16.602],[100.2027,16.6023],[100.2027,16.602],[100.2024,16.602]],[[100.1959,16.6009],[100.1965,16.6009],[100.1965,16.5988],[100.1956,16.5988],[100.1959,16.6009]],[[100.1979,16.5998],[100.1981,16.6004],[100.1981,16.5998],[100.1979,16.5998]],[[100.2018,16.5998],[100.2026,16.5998],[100.2026,16.599],[100.2021,16.599],[100.2018,16.5998]],[[100.2038,16.599],[100.204,16.5995],[100.204,16.599],[100.2038,16.599]],[[100.2049,16.5976],[100.2052,16.5982],[100.2054,16.5976],[100.2049,16.5976]],[[100.1948,16.5974],[100.1953,16.5977],[100.1953,16.5974],[100.1948,16.5974]],[[100.1942,16.5963],[100.195,16.5955],[100.1947,16.5947],[100.1942,16.5947],[100.1933,16.5955],[100.1942,16.5963]],[[100.1992,16.5958],[100.1998,16.5958],[100.1998,16.5944],[100.1992,16.5944],[100.199,16.595],[100.1992,16.5958]],[[100.2006,16.5933],[100.2018,16.5947],[100.2015,16.5928],[100.2009,16.5928],[100.2006,16.5933]],[[100.2018,16.5928],[100.2023,16.5928],[100.2023,16.5922],[100.202,16.5922],[100.2018,16.5928]],[[100.2096,16.5887],[100.2102,16.5887],[100.2102,16.5881],[100.2096,16.5881],[100.2096,16.5887]],[[100.2102,16.5878],[100.2104,16.5881],[100.2104,16.5878],[100.2102,16.5878]]]}},{"type":"Feature","properties":{"kind":"seasonal","area_km2":2.254,"date":"2026-10-09"},"geometry":{"type":"Polygon","coordinates":[[[100.0346,16.877],[100.0343,16.8754],[100.0334,16.8754],[100.0334,16.8759],[100.032,16.876],[100.032,16.8735],[100.0326,16.8735],[100.0329,16.8727],[100.0334,16.8727],[100.0334,16.8732],[100.0343,16.8735],[100.0345,16.8724],[100.0357,16.8724],[100.0362,16.8719],[100.0393,16.8716],[100.0393,16.8721],[100.0402,16.8724],[100.0402,16.8718],[100.0416,16.8716],[100.0422,16.8724],[100.0422,16.874],[100.0441,16.874],[100.0438,16.8732],[100.043,16.8729],[100.0424,16.8721],[100.0424,16.8705],[100.0444,16.8705],[100.0441,16.8697],[100.0424,16.8697],[100.0424,16.8678],[100.043,16.8672],[100.043,16.8656],[100.0435,16.8653],[100.0435,16.8648],[100.0455,16.8653],[100.0461,16.8648],[100.0469,16.8648],[100.0483,16.8634],[100.0497,16.8637],[100.0494,16.8623],[100.0505,16.8623],[100.0508,16.8634],[100.0514,16.8634],[100.0522,16.8647],[100.0545,16.8642],[100.0545,16.8634],[100.0553,16.8634],[100.0565,16.8642],[100.0562,16.8631],[100.0553,16.8628],[100.0553,16.8617],[100.0567,16.8606],[100.0576,16.8606],[100.0581,16.8612],[100.0576,16.8631],[100.059,16.8639],[100.059,16.8617],[100.0584,16.8609],[100.0584,16.8598],[100.0612,16.8601],[100.0612,16.8614],[100.0624,16.8636],[100.063,16.8668],[100.0616,16.8674],[100.0585,16.8674],[100.0582,16.868],[100.0568,16.8682],[100.0571,16.8696],[100.0559,16.8704],[100.0545,16.8704],[100.0537,16.8699],[100.0537,16.8688],[100.0542,16.8688],[100.054,16.8683],[100.0526,16.8685],[100.0523,16.868],[100.0514,16.868],[100.052,16.8696],[100.0511,16.8696],[100.0503,16.8685],[100.0497,16.8685],[100.05,16.8726],[100.0486,16.8729],[100.0486,16.8734],[100.0495,16.8737],[100.0495,16.8748],[100.0486,16.8748],[100.0487,16.877],[100.047,16.877],[100.0461,16.8759],[100.045,16.8764],[100.043,16.8762],[100.043,16.8767],[100.0422,16.8767],[100.0416,16.8759],[100.0405,16.8756],[100.0405,16.8746],[100.0396,16.8746],[100.0396,16.8754],[100.0385,16.8754],[100.0385,16.8762],[100.0377,16.877],[100.0368,16.877],[100.0365,16.8765],[100.0346,16.877]],[[100.036,16.8751],[100.0363,16.8757],[100.0363,16.8751],[100.036,16.8751]],[[100.0441,16.8756],[100.0447,16.8756],[100.0444,16.8748],[100.0441,16.8748],[100.0441,16.8756]],[[100.0484,16.8745],[100.0486,16.8748],[100.0486,16.8745],[100.0484,16.8745]],[[100.0405,16.8746],[100.041,16.8746],[100.0413,16.874],[100.0408,16.8737],[100.0405,16.8746]],[[100.0348,16.8738],[100.0357,16.8738],[100.036,16.873],[100.0354,16.8727],[100.0354,16.8735],[100.0348,16.8738]],[[100.0486,16.8713],[100.0492,16.8721],[100.0492,16.8713],[100.0486,16.8713]],[[100.0562,16.868],[100.0568,16.8682],[100.0568,16.868],[100.0562,16.868]],[[100.0545,16.8677],[100.0548,16.868],[100.0548,16.8677],[100.0545,16.8677]],[[100.0449,16.8675],[100.0461,16.8669],[100.0463,16.8664],[100.0449,16.8667],[100.0449,16.8675]],[[100.0483,16.8667],[100.0489,16.8669],[100.0489,16.8666],[100.0483,16.8667]],[[100.0554,16.8666],[100.0559,16.8669],[100.0559,16.8666],[100.0554,16.8666]],[[100.0463,16.8664],[100.0472,16.8664],[100.0472,16.8661],[100.0463,16.8658],[100.0463,16.8664]],[[100.0514,16.8664],[100.052,16.8664],[100.052,16.8658],[100.0514,16.8658],[100.0514,16.8664]],[[100.0579,16.8663],[100.0601,16.866],[100.0601,16.8644],[100.059,16.8639],[100.059,16.8647],[100.0573,16.865],[100.0579,16.8663]],[[100.0551,16.8658],[100.0556,16.8658],[100.0556,16.8653],[100.0551,16.8653],[100.0551,16.8658]],[[100.057,16.8647],[100.0573,16.865],[100.0573,16.8647],[100.057,16.8647]]]}},{"type":"Feature","properties":{"kind":"seasonal","area_km2":2.248,"date":"2026-10-09"},"geometry":{"type":"Polygon","coordinates":[[[100.3325,16.4271],[100.3308,16.4266],[100.3207,16.4261],[100.3201,16.4256],[100.3201,16.4207],[100.3195,16.4191],[100.32,16.4128],[100.3192,16.4123],[100.3192,16.4115],[100.3197,16.4098],[100.3206,16.4093],[100.3208,16.4074],[100.3228,16.4071],[100.3228,16.4085],[100.3225,16.4093],[100.322,16.4093],[100.3214,16.412],[100.3218,16.4229],[100.3226,16.4239],[100.3269,16.4244],[100.3314,16.4244],[100.3339,16.4249],[100.3347,16.4233],[100.3347,16.4222],[100.3353,16.4217],[100.3358,16.4187],[100.3364,16.4187],[100.3369,16.4176],[100.3369,16.4157],[100.3375,16.4146],[100.3386,16.4138],[100.3386,16.4133],[100.3377,16.4127],[100.338,16.4086],[100.3374,16.4081],[100.3366,16.4081],[100.3346,16.4062],[100.3332,16.406],[100.3332,16.4052],[100.3349,16.4041],[100.3346,16.4022],[100.3354,16.4005],[100.3368,16.4003],[100.3393,16.4021],[100.3402,16.4021],[100.3413,16.4029],[100.3436,16.4073],[100.3439,16.4089],[100.3433,16.4092],[100.3439,16.4094],[100.3439,16.4102],[100.3428,16.4113],[100.3428,16.414],[100.3414,16.4154],[100.3409,16.4176],[100.3381,16.4198],[100.3375,16.4246],[100.337,16.4252],[100.337,16.426],[100.335,16.4271],[100.3325,16.4271]],[[100.3381,16.4187],[100.3383,16.4189],[100.3383,16.4187],[100.3381,16.4187]],[[100.3378,16.4184],[100.3381,16.4187],[100.3381,16.4184],[100.3378,16.4184]]]}},{"type":"Feature","properties":{"kind":"seasonal","area_km2":2.16,"date":"2026-10-09"},"geometry":{"type":"Polygon","coordinates":[[[100.415,16.1761],[100.415,16.175],[100.411,16.1758],[100.411,16.1745],[100.4102,16.1745],[100.4099,16.1734],[100.4085,16.1737],[100.4085,16.1731],[100.4074,16.1728],[100.4074,16.172],[100.4082,16.1718],[100.4082,16.1704],[100.4076,16.1704],[100.4079,16.1685],[100.4065,16.1688],[100.4065,16.1693],[100.4054,16.1693],[100.4048,16.1677],[100.404,16.1677],[100.4045,16.1655],[100.404,16.1653],[100.4039,16.1639],[100.4051,16.1636],[100.4051,16.1631],[100.4039,16.1623],[100.4039,16.1615],[100.4028,16.1609],[100.4028,16.1601],[100.4033,16.159],[100.4048,16.1588],[100.4059,16.1588],[100.4059,16.1596],[100.4064,16.1596],[100.4064,16.1588],[100.4073,16.1588],[100.4081,16.1598],[100.4087,16.1571],[100.4115,16.1574],[100.4115,16.1568],[100.4126,16.1563],[100.4123,16.1552],[100.4159,16.1546],[100.4165,16.1592],[100.4163,16.1598],[100.414,16.1598],[100.4137,16.1609],[100.4163,16.1611],[100.4168,16.1617],[100.4166,16.1636],[100.4154,16.1641],[100.4157,16.1649],[100.4169,16.1649],[100.4169,16.1657],[100.4152,16.1655],[100.4152,16.166],[100.4171,16.166],[100.4172,16.1682],[100.4158,16.1682],[100.4158,16.1695],[100.4163,16.1685],[100.4172,16.1684],[100.4172,16.169],[100.4177,16.1693],[100.4178,16.1731],[100.4183,16.1736],[100.4183,16.1758],[100.4172,16.1755],[100.4169,16.176],[100.415,16.1761]],[[100.411,16.1726],[100.4116,16.1728],[100.4116,16.1726],[100.411,16.1726]],[[100.4133,16.172],[100.4138,16.172],[100.4135,16.1709],[100.413,16.1709],[100.4133,16.172]],[[100.409,16.169],[100.4102,16.1688],[100.4099,16.1674],[100.4087,16.1674],[100.409,16.169]],[[100.4135,16.1685],[100.4144,16.1685],[100.4135,16.1679],[100.4135,16.1685]],[[100.4051,16.1669],[100.4054,16.1674],[100.4054,16.1669],[100.4051,16.1669]],[[100.4113,16.1669],[100.4132,16.1668],[100.4138,16.1658],[100.4124,16.1658],[100.4113,16.1669]],[[100.4076,16.1663],[100.4104,16.1658],[100.4101,16.1647],[100.409,16.1647],[100.4087,16.1655],[100.4079,16.1655],[100.4079,16.1631],[100.4087,16.1631],[100.4084,16.162],[100.4076,16.162],[100.4076,16.1628],[100.4062,16.1631],[100.4067,16.1634],[100.4068,16.1653],[100.4076,16.1663]],[[100.4101,16.1642],[100.411,16.1639],[100.4104,16.1617],[100.4112,16.1617],[100.4112,16.1622],[100.4118,16.1622],[100.4121,16.1609],[100.4109,16.1609],[100.4104,16.1595],[100.409,16.1596],[100.4084,16.1598],[100.4084,16.1612],[100.4098,16.1623],[100.4101,16.1642]],[[100.4126,16.1641],[100.4132,16.1641],[100.4132,16.1631],[100.4126,16.1631],[100.4126,16.1641]],[[100.4053,16.1623],[100.4065,16.1623],[100.4065,16.1617],[100.407,16.1615],[100.4053,16.1615],[100.4053,16.1623]],[[100.4129,16.1614],[100.4137,16.1614],[100.4137,16.1609],[100.4129,16.1609],[100.4129,16.1614]],[[100.4123,16.1606],[100.4129,16.1609],[100.4129,16.1606],[100.4123,16.1606]],[[100.4045,16.1601],[100.4056,16.1604],[100.4056,16.1601],[100.4045,16.1601]]]}},{"type":"Feature","properties":{"kind":"seasonal","area_km2":2.009,"date":"2026-10-09"},"geometry":{"type":"Polygon","coordinates":[[[100.1239,16.7971],[100.1217,16.7969],[100.1217,16.7963],[100.1206,16.796],[100.1205,16.795],[100.1203,16.7958],[100.1189,16.7955],[100.1189,16.7942],[100.1183,16.7942],[100.1183,16.7933],[100.12,16.7928],[100.1202,16.792],[100.1191,16.7917],[100.1183,16.7906],[100.1171,16.7906],[100.1171,16.7898],[100.1194,16.7893],[100.1214,16.7903],[100.1219,16.7901],[100.1216,16.7895],[100.1211,16.7895],[100.1208,16.7868],[100.1225,16.7871],[100.1233,16.7868],[100.1233,16.7863],[100.1227,16.7863],[100.1225,16.7857],[100.1225,16.7836],[100.1213,16.7836],[100.1213,16.7828],[100.1219,16.7825],[100.1216,16.779],[100.1221,16.7781],[100.1233,16.7781],[100.1241,16.7787],[100.1241,16.7803],[100.1233,16.7803],[100.1227,16.7798],[100.1224,16.7806],[100.1236,16.7808],[100.1238,16.7819],[100.1247,16.7819],[100.125,16.7795],[100.1264,16.7795],[100.1272,16.7803],[100.1275,16.783],[100.1281,16.7841],[100.1298,16.7841],[100.1301,16.7846],[100.1315,16.7846],[100.1317,16.7851],[100.1332,16.7851],[100.134,16.784],[100.1354,16.784],[100.1357,16.7862],[100.1354,16.7862],[100.1354,16.7876],[100.1332,16.7878],[100.1326,16.79],[100.1321,16.79],[100.1318,16.7906],[100.1298,16.7906],[100.1301,16.7911],[100.1309,16.7911],[100.1312,16.7919],[100.131,16.7935],[100.1315,16.7935],[100.1315,16.796],[100.1304,16.7957],[100.1293,16.796],[100.129,16.7965],[100.1282,16.7965],[100.1279,16.7952],[100.1279,16.7963],[100.1259,16.7963],[100.1262,16.7947],[100.1253,16.7938],[100.1231,16.7939],[100.1242,16.7947],[100.1245,16.7955],[100.1256,16.7955],[100.1256,16.7963],[100.1245,16.7963],[100.1245,16.7968],[100.1239,16.7971]],[[100.1228,16.793],[100.1234,16.793],[100.1231,16.7901],[100.1222,16.7912],[100.1222,16.7922],[100.1228,16.793]],[[100.1216,16.7887],[100.1219,16.789],[100.1219,16.7887],[100.1216,16.7887]],[[100.1219,16.7884],[100.1222,16.7887],[100.1222,16.7884],[100.1219,16.7884]],[[100.1306,16.7887],[100.1312,16.7887],[100.1312,16.7884],[100.1304,16.7881],[100.1306,16.7887]],[[100.1275,16.7879],[100.1281,16.7879],[100.1281,16.7873],[100.1275,16.7873],[100.1275,16.7879]],[[100.1351,16.7859],[100.1354,16.7862],[100.1354,16.7859],[100.1351,16.7859]],[[100.1224,16.7787],[100.1227,16.7789],[100.1227,16.7787],[100.1224,16.7787]]]}},{"type":"Feature","properties":{"kind":"seasonal","area_km2":1.905,"date":"2026-10-09"},"geometry":{"type":"Polygon","coordinates":[[[100.4187,16.2715],[100.4187,16.2707],[100.4179,16.2707],[100.4173,16.2701],[100.4173,16.2688],[100.4184,16.2677],[100.4184,16.2666],[100.419,16.2666],[100.419,16.2658],[100.417,16.2655],[100.4167,16.2661],[100.4159,16.2661],[100.4159,16.2655],[100.4153,16.2655],[100.4153,16.2647],[100.4184,16.2647],[100.4184,16.2636],[100.4142,16.2636],[100.4133,16.2626],[100.4131,16.2612],[100.4136,16.2585],[100.4128,16.2582],[100.4127,16.2566],[100.4147,16.2566],[100.4161,16.2582],[100.4161,16.2587],[100.4167,16.2587],[100.4167,16.2574],[100.4189,16.2579],[100.4186,16.2566],[100.4167,16.2568],[100.4155,16.2563],[100.4155,16.2536],[100.4164,16.2536],[100.4169,16.2541],[100.4166,16.2522],[100.4175,16.2517],[100.4183,16.2517],[100.4186,16.2522],[100.4208,16.2519],[100.4214,16.253],[100.4228,16.2533],[100.4226,16.2554],[100.4209,16.2549],[100.4209,16.2555],[100.4214,16.2557],[100.4231,16.2557],[100.4242,16.2549],[100.4259,16.2552],[100.4265,16.2557],[100.4262,16.2576],[100.4254,16.2576],[100.4248,16.2581],[100.4251,16.2622],[100.4263,16.263],[100.4274,16.2627],[100.4274,16.2638],[100.4257,16.2638],[100.4257,16.2644],[100.4274,16.2644],[100.428,16.2649],[100.4274,16.2668],[100.4268,16.2668],[100.4268,16.2657],[100.426,16.266],[100.426,16.2671],[100.4254,16.2674],[100.4238,16.2676],[100.4238,16.2671],[100.4221,16.2668],[100.4221,16.2679],[100.4212,16.2679],[100.4218,16.2706],[100.4207,16.2715],[100.4187,16.2715]],[[100.4223,16.2655],[100.4232,16.2655],[100.4232,16.2649],[100.4223,16.2649],[100.4223,16.2655]],[[100.4237,16.2644],[100.4243,16.2641],[100.4243,16.2636],[100.4237,16.2636],[100.4237,16.2644]],[[100.4178,16.2623],[100.4181,16.2614],[100.4173,16.2606],[100.417,16.2612],[100.4178,16.2623]],[[100.4195,16.262],[100.4201,16.2622],[100.4201,16.262],[100.4195,16.262]],[[100.4223,16.2622],[100.4229,16.2622],[100.4229,16.2598],[100.4217,16.2601],[100.4218,16.2606],[100.4226,16.2609],[100.4223,16.2622]],[[100.4144,16.2598],[100.4156,16.2596],[100.4156,16.259],[100.4144,16.259],[100.4144,16.2598]]]}},{"type":"Feature","properties":{"kind":"seasonal","area_km2":1.899,"date":"2026-10-09"},"geometry":{"type":"Polygon","coordinates":[[[100.1397,16.8925],[100.1372,16.8925],[100.1363,16.8914],[100.1358,16.8914],[100.1349,16.8906],[100.1349,16.8901],[100.1338,16.8892],[100.1338,16.8879],[100.1346,16.8838],[100.1354,16.8838],[100.136,16.8844],[100.1363,16.8825],[100.1374,16.8819],[100.1379,16.8797],[100.1399,16.8794],[100.1399,16.8786],[100.1393,16.8792],[100.1374,16.8792],[100.1371,16.8787],[100.1354,16.8789],[100.1348,16.8784],[100.1348,16.8765],[100.1365,16.8765],[100.1368,16.8759],[100.1376,16.8759],[100.1382,16.8765],[100.1396,16.8762],[100.1413,16.8767],[100.1419,16.8762],[100.1464,16.8759],[100.1469,16.8767],[100.1475,16.8767],[100.1475,16.8762],[100.1486,16.8761],[100.1506,16.8788],[100.1506,16.8805],[100.1486,16.8802],[100.1484,16.8783],[100.1475,16.8783],[100.1475,16.8799],[100.145,16.88],[100.145,16.8805],[100.1458,16.8805],[100.1464,16.8816],[100.1472,16.8816],[100.1472,16.8808],[100.1484,16.8808],[100.1489,16.8813],[100.1498,16.8813],[100.1501,16.8824],[100.1453,16.8827],[100.1453,16.8819],[100.1439,16.8816],[100.1442,16.8838],[100.1467,16.8835],[100.1473,16.8846],[100.1484,16.8846],[100.1484,16.8856],[100.1473,16.8854],[100.1473,16.8859],[100.1481,16.8859],[100.1481,16.887],[100.1467,16.8867],[100.1467,16.8875],[100.1419,16.8876],[100.1416,16.8859],[100.1411,16.886],[100.1411,16.8873],[100.1405,16.8876],[100.1405,16.8881],[100.1417,16.8881],[100.142,16.8908],[100.1411,16.8908],[100.1405,16.8914],[100.1405,16.8908],[100.1397,16.8906],[100.1394,16.8881],[100.1394,16.8895],[100.1388,16.8895],[100.1389,16.8911],[100.1394,16.8914],[100.1397,16.8925]],[[100.1377,16.8884],[100.1394,16.8881],[100.1394,16.8879],[100.1377,16.8876],[100.1377,16.8884]],[[100.1428,16.887],[100.1431,16.8873],[100.1431,16.887],[100.1428,16.887]],[[100.1431,16.8868],[100.1433,16.887],[100.1433,16.8868],[100.1431,16.8868]],[[100.1377,16.8857],[100.1385,16.8854],[100.138,16.8843],[100.1374,16.8849],[100.1377,16.8857]],[[100.1416,16.8854],[100.1419,16.8857],[100.1419,16.8854],[100.1416,16.8854]],[[100.1416,16.8849],[100.1419,16.8851],[100.1419,16.8849],[100.1416,16.8849]],[[100.1419,16.8849],[100.1428,16.8849],[100.1428,16.8846],[100.1419,16.884],[100.1419,16.8849]],[[100.1393,16.8778],[100.1399,16.8781],[100.1399,16.8778],[100.1393,16.8778]]]}},{"type":"Feature","properties":{"kind":"seasonal","area_km2":1.837,"date":"2026-10-09"},"geometry":{"type":"Polygon","coordinates":[[[100.426,16.1546],[100.4252,16.1538],[100.4252,16.1521],[100.4246,16.1516],[100.4165,16.1497],[100.4164,16.1468],[100.417,16.1462],[100.417,16.1443],[100.4159,16.1443],[100.4159,16.1432],[100.4167,16.1424],[100.4201,16.1424],[100.4201,16.1432],[100.4215,16.1437],[100.4215,16.1427],[100.4203,16.1424],[100.4201,16.1416],[100.4175,16.1419],[100.4178,16.1405],[100.4192,16.1405],[100.4209,16.1389],[100.4217,16.1389],[100.4245,16.1416],[100.4259,16.1413],[100.426,16.1418],[100.4271,16.1418],[100.4271,16.1426],[100.424,16.1456],[100.424,16.1464],[100.4249,16.1475],[100.4254,16.1475],[100.4257,16.1464],[100.4271,16.1467],[100.4271,16.1461],[100.4263,16.1462],[100.4257,16.1456],[100.4257,16.1445],[100.4271,16.1437],[100.4279,16.1421],[100.4299,16.1423],[100.4293,16.1418],[100.4293,16.1391],[100.4301,16.1391],[100.431,16.1402],[100.4304,16.1418],[100.4318,16.142],[100.4316,16.1434],[100.4305,16.1434],[100.4305,16.1445],[100.4313,16.1442],[100.4319,16.1431],[100.4327,16.1431],[100.4327,16.1448],[100.4321,16.1453],[100.433,16.1453],[100.433,16.1461],[100.4319,16.1467],[100.4319,16.1477],[100.4327,16.1467],[100.4336,16.1466],[100.4341,16.1469],[100.4341,16.1475],[100.4347,16.1475],[100.4339,16.1499],[100.4327,16.1507],[100.4325,16.1515],[100.4314,16.1515],[100.4316,16.1505],[100.4305,16.1505],[100.4308,16.1494],[100.4294,16.1486],[100.4299,16.1475],[100.4288,16.1472],[100.4288,16.1467],[100.4279,16.1467],[100.4277,16.1475],[100.4282,16.1478],[100.4285,16.1502],[100.4288,16.1497],[100.4297,16.1497],[100.4297,16.151],[100.4288,16.151],[100.4291,16.154],[100.4283,16.154],[100.4283,16.1545],[100.426,16.1546]],[[100.4243,16.1508],[100.4249,16.1508],[100.4249,16.1491],[100.4238,16.1489],[100.4238,16.1494],[100.4243,16.1497],[100.4243,16.1508]],[[100.4184,16.1473],[100.4193,16.1473],[100.4195,16.1467],[100.4195,16.1459],[100.419,16.1459],[100.419,16.1443],[100.4201,16.1446],[100.4201,16.144],[100.4181,16.144],[100.4176,16.1457],[100.4184,16.1459],[100.4184,16.1473]],[[100.4288,16.1459],[100.4291,16.1464],[100.4293,16.1459],[100.4288,16.1459]],[[100.4308,16.1464],[100.4319,16.1458],[100.4319,16.1456],[100.4307,16.1456],[100.4308,16.1464]],[[100.4296,16.1456],[100.4305,16.1456],[100.4305,16.1445],[100.4296,16.145],[100.4296,16.1456]]]}},{"type":"Feature","properties":{"kind":"seasonal","area_km2":1.795,"date":"2026-10-09"},"geometry":{"type":"Polygon","coordinates":[[[100.429,16.2546],[100.4287,16.2527],[100.429,16.2519],[100.4304,16.2519],[100.4304,16.2505],[100.4295,16.2502],[100.4295,16.2513],[100.4284,16.2513],[100.4278,16.2486],[100.4278,16.2456],[100.4273,16.2454],[100.4272,16.2413],[100.4267,16.2394],[100.4269,16.2359],[100.4263,16.2354],[100.4266,16.2335],[100.426,16.2332],[100.4263,16.231],[100.4257,16.2308],[100.426,16.228],[100.428,16.2278],[100.428,16.2272],[100.4268,16.2264],[100.4268,16.2256],[100.4277,16.2256],[100.428,16.2261],[100.4294,16.2258],[100.4302,16.2267],[100.4305,16.2288],[100.4313,16.2288],[100.4319,16.2296],[100.4317,16.2345],[100.4322,16.2348],[100.4322,16.2367],[100.4308,16.237],[100.4294,16.2364],[100.4292,16.2378],[100.4297,16.2383],[100.4314,16.2383],[100.4314,16.2394],[100.4306,16.2394],[100.4311,16.2405],[100.4323,16.2405],[100.4323,16.2399],[100.434,16.2396],[100.4359,16.2407],[100.4359,16.2413],[100.4365,16.2415],[100.4365,16.2426],[100.4348,16.2423],[100.4345,16.2434],[100.4362,16.244],[100.4368,16.2445],[100.4365,16.2453],[100.4371,16.2453],[100.4374,16.2459],[100.4371,16.2469],[100.4351,16.2467],[100.4348,16.2472],[100.4332,16.2472],[100.4301,16.2483],[100.4301,16.2489],[100.4306,16.2489],[100.4335,16.2481],[100.4337,16.2486],[100.4351,16.2486],[100.4351,16.2494],[100.4343,16.2494],[100.4343,16.2499],[100.4323,16.25],[100.4324,16.2519],[100.4335,16.2521],[100.4335,16.2537],[100.4318,16.2532],[100.4318,16.2521],[100.4312,16.2521],[100.4304,16.2527],[100.4307,16.2543],[100.429,16.2546]],[[100.4295,16.2473],[100.4298,16.2475],[100.4298,16.2473],[100.4295,16.2473]],[[100.4348,16.2459],[100.4357,16.2459],[100.4354,16.2448],[100.4346,16.2451],[100.4348,16.2459]],[[100.4326,16.2456],[100.4329,16.2451],[100.4317,16.2448],[100.4317,16.2454],[100.4326,16.2456]],[[100.4306,16.244],[100.4312,16.2443],[100.4312,16.244],[100.4306,16.244]],[[100.4343,16.2437],[100.4345,16.244],[100.4345,16.2437],[100.4343,16.2437]],[[100.4281,16.2427],[100.4284,16.2432],[100.4284,16.2427],[100.4281,16.2427]],[[100.43,16.2427],[100.4306,16.2426],[100.43,16.2413],[100.4292,16.2413],[100.4292,16.2402],[100.4286,16.2402],[100.4289,16.2421],[100.43,16.2421],[100.43,16.2427]],[[100.4291,16.2351],[100.4294,16.2343],[100.4283,16.234],[100.428,16.2345],[100.4291,16.2351]],[[100.4303,16.2345],[100.4308,16.2342],[100.4305,16.2326],[100.43,16.2326],[100.4303,16.2345]],[[100.4302,16.2313],[100.4305,16.2318],[100.4305,16.2313],[100.4302,16.2313]]]}},{"type":"Feature","properties":{"kind":"seasonal","area_km2":1.789,"date":"2026-10-09"},"geometry":{"type":"Polygon","coordinates":[[[100.0275,16.9172],[100.0266,16.9142],[100.0294,16.9142],[100.0303,16.915],[100.0334,16.915],[100.0334,16.9142],[100.0348,16.9144],[100.0345,16.9123],[100.0353,16.9123],[100.0359,16.9117],[100.0356,16.9104],[100.0367,16.9093],[100.0367,16.9085],[100.0362,16.9082],[100.0364,16.9068],[100.0359,16.9071],[100.0353,16.9066],[100.0333,16.9063],[100.0333,16.9058],[100.0328,16.9058],[100.0328,16.9052],[100.0322,16.9052],[100.0316,16.9047],[100.0316,16.9039],[100.0308,16.9033],[100.0311,16.9023],[100.0325,16.9023],[100.033,16.9031],[100.0336,16.9031],[100.0353,16.9017],[100.0341,16.9009],[100.0336,16.8998],[100.0324,16.8998],[100.0322,16.8987],[100.0336,16.8985],[100.0341,16.8993],[100.0347,16.8993],[100.0352,16.8976],[100.0364,16.8976],[100.0369,16.8968],[100.0395,16.8954],[100.0397,16.8946],[100.0423,16.8946],[100.0428,16.8952],[100.044,16.8951],[100.044,16.8946],[100.0456,16.893],[100.0476,16.8927],[100.0473,16.8949],[100.0457,16.8954],[100.0457,16.8987],[100.0446,16.8989],[100.044,16.8981],[100.0414,16.8981],[100.0415,16.899],[100.0409,16.899],[100.0409,16.8998],[100.0403,16.9],[100.0406,16.9025],[100.0412,16.9025],[100.0412,16.9033],[100.0426,16.9036],[100.0426,16.9044],[100.0409,16.9041],[100.0409,16.9049],[100.0404,16.9049],[100.0404,16.9055],[100.0418,16.9052],[100.0418,16.9046],[100.0429,16.9049],[100.0429,16.9068],[100.0423,16.9071],[100.0418,16.9084],[100.0409,16.9084],[100.0412,16.909],[100.0407,16.909],[100.0407,16.9098],[100.0398,16.9101],[100.0395,16.9109],[100.0381,16.912],[100.0381,16.9128],[100.0376,16.9133],[100.0367,16.9131],[100.037,16.9139],[100.0362,16.9142],[100.0356,16.9153],[100.0345,16.915],[100.0345,16.9158],[100.0339,16.9158],[100.0339,16.9163],[100.0297,16.9164],[100.0283,16.9172],[100.0275,16.9172]],[[100.0404,16.9079],[100.0407,16.9082],[100.0407,16.9079],[100.0404,16.9079]],[[100.0364,16.9074],[100.0367,16.9077],[100.0367,16.9074],[100.0364,16.9074]],[[100.0395,16.9057],[100.0398,16.906],[100.0398,16.9057],[100.0395,16.9057]],[[100.0392,16.9055],[100.0395,16.9057],[100.0395,16.9055],[100.0392,16.9055]],[[100.0404,16.9038],[100.0409,16.9038],[100.0409,16.9033],[100.0404,16.9033],[100.0404,16.9038]],[[100.0418,16.9036],[100.042,16.9038],[100.042,16.9036],[100.0418,16.9036]],[[100.0412,16.8968],[100.0414,16.8973],[100.0414,16.8968],[100.0412,16.8968]],[[100.04,16.896],[100.0403,16.8962],[100.0403,16.896],[100.04,16.896]]]}},{"type":"Feature","properties":{"kind":"seasonal","area_km2":1.761,"date":"2026-10-09"},"geometry":{"type":"Polygon","coordinates":[[[100.4226,16.4143],[100.4212,16.4141],[100.4206,16.4133],[100.4206,16.4124],[100.4214,16.4119],[100.4209,16.4119],[100.4203,16.4108],[100.4195,16.4108],[100.4189,16.4114],[100.4175,16.4111],[100.4167,16.4114],[100.4167,16.4119],[100.415,16.4117],[100.4144,16.4109],[100.4124,16.4109],[100.4124,16.4101],[100.4136,16.4098],[100.4141,16.409],[100.415,16.4087],[100.4149,16.4073],[100.4161,16.4073],[100.4164,16.4081],[100.4169,16.4081],[100.4166,16.4076],[100.4178,16.4076],[100.4178,16.407],[100.4158,16.4071],[100.4147,16.406],[100.4138,16.406],[100.4133,16.4087],[100.4127,16.4087],[100.4127,16.4079],[100.4116,16.4074],[100.4116,16.4063],[100.4121,16.406],[100.4121,16.4055],[100.4113,16.4055],[100.4113,16.4041],[100.4124,16.403],[100.413,16.403],[100.4129,16.4025],[100.4135,16.4025],[100.4135,16.4014],[100.4132,16.4003],[100.4115,16.4003],[100.4107,16.3992],[100.4107,16.3968],[100.4123,16.3968],[100.4126,16.3962],[100.4149,16.3957],[100.423,16.3956],[100.4239,16.3962],[100.4267,16.3967],[100.4267,16.3978],[100.4258,16.3978],[100.4256,16.3989],[100.4233,16.3989],[100.4228,16.3994],[100.4216,16.3994],[100.4214,16.4],[100.4194,16.4],[100.4169,16.4008],[100.4177,16.4019],[100.4183,16.4019],[100.4205,16.4013],[100.4208,16.4002],[100.4219,16.4005],[100.4222,16.4024],[100.4205,16.4021],[100.4188,16.4024],[100.4183,16.403],[100.4189,16.4032],[100.4189,16.4043],[100.4214,16.4038],[100.4217,16.4062],[100.4225,16.4062],[100.4225,16.4067],[100.4217,16.407],[100.4217,16.4081],[100.4161,16.4087],[100.4161,16.4092],[100.4166,16.4095],[100.4189,16.4092],[100.4189,16.4087],[100.4209,16.4086],[100.4214,16.4095],[100.422,16.4095],[100.4226,16.4111],[100.4226,16.4143]],[[100.4172,16.4049],[100.4175,16.4051],[100.4175,16.4049],[100.4172,16.4049]],[[100.4146,16.4011],[100.4149,16.4016],[100.4149,16.4011],[100.4146,16.4011]]]}},{"type":"Feature","properties":{"kind":"seasonal","area_km2":1.676,"date":"2026-10-09"},"geometry":{"type":"Polygon","coordinates":[[[100.1141,16.708],[100.1068,16.7064],[100.1068,16.7056],[100.1062,16.705],[100.1062,16.7034],[100.1073,16.7031],[100.1085,16.7042],[100.1099,16.7039],[100.1113,16.7012],[100.1099,16.7001],[100.1079,16.6999],[100.1076,16.7004],[100.1071,16.7004],[100.1068,16.702],[100.1057,16.702],[100.1054,16.7001],[100.1045,16.6985],[100.1042,16.6955],[100.1053,16.6953],[100.1065,16.6966],[100.107,16.6966],[100.107,16.6971],[100.1082,16.6974],[100.109,16.6963],[100.109,16.6955],[100.107,16.6942],[100.107,16.6934],[100.1081,16.6931],[100.1084,16.6925],[100.1095,16.6925],[100.1104,16.6917],[100.1112,16.6917],[100.1107,16.6944],[100.1118,16.6958],[100.1135,16.6958],[100.1146,16.6944],[100.1146,16.6936],[100.1138,16.6925],[100.1132,16.6925],[100.1123,16.6917],[100.1123,16.6906],[100.1135,16.6901],[100.1137,16.689],[100.1149,16.689],[100.1168,16.6898],[100.118,16.6909],[100.118,16.6919],[100.1169,16.6922],[100.1171,16.6936],[100.1163,16.6938],[100.1157,16.6947],[100.1163,16.6957],[100.1169,16.6993],[100.1191,16.6993],[100.1192,16.7006],[100.1186,16.7009],[100.1186,16.7017],[100.118,16.7022],[100.1152,16.7023],[100.1153,16.7077],[100.1141,16.708]]]}},{"type":"Feature","properties":{"kind":"seasonal","area_km2":1.646,"date":"2026-10-09"},"geometry":{"type":"Polygon","coordinates":[[[100.2368,16.2721],[100.2368,16.2707],[100.2377,16.2699],[100.2371,16.2688],[100.2363,16.2688],[100.2363,16.2683],[100.2357,16.2685],[100.2354,16.2699],[100.2326,16.2699],[100.2315,16.2694],[100.2318,16.2683],[100.2312,16.2683],[100.2315,16.2656],[100.2309,16.2648],[100.2309,16.2634],[100.2317,16.2634],[100.2317,16.2642],[100.2326,16.2642],[100.2323,16.2631],[100.2315,16.2626],[100.2314,16.2613],[100.2326,16.2607],[100.234,16.2607],[100.234,16.2602],[100.2328,16.2602],[100.2328,16.2593],[100.2337,16.258],[100.2331,16.2577],[100.2331,16.2569],[100.2314,16.2569],[100.2303,16.2564],[100.2303,16.2553],[100.2311,16.2553],[100.2314,16.2558],[100.2328,16.2555],[100.2325,16.2537],[100.2334,16.2534],[100.2334,16.2526],[100.2342,16.2526],[100.2342,16.2531],[100.235,16.2534],[100.2353,16.2523],[100.2345,16.252],[100.2345,16.2512],[100.2358,16.2477],[100.2375,16.2479],[100.2375,16.2487],[100.237,16.2487],[100.2361,16.2501],[100.2364,16.2523],[100.237,16.2523],[100.237,16.2498],[100.2378,16.2493],[100.2392,16.2493],[100.2395,16.2504],[100.2404,16.2509],[100.2404,16.2539],[100.2395,16.2547],[100.2395,16.2555],[100.2379,16.2555],[100.2373,16.2558],[100.2373,16.2563],[100.2396,16.2561],[100.2396,16.2574],[100.239,16.258],[100.239,16.2593],[100.2384,16.2593],[100.2387,16.2615],[100.2376,16.2618],[100.2373,16.2623],[100.2368,16.2623],[100.2365,16.2618],[100.2357,16.262],[100.2357,16.2639],[100.2365,16.2642],[100.2365,16.2653],[100.2371,16.2658],[100.2402,16.2658],[100.2407,16.2647],[100.2419,16.2647],[100.2418,16.2642],[100.2424,16.2642],[100.2424,16.2636],[100.2432,16.2634],[100.2433,16.2647],[100.2421,16.2653],[100.2419,16.2663],[100.2407,16.2666],[100.241,16.2685],[100.2396,16.2696],[100.2396,16.2704],[100.2388,16.2707],[100.2388,16.2718],[100.2368,16.2721]],[[100.2365,16.268],[100.2371,16.268],[100.2371,16.2675],[100.2365,16.2675],[100.2365,16.268]],[[100.2343,16.2672],[100.2351,16.2667],[100.2348,16.2656],[100.2343,16.2656],[100.2343,16.2672]],[[100.2345,16.2566],[100.2356,16.2563],[100.2356,16.2558],[100.2351,16.2558],[100.2345,16.2566]],[[100.2376,16.2555],[100.2379,16.2544],[100.2384,16.2544],[100.2384,16.2536],[100.2376,16.2539],[100.2376,16.2555]]]}},{"type":"Feature","properties":{"kind":"seasonal","area_km2":1.644,"date":"2026-10-09"},"geometry":{"type":"Polygon","coordinates":[[[100.4265,16.2546],[100.4259,16.2541],[100.4242,16.2538],[100.4237,16.2533],[100.4237,16.2522],[100.422,16.2519],[100.4214,16.2508],[100.4189,16.2509],[100.4189,16.2479],[100.4152,16.2479],[100.4149,16.2447],[100.4157,16.2441],[100.4157,16.2427],[100.4166,16.2427],[100.4169,16.2433],[100.4172,16.2457],[100.4177,16.2468],[100.4183,16.2468],[100.4177,16.2441],[100.4194,16.2444],[100.4188,16.2433],[100.4177,16.2433],[100.4171,16.2427],[100.4171,16.2408],[100.4188,16.2414],[100.4202,16.2411],[100.4199,16.24],[100.4196,16.2408],[100.4182,16.2406],[100.4182,16.2397],[100.4191,16.2392],[100.4191,16.2387],[100.4185,16.2387],[100.4174,16.2373],[100.4165,16.2373],[100.416,16.2368],[100.416,16.236],[100.4174,16.236],[100.4174,16.2368],[100.4191,16.2365],[100.4193,16.237],[100.4199,16.237],[100.4199,16.2335],[100.4213,16.2335],[100.4221,16.2343],[100.4219,16.2389],[100.4208,16.2389],[100.4208,16.2395],[100.4216,16.2395],[100.4216,16.2408],[100.4222,16.2408],[100.4222,16.2395],[100.425,16.2389],[100.425,16.2383],[100.4241,16.2381],[100.4224,16.2384],[100.4224,16.2367],[100.4241,16.2365],[100.423,16.2362],[100.4227,16.2348],[100.4241,16.2346],[100.4241,16.2351],[100.4249,16.2351],[100.4255,16.2362],[100.4255,16.2383],[100.4261,16.2386],[100.4264,16.241],[100.427,16.2505],[100.425,16.2508],[100.4251,16.2514],[100.4273,16.2513],[100.4273,16.2546],[100.4265,16.2546]],[[100.4214,16.2495],[100.4231,16.2492],[100.4234,16.2487],[100.4217,16.2487],[100.4205,16.2481],[100.4205,16.2487],[100.4214,16.2495]],[[100.4245,16.2495],[100.425,16.2495],[100.425,16.2484],[100.4245,16.2484],[100.4245,16.2495]],[[100.4233,16.2484],[100.4245,16.2484],[100.4245,16.2476],[100.4236,16.2476],[100.4233,16.2484]],[[100.4205,16.2471],[100.4211,16.2473],[100.4211,16.2471],[100.4205,16.2471]],[[100.4214,16.2465],[100.4222,16.2465],[100.4225,16.2457],[100.4211,16.2454],[100.4214,16.2465]],[[100.4194,16.2444],[100.4197,16.2446],[100.4197,16.2443],[100.4194,16.2444]],[[100.4205,16.243],[100.4216,16.243],[100.4216,16.2411],[100.4205,16.2411],[100.4205,16.243]],[[100.4247,16.2408],[100.4253,16.2408],[100.425,16.2397],[100.4244,16.2397],[100.4247,16.2408]]]}},{"type":"Feature","properties":{"kind":"seasonal","area_km2":1.641,"date":"2026-10-09"},"geometry":{"type":"Polygon","coordinates":[[[100.0743,16.7309],[100.0737,16.7304],[100.0715,16.7304],[100.0701,16.7296],[100.0695,16.7269],[100.0706,16.7255],[100.0709,16.7245],[100.0715,16.7242],[100.0717,16.7228],[100.0709,16.7215],[100.0686,16.7212],[100.0675,16.7193],[100.0664,16.7191],[100.0664,16.7174],[100.0677,16.7161],[100.0697,16.7161],[100.0711,16.7171],[100.0734,16.7171],[100.0731,16.7198],[100.0737,16.7204],[100.0773,16.7204],[100.0773,16.7193],[100.0756,16.719],[100.0756,16.7185],[100.0748,16.7179],[100.0748,16.7168],[100.0756,16.7168],[100.0773,16.7182],[100.0787,16.7182],[100.0796,16.719],[100.0793,16.7209],[100.0799,16.723],[100.0858,16.7233],[100.0866,16.7241],[100.0872,16.7257],[100.0886,16.7265],[100.0886,16.7273],[100.0878,16.7279],[100.0827,16.7279],[100.081,16.7266],[100.0779,16.7271],[100.0765,16.7255],[100.0762,16.7236],[100.0754,16.7231],[100.074,16.7231],[100.0731,16.7239],[100.0729,16.7258],[100.0723,16.7263],[100.0757,16.7266],[100.0777,16.7282],[100.0777,16.7293],[100.0766,16.7307],[100.0743,16.7309]],[[100.0748,16.7274],[100.0751,16.7277],[100.0751,16.7274],[100.0748,16.7274]],[[100.0776,16.7247],[100.0779,16.725],[100.0779,16.7247],[100.0776,16.7247]]]}},{"type":"Feature","properties":{"kind":"seasonal","area_km2":1.519,"date":"2026-10-09"},"geometry":{"type":"Polygon","coordinates":[[[100.0274,16.8565],[100.0271,16.8559],[100.0263,16.8559],[100.0263,16.8551],[100.0246,16.8551],[100.0238,16.8543],[100.0226,16.854],[100.0226,16.8532],[100.0212,16.8516],[100.0212,16.8508],[100.0218,16.8508],[100.022,16.8502],[100.022,16.8486],[100.0232,16.8486],[100.0232,16.8505],[100.0243,16.8502],[100.0243,16.8489],[100.0254,16.8491],[100.026,16.8508],[100.0257,16.8535],[100.0263,16.8535],[100.0263,16.8527],[100.0282,16.8527],[100.0285,16.8518],[100.0294,16.8518],[100.0299,16.8535],[100.0302,16.8524],[100.0322,16.8515],[100.0316,16.8494],[100.0308,16.8483],[100.0302,16.8483],[100.0299,16.8488],[100.0263,16.8489],[100.0263,16.8483],[100.0248,16.8481],[100.0246,16.8475],[100.0234,16.8475],[100.0234,16.8467],[100.024,16.8464],[100.0265,16.847],[100.0271,16.8475],[100.0285,16.847],[100.0282,16.8451],[100.0271,16.8453],[100.0265,16.8448],[100.0265,16.844],[100.029,16.844],[100.029,16.8434],[100.0274,16.8437],[100.0273,16.8424],[100.0279,16.8418],[100.0288,16.8418],[100.029,16.8429],[100.0307,16.8434],[100.0307,16.8442],[100.0302,16.8448],[100.0316,16.845],[100.0316,16.8467],[100.0296,16.8467],[100.0296,16.8472],[100.0324,16.8475],[100.0327,16.8488],[100.0339,16.8486],[100.0333,16.8477],[100.0327,16.8478],[100.0327,16.8469],[100.0338,16.8467],[100.0327,16.8461],[100.0327,16.8453],[100.0338,16.8453],[100.0341,16.8448],[100.0358,16.8445],[100.0361,16.8456],[100.0372,16.8456],[100.0372,16.8461],[100.0381,16.8461],[100.0386,16.8445],[100.0395,16.8445],[100.0392,16.8464],[100.0403,16.848],[100.0403,16.8499],[100.0386,16.8496],[100.0378,16.8502],[100.0378,16.8507],[100.0387,16.8507],[100.0387,16.8515],[100.0381,16.8521],[100.0389,16.8518],[100.0389,16.8507],[100.0398,16.8507],[100.0398,16.8518],[100.0409,16.852],[100.0412,16.8534],[100.0406,16.8539],[100.0407,16.8556],[100.0392,16.8556],[100.0387,16.8548],[100.0378,16.8548],[100.0373,16.8542],[100.037,16.8523],[100.037,16.854],[100.0361,16.854],[100.0359,16.8534],[100.0342,16.8534],[100.0339,16.8529],[100.0328,16.8526],[100.0325,16.8532],[100.0313,16.8532],[100.0308,16.8543],[100.0299,16.8543],[100.03,16.8556],[100.0274,16.8565]],[[100.0288,16.854],[100.0291,16.8545],[100.0291,16.854],[100.0288,16.854]],[[100.0395,16.8493],[100.0398,16.8496],[100.0398,16.8493],[100.0395,16.8493]],[[100.0384,16.8485],[100.0386,16.8491],[100.0386,16.8485],[100.0384,16.8485]],[[100.0347,16.8467],[100.0355,16.8467],[100.0358,16.8458],[100.0344,16.8461],[100.0347,16.8467]],[[100.031,16.8453],[100.0313,16.8459],[100.0313,16.8453],[100.031,16.8453]]]}},{"type":"Feature","properties":{"kind":"seasonal","area_km2":1.501,"date":"2026-10-09"},"geometry":{"type":"Polygon","coordinates":[[[100.257,16.3571],[100.2568,16.3563],[100.2556,16.3557],[100.2548,16.3557],[100.2548,16.3566],[100.2531,16.3568],[100.2531,16.3552],[100.2537,16.3549],[100.2536,16.3544],[100.2545,16.3544],[100.2539,16.3536],[100.2534,16.3536],[100.2534,16.3525],[100.2553,16.3519],[100.255,16.349],[100.2561,16.3479],[100.2553,16.3473],[100.2542,16.3476],[100.2533,16.3463],[100.2525,16.3463],[100.2522,16.3452],[100.2522,16.3463],[100.2514,16.3465],[100.2516,16.3474],[100.2528,16.3484],[100.2545,16.3484],[100.2547,16.3495],[100.2533,16.3503],[100.2525,16.352],[100.2528,16.3544],[100.2511,16.355],[100.2511,16.3544],[100.25,16.3544],[100.25,16.3533],[100.2508,16.3525],[100.2514,16.3503],[100.2522,16.3501],[100.2519,16.3487],[100.2514,16.3487],[100.2511,16.3495],[100.2502,16.3495],[100.25,16.349],[100.248,16.3493],[100.2474,16.349],[100.2471,16.3471],[100.2466,16.3471],[100.2466,16.349],[100.2458,16.349],[100.2457,16.3485],[100.2449,16.3479],[100.2432,16.348],[100.2429,16.3463],[100.2446,16.3469],[100.2466,16.3468],[100.2466,16.3458],[100.2438,16.3452],[100.2443,16.3436],[100.2463,16.3439],[100.2463,16.3428],[100.2477,16.3425],[100.2482,16.3414],[100.2505,16.3414],[100.2508,16.3419],[100.2524,16.3419],[100.2536,16.3433],[100.2541,16.3433],[100.2541,16.3441],[100.2536,16.3441],[100.2539,16.3449],[100.2567,16.3452],[100.2564,16.3468],[100.2578,16.3468],[100.2581,16.3476],[100.2606,16.3478],[100.2606,16.3484],[100.2612,16.3484],[100.2612,16.3497],[100.2601,16.3497],[100.2601,16.3503],[100.2606,16.3503],[100.2606,16.3508],[100.2615,16.3511],[100.2615,16.3533],[100.2609,16.3535],[100.2604,16.3554],[100.2593,16.356],[100.2593,16.3568],[100.2579,16.3565],[100.2579,16.3571],[100.257,16.3571]],[[100.2548,16.3549],[100.2556,16.3549],[100.2559,16.3544],[100.2553,16.3541],[100.2548,16.3544],[100.2548,16.3549]],[[100.2587,16.3541],[100.2595,16.3538],[100.2592,16.3498],[100.2584,16.3498],[100.2584,16.3506],[100.259,16.3506],[100.259,16.3514],[100.2584,16.3514],[100.2587,16.3541]],[[100.2592,16.3489],[100.2595,16.3495],[100.2595,16.3489],[100.2592,16.3489]],[[100.2494,16.3468],[100.25,16.3468],[100.2508,16.346],[100.2502,16.3444],[100.2494,16.3444],[100.2494,16.3449],[100.2488,16.3449],[100.2494,16.3455],[100.2494,16.3468]],[[100.248,16.3433],[100.2482,16.3439],[100.2485,16.3433],[100.248,16.3433]]]}},{"type":"Feature","properties":{"kind":"seasonal","area_km2":1.414,"date":"2026-10-09"},"geometry":{"type":"Polygon","coordinates":[[[100.0468,16.8913],[100.0462,16.8884],[100.047,16.8884],[100.0476,16.8878],[100.0476,16.8867],[100.0481,16.8862],[100.049,16.8862],[100.049,16.8854],[100.0504,16.8854],[100.0504,16.8848],[100.0524,16.8845],[100.0524,16.8851],[100.0538,16.8856],[100.0543,16.8851],[100.0538,16.884],[100.054,16.8815],[100.0549,16.8815],[100.0549,16.8823],[100.0557,16.8829],[100.056,16.8821],[100.0554,16.8815],[100.0554,16.8807],[100.056,16.8802],[100.0599,16.8799],[100.0602,16.8791],[100.0611,16.8791],[100.0611,16.8799],[100.0616,16.8799],[100.0616,16.8788],[100.0627,16.8785],[100.0633,16.879],[100.063,16.8801],[100.0647,16.8807],[100.0653,16.8804],[100.0653,16.8799],[100.067,16.8798],[100.067,16.8788],[100.0698,16.8782],[100.0698,16.879],[100.0689,16.8793],[100.0695,16.8798],[100.069,16.8828],[100.0701,16.8839],[100.0704,16.8863],[100.0681,16.8861],[100.0681,16.885],[100.0662,16.8839],[100.0645,16.8837],[100.0645,16.8842],[100.0636,16.8845],[100.0616,16.8842],[100.0605,16.8853],[100.0603,16.8864],[100.0591,16.8867],[100.0591,16.8872],[100.0583,16.8872],[100.0583,16.8867],[100.0577,16.8867],[100.0574,16.8872],[100.0543,16.8872],[100.0541,16.8878],[100.0529,16.888],[100.0518,16.8894],[100.0513,16.8894],[100.0513,16.89],[100.0487,16.8902],[100.0484,16.8908],[100.0473,16.8908],[100.0476,16.8913],[100.0468,16.8913]],[[100.058,16.8845],[100.0586,16.8842],[100.0583,16.8837],[100.058,16.8837],[100.058,16.8845]],[[100.0619,16.8829],[100.0622,16.8831],[100.0622,16.8829],[100.0619,16.8829]],[[100.0647,16.8818],[100.065,16.882],[100.065,16.8818],[100.0647,16.8818]],[[100.067,16.882],[100.0678,16.882],[100.0681,16.8812],[100.0673,16.8812],[100.067,16.882]],[[100.0645,16.8815],[100.0647,16.8818],[100.0647,16.8815],[100.0645,16.8815]]]}},{"type":"Feature","properties":{"kind":"seasonal","area_km2":1.39,"date":"2026-10-09"},"geometry":{"type":"Polygon","coordinates":[[[100.4268,16.1407],[100.4251,16.1405],[100.4248,16.1397],[100.4234,16.1399],[100.4228,16.1394],[100.4228,16.1383],[100.4237,16.1383],[100.4234,16.1364],[100.4228,16.1364],[100.4228,16.137],[100.422,16.137],[100.4212,16.1383],[100.4203,16.1383],[100.4203,16.1372],[100.4197,16.1367],[100.42,16.1353],[100.4209,16.1353],[100.4209,16.1367],[100.4214,16.1367],[100.4217,16.1351],[100.4228,16.1353],[100.4237,16.1345],[100.4251,16.1345],[100.4248,16.1367],[100.4259,16.1377],[100.4259,16.1388],[100.4268,16.1391],[100.427,16.1364],[100.4256,16.1353],[100.4259,16.1337],[100.4253,16.1337],[100.4253,16.1329],[100.4245,16.1337],[100.422,16.1343],[100.422,16.1348],[100.4197,16.1343],[100.4194,16.1332],[100.4197,16.1324],[100.4208,16.1324],[100.4211,16.1307],[100.4205,16.1307],[100.4205,16.1297],[100.4211,16.1283],[100.4242,16.1272],[100.4241,16.1247],[100.4253,16.1247],[100.4253,16.1266],[100.4258,16.1266],[100.4258,16.1242],[100.4267,16.1242],[100.4267,16.1247],[100.4272,16.1247],[100.4275,16.1253],[100.4281,16.1247],[100.4303,16.1247],[100.4303,16.1277],[100.4295,16.1277],[100.4289,16.1288],[100.4295,16.1304],[100.429,16.1304],[100.4287,16.131],[100.4276,16.131],[100.4273,16.1304],[100.4273,16.131],[100.4262,16.1312],[100.4259,16.1323],[100.4264,16.1323],[100.4264,16.1315],[100.4276,16.1315],[100.4273,16.1329],[100.4262,16.1331],[100.4262,16.1337],[100.4273,16.1339],[100.4279,16.1334],[100.4293,16.1334],[100.4293,16.1328],[100.4301,16.1326],[100.4301,16.1339],[100.4318,16.1342],[100.4318,16.1353],[100.4326,16.1353],[100.4326,16.1361],[100.4329,16.1353],[100.4349,16.1352],[100.4349,16.1388],[100.4327,16.1388],[100.4327,16.1396],[100.4313,16.1396],[100.4304,16.1383],[100.4296,16.1383],[100.4296,16.1375],[100.4287,16.1375],[100.4293,16.1377],[100.4293,16.1385],[100.4287,16.1385],[100.4268,16.1407]],[[100.4321,16.1383],[100.4327,16.1382],[100.4327,16.138],[100.4321,16.1377],[100.4321,16.1383]],[[100.431,16.1366],[100.4315,16.1366],[100.4318,16.1353],[100.4312,16.1353],[100.431,16.1366]],[[100.4214,16.1329],[100.422,16.1329],[100.422,16.1326],[100.4214,16.1324],[100.4214,16.1329]],[[100.4225,16.1323],[100.4234,16.1323],[100.4234,16.1318],[100.4228,16.1315],[100.4225,16.1323]],[[100.4242,16.1318],[100.4248,16.1321],[100.4248,16.1318],[100.4242,16.1318]],[[100.4253,16.1312],[100.4259,16.1312],[100.4258,16.1277],[100.4253,16.1277],[100.425,16.1291],[100.4231,16.1294],[100.4228,16.1299],[100.4236,16.1304],[100.4247,16.1304],[100.4253,16.1312]],[[100.4214,16.1302],[100.4217,16.1305],[100.4217,16.1302],[100.4214,16.1302]],[[100.4286,16.1269],[100.4295,16.1269],[100.4295,16.1261],[100.4286,16.1263],[100.4286,16.1269]]]}},{"type":"Feature","properties":{"kind":"seasonal","area_km2":1.355,"date":"2026-10-09"},"geometry":{"type":"Polygon","coordinates":[[[100.0457,16.8569],[100.0443,16.8566],[100.0437,16.8545],[100.0429,16.8545],[100.0426,16.8537],[100.0415,16.8534],[100.0415,16.8526],[100.042,16.8526],[100.0423,16.852],[100.0409,16.8515],[100.0412,16.8491],[100.0403,16.8472],[100.0406,16.8458],[100.0429,16.8458],[100.0429,16.8474],[100.044,16.848],[100.044,16.8488],[100.0434,16.8493],[100.0457,16.849],[100.0468,16.8471],[100.0476,16.8471],[100.0479,16.8477],[100.0488,16.8474],[100.0493,16.8466],[100.0507,16.8468],[100.0507,16.8463],[100.0513,16.8468],[100.0533,16.8468],[100.0533,16.8476],[100.0558,16.8474],[100.0561,16.8468],[100.0592,16.8468],[100.0592,16.8473],[100.0598,16.8473],[100.06,16.8465],[100.0614,16.8468],[100.0617,16.8462],[100.0626,16.8462],[100.0629,16.8479],[100.0614,16.8476],[100.0609,16.8481],[100.0612,16.8492],[100.062,16.8498],[100.062,16.8509],[100.0586,16.8511],[100.0584,16.8522],[100.0575,16.8522],[100.0578,16.8503],[100.0564,16.8498],[100.0564,16.8484],[100.0553,16.849],[100.0555,16.8501],[100.0547,16.8504],[100.0541,16.8517],[100.0508,16.8517],[100.0502,16.8512],[100.0508,16.8496],[100.0499,16.8493],[100.0496,16.8512],[100.0502,16.852],[100.0505,16.8547],[100.0471,16.8558],[100.0457,16.8558],[100.0457,16.8569]],[[100.0448,16.8507],[100.0454,16.8509],[100.0454,16.8507],[100.0448,16.8507]],[[100.0451,16.8499],[100.0454,16.8501],[100.0454,16.8499],[100.0451,16.8499]],[[100.0471,16.8501],[100.0485,16.8498],[100.0491,16.849],[100.0496,16.849],[100.0499,16.8482],[100.0493,16.8482],[100.0488,16.849],[100.0474,16.8493],[100.0471,16.8501]],[[100.0446,16.8493],[100.0448,16.8499],[100.0448,16.8493],[100.0446,16.8493]],[[100.0581,16.8495],[100.0586,16.8495],[100.0586,16.849],[100.0581,16.849],[100.0581,16.8495]],[[100.0502,16.8471],[100.0505,16.8474],[100.0505,16.8471],[100.0502,16.8471]]]}},{"type":"Feature","properties":{"kind":"seasonal","area_km2":1.316,"date":"2026-10-09"},"geometry":{"type":"Polygon","coordinates":[[[100.3945,16.0536],[100.3939,16.0526],[100.3931,16.052],[100.3931,16.0512],[100.3922,16.0507],[100.3922,16.0501],[100.3911,16.0496],[100.3905,16.0474],[100.393,16.0471],[100.3936,16.0463],[100.3955,16.0466],[100.3958,16.046],[100.3975,16.046],[100.3984,16.0468],[100.3987,16.049],[100.3998,16.0493],[100.4,16.0476],[100.4009,16.0474],[100.4009,16.0457],[100.402,16.0457],[100.4025,16.0449],[100.4045,16.0446],[100.4051,16.0438],[100.4067,16.0435],[100.407,16.0427],[100.4107,16.0427],[100.4109,16.0421],[100.4126,16.0421],[100.4126,16.0429],[100.4115,16.0429],[100.4115,16.044],[100.4107,16.044],[100.4107,16.0451],[100.4096,16.0454],[100.4096,16.0462],[100.4087,16.047],[100.4082,16.047],[100.4082,16.0476],[100.4073,16.0481],[100.4073,16.0492],[100.4065,16.0503],[100.4043,16.0498],[100.4043,16.0506],[100.4051,16.0509],[100.4048,16.0519],[100.404,16.0519],[100.4037,16.0511],[100.4029,16.0509],[100.4029,16.0525],[100.402,16.0525],[100.402,16.052],[100.4015,16.052],[100.4009,16.053],[100.3995,16.0531],[100.3995,16.0525],[100.3987,16.0525],[100.3984,16.0531],[100.3973,16.0533],[100.3964,16.0533],[100.3961,16.052],[100.3956,16.052],[100.3956,16.0536],[100.3945,16.0536]],[[100.3984,16.0512],[100.3989,16.0514],[100.3989,16.0512],[100.3984,16.0512]],[[100.4017,16.049],[100.4023,16.049],[100.4026,16.0484],[100.4014,16.0482],[100.4017,16.049]],[[100.4093,16.0451],[100.4096,16.0454],[100.4096,16.0451],[100.4093,16.0451]]]}},{"type":"Feature","properties":{"kind":"seasonal","area_km2":1.299,"date":"2026-10-09"},"geometry":{"type":"Polygon","coordinates":[[[100.2449,16.2991],[100.2446,16.2962],[100.2437,16.2962],[100.2437,16.2953],[100.2443,16.2953],[100.2443,16.2945],[100.2448,16.2945],[100.2451,16.2926],[100.2443,16.2924],[100.2437,16.2929],[100.2429,16.2929],[100.2429,16.2935],[100.242,16.2935],[100.2421,16.297],[100.2412,16.2975],[100.2401,16.2975],[100.2392,16.2965],[100.2392,16.294],[100.2384,16.294],[100.2384,16.2924],[100.237,16.2921],[100.2367,16.2927],[100.2339,16.2927],[100.233,16.2913],[100.2322,16.2913],[100.2322,16.2905],[100.2333,16.2905],[100.2336,16.2892],[100.2347,16.2886],[100.2344,16.2873],[100.2364,16.287],[100.2361,16.2881],[100.2372,16.2886],[100.237,16.2897],[100.2378,16.2908],[100.2403,16.2905],[100.2406,16.2899],[100.2428,16.2894],[100.2426,16.2872],[100.2417,16.287],[100.2417,16.2861],[100.2428,16.2861],[100.2434,16.2848],[100.2448,16.284],[100.2473,16.2839],[100.2476,16.2866],[100.2465,16.2888],[100.2476,16.2883],[100.2476,16.2869],[100.2487,16.2866],[100.2487,16.2877],[100.2496,16.2883],[100.2496,16.2896],[100.2485,16.2904],[100.2459,16.2905],[100.2459,16.291],[100.2471,16.291],[100.2474,16.2915],[100.2485,16.2913],[100.2485,16.2907],[100.2496,16.2907],[100.2496,16.2902],[100.2502,16.2902],[100.2504,16.291],[100.2502,16.2918],[100.2493,16.2918],[100.2493,16.2923],[100.2499,16.2923],[100.2499,16.2931],[100.2488,16.2931],[100.2479,16.2942],[100.2457,16.2945],[100.2457,16.2951],[100.2474,16.2951],[100.2477,16.2967],[100.2468,16.2991],[100.2449,16.2991]],[[100.2446,16.2962],[100.2451,16.2962],[100.2454,16.2953],[100.2446,16.2953],[100.2446,16.2962]],[[100.2451,16.2918],[100.2457,16.2918],[100.2457,16.291],[100.2451,16.2913],[100.2451,16.2918]],[[100.2426,16.2913],[100.2437,16.291],[100.2437,16.2905],[100.2429,16.2905],[100.2426,16.2913]],[[100.2353,16.2894],[100.2358,16.29],[100.2358,16.2894],[100.2353,16.2894]],[[100.2445,16.2891],[100.2448,16.2894],[100.2448,16.2891],[100.2445,16.2891]],[[100.235,16.2886],[100.2353,16.2889],[100.2353,16.2886],[100.235,16.2886]],[[100.2451,16.2886],[100.2457,16.2886],[100.2456,16.2875],[100.2451,16.2875],[100.2451,16.2867],[100.2445,16.2867],[100.2451,16.2886]],[[100.2456,16.2858],[100.2459,16.2864],[100.2459,16.2858],[100.2456,16.2858]],[[100.2451,16.285],[100.2456,16.2858],[100.2456,16.2848],[100.2451,16.285]]]}},{"type":"Feature","properties":{"kind":"seasonal","area_km2":1.228,"date":"2026-10-09"},"geometry":{"type":"Polygon","coordinates":[[[100.3836,16.0567],[100.3808,16.0564],[100.3802,16.0559],[100.3793,16.0543],[100.3793,16.0532],[100.3788,16.0526],[100.3788,16.0516],[100.3782,16.051],[100.3782,16.0489],[100.3787,16.0483],[100.3807,16.048],[100.3807,16.0472],[100.3801,16.0469],[100.3801,16.0456],[100.3812,16.0456],[100.3821,16.0469],[100.3835,16.0469],[100.3841,16.0475],[100.3841,16.0483],[100.3832,16.0483],[100.3835,16.0499],[100.3846,16.0499],[100.3846,16.0494],[100.3841,16.0494],[100.3841,16.0485],[100.3849,16.0483],[100.3857,16.0483],[100.3858,16.0494],[100.3863,16.0488],[100.3872,16.0488],[100.3863,16.048],[100.3863,16.0469],[100.3885,16.0469],[100.3885,16.0477],[100.3894,16.048],[100.39,16.0501],[100.3911,16.0512],[100.3911,16.0523],[100.3922,16.0542],[100.3925,16.0558],[100.3906,16.0558],[100.3906,16.0547],[100.39,16.0547],[100.3903,16.0561],[100.3897,16.0564],[100.3852,16.0567],[100.385,16.0561],[100.3841,16.0561],[100.3836,16.0567]],[[100.3821,16.0545],[100.3827,16.0553],[100.3827,16.0545],[100.3821,16.0545]],[[100.3833,16.0545],[100.3838,16.0545],[100.3838,16.054],[100.3833,16.054],[100.3833,16.0545]],[[100.3824,16.0499],[100.3827,16.0515],[100.383,16.0499],[100.3824,16.0499]],[[100.3883,16.0512],[100.3889,16.0515],[100.3889,16.0512],[100.3883,16.0512]]]}},{"type":"Feature","properties":{"kind":"seasonal","area_km2":1.224,"date":"2026-10-09"},"geometry":{"type":"Polygon","coordinates":[[[100.1262,16.8492],[100.1259,16.8486],[100.1245,16.8484],[100.1242,16.8435],[100.1217,16.8429],[100.1217,16.8435],[100.1225,16.844],[100.1228,16.8457],[100.1211,16.8457],[100.12,16.8459],[100.1194,16.8468],[100.118,16.8468],[100.1177,16.8454],[100.1189,16.8451],[100.1194,16.8443],[100.1189,16.8443],[100.1186,16.8438],[100.1186,16.8446],[100.1172,16.8446],[100.1138,16.8422],[100.1127,16.8422],[100.1127,16.8416],[100.1121,16.8422],[100.1115,16.8414],[100.1115,16.84],[100.1135,16.8397],[100.1157,16.8405],[100.116,16.8411],[100.1177,16.8411],[100.1186,16.8403],[100.1186,16.8394],[100.1197,16.8392],[100.1214,16.84],[100.1219,16.8408],[100.1236,16.8405],[100.1239,16.841],[100.1253,16.8413],[100.1259,16.8408],[100.1259,16.8386],[100.1264,16.8386],[100.127,16.8372],[100.1278,16.8372],[100.1278,16.8383],[100.1267,16.8389],[100.1267,16.8405],[100.1276,16.841],[100.1293,16.8407],[100.1293,16.8418],[100.1281,16.8429],[100.1287,16.8432],[100.1293,16.8426],[100.1301,16.8426],[100.1304,16.8421],[100.1312,16.8421],[100.1321,16.8423],[100.1321,16.8434],[100.1329,16.8434],[100.1329,16.8442],[100.1324,16.8448],[100.1324,16.8464],[100.131,16.8467],[100.1313,16.8478],[100.1301,16.8478],[100.1285,16.847],[100.1279,16.8489],[100.1262,16.8492]],[[100.1265,16.8473],[100.1268,16.8475],[100.1268,16.8473],[100.1265,16.8473]],[[100.118,16.8435],[100.1186,16.8424],[100.1183,16.8416],[100.1177,16.8419],[100.118,16.8435]],[[100.1211,16.8432],[100.1214,16.8435],[100.1214,16.8432],[100.1211,16.8432]],[[100.1208,16.8432],[100.1214,16.8429],[100.1214,16.8424],[100.1208,16.8427],[100.1208,16.8432]],[[100.1166,16.8424],[100.1169,16.8427],[100.1169,16.8424],[100.1166,16.8424]],[[100.1127,16.8406],[100.1132,16.8408],[100.1132,16.8406],[100.1127,16.8406]]]}},{"type":"Feature","properties":{"kind":"seasonal","area_km2":1.169,"date":"2026-10-09"},"geometry":{"type":"Polygon","coordinates":[[[100.3932,16.0696],[100.3929,16.0688],[100.3921,16.0683],[100.3918,16.0669],[100.3906,16.0664],[100.3906,16.065],[100.3895,16.0651],[100.3884,16.064],[100.3884,16.0632],[100.3875,16.0632],[100.387,16.0621],[100.3864,16.0621],[100.3864,16.0615],[100.3847,16.0599],[100.3841,16.0599],[100.3822,16.0583],[100.3822,16.0575],[100.383,16.0575],[100.3833,16.057],[100.3867,16.0575],[100.3869,16.0569],[100.3903,16.0569],[100.3909,16.0564],[100.3925,16.0564],[100.3934,16.0572],[100.3934,16.058],[100.3948,16.0601],[100.3957,16.0628],[100.3962,16.0631],[100.3968,16.0655],[100.3979,16.0666],[100.3979,16.0674],[100.3971,16.0674],[100.3971,16.0685],[100.3957,16.0688],[100.3954,16.0694],[100.3932,16.0696]],[[100.3929,16.0675],[100.3935,16.0675],[100.3934,16.0669],[100.3929,16.0669],[100.3929,16.0675]],[[100.3951,16.0669],[100.3957,16.0669],[100.3957,16.0664],[100.3951,16.0664],[100.3951,16.0669]],[[100.3946,16.0653],[100.3951,16.0656],[100.3951,16.0653],[100.3946,16.0653]],[[100.3906,16.0648],[100.3909,16.065],[100.3909,16.0648],[100.3906,16.0648]],[[100.3889,16.0626],[100.3895,16.0626],[100.3895,16.0621],[100.3889,16.0621],[100.3889,16.0626]],[[100.3912,16.0612],[100.3917,16.0621],[100.3917,16.0612],[100.3912,16.0612]],[[100.3867,16.058],[100.3872,16.0586],[100.3872,16.058],[100.3867,16.058]],[[100.3909,16.0566],[100.3911,16.0569],[100.3911,16.0566],[100.3909,16.0566]]]}},{"type":"Feature","properties":{"kind":"seasonal","area_km2":1.147,"date":"2026-10-09"},"geometry":{"type":"Polygon","coordinates":[[[100.2399,16.3133],[100.2396,16.3127],[100.2385,16.3127],[100.2385,16.3116],[100.2377,16.3114],[100.2376,16.3106],[100.2388,16.3106],[100.2388,16.3095],[100.2402,16.3092],[100.2402,16.3087],[100.2396,16.3084],[100.2396,16.3073],[100.2401,16.3068],[100.2416,16.3067],[100.2421,16.3073],[100.2421,16.3081],[100.2449,16.3081],[100.2441,16.3078],[100.2435,16.307],[100.2424,16.307],[100.2424,16.3062],[100.2435,16.3062],[100.2435,16.3051],[100.2452,16.3043],[100.2454,16.3013],[100.2469,16.3016],[100.2466,16.3005],[100.2471,16.3005],[100.2471,16.2994],[100.248,16.2994],[100.248,16.3005],[100.2497,16.3007],[100.2511,16.3026],[100.2508,16.3043],[100.25,16.3051],[100.2505,16.3051],[100.2511,16.3042],[100.2525,16.304],[100.2522,16.3026],[100.2533,16.3029],[100.2536,16.3021],[100.255,16.3021],[100.2547,16.3012],[100.2519,16.3007],[100.2516,16.2996],[100.2508,16.2999],[100.2508,16.3005],[100.2499,16.3005],[100.2485,16.3002],[100.2485,16.2991],[100.2477,16.2991],[100.248,16.2983],[100.2505,16.2991],[100.2508,16.2975],[100.2519,16.2972],[100.2533,16.2958],[100.2547,16.2958],[100.2547,16.2977],[100.2541,16.298],[100.2539,16.2991],[100.2553,16.2999],[100.257,16.2996],[100.257,16.302],[100.2558,16.3023],[100.2556,16.3029],[100.2547,16.3029],[100.2542,16.3034],[100.2542,16.3042],[100.2533,16.3045],[100.2519,16.3064],[100.2514,16.3064],[100.2514,16.3059],[100.2483,16.3056],[100.2477,16.3051],[100.2474,16.3059],[100.2483,16.3059],[100.248,16.3075],[100.2475,16.3081],[100.2458,16.3078],[100.2463,16.3081],[100.2463,16.3089],[100.2447,16.3094],[100.2447,16.3108],[100.2438,16.3116],[100.2424,16.3114],[100.2427,16.3103],[100.2421,16.3097],[100.2421,16.3084],[100.2413,16.3084],[100.241,16.3116],[100.2421,16.3116],[100.2422,16.3124],[100.2416,16.3124],[100.241,16.3133],[100.2399,16.3133]],[[100.2458,16.3046],[100.246,16.3048],[100.246,16.3046],[100.2458,16.3046]],[[100.2491,16.3032],[100.2497,16.3034],[100.2497,16.3032],[100.2491,16.3032]]]}},{"type":"Feature","properties":{"kind":"seasonal","area_km2":1.134,"date":"2026-10-09"},"geometry":{"type":"Polygon","coordinates":[[[100.2546,16.3728],[100.2532,16.3704],[100.2521,16.3701],[100.2521,16.3696],[100.2498,16.3685],[100.2487,16.3674],[100.2487,16.3669],[100.2476,16.3669],[100.2475,16.3653],[100.2503,16.3639],[100.2503,16.3631],[100.2509,16.3625],[100.2509,16.3604],[100.252,16.3587],[100.2531,16.3587],[100.2537,16.3612],[100.2554,16.3609],[100.2551,16.3598],[100.2554,16.359],[100.2559,16.359],[100.2559,16.3582],[100.2568,16.3582],[100.2571,16.3593],[100.257,16.3582],[100.2579,16.3584],[100.259,16.3582],[100.2593,16.3576],[100.2601,16.3576],[100.2601,16.3587],[100.2596,16.3587],[100.2601,16.359],[100.2601,16.3598],[100.259,16.3598],[100.2587,16.3603],[100.2582,16.3603],[100.2573,16.3614],[100.2574,16.3628],[100.2562,16.3631],[100.2562,16.3636],[100.2574,16.3636],[100.2574,16.3647],[100.2585,16.3647],[100.2585,16.366],[100.2568,16.3663],[100.2563,16.3669],[100.2563,16.3677],[100.2557,16.3677],[100.2565,16.3685],[100.2596,16.3685],[100.2599,16.3698],[100.2591,16.3698],[100.2591,16.3709],[100.2577,16.3709],[100.2574,16.3704],[100.2574,16.3709],[100.2566,16.3712],[100.256,16.3728],[100.2546,16.3728]],[[100.2577,16.3701],[100.2582,16.3701],[100.2585,16.3693],[100.258,16.3693],[100.2577,16.3701]],[[100.2551,16.369],[100.2554,16.3693],[100.2554,16.369],[100.2551,16.369]],[[100.2506,16.3672],[100.2515,16.3672],[100.2518,16.3663],[100.2504,16.3663],[100.2506,16.3672]],[[100.2523,16.3669],[100.2529,16.3671],[100.2529,16.3669],[100.2523,16.3669]],[[100.2489,16.3661],[100.2492,16.3664],[100.2492,16.3661],[100.2489,16.3661]],[[100.2565,16.3639],[100.2568,16.3644],[100.2571,16.3639],[100.2565,16.3639]],[[100.2531,16.3612],[100.2534,16.3614],[100.2534,16.3612],[100.2531,16.3612]]]}},{"type":"Feature","properties":{"kind":"seasonal","area_km2":1.134,"date":"2026-10-09"},"geometry":{"type":"Polygon","coordinates":[[[100.4137,16.1544],[100.4112,16.1541],[100.4112,16.1522],[100.4128,16.1522],[100.4131,16.1533],[100.4137,16.1533],[100.4131,16.1506],[100.4125,16.1503],[100.4126,16.1517],[100.4117,16.1517],[100.4117,16.1503],[100.4111,16.15],[100.4111,16.1492],[100.4103,16.1501],[100.4092,16.1501],[100.4089,16.1484],[100.4097,16.1482],[100.4086,16.1482],[100.4086,16.1465],[100.4092,16.1463],[100.4089,16.1457],[100.4075,16.1457],[100.4075,16.1465],[100.4035,16.146],[100.4035,16.1452],[100.4041,16.1452],[100.4041,16.1447],[100.4035,16.1444],[100.4038,16.142],[100.4052,16.142],[100.4052,16.1436],[100.4058,16.1436],[100.406,16.1419],[100.4055,16.1417],[100.4055,16.1409],[100.4066,16.1409],[100.4071,16.1403],[100.4071,16.1395],[100.406,16.1392],[100.406,16.1382],[100.4094,16.1376],[100.4099,16.1384],[100.4097,16.1398],[100.4108,16.1397],[100.4116,16.1389],[100.4125,16.1389],[100.4125,16.1395],[100.4136,16.14],[100.4136,16.1419],[100.413,16.1422],[100.4145,16.1424],[100.4139,16.1446],[100.415,16.146],[100.4151,16.1476],[100.4139,16.1479],[100.4139,16.1484],[100.4134,16.1487],[100.4137,16.1492],[100.4153,16.1489],[100.4159,16.1535],[100.4148,16.1533],[100.414,16.1536],[100.4137,16.1544]],[[100.412,16.1495],[100.4125,16.1495],[100.4125,16.1487],[100.4123,16.1487],[100.412,16.1495]],[[100.4117,16.1481],[100.4123,16.1484],[100.4122,16.1481],[100.4117,16.1481]],[[100.4122,16.1465],[100.4134,16.146],[100.4131,16.1443],[100.4122,16.1443],[100.4119,16.1449],[100.4122,16.1465]],[[100.4049,16.1447],[100.4055,16.1455],[100.4058,16.1444],[100.4049,16.1447]],[[100.408,16.1446],[100.4089,16.1446],[100.4089,16.1436],[100.41,16.1414],[100.4094,16.1414],[100.4091,16.1419],[100.4074,16.1419],[100.408,16.1446]],[[100.41,16.1441],[100.4103,16.1446],[100.4103,16.1441],[100.41,16.1441]],[[100.4116,16.1403],[100.4119,16.1408],[100.4119,16.1403],[100.4116,16.1403]],[[100.4091,16.1406],[100.4097,16.1406],[100.4097,16.14],[100.4091,16.14],[100.4091,16.1406]]]}},{"type":"Feature","properties":{"kind":"seasonal","area_km2":1.132,"date":"2026-10-09"},"geometry":{"type":"Polygon","coordinates":[[[100.0951,16.8184],[100.0942,16.8179],[100.0945,16.8157],[100.0934,16.8152],[100.0934,16.8144],[100.0956,16.8141],[100.0962,16.8135],[100.0959,16.8124],[100.0973,16.8127],[100.0978,16.8119],[100.095,16.8106],[100.0945,16.8106],[100.095,16.8114],[100.0933,16.8114],[100.0933,16.8106],[100.0922,16.8103],[100.0922,16.8095],[100.0933,16.8095],[100.0939,16.8089],[100.0939,16.8076],[100.0944,16.8073],[100.0953,16.8054],[100.095,16.8043],[100.0961,16.8043],[100.0967,16.8051],[100.0978,16.8057],[100.0975,16.8073],[100.0981,16.8073],[100.0981,16.8084],[100.0959,16.8081],[100.0956,16.8095],[100.0973,16.8097],[100.0973,16.8092],[100.0984,16.8092],[100.0995,16.8103],[100.0995,16.8116],[100.0981,16.8127],[100.0981,16.8135],[100.0973,16.8143],[100.0973,16.8154],[100.0981,16.8154],[100.0987,16.8132],[100.1007,16.8111],[100.1006,16.8103],[100.099,16.8094],[100.0989,16.8059],[100.0995,16.8059],[100.0998,16.8054],[100.102,16.8054],[100.1026,16.8059],[100.1026,16.8067],[100.102,16.8073],[100.1034,16.8073],[100.1035,16.8081],[100.104,16.8086],[100.104,16.8097],[100.1021,16.81],[100.1043,16.8102],[100.1046,16.8113],[100.1054,16.8119],[100.1055,16.8159],[100.1043,16.8162],[100.1043,16.8151],[100.101,16.8151],[100.0998,16.8157],[100.0998,16.8176],[100.0987,16.8176],[100.0984,16.8181],[100.0973,16.8181],[100.0973,16.8162],[100.0956,16.8162],[100.0962,16.8165],[100.0962,16.8184],[100.0951,16.8184]],[[100.1023,16.8113],[100.1029,16.8116],[100.1029,16.8113],[100.1023,16.8113]],[[100.0936,16.8106],[100.0942,16.8108],[100.0942,16.8106],[100.0936,16.8106]],[[100.0992,16.8067],[100.0995,16.8073],[100.0995,16.8067],[100.0992,16.8067]]]}},{"type":"Feature","properties":{"kind":"seasonal","area_km2":1.104,"date":"2026-10-09"},"geometry":{"type":"Polygon","coordinates":[[[100.1971,16.4271],[100.1968,16.4266],[100.1943,16.4258],[100.1931,16.4247],[100.1926,16.4247],[100.1931,16.4231],[100.1926,16.4231],[100.192,16.4242],[100.1909,16.4242],[100.1906,16.4236],[100.1898,16.4236],[100.1889,16.4228],[100.1875,16.4226],[100.1869,16.422],[100.1869,16.4209],[100.1875,16.4209],[100.1878,16.419],[100.1889,16.418],[100.1897,16.4179],[100.1897,16.419],[100.1903,16.419],[100.1906,16.4179],[100.1914,16.4179],[100.1934,16.419],[100.1934,16.4201],[100.1954,16.4198],[100.1962,16.4209],[100.1973,16.4209],[100.1973,16.4214],[100.1979,16.4214],[100.1982,16.4201],[100.1996,16.4195],[100.1998,16.419],[100.1998,16.4171],[100.2015,16.4171],[100.2015,16.4187],[100.2024,16.4176],[100.2049,16.4173],[100.2046,16.4184],[100.2032,16.4187],[100.2038,16.4195],[100.2043,16.4195],[100.2043,16.4203],[100.2035,16.4206],[100.2035,16.4211],[100.2041,16.4211],[100.2044,16.4219],[100.2032,16.423],[100.2038,16.4257],[100.2027,16.4257],[100.2027,16.4252],[100.2033,16.4249],[100.2024,16.4249],[100.2024,16.4257],[100.2016,16.4249],[100.2016,16.4257],[100.1999,16.426],[100.1999,16.4255],[100.1993,16.4255],[100.199,16.4266],[100.1985,16.4266],[100.1982,16.4271],[100.1971,16.4271]],[[100.1976,16.4252],[100.1982,16.4252],[100.1982,16.4241],[100.1987,16.4239],[100.1987,16.4233],[100.1976,16.4228],[100.1954,16.4233],[100.1954,16.4223],[100.1948,16.4223],[100.1945,16.4239],[100.1962,16.4236],[100.1962,16.4241],[100.1971,16.4241],[100.1976,16.4252]],[[100.2021,16.4247],[100.2024,16.4249],[100.2024,16.4247],[100.2021,16.4247]],[[100.1996,16.4241],[100.1999,16.4244],[100.1999,16.4241],[100.1996,16.4241]],[[100.2016,16.4244],[100.2021,16.4241],[100.2013,16.4238],[100.2004,16.4228],[100.2007,16.4238],[100.2016,16.4244]],[[100.1914,16.4228],[100.192,16.4228],[100.192,16.4223],[100.1914,16.4223],[100.1914,16.4228]],[[100.1875,16.4218],[100.1878,16.4223],[100.1881,16.4218],[100.1875,16.4218]],[[100.1872,16.4215],[100.1875,16.4218],[100.1875,16.4215],[100.1872,16.4215]],[[100.1903,16.4212],[100.1914,16.4206],[100.1909,16.4198],[100.1895,16.4201],[100.1895,16.4207],[100.1903,16.4212]],[[100.192,16.4212],[100.1926,16.4212],[100.1925,16.4206],[100.192,16.4206],[100.192,16.4212]]]}},{"type":"Feature","properties":{"kind":"seasonal","area_km2":1.099,"date":"2026-10-09"},"geometry":{"type":"Polygon","coordinates":[[[100.4098,16.4274],[100.4092,16.4266],[100.4081,16.4266],[100.4081,16.4258],[100.4092,16.425],[100.4061,16.425],[100.4055,16.4245],[100.4058,16.4228],[100.4066,16.4228],[100.4066,16.4234],[100.408,16.4236],[100.4083,16.4228],[100.4072,16.4231],[100.4066,16.422],[100.4049,16.4226],[100.4041,16.4218],[100.4038,16.4223],[100.403,16.4223],[100.4024,16.421],[100.4013,16.4204],[100.4018,16.4183],[100.4032,16.4185],[100.4032,16.418],[100.4001,16.418],[100.3998,16.4169],[100.3982,16.4175],[100.3982,16.4167],[100.3973,16.4167],[100.3976,16.4156],[100.3984,16.4156],[100.3987,16.4164],[100.3993,16.4164],[100.3995,16.4139],[100.4007,16.4142],[100.4007,16.4126],[100.3998,16.4134],[100.399,16.4134],[100.399,16.4123],[100.3981,16.4118],[100.3978,16.4107],[100.3973,16.4107],[100.3973,16.4091],[100.4009,16.4096],[100.4015,16.4145],[100.4032,16.4147],[100.4041,16.4158],[100.4049,16.4158],[100.4055,16.4153],[100.4049,16.4136],[100.4077,16.4139],[100.408,16.4123],[100.4088,16.412],[100.4088,16.4163],[100.408,16.4161],[100.4077,16.415],[100.4071,16.4152],[100.4071,16.4144],[100.4069,16.4158],[100.4074,16.4161],[100.4074,16.418],[100.4088,16.4182],[100.4108,16.4206],[100.4108,16.4223],[100.4089,16.4226],[100.41,16.4231],[100.41,16.4247],[100.4095,16.425],[100.4103,16.425],[100.4103,16.4239],[100.4109,16.4242],[100.4117,16.4231],[100.4125,16.4231],[100.4125,16.425],[100.4106,16.425],[100.4111,16.4253],[100.4112,16.4266],[100.4109,16.4274],[100.4098,16.4274]],[[100.4052,16.4212],[100.408,16.4207],[100.4072,16.4196],[100.4072,16.418],[100.4066,16.418],[100.4066,16.4188],[100.406,16.4193],[100.4038,16.4188],[100.4041,16.4196],[100.4052,16.4196],[100.4052,16.4212]],[[100.4058,16.4174],[100.406,16.418],[100.406,16.4174],[100.4058,16.4174]],[[100.4004,16.4166],[100.4015,16.4166],[100.4018,16.4161],[100.4024,16.4161],[100.4024,16.4155],[100.4004,16.4156],[100.4004,16.4166]]]}},{"type":"Feature","properties":{"kind":"seasonal","area_km2":1.056,"date":"2026-10-09"},"geometry":{"type":"Polygon","coordinates":[[[100.1787,16.4462],[100.1784,16.4443],[100.1767,16.4443],[100.1764,16.443],[100.1753,16.443],[100.1747,16.4414],[100.1755,16.4405],[100.1772,16.4411],[100.1769,16.4384],[100.1783,16.4381],[100.1783,16.4364],[100.1797,16.4359],[100.1797,16.4351],[100.1814,16.4329],[100.1814,16.4321],[100.1847,16.4296],[100.1844,16.428],[100.185,16.4272],[100.1856,16.4272],[100.1856,16.428],[100.1864,16.4288],[100.1878,16.4285],[100.1884,16.4291],[100.1884,16.4296],[100.189,16.4299],[100.1887,16.431],[100.1892,16.4312],[100.1892,16.4326],[100.1876,16.4337],[100.1879,16.4348],[100.187,16.435],[100.187,16.4356],[100.1879,16.4359],[100.1876,16.4372],[100.1862,16.4372],[100.1862,16.438],[100.1868,16.4383],[100.1865,16.4402],[100.1856,16.4402],[100.1851,16.4397],[100.1851,16.4386],[100.1856,16.4378],[100.182,16.4378],[100.182,16.4383],[100.1814,16.4383],[100.1811,16.4391],[100.182,16.4402],[100.1814,16.4424],[100.1795,16.4424],[100.1795,16.4419],[100.1775,16.4411],[100.1775,16.4421],[100.1786,16.4424],[100.1786,16.4432],[100.1798,16.4435],[100.1795,16.4459],[100.1787,16.4462]],[[100.1781,16.4402],[100.1803,16.4397],[100.1806,16.4389],[100.1792,16.4383],[100.1792,16.4392],[100.1783,16.4392],[100.1781,16.4402]],[[100.1814,16.4378],[100.182,16.4378],[100.182,16.4372],[100.1814,16.4372],[100.1814,16.4378]],[[100.1851,16.4372],[100.1853,16.4375],[100.1853,16.4372],[100.1851,16.4372]],[[100.1808,16.4372],[100.1814,16.4372],[100.1814,16.4362],[100.1806,16.4367],[100.1808,16.4372]],[[100.1853,16.437],[100.1856,16.4372],[100.1856,16.437],[100.1853,16.437]],[[100.1828,16.4362],[100.1831,16.4364],[100.1831,16.4362],[100.1828,16.4362]],[[100.1825,16.4359],[100.1828,16.4362],[100.1828,16.4359],[100.1825,16.4359]],[[100.1848,16.4351],[100.1859,16.4337],[100.1856,16.4329],[100.1825,16.4334],[100.1828,16.4343],[100.1845,16.4342],[100.1848,16.4351]],[[100.1867,16.4326],[100.1873,16.4326],[100.187,16.4315],[100.1862,16.4318],[100.1867,16.4326]]]}},{"type":"Feature","properties":{"kind":"seasonal","area_km2":0.999,"date":"2026-10-09"},"geometry":{"type":"Polygon","coordinates":[[[100.3615,16.4766],[100.3598,16.476],[100.3578,16.4758],[100.3578,16.475],[100.359,16.4747],[100.3592,16.4741],[100.362,16.4741],[100.3615,16.4728],[100.3615,16.4706],[100.3609,16.4706],[100.3609,16.4722],[100.3595,16.4722],[100.3598,16.4706],[100.3589,16.4706],[100.3592,16.4711],[100.3586,16.4711],[100.3584,16.4722],[100.3587,16.4736],[100.3581,16.4741],[100.357,16.4741],[100.3573,16.4725],[100.3567,16.472],[100.355,16.4725],[100.3547,16.4733],[100.353,16.4731],[100.353,16.4712],[100.3522,16.4715],[100.3519,16.4723],[100.3505,16.472],[100.3505,16.4712],[100.3519,16.4712],[100.3516,16.4674],[100.3527,16.4674],[100.3524,16.4666],[100.351,16.4663],[100.3513,16.4641],[100.3533,16.4639],[100.3533,16.4655],[100.3544,16.4655],[100.3552,16.4666],[100.3558,16.4666],[100.3555,16.4652],[100.3572,16.4655],[100.3572,16.466],[100.3589,16.4682],[100.3595,16.4682],[100.3595,16.4676],[100.36,16.4673],[100.3609,16.4673],[100.3615,16.47],[100.3623,16.47],[100.364,16.4717],[100.364,16.4722],[100.3654,16.4725],[100.366,16.473],[100.3671,16.473],[100.3665,16.4746],[100.3643,16.4738],[100.3637,16.4741],[100.3635,16.4763],[100.3615,16.476],[100.3615,16.4766]],[[100.3558,16.4712],[100.3567,16.4712],[100.357,16.4706],[100.3561,16.4704],[100.3558,16.4712]],[[100.3561,16.4687],[100.3564,16.4693],[100.3564,16.4687],[100.3561,16.4687]],[[100.3564,16.4679],[100.3567,16.4671],[100.3558,16.4668],[100.3558,16.4674],[100.3564,16.4679]]]}},{"type":"Feature","properties":{"kind":"seasonal","area_km2":0.994,"date":"2026-10-09"},"geometry":{"type":"Polygon","coordinates":[[[100.2566,16.3302],[100.2549,16.33],[100.2552,16.3284],[100.2529,16.3286],[100.2521,16.3257],[100.2529,16.3246],[100.2537,16.3246],[100.254,16.3238],[100.2557,16.3243],[100.256,16.3235],[100.2577,16.3235],[100.2577,16.3213],[100.2571,16.3208],[100.256,16.3208],[100.2551,16.3219],[100.2563,16.3221],[100.2563,16.3229],[100.2557,16.3229],[100.2554,16.3235],[100.2543,16.3235],[100.2537,16.3229],[100.252,16.3232],[100.2515,16.323],[100.2515,16.3221],[100.2526,16.3219],[100.2526,16.3213],[100.2534,16.321],[100.2534,16.3202],[100.2523,16.3194],[100.252,16.32],[100.2512,16.32],[100.2509,16.3192],[100.2503,16.3192],[100.2503,16.3197],[100.2487,16.3197],[100.2486,16.3189],[100.2481,16.3189],[100.2481,16.3181],[100.2486,16.3176],[100.2506,16.3173],[100.2509,16.3154],[100.2534,16.3154],[100.2534,16.3148],[100.2528,16.3148],[100.2528,16.3137],[100.2539,16.3129],[100.2551,16.3129],[100.2554,16.3134],[100.2554,16.3145],[100.2551,16.3151],[100.2545,16.3151],[100.2548,16.3181],[100.2568,16.318],[100.2571,16.3194],[100.2582,16.3197],[100.2579,16.321],[100.2585,16.3213],[100.2588,16.3224],[100.261,16.3243],[100.261,16.3251],[100.2599,16.3251],[100.2596,16.3259],[100.2582,16.3262],[100.2583,16.3292],[100.2569,16.3294],[100.2566,16.3302]],[[100.2557,16.3273],[100.256,16.3275],[100.256,16.3273],[100.2557,16.3273]],[[100.2535,16.3254],[100.2537,16.3257],[100.2537,16.3254],[100.2535,16.3254]],[[100.2509,16.3184],[100.2515,16.3181],[100.2514,16.3175],[100.2509,16.3175],[100.2509,16.3184]]]}},{"type":"Feature","properties":{"kind":"seasonal","area_km2":0.954,"date":"2026-10-09"},"geometry":{"type":"Polygon","coordinates":[[[100.0826,16.9473],[100.082,16.9443],[100.0845,16.9437],[100.0834,16.9435],[100.0831,16.9424],[100.0823,16.9424],[100.082,16.9405],[100.08,16.9405],[100.0794,16.9394],[100.0794,16.9386],[100.08,16.9383],[100.0797,16.937],[100.0791,16.937],[100.0789,16.9386],[100.0769,16.9392],[100.0758,16.9389],[100.0752,16.94],[100.0744,16.94],[100.0743,16.9376],[100.0755,16.9367],[100.0757,16.9359],[100.0833,16.9359],[100.0828,16.9351],[100.0817,16.9356],[100.0817,16.9345],[100.0822,16.934],[100.0833,16.934],[100.0839,16.9345],[100.0842,16.9359],[100.085,16.9361],[100.085,16.9337],[100.0861,16.9329],[100.087,16.9329],[100.0873,16.9348],[100.0881,16.9353],[100.0893,16.9353],[100.0895,16.9364],[100.0887,16.9369],[100.0856,16.9372],[100.0859,16.9386],[100.0865,16.9386],[100.0865,16.9394],[100.0859,16.9394],[100.0859,16.9402],[100.0848,16.9402],[100.0848,16.941],[100.0854,16.944],[100.0871,16.944],[100.087,16.9416],[100.0882,16.9416],[100.0885,16.944],[100.0879,16.9445],[100.0879,16.9456],[100.0845,16.9456],[100.0845,16.9462],[100.0857,16.9459],[100.0857,16.947],[100.0837,16.9467],[100.0834,16.9473],[100.0826,16.9473]],[[100.0857,16.9443],[100.0859,16.9445],[100.0859,16.9443],[100.0857,16.9443]],[[100.0831,16.9421],[100.0834,16.941],[100.0839,16.941],[100.0842,16.9405],[100.0831,16.9405],[100.0831,16.9421]],[[100.0814,16.9389],[100.082,16.9389],[100.082,16.9381],[100.0811,16.9381],[100.0814,16.9389]],[[100.0853,16.937],[100.0856,16.9372],[100.0856,16.937],[100.0853,16.937]]]}},{"type":"Feature","properties":{"kind":"seasonal","area_km2":0.926,"date":"2026-10-09"},"geometry":{"type":"Polygon","coordinates":[[[100.1199,16.9281],[100.1182,16.9273],[100.1182,16.9257],[100.1193,16.9251],[100.1193,16.9243],[100.1207,16.9243],[100.1196,16.9232],[100.1188,16.924],[100.1174,16.924],[100.1174,16.9246],[100.1165,16.9251],[100.1165,16.9259],[100.1134,16.9257],[100.1134,16.9243],[100.1145,16.9243],[100.1143,16.9222],[100.1148,16.9197],[100.1156,16.9192],[100.1156,16.9181],[100.1176,16.9181],[100.1176,16.9175],[100.1185,16.9175],[100.1185,16.9181],[100.1193,16.9178],[100.1193,16.9162],[100.1182,16.9159],[100.1182,16.9145],[100.1193,16.9137],[100.1198,16.9121],[100.1215,16.9121],[100.1215,16.9102],[100.1235,16.9102],[100.124,16.9107],[100.1241,16.9132],[100.1235,16.9132],[100.1235,16.9142],[100.1218,16.9148],[100.1213,16.9156],[100.121,16.9178],[100.1216,16.9183],[100.1216,16.9191],[100.1202,16.92],[100.1202,16.9208],[100.1196,16.9213],[100.1188,16.9213],[100.1188,16.9208],[100.1176,16.9213],[100.1176,16.9219],[100.1204,16.9216],[100.1221,16.9232],[100.1225,16.9281],[100.1199,16.9281]],[[100.1157,16.9203],[100.1159,16.9205],[100.1159,16.9203],[100.1157,16.9203]],[[100.1187,16.9189],[100.119,16.9192],[100.119,16.9189],[100.1187,16.9189]],[[100.1227,16.9132],[100.1232,16.9132],[100.1232,16.9126],[100.1218,16.9121],[100.1227,16.9132]]]}},{"type":"Feature","properties":{"kind":"seasonal","area_km2":0.904,"date":"2026-10-09"},"geometry":{"type":"Polygon","coordinates":[[[100.3658,16.807],[100.3655,16.8065],[100.3644,16.8062],[100.3644,16.8054],[100.3635,16.8046],[100.3635,16.8041],[100.361,16.8033],[100.361,16.8],[100.3587,16.7984],[100.3565,16.7984],[100.3564,16.7976],[100.3567,16.7971],[100.3573,16.7971],[100.3573,16.7965],[100.3578,16.7965],[100.3587,16.7957],[100.3643,16.7959],[100.3649,16.7946],[100.3643,16.7927],[100.3643,16.7897],[100.3665,16.7894],[100.3666,16.807],[100.3658,16.807]]]}},{"type":"Feature","properties":{"kind":"seasonal","area_km2":0.846,"date":"2026-10-09"},"geometry":{"type":"Polygon","coordinates":[[[100.6342,16.2897],[100.6345,16.2892],[100.6308,16.2895],[100.63,16.2884],[100.63,16.2878],[100.6308,16.2878],[100.6308,16.2873],[100.6302,16.2868],[100.6294,16.2868],[100.6294,16.283],[100.6288,16.2816],[100.6288,16.2805],[100.6296,16.2797],[100.631,16.28],[100.6313,16.2811],[100.6313,16.2802],[100.6324,16.2802],[100.6336,16.281],[100.6341,16.2808],[100.6352,16.2813],[100.6369,16.2813],[100.6369,16.2821],[100.6381,16.2824],[100.6398,16.284],[100.6403,16.284],[100.6392,16.2856],[100.6392,16.2864],[100.6381,16.2867],[100.6378,16.2872],[100.6367,16.2872],[100.635,16.2851],[100.6341,16.2851],[100.6339,16.2856],[100.6344,16.2859],[100.6344,16.2865],[100.635,16.2864],[100.6356,16.2873],[100.6367,16.2878],[100.6367,16.2894],[100.6364,16.2894],[100.6364,16.2897],[100.6342,16.2897]],[[100.635,16.2892],[100.6364,16.2894],[100.6364,16.2891],[100.635,16.2892]],[[100.6325,16.2889],[100.6336,16.2892],[100.6336,16.2889],[100.6325,16.2889]],[[100.6319,16.2889],[100.6325,16.2889],[100.6325,16.2886],[100.6319,16.2884],[100.6319,16.2889]],[[100.6308,16.2884],[100.6314,16.2886],[100.6314,16.2884],[100.6308,16.2884]],[[100.6296,16.2832],[100.6299,16.2835],[100.6299,16.2832],[100.6296,16.2832]],[[100.6296,16.2824],[100.6299,16.2827],[100.6299,16.2824],[100.6296,16.2824]],[[100.6293,16.2816],[100.6296,16.2819],[100.6296,16.2816],[100.6293,16.2816]],[[100.6333,16.2816],[100.6338,16.2816],[100.6338,16.2813],[100.6333,16.281],[100.6333,16.2816]],[[100.6293,16.2808],[100.6305,16.2805],[100.6305,16.2802],[100.6293,16.2803],[100.6293,16.2808]]]}},{"type":"Feature","properties":{"kind":"seasonal","area_km2":0.843,"date":"2026-10-09"},"geometry":{"type":"Polygon","coordinates":[[[100.012,16.8663],[100.0114,16.8658],[100.0114,16.8647],[100.0128,16.8644],[100.0123,16.863],[100.0106,16.8625],[100.0106,16.8641],[100.0092,16.8641],[100.0094,16.8614],[100.0103,16.8611],[100.012,16.8595],[100.0117,16.8568],[100.0125,16.8568],[100.0125,16.8573],[100.0142,16.8571],[100.0142,16.8579],[100.0148,16.8579],[100.0147,16.8554],[100.0156,16.8554],[100.0153,16.8533],[100.0161,16.8533],[100.0161,16.8541],[100.0187,16.8541],[100.019,16.8554],[100.0198,16.856],[100.0198,16.857],[100.0207,16.8578],[100.021,16.8597],[100.0198,16.8597],[100.0196,16.8592],[100.019,16.8592],[100.0184,16.86],[100.0176,16.8603],[100.0182,16.8608],[100.0207,16.86],[100.021,16.8622],[100.0201,16.863],[100.0196,16.863],[100.0193,16.8638],[100.0182,16.8638],[100.0176,16.8636],[100.0176,16.8619],[100.017,16.8608],[100.0142,16.8609],[100.0136,16.86],[100.0136,16.859],[100.0131,16.859],[100.0137,16.8622],[100.0145,16.8625],[100.0145,16.8619],[100.0153,16.8619],[100.0156,16.8625],[100.0168,16.8625],[100.017,16.8641],[100.0131,16.8644],[100.0131,16.8663],[100.012,16.8663]],[[100.0148,16.8595],[100.0153,16.8595],[100.0153,16.859],[100.0148,16.859],[100.0148,16.8595]],[[100.0156,16.859],[100.0176,16.8592],[100.0176,16.8587],[100.0165,16.8587],[100.0164,16.8576],[100.0159,16.8576],[100.0156,16.859]],[[100.0164,16.8573],[100.0173,16.8573],[100.017,16.8565],[100.0164,16.8565],[100.0164,16.8573]],[[100.0153,16.856],[100.0156,16.8562],[100.0156,16.856],[100.0153,16.856]]]}},{"type":"Feature","properties":{"kind":"seasonal","area_km2":0.817,"date":"2026-10-09"},"geometry":{"type":"Polygon","coordinates":[[[100.3897,16.0466],[100.3894,16.045],[100.3888,16.045],[100.3888,16.0428],[100.3877,16.042],[100.3877,16.0409],[100.3885,16.0404],[100.3888,16.0393],[100.3865,16.0396],[100.3865,16.0385],[100.3876,16.0385],[100.3882,16.0379],[100.3876,16.0371],[100.3865,16.0371],[100.3865,16.0355],[100.3879,16.0352],[100.3882,16.0363],[100.3887,16.0363],[100.389,16.0371],[100.3896,16.0371],[100.3896,16.0366],[100.391,16.0368],[100.3915,16.0358],[100.3913,16.0336],[100.3921,16.0325],[100.3921,16.0306],[100.3938,16.03],[100.3938,16.0325],[100.3927,16.0333],[100.3932,16.0368],[100.3913,16.0371],[100.3913,16.0377],[100.3927,16.0376],[100.3932,16.0382],[100.3933,16.039],[100.3938,16.0395],[100.3947,16.0395],[100.3944,16.0409],[100.3955,16.0431],[100.3958,16.0455],[100.3897,16.0466]],[[100.3922,16.0431],[100.3938,16.0425],[100.3935,16.0412],[100.3919,16.042],[100.3922,16.0431]],[[100.3891,16.0412],[100.3907,16.0412],[100.3907,16.0406],[100.3891,16.0407],[100.3891,16.0412]],[[100.3899,16.0379],[100.3902,16.0385],[100.3902,16.0379],[100.3899,16.0379]]]}},{"type":"Feature","properties":{"kind":"seasonal","area_km2":0.813,"date":"2026-10-09"},"geometry":{"type":"Polygon","coordinates":[[[100.1057,16.8102],[100.1051,16.8081],[100.108,16.8075],[100.1079,16.807],[100.1043,16.8072],[100.1043,16.8067],[100.1037,16.8067],[100.1037,16.8062],[100.1032,16.8059],[100.1032,16.8048],[100.104,16.804],[100.1062,16.8043],[100.1065,16.8034],[100.1076,16.8037],[100.1076,16.8032],[100.1065,16.8032],[100.1062,16.8024],[100.1062,16.801],[100.1068,16.801],[100.1068,16.8002],[100.1076,16.7994],[100.109,16.7994],[100.1093,16.7988],[100.1099,16.7988],[100.1099,16.7983],[100.1113,16.7983],[100.1132,16.7972],[100.1144,16.7972],[100.1144,16.798],[100.1152,16.798],[100.1152,16.7993],[100.1147,16.7996],[100.115,16.8007],[100.1133,16.801],[100.113,16.8002],[100.1124,16.8002],[100.1124,16.8007],[100.1116,16.8007],[100.1116,16.8002],[100.1113,16.8002],[100.1113,16.8021],[100.1121,16.8023],[100.1124,16.804],[100.1105,16.8037],[100.1102,16.805],[100.1108,16.8045],[100.1116,16.8045],[100.1113,16.8061],[100.1102,16.8075],[100.1088,16.8075],[100.1099,16.8078],[100.1096,16.8088],[100.1102,16.8088],[100.1102,16.8097],[100.1074,16.8097],[100.1057,16.8102]],[[100.1096,16.8042],[100.1099,16.8045],[100.1099,16.8042],[100.1096,16.8042]],[[100.1102,16.8007],[100.1104,16.801],[100.1104,16.8007],[100.1102,16.8007]],[[100.109,16.7999],[100.1096,16.8004],[100.1096,16.7999],[100.109,16.7999]],[[100.111,16.7999],[100.1113,16.8002],[100.1113,16.7999],[100.111,16.7999]]]}},{"type":"Feature","properties":{"kind":"seasonal","area_km2":0.805,"date":"2026-10-09"},"geometry":{"type":"Polygon","coordinates":[[[100.191,16.4497],[100.191,16.4483],[100.1896,16.447],[100.1896,16.4448],[100.1882,16.4448],[100.1882,16.4432],[100.1885,16.4424],[100.1893,16.4424],[100.1893,16.4432],[100.1899,16.4429],[100.1899,16.4423],[100.189,16.4418],[100.189,16.441],[100.1899,16.441],[100.1915,16.4394],[100.1915,16.4383],[100.1927,16.438],[100.1927,16.4375],[100.1912,16.4366],[100.1912,16.4353],[100.1921,16.4353],[100.1935,16.4361],[100.1946,16.4361],[100.1946,16.4369],[100.1958,16.4391],[100.1974,16.4388],[100.1977,16.4393],[100.1986,16.4393],[100.1994,16.4385],[100.2,16.4396],[100.2,16.4415],[100.1991,16.4426],[100.1983,16.4426],[100.1977,16.4418],[100.1961,16.442],[100.196,16.4412],[100.1952,16.4401],[100.1946,16.4402],[100.1941,16.441],[100.193,16.441],[100.193,16.4418],[100.1935,16.4418],[100.1938,16.4423],[100.1938,16.4434],[100.1921,16.4437],[100.1921,16.4445],[100.1913,16.4453],[100.1916,16.4464],[100.1921,16.4464],[100.1941,16.4448],[100.1961,16.445],[100.1961,16.4461],[100.195,16.4467],[100.195,16.4483],[100.193,16.4486],[100.1919,16.4497],[100.191,16.4497]],[[100.1926,16.4361],[100.1929,16.4364],[100.1929,16.4361],[100.1926,16.4361]]]}},{"type":"Feature","properties":{"kind":"seasonal","area_km2":0.804,"date":"2026-10-09"},"geometry":{"type":"Polygon","coordinates":[[[100.4081,16.386],[100.408,16.3827],[100.4092,16.3827],[100.4091,16.3822],[100.408,16.3819],[100.4074,16.3795],[100.406,16.3781],[100.4063,16.3757],[100.4068,16.3748],[100.4097,16.3751],[100.4097,16.3759],[100.4111,16.3767],[100.4116,16.3762],[100.4116,16.3751],[100.4122,16.3751],[100.4119,16.3773],[100.4114,16.3775],[100.4117,16.3792],[100.4159,16.3799],[100.4159,16.3832],[100.4153,16.3843],[100.4154,16.3856],[100.4081,16.386]],[[100.4106,16.3824],[100.4114,16.3824],[100.4117,16.3808],[100.4108,16.3808],[100.4103,16.3813],[100.4106,16.3824]],[[100.4136,16.3821],[100.4142,16.3818],[100.4139,16.381],[100.4131,16.3813],[100.4136,16.3821]]]}},{"type":"Feature","properties":{"kind":"seasonal","area_km2":0.782,"date":"2026-10-09"},"geometry":{"type":"Polygon","coordinates":[[[100.1977,16.4336],[100.1943,16.4326],[100.1943,16.4315],[100.1929,16.4318],[100.1926,16.4312],[100.1904,16.4312],[100.1906,16.4301],[100.1895,16.4299],[100.1895,16.4293],[100.1887,16.4285],[100.1887,16.4277],[100.1867,16.4275],[100.1867,16.4269],[100.1853,16.4261],[100.1858,16.4234],[100.1878,16.4231],[100.1878,16.4239],[100.1889,16.4239],[100.1898,16.4247],[100.1914,16.4247],[100.1917,16.4253],[100.1926,16.4253],[100.1929,16.4261],[100.1945,16.4263],[100.1957,16.4274],[100.1974,16.4274],[100.1985,16.4279],[100.1991,16.429],[100.1999,16.429],[100.1999,16.4306],[100.1974,16.4306],[100.1968,16.4312],[100.1971,16.4325],[100.1994,16.4328],[100.1994,16.4336],[100.1977,16.4336]],[[100.1943,16.4309],[100.1954,16.4301],[100.1951,16.429],[100.1929,16.4296],[100.1937,16.4299],[100.1943,16.4309]],[[100.1909,16.428],[100.1915,16.428],[100.1917,16.4272],[100.1909,16.4272],[100.1909,16.428]],[[100.1917,16.4261],[100.192,16.4263],[100.192,16.4261],[100.1917,16.4261]]]}},{"type":"Feature","properties":{"kind":"seasonal","area_km2":0.778,"date":"2026-10-09"},"geometry":{"type":"Polygon","coordinates":[[[100.0245,16.8971],[100.024,16.8966],[100.0229,16.8966],[100.0228,16.8939],[100.0245,16.8944],[100.0245,16.8933],[100.024,16.8928],[100.0228,16.8928],[100.0228,16.8909],[100.0254,16.8912],[100.0254,16.8917],[100.0259,16.8917],[100.0268,16.8893],[100.0259,16.8893],[100.0251,16.8885],[100.0251,16.8874],[100.027,16.8879],[100.027,16.8844],[100.0301,16.8844],[100.031,16.8855],[100.0312,16.8871],[100.0321,16.8876],[100.0321,16.8887],[100.0284,16.889],[100.0276,16.8882],[100.027,16.8882],[100.027,16.8893],[100.0284,16.8898],[100.0315,16.8898],[100.0321,16.8892],[100.0341,16.8892],[100.0341,16.8906],[100.0332,16.8914],[100.0324,16.8914],[100.0324,16.892],[100.0332,16.8919],[100.0333,16.8933],[100.0321,16.8936],[100.0319,16.8941],[100.031,16.8941],[100.031,16.8928],[100.0316,16.8925],[100.0316,16.892],[100.0301,16.892],[100.0302,16.8936],[100.0282,16.8933],[100.0271,16.8944],[100.0259,16.8944],[100.0271,16.8947],[100.0271,16.896],[100.0262,16.896],[100.0251,16.8952],[100.0254,16.8971],[100.0245,16.8971]],[[100.0245,16.8944],[100.0248,16.8947],[100.0248,16.8944],[100.0245,16.8944]],[[100.0248,16.892],[100.0251,16.8925],[100.0251,16.892],[100.0248,16.892]],[[100.0251,16.8917],[100.0254,16.892],[100.0254,16.8917],[100.0251,16.8917]],[[100.0296,16.8909],[100.0299,16.8914],[100.0299,16.8909],[100.0296,16.8909]],[[100.029,16.8882],[100.0293,16.8887],[100.0293,16.8882],[100.029,16.8882]]]}},{"type":"Feature","properties":{"kind":"seasonal","area_km2":0.766,"date":"2026-10-09"},"geometry":{"type":"Polygon","coordinates":[[[100.3074,16.7887],[100.3074,16.7876],[100.306,16.786],[100.306,16.7844],[100.3071,16.7844],[100.3071,16.7838],[100.3085,16.7841],[100.3079,16.7819],[100.3071,16.7819],[100.3074,16.7836],[100.3057,16.7836],[100.3054,16.7828],[100.3043,16.7828],[100.3043,16.7822],[100.3029,16.7822],[100.3029,16.7809],[100.3043,16.7806],[100.3048,16.779],[100.3059,16.779],[100.3059,16.7771],[100.3073,16.777],[100.3068,16.7787],[100.3079,16.7789],[100.3085,16.7787],[100.3085,16.7779],[100.3099,16.7781],[100.3127,16.7776],[100.313,16.7786],[100.3124,16.7789],[100.313,16.7789],[100.3133,16.7811],[100.3138,16.7813],[100.3138,16.7832],[100.3113,16.7841],[100.3113,16.7857],[100.3108,16.786],[100.3105,16.7854],[100.3105,16.7865],[100.3096,16.7865],[100.3085,16.7884],[100.3074,16.7887]],[[100.3085,16.7854],[100.3102,16.7852],[100.3102,16.7841],[100.3096,16.7841],[100.3096,16.7846],[100.3085,16.7846],[100.3085,16.7854]],[[100.3085,16.7806],[100.309,16.7806],[100.309,16.7797],[100.3085,16.7798],[100.3085,16.7806]]]}},{"type":"Feature","properties":{"kind":"seasonal","area_km2":0.733,"date":"2026-10-09"},"geometry":{"type":"Polygon","coordinates":[[[100.1269,16.8633],[100.1229,16.8625],[100.1232,16.8611],[100.1223,16.8608],[100.1226,16.8589],[100.126,16.8589],[100.1277,16.8576],[100.1274,16.857],[100.1254,16.8573],[100.1251,16.8562],[100.1291,16.8556],[100.1302,16.857],[100.1302,16.8594],[100.1305,16.8589],[100.1311,16.8589],[100.131,16.8567],[100.1319,16.8567],[100.1319,16.8573],[100.1325,16.8575],[100.1325,16.8589],[100.1342,16.8586],[100.1353,16.8578],[100.137,16.8578],[100.137,16.8589],[100.1361,16.8591],[100.1361,16.8597],[100.1353,16.8597],[100.1356,16.8602],[100.137,16.8602],[100.137,16.8616],[100.1361,16.8616],[100.1353,16.8627],[100.1333,16.8629],[100.133,16.8616],[100.1347,16.8616],[100.1347,16.8608],[100.1339,16.8608],[100.1322,16.8616],[100.1308,16.8616],[100.1302,16.8611],[100.1294,16.8613],[100.1291,16.8622],[100.1283,16.8622],[100.1283,16.8616],[100.1277,16.8614],[100.1274,16.8627],[100.1269,16.8633]],[[100.1313,16.8602],[100.1319,16.8605],[100.1319,16.8602],[100.1313,16.8602]]]}},{"type":"Feature","properties":{"kind":"seasonal","area_km2":0.718,"date":"2026-10-09"},"geometry":{"type":"Polygon","coordinates":[[[100.1087,16.7826],[100.1086,16.782],[100.1069,16.7798],[100.1069,16.7788],[100.1098,16.779],[100.11,16.7771],[100.1106,16.7763],[100.1095,16.7755],[100.1094,16.7744],[100.1083,16.7741],[100.1083,16.7722],[100.1094,16.7714],[100.1094,16.7703],[100.1122,16.7709],[100.1131,16.7679],[100.1139,16.7679],[100.1139,16.769],[100.1151,16.77],[100.1151,16.7714],[100.1145,16.7717],[100.114,16.7744],[100.114,16.7779],[100.1151,16.7784],[100.1151,16.7793],[100.1145,16.7798],[100.1134,16.7798],[100.1134,16.7804],[100.1126,16.7804],[100.1123,16.7814],[100.1115,16.7815],[100.1115,16.782],[100.1106,16.782],[100.1106,16.7793],[100.11,16.7793],[100.1095,16.7825],[100.1087,16.7826]],[[100.1115,16.7798],[100.1117,16.7801],[100.1117,16.7798],[100.1115,16.7798]],[[100.1108,16.7725],[100.1117,16.773],[100.1117,16.7722],[100.1108,16.7725]]]}},{"type":"Feature","properties":{"kind":"seasonal","area_km2":0.673,"date":"2026-10-09"},"geometry":{"type":"Polygon","coordinates":[[[100.1383,16.7978],[100.1374,16.797],[100.1366,16.797],[100.1366,16.7962],[100.1377,16.7965],[100.1377,16.7959],[100.1366,16.7954],[100.1369,16.7938],[100.1363,16.7938],[100.1363,16.7932],[100.1371,16.793],[100.1371,16.7922],[100.1366,16.7922],[100.136,16.7932],[100.1332,16.7933],[100.1332,16.7916],[100.134,16.7914],[100.134,16.7908],[100.1374,16.7908],[100.1374,16.7903],[100.136,16.7903],[100.136,16.7895],[100.1368,16.7894],[100.1374,16.7889],[100.1413,16.7894],[100.1413,16.7867],[100.1441,16.787],[100.145,16.788],[100.145,16.7889],[100.1427,16.7889],[100.1428,16.7894],[100.145,16.7894],[100.145,16.7902],[100.1442,16.7902],[100.1445,16.7913],[100.1425,16.7916],[100.1425,16.7921],[100.1411,16.7921],[100.1411,16.7929],[100.1419,16.7929],[100.1414,16.794],[100.1425,16.794],[100.1422,16.7948],[100.1428,16.7951],[100.1428,16.7962],[100.1405,16.7967],[100.1405,16.7959],[100.1411,16.7959],[100.1411,16.7954],[100.14,16.7951],[100.1394,16.797],[100.1386,16.797],[100.1386,16.7976],[100.1394,16.7978],[100.1383,16.7978]],[[100.1402,16.7943],[100.1411,16.7943],[100.1411,16.7938],[100.1394,16.7932],[100.1391,16.7921],[100.138,16.7924],[100.138,16.7932],[100.1402,16.7943]]]}},{"type":"Feature","properties":{"kind":"seasonal","area_km2":0.667,"date":"2026-10-09"},"geometry":{"type":"Polygon","coordinates":[[[100.4087,16.0394],[100.4087,16.037],[100.4078,16.037],[100.4073,16.0381],[100.4059,16.0378],[100.4053,16.0381],[100.4053,16.0386],[100.4045,16.0387],[100.4044,16.0349],[100.4056,16.0349],[100.4061,16.0354],[100.4061,16.0346],[100.4047,16.0346],[100.4047,16.0327],[100.4055,16.0324],[100.405,16.0321],[100.4047,16.0308],[100.405,16.0292],[100.4058,16.0292],[100.4064,16.0302],[100.4081,16.0302],[100.4083,16.0297],[100.4095,16.0299],[100.4095,16.0313],[100.4083,16.0313],[100.4078,16.0319],[100.4069,16.0319],[100.4067,16.0324],[100.4069,16.0329],[100.4081,16.0332],[100.4081,16.034],[100.4092,16.034],[100.4092,16.0335],[100.4084,16.0335],[100.4083,16.0324],[100.4098,16.0327],[100.4103,16.0305],[100.4109,16.0302],[100.4131,16.0299],[100.4134,16.031],[100.4156,16.031],[100.4154,16.0334],[100.4137,16.0334],[100.4131,16.0313],[100.4128,16.0337],[100.412,16.0337],[100.4123,16.0316],[100.4109,16.0318],[100.4106,16.0332],[100.4109,16.0343],[100.4117,16.0343],[100.4117,16.0354],[100.4112,16.0354],[100.4112,16.0373],[100.4098,16.0378],[100.4101,16.0392],[100.4087,16.0394]],[[100.4064,16.0365],[100.4067,16.037],[100.4067,16.0365],[100.4064,16.0365]],[[100.4059,16.0365],[100.4064,16.0365],[100.4067,16.0357],[100.4056,16.0354],[100.4059,16.0365]],[[100.407,16.0357],[100.4073,16.0359],[100.4072,16.0357],[100.407,16.0357]],[[100.4067,16.0354],[100.407,16.0357],[100.407,16.0354],[100.4067,16.0354]],[[100.4084,16.0354],[100.4087,16.0356],[100.4086,16.0354],[100.4084,16.0354]]]}},{"type":"Feature","properties":{"kind":"seasonal","area_km2":0.648,"date":"2026-10-09"},"geometry":{"type":"Polygon","coordinates":[[[100.0669,16.8614],[100.066,16.8606],[100.066,16.8595],[100.0666,16.8592],[100.0663,16.8582],[100.0657,16.8576],[100.0649,16.8576],[100.0646,16.8582],[100.0632,16.8582],[100.0629,16.8576],[100.0621,16.8576],[100.0618,16.8555],[100.0629,16.8555],[100.0637,16.8563],[100.0649,16.8563],[100.0654,16.8552],[100.0663,16.8552],[100.0666,16.8557],[100.0671,16.8557],[100.0671,16.8571],[100.0677,16.8571],[100.0674,16.8538],[100.0682,16.853],[100.0682,16.8514],[100.0696,16.8516],[100.0696,16.8511],[100.0719,16.8511],[100.0719,16.8519],[100.0705,16.8522],[100.0722,16.8524],[100.0727,16.853],[100.0727,16.8538],[100.0739,16.8543],[100.0739,16.8557],[100.0714,16.8565],[100.0719,16.8589],[100.0711,16.8589],[100.0711,16.8584],[100.0702,16.8581],[100.07,16.8603],[100.0688,16.8603],[100.0686,16.8614],[100.0669,16.8614]],[[100.0674,16.86],[100.0677,16.8606],[100.0677,16.86],[100.0674,16.86]],[[100.0657,16.8568],[100.0663,16.8568],[100.0663,16.8563],[100.066,16.8563],[100.0657,16.8568]],[[100.0702,16.853],[100.0705,16.8533],[100.0705,16.853],[100.0702,16.853]],[[100.0696,16.8516],[100.0699,16.8519],[100.0699,16.8516],[100.0696,16.8516]]]}},{"type":"Feature","properties":{"kind":"seasonal","area_km2":0.64,"date":"2026-10-09"},"geometry":{"type":"Polygon","coordinates":[[[100.4421,16.1637],[100.4421,16.1626],[100.4407,16.1629],[100.4407,16.1615],[100.4396,16.1615],[100.4393,16.1607],[100.4381,16.1607],[100.4376,16.1594],[100.4367,16.1594],[100.4367,16.1599],[100.4362,16.1602],[100.4348,16.1599],[100.4345,16.1613],[100.4328,16.1613],[100.4314,16.1591],[100.4314,16.1586],[100.432,16.1583],[100.4308,16.1583],[100.4305,16.157],[100.4289,16.1573],[100.4289,16.1559],[100.4297,16.1559],[100.4297,16.1545],[100.4302,16.1534],[100.4316,16.1534],[100.4317,16.1564],[100.4333,16.1561],[100.4336,16.1567],[100.4348,16.1567],[100.435,16.158],[100.4359,16.158],[100.4364,16.1569],[100.4376,16.1569],[100.4379,16.1585],[100.4401,16.1591],[100.4401,16.1596],[100.4418,16.1596],[100.4415,16.1574],[100.444,16.1574],[100.444,16.1585],[100.4454,16.1588],[100.4454,16.1601],[100.4449,16.1601],[100.4446,16.1609],[100.4438,16.1609],[100.4435,16.1599],[100.4424,16.1601],[100.4432,16.1612],[100.444,16.1612],[100.4441,16.162],[100.4429,16.1631],[100.4429,16.1637],[100.4421,16.1637]],[[100.4407,16.161],[100.441,16.1612],[100.441,16.161],[100.4407,16.161]],[[100.441,16.1607],[100.4412,16.161],[100.4412,16.1607],[100.441,16.1607]]]}},{"type":"Feature","properties":{"kind":"seasonal","area_km2":0.617,"date":"2026-10-09"},"geometry":{"type":"Polygon","coordinates":[[[100.1253,16.8391],[100.1222,16.8386],[100.1219,16.837],[100.123,16.8364],[100.1242,16.8351],[100.1247,16.8351],[100.125,16.8343],[100.1258,16.8342],[100.1264,16.8329],[100.1275,16.8329],[100.1284,16.8312],[100.1272,16.8307],[100.1272,16.8299],[100.1267,16.8299],[100.1258,16.8307],[100.1258,16.8323],[100.125,16.8324],[100.1256,16.8329],[100.1256,16.8337],[100.1244,16.8337],[100.1241,16.8329],[100.1222,16.8329],[100.1222,16.8321],[100.1227,16.8316],[100.1244,16.8313],[100.1236,16.8283],[100.1247,16.8283],[100.1252,16.8272],[100.1278,16.8277],[100.1297,16.8274],[100.1298,16.8283],[100.1303,16.8285],[100.1303,16.831],[100.1295,16.8318],[100.1289,16.8348],[100.1287,16.8353],[100.1281,16.8353],[100.1281,16.8359],[100.1264,16.8361],[100.1264,16.837],[100.1256,16.8378],[100.1253,16.8391]],[[100.1244,16.8313],[100.1247,16.8315],[100.1247,16.8313],[100.1244,16.8313]],[[100.1253,16.8288],[100.1255,16.8291],[100.1255,16.8288],[100.1253,16.8288]]]}},{"type":"Feature","properties":{"kind":"seasonal","area_km2":0.614,"date":"2026-10-09"},"geometry":{"type":"Polygon","coordinates":[[[100.0143,16.9387],[100.0135,16.9354],[100.0129,16.9349],[100.0126,16.9319],[100.0146,16.9316],[100.0146,16.9333],[100.014,16.9335],[100.014,16.9346],[100.0149,16.936],[100.0177,16.9354],[100.0183,16.9343],[100.0202,16.9343],[100.02,16.9335],[100.018,16.9338],[100.0171,16.9324],[100.0157,16.9319],[100.0157,16.9311],[100.018,16.9308],[100.0219,16.9319],[100.0219,16.9335],[100.0225,16.9343],[100.0225,16.9386],[100.0143,16.9387]]]}},{"type":"Feature","properties":{"kind":"seasonal","area_km2":0.592,"date":"2026-10-09"},"geometry":{"type":"Polygon","coordinates":[[[100.1838,16.4559],[100.1812,16.4551],[100.1818,16.4503],[100.1834,16.4492],[100.1849,16.4494],[100.1851,16.4486],[100.1863,16.4486],[100.1863,16.4494],[100.1874,16.4497],[100.1877,16.4489],[100.1871,16.4486],[100.1871,16.4478],[100.1874,16.4472],[100.1879,16.4472],[100.1882,16.4453],[100.1885,16.4462],[100.1893,16.4467],[100.1896,16.4478],[100.1905,16.4483],[100.1905,16.4494],[100.1888,16.4505],[100.1896,16.4518],[100.1897,16.4529],[100.1888,16.4532],[100.1883,16.454],[100.1874,16.454],[100.1869,16.4548],[100.1857,16.4548],[100.1857,16.454],[100.1849,16.454],[100.1846,16.4549],[100.1852,16.4551],[100.1852,16.4559],[100.1838,16.4559]],[[100.186,16.4521],[100.1863,16.4516],[100.1857,16.4513],[100.1857,16.4519],[100.186,16.4521]]]}},{"type":"Feature","properties":{"kind":"seasonal","area_km2":0.526,"date":"2026-10-09"},"geometry":{"type":"Polygon","coordinates":[[[100.4111,16.3423],[100.4108,16.3417],[100.4086,16.3418],[100.4086,16.3407],[100.4091,16.3407],[100.4094,16.3401],[100.4091,16.3388],[100.4108,16.339],[100.4111,16.3385],[100.4125,16.3385],[100.4122,16.3396],[100.4128,16.3398],[100.4133,16.339],[100.4147,16.3393],[100.4147,16.3385],[100.4144,16.3374],[100.4108,16.3374],[100.4108,16.3361],[100.4122,16.336],[100.4136,16.3352],[100.4138,16.3328],[100.4158,16.3333],[100.4158,16.3347],[100.4161,16.3341],[100.4181,16.3346],[100.4181,16.3357],[100.4189,16.3363],[100.4189,16.3376],[100.4173,16.3379],[100.4173,16.3387],[100.4164,16.339],[100.4164,16.3398],[100.4153,16.3395],[100.415,16.3412],[100.4145,16.3417],[100.4125,16.3417],[100.4122,16.3423],[100.4117,16.3423],[100.4114,16.3417],[100.4111,16.3423]],[[100.4103,16.3407],[100.4108,16.3409],[100.4108,16.3407],[100.4103,16.3407]],[[100.4128,16.3404],[100.4133,16.3406],[100.4133,16.3404],[100.4128,16.3404]],[[100.4144,16.3371],[100.415,16.3371],[100.4147,16.3363],[100.4144,16.3363],[100.4144,16.3371]],[[100.4161,16.3366],[100.4167,16.3371],[100.4167,16.3363],[100.4161,16.3366]],[[100.4147,16.336],[100.4153,16.336],[100.4158,16.3349],[100.4153,16.3349],[100.4147,16.336]]]}},{"type":"Feature","properties":{"kind":"seasonal","area_km2":0.493,"date":"2026-10-09"},"geometry":{"type":"Polygon","coordinates":[[[100.0989,16.8051],[100.0986,16.804],[100.0972,16.8035],[100.0972,16.8024],[100.0986,16.8019],[100.0989,16.8],[100.0997,16.8],[100.1,16.8005],[100.1,16.7997],[100.1011,16.7991],[100.1011,16.798],[100.102,16.7975],[100.1017,16.7961],[100.1028,16.7959],[100.1028,16.7964],[100.1037,16.7972],[100.1034,16.7978],[100.1042,16.7978],[100.1045,16.7983],[100.1048,16.7975],[100.1056,16.7975],[100.1062,16.7991],[100.1057,16.7991],[100.1057,16.8002],[100.1048,16.801],[100.1048,16.8026],[100.1043,16.8029],[100.1043,16.8035],[100.1031,16.8037],[100.1023,16.8048],[100.0989,16.8051]],[[100.1017,16.801],[100.1026,16.8002],[100.1023,16.7997],[100.1009,16.7999],[100.1009,16.8005],[100.1014,16.8005],[100.1017,16.801]],[[100.1054,16.7988],[100.1057,16.7991],[100.1057,16.7988],[100.1054,16.7988]]]}},{"type":"Feature","properties":{"kind":"seasonal","area_km2":0.491,"date":"2026-10-09"},"geometry":{"type":"Polygon","coordinates":[[[100.4229,16.4254],[100.4229,16.4246],[100.4224,16.4246],[100.4224,16.4227],[100.4232,16.4227],[100.4232,16.4222],[100.4224,16.4211],[100.4201,16.4214],[100.4201,16.4171],[100.4176,16.4176],[100.4176,16.4187],[100.415,16.4201],[100.4148,16.4209],[100.4139,16.4209],[100.4136,16.4201],[100.4142,16.4182],[100.4159,16.4176],[100.4164,16.4168],[100.4181,16.4171],[100.4184,16.416],[100.4192,16.4152],[100.4209,16.4157],[100.422,16.4168],[100.4229,16.4168],[100.4229,16.4173],[100.4234,16.4173],[100.4234,16.4168],[100.4246,16.4168],[100.4249,16.4184],[100.424,16.4187],[100.424,16.4219],[100.4257,16.4222],[100.4257,16.4235],[100.4252,16.4246],[100.4243,16.4246],[100.4241,16.4252],[100.4229,16.4254]]]}},{"type":"Feature","properties":{"kind":"seasonal","area_km2":0.49,"date":"2026-10-09"},"geometry":{"type":"Polygon","coordinates":[[[100.3978,16.0457],[100.3972,16.0452],[100.3972,16.0444],[100.3961,16.0436],[100.3963,16.0401],[100.3977,16.0403],[100.3978,16.0417],[100.3997,16.0417],[100.4,16.0398],[100.4042,16.0392],[100.4045,16.0397],[100.405,16.0397],[100.405,16.0411],[100.4067,16.0416],[100.4062,16.0419],[100.4059,16.0433],[100.4023,16.0444],[100.402,16.0449],[100.4011,16.0449],[100.4006,16.0455],[100.3995,16.0455],[100.3995,16.0452],[100.3989,16.0452],[100.3989,16.0447],[100.3986,16.0447],[100.3986,16.0457],[100.3978,16.0457]],[[100.3983,16.0444],[100.3986,16.0447],[100.3986,16.0444],[100.3983,16.0444]],[[100.3989,16.0428],[100.4003,16.0444],[100.4,16.0428],[100.3989,16.0428]],[[100.4025,16.043],[100.4028,16.0435],[100.4028,16.043],[100.4025,16.043]],[[100.4037,16.0427],[100.4042,16.0427],[100.4042,16.0422],[100.4037,16.0422],[100.4037,16.0427]]]}},{"type":"Feature","properties":{"kind":"seasonal","area_km2":0.481,"date":"2026-10-09"},"geometry":{"type":"Polygon","coordinates":[[[100.0272,16.928],[100.0272,16.9264],[100.0267,16.9264],[100.0267,16.9256],[100.0284,16.9256],[100.0289,16.925],[100.0303,16.9253],[100.0303,16.9221],[100.03,16.9231],[100.0295,16.9234],[100.0283,16.9234],[100.0281,16.9229],[100.0275,16.9232],[100.0278,16.9237],[100.0295,16.9237],[100.0295,16.9248],[100.0267,16.9251],[100.0267,16.9242],[100.0272,16.924],[100.0269,16.9232],[100.0261,16.9232],[100.0264,16.9218],[100.0252,16.921],[100.0252,16.9226],[100.0238,16.9224],[100.0244,16.9202],[100.0264,16.9199],[100.0264,16.9207],[100.0283,16.9207],[100.0295,16.9196],[100.0314,16.9193],[100.0314,16.9212],[100.032,16.9221],[100.0317,16.9237],[100.0326,16.9237],[100.0331,16.9226],[100.034,16.9226],[100.034,16.9248],[100.0331,16.9248],[100.0326,16.9242],[100.0326,16.925],[100.0303,16.9264],[100.0303,16.9278],[100.0272,16.928]],[[100.0309,16.9245],[100.0312,16.9248],[100.0312,16.9245],[100.0309,16.9245]],[[100.0331,16.9242],[100.0334,16.9245],[100.0334,16.9242],[100.0331,16.9242]],[[100.0278,16.9215],[100.0281,16.9218],[100.0281,16.9215],[100.0278,16.9215]]]}},{"type":"Feature","properties":{"kind":"seasonal","area_km2":0.477,"date":"2026-10-09"},"geometry":{"type":"Polygon","coordinates":[[[100.2671,16.0401],[100.2662,16.039],[100.2662,16.0379],[100.2676,16.0363],[100.2676,16.0346],[100.2687,16.0343],[100.2684,16.0316],[100.269,16.0314],[100.269,16.0297],[100.2704,16.0295],[100.2704,16.0303],[100.271,16.0303],[100.2709,16.0295],[100.2718,16.0289],[100.2718,16.0284],[100.2726,16.0284],[100.2726,16.0294],[100.2715,16.0303],[100.2715,16.0308],[100.2721,16.0311],[100.2721,16.0319],[100.2726,16.0319],[100.2726,16.0313],[100.2738,16.0316],[100.2738,16.0332],[100.2724,16.0332],[100.2724,16.033],[100.2718,16.033],[100.2718,16.0327],[100.2715,16.0327],[100.2718,16.0351],[100.2713,16.0362],[100.2721,16.037],[100.2721,16.0379],[100.271,16.0387],[100.2707,16.0395],[100.2688,16.0392],[100.2685,16.0381],[100.2685,16.0395],[100.2679,16.04],[100.2671,16.0401]],[[100.2693,16.0376],[100.2696,16.0379],[100.2696,16.0376],[100.2693,16.0376]],[[100.2696,16.036],[100.2704,16.0357],[100.2701,16.0343],[100.2696,16.0346],[100.2696,16.036]],[[100.271,16.0327],[100.2715,16.0327],[100.2715,16.0322],[100.271,16.0322],[100.271,16.0327]],[[100.2698,16.0316],[100.2704,16.0316],[100.2704,16.0311],[100.2698,16.0311],[100.2698,16.0316]]]}},{"type":"Feature","properties":{"kind":"seasonal","area_km2":0.476,"date":"2026-10-09"},"geometry":{"type":"Polygon","coordinates":[[[100.1413,16.7845],[100.1399,16.7837],[100.1399,16.7829],[100.1405,16.7826],[100.1402,16.7813],[100.141,16.7813],[100.1413,16.7807],[100.1393,16.7808],[100.1393,16.7821],[100.1382,16.7818],[100.1382,16.7827],[100.1371,16.7827],[100.1371,16.7821],[100.1351,16.7824],[100.1357,16.7805],[100.1365,16.7805],[100.1365,16.7816],[100.1371,16.7813],[100.1371,16.7808],[100.1385,16.7808],[100.1385,16.7802],[100.1373,16.7802],[100.1373,16.7781],[100.1382,16.7781],[100.1382,16.7791],[100.1387,16.7791],[100.1387,16.7778],[100.1399,16.7772],[100.1404,16.7745],[100.1412,16.7734],[100.1412,16.7726],[100.1404,16.7726],[100.1407,16.7715],[100.1418,16.7715],[100.1424,16.7721],[100.1424,16.7737],[100.1429,16.7742],[100.1435,16.7769],[100.1432,16.7786],[100.1444,16.7786],[100.1441,16.7796],[100.1416,16.7797],[100.141,16.7791],[100.1399,16.7791],[100.1399,16.7797],[100.1421,16.7802],[100.1421,16.781],[100.1416,16.7813],[100.1419,16.7824],[100.1413,16.7826],[100.1413,16.7845]],[[100.141,16.778],[100.1416,16.778],[100.1416,16.7775],[100.141,16.7775],[100.141,16.778]],[[100.141,16.7767],[100.1413,16.7769],[100.1413,16.7767],[100.141,16.7767]]]}},{"type":"Feature","properties":{"kind":"seasonal","area_km2":0.458,"date":"2026-10-09"},"geometry":{"type":"Polygon","coordinates":[[[100.4037,16.4023],[100.4034,16.4001],[100.402,16.4001],[100.402,16.3985],[100.4028,16.3985],[100.4037,16.3993],[100.4042,16.3993],[100.4045,16.3985],[100.4056,16.3984],[100.4062,16.3976],[100.4053,16.3976],[100.405,16.3968],[100.4039,16.3968],[100.4034,16.3974],[100.4014,16.3974],[100.4011,16.3968],[100.4,16.3969],[100.4,16.3958],[100.4008,16.3955],[100.4011,16.3941],[100.4031,16.3944],[100.4033,16.3939],[100.4047,16.3933],[100.4053,16.3922],[100.4075,16.3911],[100.4075,16.3936],[100.407,16.3941],[100.4073,16.3992],[100.407,16.3998],[100.4059,16.4001],[100.4059,16.4012],[100.4048,16.4009],[100.4037,16.4023]]]}},{"type":"Feature","properties":{"kind":"seasonal","area_km2":0.445,"date":"2026-10-09"},"geometry":{"type":"Polygon","coordinates":[[[100.4011,16.0834],[100.4011,16.0823],[100.4003,16.0821],[100.4,16.0807],[100.4008,16.081],[100.4014,16.0802],[100.4008,16.0799],[100.4006,16.0804],[100.3997,16.0804],[100.3994,16.0796],[100.3986,16.0791],[100.3986,16.0783],[100.3972,16.0761],[100.3974,16.075],[100.4002,16.0739],[100.4013,16.0739],[100.4014,16.0747],[100.4025,16.0764],[100.4036,16.0799],[100.4045,16.081],[100.4042,16.0826],[100.4028,16.0829],[100.4025,16.0834],[100.4011,16.0834]]]}},{"type":"Feature","properties":{"kind":"seasonal","area_km2":0.44,"date":"2026-10-09"},"geometry":{"type":"Polygon","coordinates":[[[100.0074,16.843],[100.0071,16.8425],[100.0054,16.8422],[100.0045,16.8414],[100.0045,16.8384],[100.0059,16.8381],[100.0062,16.8392],[100.0062,16.8368],[100.007,16.8368],[100.0071,16.8395],[100.0082,16.8395],[100.0082,16.8384],[100.0096,16.8386],[100.0099,16.8378],[100.0107,16.8378],[100.0116,16.8373],[100.0115,16.8367],[100.0124,16.8367],[100.0124,16.8381],[100.013,16.8381],[100.013,16.8389],[100.0147,16.8405],[100.0147,16.8419],[100.0141,16.8424],[100.0127,16.8424],[100.0124,16.8419],[100.0113,16.8422],[100.0113,16.8405],[100.0104,16.8403],[100.0102,16.8411],[100.009,16.8414],[100.0088,16.843],[100.0074,16.843]],[[100.0079,16.8414],[100.0085,16.8414],[100.0085,16.8406],[100.0079,16.8406],[100.0079,16.8414]],[[100.0107,16.8392],[100.011,16.84],[100.011,16.8392],[100.0107,16.8392]]]}},{"type":"Feature","properties":{"kind":"seasonal","area_km2":0.44,"date":"2026-10-09"},"geometry":{"type":"Polygon","coordinates":[[[100.4243,16.1912],[100.4238,16.1904],[100.4238,16.1893],[100.4229,16.1896],[100.4229,16.1906],[100.4215,16.1907],[100.4212,16.1893],[100.4212,16.1879],[100.4221,16.1871],[100.4215,16.1871],[100.4215,16.1866],[100.4207,16.1863],[100.4206,16.1844],[100.4212,16.1839],[100.4229,16.1836],[100.4226,16.1817],[100.4223,16.1812],[100.4217,16.1812],[100.4217,16.1782],[100.424,16.1784],[100.4245,16.1795],[100.4246,16.182],[100.4251,16.1822],[100.4254,16.1836],[100.4254,16.1857],[100.4249,16.1857],[100.4246,16.1863],[100.4229,16.186],[100.4226,16.1868],[100.4229,16.1874],[100.4246,16.1871],[100.4246,16.1893],[100.4252,16.1912],[100.4243,16.1912]]]}},{"type":"Feature","properties":{"kind":"seasonal","area_km2":0.435,"date":"2026-10-09"},"geometry":{"type":"Polygon","coordinates":[[[100.1764,16.4525],[100.1759,16.4519],[100.1756,16.45],[100.1747,16.4495],[100.1747,16.4489],[100.1742,16.4489],[100.1742,16.4498],[100.1736,16.4503],[100.1731,16.4503],[100.1731,16.4492],[100.1722,16.45],[100.1722,16.4479],[100.1716,16.4462],[100.1736,16.4438],[100.1736,16.443],[100.175,16.4432],[100.1744,16.4454],[100.175,16.4454],[100.1756,16.447],[100.1773,16.447],[100.1773,16.4465],[100.1787,16.4465],[100.1787,16.447],[100.1792,16.4473],[100.1792,16.4478],[100.1784,16.4487],[100.1773,16.4489],[100.1773,16.4497],[100.1792,16.4497],[100.1795,16.4522],[100.1764,16.4525]]]}},{"type":"Feature","properties":{"kind":"seasonal","area_km2":0.422,"date":"2026-10-09"},"geometry":{"type":"Polygon","coordinates":[[[100.3447,16.4786],[100.3441,16.4761],[100.3446,16.4758],[100.3452,16.4729],[100.3457,16.4726],[100.3457,16.4715],[100.3466,16.471],[100.3468,16.4693],[100.3465,16.4682],[100.3457,16.468],[100.3457,16.4672],[100.3468,16.4663],[100.3479,16.4663],[100.3479,16.4669],[100.3485,16.4669],[100.3479,16.465],[100.3488,16.4642],[100.3496,16.4642],[100.3496,16.4647],[100.3505,16.4652],[100.351,16.4693],[100.3502,16.4701],[100.3497,16.4701],[100.3497,16.4709],[100.3491,16.4709],[100.3494,16.4696],[100.3485,16.4696],[100.3485,16.4718],[100.3466,16.4729],[100.3469,16.4742],[100.3463,16.4748],[100.3463,16.4772],[100.3458,16.4775],[100.3458,16.4786],[100.3447,16.4786]],[[100.3494,16.4682],[100.3499,16.4682],[100.3499,16.4674],[100.3491,16.4674],[100.3494,16.4682]]]}},{"type":"Feature","properties":{"kind":"seasonal","area_km2":0.422,"date":"2026-10-09"},"geometry":{"type":"Polygon","coordinates":[[[100.402,16.437],[100.3997,16.437],[100.3983,16.4356],[100.3983,16.4348],[100.3991,16.4346],[100.3991,16.4337],[100.3997,16.4335],[100.4,16.4324],[100.3966,16.43],[100.3963,16.4283],[100.3971,16.4278],[100.3971,16.427],[100.3982,16.427],[100.3999,16.428],[100.4002,16.4299],[100.3997,16.4299],[100.3997,16.4308],[100.4005,16.4318],[100.4016,16.4316],[100.4016,16.4321],[100.4025,16.4321],[100.4028,16.4313],[100.4036,16.4313],[100.4033,16.4337],[100.4039,16.4345],[100.4045,16.4345],[100.4045,16.4356],[100.4039,16.4359],[100.4042,16.4364],[100.4031,16.4364],[100.4028,16.4353],[100.402,16.4362],[100.402,16.437]],[[100.4036,16.4356],[100.4039,16.4359],[100.4039,16.4356],[100.4036,16.4356]]]}},{"type":"Feature","properties":{"kind":"seasonal","area_km2":0.419,"date":"2026-10-09"},"geometry":{"type":"Polygon","coordinates":[[[100.4059,16.4375],[100.4056,16.4369],[100.405,16.437],[100.4053,16.434],[100.4047,16.434],[100.4045,16.4334],[100.4039,16.4286],[100.403,16.4277],[100.4036,16.4272],[100.405,16.4277],[100.4064,16.4266],[100.4075,16.4266],[100.4081,16.4269],[100.4086,16.4293],[100.407,16.4293],[100.4073,16.431],[100.4056,16.4313],[100.4053,16.4318],[100.4073,16.4318],[100.4075,16.431],[100.4092,16.431],[100.4092,16.4318],[100.4073,16.4321],[100.4075,16.4329],[100.4084,16.4329],[100.4084,16.4358],[100.4076,16.4369],[100.4059,16.4375]],[[100.4064,16.4348],[100.4067,16.435],[100.4067,16.4348],[100.4064,16.4348]]]}},{"type":"Feature","properties":{"kind":"seasonal","area_km2":0.407,"date":"2026-10-09"},"geometry":{"type":"Polygon","coordinates":[[[100.3472,16.7996],[100.3469,16.799],[100.3444,16.7988],[100.3446,16.7944],[100.3463,16.7947],[100.3469,16.7952],[100.3502,16.7952],[100.3519,16.796],[100.3522,16.7965],[100.3556,16.7963],[100.3556,16.7971],[100.355,16.7971],[100.3545,16.7979],[100.3528,16.7987],[100.3472,16.7996]],[[100.35,16.7976],[100.3508,16.7976],[100.3511,16.7968],[100.3502,16.7966],[100.35,16.7976]],[[100.3533,16.7965],[100.3536,16.7968],[100.3536,16.7965],[100.3533,16.7965]],[[100.3539,16.7965],[100.3542,16.7968],[100.3542,16.7965],[100.3539,16.7965]]]}},{"type":"Feature","properties":{"kind":"seasonal","area_km2":0.402,"date":"2026-10-09"},"geometry":{"type":"Polygon","coordinates":[[[100.7407,16.9891],[100.7404,16.988],[100.7418,16.9883],[100.7424,16.9877],[100.7426,16.9864],[100.7457,16.9863],[100.7457,16.9858],[100.7471,16.9852],[100.7474,16.9847],[100.7474,16.9825],[100.7463,16.9823],[100.7463,16.9814],[100.7449,16.9817],[100.744,16.9807],[100.7426,16.9801],[100.7423,16.9788],[100.7431,16.9788],[100.7437,16.9796],[100.7446,16.9796],[100.7451,16.9768],[100.7479,16.9774],[100.7477,16.9801],[100.7482,16.9801],[100.7482,16.9806],[100.7491,16.9814],[100.7505,16.9817],[100.7505,16.9836],[100.7488,16.9836],[100.7483,16.9841],[100.7483,16.985],[100.7474,16.9852],[100.7474,16.986],[100.7463,16.9871],[100.7438,16.9874],[100.7429,16.9885],[100.7407,16.9891]],[[100.7457,16.9804],[100.7474,16.9806],[100.7474,16.9801],[100.7471,16.9801],[100.7471,16.9804],[100.7457,16.9804]],[[100.7454,16.9798],[100.7457,16.9804],[100.7457,16.9798],[100.7454,16.9798]],[[100.7465,16.9801],[100.7471,16.9801],[100.7471,16.9795],[100.7468,16.9795],[100.7465,16.9801]]]}},{"type":"Feature","properties":{"kind":"seasonal","area_km2":0.4,"date":"2026-10-09"},"geometry":{"type":"Polygon","coordinates":[[[100.3454,16.7413],[100.3453,16.7405],[100.3442,16.7407],[100.3442,16.7399],[100.3431,16.7402],[100.3431,16.7391],[100.3436,16.7389],[100.3431,16.7367],[100.3425,16.7364],[100.3417,16.7372],[100.3414,16.7353],[100.3425,16.7353],[100.3428,16.7345],[100.3416,16.7345],[100.3416,16.7337],[100.3411,16.7334],[100.3414,16.7324],[100.3456,16.7321],[100.3464,16.7329],[100.3464,16.734],[100.3442,16.7337],[100.3436,16.7342],[100.345,16.7345],[100.3464,16.7359],[100.3465,16.7375],[100.3453,16.7375],[100.3453,16.738],[100.3445,16.7388],[100.3459,16.7391],[100.3459,16.7397],[100.3468,16.7396],[100.3473,16.7391],[100.349,16.7396],[100.349,16.7385],[100.3498,16.7385],[100.3498,16.7402],[100.3493,16.7407],[100.3479,16.7405],[100.3473,16.741],[100.3454,16.7413]],[[100.3448,16.7367],[100.345,16.7361],[100.3445,16.7356],[100.3442,16.7361],[100.3448,16.7367]]]}},{"type":"Feature","properties":{"kind":"seasonal","area_km2":0.393,"date":"2026-10-09"},"geometry":{"type":"Polygon","coordinates":[[[100.0038,16.9097],[100.0026,16.9076],[100.0001,16.9078],[100.0001,16.9043],[100.0004,16.9051],[100.0015,16.9057],[100.0015,16.9065],[100.0043,16.9067],[100.0046,16.9059],[100.0035,16.9059],[100.0029,16.9054],[100.0026,16.9027],[100.0034,16.9024],[100.0032,16.9019],[100.0046,16.9019],[100.0049,16.9013],[100.0054,16.9013],[100.0071,16.8997],[100.0082,16.8997],[100.0085,16.901],[100.0079,16.901],[100.008,16.9029],[100.0063,16.9029],[100.0054,16.9037],[100.006,16.9059],[100.006,16.9086],[100.0057,16.9092],[100.0038,16.9097]]]}},{"type":"Feature","properties":{"kind":"seasonal","area_km2":0.392,"date":"2026-10-09"},"geometry":{"type":"Polygon","coordinates":[[[100.0031,16.836],[100.0022,16.8333],[100.0031,16.833],[100.0034,16.8319],[100.0045,16.8322],[100.0048,16.8316],[100.0053,16.8316],[100.0053,16.8305],[100.0059,16.8305],[100.0059,16.8297],[100.0084,16.8297],[100.0084,16.8305],[100.0087,16.8297],[100.0109,16.8297],[100.0112,16.8302],[100.0121,16.8302],[100.0127,16.8335],[100.0118,16.8335],[100.0115,16.8327],[100.0104,16.8327],[100.0098,16.8346],[100.007,16.8351],[100.007,16.8343],[100.0079,16.8343],[100.0079,16.8338],[100.0073,16.8335],[100.0076,16.8319],[100.0056,16.8322],[100.0059,16.8346],[100.0045,16.8343],[100.0039,16.836],[100.0031,16.836]],[[100.0036,16.833],[100.0045,16.8341],[100.0048,16.833],[100.0036,16.833]],[[100.0093,16.8324],[100.0101,16.8324],[100.0101,16.8319],[100.0093,16.8319],[100.0093,16.8324]]]}},{"type":"Feature","properties":{"kind":"seasonal","area_km2":0.381,"date":"2026-10-09"},"geometry":{"type":"Polygon","coordinates":[[[100.4293,16.4051],[100.429,16.4034],[100.4278,16.4037],[100.4276,16.4029],[100.425,16.4029],[100.4248,16.4035],[100.4236,16.4035],[100.4233,16.4029],[100.4236,16.4016],[100.4245,16.4016],[100.4247,16.4021],[100.4267,16.4018],[100.4264,16.4013],[100.4247,16.4016],[100.4244,16.4005],[100.4261,16.3997],[100.4264,16.3983],[100.4281,16.3983],[100.4278,16.3969],[100.4309,16.3975],[100.4309,16.3983],[100.4303,16.3986],[100.4312,16.3988],[100.4312,16.3996],[100.4306,16.4002],[100.4309,16.4032],[100.4304,16.4032],[100.4304,16.4023],[100.4295,16.4021],[100.4295,16.404],[100.4301,16.4042],[100.4301,16.4051],[100.4293,16.4051]]]}},{"type":"Feature","properties":{"kind":"seasonal","area_km2":0.374,"date":"2026-10-09"},"geometry":{"type":"Polygon","coordinates":[[[100.3972,16.3977],[100.3966,16.3969],[100.3969,16.3953],[100.3963,16.3958],[100.3952,16.3958],[100.3952,16.3944],[100.3944,16.3947],[100.3944,16.3955],[100.3935,16.3953],[100.3935,16.3923],[100.3955,16.3915],[100.396,16.3909],[100.396,16.3898],[100.3977,16.3898],[100.4005,16.3922],[100.4005,16.3936],[100.3983,16.3931],[100.3986,16.3939],[100.4002,16.3941],[100.4003,16.395],[100.3986,16.3961],[100.3986,16.3974],[100.398,16.3971],[100.3977,16.3977],[100.3972,16.3977]],[[100.4,16.3922],[100.4002,16.3925],[100.4002,16.3922],[100.4,16.3922]],[[100.3988,16.3923],[100.3994,16.3923],[100.3994,16.3917],[100.3988,16.3917],[100.3988,16.3923]],[[100.3977,16.3914],[100.398,16.3917],[100.398,16.3914],[100.3977,16.3914]],[[100.3969,16.3915],[100.3977,16.3914],[100.3974,16.3901],[100.3971,16.3901],[100.3969,16.3915]]]}},{"type":"Feature","properties":{"kind":"seasonal","area_km2":0.364,"date":"2026-10-09"},"geometry":{"type":"Polygon","coordinates":[[[100.1327,16.8575],[100.1327,16.8567],[100.1333,16.8562],[100.1325,16.8562],[100.1324,16.8554],[100.1319,16.8554],[100.1319,16.8543],[100.1336,16.8537],[100.1338,16.851],[100.1352,16.851],[100.1355,16.8515],[100.1361,16.8515],[100.1366,16.8507],[100.1395,16.8502],[100.1395,16.851],[100.1383,16.8515],[100.1375,16.8513],[100.1381,16.8529],[100.1392,16.8529],[100.1392,16.854],[100.1384,16.8537],[100.1372,16.8542],[100.1375,16.8572],[100.1327,16.8575]],[[100.1341,16.8567],[100.135,16.8562],[100.135,16.8545],[100.1327,16.8548],[100.1327,16.8554],[100.1347,16.8551],[100.1341,16.8567]],[[100.1358,16.8562],[100.1364,16.8562],[100.1364,16.8556],[100.1358,16.8556],[100.1358,16.8562]],[[100.135,16.8521],[100.1352,16.8526],[100.1352,16.8521],[100.135,16.8521]]]}},{"type":"Feature","properties":{"kind":"seasonal","area_km2":0.352,"date":"2026-10-09"},"geometry":{"type":"Polygon","coordinates":[[[100.2569,16.3411],[100.2555,16.3408],[100.2555,16.34],[100.258,16.3397],[100.2569,16.3384],[100.2569,16.3373],[100.2552,16.337],[100.2549,16.3362],[100.2521,16.3365],[100.2516,16.3357],[100.251,16.3357],[100.251,16.3349],[100.2502,16.3346],[100.2501,16.333],[100.2515,16.3327],[100.2521,16.3341],[100.2532,16.3341],[100.2535,16.3346],[100.2549,16.3349],[100.2552,16.3343],[100.2569,16.3343],[100.2569,16.3338],[100.2558,16.3335],[100.256,16.3319],[100.2577,16.3319],[100.2577,16.3332],[100.2583,16.3335],[100.2583,16.3343],[100.2577,16.3346],[100.2583,16.3362],[100.2577,16.3365],[100.2578,16.337],[100.2589,16.3381],[100.2589,16.3405],[100.2569,16.3411]]]}},{"type":"Feature","properties":{"kind":"seasonal","area_km2":0.351,"date":"2026-10-09"},"geometry":{"type":"Polygon","coordinates":[[[100.0854,17.0058],[100.0835,17.0056],[100.0835,17.0048],[100.0846,17.0047],[100.0843,17.0039],[100.0835,17.0037],[100.0826,17.005],[100.0818,17.005],[100.0818,17.004],[100.0806,17.0034],[100.0803,17.0026],[100.0806,17.0015],[100.082,17.0018],[100.0826,17.001],[100.0854,17.0012],[100.086,17.0004],[100.0908,17.0004],[100.0908,17.0009],[100.0899,17.0015],[100.0885,17.0012],[100.0885,17.002],[100.0877,17.0023],[100.0877,17.0042],[100.0871,17.0045],[100.0871,17.005],[100.0857,17.005],[100.0854,17.0058]],[[100.0879,17.0007],[100.0882,17.0009],[100.0882,17.0007],[100.0879,17.0007]]]}},{"type":"Feature","properties":{"kind":"seasonal","area_km2":0.35,"date":"2026-10-09"},"geometry":{"type":"Polygon","coordinates":[[[100.0173,16.905],[100.0173,16.9045],[100.0167,16.9042],[100.0167,16.9031],[100.0161,16.9026],[100.0153,16.9026],[100.0153,16.901],[100.0144,16.9004],[100.0144,16.8994],[100.0158,16.8994],[100.0153,16.8988],[100.0153,16.8977],[100.0158,16.8977],[100.0158,16.8972],[100.0167,16.8969],[100.0166,16.895],[100.0175,16.895],[100.0181,16.8964],[100.0192,16.8966],[100.0189,16.898],[100.0203,16.8988],[100.0198,16.9018],[100.0181,16.9018],[100.0172,16.9012],[100.0172,16.9018],[100.0178,16.9021],[100.0181,16.904],[100.0181,16.905],[100.0173,16.905]],[[100.0187,16.9012],[100.0189,16.9015],[100.0189,16.9012],[100.0187,16.9012]],[[100.0164,16.8977],[100.0167,16.898],[100.0167,16.8977],[100.0164,16.8977]]]}},{"type":"Feature","properties":{"kind":"seasonal","area_km2":0.343,"date":"2026-10-09"},"geometry":{"type":"Polygon","coordinates":[[[100.3894,16.375],[100.3897,16.3725],[100.3883,16.3725],[100.3883,16.3698],[100.3849,16.369],[100.3849,16.3682],[100.3863,16.3682],[100.3863,16.366],[100.3877,16.366],[100.3883,16.3671],[100.3888,16.3671],[100.3891,16.3687],[100.39,16.369],[100.39,16.3704],[100.3936,16.3709],[100.3939,16.372],[100.3945,16.3722],[100.3945,16.3738],[100.3931,16.3736],[100.3931,16.373],[100.3908,16.3728],[100.3903,16.3731],[100.3911,16.3736],[100.3908,16.375],[100.3894,16.375]]]}},{"type":"Feature","properties":{"kind":"seasonal","area_km2":0.336,"date":"2026-10-09"},"geometry":{"type":"Polygon","coordinates":[[[100.0056,16.8812],[100.0031,16.8804],[100.0028,16.8794],[100.0022,16.8791],[100.0022,16.8783],[100.003,16.8772],[100.0047,16.8772],[100.005,16.8739],[100.0061,16.8736],[100.0072,16.8726],[100.0081,16.8725],[100.0081,16.8774],[100.007,16.878],[100.0067,16.8791],[100.0061,16.8793],[100.0061,16.8802],[100.0056,16.8804],[100.0056,16.8812]]]}},{"type":"Feature","properties":{"kind":"seasonal","area_km2":0.335,"date":"2026-10-09"},"geometry":{"type":"Polygon","coordinates":[[[100.0453,16.8333],[100.045,16.8328],[100.0439,16.8328],[100.0433,16.8322],[100.0433,16.8309],[100.0428,16.8306],[100.0428,16.8295],[100.0422,16.8293],[100.0422,16.8285],[100.0433,16.8276],[100.0425,16.8268],[100.0425,16.8255],[100.0433,16.8249],[100.0447,16.8249],[100.0447,16.8265],[100.0453,16.8268],[100.0464,16.826],[100.0473,16.8265],[100.0473,16.8273],[100.0461,16.8279],[100.0459,16.8287],[100.047,16.8287],[100.047,16.8301],[100.0461,16.8301],[100.0461,16.8309],[100.0476,16.8309],[100.0476,16.8322],[100.0467,16.8325],[100.0464,16.8333],[100.0453,16.8333]],[[100.0447,16.832],[100.0453,16.832],[100.0456,16.8314],[100.045,16.8314],[100.0447,16.832]],[[100.0447,16.8295],[100.045,16.8298],[100.045,16.8295],[100.0447,16.8295]],[[100.0436,16.829],[100.0439,16.8295],[100.0442,16.829],[100.0436,16.829]],[[100.043,16.8279],[100.0436,16.8282],[100.0436,16.8279],[100.043,16.8279]],[[100.0447,16.8274],[100.0453,16.8276],[100.0453,16.8274],[100.0447,16.8274]],[[100.0436,16.8271],[100.0439,16.8274],[100.0439,16.8271],[100.0436,16.8271]]]}},{"type":"Feature","properties":{"kind":"seasonal","area_km2":0.332,"date":"2026-10-09"},"geometry":{"type":"Polygon","coordinates":[[[100.3702,16.0668],[100.3696,16.0655],[100.3699,16.0644],[100.3693,16.0641],[100.3693,16.0636],[100.369,16.0641],[100.3679,16.0638],[100.3679,16.063],[100.3693,16.0627],[100.3693,16.0622],[100.3679,16.0622],[100.3679,16.0614],[100.3699,16.0608],[100.3696,16.0622],[100.3704,16.0622],[100.3707,16.0611],[100.3715,16.0611],[100.3721,16.0616],[100.3738,16.0614],[100.3741,16.063],[100.3746,16.063],[100.3752,16.0638],[100.3749,16.0651],[100.3738,16.0662],[100.373,16.0662],[100.3724,16.0668],[100.3702,16.0668]],[[100.3718,16.0635],[100.3727,16.0635],[100.3727,16.063],[100.3721,16.0627],[100.3718,16.0635]]]}},{"type":"Feature","properties":{"kind":"seasonal","area_km2":0.322,"date":"2026-10-09"},"geometry":{"type":"Polygon","coordinates":[[[100.1157,16.7871],[100.116,16.786],[100.1149,16.7858],[100.1154,16.7831],[100.1146,16.7828],[100.1146,16.7817],[100.1157,16.7809],[100.1157,16.7784],[100.1165,16.7784],[100.1176,16.7787],[100.1179,16.7803],[100.1191,16.7806],[100.1196,16.7838],[100.1177,16.7833],[100.1174,16.7844],[100.118,16.7849],[100.1188,16.7849],[100.1191,16.786],[100.118,16.7863],[100.1177,16.7858],[100.1171,16.7858],[100.1177,16.7863],[100.1177,16.7871],[100.1157,16.7871]],[[100.1163,16.7833],[100.1168,16.7836],[100.1168,16.7833],[100.1163,16.7833]]]}},{"type":"Feature","properties":{"kind":"seasonal","area_km2":0.32,"date":"2026-10-09"},"geometry":{"type":"Polygon","coordinates":[[[100.2394,16.2262],[100.2396,16.2249],[100.241,16.2251],[100.2416,16.2246],[100.241,16.224],[100.2396,16.2243],[100.2393,16.223],[100.2396,16.2203],[100.2402,16.2203],[100.2402,16.2194],[100.2407,16.2194],[100.241,16.2186],[100.2404,16.2184],[100.2404,16.217],[100.2396,16.217],[100.2396,16.2165],[100.2382,16.2167],[100.2379,16.2157],[100.2401,16.2151],[100.2427,16.2151],[100.2427,16.217],[100.2421,16.2175],[100.2421,16.2208],[100.2419,16.2213],[100.2407,16.2213],[100.2419,16.2216],[100.2419,16.2232],[100.2424,16.2238],[100.2425,16.2262],[100.2394,16.2262]]]}},{"type":"Feature","properties":{"kind":"seasonal","area_km2":0.317,"date":"2026-10-09"},"geometry":{"type":"Polygon","coordinates":[[[100.424,16.2948],[100.4237,16.2937],[100.4242,16.292],[100.4223,16.2921],[100.422,16.2915],[100.4211,16.2915],[100.4203,16.2918],[100.4203,16.2923],[100.4195,16.2923],[100.4194,16.2915],[100.4203,16.2915],[100.4203,16.291],[100.4197,16.291],[100.4197,16.2896],[100.4211,16.2893],[100.4211,16.2888],[100.4206,16.2888],[100.4208,16.2872],[100.4225,16.2872],[100.4228,16.2883],[100.4234,16.2885],[100.4231,16.2899],[100.4236,16.2896],[100.4236,16.2891],[100.4267,16.2893],[100.4267,16.2915],[100.4259,16.2928],[100.4259,16.2947],[100.424,16.2948]],[[100.4245,16.2915],[100.4253,16.2915],[100.4259,16.2909],[100.4256,16.2899],[100.4251,16.2899],[100.4242,16.2907],[100.4245,16.2915]],[[100.4208,16.2907],[100.4214,16.2907],[100.4214,16.2904],[100.4208,16.2902],[100.4208,16.2907]]]}},{"type":"Feature","properties":{"kind":"seasonal","area_km2":0.315,"date":"2026-10-09"},"geometry":{"type":"Polygon","coordinates":[[[100.051,16.8463],[100.0507,16.8447],[100.0502,16.8447],[100.0502,16.8431],[100.051,16.8428],[100.0513,16.8414],[100.0524,16.8411],[100.0524,16.8406],[100.0544,16.8403],[100.0552,16.8417],[100.0561,16.8417],[100.0561,16.8428],[100.0555,16.843],[100.0566,16.8436],[100.0569,16.8449],[100.0564,16.8449],[100.0561,16.8455],[100.0541,16.8452],[100.0533,16.8463],[100.051,16.8463]],[[100.0547,16.8441],[100.0552,16.8441],[100.0555,16.8433],[100.0549,16.8433],[100.0547,16.8441]]]}},{"type":"Feature","properties":{"kind":"seasonal","area_km2":0.308,"date":"2026-10-09"},"geometry":{"type":"Polygon","coordinates":[[[100.0525,16.9163],[100.0522,16.913],[100.0517,16.9133],[100.052,16.916],[100.0497,16.9155],[100.0491,16.9117],[100.0497,16.9106],[100.0511,16.9103],[100.0514,16.9095],[100.0539,16.9095],[100.0542,16.9105],[100.0536,16.9106],[100.0536,16.9111],[100.0542,16.9114],[100.0542,16.9122],[100.0539,16.913],[100.0534,16.913],[100.0534,16.9135],[100.0545,16.9135],[100.0545,16.916],[100.0534,16.9157],[100.0534,16.9162],[100.0525,16.9163]]]}},{"type":"Feature","properties":{"kind":"seasonal","area_km2":0.308,"date":"2026-10-09"},"geometry":{"type":"Polygon","coordinates":[[[100.2775,16.0479],[100.2775,16.0468],[100.2761,16.047],[100.2761,16.0465],[100.2755,16.0465],[100.275,16.0457],[100.2752,16.0443],[100.2761,16.0443],[100.2761,16.0438],[100.278,16.043],[100.278,16.0416],[100.2766,16.0411],[100.2766,16.0389],[100.278,16.0389],[100.2791,16.0394],[100.2792,16.0432],[100.2797,16.0443],[100.2803,16.0443],[100.2806,16.0449],[100.2803,16.0465],[100.2795,16.0468],[100.2789,16.0478],[100.2775,16.0479]],[[100.2761,16.0446],[100.2767,16.0449],[100.2766,16.0446],[100.2761,16.0446]]]}},{"type":"Feature","properties":{"kind":"seasonal","area_km2":0.306,"date":"2026-10-09"},"geometry":{"type":"Polygon","coordinates":[[[100.0406,16.9478],[100.0403,16.9453],[100.0386,16.9453],[100.0389,16.9434],[100.0397,16.9434],[100.0406,16.9445],[100.0417,16.9445],[100.0423,16.944],[100.0423,16.9421],[100.0428,16.9415],[100.0445,16.9418],[100.0439,16.9402],[100.0448,16.9402],[100.0448,16.941],[100.0456,16.9412],[100.0459,16.9445],[100.0451,16.9445],[100.0451,16.9461],[100.0457,16.9464],[100.0457,16.9475],[100.0443,16.9472],[100.044,16.9459],[100.0434,16.9459],[100.0431,16.9464],[100.0414,16.9467],[100.0414,16.9478],[100.0406,16.9478]]]}},{"type":"Feature","properties":{"kind":"seasonal","area_km2":0.306,"date":"2026-10-09"},"geometry":{"type":"Polygon","coordinates":[[[100.052,16.8257],[100.0512,16.8249],[100.0512,16.8238],[100.0495,16.8241],[100.0495,16.823],[100.0489,16.8227],[100.0489,16.8216],[100.0498,16.8208],[100.0497,16.8197],[100.0506,16.8186],[100.052,16.8186],[100.0517,16.82],[100.0523,16.8205],[100.0545,16.8205],[100.0545,16.8222],[100.0548,16.8227],[100.0554,16.8227],[100.0554,16.8238],[100.0548,16.8238],[100.0548,16.8243],[100.054,16.8243],[100.052,16.8232],[100.0517,16.8238],[100.0526,16.8241],[100.0529,16.8249],[100.0534,16.8249],[100.0534,16.8257],[100.052,16.8257]]]}},{"type":"Feature","properties":{"kind":"seasonal","area_km2":0.306,"date":"2026-10-09"},"geometry":{"type":"Polygon","coordinates":[[[100.3841,16.535],[100.3827,16.5339],[100.383,16.5323],[100.3841,16.532],[100.3835,16.5287],[100.3869,16.5287],[100.3877,16.5295],[100.3877,16.5301],[100.3889,16.5306],[100.3897,16.5317],[100.3892,16.5339],[100.3875,16.5339],[100.3872,16.5322],[100.3861,16.532],[100.3852,16.5331],[100.3855,16.535],[100.3841,16.535]],[[100.3883,16.5328],[100.3886,16.533],[100.3886,16.5328],[100.3883,16.5328]]]}},{"type":"Feature","properties":{"kind":"seasonal","area_km2":0.305,"date":"2026-10-09"},"geometry":{"type":"Polygon","coordinates":[[[100.3828,16.5431],[100.3825,16.5415],[100.3808,16.5415],[100.3805,16.541],[100.3799,16.541],[100.3802,16.5391],[100.3827,16.539],[100.3824,16.538],[100.3836,16.5377],[100.3836,16.5399],[100.3844,16.5398],[100.3858,16.5393],[100.3867,16.5385],[100.3869,16.5374],[100.3881,16.5374],[100.3881,16.5385],[100.3895,16.5385],[100.3892,16.5398],[100.3881,16.5398],[100.3875,16.5409],[100.3856,16.5407],[100.3856,16.5423],[100.3828,16.5431]]]}},{"type":"Feature","properties":{"kind":"seasonal","area_km2":0.302,"date":"2026-10-09"},"geometry":{"type":"Polygon","coordinates":[[[100.2454,16.0716],[100.2451,16.0711],[100.2446,16.0711],[100.2446,16.0706],[100.244,16.0706],[100.2443,16.0687],[100.2434,16.0681],[100.2434,16.0673],[100.2429,16.0673],[100.2429,16.0665],[100.242,16.0662],[100.242,16.0651],[100.2428,16.0651],[100.2431,16.0646],[100.2442,16.0643],[100.244,16.0632],[100.2434,16.0632],[100.2431,16.0616],[100.2431,16.0608],[100.2439,16.06],[100.2451,16.06],[100.2448,16.0613],[100.2451,16.0621],[100.2459,16.0627],[100.2457,16.0654],[100.2462,16.0657],[100.2462,16.0673],[100.2451,16.0673],[100.2443,16.0678],[100.2457,16.0681],[100.246,16.0695],[100.2465,16.07],[100.2465,16.0716],[100.2454,16.0716]]]}},{"type":"Feature","properties":{"kind":"seasonal","area_km2":0.302,"date":"2026-10-09"},"geometry":{"type":"Polygon","coordinates":[[[100.2487,16.057],[100.2484,16.0556],[100.2498,16.0551],[100.2512,16.0534],[100.252,16.0534],[100.252,16.0542],[100.2515,16.0548],[100.2523,16.0548],[100.2526,16.0518],[100.2554,16.0518],[100.2559,16.052],[100.2557,16.0537],[100.2571,16.0534],[100.2568,16.0548],[100.2557,16.055],[100.2554,16.0542],[100.2543,16.0569],[100.2532,16.0569],[100.2532,16.0561],[100.2529,16.0569],[100.2487,16.057]]]}},{"type":"Feature","properties":{"kind":"seasonal","area_km2":0.301,"date":"2026-10-09"},"geometry":{"type":"Polygon","coordinates":[[[100.4315,16.1307],[100.4315,16.1301],[100.4304,16.1301],[100.4303,16.1288],[100.4309,16.1288],[100.4317,16.1279],[100.4317,16.1274],[100.4312,16.1274],[100.4312,16.1242],[100.432,16.1239],[100.4323,16.1231],[100.434,16.1236],[100.4351,16.1233],[100.4348,16.1266],[100.4345,16.1271],[100.4337,16.1271],[100.4337,16.1274],[100.4357,16.1274],[100.4354,16.1298],[100.4334,16.1301],[100.4332,16.129],[100.4326,16.129],[100.4323,16.1307],[100.4315,16.1307]],[[100.4329,16.1285],[100.4331,16.1274],[100.432,16.1277],[100.4329,16.1279],[100.4329,16.1285]],[[100.4329,16.1271],[100.4337,16.1271],[100.4337,16.1266],[100.4331,16.1266],[100.4329,16.1271]]]}},{"type":"Feature","properties":{"kind":"seasonal","area_km2":0.297,"date":"2026-10-09"},"geometry":{"type":"Polygon","coordinates":[[[100.4112,16.3228],[100.411,16.322],[100.4098,16.3211],[100.4087,16.3217],[100.409,16.3193],[100.4098,16.3192],[100.4098,16.3203],[100.4107,16.3203],[100.4107,16.3198],[100.4112,16.3198],[100.4115,16.3192],[100.4107,16.3184],[100.4093,16.3184],[100.4092,16.3174],[100.4104,16.3173],[100.4101,16.3152],[100.4109,16.3152],[100.4109,16.3168],[100.4123,16.3171],[100.4126,16.3179],[100.4149,16.3176],[100.4149,16.3187],[100.4135,16.3187],[100.4129,16.3192],[100.4143,16.3192],[100.4143,16.3198],[100.4152,16.3198],[100.4152,16.3192],[100.4177,16.3192],[100.4177,16.3203],[100.4152,16.32],[100.4152,16.3206],[100.4146,16.3206],[100.4143,16.3214],[100.4126,16.3214],[100.4124,16.3206],[100.4118,16.3206],[100.4124,16.3222],[100.4121,16.3228],[100.4112,16.3228]],[[100.4124,16.32],[100.4126,16.3203],[100.4126,16.32],[100.4124,16.32]],[[100.4135,16.32],[100.4138,16.3203],[100.4138,16.32],[100.4135,16.32]]]}},{"type":"Feature","properties":{"kind":"seasonal","area_km2":0.297,"date":"2026-10-09"},"geometry":{"type":"Polygon","coordinates":[[[100.256,16.109],[100.2568,16.1041],[100.2574,16.1033],[100.2585,16.1033],[100.2585,16.1027],[100.2579,16.1027],[100.2579,16.1014],[100.2585,16.1014],[100.2593,16.1022],[100.2616,16.1019],[100.2619,16.103],[100.2624,16.1033],[100.2624,16.1049],[100.2616,16.1049],[100.2613,16.1057],[100.2608,16.1057],[100.2602,16.103],[100.2594,16.103],[100.2591,16.1041],[100.2596,16.1044],[100.2596,16.1057],[100.2602,16.1057],[100.2602,16.1063],[100.2597,16.1073],[100.2588,16.1076],[100.2597,16.1076],[100.2597,16.1082],[100.2577,16.1082],[100.2574,16.109],[100.256,16.109]]]}},{"type":"Feature","properties":{"kind":"seasonal","area_km2":0.292,"date":"2026-10-09"},"geometry":{"type":"Polygon","coordinates":[[[100.3851,16.1627],[100.3846,16.1622],[100.3846,16.1605],[100.384,16.1605],[100.3837,16.1611],[100.3826,16.1611],[100.382,16.1595],[100.3809,16.1597],[100.3806,16.1587],[100.3815,16.1584],[100.3812,16.1573],[100.3798,16.1573],[100.3795,16.156],[100.3781,16.1549],[100.3769,16.1549],[100.3769,16.1543],[100.3764,16.1543],[100.3764,16.1535],[100.3783,16.153],[100.3783,16.1541],[100.3797,16.1541],[100.38,16.1551],[100.3809,16.1559],[100.382,16.1559],[100.3843,16.1581],[100.3843,16.1586],[100.3851,16.1594],[100.3851,16.1605],[100.3857,16.1605],[100.3868,16.1619],[100.3868,16.1627],[100.3851,16.1627]],[[100.3829,16.1589],[100.3834,16.1594],[100.3834,16.1586],[100.3829,16.1589]]]}},{"type":"Feature","properties":{"kind":"seasonal","area_km2":0.285,"date":"2026-10-09"},"geometry":{"type":"Polygon","coordinates":[[[100.0091,16.9078],[100.0085,16.9064],[100.0071,16.9064],[100.0074,16.904],[100.0082,16.904],[100.0082,16.9048],[100.0088,16.9051],[100.0091,16.904],[100.0105,16.904],[100.0102,16.9016],[100.0127,16.9015],[100.013,16.9034],[100.0147,16.9037],[100.015,16.9056],[100.0139,16.9056],[100.0136,16.907],[100.0116,16.9067],[100.0116,16.9062],[100.0105,16.9059],[100.01,16.9078],[100.0091,16.9078]],[[100.0091,16.9056],[100.0094,16.9062],[100.0097,16.9056],[100.0091,16.9056]],[[100.0136,16.9045],[100.0139,16.9053],[100.0139,16.9045],[100.0136,16.9045]],[[100.0116,16.9051],[100.0125,16.9051],[100.0128,16.9045],[100.0105,16.9043],[100.0116,16.9051]],[[100.0122,16.9024],[100.0125,16.9026],[100.0125,16.9024],[100.0122,16.9024]]]}},{"type":"Feature","properties":{"kind":"seasonal","area_km2":0.284,"date":"2026-10-09"},"geometry":{"type":"Polygon","coordinates":[[[100.2049,16.2365],[100.2043,16.2359],[100.2049,16.2359],[100.2052,16.2346],[100.204,16.2335],[100.204,16.2319],[100.2035,16.2316],[100.2032,16.2327],[100.2018,16.2327],[100.2015,16.2319],[100.2004,16.2319],[100.2004,16.2311],[100.2012,16.23],[100.2071,16.2299],[100.2074,16.2318],[100.2068,16.2308],[100.2068,16.2318],[100.2063,16.2321],[100.2066,16.2332],[100.2057,16.234],[100.2069,16.234],[100.2069,16.2335],[100.2077,16.2335],[100.2077,16.2348],[100.2071,16.2348],[100.2069,16.2343],[100.2063,16.2365],[100.2049,16.2365]]]}},{"type":"Feature","properties":{"kind":"seasonal","area_km2":0.283,"date":"2026-10-09"},"geometry":{"type":"Polygon","coordinates":[[[100.4353,16.2377],[100.4353,16.2364],[100.4348,16.2364],[100.4348,16.2342],[100.4345,16.2367],[100.4336,16.2367],[100.4336,16.2353],[100.4328,16.2342],[100.4328,16.2321],[100.4333,16.2318],[100.4333,16.231],[100.4339,16.231],[100.4344,16.2301],[100.4356,16.2301],[100.4356,16.2318],[100.4375,16.2312],[100.4384,16.2331],[100.4384,16.2339],[100.437,16.2337],[100.437,16.2342],[100.4376,16.2342],[100.4376,16.2353],[100.4367,16.2356],[100.4365,16.2375],[100.4353,16.2377]],[[100.4353,16.2337],[100.4367,16.2337],[100.4367,16.2326],[100.4359,16.2326],[100.4353,16.2337]],[[100.4345,16.2315],[100.4347,16.2323],[100.4347,16.2315],[100.4345,16.2315]]]}},{"type":"Feature","properties":{"kind":"seasonal","area_km2":0.279,"date":"2026-10-09"},"geometry":{"type":"Polygon","coordinates":[[[100.0486,16.8187],[100.0483,16.817],[100.0478,16.8165],[100.0478,16.8154],[100.0483,16.8151],[100.0483,16.8146],[100.0477,16.8143],[100.048,16.813],[100.0474,16.81],[100.0488,16.81],[100.0494,16.8138],[100.0506,16.8138],[100.0506,16.8146],[100.0494,16.8149],[100.0494,16.8159],[100.0503,16.8162],[100.0503,16.8154],[100.0514,16.8146],[100.0511,16.8132],[100.052,16.8132],[100.0523,16.8151],[100.0528,16.8154],[100.0528,16.8165],[100.052,16.8178],[100.0486,16.8187]]]}},{"type":"Feature","properties":{"kind":"seasonal","area_km2":0.279,"date":"2026-10-09"},"geometry":{"type":"Polygon","coordinates":[[[100.33,16.756],[100.33,16.7533],[100.3291,16.7528],[100.3291,16.7517],[100.3299,16.7509],[100.3299,16.7501],[100.3291,16.7493],[100.3294,16.7474],[100.3302,16.7473],[100.3308,16.7479],[100.3305,16.7498],[100.3311,16.7503],[100.3311,16.752],[100.3302,16.752],[100.3302,16.7533],[100.3308,16.7533],[100.3308,16.7528],[100.3322,16.7528],[100.3322,16.7511],[100.3316,16.7511],[100.3313,16.7506],[100.3319,16.7503],[100.3319,16.7498],[100.3313,16.7498],[100.3313,16.749],[100.3322,16.749],[100.3325,16.7503],[100.3333,16.7511],[100.3333,16.7525],[100.3342,16.7527],[100.3342,16.7544],[100.3367,16.7544],[100.3365,16.7557],[100.3345,16.7557],[100.3342,16.7552],[100.3328,16.7552],[100.3325,16.7538],[100.3317,16.7536],[100.3314,16.756],[100.33,16.756]]]}},{"type":"Feature","properties":{"kind":"seasonal","area_km2":0.274,"date":"2026-10-09"},"geometry":{"type":"Polygon","coordinates":[[[100.3948,16.3719],[100.3945,16.3709],[100.3931,16.3706],[100.3928,16.3682],[100.3922,16.3676],[100.3902,16.3671],[100.3888,16.3655],[100.3885,16.3636],[100.3902,16.3636],[100.3902,16.3619],[100.3924,16.363],[100.3924,16.3641],[100.3913,16.3649],[100.3927,16.3657],[100.3927,16.3665],[100.3942,16.3676],[100.3942,16.3682],[100.3953,16.3692],[100.395,16.3717],[100.3956,16.3719],[100.3948,16.3719]]]}},{"type":"Feature","properties":{"kind":"seasonal","area_km2":0.27,"date":"2026-10-09"},"geometry":{"type":"Polygon","coordinates":[[[100.3834,16.1567],[100.382,16.1554],[100.382,16.1546],[100.3812,16.154],[100.3811,16.1521],[100.3834,16.1521],[100.3834,16.151],[100.3817,16.1513],[100.3817,16.1505],[100.3822,16.1502],[100.3828,16.1489],[100.3845,16.1486],[100.3845,16.1505],[100.3851,16.1508],[100.3851,16.1521],[100.3856,16.1524],[100.3856,16.1546],[100.3842,16.1548],[100.3845,16.1567],[100.3834,16.1567]]]}},{"type":"Feature","properties":{"kind":"seasonal","area_km2":0.269,"date":"2026-10-09"},"geometry":{"type":"Polygon","coordinates":[[[100.2825,16.0413],[100.2825,16.0402],[100.28,16.04],[100.28,16.0359],[100.2816,16.0354],[100.2813,16.0335],[100.2827,16.0335],[100.2833,16.0359],[100.2847,16.0364],[100.2842,16.0391],[100.2831,16.0397],[100.2836,16.0402],[100.2836,16.0413],[100.2825,16.0413]]]}},{"type":"Feature","properties":{"kind":"seasonal","area_km2":0.267,"date":"2026-10-09"},"geometry":{"type":"Polygon","coordinates":[[[100.1378,16.861],[100.1378,16.8599],[100.1395,16.8602],[100.1395,16.8597],[100.1381,16.8597],[100.1378,16.8586],[100.1395,16.858],[100.1398,16.8564],[100.1412,16.855],[100.1434,16.855],[100.1437,16.8572],[100.1426,16.8575],[100.144,16.8575],[100.1446,16.8596],[100.1437,16.8604],[100.1418,16.8602],[100.142,16.8583],[100.1412,16.858],[100.1409,16.8597],[100.1398,16.8602],[100.1398,16.861],[100.1378,16.861]]]}},{"type":"Feature","properties":{"kind":"seasonal","area_km2":0.266,"date":"2026-10-09"},"geometry":{"type":"Polygon","coordinates":[[[100.1491,16.8626],[100.1488,16.861],[100.1485,16.8618],[100.1468,16.8618],[100.1454,16.8613],[100.1457,16.8591],[100.1463,16.8588],[100.1463,16.8583],[100.1471,16.8583],[100.1494,16.8593],[100.1494,16.8588],[100.1488,16.8585],[100.1488,16.8574],[100.1499,16.8566],[100.1499,16.8555],[100.1516,16.855],[100.1513,16.8574],[100.1502,16.8588],[100.1511,16.8596],[100.1513,16.8609],[100.1502,16.8626],[100.1491,16.8626]],[[100.1468,16.8599],[100.1474,16.8599],[100.1474,16.8593],[100.1468,16.8593],[100.1468,16.8599]]]}},{"type":"Feature","properties":{"kind":"seasonal","area_km2":0.265,"date":"2026-10-09"},"geometry":{"type":"Polygon","coordinates":[[[100.2579,16.3121],[100.2576,16.3107],[100.257,16.3107],[100.2562,16.3096],[100.255,16.3094],[100.255,16.3086],[100.2539,16.3097],[100.252,16.3094],[100.252,16.3086],[100.2531,16.3083],[100.2531,16.3078],[100.2525,16.3078],[100.2525,16.3067],[100.2533,16.3064],[100.2536,16.3056],[100.2553,16.3056],[100.2559,16.3067],[100.2567,16.3064],[100.257,16.3075],[100.259,16.3088],[100.2593,16.3104],[100.2584,16.3113],[100.259,16.3115],[100.259,16.3121],[100.2579,16.3121]],[[100.2539,16.3072],[100.2542,16.3078],[100.2542,16.3072],[100.2539,16.3072]],[[100.2542,16.3064],[100.2547,16.3067],[100.2547,16.3064],[100.2542,16.3064]]]}},{"type":"Feature","properties":{"kind":"seasonal","area_km2":0.257,"date":"2026-10-09"},"geometry":{"type":"Polygon","coordinates":[[[100.0343,16.8708],[100.0337,16.87],[100.032,16.8705],[100.0312,16.8697],[100.0295,16.8695],[100.0297,16.8681],[100.0309,16.8678],[100.0306,16.8657],[100.0317,16.8657],[100.032,16.8646],[100.0331,16.8646],[100.0337,16.8654],[100.0337,16.8665],[100.0325,16.8665],[100.032,16.867],[100.0323,16.8684],[100.0328,16.8686],[100.0331,16.8678],[100.0337,16.8678],[100.0337,16.8673],[100.0348,16.8673],[100.0357,16.8692],[100.0365,16.87],[100.0365,16.8708],[100.0343,16.8708]]]}},{"type":"Feature","properties":{"kind":"seasonal","area_km2":0.257,"date":"2026-10-09"},"geometry":{"type":"Polygon","coordinates":[[[100.3811,16.1465],[100.3808,16.1456],[100.3788,16.1454],[100.3786,16.1446],[100.3772,16.1448],[100.3772,16.1435],[100.3788,16.1432],[100.3797,16.1424],[100.3794,16.1413],[100.3799,16.141],[100.3799,16.14],[100.3813,16.1399],[100.3816,16.1427],[100.3842,16.1426],[100.3842,16.1434],[100.3833,16.1435],[100.3839,16.1437],[100.3839,16.1445],[100.383,16.1445],[100.383,16.144],[100.3819,16.1435],[100.3822,16.1451],[100.3831,16.1456],[100.3831,16.1464],[100.3811,16.1465]]]}},{"type":"Feature","properties":{"kind":"seasonal","area_km2":0.255,"date":"2026-10-09"},"geometry":{"type":"Polygon","coordinates":[[[100.1512,16.8786],[100.1503,16.877],[100.1503,16.8753],[100.1543,16.8756],[100.1542,16.875],[100.1517,16.8742],[100.1489,16.874],[100.1478,16.8732],[100.1478,16.8724],[100.1511,16.8729],[100.1517,16.8734],[100.1528,16.8731],[100.1548,16.8742],[100.1551,16.8756],[100.1545,16.8756],[100.1545,16.8761],[100.1548,16.8767],[100.1554,16.8767],[100.1554,16.8777],[100.1537,16.8777],[100.1537,16.8786],[100.1512,16.8786]]]}},{"type":"Feature","properties":{"kind":"seasonal","area_km2":0.252,"date":"2026-10-09"},"geometry":{"type":"Polygon","coordinates":[[[100.4167,16.3021],[100.4164,16.3],[100.417,16.2999],[100.417,16.2964],[100.4175,16.2961],[100.4175,16.2953],[100.4189,16.2953],[100.4189,16.2942],[100.42,16.2942],[100.4206,16.2945],[100.4209,16.2969],[100.4217,16.2972],[100.4217,16.2986],[100.4206,16.2986],[100.4203,16.2994],[100.4198,16.2991],[100.4195,16.3002],[100.4173,16.2999],[100.4176,16.3021],[100.4167,16.3021]]]}},{"type":"Feature","properties":{"kind":"seasonal","area_km2":0.252,"date":"2026-10-09"},"geometry":{"type":"Polygon","coordinates":[[[100.4167,16.1359],[100.4164,16.134],[100.4172,16.1337],[100.4172,16.1327],[100.4155,16.1327],[100.4152,16.1278],[100.416,16.1278],[100.4177,16.1294],[100.4194,16.1297],[100.4191,16.131],[100.4175,16.1318],[100.4175,16.1327],[100.418,16.1321],[100.4192,16.1324],[100.4189,16.1356],[100.4167,16.1359]]]}},{"type":"Feature","properties":{"kind":"seasonal","area_km2":0.251,"date":"2026-10-09"},"geometry":{"type":"Polygon","coordinates":[[[100.2088,16.4214],[100.2083,16.4208],[100.2086,16.4189],[100.2077,16.4189],[100.2071,16.4178],[100.206,16.4179],[100.206,16.4168],[100.2077,16.4165],[100.2082,16.4157],[100.2097,16.4157],[100.2096,16.4149],[100.2105,16.4148],[100.2105,16.4162],[100.213,16.4162],[100.213,16.4173],[100.2125,16.4181],[100.2105,16.4178],[100.2108,16.4208],[100.2103,16.4214],[100.2088,16.4214]]]}},{"type":"Feature","properties":{"kind":"seasonal","area_km2":0.247,"date":"2026-10-09"},"geometry":{"type":"Polygon","coordinates":[[[100.115,16.8107],[100.1144,16.8096],[100.1136,16.8096],[100.1136,16.8088],[100.113,16.8083],[100.113,16.8067],[100.1144,16.8064],[100.1156,16.8072],[100.1164,16.8069],[100.1164,16.8061],[100.1172,16.8061],[100.1172,16.8066],[100.1184,16.8066],[100.1184,16.8055],[100.1189,16.805],[100.12,16.805],[100.12,16.8042],[100.1209,16.8039],[100.1206,16.8061],[100.1189,16.8066],[100.1192,16.8074],[100.1181,16.8074],[100.1189,16.8077],[100.1189,16.8085],[100.1181,16.8085],[100.1173,16.8096],[100.1161,16.8096],[100.1161,16.8107],[100.115,16.8107]]]}},{"type":"Feature","properties":{"kind":"seasonal","area_km2":0.247,"date":"2026-10-09"},"geometry":{"type":"Polygon","coordinates":[[[100.1974,16.4385],[100.1963,16.4377],[100.1969,16.4361],[100.1957,16.4361],[100.1954,16.4353],[100.1924,16.435],[100.1915,16.4342],[100.1915,16.4331],[100.1904,16.4329],[100.1904,16.432],[100.1923,16.4318],[100.1938,16.4337],[100.1974,16.4342],[100.1977,16.4353],[100.1991,16.4352],[100.1994,16.4377],[100.1986,16.4385],[100.1974,16.4385]],[[100.1969,16.4358],[100.1971,16.4361],[100.1971,16.4358],[100.1969,16.4358]]]}},{"type":"Feature","properties":{"kind":"seasonal","area_km2":0.247,"date":"2026-10-09"},"geometry":{"type":"Polygon","coordinates":[[[100.1421,16.1942],[100.1409,16.1934],[100.1404,16.1921],[100.1398,16.1921],[100.1398,16.1915],[100.1392,16.1915],[100.1392,16.191],[100.1384,16.1902],[100.1384,16.1891],[100.1395,16.188],[100.1426,16.1883],[100.1437,16.1893],[100.1437,16.1904],[100.1429,16.191],[100.1429,16.1942],[100.1421,16.1942]]]}},{"type":"Feature","properties":{"kind":"seasonal","area_km2":0.246,"date":"2026-10-09"},"geometry":{"type":"Polygon","coordinates":[[[100.0376,16.9163],[100.037,16.9158],[100.0373,16.9144],[100.0384,16.9136],[100.0404,16.9136],[100.0404,16.9128],[100.0393,16.9125],[100.0393,16.9117],[100.0407,16.9103],[100.0415,16.9103],[100.0418,16.9114],[100.0424,16.9117],[100.0424,16.9133],[100.0429,16.9136],[100.0427,16.916],[100.0393,16.9163],[100.0384,16.9155],[100.0385,16.9163],[100.0376,16.9163]]]}},{"type":"Feature","properties":{"kind":"seasonal","area_km2":0.246,"date":"2026-10-09"},"geometry":{"type":"Polygon","coordinates":[[[100.3179,16.0121],[100.3174,16.0116],[100.3174,16.0105],[100.319,16.0105],[100.3196,16.0094],[100.3221,16.0091],[100.3224,16.0061],[100.3241,16.0061],[100.3249,16.0064],[100.3249,16.0069],[100.3255,16.0069],[100.3255,16.0077],[100.3246,16.0083],[100.3249,16.0107],[100.3238,16.0107],[100.3235,16.0115],[100.3224,16.0115],[100.3221,16.0102],[100.3213,16.0113],[100.3188,16.0113],[100.3188,16.0121],[100.3179,16.0121]],[[100.323,16.0091],[100.3238,16.0091],[100.3238,16.0085],[100.3227,16.0085],[100.323,16.0091]]]}},{"type":"Feature","properties":{"kind":"seasonal","area_km2":0.244,"date":"2026-10-09"},"geometry":{"type":"Polygon","coordinates":[[[100.2493,16.4187],[100.2501,16.4181],[100.2493,16.4176],[100.2493,16.4162],[100.2507,16.416],[100.2512,16.4151],[100.2512,16.4146],[100.2498,16.4149],[100.2498,16.4135],[100.2504,16.4135],[100.2518,16.4119],[100.2529,16.4119],[100.2526,16.4143],[100.2518,16.4149],[100.2532,16.4151],[100.2532,16.4165],[100.254,16.4168],[100.2541,16.4176],[100.2552,16.4176],[100.2552,16.4181],[100.256,16.4178],[100.256,16.4184],[100.2524,16.4187],[100.2521,16.4181],[100.2507,16.4181],[100.2504,16.4187],[100.2493,16.4187]],[[100.2526,16.4168],[100.2529,16.417],[100.2529,16.4168],[100.2526,16.4168]]]}},{"type":"Feature","properties":{"kind":"seasonal","area_km2":0.243,"date":"2026-10-09"},"geometry":{"type":"Polygon","coordinates":[[[100.3313,16.9412],[100.3304,16.9382],[100.3282,16.9385],[100.3279,16.9374],[100.3296,16.9369],[100.3298,16.9361],[100.3312,16.9358],[100.3315,16.9352],[100.3326,16.9352],[100.3332,16.9347],[100.3346,16.9344],[100.3349,16.9355],[100.3341,16.9363],[100.3341,16.9374],[100.3324,16.9388],[100.3324,16.9412],[100.3313,16.9412]]]}},{"type":"Feature","properties":{"kind":"seasonal","area_km2":0.239,"date":"2026-10-09"},"geometry":{"type":"Polygon","coordinates":[[[100.3731,16.7625],[100.3731,16.7606],[100.3717,16.7593],[100.3711,16.7593],[100.3705,16.7587],[100.3705,16.7579],[100.37,16.7577],[100.3699,16.7566],[100.3708,16.7566],[100.3713,16.756],[100.3736,16.7563],[100.3742,16.7576],[100.3759,16.7584],[100.3759,16.7595],[100.3742,16.7614],[100.3739,16.7625],[100.3731,16.7625]]]}},{"type":"Feature","properties":{"kind":"seasonal","area_km2":0.238,"date":"2026-10-09"},"geometry":{"type":"Polygon","coordinates":[[[100.1206,16.8573],[100.1195,16.8557],[100.1195,16.8549],[100.1203,16.8549],[100.1209,16.8543],[100.1206,16.8519],[100.1243,16.8524],[100.1245,16.8516],[100.1254,16.8516],[100.1254,16.8524],[100.126,16.8524],[100.126,16.8546],[100.1237,16.8546],[100.1215,16.8573],[100.1206,16.8573]],[[100.1229,16.8527],[100.1231,16.853],[100.1231,16.8527],[100.1229,16.8527]],[[100.1248,16.8527],[100.1251,16.853],[100.1251,16.8527],[100.1248,16.8527]]]}},{"type":"Feature","properties":{"kind":"seasonal","area_km2":0.237,"date":"2026-10-09"},"geometry":{"type":"Polygon","coordinates":[[[100.2814,16.0497],[100.2817,16.0484],[100.2812,16.0486],[100.2812,16.0492],[100.2798,16.0495],[100.2792,16.0492],[100.2792,16.0481],[100.2811,16.0465],[100.2811,16.0446],[100.2803,16.0435],[100.2803,16.0427],[100.2811,16.0424],[100.2817,16.0416],[100.2825,16.0416],[100.2825,16.0429],[100.282,16.0429],[100.2823,16.0454],[100.2831,16.0459],[100.2834,16.0451],[100.2851,16.0451],[100.2854,16.0465],[100.2834,16.0467],[100.2834,16.0478],[100.2823,16.0481],[100.2831,16.0486],[100.2831,16.0494],[100.2814,16.0497]]]}},{"type":"Feature","properties":{"kind":"seasonal","area_km2":0.234,"date":"2026-10-09"},"geometry":{"type":"Polygon","coordinates":[[[100.1347,16.8976],[100.1341,16.8968],[100.1318,16.8966],[100.1313,16.8958],[100.1313,16.895],[100.1324,16.8939],[100.1324,16.8928],[100.1341,16.8928],[100.1352,16.8933],[100.1352,16.8941],[100.1346,16.8941],[100.1352,16.8952],[100.1383,16.8946],[100.1383,16.8957],[100.1378,16.8963],[100.1386,16.8963],[100.1386,16.8971],[100.1369,16.8965],[100.1361,16.8974],[100.1347,16.8976]]]}},{"type":"Feature","properties":{"kind":"seasonal","area_km2":0.234,"date":"2026-10-09"},"geometry":{"type":"Polygon","coordinates":[[[100.2322,16.1631],[100.2317,16.1626],[100.2308,16.1626],[100.2308,16.1617],[100.2314,16.1612],[100.2294,16.1615],[100.2294,16.1604],[100.2289,16.1615],[100.2275,16.1618],[100.2277,16.1599],[100.2291,16.1599],[100.2291,16.1588],[100.23,16.1588],[100.2305,16.1582],[100.2302,16.1569],[100.233,16.1568],[100.233,16.1585],[100.2314,16.1582],[100.2314,16.1588],[100.2331,16.1587],[100.2328,16.1604],[100.2333,16.1609],[100.2334,16.162],[100.2331,16.1631],[100.2322,16.1631]],[[100.2305,16.1604],[100.2311,16.1604],[100.2311,16.1598],[100.2303,16.1598],[100.2305,16.1604]]]}},{"type":"Feature","properties":{"kind":"seasonal","area_km2":0.23,"date":"2026-10-09"},"geometry":{"type":"Polygon","coordinates":[[[100.0539,16.8588],[100.0536,16.8577],[100.0525,16.8569],[100.0525,16.8558],[100.0533,16.8558],[100.0536,16.8552],[100.055,16.8555],[100.055,16.855],[100.0536,16.855],[100.0536,16.8542],[100.0553,16.8541],[100.0553,16.8531],[100.0561,16.8531],[100.0567,16.8539],[100.0578,16.8541],[100.0578,16.8549],[100.0559,16.855],[100.0559,16.856],[100.0581,16.856],[100.0584,16.8577],[100.0573,16.8585],[100.0553,16.8582],[100.055,16.8588],[100.0539,16.8588]]]}},{"type":"Feature","properties":{"kind":"seasonal","area_km2":0.23,"date":"2026-10-09"},"geometry":{"type":"Polygon","coordinates":[[[100.4301,16.0911],[100.4289,16.0906],[100.4295,16.0889],[100.4306,16.0881],[100.4315,16.0881],[100.4315,16.0886],[100.4326,16.0886],[100.4326,16.0875],[100.4315,16.0876],[100.4314,16.0867],[100.4357,16.0867],[100.4357,16.0883],[100.4345,16.0881],[100.4346,16.0905],[100.4337,16.0905],[100.4334,16.0911],[100.4323,16.0911],[100.432,16.0905],[100.4315,16.0911],[100.4301,16.0911]]]}},{"type":"Feature","properties":{"kind":"seasonal","area_km2":0.221,"date":"2026-10-09"},"geometry":{"type":"Polygon","coordinates":[[[100.2291,16.4641],[100.2288,16.4619],[100.2282,16.4614],[100.2265,16.4617],[100.2254,16.4603],[100.2254,16.4595],[100.2265,16.4592],[100.2265,16.4581],[100.2279,16.4573],[100.2282,16.456],[100.229,16.456],[100.2293,16.4565],[100.229,16.4592],[100.2296,16.4592],[100.2304,16.4606],[100.2305,16.4622],[100.2299,16.4625],[100.2302,16.4641],[100.2291,16.4641]],[[100.2271,16.4603],[100.2282,16.46],[100.2282,16.4595],[100.2273,16.4589],[100.2265,16.4592],[100.2271,16.4603]]]}},{"type":"Feature","properties":{"kind":"seasonal","area_km2":0.221,"date":"2026-10-09"},"geometry":{"type":"Polygon","coordinates":[[[100.0856,16.832],[100.085,16.8309],[100.0828,16.831],[100.0822,16.8304],[100.0822,16.8296],[100.083,16.8288],[100.0839,16.8288],[100.0841,16.8274],[100.087,16.8279],[100.0886,16.8277],[100.0886,16.8285],[100.0878,16.8285],[100.0878,16.8309],[100.087,16.8317],[100.0856,16.832]]]}},{"type":"Feature","properties":{"kind":"seasonal","area_km2":0.221,"date":"2026-10-09"},"geometry":{"type":"Polygon","coordinates":[[[100.1748,16.4614],[100.1742,16.4609],[100.1742,16.4595],[100.1765,16.4598],[100.1768,16.459],[100.1779,16.4584],[100.1779,16.4576],[100.1793,16.4576],[100.1793,16.4562],[100.181,16.4562],[100.1812,16.4568],[100.1824,16.4568],[100.1827,16.4584],[100.1821,16.4589],[100.1796,16.4595],[100.1793,16.4611],[100.1757,16.4606],[100.1757,16.4614],[100.1748,16.4614]],[[100.1793,16.4587],[100.1799,16.4587],[100.1804,16.4579],[100.1793,16.4576],[100.1793,16.4587]]]}},{"type":"Feature","properties":{"kind":"seasonal","area_km2":0.221,"date":"2026-10-09"},"geometry":{"type":"Polygon","coordinates":[[[100.3055,16.004],[100.305,16.0035],[100.3053,16.0024],[100.3044,16.0021],[100.3038,16.0005],[100.3033,16.0011],[100.3016,16.0011],[100.301,16.0005],[100.301,15.9997],[100.3019,15.9989],[100.3027,15.9989],[100.3033,15.9997],[100.3047,15.9997],[100.3052,16.0005],[100.3072,16.0002],[100.3078,16.0013],[100.3095,16.0013],[100.3092,16.0029],[100.3075,16.0029],[100.3072,16.004],[100.3055,16.004]]]}},{"type":"Feature","properties":{"kind":"seasonal","area_km2":0.218,"date":"2026-10-09"},"geometry":{"type":"Polygon","coordinates":[[[100.4058,16.3862],[100.4016,16.386],[100.401,16.3852],[100.3999,16.3852],[100.3999,16.3844],[100.403,16.3844],[100.403,16.3806],[100.4041,16.3803],[100.4044,16.3797],[100.4052,16.3797],[100.4055,16.3816],[100.4047,16.3838],[100.4058,16.3843],[100.4058,16.3862]]]}},{"type":"Feature","properties":{"kind":"seasonal","area_km2":0.217,"date":"2026-10-09"},"geometry":{"type":"Polygon","coordinates":[[[100.1477,16.1966],[100.146,16.1961],[100.1457,16.1956],[100.144,16.1948],[100.144,16.194],[100.1454,16.1939],[100.1468,16.195],[100.1488,16.1947],[100.1488,16.1937],[100.1482,16.1928],[100.1477,16.1928],[100.1474,16.1923],[100.1454,16.192],[100.1454,16.1907],[100.1463,16.1907],[100.1465,16.1912],[100.1488,16.1912],[100.1508,16.1931],[100.1497,16.1964],[100.1477,16.1966]]]}},{"type":"Feature","properties":{"kind":"seasonal","area_km2":0.216,"date":"2026-10-09"},"geometry":{"type":"Polygon","coordinates":[[[100.4194,16.1288],[100.4174,16.1283],[100.4174,16.1267],[100.418,16.1261],[100.4177,16.1251],[100.4169,16.1256],[100.4169,16.1272],[100.4157,16.1272],[100.4157,16.1243],[100.4166,16.1234],[100.4174,16.1234],[100.4174,16.124],[100.4194,16.124],[100.4199,16.1234],[100.4208,16.1234],[100.4208,16.1253],[100.4202,16.1256],[100.42,16.1283],[100.4194,16.1288]]]}},{"type":"Feature","properties":{"kind":"seasonal","area_km2":0.216,"date":"2026-10-09"},"geometry":{"type":"Polygon","coordinates":[[[100.4138,16.0565],[100.4116,16.0562],[100.4116,16.0551],[100.4113,16.056],[100.4088,16.0554],[100.4088,16.0541],[100.4093,16.0541],[100.409,16.0519],[100.4099,16.0519],[100.4105,16.0524],[100.4099,16.0541],[100.4107,16.0541],[100.4107,16.053],[100.4121,16.053],[100.4124,16.0524],[100.4133,16.0524],[100.4132,16.0508],[100.4146,16.0505],[100.4152,16.0521],[100.4141,16.0524],[100.4141,16.053],[100.4133,16.0535],[100.4138,16.0565]]]}},{"type":"Feature","properties":{"kind":"seasonal","area_km2":0.215,"date":"2026-10-09"},"geometry":{"type":"Polygon","coordinates":[[[100.0823,16.9546],[100.0823,16.9516],[100.0837,16.9516],[100.0843,16.9511],[100.084,16.9484],[100.086,16.9483],[100.086,16.9475],[100.0876,16.9475],[100.0876,16.9486],[100.0868,16.9486],[100.0868,16.9492],[100.0879,16.9497],[100.0877,16.9516],[100.086,16.9521],[100.0857,16.9527],[100.0846,16.9527],[100.0846,16.9521],[100.084,16.9521],[100.0829,16.9532],[100.0829,16.9546],[100.0823,16.9546]]]}},{"type":"Feature","properties":{"kind":"seasonal","area_km2":0.214,"date":"2026-10-09"},"geometry":{"type":"Polygon","coordinates":[[[100.4043,16.3776],[100.4041,16.3768],[100.4021,16.3765],[100.4012,16.3754],[100.3998,16.3754],[100.3998,16.3746],[100.4007,16.3741],[100.4009,16.373],[100.4046,16.3732],[100.4057,16.374],[100.4057,16.3746],[100.4063,16.3743],[100.4055,16.3773],[100.4043,16.3776]]]}},{"type":"Feature","properties":{"kind":"seasonal","area_km2":0.213,"date":"2026-10-09"},"geometry":{"type":"Polygon","coordinates":[[[100.1417,16.7075],[100.142,16.7064],[100.1403,16.7067],[100.1397,16.7062],[100.14,16.7054],[100.1394,16.7056],[100.1394,16.7046],[100.1403,16.7029],[100.1445,16.7037],[100.1453,16.7048],[100.1462,16.7048],[100.1462,16.7056],[100.1431,16.7059],[100.1434,16.7064],[100.1445,16.7062],[100.1445,16.707],[100.1417,16.7075]],[[100.1406,16.7037],[100.1408,16.7043],[100.1408,16.7037],[100.1406,16.7037]]]}},{"type":"Feature","properties":{"kind":"seasonal","area_km2":0.212,"date":"2026-10-09"},"geometry":{"type":"Polygon","coordinates":[[[100.3204,16.6769],[100.3201,16.6753],[100.3187,16.675],[100.3187,16.6739],[100.3193,16.6734],[100.3201,16.6734],[100.3204,16.6728],[100.3218,16.6728],[100.3221,16.672],[100.3235,16.672],[100.3243,16.6736],[100.3244,16.6758],[100.3238,16.6764],[100.3224,16.6764],[100.3221,16.6753],[100.3221,16.6764],[100.3216,16.6769],[100.3204,16.6769]],[[100.3218,16.6737],[100.3221,16.6745],[100.3221,16.6737],[100.3218,16.6737]]]}},{"type":"Feature","properties":{"kind":"seasonal","area_km2":0.211,"date":"2026-10-09"},"geometry":{"type":"Polygon","coordinates":[[[100.2031,16.5892],[100.2009,16.589],[100.2009,16.5874],[100.2023,16.5871],[100.2028,16.5863],[100.204,16.5862],[100.2042,16.5854],[100.2051,16.5854],[100.2051,16.5843],[100.2056,16.5838],[100.2073,16.5843],[100.2073,16.5851],[100.2085,16.5857],[100.2085,16.5865],[100.2071,16.5868],[100.2071,16.5854],[100.2065,16.5854],[100.2057,16.5881],[100.2045,16.5881],[100.2031,16.5892]]]}},{"type":"Feature","properties":{"kind":"seasonal","area_km2":0.211,"date":"2026-10-09"},"geometry":{"type":"Polygon","coordinates":[[[100.3641,16.0744],[100.3618,16.0739],[100.3618,16.0726],[100.3632,16.0725],[100.3632,16.0731],[100.3643,16.0728],[100.3643,16.0717],[100.3618,16.0715],[100.3618,16.0707],[100.3626,16.0706],[100.3632,16.0698],[100.3643,16.0698],[100.3643,16.0715],[100.3657,16.0714],[100.3671,16.0722],[100.3688,16.072],[100.3688,16.0733],[100.368,16.0733],[100.3674,16.0744],[100.3641,16.0744]]]}},{"type":"Feature","properties":{"kind":"seasonal","area_km2":0.211,"date":"2026-10-09"},"geometry":{"type":"Polygon","coordinates":[[[100.1322,16.9047],[100.1322,16.9039],[100.133,16.9039],[100.1333,16.9033],[100.1319,16.9028],[100.1319,16.9006],[100.1313,16.9001],[100.1274,16.8999],[100.1271,16.8988],[100.1279,16.898],[100.1293,16.8979],[100.1293,16.8985],[100.1302,16.8985],[100.1304,16.8979],[100.1319,16.8979],[100.1321,16.8998],[100.1338,16.9001],[100.1339,16.9044],[100.1322,16.9047]]]}},{"type":"Feature","properties":{"kind":"seasonal","area_km2":0.208,"date":"2026-10-09"},"geometry":{"type":"Polygon","coordinates":[[[100.1156,16.1776],[100.1134,16.1773],[100.1128,16.1765],[100.1128,16.1722],[100.1136,16.1716],[100.115,16.1716],[100.1156,16.1743],[100.1167,16.1748],[100.1167,16.1765],[100.1156,16.1776]]]}},{"type":"Feature","properties":{"kind":"seasonal","area_km2":0.204,"date":"2026-10-09"},"geometry":{"type":"Polygon","coordinates":[[[100.3097,16.0821],[100.3097,16.0816],[100.3091,16.0816],[100.3086,16.0807],[100.3086,16.0797],[100.3077,16.0794],[100.3077,16.0783],[100.3088,16.0775],[100.3091,16.0764],[100.3102,16.0764],[100.3125,16.078],[100.3125,16.0791],[100.3119,16.0802],[100.3111,16.0807],[100.3111,16.0818],[100.3097,16.0821]]]}},{"type":"Feature","properties":{"kind":"seasonal","area_km2":0.202,"date":"2026-10-09"},"geometry":{"type":"Polygon","coordinates":[[[100.3807,16.529],[100.3804,16.5263],[100.379,16.5261],[100.3793,16.5239],[100.3818,16.5241],[100.3821,16.5233],[100.3835,16.5233],[100.3838,16.5252],[100.3832,16.526],[100.3832,16.5271],[100.3824,16.5274],[100.3821,16.529],[100.3807,16.529]]]}},{"type":"Feature","properties":{"kind":"seasonal","area_km2":0.202,"date":"2026-10-09"},"geometry":{"type":"Polygon","coordinates":[[[100.2578,16.3468],[100.2578,16.346],[100.2572,16.3457],[100.2575,16.3443],[100.2598,16.3443],[100.2603,16.343],[100.2564,16.3433],[100.2564,16.3422],[100.2581,16.3414],[100.2626,16.3416],[100.2626,16.343],[100.2614,16.3432],[100.2609,16.3454],[100.2592,16.3451],[100.2586,16.3457],[100.2587,16.3468],[100.2578,16.3468]]]}},{"type":"Feature","properties":{"kind":"seasonal","area_km2":0.201,"date":"2026-10-09"},"geometry":{"type":"Polygon","coordinates":[[[100.4352,16.1474],[100.4347,16.145],[100.4338,16.1447],[100.4338,16.1428],[100.4352,16.1415],[100.4352,16.1409],[100.4369,16.1415],[100.4372,16.1407],[100.4386,16.1406],[100.4386,16.1415],[100.438,16.1415],[100.438,16.1425],[100.4375,16.1428],[100.4377,16.1442],[100.4372,16.1442],[100.4372,16.1447],[100.4352,16.145],[100.4364,16.1461],[100.4364,16.1472],[100.4352,16.1474]]]}},{"type":"Feature","properties":{"kind":"seasonal","area_km2":0.2,"date":"2026-10-09"},"geometry":{"type":"Polygon","coordinates":[[[100.3332,16.4011],[100.332,16.4006],[100.3309,16.3992],[100.3298,16.3989],[100.3286,16.3968],[100.3264,16.3971],[100.3264,16.396],[100.3303,16.3954],[100.3306,16.3965],[100.3312,16.3968],[100.3312,16.3976],[100.332,16.3984],[100.3346,16.3989],[100.3348,16.4005],[100.3332,16.4011]]]}},{"type":"Feature","properties":{"kind":"seasonal","area_km2":0.2,"date":"2026-10-09"},"geometry":{"type":"Polygon","coordinates":[[[100.2459,16.0619],[100.2459,16.0573],[100.2464,16.057],[100.2462,16.0556],[100.2473,16.0554],[100.2473,16.0562],[100.2481,16.0567],[100.2481,16.0581],[100.2504,16.058],[100.2507,16.0594],[100.2501,16.0594],[100.2501,16.0602],[100.2495,16.0605],[100.2479,16.0602],[100.2476,16.0619],[100.2459,16.0619]]]}},{"type":"Feature","properties":{"kind":"seasonal","area_km2":0.199,"date":"2026-10-09"},"geometry":{"type":"Polygon","coordinates":[[[100.4244,16.1239],[100.4213,16.1237],[100.4213,16.1231],[100.4208,16.1229],[100.4208,16.1215],[100.4213,16.121],[100.4222,16.121],[100.4222,16.1223],[100.423,16.1231],[100.4239,16.1231],[100.4236,16.1215],[100.4227,16.1212],[100.4227,16.1201],[100.4258,16.1201],[100.4258,16.1196],[100.4275,16.1198],[100.4275,16.1231],[100.4267,16.1231],[100.4266,16.1215],[100.4258,16.1212],[100.4258,16.122],[100.4247,16.1223],[100.425,16.1234],[100.4244,16.1239]]]}},{"type":"Feature","properties":{"kind":"seasonal","area_km2":0.197,"date":"2026-10-09"},"geometry":{"type":"Polygon","coordinates":[[[100.124,16.8985],[100.124,16.8972],[100.1251,16.8972],[100.1251,16.8958],[100.129,16.8952],[100.1299,16.8941],[100.1299,16.8928],[100.1313,16.8931],[100.131,16.8944],[100.1301,16.895],[100.1302,16.8958],[100.1307,16.8963],[100.1304,16.8974],[100.1273,16.8971],[100.1271,16.8977],[100.1262,16.8977],[100.1259,16.8985],[100.124,16.8985]]]}},{"type":"Feature","properties":{"kind":"seasonal","area_km2":0.197,"date":"2026-10-09"},"geometry":{"type":"Polygon","coordinates":[[[100.2373,16.1595],[100.2336,16.1587],[100.2339,16.1558],[100.2361,16.1555],[100.2367,16.1579],[100.2375,16.1576],[100.2375,16.1557],[100.2406,16.1557],[100.2403,16.1565],[100.2384,16.1571],[100.2384,16.1584],[100.2375,16.1587],[100.2373,16.1595]]]}},{"type":"Feature","properties":{"kind":"seasonal","area_km2":0.196,"date":"2026-10-09"},"geometry":{"type":"Polygon","coordinates":[[[100.3773,16.65],[100.377,16.6462],[100.3784,16.6454],[100.3784,16.6445],[100.3793,16.6445],[100.3796,16.6456],[100.379,16.6462],[100.3801,16.6464],[100.3801,16.6472],[100.3815,16.6472],[100.3816,16.6499],[100.3787,16.65],[100.3785,16.6489],[100.3782,16.65],[100.3773,16.65]]]}},{"type":"Feature","properties":{"kind":"seasonal","area_km2":0.195,"date":"2026-10-09"},"geometry":{"type":"Polygon","coordinates":[[[100.3387,16.4276],[100.3387,16.4236],[100.3409,16.4233],[100.3412,16.4241],[100.3417,16.4241],[100.3426,16.4233],[100.3432,16.4243],[100.3432,16.426],[100.3426,16.4271],[100.342,16.4271],[100.3418,16.4276],[100.3387,16.4276]],[[100.3392,16.4257],[100.3398,16.4257],[100.3398,16.4246],[100.3392,16.4246],[100.3392,16.4257]]]}},{"type":"Feature","properties":{"kind":"seasonal","area_km2":0.195,"date":"2026-10-09"},"geometry":{"type":"Polygon","coordinates":[[[100.2584,16.3053],[100.2581,16.3037],[100.2587,16.3034],[100.2587,16.3026],[100.2581,16.302],[100.2581,16.301],[100.2598,16.3012],[100.2598,16.3004],[100.2578,16.3001],[100.2578,16.2991],[100.2586,16.2988],[100.2586,16.298],[100.2597,16.298],[100.2612,16.299],[100.2614,16.3007],[100.2609,16.3007],[100.2609,16.3026],[100.2598,16.3028],[100.2601,16.3047],[100.2595,16.3053],[100.2584,16.3053]]]}},{"type":"Feature","properties":{"kind":"seasonal","area_km2":0.194,"date":"2026-10-09"},"geometry":{"type":"Polygon","coordinates":[[[100.1372,16.8496],[100.1369,16.8483],[100.1377,16.8472],[100.142,16.8472],[100.1425,16.8447],[100.1434,16.8447],[100.1431,16.8472],[100.1437,16.8474],[100.1437,16.848],[100.1428,16.848],[100.1428,16.8488],[100.1417,16.8488],[100.1417,16.8493],[100.1411,16.8496],[100.1372,16.8496]]]}},{"type":"Feature","properties":{"kind":"seasonal","area_km2":0.194,"date":"2026-10-09"},"geometry":{"type":"Polygon","coordinates":[[[100.2475,16.4106],[100.2459,16.4103],[100.2456,16.4084],[100.2458,16.4076],[100.2467,16.4076],[100.2467,16.4087],[100.2478,16.4084],[100.2478,16.4078],[100.247,16.4079],[100.247,16.4065],[100.2461,16.4065],[100.2461,16.406],[100.2464,16.4049],[100.2481,16.4043],[100.2481,16.4049],[100.2495,16.4049],[100.2495,16.4105],[100.2487,16.4103],[100.2489,16.4092],[100.2484,16.4089],[100.2475,16.4106]],[[100.2475,16.4062],[100.2481,16.4062],[100.2481,16.4051],[100.2475,16.4051],[100.2475,16.4062]]]}},{"type":"Feature","properties":{"kind":"seasonal","area_km2":0.194,"date":"2026-10-09"},"geometry":{"type":"Polygon","coordinates":[[[100.1816,16.6509],[100.1791,16.6504],[100.179,16.6479],[100.1785,16.6479],[100.1782,16.6474],[100.1782,16.6466],[100.1793,16.6466],[100.1793,16.6471],[100.1804,16.6482],[100.1813,16.6482],[100.1802,16.646],[100.1787,16.6463],[100.1787,16.6455],[100.1801,16.6444],[100.181,16.6444],[100.1816,16.6455],[100.1824,16.646],[100.1824,16.6479],[100.1816,16.6482],[100.1816,16.6509]]]}},{"type":"Feature","properties":{"kind":"seasonal","area_km2":0.19,"date":"2026-10-09"},"geometry":{"type":"Polygon","coordinates":[[[100.423,16.1586],[100.4227,16.1581],[100.4221,16.1581],[100.4221,16.157],[100.4213,16.157],[100.421,16.1546],[100.4199,16.1546],[100.4196,16.1538],[100.4196,16.1532],[100.4204,16.1532],[100.4207,16.1543],[100.4213,16.1543],[100.4218,16.1516],[100.4229,16.1516],[100.4235,16.1521],[100.423,16.1559],[100.4238,16.1559],[100.4238,16.1567],[100.4247,16.1573],[100.4247,16.1586],[100.423,16.1586]]]}},{"type":"Feature","properties":{"kind":"seasonal","area_km2":0.188,"date":"2026-10-09"},"geometry":{"type":"Polygon","coordinates":[[[100.0993,16.7289],[100.0991,16.7284],[100.0982,16.7284],[100.0979,16.7276],[100.0974,16.7278],[100.0974,16.7273],[100.0968,16.727],[100.0968,16.7257],[100.1021,16.7256],[100.1024,16.727],[100.1033,16.7273],[100.1033,16.7281],[100.1013,16.7284],[100.101,16.7289],[100.0993,16.7289]]]}},{"type":"Feature","properties":{"kind":"seasonal","area_km2":0.187,"date":"2026-10-09"},"geometry":{"type":"Polygon","coordinates":[[[100.0135,16.8373],[100.0132,16.8367],[100.0121,16.8365],[100.0121,16.8346],[100.0132,16.834],[100.0135,16.8329],[100.0149,16.8329],[100.0152,16.8324],[100.016,16.8324],[100.0163,16.8332],[100.0172,16.8337],[100.0172,16.8348],[100.016,16.8345],[100.0161,16.8364],[100.0152,16.8364],[100.0146,16.8373],[100.0135,16.8373]]]}},{"type":"Feature","properties":{"kind":"seasonal","area_km2":0.184,"date":"2026-10-09"},"geometry":{"type":"Polygon","coordinates":[[[100.4066,16.1032],[100.4063,16.1026],[100.4038,16.1026],[100.4038,16.1013],[100.4043,16.1013],[100.4041,16.0997],[100.4049,16.0997],[100.4055,16.1002],[100.4055,16.101],[100.406,16.101],[100.4063,16.1002],[100.4057,16.0999],[100.4054,16.0978],[100.4088,16.0977],[100.4088,16.0985],[100.4083,16.0986],[100.4074,16.0994],[100.4077,16.1029],[100.4066,16.1032]]]}},{"type":"Feature","properties":{"kind":"seasonal","area_km2":0.183,"date":"2026-10-09"},"geometry":{"type":"Polygon","coordinates":[[[100.1217,16.8505],[100.1214,16.8492],[100.1203,16.8492],[100.1192,16.8484],[100.1192,16.8476],[100.1197,16.8476],[100.1206,16.8465],[100.1225,16.8465],[100.1225,16.847],[100.1237,16.8475],[100.1248,16.8492],[100.1268,16.8494],[100.1268,16.8502],[100.1231,16.85],[100.1226,16.8505],[100.1217,16.8505]]]}},{"type":"Feature","properties":{"kind":"seasonal","area_km2":0.183,"date":"2026-10-09"},"geometry":{"type":"Polygon","coordinates":[[[100.2595,16.045],[100.259,16.0439],[100.2579,16.0442],[100.2581,16.0428],[100.259,16.0428],[100.2593,16.0434],[100.2601,16.0431],[100.2595,16.0404],[100.2609,16.0404],[100.2615,16.0393],[100.2632,16.0393],[100.2632,16.0403],[100.2646,16.0409],[100.2649,16.042],[100.2643,16.0425],[100.2635,16.0425],[100.2629,16.0412],[100.2615,16.0412],[100.2618,16.0425],[100.2609,16.0428],[100.2609,16.0444],[100.2604,16.045],[100.2595,16.045]]]}},{"type":"Feature","properties":{"kind":"seasonal","area_km2":0.182,"date":"2026-10-09"},"geometry":{"type":"Polygon","coordinates":[[[100.243,16.4035],[100.2427,16.4027],[100.2405,16.4027],[100.2407,16.4017],[100.2413,16.4014],[100.2413,16.4006],[100.2435,16.4003],[100.2444,16.3992],[100.2455,16.3992],[100.2464,16.4],[100.2464,16.4008],[100.2469,16.4008],[100.2469,16.4013],[100.2461,16.4016],[100.2458,16.4024],[100.2441,16.4024],[100.2441,16.4035],[100.243,16.4035]],[[100.2438,16.4019],[100.2441,16.4022],[100.2441,16.4019],[100.2438,16.4019]],[[100.2436,16.4016],[100.2438,16.4019],[100.2438,16.4016],[100.2436,16.4016]]]}},{"type":"Feature","properties":{"kind":"seasonal","area_km2":0.18,"date":"2026-10-09"},"geometry":{"type":"Polygon","coordinates":[[[100.0391,16.826],[100.0368,16.8258],[100.0368,16.8244],[100.0382,16.8239],[100.0379,16.8225],[100.0388,16.8217],[100.0407,16.8217],[100.0413,16.8206],[100.0427,16.8206],[100.0427,16.8214],[100.0408,16.822],[100.041,16.8238],[100.0416,16.8233],[100.0424,16.8233],[100.0427,16.8244],[100.0422,16.8244],[100.0416,16.8252],[100.0408,16.8252],[100.0408,16.8241],[100.0399,16.8241],[100.0388,16.8249],[100.0391,16.826]]]}},{"type":"Feature","properties":{"kind":"seasonal","area_km2":0.18,"date":"2026-10-09"},"geometry":{"type":"Polygon","coordinates":[[[100.4258,16.2831],[100.4256,16.2825],[100.425,16.2825],[100.425,16.282],[100.4247,16.2825],[100.4233,16.2823],[100.4233,16.2815],[100.4241,16.2815],[100.4239,16.2793],[100.4244,16.279],[100.4244,16.2777],[100.4266,16.2777],[100.425,16.2771],[100.425,16.2763],[100.4266,16.2766],[100.4263,16.2752],[100.4269,16.2747],[100.4277,16.2747],[100.4278,16.2776],[100.4272,16.2776],[100.4278,16.2793],[100.4269,16.2793],[100.4269,16.2787],[100.4258,16.2787],[100.4253,16.2798],[100.4247,16.2798],[100.4247,16.2804],[100.4258,16.2812],[100.4258,16.2823],[100.4275,16.2825],[100.4275,16.2831],[100.4258,16.2831]]]}},{"type":"Feature","properties":{"kind":"seasonal","area_km2":0.178,"date":"2026-10-09"},"geometry":{"type":"Polygon","coordinates":[[[100.0434,16.8924],[100.0425,16.8908],[100.0425,16.8892],[100.0431,16.8886],[100.0417,16.8884],[100.0417,16.8876],[100.0448,16.887],[100.0448,16.8886],[100.0459,16.8897],[100.0459,16.8922],[100.0434,16.8924]]]}},{"type":"Feature","properties":{"kind":"seasonal","area_km2":0.175,"date":"2026-10-09"},"geometry":{"type":"Polygon","coordinates":[[[100.3955,16.4026],[100.395,16.4007],[100.3958,16.4004],[100.3972,16.3988],[100.3994,16.399],[100.3997,16.3982],[100.4006,16.3982],[100.4006,16.3988],[100.4014,16.399],[100.4014,16.4004],[100.4009,16.4012],[100.3986,16.4012],[100.398,16.4004],[100.3975,16.4004],[100.3978,16.4015],[100.3972,16.4012],[100.3969,16.4023],[100.3955,16.4026]]]}},{"type":"Feature","properties":{"kind":"seasonal","area_km2":0.174,"date":"2026-10-09"},"geometry":{"type":"Polygon","coordinates":[[[100.0212,16.8573],[100.0212,16.8568],[100.0201,16.8559],[100.0201,16.8549],[100.0187,16.8541],[100.0181,16.8519],[100.0201,16.8519],[100.0198,16.853],[100.0215,16.853],[100.0226,16.854],[100.0235,16.857],[100.0212,16.8573]]]}},{"type":"Feature","properties":{"kind":"seasonal","area_km2":0.173,"date":"2026-10-09"},"geometry":{"type":"Polygon","coordinates":[[[100.0868,16.9999],[100.0871,16.998],[100.0885,16.9979],[100.0891,16.9993],[100.0896,16.9993],[100.0908,16.9988],[100.0913,16.9971],[100.093,16.9966],[100.0933,16.996],[100.0941,16.996],[100.0941,16.9971],[100.0933,16.9979],[100.0933,16.9985],[100.0944,16.9985],[100.0953,16.9995],[100.0922,16.9998],[100.0916,16.9987],[100.091,16.999],[100.091,16.9998],[100.0868,16.9999]]]}},{"type":"Feature","properties":{"kind":"seasonal","area_km2":0.172,"date":"2026-10-09"},"geometry":{"type":"Polygon","coordinates":[[[100.2243,16.4145],[100.2243,16.414],[100.2237,16.414],[100.2242,16.411],[100.2251,16.411],[100.2251,16.4118],[100.2259,16.4115],[100.2259,16.412],[100.2268,16.412],[100.2273,16.4115],[100.2273,16.4096],[100.2307,16.4101],[100.2307,16.4115],[100.2301,16.412],[100.2282,16.412],[100.2276,16.4126],[100.2268,16.4126],[100.2265,16.4131],[100.2257,16.4131],[100.2257,16.4142],[100.2251,16.4139],[100.2251,16.4145],[100.2243,16.4145]]]}},{"type":"Feature","properties":{"kind":"seasonal","area_km2":0.172,"date":"2026-10-09"},"geometry":{"type":"Polygon","coordinates":[[[100.4336,16.225],[100.4319,16.2245],[100.4319,16.2226],[100.4341,16.2226],[100.4358,16.222],[100.4361,16.2215],[100.4372,16.2215],[100.4375,16.2204],[100.4383,16.2204],[100.4383,16.2242],[100.4366,16.2242],[100.4361,16.2236],[100.4352,16.2236],[100.4347,16.2228],[100.4344,16.2242],[100.4336,16.2242],[100.4336,16.225]]]}},{"type":"Feature","properties":{"kind":"seasonal","area_km2":0.172,"date":"2026-10-09"},"geometry":{"type":"Polygon","coordinates":[[[100.2534,16.0507],[100.2531,16.0488],[100.2523,16.0485],[100.2523,16.0475],[100.2506,16.0472],[100.2506,16.0461],[100.2511,16.0456],[100.2525,16.0458],[100.2545,16.0453],[100.2545,16.0458],[100.2551,16.0461],[100.2554,16.0483],[100.2551,16.0488],[100.2545,16.0488],[100.2545,16.0504],[100.2534,16.0507]]]}},{"type":"Feature","properties":{"kind":"seasonal","area_km2":0.171,"date":"2026-10-09"},"geometry":{"type":"Polygon","coordinates":[[[100.0611,16.9395],[100.0611,16.9355],[100.0628,16.9352],[100.0625,16.9338],[100.0633,16.9333],[100.0633,16.9327],[100.0656,16.9322],[100.0661,16.9327],[100.0662,16.9338],[100.0647,16.9341],[100.0645,16.9352],[100.0636,16.9352],[100.0633,16.936],[100.0622,16.9363],[100.0622,16.9374],[100.0628,16.9373],[100.0628,16.9392],[100.0611,16.9395]]]}},{"type":"Feature","properties":{"kind":"seasonal","area_km2":0.168,"date":"2026-10-09"},"geometry":{"type":"Polygon","coordinates":[[[100.1612,16.6266],[100.1609,16.6261],[100.1598,16.6264],[100.16,16.6231],[100.1612,16.6228],[100.1611,16.6198],[100.1623,16.6198],[100.1623,16.622],[100.1631,16.6223],[100.1626,16.6247],[100.1629,16.6266],[100.1612,16.6266]]]}},{"type":"Feature","properties":{"kind":"seasonal","area_km2":0.167,"date":"2026-10-09"},"geometry":{"type":"Polygon","coordinates":[[[100.1576,16.8696],[100.1576,16.8685],[100.1565,16.868],[100.1565,16.8669],[100.1584,16.8669],[100.159,16.8661],[100.1609,16.8655],[100.1618,16.8671],[100.1618,16.8682],[100.161,16.8688],[100.161,16.8696],[100.1601,16.8696],[100.1598,16.869],[100.1576,16.8696]]]}},{"type":"Feature","properties":{"kind":"seasonal","area_km2":0.167,"date":"2026-10-09"},"geometry":{"type":"Polygon","coordinates":[[[100.4091,16.3293],[100.4071,16.329],[100.4073,16.325],[100.4107,16.3249],[100.411,16.3257],[100.4118,16.3263],[100.4118,16.3271],[100.4113,16.3274],[100.4113,16.3279],[100.4104,16.3279],[100.4104,16.3271],[100.4099,16.3271],[100.4099,16.3285],[100.409,16.3285],[100.4091,16.3293]],[[100.4082,16.3282],[100.4088,16.3282],[100.4088,16.3274],[100.4082,16.3274],[100.4082,16.3282]]]}},{"type":"Feature","properties":{"kind":"seasonal","area_km2":0.167,"date":"2026-10-09"},"geometry":{"type":"Polygon","coordinates":[[[100.1728,16.5862],[100.1725,16.584],[100.1733,16.5824],[100.1727,16.5821],[100.1727,16.5813],[100.1719,16.5807],[100.1719,16.5794],[100.1727,16.5794],[100.1736,16.581],[100.1736,16.5799],[100.1741,16.5799],[100.1741,16.5794],[100.1736,16.5794],[100.1736,16.5786],[100.175,16.5786],[100.1755,16.5799],[100.1761,16.5802],[100.1761,16.5813],[100.1739,16.5818],[100.1739,16.5826],[100.1747,16.5829],[100.1747,16.584],[100.1736,16.5845],[100.1736,16.5862],[100.1728,16.5862]]]}},{"type":"Feature","properties":{"kind":"seasonal","area_km2":0.166,"date":"2026-10-09"},"geometry":{"type":"Polygon","coordinates":[[[100.3237,16.5362],[100.3237,16.5327],[100.3248,16.5316],[100.3256,16.5316],[100.3268,16.5334],[100.3279,16.5334],[100.3279,16.5348],[100.3257,16.5362],[100.3237,16.5362]]]}},{"type":"Feature","properties":{"kind":"seasonal","area_km2":0.166,"date":"2026-10-09"},"geometry":{"type":"Polygon","coordinates":[[[100.2163,16.4048],[100.216,16.404],[100.2155,16.404],[100.2149,16.4032],[100.2138,16.4026],[100.2138,16.4013],[100.2149,16.401],[100.2152,16.4021],[100.216,16.4013],[100.218,16.401],[100.218,16.4018],[100.2194,16.4012],[100.2194,16.4031],[100.2186,16.4037],[100.2189,16.4042],[100.2174,16.4042],[100.2172,16.4048],[100.2163,16.4048]]]}},{"type":"Feature","properties":{"kind":"seasonal","area_km2":0.166,"date":"2026-10-09"},"geometry":{"type":"Polygon","coordinates":[[[100.4087,16.3583],[100.4084,16.3578],[100.4067,16.357],[100.4034,16.3572],[100.4025,16.3567],[100.4025,16.3559],[100.4056,16.3559],[100.405,16.354],[100.4067,16.3532],[100.4067,16.3542],[100.409,16.355],[100.4093,16.3583],[100.4087,16.3583]],[[100.4031,16.3564],[100.4033,16.3567],[100.4033,16.3564],[100.4031,16.3564]],[[100.4062,16.3561],[100.407,16.3561],[100.4073,16.3551],[100.4064,16.3551],[100.4062,16.3561]],[[100.4056,16.3553],[100.4061,16.3553],[100.4067,16.3545],[100.4056,16.3548],[100.4056,16.3553]]]}},{"type":"Feature","properties":{"kind":"seasonal","area_km2":0.164,"date":"2026-10-09"},"geometry":{"type":"Polygon","coordinates":[[[100.0008,16.8335],[100.0008,16.8319],[100.0017,16.8319],[100.0014,16.8297],[100.0025,16.8297],[100.0025,16.8305],[100.0031,16.8305],[100.0031,16.8289],[100.0039,16.8284],[100.0039,16.8267],[100.0064,16.8267],[100.007,16.8273],[100.007,16.8284],[100.0062,16.8284],[100.0062,16.8278],[100.0056,16.8278],[100.0056,16.8286],[100.005,16.8286],[100.0048,16.8295],[100.0039,16.8297],[100.0045,16.8314],[100.002,16.8322],[100.002,16.8335],[100.0008,16.8335]]]}},{"type":"Feature","properties":{"kind":"seasonal","area_km2":0.164,"date":"2026-10-09"},"geometry":{"type":"Polygon","coordinates":[[[100.0525,16.4458],[100.0525,16.4453],[100.0516,16.4444],[100.0516,16.4434],[100.0525,16.4425],[100.0525,16.442],[100.0533,16.442],[100.0536,16.4442],[100.0545,16.4444],[100.055,16.4431],[100.0547,16.4414],[100.0553,16.4409],[100.0561,16.4409],[100.0567,16.4414],[100.0564,16.4441],[100.055,16.4455],[100.0525,16.4458]]]}},{"type":"Feature","properties":{"kind":"seasonal","area_km2":0.164,"date":"2026-10-09"},"geometry":{"type":"Polygon","coordinates":[[[100.2109,16.3896],[100.2112,16.3875],[100.2089,16.3872],[100.2089,16.3861],[100.2106,16.3866],[100.2106,16.3861],[100.2112,16.3858],[100.2109,16.3842],[100.2125,16.3834],[100.2131,16.3845],[100.2126,16.3847],[100.2123,16.3858],[100.2134,16.3861],[100.2134,16.3869],[100.2126,16.3877],[100.2129,16.3883],[100.214,16.3883],[100.214,16.3891],[100.2123,16.3891],[100.212,16.3896],[100.2109,16.3896]]]}},{"type":"Feature","properties":{"kind":"seasonal","area_km2":0.163,"date":"2026-10-09"},"geometry":{"type":"Polygon","coordinates":[[[100.2557,16.4113],[100.2535,16.4113],[100.2532,16.4097],[100.2532,16.4089],[100.2543,16.4081],[100.2543,16.4075],[100.2517,16.4076],[100.2517,16.4065],[100.2554,16.4062],[100.2554,16.4067],[100.2568,16.4067],[100.2568,16.4081],[100.2554,16.4083],[100.2557,16.4092],[100.2551,16.4094],[100.2551,16.41],[100.2557,16.4102],[100.2557,16.4113]],[[100.254,16.4092],[100.2546,16.4094],[100.2546,16.4092],[100.254,16.4092]]]}},{"type":"Feature","properties":{"kind":"seasonal","area_km2":0.162,"date":"2026-10-09"},"geometry":{"type":"Polygon","coordinates":[[[100.209,16.3549],[100.2087,16.3541],[100.2076,16.3539],[100.2081,16.3538],[100.2093,16.3522],[100.2115,16.3519],[100.2115,16.3527],[100.2135,16.3525],[100.2138,16.3541],[100.2143,16.3522],[100.2152,16.3522],[100.2152,16.3541],[100.2146,16.3544],[100.2118,16.3546],[100.2118,16.3538],[100.2112,16.3538],[100.2112,16.3546],[100.209,16.3549]]]}},{"type":"Feature","properties":{"kind":"seasonal","area_km2":0.162,"date":"2026-10-09"},"geometry":{"type":"Polygon","coordinates":[[[100.4059,16.3179],[100.4053,16.3174],[100.4053,16.316],[100.4059,16.3155],[100.4059,16.3147],[100.4064,16.3144],[100.4064,16.3133],[100.4087,16.3133],[100.4084,16.3122],[100.4092,16.3119],[100.4092,16.3114],[100.4098,16.3114],[100.4098,16.3122],[100.4087,16.3141],[100.4089,16.3149],[100.4084,16.316],[100.4076,16.3166],[100.4081,16.3176],[100.4059,16.3179]]]}},{"type":"Feature","properties":{"kind":"seasonal","area_km2":0.161,"date":"2026-10-09"},"geometry":{"type":"Polygon","coordinates":[[[100.4224,16.109],[100.4223,16.1025],[100.4237,16.1022],[100.4237,16.1028],[100.4243,16.1031],[100.4276,16.1033],[100.4274,16.1044],[100.4246,16.1041],[100.424,16.1058],[100.4232,16.1066],[100.4235,16.1088],[100.4224,16.109]]]}},{"type":"Feature","properties":{"kind":"seasonal","area_km2":0.161,"date":"2026-10-09"},"geometry":{"type":"Polygon","coordinates":[[[100.2347,16.0218],[100.2339,16.0202],[100.2339,16.0191],[100.235,16.0185],[100.2353,16.0166],[100.2367,16.0166],[100.2369,16.0172],[100.2381,16.0174],[100.2384,16.0188],[100.2364,16.0202],[100.2361,16.0215],[100.2347,16.0218]]]}},{"type":"Feature","properties":{"kind":"seasonal","area_km2":0.16,"date":"2026-10-09"},"geometry":{"type":"Polygon","coordinates":[[[100.4148,16.3515],[100.4126,16.3507],[100.4112,16.3507],[100.4112,16.3499],[100.4128,16.3491],[100.4131,16.3485],[100.4176,16.3485],[100.4173,16.3501],[100.4162,16.3501],[100.4162,16.3515],[100.4148,16.3515]]]}},{"type":"Feature","properties":{"kind":"seasonal","area_km2":0.159,"date":"2026-10-09"},"geometry":{"type":"Polygon","coordinates":[[[100.4203,16.1023],[100.4203,16.1017],[100.4192,16.1017],[100.4192,16.1009],[100.4186,16.1009],[100.4189,16.0998],[100.42,16.0998],[100.4206,16.1001],[100.4206,16.1009],[100.4212,16.1009],[100.4209,16.0996],[100.422,16.0985],[100.4234,16.0985],[100.4234,16.0993],[100.4245,16.0993],[100.4243,16.102],[100.4234,16.102],[100.4229,16.1014],[100.4212,16.1014],[100.4212,16.1023],[100.4203,16.1023]]]}},{"type":"Feature","properties":{"kind":"seasonal","area_km2":0.158,"date":"2026-10-09"},"geometry":{"type":"Polygon","coordinates":[[[100.1568,16.8734],[100.1562,16.8726],[100.1545,16.8723],[100.1542,16.8712],[100.1548,16.8707],[100.1556,16.8707],[100.1562,16.8712],[100.1568,16.8699],[100.1576,16.8699],[100.1576,16.8704],[100.1596,16.8698],[100.1599,16.8704],[100.1593,16.8707],[100.1604,16.8709],[100.1604,16.8723],[100.1593,16.8723],[100.1593,16.8712],[100.1587,16.8712],[100.1585,16.872],[100.159,16.872],[100.159,16.8728],[100.1585,16.8734],[100.1568,16.8734]]]}},{"type":"Feature","properties":{"kind":"seasonal","area_km2":0.158,"date":"2026-10-09"},"geometry":{"type":"Polygon","coordinates":[[[100.2294,16.7764],[100.2291,16.7737],[100.2296,16.7732],[100.231,16.7732],[100.2313,16.7726],[100.2322,16.7726],[100.2322,16.7745],[100.2344,16.7751],[100.2344,16.7761],[100.2339,16.7764],[100.2294,16.7764]]]}},{"type":"Feature","properties":{"kind":"seasonal","area_km2":0.156,"date":"2026-10-09"},"geometry":{"type":"Polygon","coordinates":[[[100.0217,16.898],[100.0195,16.8977],[100.0195,16.8966],[100.0189,16.8964],[100.0186,16.8947],[100.0203,16.8926],[100.0214,16.8925],[100.0217,16.8928],[100.0217,16.8936],[100.0214,16.8936],[100.0214,16.8942],[100.0223,16.8947],[100.0223,16.8969],[100.0217,16.8972],[100.0217,16.898]],[[100.0198,16.8974],[100.02,16.8969],[100.0206,16.8969],[100.0206,16.8963],[100.0198,16.8964],[100.0198,16.8974]],[[100.0192,16.8961],[100.0195,16.8964],[100.0195,16.8961],[100.0192,16.8961]],[[100.0195,16.8958],[100.0198,16.8961],[100.0197,16.8958],[100.0195,16.8958]],[[100.0209,16.8936],[100.0212,16.8944],[100.0211,16.8936],[100.0209,16.8936]],[[100.0211,16.8934],[100.0214,16.8936],[100.0214,16.8934],[100.0211,16.8934]]]}},{"type":"Feature","properties":{"kind":"seasonal","area_km2":0.156,"date":"2026-10-09"},"geometry":{"type":"Polygon","coordinates":[[[100.1523,16.8721],[100.1523,16.871],[100.1531,16.8699],[100.1531,16.8693],[100.1525,16.8691],[100.1525,16.8672],[100.1511,16.8658],[100.1497,16.8661],[100.1497,16.8656],[100.1486,16.865],[100.148,16.8629],[100.1491,16.8631],[100.1491,16.8642],[100.1497,16.8648],[100.1514,16.8647],[100.1517,16.8653],[100.1528,16.8655],[100.1528,16.8661],[100.1536,16.8669],[100.1542,16.8696],[100.1537,16.8702],[100.1534,16.8721],[100.1523,16.8721]]]}},{"type":"Feature","properties":{"kind":"seasonal","area_km2":0.155,"date":"2026-10-09"},"geometry":{"type":"Polygon","coordinates":[[[100.4124,16.3317],[100.4113,16.3306],[100.4116,16.3285],[100.413,16.3284],[100.4138,16.3301],[100.4147,16.3298],[100.4147,16.329],[100.4178,16.3292],[100.4175,16.3314],[100.4141,16.3311],[100.4138,16.3306],[100.4136,16.3317],[100.4124,16.3317]]]}},{"type":"Feature","properties":{"kind":"seasonal","area_km2":0.154,"date":"2026-10-09"},"geometry":{"type":"Polygon","coordinates":[[[100.2503,16.0402],[100.2503,16.0383],[100.2486,16.038],[100.2486,16.0372],[100.2502,16.0364],[100.2505,16.0353],[100.2519,16.035],[100.2519,16.0363],[100.2525,16.0369],[100.2525,16.0377],[100.2531,16.0377],[100.2531,16.0385],[100.2522,16.0391],[100.2519,16.0401],[100.2503,16.0402]]]}},{"type":"Feature","properties":{"kind":"seasonal","area_km2":0.153,"date":"2026-10-09"},"geometry":{"type":"Polygon","coordinates":[[[100.1273,16.802],[100.1276,16.7998],[100.1271,16.7998],[100.1271,16.8012],[100.1248,16.8012],[100.1248,16.8001],[100.1256,16.7995],[100.1254,16.7979],[100.127,16.7982],[100.127,16.7987],[100.1299,16.799],[100.1299,16.8009],[100.129,16.8009],[100.129,16.802],[100.1273,16.802]]]}},{"type":"Feature","properties":{"kind":"seasonal","area_km2":0.153,"date":"2026-10-09"},"geometry":{"type":"Polygon","coordinates":[[[100.1487,16.7905],[100.1478,16.7899],[100.1464,16.7899],[100.1464,16.787],[100.1458,16.787],[100.1458,16.7856],[100.1472,16.7856],[100.1472,16.7867],[100.1492,16.7872],[100.1492,16.788],[100.1503,16.7891],[100.1504,16.7905],[100.1487,16.7905]]]}},{"type":"Feature","properties":{"kind":"seasonal","area_km2":0.153,"date":"2026-10-09"},"geometry":{"type":"Polygon","coordinates":[[[100.1553,16.4453],[100.155,16.4439],[100.1556,16.4439],[100.1559,16.4412],[100.1573,16.4414],[100.1573,16.4409],[100.1598,16.4409],[100.1598,16.4414],[100.1612,16.4417],[100.1618,16.4422],[100.1618,16.443],[100.1612,16.4433],[100.1607,16.4428],[100.157,16.4425],[100.157,16.4433],[100.1564,16.4439],[100.1567,16.4444],[100.1576,16.4444],[100.1576,16.4452],[100.1553,16.4453]]]}},{"type":"Feature","properties":{"kind":"seasonal","area_km2":0.153,"date":"2026-10-09"},"geometry":{"type":"Polygon","coordinates":[[[100.2067,16.4398],[100.205,16.4393],[100.2031,16.4393],[100.2028,16.4382],[100.2028,16.4369],[100.2042,16.4371],[100.205,16.4355],[100.2061,16.4355],[100.2067,16.4374],[100.2073,16.4376],[100.2073,16.439],[100.2067,16.4393],[100.2067,16.4398]]]}},{"type":"Feature","properties":{"kind":"seasonal","area_km2":0.151,"date":"2026-10-09"},"geometry":{"type":"Polygon","coordinates":[[[100.3993,16.0221],[100.3993,16.0211],[100.4004,16.0211],[100.4004,16.0205],[100.3996,16.0205],[100.3996,16.0194],[100.4001,16.0189],[100.4024,16.0186],[100.4024,16.0191],[100.4032,16.0194],[100.4038,16.0186],[100.4054,16.0186],[100.4055,16.0199],[100.4032,16.02],[100.4024,16.0216],[100.4015,16.0216],[100.401,16.0221],[100.3993,16.0221]]]}},{"type":"Feature","properties":{"kind":"seasonal","area_km2":0.149,"date":"2026-10-09"},"geometry":{"type":"Polygon","coordinates":[[[100.4064,16.1506],[100.405,16.1493],[100.403,16.1496],[100.403,16.1474],[100.4044,16.1474],[100.4047,16.1479],[100.4052,16.1479],[100.4052,16.1471],[100.4078,16.1474],[100.4083,16.1479],[100.4083,16.149],[100.4075,16.1495],[100.4072,16.1506],[100.4064,16.1506]]]}},{"type":"Feature","properties":{"kind":"seasonal","area_km2":0.148,"date":"2026-10-09"},"geometry":{"type":"Polygon","coordinates":[[[100.2041,16.0109],[100.2044,16.0092],[100.2002,16.0098],[100.2002,16.0076],[100.2044,16.0076],[100.2047,16.0095],[100.2052,16.0087],[100.2049,16.0079],[100.2063,16.0079],[100.2066,16.0092],[100.2052,16.0095],[100.2055,16.0109],[100.2041,16.0109]]]}},{"type":"Feature","properties":{"kind":"seasonal","area_km2":0.148,"date":"2026-10-09"},"geometry":{"type":"Polygon","coordinates":[[[100.1039,16.7899],[100.1019,16.7896],[100.1011,16.7888],[100.1011,16.788],[100.1028,16.7885],[100.1019,16.7877],[100.1019,16.7867],[100.1028,16.7866],[100.1033,16.7875],[100.105,16.7872],[100.105,16.7883],[100.1061,16.7874],[100.1061,16.7866],[100.1076,16.7869],[100.1076,16.7877],[100.107,16.788],[100.1062,16.7896],[100.1053,16.7896],[100.1042,16.7888],[100.1039,16.7899]]]}},{"type":"Feature","properties":{"kind":"seasonal","area_km2":0.148,"date":"2026-10-09"},"geometry":{"type":"Polygon","coordinates":[[[100.2304,16.7683],[100.2307,16.7672],[100.2285,16.7667],[100.2279,16.7659],[100.2279,16.7642],[100.2287,16.7642],[100.2293,16.7634],[100.2304,16.7634],[100.2304,16.7648],[100.2296,16.7651],[100.2299,16.7661],[100.2304,16.7661],[100.2304,16.7656],[100.2327,16.7658],[100.2332,16.7653],[100.2332,16.7667],[100.2327,16.7669],[100.2327,16.7677],[100.2318,16.7683],[100.2304,16.7683]]]}},{"type":"Feature","properties":{"kind":"seasonal","area_km2":0.148,"date":"2026-10-09"},"geometry":{"type":"Polygon","coordinates":[[[100.1619,16.4563],[100.1618,16.455],[100.1624,16.4542],[100.1644,16.4542],[100.1643,16.4504],[100.1658,16.4503],[100.1658,16.4514],[100.1652,16.4522],[100.1658,16.4531],[100.1663,16.4531],[100.1661,16.4552],[100.1641,16.4555],[100.1641,16.4563],[100.1619,16.4563]]]}},{"type":"Feature","properties":{"kind":"seasonal","area_km2":0.147,"date":"2026-10-09"},"geometry":{"type":"Polygon","coordinates":[[[100.1397,16.8428],[100.1372,16.8426],[100.1374,16.8412],[100.1369,16.841],[100.1369,16.8402],[100.1346,16.8396],[100.1346,16.8383],[100.1374,16.838],[100.138,16.8391],[100.1377,16.8404],[100.1383,16.8404],[100.1383,16.8393],[100.1391,16.8393],[100.1397,16.8428]]]}},{"type":"Feature","properties":{"kind":"seasonal","area_km2":0.147,"date":"2026-10-09"},"geometry":{"type":"Polygon","coordinates":[[[100.1334,16.78],[100.1334,16.7794],[100.1326,16.7792],[100.1325,16.777],[100.1345,16.7773],[100.1345,16.7748],[100.137,16.7748],[100.1371,16.7781],[100.1345,16.7781],[100.134,16.78],[100.1334,16.78]]]}},{"type":"Feature","properties":{"kind":"seasonal","area_km2":0.146,"date":"2026-10-09"},"geometry":{"type":"Polygon","coordinates":[[[100.0301,16.8743],[100.0267,16.8727],[100.0269,16.8706],[100.0278,16.8706],[100.0286,16.8719],[100.0295,16.8719],[100.0295,16.8714],[100.0286,16.8714],[100.0286,16.8705],[100.0309,16.8708],[100.0306,16.8722],[100.0312,16.8724],[100.0312,16.8743],[100.0301,16.8743]],[[100.0278,16.8727],[100.0281,16.873],[100.0281,16.8727],[100.0278,16.8727]],[[100.0281,16.8722],[100.0284,16.8727],[100.0284,16.8722],[100.0281,16.8722]]]}},{"type":"Feature","properties":{"kind":"seasonal","area_km2":0.146,"date":"2026-10-09"},"geometry":{"type":"Polygon","coordinates":[[[100.2468,16.3355],[100.2468,16.33],[100.2482,16.33],[100.2482,16.3289],[100.2501,16.3287],[100.2501,16.3297],[100.2484,16.33],[100.249,16.3311],[100.249,16.3327],[100.2485,16.3327],[100.2487,16.3338],[100.2479,16.3338],[100.2473,16.3344],[100.2476,16.3355],[100.2468,16.3355]]]}},{"type":"Feature","properties":{"kind":"seasonal","area_km2":0.145,"date":"2026-10-09"},"geometry":{"type":"Polygon","coordinates":[[[100.025,16.9354],[100.025,16.9348],[100.0245,16.9346],[100.0245,16.9337],[100.025,16.9337],[100.025,16.9332],[100.0247,16.9324],[100.0239,16.9324],[100.0239,16.9308],[100.0261,16.9305],[100.0261,16.9324],[100.0273,16.9326],[100.0267,16.9329],[100.0267,16.9335],[100.0281,16.9337],[100.0281,16.9354],[100.0267,16.9354],[100.0267,16.9345],[100.0262,16.9346],[100.0259,16.9354],[100.025,16.9354]]]}},{"type":"Feature","properties":{"kind":"seasonal","area_km2":0.144,"date":"2026-10-09"},"geometry":{"type":"Polygon","coordinates":[[[100.0635,16.8658],[100.0635,16.8639],[100.0627,16.8636],[100.0624,16.8622],[100.0635,16.862],[100.0632,16.8598],[100.064,16.8598],[100.0643,16.8614],[100.0649,16.8614],[100.0646,16.8636],[100.0663,16.8636],[100.0666,16.8652],[100.0635,16.8658]]]}},{"type":"Feature","properties":{"kind":"seasonal","area_km2":0.143,"date":"2026-10-09"},"geometry":{"type":"Polygon","coordinates":[[[100.0519,16.8615],[100.0488,16.8585],[100.0488,16.858],[100.0483,16.858],[100.0483,16.8566],[100.0508,16.8571],[100.0511,16.858],[100.0516,16.858],[100.0517,16.8585],[100.0522,16.8585],[100.0531,16.8593],[100.0534,16.8612],[100.0519,16.8615]]]}},{"type":"Feature","properties":{"kind":"seasonal","area_km2":0.143,"date":"2026-10-09"},"geometry":{"type":"Polygon","coordinates":[[[100.3894,16.4135],[100.3872,16.4129],[100.3872,16.4119],[100.3883,16.4113],[100.388,16.4124],[100.3886,16.4121],[100.3886,16.411],[100.3891,16.4108],[100.3891,16.4078],[100.39,16.4078],[100.3914,16.4094],[100.3914,16.4121],[100.39,16.4126],[100.3894,16.4135]],[[100.3875,16.4119],[100.3877,16.4121],[100.3877,16.4119],[100.3875,16.4119]],[[100.3891,16.4121],[100.39,16.4121],[100.39,16.4118],[100.3891,16.4116],[100.3891,16.4121]],[[100.3897,16.4102],[100.3908,16.4105],[100.3908,16.4099],[100.3902,16.4099],[100.3902,16.4102],[100.3897,16.4102]],[[100.3894,16.4099],[100.3897,16.4102],[100.3897,16.4099],[100.3894,16.4099]],[[100.3897,16.4094],[100.3905,16.4097],[100.3905,16.4094],[100.3897,16.4094]]]}},{"type":"Feature","properties":{"kind":"seasonal","area_km2":0.141,"date":"2026-10-09"},"geometry":{"type":"Polygon","coordinates":[[[100.4121,16.3276],[100.4118,16.3241],[100.4127,16.3233],[100.4149,16.3233],[100.4152,16.3246],[100.4144,16.3246],[100.4144,16.3252],[100.4163,16.3252],[100.4166,16.3265],[100.4132,16.3263],[100.4133,16.3276],[100.4121,16.3276]]]}},{"type":"Feature","properties":{"kind":"seasonal","area_km2":0.14,"date":"2026-10-09"},"geometry":{"type":"Polygon","coordinates":[[[100.2016,16.0071],[100.2004,16.0065],[100.2001,16.0046],[100.2018,16.0046],[100.2027,16.0054],[100.2066,16.0049],[100.206,16.0071],[100.2016,16.0071]]]}},{"type":"Feature","properties":{"kind":"seasonal","area_km2":0.14,"date":"2026-10-09"},"geometry":{"type":"Polygon","coordinates":[[[100.3343,16.7644],[100.3342,16.7625],[100.3326,16.7625],[100.3323,16.7606],[100.3345,16.7609],[100.3345,16.7622],[100.3356,16.7617],[100.3356,16.7609],[100.3368,16.7609],[100.3371,16.7614],[100.3376,16.7614],[100.3376,16.7606],[100.3385,16.7606],[100.3379,16.7622],[100.3365,16.7625],[100.3359,16.763],[100.3359,16.7644],[100.3343,16.7644]]]}},{"type":"Feature","properties":{"kind":"seasonal","area_km2":0.14,"date":"2026-10-09"},"geometry":{"type":"Polygon","coordinates":[[[100.4334,16.1225],[100.4334,16.119],[100.4348,16.1182],[100.435,16.1168],[100.4367,16.1165],[100.437,16.119],[100.4359,16.119],[100.4359,16.1198],[100.4351,16.1203],[100.4348,16.122],[100.4342,16.1225],[100.4334,16.1225]]]}},{"type":"Feature","properties":{"kind":"seasonal","area_km2":0.138,"date":"2026-10-09"},"geometry":{"type":"Polygon","coordinates":[[[100.3894,16.096],[100.39,16.0916],[100.3908,16.0916],[100.3914,16.0922],[100.3914,16.093],[100.3933,16.093],[100.3934,16.0935],[100.3939,16.0938],[100.3939,16.0948],[100.3928,16.0949],[100.3922,16.0954],[100.3911,16.0951],[100.3906,16.096],[100.3894,16.096]]]}},{"type":"Feature","properties":{"kind":"seasonal","area_km2":0.137,"date":"2026-10-09"},"geometry":{"type":"Polygon","coordinates":[[[100.0279,16.8838],[100.0276,16.8806],[100.0287,16.8798],[100.0295,16.8798],[100.0301,16.8789],[100.0309,16.8789],[100.0312,16.8803],[100.0304,16.8808],[100.0301,16.8836],[100.0279,16.8838]]]}},{"type":"Feature","properties":{"kind":"seasonal","area_km2":0.137,"date":"2026-10-09"},"geometry":{"type":"Polygon","coordinates":[[[100.252,16.4029],[100.252,16.4021],[100.2509,16.4016],[100.2509,16.4008],[100.252,16.4008],[100.252,16.4],[100.2508,16.3994],[100.2508,16.3975],[100.2514,16.3962],[100.252,16.3962],[100.252,16.3983],[100.2525,16.3989],[100.2548,16.3991],[100.2548,16.398],[100.2553,16.398],[100.2551,16.4008],[100.2545,16.4005],[100.2545,16.3999],[100.2525,16.4005],[100.2526,16.4029],[100.252,16.4029]]]}},{"type":"Feature","properties":{"kind":"seasonal","area_km2":0.137,"date":"2026-10-09"},"geometry":{"type":"Polygon","coordinates":[[[100.3954,16.385],[100.3957,16.3836],[100.3951,16.3831],[100.3943,16.3831],[100.394,16.382],[100.3945,16.3817],[100.3945,16.3801],[100.3951,16.3795],[100.3951,16.3785],[100.3956,16.3779],[100.3959,16.3765],[100.3962,16.3809],[100.3968,16.3812],[100.3968,16.3825],[100.3965,16.385],[100.3954,16.385]]]}},{"type":"Feature","properties":{"kind":"seasonal","area_km2":0.132,"date":"2026-10-09"},"geometry":{"type":"Polygon","coordinates":[[[100.1701,16.6602],[100.1701,16.6586],[100.1707,16.6583],[100.1701,16.6578],[100.1701,16.6569],[100.1715,16.6572],[100.1715,16.6577],[100.1752,16.6575],[100.1752,16.6583],[100.1763,16.6585],[100.1763,16.6593],[100.1732,16.6594],[100.1726,16.6588],[100.1724,16.6599],[100.1701,16.6602]]]}},{"type":"Feature","properties":{"kind":"seasonal","area_km2":0.132,"date":"2026-10-09"},"geometry":{"type":"Polygon","coordinates":[[[100.2538,16.3332],[100.2538,16.3316],[100.2513,16.3319],[100.2504,16.3314],[100.2507,16.3292],[100.2546,16.33],[100.2546,16.3308],[100.2555,16.3311],[100.2555,16.3319],[100.2552,16.3319],[100.2552,16.3322],[100.2549,16.3322],[100.2544,16.3327],[100.2544,16.3332],[100.2538,16.3332]],[[100.2546,16.3313],[100.2549,16.3322],[100.2552,16.3313],[100.2546,16.3313]]]}},{"type":"Feature","properties":{"kind":"seasonal","area_km2":0.132,"date":"2026-10-09"},"geometry":{"type":"Polygon","coordinates":[[[100.2395,16.2899],[100.2392,16.2889],[100.2398,16.2889],[100.2398,16.2883],[100.2392,16.2881],[100.2389,16.2889],[100.2372,16.2886],[100.2369,16.2867],[100.2389,16.2864],[100.2397,16.287],[100.2397,16.2864],[100.2414,16.2864],[100.2414,16.2872],[100.2406,16.2878],[100.2406,16.2883],[100.2417,16.288],[100.242,16.2894],[100.2406,16.2894],[100.2403,16.2899],[100.2395,16.2899]]]}},{"type":"Feature","properties":{"kind":"seasonal","area_km2":0.131,"date":"2026-10-09"},"geometry":{"type":"Polygon","coordinates":[[[100.3908,16.5319],[100.3903,16.5311],[100.3903,16.53],[100.3908,16.53],[100.3902,16.5284],[100.3908,16.5279],[100.3919,16.5284],[100.3922,16.5279],[100.3933,16.5279],[100.3934,16.5317],[100.3922,16.5317],[100.392,16.5311],[100.392,16.5319],[100.3908,16.5319]],[[100.3917,16.5306],[100.392,16.5309],[100.392,16.5306],[100.3917,16.5306]]]}},{"type":"Feature","properties":{"kind":"seasonal","area_km2":0.129,"date":"2026-10-09"},"geometry":{"type":"Polygon","coordinates":[[[100.4125,16.878],[100.4116,16.8769],[100.4122,16.8769],[100.4122,16.8761],[100.4128,16.8759],[100.4122,16.8748],[100.4127,16.8742],[100.4127,16.8731],[100.4136,16.8726],[100.415,16.8731],[100.415,16.8745],[100.4144,16.8748],[100.4145,16.8769],[100.4139,16.8772],[100.4139,16.878],[100.4125,16.878]]]}},{"type":"Feature","properties":{"kind":"seasonal","area_km2":0.129,"date":"2026-10-09"},"geometry":{"type":"Polygon","coordinates":[[[100.1949,16.0112],[100.1923,16.0109],[100.1923,16.0098],[100.1932,16.0098],[100.1943,16.009],[100.1943,16.0085],[100.1929,16.0082],[100.1929,16.0069],[100.194,16.0068],[100.1943,16.0079],[100.1962,16.0076],[100.1962,16.0101],[100.1949,16.0112]]]}},{"type":"Feature","properties":{"kind":"seasonal","area_km2":0.128,"date":"2026-10-09"},"geometry":{"type":"Polygon","coordinates":[[[100.0907,16.9437],[100.0907,16.9426],[100.0899,16.9421],[100.0898,16.9383],[100.0912,16.9383],[100.0915,16.9405],[100.093,16.9413],[100.093,16.9434],[100.0907,16.9437]]]}},{"type":"Feature","properties":{"kind":"seasonal","area_km2":0.124,"date":"2026-10-09"},"geometry":{"type":"Polygon","coordinates":[[[100.1008,16.9404],[100.1003,16.9396],[100.1003,16.9385],[100.1014,16.9388],[100.1017,16.9382],[100.1022,16.9382],[100.1022,16.9371],[100.1042,16.9371],[100.1048,16.9363],[100.1056,16.9363],[100.1059,16.9379],[100.1048,16.9379],[100.1042,16.939],[100.1034,16.9396],[100.1022,16.9393],[100.1022,16.9404],[100.1008,16.9404]]]}},{"type":"Feature","properties":{"kind":"seasonal","area_km2":0.124,"date":"2026-10-09"},"geometry":{"type":"Polygon","coordinates":[[[100.1868,16.633],[100.1857,16.6319],[100.1843,16.6322],[100.1843,16.6306],[100.1857,16.6308],[100.1865,16.63],[100.1865,16.6295],[100.1876,16.6292],[100.1896,16.6294],[100.1896,16.6303],[100.1885,16.6303],[100.1885,16.6313],[100.1874,16.6311],[100.1874,16.6316],[100.1879,16.6319],[100.1879,16.633],[100.1868,16.633]]]}},{"type":"Feature","properties":{"kind":"seasonal","area_km2":0.123,"date":"2026-10-09"},"geometry":{"type":"Polygon","coordinates":[[[100.1002,16.8265],[100.1002,16.8238],[100.1013,16.8233],[100.1027,16.8233],[100.103,16.8246],[100.1047,16.8249],[100.1047,16.826],[100.1036,16.826],[100.1033,16.8265],[100.1019,16.8265],[100.1016,16.8257],[100.1013,16.8265],[100.1002,16.8265]],[[100.1024,16.8249],[100.103,16.8252],[100.103,16.8249],[100.1024,16.8249]]]}},{"type":"Feature","properties":{"kind":"seasonal","area_km2":0.122,"date":"2026-10-09"},"geometry":{"type":"Polygon","coordinates":[[[100.0907,16.9491],[100.0902,16.9475],[100.0893,16.9475],[100.0893,16.9483],[100.0885,16.9483],[100.0885,16.9472],[100.089,16.9464],[100.0902,16.9462],[100.0902,16.9443],[100.0916,16.9442],[100.0918,16.9445],[100.0919,16.9459],[100.0916,16.9459],[100.0916,16.9461],[100.0927,16.9467],[100.0927,16.9475],[100.0916,16.9478],[100.0919,16.9491],[100.0907,16.9491]],[[100.0913,16.9456],[100.0916,16.9459],[100.0916,16.9456],[100.0913,16.9456]]]}},{"type":"Feature","properties":{"kind":"seasonal","area_km2":0.122,"date":"2026-10-09"},"geometry":{"type":"Polygon","coordinates":[[[100.137,16.8708],[100.1362,16.8697],[100.1345,16.8692],[100.1339,16.8686],[100.1339,16.8678],[100.1362,16.8675],[100.1365,16.8681],[100.1382,16.8681],[100.1382,16.8686],[100.1393,16.8691],[100.1393,16.87],[100.1385,16.8708],[100.137,16.8708]]]}},{"type":"Feature","properties":{"kind":"seasonal","area_km2":0.122,"date":"2026-10-09"},"geometry":{"type":"Polygon","coordinates":[[[100.2149,16.3584],[100.2146,16.3576],[100.2149,16.3563],[100.2157,16.356],[100.2157,16.3541],[100.2169,16.3538],[100.2186,16.3554],[100.2188,16.3568],[100.218,16.3568],[100.218,16.3562],[100.2174,16.3562],[100.2174,16.3573],[100.2169,16.3573],[100.2166,16.3584],[100.2149,16.3584]]]}},{"type":"Feature","properties":{"kind":"seasonal","area_km2":0.122,"date":"2026-10-09"},"geometry":{"type":"Polygon","coordinates":[[[100.2264,16.2214],[100.2261,16.2171],[100.2289,16.2173],[100.2289,16.2184],[100.2295,16.2184],[100.2295,16.2198],[100.2281,16.2201],[100.2273,16.2214],[100.2264,16.2214]]]}},{"type":"Feature","properties":{"kind":"seasonal","area_km2":0.122,"date":"2026-10-09"},"geometry":{"type":"Polygon","coordinates":[[[100.4044,16.1078],[100.4041,16.1073],[100.4027,16.1073],[100.403,16.1048],[100.4044,16.1045],[100.4049,16.104],[100.4069,16.1043],[100.4069,16.1053],[100.4055,16.1059],[100.4055,16.1075],[100.4044,16.1078]]]}},{"type":"Feature","properties":{"kind":"seasonal","area_km2":0.121,"date":"2026-10-09"},"geometry":{"type":"Polygon","coordinates":[[[100.3648,16.7493],[100.3645,16.7479],[100.3662,16.7479],[100.3665,16.7468],[100.3676,16.7468],[100.3679,16.7474],[100.3699,16.7474],[100.3704,16.7479],[100.3705,16.749],[100.3648,16.7493]]]}},{"type":"Feature","properties":{"kind":"seasonal","area_km2":0.121,"date":"2026-10-09"},"geometry":{"type":"Polygon","coordinates":[[[100.1585,16.4566],[100.1582,16.4561],[100.1565,16.4558],[100.1565,16.4545],[100.1548,16.4545],[100.1548,16.4534],[100.1562,16.4523],[100.1571,16.4523],[100.1571,16.4534],[100.1576,16.4542],[100.1596,16.4542],[100.1596,16.4563],[100.1585,16.4566]]]}},{"type":"Feature","properties":{"kind":"seasonal","area_km2":0.121,"date":"2026-10-09"},"geometry":{"type":"Polygon","coordinates":[[[100.2335,16.0497],[100.2332,16.0487],[100.234,16.0481],[100.234,16.047],[100.2335,16.0468],[100.2332,16.0451],[100.2343,16.0451],[100.2352,16.0454],[100.236,16.0465],[100.236,16.0495],[100.2335,16.0497]]]}},{"type":"Feature","properties":{"kind":"seasonal","area_km2":0.12,"date":"2026-10-09"},"geometry":{"type":"Polygon","coordinates":[[[100.3844,16.0955],[100.3841,16.0938],[100.3821,16.0938],[100.3824,16.0906],[100.3832,16.0906],[100.3832,16.0917],[100.3852,16.0917],[100.3852,16.0927],[100.3858,16.093],[100.3855,16.0954],[100.3844,16.0955]]]}},{"type":"Feature","properties":{"kind":"seasonal","area_km2":0.12,"date":"2026-10-09"},"geometry":{"type":"Polygon","coordinates":[[[100.4281,16.0846],[100.4281,16.0835],[100.4267,16.0832],[100.4266,16.0824],[100.4278,16.0819],[100.4264,16.0814],[100.4264,16.0803],[100.4269,16.08],[100.4283,16.08],[100.4283,16.0805],[100.4294,16.0816],[100.4295,16.0824],[100.4286,16.0824],[100.4289,16.0832],[100.4295,16.0832],[100.4295,16.0827],[100.4303,16.0827],[100.4303,16.0838],[100.4297,16.0846],[100.4281,16.0846]]]}},{"type":"Feature","properties":{"kind":"seasonal","area_km2":0.119,"date":"2026-10-09"},"geometry":{"type":"Polygon","coordinates":[[[100.0723,16.8248],[100.0698,16.824],[100.0695,16.8234],[100.0686,16.8234],[100.0686,16.8224],[100.0692,16.8215],[100.07,16.8215],[100.0703,16.8223],[100.072,16.8221],[100.072,16.8215],[100.0731,16.8218],[100.0731,16.8237],[100.0723,16.8242],[100.0723,16.8248]]]}},{"type":"Feature","properties":{"kind":"seasonal","area_km2":0.119,"date":"2026-10-09"},"geometry":{"type":"Polygon","coordinates":[[[100.224,16.2453],[100.224,16.2434],[100.2249,16.2423],[100.2282,16.2423],[100.2283,16.245],[100.2269,16.245],[100.226,16.2442],[100.2249,16.2445],[100.2249,16.2453],[100.224,16.2453]],[[100.2263,16.2431],[100.2266,16.2437],[100.2266,16.2431],[100.2263,16.2431]]]}},{"type":"Feature","properties":{"kind":"seasonal","area_km2":0.119,"date":"2026-10-09"},"geometry":{"type":"Polygon","coordinates":[[[100.2368,16.217],[100.2351,16.2165],[100.2337,16.2165],[100.2334,16.2157],[100.2317,16.216],[100.2317,16.2152],[100.2337,16.2138],[100.2345,16.2138],[100.2345,16.2143],[100.2359,16.214],[100.2359,16.2157],[100.237,16.2151],[100.2368,16.217]]]}},{"type":"Feature","properties":{"kind":"seasonal","area_km2":0.118,"date":"2026-10-09"},"geometry":{"type":"Polygon","coordinates":[[[100.2476,16.0144],[100.2476,16.0112],[100.2487,16.0109],[100.2506,16.0114],[100.2509,16.0128],[100.2504,16.0144],[100.2476,16.0144]],[[100.2484,16.0133],[100.249,16.0133],[100.249,16.0128],[100.2484,16.0128],[100.2484,16.0133]]]}},{"type":"Feature","properties":{"kind":"seasonal","area_km2":0.116,"date":"2026-10-09"},"geometry":{"type":"Polygon","coordinates":[[[100.4161,16.0646],[100.415,16.0611],[100.4158,16.0611],[100.4167,16.0603],[100.4184,16.0603],[100.4184,16.0632],[100.417,16.0632],[100.4173,16.0646],[100.4161,16.0646]]]}},{"type":"Feature","properties":{"kind":"seasonal","area_km2":0.114,"date":"2026-10-09"},"geometry":{"type":"Polygon","coordinates":[[[100.1381,16.9036],[100.1367,16.902],[100.1361,16.902],[100.1361,16.8995],[100.1369,16.8995],[100.1369,16.9006],[100.1381,16.8995],[100.1389,16.8995],[100.1395,16.903],[100.1392,16.9036],[100.1381,16.9036]]]}},{"type":"Feature","properties":{"kind":"seasonal","area_km2":0.113,"date":"2026-10-09"},"geometry":{"type":"Polygon","coordinates":[[[100.2608,16.3297],[100.2608,16.3278],[100.2597,16.3278],[100.2597,16.3267],[100.2605,16.3262],[100.263,16.3261],[100.2636,16.3288],[100.2608,16.3297]]]}},{"type":"Feature","properties":{"kind":"seasonal","area_km2":0.113,"date":"2026-10-09"},"geometry":{"type":"Polygon","coordinates":[[[100.2683,16.0547],[100.2683,16.0536],[100.2689,16.0533],[100.2677,16.0533],[100.2672,16.0525],[100.2671,16.0495],[100.2694,16.0493],[100.2694,16.0503],[100.2688,16.0506],[100.2688,16.0512],[100.2694,16.0531],[100.27,16.0533],[100.27,16.0541],[100.2683,16.0547]]]}},{"type":"Feature","properties":{"kind":"seasonal","area_km2":0.113,"date":"2026-10-09"},"geometry":{"type":"Polygon","coordinates":[[[100.2359,16.1644],[100.2353,16.1636],[100.2356,16.1623],[100.235,16.162],[100.2348,16.1631],[100.2339,16.1631],[100.2339,16.1615],[100.2348,16.1614],[100.2359,16.1601],[100.237,16.1601],[100.237,16.1612],[100.2362,16.1614],[100.2362,16.1623],[100.2381,16.1628],[100.2384,16.1639],[100.2359,16.1644]]]}},{"type":"Feature","properties":{"kind":"seasonal","area_km2":0.113,"date":"2026-10-09"},"geometry":{"type":"Polygon","coordinates":[[[100.2457,16.0784],[100.2452,16.0779],[100.2451,16.0741],[100.2457,16.0735],[100.2468,16.0735],[100.2471,16.0749],[100.2463,16.0757],[100.2468,16.0757],[100.2468,16.0762],[100.2477,16.0762],[100.2477,16.0781],[100.2457,16.0784]]]}},{"type":"Feature","properties":{"kind":"seasonal","area_km2":0.113,"date":"2026-10-09"},"geometry":{"type":"Polygon","coordinates":[[[100.2644,16.0593],[100.2641,16.0588],[100.263,16.0591],[100.2616,16.0585],[100.2619,16.0564],[100.2647,16.0566],[100.265,16.0577],[100.2661,16.058],[100.2658,16.0593],[100.2644,16.0593]]]}},{"type":"Feature","properties":{"kind":"seasonal","area_km2":0.111,"date":"2026-10-09"},"geometry":{"type":"Polygon","coordinates":[[[100.2341,16.46],[100.2338,16.4594],[100.2327,16.4595],[100.2327,16.4586],[100.2341,16.4575],[100.2341,16.457],[100.236,16.457],[100.2363,16.4565],[100.2372,16.4564],[100.2372,16.4573],[100.2363,16.4578],[100.2366,16.4589],[100.2361,16.4594],[100.2349,16.4594],[100.2349,16.46],[100.2341,16.46]]]}},{"type":"Feature","properties":{"kind":"seasonal","area_km2":0.111,"date":"2026-10-09"},"geometry":{"type":"Polygon","coordinates":[[[100.2121,16.3948],[100.2115,16.3934],[100.2115,16.391],[100.2137,16.3912],[100.2143,16.392],[100.2143,16.3948],[100.2121,16.3948]]]}},{"type":"Feature","properties":{"kind":"seasonal","area_km2":0.111,"date":"2026-10-09"},"geometry":{"type":"Polygon","coordinates":[[[100.2384,16.1617],[100.2381,16.1612],[100.2376,16.1612],[100.2375,16.1601],[100.2392,16.1584],[100.2392,16.1574],[100.2406,16.1573],[100.2409,16.159],[100.2403,16.159],[100.2404,16.1614],[100.2384,16.1617]]]}},{"type":"Feature","properties":{"kind":"seasonal","area_km2":0.11,"date":"2026-10-09"},"geometry":{"type":"Polygon","coordinates":[[[100.2753,16.0511],[100.2755,16.0479],[100.2767,16.0479],[100.2775,16.0487],[100.2789,16.0489],[100.2795,16.0497],[100.2792,16.0508],[100.2784,16.0508],[100.2784,16.05],[100.2778,16.05],[100.2781,16.0511],[100.2773,16.0511],[100.2772,16.0503],[100.2764,16.05],[100.2761,16.0511],[100.2753,16.0511]]]}},{"type":"Feature","properties":{"kind":"seasonal","area_km2":0.109,"date":"2026-10-09"},"geometry":{"type":"Polygon","coordinates":[[[100.1384,16.8678],[100.1379,16.867],[100.1362,16.867],[100.1353,16.8662],[100.1336,16.8659],[100.1336,16.8651],[100.1373,16.8651],[100.1381,16.8659],[100.1395,16.8656],[100.1396,16.8678],[100.1384,16.8678]]]}},{"type":"Feature","properties":{"kind":"seasonal","area_km2":0.109,"date":"2026-10-09"},"geometry":{"type":"Polygon","coordinates":[[[100.3377,16.74],[100.3375,16.7394],[100.338,16.7394],[100.338,16.7383],[100.3386,16.7381],[100.338,16.737],[100.338,16.7354],[100.3394,16.7351],[100.3394,16.7356],[100.3403,16.7359],[100.3408,16.7386],[100.34,16.7389],[100.3397,16.7397],[100.3377,16.74]],[[100.3394,16.7375],[100.34,16.7375],[100.34,16.7367],[100.3391,16.7367],[100.3394,16.7375]]]}},{"type":"Feature","properties":{"kind":"seasonal","area_km2":0.109,"date":"2026-10-09"},"geometry":{"type":"Polygon","coordinates":[[[100.3225,16.4068],[100.3222,16.4044],[100.3228,16.4044],[100.3228,16.4033],[100.3233,16.4033],[100.3236,16.4025],[100.3253,16.4025],[100.3253,16.4044],[100.3248,16.4058],[100.3245,16.4052],[100.3239,16.4052],[100.3239,16.4068],[100.3225,16.4068]]]}},{"type":"Feature","properties":{"kind":"seasonal","area_km2":0.108,"date":"2026-10-09"},"geometry":{"type":"Polygon","coordinates":[[[100.3872,16.5279],[100.386,16.5257],[100.3863,16.5225],[100.388,16.5225],[100.388,16.5233],[100.3874,16.5233],[100.3874,16.5238],[100.388,16.5241],[100.388,16.5257],[100.3874,16.5257],[100.3874,16.5263],[100.3883,16.5263],[100.3886,16.5276],[100.3872,16.5279]]]}},{"type":"Feature","properties":{"kind":"seasonal","area_km2":0.108,"date":"2026-10-09"},"geometry":{"type":"Polygon","coordinates":[[[100.1853,16.0026],[100.1847,16.0004],[100.1861,16.0004],[100.1864,15.999],[100.1878,15.999],[100.1878,15.9998],[100.1867,15.9998],[100.1875,16.0004],[100.1883,15.9993],[100.1892,15.9993],[100.1892,16.0004],[100.1883,16.0004],[100.1883,16.0012],[100.1875,16.0015],[100.1872,16.0025],[100.1853,16.0026]],[[100.1861,16.0009],[100.1872,16.0012],[100.1872,16.0009],[100.1861,16.0009]]]}},{"type":"Feature","properties":{"kind":"seasonal","area_km2":0.107,"date":"2026-10-09"},"geometry":{"type":"Polygon","coordinates":[[[100.3626,16.7523],[100.3615,16.7515],[100.3614,16.749],[100.3648,16.7498],[100.3654,16.7504],[100.3654,16.7512],[100.3648,16.7517],[100.3626,16.7523]]]}},{"type":"Feature","properties":{"kind":"seasonal","area_km2":0.107,"date":"2026-10-09"},"geometry":{"type":"Polygon","coordinates":[[[100.2104,16.4466],[100.2093,16.4455],[100.2079,16.4463],[100.2079,16.4452],[100.209,16.4441],[100.209,16.4431],[100.2101,16.443],[100.2104,16.4436],[100.211,16.4436],[100.211,16.4441],[100.2118,16.4444],[100.2118,16.4463],[100.2124,16.4466],[100.2104,16.4466]]]}},{"type":"Feature","properties":{"kind":"seasonal","area_km2":0.106,"date":"2026-10-09"},"geometry":{"type":"Polygon","coordinates":[[[100.0842,16.9324],[100.0842,16.9313],[100.0822,16.931],[100.0822,16.9302],[100.0825,16.9297],[100.0844,16.9294],[100.0844,16.928],[100.0853,16.9277],[100.0861,16.9315],[100.085,16.9324],[100.0842,16.9324]]]}},{"type":"Feature","properties":{"kind":"seasonal","area_km2":0.106,"date":"2026-10-09"},"geometry":{"type":"Polygon","coordinates":[[[100.0169,16.8324],[100.0163,16.8318],[100.0163,16.8299],[100.0174,16.8299],[100.0177,16.8291],[100.0194,16.8288],[100.0194,16.8321],[100.0169,16.8324]]]}},{"type":"Feature","properties":{"kind":"seasonal","area_km2":0.106,"date":"2026-10-09"},"geometry":{"type":"Polygon","coordinates":[[[100.3898,16.6241],[100.3895,16.6212],[100.3892,16.6203],[100.3881,16.6203],[100.3881,16.6193],[100.3901,16.6193],[100.3898,16.6203],[100.3906,16.6214],[100.3918,16.6217],[100.3918,16.6238],[100.3898,16.6241]]]}},{"type":"Feature","properties":{"kind":"seasonal","area_km2":0.105,"date":"2026-10-09"},"geometry":{"type":"Polygon","coordinates":[[[100.1035,16.9149],[100.1027,16.9135],[100.1015,16.9133],[100.1024,16.9098],[100.1032,16.9097],[100.1029,16.9111],[100.1038,16.9111],[100.1041,16.913],[100.1046,16.913],[100.1046,16.9146],[100.1035,16.9149]]]}},{"type":"Feature","properties":{"kind":"seasonal","area_km2":0.105,"date":"2026-10-09"},"geometry":{"type":"Polygon","coordinates":[[[100.2187,16.3855],[100.2171,16.3853],[100.217,16.3847],[100.2159,16.3847],[100.2159,16.3839],[100.217,16.3828],[100.2167,16.3815],[100.2173,16.3806],[100.2181,16.3809],[100.2184,16.3825],[100.2196,16.3825],[100.2196,16.3833],[100.2182,16.3833],[100.2187,16.3855]]]}},{"type":"Feature","properties":{"kind":"seasonal","area_km2":0.105,"date":"2026-10-09"},"geometry":{"type":"Polygon","coordinates":[[[100.5243,16.0956],[100.5235,16.0945],[100.5224,16.0945],[100.5224,16.0932],[100.5243,16.0921],[100.5252,16.0921],[100.5254,16.0934],[100.526,16.0937],[100.526,16.0953],[100.5243,16.0956]]]}},{"type":"Feature","properties":{"kind":"seasonal","area_km2":0.105,"date":"2026-10-09"},"geometry":{"type":"Polygon","coordinates":[[[100.2491,16.0741],[100.2488,16.0724],[100.2496,16.0722],[100.249,16.07],[100.2502,16.0697],[100.2502,16.0684],[100.2507,16.0678],[100.2516,16.0678],[100.2518,16.0689],[100.251,16.0692],[100.251,16.0716],[100.2505,16.0721],[100.2505,16.073],[100.2499,16.0732],[100.2499,16.074],[100.2491,16.0741]]]}},{"type":"Feature","properties":{"kind":"seasonal","area_km2":0.105,"date":"2026-10-09"},"geometry":{"type":"Polygon","coordinates":[[[100.4166,16.0481],[100.416,16.0459],[100.4171,16.0456],[100.4174,16.0451],[100.4174,16.0467],[100.418,16.047],[100.418,16.0453],[100.4197,16.0453],[100.42,16.048],[100.4166,16.0481]]]}},{"type":"Feature","properties":{"kind":"seasonal","area_km2":0.104,"date":"2026-10-09"},"geometry":{"type":"Polygon","coordinates":[[[100.0227,16.8741],[100.0219,16.8736],[100.0202,16.8736],[100.0202,16.8719],[100.023,16.8717],[100.0233,16.8725],[100.025,16.8727],[100.0247,16.8741],[100.0227,16.8741]]]}},{"type":"Feature","properties":{"kind":"seasonal","area_km2":0.103,"date":"2026-10-09"},"geometry":{"type":"Polygon","coordinates":[[[100.1649,16.4425],[100.1643,16.4417],[100.1643,16.4406],[100.1649,16.4403],[100.1648,16.4398],[100.1654,16.4398],[100.1654,16.4392],[100.1679,16.4395],[100.1679,16.4406],[100.1671,16.4409],[100.1671,16.4414],[100.1677,16.4414],[100.1677,16.4422],[100.1668,16.4422],[100.1665,16.4417],[100.1665,16.4422],[100.1649,16.4425]]]}},{"type":"Feature","properties":{"kind":"seasonal","area_km2":0.103,"date":"2026-10-09"},"geometry":{"type":"Polygon","coordinates":[[[100.2402,16.2333],[100.2397,16.2316],[100.2414,16.2308],[100.2402,16.2308],[100.2397,16.2303],[100.2397,16.2292],[100.2408,16.2289],[100.2413,16.2295],[100.2422,16.2295],[100.2425,16.2314],[100.2419,16.2316],[100.2417,16.2333],[100.2402,16.2333]]]}},{"type":"Feature","properties":{"kind":"seasonal","area_km2":0.103,"date":"2026-10-09"},"geometry":{"type":"Polygon","coordinates":[[[100.2086,16.237],[100.2083,16.2362],[100.2077,16.2362],[100.2077,16.2351],[100.2091,16.2353],[100.2088,16.2329],[100.2094,16.2324],[100.2102,16.2324],[100.2111,16.2337],[100.2108,16.2359],[100.2086,16.237]]]}},{"type":"Feature","properties":{"kind":"seasonal","area_km2":0.103,"date":"2026-10-09"},"geometry":{"type":"Polygon","coordinates":[[[100.4134,16.0275],[100.4128,16.0267],[100.4128,16.0234],[100.4147,16.0234],[100.415,16.0272],[100.4134,16.0275]]]}},{"type":"Feature","properties":{"kind":"seasonal","area_km2":0.102,"date":"2026-10-09"},"geometry":{"type":"Polygon","coordinates":[[[100.1532,16.7061],[100.1532,16.7056],[100.1513,16.7059],[100.1512,16.7045],[100.1521,16.7045],[100.1532,16.7023],[100.154,16.7023],[100.1541,16.7037],[100.1557,16.7037],[100.1558,16.7045],[100.1549,16.7045],[100.1543,16.705],[100.1544,16.7061],[100.1532,16.7061]],[[100.1532,16.7053],[100.1535,16.7056],[100.1535,16.7053],[100.1532,16.7053]],[[100.1529,16.705],[100.1532,16.7053],[100.1532,16.705],[100.1529,16.705]]]}},{"type":"Feature","properties":{"kind":"seasonal","area_km2":0.101,"date":"2026-10-09"},"geometry":{"type":"Polygon","coordinates":[[[100.2756,16.6246],[100.2754,16.6238],[100.2734,16.6235],[100.2731,16.6219],[100.2736,16.6211],[100.2756,16.6211],[100.2765,16.6221],[100.2765,16.6246],[100.2756,16.6246]],[[100.2756,16.6219],[100.2759,16.6224],[100.2759,16.6219],[100.2756,16.6219]]]}},{"type":"Feature","properties":{"kind":"seasonal","area_km2":0.101,"date":"2026-10-09"},"geometry":{"type":"Polygon","coordinates":[[[100.2282,16.4177],[100.2274,16.4175],[100.2274,16.4169],[100.2259,16.4158],[100.2259,16.4145],[100.2265,16.4134],[100.2276,16.4128],[100.2285,16.4128],[100.2279,16.4153],[100.2282,16.4158],[100.2288,16.4158],[100.2288,16.4172],[100.2282,16.4177]]]}},{"type":"Feature","properties":{"kind":"seasonal","area_km2":0.1,"date":"2026-10-09"},"geometry":{"type":"Polygon","coordinates":[[[100.3734,16.5738],[100.3734,16.5714],[100.374,16.5711],[100.374,16.57],[100.3745,16.5695],[100.3756,16.5695],[100.3762,16.57],[100.3757,16.5727],[100.3745,16.5738],[100.3734,16.5738]]]}},{"type":"Feature","properties":{"kind":"seasonal","area_km2":0.1,"date":"2026-10-09"},"geometry":{"type":"Polygon","coordinates":[[[100.194,16.522],[100.194,16.5215],[100.1932,16.5218],[100.1929,16.521],[100.1912,16.521],[100.1912,16.5204],[100.1901,16.5194],[100.1901,16.5185],[100.1906,16.5185],[100.1909,16.518],[100.192,16.518],[100.192,16.5202],[100.194,16.5199],[100.1948,16.5212],[100.1949,16.522],[100.194,16.522]]]}}]}
