{"type":"FeatureCollection","properties":{"v":3,"id":"t100_13","name":"กรุงเทพมหานคร · สมุทรปราการ · สมุทรสาคร","aoi":[100.0,13.0,101.0,14.0],"date":"2026-10-09","dates":["2026-10-09"],"baseline_years":3,"has_seasonal":true,"totals":{"flood_high":20.4,"flood_low":127.2,"seasonal":49.5},"provinces":[{"name":"ฉะเชิงเทรา","zone":"th-e","flood_high":11.7,"flood_low":60.3,"seasonal":20.9},{"name":"นครนายก","zone":"th-c","flood_high":4.6,"flood_low":4.9,"seasonal":0.9},{"name":"กรุงเทพมหานคร","zone":"th-c","flood_high":4.0,"flood_low":19.7,"seasonal":2.6},{"name":"ปทุมธานี","zone":"th-c","flood_high":0.1,"flood_low":7.1,"seasonal":2.1},{"name":"นครปฐม","zone":"th-c","flood_high":0.0,"flood_low":16.6,"seasonal":3.9},{"name":"สมุทรปราการ","zone":"th-c","flood_high":0.0,"flood_low":9.6,"seasonal":10.1},{"name":"นนทบุรี","zone":"th-c","flood_high":0.0,"flood_low":2.6,"seasonal":0.4},{"name":"สมุทรสาคร","zone":"th-c","flood_high":0.0,"flood_low":2.3,"seasonal":4.5},{"name":"เพชรบุรี","zone":"th-w","flood_high":0.0,"flood_low":2.2,"seasonal":0.6},{"name":"ชลบุรี","zone":"th-e","flood_high":0.0,"flood_low":0.6,"seasonal":2.7},{"name":"สมุทรสงคราม","zone":"th-c","flood_high":0.0,"flood_low":0.4,"seasonal":0.3},{"name":"ราชบุรี","zone":"th-w","flood_high":0.0,"flood_low":0.4,"seasonal":0.3}],"scenes":{"2026-10-09":2},"baseline_dates":["2025-10-07","2024-10-04","2023-10-10"],"threshold_db":-15.0,"auto":true,"source":"Sentinel-1 RTC (Copernicus/ESA) via Microsoft Planetary Computer; JRC Global Surface Water; Copernicus DEM","method":"ChatGeo v3: Otsu threshold on VV dB; minus JRC permanent water and slope > 5 deg; unusual = water not present in most of the previous 3 years (same season)","added":"2026-10-10T16:37+07:00"},"features":[{"type":"Feature","properties":{"kind":"flood","area_km2":3.368,"conf":"high","date":"2026-10-09"},"geometry":{"type":"Polygon","coordinates":[[[100.9218,13.9219],[100.9218,13.9206],[100.9212,13.9211],[100.9212,13.9198],[100.9207,13.9198],[100.9207,13.919],[100.9218,13.9181],[100.9243,13.9181],[100.9245,13.9176],[100.9229,13.917],[100.922,13.9179],[100.9201,13.9179],[100.9204,13.9165],[100.9181,13.9165],[100.9181,13.9157],[100.9187,13.9152],[100.9181,13.9138],[100.917,13.9165],[100.917,13.9184],[100.9159,13.9184],[100.9157,13.9198],[100.9143,13.9198],[100.9143,13.9193],[100.9129,13.919],[100.9126,13.9177],[100.9115,13.9171],[100.9115,13.9163],[100.9131,13.916],[100.9131,13.9155],[100.9123,13.9155],[100.912,13.9147],[100.914,13.9147],[100.9139,13.9133],[100.9114,13.9133],[100.9114,13.9125],[100.912,13.9122],[100.912,13.9128],[100.9139,13.9128],[100.9156,13.9122],[100.9153,13.9106],[100.912,13.9109],[100.9117,13.9087],[100.9125,13.9087],[100.9125,13.9095],[100.9134,13.9095],[100.9136,13.909],[100.9153,13.9084],[100.9156,13.9092],[100.9178,13.9089],[100.9178,13.9098],[100.9186,13.9098],[100.9189,13.9084],[100.9183,13.9081],[100.9195,13.9081],[100.9194,13.9065],[100.9183,13.9057],[100.9153,13.9063],[100.9147,13.9073],[100.9111,13.9076],[100.9105,13.9036],[100.9122,13.9038],[100.9122,13.9028],[100.9141,13.9025],[100.9191,13.9024],[100.9188,13.9008],[100.9205,13.9002],[100.9202,13.8997],[100.9186,13.8997],[100.9186,13.9008],[100.9152,13.9],[100.9147,13.9],[100.9141,13.9008],[100.9133,13.9008],[100.9124,13.9],[100.9119,13.9003],[100.9119,13.9009],[100.9102,13.9006],[100.9102,13.8992],[100.9185,13.8986],[100.9191,13.8981],[100.9191,13.8975],[100.918,13.897],[100.9163,13.8976],[100.9127,13.8976],[100.913,13.8962],[100.9155,13.8954],[100.9157,13.8946],[100.9152,13.8941],[100.9157,13.8938],[100.9157,13.893],[100.9179,13.8929],[100.918,13.894],[100.9174,13.8948],[100.9174,13.8954],[100.918,13.8957],[100.9199,13.8956],[100.9199,13.8946],[100.9205,13.8943],[100.9238,13.8943],[100.9241,13.8937],[100.9249,13.8937],[100.9252,13.8942],[100.9271,13.8942],[100.9271,13.8953],[100.9266,13.8959],[100.9266,13.8967],[100.926,13.897],[100.926,13.8975],[100.9269,13.8978],[100.9269,13.8986],[100.9252,13.8983],[100.9252,13.8997],[100.9269,13.8994],[100.9269,13.9002],[100.9255,13.9005],[100.9255,13.9013],[100.9266,13.9016],[100.9269,13.9032],[100.9277,13.9037],[100.9278,13.907],[100.9283,13.907],[100.9283,13.908],[100.9261,13.9081],[100.9261,13.9094],[100.9281,13.9094],[100.9283,13.9083],[100.9286,13.9105],[100.927,13.911],[100.927,13.9121],[100.925,13.9119],[100.9248,13.9113],[100.9253,13.9113],[100.9256,13.9086],[100.9228,13.9084],[100.9217,13.9089],[100.9203,13.9089],[100.9198,13.9116],[100.9214,13.9119],[100.9214,13.9103],[100.9225,13.9103],[100.9231,13.9097],[100.9245,13.91],[100.9245,13.9113],[100.9239,13.9113],[100.9239,13.9105],[100.9225,13.9105],[100.9225,13.9119],[100.9234,13.9122],[100.9212,13.9122],[100.9215,13.9146],[100.9237,13.9149],[100.9237,13.9143],[100.9245,13.9143],[100.9245,13.9138],[100.9253,13.9135],[100.9256,13.914],[100.9284,13.9137],[100.9278,13.9146],[100.9289,13.9148],[100.9292,13.9167],[100.9273,13.9167],[100.9273,13.9181],[100.9293,13.9181],[100.9295,13.9173],[100.9298,13.9183],[100.9293,13.9194],[100.9262,13.9195],[100.9256,13.9186],[100.9248,13.9187],[100.9248,13.9197],[100.924,13.9206],[100.9251,13.9205],[100.9251,13.9214],[100.9218,13.9219]],[[100.9143,13.919],[100.9148,13.919],[100.9151,13.9179],[100.9162,13.9176],[100.9162,13.9171],[100.914,13.9171],[100.914,13.9177],[100.9145,13.9176],[100.9143,13.919]],[[100.9198,13.9149],[100.9206,13.9152],[100.9206,13.9149],[100.9198,13.9149]],[[100.9145,13.9144],[100.9173,13.9144],[100.9173,13.9127],[100.9148,13.9128],[100.9145,13.9144]],[[100.9167,13.9119],[100.917,13.9122],[100.917,13.9119],[100.9167,13.9119]],[[100.9164,13.9119],[100.9167,13.9114],[100.9159,13.9111],[100.9159,13.9117],[100.9164,13.9119]],[[100.92,13.9076],[100.9231,13.9075],[100.9231,13.9067],[100.9208,13.9065],[100.92,13.9068],[100.92,13.9076]],[[100.9147,13.9052],[100.9161,13.9052],[100.9161,13.9041],[100.9147,13.9041],[100.9147,13.9052]],[[100.9167,13.9049],[100.918,13.9049],[100.918,13.9035],[100.9166,13.9035],[100.9167,13.9049]],[[100.9219,13.9027],[100.9233,13.9027],[100.9236,13.9013],[100.9219,13.9013],[100.9219,13.9027]]]}},{"type":"Feature","properties":{"kind":"flood","area_km2":1.849,"conf":"high","date":"2026-10-09"},"geometry":{"type":"Polygon","coordinates":[[[100.9057,13.9595],[100.9032,13.9592],[100.9038,13.9581],[100.9035,13.9576],[100.9024,13.9576],[100.9024,13.959],[100.8993,13.9587],[100.899,13.9582],[100.8974,13.9585],[100.8976,13.9557],[100.8963,13.9557],[100.8963,13.9563],[100.8954,13.9563],[100.8954,13.9498],[100.8968,13.9498],[100.897,13.949],[100.8987,13.9492],[100.899,13.9484],[100.9001,13.9484],[100.9004,13.9495],[100.9026,13.9492],[100.9026,13.9497],[100.904,13.9497],[100.904,13.9481],[100.9001,13.9476],[100.9006,13.946],[100.8998,13.9457],[100.8998,13.9449],[100.9003,13.9446],[100.8992,13.9446],[100.8987,13.9438],[100.8967,13.9438],[100.897,13.9427],[100.8961,13.9427],[100.8961,13.9414],[100.8964,13.9406],[100.9008,13.9403],[100.9008,13.9386],[100.9019,13.9386],[100.9019,13.9397],[100.9042,13.9397],[100.9044,13.9389],[100.9086,13.9388],[100.9086,13.9375],[100.91,13.9375],[100.91,13.938],[100.9092,13.9386],[100.9092,13.9394],[100.9097,13.9394],[100.9095,13.9405],[100.905,13.9402],[100.9039,13.9408],[100.9039,13.9421],[100.9031,13.9421],[100.9036,13.9419],[100.9036,13.9405],[100.9008,13.9408],[100.9009,13.9422],[100.9028,13.9421],[100.9025,13.9427],[100.902,13.9427],[100.9017,13.9449],[100.9023,13.9449],[100.9023,13.9443],[100.9028,13.9449],[100.9042,13.9448],[100.9045,13.944],[100.9048,13.9451],[100.9042,13.9454],[100.9053,13.9459],[100.9081,13.9456],[100.9081,13.9462],[100.9092,13.9462],[100.9087,13.9491],[100.909,13.954],[100.9085,13.9557],[100.9085,13.9578],[100.9077,13.9578],[100.9074,13.9573],[100.9057,13.9595]],[[100.9035,13.9576],[100.9043,13.9576],[100.9043,13.9524],[100.9045,13.9519],[100.9054,13.9519],[100.9054,13.9503],[100.9031,13.9505],[100.9032,13.9514],[100.9023,13.9514],[100.9023,13.9543],[100.9029,13.9543],[100.9029,13.9571],[100.9035,13.957],[100.9035,13.9576]],[[100.8982,13.9565],[100.8988,13.9568],[100.8988,13.9565],[100.8982,13.9565]],[[100.9065,13.9562],[100.9071,13.9565],[100.9071,13.9562],[100.9065,13.9562]],[[100.8996,13.956],[100.901,13.956],[100.9009,13.9525],[100.9001,13.9525],[100.8996,13.953],[100.8996,13.956]],[[100.9065,13.9554],[100.9071,13.9554],[100.9073,13.9546],[100.907,13.9519],[100.9065,13.9519],[100.9065,13.9554]],[[100.896,13.9552],[100.8974,13.9552],[100.8973,13.9538],[100.896,13.9539],[100.896,13.9552]],[[100.8968,13.9536],[100.8982,13.9536],[100.8979,13.9517],[100.8968,13.9517],[100.8968,13.9536]],[[100.899,13.9527],[100.8996,13.9525],[100.8993,13.9514],[100.8987,13.9517],[100.899,13.9527]],[[100.9004,13.9519],[100.9009,13.9522],[100.9009,13.9519],[100.9004,13.9519]],[[100.8998,13.9517],[100.9009,13.9516],[100.9009,13.9503],[100.8998,13.9503],[100.8998,13.9517]],[[100.9067,13.9489],[100.9073,13.9497],[100.9073,13.9489],[100.9067,13.9489]],[[100.9042,13.9481],[100.9048,13.9481],[100.9048,13.9473],[100.9042,13.9473],[100.9042,13.9481]],[[100.8995,13.9419],[100.9006,13.9419],[100.9006,13.9408],[100.8995,13.9408],[100.8995,13.9419]]]}},{"type":"Feature","properties":{"kind":"flood","area_km2":1.722,"conf":"high","date":"2026-10-09"},"geometry":{"type":"Polygon","coordinates":[[[100.8944,13.9278],[100.8943,13.9249],[100.8949,13.9248],[100.8949,13.9243],[100.8968,13.9232],[100.8974,13.9208],[100.8982,13.9202],[100.8982,13.9221],[100.9001,13.9221],[100.9004,13.9216],[100.901,13.9215],[100.901,13.9194],[100.9001,13.9194],[100.9001,13.9188],[100.8993,13.9186],[100.8932,13.9192],[100.8932,13.9181],[100.8923,13.9178],[100.8926,13.9156],[100.8931,13.9156],[100.8931,13.9151],[100.892,13.9151],[100.8926,13.9135],[100.8917,13.9135],[100.8917,13.9127],[100.8931,13.9127],[100.8931,13.9121],[100.8945,13.9124],[100.8948,13.9118],[100.8976,13.9118],[100.8992,13.9113],[100.8995,13.9134],[100.8967,13.9137],[100.8962,13.9159],[100.897,13.9162],[100.8984,13.9156],[100.9006,13.9156],[100.9009,13.915],[100.9017,13.915],[100.9018,13.9172],[100.9037,13.9172],[100.9045,13.918],[100.904,13.9169],[100.9056,13.9164],[100.9056,13.915],[100.9034,13.915],[100.9029,13.9153],[100.9029,13.9167],[100.9023,13.9164],[100.902,13.915],[100.9031,13.915],[100.9028,13.9129],[100.9015,13.9129],[100.9017,13.9137],[100.9015,13.9145],[100.9012,13.9131],[100.9006,13.9126],[100.9023,13.9126],[100.9023,13.9112],[100.9001,13.9113],[100.9003,13.9088],[100.9022,13.9085],[100.9028,13.9091],[100.9048,13.9093],[100.905,13.9085],[100.9061,13.9085],[100.9064,13.9093],[100.9075,13.9093],[100.9078,13.912],[100.9084,13.912],[100.9081,13.9134],[100.909,13.9136],[100.909,13.9144],[100.9084,13.9147],[100.9084,13.9163],[100.9068,13.918],[100.9032,13.9185],[100.9029,13.9188],[100.9029,13.9196],[100.9048,13.9199],[100.9048,13.9188],[100.9065,13.9188],[100.9073,13.9177],[100.9082,13.9177],[100.9084,13.9199],[100.906,13.9199],[100.906,13.921],[100.9051,13.921],[100.9051,13.9204],[100.9018,13.9205],[100.9012,13.9221],[100.9021,13.9224],[100.9026,13.921],[100.9046,13.921],[100.9049,13.9215],[100.9074,13.9215],[100.9073,13.9204],[100.9087,13.9204],[100.9087,13.9209],[100.9093,13.9212],[100.909,13.9228],[100.9057,13.9237],[100.9029,13.9237],[100.9018,13.9245],[100.8968,13.9248],[100.896,13.9265],[100.8952,13.9267],[100.8955,13.9278],[100.8944,13.9278]],[[100.9076,13.9223],[100.9079,13.9226],[100.9079,13.9223],[100.9076,13.9223]],[[100.9015,13.9188],[100.9029,13.9188],[100.9029,13.9183],[100.9018,13.9183],[100.9015,13.9188]],[[100.8998,13.918],[100.9004,13.9186],[100.9012,13.9175],[100.9004,13.9175],[100.8998,13.918]],[[100.9062,13.9147],[100.9076,13.9147],[100.9076,13.9126],[100.9062,13.9126],[100.907,13.9123],[100.907,13.9117],[100.9059,13.9117],[100.9059,13.9123],[100.9034,13.9126],[100.9034,13.9137],[100.9062,13.9139],[100.9062,13.9147]],[[100.8934,13.914],[100.8954,13.914],[100.8953,13.9132],[100.8934,13.9135],[100.8934,13.914]],[[100.9017,13.9099],[100.9025,13.9101],[100.9025,13.9099],[100.9017,13.9099]]]}},{"type":"Feature","properties":{"kind":"flood","area_km2":1.462,"conf":"high","date":"2026-10-09"},"geometry":{"type":"Polygon","coordinates":[[[100.9311,13.9037],[100.9305,13.9015],[100.9307,13.8975],[100.9321,13.8974],[100.9327,13.8969],[100.9366,13.8969],[100.9369,13.8979],[100.9363,13.898],[100.936,13.8988],[100.9371,13.8985],[100.9371,13.8996],[100.9385,13.8996],[100.9385,13.8982],[100.9377,13.8982],[100.938,13.8977],[100.9371,13.8977],[100.9377,13.896],[100.9346,13.8963],[100.9343,13.8955],[100.9338,13.8955],[100.9338,13.8963],[100.9316,13.8969],[100.9305,13.8966],[100.9304,13.8945],[100.9329,13.8939],[100.9329,13.8928],[100.9324,13.8928],[100.9324,13.892],[100.9382,13.8917],[100.9382,13.8925],[100.9388,13.8925],[100.9387,13.8914],[100.9401,13.8914],[100.9404,13.8941],[100.9385,13.8941],[100.9385,13.8955],[100.9413,13.8955],[100.9413,13.8941],[100.9418,13.8938],[100.9418,13.8947],[100.9427,13.8947],[100.9424,13.8963],[100.9438,13.8963],[100.9438,13.8955],[100.9446,13.8954],[100.9446,13.8941],[100.9432,13.8941],[100.9432,13.8936],[100.9449,13.8938],[100.9449,13.8944],[100.9471,13.8943],[100.9476,13.8941],[100.9474,13.893],[100.949,13.8932],[100.949,13.8951],[100.9482,13.8951],[100.9482,13.8957],[100.9493,13.8957],[100.9496,13.897],[100.9441,13.8974],[100.9432,13.8979],[100.9419,13.8979],[100.9416,13.8968],[100.9407,13.8971],[100.9416,13.9006],[100.9416,13.9022],[100.9411,13.9028],[100.9372,13.9028],[100.9369,13.9034],[100.9311,13.9037]],[[100.9352,13.9015],[100.9369,13.9015],[100.9369,13.9007],[100.9352,13.9007],[100.9352,13.9015]],[[100.9391,13.8982],[100.9394,13.8985],[100.9394,13.8982],[100.9391,13.8982]],[[100.9388,13.8966],[100.9396,13.8966],[100.9396,13.8963],[100.9388,13.896],[100.9388,13.8966]],[[100.9307,13.8964],[100.9318,13.8964],[100.9318,13.8953],[100.9307,13.8953],[100.9307,13.8964]],[[100.9329,13.8955],[100.9338,13.8955],[100.9338,13.8942],[100.9329,13.8942],[100.9329,13.8955]]]}},{"type":"Feature","properties":{"kind":"flood","area_km2":1.424,"conf":"high","date":"2026-10-09"},"geometry":{"type":"Polygon","coordinates":[[[100.9344,13.7673],[100.9335,13.7662],[100.9344,13.7662],[100.9344,13.7651],[100.9352,13.7651],[100.9352,13.7638],[100.9338,13.7638],[100.9338,13.7649],[100.933,13.7649],[100.9327,13.7657],[100.9316,13.7638],[100.9308,13.7638],[100.9307,13.7627],[100.9285,13.7603],[100.9282,13.7592],[100.926,13.7573],[100.9251,13.7554],[100.924,13.7552],[100.9254,13.7549],[100.9254,13.7535],[100.9246,13.7533],[100.9268,13.7527],[100.9268,13.7522],[100.9276,13.7516],[100.9276,13.7503],[100.927,13.7503],[100.9267,13.7486],[100.9273,13.7486],[100.9273,13.75],[100.9284,13.75],[100.9284,13.7505],[100.9298,13.7505],[100.9301,13.7497],[100.9315,13.7497],[100.9315,13.7489],[100.9329,13.7491],[100.9331,13.751],[100.9312,13.751],[100.9301,13.7505],[100.9301,13.7511],[100.9309,13.7516],[100.9298,13.7519],[100.9298,13.7538],[100.9304,13.7538],[100.9304,13.7548],[100.9318,13.7548],[100.9321,13.754],[100.9329,13.754],[100.9329,13.7546],[100.9321,13.7548],[100.9318,13.7559],[100.9318,13.7573],[100.9324,13.7573],[100.9324,13.7584],[100.9351,13.7578],[100.9349,13.7594],[100.9363,13.7594],[100.9365,13.7581],[100.9354,13.7575],[100.9368,13.7567],[100.9371,13.7553],[100.9376,13.7556],[100.9376,13.7575],[100.9368,13.758],[100.9371,13.7589],[100.9379,13.7589],[100.939,13.7575],[100.9401,13.7575],[100.941,13.7583],[100.941,13.7596],[100.9393,13.761],[100.9393,13.7616],[100.9388,13.7616],[100.9388,13.7624],[100.9393,13.7624],[100.9396,13.7618],[100.9418,13.7618],[100.9418,13.7626],[100.9413,13.7626],[100.9402,13.764],[100.9396,13.764],[100.9396,13.7651],[100.9405,13.7651],[100.9405,13.7659],[100.9399,13.7664],[100.9388,13.7664],[100.9383,13.7648],[100.9377,13.7648],[100.9374,13.7654],[100.9363,13.7651],[100.9363,13.7662],[100.9352,13.7673],[100.9344,13.7673]],[[100.9285,13.7576],[100.9296,13.7576],[100.9296,13.7568],[100.9307,13.7567],[100.931,13.7551],[100.9296,13.7551],[100.9293,13.7562],[100.9282,13.7562],[100.9285,13.7576]],[[100.9282,13.7538],[100.9285,13.754],[100.9285,13.7538],[100.9282,13.7538]],[[100.9276,13.7519],[100.9287,13.7516],[100.9287,13.7511],[100.9282,13.7511],[100.9276,13.7519]]]}},{"type":"Feature","properties":{"kind":"flood","area_km2":1.327,"conf":"high","date":"2026-10-09"},"geometry":{"type":"Polygon","coordinates":[[[100.9712,13.9934],[100.9707,13.9888],[100.9715,13.9888],[100.9715,13.9869],[100.9704,13.9869],[100.9704,13.9888],[100.9693,13.9888],[100.9693,13.9893],[100.9682,13.9891],[100.9679,13.9899],[100.9673,13.9899],[100.9673,13.9904],[100.9665,13.9904],[100.9665,13.9896],[100.9671,13.9896],[100.9668,13.9888],[100.9612,13.9889],[100.9612,13.9872],[100.9673,13.9869],[100.9665,13.9872],[100.9665,13.9883],[100.9679,13.9883],[100.9676,13.9869],[100.9709,13.9863],[100.9709,13.9844],[100.9714,13.9844],[100.9714,13.9839],[100.9695,13.9839],[100.9689,13.9826],[100.9689,13.9777],[100.9697,13.9777],[100.9697,13.9766],[100.9689,13.9763],[100.9689,13.9744],[100.9683,13.9744],[100.9683,13.9733],[100.9689,13.9733],[100.9691,13.972],[100.9716,13.9722],[100.9719,13.9747],[100.9714,13.9749],[100.9714,13.9758],[100.9722,13.9766],[100.9725,13.9776],[100.9725,13.9804],[100.9711,13.9804],[100.9711,13.9812],[100.9714,13.9806],[100.9725,13.9806],[100.9725,13.9814],[100.9717,13.9817],[100.9717,13.9823],[100.9737,13.9825],[100.9728,13.9752],[100.9736,13.9752],[100.9736,13.9757],[100.9744,13.976],[100.9744,13.9706],[100.9755,13.9703],[100.9761,13.973],[100.9772,13.973],[100.9773,13.9822],[100.9764,13.9825],[100.9767,13.9836],[100.9759,13.9844],[100.9742,13.9844],[100.9737,13.9839],[100.9717,13.9844],[100.9717,13.9852],[100.9728,13.9858],[100.9729,13.9869],[100.9734,13.9869],[100.9734,13.985],[100.9748,13.9847],[100.9751,13.9871],[100.9745,13.9879],[100.9745,13.9871],[100.9731,13.9871],[100.9731,13.9877],[100.9723,13.9877],[100.9723,13.9869],[100.9717,13.9869],[100.9718,13.9907],[100.9724,13.9931],[100.9712,13.9934]],[[100.9717,13.9833],[100.972,13.9836],[100.972,13.9833],[100.9717,13.9833]],[[100.9695,13.9828],[100.9706,13.9828],[100.9706,13.9812],[100.9695,13.9812],[100.9695,13.9828]],[[100.9759,13.9817],[100.9761,13.9822],[100.9761,13.9817],[100.9759,13.9817]],[[100.9753,13.9817],[100.9756,13.982],[100.9756,13.9817],[100.9753,13.9817]],[[100.9695,13.9809],[100.9709,13.9809],[100.9706,13.9787],[100.9695,13.9788],[100.9695,13.9809]]]}},{"type":"Feature","properties":{"kind":"flood","area_km2":1.12,"conf":"high","date":"2026-10-09"},"geometry":{"type":"Polygon","coordinates":[[[100.9161,13.9393],[100.9144,13.9391],[100.915,13.9374],[100.9141,13.9315],[100.9169,13.9306],[100.9205,13.9306],[100.921,13.9301],[100.9219,13.9301],[100.9218,13.9292],[100.9224,13.929],[100.9221,13.9276],[100.9204,13.9276],[100.9188,13.9282],[100.9185,13.929],[100.9166,13.9287],[100.9163,13.9304],[100.9141,13.9307],[100.9138,13.9285],[100.9166,13.9274],[100.916,13.9269],[100.9152,13.9269],[100.9152,13.926],[100.9177,13.9258],[100.9177,13.9266],[100.9185,13.9266],[100.9185,13.9257],[100.9215,13.9255],[100.9221,13.9271],[100.926,13.9268],[100.9277,13.9262],[100.9288,13.9262],[100.9288,13.927],[100.9307,13.9267],[100.9304,13.9278],[100.9282,13.9278],[100.9282,13.9284],[100.9277,13.9287],[100.9266,13.9287],[100.9266,13.9281],[100.9254,13.9281],[100.9249,13.9279],[100.9249,13.9273],[100.9238,13.9273],[100.9238,13.9279],[100.9232,13.9279],[100.923,13.9287],[100.923,13.9301],[100.9269,13.93],[100.9269,13.9308],[100.9263,13.9308],[100.9263,13.9314],[100.9269,13.9314],[100.9269,13.9325],[100.9266,13.9319],[100.9255,13.9319],[100.9258,13.9314],[100.9227,13.9311],[100.9227,13.9317],[100.9238,13.9322],[100.923,13.9322],[100.923,13.9357],[100.9213,13.9358],[100.9214,13.9371],[100.9219,13.9371],[100.9214,13.9374],[100.9214,13.9387],[100.9186,13.9385],[100.9183,13.9377],[100.92,13.9374],[100.92,13.9363],[100.9161,13.9361],[100.9161,13.9374],[100.9172,13.9374],[100.918,13.938],[100.9172,13.938],[100.9167,13.9388],[100.9161,13.9388],[100.9161,13.9393]],[[100.9202,13.9339],[100.9205,13.9344],[100.9205,13.9339],[100.9202,13.9339]],[[100.9208,13.9328],[100.9224,13.9328],[100.9224,13.9317],[100.9208,13.9317],[100.9208,13.9328]],[[100.9155,13.9323],[100.916,13.9325],[100.916,13.9323],[100.9155,13.9323]],[[100.9174,13.9274],[100.9204,13.9274],[100.9204,13.9268],[100.9174,13.9268],[100.9174,13.9274]]]}},{"type":"Feature","properties":{"kind":"flood","area_km2":1.059,"conf":"high","date":"2026-10-09"},"geometry":{"type":"Polygon","coordinates":[[[100.9267,13.7391],[100.9267,13.7383],[100.9256,13.7383],[100.9222,13.7346],[100.9222,13.7332],[100.923,13.7324],[100.9219,13.7321],[100.9219,13.7311],[100.9246,13.7291],[100.9244,13.7278],[100.9238,13.7278],[100.9238,13.727],[100.9246,13.727],[100.9246,13.7278],[100.9255,13.7278],[100.9255,13.7291],[100.9269,13.7291],[100.9271,13.7275],[100.9293,13.7269],[100.9293,13.7277],[100.9288,13.7283],[100.9282,13.7283],[100.9263,13.7299],[100.9252,13.7302],[100.9252,13.7308],[100.9247,13.7308],[100.9241,13.7316],[100.926,13.731],[100.928,13.7294],[100.9288,13.7294],[100.9294,13.7286],[100.9307,13.7285],[100.9319,13.7291],[100.9319,13.7302],[100.9338,13.7318],[100.9338,13.7323],[100.9347,13.7326],[100.9347,13.7334],[100.9336,13.7339],[100.9336,13.7348],[100.9319,13.7348],[100.9319,13.7356],[100.9311,13.7356],[100.9314,13.7367],[100.9308,13.7372],[100.93,13.7372],[100.93,13.7378],[100.9292,13.738],[100.9286,13.7389],[100.9267,13.7391]],[[100.9269,13.7381],[100.928,13.7381],[100.9286,13.737],[100.9272,13.7375],[100.9269,13.7381]],[[100.9291,13.737],[100.93,13.737],[100.93,13.7364],[100.9294,13.7364],[100.9291,13.737]],[[100.93,13.7361],[100.9303,13.7364],[100.9302,13.7361],[100.93,13.7361]]]}},{"type":"Feature","properties":{"kind":"flood","area_km2":1.036,"conf":"high","date":"2026-10-09"},"geometry":{"type":"Polygon","coordinates":[[[100.9907,13.9981],[100.9891,13.9976],[100.9888,13.9949],[100.9882,13.9949],[100.9879,13.9954],[100.9877,13.9976],[100.9863,13.9979],[100.9857,13.9971],[100.9857,13.9954],[100.9849,13.9957],[100.9849,13.9971],[100.9841,13.9971],[100.984,13.9941],[100.9832,13.9938],[100.9826,13.9927],[100.9801,13.993],[100.9807,13.9911],[100.9804,13.9884],[100.9809,13.9854],[100.982,13.9854],[100.9823,13.9865],[100.9828,13.9862],[100.9828,13.9857],[100.9842,13.9857],[100.9843,13.9887],[100.9848,13.9887],[100.9856,13.9876],[100.9856,13.9857],[100.9884,13.9862],[100.9882,13.9903],[100.9865,13.9905],[100.9862,13.99],[100.9854,13.99],[100.9854,13.9895],[100.9848,13.9895],[100.9851,13.993],[100.9854,13.9914],[100.9876,13.9913],[100.9879,13.9919],[100.9898,13.9913],[100.9898,13.9921],[100.9904,13.9921],[100.9912,13.9916],[100.9915,13.9908],[100.9926,13.9908],[100.9924,13.9978],[100.9907,13.9981]],[[100.9862,13.9943],[100.9868,13.9941],[100.9868,13.9933],[100.9862,13.9933],[100.9862,13.9943]],[[100.9885,13.9941],[100.989,13.994],[100.989,13.9932],[100.9885,13.9935],[100.9885,13.9941]],[[100.9823,13.9908],[100.9829,13.9908],[100.9829,13.9873],[100.9823,13.9873],[100.982,13.9881],[100.9823,13.9908]]]}},{"type":"Feature","properties":{"kind":"flood","area_km2":0.937,"conf":"low","date":"2026-10-09"},"geometry":{"type":"Polygon","coordinates":[[[100.9077,13.8651],[100.9077,13.8643],[100.9083,13.8643],[100.9083,13.8635],[100.9077,13.8632],[100.908,13.8594],[100.911,13.8591],[100.9107,13.858],[100.9149,13.8577],[100.9154,13.8564],[100.9151,13.8539],[100.914,13.8539],[100.914,13.8534],[100.9154,13.8537],[100.9154,13.8556],[100.9179,13.8555],[100.9182,13.8561],[100.9224,13.8558],[100.9224,13.8566],[100.9215,13.8571],[100.9215,13.8577],[100.9213,13.8566],[100.919,13.8566],[100.9193,13.8585],[100.9207,13.8588],[100.9207,13.8596],[100.9193,13.8596],[100.9193,13.8607],[100.9188,13.8607],[100.9191,13.8596],[100.9152,13.8596],[100.9149,13.8588],[100.9141,13.8585],[100.9141,13.8599],[100.9152,13.8602],[100.9152,13.8612],[100.9163,13.8615],[100.9163,13.8626],[100.9171,13.8626],[100.9171,13.8631],[100.9185,13.8631],[100.9188,13.8626],[100.9221,13.8628],[100.9224,13.8617],[100.9224,13.8647],[100.9166,13.8645],[100.9149,13.865],[100.9077,13.8651]],[[100.9124,13.8634],[100.9146,13.8631],[100.9146,13.8618],[100.9124,13.8621],[100.9124,13.8634]],[[100.9154,13.858],[100.9157,13.8585],[100.9157,13.858],[100.9154,13.858]]]}},{"type":"Feature","properties":{"kind":"flood","area_km2":0.911,"conf":"low","date":"2026-10-09"},"geometry":{"type":"Polygon","coordinates":[[[100.9466,13.9646],[100.9465,13.9619],[100.9457,13.9632],[100.9438,13.9632],[100.9435,13.9624],[100.9435,13.9611],[100.944,13.9611],[100.944,13.9603],[100.9454,13.9602],[100.9454,13.9597],[100.946,13.9597],[100.946,13.9589],[100.9443,13.9589],[100.9442,13.951],[100.9453,13.9508],[100.9454,13.9521],[100.9462,13.9521],[100.9459,13.9499],[100.9448,13.9497],[100.9448,13.9489],[100.9437,13.9489],[100.9437,13.9478],[100.9467,13.948],[100.9473,13.9488],[100.947,13.9502],[100.9476,13.9502],[100.9484,13.951],[100.9501,13.9507],[100.9501,13.9513],[100.952,13.9512],[100.9517,13.9499],[100.9526,13.9504],[100.9531,13.9501],[100.9531,13.951],[100.9542,13.951],[100.9542,13.9501],[100.9551,13.9504],[100.9548,13.9518],[100.9531,13.9515],[100.9515,13.9521],[100.9512,13.9515],[100.9506,13.9515],[100.9506,13.9534],[100.9495,13.9532],[100.9496,13.9559],[100.9501,13.9559],[100.9504,13.9594],[100.9499,13.9597],[100.9501,13.9602],[100.949,13.9605],[100.9488,13.964],[100.948,13.9637],[100.9474,13.9646],[100.9466,13.9646]],[[100.9446,13.9627],[100.9457,13.9627],[100.9457,13.9616],[100.9446,13.9616],[100.9446,13.9627]],[[100.949,13.9586],[100.9493,13.9589],[100.9493,13.9586],[100.949,13.9586]],[[100.9457,13.957],[100.9462,13.957],[100.9459,13.9562],[100.9454,13.9564],[100.9457,13.957]],[[100.9482,13.9556],[100.9487,13.9556],[100.9487,13.9542],[100.9479,13.9545],[100.9482,13.9556]],[[100.9445,13.9548],[100.9454,13.9548],[100.9454,13.9537],[100.9445,13.9537],[100.9445,13.9548]],[[100.9484,13.9532],[100.9493,13.9532],[100.9492,13.9518],[100.9487,13.9518],[100.9487,13.9513],[100.9481,13.9515],[100.9484,13.9532]]]}},{"type":"Feature","properties":{"kind":"flood","area_km2":0.886,"conf":"low","date":"2026-10-09"},"geometry":{"type":"Polygon","coordinates":[[[100.9093,13.787],[100.9087,13.7865],[100.9079,13.7832],[100.9095,13.7827],[100.9098,13.7821],[100.9107,13.7821],[100.9109,13.7816],[100.9123,13.781],[100.9123,13.7805],[100.9106,13.781],[100.9104,13.7816],[100.9095,13.7816],[100.9084,13.7827],[100.9068,13.783],[100.9057,13.7822],[100.9057,13.7813],[100.9051,13.7811],[100.9051,13.7797],[100.9073,13.7797],[100.9076,13.7802],[100.9087,13.7802],[100.909,13.7786],[100.9109,13.7783],[100.9101,13.7799],[100.9117,13.7799],[100.9117,13.7791],[100.9123,13.7791],[100.9123,13.7775],[100.9137,13.7769],[100.9145,13.7748],[100.9161,13.775],[100.917,13.7742],[100.917,13.7737],[100.9184,13.7736],[100.9189,13.7742],[100.9189,13.775],[100.9195,13.7753],[100.9195,13.7766],[100.9192,13.7758],[100.9167,13.7758],[100.9167,13.7769],[100.9164,13.7764],[100.9159,13.7764],[100.9156,13.7775],[100.9148,13.778],[100.9148,13.7791],[100.9137,13.7796],[100.9156,13.7796],[100.9156,13.778],[100.9176,13.7777],[100.917,13.7769],[100.9181,13.7769],[100.9181,13.7783],[100.9189,13.7785],[100.9173,13.7788],[100.917,13.7802],[100.9156,13.7799],[100.9156,13.7815],[100.9162,13.7821],[100.9162,13.7829],[100.9154,13.7837],[100.9148,13.7837],[100.914,13.7851],[100.9126,13.7854],[100.9112,13.7864],[100.9104,13.7865],[100.9101,13.787],[100.9093,13.787]]]}},{"type":"Feature","properties":{"kind":"flood","area_km2":0.848,"conf":"low","date":"2026-10-09"},"geometry":{"type":"Polygon","coordinates":[[[100.9311,13.8763],[100.9311,13.8749],[100.9317,13.8749],[100.9317,13.876],[100.9331,13.876],[100.9333,13.8741],[100.93,13.8741],[100.9294,13.875],[100.9272,13.875],[100.9272,13.8742],[100.9281,13.8742],[100.9283,13.8725],[100.9275,13.8725],[100.9266,13.8717],[100.9266,13.8685],[100.928,13.8682],[100.928,13.8677],[100.9302,13.8674],[100.9302,13.8668],[100.9305,13.8674],[100.9322,13.8673],[100.9322,13.866],[100.9316,13.866],[100.9316,13.8655],[100.9308,13.8655],[100.931,13.8638],[100.9313,13.8644],[100.9321,13.8641],[100.9321,13.8646],[100.933,13.8646],[100.9338,13.8654],[100.9338,13.866],[100.9358,13.866],[100.9363,13.8651],[100.9363,13.8641],[100.9369,13.8641],[100.9377,13.8714],[100.933,13.8717],[100.9325,13.8728],[100.9344,13.873],[100.9347,13.8722],[100.9378,13.8725],[100.9383,13.8733],[100.9383,13.8752],[100.9369,13.8757],[100.9311,13.8763]],[[100.9289,13.8736],[100.9311,13.8736],[100.9311,13.8714],[100.9289,13.8714],[100.9289,13.8736]],[[100.9272,13.8712],[100.9286,13.8712],[100.9286,13.8701],[100.9272,13.8701],[100.9272,13.8712]],[[100.9302,13.8709],[100.9361,13.8703],[100.9361,13.8692],[100.9302,13.8698],[100.9302,13.8709]],[[100.9297,13.8693],[100.9311,13.8693],[100.9311,13.8682],[100.9286,13.8679],[100.9286,13.8687],[100.9297,13.8687],[100.9297,13.8693]],[[100.9347,13.869],[100.9361,13.8689],[100.936,13.8676],[100.9352,13.8676],[100.9352,13.8671],[100.933,13.8671],[100.9333,13.8676],[100.9347,13.8676],[100.9347,13.869]]]}},{"type":"Feature","properties":{"kind":"flood","area_km2":0.801,"conf":"low","date":"2026-10-09"},"geometry":{"type":"Polygon","coordinates":[[[100.8744,13.7287],[100.8744,13.7276],[100.8753,13.7276],[100.8755,13.7268],[100.8747,13.7268],[100.8747,13.7273],[100.8736,13.7271],[100.8736,13.7263],[100.8741,13.7257],[100.873,13.7255],[100.8727,13.7233],[100.8733,13.7233],[100.8733,13.7228],[100.8711,13.723],[100.8705,13.7214],[100.871,13.7198],[100.8722,13.7198],[100.8722,13.7203],[100.8735,13.7203],[100.8735,13.7192],[100.876,13.7189],[100.8763,13.7195],[100.8752,13.7195],[100.8752,13.7208],[100.876,13.7208],[100.876,13.7203],[100.8774,13.7203],[100.8774,13.7189],[100.8782,13.7189],[100.8785,13.7205],[100.8794,13.7216],[100.8799,13.7216],[100.8799,13.7205],[100.8827,13.72],[100.8833,13.7205],[100.8833,13.7213],[100.8824,13.7213],[100.8816,13.7221],[100.8805,13.7222],[100.8808,13.7232],[100.8816,13.7238],[100.8813,13.7254],[100.8808,13.7259],[100.88,13.726],[100.8789,13.727],[100.878,13.7271],[100.8778,13.7276],[100.8758,13.7282],[100.8756,13.7287],[100.8744,13.7287]]]}},{"type":"Feature","properties":{"kind":"flood","area_km2":0.789,"conf":"low","date":"2026-10-09"},"geometry":{"type":"Polygon","coordinates":[[[100.9099,13.8892],[100.9093,13.8889],[100.9093,13.8881],[100.9104,13.8873],[100.9093,13.8865],[100.9096,13.8852],[100.9107,13.8851],[100.911,13.8868],[100.914,13.8873],[100.9137,13.8862],[100.9154,13.8862],[100.9154,13.8851],[100.9115,13.8851],[100.9123,13.8846],[100.9123,13.8838],[100.9131,13.8838],[100.9132,13.8849],[100.9145,13.8843],[100.9165,13.8843],[100.9162,13.8821],[100.9156,13.8821],[100.9153,13.8794],[100.9167,13.8797],[100.917,13.8805],[100.9192,13.8802],[100.9189,13.8791],[100.9195,13.8791],[100.9203,13.8802],[100.9223,13.8802],[100.9231,13.8796],[100.9226,13.881],[100.9237,13.8818],[100.9237,13.8829],[100.9242,13.8831],[100.9243,13.8869],[100.9248,13.8869],[100.9248,13.8877],[100.9257,13.888],[100.9257,13.8888],[100.9218,13.8891],[100.924,13.8875],[100.924,13.8856],[100.9226,13.8856],[100.9223,13.8864],[100.9209,13.8864],[100.9204,13.888],[100.9193,13.8881],[100.9187,13.887],[100.9171,13.887],[100.9168,13.8862],[100.9157,13.8862],[100.9151,13.8865],[100.9148,13.8875],[100.9168,13.8873],[100.9165,13.8886],[100.9099,13.8892]],[[100.9182,13.8851],[100.9193,13.8851],[100.9193,13.884],[100.9181,13.884],[100.9182,13.8851]],[[100.9226,13.884],[100.9234,13.884],[100.9234,13.8831],[100.9226,13.8832],[100.9226,13.884]],[[100.9193,13.8834],[100.922,13.8832],[100.9223,13.8815],[100.9217,13.881],[100.9173,13.8813],[100.9173,13.8826],[100.9192,13.8829],[100.9193,13.8834]]]}},{"type":"Feature","properties":{"kind":"flood","area_km2":0.763,"conf":"low","date":"2026-10-09"},"geometry":{"type":"Polygon","coordinates":[[[100.9039,13.7702],[100.9039,13.7686],[100.9025,13.7686],[100.9025,13.77],[100.902,13.77],[100.9014,13.7689],[100.8992,13.7692],[100.8992,13.7684],[100.8983,13.7684],[100.8983,13.7676],[100.9003,13.767],[100.9016,13.7659],[100.9025,13.7659],[100.9025,13.7643],[100.9016,13.7643],[100.9011,13.7651],[100.9003,13.7651],[100.9003,13.7657],[100.8991,13.7657],[100.8989,13.7667],[100.898,13.7668],[100.8975,13.7649],[100.8966,13.7643],[100.8969,13.7632],[100.9008,13.7638],[100.9008,13.7632],[100.9027,13.7629],[100.9027,13.7624],[100.9013,13.7629],[100.8991,13.763],[100.8991,13.7621],[100.9013,13.7616],[100.9016,13.7605],[100.9027,13.7602],[100.9033,13.7602],[100.9038,13.7629],[100.9075,13.7634],[100.9083,13.7645],[100.9088,13.7645],[100.9089,13.765],[100.9113,13.7648],[100.9105,13.765],[100.9105,13.7672],[100.9111,13.7677],[100.9111,13.7691],[100.91,13.7688],[100.9094,13.7664],[100.9086,13.7664],[100.9089,13.7683],[100.9083,13.7683],[100.908,13.7669],[100.9066,13.767],[100.9067,13.7675],[100.9053,13.7675],[100.905,13.7697],[100.9039,13.7702]],[[100.9039,13.7645],[100.9058,13.7643],[100.9058,13.7634],[100.9038,13.7637],[100.9039,13.7645]]]}},{"type":"Feature","properties":{"kind":"flood","area_km2":0.761,"conf":"low","date":"2026-10-09"},"geometry":{"type":"Polygon","coordinates":[[[100.9341,13.8638],[100.9313,13.8636],[100.9313,13.863],[100.933,13.8627],[100.9329,13.8616],[100.9338,13.8614],[100.9338,13.8597],[100.9271,13.8603],[100.9268,13.862],[100.9263,13.862],[100.9263,13.8609],[100.9257,13.8604],[100.9257,13.8555],[100.931,13.8554],[100.9315,13.8557],[100.9312,13.8573],[100.9329,13.8573],[100.9323,13.8541],[100.9359,13.8543],[100.9362,13.8576],[100.9346,13.8576],[100.9354,13.8573],[100.9354,13.8554],[100.9335,13.8557],[100.9335,13.8592],[100.934,13.8595],[100.9357,13.8589],[100.9357,13.8595],[100.9365,13.8597],[100.9365,13.8608],[100.9371,13.8608],[100.9371,13.8603],[100.9379,13.8597],[100.9379,13.8592],[100.9368,13.8592],[100.9371,13.8573],[100.9418,13.857],[100.9418,13.8589],[100.9401,13.8592],[100.9401,13.86],[100.9415,13.8597],[100.9415,13.8602],[100.941,13.8602],[100.9402,13.8616],[100.9371,13.8613],[100.9368,13.8632],[100.9352,13.8633],[100.9349,13.8627],[100.9341,13.8627],[100.9338,13.8633],[100.9332,13.8633],[100.9341,13.8638]],[[100.9349,13.8614],[100.9363,13.8614],[100.9363,13.86],[100.9349,13.86],[100.9349,13.8614]],[[100.9288,13.8595],[100.9332,13.8592],[100.9332,13.8579],[100.9288,13.8582],[100.9288,13.8595]]]}},{"type":"Feature","properties":{"kind":"flood","area_km2":0.735,"conf":"low","date":"2026-10-09"},"geometry":{"type":"Polygon","coordinates":[[[100.9848,13.8254],[100.9834,13.823],[100.9828,13.8228],[100.9826,13.8217],[100.982,13.8217],[100.982,13.8222],[100.9806,13.822],[100.9806,13.8214],[100.9803,13.822],[100.9795,13.822],[100.9803,13.8228],[100.9801,13.8239],[100.9784,13.8236],[100.9784,13.8231],[100.9773,13.8231],[100.9773,13.822],[100.9748,13.8223],[100.9748,13.8206],[100.9767,13.8206],[100.977,13.8201],[100.9781,13.8201],[100.9787,13.8212],[100.9798,13.8211],[100.9798,13.8203],[100.9806,13.8203],[100.9806,13.8198],[100.9812,13.8198],[100.9811,13.8184],[100.9817,13.8184],[100.9822,13.8173],[100.9839,13.8189],[100.9861,13.8189],[100.9867,13.8206],[100.9887,13.8208],[100.9886,13.8192],[100.9881,13.8192],[100.9875,13.8184],[100.9867,13.8184],[100.9867,13.8173],[100.9856,13.8168],[100.9847,13.8157],[100.9856,13.8157],[100.9861,13.8162],[100.9878,13.8162],[100.9881,13.8157],[100.9892,13.8157],[100.99,13.817],[100.9908,13.817],[100.9909,13.8192],[100.99,13.8197],[100.99,13.8203],[100.9892,13.8203],[100.9892,13.8208],[100.99,13.8213],[100.9901,13.8222],[100.9878,13.8222],[100.9876,13.8233],[100.9862,13.8235],[100.9856,13.8254],[100.9848,13.8254]],[[100.9784,13.8225],[100.979,13.8228],[100.979,13.8225],[100.9784,13.8225]],[[100.9809,13.8211],[100.9814,13.8211],[100.9814,13.8209],[100.9809,13.8206],[100.9809,13.8211]]]}},{"type":"Feature","properties":{"kind":"flood","area_km2":0.734,"conf":"high","date":"2026-10-09"},"geometry":{"type":"Polygon","coordinates":[[[100.9179,13.9526],[100.9179,13.9518],[100.917,13.9518],[100.9173,13.9483],[100.9167,13.9483],[100.9167,13.9475],[100.9176,13.9472],[100.9164,13.9472],[100.9167,13.9456],[100.9156,13.9448],[100.9156,13.9437],[100.9167,13.9431],[100.9184,13.9431],[100.9183,13.942],[100.9192,13.942],[100.9192,13.9415],[100.9181,13.9415],[100.9181,13.9426],[100.9156,13.9429],[100.9153,13.941],[100.9161,13.9404],[100.9181,13.9401],[100.9206,13.9404],[100.9233,13.9398],[100.9233,13.9406],[100.9225,13.9409],[100.9225,13.942],[100.9195,13.9423],[100.9195,13.9428],[100.92,13.9434],[100.9209,13.9434],[100.9214,13.9428],[100.9236,13.9425],[100.9236,13.9431],[100.9242,13.9431],[100.9245,13.9444],[100.9245,13.9477],[100.9195,13.9474],[100.9192,13.9463],[100.9192,13.9493],[100.9201,13.9493],[100.9201,13.9504],[100.9193,13.9512],[100.9179,13.951],[100.9179,13.9515],[100.9193,13.9518],[100.9193,13.9526],[100.9179,13.9526]],[[100.9178,13.9455],[100.9181,13.9458],[100.9181,13.9455],[100.9178,13.9455]],[[100.9228,13.9458],[100.9239,13.9458],[100.9239,13.9447],[100.9228,13.9447],[100.9228,13.9458]]]}},{"type":"Feature","properties":{"kind":"flood","area_km2":0.716,"conf":"low","date":"2026-10-09"},"geometry":{"type":"Polygon","coordinates":[[[100.9454,13.6945],[100.9449,13.6913],[100.9443,13.691],[100.944,13.6886],[100.9434,13.6883],[100.942,13.6843],[100.9459,13.6837],[100.9462,13.6829],[100.9481,13.6826],[100.9487,13.6848],[100.9495,13.6858],[100.9484,13.6861],[100.9484,13.6875],[100.9501,13.6877],[100.9501,13.6902],[100.9496,13.6904],[100.9504,13.6907],[100.9504,13.6921],[100.949,13.6923],[100.9488,13.6934],[100.9479,13.6934],[100.9479,13.694],[100.9454,13.6945]],[[100.9476,13.6929],[100.9479,13.6932],[100.9479,13.6929],[100.9476,13.6929]],[[100.9476,13.6907],[100.9485,13.6907],[100.9485,13.6904],[100.9476,13.6902],[100.9476,13.6907]],[[100.944,13.6864],[100.9443,13.687],[100.9443,13.6864],[100.944,13.6864]]]}},{"type":"Feature","properties":{"kind":"flood","area_km2":0.716,"conf":"low","date":"2026-10-09"},"geometry":{"type":"Polygon","coordinates":[[[100.894,13.8888],[100.894,13.888],[100.8946,13.888],[100.8946,13.8874],[100.8935,13.8874],[100.8926,13.8858],[100.8868,13.8848],[100.8868,13.884],[100.8901,13.8842],[100.8907,13.8848],[100.8923,13.8847],[100.8926,13.8853],[100.894,13.885],[100.894,13.8858],[100.8957,13.8858],[100.8962,13.8847],[100.8973,13.8847],[100.8973,13.8861],[100.8998,13.8858],[100.8998,13.8847],[100.899,13.8844],[100.9001,13.8844],[100.9001,13.8833],[100.897,13.8831],[100.8968,13.8812],[100.8973,13.8787],[100.8981,13.8787],[100.8981,13.8795],[100.899,13.8795],[100.8995,13.8787],[100.9048,13.879],[100.9048,13.8822],[100.9043,13.8822],[100.9045,13.8811],[100.9026,13.8811],[100.9026,13.882],[100.9012,13.882],[100.9012,13.8828],[100.9004,13.8828],[100.9007,13.8847],[100.9026,13.8847],[100.9026,13.8852],[100.904,13.8855],[100.9043,13.8868],[100.9048,13.8868],[100.9049,13.8876],[100.8993,13.8882],[100.8971,13.8882],[100.8971,13.8877],[100.8957,13.8877],[100.8954,13.8882],[100.8949,13.8882],[100.8949,13.8888],[100.894,13.8888]],[[100.8979,13.8874],[100.899,13.8874],[100.899,13.8869],[100.8979,13.8869],[100.8979,13.8874]],[[100.9004,13.8874],[100.9018,13.8874],[100.9018,13.8866],[100.9004,13.8866],[100.9004,13.8874]],[[100.8979,13.8812],[100.9001,13.8806],[100.9001,13.8795],[100.8979,13.8798],[100.8979,13.8812]]]}},{"type":"Feature","properties":{"kind":"flood","area_km2":0.695,"conf":"low","date":"2026-10-09"},"geometry":{"type":"Polygon","coordinates":[[[100.9067,13.8093],[100.9064,13.8087],[100.905,13.8087],[100.905,13.8079],[100.9064,13.8065],[100.9045,13.8066],[100.9028,13.8044],[100.9022,13.8044],[100.9017,13.8055],[100.9003,13.8052],[100.8995,13.8044],[100.8992,13.8031],[100.8978,13.802],[100.8978,13.8006],[100.8986,13.8006],[100.8986,13.802],[100.9,13.802],[100.9,13.8006],[100.9008,13.8006],[100.9017,13.8014],[100.9033,13.8014],[100.9033,13.802],[100.9047,13.8033],[100.9053,13.8033],[100.9047,13.8014],[100.9064,13.8014],[100.9067,13.8027],[100.908,13.8027],[100.908,13.8019],[100.9086,13.8019],[100.9092,13.8027],[100.91,13.8027],[100.9105,13.8033],[100.9119,13.803],[100.9136,13.8038],[100.9136,13.8049],[100.9128,13.8057],[100.9122,13.8043],[100.9108,13.8043],[100.9108,13.8062],[100.912,13.8065],[100.9109,13.8065],[100.9089,13.8084],[100.9089,13.809],[100.9067,13.8093]],[[100.9064,13.8063],[100.907,13.8063],[100.9081,13.8038],[100.9075,13.8038],[100.9072,13.8044],[100.9064,13.8044],[100.9058,13.8038],[100.9053,13.8044],[100.9053,13.8049],[100.9064,13.8055],[100.9064,13.8063]],[[100.9097,13.8054],[100.9103,13.8052],[100.9103,13.8046],[100.9092,13.8046],[100.9097,13.8054]]]}},{"type":"Feature","properties":{"kind":"flood","area_km2":0.692,"conf":"low","date":"2026-10-09"},"geometry":{"type":"Polygon","coordinates":[[[100.9668,13.7659],[100.9671,13.7646],[100.9685,13.764],[100.9685,13.7635],[100.9693,13.7627],[100.9682,13.763],[100.9679,13.7635],[100.966,13.7632],[100.9651,13.7624],[100.9651,13.7616],[100.966,13.7611],[100.966,13.7605],[100.9651,13.7605],[100.9649,13.7614],[100.964,13.7619],[100.9632,13.7619],[100.9632,13.7611],[100.9643,13.76],[100.964,13.7586],[100.9645,13.7581],[100.9648,13.7589],[100.9676,13.7583],[100.9679,13.7573],[100.9687,13.7573],[100.9687,13.7559],[100.9681,13.7556],[100.9687,13.7556],[100.969,13.7551],[100.9701,13.7551],[100.9701,13.7559],[100.969,13.7567],[100.969,13.7581],[100.9698,13.7581],[100.9709,13.757],[100.9717,13.757],[100.9723,13.7575],[100.972,13.7586],[100.9726,13.7588],[100.9726,13.7597],[100.9715,13.7605],[100.9715,13.761],[100.9707,13.761],[100.9701,13.7621],[100.971,13.7621],[100.971,13.7616],[100.9715,13.7616],[100.9723,13.7605],[100.9743,13.7605],[100.9743,13.761],[100.9751,13.7613],[100.9751,13.7624],[100.9743,13.7624],[100.9724,13.7643],[100.971,13.7648],[100.9702,13.7659],[100.9693,13.7659],[100.969,13.7651],[100.9679,13.7654],[100.9677,13.7659],[100.9668,13.7659]],[[100.9693,13.7627],[100.9699,13.7627],[100.9698,13.7621],[100.9696,13.7621],[100.9693,13.7627]],[[100.9676,13.7592],[100.9679,13.7594],[100.9679,13.7592],[100.9676,13.7592]],[[100.9679,13.7589],[100.9682,13.7592],[100.9682,13.7589],[100.9679,13.7589]]]}},{"type":"Feature","properties":{"kind":"flood","area_km2":0.69,"conf":"low","date":"2026-10-09"},"geometry":{"type":"Polygon","coordinates":[[[100.9104,13.7496],[100.9098,13.7485],[100.9087,13.748],[100.9076,13.7461],[100.9068,13.7455],[100.9067,13.7445],[100.9076,13.7444],[100.9081,13.7436],[100.909,13.7436],[100.9098,13.7428],[100.91,13.7409],[100.9095,13.7409],[100.9095,13.7404],[100.9109,13.7401],[100.9109,13.7412],[100.9125,13.7412],[100.9128,13.7395],[100.9131,13.7401],[100.9145,13.7401],[100.9145,13.7376],[100.9153,13.736],[100.9147,13.7357],[100.9147,13.7349],[100.9164,13.7349],[100.9164,13.7341],[100.9172,13.7341],[100.9172,13.7349],[100.9183,13.7349],[100.9183,13.7357],[100.9175,13.7362],[100.9175,13.7371],[100.9192,13.7373],[100.917,13.7392],[100.9173,13.7408],[100.9142,13.7439],[100.9131,13.7444],[100.914,13.7449],[100.912,13.7452],[100.912,13.7479],[100.9115,13.7485],[100.9107,13.7485],[100.9104,13.7496]],[[100.9106,13.7444],[100.9109,13.7447],[100.9109,13.7444],[100.9106,13.7444]],[[100.9112,13.7442],[100.9117,13.7441],[100.912,13.7436],[100.9112,13.7433],[100.9112,13.7442]],[[100.9103,13.7428],[100.9114,13.7428],[100.9114,13.742],[100.9103,13.742],[100.9103,13.7428]],[[100.9161,13.7395],[100.9175,13.7384],[100.9175,13.7379],[100.9167,13.7379],[100.9161,13.7395]],[[100.9167,13.7352],[100.9169,13.7354],[100.9169,13.7352],[100.9167,13.7352]]]}},{"type":"Feature","properties":{"kind":"flood","area_km2":0.688,"conf":"low","date":"2026-10-09"},"geometry":{"type":"Polygon","coordinates":[[[100.9742,13.8841],[100.9734,13.8838],[100.9734,13.8819],[100.9731,13.8814],[100.9725,13.8814],[100.9722,13.8795],[100.9722,13.8787],[100.9747,13.8784],[100.9744,13.8779],[100.9739,13.8779],[100.9739,13.8765],[100.9747,13.8765],[100.9736,13.876],[100.9744,13.8749],[100.9738,13.8733],[100.9758,13.8732],[100.9755,13.8743],[100.9775,13.8743],[100.9775,13.8751],[100.9764,13.8754],[100.9764,13.8759],[100.9755,13.8762],[100.9786,13.8765],[100.98,13.8756],[100.9816,13.8756],[100.9822,13.877],[100.98,13.877],[100.9794,13.8775],[100.9794,13.8784],[100.9783,13.8789],[100.9783,13.8797],[100.9825,13.8802],[100.9825,13.8808],[100.9806,13.8811],[100.9806,13.8824],[100.9825,13.8821],[100.9825,13.8829],[100.9814,13.8835],[100.9803,13.8832],[100.9742,13.8841]],[[100.9753,13.883],[100.9784,13.8827],[100.9783,13.8813],[100.9753,13.8816],[100.9753,13.883]],[[100.9789,13.8813],[100.9792,13.8819],[100.9792,13.8813],[100.9789,13.8813]],[[100.977,13.8811],[100.9778,13.8808],[100.9781,13.8797],[100.9769,13.88],[100.977,13.8811]]]}},{"type":"Feature","properties":{"kind":"flood","area_km2":0.68,"conf":"low","date":"2026-10-09"},"geometry":{"type":"Polygon","coordinates":[[[100.9805,13.6753],[100.9788,13.675],[100.9788,13.6742],[100.9769,13.6726],[100.9769,13.6715],[100.9755,13.6715],[100.9746,13.6707],[100.9746,13.6699],[100.9757,13.6699],[100.9768,13.6683],[100.9779,13.6683],[100.9785,13.6688],[100.9782,13.6674],[100.979,13.6672],[100.9787,13.665],[100.9796,13.6647],[100.9798,13.6639],[100.9812,13.6628],[100.9823,13.6628],[100.9826,13.6641],[100.9832,13.6644],[100.9829,13.666],[100.9835,13.6663],[100.9835,13.6677],[100.9826,13.6677],[100.9824,13.6685],[100.9835,13.6698],[100.9832,13.6717],[100.9838,13.6717],[100.9841,13.6731],[100.9827,13.6728],[100.9827,13.6717],[100.981,13.6701],[100.9802,13.6699],[100.9805,13.6712],[100.9816,13.672],[100.9816,13.6739],[100.9805,13.6753]],[[100.9788,13.6712],[100.9794,13.6718],[100.9793,13.6712],[100.9788,13.6712]],[[100.9788,13.6693],[100.9793,13.6693],[100.9793,13.6688],[100.9785,13.6688],[100.9788,13.6693]]]}},{"type":"Feature","properties":{"kind":"flood","area_km2":0.662,"conf":"low","date":"2026-10-09"},"geometry":{"type":"Polygon","coordinates":[[[100.9246,13.788],[100.9243,13.7874],[100.9212,13.7869],[100.9207,13.7864],[100.9207,13.7853],[100.922,13.7839],[100.9226,13.7826],[100.9243,13.7828],[100.9234,13.782],[100.9234,13.7812],[100.9242,13.7812],[100.9237,13.7809],[100.9239,13.7796],[100.9245,13.7796],[100.9253,13.7787],[100.9253,13.7782],[100.9262,13.7782],[100.9262,13.7777],[100.9275,13.7774],[100.9275,13.7787],[100.9284,13.7787],[100.9287,13.7798],[100.9262,13.782],[100.9262,13.7828],[100.9251,13.7828],[100.9248,13.7844],[100.924,13.785],[100.924,13.7869],[100.9254,13.7869],[100.9262,13.7861],[100.9262,13.7855],[100.927,13.785],[100.927,13.7836],[100.9281,13.7836],[100.9281,13.7831],[100.9276,13.7831],[100.9276,13.7823],[100.9295,13.7806],[100.9309,13.7806],[100.9309,13.783],[100.9317,13.7828],[100.9317,13.7817],[100.9326,13.7817],[100.9337,13.7827],[100.934,13.7838],[100.9348,13.7836],[100.9348,13.7844],[100.9331,13.7846],[100.9331,13.7844],[100.9309,13.7844],[100.9309,13.7841],[100.9298,13.7841],[100.9298,13.7849],[100.9293,13.785],[100.9293,13.7855],[100.9265,13.7866],[100.9262,13.788],[100.9246,13.788]],[[100.9293,13.7841],[100.9298,13.7841],[100.9298,13.7836],[100.9293,13.7836],[100.9293,13.7841]]]}},{"type":"Feature","properties":{"kind":"flood","area_km2":0.66,"conf":"low","date":"2026-10-09"},"geometry":{"type":"Polygon","coordinates":[[[100.9513,13.8696],[100.951,13.8672],[100.9527,13.8675],[100.953,13.8666],[100.9521,13.8666],[100.9521,13.8661],[100.951,13.8661],[100.951,13.8653],[100.9532,13.8653],[100.9538,13.8642],[100.9504,13.864],[100.9504,13.8634],[100.9499,13.8631],[100.9499,13.8621],[100.9504,13.8615],[100.9565,13.8612],[100.9574,13.862],[100.9574,13.8628],[100.9568,13.8636],[100.9552,13.8636],[100.9552,13.8642],[100.9577,13.8642],[100.9577,13.8652],[100.9591,13.8652],[100.9591,13.8663],[100.9596,13.8666],[100.9646,13.866],[100.9663,13.8663],[100.9663,13.8673],[100.963,13.8679],[100.961,13.8679],[100.961,13.8668],[100.958,13.8669],[100.9577,13.8674],[100.9566,13.8674],[100.9566,13.868],[100.9555,13.868],[100.9555,13.8693],[100.9513,13.8696]],[[100.9544,13.868],[100.9546,13.8683],[100.9546,13.868],[100.9544,13.868]],[[100.9544,13.8664],[100.9552,13.8666],[100.9552,13.8661],[100.9544,13.8664]]]}},{"type":"Feature","properties":{"kind":"flood","area_km2":0.647,"conf":"low","date":"2026-10-09"},"geometry":{"type":"Polygon","coordinates":[[[100.913,13.7658],[100.9127,13.7634],[100.9116,13.7623],[100.9116,13.7591],[100.911,13.7588],[100.9107,13.7561],[100.909,13.7545],[100.9079,13.7542],[100.9079,13.7531],[100.9054,13.7534],[100.9051,13.7529],[100.9043,13.7529],[100.9043,13.7521],[100.9057,13.7518],[100.906,13.7526],[100.9065,13.7526],[100.9071,13.7523],[100.9068,13.7515],[100.9079,13.7515],[100.9085,13.7507],[100.9093,13.7526],[100.9101,13.7528],[100.9107,13.7536],[100.9115,13.7536],[100.9121,13.7555],[100.9127,13.7555],[100.9146,13.7577],[100.9157,13.7579],[100.9157,13.7585],[100.9141,13.7585],[100.9141,13.7596],[100.916,13.7596],[100.9163,13.759],[100.9169,13.7601],[100.9174,13.7601],[100.918,13.7615],[100.916,13.7615],[100.916,13.7623],[100.9169,13.7625],[100.9163,13.7625],[100.9163,13.7634],[100.9158,13.7634],[100.9158,13.7644],[100.9166,13.7642],[100.9169,13.7655],[100.913,13.7658]],[[100.9138,13.7626],[100.9152,13.7626],[100.9152,13.7617],[100.9138,13.7618],[100.9138,13.7626]]]}},{"type":"Feature","properties":{"kind":"flood","area_km2":0.636,"conf":"low","date":"2026-10-09"},"geometry":{"type":"Polygon","coordinates":[[[100.9737,13.754],[100.9737,13.7531],[100.9745,13.7526],[100.9745,13.7521],[100.9728,13.7534],[100.9717,13.7534],[100.9714,13.751],[100.9725,13.7496],[100.9736,13.7494],[100.9739,13.7485],[100.9747,13.7483],[100.9747,13.7477],[100.9742,13.7477],[100.9742,13.7483],[100.9733,13.7483],[100.9733,13.7477],[100.9728,13.7477],[100.9725,13.7461],[100.9733,13.7461],[100.9733,13.7447],[100.9722,13.7448],[100.9719,13.7453],[100.9719,13.7445],[100.9711,13.7445],[100.9711,13.7434],[100.9719,13.7434],[100.9719,13.7442],[100.9733,13.7439],[100.9755,13.7461],[100.9755,13.7469],[100.975,13.7469],[100.975,13.7474],[100.9758,13.7474],[100.9764,13.7469],[100.9764,13.7461],[100.9769,13.7461],[100.9769,13.745],[100.975,13.7445],[100.975,13.7436],[100.9755,13.7442],[100.9777,13.7439],[100.9777,13.7444],[100.9794,13.7452],[100.9794,13.7461],[100.9786,13.7471],[100.9803,13.7466],[100.98,13.7477],[100.9794,13.748],[100.9794,13.7488],[100.9789,13.749],[100.9789,13.7501],[100.9797,13.7504],[100.9775,13.7526],[100.977,13.7526],[100.9767,13.7534],[100.975,13.7531],[100.9745,13.754],[100.9737,13.754]],[[100.9745,13.7507],[100.9756,13.7507],[100.9756,13.7496],[100.9747,13.7496],[100.9745,13.7507]]]}},{"type":"Feature","properties":{"kind":"flood","area_km2":0.634,"conf":"low","date":"2026-10-09"},"geometry":{"type":"Polygon","coordinates":[[[100.9562,13.9818],[100.955,13.9808],[100.9542,13.981],[100.9542,13.9816],[100.9512,13.9811],[100.9511,13.9738],[100.9522,13.9737],[100.9522,13.9751],[100.9533,13.9751],[100.9533,13.9735],[100.9525,13.9735],[100.9525,13.9729],[100.9536,13.9732],[100.9536,13.9762],[100.9544,13.9762],[100.9547,13.9789],[100.9567,13.9789],[100.9564,13.9761],[100.9567,13.977],[100.9575,13.977],[100.9575,13.9759],[100.9578,13.9753],[100.9583,13.9753],[100.9583,13.974],[100.9566,13.974],[100.9564,13.9748],[100.9547,13.9745],[100.9544,13.9754],[100.9544,13.9748],[100.9539,13.9748],[100.9539,13.9732],[100.9544,13.9729],[100.9544,13.9724],[100.9527,13.9727],[100.9527,13.9705],[100.9536,13.9705],[100.9536,13.971],[100.9552,13.9707],[100.9552,13.9724],[100.9558,13.9724],[100.9558,13.9702],[100.9574,13.9702],[100.9577,13.9713],[100.9569,13.9713],[100.9569,13.9729],[100.9586,13.9731],[100.9586,13.9769],[100.9581,13.9769],[100.9581,13.9818],[100.9562,13.9818]]]}},{"type":"Feature","properties":{"kind":"flood","area_km2":0.618,"conf":"low","date":"2026-10-09"},"geometry":{"type":"Polygon","coordinates":[[[100.8624,13.7494],[100.8621,13.7489],[100.8613,13.7491],[100.861,13.7472],[100.8596,13.7473],[100.8596,13.7478],[100.8591,13.7475],[100.8588,13.7483],[100.8577,13.7484],[100.8568,13.7475],[100.8568,13.7459],[100.8582,13.7454],[100.8574,13.7437],[100.8568,13.7435],[100.8568,13.7421],[100.8582,13.7418],[100.8576,13.7402],[100.8587,13.7402],[100.8607,13.7388],[100.8606,13.7372],[100.8612,13.7372],[100.8612,13.738],[100.8629,13.7377],[100.8632,13.7394],[100.862,13.7396],[100.8615,13.7405],[100.8587,13.7418],[100.859,13.7427],[100.8596,13.7426],[100.8596,13.7451],[100.8604,13.7451],[100.8602,13.7462],[100.8613,13.7459],[100.8613,13.7445],[100.8635,13.744],[100.864,13.7432],[100.8654,13.7431],[100.8668,13.7456],[100.8668,13.7467],[100.8663,13.7467],[100.866,13.7472],[100.8646,13.7472],[100.8646,13.7478],[100.8638,13.7478],[100.8638,13.7483],[100.8646,13.7483],[100.8646,13.7494],[100.8624,13.7494]],[[100.8632,13.7472],[100.8643,13.7469],[100.8643,13.7464],[100.8638,13.7464],[100.8632,13.7472]]]}},{"type":"Feature","properties":{"kind":"flood","area_km2":0.59,"conf":"low","date":"2026-10-09"},"geometry":{"type":"Polygon","coordinates":[[[100.9222,13.8756],[100.9222,13.8747],[100.9208,13.8748],[100.9208,13.8742],[100.9214,13.8739],[100.9181,13.8737],[100.9181,13.8726],[100.9164,13.8726],[100.9164,13.8718],[100.9172,13.8715],[100.9172,13.8699],[100.9178,13.8699],[100.9175,13.8683],[100.9161,13.8686],[100.9161,13.8699],[100.9083,13.8702],[100.9083,13.8694],[100.9097,13.8692],[100.9097,13.8681],[100.913,13.868],[100.913,13.8689],[100.9141,13.8688],[100.9141,13.868],[100.9152,13.8678],[100.9152,13.8672],[100.9147,13.8669],[100.9149,13.8664],[100.9205,13.8666],[100.9205,13.8653],[100.9219,13.8655],[100.9219,13.8685],[100.9225,13.8691],[100.9222,13.871],[100.9203,13.8712],[100.92,13.8723],[100.9225,13.8731],[100.9222,13.8756]],[[100.9175,13.8713],[100.9186,13.871],[100.9189,13.8704],[100.9178,13.8702],[100.9175,13.8713]],[[100.9197,13.8693],[100.9202,13.8693],[100.9208,13.8683],[100.9202,13.8683],[100.9197,13.8693]]]}},{"type":"Feature","properties":{"kind":"flood","area_km2":0.59,"conf":"low","date":"2026-10-09"},"geometry":{"type":"Polygon","coordinates":[[[100.9951,13.7993],[100.9951,13.7985],[100.994,13.7985],[100.9932,13.7977],[100.9932,13.7961],[100.992,13.7961],[100.992,13.795],[100.9945,13.7936],[100.9945,13.7931],[100.9956,13.7928],[100.9965,13.7917],[100.9987,13.7906],[100.9992,13.7898],[101.0,13.7898],[101.0,13.7909],[100.9995,13.7909],[100.9973,13.7931],[100.9979,13.7933],[101.0001,13.7914],[101.0014,13.7912],[101.0012,13.7925],[101.0023,13.7925],[101.0023,13.7941],[101.0015,13.7941],[101.0015,13.7936],[101.0006,13.7939],[101.0001,13.7933],[100.9984,13.7936],[100.9984,13.795],[101.0004,13.795],[101.0006,13.7944],[101.0012,13.7944],[101.0012,13.7952],[101.0006,13.7955],[101.0007,13.7977],[101.0001,13.7977],[100.9993,13.7985],[100.9951,13.7993]],[[100.9993,13.7969],[100.9998,13.7969],[101.0001,13.7963],[100.9993,13.796],[100.9993,13.7969]],[[100.9948,13.795],[100.9965,13.7944],[100.9967,13.7934],[100.9959,13.7936],[100.9948,13.795]]]}},{"type":"Feature","properties":{"kind":"flood","area_km2":0.574,"conf":"low","date":"2026-10-09"},"geometry":{"type":"Polygon","coordinates":[[[100.9337,13.918],[100.9329,13.917],[100.9328,13.9148],[100.9334,13.9148],[100.9334,13.9142],[100.9323,13.9137],[100.9325,13.9121],[100.9342,13.9118],[100.9336,13.9102],[100.9358,13.9104],[100.9353,13.9134],[100.937,13.9134],[100.9367,13.9142],[100.9373,13.9142],[100.9373,13.9137],[100.9389,13.9134],[100.9389,13.9115],[100.9395,13.9115],[100.9395,13.9107],[100.94,13.9107],[100.94,13.9112],[100.9428,13.9115],[100.9425,13.9131],[100.9431,13.9144],[100.9431,13.9163],[100.9426,13.9169],[100.9403,13.9169],[100.9398,13.9174],[100.9373,13.9177],[100.9351,13.9175],[100.9345,13.918],[100.9337,13.918]],[[100.9367,13.9172],[100.9381,13.9172],[100.9384,13.9158],[100.9398,13.9158],[100.9395,13.9137],[100.9375,13.9139],[100.9376,13.915],[100.9381,13.9158],[100.9367,13.9158],[100.9367,13.9172]],[[100.9406,13.9158],[100.9417,13.9158],[100.9417,13.9144],[100.9406,13.9145],[100.9406,13.9158]],[[100.9423,13.915],[100.9426,13.9153],[100.9425,13.915],[100.9423,13.915]]]}},{"type":"Feature","properties":{"kind":"flood","area_km2":0.566,"conf":"low","date":"2026-10-09"},"geometry":{"type":"Polygon","coordinates":[[[100.0496,13.0655],[100.0496,13.0647],[100.0469,13.065],[100.0471,13.0639],[100.0458,13.0639],[100.046,13.0618],[100.0477,13.0612],[100.0477,13.0599],[100.0468,13.0585],[100.0468,13.0571],[100.0457,13.0566],[100.0454,13.0553],[100.0463,13.055],[100.0468,13.0542],[100.0482,13.0539],[100.0488,13.0542],[100.0488,13.0552],[100.0493,13.0558],[100.0493,13.0571],[100.0488,13.0577],[100.0479,13.0577],[100.048,13.059],[100.0491,13.059],[100.0491,13.0609],[100.0502,13.0609],[100.0496,13.0582],[100.0507,13.0582],[100.0507,13.0593],[100.0516,13.0598],[100.0516,13.0604],[100.0538,13.0606],[100.0538,13.0601],[100.0532,13.0601],[100.0532,13.0582],[100.0515,13.0582],[100.0518,13.0574],[100.0529,13.0574],[100.0529,13.0579],[100.0535,13.0579],[100.0535,13.0585],[100.0549,13.0596],[100.0551,13.0604],[100.0552,13.0612],[100.0546,13.0612],[100.0543,13.0606],[100.0538,13.0609],[100.0538,13.0615],[100.0543,13.0615],[100.0546,13.0623],[100.0543,13.0639],[100.0505,13.0642],[100.0502,13.0636],[100.048,13.0637],[100.048,13.0642],[100.0499,13.0645],[100.0496,13.0655]],[[100.0513,13.0617],[100.0532,13.062],[100.0532,13.0607],[100.0516,13.0607],[100.0513,13.0617]],[[100.0479,13.0561],[100.0488,13.0561],[100.0488,13.0552],[100.0479,13.0552],[100.0479,13.0561]]]}},{"type":"Feature","properties":{"kind":"flood","area_km2":0.558,"conf":"low","date":"2026-10-09"},"geometry":{"type":"Polygon","coordinates":[[[100.0501,13.9847],[100.0498,13.9842],[100.0492,13.9842],[100.0489,13.9826],[100.05,13.9815],[100.0512,13.9812],[100.0512,13.9801],[100.0498,13.9801],[100.0498,13.9796],[100.0503,13.9793],[100.0498,13.9793],[100.0498,13.9782],[100.0492,13.978],[100.0489,13.9769],[100.047,13.9763],[100.047,13.9753],[100.0475,13.9753],[100.0478,13.9747],[100.0475,13.9734],[100.0486,13.9731],[100.0486,13.9723],[100.05,13.9712],[100.0517,13.9717],[100.0528,13.9709],[100.0542,13.9709],[100.0544,13.9722],[100.0539,13.9728],[100.0539,13.9736],[100.0525,13.9739],[100.052,13.9744],[100.0528,13.9771],[100.0517,13.9777],[100.0517,13.9815],[100.0523,13.982],[100.052,13.9831],[100.0531,13.9831],[100.0531,13.9839],[100.0526,13.9847],[100.0517,13.9847],[100.0517,13.9842],[100.0512,13.9847],[100.0501,13.9847]],[[100.0503,13.9771],[100.0506,13.9766],[100.05,13.9763],[100.05,13.9755],[100.0495,13.9755],[100.0495,13.9766],[100.0503,13.9771]],[[100.0525,13.9723],[100.0531,13.9728],[100.0531,13.972],[100.0525,13.9723]]]}},{"type":"Feature","properties":{"kind":"flood","area_km2":0.549,"conf":"low","date":"2026-10-09"},"geometry":{"type":"Polygon","coordinates":[[[100.8473,13.7368],[100.8473,13.736],[100.8465,13.7357],[100.8462,13.7343],[100.8462,13.7308],[100.8464,13.7297],[100.847,13.7295],[100.8467,13.7276],[100.8484,13.7275],[100.8486,13.727],[100.8492,13.727],[100.8489,13.7278],[100.8498,13.7281],[100.85,13.727],[100.8497,13.7256],[100.8483,13.7256],[100.8484,13.7262],[100.8467,13.7265],[100.8467,13.7251],[100.847,13.7243],[100.8489,13.7246],[100.8489,13.7237],[100.8506,13.724],[100.8505,13.7235],[100.8517,13.7235],[100.8517,13.7248],[100.852,13.7254],[100.8525,13.7253],[100.8525,13.7272],[100.8517,13.7281],[100.852,13.7286],[100.8534,13.7289],[100.8534,13.73],[100.8517,13.73],[100.8512,13.7294],[100.8511,13.7283],[100.8498,13.7289],[100.8498,13.7294],[100.8492,13.7297],[100.8492,13.7303],[100.8498,13.7305],[100.8498,13.7338],[100.8492,13.7343],[100.8479,13.7343],[100.8479,13.7349],[100.8498,13.7351],[100.8498,13.7368],[100.8473,13.7368]],[[100.8476,13.7335],[100.8484,13.7332],[100.8484,13.7324],[100.8476,13.7327],[100.8476,13.7335]],[[100.8492,13.7286],[100.8495,13.7289],[100.8495,13.7286],[100.8492,13.7286]],[[100.8489,13.7281],[100.8492,13.7286],[100.8492,13.7281],[100.8489,13.7281]],[[100.8486,13.7278],[100.8489,13.7281],[100.8489,13.7278],[100.8486,13.7278]],[[100.8509,13.7267],[100.8511,13.727],[100.8511,13.7267],[100.8509,13.7267]],[[100.8489,13.7248],[100.8492,13.7251],[100.8492,13.7248],[100.8489,13.7248]]]}},{"type":"Feature","properties":{"kind":"flood","area_km2":0.546,"conf":"low","date":"2026-10-09"},"geometry":{"type":"Polygon","coordinates":[[[100.9849,13.9694],[100.9849,13.9686],[100.9844,13.9683],[100.9843,13.967],[100.9838,13.9667],[100.9837,13.9578],[100.9845,13.9572],[100.9854,13.9556],[100.9873,13.9556],[100.9879,13.955],[100.9887,13.955],[100.9887,13.9561],[100.9898,13.9561],[100.9893,13.9602],[100.9896,13.9639],[100.9888,13.964],[100.9882,13.9634],[100.9885,13.9621],[100.9879,13.9618],[100.9879,13.961],[100.986,13.9613],[100.986,13.9686],[100.9858,13.9694],[100.9849,13.9694]],[[100.9876,13.9599],[100.9882,13.9599],[100.9882,13.9585],[100.9887,13.9585],[100.9881,13.9561],[100.9873,13.9561],[100.9876,13.9599]]]}},{"type":"Feature","properties":{"kind":"flood","area_km2":0.535,"conf":"low","date":"2026-10-09"},"geometry":{"type":"Polygon","coordinates":[[[100.7868,13.9848],[100.786,13.9842],[100.7857,13.9794],[100.7868,13.9791],[100.787,13.9783],[100.7857,13.9783],[100.7856,13.9772],[100.7898,13.9766],[100.7898,13.9782],[100.7887,13.9783],[100.7884,13.9777],[100.7884,13.9783],[100.7876,13.9788],[100.7876,13.9796],[100.789,13.9796],[100.789,13.9802],[100.7896,13.9801],[100.7893,13.9788],[100.7918,13.9785],[100.792,13.9793],[100.7937,13.979],[100.7943,13.9836],[100.7935,13.9836],[100.7935,13.9831],[100.7926,13.9831],[100.7921,13.9826],[100.7915,13.9828],[100.7915,13.9834],[100.7899,13.9829],[100.7896,13.9834],[100.7901,13.9837],[100.7901,13.9845],[100.7868,13.9848]]]}},{"type":"Feature","properties":{"kind":"flood","area_km2":0.519,"conf":"low","date":"2026-10-09"},"geometry":{"type":"Polygon","coordinates":[[[100.9025,13.9774],[100.902,13.9766],[100.9009,13.9763],[100.8964,13.9761],[100.8966,13.9704],[100.9,13.9704],[100.9014,13.9709],[100.9039,13.9709],[100.9044,13.9714],[100.9044,13.9722],[100.9033,13.9722],[100.903,13.9717],[100.9019,13.9722],[100.9022,13.9739],[100.9028,13.9739],[100.9031,13.973],[100.9047,13.9733],[100.9047,13.9747],[100.9036,13.9758],[100.9039,13.9771],[100.9025,13.9774]],[[100.8981,13.9736],[100.8983,13.9742],[100.8983,13.9736],[100.8981,13.9736]]]}},{"type":"Feature","properties":{"kind":"flood","area_km2":0.517,"conf":"low","date":"2026-10-09"},"geometry":{"type":"Polygon","coordinates":[[[100.1752,13.9014],[100.1724,13.9015],[100.1721,13.9004],[100.1713,13.8996],[100.1724,13.8996],[100.1724,13.899],[100.1738,13.899],[100.1738,13.8977],[100.171,13.8982],[100.171,13.8996],[100.1704,13.9001],[100.1691,13.8999],[100.1688,13.9004],[100.168,13.9004],[100.1679,13.8977],[100.1693,13.8974],[100.1693,13.8969],[100.1682,13.8966],[100.1682,13.8958],[100.1688,13.8958],[100.1685,13.8944],[100.1701,13.8942],[100.1701,13.895],[100.171,13.895],[100.171,13.8944],[100.1721,13.8947],[100.1724,13.8939],[100.1718,13.892],[100.1729,13.8922],[100.174,13.8944],[100.1751,13.8941],[100.1751,13.8949],[100.1746,13.8955],[100.1724,13.896],[100.1724,13.8966],[100.1735,13.8966],[100.1735,13.8974],[100.1765,13.8976],[100.1771,13.8993],[100.1788,13.899],[100.1788,13.8998],[100.1774,13.8995],[100.1771,13.9009],[100.176,13.9012],[100.1755,13.9012],[100.1754,13.8998],[100.1741,13.8998],[100.1741,13.9012],[100.1752,13.9014]],[[100.1707,13.8974],[100.1713,13.8974],[100.1713,13.8969],[100.1707,13.8969],[100.1707,13.8974]]]}},{"type":"Feature","properties":{"kind":"flood","area_km2":0.51,"conf":"high","date":"2026-10-09"},"geometry":{"type":"Polygon","coordinates":[[[100.9977,13.998],[100.9968,13.9972],[100.9966,13.9978],[100.9935,13.9978],[100.9935,13.9967],[100.9929,13.9962],[100.9929,13.9946],[100.9935,13.9943],[100.9931,13.9883],[100.994,13.9883],[100.9943,13.9889],[100.9948,13.9888],[100.9948,13.9894],[100.9954,13.9894],[100.9954,13.9902],[100.9948,13.9907],[100.9951,13.9924],[100.9957,13.9924],[100.9959,13.9918],[100.9973,13.9918],[100.9976,13.9907],[100.999,13.9907],[100.9995,13.9912],[100.9996,13.9975],[100.9991,13.998],[100.9977,13.998]],[[100.9963,13.9964],[100.9968,13.9964],[100.9971,13.9953],[100.9971,13.9945],[100.9965,13.994],[100.996,13.9945],[100.9963,13.9964]],[[100.9954,13.9932],[100.996,13.9934],[100.996,13.9932],[100.9954,13.9932]]]}},{"type":"Feature","properties":{"kind":"flood","area_km2":0.508,"conf":"low","date":"2026-10-09"},"geometry":{"type":"Polygon","coordinates":[[[100.9815,13.765],[100.9807,13.7639],[100.9807,13.7626],[100.9812,13.7623],[100.9804,13.7623],[100.9801,13.7615],[100.979,13.7612],[100.979,13.7604],[100.9795,13.7604],[100.9804,13.7596],[100.9801,13.7585],[100.9806,13.7585],[100.9806,13.7574],[100.9815,13.7574],[100.9812,13.7588],[100.9817,13.7588],[100.9845,13.7563],[100.9864,13.756],[100.987,13.7552],[100.9881,13.7552],[100.9884,13.7568],[100.9873,13.7571],[100.9865,13.7582],[100.9845,13.7593],[100.9845,13.7598],[100.9851,13.7596],[100.9851,13.7601],[100.9859,13.7601],[100.9859,13.7609],[100.9865,13.7609],[100.9868,13.7617],[100.9851,13.7631],[100.9846,13.7631],[100.9826,13.765],[100.9815,13.765]],[[100.9812,13.762],[100.9815,13.7623],[100.9815,13.762],[100.9812,13.762]],[[100.9818,13.7615],[100.9823,13.7618],[100.9823,13.7615],[100.9818,13.7615]],[[100.9823,13.7612],[100.9826,13.7615],[100.9826,13.7612],[100.9823,13.7612]],[[100.9831,13.7604],[100.9834,13.7609],[100.9837,13.7604],[100.9831,13.7604]]]}},{"type":"Feature","properties":{"kind":"flood","area_km2":0.499,"conf":"low","date":"2026-10-09"},"geometry":{"type":"Polygon","coordinates":[[[100.89,13.9024],[100.8894,13.9013],[100.8897,13.9002],[100.8891,13.9],[100.8891,13.8989],[100.8902,13.8989],[100.8894,13.8981],[100.8894,13.8964],[100.8899,13.8961],[100.8899,13.8956],[100.8908,13.8956],[100.8911,13.8972],[100.8947,13.8967],[100.8952,13.8956],[100.898,13.8955],[100.898,13.8966],[100.8997,13.8977],[100.8997,13.8985],[100.8988,13.8991],[100.8986,13.9012],[100.8983,13.9002],[100.8975,13.9002],[100.8975,13.8991],[100.895,13.8991],[100.8936,13.8994],[100.8939,13.9021],[100.89,13.9024]]]}},{"type":"Feature","properties":{"kind":"flood","area_km2":0.487,"conf":"high","date":"2026-10-09"},"geometry":{"type":"Polygon","coordinates":[[[100.9796,13.9979],[100.9777,13.9977],[100.9763,13.9963],[100.9771,13.996],[100.9771,13.9947],[100.976,13.9947],[100.9757,13.9958],[100.9757,13.9944],[100.9746,13.9934],[100.9762,13.9931],[100.9762,13.9923],[100.9757,13.9917],[100.9743,13.9917],[100.9745,13.9893],[100.9762,13.9893],[100.9762,13.9879],[100.9754,13.9879],[100.9759,13.9849],[100.9767,13.9849],[100.9768,13.9909],[100.9782,13.9909],[100.9781,13.9855],[100.9787,13.9855],[100.9787,13.9865],[100.9801,13.9865],[100.9801,13.9879],[100.9798,13.9868],[100.9784,13.9868],[100.9784,13.9874],[100.979,13.9874],[100.9787,13.993],[100.9796,13.993],[100.9796,13.9952],[100.9804,13.9944],[100.9813,13.9944],[100.9821,13.9952],[100.9818,13.9976],[100.9807,13.9976],[100.9807,13.9971],[100.9799,13.9971],[100.9796,13.9979]],[[100.9774,13.9936],[100.9776,13.9939],[100.9776,13.9936],[100.9774,13.9936]]]}},{"type":"Feature","properties":{"kind":"flood","area_km2":0.479,"conf":"low","date":"2026-10-09"},"geometry":{"type":"Polygon","coordinates":[[[100.9304,13.885],[100.9304,13.8839],[100.9298,13.8839],[100.9298,13.8834],[100.9306,13.8834],[100.9309,13.8828],[100.9292,13.8828],[100.9292,13.882],[100.9312,13.8817],[100.9312,13.8825],[100.9326,13.8825],[100.9326,13.8817],[100.9314,13.8815],[100.9326,13.8809],[100.9323,13.8795],[100.9328,13.8795],[100.9331,13.8787],[100.9339,13.8785],[100.9339,13.8774],[100.9347,13.8774],[100.935,13.8779],[100.9364,13.8779],[100.9367,13.8773],[100.9375,13.8773],[100.9375,13.8784],[100.9389,13.8787],[100.9389,13.8795],[100.9373,13.879],[100.9373,13.8798],[100.9378,13.8798],[100.9378,13.8803],[100.9384,13.8803],[100.9392,13.8811],[100.9392,13.8825],[100.9387,13.883],[100.9378,13.883],[100.9379,13.8841],[100.9312,13.8847],[100.9312,13.8839],[100.9306,13.8839],[100.9304,13.885]],[[100.9359,13.883],[100.9378,13.883],[100.9378,13.8825],[100.9384,13.8822],[100.9384,13.8811],[100.9362,13.8814],[100.9359,13.883]],[[100.9356,13.8795],[100.9361,13.8795],[100.9361,13.879],[100.9356,13.879],[100.9356,13.8795]]]}},{"type":"Feature","properties":{"kind":"flood","area_km2":0.475,"conf":"low","date":"2026-10-09"},"geometry":{"type":"Polygon","coordinates":[[[100.9082,13.8572],[100.9079,13.8551],[100.9096,13.8545],[100.9096,13.854],[100.9062,13.8545],[100.906,13.8551],[100.9046,13.8548],[100.9046,13.8532],[100.9037,13.8532],[100.9037,13.8524],[100.9043,13.8524],[100.9046,13.8518],[100.9037,13.8516],[100.9037,13.8505],[100.9062,13.8502],[100.9065,13.8535],[100.9079,13.8534],[100.9076,13.8499],[100.9084,13.8502],[100.9084,13.8515],[100.9093,13.8518],[100.909,13.8496],[100.9109,13.8494],[100.9112,13.8504],[100.9118,13.8504],[100.9129,13.8515],[100.9129,13.8526],[100.9121,13.8526],[100.9115,13.8531],[100.9118,13.8559],[100.9149,13.8561],[100.9124,13.8561],[100.9107,13.8564],[100.9104,13.8572],[100.9082,13.8572]]]}},{"type":"Feature","properties":{"kind":"flood","area_km2":0.462,"conf":"low","date":"2026-10-09"},"geometry":{"type":"Polygon","coordinates":[[[100.9289,13.9785],[100.9275,13.9783],[100.9275,13.9777],[100.9261,13.9775],[100.9261,13.9756],[100.9253,13.9753],[100.925,13.9742],[100.9252,13.9664],[100.9283,13.9666],[100.9283,13.9682],[100.9288,13.9693],[100.9289,13.9701],[100.9283,13.9704],[100.9283,13.9737],[100.9289,13.9737],[100.9286,13.9756],[100.9281,13.9758],[100.9284,13.9772],[100.9295,13.9769],[100.9294,13.9747],[100.9303,13.9747],[100.9306,13.9774],[100.9297,13.9774],[100.9289,13.9785]],[[100.9264,13.9729],[100.9275,13.9726],[100.9272,13.9718],[100.9264,13.972],[100.9264,13.9729]]]}},{"type":"Feature","properties":{"kind":"flood","area_km2":0.461,"conf":"low","date":"2026-10-09"},"geometry":{"type":"Polygon","coordinates":[[[100.9474,14.0006],[100.9474,13.9998],[100.9482,13.9987],[100.9482,13.9976],[100.9496,13.9963],[100.9546,13.9951],[100.9574,13.9954],[100.9574,13.9978],[100.9571,13.9965],[100.9552,13.9965],[100.9552,13.9978],[100.9568,13.9978],[100.9569,13.9984],[100.9563,13.9984],[100.9563,13.9995],[100.9571,13.9997],[100.9571,14.0005],[100.9474,14.0006]],[[100.9552,13.9995],[100.9555,13.9997],[100.9555,13.9995],[100.9552,13.9995]],[[100.9535,13.9979],[100.9549,13.9978],[100.9549,13.9965],[100.9535,13.9965],[100.9535,13.9979]]]}},{"type":"Feature","properties":{"kind":"flood","area_km2":0.456,"conf":"low","date":"2026-10-09"},"geometry":{"type":"Polygon","coordinates":[[[100.9392,13.941],[100.9392,13.9405],[100.9364,13.9408],[100.9361,13.9378],[100.9369,13.9378],[100.9377,13.937],[100.9402,13.9367],[100.9402,13.9362],[100.9366,13.9362],[100.9369,13.9346],[100.9399,13.934],[100.9396,13.9334],[100.9383,13.9335],[100.9377,13.9326],[100.9363,13.9324],[100.9366,13.9313],[100.9385,13.9316],[100.9385,13.9324],[100.9402,13.9321],[100.9405,13.9313],[100.9419,13.9321],[100.9419,13.9332],[100.9408,13.9337],[100.9427,13.9337],[100.9427,13.9342],[100.9422,13.9342],[100.9422,13.9359],[100.9411,13.9359],[100.9411,13.9364],[100.943,13.9364],[100.9425,13.9386],[100.9397,13.9386],[100.9397,13.9402],[100.9408,13.9402],[100.9411,13.941],[100.9392,13.941]],[[100.9369,13.94],[100.9386,13.94],[100.9386,13.9391],[100.9391,13.9386],[100.9377,13.9386],[100.9375,13.9392],[100.9369,13.9392],[100.9369,13.94]]]}},{"type":"Feature","properties":{"kind":"flood","area_km2":0.442,"conf":"low","date":"2026-10-09"},"geometry":{"type":"Polygon","coordinates":[[[100.9536,13.8745],[100.9536,13.8729],[100.9575,13.8728],[100.9577,13.8723],[100.9608,13.8725],[100.9608,13.8712],[100.9591,13.872],[100.958,13.872],[100.9574,13.8715],[100.9577,13.8701],[100.961,13.8701],[100.9608,13.8685],[100.9638,13.8685],[100.9638,13.869],[100.9624,13.869],[100.9622,13.8709],[100.9649,13.8706],[100.9649,13.869],[100.9641,13.869],[100.9641,13.8682],[100.966,13.8682],[100.966,13.869],[100.9666,13.8692],[100.9666,13.8701],[100.9658,13.8701],[100.9658,13.8706],[100.9669,13.8703],[100.9669,13.8717],[100.9647,13.8714],[100.9641,13.8725],[100.9641,13.8739],[100.9616,13.8742],[100.9613,13.8731],[100.9608,13.8731],[100.9602,13.8739],[100.9566,13.8739],[100.9555,13.8745],[100.9536,13.8745]]]}},{"type":"Feature","properties":{"kind":"flood","area_km2":0.438,"conf":"low","date":"2026-10-09"},"geometry":{"type":"Polygon","coordinates":[[[100.9523,13.6872],[100.9523,13.6847],[100.9512,13.6847],[100.9509,13.6834],[100.9545,13.6828],[100.9548,13.6823],[100.9564,13.682],[100.9564,13.6814],[100.957,13.6814],[100.9553,13.6806],[100.9553,13.6795],[100.9558,13.679],[100.9545,13.6793],[100.9545,13.6782],[100.9569,13.6776],[100.9572,13.6771],[100.96,13.6768],[100.9603,13.6779],[100.9597,13.6784],[100.9586,13.6784],[100.9589,13.6792],[100.96,13.6792],[100.9597,13.6803],[100.9586,13.6803],[100.9592,13.6811],[100.9597,13.6811],[100.9598,13.682],[100.9564,13.6828],[100.957,13.6841],[100.9567,13.6858],[100.9573,13.686],[100.9537,13.6872],[100.9537,13.6853],[100.9526,13.6853],[100.9523,13.6872]],[[100.9542,13.6858],[100.9562,13.686],[100.9559,13.6844],[100.9542,13.6847],[100.9542,13.6858]],[[100.9578,13.6806],[100.9581,13.6809],[100.9581,13.6806],[100.9578,13.6806]],[[100.9575,13.6782],[100.9578,13.6787],[100.9578,13.6782],[100.9575,13.6782]]]}},{"type":"Feature","properties":{"kind":"flood","area_km2":0.434,"conf":"low","date":"2026-10-09"},"geometry":{"type":"Polygon","coordinates":[[[100.8991,13.7987],[100.9,13.7985],[100.8997,13.7968],[100.9002,13.7966],[100.9002,13.7955],[100.8988,13.7947],[100.8999,13.7936],[100.9008,13.7936],[100.901,13.7941],[100.9016,13.7941],[100.9016,13.7949],[100.9027,13.7949],[100.9027,13.7938],[100.9021,13.7938],[100.9021,13.7933],[100.9016,13.793],[100.9016,13.7919],[100.9021,13.7919],[100.9032,13.7906],[100.9038,13.7906],[100.9038,13.79],[100.9043,13.79],[100.9043,13.7895],[100.9049,13.7895],[100.9063,13.7878],[100.9074,13.7878],[100.9082,13.7895],[100.9082,13.7916],[100.9071,13.7922],[100.906,13.7941],[100.9038,13.7941],[100.903,13.7955],[100.9019,13.7952],[100.9022,13.7976],[100.9011,13.7976],[100.9008,13.7987],[100.8991,13.7987]],[[100.8997,13.7944],[100.8999,13.7947],[100.8999,13.7944],[100.8997,13.7944]],[[100.9002,13.7944],[100.9005,13.7947],[100.9005,13.7944],[100.9002,13.7944]],[[100.8999,13.7941],[100.9002,13.7944],[100.9002,13.7941],[100.8999,13.7941]],[[100.9052,13.7922],[100.9055,13.7925],[100.9055,13.7922],[100.9052,13.7922]]]}},{"type":"Feature","properties":{"kind":"flood","area_km2":0.427,"conf":"low","date":"2026-10-09"},"geometry":{"type":"Polygon","coordinates":[[[100.9441,13.9977],[100.9438,13.9971],[100.9407,13.9963],[100.9407,13.9955],[100.9421,13.9955],[100.9424,13.9961],[100.9429,13.996],[100.9432,13.9955],[100.9471,13.9957],[100.9474,13.9936],[100.9496,13.9933],[100.9499,13.9922],[100.956,13.9921],[100.9563,13.993],[100.9579,13.9924],[100.9577,13.9943],[100.954,13.9943],[100.9529,13.9946],[100.9527,13.9952],[100.9499,13.9954],[100.9477,13.9976],[100.9469,13.9976],[100.9468,13.9963],[100.9449,13.9963],[100.9449,13.9977],[100.9441,13.9977]]]}},{"type":"Feature","properties":{"kind":"flood","area_km2":0.427,"conf":"high","date":"2026-10-09"},"geometry":{"type":"Polygon","coordinates":[[[100.9617,13.984],[100.9614,13.9829],[100.9623,13.9826],[100.9619,13.9734],[100.963,13.9731],[100.9636,13.9736],[100.9634,13.9799],[100.9642,13.9799],[100.9644,13.9761],[100.965,13.9758],[100.965,13.975],[100.9658,13.975],[100.9659,13.9801],[100.9664,13.9807],[100.9667,13.9823],[100.9673,13.9823],[100.967,13.9796],[100.9681,13.9796],[100.9681,13.9831],[100.9634,13.9829],[100.9634,13.984],[100.9617,13.984]],[[100.9636,13.981],[100.9639,13.9812],[100.9639,13.981],[100.9636,13.981]]]}},{"type":"Feature","properties":{"kind":"flood","area_km2":0.426,"conf":"low","date":"2026-10-09"},"geometry":{"type":"Polygon","coordinates":[[[100.8273,13.77],[100.8243,13.7687],[100.8237,13.767],[100.822,13.7671],[100.822,13.7662],[100.8226,13.7662],[100.8226,13.7652],[100.8209,13.7652],[100.8206,13.7646],[100.8206,13.7603],[100.8217,13.7603],[100.8217,13.7608],[100.8231,13.7608],[100.8251,13.7624],[100.8251,13.7632],[100.8256,13.7635],[100.8256,13.7643],[100.8248,13.7643],[100.8254,13.7659],[100.8259,13.7646],[100.827,13.7646],[100.8279,13.7651],[100.8279,13.7659],[100.8287,13.7667],[100.8265,13.7668],[100.8265,13.7684],[100.8273,13.7686],[100.8273,13.77]]]}},{"type":"Feature","properties":{"kind":"flood","area_km2":0.424,"conf":"low","date":"2026-10-09"},"geometry":{"type":"Polygon","coordinates":[[[100.9449,13.9277],[100.9446,13.9266],[100.9432,13.9264],[100.9432,13.9256],[100.9446,13.9255],[100.9448,13.9242],[100.9457,13.9239],[100.9457,13.9234],[100.9448,13.9234],[100.9448,13.9226],[100.9484,13.9223],[100.9495,13.9217],[100.9534,13.9219],[100.9534,13.9228],[100.9529,13.9233],[100.9512,13.9233],[100.9512,13.9241],[100.954,13.9241],[100.9543,13.9255],[100.9521,13.9255],[100.9518,13.9268],[100.9488,13.9271],[100.9488,13.9277],[100.9449,13.9277]],[[100.9451,13.9266],[100.9463,13.9269],[100.9465,13.9261],[100.9487,13.9261],[100.9493,13.9266],[100.9507,13.9266],[100.9507,13.9255],[100.9465,13.9247],[100.9465,13.9258],[100.9451,13.9258],[100.9451,13.9266]],[[100.9482,13.9242],[100.9501,13.9241],[100.9504,13.9236],[100.949,13.9231],[100.9487,13.9236],[100.9482,13.9236],[100.9482,13.9242]]]}},{"type":"Feature","properties":{"kind":"flood","area_km2":0.42,"conf":"low","date":"2026-10-09"},"geometry":{"type":"Polygon","coordinates":[[[100.9934,13.9829],[100.9934,13.9821],[100.9925,13.9815],[100.9925,13.981],[100.992,13.981],[100.992,13.9797],[100.9911,13.9794],[100.9914,13.978],[100.9905,13.9778],[100.9905,13.977],[100.9916,13.9767],[100.9916,13.9759],[100.9905,13.9759],[100.9905,13.9723],[100.9949,13.9726],[100.995,13.9769],[100.9939,13.9769],[100.9939,13.9786],[100.995,13.9785],[100.995,13.9813],[100.9942,13.9813],[100.995,13.9815],[100.995,13.9829],[100.9934,13.9829]]]}},{"type":"Feature","properties":{"kind":"flood","area_km2":0.41,"conf":"low","date":"2026-10-09"},"geometry":{"type":"Polygon","coordinates":[[[100.9988,13.9688],[100.9985,13.9652],[100.9979,13.9642],[100.9979,13.9628],[100.9987,13.9628],[100.9987,13.962],[100.9982,13.9617],[100.9982,13.9609],[100.9987,13.9603],[100.9987,13.9566],[101.002,13.9568],[101.0021,13.9603],[101.0012,13.9603],[101.0012,13.9587],[101.0007,13.9587],[101.0004,13.9582],[101.0007,13.9611],[101.0018,13.9617],[101.0018,13.9666],[101.0016,13.9671],[101.0013,13.9666],[100.9999,13.9666],[100.9999,13.9679],[101.0005,13.9682],[100.9999,13.9687],[100.9988,13.9688]]]}},{"type":"Feature","properties":{"kind":"flood","area_km2":0.408,"conf":"low","date":"2026-10-09"},"geometry":{"type":"Polygon","coordinates":[[[100.961,13.8313],[100.9582,13.8267],[100.9582,13.8257],[100.9587,13.8257],[100.959,13.8251],[100.9587,13.8238],[100.9598,13.8227],[100.9609,13.8227],[100.9615,13.8235],[100.9615,13.8246],[100.962,13.8245],[100.962,13.8229],[100.964,13.8224],[100.9637,13.8253],[100.9621,13.8254],[100.9621,13.8259],[100.9632,13.8264],[100.9638,13.8313],[100.961,13.8313]],[[100.9601,13.8243],[100.9609,13.8243],[100.9609,13.8232],[100.9601,13.8232],[100.9601,13.8243]]]}},{"type":"Feature","properties":{"kind":"flood","area_km2":0.402,"conf":"high","date":"2026-10-09"},"geometry":{"type":"Polygon","coordinates":[[[100.8992,13.908],[100.8989,13.9048],[100.8994,13.9048],[100.8997,13.9042],[100.8989,13.9034],[100.8989,13.9023],[100.8994,13.9034],[100.9022,13.9034],[100.9028,13.9028],[100.905,13.9031],[100.905,13.902],[100.9061,13.902],[100.9061,13.9001],[100.9077,13.9003],[100.9077,13.902],[100.9055,13.9023],[100.9058,13.9028],[100.9066,13.9028],[100.9066,13.9036],[100.9061,13.9036],[100.9061,13.9047],[100.9042,13.9047],[100.9042,13.9053],[100.9067,13.9052],[100.9067,13.9071],[100.9011,13.9074],[100.8992,13.908]],[[100.8997,13.9058],[100.9017,13.9058],[100.9017,13.9053],[100.8997,13.9053],[100.8997,13.9058]],[[100.9028,13.9055],[100.9033,13.9055],[100.9033,13.905],[100.9028,13.905],[100.9028,13.9055]]]}},{"type":"Feature","properties":{"kind":"flood","area_km2":0.4,"conf":"low","date":"2026-10-09"},"geometry":{"type":"Polygon","coordinates":[[[100.8041,13.7452],[100.8038,13.7439],[100.8019,13.7439],[100.8019,13.7425],[100.8005,13.7425],[100.801,13.7398],[100.7994,13.7401],[100.7994,13.7393],[100.8005,13.7396],[100.8007,13.7385],[100.8041,13.739],[100.8046,13.7379],[100.8057,13.7379],[100.8057,13.739],[100.8049,13.7393],[100.806,13.7392],[100.8066,13.7398],[100.8063,13.7428],[100.808,13.7425],[100.808,13.7433],[100.8072,13.7436],[100.8072,13.7449],[100.8066,13.7449],[100.8069,13.7439],[100.8058,13.7439],[100.8055,13.7449],[100.8041,13.7452]],[[100.8044,13.7398],[100.8049,13.7401],[100.8049,13.7398],[100.8044,13.7398]]]}},{"type":"Feature","properties":{"kind":"flood","area_km2":0.384,"conf":"low","date":"2026-10-09"},"geometry":{"type":"Polygon","coordinates":[[[100.9334,13.8538],[100.9337,13.85],[100.9331,13.8497],[100.9331,13.8486],[100.9323,13.8486],[100.932,13.8495],[100.9317,13.8473],[100.935,13.8473],[100.935,13.8467],[100.9314,13.8465],[100.9314,13.8446],[100.9361,13.8443],[100.9359,13.847],[100.9367,13.8475],[100.9362,13.8492],[100.9373,13.8505],[100.9373,13.8516],[100.9354,13.8521],[100.9354,13.853],[100.9345,13.8538],[100.9334,13.8538]]]}},{"type":"Feature","properties":{"kind":"flood","area_km2":0.384,"conf":"low","date":"2026-10-09"},"geometry":{"type":"Polygon","coordinates":[[[100.8792,13.7357],[100.8784,13.7352],[100.8784,13.7344],[100.8798,13.7341],[100.8795,13.733],[100.88,13.7327],[100.88,13.7322],[100.8795,13.7317],[100.8786,13.7317],[100.8781,13.7325],[100.8767,13.7325],[100.8767,13.7317],[100.8759,13.7314],[100.8758,13.7306],[100.8753,13.7301],[100.8775,13.7298],[100.878,13.729],[100.8792,13.7287],[100.8789,13.7281],[100.8794,13.7281],[100.8794,13.7287],[100.8805,13.7287],[100.8808,13.7276],[100.8814,13.7292],[100.8828,13.7292],[100.883,13.7286],[100.8841,13.7286],[100.8844,13.7281],[100.885,13.7284],[100.885,13.7294],[100.8855,13.7302],[100.8867,13.7302],[100.8866,13.7292],[100.8875,13.7294],[100.8872,13.7308],[100.8864,13.7311],[100.8839,13.7313],[100.8836,13.7297],[100.8822,13.7297],[100.8817,13.73],[100.8817,13.7308],[100.8806,13.7308],[100.8811,13.7335],[100.8828,13.7335],[100.8828,13.7341],[100.8839,13.7343],[100.8809,13.7352],[100.8806,13.7357],[100.8792,13.7357]],[[100.8775,13.7311],[100.8783,13.7311],[100.8786,13.7303],[100.8781,13.7303],[100.8775,13.7311]],[[100.8797,13.7298],[100.8803,13.7297],[100.8803,13.7292],[100.8794,13.7292],[100.8797,13.7298]]]}},{"type":"Feature","properties":{"kind":"flood","area_km2":0.384,"conf":"low","date":"2026-10-09"},"geometry":{"type":"Polygon","coordinates":[[[100.1254,13.4826],[100.1251,13.4818],[100.1246,13.4818],[100.1243,13.4805],[100.1238,13.4813],[100.1218,13.4813],[100.1193,13.4789],[100.119,13.4778],[100.1185,13.4778],[100.1179,13.4754],[100.119,13.4748],[100.1187,13.4721],[100.1198,13.4721],[100.1207,13.4729],[100.1212,13.4729],[100.121,13.4743],[100.1218,13.4743],[100.1221,13.4756],[100.1232,13.4756],[100.1232,13.4764],[100.1226,13.4764],[100.1224,13.4772],[100.1215,13.4775],[100.1215,13.4783],[100.1221,13.4783],[100.1221,13.4789],[100.1229,13.4789],[100.1229,13.4797],[100.1243,13.4797],[100.1243,13.4789],[100.1254,13.4791],[100.1254,13.4802],[100.126,13.4802],[100.126,13.4797],[100.1265,13.4799],[100.1263,13.481],[100.1274,13.4807],[100.1263,13.4826],[100.1254,13.4826]],[[100.1257,13.4818],[100.1263,13.4818],[100.1265,13.4813],[100.1257,13.481],[100.1257,13.4818]],[[100.1193,13.4775],[100.1212,13.4775],[100.121,13.4762],[100.1204,13.4762],[100.1193,13.4775]],[[100.1185,13.4756],[100.1196,13.4759],[100.1196,13.4756],[100.1185,13.4756]]]}},{"type":"Feature","properties":{"kind":"flood","area_km2":0.383,"conf":"low","date":"2026-10-09"},"geometry":{"type":"Polygon","coordinates":[[[100.7745,13.7853],[100.7725,13.7848],[100.7722,13.7837],[100.7717,13.784],[100.7717,13.7845],[100.7697,13.7845],[100.7697,13.7829],[100.7722,13.7829],[100.7703,13.7823],[100.7703,13.7815],[100.7708,13.7815],[100.7708,13.781],[100.77,13.781],[100.7697,13.7799],[100.7714,13.7799],[100.7714,13.7785],[100.7739,13.7785],[100.7739,13.7791],[100.7744,13.7791],[100.7744,13.7783],[100.7758,13.7782],[100.7764,13.7828],[100.7756,13.7831],[100.7756,13.7839],[100.7745,13.7853]],[[100.7733,13.7842],[100.7742,13.7842],[100.7742,13.7831],[100.775,13.7831],[100.775,13.7826],[100.7736,13.7826],[100.7733,13.7842]]]}},{"type":"Feature","properties":{"kind":"flood","area_km2":0.379,"conf":"low","date":"2026-10-09"},"geometry":{"type":"Polygon","coordinates":[[[100.9073,13.8789],[100.907,13.8773],[100.9081,13.877],[100.9086,13.8759],[100.9134,13.8756],[100.9134,13.8751],[100.9128,13.8751],[100.9128,13.8743],[100.9147,13.874],[100.9147,13.8721],[100.9155,13.8721],[100.9156,13.8729],[100.915,13.8734],[100.9175,13.8732],[100.9175,13.874],[100.9161,13.874],[100.9158,13.8745],[100.9153,13.8745],[100.9156,13.8753],[100.9161,13.8753],[100.9161,13.8748],[100.9175,13.8748],[100.9175,13.8764],[100.9164,13.8764],[100.9164,13.877],[100.9159,13.877],[100.9156,13.8789],[100.9073,13.8789]],[[100.9142,13.8781],[100.9156,13.8781],[100.9153,13.8764],[100.9139,13.8764],[100.9142,13.8781]],[[100.9112,13.8778],[100.9123,13.8778],[100.9123,13.8767],[100.9111,13.8767],[100.9112,13.8778]]]}},{"type":"Feature","properties":{"kind":"flood","area_km2":0.376,"conf":"low","date":"2026-10-09"},"geometry":{"type":"Polygon","coordinates":[[[100.8898,13.7706],[100.8878,13.7704],[100.8873,13.7696],[100.8861,13.7693],[100.8859,13.7687],[100.885,13.7688],[100.8845,13.7666],[100.8831,13.7661],[100.8833,13.7647],[100.8856,13.7652],[100.8869,13.7647],[100.8872,13.7658],[100.8889,13.7657],[100.8894,13.7655],[100.8894,13.7644],[100.8905,13.7644],[100.8905,13.7638],[100.8925,13.7638],[100.8922,13.7657],[100.8892,13.7671],[100.8889,13.7676],[100.8881,13.7676],[100.8881,13.7682],[100.8892,13.7682],[100.8892,13.7693],[100.892,13.7687],[100.8922,13.7679],[100.8925,13.769],[100.8914,13.7698],[100.8906,13.7698],[100.8898,13.7706]],[[100.8872,13.7671],[100.8875,13.7674],[100.8875,13.7671],[100.8872,13.7671]],[[100.8864,13.7663],[100.8869,13.7663],[100.8869,13.766],[100.8864,13.7658],[100.8864,13.7663]]]}},{"type":"Feature","properties":{"kind":"flood","area_km2":0.374,"conf":"low","date":"2026-10-09"},"geometry":{"type":"Polygon","coordinates":[[[100.8788,13.7848],[100.8785,13.7843],[100.8768,13.7845],[100.8765,13.7835],[100.8757,13.7827],[100.8757,13.7808],[100.8762,13.7802],[100.8762,13.778],[100.8768,13.777],[100.8782,13.7772],[100.8782,13.7778],[100.8787,13.778],[100.8779,13.778],[100.8776,13.7786],[100.879,13.7788],[100.8793,13.7783],[100.8798,13.7783],[100.8818,13.7791],[100.8818,13.7813],[100.8812,13.7815],[100.8813,13.7829],[100.8804,13.7829],[100.8799,13.7845],[100.8788,13.7848]],[[100.879,13.7807],[100.8793,13.781],[100.8793,13.7807],[100.879,13.7807]],[[100.879,13.7805],[100.8801,13.7802],[100.8801,13.7794],[100.8787,13.7794],[100.879,13.7805]],[[100.8771,13.7797],[100.8773,13.7799],[100.8773,13.7797],[100.8771,13.7797]],[[100.8768,13.7794],[100.8771,13.7797],[100.8771,13.7794],[100.8768,13.7794]],[[100.8773,13.7794],[100.8776,13.7797],[100.8776,13.7794],[100.8773,13.7794]]]}},{"type":"Feature","properties":{"kind":"flood","area_km2":0.369,"conf":"low","date":"2026-10-09"},"geometry":{"type":"Polygon","coordinates":[[[100.9167,13.8393],[100.9164,13.8385],[100.9153,13.8377],[100.915,13.8363],[100.9139,13.8358],[100.9139,13.8344],[100.9152,13.8341],[100.915,13.8352],[100.9155,13.8352],[100.9155,13.8344],[100.9163,13.8333],[100.9169,13.8333],[100.9169,13.8328],[100.9186,13.8325],[100.9191,13.8336],[100.9197,13.8336],[100.9202,13.8349],[100.9208,13.8349],[100.9208,13.8354],[100.9222,13.8365],[100.9222,13.8373],[100.9205,13.8368],[100.9203,13.8373],[100.9194,13.8374],[100.9181,13.8393],[100.9167,13.8393]]]}},{"type":"Feature","properties":{"kind":"flood","area_km2":0.365,"conf":"low","date":"2026-10-09"},"geometry":{"type":"Polygon","coordinates":[[[100.9525,13.9436],[100.9508,13.9431],[100.9486,13.9431],[100.9486,13.9418],[100.9478,13.9415],[100.945,13.9418],[100.9447,13.9413],[100.9461,13.9413],[100.9461,13.9404],[100.9466,13.9402],[100.9464,13.9394],[100.9527,13.9398],[100.9527,13.9385],[100.9561,13.9385],[100.9564,13.9404],[100.9553,13.9406],[100.9555,13.9412],[100.9561,13.9412],[100.9561,13.942],[100.9544,13.9423],[100.9508,13.9415],[100.9508,13.9423],[100.9514,13.9426],[100.9536,13.9426],[100.9536,13.9434],[100.9525,13.9436]]]}},{"type":"Feature","properties":{"kind":"flood","area_km2":0.365,"conf":"low","date":"2026-10-09"},"geometry":{"type":"Polygon","coordinates":[[[100.8483,13.7547],[100.8483,13.7517],[100.8488,13.7517],[100.8485,13.7498],[100.8494,13.749],[100.8538,13.7489],[100.8533,13.7506],[100.8549,13.7511],[100.8547,13.7533],[100.8538,13.7533],[100.8536,13.7527],[100.853,13.7546],[100.8483,13.7547]]]}},{"type":"Feature","properties":{"kind":"flood","area_km2":0.351,"conf":"low","date":"2026-10-09"},"geometry":{"type":"Polygon","coordinates":[[[100.9006,13.873],[100.9,13.8725],[100.9008,13.8717],[100.9008,13.8703],[100.8969,13.8706],[100.8969,13.8695],[100.9019,13.8687],[100.8969,13.8687],[100.8969,13.8663],[100.9,13.8662],[100.9002,13.8657],[100.9005,13.8676],[100.9044,13.8676],[100.9047,13.8668],[100.9047,13.8681],[100.9036,13.8687],[100.9047,13.8692],[100.9047,13.87],[100.9017,13.8698],[100.9017,13.8711],[100.9025,13.8711],[100.9025,13.8716],[100.9047,13.8714],[100.9047,13.873],[100.9006,13.873]]]}},{"type":"Feature","properties":{"kind":"flood","area_km2":0.341,"conf":"low","date":"2026-10-09"},"geometry":{"type":"Polygon","coordinates":[[[100.1354,13.4875],[100.136,13.4848],[100.1354,13.4848],[100.1354,13.4856],[100.1346,13.4856],[100.1346,13.4818],[100.1351,13.4812],[100.1351,13.4823],[100.1365,13.4823],[100.1371,13.4807],[100.1379,13.4804],[100.1382,13.4777],[100.1401,13.4777],[100.1401,13.4791],[100.1395,13.4791],[100.1393,13.4804],[100.1401,13.4815],[100.1396,13.4815],[100.1396,13.482],[100.139,13.4823],[100.1396,13.4829],[100.1393,13.4867],[100.1354,13.4875]],[[100.136,13.4845],[100.1385,13.4848],[100.1387,13.4829],[100.1379,13.4831],[100.1379,13.4837],[100.1365,13.4837],[100.1365,13.4829],[100.136,13.4829],[100.136,13.4845]]]}},{"type":"Feature","properties":{"kind":"flood","area_km2":0.335,"conf":"low","date":"2026-10-09"},"geometry":{"type":"Polygon","coordinates":[[[100.9371,13.9644],[100.9355,13.9638],[100.9355,13.9628],[100.936,13.9625],[100.9357,13.9617],[100.9379,13.9614],[100.9379,13.9587],[100.9357,13.9587],[100.9357,13.9554],[100.9362,13.9549],[100.9376,13.9549],[100.9379,13.9535],[100.9359,13.9535],[100.9356,13.953],[100.9373,13.953],[100.9379,13.9514],[100.9392,13.9513],[100.9387,13.9543],[100.9393,13.9551],[100.9393,13.96],[100.9385,13.96],[100.9385,13.9606],[100.9393,13.9606],[100.9393,13.9627],[100.9382,13.9627],[100.9379,13.9617],[100.9374,13.9617],[100.9374,13.9622],[100.9368,13.9622],[100.9366,13.9628],[100.9377,13.963],[100.9377,13.9638],[100.9371,13.9644]]]}},{"type":"Feature","properties":{"kind":"flood","area_km2":0.331,"conf":"low","date":"2026-10-09"},"geometry":{"type":"Polygon","coordinates":[[[100.9711,13.8174],[100.9709,13.8158],[100.9692,13.8161],[100.9692,13.8147],[100.9686,13.8142],[100.9681,13.8142],[100.9681,13.8158],[100.9667,13.8156],[100.9664,13.8142],[100.9675,13.8139],[100.9675,13.8123],[100.9658,13.8123],[100.9655,13.8118],[100.965,13.8148],[100.9653,13.8158],[100.9659,13.8161],[100.9659,13.8172],[100.9645,13.8161],[100.9645,13.8134],[100.9639,13.8129],[100.9639,13.8121],[100.9642,13.8112],[100.9653,13.8115],[100.9653,13.8102],[100.9666,13.8093],[100.9666,13.8085],[100.9675,13.8085],[100.968,13.8093],[100.968,13.8107],[100.9686,13.8112],[100.9689,13.8131],[100.9703,13.8134],[100.97,13.8153],[100.9714,13.8153],[100.9714,13.8139],[100.9708,13.8136],[100.9711,13.8125],[100.9719,13.8125],[100.972,13.8174],[100.9711,13.8174]]]}},{"type":"Feature","properties":{"kind":"flood","area_km2":0.331,"conf":"low","date":"2026-10-09"},"geometry":{"type":"Polygon","coordinates":[[[100.861,13.6743],[100.861,13.6735],[100.8615,13.6729],[100.8601,13.6724],[100.8601,13.6713],[100.8618,13.6713],[100.8618,13.6705],[100.864,13.6708],[100.864,13.6702],[100.8648,13.6699],[100.8648,13.6683],[100.8654,13.6683],[100.8654,13.6675],[100.8665,13.6675],[100.8668,13.6683],[100.8684,13.6694],[100.8684,13.6721],[100.8671,13.6718],[100.8671,13.6724],[100.8654,13.6724],[100.8654,13.6729],[100.864,13.6732],[100.8635,13.674],[100.861,13.6743]],[[100.8643,13.6716],[100.8648,13.6718],[100.8648,13.6716],[100.8643,13.6716]],[[100.8656,13.6683],[100.8659,13.6688],[100.8659,13.6683],[100.8656,13.6683]]]}},{"type":"Feature","properties":{"kind":"flood","area_km2":0.328,"conf":"low","date":"2026-10-09"},"geometry":{"type":"Polygon","coordinates":[[[100.9342,13.8424],[100.9339,13.8416],[100.9331,13.8413],[100.933,13.8405],[100.9319,13.8405],[100.9314,13.84],[100.9316,13.8386],[100.9319,13.8392],[100.9328,13.8391],[100.9327,13.8375],[100.9316,13.8373],[100.9314,13.8383],[100.9314,13.8375],[100.93,13.8365],[100.9302,13.8343],[100.9313,13.8343],[100.931,13.8332],[100.9322,13.8332],[100.933,13.834],[100.933,13.8345],[100.9341,13.8351],[100.9339,13.8367],[100.9355,13.8361],[100.9352,13.8375],[100.9358,13.8375],[100.9361,13.8397],[100.935,13.8399],[100.9353,13.8424],[100.9342,13.8424]],[[100.9347,13.8386],[100.935,13.8391],[100.935,13.8386],[100.9347,13.8386]],[[100.9327,13.8362],[100.933,13.8356],[100.9319,13.8345],[100.9313,13.8345],[100.9316,13.8354],[100.9327,13.8362]]]}},{"type":"Feature","properties":{"kind":"flood","area_km2":0.328,"conf":"low","date":"2026-10-09"},"geometry":{"type":"Polygon","coordinates":[[[100.9321,13.8291],[100.9318,13.8283],[100.9313,13.8283],[100.9304,13.8275],[100.9304,13.827],[100.9282,13.8254],[100.9282,13.8245],[100.929,13.824],[100.931,13.824],[100.9315,13.8248],[100.9321,13.8248],[100.9318,13.824],[100.9312,13.824],[100.9312,13.8234],[100.9307,13.8232],[100.9307,13.8224],[100.9318,13.8223],[100.9324,13.8234],[100.9329,13.8234],[100.9329,13.824],[100.934,13.8245],[100.9343,13.8253],[100.9351,13.8253],[100.9365,13.8266],[100.9366,13.8277],[100.9349,13.8277],[100.9338,13.8283],[100.9332,13.8291],[100.9321,13.8291]],[[100.9332,13.8264],[100.9335,13.8259],[100.9332,13.8259],[100.9332,13.8256],[100.9329,13.8256],[100.9329,13.8253],[100.9326,13.8253],[100.9332,13.8264]],[[100.9324,13.8251],[100.9326,13.8253],[100.9326,13.8251],[100.9324,13.8251]],[[100.9321,13.8248],[100.9324,13.8251],[100.9324,13.8248],[100.9321,13.8248]]]}},{"type":"Feature","properties":{"kind":"flood","area_km2":0.322,"conf":"low","date":"2026-10-09"},"geometry":{"type":"Polygon","coordinates":[[[100.8315,13.6222],[100.8298,13.6219],[100.8298,13.6214],[100.8281,13.6217],[100.8281,13.6209],[100.8312,13.6206],[100.8309,13.6189],[100.8301,13.6195],[100.827,13.6201],[100.8264,13.6179],[100.827,13.6174],[100.8281,13.6176],[100.8284,13.6168],[100.8295,13.6171],[100.8295,13.6165],[100.8339,13.6168],[100.8342,13.6178],[100.8336,13.6181],[100.8337,13.6195],[100.8331,13.6195],[100.8334,13.6208],[100.8326,13.6211],[100.8326,13.6216],[100.8315,13.6217],[100.8315,13.6222]],[[100.8317,13.6181],[100.8323,13.6181],[100.8323,13.6176],[100.8317,13.6176],[100.8317,13.6181]]]}},{"type":"Feature","properties":{"kind":"flood","area_km2":0.321,"conf":"low","date":"2026-10-09"},"geometry":{"type":"Polygon","coordinates":[[[100.0409,13.9823],[100.0409,13.9807],[100.0395,13.9807],[100.0395,13.9802],[100.0389,13.9799],[100.0392,13.9786],[100.0384,13.9783],[100.0384,13.9769],[100.0372,13.9758],[100.0372,13.975],[100.0386,13.9745],[100.0389,13.9739],[100.0397,13.9739],[100.0397,13.9745],[100.0409,13.975],[100.0409,13.9756],[100.0417,13.9761],[100.0414,13.9772],[100.0423,13.978],[100.0436,13.978],[100.0436,13.9788],[100.0425,13.9796],[100.0425,13.9802],[100.0437,13.9807],[100.0437,13.9818],[100.0431,13.9818],[100.0431,13.9823],[100.0409,13.9823]],[[100.0409,13.9796],[100.042,13.9796],[100.042,13.9791],[100.0409,13.9791],[100.0409,13.9796]],[[100.0395,13.9783],[100.04,13.9783],[100.04,13.9769],[100.0395,13.9769],[100.0395,13.9783]]]}},{"type":"Feature","properties":{"kind":"flood","area_km2":0.32,"conf":"high","date":"2026-10-09"},"geometry":{"type":"Polygon","coordinates":[[[100.8961,13.9376],[100.8958,13.937],[100.8953,13.937],[100.8953,13.936],[100.8958,13.936],[100.8958,13.9354],[100.895,13.9352],[100.8947,13.9338],[100.8969,13.9343],[100.8972,13.9351],[100.8977,13.933],[100.8986,13.933],[100.8986,13.9338],[100.9027,13.9337],[100.903,13.9343],[100.9014,13.9346],[100.9016,13.9365],[100.903,13.9364],[100.903,13.9354],[100.9036,13.9362],[100.9072,13.9361],[100.908,13.9356],[100.91,13.9358],[100.9069,13.9367],[100.9036,13.9367],[100.9036,13.9373],[100.9016,13.9367],[100.8961,13.9376]]]}},{"type":"Feature","properties":{"kind":"flood","area_km2":0.32,"conf":"low","date":"2026-10-09"},"geometry":{"type":"Polygon","coordinates":[[[100.9694,13.7705],[100.9699,13.7681],[100.9716,13.767],[100.9715,13.7664],[100.971,13.7665],[100.971,13.7656],[100.9735,13.7643],[100.974,13.7632],[100.9749,13.7632],[100.9748,13.7626],[100.976,13.7626],[100.976,13.7637],[100.9776,13.764],[100.9774,13.7653],[100.9754,13.7653],[100.9757,13.7664],[100.9746,13.7672],[100.9746,13.7681],[100.9741,13.7681],[100.973,13.7691],[100.9713,13.7692],[100.9702,13.7705],[100.9694,13.7705]]]}},{"type":"Feature","properties":{"kind":"flood","area_km2":0.32,"conf":"low","date":"2026-10-09"},"geometry":{"type":"Polygon","coordinates":[[[100.2465,13.8919],[100.2462,13.8911],[100.2465,13.8905],[100.2473,13.8905],[100.2473,13.8886],[100.2453,13.8886],[100.2454,13.8913],[100.2448,13.8913],[100.2442,13.8892],[100.2434,13.8886],[100.2434,13.8878],[100.2459,13.8878],[100.2464,13.887],[100.2512,13.8872],[100.2517,13.8862],[100.2517,13.8856],[100.2512,13.8853],[100.252,13.8853],[100.2523,13.8843],[100.2523,13.8853],[100.2531,13.8856],[100.2531,13.8872],[100.2539,13.8872],[100.2545,13.8878],[100.2534,13.8878],[100.2526,13.8872],[100.2523,13.8878],[100.2512,13.8881],[100.2506,13.8919],[100.2495,13.8919],[100.2492,13.891],[100.2484,13.8911],[100.2484,13.8902],[100.2476,13.8902],[100.2473,13.8919],[100.2465,13.8919]],[[100.2479,13.8894],[100.2484,13.8894],[100.2484,13.8889],[100.2478,13.8889],[100.2479,13.8894]],[[100.249,13.8886],[100.2495,13.8889],[100.2495,13.8886],[100.249,13.8886]]]}},{"type":"Feature","properties":{"kind":"flood","area_km2":0.319,"conf":"low","date":"2026-10-09"},"geometry":{"type":"Polygon","coordinates":[[[100.9411,13.7756],[100.9406,13.7746],[100.9397,13.774],[100.9397,13.7732],[100.9405,13.7727],[100.9402,13.7716],[100.9416,13.7718],[100.9416,13.771],[100.943,13.7707],[100.943,13.7702],[100.9425,13.7702],[100.9424,13.7694],[100.9433,13.7691],[100.9441,13.765],[100.9463,13.7648],[100.946,13.7664],[100.9455,13.7667],[100.9458,13.768],[100.9452,13.768],[100.9433,13.7697],[100.9433,13.771],[100.9438,13.771],[100.9439,13.7715],[100.9422,13.7726],[100.9422,13.7737],[100.943,13.7735],[100.943,13.7729],[100.9436,13.7729],[100.9444,13.7721],[100.9444,13.7715],[100.9472,13.771],[100.9477,13.7712],[100.9458,13.7729],[100.9453,13.7729],[100.9447,13.7737],[100.9441,13.7737],[100.9436,13.7745],[100.943,13.7745],[100.9425,13.7754],[100.9411,13.7756]]]}},{"type":"Feature","properties":{"kind":"flood","area_km2":0.319,"conf":"low","date":"2026-10-09"},"geometry":{"type":"Polygon","coordinates":[[[100.996,13.7348],[100.996,13.734],[100.9937,13.734],[100.9932,13.731],[100.9915,13.7313],[100.9901,13.7308],[100.9896,13.7316],[100.9887,13.7316],[100.9893,13.7305],[100.9868,13.7292],[100.9859,13.7292],[100.9856,13.7276],[100.9879,13.7273],[100.9906,13.7286],[100.9901,13.7289],[100.9901,13.7305],[100.992,13.7305],[100.992,13.7289],[100.9915,13.7283],[100.9915,13.7275],[100.9918,13.7281],[100.9926,13.7281],[100.9926,13.7272],[100.992,13.7272],[100.9917,13.7256],[100.9934,13.7256],[100.9937,13.7275],[100.9942,13.7283],[100.9937,13.7283],[100.9931,13.7294],[100.9923,13.7294],[100.9923,13.7302],[100.9937,13.7302],[100.9943,13.7324],[100.9957,13.7324],[100.9959,13.7318],[100.9971,13.7324],[100.9971,13.7332],[100.9962,13.7332],[100.9965,13.7345],[100.996,13.7348]]]}},{"type":"Feature","properties":{"kind":"flood","area_km2":0.318,"conf":"high","date":"2026-10-09"},"geometry":{"type":"Polygon","coordinates":[[[100.9318,13.8909],[100.9318,13.8901],[100.9304,13.8899],[100.9307,13.8888],[100.9337,13.8888],[100.9348,13.8882],[100.9365,13.8882],[100.9365,13.8876],[100.9337,13.8877],[100.9334,13.8871],[100.9329,13.8871],[100.9323,13.8882],[100.9312,13.8882],[100.9312,13.8874],[100.932,13.8874],[100.932,13.8869],[100.9326,13.8869],[100.9329,13.8861],[100.9337,13.886],[100.9337,13.8869],[100.9343,13.8871],[100.9357,13.8871],[100.9362,13.8868],[100.9359,13.8855],[100.937,13.8855],[100.9373,13.886],[100.9393,13.8857],[100.9393,13.8865],[100.9384,13.8865],[100.9384,13.8871],[100.9395,13.8871],[100.9398,13.8887],[100.9376,13.889],[100.9376,13.8901],[100.9346,13.8904],[100.9346,13.8898],[100.934,13.8898],[100.9343,13.8909],[100.9318,13.8909]],[[100.9354,13.8893],[100.9357,13.8896],[100.9357,13.8893],[100.9354,13.8893]]]}},{"type":"Feature","properties":{"kind":"flood","area_km2":0.309,"conf":"low","date":"2026-10-09"},"geometry":{"type":"Polygon","coordinates":[[[100.9375,13.8367],[100.9377,13.8353],[100.9372,13.8337],[100.9366,13.8337],[100.9369,13.8356],[100.9361,13.8356],[100.9358,13.8342],[100.9352,13.8342],[100.9352,13.8337],[100.9347,13.8337],[100.9347,13.8332],[100.9335,13.8326],[100.9344,13.8324],[100.9344,13.831],[100.9332,13.8307],[100.9332,13.8299],[100.9355,13.8299],[100.936,13.8307],[100.936,13.8318],[100.9371,13.8318],[100.9377,13.8312],[100.9377,13.8304],[100.9368,13.8296],[100.9368,13.8285],[100.9379,13.8285],[100.9388,13.8293],[100.9388,13.8299],[100.9405,13.831],[100.9399,13.8312],[100.9402,13.8329],[100.9383,13.8337],[100.9383,13.8367],[100.9375,13.8367]]]}},{"type":"Feature","properties":{"kind":"flood","area_km2":0.299,"conf":"low","date":"2026-10-09"},"geometry":{"type":"Polygon","coordinates":[[[100.9268,13.9905],[100.9251,13.99],[100.9251,13.9862],[100.9262,13.9861],[100.9265,13.987],[100.9273,13.987],[100.9273,13.988],[100.9282,13.988],[100.9279,13.9867],[100.9287,13.9867],[100.9293,13.9861],[100.9334,13.9861],[100.9332,13.9885],[100.9307,13.9886],[100.9304,13.9875],[100.9298,13.9875],[100.9298,13.9886],[100.9284,13.9886],[100.9285,13.9891],[100.9304,13.9891],[100.9307,13.9905],[100.9268,13.9905]]]}},{"type":"Feature","properties":{"kind":"flood","area_km2":0.298,"conf":"low","date":"2026-10-09"},"geometry":{"type":"Polygon","coordinates":[[[100.9983,13.9403],[100.9988,13.9373],[100.9982,13.9354],[100.9988,13.9351],[100.9968,13.9352],[100.9971,13.9311],[100.9985,13.9311],[100.9976,13.9313],[100.9977,13.9327],[100.9985,13.9327],[100.9985,13.9343],[100.9991,13.9343],[100.999,13.9311],[100.9996,13.9305],[101.0007,13.9305],[101.001,13.9311],[101.0015,13.931],[101.0015,13.9332],[101.0013,13.9332],[101.0013,13.9354],[101.0007,13.9359],[101.001,13.9373],[101.0005,13.9381],[101.0005,13.94],[100.9983,13.9403]],[[100.9999,13.9332],[101.0013,13.9332],[101.0013,13.9313],[100.9999,13.9313],[100.9999,13.9332]]]}},{"type":"Feature","properties":{"kind":"flood","area_km2":0.298,"conf":"low","date":"2026-10-09"},"geometry":{"type":"Polygon","coordinates":[[[100.8952,13.7619],[100.8949,13.7608],[100.8955,13.7608],[100.8966,13.7594],[100.8972,13.7594],[100.8988,13.7581],[100.8988,13.7575],[100.8974,13.7565],[100.8974,13.7548],[100.8968,13.7543],[100.8949,13.7546],[100.8941,13.754],[100.8941,13.7532],[100.8952,13.7521],[100.8965,13.7521],[100.8971,13.7532],[100.8979,13.7535],[100.8985,13.7546],[100.8991,13.7545],[100.8991,13.757],[100.8999,13.757],[100.9002,13.7556],[100.9005,13.7567],[100.9016,13.7575],[100.9019,13.7583],[100.901,13.7583],[100.9008,13.7594],[100.8999,13.7591],[100.8986,13.7605],[100.8969,13.7611],[100.8961,13.7619],[100.8952,13.7619]]]}},{"type":"Feature","properties":{"kind":"flood","area_km2":0.297,"conf":"low","date":"2026-10-09"},"geometry":{"type":"Polygon","coordinates":[[[100.9671,13.9256],[100.9671,13.9248],[100.9659,13.9248],[100.9671,13.9245],[100.9673,13.9229],[100.9679,13.9229],[100.9679,13.9224],[100.9668,13.9221],[100.9667,13.9213],[100.9681,13.9205],[100.969,13.9205],[100.969,13.9213],[100.9704,13.9213],[100.9703,13.9202],[100.9698,13.9199],[100.9715,13.9199],[100.972,13.9218],[100.9687,13.9221],[100.9687,13.9226],[100.9731,13.9223],[100.974,13.9237],[100.9751,13.9239],[100.9751,13.9248],[100.9712,13.9248],[100.9704,13.9253],[100.9671,13.9256]],[[100.9718,13.924],[100.9732,13.924],[100.9731,13.9231],[100.9718,13.9232],[100.9718,13.924]]]}},{"type":"Feature","properties":{"kind":"flood","area_km2":0.295,"conf":"low","date":"2026-10-09"},"geometry":{"type":"Polygon","coordinates":[[[100.9286,13.8354],[100.9286,13.834],[100.9277,13.8332],[100.9266,13.8332],[100.9266,13.8319],[100.9249,13.8316],[100.9249,13.8305],[100.9255,13.8305],[100.9258,13.8311],[100.9271,13.8311],[100.9271,13.8292],[100.9266,13.8292],[100.9254,13.8273],[100.9246,13.827],[100.9252,13.8265],[100.926,13.8265],[100.9257,13.8275],[100.9274,13.8278],[100.9274,13.8264],[100.9263,13.8265],[100.9268,13.8256],[100.9279,13.8259],[100.9279,13.8273],[100.9282,13.8278],[100.9288,13.8278],[100.9288,13.8283],[100.9293,13.8283],[100.9305,13.8297],[100.9318,13.8297],[100.9316,13.8308],[100.9299,13.8308],[100.9308,13.831],[100.9305,13.8332],[100.9302,13.8321],[100.9288,13.8321],[100.9288,13.8335],[100.9299,13.8335],[100.9299,13.834],[100.9286,13.8354]],[[100.9288,13.8308],[100.9296,13.8308],[100.9296,13.8302],[100.9288,13.8302],[100.9288,13.8308]],[[100.9274,13.8289],[100.9277,13.8292],[100.9277,13.8289],[100.9274,13.8289]],[[100.9271,13.8286],[100.9274,13.8289],[100.9274,13.8286],[100.9271,13.8286]],[[100.9266,13.8281],[100.9271,13.8286],[100.9271,13.8281],[100.9266,13.8281]]]}},{"type":"Feature","properties":{"kind":"flood","area_km2":0.29,"conf":"low","date":"2026-10-09"},"geometry":{"type":"Polygon","coordinates":[[[100.8909,13.6771],[100.8893,13.6749],[100.8907,13.6749],[100.8915,13.6741],[100.8931,13.6738],[100.8951,13.6741],[100.8954,13.673],[100.8965,13.673],[100.8964,13.6708],[100.8973,13.6708],[100.8973,13.6713],[100.8978,13.6716],[100.8989,13.6716],[100.8992,13.6724],[100.9006,13.6724],[100.9006,13.6732],[100.8981,13.6738],[100.8979,13.6746],[100.8962,13.6743],[100.8954,13.6759],[100.8909,13.6771]]]}},{"type":"Feature","properties":{"kind":"flood","area_km2":0.287,"conf":"high","date":"2026-10-09"},"geometry":{"type":"Polygon","coordinates":[[[100.9207,13.7525],[100.9204,13.7514],[100.9193,13.7509],[100.9187,13.7495],[100.9182,13.7492],[100.919,13.7492],[100.9193,13.7484],[100.9206,13.7487],[100.9212,13.7476],[100.9215,13.7487],[100.9231,13.7487],[100.9234,13.7476],[100.9242,13.7473],[100.9242,13.7457],[100.9228,13.7457],[100.9223,13.7465],[100.9215,13.7468],[100.9217,13.7433],[100.9209,13.743],[100.9234,13.743],[100.922,13.7433],[100.922,13.7452],[100.9234,13.7454],[100.9234,13.7443],[100.9239,13.7443],[100.9239,13.7438],[100.9245,13.7438],[100.925,13.7427],[100.9261,13.7427],[100.9264,13.7438],[100.9256,13.7446],[100.925,13.7446],[100.9259,13.7448],[100.9259,13.7457],[100.9245,13.7459],[100.9245,13.7468],[100.9256,13.7467],[100.9262,13.7484],[100.924,13.7484],[100.9231,13.7492],[100.9232,13.75],[100.9215,13.7506],[100.9212,13.7525],[100.9207,13.7525]]]}},{"type":"Feature","properties":{"kind":"flood","area_km2":0.286,"conf":"low","date":"2026-10-09"},"geometry":{"type":"Polygon","coordinates":[[[100.9893,13.8344],[100.9896,13.8314],[100.9885,13.8311],[100.9884,13.8292],[100.9904,13.8295],[100.9921,13.8292],[100.9923,13.8286],[100.9934,13.8284],[100.9957,13.8289],[100.9951,13.8313],[100.9943,13.8313],[100.9929,13.8324],[100.9915,13.8324],[100.9904,13.8333],[100.9902,13.8344],[100.9893,13.8344]]]}},{"type":"Feature","properties":{"kind":"flood","area_km2":0.285,"conf":"high","date":"2026-10-09"},"geometry":{"type":"Polygon","coordinates":[[[100.9693,13.9983],[100.9691,13.9975],[100.9682,13.9975],[100.9682,13.998],[100.9624,13.9975],[100.9618,13.9973],[100.9618,13.9964],[100.9641,13.9964],[100.9646,13.997],[100.9652,13.9964],[100.9668,13.9964],[100.9668,13.9972],[100.9682,13.9972],[100.9682,13.9964],[100.9704,13.9966],[100.9704,13.9945],[100.9699,13.9942],[100.9718,13.9942],[100.9721,13.9947],[100.9726,13.9947],[100.9727,13.9953],[100.9735,13.995],[100.9738,13.9942],[100.9746,13.9942],[100.9751,13.9947],[100.9752,13.9982],[100.9743,13.9982],[100.9743,13.9977],[100.9732,13.9972],[100.9729,13.9961],[100.9724,13.9964],[100.9724,13.9974],[100.9713,13.9974],[100.9713,13.9966],[100.9707,13.9966],[100.9707,13.9983],[100.9693,13.9983]]]}},{"type":"Feature","properties":{"kind":"flood","area_km2":0.285,"conf":"low","date":"2026-10-09"},"geometry":{"type":"Polygon","coordinates":[[[100.1427,13.839],[100.1421,13.8379],[100.141,13.8381],[100.1413,13.8371],[100.1404,13.8368],[100.1399,13.8357],[100.1393,13.8357],[100.1393,13.8349],[100.1404,13.8346],[100.1404,13.8352],[100.141,13.8352],[100.1413,13.8341],[100.1421,13.8338],[100.1407,13.8335],[100.1407,13.8316],[100.1421,13.8316],[100.1426,13.8305],[100.1443,13.83],[100.1451,13.8303],[100.1454,13.8319],[100.1424,13.8319],[100.1424,13.8335],[100.1429,13.8335],[100.1429,13.8346],[100.1432,13.8338],[100.1449,13.8338],[100.1451,13.8362],[100.144,13.8362],[100.1435,13.8357],[100.1427,13.836],[100.1424,13.8379],[100.1443,13.8381],[100.1443,13.8387],[100.1427,13.839]],[[100.1424,13.8354],[100.1426,13.8357],[100.1426,13.8354],[100.1424,13.8354]]]}},{"type":"Feature","properties":{"kind":"flood","area_km2":0.281,"conf":"low","date":"2026-10-09"},"geometry":{"type":"Polygon","coordinates":[[[101.0024,13.8077],[101.0019,13.8069],[101.0007,13.8069],[101.0004,13.8047],[101.001,13.8047],[101.0021,13.8033],[101.0027,13.8033],[101.0029,13.8025],[101.0043,13.802],[101.006,13.8001],[101.0068,13.8001],[101.0066,13.8049],[101.0049,13.8063],[101.0043,13.8063],[101.0032,13.8077],[101.0024,13.8077]],[[101.0046,13.8047],[101.006,13.8047],[101.0065,13.8041],[101.0065,13.8028],[101.0049,13.8028],[101.0046,13.8047]]]}},{"type":"Feature","properties":{"kind":"flood","area_km2":0.28,"conf":"low","date":"2026-10-09"},"geometry":{"type":"Polygon","coordinates":[[[100.3165,14.0003],[100.3154,13.9978],[100.3143,13.9976],[100.3142,13.9959],[100.3134,13.9954],[100.3134,13.9943],[100.3142,13.994],[100.3137,13.9924],[100.3126,13.9911],[100.3125,13.99],[100.3134,13.99],[100.3153,13.9935],[100.3176,13.9929],[100.3176,13.9937],[100.3162,13.9943],[100.3165,13.9956],[100.3159,13.9957],[100.3151,13.9967],[100.3156,13.997],[100.3165,13.9967],[100.3165,13.9962],[100.3173,13.9962],[100.3173,13.997],[100.3193,13.9978],[100.3193,13.9986],[100.3173,14.0003],[100.3165,14.0003]],[[100.3168,13.997],[100.317,13.9973],[100.317,13.997],[100.3168,13.997]]]}},{"type":"Feature","properties":{"kind":"flood","area_km2":0.279,"conf":"low","date":"2026-10-09"},"geometry":{"type":"Polygon","coordinates":[[[100.2466,13.9231],[100.2436,13.9231],[100.2436,13.9215],[100.2425,13.9215],[100.2422,13.9206],[100.2408,13.9204],[100.2408,13.9179],[100.2416,13.9179],[100.2425,13.9187],[100.2427,13.9198],[100.2436,13.9198],[100.2436,13.9212],[100.2441,13.9212],[100.2444,13.9198],[100.2483,13.9198],[100.2486,13.9203],[100.2516,13.9201],[100.2516,13.9209],[100.2502,13.9214],[100.2502,13.9225],[100.2483,13.9222],[100.2469,13.9225],[100.2466,13.9231]],[[100.245,13.9214],[100.2466,13.9214],[100.2469,13.9203],[100.245,13.9204],[100.245,13.9214]]]}},{"type":"Feature","properties":{"kind":"flood","area_km2":0.278,"conf":"low","date":"2026-10-09"},"geometry":{"type":"Polygon","coordinates":[[[100.968,13.7413],[100.968,13.7407],[100.9672,13.7405],[100.9669,13.7383],[100.9652,13.7378],[100.9658,13.7372],[100.9677,13.7367],[100.9666,13.7361],[100.9688,13.7361],[100.9691,13.7356],[100.9696,13.7356],[100.9696,13.735],[100.971,13.7347],[100.9713,13.7353],[100.9721,13.7353],[100.9719,13.7366],[100.9727,13.7372],[100.9727,13.7382],[100.9722,13.7388],[100.9713,13.7388],[100.9708,13.7385],[100.9708,13.7377],[100.9702,13.7377],[100.9697,13.7407],[100.9691,13.7407],[100.9691,13.7413],[100.968,13.7413]]]}},{"type":"Feature","properties":{"kind":"flood","area_km2":0.278,"conf":"low","date":"2026-10-09"},"geometry":{"type":"Polygon","coordinates":[[[100.9874,13.2317],[100.9879,13.2289],[100.9865,13.2292],[100.9868,13.2271],[100.9851,13.2271],[100.9846,13.2276],[100.9846,13.2284],[100.9854,13.2284],[100.9851,13.2298],[100.9843,13.2298],[100.9837,13.2287],[100.9813,13.229],[100.9813,13.2295],[100.9804,13.2295],[100.9804,13.2287],[100.9818,13.2287],[100.9821,13.2279],[100.9837,13.2282],[100.984,13.2263],[100.9862,13.226],[100.9862,13.2246],[100.9873,13.2246],[100.9881,13.223],[100.9887,13.2224],[100.9895,13.2224],[100.9895,13.223],[100.9876,13.2252],[100.9898,13.2251],[100.9898,13.226],[100.9906,13.2265],[100.9907,13.2273],[100.9895,13.2276],[100.9885,13.2298],[100.9885,13.2314],[100.9874,13.2317]],[[100.9876,13.2284],[100.989,13.2284],[100.9887,13.2265],[100.9873,13.2265],[100.9876,13.2284]]]}},{"type":"Feature","properties":{"kind":"flood","area_km2":0.277,"conf":"low","date":"2026-10-09"},"geometry":{"type":"Polygon","coordinates":[[[100.83,13.7239],[100.8295,13.7234],[100.8295,13.7223],[100.8289,13.722],[100.8289,13.7209],[100.83,13.7209],[100.83,13.7223],[100.8311,13.7225],[100.8314,13.7209],[100.8319,13.7209],[100.8322,13.7203],[100.8308,13.7201],[100.8308,13.7193],[100.8314,13.7193],[100.8322,13.7182],[100.8353,13.7179],[100.8355,13.719],[100.8342,13.7192],[100.8342,13.7198],[100.8375,13.7209],[100.8375,13.7217],[100.8361,13.7222],[100.8358,13.7211],[100.8344,13.7211],[100.8342,13.723],[100.8317,13.7233],[100.8314,13.7228],[100.8311,13.7239],[100.83,13.7239]],[[100.8336,13.7209],[100.8342,13.7209],[100.8342,13.7203],[100.8336,13.7203],[100.8336,13.7209]],[[100.8322,13.7203],[100.8331,13.7203],[100.833,13.7198],[100.8322,13.7198],[100.8322,13.7203]]]}},{"type":"Feature","properties":{"kind":"flood","area_km2":0.276,"conf":"low","date":"2026-10-09"},"geometry":{"type":"Polygon","coordinates":[[[100.9745,13.722],[100.9745,13.7206],[100.9739,13.7206],[100.9739,13.7176],[100.9725,13.7176],[100.9725,13.716],[100.9736,13.716],[100.9739,13.7171],[100.9758,13.7168],[100.9759,13.7176],[100.9753,13.7176],[100.9753,13.7182],[100.9778,13.7173],[100.9786,13.7181],[100.9797,13.7181],[100.9806,13.7192],[100.9803,13.7206],[100.9787,13.7203],[100.9784,13.7195],[100.9775,13.7195],[100.9778,13.7214],[100.9775,13.7209],[100.977,13.7209],[100.9756,13.722],[100.9745,13.722]]]}},{"type":"Feature","properties":{"kind":"flood","area_km2":0.273,"conf":"low","date":"2026-10-09"},"geometry":{"type":"Polygon","coordinates":[[[100.9182,13.7216],[100.9179,13.7208],[100.919,13.7205],[100.919,13.7189],[100.9185,13.7186],[100.9168,13.7186],[100.9162,13.7197],[100.9154,13.7197],[100.9154,13.7211],[100.9146,13.7213],[100.9132,13.7211],[100.9132,13.7203],[100.9127,13.7208],[100.9107,13.7211],[100.9104,13.7195],[100.9118,13.7184],[100.9137,13.7178],[100.914,13.7186],[100.9124,13.7189],[100.9124,13.7197],[100.914,13.72],[100.9143,13.7186],[100.9165,13.7184],[100.9165,13.7165],[100.9182,13.7167],[100.9182,13.7175],[100.9201,13.7172],[100.9201,13.7181],[100.9209,13.718],[100.921,13.7191],[100.9215,13.7191],[100.9215,13.7199],[100.9201,13.7197],[100.9201,13.7208],[100.919,13.7216],[100.9182,13.7216]],[[100.9118,13.7195],[100.9121,13.7197],[100.9121,13.7195],[100.9118,13.7195]]]}},{"type":"Feature","properties":{"kind":"flood","area_km2":0.271,"conf":"low","date":"2026-10-09"},"geometry":{"type":"Polygon","coordinates":[[[100.8919,13.721],[100.8913,13.7204],[100.891,13.7183],[100.8924,13.7185],[100.8932,13.7174],[100.8938,13.7174],[100.8938,13.7169],[100.8976,13.7163],[100.8976,13.7171],[100.8971,13.7171],[100.8954,13.7191],[100.8971,13.7185],[100.8977,13.7177],[100.8985,13.7174],[100.8985,13.7169],[100.9001,13.7166],[100.9004,13.7171],[100.9004,13.7185],[100.899,13.7185],[100.8968,13.7207],[100.8966,13.7193],[100.8952,13.7193],[100.8943,13.7196],[100.8941,13.7204],[100.8935,13.7204],[100.8932,13.721],[100.8919,13.721]]]}},{"type":"Feature","properties":{"kind":"flood","area_km2":0.268,"conf":"low","date":"2026-10-09"},"geometry":{"type":"Polygon","coordinates":[[[100.8281,13.7632],[100.8281,13.7621],[100.827,13.7621],[100.8264,13.7616],[100.8267,13.7597],[100.8273,13.7594],[100.8272,13.7581],[100.8281,13.7578],[100.8278,13.7556],[100.8261,13.7554],[100.8261,13.7546],[100.8269,13.754],[100.8292,13.7543],[100.8289,13.7562],[100.8295,13.7567],[100.8317,13.7567],[100.8317,13.7578],[100.8314,13.7583],[100.8309,13.7583],[100.8309,13.7589],[100.83,13.7589],[100.8297,13.7583],[100.8284,13.7583],[100.8284,13.76],[100.8303,13.7599],[100.8303,13.7608],[100.8295,13.761],[100.8295,13.7624],[100.8289,13.7627],[100.8289,13.7632],[100.8281,13.7632]]]}},{"type":"Feature","properties":{"kind":"flood","area_km2":0.266,"conf":"low","date":"2026-10-09"},"geometry":{"type":"Polygon","coordinates":[[[100.995,13.7204],[100.9947,13.7199],[100.9958,13.7199],[100.9958,13.7185],[100.9942,13.7183],[100.9939,13.7172],[100.9925,13.7172],[100.993,13.7164],[100.9919,13.7159],[100.9919,13.715],[100.9936,13.715],[100.9939,13.7145],[100.9958,13.7147],[100.9961,13.7139],[100.9964,13.7153],[100.9939,13.715],[100.9939,13.7164],[100.9955,13.7164],[100.9958,13.7156],[100.9958,13.7177],[100.9969,13.7177],[100.9983,13.7153],[100.9997,13.7155],[100.9994,13.7177],[101.0003,13.7177],[101.0005,13.7166],[101.0014,13.7166],[101.0014,13.7171],[101.0019,13.7171],[101.0019,13.7177],[101.0008,13.7177],[101.0005,13.7185],[100.9994,13.7182],[100.9986,13.7204],[100.9975,13.7204],[100.9975,13.7193],[100.9969,13.7191],[100.9961,13.7191],[100.9961,13.7202],[100.995,13.7204]],[[100.9972,13.7191],[100.9981,13.7191],[100.998,13.7182],[100.9972,13.7183],[100.9972,13.7191]]]}},{"type":"Feature","properties":{"kind":"flood","area_km2":0.265,"conf":"low","date":"2026-10-09"},"geometry":{"type":"Polygon","coordinates":[[[101.0038,13.9687],[101.0032,13.9679],[101.0031,13.9581],[101.0043,13.9581],[101.0045,13.9568],[101.0051,13.9576],[101.0048,13.9589],[101.0059,13.9589],[101.0059,13.96],[101.0048,13.9611],[101.0048,13.9619],[101.0057,13.9622],[101.006,13.9644],[101.0049,13.9644],[101.0049,13.9687],[101.0038,13.9687]]]}},{"type":"Feature","properties":{"kind":"flood","area_km2":0.265,"conf":"low","date":"2026-10-09"},"geometry":{"type":"Polygon","coordinates":[[[100.893,13.798],[100.8927,13.7974],[100.8886,13.7975],[100.8883,13.7964],[100.8889,13.7967],[100.8891,13.7958],[100.8864,13.7961],[100.8863,13.7953],[100.8913,13.7942],[100.8924,13.7934],[100.8924,13.7923],[100.8933,13.7923],[100.8933,13.7936],[100.8938,13.7939],[100.8947,13.7977],[100.893,13.798]],[[100.893,13.7969],[100.8941,13.7969],[100.8941,13.7961],[100.893,13.7961],[100.893,13.7969]],[[100.8891,13.7964],[100.8894,13.7966],[100.8894,13.7964],[100.8891,13.7964]]]}},{"type":"Feature","properties":{"kind":"flood","area_km2":0.263,"conf":"high","date":"2026-10-09"},"geometry":{"type":"Polygon","coordinates":[[[100.9817,13.9852],[100.9814,13.9797],[100.9831,13.9784],[100.9844,13.9784],[100.9845,13.9789],[100.985,13.9789],[100.985,13.9813],[100.9845,13.9813],[100.9845,13.9819],[100.9856,13.9819],[100.9856,13.983],[100.9845,13.983],[100.9845,13.9838],[100.9856,13.9838],[100.9859,13.9849],[100.9817,13.9852]],[[100.9823,13.9824],[100.9834,13.9824],[100.9834,13.9811],[100.9822,13.9811],[100.9823,13.9824]]]}},{"type":"Feature","properties":{"kind":"flood","area_km2":0.262,"conf":"low","date":"2026-10-09"},"geometry":{"type":"Polygon","coordinates":[[[100.8862,13.8487],[100.8862,13.8479],[100.8857,13.8474],[100.8856,13.8458],[100.8851,13.8452],[100.884,13.8452],[100.884,13.8436],[100.8834,13.8431],[100.8831,13.8403],[100.8825,13.8395],[100.8825,13.8387],[100.8834,13.8387],[100.8836,13.8393],[100.8839,13.8374],[100.8847,13.8374],[100.8847,13.8382],[100.8853,13.8384],[100.8853,13.8406],[100.8859,13.8411],[100.8856,13.8425],[100.8865,13.8433],[100.887,13.8455],[100.887,13.8466],[100.8865,13.8468],[100.887,13.8468],[100.8873,13.8487],[100.8862,13.8487]],[[100.8842,13.8422],[100.8845,13.8428],[100.8845,13.8422],[100.8842,13.8422]],[[100.8839,13.8414],[100.8845,13.8414],[100.8845,13.8406],[100.8839,13.8406],[100.8839,13.8414]]]}},{"type":"Feature","properties":{"kind":"flood","area_km2":0.262,"conf":"low","date":"2026-10-09"},"geometry":{"type":"Polygon","coordinates":[[[100.9901,13.2219],[100.9906,13.2197],[100.9914,13.2189],[100.9914,13.2173],[100.9903,13.217],[100.99,13.2146],[100.9928,13.214],[100.9933,13.2135],[100.9933,13.2121],[100.9894,13.2121],[100.9891,13.2105],[100.9902,13.2102],[100.9902,13.2097],[100.993,13.2099],[100.9936,13.2102],[100.9936,13.2118],[100.9941,13.2121],[100.9947,13.2145],[100.9944,13.2151],[100.9925,13.2148],[100.9917,13.2159],[100.9917,13.2167],[100.9925,13.2175],[100.9925,13.2186],[100.9917,13.2186],[100.9917,13.22],[100.9909,13.2205],[100.9909,13.2216],[100.9901,13.2219]]]}},{"type":"Feature","properties":{"kind":"flood","area_km2":0.26,"conf":"low","date":"2026-10-09"},"geometry":{"type":"Polygon","coordinates":[[[100.9811,13.7173],[100.9811,13.7165],[100.9817,13.7165],[100.9817,13.7159],[100.98,13.716],[100.9792,13.7149],[100.9783,13.7146],[100.9783,13.7127],[100.9791,13.7127],[100.9797,13.7122],[100.9797,13.7111],[100.9805,13.7103],[100.9813,13.7102],[100.9811,13.7113],[100.9819,13.7116],[100.9819,13.7121],[100.9844,13.7148],[100.9844,13.717],[100.9836,13.717],[100.9831,13.7165],[100.982,13.7173],[100.9811,13.7173]],[[100.9792,13.7149],[100.9811,13.7143],[100.9811,13.7132],[100.9797,13.7132],[100.9797,13.7138],[100.9792,13.7138],[100.9792,13.7149]]]}},{"type":"Feature","properties":{"kind":"flood","area_km2":0.259,"conf":"low","date":"2026-10-09"},"geometry":{"type":"Polygon","coordinates":[[[100.7453,13.8132],[100.7455,13.8118],[100.7444,13.8115],[100.7444,13.8107],[100.745,13.8102],[100.7458,13.8102],[100.7458,13.8115],[100.7466,13.8115],[100.7466,13.8104],[100.7472,13.8099],[100.7464,13.8099],[100.7458,13.8094],[100.7458,13.808],[100.7472,13.8066],[100.7477,13.805],[100.7491,13.805],[100.7494,13.8066],[100.7497,13.8058],[100.7505,13.8058],[100.7505,13.8083],[100.7488,13.8093],[100.7489,13.8102],[100.7475,13.8113],[100.7475,13.8118],[100.7469,13.8118],[100.7469,13.8123],[100.7464,13.8123],[100.7461,13.8132],[100.7453,13.8132]],[[100.7475,13.8091],[100.7477,13.8094],[100.7477,13.8091],[100.7475,13.8091]],[[100.7477,13.8091],[100.7483,13.8088],[100.7488,13.8077],[100.748,13.808],[100.7477,13.8091]]]}},{"type":"Feature","properties":{"kind":"flood","area_km2":0.258,"conf":"low","date":"2026-10-09"},"geometry":{"type":"Polygon","coordinates":[[[100.9501,13.861],[100.9501,13.8602],[100.951,13.8599],[100.9512,13.8588],[100.9543,13.8588],[100.9543,13.8582],[100.951,13.8583],[100.9507,13.8591],[100.9496,13.8591],[100.949,13.8585],[100.9493,13.8575],[100.9515,13.8572],[100.9515,13.858],[100.9535,13.858],[100.9534,13.8569],[100.957,13.8566],[100.9571,13.8604],[100.9501,13.861]],[[100.9518,13.8599],[100.9532,13.8599],[100.9532,13.859],[100.9518,13.8591],[100.9518,13.8599]],[[100.9543,13.8599],[100.9557,13.8598],[100.9557,13.859],[100.9543,13.859],[100.9543,13.8599]]]}},{"type":"Feature","properties":{"kind":"flood","area_km2":0.257,"conf":"low","date":"2026-10-09"},"geometry":{"type":"Polygon","coordinates":[[[100.942,13.8545],[100.9384,13.8543],[100.9395,13.854],[100.9395,13.8527],[100.939,13.8527],[100.939,13.8518],[100.9379,13.851],[100.9378,13.8502],[100.9373,13.8497],[100.9373,13.8475],[100.9378,13.8464],[100.9386,13.8464],[100.9389,13.8472],[100.94,13.8472],[100.9395,13.8499],[100.9406,13.8505],[100.9409,13.8518],[100.942,13.8515],[100.942,13.8505],[100.9434,13.8505],[100.9431,13.8521],[100.9415,13.8526],[100.942,13.8532],[100.942,13.8545]]]}},{"type":"Feature","properties":{"kind":"flood","area_km2":0.256,"conf":"low","date":"2026-10-09"},"geometry":{"type":"Polygon","coordinates":[[[100.9921,13.8056],[100.9921,13.8048],[100.991,13.8048],[100.9907,13.8053],[100.9894,13.8051],[100.9893,13.804],[100.9904,13.8034],[100.9902,13.8024],[100.9896,13.8021],[100.9899,13.801],[100.9907,13.801],[100.9918,13.8026],[100.9943,13.8026],[100.9943,13.8031],[100.9952,13.8031],[100.9952,13.8026],[100.9946,13.8026],[100.9943,13.801],[100.996,13.801],[100.9971,13.8028],[100.9977,13.8028],[100.9977,13.8037],[100.9963,13.8039],[100.996,13.805],[100.9949,13.805],[100.9949,13.8042],[100.9941,13.8042],[100.9927,13.8045],[100.9927,13.8056],[100.9921,13.8056]]]}},{"type":"Feature","properties":{"kind":"flood","area_km2":0.256,"conf":"low","date":"2026-10-09"},"geometry":{"type":"Polygon","coordinates":[[[100.84,13.7208],[100.84,13.72],[100.8411,13.72],[100.8411,13.7189],[100.8416,13.7189],[100.8405,13.7187],[100.8402,13.7176],[100.8411,13.7176],[100.843,13.7165],[100.8438,13.7165],[100.8444,13.7173],[100.8444,13.7159],[100.8449,13.7159],[100.8452,13.7154],[100.8485,13.7148],[100.8486,13.7164],[100.8463,13.7162],[100.8452,13.7167],[100.8452,13.7186],[100.8458,13.7189],[100.8455,13.72],[100.8436,13.72],[100.84,13.7208]],[[100.8427,13.7181],[100.843,13.7184],[100.843,13.7181],[100.8427,13.7181]]]}},{"type":"Feature","properties":{"kind":"flood","area_km2":0.255,"conf":"high","date":"2026-10-09"},"geometry":{"type":"Polygon","coordinates":[[[100.9172,13.7286],[100.9171,13.7278],[100.9205,13.7262],[100.9207,13.7256],[100.9227,13.7248],[100.9243,13.7234],[100.9257,13.7234],[100.9263,13.7242],[100.9274,13.7248],[100.9274,13.7256],[100.9263,13.7261],[100.9257,13.727],[100.9249,13.727],[100.9249,13.7264],[100.9227,13.7264],[100.9224,13.727],[100.9213,13.727],[100.9208,13.7281],[100.9191,13.7286],[100.9172,13.7286]]]}},{"type":"Feature","properties":{"kind":"flood","area_km2":0.255,"conf":"low","date":"2026-10-09"},"geometry":{"type":"Polygon","coordinates":[[[100.8905,13.7289],[100.8894,13.7272],[100.8886,13.7272],[100.8886,13.7267],[100.888,13.7267],[100.8894,13.7264],[100.8894,13.7253],[100.888,13.7237],[100.8877,13.7224],[100.8871,13.7221],[100.8871,13.7216],[100.8858,13.7216],[100.8857,13.7197],[100.8863,13.7191],[100.888,13.7197],[100.888,13.7191],[100.8888,13.7188],[100.8891,13.7202],[100.8893,13.7196],[100.8905,13.7196],[100.8905,13.7205],[100.8896,13.7205],[100.8894,13.721],[100.8882,13.7205],[100.8885,13.7221],[100.8896,13.7229],[100.8905,13.7248],[100.8911,13.7248],[100.8911,13.7253],[100.8922,13.7264],[100.8922,13.7272],[100.8913,13.7272],[100.8908,13.7264],[100.8902,13.7264],[100.8905,13.7272],[100.8914,13.7278],[100.8914,13.7288],[100.8905,13.7289]]]}},{"type":"Feature","properties":{"kind":"flood","area_km2":0.253,"conf":"low","date":"2026-10-09"},"geometry":{"type":"Polygon","coordinates":[[[100.8676,13.8855],[100.8674,13.8849],[100.8668,13.8849],[100.8668,13.8828],[100.8673,13.8828],[100.8671,13.8825],[100.8673,13.8803],[100.8662,13.8803],[100.8667,13.8765],[100.8676,13.8765],[100.8676,13.8776],[100.8681,13.8779],[100.8681,13.8784],[100.8695,13.8781],[100.8698,13.8817],[100.869,13.8817],[100.8684,13.8811],[100.8685,13.8819],[100.8687,13.8828],[100.8701,13.883],[100.8699,13.8855],[100.8676,13.8855]],[[100.8682,13.8828],[100.8687,13.883],[100.8687,13.8828],[100.8682,13.8828]],[[100.8673,13.8806],[100.8676,13.8809],[100.8676,13.8806],[100.8673,13.8806]],[[100.8682,13.8792],[100.8687,13.8803],[100.8687,13.8792],[100.8682,13.8792]]]}},{"type":"Feature","properties":{"kind":"flood","area_km2":0.253,"conf":"low","date":"2026-10-09"},"geometry":{"type":"Polygon","coordinates":[[[100.9363,13.6585],[100.9374,13.6577],[100.9374,13.6564],[100.9396,13.6566],[100.9401,13.6564],[100.9401,13.6553],[100.9421,13.655],[100.9421,13.6542],[100.9412,13.6542],[100.9415,13.6523],[100.942,13.652],[100.9429,13.652],[100.9429,13.6528],[100.942,13.6534],[100.9421,13.6539],[100.9434,13.6542],[100.9437,13.6533],[100.9448,13.6533],[100.9451,13.6541],[100.9459,13.6544],[100.9454,13.6566],[100.9404,13.6572],[100.9396,13.658],[100.9363,13.6585]]]}},{"type":"Feature","properties":{"kind":"flood","area_km2":0.252,"conf":"low","date":"2026-10-09"},"geometry":{"type":"Polygon","coordinates":[[[100.9233,13.8373],[100.923,13.8365],[100.9236,13.8365],[100.9236,13.8354],[100.9225,13.8346],[100.9225,13.8338],[100.9219,13.8335],[100.9222,13.8319],[100.9202,13.8317],[100.9202,13.8303],[100.9208,13.83],[100.9208,13.8295],[100.9216,13.8311],[100.9222,13.8311],[100.9222,13.8316],[100.9247,13.8319],[100.9249,13.8338],[100.9263,13.8338],[100.9263,13.8346],[100.9272,13.8354],[100.9286,13.8354],[100.9286,13.8359],[100.9272,13.8368],[100.9244,13.8368],[100.9241,13.8373],[100.9233,13.8373]]]}},{"type":"Feature","properties":{"kind":"flood","area_km2":0.249,"conf":"low","date":"2026-10-09"},"geometry":{"type":"Polygon","coordinates":[[[100.8333,13.639],[100.8327,13.6374],[100.8321,13.6368],[100.831,13.6368],[100.831,13.636],[100.8305,13.636],[100.8307,13.6377],[100.8302,13.6371],[100.8291,13.6379],[100.8291,13.6388],[100.8283,13.6388],[100.8283,13.6382],[100.8266,13.6382],[100.8266,13.6374],[100.8274,13.6374],[100.8274,13.6369],[100.8269,13.6366],[100.8269,13.6358],[100.8255,13.6355],[100.8255,13.6347],[100.8271,13.6347],[100.8277,13.6352],[100.8293,13.635],[100.8296,13.6358],[100.8282,13.6358],[100.8282,13.6366],[100.8299,13.6369],[100.8299,13.6358],[100.8316,13.6358],[100.8316,13.6349],[100.8302,13.635],[100.8302,13.6344],[100.8316,13.6347],[100.8316,13.6341],[100.8327,13.6336],[100.8327,13.6352],[100.8343,13.6349],[100.8346,13.6355],[100.8346,13.6384],[100.8344,13.639],[100.8333,13.639]],[[100.833,13.6363],[100.8332,13.6368],[100.8335,13.6363],[100.833,13.6363]],[[100.8318,13.636],[100.8324,13.636],[100.8324,13.6352],[100.8318,13.6352],[100.8318,13.636]]]}},{"type":"Feature","properties":{"kind":"flood","area_km2":0.248,"conf":"low","date":"2026-10-09"},"geometry":{"type":"Polygon","coordinates":[[[100.1509,13.994],[100.1509,13.9921],[100.1517,13.9921],[100.152,13.9911],[100.1526,13.9911],[100.1529,13.9905],[100.1523,13.99],[100.1515,13.9902],[100.1515,13.9919],[100.1506,13.9919],[100.1506,13.9913],[100.1501,13.9913],[100.1501,13.9905],[100.1487,13.9903],[100.1487,13.9889],[100.1501,13.9892],[100.1501,13.9886],[100.1492,13.9886],[100.1492,13.9878],[100.1503,13.9875],[100.1503,13.9862],[100.1517,13.9862],[100.1517,13.9867],[100.1528,13.9867],[100.1528,13.9894],[100.1534,13.9897],[100.1531,13.9916],[100.1537,13.9916],[100.1537,13.993],[100.1531,13.993],[100.1531,13.9935],[100.152,13.994],[100.1509,13.994]],[[100.1506,13.9875],[100.1514,13.9875],[100.1514,13.9865],[100.1506,13.9865],[100.1506,13.9875]]]}},{"type":"Feature","properties":{"kind":"flood","area_km2":0.248,"conf":"low","date":"2026-10-09"},"geometry":{"type":"Polygon","coordinates":[[[100.9268,13.9604],[100.9263,13.9585],[100.9265,13.9569],[100.926,13.9563],[100.9259,13.9547],[100.9265,13.9542],[100.9264,13.9485],[100.9278,13.9485],[100.9282,13.9596],[100.9277,13.9596],[100.9279,13.9604],[100.9268,13.9604]],[[100.9273,13.9525],[100.9276,13.9528],[100.9276,13.9525],[100.9273,13.9525]]]}},{"type":"Feature","properties":{"kind":"flood","area_km2":0.248,"conf":"low","date":"2026-10-09"},"geometry":{"type":"Polygon","coordinates":[[[100.9476,13.7835],[100.9476,13.7829],[100.947,13.7829],[100.947,13.7821],[100.9475,13.7821],[100.9486,13.7807],[100.9503,13.7799],[100.9506,13.7777],[100.9508,13.7783],[100.9522,13.7783],[100.9539,13.7766],[100.9547,13.7766],[100.9553,13.7755],[100.9561,13.7755],[100.9564,13.7771],[100.9556,13.778],[100.955,13.778],[100.9528,13.7802],[100.9509,13.7813],[100.9498,13.7826],[100.9492,13.7826],[100.9492,13.7832],[100.9476,13.7835]]]}},{"type":"Feature","properties":{"kind":"flood","area_km2":0.247,"conf":"low","date":"2026-10-09"},"geometry":{"type":"Polygon","coordinates":[[[100.984,13.7918],[100.9831,13.7902],[100.982,13.7902],[100.9817,13.7897],[100.9812,13.7897],[100.9812,13.7891],[100.9806,13.7892],[100.9806,13.7883],[100.9801,13.7881],[100.98,13.787],[100.9806,13.787],[100.9806,13.7864],[100.9798,13.7859],[100.9795,13.7846],[100.9822,13.7845],[100.9839,13.7864],[100.9839,13.787],[100.985,13.7878],[100.9853,13.7888],[100.9862,13.7894],[100.9862,13.7899],[100.9848,13.7899],[100.9848,13.7905],[100.9842,13.7905],[100.984,13.7918]],[[100.9826,13.7899],[100.9845,13.7899],[100.9845,13.7883],[100.9828,13.788],[100.9826,13.7899]],[[100.9814,13.7886],[100.9817,13.7889],[100.9817,13.7886],[100.9814,13.7886]]]}},{"type":"Feature","properties":{"kind":"flood","area_km2":0.246,"conf":"low","date":"2026-10-09"},"geometry":{"type":"Polygon","coordinates":[[[100.0487,13.9991],[100.049,13.9967],[100.0473,13.9959],[100.0473,13.9951],[100.0479,13.9951],[100.0482,13.9942],[100.0493,13.9942],[100.0495,13.9934],[100.0504,13.9934],[100.0507,13.994],[100.0512,13.994],[100.0512,13.995],[100.0518,13.995],[100.052,13.9945],[100.0532,13.9942],[100.0532,13.9937],[100.0545,13.9937],[100.0545,13.9945],[100.0534,13.9945],[100.0534,13.9953],[100.0523,13.9956],[100.0523,13.9964],[100.0515,13.9969],[100.0515,13.9975],[100.0507,13.9975],[100.0521,13.9978],[100.0523,13.9991],[100.0487,13.9991]]]}},{"type":"Feature","properties":{"kind":"flood","area_km2":0.246,"conf":"low","date":"2026-10-09"},"geometry":{"type":"Polygon","coordinates":[[[100.8829,13.9244],[100.8824,13.9239],[100.8824,13.9212],[100.8854,13.9217],[100.8854,13.9211],[100.8865,13.9206],[100.8907,13.9205],[100.8904,13.923],[100.8896,13.923],[100.8893,13.9235],[100.8871,13.9233],[100.8868,13.9219],[100.8863,13.9219],[100.8863,13.9233],[100.8852,13.923],[100.8843,13.9244],[100.8829,13.9244]]]}},{"type":"Feature","properties":{"kind":"flood","area_km2":0.245,"conf":"low","date":"2026-10-09"},"geometry":{"type":"Polygon","coordinates":[[[100.9576,13.9281],[100.9576,13.9254],[100.9654,13.9248],[100.9648,13.9257],[100.9635,13.9254],[100.9635,13.9262],[100.964,13.9262],[100.9646,13.9273],[100.966,13.9273],[100.9654,13.9278],[100.964,13.9276],[100.9638,13.9281],[100.9576,13.9281]]]}},{"type":"Feature","properties":{"kind":"flood","area_km2":0.243,"conf":"low","date":"2026-10-09"},"geometry":{"type":"Polygon","coordinates":[[[100.9558,13.9358],[100.9513,13.9355],[100.9499,13.9344],[100.9499,13.932],[100.9557,13.9317],[100.9552,13.9339],[100.9558,13.9358]],[[100.9513,13.9336],[100.9516,13.9339],[100.9516,13.9336],[100.9513,13.9336]],[[100.951,13.9334],[100.9513,13.9336],[100.9513,13.9334],[100.951,13.9334]]]}},{"type":"Feature","properties":{"kind":"flood","area_km2":0.243,"conf":"low","date":"2026-10-09"},"geometry":{"type":"Polygon","coordinates":[[[100.9792,13.7816],[100.9789,13.781],[100.9767,13.7813],[100.9769,13.7797],[100.9761,13.7797],[100.9758,13.7786],[100.9744,13.7786],[100.9744,13.7778],[100.975,13.7778],[100.975,13.7773],[100.9727,13.7751],[100.9724,13.7738],[100.9741,13.7735],[100.9752,13.7754],[100.9761,13.7762],[100.9766,13.7762],[100.9769,13.7773],[100.9783,13.7781],[100.9783,13.7789],[100.98,13.7802],[100.98,13.7816],[100.9792,13.7816]]]}},{"type":"Feature","properties":{"kind":"flood","area_km2":0.242,"conf":"low","date":"2026-10-09"},"geometry":{"type":"Polygon","coordinates":[[[100.1532,13.9455],[100.149,13.9455],[100.149,13.9447],[100.1482,13.9447],[100.1479,13.9439],[100.1473,13.9439],[100.1473,13.9447],[100.1462,13.9444],[100.1462,13.9436],[100.1468,13.9436],[100.1473,13.942],[100.1487,13.9417],[100.1496,13.9428],[100.1507,13.9428],[100.1509,13.9414],[100.1518,13.9414],[100.1523,13.942],[100.1523,13.9441],[100.1529,13.9439],[100.1529,13.9431],[100.1543,13.943],[100.1543,13.9439],[100.1535,13.9441],[100.1532,13.9455]],[[100.151,13.9431],[100.1512,13.9433],[100.1512,13.9431],[100.151,13.9431]]]}},{"type":"Feature","properties":{"kind":"flood","area_km2":0.24,"conf":"low","date":"2026-10-09"},"geometry":{"type":"Polygon","coordinates":[[[100.9807,13.9318],[100.9807,13.9304],[100.9818,13.9301],[100.9818,13.9296],[100.9813,13.9296],[100.981,13.9288],[100.9799,13.9282],[100.9798,13.9272],[100.9815,13.9271],[100.9818,13.9266],[100.9857,13.926],[100.986,13.929],[100.9849,13.929],[100.9843,13.9301],[100.9824,13.9304],[100.9824,13.9317],[100.9807,13.9318]]]}},{"type":"Feature","properties":{"kind":"flood","area_km2":0.239,"conf":"low","date":"2026-10-09"},"geometry":{"type":"Polygon","coordinates":[[[100.1899,13.9657],[100.1902,13.9624],[100.1891,13.9613],[100.1891,13.9578],[100.1907,13.9575],[100.1913,13.9581],[100.1921,13.958],[100.1924,13.9586],[100.1921,13.9605],[100.1927,13.9605],[100.1927,13.9618],[100.1916,13.9624],[100.1933,13.9627],[100.1933,13.9637],[100.191,13.964],[100.1911,13.9656],[100.1899,13.9657]]]}},{"type":"Feature","properties":{"kind":"flood","area_km2":0.239,"conf":"low","date":"2026-10-09"},"geometry":{"type":"Polygon","coordinates":[[[100.8989,13.8421],[100.8972,13.8389],[100.8961,13.8351],[100.8969,13.8351],[100.8975,13.8356],[100.8994,13.8356],[100.9003,13.8367],[100.9003,13.8375],[100.9008,13.8378],[100.9008,13.8389],[100.9014,13.8389],[100.9011,13.8399],[100.9,13.8399],[100.9,13.8421],[100.8989,13.8421]]]}},{"type":"Feature","properties":{"kind":"flood","area_km2":0.237,"conf":"low","date":"2026-10-09"},"geometry":{"type":"Polygon","coordinates":[[[100.8802,13.7913],[100.8797,13.791],[100.8796,13.7902],[100.8802,13.7899],[100.8796,13.7883],[100.8782,13.7883],[100.8783,13.79],[100.8774,13.79],[100.8774,13.7905],[100.8758,13.7905],[100.8758,13.7897],[100.8769,13.7886],[100.8771,13.7875],[100.878,13.7867],[100.8788,13.7867],[100.8788,13.7862],[100.8816,13.7864],[100.8819,13.788],[100.8813,13.7886],[100.8821,13.7886],[100.8821,13.7894],[100.8835,13.7894],[100.8833,13.7905],[100.8802,13.7913]],[[100.881,13.7899],[100.8813,13.7902],[100.8813,13.7899],[100.881,13.7899]],[[100.8813,13.7897],[100.8816,13.7899],[100.8816,13.7897],[100.8813,13.7897]],[[100.8819,13.7894],[100.8821,13.7897],[100.8821,13.7894],[100.8819,13.7894]]]}},{"type":"Feature","properties":{"kind":"flood","area_km2":0.234,"conf":"low","date":"2026-10-09"},"geometry":{"type":"Polygon","coordinates":[[[100.9456,13.9136],[100.9456,13.9112],[100.9467,13.9112],[100.9467,13.9117],[100.9472,13.912],[100.9478,13.912],[100.9478,13.9114],[100.9495,13.9114],[100.9483,13.9106],[100.9483,13.9098],[100.9469,13.9098],[100.947,13.9103],[100.9458,13.9103],[100.9458,13.9093],[100.9469,13.909],[100.9478,13.9082],[100.9492,13.9082],[100.9508,13.9092],[100.9508,13.9103],[100.9497,13.9106],[100.9497,13.9111],[100.9508,13.9111],[100.9508,13.9119],[100.9503,13.9119],[100.9503,13.9136],[100.9456,13.9136]]]}},{"type":"Feature","properties":{"kind":"flood","area_km2":0.232,"conf":"low","date":"2026-10-09"},"geometry":{"type":"Polygon","coordinates":[[[100.8809,13.906],[100.8808,13.9049],[100.88,13.9049],[100.8794,13.9035],[100.8797,13.9003],[100.8816,13.9008],[100.8817,13.9016],[100.8808,13.9016],[100.8808,13.9022],[100.8817,13.9024],[100.8869,13.9021],[100.8869,13.9035],[100.8853,13.9038],[100.885,13.9051],[100.8845,13.9057],[100.8809,13.906]],[[100.8811,13.9046],[100.8822,13.9046],[100.8822,13.9041],[100.8831,13.9046],[100.8842,13.9046],[100.8842,13.903],[100.8822,13.903],[100.8822,13.9035],[100.8817,13.9035],[100.8817,13.903],[100.8808,13.903],[100.8811,13.9046]]]}},{"type":"Feature","properties":{"kind":"flood","area_km2":0.23,"conf":"low","date":"2026-10-09"},"geometry":{"type":"Polygon","coordinates":[[[100.9407,13.9633],[100.9404,13.9549],[100.9398,13.9543],[100.9398,13.9535],[100.9404,13.9532],[100.9403,13.9505],[100.9417,13.9505],[100.9423,13.9508],[100.9423,13.9519],[100.9417,13.9519],[100.9415,13.9524],[100.9415,13.9546],[100.9421,13.9557],[100.9415,13.9603],[100.9421,13.9608],[100.9421,13.963],[100.9407,13.9633]]]}},{"type":"Feature","properties":{"kind":"flood","area_km2":0.226,"conf":"low","date":"2026-10-09"},"geometry":{"type":"Polygon","coordinates":[[[100.8923,13.7736],[100.8923,13.773],[100.8901,13.7728],[100.89,13.7712],[100.8906,13.7712],[100.8911,13.7703],[100.892,13.7703],[100.8928,13.7695],[100.8945,13.7698],[100.8953,13.7689],[100.8967,13.7689],[100.8972,13.7697],[100.8972,13.7711],[100.8959,13.7714],[100.8959,13.7706],[100.895,13.7706],[100.8945,13.7709],[100.895,13.7727],[100.8923,13.7736]]]}},{"type":"Feature","properties":{"kind":"flood","area_km2":0.225,"conf":"low","date":"2026-10-09"},"geometry":{"type":"Polygon","coordinates":[[[100.2263,13.9118],[100.2255,13.9115],[100.2255,13.9104],[100.2257,13.9096],[100.2269,13.9088],[100.2269,13.9082],[100.2263,13.9082],[100.226,13.9074],[100.2241,13.9074],[100.2241,13.9053],[100.2252,13.9047],[100.2263,13.9047],[100.2263,13.9053],[100.2277,13.9053],[100.2285,13.9063],[100.2285,13.9072],[100.2277,13.9072],[100.2277,13.9077],[100.2282,13.9077],[100.228,13.9099],[100.2285,13.9104],[100.2285,13.9112],[100.2263,13.9118]]]}},{"type":"Feature","properties":{"kind":"flood","area_km2":0.222,"conf":"low","date":"2026-10-09"},"geometry":{"type":"Polygon","coordinates":[[[100.8927,13.8267],[100.8913,13.8265],[100.8913,13.8254],[100.8927,13.8245],[100.8927,13.8235],[100.8916,13.8235],[100.8916,13.8227],[100.8938,13.821],[100.8952,13.821],[100.896,13.8226],[100.896,13.8251],[100.8946,13.8256],[100.8944,13.8264],[100.8933,13.8262],[100.8927,13.8267]]]}},{"type":"Feature","properties":{"kind":"flood","area_km2":0.221,"conf":"low","date":"2026-10-09"},"geometry":{"type":"Polygon","coordinates":[[[100.9169,13.7262],[100.9168,13.7249],[100.9152,13.7251],[100.9154,13.7238],[100.9157,13.7246],[100.9179,13.7243],[100.9185,13.7238],[100.9185,13.7224],[100.919,13.7224],[100.9218,13.7202],[100.9235,13.7205],[100.9235,13.7213],[100.9229,13.7216],[100.9232,13.7226],[100.9224,13.7235],[100.9215,13.7235],[100.9202,13.7248],[100.9191,13.7248],[100.9185,13.7259],[100.9169,13.7262]],[[100.9185,13.7246],[100.9191,13.7246],[100.9191,13.7243],[100.9185,13.724],[100.9185,13.7246]],[[100.9215,13.7216],[100.9218,13.7218],[100.9218,13.7216],[100.9215,13.7216]]]}},{"type":"Feature","properties":{"kind":"flood","area_km2":0.221,"conf":"low","date":"2026-10-09"},"geometry":{"type":"Polygon","coordinates":[[[100.9637,13.7231],[100.9634,13.7223],[100.9626,13.7226],[100.9626,13.7215],[100.9617,13.7215],[100.9615,13.721],[100.9601,13.721],[100.9601,13.7199],[100.9615,13.7199],[100.9614,13.7188],[100.962,13.7185],[100.962,13.7169],[100.9611,13.7164],[100.9614,13.7153],[100.9622,13.7153],[100.9623,13.7161],[100.9636,13.7166],[100.9678,13.7166],[100.9678,13.7177],[100.9628,13.7177],[100.9626,13.7202],[100.9631,13.7204],[100.9631,13.7215],[100.9645,13.7215],[100.9648,13.721],[100.9656,13.7209],[100.9654,13.7228],[100.9637,13.7231]]]}},{"type":"Feature","properties":{"kind":"flood","area_km2":0.221,"conf":"low","date":"2026-10-09"},"geometry":{"type":"Polygon","coordinates":[[[100.8474,13.6383],[100.8474,13.6375],[100.8457,13.6375],[100.8457,13.6365],[100.8452,13.6365],[100.8451,13.6354],[100.8443,13.6348],[100.8443,13.6338],[100.8451,13.6338],[100.8454,13.6332],[100.8468,13.6335],[100.8471,13.6327],[100.8504,13.6332],[100.851,13.6337],[100.851,13.6348],[100.8499,13.6348],[100.8499,13.6353],[100.8476,13.6351],[100.8474,13.6373],[100.8482,13.6383],[100.8474,13.6383]]]}},{"type":"Feature","properties":{"kind":"flood","area_km2":0.219,"conf":"high","date":"2026-10-09"},"geometry":{"type":"Polygon","coordinates":[[[100.9099,13.8955],[100.9096,13.8941],[100.9113,13.8941],[100.9113,13.8935],[100.9099,13.8927],[100.9096,13.8911],[100.9124,13.8906],[100.9157,13.8905],[100.9157,13.8911],[100.9143,13.8911],[100.9143,13.8946],[100.9135,13.8946],[100.9127,13.8954],[100.9099,13.8955]],[[100.9118,13.8941],[100.9132,13.8941],[100.9132,13.8927],[100.9118,13.8927],[100.9118,13.8941]]]}},{"type":"Feature","properties":{"kind":"flood","area_km2":0.219,"conf":"low","date":"2026-10-09"},"geometry":{"type":"Polygon","coordinates":[[[100.9716,13.8684],[100.971,13.8676],[100.9705,13.8676],[100.9705,13.8668],[100.9738,13.867],[100.9749,13.8665],[100.9768,13.8665],[100.9768,13.8648],[100.9799,13.8651],[100.9804,13.8656],[100.9802,13.8675],[100.9716,13.8684]]]}},{"type":"Feature","properties":{"kind":"flood","area_km2":0.218,"conf":"low","date":"2026-10-09"},"geometry":{"type":"Polygon","coordinates":[[[100.8112,13.7677],[100.8112,13.7666],[100.8093,13.7669],[100.8095,13.7658],[100.8079,13.7658],[100.8076,13.7647],[100.814,13.7628],[100.8145,13.7652],[100.8132,13.7663],[100.8118,13.7661],[100.8118,13.7666],[100.8123,13.7666],[100.8123,13.7674],[100.8112,13.7677]]]}},{"type":"Feature","properties":{"kind":"flood","area_km2":0.216,"conf":"low","date":"2026-10-09"},"geometry":{"type":"Polygon","coordinates":[[[100.9784,13.8583],[100.9784,13.8569],[100.9759,13.8567],[100.9756,13.8553],[100.9745,13.854],[100.9762,13.854],[100.9762,13.8548],[100.9776,13.8548],[100.9776,13.854],[100.9789,13.854],[100.9798,13.8534],[100.9795,13.8518],[100.975,13.8516],[100.9739,13.8521],[100.9739,13.851],[100.9764,13.8507],[100.98,13.8512],[100.9801,13.8542],[100.9795,13.8548],[100.9795,13.8561],[100.9787,13.8564],[100.9787,13.8569],[100.9795,13.8572],[100.9795,13.858],[100.9784,13.8583]]]}},{"type":"Feature","properties":{"kind":"flood","area_km2":0.215,"conf":"low","date":"2026-10-09"},"geometry":{"type":"Polygon","coordinates":[[[100.9856,13.9502],[100.985,13.9496],[100.9836,13.9499],[100.9834,13.9494],[100.9828,13.9494],[100.9828,13.9483],[100.9867,13.948],[100.987,13.9469],[100.9875,13.9469],[100.9875,13.9474],[100.9917,13.9471],[100.9911,13.9474],[100.9911,13.9479],[100.992,13.9482],[100.992,13.949],[100.9856,13.9502]]]}},{"type":"Feature","properties":{"kind":"flood","area_km2":0.214,"conf":"low","date":"2026-10-09"},"geometry":{"type":"Polygon","coordinates":[[[100.8022,13.9641],[100.8016,13.9635],[100.8003,13.9638],[100.7986,13.9633],[100.7966,13.9633],[100.7966,13.9622],[100.7975,13.9619],[100.7975,13.9627],[100.7991,13.9627],[100.7991,13.9622],[100.803,13.9624],[100.8036,13.9619],[100.8036,13.9605],[100.8041,13.9605],[100.8047,13.9592],[100.8052,13.9592],[100.8052,13.9578],[100.8066,13.9578],[100.8069,13.9583],[100.8055,13.9586],[100.8049,13.9602],[100.8055,13.96],[100.8055,13.9613],[100.8069,13.9616],[100.8069,13.9621],[100.8041,13.9621],[100.8041,13.963],[100.8052,13.9629],[100.8053,13.9638],[100.8022,13.9641]]]}},{"type":"Feature","properties":{"kind":"flood","area_km2":0.213,"conf":"low","date":"2026-10-09"},"geometry":{"type":"Polygon","coordinates":[[[100.8703,13.9394],[100.8664,13.9389],[100.8653,13.9392],[100.865,13.9381],[100.8683,13.9381],[100.8683,13.9375],[100.8678,13.9375],[100.8678,13.9359],[100.8725,13.9359],[100.8725,13.9367],[100.8714,13.9367],[100.8711,13.9372],[100.8714,13.9378],[100.8731,13.9378],[100.8728,13.9391],[100.8703,13.9394]]]}},{"type":"Feature","properties":{"kind":"flood","area_km2":0.212,"conf":"low","date":"2026-10-09"},"geometry":{"type":"Polygon","coordinates":[[[100.9451,13.8255],[100.9451,13.8244],[100.9446,13.8236],[100.944,13.8236],[100.9434,13.822],[100.9437,13.8214],[100.9443,13.8214],[100.9443,13.8198],[100.9429,13.8193],[100.9429,13.8179],[100.9417,13.8168],[100.9406,13.8166],[100.9406,13.815],[100.9414,13.8144],[100.9423,13.8144],[100.9439,13.8163],[100.9437,13.8185],[100.9445,13.819],[100.9445,13.8198],[100.9451,13.8198],[100.9454,13.8206],[100.9468,13.8217],[100.9465,13.8228],[100.9454,13.8225],[100.9451,13.8231],[100.9454,13.8239],[100.9451,13.8255]]]}},{"type":"Feature","properties":{"kind":"flood","area_km2":0.212,"conf":"low","date":"2026-10-09"},"geometry":{"type":"Polygon","coordinates":[[[100.9354,13.6488],[100.9329,13.6475],[100.932,13.6467],[100.932,13.6458],[100.9337,13.6453],[100.9348,13.6442],[100.9362,13.6442],[100.9381,13.6463],[100.9384,13.648],[100.9373,13.648],[100.937,13.6474],[100.9365,13.6474],[100.9362,13.6488],[100.9354,13.6488]]]}},{"type":"Feature","properties":{"kind":"flood","area_km2":0.211,"conf":"low","date":"2026-10-09"},"geometry":{"type":"Polygon","coordinates":[[[100.1812,13.8911],[100.1809,13.89],[100.1821,13.89],[100.1821,13.8895],[100.1807,13.8898],[100.1804,13.8906],[100.1796,13.8906],[100.1796,13.89],[100.179,13.8898],[100.1793,13.8881],[100.1829,13.8881],[100.1829,13.8895],[100.1845,13.8876],[100.1854,13.8876],[100.1857,13.8881],[100.1868,13.8884],[100.1865,13.89],[100.1857,13.89],[100.1854,13.8906],[100.1837,13.89],[100.1832,13.8903],[100.1832,13.8911],[100.1812,13.8911]]]}},{"type":"Feature","properties":{"kind":"flood","area_km2":0.21,"conf":"low","date":"2026-10-09"},"geometry":{"type":"Polygon","coordinates":[[[100.9938,13.9661],[100.9938,13.9653],[100.9943,13.9647],[100.9935,13.965],[100.9935,13.9639],[100.9921,13.9639],[100.9921,13.965],[100.9927,13.9653],[100.9904,13.9656],[100.9904,13.9623],[100.991,13.9623],[100.9912,13.961],[100.9935,13.9612],[100.9935,13.9617],[100.994,13.9617],[100.9943,13.9626],[100.9943,13.9639],[100.9949,13.9642],[100.9951,13.9625],[100.996,13.9625],[100.996,13.9647],[100.9954,13.965],[100.996,13.9658],[100.9949,13.9655],[100.9946,13.9661],[100.9938,13.9661]]]}},{"type":"Feature","properties":{"kind":"flood","area_km2":0.209,"conf":"low","date":"2026-10-09"},"geometry":{"type":"Polygon","coordinates":[[[100.1087,13.9956],[100.1084,13.9934],[100.1076,13.9932],[100.1076,13.9924],[100.1095,13.9926],[100.1095,13.9921],[100.1109,13.9921],[100.1112,13.9926],[100.1118,13.9926],[100.1126,13.9923],[100.1126,13.9912],[100.1137,13.9912],[100.1134,13.9931],[100.114,13.9934],[100.114,13.9945],[100.1132,13.9945],[100.1132,13.995],[100.1126,13.995],[100.1123,13.9956],[100.1087,13.9956]],[[100.1104,13.9945],[100.1107,13.9948],[100.1107,13.9945],[100.1104,13.9945]],[[100.1093,13.9945],[100.1104,13.9945],[100.1104,13.9942],[100.1093,13.994],[100.1093,13.9945]],[[100.1109,13.9942],[100.1112,13.9945],[100.1112,13.9942],[100.1109,13.9942]]]}},{"type":"Feature","properties":{"kind":"flood","area_km2":0.209,"conf":"low","date":"2026-10-09"},"geometry":{"type":"Polygon","coordinates":[[[100.8605,13.7578],[100.8589,13.7562],[100.8588,13.7554],[100.8622,13.7562],[100.8624,13.7551],[100.8641,13.7545],[100.8641,13.754],[100.8633,13.7535],[100.8635,13.7521],[100.8641,13.7521],[100.8641,13.7516],[100.8652,13.7516],[100.866,13.7524],[100.866,13.7545],[100.8649,13.7551],[100.8652,13.757],[100.8622,13.7565],[100.8622,13.7578],[100.8605,13.7578]]]}},{"type":"Feature","properties":{"kind":"flood","area_km2":0.208,"conf":"low","date":"2026-10-09"},"geometry":{"type":"Polygon","coordinates":[[[100.2357,14.0012],[100.2343,13.9991],[100.2343,13.998],[100.2337,13.998],[100.2337,13.9969],[100.2354,13.9963],[100.2359,13.9953],[100.237,13.9953],[100.2373,13.9977],[100.2379,13.998],[100.2384,14.0004],[100.2373,14.0004],[100.2368,14.0012],[100.2357,14.0012]]]}},{"type":"Feature","properties":{"kind":"flood","area_km2":0.207,"conf":"low","date":"2026-10-09"},"geometry":{"type":"Polygon","coordinates":[[[100.946,13.7607],[100.946,13.7593],[100.9468,13.7585],[100.9474,13.7585],[100.9476,13.7577],[100.9493,13.7574],[100.9496,13.7569],[100.9526,13.7555],[100.9529,13.7549],[100.9543,13.7547],[100.954,13.7563],[100.9529,13.7574],[100.9518,13.7577],[100.9512,13.7585],[100.9504,13.7585],[100.9499,13.759],[100.9499,13.7598],[100.9485,13.7596],[100.9474,13.7607],[100.946,13.7607]]]}},{"type":"Feature","properties":{"kind":"flood","area_km2":0.207,"conf":"low","date":"2026-10-09"},"geometry":{"type":"Polygon","coordinates":[[[100.0641,13.4571],[100.0641,13.4561],[100.063,13.4561],[100.0627,13.455],[100.0607,13.4547],[100.0607,13.4534],[100.0616,13.4534],[100.0616,13.4539],[100.0624,13.4539],[100.0624,13.4531],[100.0632,13.4534],[100.0629,13.4528],[100.0624,13.4528],[100.0624,13.4509],[100.0632,13.4504],[100.0643,13.4504],[100.0646,13.4509],[100.0646,13.4517],[100.0638,13.4523],[100.0638,13.4531],[100.066,13.4536],[100.0663,13.4544],[100.0663,13.4555],[100.0657,13.4558],[100.0655,13.4571],[100.0641,13.4571]],[[100.0627,13.455],[100.0632,13.4547],[100.0632,13.4542],[100.0627,13.4542],[100.0627,13.455]],[[100.0632,13.4534],[100.0635,13.4536],[100.0635,13.4534],[100.0632,13.4534]]]}},{"type":"Feature","properties":{"kind":"flood","area_km2":0.206,"conf":"low","date":"2026-10-09"},"geometry":{"type":"Polygon","coordinates":[[[100.8572,13.8305],[100.8561,13.83],[100.8561,13.8292],[100.8569,13.8289],[100.8564,13.8281],[100.8566,13.8265],[100.8586,13.8259],[100.8589,13.8272],[100.8614,13.8272],[100.8614,13.8297],[100.8589,13.8305],[100.8572,13.8305]],[[100.8592,13.8294],[100.8597,13.8291],[100.8594,13.8286],[100.8586,13.8289],[100.8592,13.8294]]]}},{"type":"Feature","properties":{"kind":"flood","area_km2":0.205,"conf":"low","date":"2026-10-09"},"geometry":{"type":"Polygon","coordinates":[[[100.9372,13.9104],[100.9372,13.9093],[100.935,13.9099],[100.935,13.9088],[100.9356,13.9085],[100.9344,13.9083],[100.9344,13.9075],[100.9361,13.9074],[100.9361,13.9069],[100.9389,13.9072],[100.9394,13.9069],[100.9394,13.9063],[100.9419,13.9066],[100.9419,13.9085],[100.9394,13.9082],[100.9395,13.9096],[100.9381,13.9099],[100.9381,13.9104],[100.9372,13.9104]]]}},{"type":"Feature","properties":{"kind":"flood","area_km2":0.204,"conf":"low","date":"2026-10-09"},"geometry":{"type":"Polygon","coordinates":[[[100.8725,13.828],[100.8722,13.8261],[100.8711,13.8258],[100.871,13.8239],[100.8721,13.8236],[100.8738,13.8244],[100.8741,13.8233],[100.876,13.8233],[100.876,13.8249],[100.8755,13.8252],[100.8758,13.8271],[100.8744,13.8279],[100.8725,13.828]],[[100.8722,13.8261],[100.873,13.8258],[100.873,13.8255],[100.8722,13.8255],[100.8722,13.8261]]]}},{"type":"Feature","properties":{"kind":"flood","area_km2":0.204,"conf":"low","date":"2026-10-09"},"geometry":{"type":"Polygon","coordinates":[[[100.914,13.7536],[100.9129,13.7525],[100.9132,13.7512],[100.9121,13.7512],[100.9109,13.7501],[100.9143,13.7493],[100.9143,13.7506],[100.9148,13.7506],[100.9168,13.7487],[100.9179,13.7493],[100.9182,13.7506],[100.9171,13.7512],[100.9171,13.7517],[100.9162,13.752],[100.9162,13.7525],[100.9157,13.7525],[100.9149,13.7536],[100.914,13.7536]]]}},{"type":"Feature","properties":{"kind":"flood","area_km2":0.203,"conf":"low","date":"2026-10-09"},"geometry":{"type":"Polygon","coordinates":[[[100.8737,13.7772],[100.8709,13.7773],[100.8709,13.7762],[100.8712,13.7767],[100.8726,13.7767],[100.8732,13.7759],[100.8731,13.7751],[100.8715,13.7751],[100.8717,13.7735],[100.8729,13.7732],[100.8728,13.7707],[100.8734,13.7707],[100.8734,13.7702],[100.8723,13.7705],[100.8725,13.7691],[100.8734,13.7683],[100.8759,13.7683],[100.8764,13.7688],[100.8764,13.7696],[100.8745,13.7694],[100.8742,13.771],[100.8737,13.771],[100.874,13.7732],[100.8745,13.7734],[100.8745,13.7743],[100.874,13.7743],[100.8743,13.7756],[100.8737,13.7756],[100.8737,13.7772]]]}},{"type":"Feature","properties":{"kind":"flood","area_km2":0.203,"conf":"low","date":"2026-10-09"},"geometry":{"type":"Polygon","coordinates":[[[100.9607,13.8568],[100.9601,13.8557],[100.9595,13.8557],[100.959,13.8549],[100.9592,13.8533],[100.9628,13.8533],[100.9628,13.8527],[100.9645,13.853],[100.9645,13.8549],[100.9629,13.8549],[100.9642,13.8552],[100.9645,13.8565],[100.9607,13.8568]]]}},{"type":"Feature","properties":{"kind":"flood","area_km2":0.202,"conf":"low","date":"2026-10-09"},"geometry":{"type":"Polygon","coordinates":[[[100.3495,13.8536],[100.3489,13.849],[100.3517,13.8487],[100.3528,13.8493],[100.3528,13.8506],[100.3515,13.8512],[100.3515,13.852],[100.3531,13.8514],[100.3531,13.8525],[100.354,13.8525],[100.354,13.8536],[100.3517,13.8531],[100.3509,13.8536],[100.3495,13.8536]]]}},{"type":"Feature","properties":{"kind":"flood","area_km2":0.2,"conf":"low","date":"2026-10-09"},"geometry":{"type":"Polygon","coordinates":[[[100.8298,13.9771],[100.8301,13.9758],[100.8295,13.9755],[100.8295,13.9744],[100.8298,13.975],[100.8314,13.975],[100.8314,13.9741],[100.8328,13.9739],[100.8356,13.9738],[100.8356,13.9749],[100.8342,13.9749],[100.8342,13.9755],[100.8387,13.9757],[100.8387,13.9765],[100.8362,13.9763],[100.8356,13.9768],[100.832,13.9766],[100.8315,13.9771],[100.8298,13.9771]],[[100.8326,13.9755],[100.8334,13.9758],[100.8334,13.9755],[100.8326,13.9755]]]}},{"type":"Feature","properties":{"kind":"flood","area_km2":0.2,"conf":"low","date":"2026-10-09"},"geometry":{"type":"Polygon","coordinates":[[[100.9701,13.6927],[100.9701,13.6916],[100.9709,13.6916],[100.9712,13.6908],[100.9704,13.6908],[100.9704,13.6895],[100.9698,13.6895],[100.9698,13.6884],[100.9692,13.6878],[100.9698,13.6878],[100.9698,13.6873],[100.9701,13.6878],[100.9714,13.6878],[100.9714,13.687],[100.9739,13.6864],[100.9742,13.6873],[100.975,13.6875],[100.9751,13.6883],[100.9742,13.6886],[100.9742,13.6894],[100.9734,13.6894],[100.9728,13.6897],[100.9729,13.6903],[100.9717,13.6905],[100.972,13.6922],[100.9701,13.6927]]]}},{"type":"Feature","properties":{"kind":"flood","area_km2":0.198,"conf":"low","date":"2026-10-09"},"geometry":{"type":"Polygon","coordinates":[[[100.9605,14.0005],[100.9605,13.9997],[100.9616,13.9997],[100.9616,13.9983],[100.9607,13.9981],[100.9652,13.9986],[100.9663,13.9991],[100.9699,13.9991],[100.9705,13.9996],[100.9713,13.9996],[100.9713,14.0004],[100.9605,14.0005]]]}},{"type":"Feature","properties":{"kind":"flood","area_km2":0.197,"conf":"low","date":"2026-10-09"},"geometry":{"type":"Polygon","coordinates":[[[100.949,13.8558],[100.949,13.8528],[100.9498,13.8526],[100.9498,13.8531],[100.9509,13.8539],[100.9548,13.8539],[100.9548,13.8528],[100.9565,13.8528],[100.9567,13.8517],[100.9568,13.8547],[100.9562,13.8552],[100.9537,13.8552],[100.9532,13.8558],[100.949,13.8558]]]}},{"type":"Feature","properties":{"kind":"flood","area_km2":0.197,"conf":"low","date":"2026-10-09"},"geometry":{"type":"Polygon","coordinates":[[[100.9156,13.81],[100.9148,13.8089],[100.9148,13.8084],[100.9153,13.8084],[100.9153,13.8059],[100.9142,13.8059],[100.9142,13.8054],[100.915,13.8043],[100.9164,13.8043],[100.9178,13.8059],[100.9186,13.8078],[100.9195,13.8081],[100.9195,13.8086],[100.92,13.8089],[100.92,13.8097],[100.9178,13.8097],[100.917,13.8081],[100.9159,13.8076],[100.9156,13.8081],[100.9164,13.8089],[100.9164,13.81],[100.9156,13.81]]]}},{"type":"Feature","properties":{"kind":"flood","area_km2":0.196,"conf":"low","date":"2026-10-09"},"geometry":{"type":"Polygon","coordinates":[[[100.8528,13.6904],[100.8522,13.6887],[100.8539,13.6887],[100.8539,13.6882],[100.8547,13.6882],[100.8547,13.6876],[100.853,13.6874],[100.853,13.6866],[100.8511,13.6866],[100.8505,13.6855],[100.85,13.6861],[100.8491,13.6861],[100.8491,13.685],[100.8483,13.6847],[100.8483,13.6839],[100.8491,13.6839],[100.8494,13.6844],[100.8511,13.6839],[100.8511,13.6844],[100.8505,13.6844],[100.8505,13.685],[100.8511,13.685],[100.8511,13.6858],[100.8522,13.6858],[100.8519,13.6847],[100.8536,13.6849],[100.8536,13.686],[100.8547,13.6863],[100.855,13.6876],[100.8553,13.6871],[100.8564,13.6871],[100.8564,13.6879],[100.8572,13.6879],[100.8572,13.6887],[100.8555,13.689],[100.8555,13.6884],[100.855,13.6885],[100.855,13.6898],[100.8536,13.6898],[100.8536,13.6904],[100.8528,13.6904]]]}},{"type":"Feature","properties":{"kind":"flood","area_km2":0.195,"conf":"low","date":"2026-10-09"},"geometry":{"type":"Polygon","coordinates":[[[100.9612,13.7592],[100.9612,13.7584],[100.9632,13.7573],[100.9637,13.7565],[100.9643,13.7565],[100.9645,13.7548],[100.9653,13.7546],[100.9662,13.7535],[100.9681,13.7529],[100.9684,13.7537],[100.9689,13.7537],[100.969,13.7543],[100.9678,13.7551],[100.9679,13.7559],[100.9673,13.7559],[100.9673,13.7567],[100.9662,13.7567],[100.9657,13.7575],[100.9645,13.7576],[100.9637,13.7584],[100.9612,13.7592]]]}},{"type":"Feature","properties":{"kind":"flood","area_km2":0.194,"conf":"low","date":"2026-10-09"},"geometry":{"type":"Polygon","coordinates":[[[100.3868,13.9991],[100.3867,13.9982],[100.3879,13.9977],[100.3873,13.9958],[100.3884,13.9942],[100.3892,13.9942],[100.3898,13.9963],[100.3912,13.9963],[100.3915,13.9958],[100.392,13.9958],[100.3928,13.9941],[100.3939,13.9944],[100.3934,13.9966],[100.3906,13.9979],[100.3895,13.998],[100.389,13.9985],[100.3868,13.9991]]]}},{"type":"Feature","properties":{"kind":"flood","area_km2":0.194,"conf":"low","date":"2026-10-09"},"geometry":{"type":"Polygon","coordinates":[[[100.7621,13.9844],[100.7618,13.9831],[100.7601,13.9828],[100.7596,13.9833],[100.7582,13.9834],[100.7576,13.9831],[100.7576,13.9825],[100.7568,13.9826],[100.7568,13.9831],[100.7554,13.9831],[100.7551,13.982],[100.7557,13.9817],[100.7557,13.9812],[100.7604,13.9812],[100.7604,13.9823],[100.7618,13.9822],[100.7615,13.9809],[100.7635,13.9812],[100.7638,13.9841],[100.7621,13.9844]]]}},{"type":"Feature","properties":{"kind":"flood","area_km2":0.194,"conf":"low","date":"2026-10-09"},"geometry":{"type":"Polygon","coordinates":[[[100.9103,13.9811],[100.9103,13.9803],[100.9076,13.9803],[100.9062,13.9809],[100.9056,13.9809],[100.9056,13.9803],[100.9045,13.9804],[100.9042,13.9809],[100.9039,13.9793],[100.9028,13.9793],[100.9028,13.9785],[100.9039,13.9785],[100.9039,13.979],[100.9062,13.979],[100.9062,13.9782],[100.9067,13.9782],[100.9073,13.9784],[100.9073,13.9792],[100.9081,13.9792],[100.9081,13.9784],[100.9092,13.9784],[100.9092,13.9792],[100.9095,13.9787],[100.9106,13.9787],[100.9106,13.9792],[100.9112,13.9792],[100.9112,13.9787],[100.9123,13.9787],[100.9126,13.9803],[100.9112,13.9803],[100.9112,13.9811],[100.9103,13.9811]]]}},{"type":"Feature","properties":{"kind":"flood","area_km2":0.194,"conf":"low","date":"2026-10-09"},"geometry":{"type":"Polygon","coordinates":[[[101.0051,13.956],[101.0034,13.9557],[101.0034,13.9549],[101.0045,13.9546],[101.0045,13.9538],[101.0031,13.9541],[101.0031,13.9533],[101.0042,13.9516],[101.0036,13.9484],[101.0047,13.9484],[101.0047,13.9476],[101.0058,13.9475],[101.0064,13.9508],[101.0059,13.9508],[101.0059,13.9513],[101.0053,13.9516],[101.0053,13.953],[101.0056,13.9538],[101.0062,13.9538],[101.0062,13.9549],[101.0053,13.9549],[101.0051,13.956]]]}},{"type":"Feature","properties":{"kind":"flood","area_km2":0.194,"conf":"low","date":"2026-10-09"},"geometry":{"type":"Polygon","coordinates":[[[100.2633,13.8262],[100.2628,13.8253],[100.2611,13.8254],[100.2611,13.8237],[100.263,13.8232],[100.2633,13.8221],[100.2639,13.8221],[100.2639,13.8202],[100.2644,13.8196],[100.2655,13.8196],[100.2653,13.8259],[100.2633,13.8262]]]}},{"type":"Feature","properties":{"kind":"flood","area_km2":0.193,"conf":"low","date":"2026-10-09"},"geometry":{"type":"Polygon","coordinates":[[[100.9004,13.7098],[100.8984,13.7098],[100.8984,13.709],[100.899,13.7085],[100.9003,13.7084],[100.9003,13.7076],[100.9012,13.7076],[100.9014,13.7071],[100.9023,13.7071],[100.9023,13.7079],[100.9028,13.7079],[100.9031,13.7073],[100.9042,13.7073],[100.9042,13.7062],[100.9059,13.7057],[100.9059,13.7049],[100.9075,13.7049],[100.9081,13.7054],[100.9081,13.7068],[100.9076,13.7073],[100.9042,13.7076],[100.904,13.7084],[100.9031,13.7084],[100.902,13.7095],[100.9012,13.7095],[100.9012,13.7087],[100.9004,13.7087],[100.9004,13.7098]],[[100.902,13.7079],[100.9023,13.7082],[100.9023,13.7079],[100.902,13.7079]]]}},{"type":"Feature","properties":{"kind":"flood","area_km2":0.192,"conf":"high","date":"2026-10-09"},"geometry":{"type":"Polygon","coordinates":[[[100.9294,13.7736],[100.9292,13.7725],[100.9286,13.7725],[100.9283,13.7717],[100.9278,13.7717],[100.9278,13.7703],[100.9269,13.7703],[100.9266,13.7698],[100.9266,13.7687],[100.9283,13.7679],[100.9286,13.7668],[100.9302,13.7668],[100.9305,13.7679],[100.9297,13.7681],[100.928,13.7703],[100.9291,13.77],[100.9294,13.7692],[100.9302,13.7689],[100.9311,13.7689],[100.9314,13.7698],[100.9311,13.7711],[100.9294,13.7717],[100.9294,13.7722],[100.9303,13.7722],[100.9308,13.7727],[100.9308,13.7736],[100.9294,13.7736]],[[100.9286,13.7714],[100.9294,13.7714],[100.9294,13.7709],[100.9289,13.7709],[100.9286,13.7714]],[[100.9297,13.7703],[100.9303,13.7703],[100.9302,13.7698],[100.93,13.7698],[100.9297,13.7703]]]}},{"type":"Feature","properties":{"kind":"flood","area_km2":0.192,"conf":"low","date":"2026-10-09"},"geometry":{"type":"Polygon","coordinates":[[[100.9881,13.7238],[100.9873,13.7229],[100.9873,13.7219],[100.9867,13.7219],[100.9867,13.7229],[100.9859,13.723],[100.9848,13.7222],[100.9853,13.7205],[100.9878,13.7205],[100.9881,13.721],[100.9883,13.7191],[100.9895,13.7191],[100.9903,13.7218],[100.9917,13.7218],[100.9917,13.721],[100.992,13.7218],[100.9928,13.7218],[100.992,13.7234],[100.9903,13.7235],[100.9898,13.7229],[100.9889,13.7237],[100.9881,13.7238]],[[100.9878,13.7232],[100.9892,13.7229],[100.9892,13.7216],[100.9878,13.7216],[100.9878,13.7232]]]}},{"type":"Feature","properties":{"kind":"flood","area_km2":0.192,"conf":"low","date":"2026-10-09"},"geometry":{"type":"Polygon","coordinates":[[[100.933,13.6355],[100.933,13.6344],[100.9344,13.6342],[100.9344,13.6328],[100.9333,13.6328],[100.9333,13.6323],[100.9327,13.6323],[100.9327,13.6331],[100.9319,13.6331],[100.9319,13.6317],[100.933,13.6309],[100.9347,13.6314],[100.9349,13.6309],[100.9372,13.6306],[100.9372,13.6314],[100.9377,13.6314],[100.9377,13.6322],[100.9372,13.6322],[100.9372,13.6328],[100.9383,13.6328],[100.9383,13.6336],[100.9372,13.6336],[100.9369,13.6341],[100.9347,13.6347],[100.9347,13.6355],[100.933,13.6355]],[[100.9352,13.6328],[100.9361,13.6328],[100.9363,13.632],[100.9352,13.632],[100.9352,13.6328]]]}},{"type":"Feature","properties":{"kind":"flood","area_km2":0.191,"conf":"low","date":"2026-10-09"},"geometry":{"type":"Polygon","coordinates":[[[100.2784,13.9487],[100.2782,13.9481],[100.2751,13.9484],[100.2751,13.9476],[100.2759,13.947],[100.2765,13.946],[100.2773,13.946],[100.2784,13.9451],[100.2804,13.9451],[100.2812,13.9443],[100.2826,13.9443],[100.2826,13.9451],[100.2806,13.9465],[100.2812,13.9481],[100.2784,13.9487]],[[100.2782,13.9476],[100.2795,13.9473],[100.2795,13.9462],[100.2781,13.9462],[100.2782,13.9476]]]}},{"type":"Feature","properties":{"kind":"flood","area_km2":0.191,"conf":"low","date":"2026-10-09"},"geometry":{"type":"Polygon","coordinates":[[[100.9753,13.6835],[100.9736,13.6835],[100.9736,13.6821],[100.9744,13.6816],[100.9747,13.6799],[100.9753,13.6797],[100.9758,13.6778],[100.9775,13.6777],[100.9775,13.6788],[100.9764,13.6791],[100.9769,13.6805],[100.9775,13.6802],[100.9783,13.678],[100.9789,13.678],[100.9778,13.6802],[100.9778,13.6821],[100.9769,13.6826],[100.977,13.6834],[100.9761,13.6834],[100.9761,13.6824],[100.9756,13.6824],[100.9753,13.6835]]]}},{"type":"Feature","properties":{"kind":"flood","area_km2":0.191,"conf":"low","date":"2026-10-09"},"geometry":{"type":"Polygon","coordinates":[[[100.8283,13.5661],[100.828,13.5647],[100.8263,13.565],[100.8263,13.5631],[100.8268,13.5626],[100.8277,13.5626],[100.8277,13.562],[100.8307,13.562],[100.8315,13.5612],[100.834,13.5614],[100.834,13.5623],[100.8329,13.5625],[100.8321,13.5636],[100.8307,13.5636],[100.8302,13.5631],[100.8282,13.5628],[100.8285,13.5647],[100.8305,13.5645],[100.8305,13.5653],[100.8294,13.5653],[100.8294,13.5661],[100.8283,13.5661]]]}},{"type":"Feature","properties":{"kind":"flood","area_km2":0.19,"conf":"low","date":"2026-10-09"},"geometry":{"type":"Polygon","coordinates":[[[100.8092,13.8347],[100.8092,13.8339],[100.8098,13.8336],[100.8081,13.8336],[100.8076,13.832],[100.8092,13.832],[100.8095,13.8306],[100.8098,13.8317],[100.8117,13.8317],[100.8117,13.8306],[100.8125,13.8306],[100.8142,13.8298],[100.8145,13.8292],[100.8167,13.8292],[100.8167,13.83],[100.8153,13.83],[100.8145,13.8306],[100.8145,13.8319],[100.8134,13.8325],[100.8115,13.8325],[100.8112,13.833],[100.8106,13.833],[100.8106,13.8344],[100.8092,13.8347]]]}},{"type":"Feature","properties":{"kind":"flood","area_km2":0.189,"conf":"low","date":"2026-10-09"},"geometry":{"type":"Polygon","coordinates":[[[100.9975,13.7793],[100.9966,13.7784],[100.9955,13.7782],[100.9955,13.7774],[100.9969,13.7771],[100.9966,13.776],[100.9955,13.7749],[100.9957,13.7733],[100.9971,13.7736],[100.9977,13.7749],[100.998,13.7744],[100.9988,13.7744],[100.9999,13.7763],[100.9997,13.7776],[100.9988,13.7776],[100.9988,13.7792],[100.9975,13.7793]],[[100.9983,13.7773],[100.9985,13.7776],[100.9985,13.7773],[100.9983,13.7773]],[[100.9974,13.7768],[100.9983,13.7768],[100.9974,13.7757],[100.9974,13.7768]]]}},{"type":"Feature","properties":{"kind":"flood","area_km2":0.188,"conf":"low","date":"2026-10-09"},"geometry":{"type":"Polygon","coordinates":[[[100.867,13.7757],[100.8668,13.7746],[100.8659,13.7743],[100.8659,13.7727],[100.8665,13.7716],[100.8664,13.77],[100.8673,13.7689],[100.8673,13.7678],[100.8686,13.7675],[100.8678,13.7678],[100.8678,13.7686],[100.8692,13.7686],[100.8695,13.7681],[100.8695,13.7689],[100.8687,13.7691],[100.8684,13.7705],[100.869,13.771],[100.869,13.7724],[100.8684,13.7729],[100.8679,13.7757],[100.867,13.7757]]]}},{"type":"Feature","properties":{"kind":"flood","area_km2":0.186,"conf":"low","date":"2026-10-09"},"geometry":{"type":"Polygon","coordinates":[[[100.2581,13.9385],[100.2581,13.9371],[100.2592,13.9371],[100.2592,13.9366],[100.2578,13.9368],[100.2581,13.9358],[100.2598,13.9349],[100.2609,13.9349],[100.2611,13.9344],[100.2617,13.9344],[100.2617,13.9338],[100.2625,13.9338],[100.2628,13.933],[100.2639,13.9333],[100.2639,13.9338],[100.2645,13.9341],[100.2645,13.9349],[100.2639,13.9354],[100.2634,13.9355],[100.2606,13.9376],[100.2595,13.9379],[100.2592,13.9385],[100.2581,13.9385]],[[100.2606,13.9357],[100.2609,13.9363],[100.2609,13.9357],[100.2606,13.9357]],[[100.262,13.9352],[100.2625,13.9352],[100.2628,13.9346],[100.262,13.9346],[100.262,13.9352]]]}},{"type":"Feature","properties":{"kind":"flood","area_km2":0.185,"conf":"low","date":"2026-10-09"},"geometry":{"type":"Polygon","coordinates":[[[100.9002,13.7535],[100.8996,13.7529],[100.8996,13.7513],[100.9018,13.7496],[100.9018,13.7491],[100.9001,13.7488],[100.9001,13.7478],[100.9012,13.7467],[100.902,13.7467],[100.9034,13.748],[100.9037,13.7491],[100.9051,13.7493],[100.9051,13.7504],[100.9032,13.7515],[100.9026,13.7529],[100.9021,13.7529],[100.9018,13.7521],[100.9032,13.751],[100.9032,13.7496],[100.9023,13.7496],[100.9024,13.7502],[100.9012,13.7505],[100.9012,13.7513],[100.9004,13.7513],[100.901,13.7534],[100.9002,13.7535]],[[100.9018,13.7483],[100.9021,13.7486],[100.9021,13.7483],[100.9018,13.7483]]]}},{"type":"Feature","properties":{"kind":"flood","area_km2":0.184,"conf":"low","date":"2026-10-09"},"geometry":{"type":"Polygon","coordinates":[[[100.9097,13.7968],[100.9091,13.796],[100.9072,13.7949],[100.9071,13.7938],[100.9085,13.7924],[100.9093,13.7924],[100.9093,13.7916],[100.9102,13.7916],[100.9105,13.793],[100.9119,13.7935],[100.9121,13.7948],[100.9113,13.7954],[100.9108,13.7968],[100.9097,13.7968]]]}},{"type":"Feature","properties":{"kind":"flood","area_km2":0.18,"conf":"low","date":"2026-10-09"},"geometry":{"type":"Polygon","coordinates":[[[100.1732,13.8898],[100.1726,13.8893],[100.1729,13.8855],[100.1737,13.8855],[100.1754,13.8865],[100.1765,13.8865],[100.1768,13.8857],[100.1776,13.8857],[100.1773,13.8884],[100.1765,13.8884],[100.1759,13.8892],[100.1732,13.8898]]]}},{"type":"Feature","properties":{"kind":"flood","area_km2":0.179,"conf":"low","date":"2026-10-09"},"geometry":{"type":"Polygon","coordinates":[[[100.8911,13.8744],[100.8903,13.8709],[100.8903,13.869],[100.8911,13.869],[100.8911,13.8682],[100.8917,13.8679],[100.8917,13.869],[100.8925,13.869],[100.8922,13.8709],[100.8928,13.8704],[100.8936,13.8704],[100.8945,13.8731],[100.8925,13.8725],[100.8925,13.8731],[100.8934,13.8736],[100.8934,13.8744],[100.8911,13.8744]],[[100.8914,13.8736],[100.8917,13.8739],[100.8917,13.8736],[100.8914,13.8736]]]}},{"type":"Feature","properties":{"kind":"flood","area_km2":0.178,"conf":"low","date":"2026-10-09"},"geometry":{"type":"Polygon","coordinates":[[[100.994,13.9542],[100.992,13.9536],[100.992,13.9528],[100.9914,13.9525],[100.9912,13.9515],[100.9906,13.9515],[100.9903,13.9501],[100.9928,13.9496],[100.9928,13.9479],[100.9933,13.9477],[100.9933,13.9471],[100.9942,13.9471],[100.9942,13.9528],[100.994,13.9542]],[[100.9925,13.952],[100.9931,13.952],[100.9928,13.9512],[100.9925,13.9512],[100.9925,13.952]]]}},{"type":"Feature","properties":{"kind":"flood","area_km2":0.178,"conf":"low","date":"2026-10-09"},"geometry":{"type":"Polygon","coordinates":[[[100.2723,13.8497],[100.2712,13.8492],[100.2712,13.8481],[100.2701,13.8481],[100.2701,13.8492],[100.2693,13.8492],[100.269,13.8476],[100.2707,13.8475],[100.2707,13.847],[100.2687,13.847],[100.2676,13.8465],[100.267,13.8454],[100.2676,13.8454],[100.2676,13.8459],[100.2695,13.8459],[100.2701,13.8465],[100.2709,13.8465],[100.2712,13.8473],[100.2718,13.8473],[100.2718,13.8478],[100.2726,13.8478],[100.2726,13.8451],[100.2734,13.8451],[100.2743,13.8459],[100.2745,13.8473],[100.2734,13.8475],[100.2732,13.8481],[100.2743,13.8481],[100.2746,13.8497],[100.2723,13.8497]]]}},{"type":"Feature","properties":{"kind":"flood","area_km2":0.178,"conf":"low","date":"2026-10-09"},"geometry":{"type":"Polygon","coordinates":[[[100.0942,13.4405],[100.0931,13.4394],[100.0931,13.4383],[100.0945,13.4383],[100.0942,13.4361],[100.0936,13.4361],[100.0939,13.4348],[100.095,13.4348],[100.0958,13.4337],[100.0964,13.4337],[100.0967,13.4342],[100.0958,13.4342],[100.0958,13.4356],[100.0972,13.4356],[100.0972,13.4342],[100.098,13.4342],[100.098,13.4326],[100.0991,13.4326],[100.0986,13.4342],[100.098,13.4345],[100.0975,13.4369],[100.097,13.4372],[100.097,13.4383],[100.095,13.4386],[100.0947,13.4391],[100.0948,13.4402],[100.0959,13.4405],[100.0942,13.4405]],[[100.0934,13.4386],[100.0936,13.4391],[100.0936,13.4386],[100.0934,13.4386]],[[100.0947,13.4378],[100.0961,13.4378],[100.0961,13.4364],[100.095,13.4364],[100.0947,13.4378]],[[100.0942,13.4359],[100.0947,13.4359],[100.0947,13.4353],[100.0942,13.4353],[100.0942,13.4359]]]}},{"type":"Feature","properties":{"kind":"flood","area_km2":0.177,"conf":"low","date":"2026-10-09"},"geometry":{"type":"Polygon","coordinates":[[[100.8692,13.972],[100.8692,13.9711],[100.8678,13.9706],[100.8678,13.9695],[100.873,13.9695],[100.8753,13.9689],[100.8772,13.9692],[100.8772,13.97],[100.875,13.9703],[100.8739,13.9708],[100.8739,13.9716],[100.8714,13.9709],[100.87,13.9711],[100.87,13.9719],[100.8692,13.972]]]}},{"type":"Feature","properties":{"kind":"flood","area_km2":0.177,"conf":"low","date":"2026-10-09"},"geometry":{"type":"Polygon","coordinates":[[[100.9115,13.514],[100.9113,13.5134],[100.9102,13.5134],[100.9096,13.5129],[100.9096,13.5118],[100.909,13.5118],[100.909,13.5105],[100.9082,13.5102],[100.9082,13.5088],[100.909,13.5088],[100.9093,13.5104],[100.911,13.5104],[100.9104,13.5094],[100.9118,13.5093],[100.9121,13.508],[100.9132,13.5077],[100.9132,13.5085],[100.9123,13.5085],[100.9123,13.5093],[100.914,13.5093],[100.914,13.5104],[100.9135,13.5104],[100.9135,13.5112],[100.9115,13.5118],[100.9115,13.5131],[100.9129,13.5134],[100.9132,13.5129],[100.9132,13.5137],[100.9115,13.514]],[[100.9107,13.5115],[100.9113,13.5121],[100.9112,13.5115],[100.9107,13.5115]],[[100.9099,13.5113],[100.9101,13.5115],[100.9101,13.5113],[100.9099,13.5113]],[[100.9118,13.5104],[100.9123,13.5104],[100.9123,13.5093],[100.9118,13.5096],[100.9118,13.5104]]]}},{"type":"Feature","properties":{"kind":"flood","area_km2":0.176,"conf":"low","date":"2026-10-09"},"geometry":{"type":"Polygon","coordinates":[[[100.1493,13.8856],[100.149,13.8834],[100.1462,13.884],[100.1462,13.8831],[100.1468,13.8826],[100.1487,13.8823],[100.1512,13.8826],[100.1515,13.8807],[100.1526,13.8807],[100.1529,13.8826],[100.152,13.8837],[100.1521,13.885],[100.1493,13.8856]]]}},{"type":"Feature","properties":{"kind":"flood","area_km2":0.176,"conf":"low","date":"2026-10-09"},"geometry":{"type":"Polygon","coordinates":[[[100.9833,13.7422],[100.9816,13.7403],[100.9816,13.7384],[100.9802,13.7371],[100.9796,13.7371],[100.9799,13.736],[100.9813,13.7363],[100.9816,13.7357],[100.9827,13.7357],[100.9827,13.7365],[100.9838,13.7373],[100.9835,13.7387],[100.983,13.7392],[100.9841,13.7403],[100.9846,13.7403],[100.9847,13.7414],[100.9841,13.7422],[100.9833,13.7422]],[[100.983,13.7414],[100.9833,13.7417],[100.9833,13.7414],[100.983,13.7414]]]}},{"type":"Feature","properties":{"kind":"flood","area_km2":0.176,"conf":"low","date":"2026-10-09"},"geometry":{"type":"Polygon","coordinates":[[[100.0957,13.466],[100.0943,13.4649],[100.0949,13.4622],[100.0937,13.4622],[100.0932,13.4611],[100.0921,13.4611],[100.0921,13.4592],[100.0929,13.4592],[100.094,13.4603],[100.0962,13.4611],[100.0971,13.4643],[100.0965,13.466],[100.0957,13.466]],[[100.0957,13.4643],[100.0962,13.4641],[100.0962,13.4635],[100.0957,13.4638],[100.0957,13.4643]]]}},{"type":"Feature","properties":{"kind":"flood","area_km2":0.175,"conf":"low","date":"2026-10-09"},"geometry":{"type":"Polygon","coordinates":[[[100.1666,13.9633],[100.166,13.9628],[100.1641,13.9631],[100.1641,13.9623],[100.1647,13.962],[100.1644,13.9598],[100.1655,13.9595],[100.1655,13.9582],[100.1649,13.9579],[100.1655,13.9579],[100.166,13.9565],[100.1674,13.9563],[100.1674,13.9579],[100.1669,13.9579],[100.1669,13.959],[100.1663,13.959],[100.166,13.9598],[100.1666,13.9601],[100.1666,13.9617],[100.1677,13.9606],[100.1685,13.9606],[100.1685,13.9617],[100.1674,13.9617],[100.1674,13.9631],[100.168,13.9633],[100.1666,13.9633]]]}},{"type":"Feature","properties":{"kind":"flood","area_km2":0.174,"conf":"low","date":"2026-10-09"},"geometry":{"type":"Polygon","coordinates":[[[100.9057,13.7577],[100.9057,13.7564],[100.9043,13.7572],[100.9035,13.7572],[100.9024,13.7559],[100.901,13.7559],[100.9007,13.7548],[100.9021,13.7551],[100.9021,13.7556],[100.9035,13.7556],[100.9038,13.7551],[100.9066,13.7553],[100.9071,13.7542],[100.9096,13.7558],[100.9096,13.7566],[100.9074,13.7572],[100.9068,13.7577],[100.9057,13.7577]]]}},{"type":"Feature","properties":{"kind":"flood","area_km2":0.174,"conf":"low","date":"2026-10-09"},"geometry":{"type":"Polygon","coordinates":[[[100.9107,13.5183],[100.9094,13.517],[100.9071,13.5164],[100.9066,13.5159],[100.9066,13.5151],[100.9077,13.5148],[100.9079,13.514],[100.9068,13.5137],[100.9063,13.5151],[100.9041,13.5154],[100.9041,13.5146],[100.9055,13.5143],[100.9057,13.5135],[100.9068,13.5129],[100.9068,13.5121],[100.9079,13.5118],[100.9079,13.5113],[100.9082,13.5126],[100.9088,13.5132],[100.9085,13.5148],[100.9093,13.5148],[100.9093,13.5153],[100.9085,13.5153],[100.9085,13.5164],[100.9113,13.5167],[100.9119,13.5183],[100.9107,13.5183]]]}},{"type":"Feature","properties":{"kind":"flood","area_km2":0.172,"conf":"low","date":"2026-10-09"},"geometry":{"type":"Polygon","coordinates":[[[100.9309,13.6453],[100.9306,13.6421],[100.9325,13.641],[100.9325,13.6399],[100.9336,13.6399],[100.9336,13.6412],[100.9345,13.6415],[100.9348,13.6436],[100.9317,13.6453],[100.9309,13.6453]]]}},{"type":"Feature","properties":{"kind":"flood","area_km2":0.171,"conf":"low","date":"2026-10-09"},"geometry":{"type":"Polygon","coordinates":[[[100.9397,14.0007],[100.9396,13.9988],[100.938,13.9985],[100.938,13.9977],[100.9391,13.9977],[100.9391,13.9963],[100.941,13.9969],[100.9416,13.9977],[100.9432,13.9977],[100.9438,13.9979],[100.9438,13.9985],[100.9455,13.9987],[100.9455,13.9998],[100.9444,13.9998],[100.9444,13.9993],[100.9441,13.9998],[100.9424,13.9998],[100.9424,13.9993],[100.9416,13.999],[100.9408,13.9993],[100.9408,14.0007],[100.9397,14.0007]]]}},{"type":"Feature","properties":{"kind":"flood","area_km2":0.171,"conf":"low","date":"2026-10-09"},"geometry":{"type":"Polygon","coordinates":[[[100.9032,13.9928],[100.9035,13.9912],[100.9015,13.9912],[100.9015,13.9904],[100.9035,13.9904],[100.904,13.9898],[100.904,13.989],[100.9076,13.989],[100.9076,13.9898],[100.9049,13.9901],[100.9046,13.9909],[100.9052,13.9915],[100.906,13.9915],[100.9065,13.9912],[100.9065,13.9906],[100.9074,13.9906],[100.9079,13.992],[100.909,13.992],[100.909,13.9928],[100.9032,13.9928]]]}},{"type":"Feature","properties":{"kind":"flood","area_km2":0.171,"conf":"low","date":"2026-10-09"},"geometry":{"type":"Polygon","coordinates":[[[100.8472,13.9366],[100.8472,13.9344],[100.8444,13.9342],[100.8444,13.935],[100.8425,13.935],[100.8425,13.9342],[100.8436,13.9342],[100.8436,13.9336],[100.845,13.9336],[100.8461,13.9331],[100.8469,13.9331],[100.8472,13.9339],[100.848,13.9339],[100.848,13.9333],[100.8486,13.9331],[100.8517,13.9333],[100.8517,13.936],[100.8503,13.935],[100.8489,13.935],[100.8489,13.9358],[100.8475,13.9355],[100.8475,13.9363],[100.8481,13.9366],[100.8472,13.9366]]]}},{"type":"Feature","properties":{"kind":"flood","area_km2":0.171,"conf":"low","date":"2026-10-09"},"geometry":{"type":"Polygon","coordinates":[[[100.816,13.7403],[100.816,13.7394],[100.8154,13.7389],[100.8154,13.7367],[100.8149,13.7348],[100.8176,13.7351],[100.8176,13.7362],[100.8182,13.7364],[100.8182,13.7378],[100.8188,13.7383],[100.8185,13.7397],[100.816,13.7403]]]}},{"type":"Feature","properties":{"kind":"flood","area_km2":0.17,"conf":"low","date":"2026-10-09"},"geometry":{"type":"Polygon","coordinates":[[[100.8314,13.6509],[100.8314,13.6499],[100.8319,13.6493],[100.8331,13.6493],[100.8331,13.6488],[100.8319,13.6485],[100.8322,13.6471],[100.8314,13.6466],[100.8311,13.6444],[100.8302,13.6442],[100.8305,13.6428],[100.8316,13.6428],[100.833,13.6455],[100.833,13.6466],[100.8339,13.6474],[100.8339,13.6485],[100.8344,13.649],[100.8342,13.6504],[100.8314,13.6509]]]}},{"type":"Feature","properties":{"kind":"flood","area_km2":0.169,"conf":"low","date":"2026-10-09"},"geometry":{"type":"Polygon","coordinates":[[[100.828,13.998],[100.8277,13.9975],[100.8258,13.9975],[100.8258,13.9967],[100.828,13.9964],[100.828,13.9959],[100.8249,13.9962],[100.8247,13.9972],[100.8222,13.997],[100.8222,13.9959],[100.8241,13.9962],[100.8241,13.9956],[100.8247,13.9956],[100.8249,13.9943],[100.8255,13.9942],[100.8258,13.9956],[100.8305,13.9953],[100.8308,13.9942],[100.831,13.9958],[100.8299,13.9958],[100.8297,13.9975],[100.8291,13.998],[100.828,13.998]]]}},{"type":"Feature","properties":{"kind":"flood","area_km2":0.169,"conf":"low","date":"2026-10-09"},"geometry":{"type":"Polygon","coordinates":[[[100.9498,13.9873],[100.9498,13.9862],[100.9473,13.986],[100.9473,13.9852],[100.9481,13.9846],[100.9492,13.9846],[100.9504,13.9854],[100.9542,13.9857],[100.9542,13.9846],[100.9556,13.9846],[100.9556,13.9854],[100.9581,13.9854],[100.9556,13.9862],[100.9556,13.9873],[100.9529,13.9873],[100.9529,13.9862],[100.9506,13.9862],[100.9506,13.987],[100.9512,13.9873],[100.9498,13.9873]]]}},{"type":"Feature","properties":{"kind":"flood","area_km2":0.169,"conf":"low","date":"2026-10-09"},"geometry":{"type":"Polygon","coordinates":[[[100.1074,13.9503],[100.1052,13.9501],[100.1052,13.9495],[100.106,13.9495],[100.106,13.9482],[100.1046,13.9479],[100.104,13.9484],[100.1027,13.9484],[100.1021,13.9479],[100.1021,13.9465],[100.1029,13.9465],[100.1032,13.9471],[100.1038,13.9468],[100.1038,13.9476],[100.1063,13.9476],[100.1063,13.9484],[100.1077,13.9484],[100.1074,13.9465],[100.1082,13.9471],[100.1104,13.9473],[100.1102,13.9489],[100.1074,13.9503]]]}},{"type":"Feature","properties":{"kind":"flood","area_km2":0.169,"conf":"low","date":"2026-10-09"},"geometry":{"type":"Polygon","coordinates":[[[100.2969,13.8292],[100.2969,13.8276],[100.2964,13.8265],[100.2963,13.8211],[100.2972,13.8211],[100.2974,13.8225],[100.298,13.8224],[100.298,13.8216],[100.2991,13.8219],[100.2991,13.8238],[100.2975,13.8241],[100.2983,13.8254],[100.298,13.8292],[100.2969,13.8292]],[[100.2972,13.8238],[100.2975,13.8241],[100.2975,13.8238],[100.2972,13.8238]]]}},{"type":"Feature","properties":{"kind":"flood","area_km2":0.169,"conf":"low","date":"2026-10-09"},"geometry":{"type":"Polygon","coordinates":[[[100.9933,13.6784],[100.993,13.6776],[100.9916,13.6776],[100.991,13.6768],[100.9905,13.6768],[100.991,13.6747],[100.9894,13.6741],[100.9893,13.673],[100.9916,13.6736],[100.993,13.6746],[100.9941,13.6746],[100.9941,13.6752],[100.9949,13.6754],[100.9944,13.6782],[100.9933,13.6784]],[[100.9933,13.6768],[100.9941,13.6768],[100.9941,13.6754],[100.9932,13.6754],[100.9933,13.6768]]]}},{"type":"Feature","properties":{"kind":"flood","area_km2":0.168,"conf":"low","date":"2026-10-09"},"geometry":{"type":"Polygon","coordinates":[[[101.0023,13.9853],[101.0023,13.9836],[101.0028,13.9831],[101.002,13.9828],[101.002,13.982],[101.0025,13.9817],[101.0022,13.9785],[101.003,13.9785],[101.0042,13.9787],[101.0045,13.9852],[101.0023,13.9853]]]}},{"type":"Feature","properties":{"kind":"flood","area_km2":0.167,"conf":"high","date":"2026-10-09"},"geometry":{"type":"Polygon","coordinates":[[[100.9607,13.9956],[100.9607,13.9932],[100.9612,13.9926],[100.9632,13.9926],[100.9635,13.9918],[100.9673,13.9918],[100.9704,13.9923],[100.9701,13.9937],[100.9682,13.9937],[100.9682,13.9923],[100.9637,13.9924],[100.9638,13.9953],[100.9607,13.9956]],[[100.9629,13.9937],[100.9632,13.994],[100.9632,13.9937],[100.9629,13.9937]],[[100.9626,13.9934],[100.9629,13.9937],[100.9629,13.9934],[100.9626,13.9934]]]}},{"type":"Feature","properties":{"kind":"flood","area_km2":0.167,"conf":"low","date":"2026-10-09"},"geometry":{"type":"Polygon","coordinates":[[[100.9061,13.9733],[100.9061,13.9725],[100.9067,13.9725],[100.9067,13.9717],[100.9072,13.9714],[100.9058,13.9711],[100.9055,13.9673],[100.9058,13.9668],[100.9066,13.9668],[100.9066,13.9681],[100.9086,13.9684],[100.9086,13.9708],[100.9091,13.9703],[100.9094,13.9708],[100.9105,13.9708],[100.9105,13.97],[100.9111,13.97],[100.9114,13.9711],[100.9111,13.9722],[100.9108,13.9716],[100.9103,13.9716],[100.9103,13.9711],[100.9089,13.9711],[100.9081,13.9727],[100.9061,13.9733]],[[100.9066,13.9703],[100.9072,13.9703],[100.9072,13.9689],[100.9066,13.969],[100.9066,13.9703]]]}},{"type":"Feature","properties":{"kind":"flood","area_km2":0.167,"conf":"low","date":"2026-10-09"},"geometry":{"type":"Polygon","coordinates":[[[100.8432,13.7707],[100.8429,13.7702],[100.8418,13.7702],[100.8418,13.7688],[100.8406,13.7691],[100.8401,13.768],[100.8392,13.7677],[100.8398,13.765],[100.8414,13.765],[100.8414,13.7656],[100.842,13.7656],[100.842,13.7683],[100.8423,13.7672],[100.8431,13.7672],[100.8431,13.7688],[100.8445,13.7691],[100.8445,13.7701],[100.844,13.7707],[100.8432,13.7707]]]}},{"type":"Feature","properties":{"kind":"flood","area_km2":0.167,"conf":"low","date":"2026-10-09"},"geometry":{"type":"Polygon","coordinates":[[[100.9154,13.5153],[100.9149,13.5137],[100.916,13.5137],[100.9157,13.512],[100.9165,13.512],[100.9162,13.5104],[100.9179,13.5104],[100.9179,13.5098],[100.9198,13.5101],[100.9198,13.5109],[100.9204,13.5109],[100.9201,13.5128],[100.9185,13.5125],[100.9185,13.5134],[100.9176,13.5134],[100.9176,13.5126],[100.9171,13.5126],[100.9171,13.5139],[100.9163,13.5139],[100.9163,13.5153],[100.9154,13.5153]]]}},{"type":"Feature","properties":{"kind":"flood","area_km2":0.167,"conf":"low","date":"2026-10-09"},"geometry":{"type":"Polygon","coordinates":[[[100.885,13.9778],[100.8839,13.9775],[100.8837,13.9767],[100.8878,13.9767],[100.8878,13.9751],[100.8867,13.9751],[100.8864,13.9745],[100.885,13.9745],[100.8853,13.9751],[100.8822,13.9751],[100.8822,13.9746],[100.8828,13.9743],[100.8828,13.9732],[100.8872,13.9737],[100.8872,13.9748],[100.8906,13.9753],[100.8897,13.9756],[100.89,13.9769],[100.885,13.9778]]]}},{"type":"Feature","properties":{"kind":"flood","area_km2":0.167,"conf":"low","date":"2026-10-09"},"geometry":{"type":"Polygon","coordinates":[[[100.9675,13.9392],[100.9675,13.9386],[100.9666,13.9384],[100.9666,13.9376],[100.9688,13.9375],[100.9688,13.9381],[100.9719,13.9378],[100.9719,13.937],[100.9724,13.9367],[100.9716,13.9359],[100.9727,13.9356],[100.9744,13.9356],[100.9749,13.9372],[100.976,13.9372],[100.9758,13.9378],[100.9727,13.9383],[100.9725,13.9391],[100.9691,13.9389],[100.9686,13.9384],[100.9683,13.9392],[100.9675,13.9392]]]}},{"type":"Feature","properties":{"kind":"flood","area_km2":0.167,"conf":"low","date":"2026-10-09"},"geometry":{"type":"Polygon","coordinates":[[[100.2688,13.9145],[100.2655,13.9118],[100.2635,13.9119],[100.2635,13.91],[100.2655,13.9099],[100.2655,13.9105],[100.2668,13.9105],[100.2674,13.9113],[100.2693,13.9121],[100.2694,13.9126],[100.2705,13.9132],[100.2705,13.914],[100.2702,13.9145],[100.2688,13.9145]]]}},{"type":"Feature","properties":{"kind":"flood","area_km2":0.167,"conf":"low","date":"2026-10-09"},"geometry":{"type":"Polygon","coordinates":[[[100.7435,13.6819],[100.7432,13.6795],[100.7451,13.6792],[100.7459,13.6787],[100.7484,13.6787],[100.7484,13.68],[100.7498,13.68],[100.7504,13.6781],[100.7504,13.6803],[100.7509,13.6805],[100.7493,13.6805],[100.7479,13.6811],[100.7457,13.6811],[100.7454,13.6806],[100.7448,13.6808],[100.7446,13.6819],[100.7435,13.6819]]]}},{"type":"Feature","properties":{"kind":"flood","area_km2":0.164,"conf":"low","date":"2026-10-09"},"geometry":{"type":"Polygon","coordinates":[[[100.8903,13.9064],[100.8906,13.9054],[100.8922,13.9051],[100.8919,13.9035],[100.8925,13.9034],[100.8925,13.9045],[100.8931,13.9048],[100.895,13.9048],[100.895,13.9029],[100.8978,13.9023],[100.8975,13.9037],[100.8958,13.9037],[100.8961,13.9042],[100.8981,13.9042],[100.8981,13.905],[100.8975,13.9056],[100.8903,13.9064]]]}},{"type":"Feature","properties":{"kind":"flood","area_km2":0.163,"conf":"low","date":"2026-10-09"},"geometry":{"type":"Polygon","coordinates":[[[100.8567,13.8384],[100.8562,13.8378],[100.8561,13.833],[100.8567,13.8319],[100.8586,13.8313],[100.8586,13.8357],[100.8578,13.8359],[100.8578,13.8384],[100.8567,13.8384]]]}},{"type":"Feature","properties":{"kind":"flood","area_km2":0.163,"conf":"low","date":"2026-10-09"},"geometry":{"type":"Polygon","coordinates":[[[100.9527,13.83],[100.9527,13.829],[100.9515,13.829],[100.9513,13.8298],[100.9504,13.8282],[100.9488,13.8276],[100.9485,13.8263],[100.949,13.8268],[100.949,13.8263],[100.9496,13.826],[100.9485,13.826],[100.9482,13.8244],[100.949,13.8244],[100.9498,13.8252],[100.9512,13.8252],[100.9521,13.8268],[100.9529,13.8271],[100.9527,13.83]]]}},{"type":"Feature","properties":{"kind":"flood","area_km2":0.163,"conf":"low","date":"2026-10-09"},"geometry":{"type":"Polygon","coordinates":[[[100.9097,13.8016],[100.9086,13.8008],[100.9066,13.8011],[100.9064,13.8],[100.908,13.7981],[100.9083,13.7987],[100.9094,13.7987],[100.9097,13.7973],[100.9102,13.7973],[100.9122,13.7989],[100.9122,13.7997],[100.9105,13.8016],[100.9097,13.8016]],[[100.9075,13.8006],[100.9086,13.8006],[100.9086,13.7995],[100.9075,13.7995],[100.9075,13.8006]],[[100.9097,13.7997],[100.91,13.8003],[100.91,13.7997],[100.9097,13.7997]]]}},{"type":"Feature","properties":{"kind":"flood","area_km2":0.163,"conf":"low","date":"2026-10-09"},"geometry":{"type":"Polygon","coordinates":[[[100.9031,13.7412],[100.9017,13.7404],[100.902,13.7391],[100.9023,13.7402],[100.9037,13.7401],[100.9039,13.7385],[100.9031,13.7382],[100.9036,13.7382],[100.9045,13.7374],[100.9045,13.7369],[100.905,13.7369],[100.905,13.7363],[100.9067,13.7363],[100.9072,13.7358],[100.9072,13.7344],[100.9053,13.7344],[100.905,13.735],[100.9044,13.735],[100.9045,13.7355],[100.9039,13.7355],[100.9039,13.735],[100.9031,13.735],[100.9036,13.7339],[100.905,13.7339],[100.9053,13.7331],[100.9064,13.7342],[100.908,13.7344],[100.9081,13.7355],[100.9072,13.7366],[100.9061,13.7366],[100.9061,13.7371],[100.9056,13.7371],[100.9056,13.7388],[100.9048,13.739],[100.9056,13.7396],[100.9039,13.7412],[100.9031,13.7412]]]}},{"type":"Feature","properties":{"kind":"flood","area_km2":0.162,"conf":"low","date":"2026-10-09"},"geometry":{"type":"Polygon","coordinates":[[[101.008,13.944],[101.0055,13.944],[101.0055,13.9429],[101.0069,13.9432],[101.0063,13.9397],[101.0069,13.9389],[101.0071,13.934],[101.0079,13.934],[101.008,13.944]]]}},{"type":"Feature","properties":{"kind":"flood","area_km2":0.162,"conf":"low","date":"2026-10-09"},"geometry":{"type":"Polygon","coordinates":[[[100.9819,13.9377],[100.9816,13.9366],[100.9844,13.9363],[100.9844,13.9358],[100.9821,13.9361],[100.9807,13.9347],[100.9824,13.935],[100.9827,13.9345],[100.9827,13.935],[100.9841,13.935],[100.9841,13.9344],[100.9857,13.9342],[100.9857,13.9328],[100.9868,13.9328],[100.9869,13.9352],[100.9852,13.9355],[100.9852,13.9361],[100.986,13.9361],[100.986,13.9369],[100.9852,13.9374],[100.9819,13.9377]]]}},{"type":"Feature","properties":{"kind":"flood","area_km2":0.16,"conf":"low","date":"2026-10-09"},"geometry":{"type":"Polygon","coordinates":[[[100.8369,13.9958],[100.8366,13.9952],[100.8313,13.9956],[100.8313,13.9947],[100.8319,13.9947],[100.8319,13.9942],[100.8338,13.9942],[100.8338,13.9947],[100.8355,13.9947],[100.8355,13.9936],[100.8385,13.9936],[100.8385,13.9947],[100.8391,13.9947],[100.8391,13.9939],[100.8399,13.9939],[100.8399,13.9944],[100.8416,13.9944],[100.8416,13.9952],[100.8369,13.9958]]]}},{"type":"Feature","properties":{"kind":"flood","area_km2":0.16,"conf":"low","date":"2026-10-09"},"geometry":{"type":"Polygon","coordinates":[[[100.9813,13.8041],[100.981,13.803],[100.9805,13.803],[100.9805,13.8024],[100.9782,13.8],[100.9782,13.7992],[100.979,13.7992],[100.9799,13.8],[100.9799,13.7986],[100.981,13.7986],[100.9824,13.8005],[100.9838,13.8005],[100.9838,13.8016],[100.9813,13.8022],[100.9813,13.803],[100.9821,13.8032],[100.9821,13.8041],[100.9813,13.8041]]]}},{"type":"Feature","properties":{"kind":"flood","area_km2":0.16,"conf":"low","date":"2026-10-09"},"geometry":{"type":"Polygon","coordinates":[[[100.9093,13.6194],[100.9088,13.6189],[100.9088,13.617],[100.9074,13.6157],[100.9063,13.6157],[100.9063,13.6151],[100.9079,13.6143],[100.9093,13.6143],[100.9115,13.617],[100.911,13.6186],[100.9102,13.6194],[100.9093,13.6194]]]}},{"type":"Feature","properties":{"kind":"flood","area_km2":0.159,"conf":"high","date":"2026-10-09"},"geometry":{"type":"Polygon","coordinates":[[[100.9109,13.9535],[100.9098,13.9527],[100.9098,13.951],[100.9109,13.9508],[100.9109,13.9489],[100.9098,13.9489],[100.9098,13.9451],[100.9123,13.9453],[100.9117,13.9488],[100.9123,13.951],[100.9118,13.9516],[100.9118,13.9535],[100.9109,13.9535]],[[100.9101,13.9527],[100.9115,13.9526],[100.9115,13.9513],[100.9101,13.9513],[100.9101,13.9527]]]}},{"type":"Feature","properties":{"kind":"flood","area_km2":0.159,"conf":"low","date":"2026-10-09"},"geometry":{"type":"Polygon","coordinates":[[[100.8834,13.7059],[100.8831,13.7045],[100.8817,13.7042],[100.8817,13.7037],[100.8812,13.7034],[100.882,13.7018],[100.8812,13.7018],[100.8809,13.7007],[100.8834,13.7007],[100.8836,13.7002],[100.8831,13.6999],[100.8831,13.6991],[100.8839,13.6991],[100.8842,13.7002],[100.8853,13.7002],[100.8853,13.7012],[100.8848,13.7012],[100.8848,13.7018],[100.8842,13.7018],[100.882,13.7034],[100.8826,13.704],[100.8831,13.7034],[100.8848,13.704],[100.8848,13.7048],[100.884,13.705],[100.8834,13.7059]]]}},{"type":"Feature","properties":{"kind":"flood","area_km2":0.158,"conf":"low","date":"2026-10-09"},"geometry":{"type":"Polygon","coordinates":[[[100.0356,13.975],[100.0339,13.974],[100.0339,13.9726],[100.0333,13.9723],[100.0333,13.9713],[100.0328,13.971],[100.033,13.9691],[100.0342,13.9691],[100.0339,13.9707],[100.0344,13.9712],[100.0375,13.9712],[100.0372,13.9729],[100.0364,13.9729],[100.0364,13.975],[100.0356,13.975]],[[100.0361,13.9726],[100.0364,13.9729],[100.0364,13.9726],[100.0361,13.9726]]]}},{"type":"Feature","properties":{"kind":"flood","area_km2":0.158,"conf":"low","date":"2026-10-09"},"geometry":{"type":"Polygon","coordinates":[[[100.2568,13.8029],[100.256,13.8021],[100.256,13.8012],[100.2565,13.8007],[100.2585,13.8012],[100.2585,13.8007],[100.2593,13.8004],[100.2596,13.7996],[100.2612,13.7999],[100.2621,13.7988],[100.2637,13.7988],[100.2637,13.7996],[100.2632,13.7996],[100.2632,13.8001],[100.2618,13.8015],[100.261,13.8015],[100.2607,13.802],[100.2588,13.8015],[100.2588,13.802],[100.2579,13.8029],[100.2568,13.8029]]]}},{"type":"Feature","properties":{"kind":"flood","area_km2":0.158,"conf":"low","date":"2026-10-09"},"geometry":{"type":"Polygon","coordinates":[[[100.9328,13.5095],[100.9328,13.5081],[100.9342,13.5081],[100.9342,13.507],[100.9328,13.507],[100.9328,13.5065],[100.9334,13.5062],[100.9328,13.5057],[100.9331,13.504],[100.9325,13.5035],[100.9325,13.5027],[100.9344,13.5024],[100.9342,13.504],[100.9353,13.504],[100.9361,13.5029],[100.9358,13.5043],[100.9353,13.5043],[100.935,13.5048],[100.9351,13.5089],[100.9328,13.5095]]]}},{"type":"Feature","properties":{"kind":"flood","area_km2":0.158,"conf":"low","date":"2026-10-09"},"geometry":{"type":"Polygon","coordinates":[[[100.8557,13.8872],[100.8543,13.8867],[100.8521,13.8867],[100.8521,13.8853],[100.854,13.885],[100.8546,13.8845],[100.856,13.8847],[100.856,13.8842],[100.8585,13.885],[100.8588,13.8858],[100.8579,13.8858],[100.8577,13.8872],[100.8557,13.8872]]]}},{"type":"Feature","properties":{"kind":"flood","area_km2":0.158,"conf":"low","date":"2026-10-09"},"geometry":{"type":"Polygon","coordinates":[[[100.9076,13.7135],[100.9076,13.7125],[100.9051,13.7125],[100.9051,13.7117],[100.9081,13.7116],[100.9081,13.7103],[100.9065,13.7098],[100.9076,13.7089],[100.9084,13.7089],[100.9095,13.7078],[100.9106,13.7078],[100.909,13.7097],[100.909,13.7111],[100.9104,13.7111],[100.9106,13.7124],[100.9095,13.713],[100.9095,13.7135],[100.9076,13.7135]]]}},{"type":"Feature","properties":{"kind":"flood","area_km2":0.158,"conf":"low","date":"2026-10-09"},"geometry":{"type":"Polygon","coordinates":[[[100.9807,13.5343],[100.9793,13.5332],[100.9793,13.5324],[100.9801,13.5324],[100.9812,13.53],[100.9818,13.5297],[100.9818,13.5289],[100.9832,13.5289],[100.9831,13.5275],[100.9834,13.5283],[100.984,13.5283],[100.9848,13.5272],[100.9856,13.5272],[100.9856,13.528],[100.981,13.5329],[100.981,13.5335],[100.9818,13.5335],[100.9824,13.534],[100.9807,13.5343]]]}},{"type":"Feature","properties":{"kind":"flood","area_km2":0.157,"conf":"high","date":"2026-10-09"},"geometry":{"type":"Polygon","coordinates":[[[100.9244,13.7671],[100.9233,13.7663],[100.9233,13.7655],[100.9235,13.7647],[100.9252,13.7644],[100.9255,13.7636],[100.9269,13.7633],[100.9269,13.7646],[100.9305,13.7641],[100.9302,13.7646],[100.9285,13.7652],[100.9274,13.7663],[100.9266,13.7663],[100.9255,13.7671],[100.9244,13.7671]]]}},{"type":"Feature","properties":{"kind":"flood","area_km2":0.157,"conf":"low","date":"2026-10-09"},"geometry":{"type":"Polygon","coordinates":[[[100.8881,13.74],[100.8884,13.7384],[100.8889,13.7378],[100.8903,13.7378],[100.8903,13.7373],[100.8895,13.7367],[100.8895,13.7359],[100.8917,13.7348],[100.8917,13.7343],[100.8933,13.7345],[100.8936,13.7359],[100.8925,13.7364],[100.8925,13.7375],[100.8912,13.7375],[100.8912,13.7386],[100.8903,13.7386],[100.889,13.74],[100.8881,13.74]]]}},{"type":"Feature","properties":{"kind":"flood","area_km2":0.157,"conf":"low","date":"2026-10-09"},"geometry":{"type":"Polygon","coordinates":[[[100.8919,13.6258],[100.8911,13.6239],[100.8911,13.6228],[100.89,13.6226],[100.89,13.6218],[100.8908,13.6215],[100.8899,13.6204],[100.8899,13.6196],[100.8905,13.6196],[100.8905,13.6204],[100.8911,13.6209],[100.8922,13.6209],[100.8922,13.6198],[100.8913,13.6199],[100.891,13.6188],[100.8919,13.6188],[100.8922,13.6196],[100.8933,13.6204],[100.8933,13.6209],[100.8924,13.6209],[100.8925,13.6226],[100.8933,13.6234],[100.8933,13.6239],[100.8944,13.6239],[100.8936,13.6253],[100.8919,13.6258]]]}},{"type":"Feature","properties":{"kind":"flood","area_km2":0.156,"conf":"low","date":"2026-10-09"},"geometry":{"type":"Polygon","coordinates":[[[100.83,13.7529],[100.8289,13.7524],[100.8269,13.7524],[100.8269,13.7516],[100.8275,13.7513],[100.8275,13.7491],[100.8299,13.7491],[100.8316,13.7502],[100.8316,13.7515],[100.8308,13.7515],[100.8308,13.7507],[100.8294,13.7507],[100.8302,13.7513],[100.8302,13.7521],[100.8314,13.7521],[100.8314,13.7529],[100.83,13.7529]]]}},{"type":"Feature","properties":{"kind":"flood","area_km2":0.156,"conf":"low","date":"2026-10-09"},"geometry":{"type":"Polygon","coordinates":[[[100.9766,13.735],[100.9765,13.7333],[100.976,13.7328],[100.9729,13.7331],[100.9721,13.732],[100.9721,13.7307],[100.9743,13.7304],[100.9743,13.7296],[100.9751,13.7295],[100.9754,13.7304],[100.9779,13.7301],[100.9779,13.7312],[100.9735,13.7306],[100.9735,13.7317],[100.9754,13.7317],[100.9754,13.7323],[100.976,13.7325],[100.9771,13.7325],[100.9774,13.7317],[100.9785,13.7325],[100.9785,13.733],[100.9793,13.733],[100.9793,13.7341],[100.9785,13.7341],[100.9785,13.7333],[100.9768,13.7333],[100.9771,13.735],[100.9766,13.735]]]}},{"type":"Feature","properties":{"kind":"flood","area_km2":0.156,"conf":"low","date":"2026-10-09"},"geometry":{"type":"Polygon","coordinates":[[[100.1027,13.4746],[100.101,13.4735],[100.101,13.4727],[100.1015,13.4727],[100.1015,13.4714],[100.1035,13.47],[100.1054,13.4703],[100.1051,13.4719],[100.1046,13.4722],[100.1046,13.4732],[100.1035,13.4741],[100.1035,13.4746],[100.1027,13.4746]]]}},{"type":"Feature","properties":{"kind":"flood","area_km2":0.155,"conf":"high","date":"2026-10-09"},"geometry":{"type":"Polygon","coordinates":[[[100.9053,13.9448],[100.9053,13.944],[100.9042,13.9438],[100.9039,13.9432],[100.9042,13.9424],[100.9053,13.9424],[100.9053,13.9432],[100.9078,13.9432],[100.9089,13.9426],[100.9089,13.9418],[100.912,13.9418],[100.912,13.9429],[100.9109,13.9429],[100.9117,13.9432],[100.9114,13.9442],[100.9095,13.9448],[100.9073,13.9448],[100.9073,13.944],[100.9078,13.9437],[100.91,13.9437],[100.91,13.9432],[100.9084,13.9432],[100.9064,13.9435],[100.9062,13.9448],[100.9053,13.9448]]]}},{"type":"Feature","properties":{"kind":"flood","area_km2":0.155,"conf":"low","date":"2026-10-09"},"geometry":{"type":"Polygon","coordinates":[[[100.9667,13.6868],[100.9667,13.686],[100.9662,13.6854],[100.9645,13.6857],[100.9645,13.6846],[100.9656,13.6835],[100.9661,13.6835],[100.9672,13.6822],[100.9695,13.6821],[100.9686,13.6846],[100.9678,13.6846],[100.9673,13.6851],[100.9675,13.686],[100.9687,13.6857],[100.9687,13.6865],[100.9667,13.6868]]]}},{"type":"Feature","properties":{"kind":"flood","area_km2":0.154,"conf":"low","date":"2026-10-09"},"geometry":{"type":"Polygon","coordinates":[[[100.9549,13.9588],[100.9548,13.9569],[100.9543,13.958],[100.9535,13.958],[100.954,13.952],[100.9554,13.9523],[100.9554,13.9542],[100.9559,13.9545],[100.9559,13.9553],[100.957,13.9553],[100.957,13.9561],[100.9557,13.9561],[100.956,13.9588],[100.9549,13.9588]]]}},{"type":"Feature","properties":{"kind":"flood","area_km2":0.154,"conf":"low","date":"2026-10-09"},"geometry":{"type":"Polygon","coordinates":[[[100.877,13.9391],[100.8766,13.9339],[100.878,13.9337],[100.8786,13.9347],[100.8803,13.935],[100.8803,13.9366],[100.8789,13.9372],[100.8783,13.9391],[100.877,13.9391]]]}},{"type":"Feature","properties":{"kind":"flood","area_km2":0.153,"conf":"low","date":"2026-10-09"},"geometry":{"type":"Polygon","coordinates":[[[100.9073,13.6753],[100.9064,13.6737],[100.9053,13.6737],[100.9053,13.6729],[100.9028,13.6732],[100.9028,13.6702],[100.9045,13.6696],[100.9045,13.6691],[100.905,13.6718],[100.9067,13.6718],[100.9075,13.6723],[100.9076,13.674],[100.9084,13.6745],[100.9084,13.6753],[100.9073,13.6753]],[[100.905,13.6721],[100.9053,13.6723],[100.9053,13.6721],[100.905,13.6721]]]}},{"type":"Feature","properties":{"kind":"flood","area_km2":0.152,"conf":"low","date":"2026-10-09"},"geometry":{"type":"Polygon","coordinates":[[[100.1835,13.9624],[100.181,13.9605],[100.1796,13.9608],[100.1793,13.9576],[100.1802,13.9576],[100.1802,13.9581],[100.1813,13.9578],[100.1813,13.9589],[100.1807,13.9589],[100.1807,13.9595],[100.1816,13.96],[100.183,13.9597],[100.1827,13.9589],[100.1821,13.9589],[100.1821,13.9578],[100.1827,13.9581],[100.1827,13.9586],[100.1841,13.9586],[100.1841,13.9597],[100.1849,13.9597],[100.1849,13.9605],[100.1838,13.9608],[100.1835,13.9624]]]}},{"type":"Feature","properties":{"kind":"flood","area_km2":0.152,"conf":"low","date":"2026-10-09"},"geometry":{"type":"Polygon","coordinates":[[[100.9381,13.8459],[100.9375,13.8451],[100.9375,13.8437],[100.9406,13.8434],[100.9406,13.844],[100.9417,13.844],[100.9417,13.8431],[100.9411,13.8431],[100.9414,13.8426],[100.9431,13.8426],[100.9433,13.8439],[100.9439,13.8439],[100.9439,13.8448],[100.9445,13.845],[100.9445,13.8458],[100.942,13.845],[100.94,13.8451],[100.9395,13.8459],[100.9381,13.8459]],[[100.9428,13.8448],[100.9431,13.845],[100.9431,13.8448],[100.9428,13.8448]],[[100.9428,13.8442],[100.9431,13.8445],[100.9431,13.8442],[100.9428,13.8442]],[[100.9433,13.8442],[100.9436,13.8445],[100.9436,13.8442],[100.9433,13.8442]],[[100.9428,13.8437],[100.9431,13.8439],[100.9431,13.8437],[100.9428,13.8437]]]}},{"type":"Feature","properties":{"kind":"flood","area_km2":0.152,"conf":"low","date":"2026-10-09"},"geometry":{"type":"Polygon","coordinates":[[[100.9299,13.5621],[100.9299,13.5613],[100.9305,13.561],[100.9299,13.5607],[100.9299,13.5594],[100.9288,13.5591],[100.9288,13.5583],[100.9299,13.558],[100.9302,13.5567],[100.9282,13.5564],[100.9293,13.5561],[100.9293,13.5556],[100.9296,13.5561],[100.9313,13.5561],[100.9327,13.5566],[100.9327,13.558],[100.9318,13.558],[100.9318,13.5575],[100.9313,13.5575],[100.9319,13.5607],[100.9316,13.5613],[100.9308,13.5613],[100.9308,13.5621],[100.9299,13.5621]]]}},{"type":"Feature","properties":{"kind":"flood","area_km2":0.151,"conf":"low","date":"2026-10-09"},"geometry":{"type":"Polygon","coordinates":[[[100.2833,13.9155],[100.2821,13.9145],[100.2799,13.9134],[100.2791,13.9123],[100.2791,13.9112],[100.2807,13.911],[100.2807,13.9099],[100.281,13.9115],[100.2818,13.9123],[100.2827,13.9123],[100.283,13.9128],[100.2843,13.9134],[100.2841,13.9155],[100.2833,13.9155]]]}},{"type":"Feature","properties":{"kind":"flood","area_km2":0.15,"conf":"low","date":"2026-10-09"},"geometry":{"type":"Polygon","coordinates":[[[100.1196,13.9522],[100.1166,13.9519],[100.1166,13.9508],[100.1157,13.9505],[100.1157,13.9495],[100.1171,13.9489],[100.1171,13.9476],[100.1157,13.9473],[100.1157,13.9459],[100.1179,13.9462],[100.1179,13.9484],[100.1188,13.9484],[100.1182,13.9508],[100.1193,13.9511],[100.1196,13.9522]]]}},{"type":"Feature","properties":{"kind":"flood","area_km2":0.15,"conf":"low","date":"2026-10-09"},"geometry":{"type":"Polygon","coordinates":[[[100.8261,13.6071],[100.8258,13.6065],[100.8241,13.6063],[100.8241,13.6044],[100.8255,13.6035],[100.8269,13.6035],[100.8272,13.603],[100.8285,13.6027],[100.8291,13.6043],[100.8269,13.606],[100.8269,13.607],[100.8261,13.6071]],[[100.8258,13.6046],[100.8263,13.6049],[100.8263,13.6046],[100.8258,13.6046]]]}},{"type":"Feature","properties":{"kind":"flood","area_km2":0.149,"conf":"low","date":"2026-10-09"},"geometry":{"type":"Polygon","coordinates":[[[100.8226,13.981],[100.822,13.9804],[100.8212,13.9807],[100.8212,13.9794],[100.824,13.9791],[100.824,13.9785],[100.8251,13.9785],[100.8251,13.9791],[100.827,13.9793],[100.8276,13.9782],[100.8281,13.9782],[100.8281,13.9788],[100.8292,13.9788],[100.829,13.9801],[100.8268,13.9801],[100.8226,13.981]]]}},{"type":"Feature","properties":{"kind":"flood","area_km2":0.149,"conf":"low","date":"2026-10-09"},"geometry":{"type":"Polygon","coordinates":[[[100.9459,13.7542],[100.9415,13.7542],[100.9415,13.7534],[100.9437,13.7526],[100.9459,13.7509],[100.947,13.7509],[100.947,13.7517],[100.9479,13.752],[100.9479,13.7531],[100.947,13.7531],[100.9459,13.7542]]]}},{"type":"Feature","properties":{"kind":"flood","area_km2":0.149,"conf":"low","date":"2026-10-09"},"geometry":{"type":"Polygon","coordinates":[[[101.0007,13.638],[101.0001,13.6369],[100.9987,13.6369],[100.9987,13.6361],[100.9998,13.6361],[101.0001,13.6342],[101.0021,13.6344],[101.0021,13.6353],[101.0034,13.6352],[101.004,13.6358],[101.004,13.6369],[101.0035,13.6369],[101.0032,13.6377],[101.0007,13.638]]]}},{"type":"Feature","properties":{"kind":"flood","area_km2":0.148,"conf":"low","date":"2026-10-09"},"geometry":{"type":"Polygon","coordinates":[[[100.8108,13.9651],[100.8105,13.9643],[100.8075,13.9643],[100.8072,13.9648],[100.8064,13.9648],[100.8058,13.9632],[100.8064,13.9632],[100.8064,13.9627],[100.8083,13.9627],[100.8086,13.9632],[100.8116,13.9634],[100.8122,13.9632],[100.8125,13.9618],[100.8125,13.9629],[100.8139,13.9629],[100.8136,13.9634],[100.8147,13.9637],[100.8147,13.9645],[100.8119,13.9643],[100.8116,13.9651],[100.8108,13.9651]]]}},{"type":"Feature","properties":{"kind":"flood","area_km2":0.148,"conf":"low","date":"2026-10-09"},"geometry":{"type":"Polygon","coordinates":[[[101.0021,13.8378],[101.0018,13.8367],[101.0024,13.8367],[101.0024,13.8332],[101.0018,13.8294],[101.004,13.8291],[101.0043,13.8307],[101.0034,13.831],[101.0032,13.8321],[101.0032,13.8375],[101.0021,13.8378]]]}},{"type":"Feature","properties":{"kind":"flood","area_km2":0.148,"conf":"low","date":"2026-10-09"},"geometry":{"type":"Polygon","coordinates":[[[100.914,13.5123],[100.9135,13.512],[100.9135,13.5112],[100.9148,13.5115],[100.9154,13.5099],[100.9154,13.5093],[100.9143,13.5093],[100.9143,13.5088],[100.9151,13.5088],[100.9151,13.5074],[100.9154,13.508],[100.9168,13.5082],[100.9162,13.5066],[100.9176,13.5066],[100.9176,13.5071],[100.9195,13.5071],[100.9195,13.5079],[100.9187,13.5079],[100.9187,13.5093],[100.9179,13.5093],[100.9176,13.5098],[100.9159,13.5099],[100.9157,13.5118],[100.914,13.5123]]]}},{"type":"Feature","properties":{"kind":"flood","area_km2":0.148,"conf":"low","date":"2026-10-09"},"geometry":{"type":"Polygon","coordinates":[[[100.8894,13.8924],[100.8891,13.891],[100.8899,13.891],[100.8899,13.8905],[100.8891,13.8905],[100.8891,13.8896],[100.8918,13.8896],[100.8918,13.8907],[100.8932,13.8907],[100.8929,13.8893],[100.894,13.8893],[100.8946,13.8907],[100.8954,13.891],[100.8955,13.8918],[100.8938,13.8915],[100.8924,13.8918],[100.8918,13.8923],[100.8894,13.8924]]]}},{"type":"Feature","properties":{"kind":"flood","area_km2":0.148,"conf":"low","date":"2026-10-09"},"geometry":{"type":"Polygon","coordinates":[[[100.9032,13.8605],[100.9024,13.8584],[100.9027,13.8562],[100.9012,13.853],[100.9012,13.8513],[100.9023,13.8513],[100.9023,13.8519],[100.9029,13.8521],[100.9038,13.8586],[100.9046,13.8592],[100.9046,13.8602],[100.9032,13.8605]]]}},{"type":"Feature","properties":{"kind":"flood","area_km2":0.147,"conf":"low","date":"2026-10-09"},"geometry":{"type":"Polygon","coordinates":[[[100.3871,14.0034],[100.3865,14.0026],[100.3826,14.0026],[100.3826,14.0018],[100.387,14.0018],[100.3881,14.0007],[100.3901,14.0004],[100.3898,14.0017],[100.3907,14.0023],[100.3907,14.0031],[100.3871,14.0034]]]}},{"type":"Feature","properties":{"kind":"flood","area_km2":0.147,"conf":"low","date":"2026-10-09"},"geometry":{"type":"Polygon","coordinates":[[[100.2663,13.956],[100.2663,13.9552],[100.2676,13.955],[100.2687,13.9539],[100.2704,13.9533],[100.2704,13.9528],[100.269,13.9528],[100.269,13.952],[100.2696,13.9514],[100.2704,13.9514],[100.2715,13.9506],[100.2729,13.9506],[100.2726,13.9517],[100.2735,13.9517],[100.2735,13.9525],[100.2729,13.953],[100.2724,13.953],[100.2721,13.9536],[100.2707,13.9536],[100.2704,13.9544],[100.2688,13.955],[100.2682,13.9558],[100.2663,13.956]],[[100.2704,13.9528],[100.2715,13.9528],[100.2721,13.9519],[100.271,13.952],[100.2704,13.9528]]]}},{"type":"Feature","properties":{"kind":"flood","area_km2":0.147,"conf":"low","date":"2026-10-09"},"geometry":{"type":"Polygon","coordinates":[[[100.9714,13.947],[100.9697,13.9462],[100.9697,13.9451],[100.9708,13.9451],[100.9714,13.9446],[100.9742,13.9446],[100.9756,13.9451],[100.9755,13.9443],[100.9767,13.9443],[100.9767,13.9456],[100.975,13.9464],[100.9714,13.947]]]}},{"type":"Feature","properties":{"kind":"flood","area_km2":0.146,"conf":"low","date":"2026-10-09"},"geometry":{"type":"Polygon","coordinates":[[[100.2972,13.9757],[100.2972,13.9749],[100.2977,13.9749],[100.2975,13.9732],[100.2999,13.9724],[100.3005,13.9708],[100.3013,13.9708],[100.3022,13.9716],[100.3033,13.9716],[100.303,13.9729],[100.3019,13.9729],[100.3002,13.9743],[100.2988,13.974],[100.2986,13.9757],[100.2972,13.9757]]]}},{"type":"Feature","properties":{"kind":"flood","area_km2":0.146,"conf":"low","date":"2026-10-09"},"geometry":{"type":"Polygon","coordinates":[[[100.0259,13.7258],[100.0256,13.7228],[100.025,13.7228],[100.025,13.7239],[100.0236,13.7237],[100.0236,13.7229],[100.0245,13.722],[100.0239,13.7204],[100.0247,13.7204],[100.0253,13.7209],[100.0253,13.722],[100.0267,13.722],[100.0278,13.7231],[100.0278,13.7239],[100.0292,13.7242],[100.0289,13.7258],[100.0281,13.7258],[100.0278,13.7245],[100.027,13.7247],[100.027,13.7258],[100.0259,13.7258]]]}},{"type":"Feature","properties":{"kind":"flood","area_km2":0.145,"conf":"low","date":"2026-10-09"},"geometry":{"type":"Polygon","coordinates":[[[100.9448,13.8464],[100.9447,13.8453],[100.9459,13.8453],[100.9461,13.8447],[100.9461,13.8431],[100.9447,13.8428],[100.9447,13.8437],[100.9442,13.8439],[100.9442,13.8429],[100.9461,13.8423],[100.9475,13.8426],[100.948,13.842],[100.9489,13.842],[100.9495,13.8444],[100.9478,13.845],[100.9478,13.8455],[100.9472,13.8458],[100.9448,13.8464]]]}},{"type":"Feature","properties":{"kind":"flood","area_km2":0.145,"conf":"low","date":"2026-10-09"},"geometry":{"type":"Polygon","coordinates":[[[100.9445,13.6821],[100.9437,13.6796],[100.9431,13.6794],[100.9428,13.6777],[100.945,13.6777],[100.947,13.6796],[100.947,13.6815],[100.9445,13.6821]]]}},{"type":"Feature","properties":{"kind":"flood","area_km2":0.145,"conf":"low","date":"2026-10-09"},"geometry":{"type":"Polygon","coordinates":[[[100.0417,13.0306],[100.0412,13.03],[100.0393,13.0301],[100.0395,13.029],[100.039,13.0273],[100.0409,13.0276],[100.0409,13.0284],[100.0412,13.0279],[100.0439,13.0281],[100.0442,13.0303],[100.0417,13.0306]]]}},{"type":"Feature","properties":{"kind":"flood","area_km2":0.144,"conf":"low","date":"2026-10-09"},"geometry":{"type":"Polygon","coordinates":[[[100.9454,13.8534],[100.9456,13.851],[100.9451,13.8507],[100.945,13.8477],[100.9461,13.8469],[100.9475,13.8472],[100.9478,13.8466],[100.9481,13.8474],[100.95,13.8477],[100.9492,13.8488],[100.9478,13.8488],[100.9475,13.848],[100.9476,13.8501],[100.9467,13.8502],[100.9467,13.8491],[100.9453,13.8491],[100.9453,13.8504],[100.9465,13.8504],[100.9467,13.8512],[100.9467,13.8529],[100.9462,13.8534],[100.9454,13.8534]]]}},{"type":"Feature","properties":{"kind":"flood","area_km2":0.144,"conf":"low","date":"2026-10-09"},"geometry":{"type":"Polygon","coordinates":[[[100.961,13.7023],[100.961,13.7017],[100.9599,13.7017],[100.9599,13.7009],[100.9607,13.7009],[100.9607,13.7004],[100.9621,13.7001],[100.9624,13.7012],[100.9635,13.6993],[100.9663,13.699],[100.9663,13.7001],[100.9655,13.7014],[100.9627,13.7023],[100.961,13.7023]]]}},{"type":"Feature","properties":{"kind":"flood","area_km2":0.144,"conf":"low","date":"2026-10-09"},"geometry":{"type":"Polygon","coordinates":[[[100.9371,13.6298],[100.9369,13.6293],[100.938,13.6293],[100.938,13.6284],[100.9369,13.6282],[100.9374,13.6282],[100.938,13.6271],[100.9366,13.6271],[100.9366,13.6263],[100.939,13.6255],[100.939,13.6246],[100.9402,13.6246],[100.9402,13.6257],[100.9413,13.6262],[100.9413,13.6271],[100.9405,13.6273],[100.9402,13.6282],[100.9396,13.6282],[100.9385,13.6295],[100.9371,13.6298]],[[100.9388,13.6265],[100.9391,13.6268],[100.9391,13.6265],[100.9388,13.6265]],[[100.9391,13.6263],[100.9393,13.6265],[100.9393,13.6263],[100.9391,13.6263]],[[100.9393,13.6263],[100.9399,13.6263],[100.9399,13.6257],[100.9393,13.6257],[100.9393,13.6263]]]}},{"type":"Feature","properties":{"kind":"flood","area_km2":0.144,"conf":"low","date":"2026-10-09"},"geometry":{"type":"Polygon","coordinates":[[[100.8556,13.6196],[100.8553,13.619],[100.8547,13.619],[100.8547,13.6182],[100.8553,13.6182],[100.8558,13.6174],[100.8558,13.6158],[100.8566,13.6158],[100.8566,13.6163],[100.8572,13.6163],[100.8572,13.6158],[100.858,13.6158],[100.8583,13.6166],[100.8583,13.6155],[100.8591,13.6147],[100.8591,13.6158],[100.86,13.616],[100.86,13.6171],[100.8583,13.6179],[100.8589,13.6182],[100.8589,13.619],[100.8581,13.619],[100.858,13.6182],[100.8575,13.6182],[100.8567,13.6185],[100.8564,13.6196],[100.8556,13.6196]]]}},{"type":"Feature","properties":{"kind":"flood","area_km2":0.144,"conf":"low","date":"2026-10-09"},"geometry":{"type":"Polygon","coordinates":[[[100.0335,13.1155],[100.0332,13.1144],[100.0327,13.1142],[100.0324,13.112],[100.0341,13.1117],[100.0343,13.1123],[100.0349,13.1123],[100.0346,13.1112],[100.0365,13.1114],[100.0363,13.1136],[100.0357,13.1139],[100.0357,13.1144],[100.0349,13.1147],[100.0349,13.1155],[100.0335,13.1155]]]}},{"type":"Feature","properties":{"kind":"flood","area_km2":0.143,"conf":"low","date":"2026-10-09"},"geometry":{"type":"Polygon","coordinates":[[[100.9981,13.9853],[100.9977,13.9742],[100.998,13.9736],[100.9988,13.9736],[100.9986,13.9831],[100.9992,13.9847],[100.9989,13.9853],[100.9981,13.9853]]]}},{"type":"Feature","properties":{"kind":"flood","area_km2":0.143,"conf":"low","date":"2026-10-09"},"geometry":{"type":"Polygon","coordinates":[[[100.2531,13.8905],[100.2528,13.8889],[100.2534,13.8883],[100.2587,13.8883],[100.2581,13.8905],[100.2531,13.8905]]]}},{"type":"Feature","properties":{"kind":"flood","area_km2":0.143,"conf":"low","date":"2026-10-09"},"geometry":{"type":"Polygon","coordinates":[[[100.8256,13.6144],[100.8247,13.6119],[100.8242,13.6117],[100.8242,13.6103],[100.8264,13.6103],[100.8269,13.6106],[100.8269,13.6111],[100.8286,13.6108],[100.8292,13.6114],[100.8292,13.6127],[100.8272,13.6125],[100.8264,13.6133],[100.8264,13.6144],[100.8256,13.6144]]]}},{"type":"Feature","properties":{"kind":"flood","area_km2":0.142,"conf":"low","date":"2026-10-09"},"geometry":{"type":"Polygon","coordinates":[[[100.2414,13.9724],[100.2416,13.9705],[100.2411,13.9706],[100.2411,13.9695],[100.2397,13.9695],[100.2394,13.9703],[100.2386,13.9703],[100.2369,13.9684],[100.2369,13.9676],[100.2383,13.9676],[100.2383,13.9681],[100.2394,13.9684],[100.2408,13.9681],[100.2408,13.9687],[100.2413,13.9687],[100.2413,13.9695],[100.2416,13.9689],[100.2427,13.9692],[100.2433,13.9708],[100.2425,13.9711],[100.2422,13.9724],[100.2414,13.9724]]]}},{"type":"Feature","properties":{"kind":"flood","area_km2":0.141,"conf":"low","date":"2026-10-09"},"geometry":{"type":"Polygon","coordinates":[[[100.2853,13.8269],[100.285,13.825],[100.2836,13.825],[100.2836,13.8242],[100.2847,13.8241],[100.2836,13.8239],[100.2836,13.8231],[100.2847,13.8231],[100.2844,13.8212],[100.2866,13.8214],[100.2872,13.8225],[100.2872,13.8233],[100.2864,13.8233],[100.2864,13.8269],[100.2853,13.8269]],[[100.2858,13.8228],[100.2864,13.8231],[100.2863,13.8228],[100.2858,13.8228]]]}},{"type":"Feature","properties":{"kind":"flood","area_km2":0.141,"conf":"low","date":"2026-10-09"},"geometry":{"type":"Polygon","coordinates":[[[100.8057,13.6932],[100.8051,13.6926],[100.8051,13.6915],[100.8067,13.6899],[100.8073,13.6885],[100.8081,13.6883],[100.8087,13.6872],[100.8095,13.6872],[100.8095,13.6882],[100.809,13.6883],[100.8092,13.6896],[100.8079,13.691],[100.8084,13.6912],[100.8084,13.6921],[100.8068,13.6923],[100.8065,13.6932],[100.8057,13.6932]],[[100.8079,13.6915],[100.8082,13.6918],[100.8081,13.6915],[100.8079,13.6915]]]}},{"type":"Feature","properties":{"kind":"flood","area_km2":0.14,"conf":"low","date":"2026-10-09"},"geometry":{"type":"Polygon","coordinates":[[[100.3912,14.0012],[100.3912,13.9998],[100.3923,13.999],[100.3948,13.9985],[100.3962,13.9974],[100.3981,13.9974],[100.3984,13.9979],[100.399,13.9979],[100.399,13.9987],[100.3984,13.999],[100.3967,13.9987],[100.3934,14.0006],[100.3912,14.0012]]]}},{"type":"Feature","properties":{"kind":"flood","area_km2":0.14,"conf":"low","date":"2026-10-09"},"geometry":{"type":"Polygon","coordinates":[[[100.9762,13.9611],[100.976,13.9603],[100.9729,13.9603],[100.9729,13.9595],[100.9723,13.9589],[100.9723,13.9565],[100.9732,13.9565],[100.9731,13.9559],[100.9745,13.9559],[100.9745,13.9568],[100.974,13.9568],[100.974,13.9581],[100.9734,13.9584],[100.9743,13.9595],[100.9748,13.9595],[100.9748,13.9578],[100.9759,13.9578],[100.9759,13.957],[100.9768,13.957],[100.9768,13.9578],[100.9762,13.9578],[100.9762,13.9611]]]}},{"type":"Feature","properties":{"kind":"flood","area_km2":0.14,"conf":"low","date":"2026-10-09"},"geometry":{"type":"Polygon","coordinates":[[[100.9654,13.8592],[100.9598,13.8593],[100.9596,13.8574],[100.9654,13.8573],[100.9654,13.8592]]]}},{"type":"Feature","properties":{"kind":"flood","area_km2":0.14,"conf":"low","date":"2026-10-09"},"geometry":{"type":"Polygon","coordinates":[[[100.9544,13.7086],[100.9522,13.7061],[100.9522,13.7053],[100.953,13.7053],[100.953,13.7045],[100.9544,13.7045],[100.9569,13.7072],[100.9569,13.7083],[100.9544,13.7086]]]}},{"type":"Feature","properties":{"kind":"flood","area_km2":0.14,"conf":"low","date":"2026-10-09"},"geometry":{"type":"Polygon","coordinates":[[[101.0037,13.8283],[101.0037,13.8242],[101.0048,13.8239],[101.0048,13.8247],[101.0067,13.8253],[101.007,13.8282],[101.0037,13.8283]]]}},{"type":"Feature","properties":{"kind":"flood","area_km2":0.14,"conf":"low","date":"2026-10-09"},"geometry":{"type":"Polygon","coordinates":[[[100.792,13.825],[100.793,13.8199],[100.7961,13.8193],[100.7964,13.8207],[100.7953,13.8204],[100.795,13.8209],[100.7939,13.821],[100.7944,13.8212],[100.7939,13.825],[100.792,13.825]]]}},{"type":"Feature","properties":{"kind":"flood","area_km2":0.138,"conf":"low","date":"2026-10-09"},"geometry":{"type":"Polygon","coordinates":[[[100.991,13.743],[100.9913,13.7411],[100.9908,13.7411],[100.9907,13.74],[100.9924,13.7386],[100.9929,13.7375],[100.994,13.737],[100.994,13.7362],[100.9954,13.7362],[100.9949,13.7383],[100.9938,13.7389],[100.9935,13.74],[100.993,13.7402],[100.9933,13.7416],[100.9927,13.7421],[100.9924,13.7416],[100.9916,13.7416],[100.991,13.743]]]}},{"type":"Feature","properties":{"kind":"flood","area_km2":0.137,"conf":"low","date":"2026-10-09"},"geometry":{"type":"Polygon","coordinates":[[[100.9043,13.9877],[100.904,13.9863],[100.9051,13.9863],[100.9051,13.9869],[100.9054,13.9863],[100.9073,13.986],[100.909,13.9866],[100.9101,13.9865],[100.9104,13.986],[100.9123,13.9863],[100.9123,13.9876],[100.9043,13.9877]]]}},{"type":"Feature","properties":{"kind":"flood","area_km2":0.137,"conf":"low","date":"2026-10-09"},"geometry":{"type":"Polygon","coordinates":[[[100.9523,13.8512],[100.9523,13.8504],[100.9531,13.8504],[100.9537,13.8493],[100.9534,13.8463],[100.9522,13.8463],[100.9514,13.8471],[100.9514,13.8477],[100.95,13.8477],[100.95,13.8463],[100.9489,13.8458],[100.9506,13.8461],[100.9506,13.8455],[100.9517,13.845],[100.9539,13.8455],[100.9548,13.8498],[100.9539,13.8498],[100.9539,13.8512],[100.9523,13.8512]]]}},{"type":"Feature","properties":{"kind":"flood","area_km2":0.137,"conf":"low","date":"2026-10-09"},"geometry":{"type":"Polygon","coordinates":[[[101.0053,13.822],[101.0047,13.8212],[101.0034,13.8212],[101.0028,13.8207],[101.0028,13.8199],[101.0036,13.8196],[101.0036,13.8185],[101.0042,13.8182],[101.0042,13.8177],[101.0053,13.8177],[101.0058,13.8171],[101.0069,13.8174],[101.0069,13.819],[101.0061,13.819],[101.0061,13.8201],[101.0056,13.8201],[101.0061,13.822],[101.0053,13.822]]]}},{"type":"Feature","properties":{"kind":"flood","area_km2":0.136,"conf":"low","date":"2026-10-09"},"geometry":{"type":"Polygon","coordinates":[[[100.8874,13.9981],[100.8877,13.997],[100.8855,13.997],[100.8855,13.9965],[100.8835,13.9965],[100.8833,13.9957],[100.8821,13.996],[100.8821,13.9949],[100.8844,13.9946],[100.8843,13.9933],[100.8849,13.9933],[100.8849,13.9946],[100.8866,13.9949],[100.8869,13.9962],[100.8894,13.9962],[100.8894,13.9978],[100.8891,13.997],[100.888,13.997],[100.888,13.9981],[100.8874,13.9981]]]}},{"type":"Feature","properties":{"kind":"flood","area_km2":0.136,"conf":"low","date":"2026-10-09"},"geometry":{"type":"Polygon","coordinates":[[[100.9759,13.7575],[100.9762,13.7558],[100.977,13.7558],[100.9773,13.7545],[100.9784,13.7542],[100.9786,13.7528],[100.9798,13.7528],[100.9803,13.7517],[100.982,13.7517],[100.982,13.7506],[100.9811,13.7506],[100.9806,13.7501],[100.9822,13.7501],[100.9822,13.7509],[100.9831,13.7512],[100.9822,13.752],[100.9817,13.752],[100.9817,13.7525],[100.9767,13.7575],[100.9759,13.7575]]]}},{"type":"Feature","properties":{"kind":"flood","area_km2":0.135,"conf":"low","date":"2026-10-09"},"geometry":{"type":"Polygon","coordinates":[[[100.9724,13.9668],[100.9716,13.9663],[100.9713,13.9611],[100.9721,13.9611],[100.9724,13.9619],[100.9729,13.9614],[100.9738,13.9614],[100.9735,13.9633],[100.9721,13.9633],[100.9721,13.9641],[100.9727,13.9641],[100.9727,13.9635],[100.9738,13.9635],[100.9738,13.9668],[100.9724,13.9668]]]}},{"type":"Feature","properties":{"kind":"flood","area_km2":0.135,"conf":"low","date":"2026-10-09"},"geometry":{"type":"Polygon","coordinates":[[[100.2232,13.9538],[100.2232,13.9533],[100.2224,13.9525],[100.2204,13.9525],[100.2204,13.9519],[100.219,13.9503],[100.219,13.9492],[100.2196,13.9487],[100.2204,13.9487],[100.2207,13.9498],[100.2218,13.9509],[100.2235,13.9514],[100.2235,13.9519],[100.2243,13.9527],[100.2243,13.9538],[100.2232,13.9538]]]}},{"type":"Feature","properties":{"kind":"flood","area_km2":0.135,"conf":"low","date":"2026-10-09"},"geometry":{"type":"Polygon","coordinates":[[[100.9643,13.8983],[100.9638,13.8977],[100.9621,13.8975],[100.9618,13.8964],[100.9646,13.8966],[100.9646,13.898],[100.966,13.898],[100.9663,13.8966],[100.9671,13.8964],[100.9701,13.8961],[100.9713,13.8966],[100.9713,13.8974],[100.9699,13.898],[100.9671,13.8977],[100.9666,13.8983],[100.9643,13.8983]]]}},{"type":"Feature","properties":{"kind":"flood","area_km2":0.135,"conf":"low","date":"2026-10-09"},"geometry":{"type":"Polygon","coordinates":[[[100.9825,13.8165],[100.9805,13.8106],[100.9805,13.8098],[100.9816,13.8092],[100.9825,13.8092],[100.9825,13.8125],[100.983,13.8143],[100.9839,13.8152],[100.9839,13.816],[100.9833,13.8165],[100.9825,13.8165]]]}},{"type":"Feature","properties":{"kind":"flood","area_km2":0.135,"conf":"low","date":"2026-10-09"},"geometry":{"type":"Polygon","coordinates":[[[100.8617,13.7684],[100.8606,13.7676],[100.8603,13.7649],[100.8611,13.7649],[100.8611,13.7632],[100.8642,13.7635],[100.8639,13.7651],[100.8611,13.7651],[100.8614,13.7662],[100.8634,13.7665],[100.8634,13.7676],[100.8626,13.7684],[100.8617,13.7684]]]}},{"type":"Feature","properties":{"kind":"flood","area_km2":0.135,"conf":"low","date":"2026-10-09"},"geometry":{"type":"Polygon","coordinates":[[[100.8874,13.7484],[100.8873,13.7465],[100.8887,13.7468],[100.8893,13.7462],[100.889,13.7454],[100.8873,13.7454],[100.887,13.7443],[100.8882,13.7438],[100.8895,13.7438],[100.8898,13.7451],[100.8904,13.7451],[100.8904,13.7457],[100.8909,13.7459],[100.891,13.7473],[100.8904,13.7473],[100.8896,13.7481],[100.8874,13.7484]],[[100.889,13.7451],[100.8896,13.7454],[100.8896,13.7451],[100.889,13.7451]]]}},{"type":"Feature","properties":{"kind":"flood","area_km2":0.134,"conf":"low","date":"2026-10-09"},"geometry":{"type":"Polygon","coordinates":[[[100.8057,13.5934],[100.8052,13.5926],[100.8052,13.5915],[100.8043,13.5915],[100.8041,13.5904],[100.8054,13.5904],[100.8054,13.5896],[100.8063,13.5896],[100.8063,13.5901],[100.8079,13.5898],[100.8079,13.5904],[100.8085,13.5906],[100.8085,13.5928],[100.8057,13.5934]]]}},{"type":"Feature","properties":{"kind":"flood","area_km2":0.133,"conf":"low","date":"2026-10-09"},"geometry":{"type":"Polygon","coordinates":[[[100.1281,13.8664],[100.1278,13.8642],[100.1284,13.8642],[100.1284,13.8637],[100.13,13.8626],[100.13,13.8615],[100.1306,13.861],[100.1325,13.8607],[100.1325,13.8629],[100.1311,13.8629],[100.1311,13.8634],[100.13,13.8634],[100.13,13.865],[100.1292,13.8653],[100.1289,13.8664],[100.1281,13.8664]]]}},{"type":"Feature","properties":{"kind":"flood","area_km2":0.133,"conf":"low","date":"2026-10-09"},"geometry":{"type":"Polygon","coordinates":[[[100.7225,13.5812],[100.7225,13.5801],[100.7216,13.5799],[100.7216,13.5791],[100.7219,13.5796],[100.723,13.5796],[100.723,13.5801],[100.7236,13.5801],[100.7241,13.578],[100.7269,13.5774],[100.7269,13.5787],[100.7252,13.579],[100.7252,13.5796],[100.7269,13.5796],[100.7269,13.5806],[100.7225,13.5812]]]}},{"type":"Feature","properties":{"kind":"flood","area_km2":0.132,"conf":"low","date":"2026-10-09"},"geometry":{"type":"Polygon","coordinates":[[[100.0727,13.4723],[100.0711,13.4723],[100.0708,13.4696],[100.0699,13.4696],[100.0699,13.4691],[100.0697,13.4699],[100.0683,13.4696],[100.0683,13.4672],[100.0691,13.4672],[100.0691,13.468],[100.0705,13.468],[100.0705,13.4685],[100.071,13.4685],[100.0713,13.4674],[100.0713,13.468],[100.0724,13.4685],[100.0722,13.4709],[100.0727,13.4723]]]}},{"type":"Feature","properties":{"kind":"flood","area_km2":0.131,"conf":"low","date":"2026-10-09"},"geometry":{"type":"Polygon","coordinates":[[[100.9875,13.813],[100.9861,13.8084],[100.986,13.807],[100.9855,13.8067],[100.9855,13.8056],[100.9869,13.8056],[100.9869,13.8078],[100.9886,13.8091],[100.9889,13.8124],[100.9883,13.8129],[100.9875,13.813]]]}},{"type":"Feature","properties":{"kind":"flood","area_km2":0.131,"conf":"low","date":"2026-10-09"},"geometry":{"type":"Polygon","coordinates":[[[100.0002,13.7495],[99.9999,13.749],[99.9988,13.7493],[99.9988,13.746],[99.9996,13.746],[99.9999,13.7465],[100.0027,13.7465],[100.0027,13.7473],[100.0021,13.7479],[100.0024,13.7492],[100.0002,13.7495]],[[100.001,13.7474],[100.0013,13.7476],[100.0013,13.7474],[100.001,13.7474]]]}},{"type":"Feature","properties":{"kind":"flood","area_km2":0.131,"conf":"low","date":"2026-10-09"},"geometry":{"type":"Polygon","coordinates":[[[100.8323,13.6279],[100.8321,13.6273],[100.8298,13.6271],[100.8296,13.6266],[100.8271,13.6263],[100.8271,13.6255],[100.8298,13.6255],[100.8301,13.6238],[100.8304,13.6249],[100.8323,13.6252],[100.8323,13.6263],[100.8337,13.6265],[100.8337,13.6279],[100.8323,13.6279]],[[100.8298,13.6257],[100.8301,13.626],[100.8301,13.6257],[100.8298,13.6257]]]}},{"type":"Feature","properties":{"kind":"flood","area_km2":0.131,"conf":"low","date":"2026-10-09"},"geometry":{"type":"Polygon","coordinates":[[[100.2914,13.9331],[100.2897,13.9288],[100.2903,13.9269],[100.2894,13.9269],[100.2894,13.9261],[100.29,13.9255],[100.2908,13.9255],[100.2908,13.9261],[100.2919,13.9266],[100.2919,13.9277],[100.2911,13.9277],[100.2911,13.9288],[100.2919,13.9307],[100.2919,13.9318],[100.2925,13.932],[100.2925,13.9331],[100.2914,13.9331]]]}},{"type":"Feature","properties":{"kind":"flood","area_km2":0.131,"conf":"low","date":"2026-10-09"},"geometry":{"type":"Polygon","coordinates":[[[100.8376,13.5218],[100.8376,13.5202],[100.8346,13.5202],[100.8346,13.5194],[100.8351,13.5194],[100.8346,13.5191],[100.8345,13.5178],[100.8354,13.5178],[100.8354,13.5191],[100.837,13.5189],[100.837,13.5183],[100.8381,13.518],[100.8387,13.5186],[100.8401,13.5186],[100.8398,13.5207],[100.8379,13.521],[100.8376,13.5218]],[[100.8384,13.5197],[100.8387,13.5199],[100.8387,13.5197],[100.8384,13.5197]]]}},{"type":"Feature","properties":{"kind":"flood","area_km2":0.13,"conf":"low","date":"2026-10-09"},"geometry":{"type":"Polygon","coordinates":[[[100.9993,13.8047],[100.9993,13.8036],[101.0002,13.8028],[101.0021,13.802],[101.0046,13.7993],[101.0046,13.7987],[101.0051,13.7987],[101.0059,13.7976],[101.0068,13.7976],[101.0068,13.7992],[101.0057,13.7993],[101.0054,13.8001],[101.0029,13.8025],[101.0024,13.8025],[101.0002,13.8047],[100.9993,13.8047]]]}},{"type":"Feature","properties":{"kind":"flood","area_km2":0.129,"conf":"low","date":"2026-10-09"},"geometry":{"type":"Polygon","coordinates":[[[100.9395,13.9467],[100.9392,13.9462],[100.9375,13.9459],[100.9372,13.9438],[100.9406,13.944],[100.9431,13.9448],[100.9431,13.9456],[100.9422,13.9456],[100.942,13.9467],[100.9395,13.9467]],[[100.94,13.9465],[100.9414,13.9464],[100.9414,13.9454],[100.94,13.9454],[100.94,13.9465]]]}},{"type":"Feature","properties":{"kind":"flood","area_km2":0.129,"conf":"low","date":"2026-10-09"},"geometry":{"type":"Polygon","coordinates":[[[100.9092,13.8467],[100.9081,13.8467],[100.9081,13.8461],[100.907,13.8461],[100.9062,13.845],[100.9059,13.8434],[100.9064,13.8434],[100.9064,13.8426],[100.9073,13.8426],[100.9073,13.8431],[100.9078,13.8434],[100.9075,13.8423],[100.9092,13.8423],[100.9092,13.8429],[100.9103,13.8437],[100.9101,13.8447],[100.9089,13.8448],[100.9081,13.8437],[100.9081,13.8458],[100.909,13.8458],[100.9092,13.8467]]]}},{"type":"Feature","properties":{"kind":"flood","area_km2":0.129,"conf":"low","date":"2026-10-09"},"geometry":{"type":"Polygon","coordinates":[[[100.8642,13.7719],[100.864,13.77],[100.8645,13.7692],[100.8648,13.7659],[100.8667,13.7662],[100.8667,13.7686],[100.8656,13.77],[100.8656,13.7711],[100.8651,13.7713],[100.8651,13.7719],[100.8642,13.7719]]]}},{"type":"Feature","properties":{"kind":"flood","area_km2":0.129,"conf":"low","date":"2026-10-09"},"geometry":{"type":"Polygon","coordinates":[[[100.9688,13.7009],[100.9685,13.6992],[100.9693,13.6992],[100.9693,13.6987],[100.9688,13.6987],[100.9687,13.6965],[100.9696,13.6965],[100.9701,13.696],[100.9699,13.6984],[100.9724,13.6981],[100.9729,13.697],[100.9732,13.6989],[100.9727,13.6992],[100.9727,13.6997],[100.971,13.6998],[100.9707,13.7003],[100.9688,13.7009]]]}},{"type":"Feature","properties":{"kind":"flood","area_km2":0.128,"conf":"low","date":"2026-10-09"},"geometry":{"type":"Polygon","coordinates":[[[100.2794,13.9741],[100.2786,13.9714],[100.2799,13.9709],[100.2805,13.9701],[100.2819,13.9701],[100.2825,13.9725],[100.2813,13.9736],[100.2794,13.9741]]]}},{"type":"Feature","properties":{"kind":"flood","area_km2":0.128,"conf":"low","date":"2026-10-09"},"geometry":{"type":"Polygon","coordinates":[[[100.8995,13.8771],[100.8992,13.8766],[100.897,13.8763],[100.897,13.8741],[100.9003,13.8741],[100.8989,13.8747],[100.8989,13.876],[100.9014,13.876],[100.9017,13.8755],[100.9023,13.8754],[100.9023,13.876],[100.9042,13.8762],[100.9042,13.8771],[100.902,13.8771],[100.902,13.8763],[100.9017,13.8771],[100.8995,13.8771]]]}},{"type":"Feature","properties":{"kind":"flood","area_km2":0.128,"conf":"low","date":"2026-10-09"},"geometry":{"type":"Polygon","coordinates":[[[100.9885,13.7403],[100.9874,13.7392],[100.9874,13.7387],[100.9882,13.7384],[100.9885,13.7373],[100.9891,13.7373],[100.9899,13.7354],[100.9904,13.7351],[100.9904,13.7343],[100.9915,13.7343],[100.9921,13.7348],[100.991,13.7354],[100.991,13.7367],[100.9915,13.737],[100.9913,13.7376],[100.9907,13.7376],[100.9907,13.7384],[100.9894,13.7395],[100.9894,13.74],[100.9885,13.7403]],[[100.9902,13.7373],[100.9904,13.7376],[100.9904,13.7373],[100.9902,13.7373]]]}},{"type":"Feature","properties":{"kind":"flood","area_km2":0.128,"conf":"low","date":"2026-10-09"},"geometry":{"type":"Polygon","coordinates":[[[100.9115,13.6864],[100.9101,13.6856],[100.9101,13.684],[100.909,13.684],[100.9093,13.6826],[100.9087,13.6824],[100.9087,13.6813],[100.9093,13.6813],[100.9093,13.6807],[100.9104,13.681],[100.9104,13.6818],[100.911,13.6823],[100.9107,13.6834],[100.9118,13.6837],[100.9126,13.6853],[100.9127,13.6864],[100.9115,13.6864]]]}},{"type":"Feature","properties":{"kind":"flood","area_km2":0.127,"conf":"low","date":"2026-10-09"},"geometry":{"type":"Polygon","coordinates":[[[100.9488,13.6986],[100.9482,13.6978],[100.9471,13.698],[100.9471,13.6972],[100.9482,13.697],[100.9488,13.6948],[100.9502,13.6945],[100.9507,13.695],[100.9513,13.6983],[100.9488,13.6986]]]}},{"type":"Feature","properties":{"kind":"flood","area_km2":0.126,"conf":"low","date":"2026-10-09"},"geometry":{"type":"Polygon","coordinates":[[[100.9167,13.9729],[100.9166,13.9708],[100.9161,13.9708],[100.9158,13.9721],[100.9147,13.9721],[100.9147,13.9694],[100.9152,13.9694],[100.9155,13.9689],[100.9169,13.9689],[100.9169,13.9667],[100.9174,13.9667],[100.9175,13.9729],[100.9167,13.9729]]]}},{"type":"Feature","properties":{"kind":"flood","area_km2":0.125,"conf":"low","date":"2026-10-09"},"geometry":{"type":"Polygon","coordinates":[[[100.9935,13.9325],[100.9932,13.9298],[100.9915,13.9298],[100.991,13.9292],[100.991,13.9276],[100.9923,13.9276],[100.9915,13.9273],[100.9915,13.9265],[100.9923,13.9257],[100.9923,13.9238],[100.9931,13.9238],[100.9932,13.9257],[100.994,13.926],[100.994,13.9268],[100.9929,13.9265],[100.9929,13.9273],[100.994,13.927],[100.994,13.9281],[100.9926,13.9281],[100.9926,13.9295],[100.9937,13.9295],[100.9935,13.9325]]]}},{"type":"Feature","properties":{"kind":"flood","area_km2":0.125,"conf":"low","date":"2026-10-09"},"geometry":{"type":"Polygon","coordinates":[[[100.8499,13.9255],[100.8499,13.9249],[100.8488,13.9252],[100.8488,13.9244],[100.8477,13.9244],[100.8466,13.9252],[100.8446,13.9252],[100.8438,13.9247],[100.8438,13.9233],[100.8446,13.9233],[100.8452,13.9239],[100.851,13.9238],[100.8516,13.9255],[100.8499,13.9255]]]}},{"type":"Feature","properties":{"kind":"flood","area_km2":0.125,"conf":"low","date":"2026-10-09"},"geometry":{"type":"Polygon","coordinates":[[[100.9055,13.7621],[100.9055,13.761],[100.9083,13.7604],[100.9085,13.7588],[100.9107,13.7588],[100.911,13.7612],[100.9094,13.7612],[100.9077,13.7621],[100.9055,13.7621]]]}},{"type":"Feature","properties":{"kind":"flood","area_km2":0.124,"conf":"low","date":"2026-10-09"},"geometry":{"type":"Polygon","coordinates":[[[100.9658,13.9083],[100.9658,13.9069],[100.9666,13.9064],[100.9669,13.9048],[100.9677,13.9048],[100.9677,13.9056],[100.9686,13.9061],[100.9711,13.9061],[100.9711,13.9069],[100.9702,13.9069],[100.9702,13.908],[100.9677,13.9083],[100.9677,13.9075],[100.9666,13.9075],[100.9666,13.9083],[100.9658,13.9083]]]}},{"type":"Feature","properties":{"kind":"flood","area_km2":0.124,"conf":"low","date":"2026-10-09"},"geometry":{"type":"Polygon","coordinates":[[[100.9633,13.68],[100.9633,13.6784],[100.9644,13.6781],[100.9639,13.6765],[100.965,13.6762],[100.9661,13.6751],[100.9675,13.6751],[100.9678,13.6767],[100.9658,13.6784],[100.9644,13.6789],[100.9642,13.68],[100.9633,13.68]]]}},{"type":"Feature","properties":{"kind":"flood","area_km2":0.124,"conf":"low","date":"2026-10-09"},"geometry":{"type":"Polygon","coordinates":[[[100.7448,13.676],[100.7445,13.6752],[100.7431,13.6752],[100.7431,13.6741],[100.7456,13.6743],[100.7462,13.6738],[100.7476,13.6738],[100.7476,13.6732],[100.7509,13.6729],[100.7506,13.6743],[100.749,13.6746],[100.7487,13.674],[100.7476,13.6741],[100.7476,13.6746],[100.7481,13.6746],[100.7481,13.6754],[100.7459,13.6754],[100.7456,13.676],[100.7448,13.676]]]}},{"type":"Feature","properties":{"kind":"flood","area_km2":0.123,"conf":"low","date":"2026-10-09"},"geometry":{"type":"Polygon","coordinates":[[[100.048,13.9669],[100.048,13.965],[100.0466,13.9647],[100.0464,13.9636],[100.048,13.9633],[100.0483,13.9622],[100.0494,13.9622],[100.0494,13.9617],[100.0502,13.9617],[100.0502,13.9622],[100.0508,13.9625],[100.0508,13.9639],[100.0489,13.9639],[100.0489,13.9652],[100.05,13.9652],[100.05,13.966],[100.0489,13.966],[100.0489,13.9668],[100.048,13.9669]]]}},{"type":"Feature","properties":{"kind":"flood","area_km2":0.123,"conf":"low","date":"2026-10-09"},"geometry":{"type":"Polygon","coordinates":[[[100.8724,13.7911],[100.8719,13.7905],[100.8724,13.7884],[100.8732,13.7878],[100.8732,13.787],[100.8738,13.787],[100.8738,13.7865],[100.8743,13.7865],[100.8749,13.7854],[100.8757,13.7854],[100.8763,13.787],[100.8755,13.7873],[100.8752,13.7881],[100.8746,13.7881],[100.8741,13.7894],[100.8733,13.79],[100.8733,13.7911],[100.8724,13.7911]]]}},{"type":"Feature","properties":{"kind":"flood","area_km2":0.123,"conf":"low","date":"2026-10-09"},"geometry":{"type":"Polygon","coordinates":[[[100.9609,13.7557],[100.9609,13.7549],[100.9626,13.754],[100.9628,13.753],[100.9645,13.7532],[100.9645,13.7524],[100.9651,13.7524],[100.9648,13.7516],[100.9639,13.7516],[100.9639,13.7508],[100.9656,13.7502],[100.9656,13.7508],[100.9667,13.751],[100.9662,13.7527],[100.9648,13.7532],[100.9645,13.7546],[100.9629,13.7554],[100.9609,13.7557]]]}},{"type":"Feature","properties":{"kind":"flood","area_km2":0.123,"conf":"low","date":"2026-10-09"},"geometry":{"type":"Polygon","coordinates":[[[100.9421,13.69],[100.9421,13.6894],[100.9415,13.6891],[100.9415,13.6878],[100.9409,13.6878],[100.941,13.6883],[100.9401,13.6883],[100.9393,13.6867],[100.9393,13.6848],[100.9398,13.6848],[100.9401,13.684],[100.9409,13.684],[100.9421,13.6875],[100.9426,13.6878],[100.9429,13.6899],[100.9421,13.69]],[[100.9404,13.6864],[100.9407,13.6867],[100.9407,13.6864],[100.9404,13.6864]]]}},{"type":"Feature","properties":{"kind":"flood","area_km2":0.122,"conf":"low","date":"2026-10-09"},"geometry":{"type":"Polygon","coordinates":[[[100.9387,13.783],[100.9387,13.7816],[100.9414,13.7794],[100.9434,13.78],[100.9434,13.781],[100.942,13.7824],[100.9414,13.7824],[100.9415,13.783],[100.9403,13.783],[100.9403,13.7822],[100.9395,13.783],[100.9387,13.783]],[[100.9403,13.7819],[100.9406,13.7821],[100.9406,13.7819],[100.9403,13.7819]]]}},{"type":"Feature","properties":{"kind":"flood","area_km2":0.121,"conf":"low","date":"2026-10-09"},"geometry":{"type":"Polygon","coordinates":[[[100.7566,13.9885],[100.7563,13.9866],[100.7641,13.9866],[100.7638,13.9877],[100.7599,13.9874],[100.7588,13.9877],[100.758,13.9885],[100.7566,13.9885]]]}},{"type":"Feature","properties":{"kind":"flood","area_km2":0.121,"conf":"low","date":"2026-10-09"},"geometry":{"type":"Polygon","coordinates":[[[101.0068,13.9313],[101.0062,13.9307],[101.0054,13.9307],[101.0054,13.9297],[101.0062,13.9297],[101.0062,13.9288],[101.0054,13.9288],[101.0054,13.9278],[101.0062,13.9278],[101.0062,13.9283],[101.0068,13.9283],[101.0068,13.9275],[101.0059,13.9272],[101.0059,13.9264],[101.0065,13.9264],[101.0065,13.9259],[101.007,13.9256],[101.0079,13.9256],[101.0079,13.9313],[101.0068,13.9313]]]}},{"type":"Feature","properties":{"kind":"flood","area_km2":0.121,"conf":"low","date":"2026-10-09"},"geometry":{"type":"Polygon","coordinates":[[[100.9231,13.8422],[100.9225,13.8417],[100.9222,13.8398],[100.9225,13.8379],[100.9244,13.8381],[100.9253,13.8411],[100.9253,13.8419],[100.9231,13.8422]]]}},{"type":"Feature","properties":{"kind":"flood","area_km2":0.121,"conf":"low","date":"2026-10-09"},"geometry":{"type":"Polygon","coordinates":[[[100.9613,13.7053],[100.9613,13.7034],[100.9627,13.7033],[100.9627,13.7039],[100.9633,13.7042],[100.963,13.7028],[100.9649,13.7025],[100.9655,13.702],[100.9671,13.702],[100.9669,13.7036],[100.9635,13.7044],[100.9635,13.705],[100.9613,13.7053]]]}},{"type":"Feature","properties":{"kind":"flood","area_km2":0.121,"conf":"low","date":"2026-10-09"},"geometry":{"type":"Polygon","coordinates":[[[100.8967,13.706],[100.8953,13.7058],[100.8953,13.705],[100.8975,13.7039],[100.8975,13.703],[100.8984,13.703],[100.8984,13.7025],[100.8992,13.7025],[100.8995,13.7019],[100.9006,13.7019],[100.9011,13.7011],[100.902,13.7011],[100.902,13.703],[100.9014,13.703],[100.9006,13.7038],[100.9003,13.703],[100.8989,13.703],[100.8989,13.7041],[100.8984,13.7044],[100.8984,13.7049],[100.8975,13.7049],[100.8973,13.7055],[100.8967,13.7055],[100.8967,13.706]]]}},{"type":"Feature","properties":{"kind":"flood","area_km2":0.121,"conf":"low","date":"2026-10-09"},"geometry":{"type":"Polygon","coordinates":[[[100.0647,13.4647],[100.0641,13.4645],[100.0641,13.4626],[100.0635,13.4626],[100.0635,13.4618],[100.0641,13.4618],[100.0641,13.4612],[100.0649,13.4612],[100.0649,13.4607],[100.0657,13.4604],[100.066,13.458],[100.0666,13.4577],[100.0666,13.4593],[100.0688,13.4604],[100.0682,13.4604],[100.0685,13.4612],[100.0671,13.4612],[100.0669,13.4626],[100.0663,13.4626],[100.0663,13.4609],[100.0657,13.4609],[100.066,13.4615],[100.0649,13.4615],[100.0652,13.4639],[100.0647,13.4647]]]}},{"type":"Feature","properties":{"kind":"flood","area_km2":0.121,"conf":"low","date":"2026-10-09"},"geometry":{"type":"Polygon","coordinates":[[[100.7658,14.0004],[100.7658,13.999],[100.7667,13.9988],[100.7664,13.9977],[100.7703,13.9976],[100.7703,13.9993],[100.7694,14.0004],[100.7658,14.0004]],[[100.768,13.9993],[100.7686,13.999],[100.7686,13.9985],[100.7678,13.9985],[100.768,13.9993]]]}},{"type":"Feature","properties":{"kind":"flood","area_km2":0.121,"conf":"low","date":"2026-10-09"},"geometry":{"type":"Polygon","coordinates":[[[100.2901,13.9456],[100.2901,13.9437],[100.292,13.9418],[100.2937,13.9415],[100.2937,13.9421],[100.2948,13.9429],[100.2948,13.944],[100.2931,13.9437],[100.292,13.9448],[100.2909,13.9445],[100.2909,13.9456],[100.2901,13.9456]]]}},{"type":"Feature","properties":{"kind":"flood","area_km2":0.121,"conf":"low","date":"2026-10-09"},"geometry":{"type":"Polygon","coordinates":[[[100.9528,13.8124],[100.9522,13.8108],[100.9514,13.8105],[100.9514,13.8084],[100.95,13.8073],[100.9502,13.8059],[100.9513,13.8054],[100.9516,13.8067],[100.9522,13.8067],[100.9519,13.8089],[100.953,13.81],[100.9542,13.81],[100.9536,13.8124],[100.9528,13.8124]]]}},{"type":"Feature","properties":{"kind":"flood","area_km2":0.121,"conf":"low","date":"2026-10-09"},"geometry":{"type":"Polygon","coordinates":[[[100.8707,13.7442],[100.8707,13.7431],[100.8698,13.7431],[100.8701,13.7426],[100.8687,13.742],[100.8687,13.7412],[100.8695,13.7407],[100.8718,13.7409],[100.872,13.7401],[100.8731,13.7401],[100.8732,13.742],[100.8715,13.7423],[100.8715,13.7428],[100.8723,13.7428],[100.8721,13.7442],[100.8707,13.7442]]]}},{"type":"Feature","properties":{"kind":"flood","area_km2":0.119,"conf":"low","date":"2026-10-09"},"geometry":{"type":"Polygon","coordinates":[[[100.2474,13.9681],[100.2477,13.9662],[100.2485,13.9651],[100.2508,13.9651],[100.2516,13.9662],[100.2516,13.9675],[100.251,13.9678],[100.2474,13.9681]]]}},{"type":"Feature","properties":{"kind":"flood","area_km2":0.119,"conf":"low","date":"2026-10-09"},"geometry":{"type":"Polygon","coordinates":[[[100.927,13.8145],[100.9267,13.8134],[100.9248,13.8116],[100.9248,13.8105],[100.9267,13.8107],[100.927,13.8118],[100.9284,13.8115],[100.9284,13.8121],[100.9292,13.8126],[100.9292,13.8134],[100.9298,13.8134],[100.9298,13.8145],[100.929,13.8145],[100.9289,13.8134],[100.9281,13.8137],[100.9278,13.8145],[100.927,13.8145]]]}},{"type":"Feature","properties":{"kind":"flood","area_km2":0.118,"conf":"low","date":"2026-10-09"},"geometry":{"type":"Polygon","coordinates":[[[100.1154,14.0007],[100.1151,13.9991],[100.1165,13.9985],[100.1143,13.998],[100.1143,13.9991],[100.1129,13.9991],[100.1134,13.9964],[100.1151,13.9967],[100.1154,13.9972],[100.1176,13.9983],[100.1176,13.9991],[100.1168,13.9994],[100.1165,14.0004],[100.1154,14.0007]],[[100.1162,13.998],[100.1165,13.9983],[100.1165,13.998],[100.1162,13.998]]]}},{"type":"Feature","properties":{"kind":"flood","area_km2":0.118,"conf":"low","date":"2026-10-09"},"geometry":{"type":"Polygon","coordinates":[[[100.1771,13.9619],[100.1766,13.9611],[100.1758,13.9611],[100.1757,13.9598],[100.1763,13.9581],[100.1769,13.9581],[100.1766,13.9549],[100.1779,13.9549],[100.1782,13.9576],[100.1774,13.9581],[100.1771,13.9589],[100.1771,13.96],[100.178,13.9606],[100.178,13.9619],[100.1771,13.9619]]]}},{"type":"Feature","properties":{"kind":"flood","area_km2":0.118,"conf":"low","date":"2026-10-09"},"geometry":{"type":"Polygon","coordinates":[[[100.9608,13.7386],[100.9608,13.7381],[100.9586,13.7381],[100.9583,13.737],[100.9616,13.737],[100.9616,13.7362],[100.9624,13.7362],[100.9627,13.7351],[100.9646,13.7351],[100.9646,13.7356],[100.9641,13.7359],[100.9649,13.7359],[100.9649,13.7367],[100.9644,13.7367],[100.9633,13.7378],[100.9619,13.7378],[100.9616,13.7386],[100.9608,13.7386]],[[100.9619,13.737],[100.9627,13.737],[100.9627,13.7364],[100.9621,13.7364],[100.9619,13.737]]]}},{"type":"Feature","properties":{"kind":"flood","area_km2":0.118,"conf":"low","date":"2026-10-09"},"geometry":{"type":"Polygon","coordinates":[[[100.9345,13.6813],[100.9342,13.6797],[100.932,13.6759],[100.9311,13.6721],[100.9319,13.6721],[100.9322,13.6738],[100.9331,13.6743],[100.9336,13.677],[100.9342,13.6773],[100.9342,13.6784],[100.9348,13.6786],[100.9348,13.6797],[100.9353,13.68],[100.9353,13.6813],[100.9345,13.6813]]]}},{"type":"Feature","properties":{"kind":"flood","area_km2":0.118,"conf":"low","date":"2026-10-09"},"geometry":{"type":"Polygon","coordinates":[[[100.9821,13.6316],[100.9821,13.6308],[100.9826,13.6303],[100.9834,13.6303],[100.9837,13.6297],[100.9848,13.6294],[100.9851,13.6281],[100.9859,13.6281],[100.9859,13.6291],[100.9862,13.6286],[100.9873,13.6289],[100.9873,13.6283],[100.9887,13.6286],[100.9887,13.6294],[100.987,13.6302],[100.9857,13.6302],[100.9854,13.6308],[100.9846,13.6308],[100.984,13.6313],[100.9821,13.6316]]]}},{"type":"Feature","properties":{"kind":"flood","area_km2":0.117,"conf":"low","date":"2026-10-09"},"geometry":{"type":"Polygon","coordinates":[[[100.1803,13.9901],[100.1798,13.9888],[100.1815,13.989],[100.1828,13.9877],[100.1828,13.9871],[100.1809,13.9866],[100.1809,13.9858],[100.1825,13.986],[100.1831,13.9863],[100.1831,13.9868],[100.1842,13.9868],[100.1842,13.9895],[100.1803,13.9901]]]}},{"type":"Feature","properties":{"kind":"flood","area_km2":0.116,"conf":"low","date":"2026-10-09"},"geometry":{"type":"Polygon","coordinates":[[[100.8961,14.001],[100.8958,13.9994],[100.9005,13.9994],[100.9011,13.9996],[100.9011,14.0002],[100.9027,14.0002],[100.9027,14.001],[100.8961,14.001]]]}},{"type":"Feature","properties":{"kind":"flood","area_km2":0.116,"conf":"low","date":"2026-10-09"},"geometry":{"type":"Polygon","coordinates":[[[100.9603,13.8465],[100.9592,13.8457],[100.9567,13.8455],[100.9564,13.8441],[100.9581,13.8441],[100.9589,13.8427],[100.96,13.8427],[100.96,13.8444],[100.9611,13.8457],[100.9611,13.8465],[100.9603,13.8465]]]}},{"type":"Feature","properties":{"kind":"flood","area_km2":0.116,"conf":"low","date":"2026-10-09"},"geometry":{"type":"Polygon","coordinates":[[[100.9254,13.8164],[100.9254,13.8159],[100.9242,13.8151],[100.924,13.8137],[100.9217,13.8113],[100.9217,13.8105],[100.9234,13.8108],[100.9259,13.814],[100.9259,13.8145],[100.9265,13.8148],[100.9265,13.8159],[100.9256,13.8159],[100.9254,13.8164]]]}},{"type":"Feature","properties":{"kind":"flood","area_km2":0.115,"conf":"low","date":"2026-10-09"},"geometry":{"type":"Polygon","coordinates":[[[100.2838,13.9638],[100.2835,13.9633],[100.2824,13.9633],[100.2824,13.9625],[100.2849,13.9606],[100.2857,13.9606],[100.286,13.96],[100.2874,13.9603],[100.2874,13.9614],[100.2879,13.9614],[100.288,13.9622],[100.2871,13.9622],[100.2871,13.9614],[100.2866,13.9614],[100.286,13.9625],[100.2846,13.9627],[100.2846,13.9638],[100.2838,13.9638]]]}},{"type":"Feature","properties":{"kind":"flood","area_km2":0.115,"conf":"low","date":"2026-10-09"},"geometry":{"type":"Polygon","coordinates":[[[100.9408,13.8708],[100.9394,13.8705],[100.9391,13.8695],[100.938,13.8695],[100.9383,13.8681],[100.9419,13.8678],[100.9441,13.8683],[100.9441,13.8692],[100.9424,13.8689],[100.9408,13.8697],[100.9408,13.8708]]]}},{"type":"Feature","properties":{"kind":"flood","area_km2":0.115,"conf":"low","date":"2026-10-09"},"geometry":{"type":"Polygon","coordinates":[[[100.7957,13.8348],[100.7962,13.8299],[100.7973,13.8288],[100.7973,13.8299],[100.7987,13.8301],[100.799,13.8323],[100.7976,13.8323],[100.7973,13.8334],[100.7968,13.8337],[100.7968,13.8345],[100.7957,13.8348]]]}},{"type":"Feature","properties":{"kind":"flood","area_km2":0.115,"conf":"low","date":"2026-10-09"},"geometry":{"type":"Polygon","coordinates":[[[100.8673,13.7312],[100.8675,13.7298],[100.8661,13.7301],[100.8658,13.728],[100.8667,13.728],[100.8667,13.7274],[100.8683,13.7274],[100.8689,13.7266],[100.8697,13.7266],[100.8697,13.7274],[100.8689,13.7282],[100.8678,13.7285],[100.8692,13.729],[100.8692,13.7304],[100.8681,13.7312],[100.8673,13.7312]],[[100.8672,13.7288],[100.8675,13.729],[100.8675,13.7288],[100.8672,13.7288]]]}},{"type":"Feature","properties":{"kind":"flood","area_km2":0.114,"conf":"low","date":"2026-10-09"},"geometry":{"type":"Polygon","coordinates":[[[100.0946,13.9547],[100.0941,13.9542],[100.0932,13.9542],[100.0938,13.952],[100.0943,13.9517],[100.0949,13.9504],[100.0968,13.9506],[100.0974,13.9512],[100.0974,13.9523],[100.096,13.9523],[100.0957,13.9544],[100.0946,13.9547]],[[100.0941,13.9539],[100.0949,13.9539],[100.0949,13.9531],[100.0941,13.9531],[100.0941,13.9539]]]}},{"type":"Feature","properties":{"kind":"flood","area_km2":0.114,"conf":"low","date":"2026-10-09"},"geometry":{"type":"Polygon","coordinates":[[[100.9936,13.882],[100.9933,13.8801],[100.9928,13.8801],[100.9928,13.8788],[100.9941,13.8791],[100.9941,13.878],[100.9955,13.8777],[100.9952,13.8771],[100.9944,13.8777],[100.9944,13.8766],[100.9961,13.8766],[100.9964,13.8779],[100.9958,13.8782],[100.9958,13.8812],[100.995,13.8807],[100.9939,13.8807],[100.9936,13.882]]]}},{"type":"Feature","properties":{"kind":"flood","area_km2":0.113,"conf":"low","date":"2026-10-09"},"geometry":{"type":"Polygon","coordinates":[[[100.9969,13.9143],[100.9969,13.9132],[100.9967,13.914],[100.9961,13.914],[100.9958,13.911],[100.9977,13.911],[100.9977,13.9099],[100.9988,13.9097],[100.9986,13.9132],[100.9981,13.9143],[100.9969,13.9143]]]}},{"type":"Feature","properties":{"kind":"flood","area_km2":0.113,"conf":"low","date":"2026-10-09"},"geometry":{"type":"Polygon","coordinates":[[[100.1669,13.9094],[100.1669,13.9069],[100.1644,13.9072],[100.1644,13.9061],[100.1666,13.9058],[100.1669,13.9047],[100.1677,13.9047],[100.1683,13.9056],[100.1685,13.9083],[100.1683,13.9088],[100.1677,13.9088],[100.1677,13.9094],[100.1669,13.9094]]]}},{"type":"Feature","properties":{"kind":"flood","area_km2":0.113,"conf":"low","date":"2026-10-09"},"geometry":{"type":"Polygon","coordinates":[[[100.9209,13.7107],[100.9209,13.7094],[100.92,13.7091],[100.9212,13.7088],[100.9211,13.7083],[100.9228,13.7072],[100.9228,13.7066],[100.9217,13.7069],[100.9217,13.7061],[100.9239,13.7064],[100.9239,13.7072],[100.9245,13.7072],[100.9242,13.7058],[100.9253,13.7058],[100.9253,13.7074],[100.9245,13.7074],[100.9245,13.708],[100.9231,13.7094],[100.9214,13.7091],[100.9214,13.7107],[100.9209,13.7107]]]}},{"type":"Feature","properties":{"kind":"flood","area_km2":0.113,"conf":"low","date":"2026-10-09"},"geometry":{"type":"Polygon","coordinates":[[[100.8382,13.7002],[100.8376,13.6994],[100.8376,13.6981],[100.8365,13.6978],[100.8367,13.6959],[100.8376,13.6959],[100.8381,13.6964],[100.8384,13.6959],[100.8395,13.6959],[100.8395,13.6975],[100.8379,13.6973],[100.8379,13.6981],[100.8398,13.6978],[100.8398,13.6986],[100.839,13.6986],[100.839,13.6991],[100.8404,13.6991],[100.8404,13.7],[100.8382,13.7002]]]}},{"type":"Feature","properties":{"kind":"flood","area_km2":0.113,"conf":"low","date":"2026-10-09"},"geometry":{"type":"Polygon","coordinates":[[[100.9138,13.6858],[100.9138,13.6853],[100.9126,13.6848],[100.9126,13.6837],[100.9121,13.6834],[100.9121,13.6821],[100.9115,13.6818],[100.9112,13.6796],[100.9123,13.6796],[100.9129,13.6812],[100.9143,13.6815],[100.9143,13.6823],[100.9135,13.6826],[100.9137,13.6837],[100.9143,13.6839],[100.9146,13.6858],[100.9138,13.6858]]]}},{"type":"Feature","properties":{"kind":"flood","area_km2":0.113,"conf":"low","date":"2026-10-09"},"geometry":{"type":"Polygon","coordinates":[[[100.8974,13.8237],[100.8971,13.8223],[100.896,13.821],[100.896,13.8196],[100.8968,13.8191],[100.8976,13.8191],[100.8993,13.8212],[100.8993,13.8221],[100.8988,13.8221],[100.8988,13.8231],[100.8982,13.8237],[100.8974,13.8237]]]}},{"type":"Feature","properties":{"kind":"flood","area_km2":0.113,"conf":"low","date":"2026-10-09"},"geometry":{"type":"Polygon","coordinates":[[[100.9765,13.797],[100.9749,13.7965],[100.9746,13.7952],[100.9729,13.7949],[100.9729,13.7944],[100.9712,13.7928],[100.9712,13.7919],[100.9734,13.7925],[100.9746,13.7935],[100.9746,13.7941],[100.9765,13.796],[100.9765,13.797]]]}},{"type":"Feature","properties":{"kind":"flood","area_km2":0.113,"conf":"low","date":"2026-10-09"},"geometry":{"type":"Polygon","coordinates":[[[100.9178,13.6327],[100.9172,13.6319],[100.9161,13.6319],[100.9161,13.6308],[100.9166,13.6305],[100.9169,13.6294],[100.9186,13.6297],[100.9186,13.6305],[100.9175,13.6305],[100.9175,13.631],[100.918,13.6313],[100.92,13.6313],[100.92,13.6307],[100.9213,13.6305],[100.9214,13.6321],[100.9178,13.6327]]]}},{"type":"Feature","properties":{"kind":"flood","area_km2":0.113,"conf":"low","date":"2026-10-09"},"geometry":{"type":"Polygon","coordinates":[[[100.0422,13.0835],[100.0411,13.0829],[100.0392,13.0832],[100.0389,13.0821],[100.0378,13.0821],[100.0378,13.0808],[100.0395,13.0805],[100.0397,13.0816],[100.0433,13.0818],[100.0433,13.0832],[100.0422,13.0835]]]}},{"type":"Feature","properties":{"kind":"flood","area_km2":0.112,"conf":"low","date":"2026-10-09"},"geometry":{"type":"Polygon","coordinates":[[[100.4073,13.9973],[100.4067,13.9965],[100.407,13.9954],[100.4103,13.9946],[100.4112,13.9946],[100.4117,13.9951],[100.4117,13.9962],[100.4112,13.9967],[100.4073,13.9973]]]}},{"type":"Feature","properties":{"kind":"flood","area_km2":0.112,"conf":"low","date":"2026-10-09"},"geometry":{"type":"Polygon","coordinates":[[[100.9218,13.9943],[100.9213,13.9938],[100.9185,13.9933],[100.9188,13.9908],[100.9207,13.9911],[100.9207,13.9919],[100.9199,13.9922],[100.9207,13.9922],[100.9213,13.9927],[100.9213,13.9935],[100.9232,13.9935],[100.9232,13.9924],[100.924,13.9921],[100.9241,13.994],[100.9218,13.9943]]]}},{"type":"Feature","properties":{"kind":"flood","area_km2":0.112,"conf":"low","date":"2026-10-09"},"geometry":{"type":"Polygon","coordinates":[[[100.8315,13.8044],[100.8318,13.803],[100.8309,13.8025],[100.8306,13.8017],[100.8306,13.7995],[100.8317,13.7995],[100.834,13.8019],[100.834,13.8028],[100.8329,13.803],[100.8323,13.8036],[100.8323,13.8044],[100.8315,13.8044]]]}},{"type":"Feature","properties":{"kind":"flood","area_km2":0.112,"conf":"low","date":"2026-10-09"},"geometry":{"type":"Polygon","coordinates":[[[100.8318,13.7328],[100.8318,13.7323],[100.8304,13.732],[100.8304,13.7301],[100.8298,13.7299],[100.8298,13.7285],[100.8309,13.7277],[100.8317,13.7277],[100.8317,13.729],[100.8312,13.7293],[100.8317,13.7301],[100.8317,13.7312],[100.8329,13.7312],[100.8329,13.7317],[100.8337,13.7317],[100.8337,13.7325],[100.8318,13.7328]]]}},{"type":"Feature","properties":{"kind":"flood","area_km2":0.112,"conf":"low","date":"2026-10-09"},"geometry":{"type":"Polygon","coordinates":[[[100.8948,13.6068],[100.8945,13.6063],[100.894,13.6063],[100.8945,13.6041],[100.894,13.6041],[100.8937,13.6028],[100.8945,13.6027],[100.8945,13.6033],[100.8956,13.6033],[100.8956,13.6041],[100.8973,13.6035],[100.8973,13.6044],[100.8967,13.6049],[100.897,13.6065],[100.8948,13.6068]]]}},{"type":"Feature","properties":{"kind":"flood","area_km2":0.111,"conf":"low","date":"2026-10-09"},"geometry":{"type":"Polygon","coordinates":[[[100.0418,14.0024],[100.0407,14.0021],[100.0404,14.0016],[100.0404,14.0008],[100.0418,14.0002],[100.0407,14.0],[100.041,13.9989],[100.0418,13.9989],[100.0426,14.0],[100.0443,14.0],[100.0443,14.0019],[100.0418,14.0024]]]}},{"type":"Feature","properties":{"kind":"flood","area_km2":0.111,"conf":"low","date":"2026-10-09"},"geometry":{"type":"Polygon","coordinates":[[[101.0061,13.8114],[101.006,13.8109],[101.0055,13.8109],[101.0055,13.8104],[101.0041,13.8093],[101.0041,13.8071],[101.0049,13.8071],[101.0049,13.8077],[101.0068,13.8071],[101.0069,13.8114],[101.0061,13.8114]]]}},{"type":"Feature","properties":{"kind":"flood","area_km2":0.11,"conf":"low","date":"2026-10-09"},"geometry":{"type":"Polygon","coordinates":[[[100.4234,13.9484],[100.4234,13.9476],[100.4225,13.9476],[100.4225,13.9468],[100.4234,13.9465],[100.4245,13.9451],[100.4256,13.9449],[100.4256,13.9443],[100.4264,13.9443],[100.4267,13.9459],[100.4256,13.9465],[100.4259,13.9478],[100.4234,13.9484]]]}},{"type":"Feature","properties":{"kind":"flood","area_km2":0.11,"conf":"low","date":"2026-10-09"},"geometry":{"type":"Polygon","coordinates":[[[100.96,13.9162],[100.9592,13.9157],[100.9592,13.9146],[100.9609,13.9143],[100.9606,13.9129],[100.9614,13.9129],[100.9617,13.914],[100.9634,13.914],[100.9634,13.9159],[100.96,13.9162]]]}},{"type":"Feature","properties":{"kind":"flood","area_km2":0.11,"conf":"low","date":"2026-10-09"},"geometry":{"type":"Polygon","coordinates":[[[100.9706,13.8573],[100.9706,13.8565],[100.969,13.8565],[100.9692,13.854],[100.9723,13.8543],[100.9731,13.8551],[100.9731,13.8556],[100.9737,13.8556],[100.9737,13.8562],[100.9717,13.8562],[100.9712,13.8565],[100.9712,13.8573],[100.9706,13.8573]]]}},{"type":"Feature","properties":{"kind":"flood","area_km2":0.11,"conf":"low","date":"2026-10-09"},"geometry":{"type":"Polygon","coordinates":[[[100.1549,13.844],[100.1549,13.843],[100.1563,13.8421],[100.1568,13.8427],[100.1588,13.8424],[100.1591,13.841],[100.1599,13.841],[100.1604,13.8416],[100.1604,13.8429],[100.1599,13.8438],[100.1585,13.8435],[100.1582,13.844],[100.1549,13.844]]]}},{"type":"Feature","properties":{"kind":"flood","area_km2":0.11,"conf":"low","date":"2026-10-09"},"geometry":{"type":"Polygon","coordinates":[[[100.8944,13.8332],[100.8944,13.8316],[100.8936,13.8305],[100.8936,13.8294],[100.8941,13.8291],[100.8933,13.8292],[100.8933,13.8278],[100.8938,13.8278],[100.8938,13.8267],[100.8946,13.8267],[100.8947,13.8286],[100.8952,13.8286],[100.8952,13.83],[100.8958,13.8299],[100.8958,13.8321],[100.8953,13.8332],[100.8944,13.8332]],[[100.8941,13.8289],[100.8944,13.8291],[100.8944,13.8289],[100.8941,13.8289]]]}},{"type":"Feature","properties":{"kind":"flood","area_km2":0.11,"conf":"low","date":"2026-10-09"},"geometry":{"type":"Polygon","coordinates":[[[100.9371,13.6564],[100.9371,13.6558],[100.9362,13.6558],[100.9365,13.6545],[100.9371,13.6539],[100.9379,13.6539],[100.9379,13.6528],[100.939,13.6523],[100.9393,13.6509],[100.9412,13.6506],[100.9415,13.6517],[100.9407,13.6523],[100.9407,13.6531],[100.9393,13.6531],[100.9393,13.6536],[100.9387,13.6536],[100.9387,13.6542],[100.9374,13.6553],[100.9371,13.6564]]]}},{"type":"Feature","properties":{"kind":"flood","area_km2":0.109,"conf":"low","date":"2026-10-09"},"geometry":{"type":"Polygon","coordinates":[[[100.9513,13.9645],[100.951,13.964],[100.9502,13.9643],[100.9504,13.9626],[100.951,13.9626],[100.951,13.9597],[100.9526,13.9596],[100.9527,13.9642],[100.9513,13.9645]]]}},{"type":"Feature","properties":{"kind":"flood","area_km2":0.108,"conf":"low","date":"2026-10-09"},"geometry":{"type":"Polygon","coordinates":[[[100.9866,13.8355],[100.9865,13.833],[100.9832,13.8331],[100.9829,13.8306],[100.9832,13.8312],[100.9849,13.8311],[100.9851,13.8322],[100.9871,13.8319],[100.9882,13.8327],[100.9885,13.8336],[100.9871,13.8336],[100.9874,13.8355],[100.9866,13.8355]]]}},{"type":"Feature","properties":{"kind":"flood","area_km2":0.108,"conf":"low","date":"2026-10-09"},"geometry":{"type":"Polygon","coordinates":[[[100.7554,13.6892],[100.754,13.6873],[100.754,13.6838],[100.7548,13.6838],[100.7549,13.6862],[100.7563,13.6875],[100.7563,13.6881],[100.7585,13.6878],[100.7585,13.6889],[100.7554,13.6892]]]}},{"type":"Feature","properties":{"kind":"flood","area_km2":0.108,"conf":"low","date":"2026-10-09"},"geometry":{"type":"Polygon","coordinates":[[[100.8277,13.6328],[100.8271,13.6323],[100.8254,13.632],[100.8251,13.6298],[100.8282,13.6298],[100.8285,13.6309],[100.829,13.6312],[100.829,13.6328],[100.8277,13.6328]]]}},{"type":"Feature","properties":{"kind":"flood","area_km2":0.108,"conf":"low","date":"2026-10-09"},"geometry":{"type":"Polygon","coordinates":[[[100.9962,13.4363],[100.9965,13.4355],[100.9943,13.4344],[100.9934,13.4336],[100.9932,13.4325],[100.9926,13.4325],[100.9915,13.4315],[100.9915,13.4306],[100.9932,13.4312],[100.9934,13.4323],[100.994,13.4322],[100.9946,13.4333],[100.9962,13.433],[100.9973,13.4349],[100.9973,13.436],[100.9962,13.4363]]]}},{"type":"Feature","properties":{"kind":"flood","area_km2":0.107,"conf":"low","date":"2026-10-09"},"geometry":{"type":"Polygon","coordinates":[[[100.8007,13.8355],[100.8006,13.8328],[100.7995,13.8318],[100.8015,13.832],[100.802,13.8323],[100.802,13.8328],[100.8031,13.8328],[100.8034,13.8323],[100.804,13.8323],[100.8037,13.8304],[100.8056,13.8306],[100.8053,13.8325],[100.8042,13.832],[100.8045,13.8328],[100.804,13.8328],[100.8037,13.8334],[100.8023,13.8331],[100.8018,13.8353],[100.8007,13.8355]]]}},{"type":"Feature","properties":{"kind":"flood","area_km2":0.106,"conf":"low","date":"2026-10-09"},"geometry":{"type":"Polygon","coordinates":[[[100.2001,13.9523],[100.1993,13.9515],[100.2015,13.9515],[100.2015,13.9501],[100.1993,13.9501],[100.1993,13.9483],[100.2007,13.9485],[100.2007,13.9493],[100.2029,13.9493],[100.2029,13.952],[100.2001,13.9523]]]}},{"type":"Feature","properties":{"kind":"flood","area_km2":0.106,"conf":"low","date":"2026-10-09"},"geometry":{"type":"Polygon","coordinates":[[[100.869,13.5631],[100.869,13.5625],[100.8673,13.5626],[100.867,13.5612],[100.8673,13.5617],[100.8687,13.5617],[100.8687,13.5606],[100.8692,13.5615],[100.8701,13.5598],[100.8709,13.5598],[100.8709,13.5604],[100.872,13.5606],[100.8717,13.5625],[100.8706,13.5625],[100.8706,13.5631],[100.869,13.5631]],[[100.8701,13.5617],[100.8706,13.5617],[100.8706,13.5612],[100.8703,13.5612],[100.8701,13.5617]]]}},{"type":"Feature","properties":{"kind":"flood","area_km2":0.105,"conf":"low","date":"2026-10-09"},"geometry":{"type":"Polygon","coordinates":[[[100.1813,13.9125],[100.1794,13.9123],[100.1794,13.9115],[100.1813,13.9104],[100.1813,13.909],[100.1819,13.9085],[100.1835,13.9085],[100.1844,13.9095],[100.1844,13.9104],[100.1819,13.9106],[100.1819,13.9112],[100.1813,13.9115],[100.1813,13.9125]]]}},{"type":"Feature","properties":{"kind":"flood","area_km2":0.105,"conf":"low","date":"2026-10-09"},"geometry":{"type":"Polygon","coordinates":[[[100.9284,13.8807],[100.9284,13.8796],[100.9303,13.8796],[100.9303,13.879],[100.9281,13.8793],[100.9278,13.8782],[100.9331,13.8776],[100.9331,13.8785],[100.9323,13.8785],[100.9312,13.8793],[100.9314,13.8804],[100.9284,13.8807]]]}},{"type":"Feature","properties":{"kind":"flood","area_km2":0.105,"conf":"low","date":"2026-10-09"},"geometry":{"type":"Polygon","coordinates":[[[100.8285,13.8147],[100.8285,13.8142],[100.8277,13.8137],[100.8277,13.8126],[100.8282,13.8126],[100.8282,13.812],[100.8277,13.8118],[100.8277,13.8104],[100.8288,13.8096],[100.8293,13.8104],[100.8288,13.8115],[100.8302,13.8117],[100.8307,13.8134],[100.8296,13.8136],[100.8293,13.8147],[100.8285,13.8147]]]}},{"type":"Feature","properties":{"kind":"flood","area_km2":0.105,"conf":"low","date":"2026-10-09"},"geometry":{"type":"Polygon","coordinates":[[[101.0005,13.7508],[101.0005,13.7502],[100.998,13.7475],[100.998,13.7464],[101.0005,13.747],[101.0002,13.7481],[101.0013,13.748],[101.0019,13.7486],[101.0019,13.7502],[101.0014,13.7508],[101.0005,13.7508]]]}},{"type":"Feature","properties":{"kind":"flood","area_km2":0.105,"conf":"low","date":"2026-10-09"},"geometry":{"type":"Polygon","coordinates":[[[100.8737,13.6756],[100.8737,13.6748],[100.8743,13.6748],[100.8743,13.6737],[100.8732,13.6737],[100.8732,13.6729],[100.8751,13.6728],[100.8751,13.6723],[100.8743,13.6723],[100.8743,13.6718],[100.8759,13.6715],[100.8767,13.6693],[100.8768,13.6704],[100.8773,13.6704],[100.8773,13.6712],[100.8757,13.672],[100.8762,13.6723],[100.8762,13.6728],[100.877,13.6728],[100.8773,13.6745],[100.8762,13.6745],[100.8762,13.6731],[100.8754,13.6728],[100.8751,13.675],[100.8746,13.675],[100.8746,13.6756],[100.8737,13.6756]]]}},{"type":"Feature","properties":{"kind":"flood","area_km2":0.105,"conf":"low","date":"2026-10-09"},"geometry":{"type":"Polygon","coordinates":[[[100.9329,13.6518],[100.9321,13.6513],[100.9309,13.6513],[100.9309,13.6502],[100.9318,13.6486],[100.9326,13.6485],[100.9351,13.6504],[100.9351,13.6512],[100.9329,13.6518]]]}},{"type":"Feature","properties":{"kind":"flood","area_km2":0.104,"conf":"low","date":"2026-10-09"},"geometry":{"type":"Polygon","coordinates":[[[100.9029,13.8478],[100.9026,13.847],[100.9009,13.8473],[100.9009,13.8462],[100.9028,13.8456],[100.9031,13.8448],[100.9034,13.8456],[100.9048,13.8456],[100.9051,13.8445],[100.9056,13.8456],[100.9056,13.8475],[100.9037,13.8472],[100.9037,13.8478],[100.9029,13.8478]],[[100.9051,13.847],[100.9054,13.8472],[100.9054,13.847],[100.9051,13.847]]]}},{"type":"Feature","properties":{"kind":"flood","area_km2":0.104,"conf":"low","date":"2026-10-09"},"geometry":{"type":"Polygon","coordinates":[[[100.8169,13.7817],[100.8169,13.7801],[100.8188,13.7801],[100.8188,13.7787],[100.8199,13.7793],[100.8199,13.7787],[100.8191,13.7782],[100.8191,13.7774],[100.821,13.7771],[100.821,13.7785],[100.8221,13.779],[100.8221,13.7801],[100.8216,13.7801],[100.8213,13.7795],[100.8199,13.7795],[100.8194,13.7806],[100.8183,13.7806],[100.8177,13.7817],[100.8169,13.7817]]]}},{"type":"Feature","properties":{"kind":"flood","area_km2":0.104,"conf":"low","date":"2026-10-09"},"geometry":{"type":"Polygon","coordinates":[[[101.0023,13.7602],[101.0017,13.7592],[101.0006,13.7584],[101.0006,13.757],[101.0,13.7567],[101.0,13.7559],[100.9995,13.7559],[100.9995,13.7548],[101.0003,13.7548],[101.0011,13.7556],[101.0014,13.7567],[101.0025,13.7575],[101.0025,13.7581],[101.0034,13.7583],[101.0037,13.7597],[101.0031,13.7597],[101.0031,13.7602],[101.0023,13.7602]]]}},{"type":"Feature","properties":{"kind":"flood","area_km2":0.104,"conf":"low","date":"2026-10-09"},"geometry":{"type":"Polygon","coordinates":[[[100.8868,13.7121],[100.8868,13.7113],[100.8882,13.7112],[100.8882,13.7099],[100.8895,13.7096],[100.8895,13.7088],[100.8909,13.7074],[100.892,13.7077],[100.8923,13.7093],[100.8918,13.7096],[100.8918,13.7107],[100.8915,13.7093],[100.8907,13.7093],[100.8901,13.7096],[100.8901,13.7102],[100.8895,13.7102],[100.8893,13.7118],[100.8868,13.7121]]]}},{"type":"Feature","properties":{"kind":"flood","area_km2":0.103,"conf":"low","date":"2026-10-09"},"geometry":{"type":"Polygon","coordinates":[[[101.005,13.9776],[101.0036,13.9774],[101.0036,13.9768],[101.0028,13.9769],[101.0028,13.9774],[101.0019,13.9774],[101.0016,13.9769],[101.0016,13.9761],[101.0036,13.9747],[101.0036,13.9736],[101.005,13.9739],[101.005,13.9776]]]}},{"type":"Feature","properties":{"kind":"flood","area_km2":0.103,"conf":"low","date":"2026-10-09"},"geometry":{"type":"Polygon","coordinates":[[[100.8119,13.9607],[100.8116,13.9599],[100.8108,13.9599],[100.8108,13.9591],[100.8119,13.9591],[100.8116,13.9542],[100.8124,13.9542],[100.813,13.9548],[100.8127,13.9561],[100.8132,13.9567],[100.8138,13.9599],[100.8135,13.9588],[100.8122,13.9588],[100.8119,13.9607]]]}},{"type":"Feature","properties":{"kind":"flood","area_km2":0.103,"conf":"low","date":"2026-10-09"},"geometry":{"type":"Polygon","coordinates":[[[100.8465,13.948],[100.8434,13.9477],[100.8434,13.9467],[100.844,13.9467],[100.8443,13.9461],[100.8442,13.9448],[100.8445,13.9461],[100.8459,13.9461],[100.8459,13.9453],[100.8468,13.9453],[100.8467,13.9445],[100.8484,13.9447],[100.8484,13.9458],[100.8476,13.9458],[100.8476,13.9464],[100.8465,13.9464],[100.8465,13.948]],[[100.8462,13.9456],[100.8465,13.9458],[100.8465,13.9456],[100.8462,13.9456]]]}},{"type":"Feature","properties":{"kind":"flood","area_km2":0.103,"conf":"low","date":"2026-10-09"},"geometry":{"type":"Polygon","coordinates":[[[100.9602,13.8631],[100.9601,13.8617],[100.961,13.8617],[100.9612,13.8609],[100.9657,13.8606],[100.966,13.8627],[100.9643,13.863],[100.9638,13.8628],[100.9637,13.8614],[100.9629,13.8614],[100.9626,13.862],[100.9621,13.862],[100.9621,13.8628],[100.9613,13.8625],[100.961,13.8631],[100.9602,13.8631]]]}},{"type":"Feature","properties":{"kind":"flood","area_km2":0.103,"conf":"low","date":"2026-10-09"},"geometry":{"type":"Polygon","coordinates":[[[100.0272,13.0499],[100.0271,13.0458],[100.0285,13.0458],[100.0285,13.0466],[100.028,13.0466],[100.0283,13.0475],[100.0305,13.0475],[100.0308,13.0483],[100.0313,13.0483],[100.0313,13.0491],[100.0291,13.0491],[100.0285,13.0485],[100.028,13.0499],[100.0272,13.0499]]]}},{"type":"Feature","properties":{"kind":"flood","area_km2":0.103,"conf":"low","date":"2026-10-09"},"geometry":{"type":"Polygon","coordinates":[[[100.1403,13.9141],[100.1402,13.9125],[100.1391,13.9125],[100.1389,13.9117],[100.1388,13.9098],[100.1413,13.9097],[100.1422,13.9106],[100.1422,13.9114],[100.1414,13.9114],[100.1411,13.9119],[100.1411,13.9141],[100.1403,13.9141]]]}},{"type":"Feature","properties":{"kind":"flood","area_km2":0.103,"conf":"low","date":"2026-10-09"},"geometry":{"type":"Polygon","coordinates":[[[100.8796,13.8819],[100.8798,13.8794],[100.8793,13.8789],[100.8792,13.8775],[100.8803,13.8772],[100.8806,13.8786],[100.8817,13.8786],[100.8818,13.8799],[100.8823,13.8799],[100.8823,13.8808],[100.882,13.8813],[100.8796,13.8819]],[[100.8809,13.8802],[100.8812,13.8805],[100.8812,13.8802],[100.8809,13.8802]],[[100.8812,13.8799],[100.8815,13.8802],[100.8815,13.8799],[100.8812,13.8799]]]}},{"type":"Feature","properties":{"kind":"flood","area_km2":0.103,"conf":"low","date":"2026-10-09"},"geometry":{"type":"Polygon","coordinates":[[[100.9161,13.7707],[100.9161,13.7699],[100.9147,13.7696],[100.9139,13.7685],[100.9136,13.7666],[100.9161,13.7666],[100.9161,13.7677],[100.9169,13.7693],[100.9169,13.7707],[100.9161,13.7707]]]}},{"type":"Feature","properties":{"kind":"flood","area_km2":0.103,"conf":"low","date":"2026-10-09"},"geometry":{"type":"Polygon","coordinates":[[[100.8439,13.726],[100.8442,13.7243],[100.8414,13.7246],[100.8414,13.7235],[100.8425,13.7235],[100.8425,13.723],[100.8461,13.723],[100.8461,13.724],[100.845,13.724],[100.8453,13.7249],[100.8461,13.7249],[100.8461,13.7257],[100.8439,13.726]]]}},{"type":"Feature","properties":{"kind":"flood","area_km2":0.103,"conf":"low","date":"2026-10-09"},"geometry":{"type":"Polygon","coordinates":[[[100.0472,13.723],[100.0467,13.7225],[100.0464,13.7192],[100.0483,13.719],[100.0494,13.7195],[100.0486,13.7198],[100.0486,13.7208],[100.0494,13.7217],[100.0489,13.7217],[100.0489,13.7225],[100.0483,13.7225],[100.0481,13.723],[100.0472,13.723]]]}},{"type":"Feature","properties":{"kind":"flood","area_km2":0.102,"conf":"low","date":"2026-10-09"},"geometry":{"type":"Polygon","coordinates":[[[100.2699,13.9623],[100.2699,13.9612],[100.2705,13.9612],[100.2716,13.9601],[100.2727,13.9598],[100.2743,13.9584],[100.2763,13.9582],[100.276,13.9593],[100.2749,13.9595],[100.2746,13.9601],[100.2713,13.9617],[100.271,13.9623],[100.2699,13.9623]]]}},{"type":"Feature","properties":{"kind":"flood","area_km2":0.102,"conf":"high","date":"2026-10-09"},"geometry":{"type":"Polygon","coordinates":[[[100.906,13.9286],[100.9063,13.9272],[100.9057,13.9272],[100.9057,13.9264],[100.9063,13.9264],[100.9063,13.9256],[100.9082,13.9253],[100.9082,13.9258],[100.9088,13.9258],[100.9088,13.9272],[100.9093,13.9274],[100.9094,13.9283],[100.906,13.9286]]]}},{"type":"Feature","properties":{"kind":"flood","area_km2":0.102,"conf":"low","date":"2026-10-09"},"geometry":{"type":"Polygon","coordinates":[[[100.8297,13.9281],[100.8299,13.9264],[100.8294,13.9262],[100.8294,13.9248],[100.8305,13.9248],[100.8316,13.9261],[100.8333,13.9264],[100.8327,13.928],[100.8297,13.9281]]]}},{"type":"Feature","properties":{"kind":"flood","area_km2":0.102,"conf":"low","date":"2026-10-09"},"geometry":{"type":"Polygon","coordinates":[[[100.8938,13.8636],[100.893,13.8593],[100.8946,13.859],[100.8958,13.8633],[100.8938,13.8636]]]}},{"type":"Feature","properties":{"kind":"flood","area_km2":0.102,"conf":"low","date":"2026-10-09"},"geometry":{"type":"Polygon","coordinates":[[[100.844,13.7677],[100.844,13.7664],[100.8431,13.7664],[100.8417,13.7645],[100.8417,13.7634],[100.8428,13.7626],[100.8436,13.7626],[100.8439,13.7645],[100.8445,13.765],[100.8445,13.7663],[100.8451,13.7669],[100.8451,13.7677],[100.844,13.7677]]]}},{"type":"Feature","properties":{"kind":"flood","area_km2":0.102,"conf":"low","date":"2026-10-09"},"geometry":{"type":"Polygon","coordinates":[[[100.8178,13.7573],[100.8175,13.756],[100.8186,13.7557],[100.8186,13.7552],[100.8172,13.7552],[100.8172,13.7544],[100.8214,13.754],[100.8214,13.7549],[100.82,13.756],[100.8197,13.7573],[100.8178,13.7573]]]}},{"type":"Feature","properties":{"kind":"flood","area_km2":0.101,"conf":"low","date":"2026-10-09"},"geometry":{"type":"Polygon","coordinates":[[[100.9842,13.955],[100.9834,13.9542],[100.9834,13.9534],[100.984,13.9532],[100.9901,13.9536],[100.9901,13.9545],[100.9842,13.955]]]}},{"type":"Feature","properties":{"kind":"flood","area_km2":0.101,"conf":"low","date":"2026-10-09"},"geometry":{"type":"Polygon","coordinates":[[[100.0921,13.4722],[100.0921,13.4714],[100.0916,13.4714],[100.0913,13.4709],[100.0891,13.4711],[100.0888,13.4706],[100.086,13.4703],[100.0855,13.4684],[100.0863,13.4684],[100.0866,13.469],[100.088,13.4693],[100.0882,13.4698],[100.0896,13.4698],[100.0899,13.4703],[100.0913,13.4703],[100.0916,13.4698],[100.0918,13.4703],[100.0932,13.4709],[100.0932,13.4717],[100.0921,13.4722]],[[100.0927,13.4709],[100.093,13.4711],[100.0929,13.4709],[100.0927,13.4709]]]}},{"type":"Feature","properties":{"kind":"flood","area_km2":0.1,"conf":"low","date":"2026-10-09"},"geometry":{"type":"Polygon","coordinates":[[[100.3187,14.0013],[100.3187,14.0],[100.3198,13.9989],[100.3209,13.9989],[100.3209,13.9978],[100.3212,13.9983],[100.3223,13.9983],[100.3229,14.0],[100.322,14.0],[100.322,14.0005],[100.3215,14.0005],[100.3212,14.0013],[100.3187,14.0013]]]}},{"type":"Feature","properties":{"kind":"flood","area_km2":0.1,"conf":"low","date":"2026-10-09"},"geometry":{"type":"Polygon","coordinates":[[[100.2776,13.9519],[100.2776,13.9511],[100.2782,13.9506],[100.2801,13.9506],[100.2807,13.9497],[100.2826,13.9495],[100.2832,13.9486],[100.2845,13.9486],[100.2845,13.9497],[100.2837,13.9503],[100.2826,13.9503],[100.2818,13.9511],[100.2801,13.9511],[100.2787,13.9519],[100.2776,13.9519]]]}},{"type":"Feature","properties":{"kind":"flood","area_km2":0.1,"conf":"low","date":"2026-10-09"},"geometry":{"type":"Polygon","coordinates":[[[100.1678,13.7656],[100.1675,13.7637],[100.167,13.7637],[100.1667,13.7624],[100.1675,13.7624],[100.1675,13.7632],[100.1703,13.7629],[100.1706,13.7656],[100.1678,13.7656]],[[100.1684,13.7645],[100.1692,13.7648],[100.1692,13.7645],[100.1684,13.7645]],[[100.1695,13.7632],[100.1698,13.7637],[100.1698,13.7632],[100.1695,13.7632]]]}},{"type":"Feature","properties":{"kind":"flood","area_km2":0.1,"conf":"low","date":"2026-10-09"},"geometry":{"type":"Polygon","coordinates":[[[100.9752,13.6666],[100.9749,13.6661],[100.9735,13.6661],[100.9729,13.6656],[100.9729,13.6648],[100.9746,13.6639],[100.9762,13.6639],[100.9768,13.6653],[100.9774,13.6655],[100.9774,13.6664],[100.9752,13.6666]]]}},{"type":"Feature","properties":{"kind":"flood","area_km2":0.099,"conf":"low","date":"2026-10-09"},"geometry":{"type":"Polygon","coordinates":[[[100.9402,13.9934],[100.9401,13.9925],[100.9418,13.992],[100.9426,13.992],[100.9432,13.9925],[100.9435,13.992],[100.9479,13.9922],[100.9471,13.9925],[100.9471,13.9933],[100.9402,13.9934]]]}},{"type":"Feature","properties":{"kind":"flood","area_km2":0.099,"conf":"high","date":"2026-10-09"},"geometry":{"type":"Polygon","coordinates":[[[100.9182,13.923],[100.9137,13.9228],[100.9132,13.9212],[100.9137,13.9212],[100.9137,13.922],[100.9154,13.922],[100.9157,13.9209],[100.9165,13.922],[100.9207,13.9219],[100.9207,13.9214],[100.9212,13.9214],[100.9212,13.9222],[100.9207,13.9227],[100.9182,13.9225],[100.9182,13.923]]]}},{"type":"Feature","properties":{"kind":"flood","area_km2":0.099,"conf":"low","date":"2026-10-09"},"geometry":{"type":"Polygon","coordinates":[[[100.903,13.7252],[100.9027,13.7233],[100.9043,13.7217],[100.9057,13.7217],[100.9057,13.7236],[100.9063,13.7236],[100.9063,13.7244],[100.9055,13.7244],[100.9055,13.7252],[100.9046,13.7252],[100.9046,13.7244],[100.9052,13.7244],[100.9052,13.7236],[100.9046,13.7236],[100.9044,13.725],[100.903,13.7252]]]}},{"type":"Feature","properties":{"kind":"flood","area_km2":0.099,"conf":"low","date":"2026-10-09"},"geometry":{"type":"Polygon","coordinates":[[[100.0991,13.4722],[100.0991,13.4716],[100.0982,13.4716],[100.0982,13.4708],[100.0977,13.4706],[100.0974,13.4711],[100.0966,13.4711],[100.0966,13.4703],[100.0971,13.4703],[100.0971,13.4695],[100.0974,13.47],[100.0977,13.4695],[100.0982,13.4698],[100.0988,13.4684],[100.0999,13.4689],[100.101,13.4684],[100.1004,13.4697],[100.0999,13.4697],[100.1004,13.47],[100.1004,13.4714],[100.0999,13.4722],[100.0991,13.4722]],[[100.0996,13.4706],[100.1002,13.4711],[100.1002,13.4706],[100.0996,13.4706]],[[100.0985,13.4703],[100.0988,13.4708],[100.0988,13.4703],[100.0985,13.4703]]]}},{"type":"Feature","properties":{"kind":"flood","area_km2":0.098,"conf":"low","date":"2026-10-09"},"geometry":{"type":"Polygon","coordinates":[[[100.2487,14.0044],[100.2487,14.0039],[100.2482,14.0039],[100.2482,14.0014],[100.2476,14.0012],[100.2473,13.9998],[100.2465,13.9993],[100.2465,13.9985],[100.2476,13.9985],[100.2479,13.9995],[100.2487,14.0001],[100.2493,14.0012],[100.2493,14.0022],[100.2504,14.003],[100.2504,14.0039],[100.2499,14.0044],[100.2487,14.0044]]]}},{"type":"Feature","properties":{"kind":"flood","area_km2":0.098,"conf":"low","date":"2026-10-09"},"geometry":{"type":"Polygon","coordinates":[[[100.836,13.9592],[100.836,13.9554],[100.8363,13.9543],[100.8371,13.9543],[100.8371,13.9554],[100.838,13.9557],[100.838,13.9584],[100.8369,13.9592],[100.836,13.9592]]]}},{"type":"Feature","properties":{"kind":"flood","area_km2":0.098,"conf":"low","date":"2026-10-09"},"geometry":{"type":"Polygon","coordinates":[[[100.931,13.9563],[100.9306,13.9498],[100.932,13.9495],[100.932,13.9511],[100.9309,13.9511],[100.9309,13.952],[100.932,13.9519],[100.9321,13.956],[100.931,13.9563]]]}},{"type":"Feature","properties":{"kind":"flood","area_km2":0.098,"conf":"low","date":"2026-10-09"},"geometry":{"type":"Polygon","coordinates":[[[100.8898,13.9506],[100.8865,13.9504],[100.8865,13.9499],[100.8854,13.9499],[100.8854,13.9482],[100.8873,13.9482],[100.8873,13.9488],[100.8887,13.9485],[100.889,13.949],[100.8895,13.949],[100.8898,13.9506]]]}},{"type":"Feature","properties":{"kind":"flood","area_km2":0.098,"conf":"low","date":"2026-10-09"},"geometry":{"type":"Polygon","coordinates":[[[100.1482,13.9558],[100.148,13.9547],[100.1452,13.9547],[100.1452,13.9529],[100.1457,13.952],[100.1468,13.952],[100.1468,13.9537],[100.1482,13.9534],[100.1482,13.9542],[100.1493,13.9542],[100.1493,13.9558],[100.1482,13.9558]]]}},{"type":"Feature","properties":{"kind":"flood","area_km2":0.098,"conf":"low","date":"2026-10-09"},"geometry":{"type":"Polygon","coordinates":[[[100.9628,13.946],[100.9625,13.9449],[100.9639,13.9446],[100.9625,13.9446],[100.9625,13.9436],[100.9655,13.9433],[100.9656,13.9441],[100.9667,13.9446],[100.9667,13.9454],[100.9628,13.946]]]}},{"type":"Feature","properties":{"kind":"flood","area_km2":0.098,"conf":"low","date":"2026-10-09"},"geometry":{"type":"Polygon","coordinates":[[[100.9414,13.8797],[100.9414,13.8789],[100.9395,13.879],[100.9392,13.8771],[100.94,13.877],[100.9406,13.8776],[100.9425,13.8773],[100.9439,13.8778],[100.9439,13.8792],[100.9425,13.8792],[100.9423,13.8797],[100.9414,13.8797]]]}},{"type":"Feature","properties":{"kind":"flood","area_km2":0.098,"conf":"low","date":"2026-10-09"},"geometry":{"type":"Polygon","coordinates":[[[100.9535,13.6947],[100.9535,13.6937],[100.9557,13.6934],[100.9557,13.6926],[100.9587,13.6925],[100.9585,13.6942],[100.9562,13.6942],[100.9563,13.6947],[100.9535,13.6947]],[[100.9557,13.6939],[100.9562,13.6939],[100.9562,13.6936],[100.9557,13.6934],[100.9557,13.6939]]]}},{"type":"Feature","properties":{"kind":"flood","area_km2":0.097,"conf":"low","date":"2026-10-09"},"geometry":{"type":"Polygon","coordinates":[[[100.2422,13.9838],[100.242,13.9833],[100.2403,13.983],[100.2403,13.9822],[100.2411,13.9822],[100.2414,13.9806],[100.2422,13.9806],[100.242,13.9828],[100.2428,13.9827],[100.2433,13.98],[100.2444,13.98],[100.2439,13.9836],[100.2422,13.9838]]]}},{"type":"Feature","properties":{"kind":"flood","area_km2":0.097,"conf":"low","date":"2026-10-09"},"geometry":{"type":"Polygon","coordinates":[[[100.9682,13.9346],[100.9682,13.9338],[100.9741,13.9334],[100.9768,13.9329],[100.9768,13.934],[100.9735,13.9345],[100.9682,13.9346]]]}},{"type":"Feature","properties":{"kind":"flood","area_km2":0.097,"conf":"low","date":"2026-10-09"},"geometry":{"type":"Polygon","coordinates":[[[100.8933,13.7584],[100.8924,13.757],[100.8924,13.7557],[100.8966,13.7557],[100.8966,13.7565],[100.8958,13.7573],[100.8952,13.7573],[100.8941,13.7584],[100.8933,13.7584]]]}},{"type":"Feature","properties":{"kind":"flood","area_km2":0.097,"conf":"low","date":"2026-10-09"},"geometry":{"type":"Polygon","coordinates":[[[100.8864,13.6936],[100.8855,13.6926],[100.8855,13.6917],[100.8844,13.6918],[100.885,13.6901],[100.8838,13.6901],[100.8833,13.6896],[100.8836,13.6885],[100.8852,13.6885],[100.8852,13.6901],[100.8863,13.6904],[100.8872,13.6928],[100.8872,13.6936],[100.8864,13.6936]]]}},{"type":"Feature","properties":{"kind":"flood","area_km2":0.097,"conf":"low","date":"2026-10-09"},"geometry":{"type":"Polygon","coordinates":[[[100.8173,13.6546],[100.817,13.6532],[100.8164,13.6527],[100.8164,13.6519],[100.8175,13.6516],[100.8173,13.6491],[100.8192,13.6489],[100.8192,13.6497],[100.8184,13.6497],[100.8181,13.6516],[100.819,13.6543],[100.8173,13.6546]]]}},{"type":"Feature","properties":{"kind":"flood","area_km2":0.097,"conf":"low","date":"2026-10-09"},"geometry":{"type":"Polygon","coordinates":[[[100.898,13.6252],[100.898,13.6244],[100.8969,13.6239],[100.8969,13.6228],[100.898,13.6228],[100.898,13.6222],[100.8991,13.6211],[100.8999,13.6211],[100.8999,13.6217],[100.9008,13.6225],[100.9008,13.6233],[100.8997,13.6236],[100.8983,13.6231],[100.8983,13.6236],[100.8994,13.6239],[100.8994,13.6247],[100.8991,13.6252],[100.898,13.6252]]]}},{"type":"Feature","properties":{"kind":"flood","area_km2":0.096,"conf":"low","date":"2026-10-09"},"geometry":{"type":"Polygon","coordinates":[[[100.8737,13.9841],[100.8737,13.9828],[100.8731,13.9828],[100.8731,13.982],[100.8726,13.982],[100.8726,13.9828],[100.8723,13.9822],[100.8718,13.9822],[100.872,13.983],[100.8712,13.9828],[100.8715,13.9817],[100.8709,13.9817],[100.8709,13.9809],[100.8742,13.9806],[100.8742,13.9814],[100.8737,13.9814],[100.8737,13.982],[100.8751,13.9822],[100.8754,13.9833],[100.8748,13.983],[100.8748,13.9841],[100.8737,13.9841]]]}},{"type":"Feature","properties":{"kind":"flood","area_km2":0.096,"conf":"low","date":"2026-10-09"},"geometry":{"type":"Polygon","coordinates":[[[100.1389,13.9735],[100.138,13.9719],[100.1375,13.9719],[100.1369,13.9697],[100.1397,13.97],[100.1403,13.9721],[100.14,13.9732],[100.1389,13.9735]],[[100.1389,13.9713],[100.1394,13.9716],[100.1394,13.9713],[100.1389,13.9713]]]}},{"type":"Feature","properties":{"kind":"flood","area_km2":0.096,"conf":"low","date":"2026-10-09"},"geometry":{"type":"Polygon","coordinates":[[[100.8357,13.9462],[100.8354,13.9437],[100.8359,13.9437],[100.8359,13.9408],[100.8353,13.9389],[100.8364,13.9397],[100.837,13.9426],[100.837,13.9459],[100.8357,13.9462]]]}},{"type":"Feature","properties":{"kind":"flood","area_km2":0.096,"conf":"low","date":"2026-10-09"},"geometry":{"type":"Polygon","coordinates":[[[100.8743,13.7417],[100.8743,13.7401],[100.8754,13.739],[100.8767,13.7385],[100.8784,13.7384],[100.8784,13.7398],[100.8779,13.7398],[100.8779,13.7403],[100.877,13.7403],[100.8754,13.7412],[100.8751,13.7417],[100.8743,13.7417]]]}},{"type":"Feature","properties":{"kind":"flood","area_km2":0.096,"conf":"low","date":"2026-10-09"},"geometry":{"type":"Polygon","coordinates":[[[100.7523,13.6835],[100.7526,13.6824],[100.754,13.6824],[100.754,13.6819],[100.7534,13.6816],[100.7534,13.6797],[100.7548,13.6797],[100.7554,13.6802],[100.757,13.6805],[100.7571,13.6818],[100.7554,13.6816],[100.7551,13.6808],[100.7545,13.6808],[100.7548,13.6827],[100.754,13.6827],[100.7537,13.6835],[100.7523,13.6835]]]}},{"type":"Feature","properties":{"kind":"flood","area_km2":0.096,"conf":"low","date":"2026-10-09"},"geometry":{"type":"Polygon","coordinates":[[[100.8734,13.6634],[100.8731,13.6604],[100.875,13.6604],[100.8747,13.6596],[100.8744,13.6596],[100.8745,13.6598],[100.8739,13.6598],[100.8739,13.659],[100.8756,13.6593],[100.8756,13.6587],[100.8764,13.6587],[100.8764,13.6596],[100.8758,13.6596],[100.8758,13.6606],[100.875,13.6606],[100.8753,13.6631],[100.8734,13.6634]],[[100.8742,13.6593],[100.8744,13.6596],[100.8744,13.6593],[100.8742,13.6593]]]}},{"type":"Feature","properties":{"kind":"flood","area_km2":0.096,"conf":"low","date":"2026-10-09"},"geometry":{"type":"Polygon","coordinates":[[[100.8384,13.6536],[100.8381,13.6528],[100.8378,13.6533],[100.837,13.6533],[100.837,13.6523],[100.8364,13.6523],[100.8364,13.6504],[100.8369,13.6498],[100.8383,13.6498],[100.8386,13.6514],[100.8397,13.6512],[100.8397,13.652],[100.8389,13.652],[100.8392,13.6536],[100.8384,13.6536]]]}},{"type":"Feature","properties":{"kind":"flood","area_km2":0.096,"conf":"low","date":"2026-10-09"},"geometry":{"type":"Polygon","coordinates":[[[100.0483,13.081],[100.0469,13.0807],[100.0475,13.0805],[100.0475,13.0799],[100.0453,13.0805],[100.0411,13.0805],[100.0411,13.0797],[100.0436,13.0791],[100.048,13.0791],[100.0483,13.081]]]}},{"type":"Feature","properties":{"kind":"flood","area_km2":0.095,"conf":"low","date":"2026-10-09"},"geometry":{"type":"Polygon","coordinates":[[[100.1947,13.973],[100.1941,13.9724],[100.1941,13.9711],[100.1947,13.9711],[100.1947,13.9716],[100.1955,13.9716],[100.1952,13.9678],[100.1963,13.9678],[100.1969,13.9689],[100.1958,13.9692],[100.1958,13.9708],[100.1972,13.9708],[100.198,13.9713],[100.1978,13.9721],[100.1966,13.9721],[100.1958,13.9724],[100.1958,13.9729],[100.1947,13.973]]]}},{"type":"Feature","properties":{"kind":"flood","area_km2":0.095,"conf":"low","date":"2026-10-09"},"geometry":{"type":"Polygon","coordinates":[[[100.9785,13.9678],[100.9777,13.9673],[100.9771,13.9613],[100.9774,13.9624],[100.9779,13.9627],[100.9793,13.9627],[100.9796,13.9613],[100.9796,13.9676],[100.9785,13.9678]],[[100.9779,13.9654],[100.9793,13.9651],[100.9793,13.9629],[100.9779,13.963],[100.9779,13.9654]]]}},{"type":"Feature","properties":{"kind":"flood","area_km2":0.095,"conf":"low","date":"2026-10-09"},"geometry":{"type":"Polygon","coordinates":[[[100.9806,13.8884],[100.9801,13.8865],[100.9789,13.8862],[100.9789,13.8851],[100.98,13.8851],[100.9803,13.8846],[100.9828,13.8846],[100.9831,13.8856],[100.9812,13.8862],[100.9812,13.8867],[100.9817,13.8867],[100.9817,13.8876],[100.9815,13.8884],[100.9806,13.8884]]]}},{"type":"Feature","properties":{"kind":"flood","area_km2":0.095,"conf":"low","date":"2026-10-09"},"geometry":{"type":"Polygon","coordinates":[[[100.0699,13.7658],[100.0682,13.7652],[100.0682,13.7644],[100.0677,13.7644],[100.0688,13.7642],[100.0688,13.7636],[100.0693,13.7636],[100.0693,13.7642],[100.0704,13.7642],[100.071,13.7639],[100.0707,13.7633],[100.0721,13.7633],[100.0721,13.7639],[100.0732,13.7639],[100.0735,13.7633],[100.0738,13.7641],[100.0746,13.7641],[100.0746,13.7649],[100.0713,13.7644],[100.0699,13.7658]],[[100.0688,13.7644],[100.069,13.7647],[100.069,13.7644],[100.0688,13.7644]]]}},{"type":"Feature","properties":{"kind":"flood","area_km2":0.095,"conf":"low","date":"2026-10-09"},"geometry":{"type":"Polygon","coordinates":[[[100.9184,13.9789],[100.9184,13.9781],[100.9195,13.9773],[100.9214,13.9772],[100.9231,13.978],[100.9245,13.9778],[100.9245,13.9788],[100.9184,13.9789]]]}},{"type":"Feature","properties":{"kind":"flood","area_km2":0.095,"conf":"low","date":"2026-10-09"},"geometry":{"type":"Polygon","coordinates":[[[100.9627,13.9346],[100.9627,13.9324],[100.961,13.933],[100.961,13.9319],[100.9635,13.9314],[100.9635,13.9324],[100.9652,13.933],[100.9652,13.9346],[100.9627,13.9346]]]}},{"type":"Feature","properties":{"kind":"flood","area_km2":0.095,"conf":"low","date":"2026-10-09"},"geometry":{"type":"Polygon","coordinates":[[[100.3472,13.9355],[100.3469,13.9345],[100.348,13.9342],[100.3486,13.9334],[100.3497,13.9331],[100.3516,13.9315],[100.3528,13.9314],[100.3528,13.9325],[100.3522,13.9325],[100.3494,13.9347],[100.3483,13.935],[100.3481,13.9355],[100.3472,13.9355]]]}},{"type":"Feature","properties":{"kind":"flood","area_km2":0.095,"conf":"low","date":"2026-10-09"},"geometry":{"type":"Polygon","coordinates":[[[101.0028,13.9126],[101.0027,13.9088],[101.0033,13.9088],[101.003,13.9074],[101.0035,13.9047],[101.0035,13.9058],[101.0046,13.9058],[101.0044,13.9093],[101.0038,13.9099],[101.0036,13.9126],[101.0028,13.9126]]]}},{"type":"Feature","properties":{"kind":"flood","area_km2":0.095,"conf":"low","date":"2026-10-09"},"geometry":{"type":"Polygon","coordinates":[[[100.8924,13.8953],[100.8894,13.8951],[100.8894,13.894],[100.8908,13.894],[100.8932,13.8931],[100.8932,13.894],[100.8949,13.8942],[100.8969,13.8939],[100.8969,13.8931],[100.8974,13.8934],[100.8971,13.8945],[100.8938,13.8945],[100.8927,13.8948],[100.8924,13.8953]]]}},{"type":"Feature","properties":{"kind":"flood","area_km2":0.095,"conf":"low","date":"2026-10-09"},"geometry":{"type":"Polygon","coordinates":[[[100.901,13.8952],[100.901,13.8939],[100.9002,13.8934],[100.9024,13.8933],[100.9032,13.8928],[100.9032,13.8939],[100.9046,13.8939],[100.9046,13.8928],[100.9035,13.8928],[100.9035,13.8922],[100.9049,13.8925],[100.9049,13.8933],[100.9055,13.8936],[100.9055,13.8944],[100.9049,13.8949],[100.901,13.8952]]]}},{"type":"Feature","properties":{"kind":"flood","area_km2":0.095,"conf":"low","date":"2026-10-09"},"geometry":{"type":"Polygon","coordinates":[[[100.8731,13.7371],[100.8731,13.7355],[100.8725,13.7344],[100.8737,13.7344],[100.8739,13.7333],[100.8748,13.7333],[100.875,13.7328],[100.8762,13.7347],[100.8762,13.7355],[100.8751,13.7358],[100.8748,13.7363],[100.8739,13.7363],[100.8731,13.7371]]]}},{"type":"Feature","properties":{"kind":"flood","area_km2":0.095,"conf":"low","date":"2026-10-09"},"geometry":{"type":"Polygon","coordinates":[[[100.8669,13.7252],[100.865,13.725],[100.865,13.7242],[100.8661,13.7244],[100.8661,13.7239],[100.8653,13.7239],[100.865,13.7228],[100.8675,13.7225],[100.8672,13.7209],[100.8677,13.7209],[100.8677,13.7223],[100.8683,13.7225],[100.8683,13.7231],[100.8689,13.7231],[100.8689,13.7239],[100.868,13.7239],[100.8669,13.7252]]]}},{"type":"Feature","properties":{"kind":"flood","area_km2":0.094,"conf":"low","date":"2026-10-09"},"geometry":{"type":"Polygon","coordinates":[[[100.3056,13.9916],[100.305,13.9903],[100.3045,13.99],[100.3045,13.9892],[100.305,13.9887],[100.3045,13.9887],[100.3045,13.9876],[100.3034,13.9876],[100.3034,13.9868],[100.305,13.9868],[100.3053,13.9878],[100.3059,13.9878],[100.3059,13.9887],[100.3064,13.9889],[100.307,13.9914],[100.3056,13.9916]]]}},{"type":"Feature","properties":{"kind":"flood","area_km2":0.094,"conf":"low","date":"2026-10-09"},"geometry":{"type":"Polygon","coordinates":[[[100.9156,13.8433],[100.9147,13.8412],[100.9134,13.8407],[100.9133,13.8393],[100.9144,13.8393],[100.915,13.8404],[100.9164,13.8404],[100.9164,13.8409],[100.917,13.8412],[100.917,13.8433],[100.9156,13.8433]]]}},{"type":"Feature","properties":{"kind":"flood","area_km2":0.094,"conf":"low","date":"2026-10-09"},"geometry":{"type":"Polygon","coordinates":[[[100.9142,13.7734],[100.9142,13.7726],[100.9136,13.7723],[100.9136,13.7715],[100.9131,13.771],[100.913,13.7694],[100.9125,13.7691],[100.9125,13.7683],[100.9116,13.7675],[100.9116,13.7667],[100.9125,13.7664],[100.9139,13.7696],[100.9144,13.7699],[100.9144,13.7712],[100.915,13.7715],[100.915,13.7734],[100.9142,13.7734]]]}},{"type":"Feature","properties":{"kind":"flood","area_km2":0.094,"conf":"low","date":"2026-10-09"},"geometry":{"type":"Polygon","coordinates":[[[100.9482,13.7268],[100.9479,13.7257],[100.9493,13.7243],[100.9504,13.7241],[100.9507,13.7235],[100.9523,13.7232],[100.9523,13.724],[100.9512,13.7251],[100.9512,13.7257],[100.9501,13.726],[100.9493,13.7268],[100.9482,13.7268]]]}},{"type":"Feature","properties":{"kind":"flood","area_km2":0.094,"conf":"low","date":"2026-10-09"},"geometry":{"type":"Polygon","coordinates":[[[100.8425,13.6462],[100.8419,13.6457],[100.8419,13.6446],[100.843,13.6443],[100.8427,13.643],[100.8435,13.643],[100.8435,13.6438],[100.8447,13.643],[100.846,13.6432],[100.846,13.6441],[100.8455,13.6441],[100.8444,13.6452],[100.8444,13.6457],[100.8433,13.6457],[100.8433,13.6462],[100.8425,13.6462]]]}},{"type":"Feature","properties":{"kind":"flood","area_km2":0.093,"conf":"low","date":"2026-10-09"},"geometry":{"type":"Polygon","coordinates":[[[100.0199,14.006],[100.0199,14.0047],[100.0196,14.0058],[100.0174,14.0058],[100.0174,14.0036],[100.021,14.0036],[100.021,14.0055],[100.0207,14.006],[100.0199,14.006]],[[100.019,14.0041],[100.0193,14.0044],[100.0193,14.0041],[100.019,14.0041]]]}},{"type":"Feature","properties":{"kind":"flood","area_km2":0.093,"conf":"low","date":"2026-10-09"},"geometry":{"type":"Polygon","coordinates":[[[100.8375,13.9288],[100.8338,13.9283],[100.8341,13.9272],[100.8336,13.9272],[100.8336,13.9259],[100.8366,13.9261],[100.8366,13.9269],[100.8358,13.9269],[100.8361,13.9277],[100.8374,13.9275],[100.8375,13.9288]]]}},{"type":"Feature","properties":{"kind":"flood","area_km2":0.093,"conf":"low","date":"2026-10-09"},"geometry":{"type":"Polygon","coordinates":[[[100.1805,13.9041],[100.1802,13.9036],[100.178,13.9039],[100.178,13.9033],[100.1766,13.9033],[100.1785,13.9014],[100.1785,13.9003],[100.1788,13.9017],[100.181,13.9014],[100.181,13.9028],[100.1816,13.903],[100.1807,13.903],[100.1805,13.9041]]]}},{"type":"Feature","properties":{"kind":"flood","area_km2":0.093,"conf":"low","date":"2026-10-09"},"geometry":{"type":"Polygon","coordinates":[[[100.9593,13.6942],[100.959,13.6931],[100.9596,13.692],[100.9607,13.692],[100.9615,13.6914],[100.9643,13.6917],[100.9643,13.6925],[100.9626,13.6925],[100.9626,13.6933],[100.961,13.6931],[100.961,13.6939],[100.9593,13.6942]]]}},{"type":"Feature","properties":{"kind":"flood","area_km2":0.092,"conf":"low","date":"2026-10-09"},"geometry":{"type":"Polygon","coordinates":[[[100.1213,13.9581],[100.1202,13.9565],[100.1202,13.9554],[100.1238,13.9554],[100.1238,13.9565],[100.123,13.957],[100.123,13.9578],[100.1213,13.9581]]]}},{"type":"Feature","properties":{"kind":"flood","area_km2":0.092,"conf":"low","date":"2026-10-09"},"geometry":{"type":"Polygon","coordinates":[[[100.2109,13.9322],[100.2106,13.9303],[100.215,13.93],[100.2148,13.9314],[100.2136,13.9314],[100.2134,13.9322],[100.2109,13.9322]]]}},{"type":"Feature","properties":{"kind":"flood","area_km2":0.092,"conf":"low","date":"2026-10-09"},"geometry":{"type":"Polygon","coordinates":[[[100.8616,13.8221],[100.858,13.8218],[100.8577,13.8205],[100.8588,13.8194],[100.8605,13.8194],[100.861,13.8199],[100.861,13.821],[100.8616,13.8213],[100.8616,13.8221]]]}},{"type":"Feature","properties":{"kind":"flood","area_km2":0.091,"conf":"low","date":"2026-10-09"},"geometry":{"type":"Polygon","coordinates":[[[100.9676,13.9592],[100.9635,13.9587],[100.9632,13.9574],[100.9671,13.9571],[100.9676,13.9592]]]}},{"type":"Feature","properties":{"kind":"flood","area_km2":0.091,"conf":"low","date":"2026-10-09"},"geometry":{"type":"Polygon","coordinates":[[[100.8921,13.7503],[100.8921,13.7494],[100.8932,13.7492],[100.8932,13.7486],[100.8926,13.7484],[100.8926,13.7473],[100.8951,13.7464],[100.8954,13.7475],[100.8951,13.7481],[100.8943,13.7481],[100.8943,13.7486],[100.8954,13.7483],[100.8954,13.7492],[100.8946,13.7492],[100.8932,13.7503],[100.8921,13.7503]]]}},{"type":"Feature","properties":{"kind":"flood","area_km2":0.09,"conf":"low","date":"2026-10-09"},"geometry":{"type":"Polygon","coordinates":[[[100.074,13.9968],[100.0743,13.9944],[100.0757,13.9941],[100.0757,13.9947],[100.0765,13.9947],[100.0762,13.9936],[100.077,13.9936],[100.0776,13.9957],[100.0754,13.9963],[100.0751,13.9968],[100.074,13.9968]]]}},{"type":"Feature","properties":{"kind":"flood","area_km2":0.09,"conf":"low","date":"2026-10-09"},"geometry":{"type":"Polygon","coordinates":[[[100.7634,13.9741],[100.7631,13.973],[100.7651,13.973],[100.7651,13.9725],[100.7667,13.9724],[100.7667,13.973],[100.7673,13.973],[100.7673,13.9724],[100.7689,13.9724],[100.769,13.9738],[100.7684,13.9741],[100.7634,13.9741]]]}},{"type":"Feature","properties":{"kind":"flood","area_km2":0.09,"conf":"low","date":"2026-10-09"},"geometry":{"type":"Polygon","coordinates":[[[100.3081,13.9406],[100.307,13.9393],[100.3072,13.9371],[100.3092,13.9374],[100.31,13.9385],[100.31,13.9393],[100.3092,13.9395],[100.3089,13.9406],[100.3081,13.9406]]]}},{"type":"Feature","properties":{"kind":"flood","area_km2":0.09,"conf":"low","date":"2026-10-09"},"geometry":{"type":"Polygon","coordinates":[[[100.8913,13.8891],[100.8904,13.8883],[100.889,13.8886],[100.8888,13.8872],[100.8876,13.8872],[100.8876,13.8861],[100.8885,13.8861],[100.8896,13.8869],[100.8907,13.8869],[100.891,13.8875],[100.8932,13.8877],[100.8932,13.8888],[100.8913,13.8891]],[[100.8915,13.8888],[100.8924,13.8888],[100.8921,13.888],[100.8918,13.888],[100.8915,13.8888]]]}},{"type":"Feature","properties":{"kind":"flood","area_km2":0.09,"conf":"low","date":"2026-10-09"},"geometry":{"type":"Polygon","coordinates":[[[100.24,13.8252],[100.2397,13.8241],[100.2367,13.8239],[100.2367,13.8228],[100.2403,13.8222],[100.2406,13.8233],[100.2414,13.8238],[100.2414,13.8246],[100.2408,13.8252],[100.24,13.8252]]]}},{"type":"Feature","properties":{"kind":"flood","area_km2":0.09,"conf":"low","date":"2026-10-09"},"geometry":{"type":"Polygon","coordinates":[[[100.8825,13.7609],[100.8827,13.7598],[100.8813,13.7593],[100.8813,13.7582],[100.8816,13.7574],[100.8835,13.7574],[100.8836,13.7582],[100.8847,13.7585],[100.8847,13.7593],[100.8838,13.7598],[100.8836,13.7609],[100.8825,13.7609]]]}},{"type":"Feature","properties":{"kind":"flood","area_km2":0.09,"conf":"low","date":"2026-10-09"},"geometry":{"type":"Polygon","coordinates":[[[100.8423,13.7355],[100.842,13.7349],[100.8407,13.7349],[100.8406,13.7338],[100.8434,13.7341],[100.8445,13.7333],[100.8459,13.7335],[100.8459,13.7346],[100.8448,13.7349],[100.8448,13.7354],[100.8423,13.7355]]]}},{"type":"Feature","properties":{"kind":"flood","area_km2":0.09,"conf":"low","date":"2026-10-09"},"geometry":{"type":"Polygon","coordinates":[[[100.9201,13.6503],[100.9201,13.6486],[100.9204,13.6481],[100.9215,13.6478],[100.922,13.6465],[100.9223,13.6475],[100.9231,13.6475],[100.9231,13.647],[100.924,13.647],[100.924,13.6459],[100.9254,13.6462],[100.9254,13.647],[100.9245,13.647],[100.9243,13.6478],[100.9237,13.6478],[100.9237,13.6483],[100.9218,13.6481],[100.9221,13.6497],[100.9209,13.6497],[100.921,13.6503],[100.9201,13.6503]]]}},{"type":"Feature","properties":{"kind":"flood","area_km2":0.09,"conf":"low","date":"2026-10-09"},"geometry":{"type":"Polygon","coordinates":[[[100.8918,13.6432],[100.8921,13.6421],[100.8937,13.6418],[100.8937,13.6407],[100.8915,13.641],[100.8915,13.6402],[100.894,13.6394],[100.8957,13.6415],[100.8951,13.6421],[100.894,13.6421],[100.894,13.6426],[100.8929,13.6426],[100.8929,13.6432],[100.8918,13.6432]],[[100.8948,13.6412],[100.8951,13.6415],[100.8951,13.6412],[100.8948,13.6412]]]}},{"type":"Feature","properties":{"kind":"flood","area_km2":0.09,"conf":"low","date":"2026-10-09"},"geometry":{"type":"Polygon","coordinates":[[[100.9123,13.5072],[100.9118,13.5069],[100.9115,13.5058],[100.9101,13.5058],[100.9101,13.5066],[100.9095,13.5069],[100.9095,13.5053],[100.9101,13.5053],[100.9101,13.5045],[100.9117,13.5047],[100.9118,13.5053],[100.9126,13.5055],[100.9126,13.5047],[100.9134,13.5036],[100.9148,13.5039],[100.9148,13.5047],[100.9142,13.5047],[100.9137,13.5058],[100.9126,13.5058],[100.9123,13.5072]]]}},{"type":"Feature","properties":{"kind":"flood","area_km2":0.09,"conf":"low","date":"2026-10-09"},"geometry":{"type":"Polygon","coordinates":[[[100.4845,13.5068],[100.4842,13.5063],[100.4828,13.5063],[100.4831,13.5055],[100.4825,13.5055],[100.4825,13.5049],[100.4817,13.5049],[100.4822,13.5044],[100.4814,13.5044],[100.4814,13.5047],[100.4803,13.5047],[100.4803,13.5033],[100.4806,13.5039],[100.4817,13.5041],[100.4825,13.5041],[100.4828,13.5036],[100.4842,13.5041],[100.4842,13.506],[100.4861,13.506],[100.4869,13.5046],[100.4869,13.506],[100.4864,13.5065],[100.4845,13.5068]],[[100.4825,13.5044],[100.4828,13.5049],[100.4828,13.5044],[100.4825,13.5044]],[[100.4811,13.5041],[100.4814,13.5044],[100.4814,13.5041],[100.4811,13.5041]]]}},{"type":"Feature","properties":{"kind":"flood","area_km2":0.089,"conf":"low","date":"2026-10-09"},"geometry":{"type":"Polygon","coordinates":[[[100.9546,13.8929],[100.9546,13.8918],[100.9568,13.8921],[100.9571,13.8916],[100.9621,13.8912],[100.9621,13.8923],[100.9615,13.8923],[100.9615,13.8915],[100.9601,13.8915],[100.9601,13.8926],[100.9593,13.8929],[100.9546,13.8929]]]}},{"type":"Feature","properties":{"kind":"flood","area_km2":0.089,"conf":"low","date":"2026-10-09"},"geometry":{"type":"Polygon","coordinates":[[[100.8472,13.788],[100.8472,13.7875],[100.8461,13.7872],[100.8458,13.785],[100.8483,13.7853],[100.8485,13.7864],[100.8491,13.7867],[100.8491,13.788],[100.8472,13.788]]]}},{"type":"Feature","properties":{"kind":"flood","area_km2":0.089,"conf":"low","date":"2026-10-09"},"geometry":{"type":"Polygon","coordinates":[[[100.9032,13.7854],[100.9029,13.7849],[100.9015,13.7844],[100.9015,13.7835],[100.9021,13.7835],[100.9029,13.7824],[100.9043,13.7822],[100.9048,13.7849],[100.9043,13.7854],[100.9032,13.7854]]]}},{"type":"Feature","properties":{"kind":"flood","area_km2":0.089,"conf":"low","date":"2026-10-09"},"geometry":{"type":"Polygon","coordinates":[[[100.9268,13.5515],[100.9265,13.551],[100.924,13.5496],[100.9254,13.5496],[100.9254,13.5491],[100.926,13.5491],[100.9259,13.5477],[100.9271,13.548],[100.9271,13.5488],[100.9293,13.5485],[100.9296,13.548],[100.9296,13.5491],[100.9285,13.5491],[100.9285,13.5496],[100.9276,13.5496],[100.9276,13.5491],[100.9271,13.5491],[100.9274,13.5515],[100.9268,13.5515]]]}},{"type":"Feature","properties":{"kind":"flood","area_km2":0.089,"conf":"low","date":"2026-10-09"},"geometry":{"type":"Polygon","coordinates":[[[100.0378,13.0783],[100.0378,13.0775],[100.037,13.0775],[100.0367,13.0754],[100.0381,13.0756],[100.0381,13.0775],[100.0392,13.0773],[100.0394,13.0754],[100.0408,13.0753],[100.0406,13.0775],[100.0395,13.0775],[100.0395,13.0783],[100.0378,13.0783]]]}},{"type":"Feature","properties":{"kind":"flood","area_km2":0.088,"conf":"low","date":"2026-10-09"},"geometry":{"type":"Polygon","coordinates":[[[100.7717,14.0003],[100.7714,13.9976],[100.773,13.9979],[100.773,13.9973],[100.7739,13.9973],[100.7739,13.9984],[100.7744,13.9984],[100.7744,14.0001],[100.7717,14.0003]]]}},{"type":"Feature","properties":{"kind":"flood","area_km2":0.088,"conf":"low","date":"2026-10-09"},"geometry":{"type":"Polygon","coordinates":[[[100.2657,13.9533],[100.2657,13.9525],[100.2665,13.9514],[100.2696,13.9501],[100.2701,13.9492],[100.2715,13.9492],[100.2712,13.9503],[100.2701,13.9506],[100.2696,13.9514],[100.2679,13.952],[100.2676,13.9525],[100.2668,13.9525],[100.2665,13.9533],[100.2657,13.9533]]]}},{"type":"Feature","properties":{"kind":"flood","area_km2":0.088,"conf":"low","date":"2026-10-09"},"geometry":{"type":"Polygon","coordinates":[[[100.1099,13.9454],[100.106,13.9454],[100.106,13.9446],[100.1076,13.9443],[100.1088,13.9449],[100.1087,13.9435],[100.1093,13.9435],[100.1093,13.9419],[100.1104,13.9419],[100.1104,13.9446],[100.1099,13.9446],[100.1099,13.9454]]]}},{"type":"Feature","properties":{"kind":"flood","area_km2":0.088,"conf":"low","date":"2026-10-09"},"geometry":{"type":"Polygon","coordinates":[[[100.2313,13.9134],[100.2313,13.9128],[100.228,13.9126],[100.228,13.9118],[100.2299,13.9115],[100.2299,13.9107],[100.2313,13.9107],[100.2313,13.912],[100.2333,13.912],[100.233,13.9131],[100.2313,13.9134]]]}},{"type":"Feature","properties":{"kind":"flood","area_km2":0.088,"conf":"low","date":"2026-10-09"},"geometry":{"type":"Polygon","coordinates":[[[100.9417,13.8757],[100.9417,13.8746],[100.943,13.874],[100.9408,13.8738],[100.9408,13.873],[100.9458,13.8727],[100.9458,13.8735],[100.9439,13.8738],[100.9442,13.8748],[100.9436,13.8754],[100.9417,13.8757]]]}},{"type":"Feature","properties":{"kind":"flood","area_km2":0.088,"conf":"low","date":"2026-10-09"},"geometry":{"type":"Polygon","coordinates":[[[100.9961,13.7131],[100.9966,13.7107],[100.9974,13.7098],[100.9983,13.7098],[100.9983,13.7107],[100.9994,13.7115],[100.9994,13.7125],[100.9983,13.7131],[100.9961,13.7131]]]}},{"type":"Feature","properties":{"kind":"flood","area_km2":0.088,"conf":"low","date":"2026-10-09"},"geometry":{"type":"Polygon","coordinates":[[[100.7504,13.6445],[100.7504,13.6437],[100.7515,13.6428],[100.7523,13.6428],[100.7523,13.6423],[100.7534,13.6423],[100.7534,13.6417],[100.7548,13.642],[100.7546,13.6439],[100.7504,13.6445]]]}},{"type":"Feature","properties":{"kind":"flood","area_km2":0.088,"conf":"low","date":"2026-10-09"},"geometry":{"type":"Polygon","coordinates":[[[100.902,13.6385],[100.9012,13.6379],[100.9009,13.636],[100.902,13.6358],[100.902,13.6347],[100.9025,13.6366],[100.9056,13.6363],[100.9053,13.6371],[100.9048,13.6371],[100.9048,13.6376],[100.9031,13.6377],[100.9031,13.6385],[100.902,13.6385]]]}},{"type":"Feature","properties":{"kind":"flood","area_km2":0.087,"conf":"low","date":"2026-10-09"},"geometry":{"type":"Polygon","coordinates":[[[100.9672,13.911],[100.9664,13.9105],[100.9664,13.9096],[100.9725,13.9091],[100.9719,13.9107],[100.9705,13.9107],[100.9694,13.9102],[100.9692,13.9107],[100.9672,13.911]]]}},{"type":"Feature","properties":{"kind":"flood","area_km2":0.087,"conf":"low","date":"2026-10-09"},"geometry":{"type":"Polygon","coordinates":[[[100.9694,13.709],[100.9697,13.7074],[100.9719,13.7068],[100.9733,13.7071],[100.9733,13.709],[100.9694,13.709]]]}},{"type":"Feature","properties":{"kind":"flood","area_km2":0.087,"conf":"low","date":"2026-10-09"},"geometry":{"type":"Polygon","coordinates":[[[100.8741,13.6452],[100.8732,13.6444],[100.8732,13.6436],[100.8743,13.6433],[100.8743,13.6422],[100.8749,13.6417],[100.8762,13.6417],[100.8763,13.643],[100.8746,13.6433],[100.8746,13.6438],[100.8757,13.6436],[100.8757,13.6441],[100.8765,13.6441],[100.8766,13.6449],[100.8741,13.6452]]]}},{"type":"Feature","properties":{"kind":"flood","area_km2":0.087,"conf":"low","date":"2026-10-09"},"geometry":{"type":"Polygon","coordinates":[[[100.9011,13.5891],[100.9016,13.5864],[100.9027,13.5864],[100.9019,13.5856],[100.9019,13.5845],[100.9027,13.5845],[100.903,13.5859],[100.9044,13.5859],[100.9044,13.5869],[100.903,13.587],[100.903,13.5886],[100.9022,13.5891],[100.9011,13.5891]]]}},{"type":"Feature","properties":{"kind":"flood","area_km2":0.086,"conf":"low","date":"2026-10-09"},"geometry":{"type":"Polygon","coordinates":[[[100.8094,14.0011],[100.8094,14.0003],[100.8111,14.0003],[100.8111,13.9992],[100.8161,14.0],[100.8161,14.0008],[100.8094,14.0011]]]}},{"type":"Feature","properties":{"kind":"flood","area_km2":0.086,"conf":"low","date":"2026-10-09"},"geometry":{"type":"Polygon","coordinates":[[[100.2104,13.9525],[100.2104,13.9512],[100.2093,13.9504],[100.209,13.949],[100.2112,13.949],[100.2115,13.9495],[100.2121,13.9495],[100.2121,13.9517],[100.2113,13.9525],[100.2104,13.9525]]]}},{"type":"Feature","properties":{"kind":"flood","area_km2":0.086,"conf":"low","date":"2026-10-09"},"geometry":{"type":"Polygon","coordinates":[[[100.9438,13.8613],[100.9432,13.8602],[100.9443,13.8602],[100.9443,13.8594],[100.9429,13.8594],[100.9429,13.8586],[100.946,13.8588],[100.9462,13.8596],[100.9468,13.8596],[100.9468,13.8607],[100.9438,13.8613]]]}},{"type":"Feature","properties":{"kind":"flood","area_km2":0.086,"conf":"low","date":"2026-10-09"},"geometry":{"type":"Polygon","coordinates":[[[100.3748,13.8586],[100.3737,13.8578],[100.3737,13.8568],[100.3742,13.8565],[100.3742,13.8559],[100.3756,13.8557],[100.3762,13.854],[100.377,13.854],[100.377,13.8554],[100.3762,13.8557],[100.3762,13.8576],[100.3756,13.8576],[100.3756,13.8586],[100.3748,13.8586]]]}},{"type":"Feature","properties":{"kind":"flood","area_km2":0.086,"conf":"low","date":"2026-10-09"},"geometry":{"type":"Polygon","coordinates":[[[100.8827,13.752],[100.8824,13.7495],[100.8835,13.7492],[100.8838,13.7498],[100.8843,13.7498],[100.8843,13.749],[100.8851,13.749],[100.8851,13.7495],[100.8857,13.7498],[100.8857,13.7509],[100.8841,13.7514],[100.8838,13.752],[100.8827,13.752]]]}},{"type":"Feature","properties":{"kind":"flood","area_km2":0.086,"conf":"low","date":"2026-10-09"},"geometry":{"type":"Polygon","coordinates":[[[100.8708,13.6599],[100.8708,13.6588],[100.8695,13.6585],[100.8694,13.6566],[100.8703,13.6566],[100.8703,13.6572],[100.8717,13.6569],[100.8722,13.6571],[100.8722,13.658],[100.8731,13.6582],[100.8731,13.6593],[100.8708,13.6599]]]}},{"type":"Feature","properties":{"kind":"flood","area_km2":0.086,"conf":"low","date":"2026-10-09"},"geometry":{"type":"Polygon","coordinates":[[[100.8674,13.5395],[100.8674,13.5384],[100.8666,13.5384],[100.8666,13.5376],[100.8674,13.5368],[100.8696,13.537],[100.8696,13.5362],[100.8702,13.536],[100.8699,13.5354],[100.8707,13.5354],[100.8707,13.5376],[100.8688,13.5379],[100.8691,13.5392],[100.8674,13.5395]],[[100.8682,13.5371],[100.8685,13.5373],[100.8685,13.5371],[100.8682,13.5371]],[[100.8699,13.5365],[100.8702,13.537],[100.8702,13.5365],[100.8699,13.5365]]]}},{"type":"Feature","properties":{"kind":"flood","area_km2":0.086,"conf":"low","date":"2026-10-09"},"geometry":{"type":"Polygon","coordinates":[[[100.124,14.0029],[100.124,14.0015],[100.1246,14.001],[100.1257,14.0009],[100.1265,14.0001],[100.1265,13.9996],[100.1273,13.9996],[100.1276,13.9985],[100.1276,13.9996],[100.1282,13.9996],[100.1282,14.0009],[100.1265,14.0015],[100.1254,14.0028],[100.124,14.0029]]]}},{"type":"Feature","properties":{"kind":"flood","area_km2":0.086,"conf":"low","date":"2026-10-09"},"geometry":{"type":"Polygon","coordinates":[[[101.0074,13.9974],[101.0073,13.9936],[101.0068,13.9931],[101.0068,13.9917],[101.007,13.9909],[101.0082,13.9909],[101.0082,13.9974],[101.0074,13.9974]]]}},{"type":"Feature","properties":{"kind":"flood","area_km2":0.086,"conf":"low","date":"2026-10-09"},"geometry":{"type":"Polygon","coordinates":[[[100.7864,13.8999],[100.7862,13.8991],[100.785,13.8988],[100.785,13.8978],[100.7886,13.8975],[100.7887,13.8996],[100.7864,13.8999]],[[100.7875,13.8985],[100.7878,13.8991],[100.7878,13.8985],[100.7875,13.8985]]]}},{"type":"Feature","properties":{"kind":"flood","area_km2":0.086,"conf":"low","date":"2026-10-09"},"geometry":{"type":"Polygon","coordinates":[[[100.9617,13.8766],[100.9616,13.875],[100.9666,13.8749],[100.9666,13.876],[100.9661,13.876],[100.9661,13.8766],[100.965,13.8766],[100.9644,13.876],[100.9625,13.8761],[100.9625,13.8766],[100.9617,13.8766]]]}},{"type":"Feature","properties":{"kind":"flood","area_km2":0.086,"conf":"low","date":"2026-10-09"},"geometry":{"type":"Polygon","coordinates":[[[100.8739,13.8323],[100.8736,13.8288],[100.8744,13.8288],[100.8752,13.829],[100.8761,13.8301],[100.8761,13.8323],[100.8739,13.8323]]]}},{"type":"Feature","properties":{"kind":"flood","area_km2":0.086,"conf":"low","date":"2026-10-09"},"geometry":{"type":"Polygon","coordinates":[[[100.9185,13.7932],[100.9188,13.7918],[100.9182,13.7915],[100.9182,13.7905],[100.9204,13.7902],[100.9204,13.7891],[100.9199,13.7888],[100.9218,13.7888],[100.9213,13.7904],[100.9204,13.791],[100.9204,13.7915],[100.9199,13.7915],[100.9199,13.7929],[100.9185,13.7932]]]}},{"type":"Feature","properties":{"kind":"flood","area_km2":0.086,"conf":"low","date":"2026-10-09"},"geometry":{"type":"Polygon","coordinates":[[[100.8474,13.7842],[100.8469,13.7837],[100.8468,13.7802],[100.8485,13.7799],[100.8485,13.7842],[100.8474,13.7842]]]}},{"type":"Feature","properties":{"kind":"flood","area_km2":0.086,"conf":"low","date":"2026-10-09"},"geometry":{"type":"Polygon","coordinates":[[[100.213,13.4906],[100.2114,13.4901],[100.2119,13.489],[100.2108,13.4888],[100.2108,13.4877],[100.2103,13.4877],[100.21,13.4869],[100.2116,13.4871],[100.2119,13.4866],[100.2122,13.4874],[100.213,13.4874],[100.2133,13.4896],[100.213,13.4906]]]}},{"type":"Feature","properties":{"kind":"flood","area_km2":0.085,"conf":"low","date":"2026-10-09"},"geometry":{"type":"Polygon","coordinates":[[[100.1206,13.9855],[100.1206,13.9847],[100.1195,13.9842],[100.1192,13.9823],[100.1184,13.9823],[100.1186,13.9801],[100.1198,13.9804],[100.1206,13.9836],[100.1214,13.9842],[100.1214,13.9855],[100.1206,13.9855]]]}},{"type":"Feature","properties":{"kind":"flood","area_km2":0.085,"conf":"low","date":"2026-10-09"},"geometry":{"type":"Polygon","coordinates":[[[100.3958,13.9811],[100.395,13.98],[100.395,13.9789],[100.3966,13.9789],[100.3969,13.977],[100.3983,13.9773],[100.3983,13.9781],[100.3977,13.9781],[100.398,13.9795],[100.3969,13.9792],[100.3972,13.9808],[100.3958,13.9811]]]}},{"type":"Feature","properties":{"kind":"flood","area_km2":0.085,"conf":"low","date":"2026-10-09"},"geometry":{"type":"Polygon","coordinates":[[[100.1261,13.9811],[100.1261,13.9787],[100.1267,13.9787],[100.127,13.9779],[100.1278,13.9779],[100.1278,13.9792],[100.1295,13.9792],[100.1295,13.9809],[100.1281,13.9811],[100.1281,13.9806],[100.1273,13.9806],[100.127,13.9811],[100.1261,13.9811]]]}},{"type":"Feature","properties":{"kind":"flood","area_km2":0.085,"conf":"low","date":"2026-10-09"},"geometry":{"type":"Polygon","coordinates":[[[100.2879,13.9559],[100.2876,13.9549],[100.2865,13.9549],[100.2865,13.9538],[100.2873,13.9538],[100.2882,13.9529],[100.2893,13.9529],[100.2901,13.954],[100.2901,13.9551],[100.2896,13.9551],[100.2887,13.9559],[100.2879,13.9559]]]}},{"type":"Feature","properties":{"kind":"flood","area_km2":0.085,"conf":"low","date":"2026-10-09"},"geometry":{"type":"Polygon","coordinates":[[[100.198,13.913],[100.198,13.9122],[100.1972,13.9119],[100.1963,13.9119],[100.1963,13.9127],[100.1955,13.9127],[100.1955,13.9111],[100.1963,13.9106],[100.1966,13.9095],[100.1983,13.9095],[100.198,13.9119],[100.1988,13.9119],[100.1988,13.913],[100.198,13.913]]]}},{"type":"Feature","properties":{"kind":"flood","area_km2":0.085,"conf":"low","date":"2026-10-09"},"geometry":{"type":"Polygon","coordinates":[[[100.2296,13.8575],[100.2291,13.857],[100.2293,13.8553],[100.2318,13.8551],[100.2321,13.8561],[100.2327,13.8564],[100.2327,13.8572],[100.2296,13.8575]],[[100.2307,13.8562],[100.2313,13.8564],[100.2313,13.8562],[100.2307,13.8562]]]}},{"type":"Feature","properties":{"kind":"flood","area_km2":0.085,"conf":"low","date":"2026-10-09"},"geometry":{"type":"Polygon","coordinates":[[[100.9112,13.8108],[100.91,13.8098],[100.91,13.8087],[100.9106,13.8087],[100.9109,13.8079],[100.9122,13.8079],[100.9125,13.8087],[100.9134,13.8092],[100.9134,13.8103],[100.9112,13.8108]]]}},{"type":"Feature","properties":{"kind":"flood","area_km2":0.084,"conf":"low","date":"2026-10-09"},"geometry":{"type":"Polygon","coordinates":[[[100.7575,13.9945],[100.7572,13.9934],[100.7638,13.9933],[100.7638,13.9942],[100.7633,13.9944],[100.7575,13.9945]]]}},{"type":"Feature","properties":{"kind":"flood","area_km2":0.084,"conf":"low","date":"2026-10-09"},"geometry":{"type":"Polygon","coordinates":[[[100.1984,13.9393],[100.1981,13.938],[100.1987,13.9358],[100.1995,13.9358],[100.2003,13.9369],[100.2004,13.9379],[100.2009,13.9382],[100.2009,13.9393],[100.1984,13.9393]]]}},{"type":"Feature","properties":{"kind":"flood","area_km2":0.084,"conf":"low","date":"2026-10-09"},"geometry":{"type":"Polygon","coordinates":[[[100.9793,13.9242],[100.9795,13.9226],[100.9826,13.9223],[100.9826,13.9228],[100.9837,13.9231],[100.9837,13.9239],[100.9829,13.9241],[100.9793,13.9242]]]}},{"type":"Feature","properties":{"kind":"flood","area_km2":0.084,"conf":"low","date":"2026-10-09"},"geometry":{"type":"Polygon","coordinates":[[[100.1559,13.8828],[100.1537,13.8826],[100.1537,13.8812],[100.1545,13.8809],[100.1548,13.8793],[100.1562,13.8793],[100.1562,13.8823],[100.1559,13.8828]]]}},{"type":"Feature","properties":{"kind":"flood","area_km2":0.084,"conf":"low","date":"2026-10-09"},"geometry":{"type":"Polygon","coordinates":[[[100.9365,13.8245],[100.936,13.8234],[100.934,13.8218],[100.934,13.8204],[100.9345,13.8199],[100.9354,13.8199],[100.9359,13.8215],[100.9368,13.8223],[100.9373,13.8223],[100.9373,13.8228],[100.9368,13.8228],[100.9365,13.8245]]]}},{"type":"Feature","properties":{"kind":"flood","area_km2":0.084,"conf":"low","date":"2026-10-09"},"geometry":{"type":"Polygon","coordinates":[[[100.9581,13.8197],[100.9581,13.8189],[100.9567,13.8192],[100.9562,13.8189],[100.9562,13.8181],[100.9578,13.8164],[100.9592,13.8164],[100.9595,13.8197],[100.9581,13.8197]]]}},{"type":"Feature","properties":{"kind":"flood","area_km2":0.084,"conf":"low","date":"2026-10-09"},"geometry":{"type":"Polygon","coordinates":[[[100.9703,13.7144],[100.97,13.7128],[100.9705,13.7122],[100.9719,13.712],[100.9725,13.713],[100.9733,13.713],[100.9733,13.7125],[100.9741,13.7122],[100.9742,13.7136],[100.9736,13.7136],[100.9731,13.7144],[100.9703,13.7144]]]}},{"type":"Feature","properties":{"kind":"flood","area_km2":0.084,"conf":"low","date":"2026-10-09"},"geometry":{"type":"Polygon","coordinates":[[[100.9405,13.6314],[100.9405,13.6306],[100.941,13.6306],[100.9405,13.629],[100.941,13.629],[100.9416,13.6281],[100.943,13.6281],[100.943,13.6292],[100.9438,13.6292],[100.9438,13.63],[100.943,13.6308],[100.9419,13.6306],[100.9419,13.6311],[100.9405,13.6314]],[[100.9427,13.6292],[100.943,13.6295],[100.943,13.6292],[100.9427,13.6292]]]}},{"type":"Feature","properties":{"kind":"flood","area_km2":0.083,"conf":"low","date":"2026-10-09"},"geometry":{"type":"Polygon","coordinates":[[[100.9828,13.9773],[100.9828,13.9754],[100.9816,13.9754],[100.9816,13.9746],[100.9827,13.9746],[100.9827,13.974],[100.9836,13.9735],[100.9841,13.9724],[100.9858,13.9724],[100.9858,13.9732],[100.9836,13.9746],[100.9836,13.9773],[100.9828,13.9773]]]}},{"type":"Feature","properties":{"kind":"flood","area_km2":0.083,"conf":"low","date":"2026-10-09"},"geometry":{"type":"Polygon","coordinates":[[[100.8363,13.9627],[100.836,13.96],[100.8383,13.9597],[100.8383,13.9613],[100.8388,13.9616],[100.8388,13.9624],[100.8363,13.9627]]]}},{"type":"Feature","properties":{"kind":"flood","area_km2":0.083,"conf":"low","date":"2026-10-09"},"geometry":{"type":"Polygon","coordinates":[[[100.8013,13.9597],[100.8013,13.9589],[100.7999,13.9589],[100.7997,13.9581],[100.7993,13.9535],[100.8002,13.9535],[100.8002,13.9549],[100.8007,13.9548],[100.8005,13.9567],[100.801,13.9576],[100.801,13.9586],[100.8022,13.9586],[100.8022,13.9597],[100.8013,13.9597]]]}},{"type":"Feature","properties":{"kind":"flood","area_km2":0.083,"conf":"low","date":"2026-10-09"},"geometry":{"type":"Polygon","coordinates":[[[100.3182,13.9585],[100.3179,13.9577],[100.3171,13.9571],[100.3171,13.956],[100.3179,13.956],[100.3179,13.9566],[100.3187,13.9571],[100.3187,13.9552],[100.3196,13.9552],[100.3199,13.9563],[100.3212,13.9574],[100.3213,13.9582],[100.3193,13.9577],[100.319,13.9585],[100.3182,13.9585]],[[100.3187,13.9571],[100.319,13.9574],[100.319,13.9571],[100.3187,13.9571]]]}},{"type":"Feature","properties":{"kind":"flood","area_km2":0.083,"conf":"low","date":"2026-10-09"},"geometry":{"type":"Polygon","coordinates":[[[100.8048,13.9369],[100.8047,13.9345],[100.8059,13.9345],[100.8047,13.9342],[100.8047,13.9334],[100.8078,13.9336],[100.8075,13.935],[100.807,13.935],[100.807,13.9355],[100.8059,13.9356],[100.8056,13.9369],[100.8048,13.9369]]]}},{"type":"Feature","properties":{"kind":"flood","area_km2":0.083,"conf":"low","date":"2026-10-09"},"geometry":{"type":"Polygon","coordinates":[[[100.9457,13.6628],[100.9457,13.662],[100.9463,13.662],[100.9463,13.6615],[100.9452,13.6615],[100.9443,13.6598],[100.9443,13.659],[100.9451,13.659],[100.9451,13.6585],[100.9463,13.6585],[100.9463,13.6609],[100.9474,13.6612],[100.9474,13.6623],[100.9457,13.6628]]]}},{"type":"Feature","properties":{"kind":"flood","area_km2":0.083,"conf":"low","date":"2026-10-09"},"geometry":{"type":"Polygon","coordinates":[[[100.8824,13.6134],[100.8818,13.6123],[100.881,13.6123],[100.8805,13.6121],[100.8804,13.6115],[100.8796,13.6115],[100.8793,13.6105],[100.8804,13.6104],[100.8807,13.6099],[100.8815,13.6104],[100.8824,13.6104],[100.8824,13.6099],[100.8832,13.6102],[100.8832,13.6126],[100.8827,13.6126],[100.8824,13.6134]],[[100.8818,13.6118],[100.8821,13.6121],[100.8821,13.6118],[100.8818,13.6118]],[[100.8813,13.6118],[100.8818,13.6118],[100.8818,13.6115],[100.8816,13.6113],[100.881,13.6113],[100.8813,13.6118]],[[100.8821,13.6112],[100.8824,13.6115],[100.8824,13.6112],[100.8821,13.6112]],[[100.8807,13.611],[100.881,13.6113],[100.881,13.611],[100.8807,13.611]],[[100.8816,13.611],[100.8821,13.6112],[100.8821,13.611],[100.8816,13.611]]]}},{"type":"Feature","properties":{"kind":"flood","area_km2":0.083,"conf":"low","date":"2026-10-09"},"geometry":{"type":"Polygon","coordinates":[[[100.9757,13.5267],[100.9748,13.5265],[100.9748,13.5251],[100.9753,13.5232],[100.9762,13.5232],[100.9756,13.5254],[100.9762,13.5254],[100.9762,13.5246],[100.9776,13.5243],[100.9781,13.5243],[100.9781,13.5251],[100.9779,13.5262],[100.9757,13.5267]]]}},{"type":"Feature","properties":{"kind":"flood","area_km2":0.083,"conf":"low","date":"2026-10-09"},"geometry":{"type":"Polygon","coordinates":[[[100.9332,13.5162],[100.9323,13.5157],[100.9326,13.5143],[100.9309,13.5146],[100.9315,13.513],[100.9329,13.5132],[100.9332,13.5143],[100.9334,13.5138],[100.9343,13.5138],[100.9343,13.5146],[100.9348,13.5146],[100.9346,13.5162],[100.9332,13.5162]]]}},{"type":"Feature","properties":{"kind":"flood","area_km2":0.083,"conf":"low","date":"2026-10-09"},"geometry":{"type":"Polygon","coordinates":[[[100.1423,13.479],[100.1423,13.4763],[100.1442,13.4763],[100.1442,13.4769],[100.1454,13.4771],[100.1451,13.4777],[100.1445,13.4777],[100.1445,13.4782],[100.1451,13.4782],[100.1451,13.479],[100.1423,13.479]]]}},{"type":"Feature","properties":{"kind":"flood","area_km2":0.082,"conf":"low","date":"2026-10-09"},"geometry":{"type":"Polygon","coordinates":[[[100.8007,13.8833],[100.7999,13.8822],[100.8016,13.8822],[100.8018,13.8816],[100.8027,13.8816],[100.8038,13.8808],[100.8054,13.8813],[100.8052,13.8824],[100.8007,13.8833]]]}},{"type":"Feature","properties":{"kind":"flood","area_km2":0.082,"conf":"low","date":"2026-10-09"},"geometry":{"type":"Polygon","coordinates":[[[100.885,13.8666],[100.8841,13.8645],[100.8838,13.8609],[100.8847,13.8609],[100.8855,13.8626],[100.8858,13.8666],[100.885,13.8666]]]}},{"type":"Feature","properties":{"kind":"flood","area_km2":0.082,"conf":"low","date":"2026-10-09"},"geometry":{"type":"Polygon","coordinates":[[[100.2794,13.8193],[100.2794,13.8185],[100.2786,13.8182],[100.278,13.8171],[100.278,13.8163],[100.2794,13.8166],[100.2788,13.8139],[100.2796,13.8139],[100.2802,13.8155],[100.2802,13.8193],[100.2794,13.8193]]]}},{"type":"Feature","properties":{"kind":"flood","area_km2":0.082,"conf":"low","date":"2026-10-09"},"geometry":{"type":"Polygon","coordinates":[[[100.8569,13.7172],[100.8569,13.7164],[100.8574,13.7158],[100.8583,13.7158],[100.8588,13.7142],[100.8596,13.7142],[100.8599,13.7136],[100.8613,13.7136],[100.861,13.7153],[100.8585,13.7161],[100.8585,13.7169],[100.858,13.7172],[100.8569,13.7172]]]}},{"type":"Feature","properties":{"kind":"flood","area_km2":0.082,"conf":"low","date":"2026-10-09"},"geometry":{"type":"Polygon","coordinates":[[[100.94,13.7095],[100.9403,13.7079],[100.9419,13.7073],[100.9442,13.7073],[100.9442,13.7084],[100.9431,13.7092],[100.942,13.7089],[100.942,13.7095],[100.94,13.7095]]]}},{"type":"Feature","properties":{"kind":"flood","area_km2":0.082,"conf":"low","date":"2026-10-09"},"geometry":{"type":"Polygon","coordinates":[[[100.0227,13.6993],[100.0213,13.699],[100.0213,13.6979],[100.0205,13.6963],[100.0227,13.696],[100.0232,13.6965],[100.0232,13.6957],[100.0241,13.6957],[100.0238,13.6965],[100.0241,13.6971],[100.0235,13.6971],[100.0227,13.6979],[100.0227,13.6993]],[[100.0235,13.6963],[100.0238,13.6965],[100.0238,13.6963],[100.0235,13.6963]]]}},{"type":"Feature","properties":{"kind":"flood","area_km2":0.082,"conf":"low","date":"2026-10-09"},"geometry":{"type":"Polygon","coordinates":[[[100.996,13.6752],[100.996,13.6743],[100.9968,13.6743],[100.9966,13.673],[100.9977,13.6724],[100.9976,13.6711],[100.9985,13.6711],[100.9982,13.6735],[100.9991,13.6735],[100.9991,13.6751],[100.996,13.6752]]]}},{"type":"Feature","properties":{"kind":"flood","area_km2":0.082,"conf":"low","date":"2026-10-09"},"geometry":{"type":"Polygon","coordinates":[[[100.9239,13.67],[100.9233,13.666],[100.9244,13.6657],[100.9247,13.6676],[100.9255,13.6681],[100.9258,13.6697],[100.9239,13.67]]]}},{"type":"Feature","properties":{"kind":"flood","area_km2":0.082,"conf":"low","date":"2026-10-09"},"geometry":{"type":"Polygon","coordinates":[[[100.7648,13.6474],[100.7648,13.646],[100.7629,13.6447],[100.7629,13.6438],[100.7637,13.6438],[100.7637,13.6444],[100.7648,13.6444],[100.7654,13.6449],[100.7673,13.6449],[100.7673,13.646],[100.7662,13.6468],[100.7651,13.6468],[100.7648,13.6474]]]}},{"type":"Feature","properties":{"kind":"flood","area_km2":0.081,"conf":"low","date":"2026-10-09"},"geometry":{"type":"Polygon","coordinates":[[[100.9005,13.7911],[100.9002,13.7898],[100.9007,13.789],[100.9024,13.789],[100.9027,13.7884],[100.9038,13.7884],[100.9038,13.7898],[100.9032,13.7903],[100.9027,13.7903],[100.9021,13.7911],[100.9005,13.7911]]]}},{"type":"Feature","properties":{"kind":"flood","area_km2":0.081,"conf":"low","date":"2026-10-09"},"geometry":{"type":"Polygon","coordinates":[[[100.9861,13.6815],[100.9861,13.6809],[100.985,13.6801],[100.985,13.6785],[100.9858,13.6777],[100.9863,13.6777],[100.9863,13.679],[100.9883,13.6787],[100.9883,13.6796],[100.9872,13.6804],[100.9869,13.6815],[100.9861,13.6815]],[[100.9855,13.6793],[100.9858,13.6798],[100.9861,13.6793],[100.9855,13.6793]]]}},{"type":"Feature","properties":{"kind":"flood","area_km2":0.081,"conf":"low","date":"2026-10-09"},"geometry":{"type":"Polygon","coordinates":[[[100.9202,13.6641],[100.9197,13.6633],[100.9197,13.6619],[100.9191,13.6617],[100.9188,13.6592],[100.9199,13.6595],[100.9199,13.6606],[100.9208,13.6611],[100.9211,13.663],[100.9219,13.6633],[100.9219,13.6641],[100.9202,13.6641]]]}},{"type":"Feature","properties":{"kind":"flood","area_km2":0.081,"conf":"low","date":"2026-10-09"},"geometry":{"type":"Polygon","coordinates":[[[100.0413,13.0602],[100.0416,13.0585],[100.0435,13.0582],[100.0435,13.0577],[100.046,13.058],[100.046,13.0588],[100.0455,13.0591],[100.0413,13.0602]]]}},{"type":"Feature","properties":{"kind":"flood","area_km2":0.08,"conf":"low","date":"2026-10-09"},"geometry":{"type":"Polygon","coordinates":[[[100.0499,14.0062],[100.0496,14.0048],[100.049,14.0048],[100.049,14.0054],[100.0479,14.0054],[100.0463,14.0051],[100.0463,14.0043],[100.0482,14.004],[100.0482,14.0045],[100.049,14.0045],[100.0493,14.0029],[100.0504,14.0029],[100.0507,14.0062],[100.0499,14.0062]]]}},{"type":"Feature","properties":{"kind":"flood","area_km2":0.08,"conf":"low","date":"2026-10-09"},"geometry":{"type":"Polygon","coordinates":[[[100.8022,13.9993],[100.8022,13.9985],[100.8027,13.9982],[100.8083,13.9979],[100.8083,13.999],[100.8022,13.9993]]]}},{"type":"Feature","properties":{"kind":"flood","area_km2":0.08,"conf":"low","date":"2026-10-09"},"geometry":{"type":"Polygon","coordinates":[[[100.9777,13.8754],[100.9783,13.8735],[100.981,13.8729],[100.9811,13.8754],[100.9777,13.8754]]]}},{"type":"Feature","properties":{"kind":"flood","area_km2":0.08,"conf":"low","date":"2026-10-09"},"geometry":{"type":"Polygon","coordinates":[[[101.0043,13.774],[101.0032,13.773],[101.0027,13.7711],[101.0015,13.7703],[101.0015,13.7692],[101.0024,13.7692],[101.0038,13.7708],[101.0038,13.7716],[101.0049,13.7721],[101.0052,13.774],[101.0043,13.774]]]}},{"type":"Feature","properties":{"kind":"flood","area_km2":0.08,"conf":"low","date":"2026-10-09"},"geometry":{"type":"Polygon","coordinates":[[[100.892,13.7413],[100.892,13.7402],[100.8928,13.7402],[100.8925,13.7378],[100.8939,13.7378],[100.8936,13.7364],[100.8945,13.7364],[100.8945,13.7386],[100.8956,13.7388],[100.895,13.7389],[100.8942,13.7399],[100.8931,13.74],[100.8931,13.741],[100.892,13.7413]]]}},{"type":"Feature","properties":{"kind":"flood","area_km2":0.08,"conf":"low","date":"2026-10-09"},"geometry":{"type":"Polygon","coordinates":[[[100.8739,13.6989],[100.8734,13.697],[100.8731,13.6946],[100.8742,13.6945],[100.8756,13.6975],[100.8753,13.6989],[100.8739,13.6989]]]}},{"type":"Feature","properties":{"kind":"flood","area_km2":0.08,"conf":"low","date":"2026-10-09"},"geometry":{"type":"Polygon","coordinates":[[[100.8677,13.6528],[100.8677,13.6518],[100.8655,13.6515],[100.8655,13.651],[100.8644,13.6502],[100.8644,13.6491],[100.8652,13.6491],[100.8652,13.6496],[100.8674,13.6493],[100.8674,13.6507],[100.8666,13.6504],[100.8666,13.6515],[100.8675,13.6515],[100.868,13.6509],[100.8688,13.6512],[100.8683,13.6515],[100.8688,13.6517],[100.8688,13.6526],[100.8677,13.6528]],[[100.868,13.652],[100.8686,13.6523],[100.8686,13.652],[100.868,13.652]],[[100.8652,13.6499],[100.8655,13.6501],[100.8655,13.6499],[100.8652,13.6499]]]}},{"type":"Feature","properties":{"kind":"flood","area_km2":0.08,"conf":"low","date":"2026-10-09"},"geometry":{"type":"Polygon","coordinates":[[[100.1217,13.5166],[100.1214,13.5147],[100.1203,13.5147],[100.1209,13.5122],[100.1211,13.5128],[100.122,13.5128],[100.1228,13.5136],[100.1231,13.5166],[100.1217,13.5166]]]}},{"type":"Feature","properties":{"kind":"flood","area_km2":0.079,"conf":"low","date":"2026-10-09"},"geometry":{"type":"Polygon","coordinates":[[[100.3329,13.9592],[100.3321,13.9581],[100.3321,13.9573],[100.3315,13.9573],[100.3304,13.956],[100.3304,13.9552],[100.3318,13.9552],[100.3329,13.9557],[100.3329,13.9565],[100.3323,13.9565],[100.3324,13.9571],[100.3332,13.957],[100.334,13.9584],[100.334,13.9592],[100.3329,13.9592]]]}},{"type":"Feature","properties":{"kind":"flood","area_km2":0.079,"conf":"low","date":"2026-10-09"},"geometry":{"type":"Polygon","coordinates":[[[100.1277,13.8425],[100.1274,13.842],[100.126,13.8417],[100.126,13.8404],[100.1277,13.8401],[100.1277,13.839],[100.1285,13.839],[100.1291,13.8396],[100.1291,13.8404],[100.128,13.8404],[100.128,13.8409],[100.1288,13.8412],[100.1288,13.8425],[100.1277,13.8425]]]}},{"type":"Feature","properties":{"kind":"flood","area_km2":0.079,"conf":"low","date":"2026-10-09"},"geometry":{"type":"Polygon","coordinates":[[[100.8739,13.8374],[100.8739,13.8364],[100.8745,13.8363],[100.8745,13.8358],[100.8734,13.8353],[100.8733,13.8336],[100.8739,13.8331],[100.875,13.8331],[100.8756,13.8374],[100.8739,13.8374]]]}},{"type":"Feature","properties":{"kind":"flood","area_km2":0.079,"conf":"low","date":"2026-10-09"},"geometry":{"type":"Polygon","coordinates":[[[100.2838,13.8168],[100.2833,13.816],[100.2813,13.8166],[100.281,13.8144],[100.2821,13.8141],[100.2824,13.8152],[100.283,13.8152],[100.283,13.8144],[100.2841,13.8144],[100.2847,13.8168],[100.2838,13.8168]]]}},{"type":"Feature","properties":{"kind":"flood","area_km2":0.078,"conf":"low","date":"2026-10-09"},"geometry":{"type":"Polygon","coordinates":[[[100.8802,13.9938],[100.8741,13.9936],[100.8741,13.9928],[100.881,13.9927],[100.881,13.9936],[100.8802,13.9938]]]}},{"type":"Feature","properties":{"kind":"flood","area_km2":0.078,"conf":"low","date":"2026-10-09"},"geometry":{"type":"Polygon","coordinates":[[[100.9443,13.9217],[100.9443,13.9209],[100.9454,13.9207],[100.9454,13.9201],[100.9462,13.9201],[100.9468,13.9206],[100.9476,13.9201],[100.9493,13.9201],[100.9493,13.9214],[100.9443,13.9217]]]}},{"type":"Feature","properties":{"kind":"flood","area_km2":0.078,"conf":"low","date":"2026-10-09"},"geometry":{"type":"Polygon","coordinates":[[[100.1624,13.8546],[100.1622,13.8532],[100.1613,13.853],[100.1613,13.8519],[100.1635,13.8519],[100.1635,13.8513],[100.1641,13.8511],[100.1655,13.8513],[100.1655,13.8521],[100.1644,13.8521],[100.1633,13.8532],[100.1633,13.8546],[100.1624,13.8546]]]}},{"type":"Feature","properties":{"kind":"flood","area_km2":0.078,"conf":"low","date":"2026-10-09"},"geometry":{"type":"Polygon","coordinates":[[[100.0039,13.7812],[100.0036,13.7802],[100.0047,13.7802],[100.0047,13.7788],[100.0039,13.7785],[100.0039,13.778],[100.0028,13.778],[100.0025,13.7794],[100.002,13.7788],[100.0017,13.7772],[100.0053,13.778],[100.0059,13.7807],[100.0039,13.7812]]]}},{"type":"Feature","properties":{"kind":"flood","area_km2":0.078,"conf":"low","date":"2026-10-09"},"geometry":{"type":"Polygon","coordinates":[[[100.9073,13.7735],[100.9072,13.7724],[100.9061,13.7724],[100.9061,13.7716],[100.9067,13.7716],[100.9072,13.7705],[100.91,13.7705],[100.9103,13.7729],[100.91,13.7718],[100.9089,13.7718],[100.9089,13.7707],[100.9078,13.7707],[100.9075,13.7721],[100.9089,13.7721],[100.9089,13.7732],[100.9098,13.7734],[100.9073,13.7735]]]}},{"type":"Feature","properties":{"kind":"flood","area_km2":0.078,"conf":"low","date":"2026-10-09"},"geometry":{"type":"Polygon","coordinates":[[[100.8564,13.6147],[100.8563,13.6142],[100.8558,13.6142],[100.8558,13.6133],[100.8563,13.6133],[100.8563,13.6125],[100.8569,13.6125],[100.8572,13.612],[100.858,13.612],[100.8577,13.6131],[100.8586,13.6131],[100.8591,13.6122],[100.8602,13.6122],[100.8602,13.6139],[100.8577,13.6139],[100.8564,13.6147]],[[100.8566,13.6139],[100.8572,13.6139],[100.8572,13.6133],[100.8566,13.6133],[100.8566,13.6139]]]}},{"type":"Feature","properties":{"kind":"flood","area_km2":0.077,"conf":"low","date":"2026-10-09"},"geometry":{"type":"Polygon","coordinates":[[[100.1598,13.9894],[100.159,13.9886],[100.1606,13.9886],[100.1606,13.9872],[100.1601,13.987],[100.1601,13.9861],[100.1631,13.9861],[100.1631,13.9872],[100.1626,13.9878],[100.1617,13.9878],[100.1617,13.9886],[100.1609,13.9886],[100.1606,13.9894],[100.1598,13.9894]],[[100.1612,13.9878],[100.1617,13.9878],[100.1617,13.9875],[100.1612,13.9872],[100.1612,13.9878]]]}},{"type":"Feature","properties":{"kind":"flood","area_km2":0.077,"conf":"low","date":"2026-10-09"},"geometry":{"type":"Polygon","coordinates":[[[100.1597,13.8625],[100.1594,13.8617],[100.1603,13.8617],[100.1603,13.8603],[100.1605,13.8608],[100.1619,13.8611],[100.1619,13.8603],[100.1636,13.8606],[100.1636,13.8592],[100.165,13.8592],[100.165,13.8603],[100.1644,13.8608],[100.1625,13.8611],[100.1619,13.8625],[100.1597,13.8625]]]}},{"type":"Feature","properties":{"kind":"flood","area_km2":0.077,"conf":"low","date":"2026-10-09"},"geometry":{"type":"Polygon","coordinates":[[[100.9636,13.8085],[100.963,13.8075],[100.9638,13.8075],[100.9638,13.8069],[100.9644,13.8069],[100.9644,13.8061],[100.9625,13.8061],[100.9622,13.805],[100.963,13.805],[100.9633,13.8042],[100.9641,13.8042],[100.9641,13.805],[100.9652,13.8055],[100.9652,13.8074],[100.9644,13.8085],[100.9636,13.8085]]]}},{"type":"Feature","properties":{"kind":"flood","area_km2":0.077,"conf":"low","date":"2026-10-09"},"geometry":{"type":"Polygon","coordinates":[[[100.8072,13.7536],[100.8072,13.7528],[100.8045,13.7534],[100.8045,13.7523],[100.8067,13.752],[100.8072,13.7512],[100.8086,13.7512],[100.8092,13.7517],[100.8092,13.7528],[100.8081,13.7528],[100.8081,13.7536],[100.8072,13.7536]]]}},{"type":"Feature","properties":{"kind":"flood","area_km2":0.077,"conf":"low","date":"2026-10-09"},"geometry":{"type":"Polygon","coordinates":[[[100.9073,13.6382],[100.907,13.6363],[100.9056,13.636],[100.907,13.6357],[100.907,13.6352],[100.9081,13.6352],[100.9081,13.6357],[100.9095,13.6363],[100.9095,13.6379],[100.9073,13.6382]]]}},{"type":"Feature","properties":{"kind":"flood","area_km2":0.077,"conf":"low","date":"2026-10-09"},"geometry":{"type":"Polygon","coordinates":[[[100.1114,13.4963],[100.1105,13.4955],[100.1105,13.4949],[100.11,13.4949],[100.11,13.4941],[100.1105,13.4936],[100.1105,13.4928],[100.1113,13.4927],[100.1113,13.4922],[100.1124,13.4922],[100.1125,13.493],[100.1119,13.493],[100.1119,13.4938],[100.1113,13.4944],[100.1116,13.4949],[100.1127,13.4946],[100.1127,13.4955],[100.1122,13.4963],[100.1114,13.4963]]]}},{"type":"Feature","properties":{"kind":"flood","area_km2":0.076,"conf":"low","date":"2026-10-09"},"geometry":{"type":"Polygon","coordinates":[[[100.3667,13.9845],[100.3653,13.9843],[100.3653,13.9826],[100.3647,13.9826],[100.3644,13.9813],[100.365,13.9813],[100.365,13.9807],[100.3672,13.9807],[100.3672,13.9823],[100.3661,13.9824],[100.3661,13.9837],[100.3667,13.9837],[100.3667,13.9845]]]}},{"type":"Feature","properties":{"kind":"flood","area_km2":0.076,"conf":"low","date":"2026-10-09"},"geometry":{"type":"Polygon","coordinates":[[[100.0473,13.9799],[100.0473,13.9788],[100.045,13.9783],[100.045,13.9772],[100.0484,13.9769],[100.0484,13.9796],[100.0473,13.9799]]]}},{"type":"Feature","properties":{"kind":"flood","area_km2":0.076,"conf":"low","date":"2026-10-09"},"geometry":{"type":"Polygon","coordinates":[[[100.799,13.8787],[100.7987,13.8762],[100.7996,13.8754],[100.8001,13.8732],[100.8009,13.8732],[100.7999,13.8787],[100.799,13.8787]]]}},{"type":"Feature","properties":{"kind":"flood","area_km2":0.076,"conf":"low","date":"2026-10-09"},"geometry":{"type":"Polygon","coordinates":[[[100.9489,13.8387],[100.9486,13.8371],[100.9499,13.8371],[100.9502,13.8363],[100.9502,13.8349],[100.9494,13.8347],[100.9494,13.8339],[100.9502,13.8339],[100.9508,13.8344],[100.9505,13.8358],[100.951,13.836],[100.9511,13.8368],[100.9505,13.8371],[100.9511,13.8371],[100.9511,13.8385],[100.9489,13.8387]]]}},{"type":"Feature","properties":{"kind":"flood","area_km2":0.076,"conf":"low","date":"2026-10-09"},"geometry":{"type":"Polygon","coordinates":[[[100.9655,13.7356],[100.9655,13.7348],[100.9646,13.7351],[100.9649,13.7342],[100.9655,13.7342],[100.9666,13.7331],[100.9682,13.7329],[100.9688,13.732],[100.9699,13.7323],[100.9699,13.7334],[100.9693,13.7334],[100.9693,13.7339],[100.9668,13.7337],[100.9666,13.7356],[100.9655,13.7356]],[[100.9685,13.7331],[100.9691,13.7331],[100.969,13.7326],[100.9688,13.7326],[100.9685,13.7331]]]}},{"type":"Feature","properties":{"kind":"flood","area_km2":0.076,"conf":"low","date":"2026-10-09"},"geometry":{"type":"Polygon","coordinates":[[[101.0034,13.7258],[101.0036,13.7244],[101.0025,13.7244],[101.0022,13.7231],[101.0031,13.7228],[101.0031,13.7223],[101.0042,13.7223],[101.0045,13.7233],[101.0056,13.7247],[101.0056,13.7255],[101.0034,13.7258]],[[101.0039,13.7252],[101.0048,13.7252],[101.0048,13.7242],[101.0039,13.7242],[101.0039,13.7252]]]}},{"type":"Feature","properties":{"kind":"flood","area_km2":0.076,"conf":"low","date":"2026-10-09"},"geometry":{"type":"Polygon","coordinates":[[[100.7376,13.6793],[100.7376,13.6749],[100.739,13.6747],[100.739,13.6787],[100.7387,13.6793],[100.7376,13.6793]]]}},{"type":"Feature","properties":{"kind":"flood","area_km2":0.076,"conf":"low","date":"2026-10-09"},"geometry":{"type":"Polygon","coordinates":[[[100.8851,13.669],[100.885,13.6676],[100.8864,13.6671],[100.8867,13.6665],[100.8875,13.6665],[100.8878,13.666],[100.8897,13.6657],[100.89,13.6651],[100.8922,13.6657],[100.8923,13.6668],[100.8911,13.6668],[100.8909,13.6662],[100.8889,13.6662],[100.8884,13.6671],[100.8853,13.6679],[100.8851,13.669]]]}},{"type":"Feature","properties":{"kind":"flood","area_km2":0.076,"conf":"low","date":"2026-10-09"},"geometry":{"type":"Polygon","coordinates":[[[100.7468,13.6475],[100.7465,13.6459],[100.751,13.6456],[100.751,13.6466],[100.7496,13.6467],[100.7488,13.6475],[100.7468,13.6475]]]}},{"type":"Feature","properties":{"kind":"flood","area_km2":0.076,"conf":"low","date":"2026-10-09"},"geometry":{"type":"Polygon","coordinates":[[[100.0367,13.1508],[100.0367,13.1497],[100.0375,13.1483],[100.0395,13.1486],[100.0398,13.1497],[100.0403,13.1499],[100.0403,13.1508],[100.0367,13.1508]]]}},{"type":"Feature","properties":{"kind":"flood","area_km2":0.076,"conf":"low","date":"2026-10-09"},"geometry":{"type":"Polygon","coordinates":[[[100.9632,13.8918],[100.9632,13.8907],[100.9648,13.8904],[100.9651,13.8896],[100.9657,13.8901],[100.9682,13.8904],[100.9682,13.8912],[100.9676,13.8915],[100.9657,13.8912],[100.9651,13.8918],[100.9632,13.8918]]]}},{"type":"Feature","properties":{"kind":"flood","area_km2":0.076,"conf":"low","date":"2026-10-09"},"geometry":{"type":"Polygon","coordinates":[[[100.8785,13.8889],[100.8785,13.8884],[100.8774,13.8884],[100.8774,13.8876],[100.8832,13.8875],[100.8832,13.8883],[100.8785,13.8889]]]}},{"type":"Feature","properties":{"kind":"flood","area_km2":0.076,"conf":"low","date":"2026-10-09"},"geometry":{"type":"Polygon","coordinates":[[[100.9781,13.8166],[100.9778,13.8147],[100.9769,13.8139],[100.9769,13.8122],[100.9764,13.8117],[100.9764,13.8098],[100.9772,13.8098],[100.9775,13.8125],[100.9786,13.8138],[100.9789,13.8165],[100.9781,13.8166]]]}},{"type":"Feature","properties":{"kind":"flood","area_km2":0.076,"conf":"low","date":"2026-10-09"},"geometry":{"type":"Polygon","coordinates":[[[100.948,13.7707],[100.948,13.7702],[100.9486,13.7702],[100.9485,13.7691],[100.9472,13.7691],[100.9471,13.7672],[100.9477,13.7666],[100.9485,13.7666],[100.9494,13.7674],[100.9494,13.7685],[100.9499,13.7685],[100.9499,13.7696],[100.948,13.7707]]]}},{"type":"Feature","properties":{"kind":"flood","area_km2":0.076,"conf":"low","date":"2026-10-09"},"geometry":{"type":"Polygon","coordinates":[[[100.7373,13.6744],[100.737,13.673],[100.7359,13.6717],[100.7364,13.6701],[100.7376,13.6701],[100.7378,13.6728],[100.7387,13.6736],[100.7387,13.6744],[100.7373,13.6744]]]}},{"type":"Feature","properties":{"kind":"flood","area_km2":0.076,"conf":"low","date":"2026-10-09"},"geometry":{"type":"Polygon","coordinates":[[[100.8797,13.6579],[100.8794,13.656],[100.8786,13.6557],[100.8786,13.6547],[100.8794,13.6546],[100.88,13.6555],[100.8819,13.656],[100.8825,13.6568],[100.8825,13.6576],[100.8816,13.6576],[100.8816,13.6573],[100.8811,13.6573],[100.8811,13.6571],[100.8808,13.6571],[100.8808,13.6568],[100.8805,13.6568],[100.8805,13.6579],[100.8797,13.6579]],[[100.8802,13.6565],[100.8805,13.6568],[100.8805,13.6565],[100.8802,13.6565]]]}},{"type":"Feature","properties":{"kind":"flood","area_km2":0.076,"conf":"low","date":"2026-10-09"},"geometry":{"type":"Polygon","coordinates":[[[100.5329,13.5914],[100.5327,13.5903],[100.5332,13.5903],[100.5332,13.5898],[100.5338,13.5898],[100.5338,13.5892],[100.5343,13.5892],[100.5351,13.5881],[100.536,13.5881],[100.5357,13.5898],[100.5365,13.59],[100.536,13.5906],[100.5352,13.5906],[100.5352,13.5914],[100.5343,13.5914],[100.5343,13.5906],[100.5338,13.5914],[100.5329,13.5914]],[[100.5346,13.5898],[100.5349,13.5903],[100.5349,13.5898],[100.5346,13.5898]]]}},{"type":"Feature","properties":{"kind":"flood","area_km2":0.076,"conf":"low","date":"2026-10-09"},"geometry":{"type":"Polygon","coordinates":[[[100.9155,13.5264],[100.9155,13.525],[100.9163,13.5231],[100.9172,13.5231],[100.9172,13.5239],[100.9177,13.5245],[100.9188,13.5245],[100.9186,13.5261],[100.9177,13.5261],[100.9177,13.5253],[100.9166,13.5253],[100.9166,13.5264],[100.9155,13.5264]]]}},{"type":"Feature","properties":{"kind":"flood","area_km2":0.076,"conf":"low","date":"2026-10-09"},"geometry":{"type":"Polygon","coordinates":[[[100.0462,13.1076],[100.0459,13.1062],[100.0468,13.106],[100.0465,13.1054],[100.0459,13.1054],[100.0462,13.1024],[100.0473,13.1024],[100.0479,13.1057],[100.047,13.106],[100.047,13.1076],[100.0462,13.1076]]]}},{"type":"Feature","properties":{"kind":"flood","area_km2":0.075,"conf":"low","date":"2026-10-09"},"geometry":{"type":"Polygon","coordinates":[[[100.1486,13.9648],[100.1488,13.9621],[100.1494,13.9631],[100.1508,13.9631],[100.1508,13.962],[100.1522,13.9623],[100.1527,13.9629],[100.1524,13.9639],[100.1508,13.9637],[100.1499,13.9648],[100.1486,13.9648]]]}},{"type":"Feature","properties":{"kind":"flood","area_km2":0.075,"conf":"low","date":"2026-10-09"},"geometry":{"type":"Polygon","coordinates":[[[100.4287,13.9508],[100.4284,13.9492],[100.4292,13.9484],[100.43,13.9484],[100.43,13.9489],[100.4306,13.9492],[100.4314,13.9481],[100.4323,13.9481],[100.4323,13.9492],[100.4317,13.9497],[100.4303,13.95],[100.4301,13.9508],[100.4287,13.9508]]]}},{"type":"Feature","properties":{"kind":"flood","area_km2":0.075,"conf":"low","date":"2026-10-09"},"geometry":{"type":"Polygon","coordinates":[[[100.1512,13.9409],[100.1512,13.9403],[100.1504,13.9404],[100.1498,13.9395],[100.1493,13.9395],[100.1493,13.9387],[100.1509,13.939],[100.1512,13.9401],[100.1518,13.9401],[100.1518,13.939],[100.1543,13.9395],[100.1543,13.9403],[100.1534,13.9403],[100.1534,13.9409],[100.1512,13.9409]]]}},{"type":"Feature","properties":{"kind":"flood","area_km2":0.075,"conf":"low","date":"2026-10-09"},"geometry":{"type":"Polygon","coordinates":[[[100.957,13.9113],[100.9572,13.9103],[100.9581,13.9103],[100.9586,13.9097],[100.9608,13.91],[100.9617,13.9091],[100.9619,13.9108],[100.957,13.9113]]]}},{"type":"Feature","properties":{"kind":"flood","area_km2":0.075,"conf":"low","date":"2026-10-09"},"geometry":{"type":"Polygon","coordinates":[[[100.157,13.8817],[100.157,13.8809],[100.1576,13.8804],[100.159,13.8804],[100.159,13.8793],[100.1598,13.8793],[100.1598,13.8798],[100.1612,13.8801],[100.1612,13.8817],[100.1604,13.8817],[100.1604,13.8812],[100.157,13.8817]]]}},{"type":"Feature","properties":{"kind":"flood","area_km2":0.075,"conf":"low","date":"2026-10-09"},"geometry":{"type":"Polygon","coordinates":[[[100.2864,13.8407],[100.2861,13.8361],[100.2875,13.8361],[100.2878,13.8407],[100.2864,13.8407]]]}},{"type":"Feature","properties":{"kind":"flood","area_km2":0.075,"conf":"low","date":"2026-10-09"},"geometry":{"type":"Polygon","coordinates":[[[100.7713,13.7357],[100.7713,13.7346],[100.7727,13.7343],[100.7774,13.7346],[100.7774,13.7354],[100.7713,13.7357]]]}},{"type":"Feature","properties":{"kind":"flood","area_km2":0.075,"conf":"low","date":"2026-10-09"},"geometry":{"type":"Polygon","coordinates":[[[100.7445,13.7039],[100.7447,13.7025],[100.7442,13.7025],[100.7442,13.7017],[100.7456,13.702],[100.7447,13.7006],[100.7447,13.6998],[100.7458,13.6998],[100.7464,13.7004],[100.7464,13.7036],[100.7445,13.7039]]]}},{"type":"Feature","properties":{"kind":"flood","area_km2":0.075,"conf":"low","date":"2026-10-09"},"geometry":{"type":"Polygon","coordinates":[[[100.2398,13.6253],[100.2398,13.6242],[100.239,13.6242],[100.239,13.6248],[100.2376,13.6248],[100.2373,13.6237],[100.239,13.6237],[100.239,13.6226],[100.2409,13.6223],[100.2409,13.625],[100.2398,13.6253]]]}},{"type":"Feature","properties":{"kind":"flood","area_km2":0.075,"conf":"low","date":"2026-10-09"},"geometry":{"type":"Polygon","coordinates":[[[100.9484,13.5188],[100.9479,13.5175],[100.9473,13.5175],[100.9473,13.5161],[100.9479,13.5158],[100.9479,13.5153],[100.9487,13.5153],[100.9495,13.5161],[100.9498,13.5172],[100.9498,13.5185],[100.9484,13.5188]]]}},{"type":"Feature","properties":{"kind":"flood","area_km2":0.074,"conf":"low","date":"2026-10-09"},"geometry":{"type":"Polygon","coordinates":[[[100.2028,13.9829],[100.2031,13.9813],[100.2022,13.9808],[100.2022,13.98],[100.2033,13.98],[100.2047,13.9816],[100.2059,13.9816],[100.2059,13.9827],[100.2028,13.9829]]]}},{"type":"Feature","properties":{"kind":"flood","area_km2":0.074,"conf":"low","date":"2026-10-09"},"geometry":{"type":"Polygon","coordinates":[[[100.9325,13.9788],[100.9322,13.9739],[100.933,13.9736],[100.9331,13.9777],[100.9347,13.9779],[100.9353,13.9771],[100.9353,13.9785],[100.9325,13.9788]]]}},{"type":"Feature","properties":{"kind":"flood","area_km2":0.074,"conf":"low","date":"2026-10-09"},"geometry":{"type":"Polygon","coordinates":[[[100.9966,13.9403],[100.9966,13.9357],[100.9977,13.9357],[100.9977,13.94],[100.9966,13.9403]]]}},{"type":"Feature","properties":{"kind":"flood","area_km2":0.074,"conf":"low","date":"2026-10-09"},"geometry":{"type":"Polygon","coordinates":[[[100.9447,13.7344],[100.9446,13.7336],[100.9455,13.7333],[100.9457,13.732],[100.9466,13.7311],[100.948,13.7311],[100.948,13.7319],[100.9474,13.7322],[100.948,13.7327],[100.948,13.7336],[100.9447,13.7344]]]}},{"type":"Feature","properties":{"kind":"flood","area_km2":0.074,"conf":"low","date":"2026-10-09"},"geometry":{"type":"Polygon","coordinates":[[[100.8532,13.6071],[100.853,13.606],[100.8521,13.606],[100.8527,13.6044],[100.8538,13.6044],[100.8538,13.6055],[100.8543,13.6058],[100.856,13.6057],[100.856,13.6071],[100.8532,13.6071]],[[100.8538,13.606],[100.8541,13.6063],[100.8541,13.606],[100.8538,13.606]]]}},{"type":"Feature","properties":{"kind":"flood","area_km2":0.073,"conf":"low","date":"2026-10-09"},"geometry":{"type":"Polygon","coordinates":[[[100.158,13.9631],[100.158,13.9617],[100.1574,13.9617],[100.1574,13.9574],[100.1582,13.9574],[100.1588,13.9601],[100.1599,13.9601],[100.1599,13.9609],[100.1583,13.9607],[100.1588,13.9631],[100.158,13.9631]]]}},{"type":"Feature","properties":{"kind":"flood","area_km2":0.073,"conf":"low","date":"2026-10-09"},"geometry":{"type":"Polygon","coordinates":[[[100.2513,13.8512],[100.2501,13.8504],[100.2504,13.8479],[100.2515,13.8479],[100.2518,13.8487],[100.2526,13.8487],[100.2524,13.8512],[100.2513,13.8512]]]}},{"type":"Feature","properties":{"kind":"flood","area_km2":0.073,"conf":"low","date":"2026-10-09"},"geometry":{"type":"Polygon","coordinates":[[[100.9863,13.64],[100.9857,13.6384],[100.9871,13.6381],[100.9866,13.6378],[100.9865,13.637],[100.9879,13.637],[100.9888,13.6381],[100.9888,13.6389],[100.9877,13.64],[100.9863,13.64]]]}},{"type":"Feature","properties":{"kind":"flood","area_km2":0.073,"conf":"low","date":"2026-10-09"},"geometry":{"type":"Polygon","coordinates":[[[100.9117,13.6335],[100.9117,13.633],[100.9103,13.633],[100.9103,13.6322],[100.9117,13.6316],[100.9122,13.6311],[100.9122,13.6303],[100.913,13.6303],[100.9141,13.6311],[100.9142,13.6319],[100.9136,13.6319],[100.9136,13.6324],[100.9119,13.6324],[100.9122,13.6335],[100.9117,13.6335]]]}},{"type":"Feature","properties":{"kind":"flood","area_km2":0.073,"conf":"low","date":"2026-10-09"},"geometry":{"type":"Polygon","coordinates":[[[100.9235,13.5564],[100.9235,13.5548],[100.9249,13.5548],[100.9254,13.5542],[100.9274,13.5545],[100.9274,13.5559],[100.9235,13.5564]]]}},{"type":"Feature","properties":{"kind":"flood","area_km2":0.073,"conf":"low","date":"2026-10-09"},"geometry":{"type":"Polygon","coordinates":[[[100.9183,13.5223],[100.9185,13.5212],[100.918,13.5212],[100.918,13.5204],[100.9171,13.5199],[100.9171,13.5188],[100.9163,13.5185],[100.9163,13.5177],[100.9174,13.5177],[100.918,13.5201],[100.9194,13.5201],[100.9196,13.5209],[100.9207,13.5209],[100.9205,13.5218],[100.9199,13.5218],[100.9196,13.5223],[100.9183,13.5223]],[[100.9182,13.5207],[100.9185,13.521],[100.9185,13.5207],[100.9182,13.5207]],[[100.9188,13.5204],[100.9191,13.5207],[100.9191,13.5204],[100.9188,13.5204]],[[100.9166,13.518],[100.9168,13.5185],[100.9168,13.518],[100.9166,13.518]]]}},{"type":"Feature","properties":{"kind":"flood","area_km2":0.073,"conf":"low","date":"2026-10-09"},"geometry":{"type":"Polygon","coordinates":[[[100.052,13.0943],[100.0503,13.0938],[100.0506,13.0919],[100.05,13.0916],[100.05,13.0908],[100.0503,13.0902],[100.0522,13.0902],[100.0517,13.091],[100.052,13.0943]]]}},{"type":"Feature","properties":{"kind":"flood","area_km2":0.073,"conf":"low","date":"2026-10-09"},"geometry":{"type":"Polygon","coordinates":[[[100.0495,13.0891],[100.0481,13.0889],[100.0478,13.0856],[100.0494,13.0856],[100.05,13.0872],[100.05,13.0883],[100.0495,13.0883],[100.0495,13.0891]]]}},{"type":"Feature","properties":{"kind":"flood","area_km2":0.072,"conf":"low","date":"2026-10-09"},"geometry":{"type":"Polygon","coordinates":[[[100.889,13.9873],[100.8826,13.987],[100.8826,13.9862],[100.889,13.9864],[100.889,13.9873]]]}},{"type":"Feature","properties":{"kind":"flood","area_km2":0.072,"conf":"low","date":"2026-10-09"},"geometry":{"type":"Polygon","coordinates":[[[100.8218,13.9786],[100.8204,13.978],[100.8204,13.9772],[100.8212,13.9769],[100.8251,13.9764],[100.8292,13.9766],[100.8292,13.9782],[100.8284,13.9782],[100.8284,13.9769],[100.8234,13.9769],[100.8234,13.9785],[100.8231,13.9772],[100.8217,13.9772],[100.8218,13.9786]]]}},{"type":"Feature","properties":{"kind":"flood","area_km2":0.072,"conf":"low","date":"2026-10-09"},"geometry":{"type":"Polygon","coordinates":[[[100.9294,13.9745],[100.9294,13.9718],[100.9289,13.9718],[100.9289,13.9709],[100.9294,13.9709],[100.9294,13.9696],[100.9305,13.9693],[100.9306,13.9745],[100.9294,13.9745]]]}},{"type":"Feature","properties":{"kind":"flood","area_km2":0.072,"conf":"low","date":"2026-10-09"},"geometry":{"type":"Polygon","coordinates":[[[100.9653,13.9525],[100.9653,13.9519],[100.9628,13.952],[100.9628,13.9509],[100.9639,13.9509],[100.965,13.9501],[100.967,13.9498],[100.967,13.9506],[100.9659,13.9506],[100.9653,13.9514],[100.9667,13.9517],[100.9667,13.9525],[100.9653,13.9525]]]}},{"type":"Feature","properties":{"kind":"flood","area_km2":0.072,"conf":"high","date":"2026-10-09"},"geometry":{"type":"Polygon","coordinates":[[[100.893,13.9257],[100.8935,13.9238],[100.8929,13.9232],[100.8929,13.9224],[100.896,13.9221],[100.896,13.9232],[100.8946,13.9238],[100.8946,13.9246],[100.8941,13.9246],[100.8938,13.9257],[100.893,13.9257]]]}},{"type":"Feature","properties":{"kind":"flood","area_km2":0.072,"conf":"low","date":"2026-10-09"},"geometry":{"type":"Polygon","coordinates":[[[100.8954,13.8823],[100.895,13.8758],[100.8962,13.8758],[100.8965,13.882],[100.8954,13.8823]]]}},{"type":"Feature","properties":{"kind":"flood","area_km2":0.072,"conf":"low","date":"2026-10-09"},"geometry":{"type":"Polygon","coordinates":[[[100.879,13.8173],[100.8787,13.8146],[100.8793,13.8143],[100.8793,13.8135],[100.8801,13.8135],[100.8801,13.8149],[100.8804,13.816],[100.881,13.816],[100.881,13.8173],[100.879,13.8173]]]}},{"type":"Feature","properties":{"kind":"flood","area_km2":0.072,"conf":"low","date":"2026-10-09"},"geometry":{"type":"Polygon","coordinates":[[[100.8853,13.8005],[100.8853,13.7999],[100.8847,13.7997],[100.8847,13.798],[100.8866,13.7975],[100.8875,13.7986],[100.8875,13.7994],[100.8867,13.7997],[100.8861,13.8005],[100.8853,13.8005]]]}},{"type":"Feature","properties":{"kind":"flood","area_km2":0.072,"conf":"low","date":"2026-10-09"},"geometry":{"type":"Polygon","coordinates":[[[100.0696,13.7571],[100.0679,13.7563],[100.0679,13.7549],[100.069,13.7549],[100.069,13.7557],[100.0701,13.7552],[100.0718,13.7552],[100.0718,13.7566],[100.071,13.7566],[100.071,13.7571],[100.0696,13.7571]]]}},{"type":"Feature","properties":{"kind":"flood","area_km2":0.072,"conf":"low","date":"2026-10-09"},"geometry":{"type":"Polygon","coordinates":[[[100.9296,13.6928],[100.9293,13.6914],[100.9288,13.6911],[100.9288,13.6898],[100.9282,13.6895],[100.9282,13.6882],[100.929,13.6882],[100.9304,13.6903],[100.9304,13.6928],[100.9296,13.6928]]]}},{"type":"Feature","properties":{"kind":"flood","area_km2":0.071,"conf":"low","date":"2026-10-09"},"geometry":{"type":"Polygon","coordinates":[[[100.1548,13.9951],[100.1543,13.9948],[100.1543,13.9938],[100.1548,13.9932],[100.1568,13.9935],[100.157,13.9929],[100.1581,13.9929],[100.1581,13.994],[100.1576,13.9946],[100.1548,13.9951]]]}},{"type":"Feature","properties":{"kind":"flood","area_km2":0.071,"conf":"low","date":"2026-10-09"},"geometry":{"type":"Polygon","coordinates":[[[100.4252,13.9788],[100.4249,13.9779],[100.4244,13.978],[100.4244,13.9769],[100.4258,13.9769],[100.4258,13.9758],[100.4266,13.9758],[100.4274,13.9769],[100.4274,13.9779],[100.4263,13.9788],[100.4252,13.9788]]]}},{"type":"Feature","properties":{"kind":"flood","area_km2":0.071,"conf":"low","date":"2026-10-09"},"geometry":{"type":"Polygon","coordinates":[[[100.0456,13.9747],[100.045,13.9742],[100.045,13.9731],[100.0442,13.9731],[100.0442,13.972],[100.0436,13.972],[100.0436,13.9712],[100.0458,13.9715],[100.0458,13.9728],[100.0453,13.9731],[100.047,13.9731],[100.047,13.9744],[100.0456,13.9747]]]}},{"type":"Feature","properties":{"kind":"flood","area_km2":0.071,"conf":"low","date":"2026-10-09"},"geometry":{"type":"Polygon","coordinates":[[[100.1696,13.956],[100.1677,13.9557],[100.1677,13.9544],[100.1702,13.9546],[100.1702,13.9535],[100.171,13.9535],[100.1716,13.9541],[100.1716,13.9554],[100.1696,13.956]]]}},{"type":"Feature","properties":{"kind":"flood","area_km2":0.071,"conf":"low","date":"2026-10-09"},"geometry":{"type":"Polygon","coordinates":[[[100.096,13.9487],[100.0952,13.9482],[100.0965,13.9482],[100.0965,13.9458],[100.0946,13.9463],[100.0935,13.9463],[100.0935,13.9458],[100.0949,13.9455],[100.0957,13.9447],[100.0968,13.9447],[100.0977,13.9487],[100.096,13.9487]]]}},{"type":"Feature","properties":{"kind":"flood","area_km2":0.071,"conf":"low","date":"2026-10-09"},"geometry":{"type":"Polygon","coordinates":[[[100.1597,13.8598],[100.1591,13.8589],[100.1591,13.8576],[100.16,13.857],[100.1605,13.8557],[100.1619,13.8557],[100.1619,13.8565],[100.1633,13.857],[100.1633,13.8581],[100.1619,13.8578],[100.1619,13.857],[100.1602,13.857],[100.1603,13.8589],[100.1597,13.8598]]]}},{"type":"Feature","properties":{"kind":"flood","area_km2":0.071,"conf":"low","date":"2026-10-09"},"geometry":{"type":"Polygon","coordinates":[[[100.9695,13.8218],[100.9695,13.8193],[100.972,13.8193],[100.9726,13.8199],[100.9723,13.8209],[100.9709,13.8212],[100.9706,13.8218],[100.9695,13.8218]]]}},{"type":"Feature","properties":{"kind":"flood","area_km2":0.071,"conf":"low","date":"2026-10-09"},"geometry":{"type":"Polygon","coordinates":[[[100.8774,13.7471],[100.8774,13.7458],[100.8823,13.7457],[100.8824,13.7465],[100.8774,13.7471]]]}},{"type":"Feature","properties":{"kind":"flood","area_km2":0.071,"conf":"low","date":"2026-10-09"},"geometry":{"type":"Polygon","coordinates":[[[100.9025,13.6979],[100.9027,13.6962],[100.9022,13.6962],[100.9022,13.6968],[100.9011,13.6968],[100.9011,13.696],[100.9019,13.696],[100.9019,13.6954],[100.9033,13.6954],[100.9036,13.6949],[100.9047,13.6949],[100.9041,13.6973],[100.9025,13.6979]]]}},{"type":"Feature","properties":{"kind":"flood","area_km2":0.071,"conf":"low","date":"2026-10-09"},"geometry":{"type":"Polygon","coordinates":[[[100.9302,13.6681],[100.9297,13.6675],[100.9297,13.6662],[100.9302,13.6656],[100.9299,13.6635],[100.9308,13.6635],[100.9308,13.6648],[100.9313,13.6651],[100.9313,13.6665],[100.9308,13.6667],[100.9319,13.667],[100.9319,13.6678],[100.9302,13.6681]]]}},{"type":"Feature","properties":{"kind":"flood","area_km2":0.071,"conf":"low","date":"2026-10-09"},"geometry":{"type":"Polygon","coordinates":[[[100.7909,13.613],[100.7904,13.6125],[100.7909,13.6108],[100.7901,13.6108],[100.7901,13.61],[100.7912,13.61],[100.7917,13.6106],[100.7931,13.6103],[100.7931,13.6116],[100.792,13.6119],[100.7917,13.613],[100.7909,13.613]]]}},{"type":"Feature","properties":{"kind":"flood","area_km2":0.071,"conf":"low","date":"2026-10-09"},"geometry":{"type":"Polygon","coordinates":[[[100.9141,13.5877],[100.9121,13.5874],[100.9116,13.585],[100.9127,13.5847],[100.9127,13.5855],[100.9121,13.5858],[100.9132,13.5861],[100.9132,13.5855],[100.9138,13.5855],[100.9138,13.5847],[100.9146,13.5847],[100.9146,13.5855],[100.9141,13.5855],[100.9141,13.5861],[100.9146,13.5861],[100.9146,13.5869],[100.9138,13.5871],[100.9141,13.5877]],[[100.9132,13.5866],[100.9135,13.5869],[100.9135,13.5866],[100.9132,13.5866]]]}},{"type":"Feature","properties":{"kind":"flood","area_km2":0.07,"conf":"low","date":"2026-10-09"},"geometry":{"type":"Polygon","coordinates":[[[100.7185,13.9885],[100.7185,13.9872],[100.7241,13.9871],[100.7241,13.9879],[100.723,13.9879],[100.723,13.9885],[100.7219,13.9885],[100.7213,13.988],[100.7196,13.988],[100.7196,13.9885],[100.7185,13.9885]]]}},{"type":"Feature","properties":{"kind":"flood","area_km2":0.07,"conf":"low","date":"2026-10-09"},"geometry":{"type":"Polygon","coordinates":[[[100.8729,13.9535],[100.8704,13.9532],[100.8704,13.9511],[100.8715,13.9508],[100.8715,13.9513],[100.8721,13.9513],[100.8721,13.9505],[100.8729,13.9505],[100.8729,13.9535]],[[100.8721,13.9519],[100.8723,13.9521],[100.8723,13.9519],[100.8721,13.9519]]]}},{"type":"Feature","properties":{"kind":"flood","area_km2":0.07,"conf":"low","date":"2026-10-09"},"geometry":{"type":"Polygon","coordinates":[[[100.9854,13.9222],[100.9848,13.9217],[100.9848,13.9203],[100.9867,13.9203],[100.987,13.9211],[100.989,13.9211],[100.9887,13.9222],[100.9854,13.9222]]]}},{"type":"Feature","properties":{"kind":"flood","area_km2":0.07,"conf":"low","date":"2026-10-09"},"geometry":{"type":"Polygon","coordinates":[[[100.91,13.8724],[100.9081,13.8721],[100.9081,13.8716],[100.9103,13.8708],[100.9144,13.871],[100.9144,13.8721],[100.9103,13.8716],[100.91,13.8724]]]}},{"type":"Feature","properties":{"kind":"flood","area_km2":0.07,"conf":"low","date":"2026-10-09"},"geometry":{"type":"Polygon","coordinates":[[[100.2553,13.8731],[100.253,13.8729],[100.253,13.8704],[100.255,13.8707],[100.2555,13.8718],[100.2553,13.8731]]]}},{"type":"Feature","properties":{"kind":"flood","area_km2":0.07,"conf":"low","date":"2026-10-09"},"geometry":{"type":"Polygon","coordinates":[[[100.9698,13.7849],[100.9689,13.7833],[100.9681,13.7825],[100.9675,13.7825],[100.9672,13.7814],[100.9664,13.7809],[100.9664,13.78],[100.9672,13.78],[100.9678,13.7811],[100.9692,13.7822],[100.9692,13.7827],[100.9697,13.7827],[100.9697,13.7833],[100.9706,13.7841],[100.9706,13.7849],[100.9698,13.7849]]]}},{"type":"Feature","properties":{"kind":"flood","area_km2":0.07,"conf":"low","date":"2026-10-09"},"geometry":{"type":"Polygon","coordinates":[[[100.0426,13.7453],[100.0426,13.742],[100.0434,13.742],[100.0437,13.7431],[100.0454,13.7428],[100.0451,13.7442],[100.044,13.7442],[100.0434,13.7453],[100.0426,13.7453]]]}},{"type":"Feature","properties":{"kind":"flood","area_km2":0.07,"conf":"low","date":"2026-10-09"},"geometry":{"type":"Polygon","coordinates":[[[100.9822,13.7092],[100.9819,13.7081],[100.9802,13.7084],[100.9802,13.7075],[100.9816,13.7073],[100.9821,13.7064],[100.983,13.7064],[100.9833,13.7075],[100.9838,13.707],[100.9841,13.7091],[100.9833,13.7091],[100.9833,13.7083],[100.983,13.7092],[100.9822,13.7092]]]}},{"type":"Feature","properties":{"kind":"flood","area_km2":0.07,"conf":"low","date":"2026-10-09"},"geometry":{"type":"Polygon","coordinates":[[[100.8494,13.6812],[100.8486,13.6806],[100.8499,13.6806],[100.851,13.6798],[100.851,13.6785],[100.8499,13.6787],[100.8499,13.6779],[100.8505,13.6776],[100.8502,13.6766],[100.8507,13.6766],[100.8507,13.6774],[100.8521,13.6774],[100.8519,13.6787],[100.853,13.679],[100.8519,13.679],[100.8519,13.6806],[100.8508,13.6806],[100.8508,13.6812],[100.8494,13.6812]],[[100.851,13.6785],[100.8516,13.6784],[100.8516,13.6776],[100.851,13.6776],[100.851,13.6785]]]}},{"type":"Feature","properties":{"kind":"flood","area_km2":0.07,"conf":"low","date":"2026-10-09"},"geometry":{"type":"Polygon","coordinates":[[[100.9708,13.6485],[100.9703,13.6455],[100.9714,13.6458],[100.9714,13.6453],[100.9722,13.6453],[100.9722,13.6474],[100.9731,13.6474],[100.9731,13.6482],[100.9708,13.6485]]]}},{"type":"Feature","properties":{"kind":"flood","area_km2":0.07,"conf":"low","date":"2026-10-09"},"geometry":{"type":"Polygon","coordinates":[[[100.0316,13.1071],[100.0315,13.1066],[100.0304,13.1066],[100.0299,13.105],[100.0299,13.1041],[100.0304,13.1039],[100.0321,13.1041],[100.0324,13.1071],[100.0316,13.1071]]]}},{"type":"Feature","properties":{"kind":"flood","area_km2":0.069,"conf":"low","date":"2026-10-09"},"geometry":{"type":"Polygon","coordinates":[[[100.9034,13.9806],[100.897,13.9804],[100.897,13.9796],[100.8995,13.9793],[100.9034,13.9798],[100.9034,13.9806]]]}},{"type":"Feature","properties":{"kind":"flood","area_km2":0.069,"conf":"low","date":"2026-10-09"},"geometry":{"type":"Polygon","coordinates":[[[100.945,13.9049],[100.945,13.9044],[100.9466,13.9044],[100.9466,13.9033],[100.948,13.9033],[100.948,13.9027],[100.9502,13.903],[100.9502,13.9038],[100.9491,13.9038],[100.9488,13.9046],[100.945,13.9049]]]}},{"type":"Feature","properties":{"kind":"flood","area_km2":0.069,"conf":"low","date":"2026-10-09"},"geometry":{"type":"Polygon","coordinates":[[[100.2548,13.8975],[100.2515,13.8973],[100.2515,13.8951],[100.2529,13.8951],[100.2534,13.8962],[100.2548,13.8964],[100.2548,13.8975]]]}},{"type":"Feature","properties":{"kind":"flood","area_km2":0.069,"conf":"low","date":"2026-10-09"},"geometry":{"type":"Polygon","coordinates":[[[100.1821,13.8941],[100.1818,13.8936],[100.1804,13.8938],[100.1804,13.893],[100.1793,13.893],[100.1793,13.8922],[100.1826,13.8916],[100.1829,13.8941],[100.1821,13.8941]]]}},{"type":"Feature","properties":{"kind":"flood","area_km2":0.069,"conf":"low","date":"2026-10-09"},"geometry":{"type":"Polygon","coordinates":[[[100.9634,13.8476],[100.9628,13.847],[100.9631,13.8446],[100.9642,13.8443],[100.9653,13.8476],[100.9634,13.8476]],[[100.9636,13.8462],[100.9639,13.8465],[100.9639,13.8462],[100.9636,13.8462]]]}},{"type":"Feature","properties":{"kind":"flood","area_km2":0.069,"conf":"low","date":"2026-10-09"},"geometry":{"type":"Polygon","coordinates":[[[100.2958,13.82],[100.2952,13.8184],[100.296,13.8176],[100.2977,13.8173],[100.298,13.8197],[100.2958,13.82]],[[100.2963,13.8189],[100.2966,13.8192],[100.2966,13.8189],[100.2963,13.8189]]]}},{"type":"Feature","properties":{"kind":"flood","area_km2":0.069,"conf":"low","date":"2026-10-09"},"geometry":{"type":"Polygon","coordinates":[[[100.9221,13.6877],[100.9218,13.6858],[100.921,13.685],[100.9209,13.6833],[100.9218,13.6833],[100.9223,13.6839],[100.9226,13.6852],[100.9232,13.6858],[100.9232,13.6874],[100.9221,13.6877]]]}},{"type":"Feature","properties":{"kind":"flood","area_km2":0.069,"conf":"low","date":"2026-10-09"},"geometry":{"type":"Polygon","coordinates":[[[100.026,13.1077],[100.0255,13.1071],[100.0252,13.1042],[100.0268,13.1039],[100.0271,13.1052],[100.0263,13.1055],[100.0263,13.1061],[100.0271,13.1063],[100.0271,13.1077],[100.026,13.1077]]]}},{"type":"Feature","properties":{"kind":"flood","area_km2":0.068,"conf":"low","date":"2026-10-09"},"geometry":{"type":"Polygon","coordinates":[[[100.1446,13.9987],[100.144,13.9981],[100.144,13.9971],[100.1468,13.9968],[100.1471,13.9973],[100.147,13.9965],[100.1479,13.9965],[100.1479,13.9979],[100.1446,13.9987]]]}},{"type":"Feature","properties":{"kind":"flood","area_km2":0.068,"conf":"low","date":"2026-10-09"},"geometry":{"type":"Polygon","coordinates":[[[100.0614,13.976],[100.062,13.9736],[100.0642,13.9738],[100.0639,13.9757],[100.0614,13.976]]]}},{"type":"Feature","properties":{"kind":"flood","area_km2":0.068,"conf":"low","date":"2026-10-09"},"geometry":{"type":"Polygon","coordinates":[[[100.9752,13.967],[100.9741,13.9668],[100.9741,13.9654],[100.9746,13.9654],[100.9743,13.9638],[100.9749,13.9614],[100.9752,13.963],[100.9763,13.963],[100.9763,13.9638],[100.9757,13.9638],[100.9763,13.9641],[100.9763,13.9646],[100.9752,13.9646],[100.9752,13.967]]]}},{"type":"Feature","properties":{"kind":"flood","area_km2":0.068,"conf":"low","date":"2026-10-09"},"geometry":{"type":"Polygon","coordinates":[[[100.1913,13.9103],[100.191,13.9092],[100.1902,13.909],[100.1902,13.9082],[100.191,13.9071],[100.1921,13.9071],[100.1927,13.9076],[100.1927,13.9087],[100.1921,13.909],[100.1924,13.9103],[100.1913,13.9103]]]}},{"type":"Feature","properties":{"kind":"flood","area_km2":0.068,"conf":"low","date":"2026-10-09"},"geometry":{"type":"Polygon","coordinates":[[[100.1829,13.8979],[100.1832,13.8965],[100.1826,13.8963],[100.1826,13.8954],[100.1846,13.8952],[100.1846,13.8963],[100.1857,13.8962],[100.1857,13.8971],[100.1846,13.8979],[100.1829,13.8979]]]}},{"type":"Feature","properties":{"kind":"flood","area_km2":0.068,"conf":"low","date":"2026-10-09"},"geometry":{"type":"Polygon","coordinates":[[[100.8024,13.8781],[100.8018,13.8776],[100.8004,13.8776],[100.8007,13.8762],[100.8023,13.8754],[100.8035,13.8754],[100.8035,13.8762],[100.8026,13.8765],[100.8026,13.877],[100.804,13.877],[100.804,13.8775],[100.8024,13.8781]]]}},{"type":"Feature","properties":{"kind":"flood","area_km2":0.068,"conf":"low","date":"2026-10-09"},"geometry":{"type":"Polygon","coordinates":[[[100.7637,13.9774],[100.7637,13.976],[100.7681,13.976],[100.7681,13.9768],[100.7665,13.9768],[100.7662,13.9773],[100.7637,13.9774]]]}},{"type":"Feature","properties":{"kind":"flood","area_km2":0.068,"conf":"low","date":"2026-10-09"},"geometry":{"type":"Polygon","coordinates":[[[100.9924,13.9696],[100.9924,13.9688],[100.991,13.9688],[100.991,13.968],[100.9921,13.9664],[100.9935,13.9664],[100.9933,13.9696],[100.9924,13.9696]]]}},{"type":"Feature","properties":{"kind":"flood","area_km2":0.068,"conf":"low","date":"2026-10-09"},"geometry":{"type":"Polygon","coordinates":[[[100.1608,13.9644],[100.1591,13.9642],[100.1591,13.9631],[100.1599,13.9631],[100.1605,13.9625],[100.1605,13.9617],[100.1599,13.9612],[100.1621,13.9614],[100.1613,13.9639],[100.1608,13.9644]]]}},{"type":"Feature","properties":{"kind":"flood","area_km2":0.068,"conf":"low","date":"2026-10-09"},"geometry":{"type":"Polygon","coordinates":[[[100.3047,13.9314],[100.3047,13.9306],[100.3055,13.9303],[100.3058,13.9293],[100.3069,13.9293],[100.3069,13.9287],[100.3078,13.9287],[100.3083,13.9276],[100.3097,13.9273],[100.3094,13.9284],[100.308,13.929],[100.308,13.9295],[100.3072,13.9295],[100.3072,13.9301],[100.3058,13.9306],[100.3056,13.9314],[100.3047,13.9314]]]}},{"type":"Feature","properties":{"kind":"flood","area_km2":0.068,"conf":"low","date":"2026-10-09"},"geometry":{"type":"Polygon","coordinates":[[[100.8555,13.8934],[100.8511,13.8935],[100.8511,13.8924],[100.8555,13.8923],[100.8555,13.8934]]]}},{"type":"Feature","properties":{"kind":"flood","area_km2":0.068,"conf":"low","date":"2026-10-09"},"geometry":{"type":"Polygon","coordinates":[[[100.7802,13.8156],[100.7789,13.8146],[100.7777,13.8143],[100.7777,13.8135],[100.7808,13.8135],[100.7808,13.814],[100.7813,13.814],[100.7816,13.8145],[100.7816,13.8156],[100.7802,13.8156]]]}},{"type":"Feature","properties":{"kind":"flood","area_km2":0.068,"conf":"low","date":"2026-10-09"},"geometry":{"type":"Polygon","coordinates":[[[100.9852,13.7766],[100.9849,13.775],[100.9838,13.775],[100.9833,13.7745],[100.9835,13.7734],[100.9852,13.7737],[100.9852,13.7742],[100.9863,13.775],[100.9866,13.7766],[100.9852,13.7766]]]}},{"type":"Feature","properties":{"kind":"flood","area_km2":0.068,"conf":"low","date":"2026-10-09"},"geometry":{"type":"Polygon","coordinates":[[[100.066,13.7606],[100.0657,13.7582],[100.0665,13.7582],[100.0665,13.7571],[100.0679,13.7571],[100.0679,13.7579],[100.0671,13.7579],[100.0671,13.7596],[100.069,13.7598],[100.0693,13.7593],[100.0696,13.7601],[100.066,13.7606]]]}},{"type":"Feature","properties":{"kind":"flood","area_km2":0.068,"conf":"low","date":"2026-10-09"},"geometry":{"type":"Polygon","coordinates":[[[100.8312,13.7358],[100.8315,13.7345],[100.8359,13.7336],[100.8359,13.7344],[100.8354,13.735],[100.8312,13.7358]]]}},{"type":"Feature","properties":{"kind":"flood","area_km2":0.068,"conf":"low","date":"2026-10-09"},"geometry":{"type":"Polygon","coordinates":[[[100.0656,13.7349],[100.0645,13.7338],[100.0642,13.7324],[100.0647,13.7324],[100.065,13.7333],[100.0661,13.7338],[100.0664,13.7327],[100.0681,13.7327],[100.0675,13.7349],[100.0656,13.7349]]]}},{"type":"Feature","properties":{"kind":"flood","area_km2":0.068,"conf":"low","date":"2026-10-09"},"geometry":{"type":"Polygon","coordinates":[[[100.8193,13.705],[100.8191,13.7036],[100.8196,13.7036],[100.8196,13.7023],[100.8207,13.7028],[100.8204,13.7012],[100.8218,13.7012],[100.8221,13.7023],[100.8215,13.7025],[100.8215,13.7031],[100.8207,13.7031],[100.8207,13.7044],[100.8202,13.705],[100.8193,13.705]]]}},{"type":"Feature","properties":{"kind":"flood","area_km2":0.068,"conf":"low","date":"2026-10-09"},"geometry":{"type":"Polygon","coordinates":[[[100.9406,13.6753],[100.9403,13.6732],[100.9392,13.6724],[100.9391,13.671],[100.9405,13.6713],[100.9417,13.674],[100.9417,13.675],[100.9406,13.6753]]]}},{"type":"Feature","properties":{"kind":"flood","area_km2":0.068,"conf":"low","date":"2026-10-09"},"geometry":{"type":"Polygon","coordinates":[[[100.9283,13.667],[100.928,13.6654],[100.9272,13.6646],[100.9269,13.6632],[100.9277,13.6632],[100.928,13.6638],[100.9294,13.6638],[100.9291,13.667],[100.9283,13.667]]]}},{"type":"Feature","properties":{"kind":"flood","area_km2":0.068,"conf":"low","date":"2026-10-09"},"geometry":{"type":"Polygon","coordinates":[[[100.8491,13.6446],[100.8491,13.6421],[100.8513,13.6421],[100.8513,13.6432],[100.8521,13.6435],[100.8521,13.6443],[100.8502,13.6446],[100.8502,13.644],[100.8494,13.644],[100.8491,13.6446]]]}},{"type":"Feature","properties":{"kind":"flood","area_km2":0.068,"conf":"low","date":"2026-10-09"},"geometry":{"type":"Polygon","coordinates":[[[100.9516,13.5318],[100.9516,13.5296],[100.9524,13.5296],[100.9524,13.5288],[100.9538,13.5288],[100.9538,13.5315],[100.9516,13.5318]],[[100.9524,13.5299],[100.9527,13.5302],[100.9527,13.5299],[100.9524,13.5299]]]}},{"type":"Feature","properties":{"kind":"flood","area_km2":0.068,"conf":"low","date":"2026-10-09"},"geometry":{"type":"Polygon","coordinates":[[[100.0219,13.1142],[100.0183,13.1126],[100.0183,13.1118],[100.0233,13.1131],[100.0233,13.1142],[100.0219,13.1142]]]}},{"type":"Feature","properties":{"kind":"flood","area_km2":0.068,"conf":"low","date":"2026-10-09"},"geometry":{"type":"Polygon","coordinates":[[[100.0585,13.0587],[100.0571,13.0585],[100.0576,13.0579],[100.0576,13.0574],[100.0571,13.0571],[100.0579,13.0571],[100.0579,13.0563],[100.0593,13.0563],[100.0596,13.0571],[100.0604,13.0568],[100.0604,13.0574],[100.0615,13.0574],[100.0615,13.0582],[100.0598,13.0582],[100.0596,13.0576],[100.059,13.0576],[100.0585,13.0587]],[[100.0579,13.0574],[100.0582,13.0576],[100.0582,13.0574],[100.0579,13.0574]]]}},{"type":"Feature","properties":{"kind":"flood","area_km2":0.067,"conf":"low","date":"2026-10-09"},"geometry":{"type":"Polygon","coordinates":[[[100.1051,13.9997],[100.1048,13.9983],[100.1059,13.9975],[100.1059,13.997],[100.1073,13.9967],[100.1071,13.9997],[100.1051,13.9997]]]}},{"type":"Feature","properties":{"kind":"flood","area_km2":0.067,"conf":"low","date":"2026-10-09"},"geometry":{"type":"Polygon","coordinates":[[[100.4695,13.9969],[100.4692,13.9926],[100.4695,13.9915],[100.4703,13.9915],[100.4703,13.9969],[100.4695,13.9969]]]}},{"type":"Feature","properties":{"kind":"flood","area_km2":0.067,"conf":"low","date":"2026-10-09"},"geometry":{"type":"Polygon","coordinates":[[[100.4233,13.9731],[100.4227,13.9723],[100.4219,13.972],[100.4219,13.9712],[100.4207,13.9704],[100.4207,13.9696],[100.4196,13.969],[100.4196,13.9682],[100.4207,13.9682],[100.421,13.9696],[100.4216,13.9696],[100.4216,13.9701],[100.4224,13.9704],[100.4224,13.9709],[100.4238,13.972],[100.4238,13.9731],[100.4233,13.9731]]]}},{"type":"Feature","properties":{"kind":"flood","area_km2":0.067,"conf":"low","date":"2026-10-09"},"geometry":{"type":"Polygon","coordinates":[[[101.0076,13.963],[101.0076,13.9622],[101.0065,13.9622],[101.0073,13.9619],[101.0073,13.9605],[101.0065,13.9606],[101.0065,13.9595],[101.007,13.9595],[101.007,13.9578],[101.0081,13.9576],[101.0082,13.9595],[101.0073,13.9595],[101.0082,13.9597],[101.0082,13.9627],[101.0076,13.963]]]}},{"type":"Feature","properties":{"kind":"flood","area_km2":0.067,"conf":"low","date":"2026-10-09"},"geometry":{"type":"Polygon","coordinates":[[[100.1762,13.8933],[100.1762,13.8928],[100.1754,13.8928],[100.174,13.8914],[100.1743,13.8903],[100.1748,13.8903],[100.1748,13.8911],[100.1757,13.8911],[100.1757,13.8895],[100.1768,13.8895],[100.1762,13.8917],[100.1765,13.8925],[100.1771,13.8925],[100.1771,13.8933],[100.1762,13.8933]]]}},{"type":"Feature","properties":{"kind":"flood","area_km2":0.067,"conf":"low","date":"2026-10-09"},"geometry":{"type":"Polygon","coordinates":[[[100.7871,13.8088],[100.7857,13.808],[100.7854,13.8066],[100.7888,13.8072],[100.7888,13.8088],[100.7871,13.8088]]]}},{"type":"Feature","properties":{"kind":"flood","area_km2":0.067,"conf":"low","date":"2026-10-09"},"geometry":{"type":"Polygon","coordinates":[[[100.9214,13.7753],[100.9214,13.7747],[100.9197,13.775],[100.9195,13.7736],[100.9233,13.7733],[100.9228,13.775],[100.9214,13.7753]]]}},{"type":"Feature","properties":{"kind":"flood","area_km2":0.067,"conf":"low","date":"2026-10-09"},"geometry":{"type":"Polygon","coordinates":[[[100.868,13.7589],[100.8672,13.7572],[100.8666,13.757],[100.8666,13.7562],[100.8674,13.7551],[100.8683,13.7551],[100.8683,13.757],[100.8691,13.7578],[100.8691,13.7586],[100.868,13.7589]]]}},{"type":"Feature","properties":{"kind":"flood","area_km2":0.067,"conf":"low","date":"2026-10-09"},"geometry":{"type":"Polygon","coordinates":[[[100.0712,13.7603],[100.0712,13.7593],[100.0704,13.759],[100.0704,13.7579],[100.0721,13.7579],[100.0724,13.7593],[100.0726,13.7587],[100.0746,13.7587],[100.0746,13.7598],[100.0726,13.7595],[100.0726,13.7603],[100.0712,13.7603]]]}},{"type":"Feature","properties":{"kind":"flood","area_km2":0.067,"conf":"low","date":"2026-10-09"},"geometry":{"type":"Polygon","coordinates":[[[100.8933,13.6955],[100.893,13.6936],[100.8939,13.6936],[100.8938,13.6928],[100.8961,13.6925],[100.8964,13.6938],[100.8933,13.6955]]]}},{"type":"Feature","properties":{"kind":"flood","area_km2":0.067,"conf":"low","date":"2026-10-09"},"geometry":{"type":"Polygon","coordinates":[[[100.8875,13.6597],[100.8872,13.6584],[100.8866,13.6584],[100.8866,13.6576],[100.8875,13.6576],[100.8875,13.6584],[100.8886,13.6584],[100.8886,13.6565],[100.8891,13.6567],[100.8891,13.6573],[100.8902,13.657],[100.8902,13.6578],[100.8894,13.6581],[100.8897,13.6592],[100.8875,13.6597]]]}},{"type":"Feature","properties":{"kind":"flood","area_km2":0.066,"conf":"low","date":"2026-10-09"},"geometry":{"type":"Polygon","coordinates":[[[100.129,13.9988],[100.1273,13.9966],[100.1279,13.995],[100.1284,13.9952],[100.1284,13.9963],[100.1293,13.9963],[100.1304,13.9977],[100.1304,13.9988],[100.129,13.9988]]]}},{"type":"Feature","properties":{"kind":"flood","area_km2":0.066,"conf":"low","date":"2026-10-09"},"geometry":{"type":"Polygon","coordinates":[[[100.9923,13.9596],[100.9923,13.9588],[100.9918,13.9588],[100.9918,13.9574],[100.9923,13.9566],[100.9934,13.9566],[100.994,13.9571],[100.994,13.9593],[100.9923,13.9596]]]}},{"type":"Feature","properties":{"kind":"flood","area_km2":0.066,"conf":"low","date":"2026-10-09"},"geometry":{"type":"Polygon","coordinates":[[[100.0907,13.9423],[100.089,13.9414],[100.0893,13.9398],[100.0912,13.9404],[100.0924,13.9414],[100.0924,13.9422],[100.0907,13.9423]]]}},{"type":"Feature","properties":{"kind":"flood","area_km2":0.066,"conf":"low","date":"2026-10-09"},"geometry":{"type":"Polygon","coordinates":[[[100.8076,13.8303],[100.8073,13.8293],[100.8078,13.8293],[100.8081,13.8287],[100.812,13.8287],[100.8117,13.8298],[100.8076,13.8303]]]}},{"type":"Feature","properties":{"kind":"flood","area_km2":0.066,"conf":"low","date":"2026-10-09"},"geometry":{"type":"Polygon","coordinates":[[[100.7828,13.8237],[100.7825,13.8205],[100.7842,13.8205],[100.7842,13.8232],[100.7836,13.8237],[100.7828,13.8237]]]}},{"type":"Feature","properties":{"kind":"flood","area_km2":0.066,"conf":"low","date":"2026-10-09"},"geometry":{"type":"Polygon","coordinates":[[[100.2825,13.8225],[100.2819,13.8212],[100.2819,13.8187],[100.283,13.8185],[100.2836,13.8201],[100.2836,13.822],[100.2833,13.8225],[100.2825,13.8225]]]}},{"type":"Feature","properties":{"kind":"flood","area_km2":0.066,"conf":"low","date":"2026-10-09"},"geometry":{"type":"Polygon","coordinates":[[[100.9702,13.8028],[100.9696,13.8014],[100.9677,13.7993],[100.9676,13.7974],[100.9685,13.7974],[100.9696,13.7987],[100.9693,13.8006],[100.9702,13.8012],[100.9702,13.8028]]]}},{"type":"Feature","properties":{"kind":"flood","area_km2":0.066,"conf":"low","date":"2026-10-09"},"geometry":{"type":"Polygon","coordinates":[[[100.8698,13.7385],[100.8668,13.7383],[100.8667,13.7369],[100.8679,13.7369],[100.8673,13.7353],[100.8684,13.7353],[100.8687,13.7377],[100.8709,13.738],[100.8698,13.7385]]]}},{"type":"Feature","properties":{"kind":"flood","area_km2":0.066,"conf":"low","date":"2026-10-09"},"geometry":{"type":"Polygon","coordinates":[[[100.7432,13.7272],[100.7427,13.7248],[100.7457,13.7248],[100.7457,13.7259],[100.7449,13.7261],[100.7449,13.7272],[100.7432,13.7272]]]}},{"type":"Feature","properties":{"kind":"flood","area_km2":0.066,"conf":"low","date":"2026-10-09"},"geometry":{"type":"Polygon","coordinates":[[[100.838,13.7173],[100.838,13.7165],[100.8391,13.716],[100.8422,13.7154],[100.8422,13.7149],[100.8435,13.7148],[100.8436,13.7157],[100.8422,13.7157],[100.8422,13.7162],[100.8411,13.7168],[100.838,13.7173]]]}},{"type":"Feature","properties":{"kind":"flood","area_km2":0.066,"conf":"low","date":"2026-10-09"},"geometry":{"type":"Polygon","coordinates":[[[100.8522,13.7169],[100.8522,13.7156],[100.8513,13.7153],[100.8524,13.7153],[100.8521,13.7134],[100.8532,13.7131],[100.8533,13.715],[100.8535,13.7156],[100.8544,13.7156],[100.8544,13.7164],[100.8535,13.7169],[100.8522,13.7169]]]}},{"type":"Feature","properties":{"kind":"flood","area_km2":0.066,"conf":"low","date":"2026-10-09"},"geometry":{"type":"Polygon","coordinates":[[[100.843,13.6118],[100.8427,13.6105],[100.8433,13.6105],[100.8433,13.6096],[100.8463,13.6102],[100.8455,13.6104],[100.8455,13.6118],[100.843,13.6118]]]}},{"type":"Feature","properties":{"kind":"flood","area_km2":0.066,"conf":"low","date":"2026-10-09"},"geometry":{"type":"Polygon","coordinates":[[[100.8928,13.5578],[100.8925,13.5561],[100.8919,13.5561],[100.8922,13.5542],[100.893,13.5542],[100.8936,13.5556],[100.8944,13.5561],[100.8944,13.5569],[100.8939,13.5569],[100.8936,13.5577],[100.8928,13.5578]]]}},{"type":"Feature","properties":{"kind":"flood","area_km2":0.066,"conf":"low","date":"2026-10-09"},"geometry":{"type":"Polygon","coordinates":[[[100.9366,13.5298],[100.9363,13.5281],[100.9374,13.527],[100.9391,13.5276],[100.9394,13.5295],[100.9385,13.5295],[100.9383,13.5284],[100.9383,13.5292],[100.9366,13.5298]]]}},{"type":"Feature","properties":{"kind":"flood","area_km2":0.065,"conf":"low","date":"2026-10-09"},"geometry":{"type":"Polygon","coordinates":[[[100.174,13.9915],[100.1734,13.9907],[100.1731,13.9888],[100.1753,13.9882],[100.1753,13.989],[100.1748,13.9893],[100.1753,13.9901],[100.1754,13.9915],[100.174,13.9915]]]}},{"type":"Feature","properties":{"kind":"flood","area_km2":0.065,"conf":"low","date":"2026-10-09"},"geometry":{"type":"Polygon","coordinates":[[[100.1548,13.9883],[100.1548,13.9875],[100.1531,13.9867],[100.1534,13.9845],[100.1545,13.9845],[100.1545,13.9856],[100.1551,13.9859],[100.1551,13.9875],[100.1564,13.9875],[100.157,13.987],[100.157,13.9878],[100.1548,13.9883]]]}},{"type":"Feature","properties":{"kind":"flood","area_km2":0.065,"conf":"low","date":"2026-10-09"},"geometry":{"type":"Polygon","coordinates":[[[100.1273,13.9858],[100.127,13.9825],[100.1286,13.9822],[100.1284,13.9833],[100.1292,13.9836],[100.1292,13.9847],[100.1284,13.9847],[100.1281,13.9857],[100.1273,13.9858]]]}},{"type":"Feature","properties":{"kind":"flood","area_km2":0.065,"conf":"low","date":"2026-10-09"},"geometry":{"type":"Polygon","coordinates":[[[100.1322,13.9667],[100.1322,13.9662],[100.1316,13.9659],[100.1319,13.9638],[100.1313,13.9632],[100.1322,13.9632],[100.1322,13.964],[100.1336,13.964],[100.1338,13.9651],[100.1338,13.9665],[100.1322,13.9667]]]}},{"type":"Feature","properties":{"kind":"flood","area_km2":0.065,"conf":"low","date":"2026-10-09"},"geometry":{"type":"Polygon","coordinates":[[[100.8887,13.945],[100.8876,13.9447],[100.8878,13.9442],[100.8867,13.9442],[100.8867,13.9434],[100.8892,13.9433],[100.8914,13.9447],[100.8923,13.9447],[100.8887,13.945]]]}},{"type":"Feature","properties":{"kind":"flood","area_km2":0.065,"conf":"low","date":"2026-10-09"},"geometry":{"type":"Polygon","coordinates":[[[100.344,13.9093],[100.344,13.9082],[100.3457,13.9084],[100.3457,13.9068],[100.3462,13.9063],[100.3471,13.9063],[100.3476,13.9068],[100.3473,13.9082],[100.346,13.9087],[100.346,13.9092],[100.344,13.9093]]]}},{"type":"Feature","properties":{"kind":"flood","area_km2":0.065,"conf":"low","date":"2026-10-09"},"geometry":{"type":"Polygon","coordinates":[[[100.8267,13.799],[100.8262,13.7974],[100.825,13.7969],[100.825,13.796],[100.8256,13.7955],[100.8267,13.7955],[100.827,13.7968],[100.8278,13.7977],[100.8278,13.799],[100.8267,13.799]]]}},{"type":"Feature","properties":{"kind":"flood","area_km2":0.065,"conf":"low","date":"2026-10-09"},"geometry":{"type":"Polygon","coordinates":[[[100.8617,13.6561],[100.8617,13.6553],[100.8597,13.6556],[100.8597,13.6548],[100.8619,13.6545],[100.8619,13.6537],[100.8641,13.6537],[100.8642,13.6548],[100.8622,13.655],[100.8625,13.6561],[100.8617,13.6561]]]}},{"type":"Feature","properties":{"kind":"flood","area_km2":0.065,"conf":"low","date":"2026-10-09"},"geometry":{"type":"Polygon","coordinates":[[[100.9109,13.5319],[100.9114,13.5313],[100.9108,13.531],[100.9114,13.53],[100.9103,13.5302],[100.91,13.5289],[100.9106,13.5289],[100.9108,13.5281],[100.9117,13.5281],[100.9119,13.5294],[100.9128,13.5297],[100.9128,13.5308],[100.9122,13.5308],[100.9117,13.5318],[100.9109,13.5319]],[[100.9117,13.5302],[100.9122,13.5305],[100.9122,13.5302],[100.9117,13.5302]],[[100.9117,13.5297],[100.9119,13.5299],[100.9119,13.5297],[100.9117,13.5297]],[[100.9114,13.5291],[100.9117,13.5294],[100.9117,13.5291],[100.9114,13.5291]]]}},{"type":"Feature","properties":{"kind":"flood","area_km2":0.065,"conf":"low","date":"2026-10-09"},"geometry":{"type":"Polygon","coordinates":[[[100.5471,13.514],[100.5444,13.514],[100.5441,13.5135],[100.5446,13.5132],[100.5432,13.5127],[100.5432,13.5122],[100.5427,13.5119],[100.5449,13.5119],[100.5449,13.5124],[100.5463,13.5124],[100.5471,13.514]],[[100.5455,13.5132],[100.5463,13.5135],[100.5463,13.5132],[100.5455,13.5132]]]}},{"type":"Feature","properties":{"kind":"flood","area_km2":0.065,"conf":"low","date":"2026-10-09"},"geometry":{"type":"Polygon","coordinates":[[[100.0039,13.1919],[100.0039,13.191],[100.0034,13.191],[100.0034,13.19],[100.0042,13.1891],[100.005,13.1891],[100.005,13.1902],[100.0059,13.1902],[100.0059,13.1908],[100.007,13.1908],[100.007,13.1913],[100.0039,13.1919]]]}},{"type":"Feature","properties":{"kind":"flood","area_km2":0.064,"conf":"low","date":"2026-10-09"},"geometry":{"type":"Polygon","coordinates":[[[100.8801,13.9545],[100.8798,13.9496],[100.8809,13.9494],[100.881,13.9545],[100.8801,13.9545]]]}},{"type":"Feature","properties":{"kind":"flood","area_km2":0.064,"conf":"high","date":"2026-10-09"},"geometry":{"type":"Polygon","coordinates":[[[100.8921,13.9517],[100.8915,13.9509],[100.8909,13.9509],[100.8909,13.9498],[100.8906,13.9493],[100.8898,13.9493],[100.8898,13.9485],[100.8912,13.9485],[100.8915,13.9493],[100.8929,13.949],[100.8929,13.9498],[100.8923,13.9501],[100.8929,13.9517],[100.8921,13.9517]]]}},{"type":"Feature","properties":{"kind":"flood","area_km2":0.064,"conf":"low","date":"2026-10-09"},"geometry":{"type":"Polygon","coordinates":[[[100.2652,13.818],[100.2649,13.8142],[100.2655,13.8139],[100.2649,13.8139],[100.2649,13.8131],[100.2658,13.8131],[100.2666,13.8137],[100.2666,13.8145],[100.266,13.8153],[100.2661,13.818],[100.2652,13.818]]]}},{"type":"Feature","properties":{"kind":"flood","area_km2":0.064,"conf":"low","date":"2026-10-09"},"geometry":{"type":"Polygon","coordinates":[[[100.9524,13.7316],[100.9524,13.7289],[100.9535,13.7292],[100.9535,13.7286],[100.9557,13.7281],[100.9546,13.7286],[100.9543,13.7294],[100.9535,13.7294],[100.9535,13.7303],[100.9546,13.73],[100.9546,13.7308],[100.9541,13.7308],[100.9532,13.7316],[100.9524,13.7316]]]}},{"type":"Feature","properties":{"kind":"flood","area_km2":0.064,"conf":"low","date":"2026-10-09"},"geometry":{"type":"Polygon","coordinates":[[[100.8737,13.7084],[100.8737,13.7078],[100.8726,13.7078],[100.8726,13.7068],[100.8732,13.7059],[100.8732,13.7073],[100.8748,13.7076],[100.8748,13.7062],[100.8737,13.7059],[100.8737,13.7049],[100.8742,13.7043],[100.8748,13.7059],[100.8757,13.7067],[100.8762,13.7067],[100.8762,13.7075],[100.8757,13.7081],[100.8737,13.7084]]]}},{"type":"Feature","properties":{"kind":"flood","area_km2":0.064,"conf":"low","date":"2026-10-09"},"geometry":{"type":"Polygon","coordinates":[[[100.9415,13.626],[100.9415,13.6246],[100.9429,13.6241],[100.9446,13.6224],[100.9454,13.6224],[100.9454,13.6232],[100.944,13.6246],[100.9435,13.6246],[100.9429,13.6257],[100.9415,13.626]]]}},{"type":"Feature","properties":{"kind":"flood","area_km2":0.064,"conf":"low","date":"2026-10-09"},"geometry":{"type":"Polygon","coordinates":[[[100.2218,13.5234],[100.2218,13.5204],[100.221,13.5204],[100.221,13.5196],[100.2223,13.5196],[100.2232,13.521],[100.2232,13.5231],[100.2218,13.5234]]]}},{"type":"Feature","properties":{"kind":"flood","area_km2":0.063,"conf":"low","date":"2026-10-09"},"geometry":{"type":"Polygon","coordinates":[[[100.9263,14.0008],[100.9263,14.0],[100.9255,14.0],[100.9255,13.9984],[100.9266,13.9983],[100.9266,13.9994],[100.9288,13.9994],[100.9291,14.0],[100.9291,14.0008],[100.9263,14.0008]]]}},{"type":"Feature","properties":{"kind":"flood","area_km2":0.063,"conf":"low","date":"2026-10-09"},"geometry":{"type":"Polygon","coordinates":[[[100.9059,13.976],[100.9061,13.9744],[100.9067,13.9738],[100.9083,13.9738],[100.9083,13.9746],[100.9089,13.9746],[100.9089,13.9754],[100.9095,13.9754],[100.9095,13.976],[100.9086,13.976],[100.9083,13.9752],[100.9078,13.9754],[100.9078,13.976],[100.9059,13.976]]]}},{"type":"Feature","properties":{"kind":"flood","area_km2":0.063,"conf":"low","date":"2026-10-09"},"geometry":{"type":"Polygon","coordinates":[[[100.8364,13.966],[100.8361,13.9635],[100.838,13.9635],[100.8383,13.9657],[100.8364,13.966]]]}},{"type":"Feature","properties":{"kind":"flood","area_km2":0.063,"conf":"low","date":"2026-10-09"},"geometry":{"type":"Polygon","coordinates":[[[100.122,13.938],[100.1218,13.9375],[100.1212,13.9375],[100.1209,13.9367],[100.1212,13.9353],[100.122,13.9353],[100.1223,13.9372],[100.1234,13.9372],[100.1248,13.9361],[100.1243,13.938],[100.122,13.938]]]}},{"type":"Feature","properties":{"kind":"flood","area_km2":0.063,"conf":"low","date":"2026-10-09"},"geometry":{"type":"Polygon","coordinates":[[[100.833,13.9305],[100.83,13.9302],[100.83,13.9294],[100.8308,13.9294],[100.8308,13.9289],[100.8341,13.9286],[100.8341,13.9297],[100.833,13.9297],[100.833,13.9305]]]}},{"type":"Feature","properties":{"kind":"flood","area_km2":0.063,"conf":"low","date":"2026-10-09"},"geometry":{"type":"Polygon","coordinates":[[[100.9971,13.8018],[100.996,13.8007],[100.996,13.7999],[100.9971,13.7999],[100.9973,13.7993],[100.9993,13.7996],[100.9993,13.8004],[100.9979,13.8018],[100.9971,13.8018]]]}},{"type":"Feature","properties":{"kind":"flood","area_km2":0.063,"conf":"low","date":"2026-10-09"},"geometry":{"type":"Polygon","coordinates":[[[100.9597,13.708],[100.9583,13.7077],[100.9583,13.7069],[100.9594,13.7058],[100.9611,13.7055],[100.9614,13.7074],[100.9597,13.708]]]}},{"type":"Feature","properties":{"kind":"flood","area_km2":0.063,"conf":"low","date":"2026-10-09"},"geometry":{"type":"Polygon","coordinates":[[[100.8136,13.608],[100.8136,13.6061],[100.8166,13.6063],[100.8164,13.6077],[100.8136,13.608]]]}},{"type":"Feature","properties":{"kind":"flood","area_km2":0.063,"conf":"low","date":"2026-10-09"},"geometry":{"type":"Polygon","coordinates":[[[100.9024,13.5509],[100.9024,13.5485],[100.9016,13.5479],[100.9013,13.5463],[100.9021,13.5463],[100.9021,13.5471],[100.9032,13.5471],[100.9035,13.5479],[100.9035,13.5487],[100.9027,13.549],[100.9035,13.5493],[100.9032,13.5509],[100.9024,13.5509]]]}},{"type":"Feature","properties":{"kind":"flood","area_km2":0.063,"conf":"low","date":"2026-10-09"},"geometry":{"type":"Polygon","coordinates":[[[100.8885,13.5079],[100.886,13.5076],[100.8862,13.503],[100.8874,13.503],[100.8874,13.5044],[100.8865,13.5047],[100.8865,13.506],[100.8871,13.506],[100.8874,13.5074],[100.8885,13.5074],[100.8885,13.5079]]]}},{"type":"Feature","properties":{"kind":"flood","area_km2":0.062,"conf":"low","date":"2026-10-09"},"geometry":{"type":"Polygon","coordinates":[[[100.918,14.0009],[100.918,14.0],[100.9244,14.0],[100.9244,14.0008],[100.918,14.0009]]]}},{"type":"Feature","properties":{"kind":"flood","area_km2":0.062,"conf":"low","date":"2026-10-09"},"geometry":{"type":"Polygon","coordinates":[[[100.1734,13.9877],[100.1728,13.9863],[100.1739,13.9863],[100.1739,13.985],[100.1728,13.9847],[100.1737,13.9842],[100.1748,13.9842],[100.1742,13.9858],[100.1756,13.9858],[100.1756,13.9869],[100.1742,13.9877],[100.1734,13.9877]]]}},{"type":"Feature","properties":{"kind":"flood","area_km2":0.062,"conf":"low","date":"2026-10-09"},"geometry":{"type":"Polygon","coordinates":[[[100.8922,13.9683],[100.8916,13.9677],[100.8916,13.9664],[100.8947,13.9666],[100.8947,13.9682],[100.8922,13.9683]]]}},{"type":"Feature","properties":{"kind":"flood","area_km2":0.062,"conf":"low","date":"2026-10-09"},"geometry":{"type":"Polygon","coordinates":[[[100.4366,13.9738],[100.4363,13.9733],[100.4371,13.9733],[100.4371,13.9722],[100.4363,13.9722],[100.4343,13.9703],[100.4343,13.9695],[100.4352,13.9695],[100.4374,13.9714],[100.4374,13.9727],[100.438,13.973],[100.438,13.9738],[100.4366,13.9738]]]}},{"type":"Feature","properties":{"kind":"flood","area_km2":0.062,"conf":"low","date":"2026-10-09"},"geometry":{"type":"Polygon","coordinates":[[[100.9091,13.9692],[100.9091,13.9646],[100.9099,13.9646],[100.9099,13.9662],[100.9111,13.9665],[100.9111,13.9681],[100.9097,13.9681],[100.9091,13.9692]]]}},{"type":"Feature","properties":{"kind":"flood","area_km2":0.062,"conf":"low","date":"2026-10-09"},"geometry":{"type":"Polygon","coordinates":[[[100.8891,13.8232],[100.8899,13.8208],[100.8907,13.82],[100.8915,13.8199],[100.8918,13.8218],[100.8913,13.8218],[100.8899,13.8232],[100.8891,13.8232]]]}},{"type":"Feature","properties":{"kind":"flood","area_km2":0.062,"conf":"low","date":"2026-10-09"},"geometry":{"type":"Polygon","coordinates":[[[100.9517,13.8184],[100.9514,13.8176],[100.9506,13.8176],[100.9512,13.8165],[100.9511,13.8143],[100.9525,13.8146],[100.952,13.8162],[100.9528,13.8165],[100.9523,13.8184],[100.9517,13.8184]]]}},{"type":"Feature","properties":{"kind":"flood","area_km2":0.062,"conf":"low","date":"2026-10-09"},"geometry":{"type":"Polygon","coordinates":[[[100.8778,13.7967],[100.8777,13.7951],[100.88,13.7954],[100.8797,13.7937],[100.8813,13.7935],[100.8811,13.7954],[100.8805,13.7954],[100.8802,13.7959],[100.8791,13.7959],[100.8789,13.7967],[100.8778,13.7967]]]}},{"type":"Feature","properties":{"kind":"flood","area_km2":0.062,"conf":"low","date":"2026-10-09"},"geometry":{"type":"Polygon","coordinates":[[[100.9415,13.7859],[100.9415,13.784],[100.9451,13.7843],[100.9451,13.7854],[100.9434,13.7851],[100.9426,13.7859],[100.9415,13.7859]]]}},{"type":"Feature","properties":{"kind":"flood","area_km2":0.062,"conf":"low","date":"2026-10-09"},"geometry":{"type":"Polygon","coordinates":[[[100.8598,13.776],[100.8601,13.7725],[100.8606,13.7719],[100.8615,13.7719],[100.8612,13.7757],[100.8598,13.776]]]}},{"type":"Feature","properties":{"kind":"flood","area_km2":0.062,"conf":"low","date":"2026-10-09"},"geometry":{"type":"Polygon","coordinates":[[[100.9159,13.7059],[100.9164,13.7043],[100.917,13.7042],[100.9186,13.7023],[100.92,13.7021],[100.9197,13.7031],[100.9192,13.7031],[100.9167,13.7059],[100.9159,13.7059]]]}},{"type":"Feature","properties":{"kind":"flood","area_km2":0.062,"conf":"low","date":"2026-10-09"},"geometry":{"type":"Polygon","coordinates":[[[100.9161,13.6273],[100.916,13.6262],[100.9166,13.6256],[100.9177,13.6256],[100.918,13.6248],[100.9188,13.6245],[100.9202,13.6245],[100.9202,13.6253],[100.9172,13.6267],[100.9172,13.6272],[100.9161,13.6273]]]}},{"type":"Feature","properties":{"kind":"flood","area_km2":0.062,"conf":"low","date":"2026-10-09"},"geometry":{"type":"Polygon","coordinates":[[[100.8165,13.621],[100.8162,13.6196],[100.8167,13.6188],[100.8195,13.6188],[100.8192,13.6201],[100.817,13.6204],[100.8165,13.621]]]}},{"type":"Feature","properties":{"kind":"flood","area_km2":0.061,"conf":"low","date":"2026-10-09"},"geometry":{"type":"Polygon","coordinates":[[[100.8354,13.9888],[100.831,13.9885],[100.831,13.9877],[100.8332,13.988],[100.8332,13.9874],[100.836,13.9874],[100.836,13.9882],[100.8354,13.9888]]]}},{"type":"Feature","properties":{"kind":"flood","area_km2":0.061,"conf":"low","date":"2026-10-09"},"geometry":{"type":"Polygon","coordinates":[[[100.4764,13.9831],[100.4752,13.9823],[100.4752,13.9814],[100.4758,13.9812],[100.4755,13.9801],[100.4763,13.9801],[100.4777,13.9817],[100.4777,13.9828],[100.4764,13.9831]]]}},{"type":"Feature","properties":{"kind":"flood","area_km2":0.061,"conf":"low","date":"2026-10-09"},"geometry":{"type":"Polygon","coordinates":[[[100.0425,13.9764],[100.042,13.9742],[100.0431,13.9742],[100.0436,13.975],[100.0456,13.9753],[100.0456,13.9764],[100.0445,13.9764],[100.0439,13.9758],[100.0434,13.9764],[100.0425,13.9764]]]}},{"type":"Feature","properties":{"kind":"flood","area_km2":0.061,"conf":"low","date":"2026-10-09"},"geometry":{"type":"Polygon","coordinates":[[[100.8687,13.8773],[100.8681,13.8752],[100.8703,13.8746],[100.8704,13.877],[100.8687,13.8773]]]}},{"type":"Feature","properties":{"kind":"flood","area_km2":0.061,"conf":"low","date":"2026-10-09"},"geometry":{"type":"Polygon","coordinates":[[[100.9371,13.822],[100.9359,13.8207],[100.9359,13.8199],[100.9365,13.8193],[100.9376,13.8193],[100.9387,13.8207],[100.9387,13.8212],[100.9379,13.822],[100.9371,13.822]]]}},{"type":"Feature","properties":{"kind":"flood","area_km2":0.061,"conf":"low","date":"2026-10-09"},"geometry":{"type":"Polygon","coordinates":[[[100.9159,13.7105],[100.9159,13.7097],[100.9164,13.7097],[100.9159,13.7094],[100.9159,13.7086],[100.9164,13.7086],[100.9167,13.708],[100.9178,13.7083],[100.9181,13.7078],[100.9189,13.7078],[100.9189,13.7072],[100.9198,13.7072],[100.9198,13.708],[100.9189,13.708],[100.9189,13.7086],[100.9181,13.7088],[100.9173,13.7099],[100.9167,13.7099],[100.9167,13.7105],[100.9159,13.7105]]]}},{"type":"Feature","properties":{"kind":"flood","area_km2":0.061,"conf":"low","date":"2026-10-09"},"geometry":{"type":"Polygon","coordinates":[[[100.9793,13.7043],[100.9793,13.7032],[100.9813,13.7016],[100.9813,13.701],[100.9826,13.7007],[100.9827,13.7018],[100.9802,13.7043],[100.9793,13.7043]]]}},{"type":"Feature","properties":{"kind":"flood","area_km2":0.061,"conf":"low","date":"2026-10-09"},"geometry":{"type":"Polygon","coordinates":[[[100.9268,13.6505],[100.9268,13.6483],[100.9276,13.648],[100.9276,13.6472],[100.929,13.6475],[100.929,13.6488],[100.9284,13.6491],[100.9279,13.6505],[100.9268,13.6505]]]}},{"type":"Feature","properties":{"kind":"flood","area_km2":0.061,"conf":"low","date":"2026-10-09"},"geometry":{"type":"Polygon","coordinates":[[[100.5568,13.5151],[100.5527,13.5145],[100.5527,13.5137],[100.5582,13.514],[100.5568,13.5151]],[[100.5557,13.514],[100.556,13.5142],[100.556,13.514],[100.5557,13.514]]]}},{"type":"Feature","properties":{"kind":"flood","area_km2":0.061,"conf":"low","date":"2026-10-09"},"geometry":{"type":"Polygon","coordinates":[[[100.0206,13.3998],[100.0206,13.3987],[100.0223,13.3987],[100.0222,13.3974],[100.0231,13.3974],[100.0236,13.3985],[100.0245,13.3985],[100.0245,13.3993],[100.0239,13.3993],[100.0236,13.3987],[100.0236,13.3995],[100.0231,13.3998],[100.0206,13.3998]]]}},{"type":"Feature","properties":{"kind":"flood","area_km2":0.06,"conf":"low","date":"2026-10-09"},"geometry":{"type":"Polygon","coordinates":[[[100.929,13.9929],[100.9271,13.9926],[100.9274,13.9916],[100.9324,13.9915],[100.9324,13.9923],[100.9293,13.9924],[100.929,13.9929]]]}},{"type":"Feature","properties":{"kind":"flood","area_km2":0.06,"conf":"low","date":"2026-10-09"},"geometry":{"type":"Polygon","coordinates":[[[100.8832,13.9911],[100.8832,13.9903],[100.8838,13.99],[100.8882,13.9902],[100.8882,13.9911],[100.8832,13.9911]]]}},{"type":"Feature","properties":{"kind":"flood","area_km2":0.06,"conf":"low","date":"2026-10-09"},"geometry":{"type":"Polygon","coordinates":[[[100.2648,13.949],[100.2651,13.9479],[100.2662,13.9476],[100.2684,13.946],[100.2693,13.946],[100.2693,13.9468],[100.2687,13.9468],[100.2679,13.9479],[100.2668,13.9482],[100.2659,13.949],[100.2648,13.949]]]}},{"type":"Feature","properties":{"kind":"flood","area_km2":0.06,"conf":"low","date":"2026-10-09"},"geometry":{"type":"Polygon","coordinates":[[[100.9716,13.9329],[100.9682,13.9327],[100.9685,13.9316],[100.9704,13.9316],[100.9704,13.9321],[100.9718,13.9321],[100.9718,13.9313],[100.9724,13.9313],[100.9724,13.9321],[100.9735,13.9321],[100.973,13.9326],[100.9716,13.9329]]]}},{"type":"Feature","properties":{"kind":"flood","area_km2":0.06,"conf":"low","date":"2026-10-09"},"geometry":{"type":"Polygon","coordinates":[[[100.3677,13.9262],[100.3674,13.924],[100.368,13.9238],[100.368,13.9227],[100.3696,13.9227],[100.3696,13.9243],[100.3688,13.9243],[100.3685,13.9262],[100.3677,13.9262]]]}},{"type":"Feature","properties":{"kind":"flood","area_km2":0.06,"conf":"low","date":"2026-10-09"},"geometry":{"type":"Polygon","coordinates":[[[100.195,13.9163],[100.1947,13.9146],[100.1952,13.9138],[100.1947,13.9136],[100.1947,13.9144],[100.1941,13.9144],[100.1941,13.913],[100.1961,13.9133],[100.1964,13.916],[100.195,13.9163]]]}},{"type":"Feature","properties":{"kind":"flood","area_km2":0.06,"conf":"low","date":"2026-10-09"},"geometry":{"type":"Polygon","coordinates":[[[100.7817,13.8951],[100.7811,13.8945],[100.7811,13.8929],[100.7817,13.8921],[100.7828,13.8921],[100.7833,13.8926],[100.7833,13.8934],[100.7828,13.894],[100.7828,13.8948],[100.7817,13.8951]]]}},{"type":"Feature","properties":{"kind":"flood","area_km2":0.06,"conf":"low","date":"2026-10-09"},"geometry":{"type":"Polygon","coordinates":[[[100.7961,13.7494],[100.7961,13.7483],[100.7969,13.7483],[100.7969,13.7472],[100.7975,13.7469],[100.7978,13.7474],[100.7989,13.7474],[100.7989,13.7461],[100.7994,13.7461],[100.7994,13.7482],[100.7961,13.7494]]]}},{"type":"Feature","properties":{"kind":"flood","area_km2":0.06,"conf":"low","date":"2026-10-09"},"geometry":{"type":"Polygon","coordinates":[[[100.8426,13.7395],[100.8426,13.7387],[100.8435,13.7387],[100.844,13.7382],[100.8473,13.7381],[100.8473,13.7389],[100.8465,13.7392],[100.8426,13.7395]]]}},{"type":"Feature","properties":{"kind":"flood","area_km2":0.06,"conf":"low","date":"2026-10-09"},"geometry":{"type":"Polygon","coordinates":[[[100.879,13.6438],[100.8768,13.6438],[100.8768,13.643],[100.8782,13.6425],[100.8787,13.6414],[100.8801,13.6414],[100.8801,13.6424],[100.879,13.643],[100.879,13.6438]]]}},{"type":"Feature","properties":{"kind":"flood","area_km2":0.06,"conf":"low","date":"2026-10-09"},"geometry":{"type":"Polygon","coordinates":[[[100.1676,13.4892],[100.1673,13.4884],[100.1668,13.4884],[100.1665,13.4879],[100.1681,13.4876],[100.1681,13.4868],[100.169,13.4868],[100.1692,13.4879],[100.1704,13.4879],[100.1704,13.4887],[100.1692,13.4887],[100.1693,13.4892],[100.1676,13.4892]]]}},{"type":"Feature","properties":{"kind":"flood","area_km2":0.059,"conf":"low","date":"2026-10-09"},"geometry":{"type":"Polygon","coordinates":[[[100.8342,13.979],[100.8342,13.9782],[100.8351,13.9779],[100.8395,13.9781],[100.8395,13.979],[100.8342,13.979]]]}},{"type":"Feature","properties":{"kind":"flood","area_km2":0.059,"conf":"low","date":"2026-10-09"},"geometry":{"type":"Polygon","coordinates":[[[100.268,13.9731],[100.268,13.9723],[100.2697,13.9709],[100.2705,13.9709],[100.2708,13.9726],[100.2716,13.9726],[100.2711,13.9731],[100.268,13.9731]]]}},{"type":"Feature","properties":{"kind":"flood","area_km2":0.059,"conf":"low","date":"2026-10-09"},"geometry":{"type":"Polygon","coordinates":[[[100.8415,13.9494],[100.8412,13.9445],[100.842,13.9445],[100.8426,13.9494],[100.8415,13.9494]]]}},{"type":"Feature","properties":{"kind":"flood","area_km2":0.059,"conf":"low","date":"2026-10-09"},"geometry":{"type":"Polygon","coordinates":[[[100.8583,13.9257],[100.858,13.9251],[100.8574,13.9251],[100.8574,13.9243],[100.8613,13.924],[100.8613,13.9254],[100.8583,13.9257]]]}},{"type":"Feature","properties":{"kind":"flood","area_km2":0.059,"conf":"low","date":"2026-10-09"},"geometry":{"type":"Polygon","coordinates":[[[100.9293,13.8516],[100.9289,13.847],[100.9298,13.847],[100.9301,13.8516],[100.9293,13.8516]]]}},{"type":"Feature","properties":{"kind":"flood","area_km2":0.059,"conf":"low","date":"2026-10-09"},"geometry":{"type":"Polygon","coordinates":[[[101.0002,13.8139],[101.0,13.8129],[101.0047,13.8128],[101.0044,13.8139],[101.0002,13.8139]]]}},{"type":"Feature","properties":{"kind":"flood","area_km2":0.059,"conf":"low","date":"2026-10-09"},"geometry":{"type":"Polygon","coordinates":[[[100.8821,13.785],[100.8818,13.7823],[100.8829,13.781],[100.8837,13.7812],[100.8835,13.7834],[100.8829,13.784],[100.8829,13.785],[100.8821,13.785]]]}},{"type":"Feature","properties":{"kind":"flood","area_km2":0.059,"conf":"low","date":"2026-10-09"},"geometry":{"type":"Polygon","coordinates":[[[100.9046,13.7171],[100.9043,13.7163],[100.9035,13.7163],[100.9035,13.7155],[100.9073,13.7152],[100.9073,13.716],[100.9068,13.7165],[100.9046,13.7171]]]}},{"type":"Feature","properties":{"kind":"flood","area_km2":0.059,"conf":"low","date":"2026-10-09"},"geometry":{"type":"Polygon","coordinates":[[[100.8345,13.6946],[100.834,13.6932],[100.8326,13.6935],[100.8326,13.6927],[100.8334,13.6927],[100.8334,13.6916],[100.832,13.6916],[100.832,13.6908],[100.8339,13.6911],[100.8339,13.6921],[100.8348,13.6927],[100.8353,13.6938],[100.8353,13.6946],[100.8345,13.6946]]]}},{"type":"Feature","properties":{"kind":"flood","area_km2":0.059,"conf":"low","date":"2026-10-09"},"geometry":{"type":"Polygon","coordinates":[[[100.9459,13.6522],[100.9454,13.6517],[100.9454,13.6506],[100.9459,13.6506],[100.9465,13.6498],[100.9476,13.6498],[100.9481,13.6503],[100.9481,13.6514],[100.9468,13.6522],[100.9459,13.6522]]]}},{"type":"Feature","properties":{"kind":"flood","area_km2":0.059,"conf":"low","date":"2026-10-09"},"geometry":{"type":"Polygon","coordinates":[[[100.2343,13.6253],[100.2342,13.6243],[100.2334,13.6243],[100.2331,13.6232],[100.2337,13.6229],[100.2337,13.6224],[100.2345,13.6224],[100.2345,13.6215],[100.2353,13.6215],[100.2353,13.6226],[100.2348,13.6226],[100.2354,13.6253],[100.2343,13.6253]]]}},{"type":"Feature","properties":{"kind":"flood","area_km2":0.059,"conf":"low","date":"2026-10-09"},"geometry":{"type":"Polygon","coordinates":[[[100.0934,13.5175],[100.0934,13.5164],[100.0923,13.5164],[100.0926,13.5159],[100.0962,13.5153],[100.0959,13.5172],[100.0943,13.517],[100.0934,13.5175]]]}},{"type":"Feature","properties":{"kind":"flood","area_km2":0.059,"conf":"low","date":"2026-10-09"},"geometry":{"type":"Polygon","coordinates":[[[100.0363,13.1255],[100.036,13.1242],[100.0355,13.1242],[100.0355,13.1226],[100.0363,13.1226],[100.0369,13.1239],[100.0385,13.1234],[100.0383,13.1247],[100.0372,13.1255],[100.0363,13.1255]]]}},{"type":"Feature","properties":{"kind":"flood","area_km2":0.059,"conf":"low","date":"2026-10-09"},"geometry":{"type":"Polygon","coordinates":[[[100.762,13.97],[100.7567,13.9701],[100.7567,13.9693],[100.762,13.9692],[100.762,13.97]]]}},{"type":"Feature","properties":{"kind":"flood","area_km2":0.059,"conf":"low","date":"2026-10-09"},"geometry":{"type":"Polygon","coordinates":[[[100.3503,13.9358],[100.3503,13.935],[100.3511,13.9347],[100.3519,13.9336],[100.3541,13.9331],[100.3542,13.9339],[100.3533,13.9342],[100.3525,13.9352],[100.3503,13.9358]]]}},{"type":"Feature","properties":{"kind":"flood","area_km2":0.059,"conf":"low","date":"2026-10-09"},"geometry":{"type":"Polygon","coordinates":[[[100.357,13.8539],[100.3554,13.8536],[100.3553,13.8528],[100.3565,13.852],[100.3565,13.8514],[100.3573,13.8514],[100.3573,13.8522],[100.359,13.8522],[100.359,13.853],[100.3573,13.853],[100.357,13.8539]]]}},{"type":"Feature","properties":{"kind":"flood","area_km2":0.059,"conf":"low","date":"2026-10-09"},"geometry":{"type":"Polygon","coordinates":[[[100.2476,13.8509],[100.2476,13.8498],[100.2468,13.8496],[100.2468,13.8488],[100.2474,13.8487],[100.2476,13.8479],[100.2498,13.8477],[100.2499,13.8487],[100.2485,13.8487],[100.2482,13.8493],[100.2482,13.8504],[100.2493,13.8506],[100.2476,13.8509]]]}},{"type":"Feature","properties":{"kind":"flood","area_km2":0.059,"conf":"low","date":"2026-10-09"},"geometry":{"type":"Polygon","coordinates":[[[100.9261,13.8416],[100.9256,13.8406],[100.9253,13.8379],[100.9264,13.8378],[100.9267,13.8395],[100.9272,13.84],[100.9272,13.8414],[100.9261,13.8416]]]}},{"type":"Feature","properties":{"kind":"flood","area_km2":0.059,"conf":"low","date":"2026-10-09"},"geometry":{"type":"Polygon","coordinates":[[[100.8347,13.828],[100.8347,13.8261],[100.8372,13.8261],[100.8375,13.8277],[100.8347,13.828]]]}},{"type":"Feature","properties":{"kind":"flood","area_km2":0.059,"conf":"low","date":"2026-10-09"},"geometry":{"type":"Polygon","coordinates":[[[100.9526,13.8233],[100.9526,13.8225],[100.9515,13.8222],[100.9515,13.8214],[100.9551,13.8208],[100.9551,13.8216],[100.9537,13.8222],[100.9537,13.8233],[100.9526,13.8233]]]}},{"type":"Feature","properties":{"kind":"flood","area_km2":0.059,"conf":"low","date":"2026-10-09"},"geometry":{"type":"Polygon","coordinates":[[[100.8719,13.822],[100.8716,13.8209],[100.8721,13.8204],[100.8749,13.8206],[100.8749,13.8217],[100.8744,13.822],[100.8719,13.822]]]}},{"type":"Feature","properties":{"kind":"flood","area_km2":0.059,"conf":"low","date":"2026-10-09"},"geometry":{"type":"Polygon","coordinates":[[[100.9999,13.7735],[100.9999,13.7725],[100.9991,13.7725],[100.999,13.7711],[100.9982,13.7703],[100.9982,13.7695],[100.999,13.7695],[100.9996,13.77],[100.9996,13.7708],[101.0004,13.7714],[101.001,13.7724],[101.001,13.7735],[100.9999,13.7735]]]}},{"type":"Feature","properties":{"kind":"flood","area_km2":0.059,"conf":"low","date":"2026-10-09"},"geometry":{"type":"Polygon","coordinates":[[[100.9538,13.6983],[100.9535,13.6964],[100.9554,13.6961],[100.9554,13.6966],[100.9563,13.6969],[100.9563,13.6977],[100.9557,13.6983],[100.9538,13.6983]]]}},{"type":"Feature","properties":{"kind":"flood","area_km2":0.059,"conf":"low","date":"2026-10-09"},"geometry":{"type":"Polygon","coordinates":[[[100.9836,13.553],[100.9836,13.5522],[100.9831,13.5522],[100.9836,13.5516],[100.9836,13.5508],[100.985,13.5505],[100.985,13.5497],[100.9858,13.5497],[100.9864,13.5502],[100.9864,13.5511],[100.9853,13.5511],[100.9853,13.5519],[100.9836,13.553]]]}},{"type":"Feature","properties":{"kind":"flood","area_km2":0.058,"conf":"high","date":"2026-10-09"},"geometry":{"type":"Polygon","coordinates":[[[100.9104,13.9586],[100.9096,13.9581],[100.9096,13.9567],[100.9099,13.9562],[100.9118,13.9559],[100.9118,13.9583],[100.9104,13.9586]]]}},{"type":"Feature","properties":{"kind":"flood","area_km2":0.058,"conf":"low","date":"2026-10-09"},"geometry":{"type":"Polygon","coordinates":[[[100.984,13.9529],[100.9834,13.9523],[100.9834,13.9513],[100.9845,13.9507],[100.9862,13.9507],[100.9862,13.9523],[100.984,13.9529]]]}},{"type":"Feature","properties":{"kind":"flood","area_km2":0.058,"conf":"low","date":"2026-10-09"},"geometry":{"type":"Polygon","coordinates":[[[100.9555,13.7658],[100.9554,13.7636],[100.9563,13.7628],[100.9579,13.7633],[100.9579,13.7641],[100.9555,13.7658]]]}},{"type":"Feature","properties":{"kind":"flood","area_km2":0.058,"conf":"low","date":"2026-10-09"},"geometry":{"type":"Polygon","coordinates":[[[100.9873,13.7612],[100.987,13.759],[100.9898,13.7584],[100.9901,13.7579],[100.9903,13.759],[100.9873,13.7612]]]}},{"type":"Feature","properties":{"kind":"flood","area_km2":0.058,"conf":"low","date":"2026-10-09"},"geometry":{"type":"Polygon","coordinates":[[[100.9177,13.6926],[100.9174,13.692],[100.9193,13.6918],[100.9193,13.6912],[100.921,13.6907],[100.9216,13.6917],[100.923,13.692],[100.923,13.6925],[100.9207,13.6926],[100.9205,13.692],[100.9177,13.6926]]]}},{"type":"Feature","properties":{"kind":"flood","area_km2":0.058,"conf":"low","date":"2026-10-09"},"geometry":{"type":"Polygon","coordinates":[[[100.9792,13.6823],[100.9805,13.6821],[100.9808,13.6807],[100.9814,13.6804],[100.9814,13.6785],[100.9816,13.6796],[100.9836,13.6799],[100.983,13.681],[100.9819,13.681],[100.9814,13.6815],[100.9814,13.6823],[100.9792,13.6823]]]}},{"type":"Feature","properties":{"kind":"flood","area_km2":0.058,"conf":"low","date":"2026-10-09"},"geometry":{"type":"Polygon","coordinates":[[[100.9489,13.6804],[100.9489,13.6788],[100.9481,13.6782],[100.9478,13.6772],[100.9478,13.6766],[100.9486,13.6763],[100.9492,13.6772],[100.9497,13.6772],[100.9495,13.6782],[100.95,13.6785],[100.9498,13.6804],[100.9489,13.6804]]]}},{"type":"Feature","properties":{"kind":"flood","area_km2":0.058,"conf":"low","date":"2026-10-09"},"geometry":{"type":"Polygon","coordinates":[[[100.8795,13.6696],[100.8795,13.669],[100.879,13.669],[100.879,13.6682],[100.8776,13.6685],[100.8776,13.6677],[100.8784,13.6677],[100.8781,13.6669],[100.8773,13.6669],[100.8775,13.6655],[100.8789,13.6655],[100.8787,13.6679],[100.8801,13.6679],[100.8798,13.6687],[100.8803,13.6687],[100.8804,13.6696],[100.8795,13.6696]]]}},{"type":"Feature","properties":{"kind":"flood","area_km2":0.058,"conf":"low","date":"2026-10-09"},"geometry":{"type":"Polygon","coordinates":[[[100.8978,13.5233],[100.8964,13.523],[100.8964,13.5214],[100.8972,13.5214],[100.8977,13.5203],[100.8986,13.5203],[100.8986,13.5211],[100.8994,13.5211],[100.8994,13.5219],[100.898,13.5219],[100.8978,13.5233]]]}},{"type":"Feature","properties":{"kind":"flood","area_km2":0.057,"conf":"low","date":"2026-10-09"},"geometry":{"type":"Polygon","coordinates":[[[100.0386,13.9712],[100.0378,13.9704],[100.0378,13.9696],[100.0389,13.9693],[100.0394,13.9685],[100.0403,13.9685],[100.0405,13.9696],[100.04,13.9699],[100.04,13.9707],[100.0394,13.9712],[100.0386,13.9712]]]}},{"type":"Feature","properties":{"kind":"flood","area_km2":0.057,"conf":"low","date":"2026-10-09"},"geometry":{"type":"Polygon","coordinates":[[[100.0343,13.9493],[100.0343,13.9487],[100.033,13.949],[100.033,13.9482],[100.0346,13.9479],[100.0349,13.9466],[100.036,13.9466],[100.0363,13.9479],[100.0355,13.9485],[100.0355,13.9493],[100.0343,13.9493]]]}},{"type":"Feature","properties":{"kind":"flood","area_km2":0.057,"conf":"low","date":"2026-10-09"},"geometry":{"type":"Polygon","coordinates":[[[100.8772,13.9334],[100.8772,13.9328],[100.8766,13.9329],[100.8766,13.9318],[100.878,13.9315],[100.8797,13.932],[100.8797,13.9334],[100.8772,13.9334]]]}},{"type":"Feature","properties":{"kind":"flood","area_km2":0.057,"conf":"low","date":"2026-10-09"},"geometry":{"type":"Polygon","coordinates":[[[100.3223,13.8549],[100.3218,13.8543],[100.3223,13.8519],[100.3245,13.8521],[100.3245,13.853],[100.3229,13.853],[100.3229,13.854],[100.3237,13.854],[100.3237,13.8546],[100.3223,13.8549]]]}},{"type":"Feature","properties":{"kind":"flood","area_km2":0.057,"conf":"low","date":"2026-10-09"},"geometry":{"type":"Polygon","coordinates":[[[100.9667,13.8465],[100.9667,13.8448],[100.9661,13.8443],[100.9658,13.8427],[100.9675,13.8429],[100.9678,13.8465],[100.9667,13.8465]]]}},{"type":"Feature","properties":{"kind":"flood","area_km2":0.057,"conf":"low","date":"2026-10-09"},"geometry":{"type":"Polygon","coordinates":[[[100.9085,13.8258],[100.9074,13.8247],[100.9074,13.8242],[100.9068,13.8242],[100.9068,13.8234],[100.9085,13.8231],[100.9093,13.8239],[100.9096,13.8252],[100.9093,13.8258],[100.9085,13.8258]]]}},{"type":"Feature","properties":{"kind":"flood","area_km2":0.057,"conf":"low","date":"2026-10-09"},"geometry":{"type":"Polygon","coordinates":[[[100.9614,13.7486],[100.9606,13.7478],[100.9606,13.7467],[100.9622,13.7462],[100.9622,13.7467],[100.9633,13.747],[100.9634,13.7478],[100.9625,13.7486],[100.9614,13.7486]]]}},{"type":"Feature","properties":{"kind":"flood","area_km2":0.057,"conf":"low","date":"2026-10-09"},"geometry":{"type":"Polygon","coordinates":[[[100.9734,13.7255],[100.9734,13.7239],[100.9729,13.7236],[100.9762,13.723],[100.9762,13.7244],[100.9748,13.7247],[100.9748,13.7255],[100.9734,13.7255]]]}},{"type":"Feature","properties":{"kind":"flood","area_km2":0.057,"conf":"low","date":"2026-10-09"},"geometry":{"type":"Polygon","coordinates":[[[100.2262,13.7219],[100.2264,13.7208],[100.2309,13.7208],[100.2309,13.7216],[100.2298,13.7219],[100.2262,13.7219]]]}},{"type":"Feature","properties":{"kind":"flood","area_km2":0.057,"conf":"low","date":"2026-10-09"},"geometry":{"type":"Polygon","coordinates":[[[100.9355,13.6979],[100.9349,13.6973],[100.9343,13.6946],[100.936,13.6949],[100.936,13.6957],[100.9366,13.6962],[100.9363,13.6979],[100.9355,13.6979]]]}},{"type":"Feature","properties":{"kind":"flood","area_km2":0.057,"conf":"low","date":"2026-10-09"},"geometry":{"type":"Polygon","coordinates":[[[100.0761,13.6776],[100.0761,13.6768],[100.0772,13.6765],[100.077,13.676],[100.0775,13.676],[100.0775,13.6749],[100.0767,13.6746],[100.0767,13.6741],[100.0789,13.6743],[100.0792,13.676],[100.0784,13.676],[100.0784,13.6752],[100.0778,13.6752],[100.0778,13.6776],[100.0761,13.6776]]]}},{"type":"Feature","properties":{"kind":"flood","area_km2":0.057,"conf":"low","date":"2026-10-09"},"geometry":{"type":"Polygon","coordinates":[[[100.8917,13.602],[100.8914,13.6006],[100.892,13.6003],[100.892,13.5998],[100.8925,13.5998],[100.8931,13.599],[100.8942,13.599],[100.8939,13.6011],[100.8931,13.6011],[100.8926,13.6006],[100.8926,13.6019],[100.8917,13.602]]]}},{"type":"Feature","properties":{"kind":"flood","area_km2":0.057,"conf":"low","date":"2026-10-09"},"geometry":{"type":"Polygon","coordinates":[[[100.9264,13.5022],[100.9264,13.5016],[100.925,13.5019],[100.925,13.5006],[100.9261,13.5003],[100.9264,13.4992],[100.9272,13.4992],[100.927,13.5008],[100.9275,13.5008],[100.9275,13.5022],[100.9264,13.5022]]]}},{"type":"Feature","properties":{"kind":"flood","area_km2":0.056,"conf":"high","date":"2026-10-09"},"geometry":{"type":"Polygon","coordinates":[[[100.989,13.99],[100.989,13.9859],[100.9898,13.9859],[100.9898,13.9864],[100.9906,13.9867],[100.9906,13.9878],[100.9898,13.9881],[100.9901,13.9897],[100.989,13.99]]]}},{"type":"Feature","properties":{"kind":"flood","area_km2":0.056,"conf":"low","date":"2026-10-09"},"geometry":{"type":"Polygon","coordinates":[[[100.8748,13.9792],[100.8745,13.9779],[100.8751,13.9776],[100.8753,13.9781],[100.8789,13.9778],[100.8789,13.9787],[100.8784,13.9789],[100.8748,13.9792]]]}},{"type":"Feature","properties":{"kind":"flood","area_km2":0.056,"conf":"low","date":"2026-10-09"},"geometry":{"type":"Polygon","coordinates":[[[100.1431,13.9754],[100.1431,13.9748],[100.1422,13.9746],[100.1419,13.9729],[100.1436,13.9724],[100.1444,13.9743],[100.1439,13.9743],[100.1439,13.9754],[100.1431,13.9754]]]}},{"type":"Feature","properties":{"kind":"flood","area_km2":0.056,"conf":"low","date":"2026-10-09"},"geometry":{"type":"Polygon","coordinates":[[[100.2005,13.9675],[100.2002,13.9661],[100.2008,13.9659],[100.2008,13.9651],[100.2013,13.9651],[100.2013,13.9661],[100.2027,13.9661],[100.203,13.9648],[100.2038,13.9653],[100.2036,13.9667],[100.2019,13.9667],[100.2013,13.9675],[100.2005,13.9675]]]}},{"type":"Feature","properties":{"kind":"flood","area_km2":0.056,"conf":"low","date":"2026-10-09"},"geometry":{"type":"Polygon","coordinates":[[[100.0358,13.9639],[100.0355,13.9609],[100.0369,13.9607],[100.0369,13.9639],[100.0358,13.9639]]]}},{"type":"Feature","properties":{"kind":"flood","area_km2":0.056,"conf":"low","date":"2026-10-09"},"geometry":{"type":"Polygon","coordinates":[[[100.8044,13.9559],[100.8046,13.9545],[100.8035,13.954],[100.8038,13.9518],[100.8054,13.9518],[100.8054,13.9532],[100.8049,13.9532],[100.8052,13.9554],[100.8044,13.9559]]]}},{"type":"Feature","properties":{"kind":"flood","area_km2":0.056,"conf":"low","date":"2026-10-09"},"geometry":{"type":"Polygon","coordinates":[[[100.9724,13.9307],[100.9724,13.9294],[100.969,13.9291],[100.9701,13.9291],[100.9707,13.9286],[100.9713,13.9286],[100.9713,13.9291],[100.9735,13.9288],[100.9738,13.9299],[100.9749,13.9299],[100.9749,13.9307],[100.9724,13.9307]]]}},{"type":"Feature","properties":{"kind":"flood","area_km2":0.056,"conf":"high","date":"2026-10-09"},"geometry":{"type":"Polygon","coordinates":[[[100.9197,13.7311],[100.9199,13.7294],[100.9205,13.7294],[100.9213,13.7286],[100.9221,13.7286],[100.9221,13.7281],[100.923,13.7281],[100.923,13.7289],[100.9221,13.7289],[100.9222,13.7297],[100.9216,13.7297],[100.9213,13.7308],[100.9197,13.7311]]]}},{"type":"Feature","properties":{"kind":"flood","area_km2":0.056,"conf":"low","date":"2026-10-09"},"geometry":{"type":"Polygon","coordinates":[[[100.8826,13.6744],[100.8823,13.6733],[100.8829,13.6731],[100.8829,13.6725],[100.8834,13.6725],[100.8834,13.672],[100.8843,13.672],[100.8843,13.6725],[100.8851,13.6725],[100.8851,13.673],[100.887,13.673],[100.887,13.6736],[100.884,13.6731],[100.884,13.6744],[100.8826,13.6744]]]}},{"type":"Feature","properties":{"kind":"flood","area_km2":0.056,"conf":"low","date":"2026-10-09"},"geometry":{"type":"Polygon","coordinates":[[[100.9049,13.6246],[100.9049,13.6222],[100.9071,13.6219],[100.9069,13.6235],[100.9058,13.6246],[100.9049,13.6246]]]}},{"type":"Feature","properties":{"kind":"flood","area_km2":0.056,"conf":"low","date":"2026-10-09"},"geometry":{"type":"Polygon","coordinates":[[[100.8792,13.6251],[100.8794,13.6216],[100.8802,13.6216],[100.8816,13.6226],[100.8822,13.6243],[100.8817,13.6243],[100.8808,13.6235],[100.8808,13.6229],[100.88,13.6229],[100.8797,13.6248],[100.8792,13.6251]]]}},{"type":"Feature","properties":{"kind":"flood","area_km2":0.056,"conf":"low","date":"2026-10-09"},"geometry":{"type":"Polygon","coordinates":[[[100.9345,13.5466],[100.9345,13.546],[100.9334,13.5461],[100.9334,13.5452],[100.9323,13.5455],[100.9323,13.5463],[100.9315,13.5463],[100.9315,13.5444],[100.934,13.5444],[100.9342,13.5452],[100.9351,13.5458],[100.9351,13.5466],[100.9345,13.5466]]]}},{"type":"Feature","properties":{"kind":"flood","area_km2":0.055,"conf":"low","date":"2026-10-09"},"geometry":{"type":"Polygon","coordinates":[[[100.1154,14.0048],[100.1151,14.0037],[100.1174,14.0037],[100.1176,14.0032],[100.119,14.0034],[100.119,14.0042],[100.1182,14.0048],[100.1154,14.0048]]]}},{"type":"Feature","properties":{"kind":"flood","area_km2":0.055,"conf":"low","date":"2026-10-09"},"geometry":{"type":"Polygon","coordinates":[[[100.0899,14.0038],[100.0893,14.0027],[100.0893,14.0006],[100.0912,14.0008],[100.0912,14.0016],[100.0907,14.0016],[100.091,14.0038],[100.0899,14.0038]]]}},{"type":"Feature","properties":{"kind":"flood","area_km2":0.055,"conf":"low","date":"2026-10-09"},"geometry":{"type":"Polygon","coordinates":[[[100.4123,13.9959],[100.4123,13.9948],[100.4128,13.9948],[100.4134,13.994],[100.4153,13.994],[100.4151,13.9956],[100.4123,13.9959]]]}},{"type":"Feature","properties":{"kind":"flood","area_km2":0.055,"conf":"low","date":"2026-10-09"},"geometry":{"type":"Polygon","coordinates":[[[100.8755,13.9264],[100.8749,13.9255],[100.8749,13.9239],[100.8763,13.9239],[100.8771,13.9244],[100.8774,13.9258],[100.8763,13.9258],[100.8763,13.9263],[100.8755,13.9264]]]}},{"type":"Feature","properties":{"kind":"flood","area_km2":0.055,"conf":"low","date":"2026-10-09"},"geometry":{"type":"Polygon","coordinates":[[[100.8891,13.8571],[100.8885,13.8541],[100.8904,13.8538],[100.8904,13.8552],[100.8899,13.8555],[100.8902,13.8571],[100.8891,13.8571]]]}},{"type":"Feature","properties":{"kind":"flood","area_km2":0.055,"conf":"low","date":"2026-10-09"},"geometry":{"type":"Polygon","coordinates":[[[101.0005,13.8169],[100.9958,13.8164],[100.9958,13.8156],[101.0005,13.8158],[101.0005,13.8169]]]}},{"type":"Feature","properties":{"kind":"flood","area_km2":0.055,"conf":"low","date":"2026-10-09"},"geometry":{"type":"Polygon","coordinates":[[[100.884,13.8151],[100.8837,13.8143],[100.8823,13.8135],[100.8823,13.8122],[100.8837,13.8121],[100.8845,13.8132],[100.8848,13.8151],[100.884,13.8151]]]}},{"type":"Feature","properties":{"kind":"flood","area_km2":0.055,"conf":"high","date":"2026-10-09"},"geometry":{"type":"Polygon","coordinates":[[[100.9369,13.7702],[100.9361,13.7692],[100.9372,13.7692],[100.9374,13.7678],[100.9383,13.7681],[100.9386,13.7675],[100.9397,13.7675],[100.9397,13.7683],[100.9377,13.7702],[100.9369,13.7702]]]}},{"type":"Feature","properties":{"kind":"flood","area_km2":0.055,"conf":"low","date":"2026-10-09"},"geometry":{"type":"Polygon","coordinates":[[[100.9665,13.7291],[100.9665,13.7283],[100.9657,13.728],[100.9654,13.7285],[100.9649,13.7283],[100.9648,13.7277],[100.9657,13.7277],[100.9657,13.7272],[100.9662,13.7269],[100.9696,13.7266],[100.9696,13.7274],[100.9668,13.728],[100.9665,13.7291]]]}},{"type":"Feature","properties":{"kind":"flood","area_km2":0.055,"conf":"low","date":"2026-10-09"},"geometry":{"type":"Polygon","coordinates":[[[100.0584,13.733],[100.0556,13.7325],[100.0556,13.7311],[100.0584,13.7311],[100.0584,13.733]]]}},{"type":"Feature","properties":{"kind":"flood","area_km2":0.055,"conf":"low","date":"2026-10-09"},"geometry":{"type":"Polygon","coordinates":[[[100.9948,13.6906],[100.9953,13.6884],[100.9964,13.6882],[100.9967,13.6876],[100.9978,13.6876],[100.9978,13.6887],[100.9961,13.689],[100.9964,13.6903],[100.9948,13.6906]]]}},{"type":"Feature","properties":{"kind":"flood","area_km2":0.055,"conf":"low","date":"2026-10-09"},"geometry":{"type":"Polygon","coordinates":[[[100.8692,13.6664],[100.8684,13.6653],[100.8687,13.6639],[100.8698,13.6639],[100.8701,13.665],[100.8712,13.665],[100.8712,13.6658],[100.8706,13.6664],[100.8692,13.6664]]]}},{"type":"Feature","properties":{"kind":"flood","area_km2":0.055,"conf":"low","date":"2026-10-09"},"geometry":{"type":"Polygon","coordinates":[[[100.8384,13.5565],[100.8384,13.5557],[100.839,13.5552],[100.8429,13.5546],[100.8429,13.5554],[100.8384,13.5565]]]}},{"type":"Feature","properties":{"kind":"flood","area_km2":0.055,"conf":"low","date":"2026-10-09"},"geometry":{"type":"Polygon","coordinates":[[[100.1167,13.5128],[100.1125,13.5123],[100.1123,13.5112],[100.1167,13.512],[100.1167,13.5128]]]}},{"type":"Feature","properties":{"kind":"flood","area_km2":0.054,"conf":"low","date":"2026-10-09"},"geometry":{"type":"Polygon","coordinates":[[[100.8302,13.9934],[100.8255,13.9934],[100.8255,13.9926],[100.8302,13.9926],[100.8302,13.9934]]]}},{"type":"Feature","properties":{"kind":"flood","area_km2":0.054,"conf":"low","date":"2026-10-09"},"geometry":{"type":"Polygon","coordinates":[[[100.3911,13.9906],[100.3909,13.9893],[100.39,13.9887],[100.3903,13.9871],[100.3911,13.9871],[100.3917,13.9876],[100.392,13.9906],[100.3911,13.9906]]]}},{"type":"Feature","properties":{"kind":"flood","area_km2":0.054,"conf":"low","date":"2026-10-09"},"geometry":{"type":"Polygon","coordinates":[[[100.7371,13.9832],[100.7368,13.9827],[100.7352,13.9827],[100.7351,13.9814],[100.7343,13.9811],[100.7354,13.9811],[100.7357,13.9819],[100.7368,13.9816],[100.7368,13.9811],[100.7376,13.9811],[100.7379,13.9827],[100.7385,13.9827],[100.7385,13.9832],[100.7371,13.9832]]]}},{"type":"Feature","properties":{"kind":"flood","area_km2":0.054,"conf":"low","date":"2026-10-09"},"geometry":{"type":"Polygon","coordinates":[[[100.933,13.9734],[100.933,13.9728],[100.9311,13.9731],[100.9311,13.9712],[100.9325,13.9709],[100.9325,13.9696],[100.933,13.9698],[100.9328,13.972],[100.9333,13.9723],[100.9333,13.9731],[100.9339,13.9731],[100.933,13.9734]],[[100.9322,13.9715],[100.9325,13.972],[100.9325,13.9715],[100.9322,13.9715]],[[100.9325,13.9709],[100.9327,13.9712],[100.9327,13.9709],[100.9325,13.9709]]]}},{"type":"Feature","properties":{"kind":"flood","area_km2":0.054,"conf":"low","date":"2026-10-09"},"geometry":{"type":"Polygon","coordinates":[[[100.9329,13.9584],[100.9326,13.9563],[100.9343,13.9565],[100.9343,13.9533],[100.9348,13.9533],[100.9349,13.9573],[100.9343,13.9573],[100.9338,13.9584],[100.9329,13.9584]]]}},{"type":"Feature","properties":{"kind":"flood","area_km2":0.054,"conf":"low","date":"2026-10-09"},"geometry":{"type":"Polygon","coordinates":[[[100.839,13.9537],[100.836,13.9535],[100.8354,13.953],[100.8354,13.9521],[100.8379,13.9521],[100.8379,13.9527],[100.8382,13.9521],[100.839,13.9521],[100.839,13.9537]]]}},{"type":"Feature","properties":{"kind":"flood","area_km2":0.054,"conf":"low","date":"2026-10-09"},"geometry":{"type":"Polygon","coordinates":[[[100.9063,13.9324],[100.9069,13.9321],[100.9069,13.931],[100.9058,13.9307],[100.9071,13.9307],[100.9077,13.9313],[100.9083,13.9307],[100.9099,13.9307],[100.9097,13.9321],[100.9063,13.9324]]]}},{"type":"Feature","properties":{"kind":"flood","area_km2":0.054,"conf":"high","date":"2026-10-09"},"geometry":{"type":"Polygon","coordinates":[[[100.9257,13.9227],[100.9257,13.9219],[100.9265,13.9216],[100.9262,13.9205],[100.9279,13.9205],[100.9279,13.9211],[100.9298,13.9208],[100.9296,13.9221],[100.929,13.9221],[100.929,13.9213],[100.9273,13.9213],[100.9273,13.9222],[100.9268,13.9227],[100.9257,13.9227]]]}},{"type":"Feature","properties":{"kind":"flood","area_km2":0.054,"conf":"low","date":"2026-10-09"},"geometry":{"type":"Polygon","coordinates":[[[100.4211,13.9007],[100.4211,13.8993],[100.4203,13.8991],[100.4203,13.898],[100.4217,13.8972],[100.4214,13.8991],[100.4228,13.899],[100.4228,13.8999],[100.4223,13.9007],[100.4211,13.9007]]]}},{"type":"Feature","properties":{"kind":"flood","area_km2":0.054,"conf":"low","date":"2026-10-09"},"geometry":{"type":"Polygon","coordinates":[[[100.9999,13.8107],[100.9999,13.8099],[101.0024,13.8099],[101.0024,13.8088],[101.0033,13.8088],[101.0033,13.8093],[101.0041,13.8098],[101.0041,13.8106],[100.9999,13.8107]]]}},{"type":"Feature","properties":{"kind":"flood","area_km2":0.054,"conf":"low","date":"2026-10-09"},"geometry":{"type":"Polygon","coordinates":[[[100.7849,13.8115],[100.7844,13.811],[100.7846,13.8099],[100.7869,13.8099],[100.788,13.8104],[100.788,13.8112],[100.7849,13.8115]]]}},{"type":"Feature","properties":{"kind":"flood","area_km2":0.054,"conf":"low","date":"2026-10-09"},"geometry":{"type":"Polygon","coordinates":[[[100.8535,13.775],[100.8534,13.772],[100.8554,13.7717],[100.8554,13.7725],[100.8551,13.7725],[100.8551,13.7733],[100.8545,13.7733],[100.8543,13.7739],[100.8543,13.775],[100.8535,13.775]],[[100.8548,13.7722],[100.8551,13.7725],[100.8551,13.7722],[100.8548,13.7722]]]}},{"type":"Feature","properties":{"kind":"flood","area_km2":0.054,"conf":"low","date":"2026-10-09"},"geometry":{"type":"Polygon","coordinates":[[[100.9006,13.7735],[100.9,13.773],[100.9,13.7713],[100.9014,13.7713],[100.9036,13.7721],[100.9006,13.7735]]]}},{"type":"Feature","properties":{"kind":"flood","area_km2":0.054,"conf":"low","date":"2026-10-09"},"geometry":{"type":"Polygon","coordinates":[[[101.003,13.7486],[101.0025,13.748],[101.0025,13.7472],[101.0019,13.7472],[101.0019,13.7464],[101.0013,13.7464],[101.0013,13.7456],[101.0008,13.7456],[101.0005,13.7445],[100.9999,13.7445],[100.9999,13.7437],[101.0008,13.7437],[101.0008,13.7445],[101.0016,13.7448],[101.0016,13.7456],[101.0022,13.7456],[101.0027,13.7472],[101.0038,13.7478],[101.0039,13.7486],[101.003,13.7486]]]}},{"type":"Feature","properties":{"kind":"flood","area_km2":0.054,"conf":"low","date":"2026-10-09"},"geometry":{"type":"Polygon","coordinates":[[[100.8713,13.7122],[100.8713,13.7111],[100.8701,13.7111],[100.8701,13.7117],[100.8696,13.7117],[100.8696,13.7103],[100.8707,13.71],[100.871,13.7095],[100.8723,13.7095],[100.8724,13.7108],[100.8713,13.7122]]]}},{"type":"Feature","properties":{"kind":"flood","area_km2":0.054,"conf":"low","date":"2026-10-09"},"geometry":{"type":"Polygon","coordinates":[[[100.9584,13.6879],[100.9584,13.6874],[100.9579,13.6874],[100.9576,13.686],[100.9598,13.6857],[100.9598,13.6849],[100.9623,13.6849],[100.9626,13.6857],[100.9603,13.6857],[100.9592,13.6863],[100.9592,13.6877],[100.9584,13.6879]]]}},{"type":"Feature","properties":{"kind":"flood","area_km2":0.054,"conf":"low","date":"2026-10-09"},"geometry":{"type":"Polygon","coordinates":[[[100.9647,13.606],[100.96,13.606],[100.96,13.6052],[100.9647,13.6052],[100.9647,13.606]]]}},{"type":"Feature","properties":{"kind":"flood","area_km2":0.054,"conf":"low","date":"2026-10-09"},"geometry":{"type":"Polygon","coordinates":[[[100.9227,13.5206],[100.9221,13.5204],[100.9221,13.5198],[100.9232,13.5196],[100.9232,13.5187],[100.9227,13.5188],[100.9229,13.5182],[100.9257,13.5187],[100.9254,13.5201],[100.9246,13.5201],[100.9243,13.5193],[100.9235,13.5193],[100.9238,13.5204],[100.9227,13.5206]],[[100.9227,13.5201],[100.9232,13.5204],[100.9232,13.5201],[100.9227,13.5201]]]}},{"type":"Feature","properties":{"kind":"flood","area_km2":0.054,"conf":"low","date":"2026-10-09"},"geometry":{"type":"Polygon","coordinates":[[[100.7574,13.5075],[100.7574,13.5069],[100.7547,13.5067],[100.7546,13.5053],[100.7566,13.5056],[100.7571,13.5061],[100.7582,13.5059],[100.7583,13.5069],[100.7577,13.5069],[100.7574,13.5075]]]}},{"type":"Feature","properties":{"kind":"flood","area_km2":0.054,"conf":"low","date":"2026-10-09"},"geometry":{"type":"Polygon","coordinates":[[[100.0164,13.1161],[100.0158,13.1153],[100.0147,13.1153],[100.0147,13.1142],[100.0158,13.1142],[100.0161,13.1148],[100.0189,13.1153],[100.0189,13.1161],[100.0164,13.1161]]]}},{"type":"Feature","properties":{"kind":"flood","area_km2":0.054,"conf":"low","date":"2026-10-09"},"geometry":{"type":"Polygon","coordinates":[[[100.058,13.0777],[100.0583,13.0758],[100.0577,13.0758],[100.0574,13.0742],[100.0583,13.0742],[100.0583,13.0753],[100.0588,13.0764],[100.0594,13.0764],[100.0594,13.0769],[100.0599,13.0766],[100.0599,13.0758],[100.061,13.0758],[100.061,13.0766],[100.0605,13.0766],[100.0602,13.0774],[100.0591,13.0772],[100.058,13.0777]]]}},{"type":"Feature","properties":{"kind":"flood","area_km2":0.053,"conf":"low","date":"2026-10-09"},"geometry":{"type":"Polygon","coordinates":[[[100.4825,13.9955],[100.4825,13.9944],[100.4814,13.9942],[100.4814,13.9933],[100.4834,13.9928],[100.4839,13.9936],[100.4839,13.9952],[100.4825,13.9955]]]}},{"type":"Feature","properties":{"kind":"flood","area_km2":0.053,"conf":"low","date":"2026-10-09"},"geometry":{"type":"Polygon","coordinates":[[[100.9871,13.9672],[100.9871,13.9637],[100.9879,13.9637],[100.9879,13.9642],[100.989,13.9642],[100.9891,13.965],[100.9885,13.965],[100.988,13.9672],[100.9871,13.9672]]]}},{"type":"Feature","properties":{"kind":"flood","area_km2":0.053,"conf":"low","date":"2026-10-09"},"geometry":{"type":"Polygon","coordinates":[[[100.958,13.9647],[100.9574,13.9642],[100.9574,13.961],[100.9582,13.961],[100.9582,13.9615],[100.9588,13.9618],[100.9588,13.9647],[100.958,13.9647]]]}},{"type":"Feature","properties":{"kind":"flood","area_km2":0.053,"conf":"low","date":"2026-10-09"},"geometry":{"type":"Polygon","coordinates":[[[100.176,13.9584],[100.1732,13.9581],[100.1732,13.9573],[100.1743,13.9573],[100.1743,13.9565],[100.1757,13.9562],[100.176,13.9584]]]}},{"type":"Feature","properties":{"kind":"flood","area_km2":0.053,"conf":"low","date":"2026-10-09"},"geometry":{"type":"Polygon","coordinates":[[[100.0896,13.9447],[100.0896,13.9431],[100.0924,13.9428],[100.0924,13.9439],[100.0918,13.9444],[100.0896,13.9447]]]}},{"type":"Feature","properties":{"kind":"flood","area_km2":0.053,"conf":"low","date":"2026-10-09"},"geometry":{"type":"Polygon","coordinates":[[[100.8522,13.9368],[100.8522,13.936],[100.8533,13.936],[100.8533,13.9349],[100.8547,13.9349],[100.8558,13.9357],[100.8558,13.9365],[100.8536,13.9363],[100.8536,13.9368],[100.8522,13.9368]]]}},{"type":"Feature","properties":{"kind":"flood","area_km2":0.053,"conf":"low","date":"2026-10-09"},"geometry":{"type":"Polygon","coordinates":[[[100.2256,13.9346],[100.2256,13.9324],[100.2281,13.9326],[100.2281,13.9335],[100.2273,13.9346],[100.2256,13.9346]]]}},{"type":"Feature","properties":{"kind":"flood","area_km2":0.053,"conf":"low","date":"2026-10-09"},"geometry":{"type":"Polygon","coordinates":[[[100.2949,13.9166],[100.293,13.9163],[100.2921,13.9155],[100.2924,13.9144],[100.2941,13.9144],[100.2946,13.9149],[100.2949,13.9166]]]}},{"type":"Feature","properties":{"kind":"flood","area_km2":0.053,"conf":"low","date":"2026-10-09"},"geometry":{"type":"Polygon","coordinates":[[[100.9084,13.8751],[100.9078,13.874],[100.9078,13.8727],[100.9081,13.8735],[100.91,13.8735],[100.9106,13.8738],[100.91,13.8743],[100.9111,13.8743],[100.9111,13.8751],[100.9084,13.8751]]]}},{"type":"Feature","properties":{"kind":"flood","area_km2":0.053,"conf":"low","date":"2026-10-09"},"geometry":{"type":"Polygon","coordinates":[[[100.9292,13.8403],[100.9286,13.8365],[100.9297,13.8362],[100.9303,13.8384],[100.93,13.8403],[100.9292,13.8403]]]}},{"type":"Feature","properties":{"kind":"flood","area_km2":0.053,"conf":"low","date":"2026-10-09"},"geometry":{"type":"Polygon","coordinates":[[[100.9141,13.7992],[100.9125,13.7989],[100.9124,13.7984],[100.9136,13.7984],[100.9136,13.7978],[100.9144,13.7975],[100.9146,13.7959],[100.916,13.7956],[100.916,13.7964],[100.9152,13.7973],[100.9152,13.7978],[100.9141,13.7986],[100.9141,13.7992]]]}},{"type":"Feature","properties":{"kind":"flood","area_km2":0.053,"conf":"low","date":"2026-10-09"},"geometry":{"type":"Polygon","coordinates":[[[100.9613,13.769],[100.9613,13.7682],[100.963,13.7676],[100.9632,13.7671],[100.9643,13.7665],[100.9657,13.7668],[100.9657,13.7679],[100.9646,13.7673],[100.963,13.7687],[100.9613,13.769]]]}},{"type":"Feature","properties":{"kind":"flood","area_km2":0.053,"conf":"low","date":"2026-10-09"},"geometry":{"type":"Polygon","coordinates":[[[100.074,13.7522],[100.0734,13.7495],[100.0751,13.7489],[100.0751,13.7519],[100.074,13.7522]]]}},{"type":"Feature","properties":{"kind":"flood","area_km2":0.053,"conf":"low","date":"2026-10-09"},"geometry":{"type":"Polygon","coordinates":[[[100.9861,13.7148],[100.9855,13.714],[100.9855,13.7129],[100.9866,13.7126],[100.9869,13.7121],[100.9869,13.7132],[100.9883,13.7132],[100.9883,13.7143],[100.9861,13.7148]]]}},{"type":"Feature","properties":{"kind":"flood","area_km2":0.053,"conf":"low","date":"2026-10-09"},"geometry":{"type":"Polygon","coordinates":[[[100.8824,13.6544],[100.8824,13.6535],[100.8816,13.6525],[100.8799,13.6525],[100.8797,13.6536],[100.8797,13.6517],[100.8816,13.6514],[100.8821,13.6516],[100.8822,13.6525],[100.8833,13.6525],[100.8833,13.6538],[100.883,13.6544],[100.8824,13.6544]]]}},{"type":"Feature","properties":{"kind":"flood","area_km2":0.053,"conf":"low","date":"2026-10-09"},"geometry":{"type":"Polygon","coordinates":[[[100.7665,13.6539],[100.7654,13.6522],[100.7654,13.6509],[100.7665,13.6509],[100.7668,13.6522],[100.7679,13.6519],[100.7674,13.6538],[100.7665,13.6539]]]}},{"type":"Feature","properties":{"kind":"flood","area_km2":0.053,"conf":"low","date":"2026-10-09"},"geometry":{"type":"Polygon","coordinates":[[[100.8978,13.4916],[100.8975,13.4902],[100.8969,13.4902],[100.8969,13.4883],[100.898,13.4883],[100.8983,13.4878],[100.8983,13.4897],[100.8978,13.4897],[100.8978,13.4902],[100.8989,13.4899],[100.8989,13.4913],[100.8978,13.4916]]]}},{"type":"Feature","properties":{"kind":"flood","area_km2":0.053,"conf":"low","date":"2026-10-09"},"geometry":{"type":"Polygon","coordinates":[[[100.1313,13.488],[100.1318,13.4842],[100.1321,13.4837],[100.1332,13.484],[100.1329,13.4859],[100.1321,13.4867],[100.1321,13.488],[100.1313,13.488]]]}},{"type":"Feature","properties":{"kind":"flood","area_km2":0.052,"conf":"low","date":"2026-10-09"},"geometry":{"type":"Polygon","coordinates":[[[100.2278,13.9877],[100.2278,13.9836],[100.2289,13.9834],[100.2292,13.9853],[100.2287,13.9861],[100.2287,13.9877],[100.2278,13.9877]]]}},{"type":"Feature","properties":{"kind":"flood","area_km2":0.052,"conf":"low","date":"2026-10-09"},"geometry":{"type":"Polygon","coordinates":[[[100.022,13.9789],[100.0217,13.9773],[100.0223,13.9773],[100.0231,13.9754],[100.0239,13.9754],[100.0236,13.9775],[100.0228,13.9781],[100.0228,13.9789],[100.022,13.9789]]]}},{"type":"Feature","properties":{"kind":"flood","area_km2":0.052,"conf":"low","date":"2026-10-09"},"geometry":{"type":"Polygon","coordinates":[[[100.8671,13.9524],[100.8671,13.9503],[100.8679,13.9503],[100.8682,13.9508],[100.8682,13.9497],[100.8693,13.9497],[100.8693,13.9516],[100.8682,13.9516],[100.8682,13.9524],[100.8671,13.9524]]]}},{"type":"Feature","properties":{"kind":"flood","area_km2":0.052,"conf":"low","date":"2026-10-09"},"geometry":{"type":"Polygon","coordinates":[[[100.9902,13.9428],[100.9886,13.9423],[100.9888,13.9409],[100.9911,13.9409],[100.9914,13.9425],[100.9902,13.9428]]]}},{"type":"Feature","properties":{"kind":"flood","area_km2":0.052,"conf":"low","date":"2026-10-09"},"geometry":{"type":"Polygon","coordinates":[[[100.8094,13.9255],[100.8094,13.9244],[100.808,13.9239],[100.8105,13.9239],[100.8108,13.9244],[100.8124,13.9241],[100.8124,13.9252],[100.8094,13.9255]]]}},{"type":"Feature","properties":{"kind":"flood","area_km2":0.052,"conf":"low","date":"2026-10-09"},"geometry":{"type":"Polygon","coordinates":[[[100.8289,13.8611],[100.8286,13.8606],[100.8275,13.8603],[100.8272,13.8589],[100.8291,13.8589],[100.83,13.8597],[100.83,13.8608],[100.8289,13.8611]]]}},{"type":"Feature","properties":{"kind":"flood","area_km2":0.052,"conf":"low","date":"2026-10-09"},"geometry":{"type":"Polygon","coordinates":[[[100.7663,13.7995],[100.7657,13.7987],[100.7651,13.7987],[100.7651,13.7976],[100.7671,13.7976],[100.7682,13.7981],[100.7679,13.7992],[100.7663,13.7995]]]}},{"type":"Feature","properties":{"kind":"flood","area_km2":0.052,"conf":"low","date":"2026-10-09"},"geometry":{"type":"Polygon","coordinates":[[[100.9101,13.7775],[100.91,13.7751],[100.9109,13.7751],[100.9109,13.7764],[100.9123,13.7764],[100.9125,13.775],[100.9134,13.775],[100.9134,13.7759],[100.9117,13.7775],[100.9101,13.7775]]]}},{"type":"Feature","properties":{"kind":"flood","area_km2":0.052,"conf":"low","date":"2026-10-09"},"geometry":{"type":"Polygon","coordinates":[[[100.0641,13.7663],[100.0632,13.7661],[100.0629,13.7653],[100.0646,13.7653],[100.0646,13.7644],[100.0657,13.7644],[100.066,13.7634],[100.0671,13.7628],[100.066,13.7644],[100.066,13.7658],[100.0641,13.7663]]]}},{"type":"Feature","properties":{"kind":"flood","area_km2":0.052,"conf":"low","date":"2026-10-09"},"geometry":{"type":"Polygon","coordinates":[[[100.8455,13.7484],[100.8455,13.7476],[100.8469,13.7474],[100.8471,13.7468],[100.8496,13.7465],[100.8496,13.7476],[100.848,13.7476],[100.8469,13.7484],[100.8455,13.7484]]]}},{"type":"Feature","properties":{"kind":"flood","area_km2":0.052,"conf":"low","date":"2026-10-09"},"geometry":{"type":"Polygon","coordinates":[[[100.9517,13.7086],[100.9514,13.708],[100.9508,13.7081],[100.9508,13.707],[100.9494,13.7064],[100.9494,13.7056],[100.9508,13.7056],[100.9516,13.7061],[100.9519,13.7075],[100.9525,13.7075],[100.9525,13.7086],[100.9517,13.7086]]]}},{"type":"Feature","properties":{"kind":"flood","area_km2":0.052,"conf":"low","date":"2026-10-09"},"geometry":{"type":"Polygon","coordinates":[[[100.9235,13.6917],[100.9241,13.6912],[100.924,13.6893],[100.926,13.6893],[100.9265,13.6898],[100.9265,13.6906],[100.9252,13.6906],[100.9252,13.6914],[100.9235,13.6917]]]}},{"type":"Feature","properties":{"kind":"flood","area_km2":0.052,"conf":"low","date":"2026-10-09"},"geometry":{"type":"Polygon","coordinates":[[[100.7507,13.6903],[100.7504,13.6879],[100.7518,13.6878],[100.7521,13.687],[100.7524,13.69],[100.7507,13.6903]]]}},{"type":"Feature","properties":{"kind":"flood","area_km2":0.052,"conf":"low","date":"2026-10-09"},"geometry":{"type":"Polygon","coordinates":[[[100.0301,13.6726],[100.0298,13.6716],[100.0303,13.671],[100.0303,13.6702],[100.0317,13.6705],[100.0323,13.671],[100.0317,13.6726],[100.0301,13.6726]],[[100.0312,13.6716],[100.0315,13.6718],[100.0315,13.6716],[100.0312,13.6716]]]}},{"type":"Feature","properties":{"kind":"flood","area_km2":0.052,"conf":"low","date":"2026-10-09"},"geometry":{"type":"Polygon","coordinates":[[[100.9846,13.6639],[100.984,13.6633],[100.984,13.6622],[100.9834,13.662],[100.9837,13.6609],[100.9851,13.6609],[100.9851,13.6622],[100.9857,13.6625],[100.9857,13.6636],[100.9846,13.6639]]]}},{"type":"Feature","properties":{"kind":"flood","area_km2":0.052,"conf":"low","date":"2026-10-09"},"geometry":{"type":"Polygon","coordinates":[[[100.9108,13.6251],[100.9105,13.6221],[100.9113,13.6221],[100.9124,13.6235],[100.9124,13.6246],[100.9119,13.6246],[100.9119,13.6251],[100.9108,13.6251]]]}},{"type":"Feature","properties":{"kind":"flood","area_km2":0.052,"conf":"low","date":"2026-10-09"},"geometry":{"type":"Polygon","coordinates":[[[100.7015,13.5209],[100.7018,13.5195],[100.701,13.5193],[100.701,13.5174],[100.7004,13.5174],[100.7004,13.5166],[100.701,13.5166],[100.701,13.516],[100.7004,13.516],[100.7004,13.5152],[100.7012,13.5152],[100.7015,13.5157],[100.7015,13.5176],[100.7024,13.5198],[100.7021,13.5209],[100.7015,13.5209]]]}},{"type":"Feature","properties":{"kind":"flood","area_km2":0.051,"conf":"low","date":"2026-10-09"},"geometry":{"type":"Polygon","coordinates":[[[100.0307,14.0038],[100.0315,14.0011],[100.0324,14.0011],[100.0324,14.0019],[100.0335,14.0014],[100.0335,14.003],[100.0321,14.0024],[100.0321,14.0038],[100.0307,14.0038]]]}},{"type":"Feature","properties":{"kind":"flood","area_km2":0.051,"conf":"low","date":"2026-10-09"},"geometry":{"type":"Polygon","coordinates":[[[100.7697,13.9944],[100.7658,13.9944],[100.7661,13.9928],[100.7669,13.9928],[100.7669,13.9936],[100.7697,13.9936],[100.7697,13.9944]]]}},{"type":"Feature","properties":{"kind":"flood","area_km2":0.051,"conf":"low","date":"2026-10-09"},"geometry":{"type":"Polygon","coordinates":[[[100.8925,13.9777],[100.8917,13.9772],[100.8903,13.9772],[100.8925,13.9769],[100.8925,13.9758],[100.8911,13.9753],[100.8942,13.9758],[100.8939,13.9777],[100.8925,13.9777]]]}},{"type":"Feature","properties":{"kind":"flood","area_km2":0.051,"conf":"low","date":"2026-10-09"},"geometry":{"type":"Polygon","coordinates":[[[100.9877,13.935],[100.9877,13.9333],[100.9899,13.9333],[100.9904,13.9336],[100.9905,13.9344],[100.991,13.9344],[100.9877,13.935]]]}},{"type":"Feature","properties":{"kind":"flood","area_km2":0.051,"conf":"low","date":"2026-10-09"},"geometry":{"type":"Polygon","coordinates":[[[100.2596,13.8628],[100.2596,13.8617],[100.2585,13.8617],[100.2585,13.8606],[100.261,13.8606],[100.2607,13.862],[100.2613,13.862],[100.2613,13.8628],[100.2596,13.8628]]]}},{"type":"Feature","properties":{"kind":"flood","area_km2":0.051,"conf":"low","date":"2026-10-09"},"geometry":{"type":"Polygon","coordinates":[[[100.1785,13.8534],[100.1783,13.851],[100.1799,13.8507],[100.1802,13.8521],[100.1796,13.8523],[100.1797,13.8534],[100.1785,13.8534]]]}},{"type":"Feature","properties":{"kind":"flood","area_km2":0.051,"conf":"low","date":"2026-10-09"},"geometry":{"type":"Polygon","coordinates":[[[101.0043,13.8361],[101.0043,13.8326],[101.0051,13.8326],[101.0057,13.8337],[101.0062,13.8337],[101.0062,13.8345],[101.0057,13.8345],[101.0052,13.8361],[101.0043,13.8361]]]}},{"type":"Feature","properties":{"kind":"flood","area_km2":0.051,"conf":"low","date":"2026-10-09"},"geometry":{"type":"Polygon","coordinates":[[[100.3583,13.8354],[100.3586,13.8327],[100.3605,13.833],[100.3605,13.8343],[100.3597,13.8346],[100.3591,13.8354],[100.3583,13.8354]]]}},{"type":"Feature","properties":{"kind":"flood","area_km2":0.051,"conf":"low","date":"2026-10-09"},"geometry":{"type":"Polygon","coordinates":[[[100.2711,13.8237],[100.2683,13.8231],[100.2686,13.821],[100.2697,13.8212],[100.2697,13.8229],[100.2711,13.8229],[100.2711,13.8237]]]}},{"type":"Feature","properties":{"kind":"flood","area_km2":0.051,"conf":"low","date":"2026-10-09"},"geometry":{"type":"Polygon","coordinates":[[[101.0033,13.7868],[101.0033,13.7857],[101.0039,13.7857],[101.0058,13.7838],[101.0066,13.7838],[101.0067,13.7851],[101.0058,13.7852],[101.0042,13.7868],[101.0033,13.7868]]]}},{"type":"Feature","properties":{"kind":"flood","area_km2":0.051,"conf":"high","date":"2026-10-09"},"geometry":{"type":"Polygon","coordinates":[[[100.9332,13.7537],[100.9329,13.7516],[100.9331,13.751],[100.9343,13.751],[100.9343,13.7518],[100.9357,13.7532],[100.9332,13.7537]]]}},{"type":"Feature","properties":{"kind":"flood","area_km2":0.051,"conf":"low","date":"2026-10-09"},"geometry":{"type":"Polygon","coordinates":[[[100.77,13.7409],[100.77,13.7401],[100.7752,13.74],[100.7752,13.7408],[100.77,13.7409]]]}},{"type":"Feature","properties":{"kind":"flood","area_km2":0.051,"conf":"low","date":"2026-10-09"},"geometry":{"type":"Polygon","coordinates":[[[100.7956,13.5316],[100.7934,13.5314],[100.7928,13.5306],[100.7922,13.5306],[100.7925,13.5292],[100.7933,13.5292],[100.7945,13.53],[100.7947,13.5308],[100.7956,13.5308],[100.7956,13.5316]]]}},{"type":"Feature","properties":{"kind":"flood","area_km2":0.051,"conf":"low","date":"2026-10-09"},"geometry":{"type":"Polygon","coordinates":[[[100.9288,13.5225],[100.9288,13.522],[100.9277,13.5214],[100.9277,13.5206],[100.9291,13.5206],[100.929,13.5201],[100.9299,13.5201],[100.9305,13.5222],[100.9288,13.5225]],[[100.9293,13.5209],[100.9296,13.5211],[100.9296,13.5209],[100.9293,13.5209]]]}},{"type":"Feature","properties":{"kind":"flood","area_km2":0.051,"conf":"low","date":"2026-10-09"},"geometry":{"type":"Polygon","coordinates":[[[100.0396,13.0585],[100.0396,13.0561],[100.0402,13.0561],[100.0405,13.055],[100.0416,13.055],[100.0413,13.0569],[100.0405,13.0569],[100.0405,13.0585],[100.0396,13.0585]]]}},{"type":"Feature","properties":{"kind":"flood","area_km2":0.05,"conf":"low","date":"2026-10-09"},"geometry":{"type":"Polygon","coordinates":[[[100.0636,13.9725],[100.0625,13.9719],[100.0625,13.9703],[100.0647,13.9706],[100.0647,13.9722],[100.0636,13.9725]]]}},{"type":"Feature","properties":{"kind":"flood","area_km2":0.05,"conf":"low","date":"2026-10-09"},"geometry":{"type":"Polygon","coordinates":[[[100.333,13.9183],[100.3316,13.918],[100.3313,13.9164],[100.3341,13.9161],[100.3341,13.9169],[100.333,13.9175],[100.333,13.9183]]]}},{"type":"Feature","properties":{"kind":"flood","area_km2":0.05,"conf":"low","date":"2026-10-09"},"geometry":{"type":"Polygon","coordinates":[[[100.96,13.907],[100.96,13.9062],[100.9647,13.9056],[100.9644,13.9067],[100.96,13.907]]]}},{"type":"Feature","properties":{"kind":"flood","area_km2":0.05,"conf":"low","date":"2026-10-09"},"geometry":{"type":"Polygon","coordinates":[[[100.9663,13.8955],[100.9662,13.8942],[100.9674,13.8939],[100.9687,13.8939],[100.9687,13.895],[100.9701,13.895],[100.9696,13.8955],[100.9663,13.8955]]]}},{"type":"Feature","properties":{"kind":"flood","area_km2":0.05,"conf":"low","date":"2026-10-09"},"geometry":{"type":"Polygon","coordinates":[[[100.1943,13.843],[100.194,13.8409],[100.1954,13.8406],[100.1957,13.8411],[100.1962,13.8411],[100.1963,13.8422],[100.1954,13.843],[100.1943,13.843]]]}},{"type":"Feature","properties":{"kind":"flood","area_km2":0.05,"conf":"low","date":"2026-10-09"},"geometry":{"type":"Polygon","coordinates":[[[100.9571,13.8333],[100.9566,13.8325],[100.9565,13.8303],[100.9577,13.8303],[100.9577,13.8308],[100.9582,13.8311],[100.9582,13.8333],[100.9571,13.8333]]]}},{"type":"Feature","properties":{"kind":"flood","area_km2":0.05,"conf":"low","date":"2026-10-09"},"geometry":{"type":"Polygon","coordinates":[[[100.8073,13.8013],[100.8073,13.8005],[100.8084,13.7992],[100.8101,13.7994],[100.8101,13.8002],[100.809,13.8013],[100.8073,13.8013]]]}},{"type":"Feature","properties":{"kind":"flood","area_km2":0.05,"conf":"low","date":"2026-10-09"},"geometry":{"type":"Polygon","coordinates":[[[100.2296,13.8006],[100.2293,13.7995],[100.2299,13.7997],[100.2299,13.7992],[100.231,13.7984],[100.2307,13.7978],[100.2321,13.7976],[100.2324,13.7989],[100.2318,13.7995],[100.231,13.7995],[100.2304,13.8006],[100.2296,13.8006]]]}},{"type":"Feature","properties":{"kind":"flood","area_km2":0.05,"conf":"low","date":"2026-10-09"},"geometry":{"type":"Polygon","coordinates":[[[100.7695,13.7878],[100.7698,13.7853],[100.7709,13.7853],[100.7709,13.7864],[100.7717,13.7867],[100.7717,13.7878],[100.7695,13.7878]]]}},{"type":"Feature","properties":{"kind":"flood","area_km2":0.05,"conf":"low","date":"2026-10-09"},"geometry":{"type":"Polygon","coordinates":[[[100.8729,13.7458],[100.8732,13.7439],[100.8754,13.7444],[100.8754,13.7458],[100.8729,13.7458]]]}},{"type":"Feature","properties":{"kind":"flood","area_km2":0.05,"conf":"low","date":"2026-10-09"},"geometry":{"type":"Polygon","coordinates":[[[100.0283,13.7207],[100.0272,13.7201],[100.0272,13.7193],[100.0278,13.7193],[100.0281,13.7185],[100.0292,13.7185],[100.0297,13.719],[100.0297,13.7207],[100.0283,13.7207]]]}},{"type":"Feature","properties":{"kind":"flood","area_km2":0.05,"conf":"low","date":"2026-10-09"},"geometry":{"type":"Polygon","coordinates":[[[100.8393,13.6631],[100.8398,13.6601],[100.8417,13.6604],[100.8417,13.6614],[100.8404,13.6614],[100.8404,13.6628],[100.8393,13.6631]]]}},{"type":"Feature","properties":{"kind":"flood","area_km2":0.05,"conf":"low","date":"2026-10-09"},"geometry":{"type":"Polygon","coordinates":[[[100.9485,13.6582],[100.9479,13.6574],[100.9468,13.6574],[100.9465,13.6555],[100.9482,13.6557],[100.9485,13.6568],[100.9493,13.6574],[100.9493,13.6582],[100.9485,13.6582]]]}},{"type":"Feature","properties":{"kind":"flood","area_km2":0.05,"conf":"low","date":"2026-10-09"},"geometry":{"type":"Polygon","coordinates":[[[100.97,13.5498],[100.9686,13.5496],[100.9689,13.5479],[100.9681,13.548],[100.9681,13.5466],[100.9703,13.5466],[100.9695,13.5479],[100.9695,13.549],[100.97,13.549],[100.97,13.5498]]]}},{"type":"Feature","properties":{"kind":"flood","area_km2":0.05,"conf":"low","date":"2026-10-09"},"geometry":{"type":"Polygon","coordinates":[[[100.672,13.5303],[100.6717,13.5298],[100.6728,13.5298],[100.6728,13.5284],[100.6717,13.5284],[100.6717,13.5279],[100.6725,13.5279],[100.6725,13.5273],[100.6736,13.5273],[100.6739,13.5303],[100.672,13.5303]]]}},{"type":"Feature","properties":{"kind":"flood","area_km2":0.05,"conf":"low","date":"2026-10-09"},"geometry":{"type":"Polygon","coordinates":[[[100.9481,13.5145],[100.9481,13.5137],[100.947,13.514],[100.947,13.5131],[100.9478,13.512],[100.9495,13.512],[100.949,13.5145],[100.9481,13.5145]]]}},{"type":"Feature","properties":{"kind":"flood","area_km2":0.05,"conf":"low","date":"2026-10-09"},"geometry":{"type":"Polygon","coordinates":[[[100.8985,13.4783],[100.8979,13.4761],[100.8979,13.4747],[100.8988,13.4747],[100.8988,13.4758],[100.8999,13.4761],[100.8999,13.4769],[100.8991,13.4769],[100.8996,13.4772],[100.8996,13.4783],[100.8985,13.4783]]]}},{"type":"Feature","properties":{"kind":"flood","area_km2":0.05,"conf":"low","date":"2026-10-09"},"geometry":{"type":"Polygon","coordinates":[[[100.0422,13.0694],[100.0422,13.068],[100.0416,13.068],[100.0416,13.0669],[100.0425,13.0669],[100.043,13.0661],[100.0438,13.0661],[100.0436,13.0675],[100.043,13.0675],[100.0433,13.0694],[100.0422,13.0694]]]}},{"type":"Feature","properties":{"kind":"seasonal","area_km2":1.351,"date":"2026-10-09"},"geometry":{"type":"Polygon","coordinates":[[[100.9818,13.2287],[100.979,13.2285],[100.9793,13.2271],[100.9788,13.2271],[100.9779,13.2279],[100.9768,13.228],[100.9763,13.2274],[100.9729,13.2266],[100.9715,13.2253],[100.9707,13.2234],[100.9712,13.2234],[100.9724,13.2255],[100.9746,13.2261],[100.976,13.2271],[100.9774,13.2271],[100.9774,13.2266],[100.9779,13.2266],[100.9779,13.2255],[100.9787,13.2263],[100.9801,13.2263],[100.9796,13.226],[100.9796,13.2255],[100.9801,13.2255],[100.9804,13.2247],[100.9837,13.2241],[100.9834,13.2222],[100.9842,13.2214],[100.9842,13.2208],[100.9848,13.2208],[100.9848,13.2214],[100.9856,13.2214],[100.9856,13.2203],[100.987,13.2206],[100.987,13.2197],[100.9884,13.2197],[100.9889,13.2186],[100.987,13.2184],[100.9875,13.2162],[100.9875,13.2146],[100.9869,13.2143],[100.9869,13.2138],[100.9875,13.2138],[100.9872,13.2124],[100.9867,13.2127],[100.9866,13.2113],[100.9858,13.2113],[100.985,13.21],[100.9839,13.2097],[100.9844,13.2078],[100.9855,13.2075],[100.9855,13.207],[100.9861,13.2067],[100.9874,13.2067],[100.9872,13.2062],[100.9863,13.2062],[100.9872,13.2054],[100.9869,13.204],[100.9863,13.204],[100.9866,13.2021],[100.9874,13.2021],[100.988,13.2026],[100.988,13.2035],[100.9871,13.204],[100.9885,13.2043],[100.9891,13.2075],[100.9902,13.2094],[100.9902,13.2102],[100.9891,13.2105],[100.9894,13.2121],[100.9933,13.2121],[100.9933,13.2135],[100.9928,13.214],[100.99,13.2146],[100.9903,13.217],[100.9914,13.2173],[100.9914,13.2189],[100.9906,13.2197],[100.9901,13.2219],[100.9895,13.2224],[100.9887,13.2224],[100.9879,13.2241],[100.9873,13.2241],[100.9873,13.2246],[100.9862,13.2246],[100.9862,13.226],[100.984,13.2263],[100.9837,13.2282],[100.9821,13.2279],[100.9818,13.2287]]]}},{"type":"Feature","properties":{"kind":"seasonal","area_km2":0.996,"date":"2026-10-09"},"geometry":{"type":"Polygon","coordinates":[[[100.9858,13.2035],[100.9852,13.2024],[100.9835,13.2016],[100.9835,13.2011],[100.983,13.2011],[100.983,13.2016],[100.9821,13.2019],[100.9821,13.2005],[100.9816,13.2],[100.9813,13.1986],[100.9818,13.1978],[100.9818,13.1962],[100.9829,13.1951],[100.9835,13.1951],[100.9826,13.1948],[100.9829,13.194],[100.9813,13.1943],[100.981,13.1948],[100.9785,13.1949],[100.9785,13.1919],[100.976,13.1914],[100.9751,13.1892],[100.9771,13.1894],[100.9779,13.19],[100.9804,13.1897],[100.9804,13.1902],[100.9809,13.1905],[100.9831,13.1878],[100.9862,13.188],[100.9862,13.1891],[100.9873,13.1905],[100.9876,13.1932],[100.9884,13.1932],[100.9884,13.194],[100.9896,13.1948],[100.9896,13.1956],[100.9879,13.1951],[100.984,13.1964],[100.984,13.1978],[100.9852,13.1983],[100.9852,13.2008],[100.9858,13.2029],[100.9863,13.2032],[100.9858,13.2035]],[[100.9785,13.1916],[100.979,13.1921],[100.979,13.1913],[100.9785,13.1916]]]}},{"type":"Feature","properties":{"kind":"seasonal","area_km2":0.779,"date":"2026-10-09"},"geometry":{"type":"Polygon","coordinates":[[[100.9585,13.7373],[100.9588,13.7365],[100.958,13.7351],[100.9605,13.734],[100.9607,13.7335],[100.961,13.734],[100.9616,13.734],[100.9616,13.7329],[100.9641,13.7332],[100.9649,13.7326],[100.9635,13.7321],[100.9632,13.7315],[100.9649,13.7318],[100.9654,13.731],[100.9663,13.731],[100.9665,13.7304],[100.9671,13.7312],[100.9679,13.731],[100.9679,13.7299],[100.9665,13.7302],[100.9651,13.7294],[100.9651,13.7288],[100.966,13.7288],[100.9662,13.7296],[100.9668,13.7296],[100.9668,13.728],[100.9685,13.7285],[100.9685,13.728],[100.9673,13.7277],[100.9707,13.728],[100.9712,13.7285],[100.9712,13.7293],[100.9718,13.7296],[100.9721,13.732],[100.9729,13.7331],[100.976,13.7328],[100.9765,13.7333],[100.9766,13.7352],[100.9752,13.7355],[100.9752,13.7363],[100.9746,13.7369],[100.9727,13.7369],[100.9721,13.7353],[100.9713,13.7353],[100.9707,13.7347],[100.9707,13.7339],[100.9699,13.7334],[100.9699,13.7323],[100.9688,13.732],[100.9682,13.7329],[100.966,13.7334],[100.9655,13.7342],[100.9646,13.7345],[100.9646,13.7351],[100.9627,13.7351],[100.9624,13.7362],[100.9616,13.7362],[100.9616,13.737],[100.9585,13.7373]],[[100.9649,13.7321],[100.9652,13.7323],[100.9652,13.7321],[100.9649,13.7321]]]}},{"type":"Feature","properties":{"kind":"seasonal","area_km2":0.771,"date":"2026-10-09"},"geometry":{"type":"Polygon","coordinates":[[[100.9107,13.7501],[100.9107,13.7485],[100.9115,13.7485],[100.912,13.7479],[100.912,13.7452],[100.914,13.7449],[100.9145,13.7439],[100.9162,13.743],[100.9162,13.7425],[100.9175,13.7414],[100.917,13.7406],[100.917,13.7392],[100.9192,13.737],[100.9203,13.737],[100.9211,13.7378],[100.9211,13.7395],[100.92,13.74],[100.92,13.7406],[100.9189,13.7408],[100.9186,13.7417],[100.9178,13.7419],[100.9178,13.7427],[100.9173,13.7427],[100.9173,13.7433],[100.9164,13.7433],[100.9156,13.7449],[100.914,13.7452],[100.914,13.7458],[100.9145,13.7458],[100.9148,13.7466],[100.9156,13.7466],[100.9217,13.7405],[100.9236,13.7405],[100.9239,13.7424],[100.9234,13.743],[100.9209,13.743],[100.9217,13.7433],[100.9217,13.7454],[100.9212,13.746],[100.9203,13.746],[100.9206,13.7476],[100.9201,13.7476],[100.9201,13.7481],[100.9193,13.7484],[100.919,13.7492],[100.9173,13.7493],[100.9168,13.7474],[100.9159,13.7474],[100.9154,13.7487],[100.9145,13.7487],[100.9145,13.7493],[100.9132,13.7493],[100.9121,13.7496],[100.9121,13.7501],[100.9107,13.7501]],[[100.9129,13.7471],[100.9134,13.7471],[100.9134,13.7466],[100.9131,13.7466],[100.9129,13.7471]]]}},{"type":"Feature","properties":{"kind":"seasonal","area_km2":0.752,"date":"2026-10-09"},"geometry":{"type":"Polygon","coordinates":[[[100.9168,13.7566],[100.9154,13.7552],[100.9154,13.7541],[100.9193,13.7509],[100.9198,13.7509],[100.9204,13.7514],[100.9204,13.7522],[100.9212,13.7525],[100.9215,13.7506],[100.9232,13.75],[100.9231,13.7492],[100.924,13.7484],[100.9262,13.7484],[100.9259,13.7462],[100.9264,13.7462],[100.9264,13.7451],[100.9281,13.7448],[100.9278,13.7462],[100.9289,13.7462],[100.929,13.7475],[100.9279,13.7481],[100.9279,13.7489],[100.9301,13.7473],[100.9315,13.7475],[100.9315,13.7497],[100.9301,13.7497],[100.9298,13.7505],[100.9284,13.7505],[100.9284,13.75],[100.9273,13.75],[100.9273,13.7486],[100.9265,13.7486],[100.9265,13.7492],[100.927,13.7489],[100.927,13.7503],[100.9276,13.7503],[100.9276,13.7516],[100.9271,13.7522],[100.9254,13.7524],[100.9254,13.753],[100.9248,13.753],[100.9243,13.7538],[100.9229,13.7538],[100.9226,13.7525],[100.9215,13.7525],[100.9215,13.753],[100.9221,13.753],[100.9221,13.7536],[100.9226,13.7538],[100.9224,13.7557],[100.9204,13.7557],[100.9204,13.7552],[100.9179,13.7552],[100.9179,13.7566],[100.9168,13.7566]],[[100.9226,13.7522],[100.9229,13.7525],[100.9229,13.7522],[100.9226,13.7522]],[[100.9229,13.7522],[100.9234,13.7522],[100.924,13.7514],[100.9234,13.7514],[100.9229,13.7522]],[[100.9259,13.7514],[100.9262,13.7516],[100.9262,13.7514],[100.9259,13.7514]]]}},{"type":"Feature","properties":{"kind":"seasonal","area_km2":0.716,"date":"2026-10-09"},"geometry":{"type":"Polygon","coordinates":[[[100.8887,13.6749],[100.8887,13.6738],[100.8865,13.6714],[100.8865,13.67],[100.8876,13.6703],[100.8884,13.67],[100.8878,13.67],[100.8878,13.669],[100.8856,13.6692],[100.8853,13.6679],[100.8884,13.6671],[100.8889,13.6662],[100.8909,13.6662],[100.8911,13.6668],[100.8923,13.6668],[100.892,13.6678],[100.8928,13.6684],[100.8953,13.6681],[100.8953,13.67],[100.8942,13.67],[100.8942,13.6705],[100.8948,13.6703],[100.8945,13.6719],[100.8951,13.6719],[100.8951,13.6713],[100.8964,13.6716],[100.8965,13.673],[100.8954,13.673],[100.8951,13.6741],[100.8931,13.6738],[100.8915,13.6741],[100.8907,13.6749],[100.8887,13.6749]]]}},{"type":"Feature","properties":{"kind":"seasonal","area_km2":0.67,"date":"2026-10-09"},"geometry":{"type":"Polygon","coordinates":[[[100.1304,13.4856],[100.129,13.4853],[100.129,13.4845],[100.1282,13.4843],[100.1282,13.4832],[100.1299,13.4832],[100.1299,13.4815],[100.129,13.4815],[100.129,13.4824],[100.1288,13.4818],[100.1285,13.4824],[100.1279,13.4824],[100.1279,13.4837],[100.1274,13.4843],[100.126,13.4845],[100.126,13.4835],[100.1268,13.4824],[100.1274,13.4824],[100.1274,13.4816],[100.1279,13.481],[100.129,13.481],[100.129,13.4794],[100.1296,13.4794],[100.1298,13.4769],[100.1304,13.4761],[100.1315,13.4761],[100.1304,13.4758],[100.1309,13.472],[100.1312,13.4715],[100.1323,13.4715],[100.1326,13.4726],[100.132,13.4729],[100.132,13.4734],[100.1331,13.4742],[100.1348,13.472],[100.1348,13.4707],[100.1359,13.4709],[100.1362,13.4701],[100.137,13.4701],[100.1367,13.4717],[100.1354,13.4723],[100.1351,13.4742],[100.1343,13.4742],[100.1343,13.4758],[100.1337,13.4758],[100.1343,13.4783],[100.134,13.4796],[100.1335,13.4799],[100.1332,13.484],[100.1324,13.484],[100.1321,13.4829],[100.1315,13.4829],[100.1304,13.4856]],[[100.1268,13.4826],[100.1271,13.4829],[100.1271,13.4826],[100.1268,13.4826]],[[100.1312,13.4815],[100.1318,13.4815],[100.1318,13.481],[100.1312,13.481],[100.1312,13.4815]],[[100.1315,13.4805],[100.1321,13.4807],[100.1321,13.4804],[100.1315,13.4805]],[[100.1321,13.4794],[100.1326,13.4796],[100.1326,13.4794],[100.1321,13.4794]],[[100.1315,13.4794],[100.1321,13.4794],[100.1321,13.478],[100.1318,13.478],[100.1315,13.4794]]]}},{"type":"Feature","properties":{"kind":"seasonal","area_km2":0.624,"date":"2026-10-09"},"geometry":{"type":"Polygon","coordinates":[[[100.8409,13.5188],[100.8406,13.518],[100.8401,13.518],[100.8401,13.5186],[100.8384,13.5183],[100.8387,13.5164],[100.8398,13.5161],[100.8395,13.5121],[100.8412,13.5126],[100.8409,13.515],[100.8414,13.515],[100.8414,13.5137],[100.8431,13.5137],[100.8431,13.5131],[100.8453,13.5131],[100.8456,13.5136],[100.847,13.5134],[100.8475,13.5139],[100.8503,13.5139],[100.8503,13.5147],[100.8509,13.515],[100.8512,13.5168],[100.8492,13.5171],[100.8484,13.5177],[100.8487,13.5182],[100.8481,13.5188],[100.8473,13.5188],[100.8462,13.5185],[100.8459,13.518],[100.844,13.518],[100.8442,13.5145],[100.8437,13.5145],[100.8434,13.5183],[100.8409,13.5188]],[[100.8487,13.5152],[100.8492,13.5152],[100.8492,13.5147],[100.8486,13.5147],[100.8487,13.5152]],[[100.847,13.5147],[100.8475,13.515],[100.8475,13.5147],[100.847,13.5147]]]}},{"type":"Feature","properties":{"kind":"seasonal","area_km2":0.539,"date":"2026-10-09"},"geometry":{"type":"Polygon","coordinates":[[[100.8852,13.7172],[100.8852,13.7159],[100.8857,13.7161],[100.8865,13.7151],[100.8871,13.7151],[100.8879,13.7142],[100.8879,13.7137],[100.8887,13.7137],[100.8893,13.7129],[100.8901,13.7129],[100.8901,13.7123],[100.8912,13.712],[100.8915,13.7112],[100.8926,13.7112],[100.8926,13.7104],[100.8934,13.7099],[100.8948,13.7101],[100.8954,13.712],[100.8951,13.7131],[100.8982,13.7136],[100.8982,13.7144],[100.8976,13.7144],[100.8968,13.7155],[100.8957,13.7161],[100.8896,13.7164],[100.8852,13.7172]]]}},{"type":"Feature","properties":{"kind":"seasonal","area_km2":0.465,"date":"2026-10-09"},"geometry":{"type":"Polygon","coordinates":[[[100.9253,13.9382],[100.9252,13.9371],[100.9214,13.9371],[100.9213,13.9358],[100.923,13.9357],[100.923,13.9322],[100.9244,13.9319],[100.9249,13.9325],[100.9255,13.9317],[100.9266,13.9319],[100.9269,13.9325],[100.9269,13.9314],[100.9274,13.9311],[100.9299,13.9311],[100.9299,13.9316],[100.931,13.9316],[100.9308,13.9338],[100.9294,13.9335],[100.9294,13.9341],[100.9302,13.9341],[100.9302,13.9354],[100.9297,13.9354],[100.9294,13.9362],[100.9275,13.936],[100.9266,13.9368],[100.9258,13.9368],[100.9258,13.9374],[100.9269,13.9371],[100.9269,13.9382],[100.9253,13.9382]],[[100.9263,13.9346],[100.9266,13.9349],[100.9266,13.9346],[100.9263,13.9346]],[[100.9249,13.9346],[100.9261,13.9346],[100.9261,13.9338],[100.9255,13.9336],[100.9249,13.9346]],[[100.9288,13.9333],[100.9291,13.9335],[100.9291,13.9333],[100.9288,13.9333]]]}},{"type":"Feature","properties":{"kind":"seasonal","area_km2":0.46,"date":"2026-10-09"},"geometry":{"type":"Polygon","coordinates":[[[100.9524,13.7289],[100.9521,13.7281],[100.9529,13.7273],[100.9546,13.727],[100.9551,13.7262],[100.9562,13.7259],[100.9584,13.724],[100.9595,13.7237],[100.9601,13.7242],[100.9593,13.7243],[100.9587,13.7251],[100.9582,13.7251],[100.9582,13.7259],[100.9607,13.7242],[100.9601,13.7226],[100.959,13.7224],[100.9584,13.7213],[100.9576,13.721],[100.9576,13.7221],[100.957,13.7221],[100.9568,13.7229],[100.9559,13.7237],[100.9554,13.7237],[100.9554,13.7248],[100.9526,13.7254],[100.9526,13.7246],[100.954,13.7246],[100.9534,13.7243],[100.9534,13.7229],[100.9545,13.7216],[100.9551,13.7216],[100.9559,13.7208],[100.9576,13.7207],[100.9576,13.7202],[100.9567,13.7202],[100.9567,13.7197],[100.9576,13.7197],[100.9576,13.7183],[100.9584,13.7183],[100.9601,13.7199],[100.9601,13.721],[100.9615,13.721],[100.9617,13.7215],[100.9626,13.7215],[100.9626,13.7229],[100.9609,13.7237],[100.9609,13.7242],[100.9618,13.724],[100.9618,13.7253],[100.9612,13.7253],[100.9596,13.7267],[100.9576,13.7267],[100.9568,13.7275],[100.956,13.7275],[100.9557,13.7281],[100.9524,13.7289]],[[100.9538,13.7281],[100.9557,13.7275],[100.956,13.727],[100.9571,13.7267],[100.9579,13.7256],[100.9571,13.7256],[100.9538,13.7281]]]}},{"type":"Feature","properties":{"kind":"seasonal","area_km2":0.459,"date":"2026-10-09"},"geometry":{"type":"Polygon","coordinates":[[[100.9065,13.7445],[100.9065,13.7439],[100.9059,13.7439],[100.9064,13.7417],[100.9056,13.7426],[100.9037,13.7423],[100.9037,13.7412],[100.9056,13.7393],[100.9067,13.7393],[100.9067,13.7385],[100.9078,13.7385],[100.9078,13.7377],[100.9103,13.7366],[100.9108,13.7366],[100.9108,13.7374],[100.9125,13.7374],[100.9125,13.7384],[100.9117,13.7393],[100.9128,13.7393],[100.9133,13.7376],[100.9145,13.7376],[100.9145,13.7401],[100.9131,13.7401],[100.9128,13.7395],[100.9125,13.7412],[100.9109,13.7412],[100.9109,13.7401],[100.9095,13.7404],[100.9095,13.7409],[100.91,13.7409],[100.9098,13.7428],[100.909,13.7436],[100.9081,13.7436],[100.9076,13.7444],[100.9065,13.7445]],[[100.907,13.7415],[100.9075,13.7415],[100.9075,13.7409],[100.9073,13.7409],[100.907,13.7415]],[[100.9078,13.7407],[100.9092,13.7404],[100.9092,13.7393],[100.9098,13.7393],[100.9108,13.7379],[100.9095,13.7385],[100.9095,13.739],[100.9081,13.7388],[100.9078,13.7407]],[[100.9109,13.7395],[100.9117,13.7398],[100.9117,13.7393],[100.9109,13.7395]]]}},{"type":"Feature","properties":{"kind":"seasonal","area_km2":0.451,"date":"2026-10-09"},"geometry":{"type":"Polygon","coordinates":[[[100.0074,13.7517],[100.0068,13.7511],[100.0071,13.7492],[100.0066,13.7492],[100.0066,13.7506],[100.0052,13.7506],[100.0049,13.7495],[100.0038,13.749],[100.004,13.7468],[100.0046,13.746],[100.0046,13.7441],[100.0021,13.7441],[100.0021,13.7452],[100.0013,13.7452],[100.0007,13.7436],[100.001,13.7425],[100.0021,13.7425],[100.0026,13.7419],[100.0057,13.7425],[100.0062,13.7427],[100.0063,13.7444],[100.0071,13.7452],[100.0076,13.7446],[100.0068,13.7441],[100.0068,13.7424],[100.0079,13.7422],[100.0079,13.7427],[100.0087,13.743],[100.0087,13.7443],[100.0079,13.7443],[100.0079,13.746],[100.0074,13.746],[100.0085,13.7462],[100.0082,13.7481],[100.0088,13.7487],[100.0088,13.7514],[100.0074,13.7517]],[[100.0052,13.7492],[100.0066,13.7492],[100.0065,13.7484],[100.0054,13.7484],[100.0052,13.7479],[100.0052,13.7492]],[[100.0065,13.7479],[100.0071,13.7484],[100.0071,13.7476],[100.0065,13.7479]],[[100.0052,13.7473],[100.0057,13.7476],[100.0057,13.7473],[100.0052,13.7473]],[[100.0057,13.7463],[100.0063,13.7462],[100.0063,13.7454],[100.0057,13.7454],[100.0057,13.7463]]]}},{"type":"Feature","properties":{"kind":"seasonal","area_km2":0.446,"date":"2026-10-09"},"geometry":{"type":"Polygon","coordinates":[[[100.9266,13.8677],[100.9263,13.8641],[100.9271,13.8636],[100.9271,13.8631],[100.9299,13.8625],[100.9299,13.8619],[100.9268,13.862],[100.9268,13.8606],[100.9288,13.8601],[100.9338,13.8597],[100.9338,13.8614],[100.9329,13.8616],[100.933,13.8627],[100.9313,13.863],[100.9307,13.8644],[100.9308,13.8655],[100.9316,13.8655],[100.9316,13.866],[100.9322,13.866],[100.9322,13.8673],[100.9305,13.8674],[100.9302,13.8668],[100.9302,13.8674],[100.9291,13.8676],[100.9266,13.8677]],[[100.9299,13.866],[100.9302,13.8655],[100.9274,13.8655],[100.9274,13.8658],[100.9299,13.866]],[[100.9296,13.8644],[100.9305,13.8644],[100.9305,13.8638],[100.9296,13.8638],[100.9296,13.8644]],[[100.9285,13.8639],[100.9294,13.8641],[100.9294,13.8638],[100.9285,13.8639]],[[100.9316,13.8614],[100.9321,13.8617],[100.9321,13.8614],[100.9316,13.8614]]]}},{"type":"Feature","properties":{"kind":"seasonal","area_km2":0.427,"date":"2026-10-09"},"geometry":{"type":"Polygon","coordinates":[[[100.7634,13.9679],[100.7628,13.9673],[100.7628,13.9616],[100.7686,13.9616],[100.7689,13.9638],[100.7683,13.9659],[100.7689,13.9665],[100.7684,13.9667],[100.7684,13.9673],[100.7678,13.9678],[100.7634,13.9679]],[[100.7636,13.9646],[100.7639,13.9649],[100.7639,13.9646],[100.7636,13.9646]]]}},{"type":"Feature","properties":{"kind":"seasonal","area_km2":0.425,"date":"2026-10-09"},"geometry":{"type":"Polygon","coordinates":[[[100.0831,13.4473],[100.0815,13.4465],[100.0804,13.4465],[100.0801,13.446],[100.0793,13.446],[100.0787,13.4433],[100.0792,13.4424],[100.0798,13.4424],[100.0795,13.4411],[100.0801,13.4408],[100.0801,13.4403],[100.0823,13.4405],[100.0823,13.4411],[100.0837,13.4411],[100.0845,13.4416],[100.0856,13.4416],[100.0859,13.4421],[100.0867,13.4421],[100.0859,13.4424],[100.0856,13.4449],[100.0848,13.4468],[100.0831,13.4473]],[[100.0826,13.4462],[100.0829,13.4468],[100.0829,13.4462],[100.0826,13.4462]],[[100.0829,13.4454],[100.0831,13.4462],[100.0831,13.4454],[100.0829,13.4454]],[[100.0831,13.444],[100.0834,13.4449],[100.0837,13.4438],[100.0831,13.444]],[[100.0837,13.4432],[100.0842,13.4427],[100.0842,13.4419],[100.0837,13.4424],[100.0837,13.4432]]]}},{"type":"Feature","properties":{"kind":"seasonal","area_km2":0.387,"date":"2026-10-09"},"geometry":{"type":"Polygon","coordinates":[[[100.7955,13.8866],[100.7955,13.8852],[100.7935,13.8836],[100.7935,13.8811],[100.7941,13.8801],[100.7938,13.8768],[100.7943,13.8763],[100.7943,13.8749],[100.7948,13.8746],[100.7951,13.8735],[100.7951,13.8749],[100.7943,13.8771],[100.7944,13.882],[100.7949,13.882],[100.7952,13.8814],[100.7957,13.8814],[100.7963,13.8792],[100.7968,13.8792],[100.7971,13.8765],[100.7976,13.8757],[100.7976,13.8724],[100.7968,13.8714],[100.7959,13.8716],[100.7959,13.87],[100.797,13.87],[100.797,13.8687],[100.7976,13.8684],[100.7976,13.8676],[100.7981,13.867],[100.7981,13.8648],[100.7975,13.8649],[100.7967,13.8659],[100.7964,13.8654],[100.797,13.8649],[100.7975,13.863],[100.7984,13.8629],[100.7981,13.8643],[100.7987,13.8646],[100.7987,13.8673],[100.7979,13.8695],[100.7976,13.8722],[100.7987,13.873],[100.7987,13.8738],[100.7979,13.8754],[100.7974,13.88],[100.7957,13.8833],[100.7971,13.8846],[100.7972,13.886],[100.7955,13.8866]],[[100.7952,13.8817],[100.7955,13.8819],[100.7955,13.8817],[100.7952,13.8817]],[[100.7973,13.8643],[100.7975,13.8646],[100.7975,13.8643],[100.7973,13.8643]]]}},{"type":"Feature","properties":{"kind":"seasonal","area_km2":0.383,"date":"2026-10-09"},"geometry":{"type":"Polygon","coordinates":[[[100.917,13.8805],[100.9167,13.8797],[100.9156,13.8797],[100.9156,13.8783],[100.9159,13.877],[100.9164,13.877],[100.9164,13.8764],[100.9175,13.8764],[100.9175,13.8751],[100.9192,13.8748],[100.9195,13.8761],[100.9203,13.8761],[100.92,13.875],[100.9222,13.8747],[100.9231,13.8796],[100.9223,13.8802],[100.9203,13.8802],[100.9195,13.8791],[100.9189,13.8791],[100.9192,13.8802],[100.917,13.8805]],[[100.9181,13.8764],[100.9184,13.8767],[100.9184,13.8764],[100.9181,13.8764]],[[100.9189,13.8761],[100.9195,13.8764],[100.9195,13.8761],[100.9189,13.8761]]]}},{"type":"Feature","properties":{"kind":"seasonal","area_km2":0.376,"date":"2026-10-09"},"geometry":{"type":"Polygon","coordinates":[[[100.9527,13.9398],[100.9464,13.9394],[100.9458,13.9375],[100.9463,13.9358],[100.9477,13.9358],[100.9488,13.935],[100.9513,13.9358],[100.9524,13.9369],[100.9552,13.9366],[100.9558,13.9371],[100.9558,13.9387],[100.9527,13.9385],[100.9527,13.9398]]]}},{"type":"Feature","properties":{"kind":"seasonal","area_km2":0.371,"date":"2026-10-09"},"geometry":{"type":"Polygon","coordinates":[[[100.9223,13.9149],[100.9212,13.9141],[100.9212,13.9122],[100.9234,13.9122],[100.9225,13.9119],[100.9225,13.9105],[100.9239,13.9105],[100.9239,13.9113],[100.9245,13.9113],[100.9245,13.91],[100.9231,13.9097],[100.9225,13.9103],[100.9214,13.9103],[100.9214,13.9119],[100.9203,13.9119],[100.9198,13.9116],[100.9203,13.9089],[100.9217,13.9089],[100.9228,13.9084],[100.9231,13.9089],[100.9236,13.9089],[100.9236,13.9084],[100.925,13.9083],[100.9256,13.9086],[100.9253,13.9113],[100.9248,13.9113],[100.925,13.9119],[100.927,13.9121],[100.927,13.911],[100.9284,13.911],[100.9287,13.9137],[100.9256,13.914],[100.9253,13.9135],[100.9245,13.9138],[100.9245,13.9143],[100.9237,13.9143],[100.9237,13.9149],[100.9223,13.9149]],[[100.9231,13.9116],[100.9236,13.9116],[100.9236,13.9111],[100.9231,13.9111],[100.9231,13.9116]]]}},{"type":"Feature","properties":{"kind":"seasonal","area_km2":0.368,"date":"2026-10-09"},"geometry":{"type":"Polygon","coordinates":[[[100.9627,13.1972],[100.9627,13.1966],[100.9619,13.1969],[100.9616,13.1963],[100.9636,13.1963],[100.9636,13.1955],[100.9652,13.1939],[100.9652,13.1933],[100.9646,13.1933],[100.9649,13.1917],[100.966,13.1906],[100.9671,13.1906],[100.9677,13.1892],[100.969,13.189],[100.9696,13.1884],[100.9701,13.1862],[100.9715,13.186],[100.9712,13.1846],[100.9718,13.1838],[100.9723,13.1838],[100.9723,13.1819],[100.9731,13.1819],[100.9731,13.1841],[100.9737,13.1846],[100.9737,13.1862],[100.9746,13.1873],[100.9746,13.1887],[100.9729,13.187],[100.9718,13.1873],[100.9715,13.1879],[100.9707,13.1879],[100.971,13.1884],[100.9704,13.1892],[100.9702,13.1914],[100.9674,13.1911],[100.9666,13.192],[100.9663,13.1941],[100.9655,13.1941],[100.9652,13.1952],[100.9644,13.1958],[100.9638,13.1971],[100.9627,13.1972]]]}},{"type":"Feature","properties":{"kind":"seasonal","area_km2":0.359,"date":"2026-10-09"},"geometry":{"type":"Polygon","coordinates":[[[100.7085,13.5309],[100.7085,13.5303],[100.7099,13.5292],[100.7096,13.5273],[100.7085,13.5265],[100.708,13.5268],[100.706,13.5266],[100.7088,13.5263],[100.7096,13.5268],[100.7105,13.5265],[100.7107,13.5271],[100.7116,13.5271],[100.7118,13.5262],[100.7135,13.5262],[100.7166,13.5265],[100.7174,13.5273],[100.7174,13.5295],[100.7085,13.5309]],[[100.7102,13.5268],[100.7105,13.5271],[100.7105,13.5268],[100.7102,13.5268]]]}},{"type":"Feature","properties":{"kind":"seasonal","area_km2":0.352,"date":"2026-10-09"},"geometry":{"type":"Polygon","coordinates":[[[100.8883,13.7308],[100.888,13.73],[100.8875,13.73],[100.8872,13.7289],[100.8866,13.7292],[100.8867,13.7302],[100.8855,13.7302],[100.885,13.7294],[100.885,13.7284],[100.8841,13.7281],[100.8841,13.7286],[100.8814,13.7292],[100.8811,13.7276],[100.8805,13.7287],[100.8794,13.7287],[100.8794,13.7281],[100.8789,13.7281],[100.8789,13.727],[100.8805,13.7273],[100.8805,13.7265],[100.8816,13.7262],[100.8819,13.7257],[100.8827,13.7257],[100.883,13.7267],[100.8839,13.7267],[100.8838,13.7251],[100.883,13.7251],[100.883,13.7232],[100.8844,13.7235],[100.8844,13.7246],[100.8852,13.7246],[100.8852,13.7265],[100.8863,13.7262],[100.8866,13.727],[100.8877,13.7272],[100.8877,13.7278],[100.8894,13.7291],[100.8894,13.7308],[100.8883,13.7308]],[[100.8858,13.7289],[100.8861,13.7292],[100.8861,13.7289],[100.8858,13.7289]],[[100.8864,13.7289],[100.8866,13.7292],[100.8866,13.7289],[100.8864,13.7289]],[[100.8875,13.7289],[100.8878,13.7291],[100.8878,13.7289],[100.8875,13.7289]],[[100.8858,13.7281],[100.8864,13.7283],[100.8864,13.7281],[100.8858,13.7281]],[[100.8852,13.7273],[100.8855,13.7275],[100.8855,13.7273],[100.8852,13.7273]],[[100.8819,13.727],[100.8822,13.7273],[100.8822,13.727],[100.8819,13.727]]]}},{"type":"Feature","properties":{"kind":"seasonal","area_km2":0.351,"date":"2026-10-09"},"geometry":{"type":"Polygon","coordinates":[[[100.8478,13.5131],[100.8481,13.5098],[100.8492,13.5087],[100.85,13.5087],[100.8491,13.5057],[100.8505,13.5055],[100.8505,13.5049],[100.8516,13.5049],[100.8519,13.5065],[100.8525,13.5068],[100.8525,13.5092],[100.853,13.5098],[100.8536,13.5122],[100.8533,13.5128],[100.852,13.513],[100.8478,13.5131]],[[100.8486,13.5112],[100.8489,13.5114],[100.8489,13.5112],[100.8486,13.5112]],[[100.8514,13.5103],[100.8522,13.5103],[100.8522,13.5101],[100.8514,13.5098],[100.8514,13.5103]],[[100.85,13.5095],[100.8511,13.5093],[100.8511,13.5087],[100.85,13.5087],[100.85,13.5095]]]}},{"type":"Feature","properties":{"kind":"seasonal","area_km2":0.35,"date":"2026-10-09"},"geometry":{"type":"Polygon","coordinates":[[[100.9746,13.7293],[100.9746,13.7287],[100.9732,13.729],[100.9734,13.7282],[100.9721,13.7282],[100.972,13.7244],[100.9726,13.7244],[100.9726,13.7239],[100.9734,13.7239],[100.9734,13.7255],[100.9748,13.7255],[100.9748,13.7247],[100.9762,13.7244],[100.9762,13.723],[100.9773,13.7236],[100.9787,13.7236],[100.979,13.7246],[100.9776,13.7246],[100.9776,13.7249],[100.9784,13.7249],[100.979,13.7263],[100.9768,13.7266],[100.9793,13.7268],[100.9793,13.7287],[100.9765,13.7287],[100.9759,13.7276],[100.9759,13.7285],[100.9748,13.7287],[100.9746,13.7293]],[[100.9767,13.7244],[100.9776,13.7246],[100.9776,13.7244],[100.9767,13.7244]]]}},{"type":"Feature","properties":{"kind":"seasonal","area_km2":0.35,"date":"2026-10-09"},"geometry":{"type":"Polygon","coordinates":[[[100.8709,13.6726],[100.8707,13.6713],[100.8715,13.6704],[100.8726,13.6707],[100.8726,13.6696],[100.8734,13.6693],[100.8731,13.6691],[100.8734,13.6666],[100.8728,13.6661],[100.8728,13.665],[100.8706,13.665],[100.8703,13.6626],[100.872,13.6626],[100.8722,13.6609],[100.8731,13.6607],[100.8734,13.6634],[100.8723,13.6634],[100.8723,13.6639],[100.8728,13.6639],[100.8728,13.6647],[100.8737,13.6647],[100.8745,13.6655],[100.8745,13.6661],[100.8753,13.6669],[100.8753,13.6677],[100.8762,13.668],[100.8759,13.669],[100.8765,13.6693],[100.8765,13.6701],[100.8762,13.6712],[100.8754,13.6718],[100.874,13.6715],[100.8732,13.6718],[100.8732,13.6726],[100.8709,13.6726]],[[100.8734,13.6712],[100.874,13.6712],[100.8743,13.6707],[100.8734,13.6707],[100.8734,13.6712]],[[100.8734,13.6683],[100.874,13.6685],[100.874,13.6682],[100.8734,13.6683]],[[100.8742,13.668],[100.8748,13.6685],[100.8748,13.668],[100.8742,13.668]]]}},{"type":"Feature","properties":{"kind":"seasonal","area_km2":0.348,"date":"2026-10-09"},"geometry":{"type":"Polygon","coordinates":[[[100.4229,13.9983],[100.4228,13.9964],[100.4223,13.9961],[100.4223,13.9948],[100.4228,13.9945],[100.4242,13.9945],[100.4248,13.994],[100.4259,13.9939],[100.4262,13.9934],[100.4278,13.9931],[100.4275,13.9937],[100.4278,13.9942],[100.4284,13.9939],[100.4289,13.9958],[100.4306,13.995],[100.4314,13.9953],[100.4312,13.9969],[100.4273,13.9977],[100.4267,13.9983],[100.4259,13.9983],[100.4253,13.9977],[100.4242,13.9983],[100.4229,13.9983]],[[100.4292,13.9958],[100.4295,13.9961],[100.4295,13.9958],[100.4292,13.9958]],[[100.4228,13.9948],[100.4231,13.995],[100.4231,13.9948],[100.4228,13.9948]]]}},{"type":"Feature","properties":{"kind":"seasonal","area_km2":0.34,"date":"2026-10-09"},"geometry":{"type":"Polygon","coordinates":[[[100.9146,13.893],[100.9143,13.8911],[100.9157,13.8911],[100.9157,13.8905],[100.9174,13.89],[100.9168,13.887],[100.9187,13.887],[100.9193,13.8881],[100.9204,13.888],[100.9209,13.8864],[100.9223,13.8864],[100.9226,13.8856],[100.924,13.8856],[100.924,13.8867],[100.9229,13.8878],[100.9226,13.8888],[100.9207,13.8891],[100.9207,13.8902],[100.9193,13.8908],[100.9193,13.8913],[100.9199,13.8916],[100.9199,13.8927],[100.9182,13.8924],[100.9182,13.8916],[100.9171,13.8916],[100.9171,13.8924],[100.9166,13.893],[100.9146,13.893]],[[100.9176,13.8911],[100.9182,13.8913],[100.9182,13.891],[100.9176,13.8911]],[[100.9174,13.8908],[100.9176,13.8911],[100.9176,13.8908],[100.9174,13.8908]],[[100.9176,13.8905],[100.9179,13.8908],[100.9179,13.8905],[100.9176,13.8905]]]}},{"type":"Feature","properties":{"kind":"seasonal","area_km2":0.338,"date":"2026-10-09"},"geometry":{"type":"Polygon","coordinates":[[[100.8989,13.876],[100.8989,13.8747],[100.9003,13.8741],[100.897,13.8741],[100.8969,13.8706],[100.9008,13.8703],[100.9008,13.8717],[100.9,13.8728],[100.9047,13.873],[100.9048,13.8757],[100.9023,13.876],[100.9023,13.8754],[100.9017,13.8755],[100.9014,13.876],[100.8989,13.876]],[[100.9023,13.8746],[100.9034,13.8746],[100.9034,13.8741],[100.9022,13.8741],[100.9023,13.8746]]]}},{"type":"Feature","properties":{"kind":"seasonal","area_km2":0.336,"date":"2026-10-09"},"geometry":{"type":"Polygon","coordinates":[[[100.8769,13.6872],[100.8763,13.6856],[100.8747,13.6851],[100.8746,13.6832],[100.8735,13.6826],[100.8727,13.6807],[100.8729,13.6799],[100.8724,13.6799],[100.8721,13.6794],[100.8721,13.6783],[100.8743,13.6777],[100.8746,13.6785],[100.8749,13.678],[100.8757,13.678],[100.8757,13.6785],[100.8765,13.6788],[100.8765,13.6796],[100.8757,13.6796],[100.876,13.681],[100.8763,13.6818],[100.8768,13.6818],[100.8769,13.6829],[100.8777,13.6834],[100.8777,13.6845],[100.8783,13.6848],[100.8785,13.6861],[100.8785,13.6869],[100.8769,13.6872]]]}},{"type":"Feature","properties":{"kind":"seasonal","area_km2":0.329,"date":"2026-10-09"},"geometry":{"type":"Polygon","coordinates":[[[100.9438,13.8369],[100.9433,13.8358],[100.9432,13.8326],[100.941,13.8323],[100.9407,13.8312],[100.9399,13.8307],[100.9402,13.8282],[100.9396,13.828],[100.9396,13.8266],[100.941,13.8266],[100.9415,13.8271],[100.9415,13.8282],[100.9427,13.828],[100.9432,13.8293],[100.9443,13.8304],[100.9446,13.8315],[100.9455,13.832],[100.9452,13.8369],[100.9438,13.8369]]]}},{"type":"Feature","properties":{"kind":"seasonal","area_km2":0.311,"date":"2026-10-09"},"geometry":{"type":"Polygon","coordinates":[[[100.9312,13.8573],[100.9315,13.8557],[100.931,13.8554],[100.9257,13.8555],[100.9257,13.8533],[100.9251,13.8528],[100.9251,13.8517],[100.9265,13.8514],[100.9273,13.8519],[100.929,13.8519],[100.9295,13.8522],[100.9295,13.853],[100.9298,13.8525],[100.9312,13.8527],[100.9323,13.8538],[100.9323,13.8557],[100.9329,13.8557],[100.9329,13.8573],[100.9312,13.8573]]]}},{"type":"Feature","properties":{"kind":"seasonal","area_km2":0.31,"date":"2026-10-09"},"geometry":{"type":"Polygon","coordinates":[[[100.908,13.867],[100.908,13.8648],[100.9149,13.865],[100.9166,13.8645],[100.9221,13.8644],[100.9219,13.8655],[100.9205,13.8653],[100.9205,13.8666],[100.9149,13.8664],[100.9147,13.8669],[100.9102,13.867],[100.91,13.8664],[100.91,13.867],[100.908,13.867]]]}},{"type":"Feature","properties":{"kind":"seasonal","area_km2":0.305,"date":"2026-10-09"},"geometry":{"type":"Polygon","coordinates":[[[100.5991,13.9093],[100.5991,13.9088],[100.598,13.9088],[100.5975,13.9083],[100.5969,13.9064],[100.5958,13.9058],[100.5949,13.9023],[100.5941,13.9021],[100.5935,13.9004],[100.5924,13.8994],[100.5924,13.898],[100.5935,13.8972],[100.5949,13.8974],[100.5949,13.8988],[100.5963,13.901],[100.596,13.9023],[100.5969,13.9023],[100.5969,13.9031],[100.5977,13.9034],[100.5977,13.9045],[100.5986,13.9047],[100.5983,13.9066],[100.5986,13.9077],[100.5994,13.908],[100.5991,13.9093]]]}},{"type":"Feature","properties":{"kind":"seasonal","area_km2":0.305,"date":"2026-10-09"},"geometry":{"type":"Polygon","coordinates":[[[100.9272,13.8354],[100.9263,13.8346],[100.9263,13.8338],[100.9249,13.8338],[100.9247,13.8319],[100.9227,13.8319],[100.921,13.8303],[100.921,13.8295],[100.9227,13.8287],[100.923,13.8278],[100.9241,13.8276],[100.9243,13.827],[100.9252,13.827],[100.9255,13.8278],[100.9266,13.8286],[100.9266,13.8292],[100.9271,13.8292],[100.9271,13.8311],[100.9258,13.8311],[100.9255,13.8305],[100.9249,13.8305],[100.9249,13.8316],[100.9263,13.8316],[100.9266,13.8332],[100.9277,13.8332],[100.9286,13.834],[100.9286,13.8354],[100.9272,13.8354]],[[100.9235,13.8303],[100.9249,13.8305],[100.9249,13.83],[100.9244,13.83],[100.9244,13.8295],[100.9235,13.8292],[100.9235,13.8303]]]}},{"type":"Feature","properties":{"kind":"seasonal","area_km2":0.301,"date":"2026-10-09"},"geometry":{"type":"Polygon","coordinates":[[[100.9812,13.8198],[100.9789,13.8195],[100.9781,13.8187],[100.9773,13.8187],[100.9775,13.8174],[100.98,13.8168],[100.9786,13.8163],[100.9786,13.8138],[100.9775,13.8125],[100.9772,13.8114],[100.9775,13.8092],[100.9788,13.8092],[100.9791,13.8103],[100.9797,13.8106],[100.98,13.8138],[100.9805,13.8138],[100.9808,13.8144],[100.9808,13.8163],[100.9803,13.8163],[100.9803,13.8168],[100.982,13.8171],[100.9817,13.8184],[100.9811,13.8184],[100.9812,13.8198]]]}},{"type":"Feature","properties":{"kind":"seasonal","area_km2":0.301,"date":"2026-10-09"},"geometry":{"type":"Polygon","coordinates":[[[100.8997,13.7339],[100.8969,13.731],[100.8961,13.7307],[100.8961,13.7299],[100.8955,13.7296],[100.8958,13.7283],[100.8972,13.7283],[100.8972,13.7293],[100.8986,13.7293],[100.8991,13.7301],[100.9003,13.7307],[100.9008,13.7307],[100.9002,13.7291],[100.9013,13.7288],[100.9019,13.7304],[100.9011,13.7307],[100.9019,13.7307],[100.9019,13.7312],[100.9033,13.7315],[100.9033,13.732],[100.905,13.7328],[100.905,13.7339],[100.9033,13.7339],[100.9025,13.7328],[100.9017,13.7328],[100.9017,13.7334],[100.9011,13.7334],[100.9008,13.7339],[100.8997,13.7339]]]}},{"type":"Feature","properties":{"kind":"seasonal","area_km2":0.3,"date":"2026-10-09"},"geometry":{"type":"Polygon","coordinates":[[[100.9182,13.8561],[100.9179,13.8555],[100.9154,13.8556],[100.9154,13.8545],[100.9165,13.8545],[100.9154,13.8542],[100.9157,13.852],[100.9176,13.8515],[100.9207,13.8517],[100.9207,13.8531],[100.9226,13.8539],[100.9224,13.8558],[100.9182,13.8561]]]}},{"type":"Feature","properties":{"kind":"seasonal","area_km2":0.298,"date":"2026-10-09"},"geometry":{"type":"Polygon","coordinates":[[[100.969,13.8608],[100.969,13.8565],[100.9706,13.8565],[100.9706,13.8573],[100.9712,13.8573],[100.9712,13.8565],[100.9717,13.8562],[100.9742,13.8562],[100.9748,13.857],[100.9756,13.8572],[100.9756,13.8578],[100.9768,13.858],[100.9768,13.8589],[100.9762,13.8591],[100.9726,13.8594],[100.9723,13.8608],[100.969,13.8608]]]}},{"type":"Feature","properties":{"kind":"seasonal","area_km2":0.293,"date":"2026-10-09"},"geometry":{"type":"Polygon","coordinates":[[[100.3638,13.5357],[100.3618,13.5354],[100.3621,13.5314],[100.3627,13.5311],[100.3624,13.5281],[100.3629,13.5278],[100.3629,13.5273],[100.364,13.5273],[100.3649,13.5281],[100.3665,13.5286],[100.3665,13.5305],[100.3649,13.5311],[100.3646,13.5349],[100.3638,13.5357]]]}},{"type":"Feature","properties":{"kind":"seasonal","area_km2":0.272,"date":"2026-10-09"},"geometry":{"type":"Polygon","coordinates":[[[100.8614,13.5092],[100.8613,13.5076],[100.8605,13.5076],[100.8605,13.5067],[100.8611,13.5067],[100.8608,13.5059],[100.8616,13.5059],[100.8616,13.5038],[100.8624,13.5038],[100.8635,13.5029],[100.8644,13.5029],[100.8646,13.5024],[100.8655,13.5024],[100.8652,13.504],[100.866,13.504],[100.8663,13.5059],[100.8652,13.5059],[100.8652,13.5064],[100.866,13.507],[100.8661,13.5075],[100.8649,13.5075],[100.8649,13.5064],[100.8638,13.5065],[100.8641,13.5081],[100.8636,13.5081],[100.8636,13.5086],[100.8627,13.5092],[100.8614,13.5092]],[[100.8624,13.5075],[100.863,13.5075],[100.863,13.507],[100.8622,13.5067],[100.8624,13.5075]]]}},{"type":"Feature","properties":{"kind":"seasonal","area_km2":0.269,"date":"2026-10-09"},"geometry":{"type":"Polygon","coordinates":[[[100.8423,13.512],[100.8422,13.5074],[100.8444,13.5069],[100.8439,13.5042],[100.845,13.5042],[100.8464,13.5074],[100.8464,13.509],[100.8458,13.509],[100.8459,13.5117],[100.8423,13.512]]]}},{"type":"Feature","properties":{"kind":"seasonal","area_km2":0.267,"date":"2026-10-09"},"geometry":{"type":"Polygon","coordinates":[[[100.7213,13.5278],[100.721,13.5265],[100.7218,13.5264],[100.7218,13.527],[100.7224,13.527],[100.7221,13.5245],[100.7229,13.5245],[100.7235,13.5251],[100.7243,13.5237],[100.7268,13.5237],[100.7273,13.5232],[100.7293,13.5234],[100.7293,13.5264],[100.7288,13.5272],[100.7276,13.5272],[100.7274,13.5253],[100.7271,13.527],[100.7263,13.527],[100.7263,13.5275],[100.7257,13.5275],[100.7257,13.527],[100.7243,13.527],[100.7243,13.5264],[100.7238,13.5264],[100.7232,13.5278],[100.7213,13.5278]],[[100.7254,13.5267],[100.726,13.5267],[100.726,13.5261],[100.7265,13.5259],[100.726,13.5248],[100.7254,13.5248],[100.7254,13.5267]],[[100.7276,13.5253],[100.7282,13.5253],[100.7282,13.5248],[100.7276,13.5248],[100.7276,13.5253]]]}},{"type":"Feature","properties":{"kind":"seasonal","area_km2":0.267,"date":"2026-10-09"},"geometry":{"type":"Polygon","coordinates":[[[100.9507,13.5272],[100.9507,13.525],[100.9504,13.5242],[100.9499,13.5242],[100.9499,13.5232],[100.9507,13.5226],[100.9507,13.5218],[100.9496,13.5221],[100.9496,13.5229],[100.9487,13.5229],[100.9485,13.5234],[100.9471,13.5234],[100.9471,13.5224],[100.9476,13.5224],[100.9487,13.5213],[100.9487,13.5207],[100.9493,13.5207],[100.9493,13.5202],[100.9501,13.5202],[100.951,13.5218],[100.9521,13.5218],[100.9523,13.5226],[100.9535,13.5226],[100.9537,13.5239],[100.9543,13.5242],[100.9543,13.5253],[100.9532,13.5264],[100.9524,13.5264],[100.9521,13.5272],[100.9507,13.5272]]]}},{"type":"Feature","properties":{"kind":"seasonal","area_km2":0.266,"date":"2026-10-09"},"geometry":{"type":"Polygon","coordinates":[[[100.9349,13.7594],[100.9351,13.7578],[100.9324,13.7584],[100.9324,13.7573],[100.9318,13.7573],[100.9318,13.7559],[100.9321,13.7548],[100.9329,13.7546],[100.9334,13.7535],[100.9357,13.7532],[100.9368,13.754],[100.9371,13.7561],[100.9365,13.757],[100.9354,13.7575],[100.9365,13.7581],[100.9365,13.7591],[100.9349,13.7594]]]}},{"type":"Feature","properties":{"kind":"seasonal","area_km2":0.263,"date":"2026-10-09"},"geometry":{"type":"Polygon","coordinates":[[[100.0585,13.4618],[100.0563,13.4594],[100.0563,13.4588],[100.0555,13.4588],[100.0552,13.4583],[100.0552,13.4575],[100.056,13.4569],[100.0563,13.4542],[100.0541,13.4537],[100.0541,13.4529],[100.0546,13.4523],[100.0552,13.4534],[100.0563,13.4531],[100.0557,13.4531],[100.0555,13.4523],[100.0535,13.4512],[100.0535,13.4504],[100.0541,13.4504],[100.0543,13.4499],[100.0554,13.4499],[100.0552,13.4515],[100.0557,13.452],[100.0566,13.4518],[100.0571,13.4528],[100.0569,13.4545],[100.0574,13.4542],[100.0574,13.4564],[100.0566,13.4564],[100.0569,13.4585],[100.058,13.4585],[100.0585,13.4591],[100.0588,13.4583],[100.0607,13.4582],[100.0608,13.4596],[100.0596,13.4604],[100.0597,13.4615],[100.0585,13.4618]],[[100.0563,13.4534],[100.0566,13.4537],[100.0566,13.4534],[100.0563,13.4534]]]}},{"type":"Feature","properties":{"kind":"seasonal","area_km2":0.254,"date":"2026-10-09"},"geometry":{"type":"Polygon","coordinates":[[[100.9903,13.7218],[100.9897,13.7208],[100.9897,13.7194],[100.99,13.7189],[100.9911,13.7188],[100.9911,13.7175],[100.9917,13.7169],[100.9939,13.7172],[100.9942,13.7183],[100.9953,13.7183],[100.9958,13.7188],[100.9958,13.7199],[100.9947,13.7199],[100.9953,13.7218],[100.9939,13.7218],[100.9936,13.7213],[100.9931,13.7218],[100.992,13.7218],[100.992,13.721],[100.9917,13.7218],[100.9903,13.7218]],[[100.9931,13.7183],[100.9936,13.7186],[100.9936,13.7183],[100.9931,13.7183]]]}},{"type":"Feature","properties":{"kind":"seasonal","area_km2":0.252,"date":"2026-10-09"},"geometry":{"type":"Polygon","coordinates":[[[100.9166,13.7677],[100.9163,13.7655],[100.9169,13.7653],[100.9163,13.7642],[100.9163,13.7625],[100.9169,13.7623],[100.916,13.7623],[100.916,13.7615],[100.918,13.7615],[100.9185,13.7617],[100.9185,13.7623],[100.9196,13.7623],[100.9202,13.7628],[100.9199,13.765],[100.9205,13.7652],[100.9205,13.7671],[100.9166,13.7677]]]}},{"type":"Feature","properties":{"kind":"seasonal","area_km2":0.242,"date":"2026-10-09"},"geometry":{"type":"Polygon","coordinates":[[[100.8748,13.9866],[100.8687,13.9866],[100.8682,13.9863],[100.8682,13.9852],[100.8751,13.9847],[100.8815,13.9849],[100.8812,13.9862],[100.879,13.9862],[100.8787,13.9857],[100.8779,13.9857],[100.8757,13.9863],[100.8748,13.986],[100.8748,13.9866]]]}},{"type":"Feature","properties":{"kind":"seasonal","area_km2":0.24,"date":"2026-10-09"},"geometry":{"type":"Polygon","coordinates":[[[100.9097,13.7341],[100.9072,13.7339],[100.9072,13.7328],[100.908,13.7322],[100.908,13.7303],[100.9088,13.7295],[100.9094,13.7295],[100.9105,13.7282],[100.9119,13.7279],[100.9124,13.7284],[100.9124,13.7292],[100.9119,13.7298],[100.9127,13.7298],[100.9127,13.7306],[100.9097,13.7341]]]}},{"type":"Feature","properties":{"kind":"seasonal","area_km2":0.239,"date":"2026-10-09"},"geometry":{"type":"Polygon","coordinates":[[[100.3348,14.0042],[100.3332,14.0026],[100.3332,14.0015],[100.3337,14.0015],[100.334,14.001],[100.3348,14.001],[100.3351,14.0004],[100.3357,14.0004],[100.3359,14.001],[100.3373,14.0001],[100.3409,14.0004],[100.3404,14.0009],[100.3404,14.0023],[100.3398,14.0028],[100.3382,14.0026],[100.3365,14.0042],[100.3348,14.0042]],[[100.3373,14.0007],[100.3379,14.001],[100.3379,14.0007],[100.3373,14.0007]]]}},{"type":"Feature","properties":{"kind":"seasonal","area_km2":0.238,"date":"2026-10-09"},"geometry":{"type":"Polygon","coordinates":[[[100.9005,13.8676],[100.9002,13.8657],[100.9,13.8662],[100.8969,13.8663],[100.8969,13.8638],[100.8983,13.8638],[100.8983,13.8644],[100.9047,13.8643],[100.9044,13.8657],[100.903,13.8657],[100.903,13.8665],[100.9044,13.8662],[100.9044,13.8676],[100.9005,13.8676]],[[100.9019,13.8662],[100.9022,13.8668],[100.9022,13.8662],[100.9019,13.8662]]]}},{"type":"Feature","properties":{"kind":"seasonal","area_km2":0.237,"date":"2026-10-09"},"geometry":{"type":"Polygon","coordinates":[[[100.0772,13.7899],[100.0764,13.7891],[100.0764,13.7877],[100.0755,13.7872],[100.0758,13.7818],[100.0772,13.7818],[100.0775,13.7828],[100.0791,13.7828],[100.0791,13.7836],[100.078,13.7836],[100.078,13.7858],[100.0786,13.7864],[100.0786,13.7896],[100.0772,13.7899]],[[100.0764,13.7866],[100.0769,13.7869],[100.0769,13.7866],[100.0764,13.7866]]]}},{"type":"Feature","properties":{"kind":"seasonal","area_km2":0.236,"date":"2026-10-09"},"geometry":{"type":"Polygon","coordinates":[[[100.7744,13.5494],[100.7749,13.5491],[100.7749,13.5475],[100.7735,13.5481],[100.7738,13.5472],[100.7721,13.5467],[100.7721,13.547],[100.7719,13.547],[100.7716,13.5475],[100.7727,13.5475],[100.773,13.5486],[100.7713,13.5486],[100.7708,13.5483],[100.771,13.5478],[100.7691,13.5475],[100.7691,13.5467],[100.7707,13.547],[100.7707,13.5464],[100.7716,13.5464],[100.7716,13.5456],[100.7721,13.5451],[100.7738,13.5451],[100.7741,13.5472],[100.7752,13.5472],[100.7755,13.548],[100.7771,13.548],[100.7766,13.5472],[100.7768,13.5461],[100.7782,13.5464],[100.7788,13.5456],[100.7804,13.5456],[100.7799,13.5477],[100.7785,13.5475],[100.7774,13.5488],[100.7744,13.5494]],[[100.7716,13.5467],[100.7719,13.547],[100.7719,13.5467],[100.7716,13.5467]]]}},{"type":"Feature","properties":{"kind":"seasonal","area_km2":0.231,"date":"2026-10-09"},"geometry":{"type":"Polygon","coordinates":[[[100.7365,13.531],[100.7363,13.5296],[100.7368,13.5291],[100.7387,13.529],[100.7374,13.5288],[100.7373,13.528],[100.7379,13.528],[100.7379,13.5266],[100.7384,13.5266],[100.7387,13.5261],[100.7404,13.526],[100.7404,13.5269],[100.7398,13.5269],[100.7398,13.5274],[100.7401,13.5279],[100.741,13.5279],[100.741,13.5285],[100.7423,13.5279],[100.7423,13.5268],[100.7437,13.5271],[100.744,13.529],[100.7432,13.529],[100.7426,13.5304],[100.7421,13.5304],[100.7421,13.5296],[100.7412,13.5298],[100.7407,13.5296],[100.7407,13.529],[100.7398,13.529],[100.7399,13.5307],[100.739,13.5307],[100.739,13.5301],[100.7385,13.5301],[100.7382,13.5309],[100.7365,13.531]]]}},{"type":"Feature","properties":{"kind":"seasonal","area_km2":0.23,"date":"2026-10-09"},"geometry":{"type":"Polygon","coordinates":[[[100.987,13.9854],[100.9876,13.9851],[100.9875,13.9827],[100.9867,13.9827],[100.987,13.9813],[100.9867,13.9813],[100.9864,13.9797],[100.9867,13.9783],[100.9872,13.9781],[100.9867,13.9773],[100.9866,13.9762],[100.9869,13.9751],[100.9877,13.9751],[100.9878,13.9762],[100.9886,13.9775],[100.9886,13.9802],[100.9895,13.981],[100.9903,13.981],[100.9903,13.9821],[100.9898,13.9829],[100.9892,13.9827],[100.9892,13.9848],[100.9887,13.9854],[100.987,13.9854]],[[100.9878,13.9848],[100.9881,13.9851],[100.9881,13.9848],[100.9878,13.9848]],[[100.9881,13.9848],[100.9887,13.9848],[100.9889,13.9843],[100.9884,13.984],[100.9881,13.9848]],[[100.9884,13.9824],[100.9886,13.9827],[100.9886,13.9824],[100.9884,13.9824]],[[100.9881,13.9819],[100.9886,13.9816],[100.9886,13.9805],[100.9881,13.981],[100.9881,13.9819]],[[100.987,13.9805],[100.9872,13.981],[100.9872,13.9805],[100.987,13.9805]],[[100.9867,13.9802],[100.987,13.9805],[100.987,13.9802],[100.9867,13.9802]]]}},{"type":"Feature","properties":{"kind":"seasonal","area_km2":0.23,"date":"2026-10-09"},"geometry":{"type":"Polygon","coordinates":[[[100.0752,13.9524],[100.0741,13.9515],[100.0738,13.9488],[100.0732,13.9488],[100.073,13.9513],[100.0718,13.9513],[100.0716,13.9483],[100.0735,13.9478],[100.074,13.9469],[100.0752,13.9469],[100.0754,13.9475],[100.0763,13.9475],[100.0765,13.9469],[100.0779,13.9469],[100.0777,13.9485],[100.0763,13.9491],[100.0763,13.9507],[100.0755,13.9507],[100.0755,13.9515],[100.0763,13.9515],[100.0763,13.9524],[100.0752,13.9524]]]}},{"type":"Feature","properties":{"kind":"seasonal","area_km2":0.23,"date":"2026-10-09"},"geometry":{"type":"Polygon","coordinates":[[[100.8827,13.6164],[100.8827,13.6148],[100.8832,13.6145],[100.8827,13.614],[100.8827,13.6126],[100.8832,13.6126],[100.8835,13.6099],[100.8832,13.6093],[100.8826,13.6093],[100.8826,13.6085],[100.8843,13.6085],[100.8851,13.6077],[100.8851,13.6066],[100.8857,13.6061],[100.8868,13.6061],[100.8871,13.6077],[100.8857,13.6088],[100.8863,13.6099],[100.8849,13.6099],[100.8843,13.6104],[100.8846,13.6115],[100.8857,13.6123],[100.8857,13.6142],[100.8849,13.6142],[100.8844,13.6153],[100.8835,13.6156],[100.8841,13.6164],[100.8827,13.6164]],[[100.8833,13.6158],[100.8835,13.6161],[100.8835,13.6158],[100.8833,13.6158]],[[100.8832,13.6131],[100.8835,13.6134],[100.8835,13.6131],[100.8832,13.6131]],[[100.8835,13.6129],[100.8838,13.6131],[100.8838,13.6129],[100.8835,13.6129]],[[100.8841,13.6123],[100.8846,13.6118],[100.8843,13.6112],[100.8838,13.6112],[100.8841,13.6123]],[[100.8838,13.6107],[100.884,13.611],[100.884,13.6107],[100.8838,13.6107]],[[100.884,13.6099],[100.8843,13.6101],[100.8843,13.6099],[100.884,13.6099]],[[100.8846,13.6093],[100.8849,13.6099],[100.8849,13.6093],[100.8846,13.6093]],[[100.8838,13.6093],[100.884,13.6096],[100.884,13.6093],[100.8838,13.6093]],[[100.8849,13.6091],[100.8851,13.6093],[100.8851,13.6091],[100.8849,13.6091]],[[100.8846,13.6088],[100.8849,13.6091],[100.8849,13.6088],[100.8846,13.6088]],[[100.886,13.6077],[100.8862,13.608],[100.8862,13.6077],[100.886,13.6077]],[[100.886,13.6072],[100.8862,13.6074],[100.8862,13.6071],[100.886,13.6072]]]}},{"type":"Feature","properties":{"kind":"seasonal","area_km2":0.23,"date":"2026-10-09"},"geometry":{"type":"Polygon","coordinates":[[[100.0626,13.0606],[100.0621,13.0601],[100.0621,13.0584],[100.0626,13.0579],[100.0629,13.0544],[100.0634,13.0527],[100.0656,13.053],[100.0656,13.0541],[100.0665,13.0541],[100.0665,13.0533],[100.067,13.053],[100.069,13.0535],[100.0684,13.0543],[100.067,13.0546],[100.0667,13.0557],[100.0654,13.0557],[100.0648,13.0573],[100.0643,13.0574],[100.0637,13.0579],[100.0637,13.0584],[100.0632,13.0587],[100.0626,13.0606]],[[100.0634,13.0576],[100.0637,13.0579],[100.0637,13.0576],[100.0634,13.0576]],[[100.064,13.0557],[100.0643,13.056],[100.0643,13.0557],[100.064,13.0557]],[[100.0651,13.0544],[100.0654,13.0546],[100.0654,13.0544],[100.0651,13.0544]],[[100.0654,13.0541],[100.0656,13.0544],[100.0656,13.0541],[100.0654,13.0541]]]}},{"type":"Feature","properties":{"kind":"seasonal","area_km2":0.227,"date":"2026-10-09"},"geometry":{"type":"Polygon","coordinates":[[[100.991,13.7367],[100.991,13.7354],[100.9921,13.7348],[100.9915,13.7343],[100.9907,13.7343],[100.9899,13.7335],[100.9899,13.733],[100.9896,13.7335],[100.989,13.7335],[100.9882,13.7332],[100.9879,13.7324],[100.9862,13.7319],[100.9865,13.7308],[100.9876,13.7311],[100.9876,13.7316],[100.9909,13.7316],[100.9912,13.7324],[100.9921,13.7319],[100.9934,13.7318],[100.994,13.7359],[100.9921,13.7359],[100.9918,13.7367],[100.991,13.7367]]]}},{"type":"Feature","properties":{"kind":"seasonal","area_km2":0.224,"date":"2026-10-09"},"geometry":{"type":"Polygon","coordinates":[[[100.8437,13.9429],[100.8437,13.9404],[100.8425,13.9394],[100.842,13.9366],[100.8442,13.9366],[100.8442,13.9372],[100.8447,13.9372],[100.845,13.938],[100.845,13.9396],[100.8453,13.9391],[100.8459,13.9391],[100.8459,13.938],[100.8472,13.938],[100.8473,13.9415],[100.8453,13.9415],[100.8448,13.9429],[100.8437,13.9429]],[[100.8448,13.9407],[100.8451,13.9415],[100.845,13.9407],[100.8448,13.9407]],[[100.8442,13.9407],[100.8445,13.941],[100.8445,13.9407],[100.8442,13.9407]],[[100.8453,13.9396],[100.8456,13.9407],[100.8456,13.9396],[100.8453,13.9396]]]}},{"type":"Feature","properties":{"kind":"seasonal","area_km2":0.224,"date":"2026-10-09"},"geometry":{"type":"Polygon","coordinates":[[[100.8078,13.7487],[100.8072,13.7476],[100.8072,13.7457],[100.8066,13.7458],[100.8066,13.7449],[100.8072,13.7449],[100.8072,13.7436],[100.8083,13.7438],[100.8085,13.7433],[100.8105,13.7433],[100.8105,13.7455],[100.8111,13.7454],[100.8111,13.7468],[100.8102,13.7471],[100.8105,13.7476],[100.8111,13.7476],[100.8111,13.7484],[100.8078,13.7487]]]}},{"type":"Feature","properties":{"kind":"seasonal","area_km2":0.221,"date":"2026-10-09"},"geometry":{"type":"Polygon","coordinates":[[[100.9655,13.7435],[100.9644,13.7424],[100.9644,13.7418],[100.9639,13.7418],[100.9636,13.7408],[100.9633,13.7418],[100.9619,13.7419],[100.9616,13.7405],[100.9625,13.74],[100.9633,13.7402],[100.9638,13.7389],[100.9647,13.7389],[100.9649,13.738],[100.9666,13.738],[100.9663,13.7386],[100.9672,13.7388],[100.9669,13.7413],[100.9675,13.7415],[100.9675,13.7426],[100.9664,13.7434],[100.9655,13.7435]]]}},{"type":"Feature","properties":{"kind":"seasonal","area_km2":0.221,"date":"2026-10-09"},"geometry":{"type":"Polygon","coordinates":[[[100.8493,13.5261],[100.8493,13.5239],[100.8487,13.5239],[100.8487,13.5253],[100.8479,13.5253],[100.847,13.5228],[100.849,13.5226],[100.8487,13.522],[100.8482,13.522],[100.8481,13.5212],[100.849,13.5201],[100.8487,13.5188],[100.8512,13.5179],[100.8512,13.5201],[100.8501,13.5204],[100.8509,13.5209],[100.8509,13.5217],[100.8501,13.522],[100.8506,13.5223],[100.8507,13.5255],[100.8504,13.5261],[100.8493,13.5261]]]}},{"type":"Feature","properties":{"kind":"seasonal","area_km2":0.221,"date":"2026-10-09"},"geometry":{"type":"Polygon","coordinates":[[[100.0446,13.1166],[100.0454,13.1147],[100.0468,13.1147],[100.0468,13.1138],[100.046,13.113],[100.0465,13.1106],[100.0484,13.1106],[100.0487,13.11],[100.0498,13.1103],[100.0493,13.1114],[100.0496,13.1122],[100.0498,13.1117],[100.0512,13.1117],[100.0515,13.1108],[100.0523,13.1108],[100.0523,13.1119],[100.0507,13.1119],[100.0518,13.1125],[100.0521,13.1144],[100.0498,13.1146],[100.0501,13.1141],[100.0496,13.1138],[100.0496,13.1125],[100.049,13.1125],[100.049,13.1119],[100.0479,13.1119],[100.0468,13.1157],[100.0463,13.1157],[100.0457,13.1166],[100.0446,13.1166]]]}},{"type":"Feature","properties":{"kind":"seasonal","area_km2":0.22,"date":"2026-10-09"},"geometry":{"type":"Polygon","coordinates":[[[100.7439,13.5488],[100.7439,13.5483],[100.7428,13.5477],[100.743,13.5472],[100.7408,13.5472],[100.7405,13.5461],[100.7419,13.5458],[100.7422,13.5464],[100.7427,13.5464],[100.743,13.545],[100.7461,13.5447],[100.7469,13.545],[100.7469,13.5472],[100.7486,13.5469],[100.7486,13.548],[100.7475,13.548],[100.7466,13.5485],[100.745,13.5483],[100.745,13.5488],[100.7439,13.5488]],[[100.743,13.5466],[100.7433,13.5469],[100.7433,13.5466],[100.743,13.5466]]]}},{"type":"Feature","properties":{"kind":"seasonal","area_km2":0.217,"date":"2026-10-09"},"geometry":{"type":"Polygon","coordinates":[[[100.701,13.5258],[100.7007,13.525],[100.6996,13.5244],[100.6999,13.5236],[100.7074,13.5225],[100.7079,13.523],[100.7074,13.5236],[100.7071,13.5249],[100.7096,13.5249],[100.708,13.5255],[100.7074,13.5252],[100.701,13.5258]],[[100.7007,13.5247],[100.7016,13.5247],[100.7016,13.5241],[100.7005,13.5242],[100.7007,13.5247]],[[100.7016,13.5239],[100.7021,13.5244],[100.7021,13.5239],[100.7016,13.5239]],[[100.7046,13.5236],[100.7049,13.5241],[100.7049,13.5236],[100.7046,13.5236]]]}},{"type":"Feature","properties":{"kind":"seasonal","area_km2":0.217,"date":"2026-10-09"},"geometry":{"type":"Polygon","coordinates":[[[100.711,13.5219],[100.7113,13.5214],[100.7099,13.5211],[100.7099,13.5203],[100.7088,13.5206],[100.7088,13.5214],[100.7079,13.5217],[100.7071,13.5217],[100.7071,13.5206],[100.7076,13.5206],[100.7076,13.52],[100.7065,13.5203],[100.7065,13.5198],[100.706,13.5198],[100.7063,13.5209],[100.7049,13.5209],[100.7049,13.5203],[100.7043,13.5203],[100.7043,13.5187],[100.7065,13.5184],[100.7079,13.519],[100.7079,13.5184],[100.7085,13.5187],[100.7085,13.5176],[100.7098,13.5176],[100.7098,13.5181],[100.7107,13.5184],[100.7107,13.5197],[100.7115,13.5197],[100.7121,13.5203],[100.7121,13.5219],[100.711,13.5219]],[[100.709,13.5184],[100.7093,13.5189],[100.7093,13.5184],[100.709,13.5184]]]}},{"type":"Feature","properties":{"kind":"seasonal","area_km2":0.216,"date":"2026-10-09"},"geometry":{"type":"Polygon","coordinates":[[[100.9332,13.7903],[100.9332,13.7893],[100.9312,13.7887],[100.9312,13.7874],[100.9323,13.7868],[100.9329,13.7871],[100.9329,13.7865],[100.934,13.7857],[100.9362,13.786],[100.9365,13.7876],[100.9373,13.7876],[100.9379,13.7881],[100.9379,13.7889],[100.9362,13.789],[100.936,13.7895],[100.9348,13.7895],[100.9346,13.7903],[100.9332,13.7903]],[[100.9346,13.789],[100.9348,13.7882],[100.9357,13.7879],[100.9346,13.7879],[100.9346,13.789]],[[100.9362,13.7876],[100.9365,13.7881],[100.9365,13.7876],[100.9362,13.7876]]]}},{"type":"Feature","properties":{"kind":"seasonal","area_km2":0.214,"date":"2026-10-09"},"geometry":{"type":"Polygon","coordinates":[[[100.9236,13.9414],[100.9236,13.9401],[100.9242,13.9401],[100.9242,13.9393],[100.9247,13.939],[100.9266,13.9387],[100.9267,13.9395],[100.9275,13.9398],[100.9278,13.9387],[100.9316,13.9387],[100.9314,13.9408],[100.9236,13.9414]]]}},{"type":"Feature","properties":{"kind":"seasonal","area_km2":0.212,"date":"2026-10-09"},"geometry":{"type":"Polygon","coordinates":[[[100.8559,13.5531],[100.8559,13.5515],[100.855,13.5515],[100.8547,13.551],[100.8542,13.551],[100.8536,13.5521],[100.8514,13.5518],[100.8489,13.5524],[100.8486,13.5505],[100.8492,13.5505],[100.8495,13.5499],[100.8506,13.5499],[100.8506,13.5494],[100.8497,13.5494],[100.8497,13.5486],[100.8511,13.5486],[100.8511,13.5494],[100.852,13.5497],[100.852,13.5507],[100.8534,13.5505],[100.8525,13.5499],[100.8547,13.5502],[100.8564,13.5496],[100.8561,13.5515],[100.8572,13.5515],[100.8575,13.5531],[100.8559,13.5531]],[[100.85,13.551],[100.8503,13.5513],[100.8503,13.551],[100.85,13.551]]]}},{"type":"Feature","properties":{"kind":"seasonal","area_km2":0.211,"date":"2026-10-09"},"geometry":{"type":"Polygon","coordinates":[[[100.2289,13.6644],[100.2278,13.6636],[100.227,13.6636],[100.2253,13.6625],[100.2239,13.6623],[100.2233,13.6615],[100.2211,13.6607],[100.2194,13.659],[100.2186,13.659],[100.2183,13.6585],[100.2172,13.6582],[100.2156,13.6566],[100.215,13.6566],[100.215,13.6561],[100.2144,13.6561],[100.2144,13.6553],[100.215,13.6553],[100.215,13.6558],[100.2161,13.6558],[100.2156,13.6563],[100.2164,13.6563],[100.2164,13.6569],[100.2167,13.6563],[100.2172,13.6563],[100.2178,13.6577],[100.2186,13.658],[100.2186,13.6585],[100.2194,13.6582],[100.22,13.659],[100.2211,13.6593],[100.2217,13.6604],[100.2239,13.6604],[100.2245,13.6612],[100.2253,13.6612],[100.2264,13.6623],[100.2272,13.6623],[100.2278,13.6631],[100.232,13.6633],[100.2317,13.6644],[100.2289,13.6644]]]}},{"type":"Feature","properties":{"kind":"seasonal","area_km2":0.21,"date":"2026-10-09"},"geometry":{"type":"Polygon","coordinates":[[[100.9495,13.8518],[100.9495,13.8507],[100.9481,13.8507],[100.9478,13.8488],[100.9492,13.8488],[100.95,13.8477],[100.9514,13.8477],[100.952,13.8504],[100.9522,13.8471],[100.9528,13.8463],[100.9534,13.8463],[100.9534,13.8501],[100.9523,13.8504],[100.9523,13.8515],[100.9495,13.8518]]]}},{"type":"Feature","properties":{"kind":"seasonal","area_km2":0.209,"date":"2026-10-09"},"geometry":{"type":"Polygon","coordinates":[[[100.802,13.8328],[100.8026,13.8317],[100.7987,13.8318],[100.7987,13.8301],[100.7973,13.8299],[100.7973,13.8285],[100.7984,13.8285],[100.7987,13.828],[100.7992,13.828],[100.7992,13.8274],[100.8009,13.8274],[100.8011,13.8269],[100.8023,13.8269],[100.8023,13.8285],[100.8006,13.8285],[100.8003,13.828],[100.8003,13.8293],[100.7998,13.8299],[100.7998,13.8307],[100.802,13.8307],[100.8023,13.8301],[100.8037,13.8304],[100.804,13.8323],[100.8034,13.8323],[100.8031,13.8328],[100.802,13.8328]]]}},{"type":"Feature","properties":{"kind":"seasonal","area_km2":0.209,"date":"2026-10-09"},"geometry":{"type":"Polygon","coordinates":[[[100.8657,13.5021],[100.8657,13.5005],[100.8652,13.5005],[100.8652,13.4989],[100.8657,13.4988],[100.8657,13.4983],[100.8646,13.4983],[100.8646,13.4972],[100.8649,13.4961],[100.8668,13.4959],[100.8668,13.4975],[100.8685,13.4983],[100.8685,13.4999],[100.869,13.5002],[100.869,13.5013],[100.8674,13.5021],[100.8657,13.5021]]]}},{"type":"Feature","properties":{"kind":"seasonal","area_km2":0.208,"date":"2026-10-09"},"geometry":{"type":"Polygon","coordinates":[[[100.9648,13.8205],[100.9645,13.8194],[100.9639,13.8194],[100.9634,13.818],[100.9636,13.8159],[100.9628,13.8156],[100.9631,13.8137],[100.9622,13.814],[100.9622,13.8148],[100.9614,13.8148],[100.9611,13.8143],[100.9611,13.8129],[100.9622,13.8126],[100.9628,13.8118],[100.9636,13.8118],[100.9645,13.8134],[100.9648,13.8167],[100.9656,13.8169],[100.9656,13.8177],[100.9667,13.8177],[100.9667,13.8185],[100.9659,13.8186],[100.9659,13.8202],[100.9648,13.8205]]]}},{"type":"Feature","properties":{"kind":"seasonal","area_km2":0.204,"date":"2026-10-09"},"geometry":{"type":"Polygon","coordinates":[[[100.7996,13.8822],[100.8004,13.8776],[100.8018,13.8776],[100.8024,13.8781],[100.8038,13.8775],[100.8051,13.8778],[100.8052,13.8794],[100.8038,13.8794],[100.8038,13.8811],[100.8029,13.8811],[100.8016,13.8822],[100.7996,13.8822]],[[100.8013,13.8806],[100.8021,13.8805],[100.8021,13.8803],[100.8013,13.88],[100.8013,13.8806]]]}},{"type":"Feature","properties":{"kind":"seasonal","area_km2":0.203,"date":"2026-10-09"},"geometry":{"type":"Polygon","coordinates":[[[100.9009,13.7393],[100.9003,13.7388],[100.9003,13.738],[100.9017,13.7355],[100.9022,13.7355],[100.9025,13.735],[100.9039,13.735],[100.9039,13.7355],[100.9045,13.7355],[100.9044,13.735],[100.905,13.735],[100.9053,13.7344],[100.9072,13.7344],[100.9072,13.7358],[100.9067,13.7363],[100.905,13.7363],[100.905,13.7369],[100.9045,13.7369],[100.9045,13.7374],[100.9036,13.7382],[100.9023,13.7385],[100.902,13.7393],[100.9009,13.7393]]]}},{"type":"Feature","properties":{"kind":"seasonal","area_km2":0.202,"date":"2026-10-09"},"geometry":{"type":"Polygon","coordinates":[[[100.9018,13.9928],[100.9013,13.9923],[100.8988,13.9923],[100.8988,13.9902],[100.8982,13.9902],[100.8979,13.9885],[100.9012,13.9882],[100.9012,13.9891],[100.9021,13.9888],[100.9021,13.9899],[100.9037,13.9899],[100.9035,13.9904],[100.9015,13.9904],[100.9015,13.9912],[100.9035,13.9912],[100.9035,13.9926],[100.9018,13.9928]]]}},{"type":"Feature","properties":{"kind":"seasonal","area_km2":0.201,"date":"2026-10-09"},"geometry":{"type":"Polygon","coordinates":[[[100.764,13.9725],[100.7637,13.9706],[100.7728,13.9705],[100.7726,13.9719],[100.7706,13.9719],[100.7701,13.9713],[100.7701,13.9719],[100.7692,13.9724],[100.764,13.9725]]]}},{"type":"Feature","properties":{"kind":"seasonal","area_km2":0.196,"date":"2026-10-09"},"geometry":{"type":"Polygon","coordinates":[[[100.9657,13.8901],[100.9654,13.8893],[100.9662,13.8885],[100.9673,13.8885],[100.9673,13.8879],[100.9631,13.8883],[100.9631,13.8869],[100.9651,13.8869],[100.9651,13.8863],[100.9695,13.8863],[100.9698,13.8896],[100.9684,13.8896],[100.9673,13.889],[100.9673,13.8901],[100.9657,13.8901]]]}},{"type":"Feature","properties":{"kind":"seasonal","area_km2":0.195,"date":"2026-10-09"},"geometry":{"type":"Polygon","coordinates":[[[100.8994,13.9034],[100.8991,13.902],[100.9,13.9018],[100.9002,13.9007],[100.9061,13.9004],[100.9061,13.902],[100.905,13.902],[100.905,13.9031],[100.9028,13.9028],[100.9022,13.9034],[100.8994,13.9034]]]}},{"type":"Feature","properties":{"kind":"seasonal","area_km2":0.194,"date":"2026-10-09"},"geometry":{"type":"Polygon","coordinates":[[[100.8038,13.5904],[100.8038,13.5896],[100.8049,13.589],[100.8049,13.5882],[100.8057,13.5871],[100.8037,13.5858],[100.8037,13.5847],[100.8057,13.5842],[100.806,13.5855],[100.8071,13.5858],[100.8073,13.5866],[100.8082,13.5868],[100.8082,13.5879],[100.8071,13.5879],[100.8071,13.5885],[100.8079,13.5885],[100.8079,13.5898],[100.8063,13.5901],[100.8063,13.5896],[100.8054,13.5896],[100.8054,13.5904],[100.8038,13.5904]]]}},{"type":"Feature","properties":{"kind":"seasonal","area_km2":0.193,"date":"2026-10-09"},"geometry":{"type":"Polygon","coordinates":[[[100.8828,13.7341],[100.8828,13.7335],[100.8811,13.7335],[100.8806,13.7308],[100.8817,13.7308],[100.8817,13.73],[100.8822,13.7297],[100.8836,13.7297],[100.8839,13.7313],[100.8861,13.7311],[100.8861,13.7324],[100.8853,13.7327],[100.8853,13.7335],[100.8842,13.7341],[100.8828,13.7341]]]}},{"type":"Feature","properties":{"kind":"seasonal","area_km2":0.192,"date":"2026-10-09"},"geometry":{"type":"Polygon","coordinates":[[[100.9432,13.8258],[100.9426,13.825],[100.9412,13.8247],[100.9401,13.8236],[100.9401,13.8223],[100.9398,13.8217],[100.9393,13.8217],[100.9395,13.8204],[100.9412,13.8206],[100.9412,13.8212],[100.9426,13.8223],[100.9437,13.822],[100.944,13.8236],[100.9446,13.8236],[100.9451,13.8244],[100.9451,13.8258],[100.9432,13.8258]]]}},{"type":"Feature","properties":{"kind":"seasonal","area_km2":0.191,"date":"2026-10-09"},"geometry":{"type":"Polygon","coordinates":[[[100.087,13.5121],[100.0865,13.5116],[100.084,13.5113],[100.084,13.5105],[100.0865,13.5102],[100.087,13.511],[100.0876,13.5072],[100.0887,13.507],[100.0884,13.5075],[100.089,13.5078],[100.0892,13.5069],[100.0903,13.5067],[100.0903,13.5078],[100.0898,13.5083],[100.0915,13.5083],[100.0912,13.5097],[100.0901,13.5099],[100.0901,13.5091],[100.0895,13.5091],[100.0884,13.5121],[100.087,13.5121]]]}},{"type":"Feature","properties":{"kind":"seasonal","area_km2":0.188,"date":"2026-10-09"},"geometry":{"type":"Polygon","coordinates":[[[100.9181,13.5066],[100.9178,13.5055],[100.9173,13.5055],[100.9173,13.5042],[100.9167,13.5042],[100.9167,13.5052],[100.9156,13.505],[100.9159,13.5033],[100.9167,13.5033],[100.9167,13.5039],[100.9173,13.5039],[100.9173,13.5017],[100.9178,13.5022],[100.9189,13.502],[100.9189,13.5031],[100.9209,13.503],[100.9209,13.5036],[100.9214,13.5036],[100.9215,13.5057],[100.9198,13.506],[100.9198,13.5066],[100.9181,13.5066]],[[100.9178,13.5033],[100.9181,13.5041],[100.9184,13.5033],[100.9178,13.5033]],[[100.9192,13.5033],[100.9195,13.5036],[100.9195,13.5033],[100.9192,13.5033]]]}},{"type":"Feature","properties":{"kind":"seasonal","area_km2":0.186,"date":"2026-10-09"},"geometry":{"type":"Polygon","coordinates":[[[100.8935,13.7248],[100.8935,13.7242],[100.893,13.724],[100.893,13.7223],[100.8935,13.7223],[100.8941,13.7204],[100.8946,13.7201],[100.8943,13.7196],[100.8966,13.7193],[100.8966,13.7209],[100.8955,13.7215],[100.8952,13.7229],[100.8958,13.7229],[100.8966,13.7218],[100.898,13.7217],[100.898,13.7226],[100.8971,13.7226],[100.8969,13.7242],[100.8958,13.7242],[100.8955,13.7248],[100.8935,13.7248]]]}},{"type":"Feature","properties":{"kind":"seasonal","area_km2":0.185,"date":"2026-10-09"},"geometry":{"type":"Polygon","coordinates":[[[100.8335,13.4844],[100.8332,13.4839],[100.8323,13.4839],[100.8321,13.4831],[100.8332,13.4836],[100.8337,13.4823],[100.8348,13.4825],[100.8348,13.482],[100.8359,13.482],[100.8362,13.4814],[100.837,13.482],[100.8384,13.482],[100.8398,13.4811],[100.8406,13.4814],[100.8428,13.4806],[100.8434,13.4808],[100.8442,13.48],[100.8442,13.4814],[100.8437,13.4819],[100.8401,13.4822],[100.8398,13.4828],[100.8387,13.483],[100.837,13.4828],[100.8359,13.4839],[100.8346,13.4839],[100.8335,13.4844]]]}},{"type":"Feature","properties":{"kind":"seasonal","area_km2":0.184,"date":"2026-10-09"},"geometry":{"type":"Polygon","coordinates":[[[100.9021,13.7556],[100.9021,13.7551],[100.901,13.7551],[100.9013,13.7534],[100.901,13.7524],[100.9004,13.7524],[100.9004,13.7513],[100.9012,13.7513],[100.9015,13.7502],[100.9032,13.7496],[100.9032,13.751],[100.9026,13.751],[100.9024,13.7518],[100.9015,13.7518],[100.9015,13.7524],[100.9021,13.7524],[100.9021,13.7529],[100.9029,13.7529],[100.9032,13.7537],[100.9038,13.7532],[100.9054,13.754],[100.9065,13.7539],[100.9068,13.755],[100.9038,13.7551],[100.9035,13.7556],[100.9021,13.7556]]]}},{"type":"Feature","properties":{"kind":"seasonal","area_km2":0.184,"date":"2026-10-09"},"geometry":{"type":"Polygon","coordinates":[[[100.0916,13.4774],[100.0916,13.4768],[100.0908,13.4768],[100.0908,13.4758],[100.0919,13.4749],[100.0919,13.4738],[100.0927,13.4722],[100.0949,13.4719],[100.0955,13.4727],[100.096,13.4727],[100.0963,13.4738],[100.0955,13.4755],[100.093,13.4752],[100.0924,13.4771],[100.0916,13.4774]]]}},{"type":"Feature","properties":{"kind":"seasonal","area_km2":0.184,"date":"2026-10-09"},"geometry":{"type":"Polygon","coordinates":[[[100.1047,13.4898],[100.1049,13.489],[100.1061,13.489],[100.1063,13.4884],[100.1047,13.4882],[100.1044,13.4876],[100.1027,13.4876],[100.1022,13.4871],[100.1024,13.4855],[100.1041,13.4855],[100.1049,13.4863],[100.1066,13.4863],[100.1066,13.4852],[100.1074,13.486],[100.1091,13.4857],[100.1094,13.4871],[100.1088,13.4879],[100.1088,13.489],[100.1083,13.489],[100.108,13.4898],[100.1069,13.4898],[100.1066,13.489],[100.1061,13.4895],[100.1047,13.4898]],[[100.1074,13.489],[100.1083,13.4887],[100.1085,13.4865],[100.108,13.4863],[100.1072,13.4863],[100.1063,13.4873],[100.1063,13.4879],[100.1074,13.4882],[100.1069,13.4884],[100.1074,13.489]]]}},{"type":"Feature","properties":{"kind":"seasonal","area_km2":0.18,"date":"2026-10-09"},"geometry":{"type":"Polygon","coordinates":[[[100.9142,13.909],[100.9117,13.9087],[100.912,13.9076],[100.9147,13.9073],[100.9153,13.9063],[100.9183,13.9057],[100.9194,13.9065],[100.9195,13.9081],[100.917,13.9081],[100.9156,13.909],[100.9153,13.9084],[100.9142,13.909]]]}},{"type":"Feature","properties":{"kind":"seasonal","area_km2":0.179,"date":"2026-10-09"},"geometry":{"type":"Polygon","coordinates":[[[100.928,13.9306],[100.9268,13.9298],[100.923,13.9301],[100.9232,13.9279],[100.9238,13.9279],[100.9238,13.9273],[100.9249,13.9273],[100.9249,13.9279],[100.9266,13.9281],[100.9266,13.9287],[100.9307,13.9286],[100.9307,13.93],[100.9302,13.9305],[100.928,13.9306]]]}},{"type":"Feature","properties":{"kind":"seasonal","area_km2":0.179,"date":"2026-10-09"},"geometry":{"type":"Polygon","coordinates":[[[100.0629,13.7653],[100.0632,13.7634],[100.0646,13.7625],[100.0643,13.7615],[100.0665,13.7617],[100.0671,13.7612],[100.0679,13.7617],[100.0682,13.7609],[100.0699,13.7609],[100.0702,13.7631],[100.0682,13.7633],[100.0682,13.7625],[100.0665,13.7628],[100.0657,13.7644],[100.0646,13.7644],[100.0646,13.7653],[100.0629,13.7653]]]}},{"type":"Feature","properties":{"kind":"seasonal","area_km2":0.178,"date":"2026-10-09"},"geometry":{"type":"Polygon","coordinates":[[[100.3362,13.9999],[100.3365,13.9991],[100.3381,13.9991],[100.3379,13.9977],[100.3387,13.9969],[100.3381,13.9947],[100.3376,13.995],[100.337,13.9947],[100.3381,13.9944],[100.3389,13.9928],[100.3401,13.9928],[100.3406,13.9942],[100.3401,13.9944],[100.3404,13.9958],[100.3395,13.9961],[100.3393,13.9977],[100.3412,13.999],[100.3412,13.9999],[100.3362,13.9999]],[[100.339,13.9988],[100.3393,13.999],[100.3393,13.9988],[100.339,13.9988]]]}},{"type":"Feature","properties":{"kind":"seasonal","area_km2":0.177,"date":"2026-10-09"},"geometry":{"type":"Polygon","coordinates":[[[100.8088,13.9968],[100.8086,13.9952],[100.8102,13.9949],[100.8102,13.9941],[100.8133,13.9941],[100.8133,13.9946],[100.8158,13.9954],[100.8155,13.9965],[100.8088,13.9968]]]}},{"type":"Feature","properties":{"kind":"seasonal","area_km2":0.176,"date":"2026-10-09"},"geometry":{"type":"Polygon","coordinates":[[[100.935,13.9752],[100.9339,13.9747],[100.9331,13.975],[100.9331,13.9744],[100.9336,13.9742],[100.933,13.9734],[100.9339,13.9731],[100.9333,13.9731],[100.933,13.9723],[100.933,13.9687],[100.9322,13.9688],[100.9322,13.9677],[100.933,13.9677],[100.9333,13.9671],[100.9349,13.9674],[100.935,13.9704],[100.9336,13.9709],[100.935,13.9717],[100.9353,13.9731],[100.935,13.9752]],[[100.9333,13.9687],[100.9336,13.969],[100.9336,13.9687],[100.9333,13.9687]]]}},{"type":"Feature","properties":{"kind":"seasonal","area_km2":0.175,"date":"2026-10-09"},"geometry":{"type":"Polygon","coordinates":[[[100.0691,13.717],[100.0683,13.7134],[100.0677,13.7134],[100.068,13.7153],[100.0669,13.7156],[100.0655,13.7156],[100.0652,13.7135],[100.0677,13.7126],[100.0683,13.7118],[100.0702,13.7118],[100.0705,13.7129],[100.0694,13.7126],[100.0694,13.714],[100.0699,13.714],[100.0705,13.7164],[100.0699,13.717],[100.0691,13.717]]]}},{"type":"Feature","properties":{"kind":"seasonal","area_km2":0.172,"date":"2026-10-09"},"geometry":{"type":"Polygon","coordinates":[[[100.887,13.6977],[100.8858,13.6969],[100.8858,13.6955],[100.8883,13.695],[100.8883,13.6944],[100.8897,13.6944],[100.8897,13.695],[100.8905,13.6952],[100.8922,13.6944],[100.8925,13.6939],[100.8933,13.6941],[100.8933,13.6955],[100.8925,13.6955],[100.8919,13.6963],[100.89,13.6963],[100.8892,13.6966],[100.8892,13.6974],[100.8881,13.6972],[100.8878,13.6977],[100.887,13.6977]]]}},{"type":"Feature","properties":{"kind":"seasonal","area_km2":0.171,"date":"2026-10-09"},"geometry":{"type":"Polygon","coordinates":[[[100.9498,13.6818],[100.95,13.6788],[100.9525,13.6782],[100.9531,13.6777],[100.9545,13.6779],[100.9545,13.6806],[100.9525,13.6809],[100.9523,13.6815],[100.9512,13.6817],[100.9498,13.6818]],[[100.952,13.6798],[100.9525,13.6801],[100.9525,13.6798],[100.952,13.6798]]]}},{"type":"Feature","properties":{"kind":"seasonal","area_km2":0.17,"date":"2026-10-09"},"geometry":{"type":"Polygon","coordinates":[[[100.9584,13.6901],[100.9581,13.6882],[100.9592,13.6877],[100.9592,13.6863],[100.9603,13.6857],[100.9626,13.6857],[100.9629,13.6879],[100.9617,13.6879],[100.9618,13.6895],[100.9584,13.6901]],[[100.9587,13.6885],[100.959,13.689],[100.959,13.6885],[100.9587,13.6885]]]}},{"type":"Feature","properties":{"kind":"seasonal","area_km2":0.167,"date":"2026-10-09"},"geometry":{"type":"Polygon","coordinates":[[[100.2643,13.9021],[100.2651,13.8986],[100.2659,13.8977],[100.2687,13.898],[100.2687,13.8994],[100.2682,13.8996],[100.2674,13.9021],[100.2643,13.9021]]]}},{"type":"Feature","properties":{"kind":"seasonal","area_km2":0.167,"date":"2026-10-09"},"geometry":{"type":"Polygon","coordinates":[[[100.9439,13.7715],[100.9438,13.771],[100.9433,13.771],[100.9433,13.7697],[100.9452,13.768],[100.9466,13.768],[100.9469,13.7675],[100.9474,13.7675],[100.9472,13.7691],[100.9485,13.7691],[100.9486,13.7702],[100.948,13.7702],[100.948,13.7707],[100.9472,13.7713],[100.9439,13.7715]],[[100.9469,13.7691],[100.9472,13.7694],[100.9472,13.7691],[100.9469,13.7691]]]}},{"type":"Feature","properties":{"kind":"seasonal","area_km2":0.167,"date":"2026-10-09"},"geometry":{"type":"Polygon","coordinates":[[[100.216,13.5291],[100.2146,13.5283],[100.2146,13.5273],[100.216,13.5267],[100.2171,13.5245],[100.2179,13.5245],[100.2185,13.5253],[100.219,13.5253],[100.2188,13.5286],[100.2182,13.5291],[100.216,13.5291]]]}},{"type":"Feature","properties":{"kind":"seasonal","area_km2":0.165,"date":"2026-10-09"},"geometry":{"type":"Polygon","coordinates":[[[100.7547,13.5121],[100.7544,13.5094],[100.7563,13.5094],[100.7563,13.5086],[100.7544,13.5086],[100.7547,13.5067],[100.7574,13.5069],[100.7574,13.5083],[100.7569,13.5083],[100.7569,13.5091],[100.7572,13.5086],[100.7583,13.5086],[100.7577,13.5113],[100.7569,13.5113],[100.7572,13.5097],[100.7566,13.5097],[100.7566,13.511],[100.7561,13.5113],[100.7561,13.5118],[100.7547,13.5121]]]}},{"type":"Feature","properties":{"kind":"seasonal","area_km2":0.164,"date":"2026-10-09"},"geometry":{"type":"Polygon","coordinates":[[[100.0396,13.6327],[100.0396,13.6319],[100.0391,13.6319],[100.0388,13.6325],[100.0374,13.6325],[100.0371,13.6303],[100.0377,13.6303],[100.0377,13.6298],[100.0368,13.6295],[100.0371,13.6284],[100.0404,13.6289],[100.0415,13.63],[100.0413,13.6311],[100.0396,13.6306],[100.0396,13.6314],[100.041,13.6316],[100.041,13.6327],[100.0396,13.6327]],[[100.0388,13.6298],[100.039,13.63],[100.039,13.6298],[100.0388,13.6298]],[[100.0382,13.6292],[100.0385,13.6295],[100.0385,13.6292],[100.0382,13.6292]]]}},{"type":"Feature","properties":{"kind":"seasonal","area_km2":0.163,"date":"2026-10-09"},"geometry":{"type":"Polygon","coordinates":[[[100.0627,13.6486],[100.0624,13.6467],[100.0638,13.6467],[100.0638,13.6448],[100.0663,13.6454],[100.0668,13.6435],[100.0682,13.6437],[100.0677,13.6465],[100.0663,13.6465],[100.066,13.647],[100.0655,13.647],[100.0655,13.6475],[100.0649,13.6478],[100.0652,13.6484],[100.0646,13.6486],[100.0627,13.6486]]]}},{"type":"Feature","properties":{"kind":"seasonal","area_km2":0.163,"date":"2026-10-09"},"geometry":{"type":"Polygon","coordinates":[[[100.0736,13.4731],[100.0736,13.472],[100.0724,13.4718],[100.073,13.4693],[100.0749,13.469],[100.0749,13.468],[100.0771,13.4679],[100.0774,13.4671],[100.0791,13.4668],[100.0794,13.4693],[100.0766,13.469],[100.0763,13.4696],[100.076,13.4688],[100.0755,13.4704],[100.073,13.4707],[100.073,13.4715],[100.0752,13.4715],[100.0744,13.472],[100.0747,13.4731],[100.0736,13.4731]]]}},{"type":"Feature","properties":{"kind":"seasonal","area_km2":0.16,"date":"2026-10-09"},"geometry":{"type":"Polygon","coordinates":[[[100.0654,13.5022],[100.0623,13.5019],[100.0623,13.5011],[100.0632,13.5006],[100.0629,13.4995],[100.0634,13.4992],[100.0634,13.4987],[100.0645,13.4986],[100.0645,13.4981],[100.064,13.4978],[100.064,13.4967],[100.0648,13.4965],[100.0656,13.4967],[100.0656,13.4976],[100.0665,13.4976],[100.0665,13.4986],[100.0659,13.4989],[100.0659,13.5003],[100.0654,13.5005],[100.0654,13.5022]]]}},{"type":"Feature","properties":{"kind":"seasonal","area_km2":0.159,"date":"2026-10-09"},"geometry":{"type":"Polygon","coordinates":[[[100.8709,13.738],[100.8687,13.7377],[100.8687,13.7363],[100.8692,13.7363],[100.8692,13.7372],[100.8695,13.7361],[100.8701,13.7361],[100.8703,13.7366],[100.8709,13.7344],[100.872,13.7347],[100.872,13.7331],[100.8745,13.7322],[100.8748,13.7333],[100.8739,13.7333],[100.8737,13.7344],[100.8725,13.7344],[100.8731,13.7355],[100.8731,13.7371],[100.872,13.7371],[100.872,13.7374],[100.8715,13.7374],[100.8715,13.7377],[100.8709,13.7377],[100.8709,13.738]],[[100.8706,13.7374],[100.8709,13.7377],[100.8709,13.7374],[100.8706,13.7374]],[[100.8703,13.7371],[100.8706,13.7374],[100.8706,13.7371],[100.8703,13.7371]],[[100.8709,13.7369],[100.8715,13.7374],[100.8715,13.7369],[100.8709,13.7369]],[[100.8712,13.7361],[100.8717,13.7363],[100.8717,13.736],[100.8712,13.7361]]]}},{"type":"Feature","properties":{"kind":"seasonal","area_km2":0.158,"date":"2026-10-09"},"geometry":{"type":"Polygon","coordinates":[[[100.8754,13.5633],[100.8751,13.5625],[100.8742,13.562],[100.8745,13.5606],[100.8753,13.5606],[100.8767,13.5595],[100.8781,13.5595],[100.8781,13.5603],[100.8787,13.5608],[100.8795,13.5608],[100.8795,13.5616],[100.8787,13.5627],[100.8754,13.5633]]]}},{"type":"Feature","properties":{"kind":"seasonal","area_km2":0.157,"date":"2026-10-09"},"geometry":{"type":"Polygon","coordinates":[[[100.8459,13.6975],[100.8453,13.6961],[100.8462,13.6961],[100.8462,13.695],[100.8448,13.695],[100.8448,13.694],[100.8442,13.6934],[100.8442,13.6921],[100.8448,13.6918],[100.8436,13.6918],[100.8436,13.6904],[100.8445,13.6902],[100.8459,13.6904],[100.8456,13.6912],[100.8461,13.6912],[100.8467,13.6923],[100.8464,13.6948],[100.8473,13.695],[100.8473,13.6964],[100.847,13.6964],[100.847,13.6969],[100.8467,13.6969],[100.8467,13.6975],[100.8459,13.6975]],[[100.8465,13.6967],[100.8467,13.6969],[100.8467,13.6966],[100.8465,13.6967]]]}},{"type":"Feature","properties":{"kind":"seasonal","area_km2":0.156,"date":"2026-10-09"},"geometry":{"type":"Polygon","coordinates":[[[100.946,13.9288],[100.9452,13.9282],[100.9454,13.9274],[100.9488,13.9277],[100.9488,13.9271],[100.9518,13.9268],[100.9521,13.9255],[100.9543,13.9255],[100.9543,13.9265],[100.9538,13.9268],[100.9538,13.9279],[100.9532,13.9282],[100.9488,13.9282],[100.9482,13.9288],[100.946,13.9288]]]}},{"type":"Feature","properties":{"kind":"seasonal","area_km2":0.154,"date":"2026-10-09"},"geometry":{"type":"Polygon","coordinates":[[[100.9047,13.9389],[100.9047,13.9383],[100.9036,13.9378],[100.9036,13.9367],[100.9105,13.9361],[100.9105,13.9372],[100.9086,13.9375],[100.9086,13.9388],[100.9047,13.9389]]]}},{"type":"Feature","properties":{"kind":"seasonal","area_km2":0.152,"date":"2026-10-09"},"geometry":{"type":"Polygon","coordinates":[[[100.9035,13.9576],[100.9035,13.957],[100.9029,13.9571],[100.9029,13.9543],[100.9023,13.9543],[100.9023,13.9514],[100.9032,13.9514],[100.9031,13.9505],[100.9054,13.9503],[100.9054,13.9519],[100.9045,13.9519],[100.9043,13.9524],[100.9043,13.9576],[100.9035,13.9576]],[[100.9032,13.9546],[100.9035,13.9549],[100.9035,13.9546],[100.9032,13.9546]],[[100.9037,13.9546],[100.904,13.9549],[100.904,13.9546],[100.9037,13.9546]]]}},{"type":"Feature","properties":{"kind":"seasonal","area_km2":0.152,"date":"2026-10-09"},"geometry":{"type":"Polygon","coordinates":[[[100.503,13.5094],[100.503,13.5089],[100.4997,13.5089],[100.5,13.5075],[100.5005,13.5075],[100.5005,13.5083],[100.5011,13.5067],[100.5016,13.507],[100.5014,13.5081],[100.5022,13.5083],[100.5041,13.5081],[100.5041,13.507],[100.5047,13.507],[100.5047,13.5075],[100.5069,13.5072],[100.5077,13.5075],[100.5077,13.508],[100.5083,13.508],[100.5086,13.5075],[100.5089,13.5083],[100.51,13.508],[100.51,13.5072],[100.5108,13.5075],[100.5108,13.5086],[100.51,13.5086],[100.5097,13.5094],[100.5075,13.5094],[100.5078,13.5088],[100.5089,13.5091],[100.5089,13.5086],[100.5069,13.5083],[100.5064,13.5083],[100.5064,13.5091],[100.5069,13.5094],[100.5053,13.5091],[100.5058,13.5089],[100.5053,13.5083],[100.5044,13.5083],[100.5039,13.5086],[100.5039,13.5091],[100.503,13.5094]]]}},{"type":"Feature","properties":{"kind":"seasonal","area_km2":0.151,"date":"2026-10-09"},"geometry":{"type":"Polygon","coordinates":[[[100.0462,13.7472],[100.044,13.7469],[100.0445,13.7447],[100.0457,13.7447],[100.0456,13.7439],[100.0451,13.7439],[100.0454,13.7431],[100.0479,13.7431],[100.0487,13.7439],[100.0484,13.7458],[100.0468,13.7461],[100.0462,13.7472]]]}},{"type":"Feature","properties":{"kind":"seasonal","area_km2":0.15,"date":"2026-10-09"},"geometry":{"type":"Polygon","coordinates":[[[100.2327,13.6422],[100.2327,13.6405],[100.2329,13.6397],[100.2335,13.6397],[100.2338,13.6384],[100.2329,13.6381],[100.2335,13.6378],[100.2335,13.6359],[100.2329,13.6359],[100.2329,13.6351],[100.2324,13.6351],[100.2324,13.6338],[100.2329,13.6335],[100.2321,13.6324],[100.2318,13.6294],[100.2326,13.6294],[100.2326,13.6302],[100.2332,13.6305],[100.2332,13.6316],[100.2337,13.6324],[100.2337,13.6348],[100.2343,13.6359],[100.2338,13.6413],[100.2335,13.6422],[100.2327,13.6422]],[[100.2326,13.6346],[100.2329,13.6348],[100.2329,13.6346],[100.2326,13.6346]],[[100.2323,13.6302],[100.2326,13.6305],[100.2326,13.6302],[100.2323,13.6302]]]}},{"type":"Feature","properties":{"kind":"seasonal","area_km2":0.149,"date":"2026-10-09"},"geometry":{"type":"Polygon","coordinates":[[[100.1592,13.8617],[100.1586,13.8611],[100.1586,13.8598],[100.16,13.8598],[100.16,13.8573],[100.1619,13.857],[100.1616,13.8587],[100.1636,13.8589],[100.1636,13.8606],[100.1619,13.8603],[100.1619,13.8611],[100.1611,13.8611],[100.1611,13.8608],[100.1605,13.8608],[100.1605,13.8603],[100.1603,13.8603],[100.1603,13.8617],[100.1592,13.8617]],[[100.16,13.86],[100.1603,13.8603],[100.1603,13.86],[100.16,13.86]],[[100.1611,13.8597],[100.1614,13.86],[100.1614,13.8597],[100.1611,13.8597]]]}},{"type":"Feature","properties":{"kind":"seasonal","area_km2":0.149,"date":"2026-10-09"},"geometry":{"type":"Polygon","coordinates":[[[100.2296,13.5782],[100.2296,13.5774],[100.2304,13.5771],[100.2307,13.5757],[100.2315,13.5752],[100.2315,13.5746],[100.232,13.5746],[100.2332,13.5735],[100.2376,13.5727],[100.2376,13.5722],[100.2381,13.5719],[100.2398,13.5719],[100.2379,13.5738],[100.2345,13.5743],[100.2345,13.5746],[100.2343,13.5746],[100.234,13.5752],[100.2323,13.576],[100.2312,13.5773],[100.2307,13.5774],[100.2304,13.5782],[100.2296,13.5782]],[[100.2323,13.5746],[100.2329,13.5749],[100.2329,13.5746],[100.2323,13.5746]],[[100.2329,13.5746],[100.2343,13.5746],[100.2345,13.5738],[100.2337,13.5738],[100.2337,13.5744],[100.2329,13.5746]],[[100.2348,13.5738],[100.2351,13.5741],[100.2351,13.5738],[100.2348,13.5738]],[[100.2356,13.5738],[100.2362,13.5738],[100.2362,13.5733],[100.2356,13.5733],[100.2356,13.5738]],[[100.2365,13.573],[100.237,13.5733],[100.237,13.573],[100.2365,13.573]]]}},{"type":"Feature","properties":{"kind":"seasonal","area_km2":0.148,"date":"2026-10-09"},"geometry":{"type":"Polygon","coordinates":[[[100.8734,13.7076],[100.8732,13.7059],[100.8729,13.7068],[100.8723,13.7068],[100.8723,13.7062],[100.8715,13.7062],[100.8709,13.7038],[100.8717,13.7038],[100.8717,13.7027],[100.8709,13.7022],[100.8709,13.7011],[100.8717,13.7011],[100.8726,13.7027],[100.874,13.704],[100.874,13.7049],[100.8734,13.7054],[100.8737,13.7059],[100.8748,13.7062],[100.8748,13.7076],[100.8734,13.7076]]]}},{"type":"Feature","properties":{"kind":"seasonal","area_km2":0.148,"date":"2026-10-09"},"geometry":{"type":"Polygon","coordinates":[[[100.8519,13.6787],[100.8521,13.6774],[100.8507,13.6774],[100.851,13.6763],[100.8518,13.6763],[100.8521,13.6757],[100.8576,13.6733],[100.8574,13.6749],[100.8543,13.6757],[100.8543,13.6763],[100.8538,13.6763],[100.8541,13.6779],[100.8535,13.6779],[100.8535,13.6787],[100.8519,13.6787]],[[100.8524,13.6771],[100.8527,13.6774],[100.8527,13.6771],[100.8524,13.6771]]]}},{"type":"Feature","properties":{"kind":"seasonal","area_km2":0.147,"date":"2026-10-09"},"geometry":{"type":"Polygon","coordinates":[[[100.7047,13.5352],[100.7047,13.5342],[100.7055,13.5336],[100.7047,13.5336],[100.7044,13.532],[100.7019,13.532],[100.7016,13.5315],[100.703,13.5317],[100.7041,13.5309],[100.7052,13.5309],[100.7072,13.5312],[100.7072,13.5317],[100.7077,13.5317],[100.7083,13.5339],[100.7064,13.5341],[100.7064,13.5352],[100.7047,13.5352]],[[100.7058,13.5323],[100.7063,13.532],[100.7063,13.5314],[100.7044,13.5317],[100.7058,13.5323]]]}},{"type":"Feature","properties":{"kind":"seasonal","area_km2":0.146,"date":"2026-10-09"},"geometry":{"type":"Polygon","coordinates":[[[100.9638,13.9953],[100.9637,13.9924],[100.9682,13.9923],[100.9682,13.9937],[100.9676,13.9948],[100.9671,13.9948],[100.9671,13.9953],[100.9638,13.9953]]]}},{"type":"Feature","properties":{"kind":"seasonal","area_km2":0.146,"date":"2026-10-09"},"geometry":{"type":"Polygon","coordinates":[[[100.7055,13.5304],[100.7038,13.5287],[100.7024,13.529],[100.7024,13.5285],[100.7049,13.5276],[100.7088,13.5276],[100.7091,13.529],[100.7085,13.529],[100.708,13.5301],[100.7055,13.5304]]]}},{"type":"Feature","properties":{"kind":"seasonal","area_km2":0.146,"date":"2026-10-09"},"geometry":{"type":"Polygon","coordinates":[[[100.3311,13.4884],[100.3314,13.4873],[100.3325,13.4873],[100.3325,13.4868],[100.333,13.4865],[100.3386,13.4862],[100.34,13.4867],[100.3441,13.4867],[100.3441,13.4875],[100.3433,13.4875],[100.3433,13.4881],[100.3427,13.4878],[100.3427,13.4873],[100.3394,13.4876],[100.3388,13.487],[100.3377,13.4873],[100.3377,13.4878],[100.3369,13.4878],[100.3372,13.4873],[100.3347,13.487],[100.333,13.4881],[100.3311,13.4884]],[[100.3319,13.4876],[100.3325,13.4879],[100.3325,13.4876],[100.3319,13.4876]]]}},{"type":"Feature","properties":{"kind":"seasonal","area_km2":0.145,"date":"2026-10-09"},"geometry":{"type":"Polygon","coordinates":[[[100.763,13.5465],[100.7619,13.5454],[100.7619,13.5446],[100.7627,13.5446],[100.7627,13.5441],[100.7591,13.5444],[100.7591,13.5435],[100.7596,13.5435],[100.7605,13.5424],[100.7624,13.5424],[100.7632,13.5432],[100.7632,13.5438],[100.7638,13.5438],[100.7652,13.5451],[100.7652,13.5462],[100.763,13.5465]]]}},{"type":"Feature","properties":{"kind":"seasonal","area_km2":0.144,"date":"2026-10-09"},"geometry":{"type":"Polygon","coordinates":[[[100.9547,13.9789],[100.9544,13.9762],[100.9561,13.9761],[100.9547,13.9759],[100.9547,13.9745],[100.9564,13.9748],[100.9566,13.974],[100.9583,13.974],[100.9583,13.9753],[100.9578,13.9753],[100.9575,13.977],[100.9567,13.977],[100.9564,13.9761],[100.9567,13.9789],[100.9547,13.9789]]]}},{"type":"Feature","properties":{"kind":"seasonal","area_km2":0.144,"date":"2026-10-09"},"geometry":{"type":"Polygon","coordinates":[[[100.8971,13.7491],[100.8971,13.7486],[100.8965,13.7483],[100.8965,13.7472],[100.8973,13.7472],[100.8976,13.7464],[100.8987,13.7464],[100.8987,13.7459],[100.8995,13.7456],[100.8998,13.7445],[100.9006,13.7442],[100.9012,13.7431],[100.902,13.7431],[100.9029,13.7439],[100.9029,13.7448],[100.9015,13.7453],[100.9015,13.7459],[100.9001,13.7469],[100.8987,13.7467],[100.899,13.7478],[100.8982,13.7478],[100.8982,13.7489],[100.8971,13.7491]]]}},{"type":"Feature","properties":{"kind":"seasonal","area_km2":0.144,"date":"2026-10-09"},"geometry":{"type":"Polygon","coordinates":[[[100.7421,13.535],[100.7418,13.5339],[100.7429,13.5339],[100.7429,13.5331],[100.7438,13.5331],[100.7443,13.532],[100.7454,13.532],[100.746,13.5331],[100.7462,13.5325],[100.7476,13.5325],[100.7485,13.5333],[100.7485,13.5347],[100.7474,13.5347],[100.7465,13.5336],[100.7465,13.535],[100.7457,13.535],[100.744,13.5336],[100.7438,13.535],[100.7421,13.535]]]}},{"type":"Feature","properties":{"kind":"seasonal","area_km2":0.143,"date":"2026-10-09"},"geometry":{"type":"Polygon","coordinates":[[[100.124,13.8898],[100.124,13.8889],[100.1232,13.8889],[100.1232,13.8879],[100.1246,13.8879],[100.1248,13.886],[100.1265,13.8857],[100.126,13.8851],[100.126,13.8843],[100.1276,13.8838],[100.1282,13.8843],[100.1282,13.8854],[100.1271,13.8857],[100.1274,13.8881],[100.1262,13.8878],[100.1254,13.8884],[100.1251,13.8898],[100.124,13.8898]]]}},{"type":"Feature","properties":{"kind":"seasonal","area_km2":0.142,"date":"2026-10-09"},"geometry":{"type":"Polygon","coordinates":[[[100.8278,13.5458],[100.8275,13.5444],[100.8281,13.5444],[100.8281,13.5439],[100.8306,13.5438],[100.8314,13.5433],[100.83,13.5425],[100.83,13.5414],[100.8328,13.5419],[100.8331,13.5441],[100.8314,13.5444],[100.8314,13.5449],[100.83,13.5449],[100.8292,13.5458],[100.8278,13.5458]],[[100.8314,13.5425],[100.8317,13.543],[100.8317,13.5425],[100.8314,13.5425]]]}},{"type":"Feature","properties":{"kind":"seasonal","area_km2":0.141,"date":"2026-10-09"},"geometry":{"type":"Polygon","coordinates":[[[100.9007,13.8847],[100.9004,13.8828],[100.9012,13.8828],[100.9012,13.882],[100.9026,13.882],[100.9026,13.8811],[100.9045,13.8811],[100.9043,13.8822],[100.9048,13.8822],[100.9048,13.8844],[100.9007,13.8847]],[[100.9009,13.8839],[100.9015,13.8839],[100.9018,13.8833],[100.9007,13.8833],[100.9009,13.8839]]]}},{"type":"Feature","properties":{"kind":"seasonal","area_km2":0.141,"date":"2026-10-09"},"geometry":{"type":"Polygon","coordinates":[[[100.2116,13.6499],[100.2116,13.6442],[100.2122,13.6425],[100.2133,13.6404],[100.2138,13.6398],[100.2146,13.6398],[100.2146,13.6393],[100.2155,13.6393],[100.2155,13.6401],[100.2146,13.6401],[100.2127,13.6442],[100.2127,13.6496],[100.2116,13.6499]]]}},{"type":"Feature","properties":{"kind":"seasonal","area_km2":0.14,"date":"2026-10-09"},"geometry":{"type":"Polygon","coordinates":[[[100.0796,14.0058],[100.0774,14.0052],[100.0771,14.0042],[100.0765,14.0039],[100.0765,14.0031],[100.0785,14.0031],[100.0785,14.0012],[100.0799,14.0012],[100.0807,14.002],[100.0807,14.0033],[100.0804,14.0047],[100.0796,14.0058]]]}},{"type":"Feature","properties":{"kind":"seasonal","area_km2":0.14,"date":"2026-10-09"},"geometry":{"type":"Polygon","coordinates":[[[100.1152,13.8968],[100.1149,13.8963],[100.1143,13.8963],[100.1141,13.8952],[100.1124,13.8952],[100.1118,13.8944],[100.1118,13.8933],[100.1124,13.8931],[100.1127,13.8914],[100.1135,13.8914],[100.1149,13.8931],[100.1152,13.895],[100.116,13.896],[100.116,13.8968],[100.1152,13.8968]]]}},{"type":"Feature","properties":{"kind":"seasonal","area_km2":0.14,"date":"2026-10-09"},"geometry":{"type":"Polygon","coordinates":[[[100.739,13.5255],[100.7387,13.525],[100.7376,13.525],[100.7376,13.5236],[100.739,13.5236],[100.739,13.5231],[100.7381,13.5231],[100.7381,13.5225],[100.7376,13.5223],[100.7376,13.5212],[100.7395,13.5206],[100.7398,13.5217],[100.7392,13.5223],[100.7412,13.5225],[100.7415,13.5241],[100.7404,13.5244],[100.7398,13.5255],[100.739,13.5255]]]}},{"type":"Feature","properties":{"kind":"seasonal","area_km2":0.139,"date":"2026-10-09"},"geometry":{"type":"Polygon","coordinates":[[[100.245,13.9757],[100.2444,13.9751],[100.2444,13.9741],[100.245,13.9738],[100.2452,13.9724],[100.2444,13.9735],[100.2439,13.973],[100.2438,13.9716],[100.2444,13.9711],[100.2444,13.9703],[100.2472,13.9702],[100.2469,13.9727],[100.2458,13.9727],[100.2458,13.9732],[100.2466,13.9732],[100.2466,13.9749],[100.2458,13.9746],[100.2455,13.9738],[100.245,13.9746],[100.2466,13.9757],[100.245,13.9757]],[[100.2447,13.9743],[100.245,13.9746],[100.245,13.9743],[100.2447,13.9743]],[[100.2455,13.9732],[100.2458,13.9735],[100.2458,13.9732],[100.2455,13.9732]]]}},{"type":"Feature","properties":{"kind":"seasonal","area_km2":0.139,"date":"2026-10-09"},"geometry":{"type":"Polygon","coordinates":[[[100.6848,13.5405],[100.6839,13.5392],[100.6823,13.5392],[100.6823,13.5381],[100.6834,13.5378],[100.6834,13.537],[100.6839,13.5365],[100.6864,13.5359],[100.6867,13.5378],[100.6856,13.5386],[100.6856,13.5405],[100.6848,13.5405]]]}},{"type":"Feature","properties":{"kind":"seasonal","area_km2":0.138,"date":"2026-10-09"},"geometry":{"type":"Polygon","coordinates":[[[100.8974,13.6185],[100.8944,13.6185],[100.8941,13.6179],[100.893,13.6182],[100.893,13.6166],[100.8927,13.6158],[100.8921,13.6158],[100.8921,13.615],[100.8938,13.6147],[100.8952,13.6163],[100.896,13.6163],[100.8963,13.6171],[100.8974,13.6176],[100.8974,13.6185]]]}},{"type":"Feature","properties":{"kind":"seasonal","area_km2":0.138,"date":"2026-10-09"},"geometry":{"type":"Polygon","coordinates":[[[100.8594,13.6122],[100.8585,13.6114],[100.8585,13.6109],[100.8577,13.6109],[100.8577,13.6095],[100.8583,13.6095],[100.8582,13.6084],[100.858,13.6079],[100.8569,13.6082],[100.8569,13.6074],[100.8574,13.6071],[100.8599,13.6071],[100.8605,13.612],[100.8594,13.6122]]]}},{"type":"Feature","properties":{"kind":"seasonal","area_km2":0.136,"date":"2026-10-09"},"geometry":{"type":"Polygon","coordinates":[[[100.912,13.8751],[100.9117,13.8737],[100.9081,13.8735],[100.9081,13.8721],[100.9147,13.8721],[100.9147,13.874],[100.9133,13.8737],[100.9128,13.8743],[100.9128,13.8751],[100.912,13.8751]]]}},{"type":"Feature","properties":{"kind":"seasonal","area_km2":0.136,"date":"2026-10-09"},"geometry":{"type":"Polygon","coordinates":[[[100.921,13.7609],[100.921,13.7598],[100.9216,13.7595],[100.9213,13.759],[100.9218,13.7587],[100.9218,13.7593],[100.9224,13.7592],[100.9224,13.7573],[100.9229,13.7573],[100.9238,13.7563],[100.9249,13.7562],[100.9249,13.7571],[100.926,13.7579],[100.926,13.7587],[100.9243,13.7592],[100.923,13.7606],[100.921,13.7609]],[[100.9227,13.7587],[100.9232,13.7587],[100.9232,13.7582],[100.9229,13.7582],[100.9227,13.7587]],[[100.9232,13.7576],[100.9235,13.7579],[100.9235,13.7576],[100.9232,13.7576]]]}},{"type":"Feature","properties":{"kind":"seasonal","area_km2":0.136,"date":"2026-10-09"},"geometry":{"type":"Polygon","coordinates":[[[100.9765,13.5671],[100.9768,13.5663],[100.9754,13.5661],[100.9754,13.5655],[100.9743,13.5658],[100.9746,13.5639],[100.9735,13.5639],[100.9737,13.562],[100.9754,13.5623],[100.9751,13.5639],[100.9776,13.5639],[100.9776,13.5647],[100.9785,13.5649],[100.9785,13.5658],[100.9776,13.5658],[100.9777,13.5671],[100.9765,13.5671]],[[100.9737,13.5628],[100.974,13.5631],[100.974,13.5628],[100.9737,13.5628]]]}},{"type":"Feature","properties":{"kind":"seasonal","area_km2":0.134,"date":"2026-10-09"},"geometry":{"type":"Polygon","coordinates":[[[100.9546,13.8997],[100.9546,13.8973],[100.9563,13.8975],[100.9596,13.897],[100.9596,13.8975],[100.9604,13.898],[100.9605,13.8988],[100.9582,13.8989],[100.9577,13.8994],[100.9546,13.8997]],[[100.9568,13.8983],[100.9571,13.8989],[100.9571,13.8983],[100.9568,13.8983]]]}},{"type":"Feature","properties":{"kind":"seasonal","area_km2":0.134,"date":"2026-10-09"},"geometry":{"type":"Polygon","coordinates":[[[100.8645,13.7347],[100.8645,13.7339],[100.8659,13.7326],[100.8664,13.7326],[100.8667,13.7317],[100.8681,13.732],[100.8684,13.7315],[100.8703,13.7312],[100.8703,13.7323],[100.8695,13.7336],[100.8684,13.7342],[100.8645,13.7347]]]}},{"type":"Feature","properties":{"kind":"seasonal","area_km2":0.134,"date":"2026-10-09"},"geometry":{"type":"Polygon","coordinates":[[[100.8411,13.511],[100.8381,13.5107],[100.8381,13.5102],[100.8367,13.5104],[100.8364,13.5094],[100.8353,13.5096],[100.8347,13.5075],[100.8356,13.5075],[100.8356,13.5083],[100.8367,13.508],[100.837,13.5085],[100.8381,13.5085],[100.8389,13.5091],[100.8417,13.5093],[100.8411,13.511]]]}},{"type":"Feature","properties":{"kind":"seasonal","area_km2":0.133,"date":"2026-10-09"},"geometry":{"type":"Polygon","coordinates":[[[100.9509,13.8539],[100.9498,13.8531],[100.9498,13.8523],[100.9523,13.8517],[100.9565,13.8517],[100.9565,13.8528],[100.9548,13.8528],[100.9548,13.8539],[100.9509,13.8539]]]}},{"type":"Feature","properties":{"kind":"seasonal","area_km2":0.133,"date":"2026-10-09"},"geometry":{"type":"Polygon","coordinates":[[[100.7722,13.5125],[100.7719,13.5112],[100.7746,13.5112],[100.7743,13.5093],[100.7777,13.509],[100.7774,13.5103],[100.778,13.5103],[100.778,13.5111],[100.7769,13.5117],[100.7749,13.5114],[100.7744,13.5125],[100.7722,13.5125]],[[100.7752,13.5106],[100.776,13.5106],[100.776,13.5098],[100.7752,13.5098],[100.7752,13.5106]]]}},{"type":"Feature","properties":{"kind":"seasonal","area_km2":0.132,"date":"2026-10-09"},"geometry":{"type":"Polygon","coordinates":[[[100.6384,13.562],[100.6361,13.5615],[100.6364,13.5598],[100.635,13.5598],[100.635,13.5579],[100.6364,13.5569],[100.6372,13.5568],[100.637,13.5582],[100.6372,13.5587],[100.6383,13.5587],[100.6386,13.5598],[100.6384,13.562]],[[100.637,13.5604],[100.6375,13.5604],[100.6375,13.5598],[100.6372,13.5598],[100.637,13.5604]]]}},{"type":"Feature","properties":{"kind":"seasonal","area_km2":0.132,"date":"2026-10-09"},"geometry":{"type":"Polygon","coordinates":[[[100.8478,13.4795],[100.8503,13.4786],[100.8509,13.4778],[100.852,13.4781],[100.8536,13.4775],[100.8539,13.477],[100.855,13.4772],[100.8569,13.4769],[100.8569,13.4764],[100.8625,13.4761],[100.8614,13.4772],[100.8542,13.4778],[100.8534,13.4783],[100.8517,13.4783],[100.8514,13.4789],[100.85,13.4789],[100.8495,13.4794],[100.8478,13.4795]]]}},{"type":"Feature","properties":{"kind":"seasonal","area_km2":0.131,"date":"2026-10-09"},"geometry":{"type":"Polygon","coordinates":[[[100.9646,13.8663],[100.9591,13.8663],[100.9591,13.8652],[100.9602,13.8652],[100.961,13.8647],[100.9649,13.8644],[100.9663,13.8649],[100.9663,13.8657],[100.9646,13.8663]]]}},{"type":"Feature","properties":{"kind":"seasonal","area_km2":0.131,"date":"2026-10-09"},"geometry":{"type":"Polygon","coordinates":[[[100.182,13.8252],[100.1817,13.8239],[100.1823,13.8233],[100.1817,13.823],[100.1825,13.8225],[100.1825,13.8214],[100.1834,13.8214],[100.1842,13.8222],[100.1848,13.8222],[100.1853,13.8214],[100.1862,13.8214],[100.1862,13.8219],[100.1867,13.8219],[100.1867,13.8233],[100.1848,13.8236],[100.1837,13.8247],[100.1828,13.8247],[100.1828,13.8252],[100.182,13.8252]]]}},{"type":"Feature","properties":{"kind":"seasonal","area_km2":0.131,"date":"2026-10-09"},"geometry":{"type":"Polygon","coordinates":[[[100.0882,13.4698],[100.088,13.4693],[100.0871,13.4693],[100.0863,13.4684],[100.0849,13.4687],[100.0827,13.4682],[100.0827,13.4676],[100.0832,13.4674],[100.083,13.4657],[100.0835,13.4655],[100.0835,13.4647],[100.0849,13.4647],[100.0854,13.4652],[100.0854,13.466],[100.0849,13.466],[100.0849,13.4666],[100.0854,13.4666],[100.0849,13.4668],[100.0852,13.4676],[100.0863,13.4676],[100.0871,13.4684],[100.0882,13.4684],[100.0885,13.469],[100.0896,13.4692],[100.0893,13.4698],[100.0882,13.4698]],[[100.0882,13.4693],[100.0888,13.4695],[100.0888,13.4692],[100.0882,13.4693]],[[100.0863,13.4682],[100.0866,13.4684],[100.0866,13.4682],[100.0863,13.4682]],[[100.0835,13.4671],[100.0841,13.4668],[100.0841,13.466],[100.0835,13.466],[100.0835,13.4671]]]}},{"type":"Feature","properties":{"kind":"seasonal","area_km2":0.131,"date":"2026-10-09"},"geometry":{"type":"Polygon","coordinates":[[[100.9026,13.7762],[100.902,13.7757],[100.902,13.7746],[100.9012,13.7743],[100.9009,13.7732],[100.9036,13.7724],[100.9042,13.7729],[100.9042,13.7738],[100.9053,13.7743],[100.9053,13.7754],[100.9039,13.7762],[100.9026,13.7762]]]}},{"type":"Feature","properties":{"kind":"seasonal","area_km2":0.129,"date":"2026-10-09"},"geometry":{"type":"Polygon","coordinates":[[[100.0793,13.5064],[100.0762,13.5035],[100.0762,13.5027],[100.0784,13.5021],[100.0809,13.5043],[100.0804,13.5062],[100.0793,13.5064]],[[100.079,13.5046],[100.0795,13.5043],[100.0784,13.5037],[100.0784,13.504],[100.079,13.5046]]]}},{"type":"Feature","properties":{"kind":"seasonal","area_km2":0.128,"date":"2026-10-09"},"geometry":{"type":"Polygon","coordinates":[[[100.8954,13.7462],[100.8951,13.7451],[100.8959,13.7445],[100.8959,13.744],[100.897,13.744],[100.897,13.7424],[100.8981,13.7421],[100.8984,13.7413],[100.8992,13.7413],[100.8992,13.7418],[100.9001,13.7423],[100.9001,13.7432],[100.8992,13.7434],[100.899,13.7442],[100.8976,13.7443],[100.8973,13.7459],[100.8954,13.7462]]]}},{"type":"Feature","properties":{"kind":"seasonal","area_km2":0.128,"date":"2026-10-09"},"geometry":{"type":"Polygon","coordinates":[[[100.1315,13.4666],[100.1312,13.4658],[100.1317,13.4655],[100.1317,13.465],[100.1323,13.465],[100.1328,13.4617],[100.1334,13.4615],[100.1334,13.4606],[100.1339,13.4604],[100.135,13.4574],[100.1361,13.4571],[100.1358,13.4587],[100.1353,13.4587],[100.1353,13.4598],[100.1347,13.4601],[100.1348,13.4612],[100.1342,13.4615],[100.1345,13.4623],[100.1336,13.4625],[100.1339,13.4639],[100.1331,13.4644],[100.1331,13.465],[100.1326,13.465],[100.1326,13.4663],[100.1315,13.4666]]]}},{"type":"Feature","properties":{"kind":"seasonal","area_km2":0.127,"date":"2026-10-09"},"geometry":{"type":"Polygon","coordinates":[[[100.8906,13.9466],[100.8892,13.946],[100.8865,13.9461],[100.8859,13.9455],[100.8859,13.9444],[100.8876,13.9444],[100.8887,13.945],[100.8926,13.9449],[100.8934,13.9457],[100.8934,13.9466],[100.8906,13.9466]]]}},{"type":"Feature","properties":{"kind":"seasonal","area_km2":0.127,"date":"2026-10-09"},"geometry":{"type":"Polygon","coordinates":[[[100.1212,13.5201],[100.1212,13.519],[100.1206,13.519],[100.1206,13.5196],[100.1195,13.5193],[100.1195,13.5177],[100.12,13.5171],[100.1209,13.5171],[100.1214,13.5182],[100.122,13.5171],[100.1217,13.5166],[100.1231,13.5166],[100.1239,13.5174],[100.1237,13.5193],[100.1226,13.5195],[100.1223,13.5201],[100.1212,13.5201]]]}},{"type":"Feature","properties":{"kind":"seasonal","area_km2":0.126,"date":"2026-10-09"},"geometry":{"type":"Polygon","coordinates":[[[100.993,13.7413],[100.993,13.7402],[100.9935,13.74],[100.9938,13.7389],[100.9949,13.7383],[100.9949,13.7375],[100.9954,13.737],[100.9954,13.7353],[100.9965,13.7343],[100.9976,13.7345],[100.9976,13.7353],[100.9957,13.7372],[100.9968,13.7378],[100.9968,13.7391],[100.9954,13.7391],[100.9955,13.7397],[100.9944,13.7408],[100.993,13.7413]]]}},{"type":"Feature","properties":{"kind":"seasonal","area_km2":0.126,"date":"2026-10-09"},"geometry":{"type":"Polygon","coordinates":[[[100.8953,13.6334],[100.895,13.632],[100.897,13.6309],[100.8995,13.6314],[100.8994,13.6304],[100.9003,13.6304],[100.9006,13.6317],[100.9011,13.6317],[100.9009,13.6328],[100.9,13.6328],[100.9,13.632],[100.8995,13.632],[100.8995,13.6333],[100.8986,13.6334],[100.8986,13.6328],[100.8975,13.6325],[100.897,13.6326],[100.8964,13.6334],[100.8953,13.6334]]]}},{"type":"Feature","properties":{"kind":"seasonal","area_km2":0.125,"date":"2026-10-09"},"geometry":{"type":"Polygon","coordinates":[[[100.8936,13.9018],[100.8936,13.8994],[100.8975,13.8991],[100.8975,13.9002],[100.8983,13.9002],[100.8983,13.9015],[100.8936,13.9018]]]}},{"type":"Feature","properties":{"kind":"seasonal","area_km2":0.125,"date":"2026-10-09"},"geometry":{"type":"Polygon","coordinates":[[[100.9698,13.6914],[100.9676,13.6911],[100.967,13.6903],[100.967,13.6892],[100.9676,13.6892],[100.967,13.6884],[100.9673,13.6873],[100.9689,13.6873],[100.9698,13.6884],[100.9698,13.6895],[100.9704,13.6895],[100.9704,13.6908],[100.9698,13.6914]]]}},{"type":"Feature","properties":{"kind":"seasonal","area_km2":0.125,"date":"2026-10-09"},"geometry":{"type":"Polygon","coordinates":[[[100.9805,13.6821],[100.9778,13.6818],[100.9778,13.6802],[100.9789,13.678],[100.9797,13.6783],[100.9797,13.6788],[100.9814,13.6788],[100.9814,13.6804],[100.9808,13.6807],[100.9805,13.6821]]]}},{"type":"Feature","properties":{"kind":"seasonal","area_km2":0.125,"date":"2026-10-09"},"geometry":{"type":"Polygon","coordinates":[[[100.8628,13.5119],[100.8625,13.51],[100.8633,13.5097],[100.8636,13.5103],[100.8636,13.5097],[100.8647,13.5094],[100.8647,13.5089],[100.8661,13.5086],[100.8663,13.5091],[100.8663,13.5083],[100.8674,13.5083],[100.8677,13.5102],[100.8655,13.5108],[100.8655,13.5113],[100.8628,13.5119]]]}},{"type":"Feature","properties":{"kind":"seasonal","area_km2":0.124,"date":"2026-10-09"},"geometry":{"type":"Polygon","coordinates":[[[100.2545,13.8878],[100.2539,13.8872],[100.2531,13.8872],[100.2531,13.8856],[100.2589,13.8861],[100.2589,13.8872],[100.2578,13.8877],[100.2564,13.8878],[100.2564,13.8872],[100.2562,13.8878],[100.2545,13.8878]]]}},{"type":"Feature","properties":{"kind":"seasonal","area_km2":0.124,"date":"2026-10-09"},"geometry":{"type":"Polygon","coordinates":[[[100.8554,13.5626],[100.8554,13.5621],[100.8548,13.5621],[100.8546,13.5616],[100.8545,13.5602],[100.8554,13.5602],[100.8557,13.561],[100.8557,13.5602],[100.8562,13.5602],[100.8562,13.5597],[100.857,13.5596],[100.857,13.5591],[100.8559,13.5594],[100.8559,13.5586],[100.8565,13.558],[100.8584,13.558],[100.8584,13.5586],[100.8576,13.5588],[100.8579,13.5599],[100.8584,13.5599],[100.8584,13.5613],[100.8576,13.5613],[100.8576,13.5624],[100.8584,13.5626],[100.8571,13.5626],[100.8571,13.5621],[100.8562,13.5618],[100.8557,13.5618],[100.8554,13.5626]],[[100.8565,13.5613],[100.8568,13.5615],[100.8568,13.5613],[100.8565,13.5613]],[[100.857,13.561],[100.8573,13.5613],[100.8573,13.561],[100.857,13.561]]]}},{"type":"Feature","properties":{"kind":"seasonal","area_km2":0.124,"date":"2026-10-09"},"geometry":{"type":"Polygon","coordinates":[[[100.705,13.5401],[100.7045,13.5396],[100.7044,13.5382],[100.7078,13.5387],[100.7078,13.536],[100.7089,13.536],[100.7094,13.5366],[100.7094,13.5393],[100.7078,13.539],[100.7075,13.5401],[100.705,13.5401]]]}},{"type":"Feature","properties":{"kind":"seasonal","area_km2":0.123,"date":"2026-10-09"},"geometry":{"type":"Polygon","coordinates":[[[100.8624,13.6092],[100.8607,13.6087],[100.861,13.6068],[100.8604,13.6052],[100.8618,13.6052],[100.8618,13.6057],[100.8627,13.6062],[100.8627,13.6071],[100.8638,13.6065],[100.8635,13.6057],[100.8646,13.606],[100.8646,13.607],[100.8638,13.6079],[100.8635,13.6089],[100.8624,13.6092]]]}},{"type":"Feature","properties":{"kind":"seasonal","area_km2":0.123,"date":"2026-10-09"},"geometry":{"type":"Polygon","coordinates":[[[100.8691,13.5108],[100.8694,13.5089],[100.8686,13.5086],[100.8702,13.5083],[100.8699,13.5078],[100.8688,13.5078],[100.8688,13.5072],[100.8677,13.5072],[100.8674,13.5059],[100.8702,13.5053],[100.871,13.5059],[100.8713,13.5083],[100.8705,13.5083],[100.8702,13.5102],[100.8691,13.5108]]]}},{"type":"Feature","properties":{"kind":"seasonal","area_km2":0.122,"date":"2026-10-09"},"geometry":{"type":"Polygon","coordinates":[[[100.9163,13.9304],[100.9166,13.9287],[100.9185,13.929],[100.9188,13.9282],[100.9204,13.9276],[100.9224,13.9279],[100.9219,13.9301],[100.9182,13.9298],[100.9163,13.9304]]]}},{"type":"Feature","properties":{"kind":"seasonal","area_km2":0.122,"date":"2026-10-09"},"geometry":{"type":"Polygon","coordinates":[[[100.0837,13.8758],[100.0837,13.872],[100.0854,13.8723],[100.0851,13.8737],[100.0856,13.8737],[100.0856,13.8728],[100.0865,13.8728],[100.087,13.8734],[100.087,13.8742],[100.0865,13.8745],[100.0859,13.8758],[100.0837,13.8758]]]}},{"type":"Feature","properties":{"kind":"seasonal","area_km2":0.122,"date":"2026-10-09"},"geometry":{"type":"Polygon","coordinates":[[[100.2163,13.6303],[100.2162,13.6295],[100.2176,13.6292],[100.2185,13.6281],[100.2196,13.6279],[100.2209,13.6265],[100.2223,13.6265],[100.2237,13.6257],[100.2259,13.6257],[100.2259,13.6265],[100.2248,13.6265],[100.2243,13.6273],[100.2234,13.6273],[100.2237,13.6267],[100.2221,13.6268],[100.2212,13.6273],[100.2212,13.6278],[100.2201,13.6281],[100.2201,13.6289],[100.219,13.6284],[100.219,13.6295],[100.2196,13.6298],[100.2187,13.6298],[100.2185,13.6303],[100.2163,13.6303]],[[100.2185,13.6292],[100.2187,13.6295],[100.2187,13.6292],[100.2185,13.6292]]]}},{"type":"Feature","properties":{"kind":"seasonal","area_km2":0.122,"date":"2026-10-09"},"geometry":{"type":"Polygon","coordinates":[[[100.9927,13.6041],[100.9926,13.6028],[100.9912,13.6017],[100.9912,13.6006],[100.9918,13.6001],[100.9929,13.6001],[100.9937,13.6012],[100.9943,13.6012],[100.9943,13.6017],[100.9948,13.6017],[100.9957,13.6025],[100.9957,13.6036],[100.9935,13.6036],[100.9935,13.6041],[100.9927,13.6041]]]}},{"type":"Feature","properties":{"kind":"seasonal","area_km2":0.121,"date":"2026-10-09"},"geometry":{"type":"Polygon","coordinates":[[[100.9955,13.8083],[100.9957,13.8067],[100.9971,13.8064],[100.9977,13.8053],[100.9988,13.8053],[101.0005,13.8072],[101.0005,13.808],[100.9955,13.8083]],[[100.9985,13.8066],[100.9988,13.8069],[100.9988,13.8066],[100.9985,13.8066]]]}},{"type":"Feature","properties":{"kind":"seasonal","area_km2":0.121,"date":"2026-10-09"},"geometry":{"type":"Polygon","coordinates":[[[100.9772,13.6758],[100.9763,13.675],[100.9758,13.6729],[100.9741,13.6732],[100.9741,13.671],[100.9749,13.671],[100.9752,13.6721],[100.9758,13.6721],[100.9757,13.6715],[100.9769,13.6715],[100.9769,13.6726],[100.9788,13.6742],[100.9788,13.675],[100.978,13.6758],[100.9772,13.6758]]]}},{"type":"Feature","properties":{"kind":"seasonal","area_km2":0.121,"date":"2026-10-09"},"geometry":{"type":"Polygon","coordinates":[[[100.9376,13.6566],[100.9374,13.6553],[100.9387,13.6542],[100.9387,13.6536],[100.9393,13.6536],[100.9393,13.6531],[100.9409,13.6531],[100.9412,13.6542],[100.9421,13.6542],[100.9418,13.6553],[100.9401,13.6553],[100.9401,13.6564],[100.9376,13.6566]],[[100.9396,13.6547],[100.9398,13.655],[100.9398,13.6547],[100.9396,13.6547]]]}},{"type":"Feature","properties":{"kind":"seasonal","area_km2":0.12,"date":"2026-10-09"},"geometry":{"type":"Polygon","coordinates":[[[100.1258,13.9066],[100.1258,13.9058],[100.1272,13.9055],[100.1274,13.9044],[100.1269,13.903],[100.1255,13.9033],[100.1249,13.903],[100.1249,13.9022],[100.1285,13.9022],[100.1285,13.9033],[100.128,13.9033],[100.128,13.9038],[100.1291,13.9038],[100.1291,13.9057],[100.1283,13.9063],[100.1277,13.906],[100.1269,13.9066],[100.1258,13.9066]]]}},{"type":"Feature","properties":{"kind":"seasonal","area_km2":0.12,"date":"2026-10-09"},"geometry":{"type":"Polygon","coordinates":[[[100.8782,13.6807],[100.8779,13.6793],[100.8793,13.6793],[100.8796,13.6788],[100.8807,13.6788],[100.8829,13.6777],[100.8846,13.6779],[100.8843,13.6793],[100.8826,13.6793],[100.8827,13.6798],[100.881,13.6799],[100.881,13.6804],[100.8793,13.6801],[100.8793,13.6807],[100.8782,13.6807]]]}},{"type":"Feature","properties":{"kind":"seasonal","area_km2":0.119,"date":"2026-10-09"},"geometry":{"type":"Polygon","coordinates":[[[100.901,13.69],[100.901,13.6889],[100.9002,13.6887],[100.9005,13.6873],[100.8999,13.687],[100.8999,13.6859],[100.8993,13.6859],[100.8993,13.6849],[100.9002,13.684],[100.901,13.6843],[100.9013,13.6865],[100.9021,13.6873],[100.9021,13.6881],[100.9027,13.6881],[100.9024,13.69],[100.901,13.69]]]}},{"type":"Feature","properties":{"kind":"seasonal","area_km2":0.119,"date":"2026-10-09"},"geometry":{"type":"Polygon","coordinates":[[[100.8381,13.5159],[100.8381,13.5153],[100.8365,13.5153],[100.8365,13.5148],[100.8351,13.5148],[100.8351,13.5132],[100.8373,13.5132],[100.8373,13.5118],[100.8392,13.5121],[100.8392,13.5131],[100.8387,13.5131],[100.839,13.5159],[100.8381,13.5159]]]}},{"type":"Feature","properties":{"kind":"seasonal","area_km2":0.119,"date":"2026-10-09"},"geometry":{"type":"Polygon","coordinates":[[[100.1152,13.4887],[100.1149,13.4881],[100.1138,13.4884],[100.1141,13.4857],[100.1149,13.4857],[100.1149,13.487],[100.1155,13.487],[100.1152,13.4859],[100.1157,13.4857],[100.1177,13.4859],[100.1177,13.4884],[100.1152,13.4887]]]}},{"type":"Feature","properties":{"kind":"seasonal","area_km2":0.118,"date":"2026-10-09"},"geometry":{"type":"Polygon","coordinates":[[[100.9787,13.993],[100.9787,13.9879],[100.979,13.9868],[100.9798,13.9868],[100.9798,13.9879],[100.9806,13.9887],[100.9804,13.9928],[100.9787,13.993]]]}},{"type":"Feature","properties":{"kind":"seasonal","area_km2":0.118,"date":"2026-10-09"},"geometry":{"type":"Polygon","coordinates":[[[100.8794,13.8987],[100.8794,13.897],[100.8799,13.8968],[100.8861,13.8967],[100.8861,13.8978],[100.8836,13.8978],[100.8794,13.8987]]]}},{"type":"Feature","properties":{"kind":"seasonal","area_km2":0.118,"date":"2026-10-09"},"geometry":{"type":"Polygon","coordinates":[[[100.9143,13.7224],[100.9143,13.7214],[100.9154,13.7211],[100.9154,13.7197],[100.9162,13.7197],[100.9168,13.7186],[100.919,13.7189],[100.919,13.7205],[100.9179,13.7208],[100.9176,13.7213],[100.9168,13.7213],[100.9165,13.7219],[100.9157,13.7219],[100.9157,13.7224],[100.9143,13.7224]]]}},{"type":"Feature","properties":{"kind":"seasonal","area_km2":0.118,"date":"2026-10-09"},"geometry":{"type":"Polygon","coordinates":[[[100.7603,13.6677],[100.7583,13.6593],[100.7577,13.6585],[100.7577,13.6574],[100.7585,13.6574],[100.7588,13.6591],[100.7594,13.6596],[100.76,13.6634],[100.7605,13.6639],[100.7611,13.6677],[100.7603,13.6677]]]}},{"type":"Feature","properties":{"kind":"seasonal","area_km2":0.116,"date":"2026-10-09"},"geometry":{"type":"Polygon","coordinates":[[[100.822,13.622],[100.8217,13.6209],[100.8215,13.6215],[100.8201,13.6215],[100.8198,13.6204],[100.8217,13.6204],[100.822,13.6193],[100.8226,13.6193],[100.8228,13.6185],[100.8237,13.6185],[100.8237,13.6195],[100.8242,13.6198],[100.8242,13.6206],[100.8237,13.6206],[100.8237,13.6212],[100.8254,13.6212],[100.8254,13.622],[100.822,13.622]],[[100.8228,13.6198],[100.8231,13.6201],[100.8231,13.6198],[100.8228,13.6198]]]}},{"type":"Feature","properties":{"kind":"seasonal","area_km2":0.116,"date":"2026-10-09"},"geometry":{"type":"Polygon","coordinates":[[[100.0004,13.1962],[99.999,13.1959],[99.999,13.1951],[99.9995,13.1949],[99.9992,13.194],[99.9973,13.1938],[99.9973,13.1927],[99.9979,13.1922],[99.9984,13.1921],[99.9987,13.1932],[100.0004,13.1927],[100.0006,13.1932],[100.002,13.1938],[100.002,13.1954],[100.0009,13.1954],[100.0004,13.1962]]]}},{"type":"Feature","properties":{"kind":"seasonal","area_km2":0.115,"date":"2026-10-09"},"geometry":{"type":"Polygon","coordinates":[[[100.2328,13.6625],[100.2328,13.659],[100.2333,13.6557],[100.2341,13.6546],[100.235,13.6546],[100.235,13.6554],[100.2344,13.656],[100.2344,13.6603],[100.2336,13.6625],[100.2328,13.6625]],[[100.2336,13.6592],[100.2339,13.6595],[100.2339,13.6592],[100.2336,13.6592]]]}},{"type":"Feature","properties":{"kind":"seasonal","area_km2":0.115,"date":"2026-10-09"},"geometry":{"type":"Polygon","coordinates":[[[100.9931,13.5957],[100.992,13.5947],[100.992,13.5936],[100.9937,13.593],[100.9942,13.5938],[100.9951,13.5938],[100.9962,13.5927],[100.9975,13.593],[100.9976,13.5938],[100.9964,13.5941],[100.9965,13.5946],[100.9959,13.5946],[100.9953,13.5955],[100.9931,13.5957]],[[100.9948,13.5944],[100.9951,13.5946],[100.9951,13.5944],[100.9948,13.5944]]]}},{"type":"Feature","properties":{"kind":"seasonal","area_km2":0.114,"date":"2026-10-09"},"geometry":{"type":"Polygon","coordinates":[[[100.9036,13.7312],[100.9036,13.7304],[100.9055,13.729],[100.906,13.7274],[100.9074,13.7274],[100.908,13.7268],[100.908,13.726],[100.9091,13.726],[100.9091,13.7274],[100.9074,13.7282],[100.9069,13.7295],[100.9061,13.7304],[100.9055,13.7304],[100.9055,13.7309],[100.9036,13.7312]]]}},{"type":"Feature","properties":{"kind":"seasonal","area_km2":0.114,"date":"2026-10-09"},"geometry":{"type":"Polygon","coordinates":[[[100.9598,13.6857],[100.9567,13.6858],[100.9567,13.6836],[100.9573,13.6836],[100.9575,13.6831],[100.9589,13.683],[100.9589,13.6844],[100.962,13.6838],[100.9617,13.6852],[100.9598,13.6849],[100.9598,13.6857]]]}},{"type":"Feature","properties":{"kind":"seasonal","area_km2":0.113,"date":"2026-10-09"},"geometry":{"type":"Polygon","coordinates":[[[100.9039,13.7998],[100.9038,13.7976],[100.905,13.7979],[100.9066,13.796],[100.9066,13.7954],[100.9072,13.7954],[100.9072,13.7962],[100.9083,13.7962],[100.9083,13.797],[100.9077,13.797],[100.9072,13.7981],[100.9061,13.7981],[100.9064,13.7992],[100.9058,13.7998],[100.9039,13.7998]],[[100.9055,13.7981],[100.9061,13.7981],[100.9061,13.7976],[100.9058,13.7976],[100.9055,13.7981]]]}},{"type":"Feature","properties":{"kind":"seasonal","area_km2":0.113,"date":"2026-10-09"},"geometry":{"type":"Polygon","coordinates":[[[100.9193,13.8834],[100.9192,13.8829],[100.9173,13.8826],[100.9173,13.8813],[100.9217,13.881],[100.9223,13.8815],[100.922,13.8832],[100.9193,13.8834]]]}},{"type":"Feature","properties":{"kind":"seasonal","area_km2":0.113,"date":"2026-10-09"},"geometry":{"type":"Polygon","coordinates":[[[100.9766,13.5753],[100.9761,13.5747],[100.976,13.5736],[100.9772,13.5739],[100.9771,13.5734],[100.976,13.5731],[100.976,13.5715],[100.9785,13.5709],[100.9782,13.5723],[100.9788,13.5723],[100.9788,13.5734],[100.9783,13.5736],[100.9783,13.575],[100.9766,13.5753]]]}},{"type":"Feature","properties":{"kind":"seasonal","area_km2":0.113,"date":"2026-10-09"},"geometry":{"type":"Polygon","coordinates":[[[100.6874,13.524],[100.6863,13.5234],[100.6863,13.5215],[100.6891,13.5202],[100.6905,13.5204],[100.6907,13.5218],[100.6877,13.5218],[100.6877,13.5223],[100.6888,13.5226],[100.6888,13.524],[100.6874,13.524]]]}},{"type":"Feature","properties":{"kind":"seasonal","area_km2":0.112,"date":"2026-10-09"},"geometry":{"type":"Polygon","coordinates":[[[100.1771,13.8993],[100.1768,13.8979],[100.1752,13.8974],[100.1754,13.8963],[100.1768,13.896],[100.1771,13.8955],[100.1793,13.8957],[100.1796,13.8971],[100.1777,13.8974],[100.1785,13.8982],[100.1785,13.8993],[100.1771,13.8993]]]}},{"type":"Feature","properties":{"kind":"seasonal","area_km2":0.112,"date":"2026-10-09"},"geometry":{"type":"Polygon","coordinates":[[[100.8282,13.7705],[100.8279,13.77],[100.8273,13.77],[100.8273,13.7686],[100.8265,13.7684],[100.8265,13.7668],[100.8293,13.7667],[100.8293,13.7673],[100.8298,13.7675],[100.8293,13.7705],[100.8282,13.7705]]]}},{"type":"Feature","properties":{"kind":"seasonal","area_km2":0.112,"date":"2026-10-09"},"geometry":{"type":"Polygon","coordinates":[[[100.742,13.513],[100.7408,13.5122],[100.7383,13.5125],[100.7381,13.5106],[100.7425,13.5103],[100.7428,13.5125],[100.742,13.513]]]}},{"type":"Feature","properties":{"kind":"seasonal","area_km2":0.111,"date":"2026-10-09"},"geometry":{"type":"Polygon","coordinates":[[[100.9873,13.8208],[100.9864,13.8203],[100.9861,13.8189],[100.9856,13.8189],[100.9856,13.8184],[100.9839,13.817],[100.9839,13.8162],[100.985,13.816],[100.9856,13.8168],[100.9867,13.8173],[100.9867,13.8184],[100.9875,13.8184],[100.9881,13.8192],[100.9886,13.8192],[100.9887,13.8208],[100.9873,13.8208]]]}},{"type":"Feature","properties":{"kind":"seasonal","area_km2":0.11,"date":"2026-10-09"},"geometry":{"type":"Polygon","coordinates":[[[100.8828,13.9767],[100.8823,13.9756],[100.8825,13.9748],[100.8847,13.9748],[100.8861,13.9753],[100.8878,13.9751],[100.8878,13.9767],[100.8828,13.9767]]]}},{"type":"Feature","properties":{"kind":"seasonal","area_km2":0.11,"date":"2026-10-09"},"geometry":{"type":"Polygon","coordinates":[[[100.9828,13.9483],[100.9825,13.9464],[100.9831,13.9464],[100.9833,13.9456],[100.9869,13.9461],[100.9867,13.948],[100.9828,13.9483]]]}},{"type":"Feature","properties":{"kind":"seasonal","area_km2":0.11,"date":"2026-10-09"},"geometry":{"type":"Polygon","coordinates":[[[100.9569,13.775],[100.9572,13.7739],[100.9616,13.772],[100.9619,13.7714],[100.9647,13.7708],[100.9644,13.7719],[100.9624,13.7725],[100.9616,13.7733],[100.96,13.7736],[100.9586,13.7747],[100.9569,13.775]]]}},{"type":"Feature","properties":{"kind":"seasonal","area_km2":0.11,"date":"2026-10-09"},"geometry":{"type":"Polygon","coordinates":[[[100.9865,13.7614],[100.9865,13.7609],[100.9859,13.7609],[100.9859,13.7601],[100.9851,13.7601],[100.9851,13.7587],[100.9862,13.7587],[100.9865,13.7579],[100.9873,13.7579],[100.9878,13.7568],[100.9892,13.7568],[100.9898,13.7584],[100.987,13.759],[100.9873,13.7614],[100.9865,13.7614]]]}},{"type":"Feature","properties":{"kind":"seasonal","area_km2":0.11,"date":"2026-10-09"},"geometry":{"type":"Polygon","coordinates":[[[100.0555,13.7024],[100.0557,13.701],[100.0549,13.701],[100.0546,13.7005],[100.0532,13.7008],[100.0532,13.6999],[100.0541,13.6991],[100.0557,13.6991],[100.056,13.7002],[100.0563,13.6994],[100.0574,13.6994],[100.0579,13.6999],[100.0579,13.701],[100.0574,13.701],[100.0574,13.7024],[100.0555,13.7024]]]}},{"type":"Feature","properties":{"kind":"seasonal","area_km2":0.11,"date":"2026-10-09"},"geometry":{"type":"Polygon","coordinates":[[[100.7205,13.5427],[100.7194,13.5419],[100.7194,13.5411],[100.7203,13.54],[100.7216,13.5403],[100.7216,13.5408],[100.7247,13.5411],[100.7247,13.5416],[100.7239,13.5419],[100.7236,13.5427],[100.7205,13.5427]]]}},{"type":"Feature","properties":{"kind":"seasonal","area_km2":0.11,"date":"2026-10-09"},"geometry":{"type":"Polygon","coordinates":[[[100.187,13.5442],[100.1886,13.5409],[100.1906,13.5398],[100.1911,13.5404],[100.1909,13.542],[100.1914,13.542],[100.1914,13.5431],[100.1906,13.5434],[100.19,13.5423],[100.1892,13.5423],[100.1886,13.5437],[100.1895,13.5442],[100.187,13.5442]],[[100.1903,13.5407],[100.1906,13.5409],[100.1906,13.5407],[100.1903,13.5407]]]}},{"type":"Feature","properties":{"kind":"seasonal","area_km2":0.11,"date":"2026-10-09"},"geometry":{"type":"Polygon","coordinates":[[[100.844,13.5218],[100.8437,13.5212],[100.8409,13.5213],[100.8409,13.5204],[100.8418,13.5204],[100.842,13.5199],[100.8437,13.5196],[100.8442,13.5188],[100.8451,13.5188],[100.8459,13.5204],[100.8459,13.5218],[100.844,13.5218]]]}},{"type":"Feature","properties":{"kind":"seasonal","area_km2":0.11,"date":"2026-10-09"},"geometry":{"type":"Polygon","coordinates":[[[100.1037,13.5161],[100.1031,13.5153],[100.1015,13.5153],[100.1015,13.5145],[100.1023,13.5145],[100.1023,13.5139],[100.1017,13.5137],[100.1017,13.5142],[100.1009,13.5142],[100.1006,13.5129],[100.1039,13.5126],[100.104,13.5139],[100.1048,13.5145],[100.1048,13.5156],[100.1045,13.5161],[100.1037,13.5161]]]}},{"type":"Feature","properties":{"kind":"seasonal","area_km2":0.11,"date":"2026-10-09"},"geometry":{"type":"Polygon","coordinates":[[[100.0965,13.4527],[100.0954,13.4516],[100.0953,13.45],[100.0962,13.45],[100.0959,13.4508],[100.097,13.451],[100.097,13.4491],[100.0962,13.4491],[100.0959,13.4486],[100.0973,13.4483],[100.097,13.4464],[100.0975,13.4462],[100.0976,13.4481],[100.0981,13.4481],[100.0976,13.4483],[100.0976,13.4491],[100.0984,13.4491],[100.0984,13.451],[100.0981,13.4527],[100.0965,13.4527]],[[100.0978,13.4494],[100.0981,13.45],[100.0981,13.4494],[100.0978,13.4494]]]}},{"type":"Feature","properties":{"kind":"seasonal","area_km2":0.109,"date":"2026-10-09"},"geometry":{"type":"Polygon","coordinates":[[[100.2712,13.8473],[100.2709,13.8465],[100.2701,13.8465],[100.2695,13.8459],[100.2676,13.8459],[100.2676,13.8454],[100.267,13.8454],[100.267,13.8446],[100.2726,13.8451],[100.2729,13.8473],[100.2712,13.8473]]]}},{"type":"Feature","properties":{"kind":"seasonal","area_km2":0.109,"date":"2026-10-09"},"geometry":{"type":"Polygon","coordinates":[[[100.8343,13.6355],[100.8343,13.6349],[100.8327,13.6352],[100.8327,13.6333],[100.8338,13.633],[100.834,13.6336],[100.8346,13.6336],[100.8346,13.6328],[100.8365,13.633],[100.8371,13.6349],[100.8343,13.6355]]]}},{"type":"Feature","properties":{"kind":"seasonal","area_km2":0.109,"date":"2026-10-09"},"geometry":{"type":"Polygon","coordinates":[[[100.4906,13.5076],[100.4903,13.5049],[100.4908,13.5054],[100.4936,13.5051],[100.4936,13.5057],[100.4953,13.5051],[100.4955,13.5062],[100.4961,13.5062],[100.4961,13.5076],[100.4953,13.507],[100.4953,13.5065],[100.4947,13.5065],[100.4947,13.5059],[100.4942,13.5062],[100.4939,13.5073],[100.4928,13.5076],[100.4928,13.5068],[100.4914,13.507],[100.4911,13.5065],[100.4911,13.5076],[100.4906,13.5076]]]}},{"type":"Feature","properties":{"kind":"seasonal","area_km2":0.108,"date":"2026-10-09"},"geometry":{"type":"Polygon","coordinates":[[[100.9579,13.8593],[100.9579,13.8587],[100.9573,13.8587],[100.9571,13.8574],[100.9573,13.8531],[100.9584,13.853],[100.9587,13.8566],[100.9593,13.8576],[100.959,13.8593],[100.9579,13.8593]]]}},{"type":"Feature","properties":{"kind":"seasonal","area_km2":0.108,"date":"2026-10-09"},"geometry":{"type":"Polygon","coordinates":[[[100.2317,13.5014],[100.2314,13.5009],[100.2303,13.5009],[100.2303,13.4995],[100.2317,13.4984],[100.2317,13.4976],[100.2322,13.4976],[100.2325,13.4971],[100.2339,13.4971],[100.2336,13.499],[100.233,13.499],[100.2325,13.4998],[100.2331,13.5009],[100.2325,13.5009],[100.2325,13.5014],[100.2317,13.5014]]]}},{"type":"Feature","properties":{"kind":"seasonal","area_km2":0.107,"date":"2026-10-09"},"geometry":{"type":"Polygon","coordinates":[[[100.8982,13.9847],[100.8965,13.9842],[100.8965,13.9823],[100.8979,13.9823],[100.8979,13.9831],[100.8984,13.9831],[100.8984,13.9823],[100.9004,13.9823],[100.9007,13.9847],[100.8982,13.9847]]]}},{"type":"Feature","properties":{"kind":"seasonal","area_km2":0.107,"date":"2026-10-09"},"geometry":{"type":"Polygon","coordinates":[[[100.8461,13.72],[100.8464,13.7186],[100.8469,13.7186],[100.8466,13.7175],[100.8475,13.7175],[100.8477,13.717],[100.8502,13.7167],[100.8502,13.7175],[100.8491,13.7175],[100.8491,13.7181],[100.8502,13.7183],[100.8502,13.7191],[100.8497,13.7197],[100.8461,13.72]],[[100.8475,13.7186],[100.848,13.7186],[100.848,13.7181],[100.8475,13.7181],[100.8475,13.7186]],[[100.848,13.7178],[100.8488,13.7181],[100.8488,13.7178],[100.848,13.7178]]]}},{"type":"Feature","properties":{"kind":"seasonal","area_km2":0.107,"date":"2026-10-09"},"geometry":{"type":"Polygon","coordinates":[[[100.9038,13.6894],[100.9035,13.6867],[100.9043,13.6867],[100.9043,13.6862],[100.9063,13.6862],[100.9063,13.687],[100.9074,13.6872],[100.9074,13.6883],[100.9063,13.6883],[100.906,13.6889],[100.9046,13.6889],[100.9046,13.6894],[100.9038,13.6894]]]}},{"type":"Feature","properties":{"kind":"seasonal","area_km2":0.107,"date":"2026-10-09"},"geometry":{"type":"Polygon","coordinates":[[[100.0903,13.4915],[100.0903,13.4907],[100.0897,13.4907],[100.0897,13.4901],[100.0892,13.4901],[100.0889,13.4912],[100.0886,13.4901],[100.0878,13.4901],[100.0886,13.4893],[100.0875,13.4893],[100.0875,13.4882],[100.0883,13.4885],[100.0886,13.4877],[100.0894,13.4874],[100.0891,13.4866],[100.09,13.4866],[100.0914,13.4877],[100.0922,13.4877],[100.0922,13.4888],[100.0911,13.489],[100.0908,13.4912],[100.0903,13.4915]],[[100.0903,13.4901],[100.0908,13.4899],[100.0908,13.4893],[100.0889,13.4882],[100.0886,13.4888],[100.0897,13.4893],[100.0903,13.4901]],[[100.0905,13.4888],[100.0911,13.4888],[100.0911,13.488],[100.0894,13.4877],[100.0905,13.4888]]]}},{"type":"Feature","properties":{"kind":"seasonal","area_km2":0.106,"date":"2026-10-09"},"geometry":{"type":"Polygon","coordinates":[[[100.2314,13.9798],[100.2311,13.9779],[100.2322,13.9757],[100.2322,13.9744],[100.2333,13.9741],[100.2339,13.9747],[100.2339,13.9755],[100.2333,13.976],[100.2333,13.9774],[100.2328,13.9779],[100.2328,13.9795],[100.2314,13.9798]]]}},{"type":"Feature","properties":{"kind":"seasonal","area_km2":0.106,"date":"2026-10-09"},"geometry":{"type":"Polygon","coordinates":[[[100.8872,13.7658],[100.8869,13.7644],[100.888,13.7644],[100.8891,13.763],[100.8902,13.763],[100.8914,13.7622],[100.8927,13.7625],[100.8925,13.7638],[100.8905,13.7638],[100.8905,13.7644],[100.8894,13.7644],[100.8894,13.7655],[100.8872,13.7658]]]}},{"type":"Feature","properties":{"kind":"seasonal","area_km2":0.106,"date":"2026-10-09"},"geometry":{"type":"Polygon","coordinates":[[[100.0532,13.7656],[100.0502,13.7653],[100.0505,13.7645],[100.0499,13.7642],[100.0502,13.7623],[100.051,13.7623],[100.051,13.7631],[100.0521,13.7631],[100.0524,13.7642],[100.053,13.7645],[100.0535,13.7645],[100.0538,13.764],[100.0549,13.7639],[100.0549,13.7653],[100.0538,13.7653],[100.0532,13.7648],[100.0532,13.7656]]]}},{"type":"Feature","properties":{"kind":"seasonal","area_km2":0.106,"date":"2026-10-09"},"geometry":{"type":"Polygon","coordinates":[[[100.0562,13.7409],[100.0545,13.7404],[100.0542,13.739],[100.0551,13.7374],[100.0556,13.7371],[100.0556,13.7363],[100.0567,13.7363],[100.0573,13.7379],[100.0578,13.7379],[100.0578,13.7387],[100.0564,13.7387],[100.057,13.739],[100.0567,13.7403],[100.0562,13.7409]],[[100.0553,13.7401],[100.0559,13.7406],[100.0559,13.7401],[100.0553,13.7401]],[[100.0551,13.7398],[100.0553,13.7401],[100.0553,13.7398],[100.0551,13.7398]],[[100.0562,13.7398],[100.0565,13.7401],[100.0565,13.7398],[100.0562,13.7398]],[[100.0545,13.7393],[100.0548,13.7398],[100.0548,13.7393],[100.0545,13.7393]],[[100.0556,13.7398],[100.0562,13.7398],[100.0562,13.7393],[100.0556,13.7393],[100.0556,13.7398]],[[100.0551,13.739],[100.0556,13.739],[100.0556,13.7387],[100.0548,13.7385],[100.0551,13.739]]]}},{"type":"Feature","properties":{"kind":"seasonal","area_km2":0.106,"date":"2026-10-09"},"geometry":{"type":"Polygon","coordinates":[[[100.137,13.475],[100.1376,13.4715],[100.1379,13.472],[100.1384,13.4715],[100.1381,13.4701],[100.1387,13.4696],[100.1387,13.4688],[100.1398,13.4685],[100.1401,13.4701],[100.1392,13.4709],[100.1392,13.4723],[100.1384,13.4747],[100.137,13.475]]]}},{"type":"Feature","properties":{"kind":"seasonal","area_km2":0.105,"date":"2026-10-09"},"geometry":{"type":"Polygon","coordinates":[[[100.9207,13.9219],[100.916,13.9217],[100.916,13.9209],[100.9165,13.9206],[100.9193,13.9203],[100.9198,13.9192],[100.9207,13.9192],[100.9207,13.9198],[100.9212,13.9198],[100.9212,13.9214],[100.9207,13.9214],[100.9207,13.9219]]]}},{"type":"Feature","properties":{"kind":"seasonal","area_km2":0.105,"date":"2026-10-09"},"geometry":{"type":"Polygon","coordinates":[[[100.1279,13.8797],[100.1279,13.8773],[100.1284,13.8767],[100.1292,13.8767],[100.1295,13.8756],[100.1309,13.8756],[100.1315,13.8762],[100.1315,13.877],[100.1304,13.8775],[100.1304,13.8781],[100.1298,13.8781],[100.1293,13.8797],[100.1279,13.8797]]]}},{"type":"Feature","properties":{"kind":"seasonal","area_km2":0.104,"date":"2026-10-09"},"geometry":{"type":"Polygon","coordinates":[[[100.4098,14.0027],[100.4095,14.0014],[100.4101,14.0008],[100.4118,14.0005],[100.4123,14.0],[100.4137,14.0003],[100.4137,14.0022],[100.412,14.0027],[100.4098,14.0027]],[[100.4131,14.0003],[100.4134,14.0005],[100.4134,14.0003],[100.4131,14.0003]]]}},{"type":"Feature","properties":{"kind":"seasonal","area_km2":0.104,"date":"2026-10-09"},"geometry":{"type":"Polygon","coordinates":[[[100.9304,13.7548],[100.9304,13.7538],[100.9298,13.7538],[100.9298,13.7519],[100.9329,13.7516],[100.9332,13.7537],[100.9321,13.754],[100.9318,13.7548],[100.9304,13.7548]]]}},{"type":"Feature","properties":{"kind":"seasonal","area_km2":0.104,"date":"2026-10-09"},"geometry":{"type":"Polygon","coordinates":[[[100.8928,13.6369],[100.8931,13.6348],[100.8926,13.6348],[100.8926,13.6356],[100.8923,13.6348],[100.892,13.6356],[100.8912,13.6356],[100.8903,13.6348],[100.8903,13.634],[100.8912,13.6342],[100.8914,13.6334],[100.8925,13.6334],[100.8925,13.6323],[100.8942,13.6328],[100.8942,13.6337],[100.8934,13.6339],[100.8945,13.6339],[100.8945,13.635],[100.8937,13.6353],[100.8939,13.6361],[100.8931,13.6364],[100.894,13.6369],[100.8928,13.6369]],[[100.8928,13.6337],[100.8931,13.6342],[100.8931,13.6337],[100.8928,13.6337]]]}},{"type":"Feature","properties":{"kind":"seasonal","area_km2":0.103,"date":"2026-10-09"},"geometry":{"type":"Polygon","coordinates":[[[100.8236,13.8912],[100.8241,13.8882],[100.828,13.8879],[100.828,13.8888],[100.8274,13.8888],[100.8272,13.8898],[100.8266,13.8896],[100.8247,13.8912],[100.8236,13.8912]],[[100.8271,13.8882],[100.8274,13.8885],[100.8274,13.8882],[100.8271,13.8882]]]}},{"type":"Feature","properties":{"kind":"seasonal","area_km2":0.103,"date":"2026-10-09"},"geometry":{"type":"Polygon","coordinates":[[[100.7208,13.5327],[100.7205,13.5316],[100.7221,13.5311],[100.721,13.5311],[100.7205,13.5305],[100.7205,13.5292],[100.7229,13.5292],[100.7235,13.5297],[100.7235,13.5305],[100.7227,13.5305],[100.7224,13.5311],[100.7238,13.5313],[100.7238,13.5324],[100.7208,13.5327]]]}},{"type":"Feature","properties":{"kind":"seasonal","area_km2":0.103,"date":"2026-10-09"},"geometry":{"type":"Polygon","coordinates":[[[100.6933,13.528],[100.6936,13.5266],[100.6911,13.5267],[100.6908,13.5256],[100.6922,13.5253],[100.6919,13.5261],[100.6924,13.5261],[100.693,13.5253],[100.6941,13.5247],[100.6941,13.5239],[100.6952,13.5239],[100.6955,13.5255],[100.6941,13.5253],[100.6938,13.5266],[100.6955,13.5266],[100.6955,13.5274],[100.6949,13.528],[100.6933,13.528]]]}},{"type":"Feature","properties":{"kind":"seasonal","area_km2":0.103,"date":"2026-10-09"},"geometry":{"type":"Polygon","coordinates":[[[100.8607,13.5618],[100.8601,13.5613],[100.8601,13.5604],[100.8606,13.5602],[100.8606,13.5583],[100.8612,13.558],[100.8612,13.5569],[100.862,13.5569],[100.8623,13.5574],[100.8628,13.5574],[100.8628,13.5588],[100.8617,13.5591],[100.8617,13.5596],[100.8626,13.5604],[100.8626,13.5612],[100.862,13.5618],[100.8607,13.5618]]]}},{"type":"Feature","properties":{"kind":"seasonal","area_km2":0.101,"date":"2026-10-09"},"geometry":{"type":"Polygon","coordinates":[[[100.9089,13.9754],[100.9089,13.9733],[100.9097,13.973],[100.9097,13.9725],[100.9089,13.9722],[100.9089,13.9711],[100.9103,13.9711],[100.9103,13.9716],[100.9108,13.9716],[100.9111,13.9722],[100.9114,13.9752],[100.9089,13.9754]]]}},{"type":"Feature","properties":{"kind":"seasonal","area_km2":0.101,"date":"2026-10-09"},"geometry":{"type":"Polygon","coordinates":[[[100.8539,13.7272],[100.8539,13.7256],[100.8544,13.7256],[100.8544,13.7251],[100.8539,13.7251],[100.8539,13.7243],[100.8561,13.724],[100.8561,13.7248],[100.8569,13.7253],[100.8567,13.7272],[100.8539,13.7272]],[[100.8561,13.7256],[100.8564,13.7259],[100.8564,13.7256],[100.8561,13.7256]]]}},{"type":"Feature","properties":{"kind":"seasonal","area_km2":0.101,"date":"2026-10-09"},"geometry":{"type":"Polygon","coordinates":[[[100.7105,13.5344],[100.7102,13.533],[100.7111,13.533],[100.7111,13.5325],[100.7099,13.5325],[100.7099,13.5314],[100.7144,13.5306],[100.7144,13.5314],[100.7138,13.5319],[100.7116,13.5322],[100.7116,13.5328],[100.7122,13.5328],[100.7122,13.5344],[100.7105,13.5344]]]}},{"type":"Feature","properties":{"kind":"seasonal","area_km2":0.1,"date":"2026-10-09"},"geometry":{"type":"Polygon","coordinates":[[[100.9555,13.8693],[100.9555,13.868],[100.9566,13.868],[100.9566,13.8674],[100.9577,13.8674],[100.958,13.8669],[100.9602,13.8669],[100.9594,13.8671],[100.9594,13.8677],[100.9602,13.8677],[100.9602,13.869],[100.9555,13.8693]]]}},{"type":"Feature","properties":{"kind":"seasonal","area_km2":0.1,"date":"2026-10-09"},"geometry":{"type":"Polygon","coordinates":[[[100.9338,13.866],[100.9338,13.8654],[100.933,13.8646],[100.9321,13.8646],[100.9324,13.8636],[100.9346,13.8638],[100.9349,13.8633],[100.9368,13.8632],[100.9369,13.8641],[100.9363,13.8641],[100.9363,13.8651],[100.9358,13.866],[100.9338,13.866]]]}},{"type":"Feature","properties":{"kind":"seasonal","area_km2":0.1,"date":"2026-10-09"},"geometry":{"type":"Polygon","coordinates":[[[100.9804,13.7962],[100.979,13.7935],[100.979,13.7924],[100.9795,13.7927],[100.9795,13.7921],[100.9806,13.7921],[100.9806,13.7929],[100.9815,13.7929],[100.9815,13.794],[100.9823,13.7943],[100.9823,13.7954],[100.9818,13.7954],[100.9818,13.7962],[100.9804,13.7962]],[[100.9815,13.7948],[100.9818,13.7954],[100.9818,13.7948],[100.9815,13.7948]]]}},{"type":"Feature","properties":{"kind":"seasonal","area_km2":0.1,"date":"2026-10-09"},"geometry":{"type":"Polygon","coordinates":[[[100.9943,13.7324],[100.9937,13.7302],[100.9923,13.7302],[100.9923,13.7294],[100.9931,13.7294],[100.9937,13.7283],[100.9951,13.7286],[100.9959,13.7307],[100.9959,13.7321],[100.9943,13.7324]]]}},{"type":"Feature","properties":{"kind":"seasonal","area_km2":0.1,"date":"2026-10-09"},"geometry":{"type":"Polygon","coordinates":[[[100.0903,13.7293],[100.0891,13.7288],[100.0891,13.728],[100.0886,13.7275],[100.0875,13.7272],[100.0877,13.7261],[100.0894,13.7258],[100.0897,13.7266],[100.0911,13.7266],[100.0911,13.7277],[100.0916,13.7277],[100.0916,13.7291],[100.0903,13.7293]]]}},{"type":"Feature","properties":{"kind":"seasonal","area_km2":0.1,"date":"2026-10-09"},"geometry":{"type":"Polygon","coordinates":[[[100.8913,13.6922],[100.8913,13.6914],[100.89,13.6914],[100.8899,13.6906],[100.8908,13.6904],[100.8897,13.6904],[100.8897,13.6893],[100.8905,13.6893],[100.8905,13.6887],[100.8913,13.6885],[100.8924,13.6884],[100.8924,13.6901],[100.893,13.6901],[100.8933,13.692],[100.8922,13.6917],[100.8922,13.6922],[100.8913,13.6922]],[[100.8916,13.6909],[100.8922,13.6909],[100.8922,13.6901],[100.8916,13.6901],[100.8916,13.6909]]]}},{"type":"Feature","properties":{"kind":"seasonal","area_km2":0.1,"date":"2026-10-09"},"geometry":{"type":"Polygon","coordinates":[[[100.6978,13.5448],[100.6978,13.5442],[100.6967,13.5442],[100.6953,13.5432],[100.6953,13.5421],[100.6978,13.5421],[100.6978,13.5437],[100.6984,13.5421],[100.6995,13.5423],[100.6992,13.5448],[100.6978,13.5448]]]}}]}
