{"type":"FeatureCollection","properties":{"v":3,"id":"t101_14","name":"นครนายก · ปราจีนบุรี · นครราชสีมา","aoi":[101.0,14.0,102.0,15.0],"date":"2026-10-09","dates":["2026-10-09","2026-10-04"],"baseline_years":3,"has_seasonal":true,"totals":{"flood_high":92.2,"flood_low":71.4,"seasonal":59.1},"provinces":[{"name":"ปราจีนบุรี","zone":"th-e","flood_high":73.6,"flood_low":21.1,"seasonal":17.7},{"name":"นครราชสีมา","zone":"th-ne","flood_high":9.8,"flood_low":1.2,"seasonal":4.5},{"name":"นครนายก","zone":"th-c","flood_high":8.7,"flood_low":47.1,"seasonal":19.8},{"name":"ลพบุรี","zone":"th-c","flood_high":0.0,"flood_low":1.8,"seasonal":16.2},{"name":"สระบุรี","zone":"th-c","flood_high":0.0,"flood_low":0.1,"seasonal":0.8},{"name":"สระแก้ว","zone":"th-e","flood_high":0.0,"flood_low":0.0,"seasonal":0.2}],"scenes":{"2026-10-09":2,"2026-10-04":2},"baseline_dates":["2025-10-08","2024-10-07","2023-10-10"],"threshold_db":-15.0,"auto":true,"source":"Sentinel-1 RTC (Copernicus/ESA) via Microsoft Planetary Computer; JRC Global Surface Water; Copernicus DEM","method":"ChatGeo v3: Otsu threshold on VV dB; minus JRC permanent water and slope > 5 deg; unusual = water not present in most of the previous 3 years (same season)","added":"2026-10-10T16:37+07:00"},"features":[{"type":"Feature","properties":{"kind":"flood","area_km2":14.243,"conf":"high","date":"2026-10-09"},"geometry":{"type":"Polygon","coordinates":[[[101.4916,14.058],[101.4905,14.0574],[101.4905,14.0566],[101.4899,14.0566],[101.4905,14.0539],[101.4891,14.0531],[101.4882,14.0537],[101.4883,14.0545],[101.4877,14.0545],[101.4877,14.0561],[101.4861,14.0561],[101.4847,14.0551],[101.4835,14.0551],[101.4835,14.054],[101.4827,14.054],[101.4827,14.0545],[101.4805,14.0546],[101.4799,14.054],[101.4783,14.054],[101.4769,14.053],[101.4755,14.0535],[101.4732,14.053],[101.4696,14.0531],[101.4685,14.0517],[101.4688,14.0501],[101.4729,14.0503],[101.4738,14.0492],[101.4749,14.0492],[101.4752,14.0497],[101.4763,14.0495],[101.4773,14.0465],[101.4782,14.0465],[101.4785,14.0475],[101.481,14.047],[101.4807,14.0464],[101.4796,14.0462],[101.4795,14.0451],[101.4801,14.0451],[101.4798,14.0445],[101.479,14.0451],[101.4773,14.0448],[101.4776,14.0421],[101.4795,14.0418],[101.4795,14.0389],[101.4809,14.0386],[101.4806,14.0364],[101.4786,14.0364],[101.4786,14.0353],[101.4769,14.0354],[101.4767,14.0375],[101.4772,14.0378],[101.4778,14.0416],[101.4773,14.0413],[101.4745,14.0419],[101.4745,14.043],[101.474,14.0433],[101.474,14.0438],[101.4729,14.0441],[101.4723,14.0397],[101.4709,14.0398],[101.4703,14.0392],[101.47,14.0398],[101.4689,14.0395],[101.4687,14.0401],[101.4678,14.0401],[101.4675,14.0387],[101.4664,14.0387],[101.4664,14.0379],[101.4656,14.0379],[101.4653,14.0374],[101.4645,14.0377],[101.4642,14.0404],[101.4634,14.0412],[101.4617,14.0415],[101.4612,14.0426],[101.4604,14.0426],[101.4592,14.0412],[101.4587,14.0396],[101.4578,14.0391],[101.4581,14.0358],[101.4589,14.035],[101.4597,14.035],[101.4592,14.0345],[101.4608,14.0344],[101.4608,14.0334],[101.4619,14.0333],[101.4625,14.0342],[101.4633,14.0344],[101.4636,14.0358],[101.4656,14.0357],[101.4658,14.0347],[101.4664,14.0347],[101.4664,14.036],[101.4672,14.0371],[101.4711,14.0376],[101.4717,14.037],[101.4714,14.0351],[101.4719,14.0349],[101.4719,14.0319],[101.4705,14.0316],[101.4699,14.0295],[101.4688,14.0295],[101.4685,14.0289],[101.4694,14.0287],[101.4694,14.027],[101.468,14.0268],[101.468,14.0262],[101.4685,14.0254],[101.4702,14.0254],[101.4699,14.0249],[101.4688,14.0251],[101.4688,14.0243],[101.471,14.024],[101.4713,14.0254],[101.4735,14.0254],[101.4735,14.0248],[101.4752,14.0251],[101.4752,14.0262],[101.4746,14.0262],[101.4744,14.027],[101.4755,14.0267],[101.476,14.0253],[101.4763,14.0259],[101.4799,14.0258],[101.4796,14.0239],[101.4771,14.024],[101.4763,14.0245],[101.4762,14.021],[101.4757,14.0207],[101.4757,14.0197],[101.4762,14.0194],[101.4762,14.0188],[101.4757,14.0188],[101.4756,14.0178],[101.4759,14.0183],[101.4773,14.0183],[101.4773,14.0177],[101.4781,14.0169],[101.4806,14.0177],[101.482,14.0169],[101.4851,14.0166],[101.4851,14.0158],[101.4865,14.016],[101.4878,14.0155],[101.4878,14.0149],[101.4892,14.0149],[101.4895,14.0141],[101.4889,14.0138],[101.4886,14.0117],[101.4914,14.0124],[101.4922,14.0119],[101.4922,14.0105],[101.4928,14.0105],[101.4928,14.0113],[101.4936,14.0113],[101.4944,14.0102],[101.4941,14.0084],[101.495,14.0078],[101.4966,14.0078],[101.4966,14.0091],[101.4972,14.0097],[101.4975,14.011],[101.4969,14.0113],[101.497,14.0118],[101.4981,14.0118],[101.4989,14.0113],[101.5,14.0115],[101.5003,14.011],[101.5017,14.011],[101.5022,14.0121],[101.5039,14.0118],[101.5044,14.0107],[101.5039,14.0101],[101.5041,14.0088],[101.5033,14.0085],[101.5033,14.0072],[101.5047,14.0066],[101.5047,14.0061],[101.5035,14.0055],[101.5035,14.0047],[101.5041,14.0042],[101.5049,14.0042],[101.5052,14.0036],[101.5077,14.0041],[101.5074,14.0025],[101.508,14.0025],[101.5079,14.002],[101.5088,14.002],[101.5088,14.0031],[101.5096,14.0033],[101.5099,14.0011],[101.5113,14.0011],[101.5116,14.003],[101.5124,14.0033],[101.513,14.0025],[101.5129,14.0006],[101.514,14.0006],[101.5146,14.0011],[101.5146,14.0019],[101.5138,14.0019],[101.5138,14.0033],[101.5155,14.0033],[101.5154,14.0014],[101.5174,14.0013],[101.5191,14.0021],[101.5196,14.001],[101.5204,14.001],[101.521,14.0005],[101.5232,14.0005],[101.5235,14.0024],[101.5218,14.0029],[101.521,14.004],[101.521,14.0048],[101.5216,14.0048],[101.5216,14.0067],[101.523,14.0067],[101.5232,14.0051],[101.5235,14.007],[101.5233,14.0075],[101.5222,14.0078],[101.5233,14.008],[101.5236,14.0105],[101.5266,14.0099],[101.5272,14.011],[101.5272,14.0096],[101.5266,14.0096],[101.5266,14.008],[101.5274,14.008],[101.528,14.0047],[101.5294,14.005],[101.5294,14.0072],[101.5277,14.008],[101.5277,14.0085],[101.528,14.0094],[101.5297,14.0088],[101.5297,14.0096],[101.5294,14.0104],[101.528,14.0102],[101.5283,14.0118],[101.5267,14.0132],[101.5267,14.0142],[101.5259,14.0145],[101.5259,14.0151],[101.525,14.0151],[101.5245,14.014],[101.5239,14.014],[101.5239,14.0164],[101.5214,14.0162],[101.5211,14.0157],[101.5195,14.0154],[101.5192,14.0178],[101.5176,14.0179],[101.5173,14.0187],[101.5179,14.0198],[101.5187,14.0198],[101.5195,14.0189],[101.5215,14.0189],[101.5215,14.0227],[101.5187,14.0222],[101.5179,14.0203],[101.5173,14.0203],[101.5173,14.0208],[101.5154,14.0209],[101.5145,14.0203],[101.5145,14.0209],[101.5137,14.0212],[101.5143,14.023],[101.5159,14.0228],[101.5162,14.0244],[101.5157,14.0249],[101.5171,14.0249],[101.5171,14.026],[101.516,14.026],[101.5165,14.0265],[101.5166,14.0303],[101.5155,14.0304],[101.5146,14.0287],[101.5135,14.0296],[101.5121,14.0296],[101.5121,14.0288],[101.5127,14.0288],[101.5121,14.0266],[101.511,14.0266],[101.5107,14.0274],[101.5099,14.0274],[101.5099,14.0258],[101.5085,14.0253],[101.5079,14.0253],[101.5079,14.0258],[101.5093,14.0264],[101.5093,14.0274],[101.5066,14.0277],[101.5066,14.0283],[101.5071,14.0283],[101.5071,14.0302],[101.5063,14.0302],[101.5055,14.0294],[101.5057,14.0269],[101.5052,14.0267],[101.5052,14.0261],[101.5035,14.0261],[101.5029,14.0251],[101.502,14.021],[101.5015,14.0245],[101.5007,14.0245],[101.5007,14.0251],[101.5013,14.0251],[101.5013,14.0272],[101.5021,14.0272],[101.5024,14.0278],[101.5041,14.0275],[101.5044,14.0288],[101.5016,14.0289],[101.5013,14.0278],[101.4991,14.0281],[101.4988,14.0273],[101.496,14.0273],[101.496,14.0287],[101.4949,14.0292],[101.4949,14.0298],[101.4941,14.0298],[101.4938,14.0292],[101.4933,14.0292],[101.4932,14.0287],[101.4921,14.0284],[101.4921,14.029],[101.4938,14.0303],[101.4938,14.0311],[101.4914,14.033],[101.4902,14.0331],[101.49,14.0322],[101.488,14.0325],[101.488,14.0317],[101.4872,14.0309],[101.4874,14.0296],[101.4869,14.0296],[101.4866,14.0301],[101.4827,14.0302],[101.4822,14.0307],[101.4836,14.0307],[101.4836,14.0312],[101.4844,14.0312],[101.4844,14.032],[101.4802,14.0321],[101.4802,14.0332],[101.4794,14.0332],[101.478,14.034],[101.4792,14.0343],[101.4814,14.0329],[101.4827,14.0329],[101.4833,14.0334],[101.483,14.0345],[101.4822,14.0345],[101.4808,14.0353],[101.4819,14.0356],[101.482,14.0364],[101.4814,14.0367],[101.482,14.0372],[101.4814,14.0375],[101.482,14.0402],[101.4842,14.0404],[101.4862,14.0399],[101.4867,14.0404],[101.4881,14.0404],[101.4881,14.0418],[101.4887,14.0417],[101.4884,14.0404],[101.4895,14.0404],[101.4895,14.0423],[101.4884,14.0428],[101.489,14.0445],[101.4879,14.0466],[101.4907,14.0477],[101.4907,14.0493],[101.4899,14.0499],[101.4899,14.0512],[101.4916,14.0517],[101.4921,14.0542],[101.4952,14.0544],[101.4955,14.055],[101.4955,14.056],[101.4947,14.0566],[101.4947,14.0579],[101.4916,14.058]],[[101.4802,14.0524],[101.4805,14.0529],[101.4805,14.0524],[101.4802,14.0524]],[[101.4849,14.0505],[101.4854,14.0507],[101.4854,14.0505],[101.4849,14.0505]],[[101.4766,14.0505],[101.4771,14.0505],[101.4771,14.0497],[101.4765,14.0497],[101.4766,14.0505]],[[101.4849,14.0496],[101.4854,14.0496],[101.4854,14.0486],[101.4862,14.0485],[101.4862,14.048],[101.4843,14.048],[101.484,14.0475],[101.4821,14.0475],[101.4824,14.048],[101.4849,14.0486],[101.4849,14.0496]],[[101.4882,14.0491],[101.4885,14.0493],[101.4885,14.0491],[101.4882,14.0491]],[[101.4871,14.0491],[101.4879,14.0491],[101.4879,14.0488],[101.4871,14.0485],[101.4871,14.0491]],[[101.4815,14.0475],[101.4821,14.0475],[101.4821,14.0472],[101.4815,14.047],[101.4815,14.0475]],[[101.4634,14.0374],[101.4636,14.0379],[101.4636,14.0374],[101.4634,14.0374]],[[101.4736,14.034],[101.4739,14.0343],[101.4739,14.034],[101.4736,14.034]],[[101.4789,14.0326],[101.4794,14.0326],[101.4797,14.0313],[101.4788,14.0315],[101.4789,14.0326]],[[101.4886,14.0314],[101.4891,14.0314],[101.4891,14.0309],[101.4886,14.0309],[101.4886,14.0314]],[[101.48,14.0313],[101.4822,14.0312],[101.4822,14.031],[101.4805,14.0307],[101.48,14.0313]],[[101.4797,14.0299],[101.4802,14.0302],[101.4802,14.0299],[101.4797,14.0299]],[[101.4897,14.0298],[101.4902,14.0298],[101.4902,14.0295],[101.4894,14.0293],[101.4897,14.0298]],[[101.4905,14.0276],[101.4907,14.0284],[101.4907,14.0276],[101.4905,14.0276]],[[101.4941,14.0281],[101.4946,14.0279],[101.4946,14.0268],[101.4957,14.0265],[101.4954,14.026],[101.4943,14.0257],[101.4941,14.0262],[101.4935,14.0262],[101.4935,14.0276],[101.4941,14.0281]],[[101.4755,14.0278],[101.4771,14.028],[101.4771,14.0267],[101.4755,14.0267],[101.4755,14.0278]],[[101.473,14.0278],[101.4738,14.0275],[101.4735,14.0265],[101.473,14.0262],[101.473,14.0256],[101.4718,14.0257],[101.4716,14.0265],[101.473,14.0278]],[[101.5154,14.0271],[101.5157,14.0274],[101.5157,14.0271],[101.5154,14.0271]],[[101.5135,14.0271],[101.514,14.0268],[101.5138,14.0263],[101.5132,14.0266],[101.5135,14.0271]],[[101.4999,14.0267],[101.5004,14.0267],[101.5004,14.0264],[101.4999,14.0262],[101.4999,14.0267]],[[101.4927,14.0254],[101.4929,14.0257],[101.4929,14.0254],[101.4927,14.0254]],[[101.506,14.0256],[101.5065,14.0253],[101.5065,14.0248],[101.5057,14.0248],[101.506,14.0256]],[[101.4957,14.0254],[101.4963,14.0254],[101.4963,14.0243],[101.4968,14.024],[101.4968,14.0235],[101.4957,14.0238],[101.4957,14.0254]],[[101.5101,14.0244],[101.5104,14.025],[101.5107,14.0244],[101.5101,14.0244]],[[101.4921,14.0246],[101.4927,14.0246],[101.4926,14.0241],[101.4921,14.0241],[101.4921,14.0246]],[[101.4874,14.0244],[101.4888,14.0241],[101.4887,14.023],[101.4893,14.0225],[101.4879,14.0225],[101.4876,14.022],[101.4871,14.022],[101.4868,14.0233],[101.4874,14.0233],[101.4874,14.0244]],[[101.4899,14.0244],[101.4904,14.0244],[101.4907,14.0236],[101.4921,14.0236],[101.4921,14.023],[101.491,14.023],[101.4907,14.0225],[101.4901,14.0225],[101.4901,14.0233],[101.4896,14.0236],[101.4899,14.0244]],[[101.4979,14.0243],[101.4985,14.0243],[101.4985,14.0238],[101.4979,14.0238],[101.4979,14.0243]],[[101.5087,14.0242],[101.5096,14.0239],[101.509,14.0231],[101.5085,14.0234],[101.5087,14.0242]],[[101.511,14.0239],[101.5115,14.0239],[101.5118,14.0231],[101.511,14.0231],[101.511,14.0239]],[[101.4935,14.0235],[101.4943,14.0235],[101.4943,14.0233],[101.4935,14.023],[101.4935,14.0235]],[[101.5046,14.0229],[101.5051,14.0231],[101.5051,14.0229],[101.5046,14.0229]],[[101.4779,14.0226],[101.4793,14.0226],[101.4793,14.0218],[101.4779,14.0218],[101.4779,14.0226]],[[101.5023,14.0207],[101.5029,14.0205],[101.5029,14.0194],[101.5037,14.0188],[101.5034,14.0169],[101.5042,14.0169],[101.5051,14.0185],[101.5067,14.0185],[101.507,14.0204],[101.5093,14.0207],[101.5095,14.0193],[101.5079,14.0191],[101.5076,14.018],[101.5123,14.0185],[101.5123,14.0176],[101.5117,14.0177],[101.512,14.0163],[101.5114,14.0163],[101.5103,14.0179],[101.5095,14.0179],[101.5062,14.0164],[101.5042,14.0164],[101.5039,14.015],[101.5028,14.0148],[101.5029,14.0188],[101.5023,14.0197],[101.5023,14.0207]],[[101.4868,14.0201],[101.4873,14.0201],[101.4873,14.0195],[101.4879,14.0193],[101.4879,14.0176],[101.4856,14.0179],[101.4859,14.0185],[101.4865,14.0185],[101.4868,14.0201]],[[101.5123,14.0185],[101.5126,14.0187],[101.5126,14.0185],[101.5123,14.0185]],[[101.4881,14.0174],[101.4898,14.0168],[101.4909,14.0149],[101.4903,14.0149],[101.4881,14.0174]],[[101.4984,14.0173],[101.4992,14.0172],[101.5,14.0156],[101.5014,14.0156],[101.5017,14.0148],[101.5028,14.0148],[101.5028,14.014],[101.5003,14.0137],[101.4998,14.0143],[101.4981,14.0145],[101.4973,14.0156],[101.4978,14.0156],[101.4984,14.0173]],[[101.5142,14.0171],[101.5153,14.0168],[101.5153,14.0163],[101.5148,14.016],[101.515,14.0149],[101.5161,14.0144],[101.5184,14.0146],[101.5189,14.0141],[101.5189,14.0135],[101.5181,14.0127],[101.518,14.0105],[101.5186,14.0103],[101.5186,14.0095],[101.5175,14.0084],[101.5174,14.0076],[101.5155,14.0076],[101.5155,14.007],[101.5119,14.0079],[101.5102,14.0076],[101.5094,14.0085],[101.5094,14.0106],[101.5078,14.0112],[101.5089,14.0128],[101.5095,14.0125],[101.5094,14.0109],[101.5105,14.0101],[101.5105,14.0093],[101.5114,14.0093],[101.5119,14.0101],[101.5139,14.0103],[101.5141,14.0092],[101.5136,14.009],[101.5136,14.0082],[101.5158,14.0084],[101.5164,14.0089],[101.5158,14.0106],[101.5147,14.0106],[101.5139,14.0114],[101.5153,14.0117],[101.5153,14.0125],[101.5142,14.0125],[101.5142,14.013],[101.5133,14.013],[101.5131,14.0136],[101.5114,14.0136],[101.5111,14.0131],[101.5106,14.0131],[101.5106,14.0136],[101.5084,14.0139],[101.5084,14.0147],[101.5095,14.0155],[101.5095,14.0161],[101.51,14.016],[101.5106,14.0152],[101.512,14.0152],[101.512,14.016],[101.5142,14.016],[101.5142,14.0171]],[[101.4945,14.0151],[101.495,14.0154],[101.495,14.0151],[101.4945,14.0151]],[[101.4912,14.0146],[101.492,14.0149],[101.492,14.0143],[101.4912,14.0146]],[[101.5214,14.0132],[101.522,14.0135],[101.522,14.0132],[101.5214,14.0132]],[[101.5228,14.0135],[101.5242,14.0126],[101.5242,14.0116],[101.523,14.0113],[101.5228,14.0118],[101.5219,14.0119],[101.5214,14.0113],[101.5214,14.0119],[101.5219,14.0121],[101.522,14.0132],[101.5228,14.0135]],[[101.4939,14.013],[101.4945,14.0132],[101.4945,14.013],[101.4939,14.013]],[[101.51,14.0125],[101.5106,14.0128],[101.5106,14.0125],[101.51,14.0125]],[[101.5061,14.0123],[101.5067,14.0123],[101.5067,14.0109],[101.5064,14.0109],[101.5061,14.0123]],[[101.5108,14.0122],[101.5117,14.012],[101.5117,14.0112],[101.5106,14.0114],[101.5108,14.0122]],[[101.5219,14.0108],[101.5225,14.0108],[101.5227,14.01],[101.5222,14.01],[101.5219,14.0108]],[[101.5194,14.0103],[101.52,14.0103],[101.52,14.0097],[101.5194,14.0097],[101.5194,14.0103]],[[101.495,14.0092],[101.4953,14.0094],[101.4953,14.0092],[101.495,14.0092]],[[101.505,14.0088],[101.5058,14.0085],[101.5058,14.0077],[101.505,14.0077],[101.505,14.0088]],[[101.5174,14.0073],[101.5177,14.0076],[101.5177,14.0073],[101.5174,14.0073]],[[101.518,14.0073],[101.5188,14.007],[101.5188,14.0051],[101.5171,14.0046],[101.5169,14.0054],[101.5183,14.0054],[101.518,14.0073]]]}},{"type":"Feature","properties":{"kind":"flood","area_km2":9.847,"conf":"high","date":"2026-10-09"},"geometry":{"type":"Polygon","coordinates":[[[101.5295,14.8286],[101.5286,14.827],[101.5267,14.8265],[101.5266,14.8254],[101.5247,14.8246],[101.523,14.823],[101.5227,14.8219],[101.5222,14.8219],[101.5219,14.8211],[101.521,14.8209],[101.5207,14.8198],[101.5199,14.819],[101.5177,14.8185],[101.5174,14.8179],[101.5163,14.8182],[101.5151,14.8174],[101.5121,14.8172],[101.5112,14.8161],[101.5101,14.8161],[101.5095,14.8156],[101.5095,14.8148],[101.5084,14.8148],[101.5084,14.8142],[101.5076,14.814],[101.5062,14.8123],[101.5048,14.8124],[101.5042,14.8116],[101.5034,14.8116],[101.5031,14.8086],[101.5011,14.8089],[101.4994,14.8075],[101.498,14.8076],[101.4975,14.8081],[101.4975,14.8089],[101.4967,14.8089],[101.4958,14.8081],[101.4944,14.8079],[101.4944,14.8071],[101.4916,14.8044],[101.4916,14.8036],[101.4924,14.8036],[101.4924,14.8025],[101.4929,14.8017],[101.4938,14.8014],[101.4938,14.8008],[101.4913,14.8],[101.4912,14.799],[101.4907,14.7984],[101.4893,14.7987],[101.489,14.7974],[101.4895,14.7965],[101.4887,14.796],[101.4887,14.7941],[101.4912,14.7946],[101.4915,14.7938],[101.4881,14.7928],[101.4881,14.7914],[101.4875,14.7909],[101.4875,14.7898],[101.4881,14.7895],[101.4878,14.7868],[101.4867,14.7871],[101.4866,14.7857],[101.4861,14.7857],[101.4861,14.7852],[101.485,14.7847],[101.4849,14.783],[101.4841,14.7828],[101.483,14.7814],[101.4824,14.7814],[101.4824,14.7806],[101.483,14.7806],[101.4832,14.7798],[101.4821,14.7779],[101.4821,14.776],[101.4829,14.776],[101.4832,14.7736],[101.4854,14.773],[101.4854,14.7722],[101.4842,14.7706],[101.4842,14.7698],[101.4848,14.7695],[101.4848,14.7676],[101.4856,14.7676],[101.4859,14.7681],[101.487,14.7684],[101.487,14.7703],[101.489,14.7697],[101.489,14.7711],[101.4879,14.7714],[101.4887,14.7724],[101.4887,14.7741],[101.4907,14.7735],[101.4918,14.7721],[101.4923,14.7721],[101.4929,14.7705],[101.4942,14.7691],[101.4942,14.7675],[101.4934,14.7667],[101.4934,14.7653],[101.4939,14.7648],[101.4939,14.7623],[101.4955,14.7612],[101.4964,14.7612],[101.4964,14.762],[101.4983,14.7618],[101.4983,14.7623],[101.5,14.7623],[101.5,14.765],[101.5006,14.7653],[101.5006,14.7658],[101.5023,14.7652],[101.5042,14.7655],[101.5045,14.7676],[101.504,14.7679],[101.5038,14.7733],[101.5054,14.7728],[101.506,14.7741],[101.5068,14.7744],[101.5074,14.7763],[101.508,14.7763],[101.5085,14.7771],[101.5105,14.7768],[101.5113,14.7773],[101.5113,14.7779],[101.5125,14.7779],[101.5127,14.7789],[101.5133,14.7789],[101.5133,14.7803],[101.5142,14.7814],[101.5153,14.7814],[101.5156,14.7819],[101.5175,14.7816],[101.5181,14.7824],[101.52,14.7832],[101.52,14.784],[101.5189,14.784],[101.5189,14.7848],[101.5217,14.7845],[101.5223,14.7862],[101.5223,14.7878],[101.5218,14.7881],[101.5218,14.7886],[101.5229,14.7897],[101.5226,14.7913],[101.5232,14.7918],[101.5254,14.7918],[101.5252,14.7934],[101.5263,14.7951],[101.5266,14.7964],[101.5288,14.7988],[101.5308,14.7991],[101.5311,14.7996],[101.5316,14.7996],[101.5314,14.8007],[101.5336,14.8028],[101.532,14.8031],[101.532,14.8026],[101.5311,14.802],[101.5314,14.8015],[101.5303,14.801],[101.5303,14.8002],[101.5297,14.8007],[101.5297,14.8018],[101.5289,14.8018],[101.5286,14.8013],[101.528,14.8015],[101.5269,14.8005],[101.5263,14.7978],[101.5255,14.7978],[101.5252,14.7983],[101.5249,14.797],[101.5244,14.797],[101.5232,14.7956],[101.5216,14.7956],[101.521,14.7946],[101.5213,14.794],[101.5204,14.7932],[101.5204,14.7927],[101.5179,14.7922],[101.5179,14.7914],[101.5187,14.7908],[101.519,14.7892],[101.5184,14.7892],[101.5165,14.7868],[101.5142,14.7862],[101.5142,14.7857],[101.5137,14.7854],[101.5126,14.7871],[101.5117,14.7871],[101.5114,14.7863],[101.5123,14.786],[101.5123,14.7855],[101.5117,14.7855],[101.5112,14.786],[101.5112,14.7874],[101.5089,14.7874],[101.5081,14.7863],[101.5064,14.7861],[101.5064,14.7852],[101.5059,14.7853],[101.5055,14.782],[101.5033,14.782],[101.503,14.7815],[101.5025,14.7815],[101.5019,14.7826],[101.5019,14.7834],[101.5028,14.7837],[101.5025,14.7864],[101.5011,14.7858],[101.4986,14.7875],[101.4986,14.787],[101.4995,14.7861],[101.4986,14.7851],[101.4986,14.7859],[101.4975,14.7862],[101.4972,14.787],[101.4956,14.7873],[101.4961,14.7878],[101.497,14.7875],[101.4973,14.7891],[101.4956,14.7894],[101.495,14.7897],[101.495,14.7905],[101.4942,14.7905],[101.4942,14.7911],[101.4951,14.7908],[101.4951,14.7913],[101.4967,14.7916],[101.4968,14.794],[101.4979,14.7948],[101.4973,14.7951],[101.4968,14.7965],[101.4962,14.7965],[101.4954,14.7973],[101.4951,14.7984],[101.496,14.7995],[101.4974,14.7997],[101.4982,14.8008],[101.4991,14.801],[101.4985,14.8021],[101.496,14.8022],[101.4957,14.8027],[101.4969,14.8032],[101.4983,14.8029],[101.4997,14.8062],[101.5027,14.8059],[101.5036,14.807],[101.5036,14.8078],[101.5053,14.8078],[101.5058,14.8072],[101.5058,14.8086],[101.5061,14.808],[101.5078,14.808],[101.5078,14.8075],[101.5089,14.8069],[101.51,14.8093],[101.5134,14.8101],[101.5128,14.8117],[101.5134,14.8117],[101.5151,14.8133],[101.5159,14.8136],[101.5162,14.816],[101.5168,14.8166],[101.5179,14.8166],[101.5182,14.816],[101.5187,14.816],[101.519,14.8146],[101.5198,14.8138],[101.5201,14.8152],[101.5196,14.8165],[101.519,14.8168],[101.519,14.8182],[101.5199,14.8187],[101.521,14.8187],[101.5216,14.8195],[101.5221,14.8195],[101.5221,14.82],[101.5227,14.82],[101.523,14.8206],[101.5233,14.8219],[101.5247,14.8233],[101.5261,14.8235],[101.5272,14.8249],[101.5289,14.8254],[101.5289,14.8262],[101.53,14.827],[101.5303,14.8283],[101.5295,14.8286]],[[101.528,14.7988],[101.5283,14.7991],[101.5283,14.7988],[101.528,14.7988]],[[101.4956,14.7889],[101.4959,14.7892],[101.4959,14.7889],[101.4956,14.7889]],[[101.4978,14.7851],[101.4983,14.7851],[101.4983,14.7845],[101.4975,14.7845],[101.4978,14.7851]],[[101.4967,14.7845],[101.4975,14.7845],[101.4969,14.7843],[101.4969,14.7837],[101.4977,14.7832],[101.4966,14.7835],[101.4967,14.7845]],[[101.4977,14.7832],[101.4989,14.7832],[101.4989,14.7829],[101.498,14.7829],[101.498,14.7826],[101.4977,14.7826],[101.4977,14.7832]],[[101.4991,14.7823],[101.4994,14.7829],[101.4994,14.7823],[101.4991,14.7823]],[[101.4966,14.7824],[101.4977,14.7826],[101.4972,14.7821],[101.4977,14.7815],[101.4966,14.7816],[101.4966,14.7824]],[[101.4977,14.7813],[101.4983,14.7815],[101.4983,14.7813],[101.4977,14.7813]],[[101.4963,14.781],[101.4966,14.7813],[101.4966,14.781],[101.4963,14.781]],[[101.4983,14.781],[101.4986,14.7813],[101.4986,14.781],[101.4983,14.781]],[[101.4958,14.7808],[101.4961,14.781],[101.4961,14.7807],[101.4958,14.7808]],[[101.4974,14.781],[101.4983,14.781],[101.4983,14.7807],[101.4974,14.7805],[101.4974,14.781]],[[101.4966,14.7802],[101.4969,14.7805],[101.4969,14.7802],[101.4966,14.7802]],[[101.4969,14.7799],[101.4972,14.7802],[101.4972,14.7799],[101.4969,14.7799]],[[101.487,14.773],[101.4873,14.7735],[101.4873,14.773],[101.487,14.773]],[[101.4873,14.7727],[101.4876,14.773],[101.4876,14.7727],[101.4873,14.7727]],[[101.5006,14.7669],[101.5009,14.7674],[101.5012,14.7669],[101.5006,14.7669]]]}},{"type":"Feature","properties":{"kind":"flood","area_km2":9.356,"conf":"high","date":"2026-10-09"},"geometry":{"type":"Polygon","coordinates":[[[101.4216,14.0278],[101.421,14.0248],[101.4202,14.0243],[101.4185,14.0243],[101.4174,14.0227],[101.4163,14.0232],[101.4163,14.0216],[101.4143,14.0216],[101.4144,14.0235],[101.4135,14.0235],[101.4121,14.0227],[101.4113,14.0227],[101.4107,14.0219],[101.4088,14.0222],[101.4079,14.0211],[101.4079,14.0203],[101.4068,14.0193],[101.4065,14.0182],[101.4057,14.0176],[101.4057,14.0163],[101.4034,14.0122],[101.4034,14.0112],[101.4056,14.0109],[101.4059,14.0128],[101.4073,14.0128],[101.4073,14.0114],[101.4064,14.0109],[101.4064,14.0101],[101.4045,14.0071],[101.4047,14.0052],[101.4042,14.0049],[101.4042,14.0036],[101.4047,14.0025],[101.4061,14.0017],[101.4102,14.0016],[101.4102,13.9994],[101.4099,13.9994],[101.4099,13.9992],[101.4097,13.9992],[101.4097,14.0003],[101.4091,14.0011],[101.4052,14.0014],[101.4052,14.0003],[101.4041,14.0003],[101.4041,14.0011],[101.4033,14.0011],[101.4027,14.0006],[101.4027,13.9995],[101.4008,13.9995],[101.4005,13.9985],[101.3988,13.9985],[101.3988,13.9974],[101.3999,13.9974],[101.3999,13.9963],[101.4027,13.9963],[101.4027,13.9968],[101.4035,13.9976],[101.4049,13.9979],[101.4049,13.999],[101.4055,13.9995],[101.4072,13.9995],[101.4074,13.9973],[101.4041,13.9973],[101.4038,13.9963],[101.4091,13.9962],[101.4091,13.9978],[101.4102,13.9978],[101.4102,13.9962],[101.4116,13.9962],[101.4124,13.997],[101.4122,13.9986],[101.4135,13.9986],[101.4138,13.9972],[101.4132,13.997],[101.4132,13.9962],[101.4155,13.9961],[101.4158,13.9978],[101.4144,13.9975],[101.4144,13.998],[101.4158,13.9983],[101.4172,13.9994],[101.4183,13.9996],[101.4199,13.9993],[101.4191,13.9985],[101.4174,13.9988],[101.4171,13.998],[101.4166,13.998],[101.4163,13.9961],[101.4182,13.9961],[101.4182,13.9972],[101.4188,13.9969],[101.4188,13.9961],[101.4293,13.996],[101.4293,13.9968],[101.4288,13.9974],[101.4305,13.9973],[101.4305,13.9982],[101.4299,13.9984],[101.4299,14.0001],[101.4316,14.0003],[101.4311,14.0019],[101.4327,14.0025],[101.4327,14.0036],[101.4333,14.0035],[101.4333,14.0027],[101.4347,14.0019],[101.4347,14.0008],[101.4341,14.0008],[101.4341,13.9992],[101.4324,13.9998],[101.4313,13.9998],[101.4308,13.9992],[101.4313,13.9965],[101.4324,13.9965],[101.4327,13.996],[101.4385,13.9959],[101.4385,13.9967],[101.438,13.9973],[101.4388,13.9973],[101.4399,13.9967],[101.4399,13.9959],[101.4421,13.9959],[101.4421,13.9975],[101.4435,13.9978],[101.4435,13.9986],[101.443,13.9986],[101.4433,14.0034],[101.443,14.0024],[101.4424,14.0024],[101.4427,14.0005],[101.4416,14.0005],[101.4413,14.0013],[101.4399,14.0013],[101.44,14.0029],[101.4419,14.0026],[101.4419,14.0037],[101.443,14.0037],[101.4419,14.004],[101.4422,14.0054],[101.4428,14.0056],[101.4422,14.0083],[101.4414,14.0092],[101.4395,14.0089],[101.4398,14.0103],[101.437,14.0103],[101.4361,14.0095],[101.4358,14.0084],[101.4364,14.0084],[101.4367,14.0079],[101.4375,14.0081],[101.4386,14.007],[101.4397,14.0067],[101.4397,14.0062],[101.4392,14.0059],[101.4394,14.0046],[101.4386,14.0046],[101.4383,14.0068],[101.4375,14.0076],[101.4367,14.0076],[101.4367,14.0065],[101.4356,14.0065],[101.435,14.0068],[101.435,14.0081],[101.4345,14.0076],[101.4344,14.0068],[101.4339,14.0068],[101.4336,14.0076],[101.4317,14.0079],[101.4317,14.0084],[101.4325,14.009],[101.435,14.0087],[101.4359,14.0095],[101.4359,14.0103],[101.4367,14.0106],[101.4367,14.0114],[101.4375,14.0116],[101.4376,14.0133],[101.4353,14.0133],[101.4357,14.0163],[101.4337,14.0163],[101.4337,14.0168],[101.4346,14.0171],[101.4346,14.0179],[101.4337,14.019],[101.4324,14.019],[101.4315,14.0182],[101.4315,14.0196],[101.4301,14.0198],[101.4307,14.0223],[101.4304,14.0228],[101.4291,14.0234],[101.4288,14.0247],[101.4283,14.0253],[101.4277,14.0253],[101.4272,14.0261],[101.426,14.0261],[101.426,14.0248],[101.4252,14.0245],[101.4252,14.024],[101.4221,14.0245],[101.4224,14.0278],[101.4216,14.0278]],[[101.4204,14.0224],[101.421,14.0226],[101.421,14.0224],[101.4204,14.0224]],[[101.4229,14.0224],[101.4257,14.0223],[101.4252,14.0207],[101.426,14.0204],[101.4265,14.0193],[101.4274,14.0193],[101.4273,14.0185],[101.4251,14.0188],[101.4251,14.0196],[101.4243,14.0202],[101.424,14.0215],[101.4221,14.021],[101.4221,14.0218],[101.4227,14.0218],[101.4229,14.0224]],[[101.4185,14.0216],[101.4191,14.0219],[101.4191,14.0216],[101.4185,14.0216]],[[101.4121,14.0211],[101.4124,14.0216],[101.4124,14.0211],[101.4121,14.0211]],[[101.4118,14.0206],[101.4124,14.0203],[101.4124,14.0198],[101.4115,14.02],[101.4118,14.0206]],[[101.4193,14.0202],[101.4201,14.0202],[101.4201,14.0194],[101.419,14.0191],[101.4193,14.0202]],[[101.4093,14.0198],[101.4096,14.0192],[101.409,14.019],[101.409,14.0195],[101.4093,14.0198]],[[101.4135,14.0197],[101.4157,14.0178],[101.4157,14.0167],[101.4146,14.0167],[101.4143,14.0173],[101.4137,14.017],[101.4135,14.0176],[101.4129,14.0176],[101.4135,14.0197]],[[101.4213,14.0194],[101.4218,14.0194],[101.4218,14.0188],[101.4215,14.0188],[101.4213,14.0194]],[[101.4126,14.0173],[101.4129,14.0176],[101.4129,14.0173],[101.4126,14.0173]],[[101.4223,14.0175],[101.4229,14.0156],[101.422,14.0153],[101.422,14.0148],[101.4215,14.0145],[101.4215,14.0134],[101.4209,14.0132],[101.4209,14.0164],[101.4218,14.0164],[101.4223,14.0175]],[[101.4257,14.0174],[101.4262,14.0174],[101.4259,14.0166],[101.4254,14.0166],[101.4257,14.0174]],[[101.4304,14.0171],[101.4309,14.0171],[101.4309,14.0166],[101.4301,14.0166],[101.4304,14.0171]],[[101.4093,14.0165],[101.4096,14.0171],[101.4096,14.0165],[101.4093,14.0165]],[[101.4076,14.0168],[101.4082,14.0165],[101.4079,14.016],[101.4073,14.016],[101.4076,14.0168]],[[101.4318,14.016],[101.432,14.0163],[101.432,14.016],[101.4318,14.016]],[[101.4195,14.0159],[101.4201,14.0159],[101.4201,14.0153],[101.4195,14.0153],[101.4195,14.0159]],[[101.432,14.0155],[101.4326,14.0155],[101.4329,14.0144],[101.4329,14.0139],[101.4323,14.0136],[101.4317,14.0139],[101.432,14.0155]],[[101.4101,14.0149],[101.4106,14.0143],[101.412,14.0143],[101.4115,14.0119],[101.4101,14.0119],[101.4101,14.0108],[101.4114,14.0108],[101.4103,14.0076],[101.4086,14.0081],[101.4084,14.0092],[101.4084,14.0103],[101.4095,14.0108],[101.4095,14.0138],[101.4101,14.0149]],[[101.407,14.0147],[101.4082,14.0144],[101.4079,14.013],[101.407,14.0136],[101.407,14.0147]],[[101.4281,14.0142],[101.4284,14.0134],[101.427,14.0134],[101.427,14.0139],[101.4281,14.0142]],[[101.4229,14.014],[101.4237,14.0139],[101.4234,14.0129],[101.4242,14.0129],[101.4242,14.0118],[101.4228,14.0121],[101.4228,14.0107],[101.4234,14.0107],[101.4234,14.0102],[101.4212,14.0102],[101.4212,14.0107],[101.4223,14.0118],[101.4229,14.014]],[[101.4292,14.0136],[101.4306,14.0136],[101.4306,14.0128],[101.4298,14.0128],[101.4298,14.012],[101.4289,14.012],[101.4292,14.0136]],[[101.4351,14.0133],[101.4353,14.0125],[101.4348,14.0122],[101.4348,14.013],[101.4351,14.0133]],[[101.4151,14.0124],[101.4167,14.0121],[101.4167,14.0108],[101.4156,14.0108],[101.4164,14.0105],[101.4164,14.0086],[101.4159,14.0089],[101.4161,14.0094],[101.4145,14.0094],[101.4145,14.0111],[101.4151,14.011],[101.4151,14.0124]],[[101.4267,14.0123],[101.4281,14.0123],[101.4281,14.0117],[101.427,14.0117],[101.4264,14.0112],[101.4267,14.0123]],[[101.4201,14.0121],[101.4206,14.0121],[101.4206,14.0113],[101.4203,14.0105],[101.4195,14.0105],[101.4192,14.011],[101.4201,14.0121]],[[101.4142,14.0113],[101.4148,14.0116],[101.4148,14.0113],[101.4142,14.0113]],[[101.4242,14.0101],[101.4245,14.0107],[101.4245,14.0101],[101.4242,14.0101]],[[101.4259,14.0104],[101.4262,14.0107],[101.4262,14.0104],[101.4259,14.0104]],[[101.4142,14.0081],[101.4145,14.0073],[101.4139,14.0067],[101.4139,14.0054],[101.4128,14.0051],[101.4131,14.0067],[101.4142,14.0081]],[[101.4286,14.0066],[101.4294,14.0066],[101.4294,14.006],[101.4286,14.0058],[101.4286,14.0066]],[[101.4255,14.0058],[101.4258,14.0063],[101.4258,14.0058],[101.4255,14.0058]],[[101.4061,14.0057],[101.4072,14.006],[101.4072,14.0054],[101.4061,14.0052],[101.4061,14.0057]],[[101.4089,14.0057],[101.4092,14.006],[101.4092,14.0057],[101.4089,14.0057]],[[101.4225,14.0053],[101.423,14.005],[101.4228,14.0042],[101.4222,14.0045],[101.4225,14.0053]],[[101.4061,14.0046],[101.4111,14.0046],[101.4111,14.0038],[101.4105,14.0038],[101.4105,14.0032],[101.4094,14.0032],[101.4091,14.0019],[101.4077,14.0019],[101.4077,14.0024],[101.4064,14.0025],[101.4061,14.0046]],[[101.4344,14.0046],[101.435,14.0043],[101.435,14.0038],[101.4358,14.0035],[101.4363,14.0022],[101.4352,14.0022],[101.4352,14.0033],[101.4341,14.0038],[101.4344,14.0046]],[[101.4375,14.0043],[101.4391,14.0043],[101.4391,14.0027],[101.4377,14.0027],[101.4375,14.0043]],[[101.4197,14.0031],[101.42,14.0037],[101.42,14.0031],[101.4197,14.0031]],[[101.4391,14.0013],[101.4408,14.0008],[101.4416,13.9997],[101.4391,14.0005],[101.4391,14.0013]],[[101.4066,14.0008],[101.4075,14.0008],[101.4074,13.9997],[101.4066,13.9998],[101.4066,14.0008]],[[101.4283,14.0003],[101.4288,14.0003],[101.4288,13.9998],[101.4283,13.9998],[101.4283,14.0003]],[[101.4383,14.0002],[101.4388,14.0002],[101.4388,13.9994],[101.438,13.9986],[101.4377,13.9994],[101.4383,14.0002]],[[101.4213,13.9999],[101.4274,13.9998],[101.4283,13.9995],[101.4283,13.9987],[101.4274,13.9982],[101.4263,13.9982],[101.4258,13.9993],[101.4213,13.9993],[101.4213,13.9999]],[[101.4074,13.9995],[101.4083,13.9995],[101.4083,13.9986],[101.4074,13.9987],[101.4074,13.9995]],[[101.4091,13.9992],[101.4097,13.9992],[101.4096,13.9984],[101.408,13.9978],[101.408,13.9984],[101.4091,13.9986],[101.4091,13.9992]],[[101.436,13.9989],[101.4374,13.9989],[101.438,13.9973],[101.4363,13.9973],[101.436,13.9989]],[[101.4238,13.9988],[101.4255,13.9987],[101.4255,13.9979],[101.4238,13.998],[101.4238,13.9988]]]}},{"type":"Feature","properties":{"kind":"flood","area_km2":8.663,"conf":"high","date":"2026-10-09"},"geometry":{"type":"Polygon","coordinates":[[[101.3935,14.0479],[101.3932,14.0473],[101.3927,14.0473],[101.3927,14.046],[101.391,14.0463],[101.3912,14.0438],[101.3904,14.0438],[101.3901,14.0433],[101.3896,14.0433],[101.3893,14.0438],[101.3893,14.0452],[101.3871,14.0455],[101.3871,14.0433],[101.3882,14.0433],[101.3873,14.0425],[101.387,14.0409],[101.3873,14.0403],[101.389,14.0409],[101.389,14.04],[101.3884,14.04],[101.3879,14.0384],[101.3865,14.0398],[101.3848,14.0401],[101.3848,14.0428],[101.3832,14.0436],[101.3829,14.0452],[101.3821,14.0453],[101.3807,14.0442],[101.3807,14.0434],[101.3815,14.0436],[101.3821,14.0434],[101.381,14.0431],[101.3807,14.0423],[101.3798,14.0423],[101.3815,14.0415],[101.3815,14.0401],[101.3798,14.0399],[101.3793,14.0404],[101.379,14.0391],[101.3795,14.0385],[101.3801,14.039],[101.3818,14.0388],[101.3815,14.0371],[101.3806,14.0371],[101.3809,14.0352],[101.3795,14.0353],[101.3792,14.0336],[101.3773,14.0337],[101.3773,14.0345],[101.3778,14.0345],[101.3778,14.0364],[101.3795,14.0363],[101.3795,14.0372],[101.3773,14.0369],[101.3773,14.038],[101.3768,14.0385],[101.3765,14.0377],[101.3759,14.0377],[101.3759,14.0388],[101.3765,14.0388],[101.3765,14.0396],[101.3759,14.0396],[101.3759,14.0407],[101.3737,14.0405],[101.3729,14.0397],[101.3726,14.0378],[101.3745,14.038],[101.3745,14.0375],[101.3756,14.0375],[101.3756,14.0366],[101.3753,14.0361],[101.3745,14.0361],[101.3745,14.0367],[101.3728,14.0364],[101.3723,14.0372],[101.3717,14.0372],[101.3711,14.0332],[101.3717,14.0323],[101.3725,14.0323],[101.3728,14.0332],[101.3734,14.0331],[101.3734,14.0326],[101.3742,14.0326],[101.3742,14.0334],[101.375,14.0334],[101.375,14.0323],[101.3756,14.0323],[101.3758,14.0312],[101.3764,14.0309],[101.3767,14.0288],[101.3778,14.0285],[101.378,14.028],[101.3783,14.029],[101.3772,14.029],[101.377,14.0315],[101.3783,14.0315],[101.3784,14.0323],[101.3797,14.0323],[101.3797,14.0277],[101.3814,14.0276],[101.3814,14.0287],[101.3822,14.0285],[101.3822,14.0276],[101.3816,14.0271],[101.3819,14.0244],[101.3816,14.0238],[101.3802,14.0239],[101.3802,14.0255],[101.3794,14.0255],[101.378,14.0266],[101.3777,14.0258],[101.3796,14.0225],[101.3796,14.0217],[101.3827,14.0209],[101.3827,14.0203],[101.3807,14.0203],[101.3807,14.0195],[101.3821,14.0187],[101.3824,14.0176],[101.3829,14.0176],[101.384,14.0189],[101.3849,14.0214],[101.3857,14.0214],[101.3858,14.0227],[101.3871,14.0227],[101.3871,14.0214],[101.3902,14.0211],[101.3896,14.0202],[101.3891,14.0203],[101.3888,14.0208],[101.388,14.0208],[101.3877,14.02],[101.3871,14.0203],[101.3868,14.0178],[101.3876,14.0178],[101.3876,14.017],[101.3871,14.0176],[101.3854,14.0173],[101.3862,14.017],[101.3865,14.0159],[101.3871,14.0159],[101.3873,14.0154],[101.3873,14.0148],[101.3868,14.0149],[101.387,14.0124],[101.3873,14.014],[101.3884,14.014],[101.389,14.0146],[101.389,14.0151],[101.3884,14.0151],[101.3885,14.017],[101.3893,14.017],[101.3893,14.0175],[101.3899,14.0175],[101.3899,14.017],[101.3904,14.0167],[101.3912,14.017],[101.3915,14.0164],[101.3921,14.0164],[101.3923,14.0159],[101.3918,14.0159],[101.3918,14.0153],[101.3926,14.0145],[101.3943,14.0145],[101.3943,14.014],[101.3954,14.014],[101.3973,14.0164],[101.3974,14.0172],[101.3979,14.0172],[101.3979,14.0161],[101.3968,14.0148],[101.3959,14.0126],[101.3959,14.0118],[101.3976,14.0112],[101.3976,14.0118],[101.399,14.012],[101.3993,14.0128],[101.3998,14.0128],[101.4001,14.0134],[101.4001,14.0147],[101.399,14.0147],[101.3993,14.0155],[101.4001,14.0155],[101.4007,14.0163],[101.4018,14.0169],[101.4004,14.0172],[101.4007,14.0191],[101.4024,14.019],[101.4026,14.0185],[101.4032,14.0201],[101.403,14.0215],[101.4038,14.0217],[101.4035,14.0228],[101.4021,14.0228],[101.4022,14.0247],[101.4013,14.0247],[101.4013,14.0261],[101.4019,14.0266],[101.403,14.0266],[101.4033,14.0272],[101.4038,14.0272],[101.4038,14.0263],[101.4047,14.0263],[101.4049,14.025],[101.4043,14.0225],[101.406,14.0214],[101.4071,14.0214],[101.408,14.022],[101.4082,14.0228],[101.4099,14.0228],[101.4107,14.0236],[101.4121,14.0233],[101.4124,14.0238],[101.4132,14.0238],[101.4135,14.0243],[101.4124,14.0244],[101.4124,14.0263],[101.4155,14.026],[101.4158,14.027],[101.4169,14.0276],[101.4169,14.0281],[101.4183,14.0278],[101.4183,14.0286],[101.4164,14.03],[101.4164,14.0322],[101.4144,14.0317],[101.4145,14.0327],[101.4136,14.0327],[101.4125,14.0314],[101.4119,14.0314],[101.4119,14.0322],[101.4128,14.0328],[101.4131,14.0347],[101.4114,14.0341],[101.4108,14.0325],[101.4103,14.0322],[101.4103,14.0314],[101.4083,14.0314],[101.4075,14.0306],[101.4075,14.0296],[101.4064,14.0293],[101.4069,14.0306],[101.4075,14.0309],[101.4075,14.0323],[101.4083,14.0328],[101.4086,14.0344],[101.4098,14.0355],[101.4095,14.0371],[101.4084,14.0371],[101.4067,14.035],[101.4067,14.0339],[101.4056,14.0342],[101.4042,14.0318],[101.4033,14.0312],[101.4033,14.032],[101.405,14.0345],[101.4042,14.0388],[101.4026,14.0391],[101.4023,14.0396],[101.4009,14.0397],[101.4009,14.0386],[101.3995,14.038],[101.3995,14.0367],[101.3992,14.0361],[101.3987,14.0361],[101.3987,14.0391],[101.3995,14.0402],[101.4006,14.0405],[101.4007,14.0413],[101.3998,14.0413],[101.3998,14.0418],[101.4012,14.0415],[101.4012,14.0421],[101.4021,14.0423],[101.4024,14.0442],[101.4018,14.0442],[101.4012,14.0434],[101.3998,14.0435],[101.3987,14.0429],[101.3982,14.0424],[101.3982,14.0416],[101.3973,14.0413],[101.3962,14.0424],[101.3962,14.0432],[101.3951,14.044],[101.3951,14.0451],[101.3943,14.0454],[101.3943,14.046],[101.3949,14.0462],[101.3949,14.0476],[101.3935,14.0479]],[[101.3812,14.0428],[101.3821,14.0428],[101.3821,14.042],[101.3812,14.042],[101.3812,14.0428]],[[101.3829,14.042],[101.384,14.042],[101.3845,14.0398],[101.3829,14.0401],[101.3829,14.042]],[[101.3907,14.0406],[101.3912,14.0406],[101.3909,14.0395],[101.3904,14.0395],[101.3907,14.0406]],[[101.3937,14.0397],[101.3943,14.04],[101.3943,14.0397],[101.3937,14.0397]],[[101.4017,14.038],[101.4023,14.0375],[101.4017,14.0364],[101.4006,14.0356],[101.4003,14.0345],[101.4,14.0342],[101.3978,14.0343],[101.3981,14.0353],[101.3998,14.0353],[101.4009,14.0367],[101.4012,14.0378],[101.4017,14.038]],[[101.3756,14.0366],[101.3762,14.0366],[101.3762,14.0364],[101.3756,14.0361],[101.3756,14.0366]],[[101.3734,14.0356],[101.3742,14.0356],[101.3745,14.035],[101.3734,14.035],[101.3734,14.0356]],[[101.3862,14.0352],[101.3873,14.0352],[101.3873,14.0344],[101.3861,14.0344],[101.3862,14.0352]],[[101.3884,14.0349],[101.3889,14.0349],[101.3889,14.0335],[101.3897,14.0333],[101.3897,14.0324],[101.3884,14.0327],[101.3884,14.0349]],[[101.3964,14.034],[101.3978,14.0343],[101.3975,14.0332],[101.3967,14.0332],[101.3964,14.034]],[[101.3861,14.0341],[101.3875,14.0341],[101.3875,14.033],[101.3867,14.033],[101.3867,14.0319],[101.3853,14.0322],[101.3853,14.0336],[101.3861,14.0336],[101.3861,14.0341]],[[101.3942,14.0321],[101.3964,14.0321],[101.3961,14.031],[101.3947,14.031],[101.3947,14.0302],[101.3953,14.0297],[101.3944,14.0291],[101.3944,14.0278],[101.3939,14.0281],[101.3939,14.0291],[101.3933,14.0294],[101.3936,14.0308],[101.3944,14.031],[101.3942,14.0321]],[[101.3803,14.032],[101.3817,14.032],[101.3817,14.0312],[101.3811,14.0312],[101.3811,14.0293],[101.3803,14.0293],[101.3803,14.032]],[[101.4105,14.0306],[101.4108,14.0311],[101.4108,14.0306],[101.4105,14.0306]],[[101.3819,14.0293],[101.3822,14.0295],[101.3822,14.0293],[101.3819,14.0293]],[[101.3925,14.0286],[101.393,14.0283],[101.393,14.0278],[101.3925,14.0278],[101.3925,14.0286]],[[101.4044,14.0285],[101.4058,14.0282],[101.4052,14.0269],[101.4047,14.0269],[101.4047,14.028],[101.4041,14.028],[101.4044,14.0285]],[[101.3847,14.0284],[101.3864,14.0284],[101.3863,14.0268],[101.3858,14.0268],[101.3855,14.0263],[101.3841,14.0263],[101.3841,14.0276],[101.3847,14.0279],[101.3847,14.0284]],[[101.408,14.0282],[101.4089,14.0282],[101.4088,14.0279],[101.4077,14.0274],[101.408,14.0282]],[[101.4113,14.0268],[101.4116,14.0276],[101.4116,14.0268],[101.4113,14.0268]],[[101.3894,14.0273],[101.3897,14.0276],[101.3897,14.0273],[101.3894,14.0273]],[[101.3952,14.027],[101.3958,14.0272],[101.3958,14.027],[101.3952,14.027]],[[101.3902,14.0265],[101.3911,14.0262],[101.3911,14.0251],[101.3902,14.0257],[101.3902,14.0265]],[[101.4055,14.0252],[101.4069,14.0252],[101.4069,14.0239],[101.4055,14.0239],[101.4055,14.0252]],[[101.3838,14.0252],[101.3847,14.0252],[101.3844,14.0241],[101.3838,14.0244],[101.3838,14.0252]],[[101.4008,14.0245],[101.4013,14.0245],[101.4013,14.0242],[101.4008,14.0239],[101.4008,14.0245]],[[101.3977,14.024],[101.3994,14.0239],[101.3996,14.0234],[101.3991,14.0229],[101.398,14.0229],[101.3977,14.024]],[[101.3835,14.0219],[101.3841,14.0219],[101.3841,14.0214],[101.383,14.0209],[101.3835,14.0219]],[[101.3932,14.0218],[101.3946,14.0207],[101.3943,14.0202],[101.3927,14.0208],[101.3932,14.0218]],[[101.3999,14.0212],[101.401,14.0212],[101.401,14.0207],[101.4002,14.0204],[101.3999,14.0212]],[[101.3907,14.0208],[101.3913,14.0208],[101.3916,14.0202],[101.3907,14.0202],[101.3907,14.0208]],[[101.3935,14.0199],[101.3949,14.0199],[101.3949,14.0188],[101.3938,14.0186],[101.3935,14.0199]],[[101.3952,14.0197],[101.3954,14.0199],[101.3954,14.0196],[101.3952,14.0197]],[[101.3954,14.0194],[101.3957,14.0196],[101.3957,14.0194],[101.3954,14.0194]],[[101.3999,14.0193],[101.4002,14.0196],[101.4002,14.0193],[101.3999,14.0193]],[[101.3993,14.0193],[101.3999,14.0193],[101.3996,14.0183],[101.399,14.0183],[101.3993,14.0193]],[[101.3946,14.0186],[101.3965,14.0183],[101.3965,14.0177],[101.3957,14.0175],[101.3954,14.018],[101.3946,14.018],[101.3946,14.0186]],[[101.3932,14.0183],[101.3943,14.0183],[101.3943,14.0169],[101.3937,14.0164],[101.3937,14.0156],[101.3926,14.0153],[101.3926,14.0178],[101.3932,14.0178],[101.3932,14.0183]],[[101.3987,14.0177],[101.399,14.018],[101.399,14.0177],[101.3987,14.0177]],[[101.3946,14.0169],[101.3954,14.0169],[101.3954,14.0161],[101.3948,14.0153],[101.394,14.0153],[101.394,14.0164],[101.3946,14.0169]],[[101.3879,14.0143],[101.3882,14.0148],[101.3882,14.0143],[101.3879,14.0143]]]}},{"type":"Feature","properties":{"kind":"flood","area_km2":6.174,"conf":"high","date":"2026-10-09"},"geometry":{"type":"Polygon","coordinates":[[[101.3506,14.0559],[101.3503,14.0553],[101.348,14.0551],[101.3478,14.0535],[101.3469,14.0535],[101.3469,14.0526],[101.348,14.0526],[101.348,14.0513],[101.3488,14.0496],[101.3485,14.0483],[101.3474,14.048],[101.3474,14.0488],[101.348,14.0488],[101.348,14.0502],[101.3477,14.0507],[101.3466,14.0508],[101.3461,14.0529],[101.345,14.0532],[101.345,14.0521],[101.3461,14.0499],[101.3449,14.0491],[101.3449,14.0481],[101.3455,14.0481],[101.3452,14.0467],[101.3432,14.0473],[101.3435,14.0478],[101.3444,14.0478],[101.3438,14.0511],[101.3433,14.0519],[101.3402,14.0519],[101.3397,14.0511],[101.3397,14.05],[101.3408,14.0484],[101.3408,14.0476],[101.3402,14.0476],[101.3402,14.0454],[101.3407,14.0446],[101.3413,14.0446],[101.3413,14.0438],[101.3404,14.0432],[101.3404,14.0421],[101.3415,14.0419],[101.3424,14.041],[101.3423,14.0405],[101.3415,14.0402],[101.341,14.0408],[101.3401,14.0408],[101.3404,14.0397],[101.3398,14.0397],[101.3396,14.0408],[101.3379,14.0408],[101.3376,14.0395],[101.3382,14.0392],[101.3382,14.0381],[101.3387,14.0375],[101.3409,14.0381],[101.3426,14.0372],[101.3423,14.0356],[101.3409,14.0359],[101.3414,14.0335],[101.3411,14.031],[101.3422,14.0302],[101.3436,14.0302],[101.3436,14.031],[101.3425,14.031],[101.342,14.0321],[101.3456,14.0321],[101.3456,14.0331],[101.3462,14.0331],[101.3462,14.034],[101.3467,14.0339],[101.3467,14.0304],[101.3478,14.0304],[101.3497,14.0293],[101.3522,14.029],[101.3525,14.0309],[101.3534,14.0314],[101.3539,14.0312],[101.3536,14.0295],[101.3553,14.0293],[101.3553,14.0276],[101.3575,14.0273],[101.3575,14.0279],[101.3583,14.0279],[101.3583,14.0265],[101.3589,14.026],[101.3616,14.0262],[101.3627,14.0251],[101.3644,14.0251],[101.3644,14.0259],[101.3633,14.0259],[101.3633,14.0273],[101.3664,14.0275],[101.3672,14.0286],[101.368,14.0259],[101.3691,14.0253],[101.3691,14.0237],[101.371,14.0237],[101.3711,14.0248],[101.3733,14.0247],[101.3736,14.0264],[101.3722,14.0267],[101.3719,14.0277],[101.3714,14.0277],[101.3714,14.0269],[101.37,14.0269],[101.3703,14.0288],[101.3692,14.0289],[101.3691,14.0272],[101.3686,14.0272],[101.3686,14.0294],[101.3692,14.0294],[101.37,14.0307],[101.3714,14.0307],[101.3714,14.0315],[101.3709,14.0318],[101.3703,14.0337],[101.3687,14.0337],[101.3681,14.0343],[101.3687,14.0359],[101.3678,14.0365],[101.3679,14.037],[101.367,14.037],[101.3664,14.0346],[101.3651,14.0349],[101.3651,14.04],[101.3632,14.0416],[101.3632,14.0422],[101.3596,14.0457],[101.3596,14.0463],[101.3585,14.0474],[101.3574,14.0477],[101.3574,14.0488],[101.3569,14.049],[101.3569,14.0496],[101.3563,14.0496],[101.3563,14.0501],[101.3555,14.0509],[101.3555,14.0531],[101.3544,14.0531],[101.3527,14.051],[101.3527,14.0502],[101.3522,14.0502],[101.3522,14.0529],[101.3536,14.0531],[101.3542,14.055],[101.3528,14.055],[101.3528,14.0556],[101.3506,14.0559]],[[101.3519,14.0496],[101.3527,14.0491],[101.353,14.048],[101.3524,14.048],[101.3516,14.0488],[101.3519,14.0496]],[[101.353,14.0458],[101.3532,14.0461],[101.3532,14.0458],[101.353,14.0458]],[[101.3418,14.0457],[101.3421,14.0448],[101.3416,14.0446],[101.3416,14.0454],[101.3418,14.0457]],[[101.3571,14.0425],[101.3585,14.0425],[101.3587,14.0411],[101.3601,14.0414],[101.361,14.0409],[101.3609,14.0398],[101.3615,14.0392],[101.3612,14.0376],[101.362,14.0371],[101.3612,14.0338],[101.36,14.0338],[101.3598,14.0344],[101.3592,14.0344],[101.359,14.0355],[101.357,14.0355],[101.3564,14.0349],[101.3565,14.0358],[101.3581,14.0357],[101.3581,14.0365],[101.3573,14.0371],[101.3568,14.0409],[101.3571,14.0425]],[[101.3526,14.0415],[101.3532,14.0412],[101.3532,14.0401],[101.3526,14.0401],[101.3526,14.0415]],[[101.3526,14.0393],[101.354,14.039],[101.3543,14.0385],[101.3537,14.0379],[101.3537,14.0371],[101.3529,14.0369],[101.3529,14.0363],[101.3512,14.0358],[101.3515,14.0374],[101.3506,14.038],[101.3507,14.0388],[101.3526,14.0393]],[[101.3481,14.0366],[101.3487,14.0366],[101.349,14.0358],[101.3479,14.0358],[101.3481,14.0366]],[[101.354,14.036],[101.3542,14.0363],[101.3542,14.036],[101.354,14.036]],[[101.3551,14.0355],[101.3556,14.0358],[101.3556,14.0355],[101.3551,14.0355]],[[101.3559,14.0336],[101.3567,14.0336],[101.3584,14.0322],[101.357,14.032],[101.3559,14.0328],[101.3559,14.0336]],[[101.3539,14.0331],[101.3545,14.0331],[101.3545,14.0325],[101.3539,14.0325],[101.3539,14.0331]],[[101.3547,14.0309],[101.355,14.0314],[101.355,14.0309],[101.3547,14.0309]],[[101.3558,14.0293],[101.3561,14.0301],[101.3561,14.0292],[101.3558,14.0293]],[[101.3564,14.0287],[101.3567,14.029],[101.3567,14.0287],[101.3564,14.0287]]]}},{"type":"Feature","properties":{"kind":"flood","area_km2":3.6,"conf":"high","date":"2026-10-09"},"geometry":{"type":"Polygon","coordinates":[[[101.3533,14.026],[101.3533,14.0236],[101.3525,14.0241],[101.3525,14.0249],[101.35,14.0247],[101.3511,14.0244],[101.351,14.0217],[101.3505,14.0217],[101.3507,14.0204],[101.3494,14.0201],[101.3494,14.0212],[101.3485,14.0212],[101.3485,14.0223],[101.3483,14.0207],[101.3474,14.0207],[101.3474,14.0201],[101.3494,14.0198],[101.3493,14.0185],[101.3479,14.0182],[101.3493,14.0171],[101.3496,14.016],[101.3501,14.016],[101.3504,14.0136],[101.3487,14.0136],[101.3482,14.0147],[101.3482,14.0163],[101.349,14.0166],[101.3482,14.0174],[101.3471,14.0174],[101.3468,14.0169],[101.346,14.0169],[101.346,14.0161],[101.3471,14.0155],[101.3471,14.0139],[101.3479,14.0123],[101.3468,14.0115],[101.3459,14.0115],[101.3454,14.0125],[101.3446,14.0126],[101.3445,14.0107],[101.3434,14.0109],[101.3431,14.009],[101.342,14.0091],[101.3415,14.0099],[101.3395,14.0107],[101.3393,14.0115],[101.3384,14.0118],[101.3385,14.0123],[101.3379,14.0123],[101.3379,14.0115],[101.3384,14.011],[101.3381,14.0096],[101.3368,14.0099],[101.3362,14.0094],[101.3359,14.0078],[101.3331,14.0051],[101.3325,14.0051],[101.3328,14.0035],[101.3334,14.0032],[101.3336,14.0021],[101.3345,14.0021],[101.335,14.0045],[101.337,14.0042],[101.3373,14.0048],[101.3392,14.0047],[101.3403,14.0037],[101.3403,14.0026],[101.3408,14.0023],[101.342,14.0023],[101.342,14.0028],[101.3431,14.0034],[101.3431,14.0023],[101.3442,14.002],[101.3442,14.0025],[101.345,14.0028],[101.345,14.0036],[101.3439,14.0033],[101.3437,14.005],[101.3448,14.0052],[101.3464,14.0047],[101.3464,14.0039],[101.3492,14.0025],[101.3489,14.0009],[101.3497,13.9992],[101.3505,13.9987],[101.3505,13.9979],[101.3513,13.9973],[101.3513,13.9968],[101.3577,13.9967],[101.3577,13.9975],[101.3583,13.9975],[101.3583,13.997],[101.3591,13.997],[101.3591,13.9978],[101.3583,13.9978],[101.358,13.9994],[101.3575,14.0],[101.3566,14.0],[101.3561,14.0013],[101.3556,14.0013],[101.3556,14.0021],[101.3553,14.0027],[101.3547,14.0027],[101.3547,14.0035],[101.3553,14.0035],[101.355,14.0054],[101.3556,14.0054],[101.3564,14.0043],[101.3575,14.0038],[101.3597,14.0043],[101.3597,14.0037],[101.3614,14.0032],[101.3611,14.0045],[101.3597,14.0045],[101.3598,14.0051],[101.3606,14.0051],[101.3603,14.0081],[101.357,14.0084],[101.357,14.0089],[101.3576,14.0089],[101.3576,14.01],[101.3565,14.01],[101.3562,14.0086],[101.3556,14.0087],[101.3556,14.0092],[101.354,14.0089],[101.3526,14.0111],[101.3537,14.0114],[101.3537,14.0122],[101.3551,14.0119],[101.3551,14.013],[101.3543,14.0135],[101.3546,14.0154],[101.3535,14.0155],[101.3535,14.016],[101.354,14.0163],[101.3543,14.0176],[101.3574,14.0179],[101.3574,14.0189],[101.358,14.0189],[101.358,14.0203],[101.3588,14.0203],[101.3585,14.0211],[101.3591,14.0219],[101.3594,14.0252],[101.3577,14.026],[101.3533,14.026]],[[101.351,14.0179],[101.3535,14.0182],[101.3535,14.0168],[101.351,14.0166],[101.351,14.0179]],[[101.3512,14.009],[101.354,14.0087],[101.3539,14.0073],[101.3526,14.0073],[101.3523,14.0068],[101.3514,14.0068],[101.3503,14.006],[101.3492,14.006],[101.3492,14.0065],[101.3487,14.0068],[101.3487,14.0082],[101.3512,14.009]],[[101.3381,14.0083],[101.339,14.0083],[101.3398,14.0077],[101.3401,14.0069],[101.3409,14.0069],[101.3409,14.0058],[101.3395,14.005],[101.3378,14.005],[101.3376,14.0067],[101.3381,14.0067],[101.3381,14.0083]],[[101.3373,14.0072],[101.3378,14.0075],[101.3378,14.0072],[101.3373,14.0072]],[[101.3462,14.006],[101.3467,14.006],[101.347,14.0055],[101.3464,14.0055],[101.3462,14.006]],[[101.34,14.0053],[101.3409,14.0053],[101.3409,14.0045],[101.34,14.0045],[101.34,14.0053]],[[101.3509,14.0033],[101.3511,14.0046],[101.3511,14.0035],[101.3517,14.0033],[101.3517,14.0027],[101.3511,14.0027],[101.3509,14.0033]]]}},{"type":"Feature","properties":{"kind":"flood","area_km2":3.564,"conf":"high","date":"2026-10-09"},"geometry":{"type":"Polygon","coordinates":[[[101.5422,14.0108],[101.5411,14.0106],[101.5416,14.0087],[101.5422,14.0081],[101.5444,14.0084],[101.5441,14.0067],[101.5458,14.007],[101.546,14.0065],[101.5466,14.0065],[101.5466,14.0056],[101.546,14.0054],[101.5465,14.0024],[101.5457,14.0008],[101.5446,14.0011],[101.5438,14.0019],[101.544,14.0035],[101.5427,14.0035],[101.5426,14.0019],[101.5412,14.0008],[101.541,14.0016],[101.5421,14.0019],[101.5421,14.0032],[101.5413,14.0035],[101.541,14.0049],[101.5399,14.0049],[101.5399,14.0041],[101.5407,14.0035],[101.541,14.0024],[101.541,14.0019],[101.5404,14.0019],[101.5402,14.0033],[101.5385,14.0036],[101.5385,14.0041],[101.5374,14.0046],[101.5371,14.006],[101.5358,14.0071],[101.5355,14.0079],[101.533,14.0082],[101.533,14.0063],[101.5321,14.0058],[101.5318,14.0047],[101.5313,14.0053],[101.5294,14.005],[101.529,14.0018],[101.5299,14.0017],[101.5302,14.0028],[101.5307,14.0031],[101.531,14.0025],[101.5315,14.0025],[101.5315,14.0012],[101.5332,14.0012],[101.534,14.0006],[101.534,14.0001],[101.5326,13.9998],[101.5323,13.9987],[101.531,13.999],[101.5293,13.9988],[101.529,13.9982],[101.5279,13.9982],[101.5276,13.9972],[101.5301,13.9969],[101.5315,13.9971],[101.5318,13.9977],[101.5348,13.9976],[101.5348,13.9965],[101.5356,13.9965],[101.5357,13.9976],[101.5365,13.9979],[101.5359,13.9973],[101.5365,13.9971],[101.5362,13.9965],[101.5395,13.9965],[101.539,13.9957],[101.5392,13.9949],[101.5462,13.9948],[101.5467,13.9962],[101.5476,13.9961],[101.5473,13.9948],[101.557,13.9947],[101.5573,13.9955],[101.5573,13.9947],[101.5589,13.9947],[101.5595,13.9963],[101.5603,13.9963],[101.5612,13.9955],[101.5626,13.9957],[101.5623,13.9973],[101.5612,13.9968],[101.5604,13.9971],[101.5604,13.9995],[101.5598,13.9998],[101.5598,14.0012],[101.5587,14.002],[101.5588,14.0033],[101.5579,14.0039],[101.5574,14.0053],[101.5552,14.005],[101.5546,14.0042],[101.5535,14.0042],[101.5529,14.0048],[101.5535,14.0061],[101.553,14.0061],[101.5527,14.0069],[101.5527,14.0091],[101.5519,14.0091],[101.5513,14.008],[101.5508,14.0094],[101.548,14.0094],[101.5477,14.0078],[101.5458,14.0078],[101.5449,14.0086],[101.545,14.0103],[101.5422,14.0108]],[[101.548,14.0059],[101.5482,14.0064],[101.5482,14.0059],[101.548,14.0059]],[[101.5502,14.0045],[101.5513,14.0045],[101.5513,14.0037],[101.5507,14.0037],[101.5507,14.0032],[101.5499,14.0037],[101.5502,14.0045]],[[101.5338,14.0039],[101.5343,14.0039],[101.5343,14.0033],[101.5338,14.0033],[101.5338,14.0039]],[[101.5527,14.0034],[101.5535,14.0031],[101.5535,14.0029],[101.5526,14.0029],[101.5527,14.0034]],[[101.5548,14.0007],[101.5551,14.0009],[101.5551,14.0007],[101.5548,14.0007]],[[101.5498,14.0007],[101.5532,14.0004],[101.5532,13.9999],[101.5507,13.9996],[101.5498,13.9999],[101.5498,14.0007]],[[101.5551,14.0004],[101.5554,14.0007],[101.5554,14.0004],[101.5551,14.0004]],[[101.5418,13.9992],[101.5423,13.9992],[101.5423,13.9984],[101.5415,13.9984],[101.5418,13.9992]],[[101.557,13.9988],[101.5579,13.9987],[101.5581,13.9979],[101.557,13.9977],[101.557,13.9988]],[[101.5556,13.9961],[101.5573,13.9969],[101.5576,13.9963],[101.5556,13.9955],[101.5556,13.9961]]]}},{"type":"Feature","properties":{"kind":"flood","area_km2":3.486,"conf":"high","date":"2026-10-09"},"geometry":{"type":"Polygon","coordinates":[[[101.5172,14.0572],[101.5122,14.0567],[101.5121,14.0561],[101.5096,14.054],[101.5096,14.0535],[101.5091,14.0535],[101.5074,14.0521],[101.506,14.0519],[101.506,14.0505],[101.5065,14.0502],[101.5065,14.0494],[101.5087,14.0494],[101.5079,14.0486],[101.5079,14.0478],[101.509,14.047],[101.5087,14.0453],[101.5093,14.0451],[101.5092,14.0445],[101.512,14.0448],[101.5123,14.0439],[101.5106,14.044],[101.5103,14.0434],[101.5092,14.0434],[101.5087,14.0429],[101.5087,14.0421],[101.5081,14.0421],[101.5081,14.0429],[101.5067,14.0443],[101.5054,14.0446],[101.5039,14.0424],[101.5017,14.0427],[101.4995,14.0408],[101.4981,14.0403],[101.4975,14.0392],[101.4959,14.0381],[101.4956,14.0373],[101.4961,14.0341],[101.4969,14.0335],[101.4966,14.0324],[101.4975,14.0324],[101.4989,14.0349],[101.5011,14.0346],[101.5014,14.0354],[101.5019,14.0348],[101.503,14.0348],[101.5031,14.0375],[101.505,14.0375],[101.5056,14.037],[101.5055,14.0356],[101.5066,14.0353],[101.5069,14.0334],[101.5102,14.0339],[101.5102,14.0328],[101.5113,14.0323],[101.5113,14.0315],[101.5138,14.0312],[101.5141,14.0301],[101.5152,14.0301],[101.5149,14.0314],[101.5155,14.0314],[101.5169,14.0328],[101.5169,14.0336],[101.518,14.0336],[101.5186,14.0347],[101.5194,14.0347],[101.5191,14.0363],[101.5178,14.0366],[101.5178,14.0376],[101.5189,14.0379],[101.5189,14.039],[101.52,14.039],[101.5195,14.0393],[101.5195,14.0412],[101.5203,14.0414],[101.5195,14.0428],[101.5187,14.0428],[101.5187,14.042],[101.5181,14.042],[101.5181,14.0436],[101.5209,14.0433],[101.5212,14.0428],[101.522,14.0428],[101.522,14.0447],[101.5226,14.0446],[101.5234,14.0438],[101.5237,14.0422],[101.5231,14.0417],[101.5231,14.0403],[101.5245,14.0406],[101.5245,14.0389],[101.5253,14.0389],[101.5253,14.04],[101.5259,14.0403],[101.5264,14.0397],[101.5264,14.0378],[101.5278,14.0375],[101.5278,14.0386],[101.5286,14.0386],[101.5286,14.0402],[101.5278,14.0403],[101.5278,14.0413],[101.5267,14.0414],[101.5262,14.043],[101.5256,14.043],[101.5248,14.0438],[101.5254,14.0465],[101.5237,14.0498],[101.5229,14.0498],[101.5229,14.0474],[101.5223,14.0463],[101.5209,14.0466],[101.5206,14.0455],[101.5173,14.0452],[101.5165,14.0444],[101.5178,14.0439],[101.5175,14.0412],[101.5164,14.0417],[101.5164,14.0404],[101.515,14.0404],[101.515,14.0415],[101.5137,14.0412],[101.5137,14.0418],[101.515,14.0417],[101.5156,14.0425],[101.5145,14.0428],[101.5145,14.0442],[101.5162,14.0447],[101.5154,14.0453],[101.5156,14.0463],[101.5134,14.0461],[101.5134,14.045],[101.5129,14.045],[101.5132,14.0464],[101.5118,14.0467],[101.5126,14.0496],[101.5132,14.0507],[101.5146,14.0515],[101.5146,14.052],[101.5168,14.052],[101.5168,14.0515],[101.5176,14.0515],[101.5182,14.052],[101.5182,14.0531],[101.5193,14.0536],[101.5191,14.0553],[101.518,14.0553],[101.518,14.0539],[101.5174,14.0536],[101.5166,14.0539],[101.5166,14.0547],[101.5152,14.0548],[101.5152,14.0556],[101.5171,14.0558],[101.5172,14.0572]],[[101.5127,14.0548],[101.5135,14.0545],[101.5132,14.0534],[101.5127,14.0534],[101.5127,14.0548]],[[101.511,14.0532],[101.5118,14.0529],[101.5118,14.0521],[101.5113,14.0521],[101.5104,14.051],[101.5088,14.0505],[101.5088,14.0518],[101.511,14.0532]],[[101.5168,14.0523],[101.5171,14.0526],[101.5171,14.0523],[101.5168,14.0523]],[[101.5121,14.0521],[101.5129,14.0521],[101.5129,14.0515],[101.5121,14.0513],[101.5121,14.0521]],[[101.5112,14.0499],[101.5118,14.0499],[101.5118,14.0494],[101.5112,14.0494],[101.5112,14.0499]],[[101.5093,14.0494],[101.5112,14.0494],[101.5112,14.048],[101.5096,14.048],[101.5093,14.0494]],[[101.5131,14.0442],[101.514,14.0442],[101.5142,14.0426],[101.5131,14.0428],[101.5131,14.0437],[101.5126,14.0437],[101.5131,14.0442]],[[101.51,14.0415],[101.5109,14.0415],[101.5109,14.041],[101.5098,14.041],[101.5097,14.0391],[101.5086,14.0391],[101.5084,14.041],[101.5095,14.041],[101.51,14.0415]],[[101.5117,14.041],[101.5128,14.041],[101.5128,14.0396],[101.5122,14.0393],[101.5122,14.0385],[101.5128,14.0385],[101.5128,14.0369],[101.5105,14.0361],[101.5103,14.0372],[101.5108,14.0372],[101.5111,14.0383],[101.5117,14.0385],[101.5117,14.041]],[[101.5053,14.0405],[101.5061,14.0399],[101.5056,14.0394],[101.5047,14.0394],[101.5053,14.0405]],[[101.515,14.0401],[101.5156,14.0396],[101.5153,14.039],[101.5147,14.0393],[101.515,14.0401]],[[101.5072,14.0391],[101.5075,14.0397],[101.5075,14.0391],[101.5072,14.0391]],[[101.5275,14.0386],[101.5278,14.0389],[101.5278,14.0386],[101.5275,14.0386]],[[101.5034,14.0386],[101.5036,14.0389],[101.5036,14.0386],[101.5034,14.0386]],[[101.4995,14.0384],[101.5,14.0386],[101.5,14.0384],[101.4995,14.0384]],[[101.5095,14.0383],[101.51,14.0372],[101.5081,14.0372],[101.5086,14.0375],[101.5086,14.038],[101.5095,14.0383]],[[101.4978,14.0381],[101.4983,14.0381],[101.4986,14.0376],[101.4981,14.0373],[101.498,14.0354],[101.4972,14.0352],[101.4969,14.036],[101.4978,14.0365],[101.4978,14.0381]],[[101.5147,14.0366],[101.5169,14.036],[101.5175,14.0349],[101.5147,14.0342],[101.5141,14.0347],[101.5147,14.0366]],[[101.5114,14.0355],[101.5119,14.0355],[101.5119,14.0342],[101.5111,14.0331],[101.5111,14.0339],[101.5105,14.0342],[101.5111,14.0342],[101.5114,14.0355]]]}},{"type":"Feature","properties":{"kind":"flood","area_km2":2.628,"conf":"high","date":"2026-10-09"},"geometry":{"type":"Polygon","coordinates":[[[101.0992,14.0238],[101.0989,14.0219],[101.0981,14.0221],[101.0978,14.0235],[101.0976,14.0221],[101.0962,14.0219],[101.0967,14.0197],[101.0964,14.0192],[101.0959,14.0197],[101.0945,14.02],[101.0936,14.0184],[101.092,14.0189],[101.0917,14.0157],[101.0925,14.0151],[101.0919,14.013],[101.0911,14.013],[101.0908,14.0149],[101.0892,14.0146],[101.0894,14.0133],[101.0905,14.0133],[101.0905,14.0124],[101.0911,14.0124],[101.0914,14.0116],[101.0908,14.0108],[101.0908,14.01],[101.0916,14.0092],[101.0908,14.0084],[101.0913,14.0054],[101.093,14.0054],[101.0933,14.0075],[101.0938,14.0075],[101.0938,14.0059],[101.0946,14.0059],[101.0947,14.0089],[101.0955,14.01],[101.0953,14.0151],[101.0942,14.0154],[101.0942,14.014],[101.0936,14.014],[101.0936,14.0159],[101.0953,14.0157],[101.0953,14.0181],[101.0958,14.0156],[101.0958,14.0121],[101.0969,14.0121],[101.0972,14.0108],[101.0972,14.0094],[101.0958,14.0094],[101.0955,14.007],[101.0963,14.0067],[101.0952,14.0062],[101.0952,14.0054],[101.0971,14.0051],[101.0977,14.0061],[101.0985,14.0061],[101.0985,14.0056],[101.0999,14.0056],[101.0999,14.0064],[101.1005,14.0067],[101.1002,14.0088],[101.1008,14.0088],[101.1007,14.0067],[101.1027,14.0064],[101.103,14.0072],[101.103,14.0066],[101.1035,14.0066],[101.1035,14.0053],[101.1055,14.005],[101.106,14.0093],[101.1066,14.0088],[101.1063,14.005],[101.1082,14.0052],[101.1089,14.0134],[101.1089,14.0182],[101.1084,14.0188],[101.1092,14.0193],[101.1092,14.0204],[101.1078,14.0204],[101.107,14.0188],[101.1014,14.0191],[101.1009,14.0227],[101.1001,14.0237],[101.0992,14.0238]],[[101.0981,14.0211],[101.0992,14.021],[101.0992,14.02],[101.0998,14.02],[101.0995,14.0189],[101.0986,14.0189],[101.0986,14.0194],[101.0978,14.02],[101.0981,14.0211]],[[101.0984,14.0181],[101.0989,14.0181],[101.0992,14.017],[101.0986,14.017],[101.0984,14.0181]],[[101.1033,14.018],[101.1042,14.0177],[101.1042,14.0167],[101.1047,14.0167],[101.1047,14.0153],[101.1033,14.0153],[101.1035,14.0083],[101.1027,14.008],[101.1028,14.0153],[101.1019,14.0156],[101.1019,14.0164],[101.1036,14.0164],[101.1028,14.0169],[101.1033,14.018]],[[101.0936,14.0176],[101.0942,14.0173],[101.0942,14.0167],[101.0933,14.017],[101.0936,14.0176]],[[101.1058,14.015],[101.1064,14.015],[101.1064,14.0137],[101.1058,14.0137],[101.1058,14.015]],[[101.0983,14.0135],[101.0994,14.0129],[101.0994,14.0121],[101.0983,14.0126],[101.0983,14.0135]],[[101.1058,14.0126],[101.1064,14.0126],[101.1061,14.0118],[101.1058,14.0118],[101.1058,14.0126]],[[101.0941,14.01],[101.0944,14.0105],[101.0944,14.01],[101.0941,14.01]],[[101.1074,14.008],[101.1077,14.0085],[101.1077,14.008],[101.1074,14.008]],[[101.0963,14.0075],[101.0969,14.0075],[101.0969,14.0072],[101.0963,14.007],[101.0963,14.0075]]]}},{"type":"Feature","properties":{"kind":"flood","area_km2":1.957,"conf":"high","date":"2026-10-09"},"geometry":{"type":"Polygon","coordinates":[[[101.2885,14.0107],[101.2876,14.0098],[101.2873,14.0088],[101.2862,14.009],[101.286,14.0104],[101.2849,14.0104],[101.2851,14.0091],[101.2846,14.0091],[101.2846,14.0104],[101.2835,14.0102],[101.2831,14.0066],[101.284,14.0064],[101.2842,14.0039],[101.2839,14.0018],[101.2828,14.0015],[101.2825,14.0004],[101.2811,14.0004],[101.2809,14.002],[101.2801,14.0026],[101.2801,14.0031],[101.279,14.0034],[101.2792,14.004],[101.2806,14.0039],[101.2806,14.0048],[101.2801,14.0048],[101.2801,14.0053],[101.2793,14.0056],[101.2787,14.0067],[101.2776,14.0067],[101.2773,14.0018],[101.2778,14.0015],[101.2778,14.001],[101.2764,13.9999],[101.2764,13.9975],[101.2831,13.9974],[101.2836,13.9999],[101.285,13.9996],[101.285,13.9982],[101.2844,13.9974],[101.2858,13.9974],[101.2859,14.0004],[101.285,14.0004],[101.285,14.002],[101.2859,14.0023],[101.2862,14.0044],[101.2873,14.0044],[101.2876,14.005],[101.2884,14.005],[101.2881,14.0031],[101.2887,14.0031],[101.2887,14.0041],[101.2892,14.0041],[101.2895,14.0047],[101.2909,14.0044],[101.2906,14.0017],[101.2897,14.0003],[101.2903,14.0001],[101.29,13.9974],[101.2914,13.9976],[101.292,14.0014],[101.2925,14.0014],[101.2925,14.0009],[101.2934,14.0008],[101.2931,13.9995],[101.295,13.9995],[101.295,14.0011],[101.2961,14.0016],[101.2961,14.0011],[101.297,14.0011],[101.2967,13.9992],[101.2975,13.9995],[101.2975,14.0003],[101.2986,14.0],[101.2992,14.0011],[101.2998,14.0011],[101.2998,14.0016],[101.3006,14.0016],[101.3006,14.0011],[101.302,14.0013],[101.302,14.0021],[101.3006,14.0021],[101.3009,14.0032],[101.3003,14.0035],[101.3003,14.0043],[101.3009,14.0043],[101.3009,14.0035],[101.302,14.0035],[101.3028,14.0043],[101.3028,14.0051],[101.3017,14.0054],[101.3017,14.0059],[101.3029,14.0059],[101.3029,14.0067],[101.3018,14.0078],[101.3007,14.0078],[101.2998,14.0089],[101.2987,14.0089],[101.2984,14.0068],[101.2973,14.0068],[101.297,14.0073],[101.2954,14.0073],[101.2943,14.0076],[101.2943,14.0082],[101.2926,14.0074],[101.2926,14.0079],[101.2912,14.0082],[101.2915,14.0106],[101.2885,14.0107]],[[101.2898,14.0087],[101.2904,14.0087],[101.2904,14.0074],[101.2895,14.0074],[101.2898,14.0087]],[[101.2865,14.008],[101.287,14.008],[101.2868,14.0071],[101.2865,14.0071],[101.2865,14.008]],[[101.2879,14.0079],[101.2887,14.0079],[101.2887,14.0066],[101.2879,14.0066],[101.2879,14.0079]],[[101.2943,14.0073],[101.2954,14.0073],[101.2951,14.0054],[101.2942,14.0054],[101.2943,14.0073]],[[101.2995,14.0065],[101.3001,14.0065],[101.3001,14.0057],[101.2995,14.004],[101.2989,14.004],[101.299,14.0054],[101.2995,14.0065]],[[101.2929,14.0063],[101.2934,14.0063],[101.2937,14.0049],[101.2929,14.0052],[101.2929,14.0063]],[[101.2962,14.0054],[101.2965,14.006],[101.2965,14.0054],[101.2962,14.0054]],[[101.2951,14.0052],[101.2954,14.0054],[101.2953,14.0052],[101.2951,14.0052]],[[101.2917,14.0047],[101.292,14.0049],[101.292,14.0047],[101.2917,14.0047]],[[101.2948,14.0035],[101.2973,14.0038],[101.2975,14.0027],[101.297,14.0022],[101.2956,14.0025],[101.2953,14.003],[101.2948,14.003],[101.2948,14.0035]],[[101.2934,14.0017],[101.2942,14.0017],[101.2942,14.0014],[101.2934,14.0011],[101.2934,14.0017]],[[101.2831,14.0009],[101.2842,14.0009],[101.2845,14.0001],[101.2831,14.0001],[101.2831,14.0009]],[[101.2797,13.9996],[101.2803,13.9993],[101.28,13.9985],[101.2795,13.9988],[101.2797,13.9996]]]}},{"type":"Feature","properties":{"kind":"flood","area_km2":1.802,"conf":"high","date":"2026-10-09"},"geometry":{"type":"Polygon","coordinates":[[[101.2604,14.0112],[101.2604,14.0077],[101.2593,14.0077],[101.2593,14.0082],[101.2579,14.0085],[101.2576,14.0069],[101.2557,14.0069],[101.2557,14.0061],[101.2534,14.0058],[101.2534,14.005],[101.2556,14.005],[101.2556,14.0034],[101.2562,14.0034],[101.2567,14.0025],[101.2562,14.0017],[101.2556,14.002],[101.2553,14.0007],[101.2537,14.0004],[101.2536,13.9991],[101.2548,13.9988],[101.2547,13.9977],[101.2556,13.9977],[101.2559,14.0009],[101.2567,14.0006],[101.2573,13.9996],[101.257,13.9987],[101.2589,13.9987],[101.2589,13.9976],[101.2722,13.9975],[101.2722,13.9983],[101.2717,13.9989],[101.2706,13.9989],[101.2706,13.9997],[101.2725,14.0],[101.2728,13.9991],[101.2739,13.9991],[101.2739,14.0002],[101.275,14.0002],[101.2753,14.0013],[101.2764,14.0015],[101.2764,14.0026],[101.2753,14.0026],[101.275,14.0013],[101.2742,14.0013],[101.2737,14.0008],[101.2734,14.0048],[101.2723,14.0051],[101.2718,14.0062],[101.2709,14.0062],[101.2706,14.0054],[101.2701,14.0057],[101.2701,14.0065],[101.2684,14.0062],[101.2687,14.0079],[101.2679,14.0084],[101.2676,14.0095],[101.2668,14.0098],[101.2668,14.0071],[101.2648,14.0068],[101.2648,14.0074],[101.2643,14.0074],[101.2643,14.009],[101.2646,14.0101],[101.2657,14.0103],[101.2629,14.0109],[101.2626,14.0104],[101.2621,14.0104],[101.2618,14.0095],[101.2612,14.0096],[101.2613,14.0106],[101.2607,14.0106],[101.2604,14.0112]],[[101.2626,14.0068],[101.2637,14.0068],[101.2637,14.0063],[101.2643,14.006],[101.2643,14.0046],[101.2626,14.0047],[101.2626,14.0068]],[[101.2579,14.0063],[101.2593,14.006],[101.2592,14.0039],[101.2579,14.0042],[101.2579,14.0063]],[[101.2659,14.0044],[101.2673,14.0049],[101.2679,14.0041],[101.2698,14.0041],[101.2698,14.0013],[101.2692,14.0008],[101.2678,14.0008],[101.2676,14.0035],[101.2659,14.0033],[101.2659,14.0044]],[[101.2598,14.0044],[101.2612,14.0044],[101.2615,14.0025],[101.2598,14.0025],[101.2598,14.0044]],[[101.272,14.0029],[101.2734,14.0029],[101.2734,14.0016],[101.272,14.0016],[101.272,14.0029]],[[101.2592,14.0023],[101.2609,14.0022],[101.2609,13.9982],[101.2592,13.9982],[101.2592,14.0023]],[[101.262,14.0017],[101.2631,14.0017],[101.2634,14.0011],[101.2623,14.0009],[101.262,14.0017]],[[101.2637,14.0009],[101.2648,14.0008],[101.2648,13.9992],[101.2636,13.9995],[101.2637,14.0009]],[[101.2681,13.9984],[101.2684,13.9986],[101.2684,13.9984],[101.2681,13.9984]]]}},{"type":"Feature","properties":{"kind":"flood","area_km2":1.708,"conf":"high","date":"2026-10-09"},"geometry":{"type":"Polygon","coordinates":[[[101.4471,14.0525],[101.4458,14.0522],[101.4455,14.0509],[101.4457,14.0492],[101.4449,14.0487],[101.4446,14.0479],[101.4424,14.0479],[101.4424,14.0471],[101.4429,14.0471],[101.4426,14.0463],[101.4424,14.0468],[101.4413,14.0468],[101.4399,14.0485],[101.4365,14.0485],[101.4363,14.048],[101.4338,14.0485],[101.4338,14.0477],[101.4354,14.0474],[101.4354,14.0469],[101.4335,14.0469],[101.4332,14.048],[101.4324,14.048],[101.4326,14.0464],[101.4337,14.0461],[101.4335,14.0456],[101.4326,14.0456],[101.4324,14.0461],[101.4307,14.0459],[101.4304,14.0467],[101.4293,14.0467],[101.4285,14.0464],[101.4285,14.0459],[101.4279,14.0459],[101.4279,14.0451],[101.4307,14.0448],[101.4307,14.044],[101.4332,14.0442],[101.4332,14.0437],[101.4323,14.0437],[101.4323,14.0426],[101.4348,14.0426],[101.4353,14.0393],[101.4373,14.0396],[101.4373,14.0406],[101.4362,14.0409],[101.4373,14.0409],[101.4373,14.0423],[101.4379,14.0423],[101.4376,14.0409],[101.4381,14.0404],[101.4381,14.0395],[101.439,14.0395],[101.4386,14.036],[101.4397,14.036],[101.44,14.0374],[101.4412,14.0376],[101.4412,14.0417],[101.442,14.0409],[101.442,14.0384],[101.4439,14.0381],[101.444,14.0403],[101.4431,14.0409],[101.4431,14.0425],[101.4437,14.0438],[101.4457,14.0441],[101.4456,14.0427],[101.4467,14.0414],[101.4468,14.0419],[101.4479,14.0422],[101.4476,14.0432],[101.4465,14.0433],[101.4465,14.0441],[101.4487,14.044],[101.4484,14.0424],[101.4493,14.0421],[101.4498,14.0438],[101.4509,14.0448],[101.4515,14.0446],[101.4512,14.044],[101.4518,14.044],[101.4518,14.0435],[101.4526,14.0435],[101.4526,14.044],[101.4532,14.044],[101.4543,14.0453],[101.4543,14.0462],[101.4532,14.0464],[101.4532,14.0459],[101.4515,14.0459],[101.451,14.0465],[101.4515,14.0489],[101.4524,14.0489],[101.4527,14.05],[101.4518,14.05],[101.4513,14.0489],[101.4496,14.0489],[101.4485,14.0484],[101.4485,14.0506],[101.4474,14.0511],[101.4471,14.0525]],[[101.4482,14.0473],[101.4496,14.0473],[101.4496,14.0465],[101.4482,14.0465],[101.4482,14.0473]],[[101.4471,14.0454],[101.4476,14.0462],[101.4476,14.0454],[101.4471,14.0454]],[[101.4487,14.0457],[101.4496,14.0457],[101.4496,14.0443],[101.4482,14.0443],[101.4482,14.0451],[101.4487,14.0457]],[[101.4418,14.0455],[101.4432,14.0455],[101.4432,14.0441],[101.4415,14.0444],[101.4409,14.0428],[101.4398,14.0425],[101.4398,14.0431],[101.4409,14.0441],[101.441,14.0452],[101.4418,14.0449],[101.4418,14.0455]],[[101.4451,14.0454],[101.446,14.0454],[101.4462,14.0449],[101.4451,14.0444],[101.4451,14.0454]],[[101.4343,14.045],[101.4348,14.045],[101.4348,14.0445],[101.4343,14.0445],[101.4343,14.045]],[[101.4373,14.0444],[101.4376,14.045],[101.4376,14.0444],[101.4373,14.0444]]]}},{"type":"Feature","properties":{"kind":"flood","area_km2":1.409,"conf":"high","date":"2026-10-09"},"geometry":{"type":"Polygon","coordinates":[[[101.4839,14.0068],[101.4827,14.0058],[101.4827,14.0047],[101.4822,14.0041],[101.4816,14.0041],[101.481,14.0033],[101.4796,14.0031],[101.4785,14.002],[101.4777,14.002],[101.4771,14.0015],[101.4771,14.0007],[101.4757,14.0004],[101.4757,14.001],[101.4749,14.001],[101.4749,14.0015],[101.4744,14.0015],[101.4741,13.9996],[101.4757,13.9996],[101.4757,13.998],[101.4752,13.9977],[101.4765,13.9974],[101.4762,13.9955],[101.4821,13.9955],[101.4821,13.9965],[101.4823,13.9955],[101.4893,13.9954],[101.4896,13.997],[101.4876,13.9973],[101.4865,13.9981],[101.4846,13.9982],[101.4846,13.999],[101.4888,13.9986],[101.4907,13.9992],[101.4907,14.0003],[101.4916,14.0002],[101.4919,14.0021],[101.4916,14.0016],[101.4902,14.0016],[101.4902,14.003],[101.491,14.003],[101.4908,14.0038],[101.4922,14.0046],[101.4922,14.0054],[101.4916,14.0059],[101.4877,14.0057],[101.4858,14.0063],[101.4855,14.0055],[101.4847,14.0052],[101.4847,14.0068],[101.4839,14.0068]],[[101.4785,14.0015],[101.4799,14.0015],[101.4799,14.0001],[101.4785,14.0001],[101.4785,14.0015]],[[101.4885,14.0014],[101.4896,14.0011],[101.4893,14.0],[101.4882,14.0],[101.4885,14.0014]],[[101.4788,13.9988],[101.4802,13.9987],[101.4804,13.9979],[101.4813,13.9979],[101.4812,13.9966],[101.4776,13.9966],[101.4777,13.998],[101.4782,13.9979],[101.4788,13.9988]]]}},{"type":"Feature","properties":{"kind":"flood","area_km2":1.321,"conf":"high","date":"2026-10-04"},"geometry":{"type":"Polygon","coordinates":[[[101.759,14.0578],[101.7587,14.057],[101.757,14.0554],[101.7556,14.0554],[101.7553,14.0562],[101.7545,14.0562],[101.7545,14.0551],[101.7528,14.0551],[101.7528,14.0543],[101.7536,14.0538],[101.7533,14.0519],[101.7542,14.0513],[101.7542,14.0508],[101.755,14.0508],[101.755,14.0513],[101.7556,14.0513],[101.7555,14.0505],[101.7539,14.0505],[101.7539,14.0492],[101.7564,14.0486],[101.7563,14.047],[101.758,14.0453],[101.7574,14.0448],[101.7574,14.0437],[101.7582,14.0437],[101.7588,14.0442],[101.7597,14.0464],[101.7613,14.0458],[101.7613,14.0453],[101.7599,14.0453],[101.7599,14.0442],[101.7588,14.0437],[101.7588,14.0423],[101.7574,14.0415],[101.7574,14.0399],[101.7582,14.0396],[101.7582,14.0391],[101.7576,14.0388],[101.7576,14.038],[101.7582,14.038],[101.7582,14.0375],[101.759,14.0375],[101.7588,14.0413],[101.7593,14.0412],[101.7601,14.0402],[101.7612,14.0401],[101.7613,14.0415],[101.7602,14.0415],[101.7599,14.0421],[101.7624,14.0423],[101.7624,14.0434],[101.7638,14.0439],[101.7635,14.0453],[101.7641,14.0455],[101.7641,14.0461],[101.7649,14.0469],[101.7658,14.0469],[101.7658,14.0479],[101.7633,14.0485],[101.7633,14.0474],[101.7624,14.0466],[101.7619,14.0466],[101.7619,14.0474],[101.7624,14.0477],[101.7625,14.0493],[101.7633,14.0501],[101.7636,14.052],[101.7628,14.052],[101.7622,14.0507],[101.7611,14.0504],[101.7611,14.0488],[101.7586,14.0494],[101.7594,14.051],[101.7605,14.0507],[101.7606,14.0537],[101.7622,14.0534],[101.7628,14.0526],[101.7642,14.0526],[101.7642,14.0537],[101.7634,14.0537],[101.7631,14.0548],[101.7631,14.0553],[101.7639,14.0558],[101.7639,14.0566],[101.7612,14.0567],[101.7609,14.0572],[101.759,14.0578]],[[101.7598,14.0545],[101.7603,14.0545],[101.7603,14.054],[101.7597,14.054],[101.7598,14.0545]],[[101.755,14.0538],[101.7572,14.0537],[101.7572,14.0532],[101.755,14.0532],[101.755,14.0538]]]}},{"type":"Feature","properties":{"kind":"flood","area_km2":1.285,"conf":"high","date":"2026-10-09"},"geometry":{"type":"Polygon","coordinates":[[[101.5327,14.0535],[101.5307,14.0519],[101.5307,14.0505],[101.5332,14.0502],[101.5334,14.0486],[101.5312,14.047],[101.5304,14.047],[101.5298,14.0476],[101.5301,14.05],[101.529,14.0508],[101.5271,14.0508],[101.5257,14.0517],[101.5243,14.0517],[101.5238,14.0511],[101.5237,14.0503],[101.5257,14.0476],[101.5284,14.0468],[101.5278,14.0449],[101.5284,14.0427],[101.53,14.0427],[101.5301,14.0432],[101.5312,14.0437],[101.5314,14.041],[101.5325,14.041],[101.5325,14.0418],[101.5336,14.0415],[101.5334,14.0434],[101.5339,14.0434],[101.5339,14.0426],[101.5348,14.0426],[101.5348,14.0432],[101.5353,14.0432],[101.5359,14.0423],[101.5359,14.0407],[101.5353,14.0402],[101.5353,14.0394],[101.5361,14.0394],[101.5364,14.0407],[101.537,14.0407],[101.537,14.0402],[101.5378,14.0401],[101.5381,14.0423],[101.5389,14.0428],[101.5392,14.0442],[101.5403,14.0447],[101.5404,14.0458],[101.5395,14.0458],[101.5393,14.0469],[101.5373,14.0469],[101.5373,14.0483],[101.5379,14.0486],[101.5382,14.0477],[101.5398,14.0483],[101.5398,14.0474],[101.5415,14.0474],[101.5415,14.0485],[101.5401,14.0488],[101.5398,14.0493],[101.5387,14.0494],[101.5376,14.0502],[101.5357,14.0502],[101.5357,14.051],[101.5346,14.0513],[101.5349,14.0524],[101.534,14.0527],[101.5338,14.0535],[101.5327,14.0535]],[[101.5271,14.0495],[101.5276,14.0492],[101.5273,14.0487],[101.5268,14.0489],[101.5271,14.0495]],[[101.5331,14.0472],[101.5351,14.0478],[101.5351,14.0472],[101.5343,14.047],[101.534,14.0459],[101.5331,14.0467],[101.5331,14.0472]],[[101.5356,14.0445],[101.5362,14.0442],[101.5359,14.0437],[101.5353,14.044],[101.5356,14.0445]],[[101.5326,14.044],[101.5331,14.044],[101.5331,14.0435],[101.5328,14.0435],[101.5326,14.044]]]}},{"type":"Feature","properties":{"kind":"flood","area_km2":1.157,"conf":"high","date":"2026-10-09"},"geometry":{"type":"Polygon","coordinates":[[[101.5605,14.0115],[101.5605,14.0101],[101.5591,14.0093],[101.5591,14.0085],[101.5596,14.0085],[101.5602,14.0074],[101.5619,14.0079],[101.5627,14.0068],[101.5632,14.0068],[101.5641,14.006],[101.5641,14.0052],[101.5649,14.0046],[101.5649,14.0035],[101.564,14.0036],[101.5637,14.0025],[101.5629,14.0022],[101.5629,14.0014],[101.5654,14.0011],[101.5657,14.0003],[101.5665,14.0003],[101.5668,14.0019],[101.5676,14.0011],[101.571,14.0016],[101.5712,14.0008],[101.5737,14.001],[101.574,14.0005],[101.5748,14.0005],[101.5751,14.0021],[101.5771,14.0023],[101.5782,14.0034],[101.5787,14.0034],[101.5793,14.0026],[101.5801,14.0026],[101.5804,14.002],[101.5812,14.002],[101.5815,14.0015],[101.5826,14.0017],[101.5826,14.005],[101.5818,14.005],[101.5818,14.0039],[101.5812,14.0039],[101.581,14.0045],[101.5793,14.0039],[101.579,14.0045],[101.5776,14.0045],[101.5774,14.0053],[101.5763,14.0053],[101.5752,14.0061],[101.5707,14.0059],[101.571,14.0067],[101.5702,14.0065],[101.5682,14.0076],[101.5663,14.0076],[101.5655,14.0087],[101.5641,14.0087],[101.5635,14.0095],[101.5627,14.0095],[101.5627,14.009],[101.5622,14.009],[101.5616,14.0098],[101.5624,14.0101],[101.5625,14.0109],[101.5605,14.0115]],[[101.5674,14.0062],[101.5679,14.006],[101.5679,14.0054],[101.5674,14.0054],[101.5674,14.0062]],[[101.5696,14.0057],[101.5699,14.0059],[101.5699,14.0057],[101.5696,14.0057]],[[101.5691,14.0054],[101.5693,14.0057],[101.5693,14.0054],[101.5691,14.0054]],[[101.5685,14.0054],[101.5691,14.0054],[101.569,14.0049],[101.5685,14.0049],[101.5685,14.0054]],[[101.5751,14.0045],[101.5754,14.0051],[101.5754,14.0045],[101.5751,14.0045]],[[101.5693,14.0021],[101.5696,14.0027],[101.5696,14.0021],[101.5693,14.0021]]]}},{"type":"Feature","properties":{"kind":"flood","area_km2":1.119,"conf":"high","date":"2026-10-09"},"geometry":{"type":"Polygon","coordinates":[[[101.4484,14.0676],[101.4481,14.0652],[101.4492,14.0641],[101.4478,14.0638],[101.4478,14.063],[101.4498,14.0633],[101.45,14.0619],[101.4492,14.0625],[101.4475,14.0622],[101.4473,14.0636],[101.4437,14.0636],[101.4436,14.0631],[101.442,14.0628],[101.442,14.0609],[101.4414,14.0609],[101.4414,14.0617],[101.4406,14.0617],[101.44,14.0612],[101.4381,14.0615],[101.4383,14.0599],[101.4372,14.0596],[101.4369,14.0585],[101.4358,14.0588],[101.4358,14.0553],[101.4372,14.0556],[101.4372,14.055],[101.4386,14.055],[101.4388,14.0539],[101.4399,14.0539],[101.4399,14.0512],[101.441,14.0512],[101.4416,14.0523],[101.4444,14.0522],[101.4444,14.0528],[101.4452,14.053],[101.4449,14.0538],[101.4461,14.0544],[101.4463,14.056],[101.4461,14.0571],[101.4453,14.0576],[101.4466,14.0576],[101.4469,14.0592],[101.4458,14.0593],[101.445,14.0585],[101.4436,14.0587],[101.4439,14.0595],[101.4453,14.0601],[101.445,14.0617],[101.4459,14.0617],[101.4461,14.0612],[101.4481,14.0606],[101.4497,14.0608],[101.4503,14.0611],[101.4503,14.0617],[101.4511,14.0616],[101.4514,14.0622],[101.4525,14.0624],[101.4525,14.0641],[101.4503,14.0641],[101.45,14.0646],[101.4509,14.0646],[101.4509,14.0657],[101.4498,14.0665],[101.4492,14.0676],[101.4484,14.0676]],[[101.4378,14.0583],[101.4392,14.0582],[101.4391,14.0577],[101.438,14.0574],[101.4375,14.0577],[101.4378,14.0583]],[[101.4411,14.0571],[101.4444,14.0566],[101.4444,14.0552],[101.4438,14.0547],[101.4405,14.0552],[101.4402,14.0569],[101.4411,14.0571]]]}},{"type":"Feature","properties":{"kind":"flood","area_km2":1.113,"conf":"high","date":"2026-10-09"},"geometry":{"type":"Polygon","coordinates":[[[101.6581,14.0058],[101.657,14.0045],[101.6545,14.0037],[101.6545,14.0029],[101.6556,14.0028],[101.6553,14.002],[101.6548,14.002],[101.6548,14.0007],[101.6559,13.9999],[101.6556,13.9988],[101.655,13.9985],[101.655,13.9972],[101.6536,13.9983],[101.6525,13.9983],[101.6519,13.9975],[101.6519,13.9964],[101.6508,13.9956],[101.6508,13.9937],[101.6597,13.9936],[101.6597,13.9941],[101.6608,13.9941],[101.6608,13.9949],[101.6627,13.9946],[101.663,13.9954],[101.6639,13.9957],[101.6642,13.9968],[101.665,13.9973],[101.665,13.9981],[101.6636,13.9981],[101.6625,13.9995],[101.6617,13.9998],[101.6617,14.0006],[101.6598,14.0009],[101.6601,14.0028],[101.6609,14.0036],[101.6609,14.005],[101.6601,14.005],[101.6593,14.0058],[101.6581,14.0058]],[[101.6592,14.0036],[101.6595,14.0042],[101.6598,14.0036],[101.6592,14.0036]],[[101.6544,13.995],[101.6547,13.9953],[101.6547,13.995],[101.6544,13.995]]]}},{"type":"Feature","properties":{"kind":"flood","area_km2":1.084,"conf":"high","date":"2026-10-09"},"geometry":{"type":"Polygon","coordinates":[[[101.6756,14.0048],[101.6751,14.0034],[101.6745,14.0034],[101.6745,14.0024],[101.6737,14.0026],[101.6731,14.0035],[101.6712,14.0035],[101.6711,14.0002],[101.67,14.0005],[101.6703,14.0021],[101.6692,14.0024],[101.6684,14.0003],[101.6683,13.9986],[101.6686,13.9978],[101.6703,13.9967],[101.6705,13.9954],[101.67,13.9946],[101.6677,13.9948],[101.6672,13.9935],[101.6711,13.9935],[101.6713,13.994],[101.6724,13.994],[101.6727,13.9951],[101.6736,13.9951],[101.6744,13.9934],[101.6785,13.9934],[101.6791,13.9942],[101.6797,13.9942],[101.6794,13.9977],[101.68,13.9982],[101.6841,13.9982],[101.6839,13.9998],[101.6814,14.0001],[101.6814,14.0009],[101.6803,14.0015],[101.6798,14.0023],[101.6789,14.0023],[101.6789,14.0004],[101.6783,14.0004],[101.6781,13.9993],[101.6767,13.9983],[101.6767,13.9977],[101.6747,13.9983],[101.6747,13.9988],[101.6739,13.9997],[101.6722,13.9994],[101.6722,14.0002],[101.6742,14.001],[101.6748,14.0021],[101.6773,14.0021],[101.6781,14.0026],[101.6784,14.0039],[101.6778,14.0045],[101.6756,14.0048]],[[101.6756,14.0029],[101.6759,14.0032],[101.6759,14.0029],[101.6756,14.0029]],[[101.6736,13.9964],[101.6744,13.9964],[101.6752,13.9956],[101.6736,13.9956],[101.6736,13.9964]]]}},{"type":"Feature","properties":{"kind":"flood","area_km2":1.067,"conf":"high","date":"2026-10-09"},"geometry":{"type":"Polygon","coordinates":[[[101.0684,14.0235],[101.0684,14.0218],[101.0695,14.0216],[101.0695,14.0205],[101.0714,14.0205],[101.0714,14.0199],[101.0645,14.0197],[101.0645,14.0184],[101.0653,14.0173],[101.065,14.0159],[101.0667,14.0156],[101.0666,14.0118],[101.0664,14.0108],[101.0658,14.0105],[101.0652,14.008],[101.0666,14.0083],[101.0666,14.0078],[101.0674,14.0078],[101.0674,14.0067],[101.0685,14.0067],[101.0686,14.0099],[101.0691,14.0099],[101.0691,14.0067],[101.0713,14.0066],[101.0713,14.0075],[101.0705,14.0077],[101.0705,14.0088],[101.0711,14.0094],[101.0711,14.0099],[101.0705,14.0099],[101.0705,14.0113],[101.0711,14.0113],[101.0714,14.0123],[101.0728,14.0123],[101.0725,14.0142],[101.0719,14.0142],[101.0717,14.0148],[101.0717,14.0178],[101.0723,14.0194],[101.0737,14.0194],[101.0736,14.0153],[101.0742,14.0153],[101.0742,14.0145],[101.0747,14.0142],[101.0749,14.0085],[101.0735,14.008],[101.0735,14.0072],[101.0722,14.0074],[101.0719,14.0083],[101.0719,14.0066],[101.0741,14.0066],[101.0741,14.0072],[101.0758,14.0077],[101.0758,14.009],[101.0763,14.0096],[101.0764,14.012],[101.0758,14.012],[101.0761,14.0137],[101.0753,14.0139],[101.0745,14.0161],[101.0748,14.0196],[101.0725,14.0196],[101.0725,14.0202],[101.0731,14.0202],[101.0731,14.021],[101.072,14.0213],[101.0712,14.0232],[101.0701,14.0232],[101.0701,14.0226],[101.0695,14.0227],[101.0692,14.0235],[101.0684,14.0235]],[[101.067,14.0183],[101.0684,14.0186],[101.0686,14.0181],[101.067,14.0178],[101.067,14.0183]],[[101.0697,14.0172],[101.0703,14.017],[101.07,14.014],[101.0692,14.0151],[101.0692,14.0156],[101.0697,14.0159],[101.0697,14.0172]],[[101.0681,14.014],[101.0686,14.014],[101.0686,14.0132],[101.068,14.0132],[101.0681,14.014]],[[101.0689,14.0126],[101.0703,14.0126],[101.0702,14.0107],[101.0691,14.0107],[101.0691,14.0102],[101.0672,14.0105],[101.0672,14.0121],[101.0689,14.0118],[101.0689,14.0126]]]}},{"type":"Feature","properties":{"kind":"flood","area_km2":1.041,"conf":"high","date":"2026-10-09"},"geometry":{"type":"Polygon","coordinates":[[[101.241,14.007],[101.2404,14.006],[101.2379,14.006],[101.239,14.0057],[101.239,14.0046],[101.2393,14.0051],[101.2407,14.0054],[101.2404,14.0038],[101.239,14.0038],[101.239,14.0043],[101.2368,14.0041],[101.2371,14.0057],[101.2362,14.0057],[101.2359,14.0049],[101.2343,14.0052],[101.2348,14.0017],[101.2331,14.0014],[101.2329,14.002],[101.2317,14.002],[101.2317,14.0006],[101.2312,14.0006],[101.2312,13.9998],[101.2325,13.9987],[101.2325,13.9979],[101.2398,13.9978],[101.2398,13.9989],[101.2406,13.9989],[101.2406,13.9978],[101.2425,13.9978],[101.2425,13.9989],[101.2442,13.9991],[101.245,13.9989],[101.245,13.9978],[101.2464,13.998],[101.2462,13.9994],[101.245,13.9994],[101.2451,14.0005],[101.2464,14.0007],[101.2465,14.0013],[101.2459,14.0013],[101.2459,14.0024],[101.2451,14.0024],[101.2451,14.0016],[101.2434,14.0016],[101.2431,14.0008],[101.2426,14.0011],[101.2426,14.0019],[101.2437,14.0019],[101.244,14.0024],[101.2445,14.0024],[101.2443,14.004],[101.2459,14.004],[101.2462,14.0064],[101.2443,14.0065],[101.244,14.0054],[101.2429,14.0051],[101.242,14.0054],[101.2421,14.0059],[101.2429,14.0062],[101.2429,14.007],[101.241,14.007]],[[101.2362,14.0044],[101.2365,14.0038],[101.2359,14.0033],[101.2359,14.0041],[101.2362,14.0044]],[[101.2426,14.0038],[101.2437,14.0038],[101.2437,14.0027],[101.2426,14.0027],[101.2426,14.0038]],[[101.239,14.0027],[101.2393,14.003],[101.2392,14.0027],[101.239,14.0027]],[[101.2356,14.0011],[101.2359,14.0017],[101.2359,14.0011],[101.2356,14.0011]],[[101.2362,14.0003],[101.2367,14.0003],[101.2367,14.0],[101.2362,13.9998],[101.2362,14.0003]],[[101.2334,13.9998],[101.2339,13.9998],[101.2339,13.999],[101.2334,13.9992],[101.2334,13.9998]]]}},{"type":"Feature","properties":{"kind":"flood","area_km2":1.036,"conf":"high","date":"2026-10-09"},"geometry":{"type":"Polygon","coordinates":[[[101.3287,14.004],[101.3278,14.0032],[101.3278,14.0021],[101.3289,14.0021],[101.3289,14.0016],[101.3278,14.0016],[101.3278,14.0002],[101.327,14.0005],[101.3267,14.0032],[101.3259,14.0032],[101.3256,14.0022],[101.3247,14.0024],[101.3245,14.0035],[101.3206,14.0036],[101.32,14.0028],[101.3167,14.0025],[101.3156,14.002],[101.3156,14.0001],[101.3145,14.0001],[101.3139,13.9996],[101.3125,13.9999],[101.3119,13.9993],[101.3122,13.9971],[101.3155,13.9971],[101.3164,13.9979],[101.3164,13.9985],[101.3169,13.9985],[101.3156,13.9987],[101.3158,13.9995],[101.32,13.9995],[101.3203,14.0017],[101.3211,14.0017],[101.3217,14.0011],[101.3217,14.0],[101.3211,14.0],[101.3211,13.9992],[101.3222,13.9989],[101.3222,13.9976],[101.323,13.9976],[101.3233,13.997],[101.3264,13.997],[101.3266,13.9975],[101.3272,13.9975],[101.3275,13.997],[101.3289,13.997],[101.3286,13.9986],[101.3297,13.9986],[101.3297,13.997],[101.3339,13.9969],[101.3339,13.998],[101.333,13.9986],[101.3331,14.0005],[101.3322,14.0005],[101.3317,14.001],[101.3311,14.0037],[101.3298,14.0035],[101.3295,14.004],[101.3287,14.004]],[[101.3175,14.0017],[101.3186,14.0017],[101.3189,14.0003],[101.3175,14.0003],[101.3175,14.0017]],[[101.3239,14.0011],[101.3245,14.0008],[101.3242,13.9995],[101.3233,14.0],[101.3239,14.0011]],[[101.3278,14.0],[101.3281,14.0002],[101.3281,14.0],[101.3278,14.0]],[[101.3306,13.9997],[101.3311,13.9997],[101.3311,13.9991],[101.3305,13.9991],[101.3306,13.9997]],[[101.3258,13.9992],[101.3261,13.9995],[101.3261,13.9992],[101.3258,13.9992]]]}},{"type":"Feature","properties":{"kind":"flood","area_km2":1.03,"conf":"high","date":"2026-10-09"},"geometry":{"type":"Polygon","coordinates":[[[101.0135,14.0269],[101.0134,14.0231],[101.0143,14.0218],[101.0142,14.021],[101.0134,14.0199],[101.0136,14.0158],[101.0159,14.0158],[101.0159,14.018],[101.0153,14.0196],[101.0154,14.0226],[101.0159,14.0226],[101.0164,14.0158],[101.0178,14.0158],[101.0178,14.0171],[101.0192,14.0171],[101.0195,14.0163],[101.0195,14.0201],[101.0187,14.0206],[101.0187,14.0215],[101.0193,14.0217],[101.0201,14.0212],[101.0201,14.0195],[101.022,14.0195],[101.0214,14.0179],[101.0209,14.0179],[101.0209,14.0166],[101.0217,14.0166],[101.0225,14.0174],[101.0239,14.0173],[101.025,14.0133],[101.027,14.0133],[101.027,14.0141],[101.0264,14.0141],[101.0264,14.0146],[101.0284,14.0146],[101.0284,14.0154],[101.0278,14.0157],[101.0278,14.0173],[101.0267,14.0179],[101.0262,14.0206],[101.0248,14.0206],[101.0245,14.0219],[101.0226,14.0222],[101.022,14.0217],[101.022,14.0203],[101.0212,14.0204],[101.0212,14.0222],[101.0206,14.0225],[101.0204,14.0236],[101.019,14.0239],[101.019,14.0247],[101.0179,14.0247],[101.0162,14.0258],[101.0154,14.0258],[101.0154,14.0242],[101.0148,14.0242],[101.0149,14.0269],[101.0135,14.0269]],[[101.0182,14.0236],[101.0187,14.0236],[101.0187,14.0231],[101.0182,14.0231],[101.0182,14.0236]],[[101.0251,14.0195],[101.0256,14.0192],[101.0253,14.0181],[101.0248,14.019],[101.0251,14.0195]],[[101.017,14.0193],[101.0176,14.0193],[101.0176,14.0188],[101.017,14.0188],[101.017,14.0193]],[[101.0173,14.0174],[101.0178,14.0177],[101.0178,14.0174],[101.0173,14.0174]],[[101.0253,14.0176],[101.0262,14.0176],[101.0262,14.0171],[101.0253,14.0171],[101.0253,14.0176]],[[101.0264,14.016],[101.0267,14.0165],[101.0267,14.016],[101.0264,14.016]],[[101.0253,14.0152],[101.0256,14.0154],[101.0256,14.0152],[101.0253,14.0152]]]}},{"type":"Feature","properties":{"kind":"flood","area_km2":0.949,"conf":"low","date":"2026-10-09"},"geometry":{"type":"Polygon","coordinates":[[[101.01,14.201],[101.0105,14.1991],[101.0094,14.1988],[101.0091,14.1994],[101.008,14.1994],[101.0072,14.1986],[101.0072,14.1975],[101.0077,14.1972],[101.0077,14.1967],[101.0083,14.1967],[101.0086,14.1959],[101.0097,14.1959],[101.0102,14.1945],[101.0138,14.1942],[101.0149,14.1928],[101.0149,14.1915],[101.016,14.1915],[101.0163,14.1904],[101.0168,14.1904],[101.0166,14.1893],[101.0171,14.1877],[101.0165,14.1871],[101.0182,14.1866],[101.0182,14.1844],[101.0168,14.1847],[101.0168,14.1836],[101.0176,14.1833],[101.0179,14.1825],[101.0187,14.1825],[101.0187,14.183],[101.0193,14.183],[101.0196,14.1852],[101.0224,14.1852],[101.0218,14.1865],[101.0213,14.1868],[101.0218,14.1873],[101.0235,14.1852],[101.0235,14.1844],[101.0251,14.1835],[101.0257,14.1824],[101.0265,14.1819],[101.0265,14.1813],[101.0276,14.1813],[101.0276,14.1824],[101.0243,14.186],[101.0229,14.1884],[101.0218,14.189],[101.0213,14.1903],[101.0202,14.1901],[101.0202,14.189],[101.0185,14.1893],[101.0185,14.1887],[101.0177,14.1885],[101.0174,14.1904],[101.0182,14.1904],[101.0188,14.1906],[101.0188,14.1912],[101.0194,14.1912],[101.0194,14.1933],[101.018,14.1936],[101.018,14.1952],[101.0172,14.1952],[101.0172,14.1947],[101.0163,14.1947],[101.0163,14.1942],[101.0158,14.1942],[101.0158,14.1947],[101.0144,14.1958],[101.0144,14.1972],[101.0128,14.1988],[101.0119,14.2004],[101.0114,14.201],[101.01,14.201]],[[101.0083,14.1988],[101.0091,14.1988],[101.0091,14.1983],[101.0097,14.1983],[101.0097,14.1972],[101.0088,14.1972],[101.0083,14.1988]],[[101.0105,14.1975],[101.0111,14.1975],[101.0111,14.1969],[101.0108,14.1969],[101.0105,14.1975]],[[101.0111,14.1967],[101.0113,14.1969],[101.0113,14.1967],[101.0111,14.1967]],[[101.0105,14.1958],[101.0119,14.1958],[101.0122,14.1947],[101.0108,14.1948],[101.0105,14.1958]],[[101.0166,14.1928],[101.0169,14.1931],[101.0169,14.1928],[101.0166,14.1928]],[[101.018,14.1914],[101.0185,14.192],[101.0185,14.1914],[101.018,14.1914]],[[101.0202,14.1884],[101.0204,14.1887],[101.0204,14.1884],[101.0202,14.1884]],[[101.0204,14.1882],[101.0207,14.1884],[101.0207,14.1882],[101.0204,14.1882]],[[101.0193,14.1882],[101.0204,14.1882],[101.0207,14.1871],[101.0193,14.1871],[101.0193,14.1882]]]}},{"type":"Feature","properties":{"kind":"flood","area_km2":0.936,"conf":"low","date":"2026-10-09"},"geometry":{"type":"Polygon","coordinates":[[[101.0468,14.2183],[101.0468,14.2175],[101.0463,14.217],[101.0443,14.217],[101.0429,14.2164],[101.0426,14.2156],[101.0412,14.2159],[101.0412,14.2154],[101.041,14.2159],[101.0401,14.2159],[101.0393,14.2154],[101.039,14.214],[101.0371,14.2143],[101.0357,14.2133],[101.0348,14.2133],[101.0348,14.2119],[101.0359,14.2119],[101.0359,14.2114],[101.0365,14.2114],[101.0365,14.2105],[101.0345,14.2106],[101.0345,14.2092],[101.0331,14.2089],[101.0342,14.2084],[101.0342,14.2068],[101.0351,14.2068],[101.035,14.2049],[101.0336,14.2049],[101.0336,14.2027],[101.0342,14.2019],[101.0336,14.2016],[101.0336,14.2024],[101.0328,14.2024],[101.0328,14.2014],[101.0336,14.2013],[101.0339,14.2],[101.0336,14.1994],[101.0322,14.1995],[101.0316,14.1984],[101.0341,14.1986],[101.0347,14.1981],[101.0355,14.1981],[101.0356,14.2002],[101.0361,14.2019],[101.0353,14.2019],[101.0353,14.2032],[101.0359,14.204],[101.0367,14.2043],[101.0367,14.2057],[101.0373,14.2057],[101.0376,14.2067],[101.0398,14.2067],[101.0406,14.207],[101.0406,14.2081],[101.042,14.2081],[101.0423,14.2064],[101.0428,14.2064],[101.0428,14.2083],[101.0431,14.2072],[101.044,14.2072],[101.0445,14.208],[101.0459,14.208],[101.0459,14.2096],[101.0448,14.2099],[101.0434,14.2099],[101.0434,14.2094],[101.0409,14.2091],[101.0404,14.21],[101.0418,14.21],[101.0418,14.2108],[101.0401,14.2105],[101.0395,14.2116],[101.039,14.2116],[101.039,14.213],[101.0412,14.2124],[101.0412,14.2132],[101.0401,14.2135],[101.0412,14.2135],[101.0426,14.2146],[101.0443,14.2145],[101.0446,14.2159],[101.0476,14.2164],[101.0479,14.2183],[101.0468,14.2183]],[[101.0384,14.2124],[101.0387,14.2127],[101.0387,14.2124],[101.0384,14.2124]],[[101.0373,14.21],[101.0379,14.21],[101.0378,14.2078],[101.0392,14.2073],[101.037,14.207],[101.0373,14.21]],[[101.0345,14.2092],[101.0362,14.2092],[101.0362,14.2078],[101.0351,14.2078],[101.0345,14.2084],[101.0345,14.2092]]]}},{"type":"Feature","properties":{"kind":"flood","area_km2":0.876,"conf":"low","date":"2026-10-09"},"geometry":{"type":"Polygon","coordinates":[[[100.9969,14.1013],[100.9958,14.1005],[100.9952,14.1005],[100.9949,14.1011],[100.9933,14.1011],[100.9927,14.1006],[100.993,14.0989],[100.9919,14.0989],[100.9921,14.0889],[100.9935,14.0889],[100.9935,14.0894],[100.9943,14.0897],[100.9943,14.0905],[100.9957,14.0905],[100.9957,14.0913],[100.9963,14.0913],[100.9962,14.09],[100.9971,14.09],[100.9971,14.0905],[100.9976,14.0905],[100.9976,14.09],[100.9993,14.0902],[100.9993,14.0926],[100.9982,14.0929],[100.9982,14.094],[100.9988,14.094],[100.9985,14.0954],[100.9991,14.0954],[100.9988,14.1011],[100.9969,14.1013]],[[100.9966,14.0976],[100.9971,14.0975],[100.9974,14.0927],[100.9968,14.0927],[100.9966,14.0976]]]}},{"type":"Feature","properties":{"kind":"flood","area_km2":0.834,"conf":"high","date":"2026-10-09"},"geometry":{"type":"Polygon","coordinates":[[[101.498,14.0045],[101.4977,14.0029],[101.4963,14.0032],[101.4963,14.0002],[101.4952,14.0002],[101.4943,13.9994],[101.4946,13.9972],[101.4929,13.9973],[101.4926,13.9954],[101.4982,13.9953],[101.4993,13.9956],[101.4998,13.9964],[101.5012,13.9953],[101.5043,13.9952],[101.5046,13.9958],[101.5051,13.9958],[101.5051,13.9963],[101.506,13.9968],[101.506,13.9979],[101.5051,13.9985],[101.5026,13.9985],[101.5012,13.9969],[101.5007,13.9972],[101.5021,13.9996],[101.5038,13.9999],[101.5041,14.0015],[101.5035,14.0015],[101.5035,14.002],[101.5013,14.0018],[101.5008,14.0037],[101.4985,14.0032],[101.4991,14.0042],[101.498,14.0045]],[[101.4963,13.9999],[101.4971,14.0002],[101.4971,13.9999],[101.4963,13.9999]],[[101.5043,13.9971],[101.5048,13.9974],[101.5048,13.9971],[101.5043,13.9971]],[[101.5032,13.9961],[101.5034,13.9963],[101.5034,13.9961],[101.5032,13.9961]]]}},{"type":"Feature","properties":{"kind":"flood","area_km2":0.791,"conf":"low","date":"2026-10-09"},"geometry":{"type":"Polygon","coordinates":[[[101.0061,14.0441],[101.0058,14.0419],[101.0063,14.0324],[101.0074,14.0321],[101.0077,14.0332],[101.0082,14.0332],[101.0085,14.0316],[101.0096,14.0316],[101.0099,14.0337],[101.0105,14.0343],[101.0116,14.0345],[101.0121,14.0332],[101.0132,14.0332],[101.0127,14.0356],[101.013,14.037],[101.0122,14.0372],[101.0122,14.0378],[101.0113,14.0378],[101.0113,14.0383],[101.0125,14.0383],[101.0125,14.0399],[101.0119,14.0402],[101.0127,14.0405],[101.0128,14.0421],[101.0111,14.0427],[101.0106,14.0432],[101.0106,14.044],[101.0078,14.044],[101.0078,14.0422],[101.0072,14.0422],[101.0072,14.0438],[101.0061,14.0441]],[[101.0111,14.0419],[101.0117,14.0418],[101.0116,14.041],[101.0111,14.0413],[101.0111,14.0419]],[[101.0072,14.0381],[101.0077,14.0381],[101.008,14.0348],[101.0071,14.0351],[101.0072,14.0381]],[[101.011,14.0364],[101.0116,14.0367],[101.0116,14.0364],[101.011,14.0364]]]}},{"type":"Feature","properties":{"kind":"flood","area_km2":0.755,"conf":"high","date":"2026-10-09"},"geometry":{"type":"Polygon","coordinates":[[[101.3634,14.0102],[101.3609,14.0102],[101.3609,14.0089],[101.3615,14.0086],[101.3617,14.0075],[101.3623,14.0075],[101.3623,14.0064],[101.3631,14.0064],[101.3642,14.0045],[101.367,14.0045],[101.3656,14.0039],[101.3658,14.002],[101.3686,14.0018],[101.3678,14.0015],[101.3675,14.0007],[101.3666,14.0007],[101.3669,13.9991],[101.3644,13.9994],[101.3644,13.9988],[101.3608,13.9983],[101.3605,13.9972],[101.3636,13.9975],[101.3638,13.998],[101.3652,13.9983],[101.3658,13.9966],[101.3699,13.9966],[101.3699,13.9971],[101.3702,13.9966],[101.3713,13.9966],[101.3719,13.9987],[101.3711,13.9993],[101.3711,14.0001],[101.3697,14.0007],[101.3694,14.0015],[101.3694,14.002],[101.3708,14.0017],[101.3709,14.0044],[101.37,14.0044],[101.3695,14.0034],[101.3689,14.0034],[101.3689,14.0039],[101.3681,14.0042],[101.3686,14.0047],[101.3686,14.0058],[101.3678,14.0058],[101.3676,14.0091],[101.3662,14.0091],[101.3648,14.0083],[101.365,14.0056],[101.3645,14.0056],[101.3645,14.0072],[101.3628,14.0075],[101.3628,14.008],[101.3637,14.0083],[101.3634,14.0102]],[[101.3673,14.0058],[101.3678,14.0058],[101.3678,14.0053],[101.3673,14.0053],[101.3673,14.0058]],[[101.368,13.9999],[101.3686,13.9999],[101.3686,13.999],[101.3677,13.9988],[101.368,13.9999]],[[101.3669,13.998],[101.3672,13.9985],[101.3672,13.998],[101.3669,13.998]]]}},{"type":"Feature","properties":{"kind":"flood","area_km2":0.744,"conf":"low","date":"2026-10-09"},"geometry":{"type":"Polygon","coordinates":[[[101.0382,14.0264],[101.0379,14.0259],[101.0373,14.0259],[101.0373,14.0246],[101.0382,14.0243],[101.0376,14.0224],[101.0381,14.0221],[101.0384,14.0205],[101.0367,14.0202],[101.0367,14.0197],[101.0353,14.0194],[101.0353,14.0175],[101.0348,14.0175],[101.0347,14.0151],[101.035,14.0145],[101.0364,14.0143],[101.0364,14.0137],[101.0356,14.0137],[101.0356,14.0126],[101.0364,14.0105],[101.0364,14.0091],[101.0369,14.0088],[101.0369,14.0077],[101.0386,14.0077],[101.0386,14.0085],[101.0408,14.0088],[101.0408,14.0099],[101.0397,14.0099],[101.0397,14.0112],[101.0405,14.0115],[101.0406,14.0129],[101.0417,14.0129],[101.042,14.0156],[101.0411,14.0161],[101.0412,14.0183],[101.0423,14.0185],[101.042,14.0202],[101.0401,14.0202],[101.0392,14.0197],[101.0395,14.0213],[101.039,14.0235],[101.039,14.0264],[101.0382,14.0264]],[[101.0381,14.0194],[101.0387,14.0194],[101.0387,14.0188],[101.0381,14.0189],[101.0381,14.0194]],[[101.0364,14.0178],[101.0378,14.0178],[101.0378,14.0167],[101.0392,14.0169],[101.0392,14.0164],[101.0386,14.0164],[101.0386,14.0153],[101.0381,14.0153],[101.0381,14.0148],[101.0389,14.0148],[101.0389,14.0142],[101.0397,14.014],[101.0392,14.0123],[101.0375,14.0126],[101.0375,14.0148],[101.0367,14.0156],[101.0364,14.0178]],[[101.0398,14.0172],[101.0403,14.0175],[101.0403,14.0172],[101.0398,14.0172]],[[101.0378,14.0121],[101.0383,14.0118],[101.0386,14.0088],[101.038,14.0091],[101.038,14.0107],[101.0375,14.011],[101.0378,14.0121]]]}},{"type":"Feature","properties":{"kind":"flood","area_km2":0.733,"conf":"high","date":"2026-10-09"},"geometry":{"type":"Polygon","coordinates":[[[101.4761,14.0633],[101.4761,14.0627],[101.4747,14.0628],[101.4747,14.0611],[101.4767,14.0614],[101.4764,14.0606],[101.4742,14.0609],[101.4736,14.0598],[101.4725,14.0598],[101.4725,14.0593],[101.4719,14.059],[101.4705,14.059],[101.47,14.0601],[101.4689,14.0601],[101.4691,14.0579],[101.4666,14.058],[101.4669,14.0566],[101.4663,14.0561],[101.4661,14.0569],[101.4652,14.0569],[101.4652,14.0558],[101.4644,14.0553],[101.4644,14.0531],[101.4655,14.0531],[101.4649,14.0528],[101.4649,14.052],[101.4663,14.0523],[101.4671,14.0542],[101.468,14.0542],[101.4685,14.0547],[101.4686,14.0558],[101.4691,14.0558],[101.4694,14.0547],[101.4702,14.0547],[101.4702,14.0555],[101.4711,14.0557],[101.4711,14.0563],[101.4719,14.0563],[101.4724,14.0538],[101.4741,14.0538],[101.4747,14.0546],[101.4755,14.0546],[101.4755,14.056],[101.4758,14.0565],[101.4769,14.0565],[101.4769,14.0573],[101.475,14.0573],[101.4741,14.0582],[101.4741,14.0587],[101.4758,14.0592],[101.4777,14.0587],[101.4778,14.0595],[101.4783,14.06],[101.4781,14.0622],[101.4792,14.0622],[101.4792,14.063],[101.4786,14.0633],[101.4761,14.0633]],[[101.4683,14.0574],[101.4691,14.0571],[101.4691,14.0566],[101.4683,14.0569],[101.4683,14.0574]],[[101.4672,14.0552],[101.4674,14.0555],[101.4674,14.0552],[101.4672,14.0552]]]}},{"type":"Feature","properties":{"kind":"flood","area_km2":0.73,"conf":"low","date":"2026-10-09"},"geometry":{"type":"Polygon","coordinates":[[[101.7191,14.0179],[101.7152,14.0179],[101.7149,14.0174],[101.7149,14.0157],[101.7154,14.0157],[101.7157,14.0149],[101.7146,14.0138],[101.7135,14.0139],[101.7129,14.0133],[101.7129,14.0125],[101.7143,14.0119],[101.7143,14.0109],[101.7148,14.0103],[101.7193,14.01],[101.7198,14.0094],[101.7201,14.0081],[101.7209,14.0081],[101.7215,14.0086],[101.722,14.0081],[101.7234,14.0081],[101.7237,14.0086],[101.7251,14.0083],[101.7254,14.0097],[101.7237,14.0102],[101.7237,14.0108],[101.7226,14.0108],[101.7232,14.0132],[101.7224,14.0146],[101.7221,14.0162],[101.7216,14.0167],[101.7193,14.0173],[101.7191,14.0179]],[[101.7185,14.0135],[101.7201,14.0135],[101.7201,14.013],[101.7223,14.0113],[101.7223,14.0094],[101.7217,14.0089],[101.7204,14.0089],[101.7204,14.0105],[101.7198,14.0108],[101.7198,14.0113],[101.7184,14.0116],[101.7185,14.0135]]]}},{"type":"Feature","properties":{"kind":"flood","area_km2":0.728,"conf":"low","date":"2026-10-09"},"geometry":{"type":"Polygon","coordinates":[[[101.494,14.1005],[101.4937,14.0994],[101.4907,14.0995],[101.4904,14.0986],[101.489,14.0987],[101.489,14.0957],[101.4884,14.0949],[101.4884,14.0941],[101.489,14.0935],[101.4901,14.0935],[101.4915,14.0946],[101.4937,14.0945],[101.4939,14.0924],[101.4926,14.0924],[101.4926,14.0932],[101.492,14.0932],[101.4917,14.0938],[101.492,14.0919],[101.49,14.0919],[101.49,14.0908],[101.4909,14.09],[101.4936,14.0902],[101.4933,14.0891],[101.4945,14.0894],[101.4948,14.0913],[101.4978,14.0912],[101.4989,14.0923],[101.4995,14.0923],[101.4995,14.0956],[101.4984,14.0956],[101.4976,14.0964],[101.4976,14.0972],[101.4973,14.0961],[101.4962,14.0961],[101.4962,14.0975],[101.4973,14.0975],[101.4968,14.0988],[101.4954,14.0986],[101.4943,14.0972],[101.4942,14.0954],[101.4926,14.0948],[101.4926,14.0954],[101.4937,14.0956],[101.4937,14.0964],[101.4932,14.0964],[101.4932,14.097],[101.4943,14.0981],[101.4943,14.0994],[101.4949,14.0997],[101.4949,14.1005],[101.494,14.1005]],[[101.4904,14.0984],[101.491,14.0984],[101.4907,14.097],[101.4901,14.097],[101.4904,14.0984]],[[101.4954,14.0964],[101.4959,14.0972],[101.4959,14.0964],[101.4954,14.0964]],[[101.497,14.0956],[101.4981,14.0956],[101.4978,14.0937],[101.4962,14.094],[101.4962,14.0951],[101.497,14.0956]],[[101.494,14.0951],[101.4948,14.0951],[101.4948,14.094],[101.494,14.094],[101.494,14.0951]],[[101.4948,14.0937],[101.4953,14.094],[101.4953,14.0937],[101.4948,14.0937]]]}},{"type":"Feature","properties":{"kind":"flood","area_km2":0.687,"conf":"low","date":"2026-10-09"},"geometry":{"type":"Polygon","coordinates":[[[101.1138,14.1028],[101.1135,14.0998],[101.1116,14.1001],[101.1116,14.0996],[101.1102,14.0993],[101.1099,14.0985],[101.1085,14.0985],[101.1085,14.0996],[101.1077,14.0996],[101.1077,14.1004],[101.1085,14.1004],[101.1088,14.1012],[101.1102,14.1012],[101.1105,14.1006],[101.1105,14.1015],[101.1094,14.1015],[101.1091,14.1026],[101.1083,14.1017],[101.1083,14.1012],[101.1074,14.1009],[101.1069,14.0999],[101.106,14.0993],[101.106,14.0985],[101.1074,14.0974],[101.1077,14.0966],[101.1088,14.0966],[101.109,14.0947],[101.1096,14.0941],[101.1104,14.0941],[101.1104,14.0931],[101.1118,14.093],[101.1126,14.0933],[101.1127,14.0938],[101.1138,14.0938],[101.1143,14.0952],[101.1152,14.0946],[101.1146,14.0944],[101.1143,14.0917],[101.1126,14.0911],[101.1126,14.0901],[101.1137,14.09],[101.1137,14.0895],[101.1146,14.0895],[101.1145,14.0868],[101.1154,14.0868],[101.1157,14.0889],[101.1148,14.089],[101.1148,14.0908],[101.1165,14.0911],[101.1171,14.0916],[101.1171,14.0927],[101.116,14.0925],[101.1151,14.0927],[101.1168,14.0933],[101.1165,14.0944],[101.1174,14.0946],[101.1174,14.096],[101.1166,14.096],[101.1163,14.0968],[101.1152,14.0968],[101.1152,14.0963],[101.1135,14.0963],[101.1135,14.0968],[101.1152,14.0971],[101.1152,14.0987],[101.1158,14.0987],[101.1158,14.0995],[101.1149,14.0995],[101.1149,14.099],[101.1141,14.099],[101.1138,14.0984],[101.1124,14.0985],[101.1152,14.1001],[101.1152,14.1011],[101.1138,14.1028]],[[101.111,14.0985],[101.1116,14.0985],[101.1116,14.0974],[101.1124,14.0971],[101.1124,14.0957],[101.1129,14.0955],[101.1127,14.0947],[101.1116,14.0949],[101.1121,14.0955],[101.1116,14.0971],[101.1102,14.0974],[101.111,14.0985]],[[101.1096,14.0966],[101.1107,14.0963],[101.1107,14.095],[101.1093,14.095],[101.1096,14.0966]],[[101.1104,14.0947],[101.111,14.0947],[101.111,14.0941],[101.1104,14.0941],[101.1104,14.0947]]]}},{"type":"Feature","properties":{"kind":"flood","area_km2":0.672,"conf":"low","date":"2026-10-09"},"geometry":{"type":"Polygon","coordinates":[[[101.0272,14.1954],[101.0261,14.1944],[101.026,14.1935],[101.0247,14.1933],[101.0246,14.1922],[101.023,14.1922],[101.0219,14.1914],[101.0218,14.1906],[101.0227,14.1898],[101.0229,14.1887],[101.0238,14.1884],[101.0238,14.1879],[101.0251,14.1868],[101.0251,14.1862],[101.0262,14.1854],[101.0262,14.1849],[101.0273,14.184],[101.0279,14.183],[101.0293,14.1832],[101.0301,14.1821],[101.0301,14.1813],[101.032,14.181],[101.0321,14.1824],[101.031,14.1829],[101.0307,14.1843],[101.0301,14.1843],[101.0285,14.1865],[101.029,14.1867],[101.0296,14.1859],[101.0307,14.1862],[101.0299,14.1889],[101.0293,14.1889],[101.0293,14.1895],[101.0285,14.19],[101.0285,14.1905],[101.0291,14.1903],[101.0291,14.1914],[101.0285,14.1914],[101.0285,14.1922],[101.0294,14.1922],[101.0294,14.1916],[101.0305,14.1913],[101.0302,14.1924],[101.0291,14.193],[101.0291,14.1938],[101.0299,14.1941],[101.0285,14.1941],[101.0286,14.1954],[101.0272,14.1954]],[[101.026,14.1935],[101.0272,14.1933],[101.0274,14.1925],[101.0266,14.1925],[101.026,14.1935]],[[101.0274,14.1925],[101.028,14.1922],[101.0277,14.1906],[101.0266,14.1906],[101.026,14.1911],[101.026,14.1906],[101.0271,14.19],[101.0274,14.1892],[101.0263,14.1892],[101.0246,14.1917],[101.0257,14.1917],[101.0258,14.1922],[101.0274,14.1916],[101.0274,14.1925]],[[101.0232,14.1909],[101.0235,14.1911],[101.0235,14.1909],[101.0232,14.1909]],[[101.028,14.1911],[101.0285,14.1911],[101.0285,14.1905],[101.0282,14.1905],[101.028,14.1911]],[[101.0243,14.1895],[101.0249,14.1895],[101.0252,14.1887],[101.0246,14.1887],[101.0243,14.1895]],[[101.0274,14.1887],[101.0279,14.1884],[101.0279,14.1876],[101.0271,14.1881],[101.0274,14.1887]]]}},{"type":"Feature","properties":{"kind":"flood","area_km2":0.653,"conf":"low","date":"2026-10-09"},"geometry":{"type":"Polygon","coordinates":[[[101.0151,14.0575],[101.0151,14.0537],[101.0156,14.0535],[101.0154,14.0521],[101.0159,14.0502],[101.0156,14.0497],[101.0151,14.0502],[101.0139,14.0502],[101.0142,14.0445],[101.0153,14.0445],[101.0156,14.0453],[101.0161,14.0453],[101.017,14.0445],[101.0172,14.0413],[101.0177,14.0404],[101.0177,14.0394],[101.0183,14.0388],[101.0183,14.0372],[101.0185,14.0366],[101.0194,14.0366],[101.0194,14.0374],[101.0202,14.0374],[101.0202,14.0388],[101.0191,14.0418],[101.0186,14.045],[101.0192,14.0453],[101.0197,14.0442],[101.0206,14.0442],[101.0206,14.045],[101.0192,14.0496],[101.0184,14.0497],[101.0189,14.0469],[101.0189,14.0459],[101.0184,14.0459],[101.0184,14.0472],[101.0175,14.0483],[101.0176,14.0497],[101.017,14.0497],[101.017,14.0526],[101.0176,14.0526],[101.0176,14.0535],[101.0168,14.0535],[101.0171,14.0562],[101.0162,14.0567],[101.0162,14.0575],[101.0151,14.0575]]]}},{"type":"Feature","properties":{"kind":"flood","area_km2":0.632,"conf":"high","date":"2026-10-09"},"geometry":{"type":"Polygon","coordinates":[[[101.0798,14.0185],[101.0792,14.0158],[101.0783,14.0158],[101.0778,14.0177],[101.077,14.0177],[101.0775,14.0166],[101.077,14.0158],[101.0769,14.0136],[101.0775,14.0131],[101.0771,14.0066],[101.0777,14.006],[101.078,14.0079],[101.0791,14.0077],[101.0791,14.0117],[101.0805,14.0117],[101.0802,14.0068],[101.0808,14.006],[101.0808,14.0087],[101.0819,14.0087],[101.0819,14.0093],[101.0824,14.0093],[101.0822,14.0084],[101.0813,14.0085],[101.0813,14.0076],[101.0835,14.0076],[101.0835,14.0084],[101.0847,14.0092],[101.0844,14.0106],[101.0825,14.0101],[101.0813,14.0104],[101.0813,14.0095],[101.0808,14.0095],[101.0808,14.0109],[101.0819,14.0109],[101.0819,14.0122],[101.0825,14.0122],[101.0825,14.0117],[101.0836,14.012],[101.0839,14.0114],[101.0847,14.0114],[101.085,14.0119],[101.085,14.0128],[101.0836,14.0128],[101.0836,14.0133],[101.0819,14.0139],[101.083,14.0139],[101.0842,14.0149],[101.0842,14.0155],[101.0844,14.0144],[101.0839,14.0141],[101.0839,14.0133],[101.085,14.0133],[101.0853,14.0144],[101.0864,14.0144],[101.0864,14.0152],[101.0853,14.0152],[101.0859,14.0174],[101.0847,14.0174],[101.0845,14.0168],[101.0833,14.0168],[101.0828,14.0158],[101.0822,14.0158],[101.0822,14.0152],[101.0808,14.015],[101.0805,14.0139],[101.0806,14.0177],[101.0798,14.0185]],[[101.0778,14.0155],[101.0786,14.0155],[101.0786,14.015],[101.08,14.0152],[101.08,14.0139],[101.0786,14.0139],[101.0786,14.0147],[101.0778,14.0147],[101.0778,14.0155]],[[101.078,14.0112],[101.0786,14.0112],[101.0786,14.0106],[101.0783,14.0106],[101.078,14.0112]]]}},{"type":"Feature","properties":{"kind":"flood","area_km2":0.631,"conf":"low","date":"2026-10-09"},"geometry":{"type":"Polygon","coordinates":[[[101.0572,14.1973],[101.0572,14.1968],[101.0561,14.1963],[101.0558,14.1949],[101.0541,14.1949],[101.0541,14.1941],[101.0533,14.1936],[101.0533,14.1925],[101.0541,14.1911],[101.0541,14.1903],[101.0546,14.1901],[101.0552,14.1868],[101.0557,14.1862],[101.0585,14.1865],[101.0588,14.1857],[101.0563,14.1854],[101.056,14.1843],[101.054,14.1841],[101.054,14.1819],[101.0545,14.18],[101.0554,14.18],[101.0565,14.1811],[101.0554,14.1811],[101.0554,14.1816],[101.0546,14.1819],[101.0543,14.1838],[101.0568,14.1838],[101.0571,14.1827],[101.0565,14.1824],[101.0573,14.1824],[101.0573,14.1816],[101.0582,14.1816],[101.0576,14.1819],[101.0576,14.1838],[101.0596,14.1832],[101.0604,14.184],[101.0602,14.1873],[101.0596,14.1873],[101.0596,14.1881],[101.0585,14.1881],[101.0585,14.1892],[101.0563,14.1892],[101.0563,14.1911],[101.0577,14.1914],[101.058,14.193],[101.0591,14.193],[101.0591,14.1941],[101.0586,14.1946],[101.0586,14.1973],[101.0572,14.1973]],[[101.0588,14.187],[101.0593,14.1873],[101.0593,14.187],[101.0588,14.187]]]}},{"type":"Feature","properties":{"kind":"flood","area_km2":0.629,"conf":"low","date":"2026-10-09"},"geometry":{"type":"Polygon","coordinates":[[[101.1393,14.2373],[101.139,14.2357],[101.1376,14.236],[101.137,14.2346],[101.1345,14.2354],[101.1351,14.2349],[101.1351,14.2341],[101.137,14.2338],[101.137,14.2324],[101.1359,14.2324],[101.1353,14.2316],[101.1353,14.23],[101.1375,14.2297],[101.1375,14.2305],[101.1392,14.2305],[101.1392,14.2292],[101.1384,14.2292],[101.1384,14.2284],[101.14,14.2286],[101.14,14.2281],[101.1411,14.2281],[101.1414,14.2267],[101.1406,14.2267],[101.1406,14.2259],[101.1411,14.2259],[101.1417,14.2264],[101.1417,14.2278],[101.1422,14.2283],[101.1439,14.228],[101.1439,14.2286],[101.1448,14.2291],[101.1456,14.2307],[101.1456,14.2324],[101.1451,14.2326],[101.1448,14.234],[101.1429,14.2343],[101.142,14.2332],[101.142,14.2324],[101.1406,14.2321],[101.1406,14.2313],[101.1398,14.2311],[101.1395,14.2316],[101.1403,14.2319],[101.1403,14.2335],[101.1398,14.2338],[101.1398,14.2343],[101.1404,14.2346],[101.1407,14.2373],[101.1393,14.2373]],[[101.1379,14.2341],[101.1381,14.2343],[101.1381,14.234],[101.1379,14.2341]],[[101.142,14.2308],[101.1428,14.2308],[101.1431,14.2299],[101.1425,14.2299],[101.142,14.2308]],[[101.1398,14.2294],[101.14,14.23],[101.14,14.2294],[101.1398,14.2294]]]}},{"type":"Feature","properties":{"kind":"flood","area_km2":0.591,"conf":"low","date":"2026-10-09"},"geometry":{"type":"Polygon","coordinates":[[[101.1851,14.0059],[101.1829,14.0043],[101.1821,14.0043],[101.1837,14.0035],[101.1834,14.0008],[101.182,14.0008],[101.1818,14.0016],[101.1807,14.0016],[101.1807,14.003],[101.1812,14.003],[101.1812,14.0035],[101.1807,14.0035],[101.1804,14.003],[101.179,14.0027],[101.1779,14.0016],[101.1771,14.0016],[101.1768,14.0011],[101.1734,13.9995],[101.1743,13.9995],[101.1742,13.9984],[101.177,13.9984],[101.1773,14.0],[101.1784,14.0],[101.1787,13.9984],[101.184,13.9983],[101.1845,13.9989],[101.1845,14.0002],[101.1837,14.0002],[101.1837,14.0016],[101.1854,14.0018],[101.1854,14.0027],[101.1871,14.0026],[101.187,14.001],[101.1884,14.0007],[101.1876,13.9999],[101.1876,13.9991],[101.1892,13.9996],[101.1892,13.9983],[101.1915,13.9983],[101.1915,13.9996],[101.1909,13.9999],[101.1909,14.0004],[101.1915,14.0007],[101.1912,14.0026],[101.1923,14.0023],[101.1923,14.0029],[101.1904,14.0029],[101.1904,14.0015],[101.1898,14.0015],[101.1898,14.001],[101.1887,14.001],[101.1887,14.0024],[101.1896,14.0026],[101.1893,14.0032],[101.1887,14.0032],[101.1887,14.0037],[101.1868,14.0029],[101.184,14.0035],[101.184,14.0046],[101.186,14.0043],[101.1851,14.0059]],[[101.182,14.0005],[101.1826,14.0005],[101.1826,13.9997],[101.1818,14.0],[101.182,14.0005]]]}},{"type":"Feature","properties":{"kind":"flood","area_km2":0.583,"conf":"high","date":"2026-10-09"},"geometry":{"type":"Polygon","coordinates":[[[101.02,14.0158],[101.0186,14.0152],[101.0186,14.0144],[101.0195,14.0144],[101.0195,14.0139],[101.0186,14.0139],[101.0186,14.0131],[101.0192,14.0128],[101.0192,14.0114],[101.0203,14.0114],[101.0206,14.0128],[101.0214,14.0125],[101.0211,14.0106],[101.0216,14.0098],[101.0214,14.0087],[101.0219,14.0081],[101.0222,14.0052],[101.0213,14.0057],[101.0216,14.0068],[101.0208,14.0079],[101.0205,14.0103],[101.02,14.0106],[101.02,14.0111],[101.0192,14.0111],[101.0191,14.0079],[101.0197,14.0068],[101.0202,14.0068],[101.0205,14.0057],[101.0194,14.0049],[101.0194,14.0025],[101.0216,14.0025],[101.0221,14.0035],[101.0238,14.0035],[101.0241,14.0046],[101.0249,14.0049],[101.0249,14.0059],[101.0244,14.0065],[101.0247,14.0076],[101.0241,14.0081],[101.0236,14.0106],[101.0225,14.0109],[101.023,14.0111],[101.0231,14.0125],[101.0222,14.0133],[101.0225,14.0155],[101.02,14.0158]],[[101.02,14.013],[101.0203,14.0133],[101.0203,14.013],[101.02,14.013]]]}},{"type":"Feature","properties":{"kind":"flood","area_km2":0.582,"conf":"low","date":"2026-10-09"},"geometry":{"type":"Polygon","coordinates":[[[101.3262,14.0322],[101.3253,14.0314],[101.3237,14.0315],[101.3236,14.0285],[101.3222,14.0288],[101.3222,14.0274],[101.3247,14.0274],[101.3253,14.0263],[101.3244,14.0258],[101.3244,14.0268],[101.3233,14.0269],[101.3222,14.0258],[101.3222,14.025],[101.3247,14.0244],[101.3247,14.0249],[101.3261,14.0252],[101.3261,14.0247],[101.3255,14.0247],[101.3255,14.0239],[101.3283,14.0236],[101.3283,14.023],[101.3272,14.0228],[101.3272,14.0219],[101.3285,14.0211],[101.3283,14.0206],[101.3277,14.0206],[101.3274,14.0211],[101.3266,14.0211],[101.3263,14.0206],[101.3247,14.0206],[101.3246,14.0195],[101.3258,14.0195],[101.3257,14.019],[101.3263,14.0187],[101.3282,14.0187],[101.3285,14.02],[101.3291,14.02],[101.3291,14.0208],[101.3302,14.0219],[101.3302,14.0227],[101.3313,14.0227],[101.3313,14.0235],[101.3297,14.0235],[101.3294,14.0241],[101.328,14.0244],[101.3275,14.026],[101.3308,14.026],[101.3308,14.0268],[101.3286,14.0268],[101.3283,14.0276],[101.3269,14.0276],[101.3264,14.029],[101.3275,14.0295],[101.3275,14.0303],[101.3264,14.0303],[101.3264,14.0314],[101.327,14.0314],[101.327,14.0322],[101.3262,14.0322]]]}},{"type":"Feature","properties":{"kind":"flood","area_km2":0.578,"conf":"low","date":"2026-10-09"},"geometry":{"type":"Polygon","coordinates":[[[100.9973,14.1116],[100.995,14.1092],[100.995,14.1065],[100.9964,14.1046],[100.9955,14.1046],[100.995,14.1062],[100.9939,14.1062],[100.9928,14.1052],[100.9927,14.1027],[100.9919,14.1027],[100.9919,14.1014],[100.9997,14.1021],[100.9995,14.1105],[100.9986,14.1108],[100.9987,14.1116],[100.9973,14.1116]],[[100.9981,14.107],[100.9994,14.1057],[100.9991,14.104],[100.9986,14.104],[100.9989,14.1051],[100.9978,14.1065],[100.9981,14.107]],[[100.9966,14.1041],[100.9975,14.104],[100.9977,14.1032],[100.9969,14.1032],[100.9966,14.1041]]]}},{"type":"Feature","properties":{"kind":"flood","area_km2":0.569,"conf":"low","date":"2026-10-09"},"geometry":{"type":"Polygon","coordinates":[[[101.1025,14.0733],[101.1022,14.0693],[101.1035,14.0693],[101.1036,14.0706],[101.1049,14.0709],[101.1044,14.0711],[101.1044,14.072],[101.1066,14.0719],[101.1066,14.0711],[101.1055,14.0706],[101.1072,14.0706],[101.1072,14.0698],[101.1044,14.0695],[101.1044,14.069],[101.1055,14.069],[101.106,14.0684],[101.1057,14.0676],[101.1032,14.0679],[101.1024,14.0676],[101.1018,14.0666],[101.1007,14.0666],[101.1007,14.0652],[101.1002,14.0652],[101.1002,14.0636],[101.1018,14.0641],[101.1021,14.066],[101.1046,14.0657],[101.1046,14.0668],[101.1052,14.0668],[101.1052,14.0657],[101.1068,14.0654],[101.1074,14.0652],[101.1074,14.0646],[101.1102,14.0646],[101.1102,14.0662],[101.108,14.0665],[101.1082,14.0676],[101.1094,14.0676],[101.1094,14.0684],[101.1083,14.0687],[101.1083,14.0692],[101.1099,14.0692],[101.1099,14.07],[101.108,14.07],[101.108,14.0708],[101.1097,14.0708],[101.1102,14.0716],[101.1108,14.0716],[101.1108,14.0724],[101.1097,14.073],[101.1025,14.0733]],[[101.1066,14.0687],[101.1071,14.069],[101.1071,14.0687],[101.1066,14.0687]],[[101.1077,14.0684],[101.1083,14.0684],[101.1082,14.0676],[101.1077,14.0676],[101.1077,14.0684]],[[101.1063,14.0668],[101.1071,14.0668],[101.1071,14.0662],[101.1063,14.0663],[101.1063,14.0668]]]}},{"type":"Feature","properties":{"kind":"flood","area_km2":0.546,"conf":"low","date":"2026-10-09"},"geometry":{"type":"Polygon","coordinates":[[[101.1751,14.0049],[101.1749,14.0044],[101.1721,14.0039],[101.1718,14.0031],[101.1707,14.0031],[101.1707,14.0022],[101.1701,14.0028],[101.169,14.0028],[101.1684,14.0023],[101.1684,14.0009],[101.169,14.0006],[101.1687,14.0001],[101.1679,14.0004],[101.1676,14.0015],[101.1665,14.0015],[101.1665,14.0009],[101.1654,14.0004],[101.1654,13.9996],[101.1645,13.9993],[101.1651,14.0009],[101.164,14.0012],[101.1643,13.9993],[101.1629,13.9993],[101.1626,14.0015],[101.1615,14.0015],[101.1615,14.001],[101.1596,14.0013],[101.1595,14.0002],[101.159,14.0002],[101.159,14.001],[101.1582,14.001],[101.1584,13.9991],[101.1595,13.9988],[101.1595,13.9994],[101.1601,13.9994],[101.1601,13.9985],[101.1637,13.9985],[101.164,13.9991],[101.1645,13.9991],[101.1645,13.9985],[101.1695,13.9985],[101.1698,13.999],[101.1712,13.999],[101.1712,14.0025],[101.1723,14.0025],[101.1723,14.0011],[101.1715,14.0009],[101.1718,14.0001],[101.1726,13.9998],[101.1726,14.0017],[101.174,14.0017],[101.174,14.0006],[101.1745,14.0006],[101.1748,14.0011],[101.1757,14.0011],[101.1765,14.0019],[101.1762,14.0033],[101.1779,14.0033],[101.1779,14.0044],[101.1768,14.0044],[101.1768,14.0049],[101.1751,14.0049]],[[101.1696,14.0017],[101.1707,14.0017],[101.1707,14.0001],[101.1695,14.0001],[101.1696,14.0017]],[[101.1615,14.0007],[101.1623,14.0002],[101.1623,13.9993],[101.1618,13.9993],[101.1615,14.0007]]]}},{"type":"Feature","properties":{"kind":"flood","area_km2":0.519,"conf":"low","date":"2026-10-09"},"geometry":{"type":"Polygon","coordinates":[[[101.0261,14.1063],[101.0261,14.1052],[101.0228,14.1052],[101.0222,14.1047],[101.0208,14.1047],[101.0211,14.1025],[101.0216,14.1022],[101.0222,14.0995],[101.023,14.099],[101.0232,14.0968],[101.0241,14.096],[101.0241,14.0952],[101.0252,14.0949],[101.0252,14.0941],[101.026,14.0941],[101.0263,14.0951],[101.0268,14.0954],[101.0268,14.0959],[101.0255,14.096],[101.026,14.0981],[101.0258,14.0995],[101.0266,14.1],[101.0266,14.1019],[101.0275,14.1035],[101.0275,14.1049],[101.0266,14.1049],[101.0261,14.1063]]]}},{"type":"Feature","properties":{"kind":"flood","area_km2":0.516,"conf":"low","date":"2026-10-09"},"geometry":{"type":"Polygon","coordinates":[[[100.9949,14.0271],[100.9948,14.0233],[100.9943,14.0236],[100.9943,14.026],[100.994,14.0265],[100.9932,14.0265],[100.9934,14.0206],[100.9937,14.0195],[100.9942,14.0189],[100.9953,14.0189],[100.9959,14.0178],[100.9948,14.0173],[100.9948,14.0184],[100.994,14.0184],[100.9934,14.0179],[100.9934,14.0157],[100.9936,14.0146],[100.9967,14.0146],[100.9967,14.0154],[100.997,14.0149],[100.9978,14.0149],[100.9976,14.0208],[100.997,14.0214],[100.9973,14.0241],[100.9968,14.0243],[100.9971,14.0262],[100.9957,14.0265],[100.9957,14.0271],[100.9949,14.0271]],[[100.9945,14.0211],[100.9951,14.0211],[100.9951,14.0206],[100.9945,14.0206],[100.9945,14.0211]]]}},{"type":"Feature","properties":{"kind":"flood","area_km2":0.514,"conf":"low","date":"2026-10-09"},"geometry":{"type":"Polygon","coordinates":[[[101.124,14.0043],[101.1235,14.0038],[101.1213,14.0038],[101.1204,14.0013],[101.1199,14.0013],[101.1196,14.0008],[101.1193,13.9989],[101.1207,13.9989],[101.1207,13.9994],[101.1212,13.9994],[101.1212,13.9989],[101.1301,13.9991],[101.1301,14.0007],[101.129,14.0013],[101.129,14.0023],[101.1282,14.0024],[101.1271,14.0034],[101.1257,14.0032],[101.1254,14.0043],[101.124,14.0043]],[[101.1254,14.0024],[101.1257,14.0029],[101.1257,14.0024],[101.1254,14.0024]],[[101.1273,14.0005],[101.1276,14.001],[101.1276,14.0005],[101.1273,14.0005]],[[101.1237,14.0002],[101.1243,14.0002],[101.1243,13.9999],[101.1237,13.9997],[101.1237,14.0002]]]}},{"type":"Feature","properties":{"kind":"flood","area_km2":0.511,"conf":"low","date":"2026-10-09"},"geometry":{"type":"Polygon","coordinates":[[[101.4566,14.0838],[101.456,14.0806],[101.4574,14.0789],[101.4583,14.0789],[101.4583,14.0795],[101.4588,14.0786],[101.4596,14.0784],[101.4607,14.0783],[101.461,14.0789],[101.4616,14.0789],[101.4619,14.0783],[101.461,14.0781],[101.4613,14.077],[101.4618,14.077],[101.4629,14.0759],[101.4641,14.0759],[101.4641,14.0764],[101.4646,14.0764],[101.4646,14.0759],[101.4665,14.0748],[101.4665,14.0742],[101.4679,14.0745],[101.4679,14.0761],[101.4663,14.0767],[101.4658,14.0799],[101.4638,14.0799],[101.4635,14.0791],[101.463,14.0791],[101.4624,14.0813],[101.4611,14.0816],[101.4605,14.0821],[101.4605,14.083],[101.4586,14.083],[101.4577,14.0838],[101.4566,14.0838]],[[101.4574,14.0816],[101.458,14.0819],[101.458,14.0816],[101.4574,14.0816]],[[101.4591,14.0816],[101.4597,14.0816],[101.4597,14.0805],[101.4602,14.0805],[101.4599,14.08],[101.4588,14.0805],[101.4591,14.0816]],[[101.461,14.0797],[101.4613,14.08],[101.4613,14.0797],[101.461,14.0797]]]}},{"type":"Feature","properties":{"kind":"flood","area_km2":0.505,"conf":"low","date":"2026-10-09"},"geometry":{"type":"Polygon","coordinates":[[[101.0068,14.0229],[101.0067,14.015],[101.0059,14.0145],[101.0056,14.0115],[101.0055,14.0018],[101.008,14.0023],[101.0077,14.0045],[101.0072,14.0045],[101.0069,14.005],[101.0077,14.0053],[101.0077,14.0061],[101.0083,14.0066],[101.008,14.0091],[101.0089,14.0096],[101.0092,14.011],[101.0089,14.0139],[101.0078,14.0137],[101.0072,14.0145],[101.0073,14.015],[101.0081,14.0153],[101.0081,14.0161],[101.0076,14.0175],[101.0073,14.0205],[101.0076,14.0229],[101.0068,14.0229]],[[101.0069,14.0107],[101.0075,14.0121],[101.0075,14.0107],[101.0069,14.0107]]]}},{"type":"Feature","properties":{"kind":"flood","area_km2":0.5,"conf":"high","date":"2026-10-09"},"geometry":{"type":"Polygon","coordinates":[[[101.4929,14.0447],[101.4929,14.0439],[101.492,14.0431],[101.4915,14.0433],[101.4912,14.0444],[101.4904,14.0444],[101.4898,14.0425],[101.4909,14.0415],[101.4909,14.0401],[101.4895,14.0393],[101.4884,14.0399],[101.4867,14.0399],[101.4872,14.0382],[101.4909,14.0385],[101.4911,14.0393],[101.4923,14.0393],[101.4939,14.0379],[101.4953,14.0379],[101.4961,14.039],[101.4967,14.039],[101.4967,14.0395],[101.4975,14.0403],[101.4976,14.0422],[101.4981,14.0425],[101.4979,14.0444],[101.497,14.0444],[101.497,14.043],[101.4959,14.0428],[101.4948,14.0444],[101.4942,14.0441],[101.4929,14.0447]],[[101.4937,14.0439],[101.4942,14.0439],[101.4942,14.0436],[101.4937,14.0433],[101.4937,14.0439]]]}},{"type":"Feature","properties":{"kind":"flood","area_km2":0.497,"conf":"low","date":"2026-10-09"},"geometry":{"type":"Polygon","coordinates":[[[101.1917,14.0248],[101.1911,14.0243],[101.1884,14.0235],[101.1886,14.0216],[101.1875,14.0213],[101.1875,14.0208],[101.1867,14.02],[101.1839,14.0195],[101.1847,14.0192],[101.1847,14.0178],[101.1836,14.0179],[101.1836,14.0165],[101.1841,14.0157],[101.1877,14.0162],[101.188,14.0167],[101.1886,14.0167],[101.1888,14.0159],[101.1905,14.0159],[101.1905,14.0173],[101.188,14.0175],[101.1883,14.0194],[101.1897,14.0194],[101.1897,14.0189],[101.1917,14.0191],[101.1916,14.017],[101.1927,14.017],[101.1927,14.0175],[101.1947,14.0172],[101.1947,14.0178],[101.1952,14.0178],[101.1953,14.0188],[101.1925,14.0186],[101.1925,14.0199],[101.195,14.0199],[101.195,14.0191],[101.1955,14.0194],[101.1956,14.0207],[101.1944,14.0213],[101.1933,14.021],[101.1925,14.0218],[101.1925,14.0227],[101.1922,14.0213],[101.1908,14.0216],[101.1908,14.0205],[101.1894,14.0205],[101.1895,14.0219],[101.1903,14.0219],[101.1906,14.024],[101.1928,14.0237],[101.1928,14.0245],[101.1917,14.0248]],[[101.185,14.0178],[101.1864,14.0178],[101.1864,14.0165],[101.185,14.0165],[101.185,14.0178]]]}},{"type":"Feature","properties":{"kind":"flood","area_km2":0.476,"conf":"high","date":"2026-10-09"},"geometry":{"type":"Polygon","coordinates":[[[101.0085,14.0278],[101.0082,14.0248],[101.0084,14.0232],[101.0093,14.0229],[101.0084,14.0224],[101.0084,14.0213],[101.009,14.021],[101.0087,14.0186],[101.0098,14.0183],[101.0098,14.0169],[101.0089,14.0169],[101.0089,14.0158],[101.0092,14.0153],[101.0111,14.0153],[101.0112,14.0169],[101.0117,14.0172],[101.012,14.0155],[101.0128,14.0155],[101.0123,14.0258],[101.0115,14.0259],[101.0115,14.0223],[101.0109,14.0223],[101.0107,14.0275],[101.0085,14.0278]],[[101.0109,14.021],[101.0115,14.021],[101.0117,14.0196],[101.0109,14.0199],[101.0109,14.021]],[[101.0112,14.0188],[101.0117,14.0188],[101.0117,14.0185],[101.0112,14.0183],[101.0112,14.0188]]]}},{"type":"Feature","properties":{"kind":"flood","area_km2":0.47,"conf":"low","date":"2026-10-09"},"geometry":{"type":"Polygon","coordinates":[[[101.2933,14.0206],[101.293,14.0201],[101.2919,14.0198],[101.2919,14.019],[101.2924,14.0187],[101.2921,14.016],[101.2916,14.0158],[101.2918,14.0147],[101.2935,14.0147],[101.2941,14.0144],[101.294,14.0139],[101.2957,14.0141],[101.2957,14.0136],[101.2968,14.0136],[101.2968,14.0157],[101.2985,14.0157],[101.2996,14.0154],[101.2996,14.0143],[101.3007,14.0143],[101.301,14.016],[101.3021,14.0165],[101.3021,14.0184],[101.3016,14.0189],[101.2999,14.0189],[101.2996,14.0179],[101.2983,14.0187],[101.2969,14.0187],[101.2966,14.0165],[101.2963,14.016],[101.2957,14.016],[101.2957,14.0152],[101.2952,14.0152],[101.2952,14.0157],[101.2943,14.0157],[101.2938,14.0168],[101.2944,14.0174],[101.2944,14.0182],[101.2958,14.0182],[101.2963,14.0187],[101.2963,14.0195],[101.2958,14.0198],[101.2958,14.0203],[101.2933,14.0206]]]}},{"type":"Feature","properties":{"kind":"flood","area_km2":0.468,"conf":"low","date":"2026-10-09"},"geometry":{"type":"Polygon","coordinates":[[[101.024,14.1534],[101.0223,14.1505],[101.0212,14.1508],[101.0221,14.151],[101.0221,14.1524],[101.0212,14.1532],[101.0199,14.1532],[101.0201,14.1521],[101.0185,14.1524],[101.0182,14.1513],[101.0176,14.1511],[101.0176,14.1502],[101.0187,14.1502],[101.019,14.1497],[101.0201,14.1494],[101.0209,14.1475],[101.0231,14.1475],[101.0234,14.1464],[101.0259,14.1464],[101.0265,14.1472],[101.0265,14.1483],[101.0254,14.1494],[101.024,14.1496],[101.0237,14.1505],[101.0245,14.1505],[101.0257,14.1518],[101.0268,14.1512],[101.0268,14.1507],[101.0284,14.1507],[101.0284,14.1515],[101.0279,14.1518],[101.0279,14.1529],[101.0271,14.1529],[101.0268,14.1523],[101.0268,14.1529],[101.026,14.1534],[101.024,14.1534]],[[101.0204,14.1516],[101.0207,14.1518],[101.0207,14.1516],[101.0204,14.1516]],[[101.0207,14.1513],[101.0209,14.1516],[101.0209,14.1513],[101.0207,14.1513]],[[101.0209,14.151],[101.0212,14.1513],[101.0212,14.151],[101.0209,14.151]],[[101.0234,14.1507],[101.0237,14.151],[101.0237,14.1507],[101.0234,14.1507]]]}},{"type":"Feature","properties":{"kind":"flood","area_km2":0.468,"conf":"low","date":"2026-10-09"},"geometry":{"type":"Polygon","coordinates":[[[101.1935,14.0099],[101.1932,14.0086],[101.1927,14.0091],[101.1913,14.0091],[101.1904,14.0083],[101.1871,14.0067],[101.1874,14.0051],[101.1887,14.0045],[101.1887,14.004],[101.1896,14.004],[101.1896,14.0045],[101.1904,14.0048],[101.1918,14.0048],[101.1918,14.004],[101.1929,14.0039],[101.1932,14.0023],[101.1923,14.0023],[101.1926,14.0012],[101.194,14.0012],[101.1945,14.0018],[101.1946,14.0039],[101.1951,14.0042],[101.1952,14.0074],[101.1946,14.008],[101.1938,14.008],[101.1935,14.0085],[101.1968,14.0085],[101.1966,14.0096],[101.1935,14.0099]]]}},{"type":"Feature","properties":{"kind":"flood","area_km2":0.457,"conf":"low","date":"2026-10-09"},"geometry":{"type":"Polygon","coordinates":[[[101.1131,14.0185],[101.1127,14.0057],[101.113,14.0052],[101.1146,14.0052],[101.1152,14.0057],[101.1158,14.0084],[101.1158,14.0182],[101.1131,14.0185]]]}},{"type":"Feature","properties":{"kind":"flood","area_km2":0.424,"conf":"low","date":"2026-10-09"},"geometry":{"type":"Polygon","coordinates":[[[101.0088,14.1907],[101.0082,14.1899],[101.0077,14.1899],[101.0079,14.1883],[101.0054,14.1883],[101.0049,14.1875],[101.0049,14.1864],[101.006,14.1864],[101.0065,14.184],[101.0073,14.1837],[101.0073,14.1829],[101.0079,14.1823],[101.0096,14.1826],[101.0101,14.1834],[101.0107,14.1834],[101.011,14.1842],[101.0123,14.1847],[101.0124,14.1858],[101.0113,14.1866],[101.0115,14.1882],[101.0104,14.1891],[101.0096,14.1907],[101.0088,14.1907]],[[101.0085,14.1853],[101.0087,14.1856],[101.0087,14.1853],[101.0085,14.1853]],[[101.0087,14.185],[101.009,14.1853],[101.009,14.185],[101.0087,14.185]]]}},{"type":"Feature","properties":{"kind":"flood","area_km2":0.416,"conf":"high","date":"2026-10-09"},"geometry":{"type":"Polygon","coordinates":[[[101.1038,14.0039],[101.1029,14.0023],[101.1029,14.0009],[101.1021,14.001],[101.1018,14.002],[101.101,14.002],[101.101,13.9991],[101.1029,13.9991],[101.1029,14.0004],[101.1035,14.0004],[101.1032,13.999],[101.1085,13.999],[101.1085,13.9998],[101.109,13.9998],[101.109,13.999],[101.1107,13.999],[101.1104,14.0012],[101.1085,14.0009],[101.1085,14.0039],[101.1038,14.0039]]]}},{"type":"Feature","properties":{"kind":"flood","area_km2":0.407,"conf":"high","date":"2026-10-09"},"geometry":{"type":"Polygon","coordinates":[[[101.0868,14.0046],[101.0863,14.0041],[101.0863,14.0024],[101.0857,14.0022],[101.086,14.0006],[101.0854,14.0003],[101.0865,14.0003],[101.0865,13.9992],[101.0918,13.9991],[101.0918,14.0005],[101.0926,14.0008],[101.0927,14.0019],[101.0929,14.0027],[101.0935,14.0027],[101.0935,14.0037],[101.093,14.0043],[101.0902,14.004],[101.0891,14.0046],[101.0868,14.0046]]]}},{"type":"Feature","properties":{"kind":"flood","area_km2":0.399,"conf":"low","date":"2026-10-09"},"geometry":{"type":"Polygon","coordinates":[[[101.0708,14.0438],[101.0702,14.0424],[101.0705,14.0405],[101.0683,14.0381],[101.068,14.0362],[101.0688,14.0362],[101.0691,14.037],[101.0699,14.037],[101.0699,14.0384],[101.0719,14.0381],[101.0719,14.0375],[101.0708,14.037],[101.0707,14.0362],[101.0719,14.0359],[101.0718,14.0348],[101.0735,14.0348],[101.0738,14.034],[101.0746,14.034],[101.0752,14.0343],[101.0755,14.0375],[101.076,14.0375],[101.076,14.0383],[101.0758,14.0389],[101.0747,14.0389],[101.0747,14.0381],[101.0741,14.0378],[101.0744,14.0394],[101.0722,14.0392],[101.0722,14.0403],[101.0736,14.0405],[101.0738,14.04],[101.0738,14.0411],[101.073,14.0419],[101.0722,14.0419],[101.0722,14.0432],[101.0717,14.0438],[101.0708,14.0438]],[[101.0716,14.0413],[101.0722,14.0416],[101.0722,14.0413],[101.0716,14.0413]],[[101.073,14.0381],[101.0741,14.0378],[101.0741,14.037],[101.073,14.0373],[101.073,14.0381]],[[101.0724,14.0359],[101.073,14.0362],[101.073,14.0359],[101.0724,14.0359]]]}},{"type":"Feature","properties":{"kind":"flood","area_km2":0.396,"conf":"low","date":"2026-10-09"},"geometry":{"type":"Polygon","coordinates":[[[101.0475,14.0489],[101.0442,14.0489],[101.0442,14.0478],[101.0456,14.0475],[101.0456,14.0464],[101.0461,14.0459],[101.0467,14.0435],[101.0483,14.0437],[101.0483,14.0424],[101.0475,14.0424],[101.0475,14.0418],[101.0486,14.0407],[101.0488,14.0396],[101.0505,14.0394],[101.0505,14.0402],[101.0511,14.0402],[101.0514,14.0407],[101.0527,14.0407],[101.0525,14.0412],[101.0511,14.0415],[101.0511,14.041],[101.05,14.041],[101.05,14.0404],[101.0494,14.0404],[101.0494,14.0413],[101.0508,14.0412],[101.0506,14.0448],[101.0508,14.0453],[101.0514,14.0453],[101.0514,14.0461],[101.0506,14.0461],[101.0506,14.0483],[101.0498,14.0491],[101.0484,14.0489],[101.0483,14.0443],[101.0478,14.044],[101.0475,14.0464],[101.0464,14.0464],[101.0464,14.0475],[101.0475,14.0475],[101.0475,14.0489]],[[101.0461,14.0475],[101.0464,14.0481],[101.0464,14.0475],[101.0461,14.0475]]]}},{"type":"Feature","properties":{"kind":"flood","area_km2":0.394,"conf":"low","date":"2026-10-09"},"geometry":{"type":"Polygon","coordinates":[[[101.5021,14.079],[101.5021,14.0782],[101.4993,14.0782],[101.4993,14.0771],[101.5001,14.076],[101.501,14.076],[101.5007,14.0771],[101.5013,14.0771],[101.5012,14.0752],[101.5018,14.0752],[101.5018,14.0744],[101.4999,14.0747],[101.4999,14.0742],[101.4993,14.0742],[101.4987,14.0731],[101.4976,14.0728],[101.4957,14.0734],[101.4954,14.0726],[101.4946,14.072],[101.4945,14.0704],[101.4959,14.0704],[101.4967,14.069],[101.4976,14.069],[101.4981,14.0693],[101.4981,14.0698],[101.4967,14.0698],[101.4968,14.0715],[101.4987,14.0717],[101.4987,14.0704],[101.4993,14.0704],[101.4995,14.0712],[101.5007,14.0717],[101.5007,14.0725],[101.5029,14.0728],[101.5026,14.0749],[101.504,14.0752],[101.5043,14.0776],[101.5032,14.0779],[101.503,14.079],[101.5021,14.079]]]}},{"type":"Feature","properties":{"kind":"flood","area_km2":0.392,"conf":"low","date":"2026-10-09"},"geometry":{"type":"Polygon","coordinates":[[[101.0459,14.0201],[101.0456,14.0182],[101.045,14.0174],[101.0453,14.0142],[101.0467,14.0142],[101.047,14.0169],[101.0475,14.0169],[101.0475,14.0158],[101.0486,14.0158],[101.0486,14.0169],[101.0492,14.0169],[101.0492,14.0142],[101.0497,14.0125],[101.0494,14.0112],[101.0508,14.0109],[101.0511,14.0125],[101.0505,14.0131],[101.0511,14.0133],[101.0514,14.0201],[101.0495,14.0201],[101.0489,14.0196],[101.0476,14.0199],[101.0476,14.0193],[101.0487,14.0193],[101.0487,14.0185],[101.0475,14.0185],[101.047,14.0199],[101.0459,14.0201]]]}},{"type":"Feature","properties":{"kind":"flood","area_km2":0.386,"conf":"low","date":"2026-10-09"},"geometry":{"type":"Polygon","coordinates":[[[101.4285,14.0795],[101.4285,14.0776],[101.4293,14.0765],[101.4302,14.0762],[101.4302,14.0751],[101.4271,14.0749],[101.4271,14.0741],[101.4277,14.0738],[101.4274,14.0727],[101.4287,14.0722],[101.4287,14.0716],[101.4293,14.0714],[101.4304,14.0713],[101.4315,14.0724],[101.4321,14.0724],[101.4324,14.0716],[101.4349,14.0718],[101.4351,14.0724],[101.4335,14.0727],[101.4335,14.0743],[101.4346,14.0748],[101.4346,14.0756],[101.4335,14.0756],[101.4335,14.0751],[101.4324,14.0746],[101.4324,14.0776],[101.4313,14.0786],[101.4299,14.0787],[101.4294,14.0795],[101.4285,14.0795]],[[101.4329,14.0727],[101.4332,14.0729],[101.4332,14.0727],[101.4329,14.0727]]]}},{"type":"Feature","properties":{"kind":"flood","area_km2":0.386,"conf":"low","date":"2026-10-09"},"geometry":{"type":"Polygon","coordinates":[[[101.343,14.0763],[101.3432,14.0746],[101.3419,14.0747],[101.3413,14.0741],[101.3413,14.073],[101.3407,14.0728],[101.3407,14.072],[101.3399,14.0711],[101.3399,14.0703],[101.3404,14.0698],[101.3413,14.0698],[101.3413,14.0709],[101.3418,14.0711],[101.3452,14.0708],[101.3454,14.0722],[101.3463,14.0722],[101.3463,14.0716],[101.3471,14.0714],[101.349,14.0713],[101.3496,14.0719],[101.3496,14.0738],[101.3488,14.074],[101.3485,14.0754],[101.3452,14.0757],[101.3449,14.0749],[101.3441,14.0749],[101.3438,14.0763],[101.343,14.0763]],[[101.3471,14.0746],[101.348,14.0743],[101.348,14.0735],[101.3474,14.0732],[101.3468,14.0735],[101.3471,14.0746]],[[101.3446,14.0741],[101.3452,14.0741],[101.3452,14.0727],[101.3446,14.0727],[101.3446,14.0741]],[[101.3432,14.0736],[101.3438,14.0736],[101.3438,14.0722],[101.3429,14.0725],[101.3432,14.0736]]]}},{"type":"Feature","properties":{"kind":"flood","area_km2":0.383,"conf":"low","date":"2026-10-09"},"geometry":{"type":"Polygon","coordinates":[[[101.0439,14.2064],[101.0442,14.2048],[101.0436,14.2045],[101.0442,14.2045],[101.0442,14.2021],[101.0433,14.2018],[101.0428,14.2002],[101.0444,14.2002],[101.0445,14.201],[101.0456,14.201],[101.0455,14.1996],[101.0461,14.1996],[101.0464,14.1991],[101.0464,14.1972],[101.0469,14.1972],[101.0469,14.1958],[101.0477,14.1958],[101.0483,14.1972],[101.0505,14.1971],[101.0503,14.199],[101.0497,14.1993],[101.05,14.2026],[101.0486,14.2026],[101.0486,14.2037],[101.0473,14.2037],[101.047,14.2048],[101.0464,14.205],[101.0448,14.205],[101.0448,14.2061],[101.0439,14.2064]],[[101.0448,14.2048],[101.0467,14.2045],[101.0467,14.2029],[101.0447,14.2026],[101.0448,14.2048]],[[101.0456,14.2023],[101.0467,14.202],[101.0467,14.201],[101.0456,14.2012],[101.0456,14.2023]],[[101.0478,14.1993],[101.0483,14.1993],[101.0483,14.1991],[101.0478,14.1988],[101.0478,14.1993]]]}},{"type":"Feature","properties":{"kind":"flood","area_km2":0.383,"conf":"low","date":"2026-10-09"},"geometry":{"type":"Polygon","coordinates":[[[101.0088,14.1023],[101.0086,14.1018],[101.0091,14.0993],[101.0077,14.0994],[101.0082,14.0961],[101.0104,14.0923],[101.011,14.0923],[101.0107,14.0917],[101.0113,14.0915],[101.0115,14.0904],[101.0126,14.0904],[101.0127,14.0936],[101.0116,14.0969],[101.0111,14.1012],[101.0105,14.1023],[101.0088,14.1023]]]}},{"type":"Feature","properties":{"kind":"flood","area_km2":0.38,"conf":"high","date":"2026-10-09"},"geometry":{"type":"Polygon","coordinates":[[[101.4453,14.0067],[101.4439,14.0062],[101.4441,13.9996],[101.4446,13.9986],[101.4463,13.9985],[101.4463,13.9994],[101.4471,13.9993],[101.4477,13.9999],[101.4477,14.0012],[101.4488,14.0018],[101.4488,14.0023],[101.4499,14.0023],[101.45,14.0034],[101.4494,14.0037],[101.4494,14.005],[101.4489,14.005],[101.4486,14.0056],[101.4478,14.0056],[101.4469,14.004],[101.4455,14.004],[101.445,14.0048],[101.4469,14.005],[101.4472,14.0067],[101.4453,14.0067]],[[101.446,14.0007],[101.4469,14.001],[101.4469,14.0007],[101.446,14.0007]]]}},{"type":"Feature","properties":{"kind":"flood","area_km2":0.368,"conf":"low","date":"2026-10-09"},"geometry":{"type":"Polygon","coordinates":[[[100.9981,14.0143],[100.9975,14.0121],[100.9981,14.0121],[100.9981,14.0111],[100.9992,14.0108],[100.9992,14.0094],[100.998,14.0094],[100.9978,14.0089],[100.9975,14.0056],[100.9969,14.0056],[100.9972,14.0078],[100.9952,14.0078],[100.9947,14.0057],[100.9949,14.0019],[100.9958,14.0019],[100.9958,14.0032],[100.9969,14.004],[100.9972,14.0032],[100.998,14.0026],[100.998,14.0018],[100.9991,14.0016],[100.9991,14.004],[100.9997,14.0043],[100.9997,14.0113],[100.9995,14.0129],[100.9986,14.0129],[100.9986,14.0143],[100.9981,14.0143]]]}},{"type":"Feature","properties":{"kind":"flood","area_km2":0.365,"conf":"low","date":"2026-10-09"},"geometry":{"type":"Polygon","coordinates":[[[101.4892,14.0894],[101.4892,14.0862],[101.488,14.0854],[101.4872,14.0878],[101.4861,14.0881],[101.4861,14.0862],[101.4844,14.086],[101.4858,14.0857],[101.4858,14.0843],[101.4844,14.0843],[101.4844,14.0833],[101.4855,14.0832],[101.4861,14.0846],[101.4872,14.0851],[101.488,14.0835],[101.4897,14.0832],[101.4902,14.0837],[101.4913,14.0835],[101.4916,14.0826],[101.4919,14.0835],[101.493,14.084],[101.493,14.0848],[101.4902,14.0843],[101.49,14.0851],[101.4908,14.0856],[101.4908,14.0862],[101.4917,14.0862],[101.4922,14.0853],[101.4939,14.0851],[101.4942,14.087],[101.4933,14.0872],[101.4931,14.0886],[101.492,14.0886],[101.4919,14.0875],[101.4908,14.0875],[101.4908,14.0889],[101.4914,14.0891],[101.4892,14.0894]]]}},{"type":"Feature","properties":{"kind":"flood","area_km2":0.363,"conf":"low","date":"2026-10-09"},"geometry":{"type":"Polygon","coordinates":[[[101.0792,14.1698],[101.0789,14.1692],[101.0775,14.1687],[101.0775,14.1674],[101.0761,14.1674],[101.075,14.1685],[101.0753,14.1695],[101.0747,14.1695],[101.0747,14.1682],[101.0742,14.1677],[101.073,14.1677],[101.0733,14.1652],[101.0714,14.1655],[101.0713,14.1642],[101.0719,14.1641],[101.0725,14.1633],[101.0741,14.163],[101.0741,14.1641],[101.0747,14.1644],[101.0772,14.1644],[101.0777,14.1646],[101.0777,14.1652],[101.0802,14.1652],[101.08,14.1665],[101.0805,14.1668],[101.0806,14.1684],[101.08,14.1687],[101.08,14.1695],[101.0792,14.1698]]]}},{"type":"Feature","properties":{"kind":"flood","area_km2":0.363,"conf":"high","date":"2026-10-09"},"geometry":{"type":"Polygon","coordinates":[[[101.3608,14.0495],[101.3605,14.0485],[101.3596,14.0482],[101.3596,14.0468],[101.3602,14.0468],[101.3602,14.0463],[101.3624,14.0441],[101.3624,14.0436],[101.3629,14.0435],[101.3637,14.0419],[101.3648,14.0416],[101.3651,14.0441],[101.3657,14.0443],[101.3654,14.0462],[101.3663,14.047],[101.3663,14.0484],[101.3655,14.0484],[101.3652,14.0489],[101.3619,14.0487],[101.3616,14.0495],[101.3608,14.0495]]]}},{"type":"Feature","properties":{"kind":"flood","area_km2":0.363,"conf":"low","date":"2026-10-09"},"geometry":{"type":"Polygon","coordinates":[[[101.4556,14.0117],[101.4553,14.0104],[101.4528,14.0104],[101.4528,14.0115],[101.452,14.0115],[101.4517,14.0099],[101.4509,14.0099],[101.4511,14.0077],[101.4522,14.0074],[101.4522,14.0082],[101.4533,14.0082],[101.4533,14.0058],[101.4544,14.0066],[101.4553,14.0066],[101.4555,14.0071],[101.4555,14.0066],[101.4561,14.0066],[101.4561,14.0058],[101.4572,14.0055],[101.4569,14.0047],[101.458,14.0044],[101.4583,14.0036],[101.4586,14.0046],[101.4597,14.0046],[101.4586,14.0049],[101.4589,14.0057],[101.4597,14.0055],[101.4597,14.0073],[101.4583,14.0074],[101.4583,14.006],[101.4569,14.006],[101.4561,14.0068],[101.4561,14.0082],[101.4572,14.0082],[101.4581,14.0117],[101.4556,14.0117]],[[101.4553,14.0101],[101.4556,14.0104],[101.4556,14.0101],[101.4553,14.0101]]]}},{"type":"Feature","properties":{"kind":"flood","area_km2":0.354,"conf":"low","date":"2026-10-09"},"geometry":{"type":"Polygon","coordinates":[[[101.1745,14.7962],[101.1745,14.7954],[101.1736,14.7946],[101.1744,14.793],[101.1753,14.7929],[101.1758,14.7919],[101.1761,14.7924],[101.1778,14.7924],[101.1783,14.7916],[101.1794,14.7915],[101.1797,14.791],[101.1814,14.7904],[101.1805,14.7902],[101.1805,14.7894],[101.18,14.7891],[101.1783,14.7897],[101.1785,14.7867],[101.1797,14.7861],[101.1813,14.7864],[101.1816,14.7856],[101.1824,14.7856],[101.1827,14.7872],[101.1838,14.7872],[101.1839,14.7904],[101.183,14.7912],[101.18,14.7918],[101.1794,14.7932],[101.1767,14.7927],[101.175,14.7935],[101.1744,14.7946],[101.175,14.7948],[101.175,14.7957],[101.1745,14.7962]],[[101.1819,14.7902],[101.1822,14.7904],[101.1822,14.7902],[101.1819,14.7902]],[[101.1811,14.788],[101.1819,14.7877],[101.1819,14.7875],[101.1811,14.7872],[101.1811,14.788]],[[101.1819,14.7861],[101.1822,14.7864],[101.1822,14.7861],[101.1819,14.7861]]]}},{"type":"Feature","properties":{"kind":"flood","area_km2":0.352,"conf":"high","date":"2026-10-09"},"geometry":{"type":"Polygon","coordinates":[[[101.3441,14.0264],[101.3439,14.0258],[101.343,14.0259],[101.3424,14.0231],[101.3447,14.0218],[101.3438,14.0212],[101.3438,14.0204],[101.3449,14.0201],[101.3449,14.0196],[101.3438,14.0196],[101.3435,14.0202],[101.3419,14.0199],[101.3418,14.0175],[101.3424,14.0166],[101.3432,14.0166],[101.3457,14.0188],[101.3468,14.019],[101.3457,14.0193],[101.3458,14.0204],[101.3469,14.0204],[101.3471,14.0209],[101.3472,14.0217],[101.3466,14.0212],[101.346,14.0223],[101.3463,14.0228],[101.3469,14.0228],[101.3472,14.0245],[101.3466,14.0245],[101.3455,14.0261],[101.3441,14.0264]],[[101.3449,14.0215],[101.3458,14.0215],[101.3458,14.0212],[101.3452,14.021],[101.3449,14.0215]]]}},{"type":"Feature","properties":{"kind":"flood","area_km2":0.35,"conf":"low","date":"2026-10-04"},"geometry":{"type":"Polygon","coordinates":[[[101.749,14.0332],[101.7487,14.0319],[101.7475,14.0316],[101.7475,14.0308],[101.747,14.0308],[101.7464,14.0319],[101.7456,14.0319],[101.7456,14.0314],[101.745,14.0314],[101.745,14.03],[101.7464,14.0295],[101.7458,14.0276],[101.7475,14.0273],[101.7475,14.0259],[101.7483,14.0243],[101.7494,14.0243],[101.75,14.0264],[101.7491,14.0265],[101.7492,14.0273],[101.7505,14.027],[101.7506,14.0283],[101.75,14.0286],[101.7511,14.0291],[101.7506,14.0324],[101.7498,14.0332],[101.749,14.0332]],[[101.7475,14.0284],[101.7481,14.0284],[101.7481,14.0278],[101.7475,14.0278],[101.7475,14.0284]]]}},{"type":"Feature","properties":{"kind":"flood","area_km2":0.347,"conf":"low","date":"2026-10-09"},"geometry":{"type":"Polygon","coordinates":[[[101.4245,14.069],[101.4243,14.0679],[101.4248,14.0673],[101.4243,14.0671],[101.4242,14.0665],[101.4248,14.0662],[101.4245,14.0652],[101.425,14.0635],[101.4234,14.0638],[101.4231,14.0627],[101.4239,14.0622],[101.4309,14.0621],[101.4314,14.0627],[101.4314,14.0635],[101.4311,14.0629],[101.4298,14.0632],[101.4298,14.0646],[101.4303,14.0648],[101.4295,14.0651],[101.4295,14.0662],[101.4287,14.0665],[101.4287,14.067],[101.4279,14.067],[101.4276,14.0659],[101.4267,14.0662],[101.4259,14.067],[101.4265,14.0687],[101.4245,14.069]],[[101.4267,14.0638],[101.4275,14.0638],[101.4278,14.0632],[101.4273,14.063],[101.4267,14.0632],[101.4267,14.0638]]]}},{"type":"Feature","properties":{"kind":"flood","area_km2":0.345,"conf":"low","date":"2026-10-09"},"geometry":{"type":"Polygon","coordinates":[[[101.193,14.0414],[101.193,14.0405],[101.1938,14.0405],[101.1938,14.04],[101.1944,14.04],[101.1955,14.0389],[101.1907,14.0389],[101.1899,14.0395],[101.1863,14.0395],[101.1865,14.0363],[101.1871,14.0371],[101.1871,14.0384],[101.1882,14.0384],[101.1882,14.0379],[101.1893,14.0376],[101.1893,14.0368],[101.1902,14.037],[101.1902,14.0376],[101.1918,14.0381],[101.1921,14.0373],[101.191,14.037],[101.191,14.036],[101.1921,14.0362],[101.1929,14.0351],[101.1937,14.0351],[101.1938,14.0376],[101.1954,14.0375],[101.1954,14.0367],[101.1982,14.037],[101.1982,14.0397],[101.1966,14.0394],[101.1952,14.0405],[101.1938,14.0408],[101.1938,14.0413],[101.193,14.0414]]]}},{"type":"Feature","properties":{"kind":"flood","area_km2":0.341,"conf":"low","date":"2026-10-09"},"geometry":{"type":"Polygon","coordinates":[[[101.4705,14.0837],[101.4664,14.0834],[101.4666,14.0818],[101.4674,14.0818],[101.4674,14.0813],[101.4669,14.081],[101.4669,14.0788],[101.4685,14.0788],[101.4677,14.0772],[101.4677,14.0764],[101.4693,14.0761],[101.4693,14.0753],[101.4685,14.0747],[101.4685,14.0739],[101.469,14.0739],[101.4704,14.072],[101.4721,14.072],[101.4724,14.0742],[101.4713,14.075],[101.4713,14.0777],[101.4694,14.0783],[101.4694,14.0796],[101.4688,14.0804],[101.4688,14.0815],[101.4697,14.0815],[101.47,14.0829],[101.4705,14.0829],[101.4705,14.0837]],[[101.4702,14.0772],[101.471,14.0772],[101.4707,14.0755],[101.4699,14.0755],[101.4702,14.0772]],[[101.471,14.0731],[101.4712,14.0736],[101.4712,14.0731],[101.471,14.0731]]]}},{"type":"Feature","properties":{"kind":"flood","area_km2":0.339,"conf":"low","date":"2026-10-09"},"geometry":{"type":"Polygon","coordinates":[[[101.2337,14.0857],[101.2334,14.0835],[101.235,14.0819],[101.2342,14.0808],[101.2344,14.0789],[101.2358,14.0786],[101.2358,14.0797],[101.2353,14.08],[101.2364,14.0803],[101.2372,14.0813],[101.2383,14.0813],[101.2389,14.0805],[101.2391,14.0783],[101.24,14.0783],[101.2403,14.0808],[101.2408,14.081],[101.2409,14.0818],[101.2392,14.0819],[101.2392,14.0824],[101.2403,14.0827],[101.2403,14.0835],[101.2395,14.0835],[101.2392,14.0843],[101.2381,14.0851],[101.237,14.0851],[101.237,14.0835],[101.2364,14.0835],[101.2353,14.0841],[101.2353,14.0849],[101.2345,14.0852],[101.2345,14.0857],[101.2337,14.0857]],[[101.237,14.0832],[101.2373,14.0835],[101.2373,14.0832],[101.237,14.0832]]]}},{"type":"Feature","properties":{"kind":"flood","area_km2":0.338,"conf":"low","date":"2026-10-09"},"geometry":{"type":"Polygon","coordinates":[[[100.9972,14.0436],[100.9972,14.0363],[100.9963,14.0363],[100.996,14.0352],[100.9972,14.0349],[100.9974,14.0344],[100.9977,14.0314],[100.9993,14.0314],[100.9993,14.0322],[100.9988,14.0322],[100.9988,14.0327],[100.9996,14.033],[100.9997,14.0433],[100.9972,14.0436]],[[100.9985,14.036],[100.9988,14.0341],[100.9982,14.0333],[100.9983,14.0357],[100.9985,14.036]]]}},{"type":"Feature","properties":{"kind":"flood","area_km2":0.325,"conf":"low","date":"2026-10-09"},"geometry":{"type":"Polygon","coordinates":[[[101.3221,14.0163],[101.3221,14.0152],[101.3215,14.0144],[101.3193,14.0144],[101.319,14.0128],[101.3199,14.0125],[101.319,14.0125],[101.3187,14.0114],[101.3179,14.0115],[101.3179,14.0106],[101.3173,14.0106],[101.3171,14.0101],[101.317,14.0093],[101.3187,14.0096],[101.319,14.0101],[101.319,14.0077],[101.3198,14.0079],[101.3204,14.0068],[101.3226,14.0073],[101.3226,14.0098],[101.3201,14.0104],[101.3201,14.0122],[101.3232,14.0125],[101.3238,14.0157],[101.3232,14.0163],[101.3221,14.0163]],[[101.3201,14.0133],[101.3204,14.0136],[101.3204,14.0133],[101.3201,14.0133]]]}},{"type":"Feature","properties":{"kind":"flood","area_km2":0.312,"conf":"low","date":"2026-10-09"},"geometry":{"type":"Polygon","coordinates":[[[101.0897,14.0453],[101.0889,14.0436],[101.0878,14.0431],[101.0877,14.042],[101.0872,14.0417],[101.085,14.0423],[101.085,14.0431],[101.0841,14.0431],[101.0841,14.0418],[101.0852,14.041],[101.0849,14.0391],[101.0877,14.0396],[101.0882,14.0366],[101.0894,14.0366],[101.0908,14.0387],[101.0908,14.0395],[101.0897,14.0398],[101.0897,14.0415],[101.0905,14.042],[101.0905,14.0428],[101.09,14.0431],[101.0905,14.0452],[101.0897,14.0453]]]}},{"type":"Feature","properties":{"kind":"flood","area_km2":0.31,"conf":"low","date":"2026-10-04"},"geometry":{"type":"Polygon","coordinates":[[[101.7444,14.0246],[101.7444,14.0238],[101.7427,14.0238],[101.7424,14.023],[101.7416,14.0227],[101.7416,14.02],[101.7443,14.0195],[101.7441,14.0187],[101.7432,14.0187],[101.7432,14.0176],[101.744,14.0176],[101.744,14.017],[101.7454,14.0173],[101.7457,14.0162],[101.7465,14.0162],[101.7468,14.0173],[101.7463,14.0175],[101.7463,14.0181],[101.7468,14.0181],[101.7468,14.0189],[101.7457,14.0189],[101.7457,14.02],[101.7452,14.0203],[101.7458,14.0208],[101.7458,14.023],[101.7463,14.023],[101.7466,14.0246],[101.7444,14.0246]]]}},{"type":"Feature","properties":{"kind":"flood","area_km2":0.31,"conf":"high","date":"2026-10-09"},"geometry":{"type":"Polygon","coordinates":[[[101.4327,14.0269],[101.4327,14.0263],[101.4322,14.0263],[101.4316,14.0258],[101.4316,14.025],[101.4307,14.0244],[101.4307,14.0231],[101.4332,14.0228],[101.4332,14.0214],[101.4338,14.0212],[101.434,14.0193],[101.4351,14.0193],[101.4351,14.0201],[101.4357,14.0201],[101.4363,14.022],[101.4374,14.0214],[101.4374,14.0222],[101.4388,14.0222],[101.439,14.0217],[101.4388,14.023],[101.4368,14.023],[101.4374,14.026],[101.4369,14.0257],[101.4366,14.0247],[101.4349,14.0241],[101.4341,14.025],[101.4344,14.026],[101.4338,14.026],[101.4335,14.0269],[101.4327,14.0269]],[[101.4324,14.0247],[101.4332,14.0247],[101.4332,14.0241],[101.4324,14.0239],[101.4324,14.0247]]]}},{"type":"Feature","properties":{"kind":"flood","area_km2":0.308,"conf":"low","date":"2026-10-09"},"geometry":{"type":"Polygon","coordinates":[[[101.3154,14.0622],[101.3153,14.0608],[101.3137,14.0606],[101.3137,14.0597],[101.3142,14.0597],[101.3142,14.0592],[101.3137,14.0592],[101.3136,14.057],[101.3128,14.0568],[101.3128,14.0573],[101.3106,14.0576],[101.3106,14.0568],[101.3117,14.0557],[101.3133,14.0557],[101.3133,14.0549],[101.3142,14.0549],[101.3147,14.0559],[101.3172,14.0567],[101.3173,14.0575],[101.315,14.0573],[101.315,14.0578],[101.3167,14.0581],[101.317,14.0589],[101.3175,14.0586],[101.3175,14.0575],[101.3186,14.0578],[101.3184,14.0613],[101.3173,14.0613],[101.3173,14.0605],[101.3164,14.0605],[101.3167,14.0619],[101.3154,14.0622]],[[101.3153,14.0589],[101.3156,14.0595],[101.3156,14.0589],[101.3153,14.0589]]]}},{"type":"Feature","properties":{"kind":"flood","area_km2":0.301,"conf":"low","date":"2026-10-09"},"geometry":{"type":"Polygon","coordinates":[[[101.2623,14.0849],[101.2611,14.0838],[101.2611,14.0833],[101.2595,14.0819],[101.2614,14.0814],[101.2619,14.0803],[101.2614,14.0803],[101.2608,14.0811],[101.2605,14.0787],[101.2586,14.0787],[101.2583,14.0771],[101.2589,14.0768],[101.2588,14.0754],[101.2594,14.0754],[101.2594,14.076],[101.265,14.0816],[101.265,14.0827],[101.2639,14.0835],[101.2639,14.0841],[101.2631,14.0849],[101.2623,14.0849]]]}},{"type":"Feature","properties":{"kind":"flood","area_km2":0.299,"conf":"low","date":"2026-10-09"},"geometry":{"type":"Polygon","coordinates":[[[101.3426,14.069],[101.3424,14.0684],[101.3415,14.0684],[101.3418,14.0673],[101.3412,14.0668],[101.3409,14.0646],[101.342,14.0641],[101.342,14.0627],[101.3431,14.0627],[101.3428,14.0616],[101.3462,14.0616],[101.3462,14.0662],[101.3448,14.0665],[101.3446,14.0676],[101.3435,14.0679],[101.3435,14.0689],[101.3426,14.069]],[[101.3443,14.0657],[101.3451,14.0657],[101.3448,14.0641],[101.344,14.0646],[101.3443,14.0657]]]}},{"type":"Feature","properties":{"kind":"flood","area_km2":0.298,"conf":"high","date":"2026-10-09"},"geometry":{"type":"Polygon","coordinates":[[[101.5283,14.0592],[101.528,14.0571],[101.5271,14.0563],[101.5274,14.0525],[101.5288,14.0524],[101.5288,14.053],[101.5296,14.0535],[101.5302,14.0568],[101.531,14.0565],[101.5319,14.0554],[101.5327,14.0554],[101.5327,14.0562],[101.5349,14.0562],[101.5355,14.0567],[101.5355,14.0575],[101.533,14.0578],[101.5324,14.0573],[101.5322,14.0578],[101.5316,14.0578],[101.5313,14.0589],[101.5283,14.0592]],[[101.531,14.0576],[101.5313,14.0578],[101.5313,14.0576],[101.531,14.0576]]]}},{"type":"Feature","properties":{"kind":"flood","area_km2":0.295,"conf":"low","date":"2026-10-09"},"geometry":{"type":"Polygon","coordinates":[[[100.9969,14.0726],[100.9966,14.0721],[100.9961,14.0721],[100.9961,14.0702],[100.9972,14.0696],[100.9974,14.068],[100.9974,14.0656],[100.9966,14.0656],[100.9966,14.0639],[100.9974,14.0639],[100.9977,14.0612],[100.9985,14.0612],[100.9985,14.0628],[100.9991,14.0628],[100.999,14.0604],[100.9996,14.0601],[100.9996,14.0647],[100.9985,14.065],[100.9985,14.0655],[100.9994,14.0655],[100.9996,14.0666],[100.9983,14.0666],[100.9988,14.0707],[100.9991,14.0696],[100.9997,14.0696],[100.9997,14.0726],[100.9969,14.0726]],[[100.9986,14.0707],[100.9989,14.0715],[100.9988,14.0707],[100.9986,14.0707]]]}},{"type":"Feature","properties":{"kind":"flood","area_km2":0.29,"conf":"low","date":"2026-10-09"},"geometry":{"type":"Polygon","coordinates":[[[101.0,14.0436],[101.0002,14.0325],[101.0004,14.0311],[101.0013,14.0311],[101.0016,14.0346],[101.001,14.0349],[101.0008,14.036],[101.0013,14.0365],[101.0016,14.0384],[101.0022,14.0384],[101.0025,14.0379],[101.0041,14.0378],[101.0041,14.0408],[101.0036,14.0435],[101.0022,14.0436],[101.0022,14.0395],[101.0016,14.0392],[101.0014,14.0398],[101.0008,14.0398],[101.0014,14.0408],[101.0014,14.0422],[101.0008,14.0425],[101.0008,14.0436],[101.0,14.0436]]]}},{"type":"Feature","properties":{"kind":"flood","area_km2":0.284,"conf":"low","date":"2026-10-09"},"geometry":{"type":"Polygon","coordinates":[[[101.0203,14.0437],[101.02,14.0426],[101.0205,14.0418],[101.0205,14.0401],[101.0211,14.0399],[101.0211,14.038],[101.0222,14.0369],[101.0227,14.0331],[101.0235,14.0331],[101.0235,14.0342],[101.0246,14.0341],[101.0249,14.0352],[101.0244,14.0374],[101.0227,14.0377],[101.0227,14.0382],[101.0241,14.0382],[101.0238,14.0396],[101.0233,14.0396],[101.0233,14.0426],[101.023,14.0431],[101.0214,14.0426],[101.0211,14.0437],[101.0203,14.0437]],[[101.0219,14.0407],[101.0222,14.0415],[101.0222,14.0407],[101.0219,14.0407]],[[101.0233,14.0355],[101.0235,14.0363],[101.0235,14.0355],[101.0233,14.0355]]]}},{"type":"Feature","properties":{"kind":"flood","area_km2":0.282,"conf":"low","date":"2026-10-09"},"geometry":{"type":"Polygon","coordinates":[[[101.04,14.1685],[101.0403,14.1671],[101.0394,14.1671],[101.0394,14.1661],[101.0411,14.1663],[101.0408,14.1647],[101.0413,14.1644],[101.0413,14.1639],[101.0397,14.1655],[101.0386,14.1652],[101.0386,14.1642],[101.0397,14.1631],[101.0399,14.1636],[101.0411,14.1636],[101.041,14.1622],[101.0388,14.1625],[101.0388,14.1609],[101.0402,14.1604],[101.0405,14.1598],[101.0419,14.1598],[101.0419,14.1609],[101.0413,14.1612],[101.0413,14.1617],[101.0419,14.162],[101.0416,14.1636],[101.0422,14.1636],[101.0424,14.163],[101.0427,14.1636],[101.0441,14.1636],[101.0444,14.1619],[101.0455,14.163],[101.0449,14.163],[101.0444,14.1644],[101.043,14.1652],[101.0428,14.1671],[101.0422,14.1668],[101.0414,14.1674],[101.0408,14.1685],[101.04,14.1685]]]}},{"type":"Feature","properties":{"kind":"flood","area_km2":0.281,"conf":"low","date":"2026-10-09"},"geometry":{"type":"Polygon","coordinates":[[[101.244,14.0341],[101.2437,14.0328],[101.2429,14.0322],[101.2429,14.0311],[101.242,14.0311],[101.2426,14.0317],[101.2426,14.0325],[101.2415,14.0325],[101.2406,14.0312],[101.2395,14.0314],[101.2395,14.0274],[101.2406,14.0276],[101.2406,14.029],[101.2423,14.029],[101.2425,14.0282],[101.2439,14.0281],[101.2437,14.0295],[101.2462,14.0303],[101.2451,14.0306],[101.2451,14.0314],[101.2443,14.0319],[101.2443,14.0325],[101.247,14.0322],[101.2473,14.0303],[101.2478,14.0303],[101.2476,14.0325],[101.2459,14.0325],[101.2459,14.0341],[101.244,14.0341]]]}},{"type":"Feature","properties":{"kind":"flood","area_km2":0.278,"conf":"low","date":"2026-10-09"},"geometry":{"type":"Polygon","coordinates":[[[101.1816,14.0436],[101.1816,14.0423],[101.181,14.0423],[101.181,14.0406],[101.1821,14.0404],[101.1813,14.0398],[101.181,14.0385],[101.1813,14.0369],[101.1821,14.0368],[101.1815,14.0352],[101.1826,14.0352],[101.1838,14.0368],[101.1854,14.0363],[101.1854,14.0382],[101.1846,14.0387],[101.1846,14.0395],[101.1852,14.0401],[101.1852,14.0422],[101.1835,14.0423],[101.1838,14.0404],[101.183,14.0404],[101.1824,14.0436],[101.1816,14.0436]]]}},{"type":"Feature","properties":{"kind":"flood","area_km2":0.271,"conf":"low","date":"2026-10-09"},"geometry":{"type":"Polygon","coordinates":[[[101.3091,14.0465],[101.3071,14.0465],[101.3071,14.046],[101.3052,14.0455],[101.3052,14.0422],[101.3085,14.0422],[101.3118,14.043],[101.3118,14.0446],[101.3127,14.0446],[101.3127,14.0454],[101.3119,14.0454],[101.3105,14.0468],[101.3096,14.0468],[101.3099,14.0457],[101.3094,14.0457],[101.3093,14.0446],[101.3085,14.0438],[101.3077,14.0438],[101.3077,14.0454],[101.3091,14.0457],[101.3091,14.0465]]]}},{"type":"Feature","properties":{"kind":"flood","area_km2":0.27,"conf":"low","date":"2026-10-09"},"geometry":{"type":"Polygon","coordinates":[[[101.2447,14.0222],[101.2447,14.0216],[101.2425,14.0214],[101.2416,14.0214],[101.2414,14.0219],[101.2414,14.0209],[101.243,14.0211],[101.243,14.0198],[101.2405,14.0195],[101.2405,14.019],[101.2427,14.0189],[101.2433,14.0181],[101.2435,14.0157],[101.2444,14.0157],[101.2444,14.0165],[101.2449,14.0165],[101.2449,14.0159],[101.246,14.0162],[101.246,14.0138],[101.2469,14.0138],[101.2469,14.0143],[101.2474,14.0146],[101.2477,14.0132],[101.2485,14.0132],[101.2491,14.0137],[101.2488,14.0159],[101.2471,14.0154],[101.2469,14.0173],[101.2441,14.0173],[101.2441,14.02],[101.2436,14.0208],[101.2444,14.0208],[101.245,14.0197],[101.2447,14.0187],[101.2461,14.0184],[101.2458,14.0216],[101.2455,14.0222],[101.2447,14.0222]]]}},{"type":"Feature","properties":{"kind":"flood","area_km2":0.269,"conf":"low","date":"2026-10-09"},"geometry":{"type":"Polygon","coordinates":[[[101.087,14.2066],[101.0864,14.205],[101.0848,14.2044],[101.0845,14.2028],[101.0873,14.2028],[101.0875,14.2022],[101.0892,14.2022],[101.0895,14.2017],[101.0903,14.2017],[101.0903,14.2011],[101.0922,14.2006],[101.0923,14.2036],[101.09,14.2036],[101.0898,14.2044],[101.0887,14.2047],[101.0887,14.2055],[101.0895,14.2055],[101.0895,14.2063],[101.087,14.2066]]]}},{"type":"Feature","properties":{"kind":"flood","area_km2":0.268,"conf":"high","date":"2026-10-09"},"geometry":{"type":"Polygon","coordinates":[[[101.012,14.0153],[101.0114,14.015],[101.0114,14.0126],[101.012,14.0126],[101.0119,14.012],[101.0111,14.012],[101.0108,14.0109],[101.01,14.0107],[101.01,14.0099],[101.0114,14.0099],[101.0114,14.0104],[101.0122,14.0107],[101.0122,14.0101],[101.0117,14.0101],[101.0116,14.0093],[101.0108,14.0093],[101.0108,14.0082],[101.0111,14.0074],[101.0116,14.0074],[101.0119,14.0069],[101.0116,14.0034],[101.013,14.0033],[101.0131,14.0131],[101.0136,14.0136],[101.0136,14.0147],[101.012,14.0153]]]}},{"type":"Feature","properties":{"kind":"flood","area_km2":0.266,"conf":"low","date":"2026-10-09"},"geometry":{"type":"Polygon","coordinates":[[[101.0889,14.0726],[101.0888,14.0721],[101.0825,14.0719],[101.0819,14.0697],[101.0824,14.0692],[101.0852,14.0694],[101.0852,14.0708],[101.0866,14.0708],[101.0863,14.0694],[101.0855,14.0694],[101.0858,14.0689],[101.0844,14.0686],[101.0844,14.0678],[101.0877,14.0683],[101.088,14.0689],[101.0888,14.0688],[101.0885,14.0699],[101.0897,14.0702],[101.0897,14.0726],[101.0889,14.0726]]]}},{"type":"Feature","properties":{"kind":"flood","area_km2":0.266,"conf":"low","date":"2026-10-09"},"geometry":{"type":"Polygon","coordinates":[[[101.1154,14.0038],[101.1146,14.0027],[101.1146,14.0008],[101.1151,14.0008],[101.1146,13.9992],[101.1184,13.9989],[101.119,14.0],[101.119,14.0014],[101.1201,14.0022],[101.1202,14.0032],[101.1188,14.0038],[101.1154,14.0038]]]}},{"type":"Feature","properties":{"kind":"flood","area_km2":0.262,"conf":"low","date":"2026-10-09"},"geometry":{"type":"Polygon","coordinates":[[[101.0775,14.9687],[101.0777,14.9663],[101.0769,14.9654],[101.0771,14.9584],[101.0763,14.9579],[101.0763,14.9573],[101.0771,14.957],[101.0774,14.9562],[101.079,14.9551],[101.0787,14.9532],[101.0804,14.9527],[101.0807,14.954],[101.0801,14.954],[101.0793,14.9568],[101.0788,14.957],[101.0788,14.9578],[101.0779,14.9581],[101.0782,14.9611],[101.0777,14.9614],[101.0777,14.9619],[101.0791,14.9633],[101.0791,14.9641],[101.0786,14.9646],[101.0791,14.9665],[101.0775,14.9687]]]}},{"type":"Feature","properties":{"kind":"flood","area_km2":0.257,"conf":"low","date":"2026-10-09"},"geometry":{"type":"Polygon","coordinates":[[[101.1757,14.1784],[101.1751,14.1762],[101.1765,14.1762],[101.1762,14.1743],[101.1767,14.1741],[101.1762,14.1727],[101.1762,14.1708],[101.1773,14.1708],[101.1776,14.1716],[101.1798,14.1711],[101.1795,14.1727],[101.1778,14.173],[101.1778,14.1724],[101.1773,14.1724],[101.1776,14.1738],[101.1809,14.1738],[101.1809,14.1748],[101.1798,14.1751],[101.1796,14.1776],[101.1787,14.1776],[101.1787,14.1762],[101.1776,14.176],[101.1773,14.1784],[101.1757,14.1784]]]}},{"type":"Feature","properties":{"kind":"flood","area_km2":0.254,"conf":"high","date":"2026-10-09"},"geometry":{"type":"Polygon","coordinates":[[[101.4286,14.0581],[101.4286,14.0575],[101.4278,14.0573],[101.4275,14.0556],[101.428,14.0556],[101.4283,14.0548],[101.4286,14.0554],[101.4297,14.0554],[101.4297,14.0543],[101.4288,14.054],[101.4311,14.0543],[101.431,14.0532],[101.4291,14.0532],[101.4288,14.0489],[101.4296,14.0489],[101.4307,14.0507],[101.4313,14.0529],[101.433,14.0537],[101.4327,14.0551],[101.4336,14.0553],[101.4336,14.058],[101.4316,14.0578],[101.4316,14.0567],[101.4325,14.0551],[101.4316,14.0551],[101.4316,14.0559],[101.43,14.0554],[101.4297,14.0562],[101.4283,14.0562],[101.4283,14.0567],[101.4289,14.0567],[101.4289,14.0578],[101.4294,14.0567],[101.4294,14.0581],[101.4286,14.0581]]]}},{"type":"Feature","properties":{"kind":"flood","area_km2":0.254,"conf":"low","date":"2026-10-09"},"geometry":{"type":"Polygon","coordinates":[[[101.2986,14.0263],[101.2972,14.026],[101.2969,14.0255],[101.2975,14.0236],[101.2972,14.022],[101.2966,14.0217],[101.2966,14.0192],[101.2974,14.019],[101.2983,14.019],[101.2985,14.0198],[101.2997,14.0195],[101.2999,14.0203],[101.3006,14.0257],[101.2986,14.0263]]]}},{"type":"Feature","properties":{"kind":"flood","area_km2":0.251,"conf":"low","date":"2026-10-09"},"geometry":{"type":"Polygon","coordinates":[[[101.1969,14.0736],[101.1961,14.0728],[101.196,14.072],[101.1969,14.0717],[101.1969,14.0703],[101.196,14.0717],[101.1949,14.0717],[101.1949,14.0712],[101.1944,14.0709],[101.1952,14.0706],[101.1952,14.0693],[101.196,14.0701],[101.1966,14.0701],[101.196,14.0684],[101.1968,14.0682],[101.196,14.0679],[101.196,14.0671],[101.1974,14.0671],[101.1977,14.0679],[101.1979,14.0673],[101.2004,14.067],[101.2004,14.0657],[101.1999,14.0657],[101.1996,14.0649],[101.201,14.0649],[101.2015,14.0657],[101.2015,14.0665],[101.201,14.0665],[101.201,14.067],[101.2021,14.0673],[101.2024,14.0695],[101.2007,14.07],[101.2005,14.0706],[101.1996,14.0706],[101.1996,14.0698],[101.2018,14.0692],[101.2018,14.0676],[101.2004,14.0676],[101.2004,14.0681],[101.1991,14.0681],[101.1991,14.0687],[101.1985,14.0684],[101.1988,14.07],[101.198,14.07],[101.198,14.0711],[101.1974,14.0719],[101.1977,14.0736],[101.1969,14.0736]]]}},{"type":"Feature","properties":{"kind":"flood","area_km2":0.247,"conf":"high","date":"2026-10-09"},"geometry":{"type":"Polygon","coordinates":[[[101.4814,14.0115],[101.4789,14.0112],[101.4789,14.0107],[101.4781,14.0104],[101.4778,14.0085],[101.4794,14.0088],[101.4794,14.0074],[101.4777,14.0072],[101.4777,14.005],[101.4783,14.0047],[101.4783,14.0058],[101.4794,14.0058],[101.4797,14.005],[101.4813,14.005],[101.4816,14.0044],[101.4822,14.005],[101.4827,14.0068],[101.4816,14.0071],[101.4811,14.0079],[101.4811,14.0096],[101.4819,14.0098],[101.482,14.0109],[101.4814,14.0115]],[[101.4802,14.0066],[101.4811,14.0066],[101.4811,14.0058],[101.4802,14.0058],[101.4802,14.0066]]]}},{"type":"Feature","properties":{"kind":"flood","area_km2":0.246,"conf":"low","date":"2026-10-09"},"geometry":{"type":"Polygon","coordinates":[[[101.0699,14.1601],[101.0677,14.1598],[101.0671,14.158],[101.0666,14.158],[101.0666,14.1569],[101.0657,14.1569],[101.066,14.1555],[101.0665,14.1555],[101.0665,14.1544],[101.0671,14.1544],[101.0671,14.1558],[101.0679,14.1558],[101.0682,14.1577],[101.0707,14.1582],[101.0716,14.1582],[101.0716,14.1576],[101.0705,14.1574],[101.0704,14.1541],[101.071,14.1539],[101.071,14.1549],[101.0721,14.1549],[101.0721,14.1555],[101.0732,14.1552],[101.0732,14.1571],[101.0738,14.1574],[101.0738,14.1579],[101.0749,14.1582],[101.073,14.1584],[101.0727,14.1571],[101.0721,14.1571],[101.0724,14.1584],[101.0716,14.1585],[101.071,14.1595],[101.0702,14.1596],[101.0699,14.159],[101.0699,14.1601]],[[101.0666,14.1566],[101.0671,14.1566],[101.0671,14.1558],[101.0666,14.1561],[101.0666,14.1566]]]}},{"type":"Feature","properties":{"kind":"flood","area_km2":0.245,"conf":"low","date":"2026-10-09"},"geometry":{"type":"Polygon","coordinates":[[[101.1694,14.07],[101.1693,14.0684],[101.1682,14.0684],[101.1677,14.0676],[101.1693,14.0676],[101.1693,14.066],[101.1682,14.0657],[101.1679,14.0652],[101.1696,14.0652],[101.1696,14.0619],[101.1676,14.0616],[101.1687,14.0616],[101.1687,14.0597],[101.1698,14.0597],[101.1698,14.0586],[101.1726,14.0586],[101.1727,14.0657],[101.1699,14.0657],[101.1696,14.0665],[101.1702,14.0665],[101.1702,14.0681],[101.1696,14.0684],[101.1694,14.07]],[[101.1701,14.0646],[101.1715,14.0646],[101.1721,14.064],[101.1721,14.0621],[101.1704,14.0622],[101.1701,14.0646]],[[101.1707,14.0619],[101.1723,14.0619],[101.1723,14.0602],[101.1718,14.0603],[101.1718,14.0597],[101.1704,14.06],[101.1707,14.0619]]]}},{"type":"Feature","properties":{"kind":"flood","area_km2":0.239,"conf":"low","date":"2026-10-09"},"geometry":{"type":"Polygon","coordinates":[[[101.0577,14.0949],[101.0546,14.0916],[101.0543,14.0903],[101.0548,14.0903],[101.0548,14.0897],[101.0529,14.0887],[101.0529,14.0879],[101.0546,14.0884],[101.0573,14.0881],[101.0579,14.0886],[101.0571,14.0911],[101.0576,14.0922],[101.0585,14.0927],[101.0585,14.0932],[101.0596,14.0938],[101.0596,14.0946],[101.0577,14.0949]]]}},{"type":"Feature","properties":{"kind":"flood","area_km2":0.238,"conf":"low","date":"2026-10-09"},"geometry":{"type":"Polygon","coordinates":[[[101.0059,14.0858],[101.0064,14.0823],[101.0064,14.0785],[101.0078,14.0785],[101.0075,14.0771],[101.0064,14.0771],[101.0064,14.0761],[101.0075,14.0763],[101.0075,14.0752],[101.0086,14.0749],[101.0081,14.0858],[101.0059,14.0858]]]}},{"type":"Feature","properties":{"kind":"flood","area_km2":0.237,"conf":"low","date":"2026-10-09"},"geometry":{"type":"Polygon","coordinates":[[[101.1124,14.0665],[101.1126,14.0621],[101.114,14.0621],[101.1143,14.0627],[101.116,14.0613],[101.1174,14.0615],[101.1174,14.0648],[101.1168,14.0653],[101.1168,14.0662],[101.1124,14.0665]],[[101.1135,14.0662],[101.1143,14.0662],[101.1143,14.0648],[101.1129,14.0648],[101.1129,14.0657],[101.1135,14.0656],[101.1135,14.0662]]]}},{"type":"Feature","properties":{"kind":"flood","area_km2":0.236,"conf":"low","date":"2026-10-09"},"geometry":{"type":"Polygon","coordinates":[[[101.0372,14.1975],[101.0372,14.1962],[101.0352,14.1962],[101.0347,14.197],[101.0311,14.197],[101.0311,14.1959],[101.0316,14.1959],[101.0316,14.1954],[101.0355,14.1959],[101.0349,14.1932],[101.0355,14.1921],[101.0363,14.1921],[101.0388,14.1948],[101.0394,14.1948],[101.0394,14.1956],[101.04,14.1956],[101.0397,14.197],[101.0391,14.1967],[101.0389,14.1972],[101.0372,14.1975]]]}},{"type":"Feature","properties":{"kind":"flood","area_km2":0.233,"conf":"low","date":"2026-10-09"},"geometry":{"type":"Polygon","coordinates":[[[101.0842,14.1413],[101.0836,14.1402],[101.0828,14.1399],[101.0828,14.1364],[101.0836,14.1364],[101.0836,14.1369],[101.0847,14.1375],[101.0853,14.1375],[101.0853,14.1369],[101.0858,14.1366],[101.0872,14.1366],[101.0881,14.1377],[101.0886,14.1377],[101.0886,14.1385],[101.0881,14.1388],[101.0873,14.141],[101.0856,14.1407],[101.0856,14.1413],[101.0842,14.1413]],[[101.0856,14.1394],[101.0858,14.1388],[101.087,14.1388],[101.0861,14.1377],[101.0856,14.1377],[101.0856,14.1394]]]}},{"type":"Feature","properties":{"kind":"flood","area_km2":0.233,"conf":"high","date":"2026-10-09"},"geometry":{"type":"Polygon","coordinates":[[[101.3766,14.0274],[101.3764,14.0269],[101.375,14.0266],[101.3747,14.0245],[101.3763,14.0231],[101.3763,14.022],[101.3777,14.0206],[101.3776,14.0177],[101.3788,14.0176],[101.3796,14.0184],[101.3796,14.0195],[101.3791,14.0198],[101.3788,14.0225],[101.3774,14.0231],[101.3775,14.0274],[101.3766,14.0274]]]}},{"type":"Feature","properties":{"kind":"flood","area_km2":0.231,"conf":"low","date":"2026-10-09"},"geometry":{"type":"Polygon","coordinates":[[[101.0203,14.17],[101.02,14.1687],[101.0222,14.1665],[101.0225,14.1654],[101.0249,14.1629],[101.0249,14.1624],[101.0258,14.1618],[101.0266,14.1602],[101.0285,14.1599],[101.0285,14.1607],[101.0277,14.1613],[101.0272,14.1626],[101.0247,14.1651],[101.0244,14.1662],[101.0233,14.1667],[101.0228,14.1684],[101.0219,14.1692],[101.0214,14.1692],[101.0211,14.17],[101.0203,14.17]]]}},{"type":"Feature","properties":{"kind":"flood","area_km2":0.231,"conf":"low","date":"2026-10-09"},"geometry":{"type":"Polygon","coordinates":[[[101.1009,14.12],[101.0984,14.12],[101.0984,14.1195],[101.0973,14.1195],[101.0973,14.1181],[101.0965,14.1173],[101.0954,14.1176],[101.0951,14.117],[101.0945,14.1171],[101.0948,14.1184],[101.0929,14.1187],[101.0929,14.1176],[101.0937,14.1176],[101.0937,14.1168],[101.0943,14.1168],[101.094,14.1146],[101.0948,14.1146],[101.0954,14.1154],[101.0965,14.1151],[101.0962,14.1162],[101.0979,14.1162],[101.099,14.1173],[101.099,14.1181],[101.1001,14.1181],[101.1007,14.1178],[101.1006,14.1173],[101.1015,14.1173],[101.1009,14.12]],[[101.0982,14.1181],[101.0984,14.1184],[101.0984,14.1181],[101.0982,14.1181]]]}},{"type":"Feature","properties":{"kind":"flood","area_km2":0.231,"conf":"low","date":"2026-10-09"},"geometry":{"type":"Polygon","coordinates":[[[101.1241,14.0132],[101.1202,14.0127],[101.1189,14.013],[101.1188,14.007],[101.1205,14.007],[101.121,14.0087],[101.1227,14.0092],[101.1227,14.0097],[101.1219,14.0097],[101.1219,14.0111],[101.123,14.0111],[101.123,14.0122],[101.1244,14.0121],[101.1244,14.0111],[101.1236,14.0108],[101.1241,14.0108],[101.1238,14.0097],[101.1249,14.0097],[101.1252,14.0113],[101.1247,14.0113],[101.1247,14.0124],[101.1241,14.0124],[101.1241,14.0132]],[[101.1194,14.0111],[101.1216,14.0108],[101.1216,14.0095],[101.1208,14.0095],[101.1208,14.0089],[101.1194,14.0089],[101.1194,14.0111]]]}},{"type":"Feature","properties":{"kind":"flood","area_km2":0.23,"conf":"low","date":"2026-10-09"},"geometry":{"type":"Polygon","coordinates":[[[101.0063,14.0695],[101.0061,14.069],[101.0052,14.069],[101.0044,14.0682],[101.0044,14.0663],[101.0049,14.0663],[101.0046,14.0617],[101.0054,14.0611],[101.0057,14.0601],[101.0071,14.0603],[101.0071,14.0611],[101.0063,14.0611],[101.0063,14.0625],[101.0074,14.0625],[101.0074,14.0638],[101.0066,14.0638],[101.0063,14.0633],[101.0057,14.0647],[101.0058,14.0682],[101.0063,14.0682],[101.0063,14.0647],[101.0066,14.0641],[101.0074,14.0641],[101.0074,14.0682],[101.0072,14.0695],[101.0063,14.0695]]]}},{"type":"Feature","properties":{"kind":"flood","area_km2":0.23,"conf":"low","date":"2026-10-09"},"geometry":{"type":"Polygon","coordinates":[[[101.4704,14.0709],[101.4704,14.0693],[101.4698,14.069],[101.4698,14.0682],[101.4712,14.0682],[101.4712,14.0669],[101.4692,14.0669],[101.469,14.0696],[101.4679,14.0696],[101.4681,14.0682],[101.4676,14.0683],[101.4676,14.0666],[101.4698,14.0666],[101.4698,14.0655],[101.4728,14.0647],[101.4731,14.0663],[101.4726,14.0663],[101.4723,14.0671],[101.4756,14.0674],[101.4742,14.0674],[101.4742,14.0682],[101.4729,14.0682],[101.4726,14.0698],[101.472,14.0698],[101.472,14.0704],[101.4715,14.0704],[101.4712,14.0709],[101.4704,14.0709]]]}},{"type":"Feature","properties":{"kind":"flood","area_km2":0.228,"conf":"low","date":"2026-10-09"},"geometry":{"type":"Polygon","coordinates":[[[101.2489,14.0267],[101.2484,14.0259],[101.2472,14.0259],[101.2472,14.0249],[101.2478,14.0249],[101.248,14.0224],[101.2492,14.0227],[101.2491,14.0216],[101.248,14.0219],[101.2477,14.0197],[101.2466,14.0197],[101.2469,14.0186],[101.2477,14.0186],[101.2483,14.0192],[101.2505,14.0189],[101.2503,14.0232],[101.2497,14.0238],[101.2503,14.0256],[101.25,14.0267],[101.2489,14.0267]]]}},{"type":"Feature","properties":{"kind":"flood","area_km2":0.226,"conf":"low","date":"2026-10-09"},"geometry":{"type":"Polygon","coordinates":[[[101.0639,14.171],[101.0628,14.1696],[101.0628,14.1686],[101.0636,14.168],[101.0644,14.1664],[101.0658,14.1666],[101.0658,14.1656],[101.0675,14.1645],[101.0675,14.1639],[101.0669,14.1636],[101.0669,14.1626],[101.0674,14.1626],[101.068,14.1615],[101.0688,14.1615],[101.0702,14.1636],[101.0702,14.1644],[101.0697,14.1644],[101.0669,14.1666],[101.0661,14.1666],[101.0658,14.168],[101.065,14.168],[101.0644,14.1685],[101.0647,14.171],[101.0639,14.171]]]}},{"type":"Feature","properties":{"kind":"flood","area_km2":0.226,"conf":"high","date":"2026-10-09"},"geometry":{"type":"Polygon","coordinates":[[[101.0164,14.0152],[101.0161,14.0058],[101.0155,14.0052],[101.0155,14.0044],[101.0157,14.002],[101.0171,14.0019],[101.0172,14.0047],[101.0177,14.0063],[101.0186,14.0063],[101.0186,14.0074],[101.0175,14.0074],[101.0175,14.015],[101.0164,14.0152]]]}},{"type":"Feature","properties":{"kind":"flood","area_km2":0.222,"conf":"low","date":"2026-10-09"},"geometry":{"type":"Polygon","coordinates":[[[101.2927,14.0423],[101.2929,14.0396],[101.2935,14.0396],[101.2935,14.0402],[101.2943,14.0401],[101.2943,14.0412],[101.2974,14.0415],[101.2976,14.0401],[101.2993,14.0396],[101.2998,14.0366],[101.3009,14.0366],[101.3009,14.0374],[101.3015,14.0376],[101.3013,14.0417],[101.3004,14.0417],[101.3004,14.0412],[101.2999,14.0409],[101.2999,14.0414],[101.2982,14.0415],[101.2982,14.042],[101.2974,14.0423],[101.2952,14.0423],[101.2949,14.0418],[101.2935,14.0418],[101.2935,14.0423],[101.2927,14.0423]]]}},{"type":"Feature","properties":{"kind":"flood","area_km2":0.222,"conf":"low","date":"2026-10-09"},"geometry":{"type":"Polygon","coordinates":[[[101.2117,14.0274],[101.2112,14.0266],[101.2111,14.0255],[101.2125,14.0244],[101.2122,14.0219],[101.2125,14.0206],[101.2133,14.0208],[101.2147,14.0225],[101.2153,14.0224],[101.2153,14.026],[101.2148,14.026],[101.2148,14.0273],[101.2117,14.0274]],[[101.2128,14.0255],[101.2131,14.0257],[101.2131,14.0254],[101.2128,14.0255]]]}},{"type":"Feature","properties":{"kind":"flood","area_km2":0.221,"conf":"low","date":"2026-10-09"},"geometry":{"type":"Polygon","coordinates":[[[101.0281,14.0797],[101.0234,14.0786],[101.0234,14.0778],[101.0225,14.0778],[101.0228,14.0759],[101.0253,14.0759],[101.0264,14.0764],[101.0286,14.0759],[101.0292,14.0788],[101.0281,14.0789],[101.0281,14.0797]]]}},{"type":"Feature","properties":{"kind":"flood","area_km2":0.219,"conf":"low","date":"2026-10-09"},"geometry":{"type":"Polygon","coordinates":[[[101.033,14.1927],[101.0327,14.1911],[101.0338,14.191],[101.0343,14.1889],[101.0363,14.188],[101.0363,14.1867],[101.0346,14.1864],[101.034,14.1872],[101.0332,14.1875],[101.0329,14.1886],[101.0321,14.1894],[101.0321,14.1911],[101.0305,14.1913],[101.031,14.1897],[101.0318,14.1897],[101.0318,14.1886],[101.0302,14.1884],[101.031,14.1881],[101.031,14.1875],[101.0315,14.1875],[101.0315,14.1865],[101.0326,14.1862],[101.0332,14.1851],[101.034,14.1851],[101.0343,14.1859],[101.0349,14.1853],[101.0365,14.1853],[101.0368,14.1859],[101.0376,14.1859],[101.0377,14.1867],[101.0371,14.1869],[101.0366,14.1883],[101.0355,14.1891],[101.0355,14.1897],[101.0344,14.1905],[101.0344,14.191],[101.0335,14.1916],[101.033,14.1927]]]}},{"type":"Feature","properties":{"kind":"flood","area_km2":0.217,"conf":"high","date":"2026-10-09"},"geometry":{"type":"Polygon","coordinates":[[[101.249,14.0102],[101.2488,14.0097],[101.2493,14.0097],[101.2493,14.0083],[101.2485,14.0083],[101.2479,14.0053],[101.247,14.0048],[101.247,14.004],[101.2462,14.004],[101.2462,14.0035],[101.2476,14.0034],[101.2484,14.0013],[101.2487,14.0024],[101.2495,14.0023],[101.2495,14.0013],[101.2501,14.0013],[101.2498,14.0045],[101.249,14.0045],[101.249,14.0061],[101.2498,14.0064],[101.2496,14.0075],[101.2518,14.0075],[101.2518,14.0083],[101.2507,14.0083],[101.2518,14.0086],[101.2518,14.0099],[101.2507,14.0097],[101.2504,14.0102],[101.249,14.0102]]]}},{"type":"Feature","properties":{"kind":"flood","area_km2":0.216,"conf":"low","date":"2026-10-09"},"geometry":{"type":"Polygon","coordinates":[[[101.413,14.0515],[101.4096,14.0512],[101.4096,14.0504],[101.4063,14.0507],[101.4063,14.0499],[101.408,14.0493],[101.4085,14.0485],[101.4093,14.0485],[101.4096,14.0477],[101.4091,14.0477],[101.4088,14.0482],[101.4088,14.0474],[101.4107,14.0474],[101.4115,14.0458],[101.4115,14.0463],[101.4121,14.0466],[101.4121,14.0479],[101.4127,14.0485],[101.413,14.0515]],[[101.4105,14.0504],[101.4108,14.0507],[101.4107,14.0504],[101.4105,14.0504]]]}},{"type":"Feature","properties":{"kind":"flood","area_km2":0.215,"conf":"low","date":"2026-10-09"},"geometry":{"type":"Polygon","coordinates":[[[101.0272,14.1713],[101.0275,14.1691],[101.0289,14.1691],[101.0286,14.167],[101.0291,14.167],[101.0291,14.1661],[101.0297,14.1661],[101.03,14.165],[101.0313,14.1637],[101.0333,14.1634],[101.0333,14.1645],[101.0327,14.1648],[101.0328,14.1672],[101.0322,14.1677],[101.0311,14.1675],[101.0303,14.1688],[101.0292,14.1691],[101.0292,14.1699],[101.0283,14.1705],[101.0283,14.171],[101.0272,14.1713]]]}},{"type":"Feature","properties":{"kind":"flood","area_km2":0.214,"conf":"low","date":"2026-10-09"},"geometry":{"type":"Polygon","coordinates":[[[101.1594,14.0124],[101.1591,14.0113],[101.1585,14.0113],[101.1583,14.0121],[101.1572,14.0121],[101.1566,14.0116],[101.1552,14.0113],[101.1549,14.0103],[101.1558,14.0102],[101.1557,14.0094],[101.1577,14.0094],[101.1574,14.0108],[101.1588,14.0108],[101.1588,14.0097],[101.1596,14.0097],[101.1604,14.0067],[101.1604,14.0075],[101.1621,14.0075],[101.1621,14.0102],[101.1613,14.0102],[101.161,14.0124],[101.1594,14.0124]]]}},{"type":"Feature","properties":{"kind":"flood","area_km2":0.213,"conf":"low","date":"2026-10-09"},"geometry":{"type":"Polygon","coordinates":[[[101.0596,14.1911],[101.0591,14.1906],[101.0591,14.1897],[101.061,14.1895],[101.0604,14.1876],[101.061,14.1848],[101.0621,14.184],[101.0621,14.1835],[101.0629,14.1827],[101.0643,14.1826],[101.0629,14.1832],[101.0629,14.1848],[101.064,14.1848],[101.064,14.1856],[101.0632,14.1867],[101.0632,14.1883],[101.0627,14.1894],[101.0619,14.19],[101.0616,14.1908],[101.0596,14.1911]],[[101.0618,14.1875],[101.0624,14.1875],[101.0621,14.1867],[101.0616,14.1867],[101.0618,14.1875]]]}},{"type":"Feature","properties":{"kind":"flood","area_km2":0.213,"conf":"low","date":"2026-10-09"},"geometry":{"type":"Polygon","coordinates":[[[101.0741,14.163],[101.0747,14.162],[101.0744,14.1601],[101.078,14.16],[101.0777,14.1581],[101.0782,14.1584],[101.0782,14.1551],[101.0796,14.1549],[101.0799,14.1565],[101.0793,14.1568],[101.0794,14.1597],[101.0785,14.1606],[101.0788,14.1611],[101.0802,14.1611],[101.0805,14.1624],[101.0777,14.1625],[101.0777,14.1617],[101.0749,14.1617],[101.075,14.163],[101.0741,14.163]]]}},{"type":"Feature","properties":{"kind":"flood","area_km2":0.213,"conf":"low","date":"2026-10-09"},"geometry":{"type":"Polygon","coordinates":[[[101.4948,14.0685],[101.4898,14.0683],[101.4895,14.0675],[101.4889,14.0675],[101.4887,14.068],[101.487,14.0678],[101.4867,14.0656],[101.4878,14.0656],[101.4881,14.0664],[101.4903,14.0664],[101.4909,14.0653],[101.4923,14.065],[101.4925,14.0664],[101.4942,14.0664],[101.4951,14.0672],[101.4948,14.0685]]]}},{"type":"Feature","properties":{"kind":"flood","area_km2":0.212,"conf":"low","date":"2026-10-09"},"geometry":{"type":"Polygon","coordinates":[[[101.0394,14.2224],[101.0388,14.2214],[101.0374,14.2203],[101.0379,14.2184],[101.0371,14.2181],[101.0368,14.2187],[101.036,14.2187],[101.0357,14.2176],[101.0365,14.2176],[101.0371,14.2168],[101.0371,14.216],[101.0362,14.2154],[101.0362,14.2146],[101.0379,14.2151],[101.0388,14.2168],[101.0413,14.217],[101.0413,14.2178],[101.0393,14.2184],[101.0393,14.2205],[101.0399,14.2208],[101.0399,14.2216],[101.0416,14.2216],[101.0419,14.2211],[101.0419,14.2219],[101.0394,14.2224]],[[101.0385,14.2173],[101.0388,14.2178],[101.0388,14.2173],[101.0385,14.2173]]]}},{"type":"Feature","properties":{"kind":"flood","area_km2":0.211,"conf":"low","date":"2026-10-09"},"geometry":{"type":"Polygon","coordinates":[[[101.0081,14.2414],[101.0076,14.2409],[101.0056,14.2409],[101.0051,14.2401],[101.0039,14.2401],[101.0037,14.239],[101.0048,14.2387],[101.0062,14.2393],[101.007,14.2387],[101.0067,14.2376],[101.0075,14.2368],[101.0097,14.2362],[101.0106,14.2368],[101.0106,14.2381],[101.0092,14.2382],[101.0095,14.2409],[101.009,14.2414],[101.0081,14.2414]]]}},{"type":"Feature","properties":{"kind":"flood","area_km2":0.207,"conf":"low","date":"2026-10-09"},"geometry":{"type":"Polygon","coordinates":[[[101.4673,14.0197],[101.4682,14.0189],[101.4679,14.0168],[101.4684,14.0162],[101.4695,14.0165],[101.4695,14.0154],[101.4687,14.0154],[101.4684,14.0132],[101.467,14.013],[101.4695,14.0121],[101.4695,14.0108],[101.4686,14.0105],[101.47,14.0105],[101.4698,14.0127],[101.4709,14.0127],[101.472,14.0148],[101.4712,14.0148],[101.4706,14.0156],[101.4706,14.0162],[101.4712,14.0164],[101.4712,14.0175],[101.4706,14.0181],[101.4687,14.0181],[101.4684,14.0195],[101.4673,14.0197]]]}},{"type":"Feature","properties":{"kind":"flood","area_km2":0.206,"conf":"low","date":"2026-10-04"},"geometry":{"type":"Polygon","coordinates":[[[101.7773,14.5117],[101.777,14.5096],[101.7775,14.509],[101.7775,14.5077],[101.777,14.5074],[101.7769,14.506],[101.7786,14.5044],[101.7789,14.5052],[101.7781,14.5057],[101.7786,14.5063],[101.7811,14.5052],[101.7811,14.5065],[101.7822,14.5065],[101.7823,14.5076],[101.7803,14.5076],[101.7803,14.5092],[101.7792,14.5093],[101.7792,14.5098],[101.7773,14.5117]],[[101.7786,14.5068],[101.7792,14.5071],[101.7792,14.5068],[101.7786,14.5068]]]}},{"type":"Feature","properties":{"kind":"flood","area_km2":0.205,"conf":"low","date":"2026-10-09"},"geometry":{"type":"Polygon","coordinates":[[[101.0973,14.0875],[101.0943,14.0861],[101.0929,14.0862],[101.0923,14.0856],[101.0904,14.0854],[101.0898,14.0848],[101.0898,14.084],[101.0906,14.084],[101.0909,14.0846],[101.094,14.0843],[101.0959,14.085],[101.0973,14.085],[101.0976,14.0842],[101.0984,14.0842],[101.0981,14.0853],[101.0992,14.0858],[101.0993,14.0869],[101.099,14.0875],[101.0973,14.0875]]]}},{"type":"Feature","properties":{"kind":"flood","area_km2":0.204,"conf":"low","date":"2026-10-09"},"geometry":{"type":"Polygon","coordinates":[[[101.0008,14.2274],[101.001,14.2252],[101.0046,14.2211],[101.0043,14.2195],[101.0051,14.2187],[101.006,14.2187],[101.006,14.2192],[101.0074,14.2189],[101.0074,14.2203],[101.0057,14.2216],[101.0057,14.2222],[101.003,14.2252],[101.0022,14.2268],[101.0016,14.2274],[101.0008,14.2274]]]}},{"type":"Feature","properties":{"kind":"flood","area_km2":0.201,"conf":"low","date":"2026-10-09"},"geometry":{"type":"Polygon","coordinates":[[[101.123,14.068],[101.121,14.0678],[101.121,14.0669],[101.1216,14.0669],[101.1216,14.0664],[101.1188,14.0667],[101.119,14.0642],[101.1193,14.0653],[101.121,14.0653],[101.121,14.0642],[101.1215,14.0642],[101.1215,14.0626],[101.1229,14.0626],[101.1229,14.0615],[101.1254,14.0617],[101.1254,14.0623],[101.1237,14.0623],[101.1235,14.0647],[101.1224,14.0648],[101.1224,14.0653],[101.1249,14.0653],[101.1246,14.0666],[101.1232,14.0677],[101.1232,14.0664],[101.1218,14.0664],[101.1219,14.0677],[101.123,14.068]]]}},{"type":"Feature","properties":{"kind":"flood","area_km2":0.198,"conf":"low","date":"2026-10-09"},"geometry":{"type":"Polygon","coordinates":[[[101.0388,14.005],[101.0391,14.0018],[101.0396,14.0012],[101.0396,14.0004],[101.0402,14.0004],[101.0402,13.9996],[101.0418,13.9996],[101.0424,14.0001],[101.0424,14.0047],[101.0388,14.005]],[[101.0404,14.0007],[101.0407,14.0012],[101.0407,14.0007],[101.0404,14.0007]]]}},{"type":"Feature","properties":{"kind":"flood","area_km2":0.196,"conf":"low","date":"2026-10-09"},"geometry":{"type":"Polygon","coordinates":[[[101.4861,14.0824],[101.486,14.0811],[101.4847,14.0811],[101.4844,14.0792],[101.4855,14.0792],[101.4855,14.0786],[101.4868,14.0778],[101.4885,14.0778],[101.4888,14.0783],[101.4896,14.0783],[101.4888,14.0819],[101.4869,14.0819],[101.4869,14.0824],[101.4861,14.0824]]]}},{"type":"Feature","properties":{"kind":"flood","area_km2":0.195,"conf":"low","date":"2026-10-09"},"geometry":{"type":"Polygon","coordinates":[[[101.3179,14.041],[101.3173,14.0394],[101.3168,14.0394],[101.3168,14.0383],[101.3179,14.0378],[101.3176,14.0364],[101.319,14.0364],[101.3195,14.0361],[101.3198,14.0348],[101.3217,14.0345],[101.3217,14.0353],[101.3209,14.0353],[101.3215,14.0372],[101.3237,14.0369],[101.324,14.038],[101.3218,14.0383],[101.3207,14.0372],[101.319,14.0372],[101.319,14.0399],[101.3196,14.0402],[101.3196,14.041],[101.3179,14.041]]]}},{"type":"Feature","properties":{"kind":"flood","area_km2":0.194,"conf":"low","date":"2026-10-09"},"geometry":{"type":"Polygon","coordinates":[[[101.0026,14.1859],[101.0021,14.1848],[101.0012,14.1848],[101.0015,14.1829],[101.0029,14.1826],[101.0029,14.1815],[101.0018,14.1818],[101.0018,14.1805],[101.0026,14.1805],[101.0029,14.1813],[101.0056,14.1812],[101.0056,14.1807],[101.0068,14.1807],[101.007,14.1818],[101.0062,14.1821],[101.0062,14.1826],[101.0054,14.1831],[101.0054,14.1837],[101.0048,14.1837],[101.0046,14.1848],[101.004,14.1848],[101.0035,14.1859],[101.0026,14.1859]],[[101.004,14.1829],[101.0046,14.1826],[101.0045,14.1821],[101.0037,14.1823],[101.004,14.1829]]]}},{"type":"Feature","properties":{"kind":"flood","area_km2":0.192,"conf":"high","date":"2026-10-09"},"geometry":{"type":"Polygon","coordinates":[[[101.0963,14.0037],[101.0962,13.9991],[101.1001,13.9991],[101.1002,14.0037],[101.0993,14.0037],[101.0979,14.0023],[101.0974,14.0026],[101.0974,14.0034],[101.0963,14.0037]]]}},{"type":"Feature","properties":{"kind":"flood","area_km2":0.192,"conf":"low","date":"2026-10-09"},"geometry":{"type":"Polygon","coordinates":[[[101.1957,14.0039],[101.1951,14.002],[101.1951,14.0009],[101.1956,14.0009],[101.1956,14.0004],[101.1934,14.0004],[101.1934,13.9982],[101.1948,13.9982],[101.1945,13.9996],[101.1967,13.9996],[101.1967,13.9988],[101.1953,13.9988],[101.1953,13.9982],[101.2006,13.9982],[101.2006,13.999],[101.1998,13.9998],[101.1962,14.0009],[101.1962,14.0023],[101.197,14.0026],[101.1965,14.0028],[101.1965,14.0039],[101.1957,14.0039]],[[101.1962,14.0004],[101.197,14.0004],[101.197,13.9998],[101.1962,13.9999],[101.1962,14.0004]]]}},{"type":"Feature","properties":{"kind":"flood","area_km2":0.19,"conf":"low","date":"2026-10-09"},"geometry":{"type":"Polygon","coordinates":[[[101.5272,14.0617],[101.5269,14.0595],[101.5261,14.0582],[101.5238,14.0582],[101.5222,14.0574],[101.5221,14.0563],[101.5227,14.0555],[101.526,14.0549],[101.5263,14.056],[101.5271,14.0568],[101.528,14.06],[101.528,14.0617],[101.5272,14.0617]]]}},{"type":"Feature","properties":{"kind":"flood","area_km2":0.189,"conf":"low","date":"2026-10-09"},"geometry":{"type":"Polygon","coordinates":[[[101.312,14.0283],[101.3114,14.0234],[101.3141,14.0231],[101.315,14.0221],[101.3161,14.0218],[101.3166,14.0201],[101.318,14.0201],[101.3183,14.022],[101.3174,14.022],[101.3172,14.0234],[101.3155,14.0231],[101.315,14.024],[101.3136,14.024],[101.313,14.0245],[101.3128,14.0272],[101.3133,14.0272],[101.3133,14.028],[101.312,14.0283]]]}},{"type":"Feature","properties":{"kind":"flood","area_km2":0.189,"conf":"low","date":"2026-10-09"},"geometry":{"type":"Polygon","coordinates":[[[101.0021,14.0273],[101.002,14.0229],[101.0015,14.0224],[101.0015,14.0194],[101.0026,14.0194],[101.0025,14.0154],[101.0036,14.0153],[101.0037,14.021],[101.0032,14.0232],[101.0032,14.0265],[101.0029,14.0273],[101.0021,14.0273]]]}},{"type":"Feature","properties":{"kind":"flood","area_km2":0.184,"conf":"low","date":"2026-10-09"},"geometry":{"type":"Polygon","coordinates":[[[101.0078,14.1124],[101.0067,14.1108],[101.0059,14.1108],[101.0047,14.1097],[101.0047,14.1083],[101.0061,14.1086],[101.0061,14.108],[101.005,14.1062],[101.005,14.1051],[101.0044,14.1048],[101.0044,14.1034],[101.0052,14.1034],[101.0053,14.1043],[101.0058,14.1043],[101.0061,14.1053],[101.0067,14.1056],[101.0067,14.1064],[101.0072,14.1067],[101.0078,14.1088],[101.0072,14.1088],[101.007,14.1097],[101.0078,14.1105],[101.0084,14.1105],[101.0086,14.1115],[101.0092,14.1115],[101.0092,14.1124],[101.0078,14.1124]]]}},{"type":"Feature","properties":{"kind":"flood","area_km2":0.179,"conf":"low","date":"2026-10-09"},"geometry":{"type":"Polygon","coordinates":[[[101.0622,14.0997],[101.0613,14.0986],[101.0608,14.0986],[101.0602,14.097],[101.0596,14.097],[101.0596,14.0962],[101.0607,14.0951],[101.0618,14.0951],[101.0649,14.0983],[101.0649,14.0997],[101.0622,14.0997]]]}},{"type":"Feature","properties":{"kind":"flood","area_km2":0.178,"conf":"low","date":"2026-10-09"},"geometry":{"type":"Polygon","coordinates":[[[101.5336,14.0879],[101.5333,14.0863],[101.535,14.0863],[101.5349,14.0846],[101.5336,14.0844],[101.5333,14.0849],[101.5322,14.0849],[101.5319,14.0838],[101.5324,14.0838],[101.533,14.0828],[101.5358,14.0822],[101.5363,14.0827],[101.5361,14.0846],[101.5369,14.0851],[101.5369,14.0862],[101.5361,14.0871],[101.5353,14.0871],[101.5347,14.0879],[101.5336,14.0879]]]}},{"type":"Feature","properties":{"kind":"flood","area_km2":0.177,"conf":"low","date":"2026-10-09"},"geometry":{"type":"Polygon","coordinates":[[[101.3307,14.0672],[101.3307,14.0664],[101.329,14.0656],[101.3287,14.0642],[101.3281,14.0642],[101.3273,14.065],[101.3273,14.0656],[101.3259,14.0656],[101.3254,14.0651],[101.3256,14.0632],[101.3279,14.0631],[101.3298,14.0637],[101.3301,14.0642],[101.3312,14.0639],[101.3312,14.0634],[101.332,14.0634],[101.3321,14.0669],[101.3307,14.0672]],[[101.3301,14.0656],[101.3307,14.0655],[101.3307,14.065],[101.3301,14.065],[101.3301,14.0656]]]}},{"type":"Feature","properties":{"kind":"flood","area_km2":0.176,"conf":"high","date":"2026-10-04"},"geometry":{"type":"Polygon","coordinates":[[[101.7671,14.062],[101.767,14.0604],[101.7665,14.0604],[101.7665,14.0612],[101.7651,14.0612],[101.7654,14.0601],[101.764,14.0593],[101.764,14.0585],[101.7648,14.0585],[101.7645,14.0569],[101.7659,14.0569],[101.7665,14.0577],[101.7687,14.0577],[101.7687,14.0585],[101.7681,14.0588],[101.7684,14.062],[101.7671,14.062]]]}},{"type":"Feature","properties":{"kind":"flood","area_km2":0.175,"conf":"low","date":"2026-10-09"},"geometry":{"type":"Polygon","coordinates":[[[101.4307,14.0697],[101.4276,14.0695],[101.4276,14.0684],[101.4301,14.0665],[101.4301,14.0657],[101.432,14.0654],[101.4323,14.0678],[101.4329,14.0681],[101.4329,14.0689],[101.4307,14.0697]]]}},{"type":"Feature","properties":{"kind":"flood","area_km2":0.175,"conf":"high","date":"2026-10-09"},"geometry":{"type":"Polygon","coordinates":[[[101.3048,14.0026],[101.3003,13.9989],[101.2997,13.9973],[101.3033,13.9972],[101.3034,14.0002],[101.3053,14.0002],[101.3064,14.0007],[101.3061,14.0024],[101.3048,14.0026]]]}},{"type":"Feature","properties":{"kind":"flood","area_km2":0.174,"conf":"low","date":"2026-10-09"},"geometry":{"type":"Polygon","coordinates":[[[101.552,14.0208],[101.5517,14.0189],[101.5528,14.0172],[101.5528,14.0156],[101.5533,14.0151],[101.5533,14.0142],[101.5522,14.0137],[101.5522,14.0129],[101.5544,14.0129],[101.5544,14.0134],[101.555,14.0134],[101.5544,14.0153],[101.5558,14.015],[101.5558,14.0156],[101.5553,14.0156],[101.5548,14.0175],[101.5531,14.0188],[101.5531,14.0207],[101.552,14.0208]]]}},{"type":"Feature","properties":{"kind":"flood","area_km2":0.17,"conf":"low","date":"2026-10-09"},"geometry":{"type":"Polygon","coordinates":[[[101.1123,14.0605],[101.1123,14.0594],[101.1134,14.0586],[101.1126,14.0586],[101.1126,14.0578],[101.1131,14.0572],[101.1123,14.0573],[101.112,14.0548],[101.1131,14.0548],[101.1137,14.057],[101.1154,14.0567],[101.1154,14.0575],[101.1162,14.0575],[101.1168,14.0594],[101.1157,14.0599],[101.1143,14.0599],[101.1137,14.0605],[101.1123,14.0605]],[[101.1137,14.0583],[101.114,14.0586],[101.114,14.0583],[101.1137,14.0583]],[[101.1148,14.058],[101.1154,14.058],[101.1154,14.0575],[101.1148,14.0575],[101.1148,14.058]],[[101.1131,14.057],[101.1134,14.0572],[101.1134,14.057],[101.1131,14.057]]]}},{"type":"Feature","properties":{"kind":"flood","area_km2":0.17,"conf":"low","date":"2026-10-09"},"geometry":{"type":"Polygon","coordinates":[[[101.1825,14.02],[101.1803,14.0198],[101.1803,14.0173],[101.1808,14.016],[101.1802,14.0133],[101.1827,14.013],[101.1819,14.0173],[101.183,14.0176],[101.183,14.0189],[101.1825,14.0192],[101.1825,14.02]]]}},{"type":"Feature","properties":{"kind":"flood","area_km2":0.169,"conf":"low","date":"2026-10-09"},"geometry":{"type":"Polygon","coordinates":[[[101.1059,14.1473],[101.1059,14.1462],[101.107,14.1459],[101.107,14.1454],[101.1065,14.1454],[101.1067,14.1432],[101.1075,14.1427],[101.1087,14.1427],[101.1087,14.1443],[101.1101,14.1446],[101.1109,14.1456],[101.1109,14.1465],[101.1095,14.147],[101.1059,14.1473]],[[101.1073,14.1443],[101.1078,14.1446],[101.1078,14.1443],[101.1073,14.1443]]]}},{"type":"Feature","properties":{"kind":"flood","area_km2":0.167,"conf":"low","date":"2026-10-09"},"geometry":{"type":"Polygon","coordinates":[[[101.0751,14.2072],[101.0745,14.2051],[101.0753,14.2051],[101.0756,14.2045],[101.0773,14.2045],[101.0773,14.204],[101.0767,14.204],[101.0767,14.2031],[101.0784,14.2029],[101.0784,14.2039],[101.0792,14.2042],[101.0787,14.2058],[101.0803,14.2061],[101.0804,14.2069],[101.0784,14.2072],[101.0778,14.2067],[101.0767,14.2067],[101.0762,14.2072],[101.0751,14.2072]]]}},{"type":"Feature","properties":{"kind":"flood","area_km2":0.167,"conf":"low","date":"2026-10-09"},"geometry":{"type":"Polygon","coordinates":[[[101.0612,14.1534],[101.0612,14.1523],[101.0607,14.1523],[101.0607,14.1515],[101.0615,14.1507],[101.0615,14.1501],[101.0604,14.1507],[101.0604,14.1515],[101.0596,14.1515],[101.0596,14.1507],[101.0601,14.1507],[101.0601,14.1499],[101.0607,14.1499],[101.0607,14.1493],[101.0615,14.1493],[101.0618,14.1499],[101.0623,14.1496],[101.0626,14.1485],[101.0637,14.1485],[101.0634,14.1477],[101.0626,14.1477],[101.0626,14.1466],[101.0631,14.1463],[101.0631,14.1458],[101.064,14.1458],[101.0651,14.1469],[101.0651,14.1482],[101.0637,14.1496],[101.0637,14.1501],[101.0626,14.1501],[101.0629,14.1512],[101.0612,14.1534]]]}},{"type":"Feature","properties":{"kind":"flood","area_km2":0.167,"conf":"low","date":"2026-10-09"},"geometry":{"type":"Polygon","coordinates":[[[101.3382,14.0655],[101.3379,14.0639],[101.3359,14.0633],[101.3359,14.0625],[101.3378,14.0614],[101.3378,14.0595],[101.3387,14.0595],[101.3389,14.0571],[101.3406,14.057],[101.3409,14.0589],[101.3398,14.059],[101.3395,14.0603],[101.3389,14.0609],[101.339,14.0622],[101.3398,14.0625],[101.3398,14.0633],[101.3381,14.063],[101.3381,14.0644],[101.3395,14.0644],[101.3398,14.0638],[101.3398,14.0646],[101.339,14.0647],[101.339,14.0655],[101.3382,14.0655]]]}},{"type":"Feature","properties":{"kind":"flood","area_km2":0.167,"conf":"low","date":"2026-10-09"},"geometry":{"type":"Polygon","coordinates":[[[101.1976,14.0573],[101.1976,14.056],[101.1959,14.0557],[101.1953,14.0552],[101.1953,14.0543],[101.1959,14.0543],[101.1961,14.0538],[101.1962,14.0549],[101.1975,14.0549],[101.1975,14.0535],[101.1981,14.0535],[101.1981,14.0543],[101.1987,14.0543],[101.1989,14.0535],[101.2003,14.0535],[101.2,14.0521],[101.2006,14.0519],[101.2006,14.0508],[101.2011,14.0502],[101.2011,14.0521],[101.2022,14.0521],[101.2025,14.0529],[101.2025,14.0537],[101.2014,14.0537],[101.202,14.054],[101.202,14.0551],[101.2006,14.0557],[101.2006,14.0546],[101.1989,14.0546],[101.1989,14.0554],[101.1984,14.0554],[101.1981,14.0559],[101.1981,14.0573],[101.1976,14.0573]]]}},{"type":"Feature","properties":{"kind":"flood","area_km2":0.167,"conf":"low","date":"2026-10-09"},"geometry":{"type":"Polygon","coordinates":[[[101.0041,14.1964],[101.0038,14.1935],[101.0052,14.1935],[101.0049,14.1918],[101.0057,14.191],[101.0066,14.191],[101.0068,14.1896],[101.0074,14.1902],[101.0074,14.1913],[101.0082,14.1915],[101.0082,14.1923],[101.0074,14.1934],[101.0069,14.1934],[101.0069,14.1945],[101.0049,14.1964],[101.0041,14.1964]],[[101.0041,14.1945],[101.0044,14.1948],[101.0044,14.1945],[101.0041,14.1945]],[[101.0058,14.1934],[101.006,14.1937],[101.006,14.1934],[101.0058,14.1934]],[[101.0063,14.1929],[101.0066,14.1932],[101.0066,14.1929],[101.0063,14.1929]]]}},{"type":"Feature","properties":{"kind":"flood","area_km2":0.166,"conf":"low","date":"2026-10-09"},"geometry":{"type":"Polygon","coordinates":[[[101.3203,14.0551],[101.32,14.054],[101.3208,14.0537],[101.3208,14.0526],[101.3203,14.0524],[101.3197,14.0529],[101.3189,14.0529],[101.3189,14.0521],[101.3205,14.0515],[101.3211,14.0505],[101.3238,14.0507],[101.3242,14.0534],[101.323,14.054],[101.3214,14.0537],[101.3217,14.0551],[101.3203,14.0551]]]}},{"type":"Feature","properties":{"kind":"flood","area_km2":0.166,"conf":"low","date":"2026-10-09"},"geometry":{"type":"Polygon","coordinates":[[[101.109,14.0307],[101.109,14.0296],[101.1098,14.0296],[101.1098,14.0291],[101.1112,14.0283],[101.1096,14.0283],[101.1101,14.0261],[101.1118,14.0266],[101.1118,14.0261],[101.1112,14.0261],[101.1112,14.025],[101.1134,14.025],[101.1134,14.0255],[101.1129,14.0255],[101.1129,14.0263],[101.1134,14.0263],[101.1134,14.0269],[101.1145,14.0274],[101.1145,14.0282],[101.114,14.0282],[101.1137,14.0288],[101.1123,14.0288],[101.1121,14.0293],[101.1109,14.0293],[101.1107,14.0299],[101.1098,14.0299],[101.1096,14.0307],[101.109,14.0307]],[[101.1126,14.0277],[101.1132,14.0277],[101.1134,14.0272],[101.1126,14.0272],[101.1126,14.0277]]]}},{"type":"Feature","properties":{"kind":"flood","area_km2":0.166,"conf":"low","date":"2026-10-09"},"geometry":{"type":"Polygon","coordinates":[[[101.2777,14.0164],[101.2777,14.0154],[101.281,14.0153],[101.281,14.0148],[101.278,14.0151],[101.2782,14.0132],[101.279,14.0121],[101.2799,14.0121],[101.2807,14.0137],[101.2821,14.0137],[101.2821,14.0132],[101.2832,14.0134],[101.2832,14.0145],[101.2818,14.0145],[101.2821,14.0156],[101.2816,14.0164],[101.2777,14.0164]]]}},{"type":"Feature","properties":{"kind":"flood","area_km2":0.165,"conf":"low","date":"2026-10-09"},"geometry":{"type":"Polygon","coordinates":[[[101.2654,14.0916],[101.2656,14.0881],[101.2704,14.0886],[101.2709,14.0878],[101.2717,14.0889],[101.2723,14.0889],[101.272,14.0905],[101.2701,14.0908],[101.269,14.0903],[101.2692,14.0889],[101.2687,14.0889],[101.267,14.09],[101.2662,14.0916],[101.2654,14.0916]]]}},{"type":"Feature","properties":{"kind":"flood","area_km2":0.163,"conf":"low","date":"2026-10-09"},"geometry":{"type":"Polygon","coordinates":[[[101.0366,14.1029],[101.0363,14.1024],[101.033,14.1013],[101.033,14.1005],[101.0338,14.0994],[101.0352,14.0994],[101.0352,14.0989],[101.0363,14.0988],[101.0363,14.0997],[101.0355,14.0997],[101.0355,14.1002],[101.0369,14.1005],[101.0369,14.0999],[101.0377,14.0999],[101.0383,14.1002],[101.0383,14.1015],[101.0397,14.1013],[101.0397,14.1021],[101.0372,14.1024],[101.0372,14.1029],[101.0366,14.1029]]]}},{"type":"Feature","properties":{"kind":"flood","area_km2":0.162,"conf":"low","date":"2026-10-09"},"geometry":{"type":"Polygon","coordinates":[[[101.3309,14.0384],[101.329,14.0382],[101.3284,14.0374],[101.3276,14.0371],[101.3257,14.0374],[101.3256,14.036],[101.3268,14.036],[101.3267,14.0352],[101.3276,14.0344],[101.3295,14.0341],[101.3295,14.0357],[101.3312,14.0365],[101.3309,14.0384]]]}},{"type":"Feature","properties":{"kind":"flood","area_km2":0.16,"conf":"low","date":"2026-10-09"},"geometry":{"type":"Polygon","coordinates":[[[101.5023,14.0717],[101.5018,14.0706],[101.5001,14.0704],[101.5001,14.0693],[101.5006,14.0687],[101.5017,14.0687],[101.5023,14.0676],[101.5045,14.0673],[101.5048,14.0684],[101.5042,14.0687],[101.5042,14.07],[101.5048,14.07],[101.5048,14.0708],[101.5037,14.0711],[101.5034,14.0717],[101.5023,14.0717]]]}},{"type":"Feature","properties":{"kind":"flood","area_km2":0.16,"conf":"low","date":"2026-10-09"},"geometry":{"type":"Polygon","coordinates":[[[101.3523,14.0683],[101.3515,14.0637],[101.352,14.0621],[101.3515,14.0621],[101.3514,14.061],[101.352,14.0605],[101.3528,14.0605],[101.3528,14.0615],[101.3523,14.0621],[101.3534,14.0621],[101.3534,14.064],[101.3526,14.0642],[101.3534,14.0642],[101.3534,14.0648],[101.3545,14.0653],[101.3545,14.0664],[101.3537,14.0669],[101.3532,14.0683],[101.3523,14.0683]]]}},{"type":"Feature","properties":{"kind":"flood","area_km2":0.16,"conf":"low","date":"2026-10-09"},"geometry":{"type":"Polygon","coordinates":[[[101.0798,14.0272],[101.0793,14.025],[101.0784,14.0247],[101.0781,14.0237],[101.0776,14.0234],[101.0778,14.022],[101.0784,14.0215],[101.0792,14.0215],[101.0801,14.0231],[101.0806,14.0234],[101.0804,14.0245],[101.0809,14.0245],[101.0809,14.0236],[101.0815,14.0236],[101.0815,14.0231],[101.0834,14.0231],[101.0834,14.0239],[101.0817,14.0242],[101.0818,14.0253],[101.0804,14.0261],[101.0807,14.0272],[101.0798,14.0272]]]}},{"type":"Feature","properties":{"kind":"flood","area_km2":0.159,"conf":"low","date":"2026-10-04"},"geometry":{"type":"Polygon","coordinates":[[[101.7535,14.0161],[101.7515,14.0159],[101.7515,14.015],[101.7521,14.0148],[101.7515,14.0121],[101.7526,14.0121],[101.7534,14.0126],[101.7534,14.012],[101.7529,14.0121],[101.7528,14.0107],[101.7531,14.0102],[101.7545,14.0101],[101.7542,14.0115],[101.7545,14.0128],[101.7551,14.0128],[101.7551,14.0139],[101.7548,14.0145],[101.7535,14.015],[101.7535,14.0161]]]}},{"type":"Feature","properties":{"kind":"flood","area_km2":0.158,"conf":"low","date":"2026-10-09"},"geometry":{"type":"Polygon","coordinates":[[[101.0675,14.0473],[101.0675,14.0468],[101.0667,14.0465],[101.0667,14.0457],[101.0661,14.0457],[101.0661,14.0449],[101.0653,14.0446],[101.0653,14.0436],[101.0647,14.0436],[101.0639,14.0428],[101.0639,14.0417],[101.0633,14.0414],[101.0633,14.0409],[101.0638,14.0409],[101.0638,14.0401],[101.0647,14.0417],[101.0672,14.0416],[101.0672,14.043],[101.0666,14.0427],[101.0666,14.0433],[101.0672,14.0433],[101.0672,14.0444],[101.0686,14.046],[101.0683,14.0473],[101.0675,14.0473]],[[101.0661,14.0425],[101.0666,14.0425],[101.0666,14.0419],[101.0661,14.0419],[101.0661,14.0425]]]}},{"type":"Feature","properties":{"kind":"flood","area_km2":0.158,"conf":"low","date":"2026-10-09"},"geometry":{"type":"Polygon","coordinates":[[[101.0849,14.2166],[101.0846,14.2136],[101.0857,14.2134],[101.0857,14.2128],[101.0862,14.2125],[101.0879,14.2125],[101.0887,14.2133],[101.0888,14.2139],[101.0893,14.2139],[101.0893,14.212],[101.0904,14.2122],[101.0901,14.2147],[101.089,14.2152],[101.0877,14.2152],[101.0879,14.2139],[101.086,14.2136],[101.086,14.2147],[101.0865,14.2147],[101.0866,14.2166],[101.0849,14.2166]]]}},{"type":"Feature","properties":{"kind":"flood","area_km2":0.158,"conf":"low","date":"2026-10-09"},"geometry":{"type":"Polygon","coordinates":[[[101.0496,14.067],[101.0466,14.067],[101.0463,14.0665],[101.0449,14.0665],[101.0446,14.066],[101.0424,14.0654],[101.0416,14.0655],[101.0419,14.0668],[101.0413,14.0668],[101.0408,14.0665],[101.0407,14.0652],[101.0396,14.0649],[101.0396,14.0644],[101.0452,14.0649],[101.0455,14.0654],[101.0468,14.0654],[101.0471,14.0659],[101.048,14.0654],[101.0493,14.0654],[101.0496,14.067]]]}},{"type":"Feature","properties":{"kind":"flood","area_km2":0.157,"conf":"high","date":"2026-10-09"},"geometry":{"type":"Polygon","coordinates":[[[101.3796,14.0493],[101.3794,14.0483],[101.3788,14.048],[101.3788,14.0453],[101.3777,14.0458],[101.3777,14.0467],[101.3766,14.0467],[101.3765,14.0448],[101.3774,14.0442],[101.3771,14.0431],[101.3779,14.0431],[101.379,14.0445],[101.3804,14.0447],[101.381,14.0453],[101.381,14.0461],[101.3804,14.0464],[101.3805,14.0493],[101.3796,14.0493]]]}},{"type":"Feature","properties":{"kind":"flood","area_km2":0.155,"conf":"low","date":"2026-10-09"},"geometry":{"type":"Polygon","coordinates":[[[101.0959,14.055],[101.0959,14.0539],[101.0951,14.0536],[101.0953,14.0523],[101.0937,14.0523],[101.0937,14.0515],[101.0948,14.0509],[101.0948,14.0501],[101.0939,14.0498],[101.0939,14.0487],[101.0945,14.0485],[101.0956,14.0485],[101.0959,14.0501],[101.0973,14.0501],[101.0973,14.0517],[101.0964,14.0517],[101.0962,14.0536],[101.0978,14.0533],[101.0978,14.0544],[101.0959,14.055]]]}},{"type":"Feature","properties":{"kind":"flood","area_km2":0.154,"conf":"low","date":"2026-10-09"},"geometry":{"type":"Polygon","coordinates":[[[101.0829,14.0599],[101.0823,14.0591],[101.0823,14.0581],[101.0843,14.0583],[101.0843,14.0578],[101.0851,14.0578],[101.0851,14.0583],[101.0859,14.0583],[101.0859,14.0569],[101.089,14.0569],[101.089,14.0577],[101.0884,14.0577],[101.0884,14.0583],[101.0893,14.0583],[101.0893,14.0591],[101.086,14.0594],[101.086,14.0599],[101.0846,14.0597],[101.0848,14.0591],[101.0837,14.0591],[101.0837,14.0597],[101.0843,14.0599],[101.0829,14.0599]]]}},{"type":"Feature","properties":{"kind":"flood","area_km2":0.154,"conf":"low","date":"2026-10-09"},"geometry":{"type":"Polygon","coordinates":[[[101.3139,14.0524],[101.3133,14.0516],[101.3133,14.0505],[101.3144,14.0505],[101.3138,14.0503],[101.3138,14.0481],[101.3152,14.0478],[101.3155,14.047],[101.3171,14.047],[101.3177,14.0464],[101.3185,14.0464],[101.3185,14.0475],[101.3172,14.0475],[101.3163,14.0486],[101.3149,14.0489],[101.315,14.0502],[101.3158,14.0511],[101.3172,14.0508],[101.3172,14.0516],[101.3164,14.0524],[101.3139,14.0524]]]}},{"type":"Feature","properties":{"kind":"flood","area_km2":0.152,"conf":"low","date":"2026-10-09"},"geometry":{"type":"Polygon","coordinates":[[[101.0227,14.9291],[101.0222,14.9283],[101.0199,14.9285],[101.0199,14.9272],[101.0194,14.9272],[101.0188,14.9264],[101.0188,14.925],[101.0194,14.925],[101.0193,14.9239],[101.026,14.9239],[101.021,14.9245],[101.021,14.9264],[101.0219,14.9272],[101.0219,14.9277],[101.0244,14.928],[101.0233,14.9282],[101.0227,14.9291]]]}},{"type":"Feature","properties":{"kind":"flood","area_km2":0.152,"conf":"low","date":"2026-10-09"},"geometry":{"type":"Polygon","coordinates":[[[101.062,14.21],[101.0615,14.2092],[101.0595,14.209],[101.0595,14.2074],[101.0612,14.2071],[101.0615,14.2079],[101.0629,14.2079],[101.0634,14.2081],[101.0634,14.2087],[101.0645,14.2087],[101.0653,14.2073],[101.0662,14.2073],[101.0673,14.2084],[101.0673,14.2092],[101.0648,14.2092],[101.064,14.2098],[101.062,14.21]]]}},{"type":"Feature","properties":{"kind":"flood","area_km2":0.152,"conf":"low","date":"2026-10-09"},"geometry":{"type":"Polygon","coordinates":[[[100.9954,14.19],[100.9952,14.1889],[100.9957,14.1889],[100.9965,14.1881],[100.9971,14.1865],[100.9979,14.1859],[100.9971,14.1846],[100.997,14.1821],[100.9976,14.1816],[100.999,14.1816],[100.999,14.1827],[100.9995,14.1827],[100.9996,14.1843],[100.999,14.184],[100.9993,14.1829],[100.9984,14.1829],[100.9982,14.1851],[100.9993,14.1851],[100.9993,14.1856],[100.9982,14.187],[100.9979,14.1881],[100.9974,14.1884],[100.9974,14.1889],[100.9968,14.1892],[100.9968,14.1897],[100.9954,14.19]]]}},{"type":"Feature","properties":{"kind":"flood","area_km2":0.152,"conf":"high","date":"2026-10-09"},"geometry":{"type":"Polygon","coordinates":[[[101.4021,14.0163],[101.4007,14.015],[101.4006,14.0134],[101.3995,14.0123],[101.3995,14.0115],[101.4006,14.0112],[101.4009,14.0106],[101.4023,14.0109],[101.4023,14.012],[101.4017,14.012],[101.4017,14.0128],[101.4031,14.0131],[101.4031,14.0139],[101.4023,14.0139],[101.4023,14.0144],[101.404,14.0147],[101.4037,14.0158],[101.4021,14.0163]]]}},{"type":"Feature","properties":{"kind":"flood","area_km2":0.151,"conf":"low","date":"2026-10-09"},"geometry":{"type":"Polygon","coordinates":[[[101.4995,14.0644],[101.4995,14.0639],[101.4989,14.0636],[101.4989,14.0628],[101.4994,14.0625],[101.4991,14.0603],[101.4997,14.0598],[101.5005,14.0598],[101.5014,14.0609],[101.5028,14.0606],[101.5033,14.0611],[101.5033,14.0619],[101.5009,14.0641],[101.4995,14.0644]]]}},{"type":"Feature","properties":{"kind":"flood","area_km2":0.15,"conf":"low","date":"2026-10-09"},"geometry":{"type":"Polygon","coordinates":[[[101.3188,14.019],[101.3182,14.0188],[101.3182,14.0174],[101.3168,14.0174],[101.3185,14.0169],[101.3188,14.0152],[101.3204,14.0152],[101.3207,14.0158],[101.3218,14.0158],[101.3218,14.0166],[101.3235,14.0168],[101.323,14.0185],[101.3216,14.0185],[101.321,14.0179],[101.3213,14.0166],[101.3207,14.0171],[101.3196,14.0171],[101.3196,14.0177],[101.3205,14.0177],[101.3205,14.0185],[101.3188,14.019]],[[101.3185,14.0177],[101.3188,14.018],[101.3188,14.0177],[101.3185,14.0177]]]}},{"type":"Feature","properties":{"kind":"flood","area_km2":0.15,"conf":"high","date":"2026-10-09"},"geometry":{"type":"Polygon","coordinates":[[[101.2535,14.0113],[101.2526,14.0104],[101.2526,14.0096],[101.2532,14.0096],[101.2532,14.0085],[101.2535,14.0094],[101.2549,14.0093],[101.2548,14.008],[101.2529,14.008],[101.2529,14.0072],[101.2532,14.0066],[101.2557,14.0069],[101.2551,14.0085],[101.256,14.0091],[101.2574,14.009],[101.2574,14.0107],[101.2563,14.0107],[101.2563,14.0112],[101.2535,14.0113]]]}},{"type":"Feature","properties":{"kind":"flood","area_km2":0.149,"conf":"low","date":"2026-10-09"},"geometry":{"type":"Polygon","coordinates":[[[101.0224,14.1852],[101.0223,14.1838],[101.0209,14.183],[101.0218,14.1825],[101.0215,14.1811],[101.0209,14.1811],[101.0209,14.1803],[101.0204,14.1803],[101.0204,14.1798],[101.0198,14.1798],[101.0201,14.1803],[101.0193,14.1806],[101.019,14.1792],[101.0201,14.1792],[101.0201,14.1787],[101.0212,14.1792],[101.0217,14.1784],[101.0228,14.1781],[101.0234,14.1784],[101.0234,14.1789],[101.0231,14.1787],[101.0226,14.1789],[101.0243,14.1795],[101.0234,14.1795],[101.0234,14.18],[101.0223,14.18],[101.0226,14.1819],[101.0232,14.1822],[101.0232,14.1827],[101.0237,14.1827],[101.0237,14.1838],[101.0229,14.1841],[101.0224,14.1852]]]}},{"type":"Feature","properties":{"kind":"flood","area_km2":0.148,"conf":"low","date":"2026-10-09"},"geometry":{"type":"Polygon","coordinates":[[[101.0443,14.1508],[101.044,14.1497],[101.0445,14.1492],[101.0445,14.1478],[101.0417,14.1468],[101.0426,14.1462],[101.0448,14.1462],[101.0451,14.1454],[101.0442,14.1451],[101.0451,14.1451],[101.045,14.1438],[101.0456,14.143],[101.0462,14.143],[101.0464,14.1443],[101.0481,14.1446],[101.0467,14.1448],[101.0467,14.1459],[101.0462,14.1459],[101.0462,14.1465],[101.0456,14.1468],[101.0457,14.1489],[101.0468,14.1492],[101.0448,14.1492],[101.0448,14.1506],[101.0454,14.1508],[101.0443,14.1508]],[[101.0437,14.1473],[101.0448,14.1473],[101.0448,14.1465],[101.0437,14.1465],[101.0437,14.1473]]]}},{"type":"Feature","properties":{"kind":"flood","area_km2":0.147,"conf":"low","date":"2026-10-09"},"geometry":{"type":"Polygon","coordinates":[[[101.0963,14.1555],[101.0954,14.1536],[101.0921,14.1531],[101.0912,14.1523],[101.0915,14.1507],[101.0932,14.1509],[101.0932,14.1501],[101.0943,14.1499],[101.0946,14.1512],[101.094,14.1515],[101.0951,14.152],[101.0957,14.1536],[101.0968,14.1536],[101.0968,14.1542],[101.0974,14.1544],[101.0974,14.1555],[101.0963,14.1555]],[[101.0935,14.1509],[101.0937,14.1512],[101.0937,14.1509],[101.0935,14.1509]]]}},{"type":"Feature","properties":{"kind":"flood","area_km2":0.147,"conf":"low","date":"2026-10-04"},"geometry":{"type":"Polygon","coordinates":[[[101.7517,14.031],[101.7514,14.0286],[101.7525,14.0286],[101.7525,14.028],[101.7514,14.0283],[101.7514,14.027],[101.7519,14.027],[101.7519,14.0259],[101.7533,14.0259],[101.7539,14.0264],[101.7539,14.0275],[101.7533,14.028],[101.7547,14.028],[101.7547,14.0294],[101.7539,14.0294],[101.7539,14.0307],[101.7517,14.031]]]}},{"type":"Feature","properties":{"kind":"flood","area_km2":0.145,"conf":"low","date":"2026-10-09"},"geometry":{"type":"Polygon","coordinates":[[[101.0073,14.2471],[101.0071,14.246],[101.0059,14.2466],[101.0043,14.2463],[101.0045,14.2452],[101.0065,14.2447],[101.0062,14.2431],[101.0081,14.243],[101.0084,14.2439],[101.0104,14.2436],[101.0104,14.2446],[101.0082,14.2452],[101.0082,14.2471],[101.0073,14.2471]]]}},{"type":"Feature","properties":{"kind":"flood","area_km2":0.145,"conf":"low","date":"2026-10-04"},"geometry":{"type":"Polygon","coordinates":[[[101.769,14.0371],[101.7684,14.036],[101.7676,14.0368],[101.7668,14.0368],[101.7665,14.0363],[101.7662,14.0368],[101.7656,14.0366],[101.7656,14.0358],[101.7665,14.0355],[101.7656,14.0344],[101.7656,14.0333],[101.7684,14.0333],[101.7686,14.0322],[101.7695,14.0322],[101.7695,14.0338],[101.7687,14.0338],[101.7684,14.0349],[101.7701,14.036],[101.7701,14.0368],[101.769,14.0371]]]}},{"type":"Feature","properties":{"kind":"flood","area_km2":0.145,"conf":"high","date":"2026-10-09"},"geometry":{"type":"Polygon","coordinates":[[[101.0749,14.0047],[101.0743,14.0042],[101.0763,14.0039],[101.0763,14.0028],[101.0771,14.0028],[101.0771,14.0012],[101.0754,14.0012],[101.0749,14.0004],[101.0749,13.9993],[101.0774,13.9993],[101.0776,14.0006],[101.0788,14.0006],[101.0788,13.9998],[101.0796,13.9995],[101.0799,14.0014],[101.079,14.0014],[101.0779,14.0028],[101.0771,14.0031],[101.0771,14.0044],[101.0749,14.0047]]]}},{"type":"Feature","properties":{"kind":"flood","area_km2":0.144,"conf":"high","date":"2026-10-09"},"geometry":{"type":"Polygon","coordinates":[[[101.0253,14.013],[101.0255,14.0108],[101.0264,14.0103],[101.0258,14.01],[101.0261,14.007],[101.0277,14.0067],[101.0277,14.0078],[101.0286,14.0081],[101.0286,14.0092],[101.0278,14.0105],[101.0278,14.0119],[101.0264,14.0116],[101.0264,14.013],[101.0253,14.013]]]}},{"type":"Feature","properties":{"kind":"flood","area_km2":0.143,"conf":"low","date":"2026-10-09"},"geometry":{"type":"Polygon","coordinates":[[[101.2507,14.1525],[101.2504,14.1517],[101.2493,14.1517],[101.249,14.1512],[101.2485,14.1512],[101.2485,14.1501],[101.2496,14.1493],[101.2504,14.1493],[101.2504,14.1468],[101.2512,14.1468],[101.2512,14.1476],[101.2518,14.1476],[101.2521,14.1501],[101.2515,14.1501],[101.251,14.1509],[101.2526,14.1506],[101.2526,14.1517],[101.2515,14.1525],[101.2507,14.1525]],[[101.2504,14.1512],[101.2507,14.1514],[101.2507,14.1512],[101.2504,14.1512]],[[101.2507,14.1509],[101.251,14.1511],[101.251,14.1509],[101.2507,14.1509]]]}},{"type":"Feature","properties":{"kind":"flood","area_km2":0.142,"conf":"low","date":"2026-10-09"},"geometry":{"type":"Polygon","coordinates":[[[101.1251,14.1461],[101.1251,14.145],[101.1267,14.1444],[101.127,14.1439],[101.1298,14.1436],[101.1303,14.1428],[101.1337,14.1427],[101.1334,14.1438],[101.1312,14.1441],[101.1309,14.1452],[101.1292,14.1449],[101.1292,14.1444],[101.1287,14.1444],[101.1287,14.1458],[101.1279,14.1458],[101.1278,14.145],[101.1273,14.145],[101.1273,14.1455],[101.1251,14.1461]]]}},{"type":"Feature","properties":{"kind":"flood","area_km2":0.142,"conf":"high","date":"2026-10-09"},"geometry":{"type":"Polygon","coordinates":[[[101.4536,14.0581],[101.4516,14.0581],[101.4519,14.0573],[101.4514,14.057],[101.4513,14.0565],[101.4508,14.0565],[101.4505,14.0551],[101.4494,14.0552],[101.4497,14.0557],[101.448,14.056],[101.4483,14.0541],[101.4522,14.0538],[101.4527,14.0543],[101.4527,14.0551],[101.4516,14.0557],[101.4516,14.0565],[101.4522,14.0565],[101.4522,14.0559],[101.4533,14.0559],[101.4536,14.0581]],[[101.4513,14.0549],[101.4516,14.0551],[101.4516,14.0549],[101.4513,14.0549]],[[101.4497,14.0546],[101.4505,14.0549],[101.4505,14.0546],[101.4497,14.0546]],[[101.451,14.0543],[101.4516,14.0546],[101.4516,14.0543],[101.451,14.0543]]]}},{"type":"Feature","properties":{"kind":"flood","area_km2":0.142,"conf":"low","date":"2026-10-09"},"geometry":{"type":"Polygon","coordinates":[[[101.0283,14.0425],[101.0283,14.0417],[101.0289,14.0412],[101.0288,14.0393],[101.0297,14.039],[101.0296,14.0352],[101.0302,14.0344],[101.0313,14.0344],[101.0313,14.0376],[101.0311,14.0387],[101.03,14.039],[101.0302,14.0406],[101.0297,14.0425],[101.0283,14.0425]]]}},{"type":"Feature","properties":{"kind":"flood","area_km2":0.142,"conf":"high","date":"2026-10-09"},"geometry":{"type":"Polygon","coordinates":[[[101.3804,14.0171],[101.3801,14.0163],[101.379,14.0155],[101.379,14.0147],[101.3796,14.0144],[101.3795,14.0133],[101.3798,14.0128],[101.3804,14.0127],[101.3806,14.0114],[101.3815,14.0111],[101.3823,14.0154],[101.3818,14.0157],[101.3815,14.0171],[101.3804,14.0171]]]}},{"type":"Feature","properties":{"kind":"flood","area_km2":0.142,"conf":"low","date":"2026-10-09"},"geometry":{"type":"Polygon","coordinates":[[[101.7011,13.9966],[101.7013,13.9961],[101.6994,13.9961],[101.6985,13.9945],[101.7002,13.9942],[101.7013,13.9931],[101.703,13.9931],[101.7035,13.9936],[101.7038,13.995],[101.7052,13.9952],[101.7052,13.9961],[101.7047,13.9963],[101.7038,13.9963],[101.7038,13.9958],[101.7024,13.9955],[101.7016,13.9958],[101.7019,13.9966],[101.7011,13.9966]],[[101.6999,13.9956],[101.7011,13.9958],[101.701,13.9956],[101.6999,13.9956]],[[101.6997,13.9953],[101.6999,13.9956],[101.6999,13.9953],[101.6997,13.9953]],[[101.701,13.9953],[101.7016,13.9956],[101.7016,13.9953],[101.701,13.9953]],[[101.7016,13.995],[101.7022,13.9953],[101.7022,13.995],[101.7016,13.995]],[[101.7024,13.995],[101.7027,13.9953],[101.7027,13.995],[101.7024,13.995]],[[101.6991,13.9948],[101.6994,13.995],[101.6994,13.9948],[101.6991,13.9948]]]}},{"type":"Feature","properties":{"kind":"flood","area_km2":0.141,"conf":"low","date":"2026-10-09"},"geometry":{"type":"Polygon","coordinates":[[[101.1512,14.2071],[101.1493,14.2055],[101.149,14.2041],[101.1484,14.2039],[101.1484,14.2025],[101.1517,14.2033],[101.1517,14.2044],[101.1526,14.2044],[101.1526,14.2055],[101.152,14.2055],[101.1523,14.2068],[101.1512,14.2071]]]}},{"type":"Feature","properties":{"kind":"flood","area_km2":0.14,"conf":"low","date":"2026-10-04"},"geometry":{"type":"Polygon","coordinates":[[[101.7801,14.5171],[101.7801,14.5117],[101.7806,14.5101],[101.7814,14.5095],[101.7811,14.5084],[101.7823,14.5084],[101.7826,14.5103],[101.7817,14.5109],[101.7812,14.5128],[101.7818,14.516],[101.7807,14.5171],[101.7801,14.5171]]]}},{"type":"Feature","properties":{"kind":"flood","area_km2":0.14,"conf":"low","date":"2026-10-09"},"geometry":{"type":"Polygon","coordinates":[[[101.0259,14.0843],[101.0237,14.0838],[101.0226,14.083],[101.0215,14.083],[101.0214,14.0811],[101.0239,14.0811],[101.0239,14.0816],[101.0251,14.0819],[101.0251,14.0829],[101.0253,14.0824],[101.0273,14.0827],[101.027,14.084],[101.0259,14.0843]]]}},{"type":"Feature","properties":{"kind":"flood","area_km2":0.14,"conf":"low","date":"2026-10-09"},"geometry":{"type":"Polygon","coordinates":[[[100.9948,14.1504],[100.9948,14.1496],[100.9954,14.1493],[100.9956,14.1483],[100.9962,14.148],[100.9962,14.1474],[100.9967,14.1474],[100.997,14.1463],[100.9978,14.1458],[100.9978,14.1453],[100.9987,14.1447],[100.9987,14.1439],[100.9992,14.1439],[100.9995,14.1431],[100.9995,14.1461],[100.9981,14.1477],[100.9981,14.1485],[100.9968,14.1496],[100.9968,14.1501],[100.9948,14.1504]]]}},{"type":"Feature","properties":{"kind":"flood","area_km2":0.14,"conf":"low","date":"2026-10-09"},"geometry":{"type":"Polygon","coordinates":[[[101.3504,14.0648],[101.3468,14.0646],[101.3473,14.0624],[101.3484,14.0624],[101.3489,14.0618],[101.3487,14.0605],[101.3503,14.0605],[101.3501,14.0621],[101.3509,14.0629],[101.3509,14.064],[101.3504,14.0643],[101.3504,14.0648]]]}},{"type":"Feature","properties":{"kind":"flood","area_km2":0.139,"conf":"low","date":"2026-10-09"},"geometry":{"type":"Polygon","coordinates":[[[101.0067,14.1436],[101.0042,14.1419],[101.0042,14.1409],[101.0047,14.1406],[101.0047,14.1398],[101.0061,14.14],[101.0064,14.1389],[101.0069,14.1384],[101.0078,14.1384],[101.0078,14.1408],[101.0072,14.1408],[101.0075,14.1435],[101.0067,14.1436]]]}},{"type":"Feature","properties":{"kind":"flood","area_km2":0.139,"conf":"low","date":"2026-10-09"},"geometry":{"type":"Polygon","coordinates":[[[101.0205,14.0982],[101.0205,14.0965],[101.021,14.0965],[101.021,14.0957],[101.0202,14.0957],[101.0202,14.0949],[101.0193,14.0944],[101.0193,14.0933],[101.0199,14.0925],[101.0199,14.0914],[101.0204,14.0908],[101.0212,14.0908],[101.0218,14.0911],[101.0218,14.0922],[101.0215,14.0935],[101.021,14.0941],[101.021,14.0954],[101.0224,14.0957],[101.0224,14.0968],[101.0219,14.0979],[101.0205,14.0982]]]}},{"type":"Feature","properties":{"kind":"flood","area_km2":0.139,"conf":"low","date":"2026-10-09"},"geometry":{"type":"Polygon","coordinates":[[[101.0513,14.0046],[101.048,14.0047],[101.0482,14.0001],[101.049,14.0001],[101.0499,14.0009],[101.0504,14.0009],[101.0505,14.0044],[101.0513,14.0046]]]}},{"type":"Feature","properties":{"kind":"flood","area_km2":0.138,"conf":"low","date":"2026-10-09"},"geometry":{"type":"Polygon","coordinates":[[[101.0915,14.0902],[101.0912,14.0859],[101.092,14.0859],[101.0926,14.0867],[101.094,14.0867],[101.0943,14.0872],[101.0948,14.0872],[101.0948,14.0894],[101.0937,14.0894],[101.0932,14.0902],[101.0915,14.0902]]]}},{"type":"Feature","properties":{"kind":"flood","area_km2":0.138,"conf":"low","date":"2026-10-09"},"geometry":{"type":"Polygon","coordinates":[[[101.1355,14.0679],[101.1332,14.0676],[101.1324,14.0666],[101.1324,14.0647],[101.1332,14.0641],[101.1329,14.063],[101.1324,14.0628],[101.1326,14.0617],[101.1337,14.0617],[101.134,14.0638],[101.1352,14.0657],[101.1355,14.0679]],[[101.1335,14.0666],[101.1341,14.0666],[101.1341,14.066],[101.1335,14.066],[101.1335,14.0666]]]}},{"type":"Feature","properties":{"kind":"flood","area_km2":0.138,"conf":"low","date":"2026-10-09"},"geometry":{"type":"Polygon","coordinates":[[[101.1004,14.0612],[101.0998,14.0601],[101.1001,14.0584],[101.0996,14.0585],[101.0996,14.0593],[101.0987,14.0593],[101.0987,14.0587],[101.0976,14.0587],[101.0976,14.0579],[101.0979,14.0574],[101.0987,14.0574],[101.099,14.0566],[101.0998,14.0566],[101.0998,14.0574],[101.1018,14.0573],[101.1018,14.0563],[101.1029,14.0563],[101.1026,14.0584],[101.1007,14.0587],[101.1007,14.0595],[101.1015,14.0598],[101.1015,14.0609],[101.1004,14.0612]]]}},{"type":"Feature","properties":{"kind":"flood","area_km2":0.138,"conf":"low","date":"2026-10-09"},"geometry":{"type":"Polygon","coordinates":[[[101.2159,14.0531],[101.2161,14.0514],[101.2156,14.0509],[101.2147,14.0509],[101.2147,14.0498],[101.2161,14.0495],[101.2167,14.0501],[101.2167,14.0509],[101.2181,14.0512],[101.2186,14.0512],[101.2197,14.0501],[101.2219,14.05],[101.2219,14.0508],[101.2214,14.0514],[101.2192,14.0517],[101.2175,14.0525],[101.2172,14.0531],[101.2159,14.0531]]]}},{"type":"Feature","properties":{"kind":"flood","area_km2":0.138,"conf":"low","date":"2026-10-09"},"geometry":{"type":"Polygon","coordinates":[[[101.3881,14.0059],[101.3844,14.0038],[101.3844,14.0024],[101.385,14.0016],[101.3864,14.0018],[101.3866,14.0013],[101.3878,14.0013],[101.3875,14.004],[101.3881,14.004],[101.3889,14.0048],[101.3889,14.0059],[101.3881,14.0059]]]}},{"type":"Feature","properties":{"kind":"flood","area_km2":0.135,"conf":"high","date":"2026-10-09"},"geometry":{"type":"Polygon","coordinates":[[[101.4204,14.0479],[101.4188,14.0473],[101.4193,14.0473],[101.4193,14.0465],[101.4221,14.0465],[101.4221,14.0454],[101.4237,14.0451],[101.424,14.0435],[101.4246,14.0435],[101.4243,14.0451],[101.4271,14.0451],[101.4271,14.0456],[101.4251,14.0462],[101.4251,14.0467],[101.4257,14.047],[101.4271,14.0467],[101.4271,14.0472],[101.426,14.0473],[101.426,14.0478],[101.4249,14.0478],[101.4249,14.047],[101.421,14.047],[101.4204,14.0479]]]}},{"type":"Feature","properties":{"kind":"flood","area_km2":0.134,"conf":"low","date":"2026-10-09"},"geometry":{"type":"Polygon","coordinates":[[[101.5329,14.076],[101.5315,14.0752],[101.5315,14.0744],[101.5309,14.0738],[101.5309,14.073],[101.5318,14.0727],[101.532,14.0716],[101.5337,14.0716],[101.5334,14.0733],[101.534,14.0735],[101.534,14.0741],[101.5351,14.0741],[101.5351,14.0754],[101.5329,14.076]]]}},{"type":"Feature","properties":{"kind":"flood","area_km2":0.134,"conf":"low","date":"2026-10-09"},"geometry":{"type":"Polygon","coordinates":[[[101.0444,14.0047],[101.0441,14.0004],[101.0449,13.9995],[101.046,13.9995],[101.046,14.002],[101.0471,14.002],[101.0474,13.9995],[101.0474,14.0047],[101.0455,14.0042],[101.0452,14.0047],[101.0444,14.0047]],[[101.0449,14.0036],[101.046,14.0036],[101.046,14.0022],[101.0449,14.0025],[101.0449,14.0036]]]}},{"type":"Feature","properties":{"kind":"flood","area_km2":0.133,"conf":"low","date":"2026-10-09"},"geometry":{"type":"Polygon","coordinates":[[[101.0162,14.1814],[101.0156,14.1804],[101.0159,14.179],[101.0151,14.1793],[101.0151,14.1785],[101.0142,14.1785],[101.0142,14.1779],[101.0165,14.1774],[101.0162,14.176],[101.017,14.176],[101.0164,14.1757],[101.0164,14.1747],[101.0175,14.1746],[101.0195,14.1763],[101.0195,14.1773],[101.0178,14.1771],[101.0178,14.1763],[101.0167,14.1763],[101.0167,14.1776],[101.0173,14.1776],[101.0179,14.1787],[101.0167,14.1787],[101.017,14.1806],[101.0162,14.1814]]]}},{"type":"Feature","properties":{"kind":"flood","area_km2":0.133,"conf":"low","date":"2026-10-09"},"geometry":{"type":"Polygon","coordinates":[[[101.0887,14.0553],[101.0881,14.0537],[101.0873,14.0534],[101.087,14.0515],[101.0864,14.0515],[101.0867,14.0496],[101.0878,14.0499],[101.0881,14.0518],[101.0884,14.0504],[101.0906,14.0504],[101.0909,14.052],[101.0901,14.052],[101.09,14.0512],[101.0895,14.0512],[101.0898,14.0526],[101.0884,14.0526],[101.0887,14.0545],[101.0901,14.0545],[101.0903,14.0539],[101.0906,14.055],[101.0887,14.0553]]]}},{"type":"Feature","properties":{"kind":"flood","area_km2":0.133,"conf":"low","date":"2026-10-09"},"geometry":{"type":"Polygon","coordinates":[[[101.3329,14.0127],[101.3321,14.0121],[101.3323,14.0102],[101.3312,14.0102],[101.3309,14.0092],[101.3295,14.0094],[101.329,14.0089],[101.3281,14.0089],[101.3276,14.0084],[101.3276,14.0073],[101.3295,14.0073],[101.332,14.0086],[101.3326,14.0102],[101.3332,14.0102],[101.3332,14.011],[101.334,14.0116],[101.334,14.0127],[101.3329,14.0127]]]}},{"type":"Feature","properties":{"kind":"flood","area_km2":0.132,"conf":"high","date":"2026-10-09"},"geometry":{"type":"Polygon","coordinates":[[[101.4718,14.0002],[101.4715,13.9969],[101.4696,13.9967],[101.4696,13.9975],[101.4685,13.9975],[101.4685,13.997],[101.4679,13.9967],[101.4679,13.9956],[101.4693,13.9956],[101.4699,13.9961],[101.4701,13.9956],[101.4718,13.9956],[101.4724,13.9969],[101.4735,13.9956],[101.4738,13.9993],[101.4724,13.9994],[101.4724,13.9999],[101.4718,14.0002]],[[101.4682,13.9959],[101.4685,13.9961],[101.4685,13.9959],[101.4682,13.9959]]]}},{"type":"Feature","properties":{"kind":"flood","area_km2":0.131,"conf":"low","date":"2026-10-09"},"geometry":{"type":"Polygon","coordinates":[[[101.0264,14.1754],[101.0264,14.1746],[101.0284,14.1724],[101.0294,14.1702],[101.0297,14.1707],[101.0317,14.1707],[101.0306,14.1737],[101.03,14.1737],[101.0295,14.1748],[101.0287,14.1748],[101.0289,14.1737],[101.0284,14.1737],[101.0275,14.1754],[101.0264,14.1754]],[[101.0289,14.1735],[101.0298,14.1735],[101.03,14.1721],[101.0289,14.1726],[101.0289,14.1735]]]}},{"type":"Feature","properties":{"kind":"flood","area_km2":0.131,"conf":"low","date":"2026-10-09"},"geometry":{"type":"Polygon","coordinates":[[[101.0245,14.9421],[101.0237,14.9413],[101.0215,14.9415],[101.0214,14.9405],[101.0201,14.9405],[101.0206,14.9399],[101.0206,14.9386],[101.0217,14.938],[101.0217,14.9375],[101.0237,14.9388],[101.0237,14.9399],[101.0242,14.9399],[101.0242,14.9407],[101.0248,14.9404],[101.0251,14.9418],[101.0245,14.9421]]]}},{"type":"Feature","properties":{"kind":"flood","area_km2":0.131,"conf":"low","date":"2026-10-04"},"geometry":{"type":"Polygon","coordinates":[[[101.7642,14.0312],[101.7639,14.0282],[101.7666,14.0276],[101.7675,14.0262],[101.7683,14.0262],[101.7681,14.0295],[101.767,14.0298],[101.7667,14.029],[101.7661,14.029],[101.7661,14.0295],[101.7656,14.0295],[101.7656,14.0306],[101.765,14.0312],[101.7642,14.0312]]]}},{"type":"Feature","properties":{"kind":"flood","area_km2":0.13,"conf":"low","date":"2026-10-09"},"geometry":{"type":"Polygon","coordinates":[[[101.0009,14.21],[101.0003,14.2095],[101.0003,14.2081],[101.0012,14.2073],[101.0014,14.2062],[101.0017,14.2073],[101.0031,14.2073],[101.0031,14.2062],[101.0017,14.2057],[101.0023,14.2057],[101.0025,14.204],[101.0039,14.204],[101.0047,14.2048],[101.0048,14.2057],[101.0034,14.2057],[101.0037,14.2073],[101.0023,14.2078],[101.0023,14.2084],[101.0028,14.2084],[101.0028,14.2095],[101.0009,14.21]]]}},{"type":"Feature","properties":{"kind":"flood","area_km2":0.13,"conf":"low","date":"2026-10-09"},"geometry":{"type":"Polygon","coordinates":[[[101.5162,14.0992],[101.5148,14.0978],[101.5148,14.0954],[101.5159,14.0943],[101.517,14.0943],[101.517,14.0954],[101.5181,14.0954],[101.5181,14.0967],[101.5176,14.0967],[101.5179,14.0984],[101.5173,14.0984],[101.5171,14.0992],[101.5162,14.0992]],[[101.5159,14.0976],[101.5168,14.0976],[101.5165,14.0965],[101.5156,14.0968],[101.5159,14.0976]]]}},{"type":"Feature","properties":{"kind":"flood","area_km2":0.13,"conf":"low","date":"2026-10-09"},"geometry":{"type":"Polygon","coordinates":[[[101.0485,14.0323],[101.049,14.0253],[101.0495,14.0244],[101.0504,14.0244],[101.0504,14.0261],[101.0498,14.0266],[101.0504,14.0315],[101.0499,14.0323],[101.0485,14.0323]]]}},{"type":"Feature","properties":{"kind":"flood","area_km2":0.129,"conf":"low","date":"2026-10-09"},"geometry":{"type":"Polygon","coordinates":[[[101.0005,14.1935],[101.0002,14.1913],[101.001,14.1908],[101.0013,14.1897],[101.0027,14.1886],[101.0029,14.1878],[101.0038,14.1878],[101.0038,14.1883],[101.0046,14.1883],[101.0046,14.1888],[101.0057,14.1888],[101.0046,14.1899],[101.0046,14.1905],[101.0038,14.1908],[101.0035,14.1916],[101.0032,14.191],[101.0018,14.191],[101.0007,14.1924],[101.0005,14.1935]],[[101.0035,14.1902],[101.0041,14.1902],[101.0043,14.1897],[101.0038,14.1894],[101.0035,14.1902]]]}},{"type":"Feature","properties":{"kind":"flood","area_km2":0.129,"conf":"low","date":"2026-10-09"},"geometry":{"type":"Polygon","coordinates":[[[101.2326,14.0939],[101.2318,14.0936],[101.2315,14.0925],[101.2307,14.0925],[101.2307,14.0909],[101.2337,14.0909],[101.2337,14.0917],[101.2346,14.0917],[101.2346,14.0909],[101.2359,14.0908],[101.2359,14.0917],[101.2354,14.0919],[101.2351,14.093],[101.2326,14.0939]],[[101.2323,14.092],[101.2326,14.0922],[101.2326,14.092],[101.2323,14.092]]]}},{"type":"Feature","properties":{"kind":"flood","area_km2":0.127,"conf":"low","date":"2026-10-09"},"geometry":{"type":"Polygon","coordinates":[[[101.4499,13.9985],[101.4493,13.9958],[101.4543,13.9957],[101.4543,13.9966],[101.4552,13.9966],[101.4554,13.9957],[101.4554,13.9968],[101.456,13.9974],[101.4568,13.9973],[101.4557,13.9979],[101.4524,13.9974],[101.4518,13.9979],[101.4515,13.9969],[101.4502,13.9969],[101.4505,13.9985],[101.4499,13.9985]]]}},{"type":"Feature","properties":{"kind":"flood","area_km2":0.126,"conf":"high","date":"2026-10-09"},"geometry":{"type":"Polygon","coordinates":[[[101.4614,14.032],[101.4597,14.0315],[101.4599,14.0293],[101.4594,14.0288],[101.4569,14.0285],[101.4566,14.0269],[101.4588,14.0274],[101.4591,14.0282],[101.4605,14.0285],[101.4605,14.029],[101.4644,14.029],[101.4652,14.0295],[101.4652,14.0301],[101.4616,14.0304],[101.4616,14.0293],[101.4605,14.0293],[101.4602,14.0307],[101.4613,14.0309],[101.4614,14.032]]]}},{"type":"Feature","properties":{"kind":"flood","area_km2":0.126,"conf":"low","date":"2026-10-09"},"geometry":{"type":"Polygon","coordinates":[[[101.0621,14.0035],[101.0616,14.0024],[101.061,14.0024],[101.0604,14.0008],[101.0599,14.0005],[101.0599,13.9994],[101.0632,13.9994],[101.0638,14.0016],[101.0629,14.0024],[101.063,14.0035],[101.0621,14.0035]]]}},{"type":"Feature","properties":{"kind":"flood","area_km2":0.124,"conf":"low","date":"2026-10-09"},"geometry":{"type":"Polygon","coordinates":[[[101.2698,14.061],[101.2698,14.0593],[101.2687,14.0594],[101.2689,14.0588],[101.2673,14.0586],[101.2673,14.058],[101.2678,14.058],[101.2678,14.0572],[101.2687,14.0572],[101.2689,14.0577],[101.2695,14.0575],[101.2695,14.0569],[101.2681,14.0564],[101.2681,14.0553],[101.2706,14.055],[101.2706,14.0607],[101.2698,14.061]]]}},{"type":"Feature","properties":{"kind":"flood","area_km2":0.122,"conf":"low","date":"2026-10-09"},"geometry":{"type":"Polygon","coordinates":[[[101.0851,14.1507],[101.0843,14.147],[101.0837,14.147],[101.0834,14.1483],[101.0826,14.1483],[101.0826,14.1467],[101.0837,14.1467],[101.0837,14.1448],[101.0845,14.1448],[101.0848,14.1467],[101.0854,14.1467],[101.0856,14.1456],[101.087,14.1453],[101.087,14.1464],[101.0862,14.1464],[101.0862,14.1469],[101.0851,14.1475],[101.0859,14.1486],[101.086,14.1507],[101.0851,14.1507]]]}},{"type":"Feature","properties":{"kind":"flood","area_km2":0.121,"conf":"low","date":"2026-10-09"},"geometry":{"type":"Polygon","coordinates":[[[101.4165,14.0468],[101.4165,14.046],[101.4154,14.0455],[101.4149,14.0455],[101.4146,14.046],[101.4132,14.0458],[101.4132,14.0449],[101.4143,14.0447],[101.4143,14.0441],[101.4135,14.0441],[101.414,14.0422],[101.4151,14.0428],[101.4151,14.0438],[101.416,14.0447],[101.416,14.0452],[101.419,14.0452],[101.419,14.0462],[101.4174,14.0463],[101.4174,14.0468],[101.4165,14.0468]]]}},{"type":"Feature","properties":{"kind":"flood","area_km2":0.12,"conf":"low","date":"2026-10-09"},"geometry":{"type":"Polygon","coordinates":[[[101.0014,14.2027],[101.0011,14.2022],[101.0006,14.2022],[101.0005,14.2005],[101.0011,14.2003],[101.0011,14.1997],[101.003,14.2],[101.003,14.2016],[101.0036,14.2016],[101.0033,14.2002],[101.0047,14.2],[101.0047,14.2027],[101.0014,14.2027]]]}},{"type":"Feature","properties":{"kind":"flood","area_km2":0.119,"conf":"low","date":"2026-10-09"},"geometry":{"type":"Polygon","coordinates":[[[101.2113,14.0962],[101.2113,14.0957],[101.2093,14.0952],[101.2099,14.0932],[101.2104,14.0932],[101.2104,14.0927],[101.2099,14.0927],[101.2098,14.0919],[101.2104,14.0916],[101.2112,14.0916],[101.2112,14.093],[101.2129,14.0929],[101.2129,14.0943],[101.2115,14.094],[101.2115,14.0946],[101.2129,14.0954],[101.2129,14.0962],[101.2113,14.0962]]]}},{"type":"Feature","properties":{"kind":"flood","area_km2":0.119,"conf":"low","date":"2026-10-09"},"geometry":{"type":"Polygon","coordinates":[[[101.173,14.018],[101.173,14.0152],[101.1736,14.0147],[101.1736,14.0139],[101.1747,14.0136],[101.1755,14.0152],[101.1763,14.0155],[101.1764,14.0163],[101.1752,14.0163],[101.175,14.0179],[101.173,14.018]]]}},{"type":"Feature","properties":{"kind":"flood","area_km2":0.118,"conf":"low","date":"2026-10-09"},"geometry":{"type":"Polygon","coordinates":[[[101.0748,14.179],[101.074,14.1782],[101.074,14.1774],[101.0742,14.1769],[101.0754,14.1769],[101.0751,14.175],[101.0739,14.175],[101.0737,14.1761],[101.0731,14.1744],[101.0762,14.1747],[101.0773,14.1758],[101.0773,14.1766],[101.0762,14.1774],[101.0765,14.1785],[101.0759,14.179],[101.0748,14.179]]]}},{"type":"Feature","properties":{"kind":"flood","area_km2":0.118,"conf":"low","date":"2026-10-09"},"geometry":{"type":"Polygon","coordinates":[[[101.0088,14.069],[101.0085,14.0636],[101.0088,14.0622],[101.0102,14.0619],[101.0105,14.0635],[101.0096,14.0641],[101.0096,14.066],[101.0105,14.066],[101.0105,14.0668],[101.0102,14.0679],[101.0097,14.0682],[101.0097,14.069],[101.0088,14.069]]]}},{"type":"Feature","properties":{"kind":"flood","area_km2":0.118,"conf":"low","date":"2026-10-09"},"geometry":{"type":"Polygon","coordinates":[[[101.1136,14.0505],[101.1131,14.0499],[101.1133,14.0486],[101.1122,14.0472],[101.1122,14.0461],[101.113,14.0456],[101.1144,14.0456],[101.115,14.048],[101.1142,14.048],[101.1142,14.0491],[101.1156,14.0491],[101.1159,14.0502],[101.1136,14.0505]]]}},{"type":"Feature","properties":{"kind":"flood","area_km2":0.117,"conf":"low","date":"2026-10-09"},"geometry":{"type":"Polygon","coordinates":[[[101.1179,14.2155],[101.1177,14.2136],[101.1171,14.2136],[101.1171,14.2147],[101.1163,14.2147],[101.116,14.2123],[101.1165,14.212],[101.1165,14.2112],[101.1171,14.2107],[101.1187,14.2101],[101.1187,14.212],[101.1182,14.2125],[101.1188,14.2155],[101.1179,14.2155]]]}},{"type":"Feature","properties":{"kind":"flood","area_km2":0.117,"conf":"low","date":"2026-10-09"},"geometry":{"type":"Polygon","coordinates":[[[101.0821,14.0044],[101.0821,14.0019],[101.0813,14.0019],[101.081,14.0009],[101.0832,14.0008],[101.0832,14.0017],[101.0838,14.0017],[101.0838,14.0011],[101.0851,14.0011],[101.0849,14.0041],[101.0838,14.0041],[101.0838,14.0033],[101.0829,14.003],[101.083,14.0044],[101.0821,14.0044]]]}},{"type":"Feature","properties":{"kind":"flood","area_km2":0.115,"conf":"low","date":"2026-10-09"},"geometry":{"type":"Polygon","coordinates":[[[101.0,14.1089],[101.0003,14.104],[101.0016,14.104],[101.0022,14.1032],[101.0022,14.1021],[101.003,14.1021],[101.0036,14.1026],[101.0036,14.1035],[101.003,14.1037],[101.0025,14.1054],[101.0014,14.1065],[101.0011,14.1078],[101.0,14.1089]]]}},{"type":"Feature","properties":{"kind":"flood","area_km2":0.114,"conf":"low","date":"2026-10-09"},"geometry":{"type":"Polygon","coordinates":[[[101.0027,14.1016],[101.0002,14.1013],[101.0002,14.0932],[101.001,14.0932],[101.0007,14.0975],[101.0019,14.0999],[101.0027,14.1005],[101.0027,14.1016]]]}},{"type":"Feature","properties":{"kind":"flood","area_km2":0.113,"conf":"low","date":"2026-10-09"},"geometry":{"type":"Polygon","coordinates":[[[101.3023,14.0604],[101.3017,14.0593],[101.3003,14.0593],[101.3003,14.0588],[101.2989,14.0591],[101.2989,14.0583],[101.2998,14.0577],[101.3006,14.0577],[101.3006,14.0585],[101.3014,14.0585],[101.3014,14.0574],[101.3009,14.0574],[101.3009,14.0566],[101.3017,14.0558],[101.3028,14.0558],[101.3031,14.0566],[101.3026,14.059],[101.3034,14.059],[101.3034,14.0598],[101.3031,14.0604],[101.3023,14.0604]]]}},{"type":"Feature","properties":{"kind":"flood","area_km2":0.113,"conf":"low","date":"2026-10-09"},"geometry":{"type":"Polygon","coordinates":[[[101.5193,14.1016],[101.5174,14.1011],[101.5174,14.1003],[101.5179,14.1],[101.5179,14.0992],[101.5193,14.0992],[101.5193,14.0986],[101.5182,14.0984],[101.5184,14.0967],[101.5193,14.0967],[101.5193,14.0975],[101.5198,14.0981],[101.5207,14.0981],[101.521,14.0994],[101.5207,14.1005],[101.5196,14.1002],[101.5193,14.1016]]]}},{"type":"Feature","properties":{"kind":"flood","area_km2":0.113,"conf":"low","date":"2026-10-09"},"geometry":{"type":"Polygon","coordinates":[[[101.4578,14.0624],[101.4575,14.0608],[101.455,14.0611],[101.4553,14.06],[101.4567,14.06],[101.4564,14.0586],[101.4594,14.0588],[101.4589,14.0621],[101.4578,14.0624]]]}},{"type":"Feature","properties":{"kind":"flood","area_km2":0.112,"conf":"low","date":"2026-10-09"},"geometry":{"type":"Polygon","coordinates":[[[101.2082,14.1187],[101.2076,14.1166],[101.2087,14.1166],[101.2087,14.116],[101.2073,14.1158],[101.2073,14.115],[101.2076,14.1141],[101.2092,14.1136],[101.2095,14.1163],[101.2101,14.1166],[101.2101,14.1185],[101.2082,14.1187]]]}},{"type":"Feature","properties":{"kind":"flood","area_km2":0.11,"conf":"low","date":"2026-10-09"},"geometry":{"type":"Polygon","coordinates":[[[101.1237,14.203],[101.1231,14.2025],[101.1231,14.2017],[101.1225,14.2014],[101.1222,14.1989],[101.1228,14.1984],[101.125,14.1989],[101.125,14.2],[101.1242,14.2006],[101.1242,14.2014],[101.1253,14.2014],[101.1253,14.2022],[101.1248,14.2022],[101.1245,14.203],[101.1237,14.203]]]}},{"type":"Feature","properties":{"kind":"flood","area_km2":0.11,"conf":"low","date":"2026-10-09"},"geometry":{"type":"Polygon","coordinates":[[[101.3033,14.0737],[101.3038,14.072],[101.3032,14.0718],[101.3032,14.071],[101.3041,14.071],[101.3046,14.0701],[101.3065,14.0701],[101.3066,14.0712],[101.3057,14.0715],[101.3063,14.0731],[101.3058,14.0736],[101.3033,14.0737]]]}},{"type":"Feature","properties":{"kind":"flood","area_km2":0.11,"conf":"low","date":"2026-10-09"},"geometry":{"type":"Polygon","coordinates":[[[101.4245,14.0611],[101.4242,14.0597],[101.4247,14.0595],[101.4247,14.0589],[101.4258,14.0586],[101.4255,14.0573],[101.4275,14.0573],[101.4269,14.0578],[101.4272,14.0584],[101.4278,14.0584],[101.4275,14.0605],[101.4267,14.0605],[101.4261,14.0611],[101.4245,14.0611]]]}},{"type":"Feature","properties":{"kind":"flood","area_km2":0.11,"conf":"high","date":"2026-10-09"},"geometry":{"type":"Polygon","coordinates":[[[101.5046,14.0473],[101.5034,14.0465],[101.5018,14.0465],[101.502,14.0451],[101.5012,14.0449],[101.5015,14.0438],[101.5029,14.0438],[101.5029,14.0451],[101.504,14.0443],[101.5051,14.0446],[101.5054,14.0473],[101.5046,14.0473]]]}},{"type":"Feature","properties":{"kind":"flood","area_km2":0.11,"conf":"high","date":"2026-10-09"},"geometry":{"type":"Polygon","coordinates":[[[101.0619,14.0108],[101.0619,14.0097],[101.0611,14.0094],[101.0608,14.0075],[101.0616,14.0065],[101.0633,14.0064],[101.0633,14.0073],[101.0641,14.0075],[101.0641,14.0086],[101.063,14.0086],[101.063,14.0105],[101.0619,14.0108]]]}},{"type":"Feature","properties":{"kind":"flood","area_km2":0.11,"conf":"high","date":"2026-10-09"},"geometry":{"type":"Polygon","coordinates":[[[101.2476,14.0013],[101.2475,13.9988],[101.2478,13.9999],[101.2487,13.9996],[101.2484,13.9977],[101.2528,13.9977],[101.2528,13.9985],[101.2523,13.9985],[101.2523,14.001],[101.252,13.9985],[101.2503,13.9983],[101.2501,14.0004],[101.2509,14.0004],[101.2509,14.001],[101.2481,14.0007],[101.2476,14.0013]]]}},{"type":"Feature","properties":{"kind":"flood","area_km2":0.108,"conf":"low","date":"2026-10-09"},"geometry":{"type":"Polygon","coordinates":[[[101.0791,14.0993],[101.0755,14.0985],[101.0755,14.0974],[101.0749,14.0974],[101.0749,14.0969],[101.0763,14.0971],[101.076,14.0958],[101.0771,14.0958],[101.0777,14.0961],[101.0777,14.0969],[101.0794,14.0971],[101.0791,14.0993]],[[101.0774,14.0977],[101.078,14.0979],[101.078,14.0977],[101.0774,14.0977]],[[101.0771,14.0971],[101.0774,14.0977],[101.0774,14.0971],[101.0771,14.0971]]]}},{"type":"Feature","properties":{"kind":"flood","area_km2":0.108,"conf":"low","date":"2026-10-09"},"geometry":{"type":"Polygon","coordinates":[[[101.1193,14.0914],[101.1193,14.09],[101.1173,14.0903],[101.1176,14.0887],[101.1168,14.0887],[101.1168,14.0878],[101.1173,14.0878],[101.1173,14.0868],[101.1181,14.0868],[101.1182,14.0878],[101.1187,14.0878],[101.1184,14.0865],[101.1195,14.0865],[101.1201,14.0903],[101.1193,14.0914]]]}},{"type":"Feature","properties":{"kind":"flood","area_km2":0.107,"conf":"low","date":"2026-10-09"},"geometry":{"type":"Polygon","coordinates":[[[101.0842,14.0534],[101.0839,14.0515],[101.0834,14.0515],[101.0834,14.0521],[101.0826,14.0521],[101.0826,14.0526],[101.0814,14.0524],[101.0814,14.0516],[101.0826,14.0518],[101.0825,14.051],[101.0834,14.0502],[101.0831,14.0486],[101.085,14.0488],[101.085,14.0504],[101.0845,14.0507],[101.0845,14.0513],[101.085,14.0515],[101.0853,14.0529],[101.0851,14.0534],[101.0842,14.0534]]]}},{"type":"Feature","properties":{"kind":"flood","area_km2":0.107,"conf":"low","date":"2026-10-09"},"geometry":{"type":"Polygon","coordinates":[[[101.0036,14.037],[101.0027,14.0351],[101.0024,14.0322],[101.0038,14.0322],[101.0038,14.0316],[101.0049,14.0316],[101.0044,14.0335],[101.0047,14.0359],[101.0044,14.037],[101.0036,14.037]]]}},{"type":"Feature","properties":{"kind":"flood","area_km2":0.107,"conf":"low","date":"2026-10-09"},"geometry":{"type":"Polygon","coordinates":[[[101.1686,14.0226],[101.1686,14.021],[101.1692,14.0207],[101.1692,14.0199],[101.1683,14.0199],[101.1686,14.018],[101.1697,14.0177],[101.1697,14.0185],[101.1717,14.0185],[101.1717,14.0196],[101.1711,14.0201],[101.17,14.0201],[101.17,14.0226],[101.1686,14.0226]],[[101.1694,14.0188],[101.1697,14.0191],[101.1697,14.0188],[101.1694,14.0188]]]}},{"type":"Feature","properties":{"kind":"flood","area_km2":0.107,"conf":"low","date":"2026-10-09"},"geometry":{"type":"Polygon","coordinates":[[[101.2179,14.0086],[101.2171,14.0078],[101.2171,14.0073],[101.2162,14.007],[101.2162,14.0062],[101.2182,14.0062],[101.2187,14.0059],[101.2187,14.0045],[101.2198,14.0045],[101.2199,14.0075],[101.2193,14.0075],[101.2188,14.0086],[101.2179,14.0086]]]}},{"type":"Feature","properties":{"kind":"flood","area_km2":0.106,"conf":"low","date":"2026-10-09"},"geometry":{"type":"Polygon","coordinates":[[[101.1053,14.8714],[101.1052,14.8695],[101.1047,14.8692],[101.1047,14.8684],[101.1055,14.8684],[101.1055,14.8668],[101.1049,14.8662],[101.1052,14.8643],[101.1066,14.8643],[101.1069,14.866],[101.106,14.8668],[101.1061,14.8673],[101.1066,14.8676],[101.1066,14.8695],[101.1061,14.87],[101.1061,14.8714],[101.1053,14.8714]]]}},{"type":"Feature","properties":{"kind":"flood","area_km2":0.105,"conf":"low","date":"2026-10-09"},"geometry":{"type":"Polygon","coordinates":[[[101.0499,14.1603],[101.0494,14.1595],[101.0488,14.1595],[101.0488,14.1584],[101.051,14.1562],[101.0518,14.1562],[101.0524,14.1589],[101.051,14.1603],[101.0499,14.1603]],[[101.0499,14.16],[101.0508,14.16],[101.0507,14.1589],[101.0499,14.1589],[101.0499,14.16]]]}},{"type":"Feature","properties":{"kind":"flood","area_km2":0.105,"conf":"low","date":"2026-10-09"},"geometry":{"type":"Polygon","coordinates":[[[101.3187,14.067],[101.3173,14.0651],[101.3162,14.0651],[101.3162,14.0643],[101.3168,14.0638],[101.3165,14.0627],[101.3192,14.0624],[101.3193,14.0632],[101.3184,14.0632],[101.3184,14.0638],[101.319,14.0643],[101.319,14.0659],[101.3196,14.0662],[101.3196,14.067],[101.3187,14.067]]]}},{"type":"Feature","properties":{"kind":"flood","area_km2":0.104,"conf":"low","date":"2026-10-09"},"geometry":{"type":"Polygon","coordinates":[[[101.0329,14.1805],[101.0329,14.1791],[101.032,14.1791],[101.032,14.1783],[101.0329,14.1783],[101.0329,14.1788],[101.0337,14.1783],[101.0337,14.1778],[101.0331,14.1778],[101.0337,14.1761],[101.0345,14.1761],[101.0345,14.1767],[101.0351,14.1767],[101.0353,14.1761],[101.0353,14.1769],[101.0365,14.1769],[101.0354,14.178],[101.0348,14.1794],[101.0337,14.1805],[101.0329,14.1805]]]}},{"type":"Feature","properties":{"kind":"flood","area_km2":0.104,"conf":"low","date":"2026-10-09"},"geometry":{"type":"Polygon","coordinates":[[[101.4896,14.0737],[101.4874,14.0737],[101.4873,14.0729],[101.4882,14.0729],[101.4884,14.0721],[101.4873,14.0721],[101.4873,14.071],[101.4879,14.0694],[101.489,14.0691],[101.4884,14.0713],[101.4901,14.071],[101.4904,14.0729],[101.4896,14.0737]]]}},{"type":"Feature","properties":{"kind":"flood","area_km2":0.104,"conf":"low","date":"2026-10-09"},"geometry":{"type":"Polygon","coordinates":[[[101.0535,14.0342],[101.0532,14.0328],[101.0541,14.0323],[101.0535,14.0307],[101.0568,14.0301],[101.0568,14.0306],[101.0574,14.0306],[101.0574,14.0317],[101.0563,14.0325],[101.0549,14.0325],[101.0552,14.0339],[101.0535,14.0342]],[[101.0549,14.032],[101.056,14.032],[101.0563,14.0309],[101.0549,14.0309],[101.0549,14.032]]]}},{"type":"Feature","properties":{"kind":"flood","area_km2":0.103,"conf":"low","date":"2026-10-09"},"geometry":{"type":"Polygon","coordinates":[[[101.0253,14.2063],[101.0253,14.2049],[101.0261,14.2049],[101.0261,14.2038],[101.0253,14.2039],[101.0253,14.2044],[101.0248,14.2044],[101.0245,14.2036],[101.0234,14.2036],[101.0233,14.2031],[101.025,14.2028],[101.025,14.2017],[101.0264,14.2019],[101.0258,14.2022],[101.0258,14.2028],[101.027,14.2028],[101.027,14.2044],[101.0275,14.2046],[101.0275,14.2057],[101.0284,14.2057],[101.0253,14.2063]]]}},{"type":"Feature","properties":{"kind":"flood","area_km2":0.103,"conf":"low","date":"2026-10-09"},"geometry":{"type":"Polygon","coordinates":[[[101.3309,14.0355],[101.3312,14.0333],[101.3287,14.0336],[101.3284,14.033],[101.3273,14.0328],[101.3273,14.032],[101.3289,14.0325],[101.3314,14.0325],[101.3331,14.0319],[101.3331,14.0333],[101.3323,14.0335],[101.332,14.0352],[101.3309,14.0355]]]}},{"type":"Feature","properties":{"kind":"flood","area_km2":0.103,"conf":"low","date":"2026-10-09"},"geometry":{"type":"Polygon","coordinates":[[[101.1139,14.0735],[101.1144,14.0732],[101.1144,14.0719],[101.1136,14.0719],[101.1141,14.0716],[101.1141,14.0705],[101.1127,14.07],[101.1127,14.0692],[101.116,14.0692],[101.116,14.0702],[101.1155,14.0705],[101.1158,14.0735],[101.1139,14.0735]]]}},{"type":"Feature","properties":{"kind":"flood","area_km2":0.103,"conf":"low","date":"2026-10-09"},"geometry":{"type":"Polygon","coordinates":[[[101.0591,14.0046],[101.0585,14.004],[101.0585,14.0032],[101.058,14.003],[101.0579,14.0021],[101.0574,14.0019],[101.0574,14.0011],[101.0568,14.0008],[101.0568,13.9994],[101.0582,13.9994],[101.0588,14.0011],[101.0596,14.0019],[101.0602,14.0046],[101.0591,14.0046]]]}},{"type":"Feature","properties":{"kind":"flood","area_km2":0.102,"conf":"low","date":"2026-10-09"},"geometry":{"type":"Polygon","coordinates":[[[101.4637,14.0163],[101.4637,14.0149],[101.4631,14.0149],[101.4631,14.0141],[101.4617,14.0141],[101.4617,14.0136],[101.4609,14.013],[101.4609,14.0119],[101.462,14.0111],[101.4628,14.0114],[101.4625,14.013],[101.4631,14.013],[101.4631,14.0135],[101.465,14.0135],[101.465,14.0119],[101.4656,14.0122],[101.4656,14.0138],[101.4642,14.0146],[101.4642,14.016],[101.4637,14.0163]]]}},{"type":"Feature","properties":{"kind":"flood","area_km2":0.101,"conf":"low","date":"2026-10-04"},"geometry":{"type":"Polygon","coordinates":[[[101.7409,14.0347],[101.7409,14.0341],[101.7404,14.0341],[101.7406,14.0309],[101.7411,14.0298],[101.7422,14.0298],[101.7428,14.0303],[101.7428,14.0319],[101.7423,14.0328],[101.7426,14.0338],[101.7417,14.0339],[101.7418,14.0347],[101.7409,14.0347]],[[101.7415,14.0328],[101.742,14.0328],[101.742,14.0322],[101.7414,14.0322],[101.7415,14.0328]]]}},{"type":"Feature","properties":{"kind":"flood","area_km2":0.1,"conf":"low","date":"2026-10-09"},"geometry":{"type":"Polygon","coordinates":[[[101.0235,14.215],[101.0235,14.2144],[101.0229,14.2144],[101.0226,14.2139],[101.0226,14.2126],[101.022,14.212],[101.0209,14.2123],[101.0209,14.2118],[101.0201,14.2109],[101.022,14.2109],[101.022,14.2101],[101.0234,14.2101],[101.0234,14.2112],[101.0243,14.2115],[101.0237,14.212],[101.0237,14.2142],[101.0243,14.2142],[101.0243,14.215],[101.0235,14.215]]]}},{"type":"Feature","properties":{"kind":"flood","area_km2":0.099,"conf":"low","date":"2026-10-09"},"geometry":{"type":"Polygon","coordinates":[[[101.0178,14.2058],[101.0178,14.2047],[101.0189,14.2042],[101.0189,14.2028],[101.0181,14.2028],[101.0183,14.2017],[101.0192,14.2015],[101.0186,14.2026],[101.0206,14.2023],[101.0206,14.2009],[101.0192,14.2009],[101.0192,14.2001],[101.02,14.2001],[101.0203,14.1996],[101.0203,14.2001],[101.0217,14.2009],[101.0217,14.2017],[101.0211,14.2017],[101.0208,14.2028],[101.0203,14.2028],[101.0198,14.205],[101.0178,14.2058]]]}},{"type":"Feature","properties":{"kind":"flood","area_km2":0.099,"conf":"low","date":"2026-10-09"},"geometry":{"type":"Polygon","coordinates":[[[101.0002,14.1989],[101.0002,14.1948],[101.0008,14.1948],[101.0022,14.1962],[101.0022,14.1967],[101.0033,14.1967],[101.0036,14.1973],[101.0041,14.1973],[101.0039,14.1986],[101.0025,14.1986],[101.0019,14.1981],[101.0019,14.197],[101.0008,14.197],[101.0013,14.1976],[101.0014,14.1984],[101.0011,14.1989],[101.0002,14.1989]]]}},{"type":"Feature","properties":{"kind":"flood","area_km2":0.099,"conf":"high","date":"2026-10-09"},"geometry":{"type":"Polygon","coordinates":[[[101.4392,14.0669],[101.4389,14.0631],[101.4403,14.0634],[101.4403,14.0626],[101.4417,14.0626],[101.4417,14.0634],[101.4411,14.0634],[101.4409,14.0666],[101.4392,14.0669]]]}},{"type":"Feature","properties":{"kind":"flood","area_km2":0.099,"conf":"high","date":"2026-10-09"},"geometry":{"type":"Polygon","coordinates":[[[101.5405,14.013],[101.5378,14.0128],[101.538,14.0117],[101.5364,14.0117],[101.5366,14.0106],[101.5383,14.0109],[101.5389,14.0103],[101.5397,14.0103],[101.54,14.0111],[101.5411,14.0108],[101.5411,14.0122],[101.5405,14.0125],[101.5405,14.013]]]}},{"type":"Feature","properties":{"kind":"flood","area_km2":0.098,"conf":"low","date":"2026-10-04"},"geometry":{"type":"Polygon","coordinates":[[[101.8491,14.6691],[101.8488,14.668],[101.8474,14.6669],[101.8474,14.6656],[101.848,14.665],[101.8477,14.6637],[101.8482,14.6634],[101.8482,14.6621],[101.8499,14.6612],[101.849,14.662],[101.8488,14.6634],[101.8488,14.6661],[101.8497,14.6666],[101.8491,14.6691]]]}},{"type":"Feature","properties":{"kind":"flood","area_km2":0.098,"conf":"low","date":"2026-10-09"},"geometry":{"type":"Polygon","coordinates":[[[101.0594,14.1672],[101.0575,14.1654],[101.0569,14.1654],[101.0569,14.1643],[101.058,14.1624],[101.0583,14.1632],[101.06,14.1634],[101.0597,14.1645],[101.0602,14.1648],[101.0603,14.1672],[101.0594,14.1672]],[[101.0586,14.1659],[101.0597,14.1659],[101.0597,14.1645],[101.0586,14.1648],[101.0586,14.1659]]]}},{"type":"Feature","properties":{"kind":"flood","area_km2":0.096,"conf":"low","date":"2026-10-09"},"geometry":{"type":"Polygon","coordinates":[[[101.0968,14.8902],[101.0968,14.8894],[101.0973,14.8891],[101.0973,14.8877],[101.099,14.8858],[101.0989,14.882],[101.0995,14.8815],[101.1006,14.8826],[101.1009,14.8847],[101.0984,14.8866],[101.0982,14.8885],[101.0968,14.8902]]]}},{"type":"Feature","properties":{"kind":"flood","area_km2":0.096,"conf":"low","date":"2026-10-09"},"geometry":{"type":"Polygon","coordinates":[[[101.1033,14.0785],[101.1033,14.0769],[101.1086,14.0768],[101.1086,14.0782],[101.1069,14.0776],[101.107,14.0782],[101.1033,14.0785]]]}},{"type":"Feature","properties":{"kind":"flood","area_km2":0.096,"conf":"low","date":"2026-10-09"},"geometry":{"type":"Polygon","coordinates":[[[101.1164,14.0789],[101.1158,14.0781],[101.1158,14.077],[101.12,14.0762],[101.1197,14.0767],[101.1203,14.077],[101.1203,14.0781],[101.1195,14.0781],[101.1189,14.0789],[101.1164,14.0789]],[[101.1183,14.0778],[101.1192,14.0778],[101.1192,14.077],[101.1183,14.077],[101.1183,14.0778]]]}},{"type":"Feature","properties":{"kind":"flood","area_km2":0.096,"conf":"low","date":"2026-10-09"},"geometry":{"type":"Polygon","coordinates":[[[101.0436,14.0722],[101.0422,14.0714],[101.0427,14.0687],[101.0449,14.0692],[101.0452,14.0698],[101.0466,14.0697],[101.0463,14.0703],[101.0447,14.0706],[101.0447,14.0722],[101.0436,14.0722]]]}},{"type":"Feature","properties":{"kind":"flood","area_km2":0.095,"conf":"high","date":"2026-10-09"},"geometry":{"type":"Polygon","coordinates":[[[101.4541,14.0554],[101.4536,14.0548],[101.453,14.0527],[101.4535,14.0527],[101.4541,14.0519],[101.4555,14.0518],[101.4555,14.0529],[101.456,14.0532],[101.4558,14.0554],[101.4541,14.0554]]]}},{"type":"Feature","properties":{"kind":"flood","area_km2":0.094,"conf":"low","date":"2026-10-09"},"geometry":{"type":"Polygon","coordinates":[[[101.0859,14.1751],[101.0859,14.1732],[101.0867,14.1732],[101.087,14.1743],[101.0873,14.1732],[101.0881,14.1727],[101.0884,14.1705],[101.0892,14.1705],[101.0895,14.1719],[101.0889,14.1724],[101.0884,14.1748],[101.0859,14.1751]]]}},{"type":"Feature","properties":{"kind":"flood","area_km2":0.094,"conf":"low","date":"2026-10-09"},"geometry":{"type":"Polygon","coordinates":[[[101.1686,14.0459],[101.1677,14.0451],[101.1677,14.044],[101.1666,14.044],[101.1658,14.0432],[101.1658,14.0427],[101.1677,14.0427],[101.1677,14.0432],[101.1683,14.0432],[101.1683,14.0424],[101.1688,14.0424],[101.1688,14.0432],[101.1705,14.0429],[101.1705,14.044],[101.17,14.044],[101.1694,14.0459],[101.1686,14.0459]]]}},{"type":"Feature","properties":{"kind":"flood","area_km2":0.094,"conf":"low","date":"2026-10-09"},"geometry":{"type":"Polygon","coordinates":[[[101.0566,14.0046],[101.0563,14.0032],[101.0557,14.003],[101.0557,14.0019],[101.0546,14.0011],[101.054,13.9995],[101.0557,13.9995],[101.0568,14.0022],[101.0574,14.0024],[101.058,14.0046],[101.0566,14.0046]]]}},{"type":"Feature","properties":{"kind":"flood","area_km2":0.093,"conf":"low","date":"2026-10-09"},"geometry":{"type":"Polygon","coordinates":[[[101.2758,14.0517],[101.2758,14.0512],[101.275,14.0509],[101.275,14.0504],[101.2744,14.0501],[101.2741,14.0485],[101.2752,14.0485],[101.2758,14.0498],[101.2772,14.0495],[101.2777,14.049],[101.278,14.0503],[101.2769,14.0506],[101.2783,14.0506],[101.2783,14.0517],[101.2758,14.0517]]]}},{"type":"Feature","properties":{"kind":"flood","area_km2":0.093,"conf":"high","date":"2026-10-09"},"geometry":{"type":"Polygon","coordinates":[[[101.5211,14.0406],[101.5211,14.0392],[101.5206,14.0392],[101.5206,14.0384],[101.5214,14.0373],[101.5214,14.0363],[101.5222,14.036],[101.523,14.0373],[101.5231,14.0395],[101.5228,14.0406],[101.5217,14.0406],[101.5217,14.04],[101.5211,14.0406]],[[101.5214,14.0392],[101.522,14.039],[101.5217,14.0384],[101.5214,14.0384],[101.5214,14.0392]]]}},{"type":"Feature","properties":{"kind":"flood","area_km2":0.093,"conf":"low","date":"2026-10-09"},"geometry":{"type":"Polygon","coordinates":[[[101.2261,14.0223],[101.2264,14.0204],[101.2267,14.021],[101.2272,14.0204],[101.2275,14.0175],[101.2286,14.0172],[101.2286,14.0218],[101.2275,14.0223],[101.2261,14.0223]]]}},{"type":"Feature","properties":{"kind":"flood","area_km2":0.092,"conf":"low","date":"2026-10-09"},"geometry":{"type":"Polygon","coordinates":[[[101.1481,14.2014],[101.1481,14.2001],[101.1506,14.2001],[101.1509,14.1992],[101.1517,14.1992],[101.1522,14.1987],[101.1536,14.1987],[101.1536,14.1992],[101.1548,14.1992],[101.1531,14.2006],[101.1525,14.2006],[101.1525,14.1995],[101.1511,14.1995],[101.1512,14.2014],[101.1481,14.2014]]]}},{"type":"Feature","properties":{"kind":"flood","area_km2":0.092,"conf":"low","date":"2026-10-09"},"geometry":{"type":"Polygon","coordinates":[[[101.0216,14.1985],[101.0219,14.1968],[101.0222,14.1963],[101.0227,14.1963],[101.0227,14.1952],[101.0216,14.1952],[101.0216,14.1944],[101.0224,14.1941],[101.0227,14.193],[101.0235,14.193],[101.0247,14.1941],[101.0247,14.1949],[101.0236,14.1957],[101.0233,14.1971],[101.0227,14.1971],[101.0227,14.1976],[101.0222,14.1976],[101.0222,14.1982],[101.0216,14.1985]]]}},{"type":"Feature","properties":{"kind":"flood","area_km2":0.092,"conf":"low","date":"2026-10-09"},"geometry":{"type":"Polygon","coordinates":[[[101.1063,14.0622],[101.1046,14.0617],[101.1046,14.0608],[101.1062,14.0611],[101.1068,14.0606],[101.1062,14.0603],[101.1062,14.0595],[101.109,14.06],[101.109,14.0619],[101.1063,14.0622]]]}},{"type":"Feature","properties":{"kind":"flood","area_km2":0.091,"conf":"low","date":"2026-10-09"},"geometry":{"type":"Polygon","coordinates":[[[101.1251,14.206],[101.1242,14.2046],[101.1242,14.2038],[101.1256,14.2041],[101.1262,14.2027],[101.1278,14.2032],[101.1276,14.2054],[101.1251,14.206]]]}},{"type":"Feature","properties":{"kind":"flood","area_km2":0.091,"conf":"low","date":"2026-10-09"},"geometry":{"type":"Polygon","coordinates":[[[101.0411,14.1986],[101.0416,14.198],[101.04,14.1978],[101.0411,14.1978],[101.0411,14.1953],[101.0422,14.1953],[101.0422,14.1937],[101.0427,14.1937],[101.043,14.195],[101.0425,14.195],[101.0425,14.1961],[101.0436,14.1961],[101.0436,14.1969],[101.043,14.1969],[101.043,14.1975],[101.0447,14.1977],[101.0447,14.1983],[101.0439,14.1985],[101.0439,14.198],[101.0419,14.198],[101.0419,14.1986],[101.0411,14.1986]]]}},{"type":"Feature","properties":{"kind":"flood","area_km2":0.091,"conf":"low","date":"2026-10-09"},"geometry":{"type":"Polygon","coordinates":[[[101.0155,14.1676],[101.0147,14.1665],[101.0139,14.1663],[101.0138,14.1649],[101.015,14.1649],[101.0152,14.1654],[101.0161,14.1649],[101.0183,14.1649],[101.018,14.166],[101.0166,14.166],[101.0169,14.1673],[101.0155,14.1676]]]}},{"type":"Feature","properties":{"kind":"flood","area_km2":0.091,"conf":"low","date":"2026-10-09"},"geometry":{"type":"Polygon","coordinates":[[[101.0923,14.0542],[101.0917,14.0509],[101.0911,14.0504],[101.0911,14.0488],[101.0922,14.0488],[101.0934,14.0496],[101.0934,14.0504],[101.0923,14.0504],[101.0934,14.0506],[101.0934,14.0515],[101.0928,14.0515],[101.0931,14.0542],[101.0923,14.0542]]]}},{"type":"Feature","properties":{"kind":"flood","area_km2":0.09,"conf":"low","date":"2026-10-09"},"geometry":{"type":"Polygon","coordinates":[[[100.9983,14.1973],[100.9963,14.1968],[100.9963,14.1957],[100.9969,14.1954],[100.9966,14.1941],[100.9974,14.1943],[100.9974,14.193],[100.9982,14.193],[100.9991,14.1935],[100.9991,14.1943],[100.9983,14.1949],[100.9983,14.1973]]]}},{"type":"Feature","properties":{"kind":"flood","area_km2":0.09,"conf":"low","date":"2026-10-09"},"geometry":{"type":"Polygon","coordinates":[[[101.0119,14.1378],[101.0119,14.1367],[101.0114,14.1367],[101.0111,14.1373],[101.0092,14.1373],[101.0086,14.1368],[101.0086,14.1354],[101.0108,14.1357],[101.0111,14.1362],[101.0136,14.1359],[101.0136,14.1378],[101.0119,14.1378]]]}},{"type":"Feature","properties":{"kind":"flood","area_km2":0.09,"conf":"low","date":"2026-10-09"},"geometry":{"type":"Polygon","coordinates":[[[101.2309,14.0898],[101.2309,14.0887],[101.2281,14.0887],[101.2281,14.0879],[101.2287,14.0874],[101.2298,14.0874],[101.2301,14.0879],[101.2334,14.0879],[101.2334,14.089],[101.2329,14.089],[101.232,14.0898],[101.2309,14.0898]]]}},{"type":"Feature","properties":{"kind":"flood","area_km2":0.09,"conf":"low","date":"2026-10-09"},"geometry":{"type":"Polygon","coordinates":[[[101.0393,14.0576],[101.0393,14.0568],[101.0404,14.0549],[101.0407,14.0557],[101.042,14.0557],[101.042,14.0546],[101.0429,14.0546],[101.0434,14.0554],[101.0443,14.0557],[101.044,14.0568],[101.0429,14.0568],[101.0423,14.0562],[101.0421,14.0568],[101.0409,14.0568],[101.0407,14.0576],[101.0393,14.0576]]]}},{"type":"Feature","properties":{"kind":"flood","area_km2":0.09,"conf":"low","date":"2026-10-09"},"geometry":{"type":"Polygon","coordinates":[[[101.0987,14.0533],[101.0989,14.0514],[101.0978,14.0514],[101.0981,14.0495],[101.0992,14.0495],[101.1003,14.0517],[101.1017,14.0514],[101.1017,14.0519],[101.1025,14.0519],[101.1006,14.0522],[101.1003,14.0533],[101.0987,14.0533]]]}},{"type":"Feature","properties":{"kind":"flood","area_km2":0.089,"conf":"low","date":"2026-10-04"},"geometry":{"type":"Polygon","coordinates":[[[101.8501,14.6563],[101.8501,14.655],[101.8506,14.655],[101.8506,14.6542],[101.8478,14.6539],[101.8473,14.6531],[101.8489,14.6537],[101.8495,14.6536],[101.8495,14.6531],[101.8484,14.652],[101.8467,14.6523],[101.8467,14.6512],[101.8492,14.6518],[101.8498,14.6528],[101.8511,14.6528],[101.8512,14.6534],[101.8503,14.6539],[101.8509,14.6539],[101.8509,14.6547],[101.8517,14.6561],[101.8501,14.6563]]]}},{"type":"Feature","properties":{"kind":"flood","area_km2":0.089,"conf":"low","date":"2026-10-09"},"geometry":{"type":"Polygon","coordinates":[[[101.0313,14.6232],[101.0302,14.6216],[101.0302,14.6197],[101.0296,14.6194],[101.0296,14.6175],[101.0301,14.617],[101.0307,14.617],[101.0313,14.6213],[101.0327,14.6224],[101.0327,14.6229],[101.0313,14.6232]],[[101.0304,14.6191],[101.0307,14.6194],[101.0307,14.6191],[101.0304,14.6191]],[[101.0302,14.6172],[101.0304,14.6175],[101.0304,14.6172],[101.0302,14.6172]]]}},{"type":"Feature","properties":{"kind":"flood","area_km2":0.089,"conf":"low","date":"2026-10-09"},"geometry":{"type":"Polygon","coordinates":[[[101.0398,14.1731],[101.0384,14.1718],[101.0378,14.1718],[101.0378,14.1704],[101.0383,14.1699],[101.038,14.1685],[101.0386,14.1685],[101.0386,14.1671],[101.0392,14.1677],[101.0392,14.1688],[101.0405,14.1688],[101.0406,14.1693],[101.04,14.1693],[101.0397,14.1704],[101.0392,14.1707],[101.0392,14.172],[101.0403,14.172],[101.0403,14.1731],[101.0398,14.1731]],[[101.0383,14.1693],[101.0386,14.1696],[101.0386,14.1693],[101.0383,14.1693]]]}},{"type":"Feature","properties":{"kind":"flood","area_km2":0.089,"conf":"low","date":"2026-10-09"},"geometry":{"type":"Polygon","coordinates":[[[101.0365,14.1493],[101.0362,14.1476],[101.0376,14.1463],[101.0378,14.1441],[101.0384,14.1441],[101.0387,14.1427],[101.0395,14.1427],[101.0392,14.1446],[101.0381,14.1465],[101.0381,14.1476],[101.0376,14.1479],[101.0373,14.1493],[101.0365,14.1493]]]}},{"type":"Feature","properties":{"kind":"flood","area_km2":0.089,"conf":"low","date":"2026-10-09"},"geometry":{"type":"Polygon","coordinates":[[[101.0931,14.0769],[101.0928,14.0759],[101.0936,14.0748],[101.0936,14.0734],[101.0955,14.0734],[101.0958,14.075],[101.0944,14.0753],[101.0944,14.0758],[101.0955,14.0758],[101.0956,14.0766],[101.0942,14.0764],[101.0939,14.0769],[101.0931,14.0769]]]}},{"type":"Feature","properties":{"kind":"flood","area_km2":0.089,"conf":"low","date":"2026-10-04"},"geometry":{"type":"Polygon","coordinates":[[[101.746,14.0428],[101.7451,14.0401],[101.746,14.04],[101.7463,14.0422],[101.7477,14.0422],[101.7477,14.0406],[101.7468,14.0406],[101.7465,14.039],[101.7482,14.0392],[101.7488,14.0397],[101.7488,14.0406],[101.7479,14.0411],[101.7488,14.0414],[101.7488,14.0424],[101.746,14.0428]]]}},{"type":"Feature","properties":{"kind":"flood","area_km2":0.089,"conf":"low","date":"2026-10-09"},"geometry":{"type":"Polygon","coordinates":[[[101.1127,14.0342],[101.1127,14.0331],[101.1146,14.0331],[101.1146,14.0312],[101.1124,14.0312],[101.1135,14.0307],[101.1137,14.0288],[101.1143,14.0288],[101.1148,14.0296],[101.1157,14.0296],[101.1157,14.0307],[101.1148,14.0307],[101.1146,14.0301],[101.1146,14.0309],[101.1151,14.0317],[101.1162,14.0317],[101.1163,14.0326],[101.1154,14.0326],[101.1149,14.0334],[101.1127,14.0342]]]}},{"type":"Feature","properties":{"kind":"flood","area_km2":0.088,"conf":"low","date":"2026-10-09"},"geometry":{"type":"Polygon","coordinates":[[[101.0152,14.9289],[101.0141,14.9272],[101.0141,14.9264],[101.0149,14.9253],[101.016,14.9253],[101.0163,14.927],[101.0171,14.9275],[101.0172,14.9283],[101.0166,14.9288],[101.0152,14.9289]]]}},{"type":"Feature","properties":{"kind":"flood","area_km2":0.088,"conf":"low","date":"2026-10-09"},"geometry":{"type":"Polygon","coordinates":[[[101.0782,14.092],[101.0757,14.0898],[101.0762,14.0882],[101.0765,14.089],[101.0773,14.089],[101.0773,14.0882],[101.0787,14.0887],[101.0787,14.0893],[101.0782,14.0893],[101.0782,14.0904],[101.0799,14.0914],[101.0793,14.092],[101.0782,14.092]]]}},{"type":"Feature","properties":{"kind":"flood","area_km2":0.088,"conf":"low","date":"2026-10-09"},"geometry":{"type":"Polygon","coordinates":[[[101.0751,14.0307],[101.0729,14.0305],[101.0729,14.0297],[101.0735,14.0297],[101.0735,14.0302],[101.0746,14.0302],[101.0746,14.0286],[101.074,14.0286],[101.0737,14.0278],[101.0754,14.028],[101.0754,14.0286],[101.076,14.0286],[101.0757,14.0272],[101.0762,14.0269],[101.0762,14.0277],[101.0771,14.028],[101.0771,14.0296],[101.0768,14.0302],[101.0754,14.0302],[101.0751,14.0307]]]}},{"type":"Feature","properties":{"kind":"flood","area_km2":0.088,"conf":"low","date":"2026-10-09"},"geometry":{"type":"Polygon","coordinates":[[[101.156,14.0092],[101.156,14.0078],[101.1566,14.0078],[101.1566,14.0073],[101.1552,14.0073],[101.1552,14.0065],[101.1571,14.0067],[101.1571,14.0056],[101.1593,14.0053],[101.1593,14.0064],[101.1582,14.0086],[101.1574,14.0086],[101.1574,14.0081],[101.1563,14.0081],[101.156,14.0092]]]}},{"type":"Feature","properties":{"kind":"flood","area_km2":0.087,"conf":"low","date":"2026-10-09"},"geometry":{"type":"Polygon","coordinates":[[[101.0729,14.1511],[101.0707,14.1492],[101.0707,14.1484],[101.069,14.1482],[101.0687,14.1471],[101.0701,14.1471],[101.0704,14.1476],[101.0709,14.1476],[101.0709,14.1482],[101.072,14.1484],[101.0729,14.1495],[101.0734,14.1495],[101.074,14.15],[101.074,14.1508],[101.0729,14.1511]]]}},{"type":"Feature","properties":{"kind":"flood","area_km2":0.087,"conf":"low","date":"2026-10-09"},"geometry":{"type":"Polygon","coordinates":[[[101.0703,14.1392],[101.0697,14.1381],[101.0692,14.1381],[101.068,14.1371],[101.0675,14.1357],[101.0664,14.1357],[101.0658,14.1352],[101.0661,14.1341],[101.0672,14.1341],[101.0675,14.1354],[101.0689,14.1357],[101.0697,14.1373],[101.0708,14.1379],[101.0711,14.1392],[101.0703,14.1392]]]}},{"type":"Feature","properties":{"kind":"flood","area_km2":0.087,"conf":"low","date":"2026-10-09"},"geometry":{"type":"Polygon","coordinates":[[[101.1923,14.0874],[101.192,14.0858],[101.1934,14.0858],[101.1942,14.085],[101.1939,14.0834],[101.1948,14.0834],[101.1948,14.0842],[101.1956,14.0844],[101.1956,14.0852],[101.1948,14.0853],[101.1945,14.0858],[101.1951,14.0863],[101.1951,14.0871],[101.1923,14.0874]]]}},{"type":"Feature","properties":{"kind":"flood","area_km2":0.087,"conf":"low","date":"2026-10-09"},"geometry":{"type":"Polygon","coordinates":[[[101.0409,14.0834],[101.0409,14.0828],[101.0398,14.0828],[101.0398,14.082],[101.0392,14.0826],[101.0384,14.0826],[101.0389,14.0804],[101.04,14.0801],[101.04,14.079],[101.0403,14.0798],[101.0414,14.0798],[101.0409,14.0825],[101.042,14.0825],[101.0417,14.0833],[101.0409,14.0834]],[[101.0398,14.0815],[101.0401,14.0817],[101.04,14.0815],[101.0398,14.0815]]]}},{"type":"Feature","properties":{"kind":"flood","area_km2":0.087,"conf":"low","date":"2026-10-09"},"geometry":{"type":"Polygon","coordinates":[[[101.0661,14.0696],[101.0652,14.0661],[101.0666,14.0658],[101.0677,14.0671],[101.0677,14.0693],[101.0661,14.0696]]]}},{"type":"Feature","properties":{"kind":"flood","area_km2":0.086,"conf":"low","date":"2026-10-09"},"geometry":{"type":"Polygon","coordinates":[[[101.2244,14.1015],[101.2221,14.1005],[101.2221,14.0991],[101.2232,14.0991],[101.2235,14.0985],[101.2255,14.0985],[101.2255,14.0996],[101.2249,14.0996],[101.2252,14.1015],[101.2244,14.1015]]]}},{"type":"Feature","properties":{"kind":"flood","area_km2":0.086,"conf":"low","date":"2026-10-09"},"geometry":{"type":"Polygon","coordinates":[[[101.1205,14.0965],[101.1207,14.0951],[101.1221,14.0951],[101.1221,14.0946],[101.1204,14.0943],[101.121,14.0943],[101.121,14.0938],[101.1221,14.0938],[101.1221,14.0932],[101.1238,14.0932],[101.1241,14.0951],[101.1227,14.0954],[101.1221,14.0965],[101.1205,14.0965]]]}},{"type":"Feature","properties":{"kind":"flood","area_km2":0.086,"conf":"low","date":"2026-10-09"},"geometry":{"type":"Polygon","coordinates":[[[101.1315,14.2376],[101.1318,14.2365],[101.1312,14.2363],[101.1312,14.2355],[101.1306,14.2349],[101.1315,14.2344],[101.1309,14.2344],[101.1309,14.2336],[101.1301,14.2333],[101.1314,14.233],[101.1314,14.2325],[101.1323,14.2325],[101.1323,14.2333],[101.1328,14.2336],[101.1329,14.2355],[101.132,14.2355],[101.132,14.2368],[101.1334,14.2373],[101.1315,14.2376]]]}},{"type":"Feature","properties":{"kind":"flood","area_km2":0.086,"conf":"low","date":"2026-10-09"},"geometry":{"type":"Polygon","coordinates":[[[101.1775,14.2204],[101.178,14.2185],[101.1786,14.2185],[101.1785,14.2163],[101.1802,14.2166],[101.1805,14.2177],[101.1794,14.2177],[101.1794,14.2182],[101.1799,14.2185],[101.1797,14.2204],[101.1775,14.2204]]]}},{"type":"Feature","properties":{"kind":"flood","area_km2":0.086,"conf":"high","date":"2026-10-09"},"geometry":{"type":"Polygon","coordinates":[[[101.4347,14.0529],[101.4349,14.0515],[101.4333,14.0518],[101.4333,14.0523],[101.4316,14.0521],[101.4316,14.0513],[101.4338,14.051],[101.4341,14.0491],[101.4349,14.0493],[101.4349,14.0507],[101.4363,14.0507],[101.4363,14.0515],[101.4355,14.052],[101.4355,14.0529],[101.4347,14.0529]]]}},{"type":"Feature","properties":{"kind":"flood","area_km2":0.086,"conf":"low","date":"2026-10-09"},"geometry":{"type":"Polygon","coordinates":[[[101.0511,14.0391],[101.051,14.038],[101.0522,14.038],[101.0521,14.0366],[101.0508,14.0366],[101.0508,14.038],[101.0499,14.038],[101.0499,14.0369],[101.053,14.035],[101.0541,14.035],[101.0541,14.0363],[101.0527,14.0372],[101.053,14.0385],[101.0516,14.0385],[101.0516,14.0391],[101.0511,14.0391]]]}},{"type":"Feature","properties":{"kind":"flood","area_km2":0.086,"conf":"high","date":"2026-10-09"},"geometry":{"type":"Polygon","coordinates":[[[101.0696,14.0302],[101.0693,14.0292],[101.0682,14.0297],[101.0682,14.0275],[101.0676,14.0265],[101.0679,14.0243],[101.0687,14.0243],[101.0693,14.0289],[101.0701,14.0289],[101.0707,14.0294],[101.0707,14.0302],[101.0696,14.0302]]]}},{"type":"Feature","properties":{"kind":"flood","area_km2":0.084,"conf":"high","date":"2026-10-09"},"geometry":{"type":"Polygon","coordinates":[[[101.5382,14.054],[101.5382,14.0529],[101.5376,14.0523],[101.536,14.0524],[101.536,14.0516],[101.5393,14.0507],[101.5396,14.054],[101.5382,14.054]]]}},{"type":"Feature","properties":{"kind":"flood","area_km2":0.084,"conf":"low","date":"2026-10-09"},"geometry":{"type":"Polygon","coordinates":[[[101.0062,14.0517],[101.0048,14.0514],[101.005,14.0471],[101.0053,14.0449],[101.0061,14.0449],[101.0062,14.0517]]]}},{"type":"Feature","properties":{"kind":"flood","area_km2":0.083,"conf":"low","date":"2026-10-09"},"geometry":{"type":"Polygon","coordinates":[[[101.0153,14.998],[101.0147,14.9972],[101.0144,14.9942],[101.0139,14.9942],[101.0138,14.9923],[101.015,14.9923],[101.015,14.9937],[101.0175,14.9939],[101.0175,14.9944],[101.0155,14.9942],[101.0159,14.998],[101.0153,14.998]]]}},{"type":"Feature","properties":{"kind":"flood","area_km2":0.083,"conf":"low","date":"2026-10-09"},"geometry":{"type":"Polygon","coordinates":[[[101.5554,14.8069],[101.5546,14.8064],[101.5545,14.8048],[101.5554,14.8048],[101.5554,14.8037],[101.5543,14.8034],[101.5542,14.8021],[101.5551,14.8021],[101.5556,14.8031],[101.5562,14.8064],[101.5596,14.8063],[101.559,14.8069],[101.5554,14.8069]]]}},{"type":"Feature","properties":{"kind":"flood","area_km2":0.083,"conf":"low","date":"2026-10-09"},"geometry":{"type":"Polygon","coordinates":[[[101.143,14.0169],[101.1405,14.0166],[101.1408,14.0161],[101.14,14.0161],[101.14,14.015],[101.1408,14.0144],[101.1405,14.0136],[101.1416,14.0136],[101.1414,14.015],[101.1425,14.015],[101.1425,14.0155],[101.1433,14.0144],[101.1441,14.0144],[101.1441,14.015],[101.143,14.0158],[101.143,14.0169]]]}},{"type":"Feature","properties":{"kind":"flood","area_km2":0.082,"conf":"low","date":"2026-10-09"},"geometry":{"type":"Polygon","coordinates":[[[101.4193,14.0443],[101.4196,14.0433],[101.4187,14.0427],[101.4187,14.0419],[101.4209,14.0419],[101.4209,14.0424],[101.4215,14.0424],[101.4212,14.0405],[101.4226,14.0402],[101.4229,14.0419],[101.4223,14.0419],[101.4223,14.0427],[101.4215,14.0427],[101.4212,14.0443],[101.4193,14.0443]],[[101.4196,14.043],[101.4207,14.043],[101.4207,14.0422],[101.4195,14.0422],[101.4196,14.043]]]}},{"type":"Feature","properties":{"kind":"flood","area_km2":0.082,"conf":"low","date":"2026-10-09"},"geometry":{"type":"Polygon","coordinates":[[[101.2292,14.022],[101.2291,14.0155],[101.2302,14.0155],[101.2303,14.0207],[101.23,14.022],[101.2292,14.022]]]}},{"type":"Feature","properties":{"kind":"flood","area_km2":0.081,"conf":"low","date":"2026-10-09"},"geometry":{"type":"Polygon","coordinates":[[[101.2184,14.1479],[101.217,14.1463],[101.2162,14.1463],[101.2165,14.1452],[101.2198,14.1457],[101.2204,14.1463],[101.2204,14.1471],[101.2196,14.1479],[101.2184,14.1479]]]}},{"type":"Feature","properties":{"kind":"flood","area_km2":0.081,"conf":"low","date":"2026-10-09"},"geometry":{"type":"Polygon","coordinates":[[[101.2601,14.0884],[101.2598,14.0871],[101.2606,14.0868],[101.2609,14.086],[101.2625,14.0857],[101.2634,14.0865],[101.2634,14.0876],[101.2626,14.0876],[101.2615,14.0884],[101.2601,14.0884]]]}},{"type":"Feature","properties":{"kind":"flood","area_km2":0.081,"conf":"low","date":"2026-10-09"},"geometry":{"type":"Polygon","coordinates":[[[101.5518,14.0256],[101.5509,14.0248],[101.5509,14.0238],[101.552,14.0232],[101.5515,14.0229],[101.5515,14.0218],[101.5529,14.0218],[101.5534,14.0226],[101.5534,14.0243],[101.5529,14.0245],[101.5526,14.0256],[101.5518,14.0256]]]}},{"type":"Feature","properties":{"kind":"flood","area_km2":0.081,"conf":"low","date":"2026-10-09"},"geometry":{"type":"Polygon","coordinates":[[[101.026,14.0293],[101.026,14.0279],[101.0268,14.0265],[101.0265,14.0252],[101.0271,14.0249],[101.0273,14.0233],[101.0281,14.0233],[101.0284,14.0252],[101.0276,14.0257],[101.0271,14.029],[101.026,14.0293]]]}},{"type":"Feature","properties":{"kind":"flood","area_km2":0.08,"conf":"low","date":"2026-10-09"},"geometry":{"type":"Polygon","coordinates":[[[101.1744,14.2156],[101.1741,14.2145],[101.1749,14.2139],[101.176,14.2139],[101.1763,14.2128],[101.1771,14.2128],[101.1777,14.2134],[101.1777,14.2153],[101.1744,14.2156]]]}},{"type":"Feature","properties":{"kind":"flood","area_km2":0.08,"conf":"low","date":"2026-10-09"},"geometry":{"type":"Polygon","coordinates":[[[101.0879,14.1171],[101.0867,14.116],[101.0859,14.116],[101.0848,14.115],[101.0831,14.1144],[101.0831,14.1134],[101.0845,14.1136],[101.0845,14.1144],[101.0859,14.1144],[101.0859,14.115],[101.0867,14.1158],[101.0884,14.1157],[101.0884,14.1152],[101.089,14.1157],[101.0904,14.1157],[101.0901,14.1163],[101.0887,14.1163],[101.0887,14.1171],[101.0879,14.1171]]]}},{"type":"Feature","properties":{"kind":"flood","area_km2":0.08,"conf":"low","date":"2026-10-09"},"geometry":{"type":"Polygon","coordinates":[[[101.3392,14.0882],[101.3392,14.0877],[101.3384,14.0874],[101.3384,14.0861],[101.3372,14.0853],[101.3372,14.0845],[101.3389,14.0844],[101.3395,14.0855],[101.3403,14.0858],[101.3403,14.0882],[101.3392,14.0882]]]}},{"type":"Feature","properties":{"kind":"flood","area_km2":0.08,"conf":"low","date":"2026-10-09"},"geometry":{"type":"Polygon","coordinates":[[[101.0365,14.0869],[101.0345,14.0861],[101.0351,14.0853],[101.0351,14.0834],[101.0354,14.0842],[101.0359,14.0842],[101.0356,14.0826],[101.0373,14.0828],[101.0373,14.0839],[101.0365,14.0853],[101.0365,14.0869]]]}},{"type":"Feature","properties":{"kind":"flood","area_km2":0.08,"conf":"low","date":"2026-10-09"},"geometry":{"type":"Polygon","coordinates":[[[101.3602,14.0775],[101.3585,14.0767],[101.3585,14.0748],[101.3594,14.0748],[101.3594,14.0758],[101.3599,14.0761],[101.3624,14.0758],[101.3624,14.0774],[101.3602,14.0775]]]}},{"type":"Feature","properties":{"kind":"flood","area_km2":0.08,"conf":"high","date":"2026-10-09"},"geometry":{"type":"Polygon","coordinates":[[[101.4573,14.0459],[101.4551,14.0459],[101.4551,14.0451],[101.4565,14.0445],[101.4562,14.0437],[101.4573,14.044],[101.4573,14.0429],[101.4598,14.0437],[101.4598,14.0445],[101.4576,14.0445],[101.4573,14.0459]]]}},{"type":"Feature","properties":{"kind":"flood","area_km2":0.08,"conf":"high","date":"2026-10-09"},"geometry":{"type":"Polygon","coordinates":[[[101.471,14.0219],[101.471,14.0205],[101.4721,14.0197],[101.4723,14.0189],[101.4732,14.0189],[101.4737,14.0199],[101.4748,14.0199],[101.4748,14.021],[101.4726,14.021],[101.4724,14.0216],[101.471,14.0219]]]}},{"type":"Feature","properties":{"kind":"flood","area_km2":0.08,"conf":"high","date":"2026-10-09"},"geometry":{"type":"Polygon","coordinates":[[[101.0634,14.0268],[101.0626,14.0262],[101.0626,14.0249],[101.0632,14.026],[101.0651,14.0259],[101.0651,14.0243],[101.0656,14.0243],[101.0656,14.0238],[101.0665,14.0235],[101.0665,14.0219],[101.067,14.0219],[101.0673,14.0246],[101.0662,14.0251],[101.0654,14.0265],[101.0634,14.0268]]]}},{"type":"Feature","properties":{"kind":"flood","area_km2":0.08,"conf":"low","date":"2026-10-09"},"geometry":{"type":"Polygon","coordinates":[[[101.4607,14.0193],[101.4601,14.0187],[101.4601,14.0171],[101.4595,14.0171],[101.4601,14.016],[101.4592,14.016],[101.4598,14.0144],[101.4614,14.0144],[101.4617,14.0155],[101.4612,14.0157],[101.4615,14.0179],[101.4609,14.0179],[101.4607,14.0193]]]}},{"type":"Feature","properties":{"kind":"flood","area_km2":0.079,"conf":"low","date":"2026-10-04"},"geometry":{"type":"Polygon","coordinates":[[[101.771,14.5411],[101.7704,14.5403],[101.7688,14.5408],[101.7687,14.5395],[101.7698,14.5384],[101.7698,14.5367],[101.7707,14.5367],[101.7712,14.5373],[101.7712,14.5383],[101.7704,14.5384],[101.7707,14.54],[101.7721,14.5402],[101.7718,14.541],[101.771,14.5411]]]}},{"type":"Feature","properties":{"kind":"flood","area_km2":0.079,"conf":"low","date":"2026-10-09"},"geometry":{"type":"Polygon","coordinates":[[[101.4915,14.0721],[101.4912,14.0694],[101.4937,14.0693],[101.494,14.0707],[101.4932,14.071],[101.4929,14.0721],[101.4915,14.0721]]]}},{"type":"Feature","properties":{"kind":"flood","area_km2":0.079,"conf":"low","date":"2026-10-09"},"geometry":{"type":"Polygon","coordinates":[[[101.3499,14.0711],[101.3496,14.0686],[101.3518,14.0686],[101.3521,14.0697],[101.3526,14.0699],[101.3527,14.071],[101.3499,14.0711]]]}},{"type":"Feature","properties":{"kind":"flood","area_km2":0.078,"conf":"low","date":"2026-10-09"},"geometry":{"type":"Polygon","coordinates":[[[101.1038,14.217],[101.1029,14.2157],[101.1029,14.2146],[101.1068,14.2151],[101.1068,14.2159],[101.106,14.2167],[101.1038,14.217]]]}},{"type":"Feature","properties":{"kind":"flood","area_km2":0.078,"conf":"low","date":"2026-10-09"},"geometry":{"type":"Polygon","coordinates":[[[101.0584,14.1816],[101.0573,14.1805],[101.0573,14.1797],[101.0581,14.1789],[101.0587,14.1789],[101.0598,14.1775],[101.0606,14.1775],[101.0606,14.1783],[101.0595,14.1792],[101.0596,14.1816],[101.0584,14.1816]]]}},{"type":"Feature","properties":{"kind":"flood","area_km2":0.078,"conf":"low","date":"2026-10-09"},"geometry":{"type":"Polygon","coordinates":[[[101.0378,14.1775],[101.037,14.1772],[101.037,14.175],[101.0362,14.1748],[101.0367,14.1745],[101.0373,14.1731],[101.0386,14.1731],[101.0384,14.1747],[101.0389,14.1747],[101.0389,14.1742],[101.0395,14.1742],[101.0395,14.1747],[101.0381,14.1758],[101.0378,14.1775]],[[101.0373,14.1761],[101.0378,14.1761],[101.0378,14.1756],[101.0376,14.1756],[101.0373,14.1761]]]}},{"type":"Feature","properties":{"kind":"flood","area_km2":0.078,"conf":"low","date":"2026-10-09"},"geometry":{"type":"Polygon","coordinates":[[[101.1072,14.1069],[101.1072,14.1064],[101.1061,14.1064],[101.1055,14.1056],[101.1044,14.1053],[101.1039,14.1048],[101.1039,14.104],[101.1055,14.1037],[101.1058,14.1048],[101.1064,14.1047],[101.1066,14.1053],[101.1072,14.1053],[101.1072,14.1047],[101.1083,14.1047],[101.1083,14.1055],[101.1075,14.1056],[101.1075,14.1061],[101.108,14.1061],[101.1081,14.1069],[101.1072,14.1069]]]}},{"type":"Feature","properties":{"kind":"flood","area_km2":0.078,"conf":"low","date":"2026-10-09"},"geometry":{"type":"Polygon","coordinates":[[[101.179,14.0892],[101.1767,14.0865],[101.1767,14.0846],[101.1778,14.0846],[101.1778,14.0862],[101.1793,14.0876],[101.1798,14.0876],[101.1798,14.087],[101.1792,14.0868],[101.1801,14.0867],[101.1798,14.0892],[101.179,14.0892]]]}},{"type":"Feature","properties":{"kind":"flood","area_km2":0.078,"conf":"low","date":"2026-10-09"},"geometry":{"type":"Polygon","coordinates":[[[101.1649,14.0405],[101.1657,14.0373],[101.1677,14.037],[101.1677,14.0386],[101.1663,14.0389],[101.1671,14.0391],[101.1671,14.04],[101.1663,14.0405],[101.1649,14.0405]]]}},{"type":"Feature","properties":{"kind":"flood","area_km2":0.078,"conf":"low","date":"2026-10-09"},"geometry":{"type":"Polygon","coordinates":[[[101.5767,13.9977],[101.5767,13.9969],[101.5759,13.9964],[101.5756,13.9953],[101.5745,13.9953],[101.5745,13.9945],[101.5767,13.9945],[101.5767,13.9958],[101.577,13.9953],[101.5778,13.9953],[101.5784,13.9964],[101.5784,13.9977],[101.5767,13.9977]]]}},{"type":"Feature","properties":{"kind":"flood","area_km2":0.077,"conf":"low","date":"2026-10-09"},"geometry":{"type":"Polygon","coordinates":[[[101.02,14.9914],[101.018,14.9909],[101.0183,14.989],[101.0197,14.989],[101.02,14.9895],[101.0216,14.9903],[101.0216,14.9912],[101.02,14.9914]]]}},{"type":"Feature","properties":{"kind":"flood","area_km2":0.077,"conf":"low","date":"2026-10-09"},"geometry":{"type":"Polygon","coordinates":[[[101.0836,14.2012],[101.0836,14.2004],[101.0825,14.1998],[101.0825,14.199],[101.0836,14.1982],[101.0847,14.1982],[101.0856,14.1993],[101.0853,14.2009],[101.0836,14.2012]]]}},{"type":"Feature","properties":{"kind":"flood","area_km2":0.077,"conf":"low","date":"2026-10-09"},"geometry":{"type":"Polygon","coordinates":[[[101.0661,14.1948],[101.066,14.1924],[101.0666,14.1924],[101.066,14.1908],[101.0666,14.1902],[101.0674,14.1902],[101.0677,14.1926],[101.0672,14.1935],[101.0677,14.1937],[101.0677,14.1948],[101.0661,14.1948]]]}},{"type":"Feature","properties":{"kind":"flood","area_km2":0.077,"conf":"low","date":"2026-10-09"},"geometry":{"type":"Polygon","coordinates":[[[101.3061,14.0492],[101.3058,14.0487],[101.3041,14.0482],[101.3038,14.0474],[101.301,14.0466],[101.301,14.0458],[101.3016,14.0452],[101.3024,14.0452],[101.3024,14.046],[101.3038,14.0463],[101.3038,14.0471],[101.3047,14.0471],[101.3058,14.0482],[101.3072,14.0484],[101.3072,14.0492],[101.3061,14.0492]]]}},{"type":"Feature","properties":{"kind":"flood","area_km2":0.077,"conf":"low","date":"2026-10-09"},"geometry":{"type":"Polygon","coordinates":[[[101.1366,14.0448],[101.1352,14.0435],[101.1352,14.0427],[101.1372,14.0424],[101.1374,14.0416],[101.1391,14.0432],[101.1391,14.0437],[101.138,14.0443],[101.138,14.044],[101.1377,14.044],[101.1377,14.0437],[101.1375,14.0437],[101.1375,14.0435],[101.1372,14.0435],[101.1375,14.0448],[101.1366,14.0448]],[[101.1369,14.0432],[101.1372,14.0435],[101.1372,14.0432],[101.1369,14.0432]]]}},{"type":"Feature","properties":{"kind":"flood","area_km2":0.077,"conf":"low","date":"2026-10-09"},"geometry":{"type":"Polygon","coordinates":[[[101.1651,14.027],[101.1651,14.0264],[101.1656,14.0261],[101.1659,14.0237],[101.167,14.0237],[101.1673,14.0248],[101.1681,14.0253],[101.1681,14.0264],[101.1651,14.027]]]}},{"type":"Feature","properties":{"kind":"flood","area_km2":0.077,"conf":"low","date":"2026-10-09"},"geometry":{"type":"Polygon","coordinates":[[[101.0558,14.0125],[101.0555,14.01],[101.0569,14.01],[101.0566,14.0081],[101.0583,14.0081],[101.0583,14.0089],[101.0577,14.0092],[101.0575,14.0103],[101.0575,14.0116],[101.0567,14.0125],[101.0558,14.0125]]]}},{"type":"Feature","properties":{"kind":"flood","area_km2":0.076,"conf":"low","date":"2026-10-04"},"geometry":{"type":"Polygon","coordinates":[[[101.8545,14.6728],[101.8539,14.672],[101.852,14.6718],[101.8514,14.6712],[101.8497,14.6713],[101.8497,14.6707],[101.8514,14.6707],[101.8514,14.6693],[101.8525,14.6693],[101.8533,14.6701],[101.8533,14.6709],[101.8545,14.6715],[101.855,14.6725],[101.8545,14.6728]]]}},{"type":"Feature","properties":{"kind":"flood","area_km2":0.076,"conf":"low","date":"2026-10-09"},"geometry":{"type":"Polygon","coordinates":[[[101.1197,14.2497],[101.1196,14.2489],[101.1202,14.2486],[101.1174,14.2486],[101.1174,14.2472],[101.118,14.2467],[101.1205,14.2472],[101.1205,14.2486],[101.121,14.2486],[101.121,14.2497],[101.1197,14.2497]]]}},{"type":"Feature","properties":{"kind":"flood","area_km2":0.076,"conf":"low","date":"2026-10-09"},"geometry":{"type":"Polygon","coordinates":[[[101.0858,14.1361],[101.0836,14.1361],[101.0839,14.1348],[101.0825,14.1345],[101.0825,14.1326],[101.0833,14.1326],[101.0844,14.1334],[101.0841,14.1348],[101.0855,14.1348],[101.0858,14.1342],[101.0858,14.1361]]]}},{"type":"Feature","properties":{"kind":"flood","area_km2":0.076,"conf":"low","date":"2026-10-09"},"geometry":{"type":"Polygon","coordinates":[[[101.1263,14.1005],[101.1263,14.0997],[101.1269,14.0994],[101.1271,14.0975],[101.1277,14.0975],[101.1277,14.0967],[101.1293,14.0967],[101.1294,14.0975],[101.1288,14.0978],[101.1288,14.0991],[101.1277,14.0997],[101.1277,14.1005],[101.1263,14.1005]]]}},{"type":"Feature","properties":{"kind":"flood","area_km2":0.076,"conf":"low","date":"2026-10-09"},"geometry":{"type":"Polygon","coordinates":[[[101.1054,14.0861],[101.1045,14.0852],[101.1045,14.0836],[101.1059,14.0836],[101.1059,14.0823],[101.107,14.0822],[101.1067,14.0852],[101.1062,14.086],[101.1054,14.0861]]]}},{"type":"Feature","properties":{"kind":"flood","area_km2":0.076,"conf":"low","date":"2026-10-09"},"geometry":{"type":"Polygon","coordinates":[[[101.2278,14.0803],[101.2275,14.0793],[101.228,14.0787],[101.2294,14.0784],[101.2297,14.0776],[101.2308,14.0776],[101.2311,14.0792],[101.2306,14.0798],[101.23,14.0798],[101.2297,14.0803],[101.2278,14.0803]]]}},{"type":"Feature","properties":{"kind":"flood","area_km2":0.076,"conf":"low","date":"2026-10-09"},"geometry":{"type":"Polygon","coordinates":[[[101.191,14.0701],[101.1885,14.0693],[101.1891,14.0677],[101.1902,14.0677],[101.1907,14.0682],[101.1916,14.0682],[101.1918,14.0687],[101.1927,14.0687],[101.1927,14.0696],[101.191,14.0701]]]}},{"type":"Feature","properties":{"kind":"flood","area_km2":0.076,"conf":"low","date":"2026-10-09"},"geometry":{"type":"Polygon","coordinates":[[[101.139,14.0597],[101.139,14.0589],[101.1373,14.0592],[101.1373,14.0578],[101.1384,14.0581],[101.1376,14.057],[101.1376,14.0562],[101.1384,14.0559],[101.1395,14.0559],[101.1395,14.057],[101.139,14.057],[101.139,14.0576],[101.1395,14.0576],[101.1395,14.0584],[101.1401,14.0586],[101.1401,14.0594],[101.139,14.0597]]]}},{"type":"Feature","properties":{"kind":"flood","area_km2":0.076,"conf":"low","date":"2026-10-09"},"geometry":{"type":"Polygon","coordinates":[[[101.2176,14.0853],[101.2173,14.0837],[101.2184,14.0831],[101.2184,14.0826],[101.2198,14.0829],[101.2195,14.0815],[101.2206,14.0815],[101.2209,14.0828],[101.22,14.0831],[101.22,14.0837],[101.2192,14.0839],[101.2184,14.0853],[101.2176,14.0853]]]}},{"type":"Feature","properties":{"kind":"flood","area_km2":0.076,"conf":"low","date":"2026-10-09"},"geometry":{"type":"Polygon","coordinates":[[[101.0399,14.0316],[101.0399,14.0308],[101.0404,14.0308],[101.0404,14.0297],[101.0399,14.0297],[101.0399,14.0302],[101.0388,14.03],[101.0387,14.0278],[101.0396,14.0278],[101.0399,14.0289],[101.0404,14.0289],[101.0404,14.0283],[101.0412,14.0283],[101.0415,14.0308],[101.041,14.0316],[101.0399,14.0316]]]}},{"type":"Feature","properties":{"kind":"flood","area_km2":0.076,"conf":"low","date":"2026-10-09"},"geometry":{"type":"Polygon","coordinates":[[[101.2511,14.0235],[101.2511,14.0194],[101.2536,14.0191],[101.2539,14.0205],[101.2522,14.0202],[101.2522,14.0213],[101.2516,14.0216],[101.2517,14.0221],[101.2522,14.0221],[101.2522,14.0235],[101.2511,14.0235]]]}},{"type":"Feature","properties":{"kind":"flood","area_km2":0.075,"conf":"low","date":"2026-10-09"},"geometry":{"type":"Polygon","coordinates":[[[101.0213,14.9559],[101.021,14.9554],[101.0194,14.9554],[101.0188,14.9513],[101.0193,14.9513],[101.0193,14.9527],[101.0202,14.9527],[101.0205,14.9535],[101.0216,14.9537],[101.0213,14.9559]]]}},{"type":"Feature","properties":{"kind":"flood","area_km2":0.075,"conf":"low","date":"2026-10-09"},"geometry":{"type":"Polygon","coordinates":[[[101.1967,14.1717],[101.1967,14.1698],[101.1975,14.1695],[101.1981,14.1687],[101.1992,14.1687],[101.1992,14.1711],[101.1967,14.1717]]]}},{"type":"Feature","properties":{"kind":"flood","area_km2":0.075,"conf":"low","date":"2026-10-09"},"geometry":{"type":"Polygon","coordinates":[[[101.0125,14.1652],[101.0122,14.1641],[101.0135,14.1627],[101.0141,14.1614],[101.0158,14.1611],[101.0158,14.1619],[101.0147,14.163],[101.0147,14.1636],[101.0141,14.1636],[101.0133,14.1652],[101.0125,14.1652]]]}},{"type":"Feature","properties":{"kind":"flood","area_km2":0.075,"conf":"low","date":"2026-10-09"},"geometry":{"type":"Polygon","coordinates":[[[101.0387,14.1514],[101.039,14.1495],[101.0382,14.1493],[101.0381,14.1482],[101.0387,14.149],[101.0401,14.149],[101.0401,14.1479],[101.0412,14.1479],[101.0415,14.1473],[101.0409,14.1503],[101.0401,14.1503],[101.0401,14.1511],[101.0387,14.1514]]]}},{"type":"Feature","properties":{"kind":"flood","area_km2":0.075,"conf":"low","date":"2026-10-09"},"geometry":{"type":"Polygon","coordinates":[[[101.4975,14.0904],[101.4975,14.0899],[101.4964,14.0894],[101.4964,14.0883],[101.4997,14.088],[101.5,14.0891],[101.4995,14.0891],[101.4984,14.0904],[101.4975,14.0904]]]}},{"type":"Feature","properties":{"kind":"flood","area_km2":0.075,"conf":"low","date":"2026-10-09"},"geometry":{"type":"Polygon","coordinates":[[[101.3331,14.0639],[101.3331,14.0631],[101.3337,14.0631],[101.3337,14.0601],[101.3353,14.0598],[101.3354,14.0631],[101.334,14.0631],[101.334,14.0639],[101.3331,14.0639]]]}},{"type":"Feature","properties":{"kind":"flood","area_km2":0.075,"conf":"low","date":"2026-10-09"},"geometry":{"type":"Polygon","coordinates":[[[101.1194,14.0173],[101.1192,14.016],[101.1214,14.0162],[101.1208,14.0146],[101.1228,14.0149],[101.1228,14.017],[101.1194,14.0173]]]}},{"type":"Feature","properties":{"kind":"flood","area_km2":0.074,"conf":"low","date":"2026-10-09"},"geometry":{"type":"Polygon","coordinates":[[[101.0279,14.9466],[101.0274,14.9461],[101.0273,14.9447],[101.0282,14.9445],[101.0282,14.9434],[101.0293,14.9434],[101.0295,14.942],[101.0312,14.942],[101.0312,14.9434],[101.0293,14.9436],[101.029,14.9461],[101.0282,14.9461],[101.0279,14.9466]],[[101.0282,14.9456],[101.0287,14.9455],[101.0285,14.9445],[101.0279,14.945],[101.0282,14.9456]]]}},{"type":"Feature","properties":{"kind":"flood","area_km2":0.074,"conf":"low","date":"2026-10-09"},"geometry":{"type":"Polygon","coordinates":[[[101.0119,14.2021],[101.0119,14.201],[101.013,14.2002],[101.0139,14.1985],[101.015,14.1977],[101.0152,14.1969],[101.0161,14.1969],[101.0158,14.1982],[101.0147,14.1991],[101.0147,14.1996],[101.0139,14.2002],[101.0131,14.2018],[101.0119,14.2021]]]}},{"type":"Feature","properties":{"kind":"flood","area_km2":0.074,"conf":"low","date":"2026-10-09"},"geometry":{"type":"Polygon","coordinates":[[[101.0358,14.1401],[101.0339,14.1398],[101.0336,14.139],[101.0331,14.139],[101.0331,14.1395],[101.032,14.1395],[101.0319,14.1385],[101.0336,14.1382],[101.0339,14.1374],[101.0361,14.1373],[101.0361,14.1395],[101.0358,14.1401]],[[101.0342,14.1393],[101.0356,14.1392],[101.0356,14.1379],[101.0342,14.1379],[101.0342,14.1393]]]}},{"type":"Feature","properties":{"kind":"flood","area_km2":0.074,"conf":"high","date":"2026-10-09"},"geometry":{"type":"Polygon","coordinates":[[[101.4399,14.0506],[101.438,14.0504],[101.4377,14.0493],[101.4424,14.0493],[101.4424,14.0501],[101.4399,14.0506]]]}},{"type":"Feature","properties":{"kind":"flood","area_km2":0.074,"conf":"high","date":"2026-10-09"},"geometry":{"type":"Polygon","coordinates":[[[101.1031,14.0262],[101.102,14.0243],[101.1029,14.0243],[101.1028,14.0229],[101.1042,14.0229],[101.1045,14.0224],[101.1045,14.0261],[101.1031,14.0262]]]}},{"type":"Feature","properties":{"kind":"flood","area_km2":0.074,"conf":"low","date":"2026-10-09"},"geometry":{"type":"Polygon","coordinates":[[[100.9912,14.0209],[100.9912,14.0154],[100.9914,14.0146],[100.9923,14.0146],[100.992,14.0179],[100.9926,14.0181],[100.9926,14.0192],[100.992,14.0195],[100.992,14.0209],[100.9912,14.0209]]]}},{"type":"Feature","properties":{"kind":"flood","area_km2":0.073,"conf":"low","date":"2026-10-09"},"geometry":{"type":"Polygon","coordinates":[[[101.031,14.2152],[101.0296,14.2139],[101.0295,14.2128],[101.0301,14.2122],[101.0315,14.2122],[101.0323,14.2133],[101.0321,14.2149],[101.031,14.2152]]]}},{"type":"Feature","properties":{"kind":"flood","area_km2":0.073,"conf":"low","date":"2026-10-09"},"geometry":{"type":"Polygon","coordinates":[[[101.0825,14.1722],[101.08,14.1719],[101.08,14.1711],[101.0814,14.1708],[101.0814,14.1684],[101.0831,14.1684],[101.0831,14.1695],[101.0825,14.1695],[101.0825,14.1722]]]}},{"type":"Feature","properties":{"kind":"flood","area_km2":0.073,"conf":"low","date":"2026-10-09"},"geometry":{"type":"Polygon","coordinates":[[[101.0853,14.167],[101.0847,14.1667],[101.0847,14.1657],[101.0858,14.1651],[101.0861,14.1643],[101.0869,14.1643],[101.0872,14.1651],[101.0883,14.1651],[101.0883,14.1662],[101.0853,14.167]]]}},{"type":"Feature","properties":{"kind":"flood","area_km2":0.073,"conf":"low","date":"2026-10-09"},"geometry":{"type":"Polygon","coordinates":[[[101.0195,14.109],[101.0194,14.1074],[101.0203,14.1066],[101.0203,14.1055],[101.0219,14.1052],[101.0222,14.1057],[101.0211,14.1074],[101.0211,14.1085],[101.0206,14.109],[101.0195,14.109]]]}},{"type":"Feature","properties":{"kind":"flood","area_km2":0.073,"conf":"low","date":"2026-10-09"},"geometry":{"type":"Polygon","coordinates":[[[101.1123,14.0857],[101.1126,14.0838],[101.112,14.0836],[101.112,14.0822],[101.1123,14.0817],[101.1131,14.0816],[101.1131,14.0825],[101.1137,14.0827],[101.1134,14.0838],[101.1142,14.0843],[101.1142,14.0857],[101.1123,14.0857]]]}},{"type":"Feature","properties":{"kind":"flood","area_km2":0.073,"conf":"low","date":"2026-10-09"},"geometry":{"type":"Polygon","coordinates":[[[101.7241,14.0194],[101.7241,14.0167],[101.7266,14.0167],[101.7266,14.0175],[101.7257,14.0181],[101.7258,14.0194],[101.7241,14.0194]]]}},{"type":"Feature","properties":{"kind":"flood","area_km2":0.073,"conf":"low","date":"2026-10-09"},"geometry":{"type":"Polygon","coordinates":[[[101.3344,14.0219],[101.3344,14.0202],[101.3349,14.0202],[101.3357,14.0194],[101.3369,14.0194],[101.3369,14.0202],[101.3371,14.0208],[101.3377,14.0208],[101.3377,14.0216],[101.3344,14.0219]]]}},{"type":"Feature","properties":{"kind":"flood","area_km2":0.073,"conf":"low","date":"2026-10-09"},"geometry":{"type":"Polygon","coordinates":[[[101.1696,14.009],[101.1677,14.0088],[101.1677,14.0072],[101.1693,14.0074],[101.1693,14.0061],[101.1685,14.0061],[101.1685,14.005],[101.1699,14.0047],[101.1693,14.005],[101.1693,14.0058],[101.1704,14.0058],[101.1707,14.0052],[101.1707,14.006],[101.1699,14.0071],[101.1696,14.009]]]}},{"type":"Feature","properties":{"kind":"flood","area_km2":0.072,"conf":"low","date":"2026-10-09"},"geometry":{"type":"Polygon","coordinates":[[[101.0353,14.0815],[101.0345,14.0807],[101.0348,14.0799],[101.0356,14.0799],[101.0356,14.0772],[101.037,14.0774],[101.037,14.0799],[101.0364,14.0801],[101.0364,14.0812],[101.0353,14.0815]]]}},{"type":"Feature","properties":{"kind":"flood","area_km2":0.072,"conf":"low","date":"2026-10-09"},"geometry":{"type":"Polygon","coordinates":[[[101.3223,14.0599],[101.3223,14.058],[101.3217,14.058],[101.3217,14.0572],[101.3239,14.0567],[101.3236,14.0583],[101.3245,14.0583],[101.3245,14.0591],[101.3237,14.0599],[101.3223,14.0599]]]}},{"type":"Feature","properties":{"kind":"flood","area_km2":0.072,"conf":"low","date":"2026-10-09"},"geometry":{"type":"Polygon","coordinates":[[[101.2995,14.0553],[101.2989,14.0542],[101.2975,14.0542],[101.2972,14.0518],[101.298,14.0518],[101.2983,14.0534],[101.2989,14.0534],[101.2989,14.0528],[101.2997,14.0528],[101.3006,14.0542],[101.3014,14.0542],[101.3008,14.0544],[101.3008,14.0553],[101.2995,14.0553]]]}},{"type":"Feature","properties":{"kind":"flood","area_km2":0.072,"conf":"low","date":"2026-10-09"},"geometry":{"type":"Polygon","coordinates":[[[101.2177,14.0441],[101.2185,14.0438],[101.2185,14.0425],[101.218,14.0422],[101.2188,14.0422],[101.2196,14.043],[101.2208,14.043],[101.2213,14.0427],[101.221,14.0411],[101.2227,14.0408],[101.2221,14.0433],[101.2199,14.0435],[101.2197,14.0441],[101.2177,14.0441]]]}},{"type":"Feature","properties":{"kind":"flood","area_km2":0.071,"conf":"low","date":"2026-10-09"},"geometry":{"type":"Polygon","coordinates":[[[101.4225,14.0543],[101.4219,14.053],[101.4219,14.0514],[101.4238,14.0511],[101.4238,14.0522],[101.4247,14.0532],[101.4244,14.0538],[101.4233,14.0535],[101.4233,14.0543],[101.4225,14.0543]]]}},{"type":"Feature","properties":{"kind":"flood","area_km2":0.071,"conf":"low","date":"2026-10-09"},"geometry":{"type":"Polygon","coordinates":[[[101.2943,14.0372],[101.2943,14.0358],[101.2918,14.0358],[101.2918,14.035],[101.2923,14.0345],[101.2931,14.0345],[101.2931,14.035],[101.2956,14.0353],[101.2959,14.0371],[101.2943,14.0372]]]}},{"type":"Feature","properties":{"kind":"flood","area_km2":0.071,"conf":"low","date":"2026-10-09"},"geometry":{"type":"Polygon","coordinates":[[[101.0587,14.0271],[101.059,14.026],[101.0587,14.0249],[101.0582,14.0249],[101.0581,14.0241],[101.0592,14.0233],[101.0601,14.0233],[101.0601,14.0271],[101.0587,14.0271]]]}},{"type":"Feature","properties":{"kind":"flood","area_km2":0.07,"conf":"low","date":"2026-10-09"},"geometry":{"type":"Polygon","coordinates":[[[101.0445,14.1741],[101.0442,14.1717],[101.0456,14.1717],[101.0458,14.1709],[101.047,14.1703],[101.0469,14.1698],[101.0481,14.1698],[101.0481,14.1709],[101.0475,14.1709],[101.0464,14.1722],[101.0459,14.1722],[101.0445,14.1741]]]}},{"type":"Feature","properties":{"kind":"flood","area_km2":0.07,"conf":"low","date":"2026-10-09"},"geometry":{"type":"Polygon","coordinates":[[[101.274,14.0661],[101.2737,14.0655],[101.2732,14.0656],[101.2737,14.0639],[101.2734,14.0628],[101.2729,14.0626],[101.2729,14.0612],[101.274,14.0612],[101.274,14.0628],[101.2751,14.0642],[101.2749,14.0661],[101.274,14.0661]]]}},{"type":"Feature","properties":{"kind":"flood","area_km2":0.07,"conf":"low","date":"2026-10-09"},"geometry":{"type":"Polygon","coordinates":[[[101.7372,14.0252],[101.7372,14.0242],[101.7383,14.0241],[101.7383,14.0236],[101.7391,14.0233],[101.7391,14.0225],[101.7405,14.0228],[101.7408,14.0244],[101.7394,14.0247],[101.7389,14.0252],[101.7372,14.0252]]]}},{"type":"Feature","properties":{"kind":"flood","area_km2":0.069,"conf":"low","date":"2026-10-09"},"geometry":{"type":"Polygon","coordinates":[[[101.0708,14.1688],[101.0691,14.1663],[101.0691,14.1655],[101.07,14.165],[101.0708,14.165],[101.0711,14.1669],[101.0719,14.1677],[101.0719,14.1685],[101.0708,14.1688]]]}},{"type":"Feature","properties":{"kind":"flood","area_km2":0.069,"conf":"low","date":"2026-10-09"},"geometry":{"type":"Polygon","coordinates":[[[101.0158,14.1402],[101.0158,14.1356],[101.0164,14.1351],[101.0172,14.1351],[101.017,14.1399],[101.0158,14.1402]]]}},{"type":"Feature","properties":{"kind":"flood","area_km2":0.069,"conf":"low","date":"2026-10-09"},"geometry":{"type":"Polygon","coordinates":[[[101.2144,14.0471],[101.2144,14.0466],[101.2116,14.0466],[101.2116,14.0458],[101.2133,14.045],[101.2144,14.045],[101.2144,14.0458],[101.2161,14.0458],[101.2161,14.0466],[101.2144,14.0471]]]}},{"type":"Feature","properties":{"kind":"flood","area_km2":0.069,"conf":"low","date":"2026-10-09"},"geometry":{"type":"Polygon","coordinates":[[[101.1008,14.0479],[101.1006,14.0465],[101.0989,14.0468],[101.0989,14.046],[101.0997,14.0452],[101.0997,14.0446],[101.1017,14.0449],[101.1014,14.0468],[101.1019,14.047],[101.102,14.0479],[101.1008,14.0479]]]}},{"type":"Feature","properties":{"kind":"flood","area_km2":0.069,"conf":"high","date":"2026-10-09"},"geometry":{"type":"Polygon","coordinates":[[[101.6757,14.0078],[101.6754,14.0064],[101.6748,14.0064],[101.6748,14.0051],[101.677,14.005],[101.6768,14.0064],[101.6779,14.0064],[101.6779,14.0072],[101.6757,14.0078]]]}},{"type":"Feature","properties":{"kind":"flood","area_km2":0.069,"conf":"low","date":"2026-10-09"},"geometry":{"type":"Polygon","coordinates":[[[101.1743,14.0079],[101.1743,14.0068],[101.1738,14.0068],[101.1738,14.0074],[101.1729,14.0074],[101.1729,14.0052],[101.174,14.0052],[101.174,14.006],[101.1746,14.006],[101.1749,14.0055],[101.176,14.0057],[101.176,14.0071],[101.1752,14.0079],[101.1743,14.0079]]]}},{"type":"Feature","properties":{"kind":"flood","area_km2":0.068,"conf":"low","date":"2026-10-09"},"geometry":{"type":"Polygon","coordinates":[[[101.0414,14.1725],[101.0414,14.1717],[101.0409,14.1715],[101.0417,14.1706],[101.0419,14.1687],[101.0425,14.1687],[101.0425,14.1682],[101.0439,14.1685],[101.0436,14.1712],[101.0428,14.1712],[101.0414,14.1725]],[[101.0419,14.1698],[101.0431,14.1709],[101.0431,14.1695],[101.0419,14.1698]]]}},{"type":"Feature","properties":{"kind":"flood","area_km2":0.068,"conf":"low","date":"2026-10-09"},"geometry":{"type":"Polygon","coordinates":[[[101.0516,14.0971],[101.0493,14.0966],[101.0493,14.0952],[101.0499,14.0952],[101.0499,14.0941],[101.0513,14.0944],[101.0513,14.0949],[101.0521,14.0955],[101.0516,14.0971]]]}},{"type":"Feature","properties":{"kind":"flood","area_km2":0.068,"conf":"low","date":"2026-10-09"},"geometry":{"type":"Polygon","coordinates":[[[101.1916,14.0682],[101.1902,14.0671],[101.1885,14.0669],[101.1879,14.0663],[101.1879,14.0653],[101.1896,14.0655],[101.1916,14.0671],[101.1927,14.0674],[101.1927,14.0682],[101.1916,14.0682]]]}},{"type":"Feature","properties":{"kind":"flood","area_km2":0.068,"conf":"low","date":"2026-10-09"},"geometry":{"type":"Polygon","coordinates":[[[101.0737,15.0105],[101.0737,15.0083],[101.0748,15.0083],[101.0748,15.0088],[101.0751,15.0083],[101.0762,15.0083],[101.0765,15.0088],[101.077,15.0088],[101.077,15.0096],[101.0765,15.0096],[101.0759,15.0105],[101.0737,15.0105]]]}},{"type":"Feature","properties":{"kind":"flood","area_km2":0.068,"conf":"low","date":"2026-10-09"},"geometry":{"type":"Polygon","coordinates":[[[101.0478,14.1747],[101.0475,14.173],[101.0481,14.173],[101.0484,14.1719],[101.0503,14.1717],[101.0506,14.1727],[101.0492,14.1741],[101.0487,14.1741],[101.0487,14.1746],[101.0478,14.1747]]]}},{"type":"Feature","properties":{"kind":"flood","area_km2":0.068,"conf":"low","date":"2026-10-09"},"geometry":{"type":"Polygon","coordinates":[[[101.0454,14.1568],[101.0463,14.1543],[101.0471,14.1541],[101.0476,14.153],[101.0485,14.153],[101.0482,14.1549],[101.0477,14.1551],[101.0477,14.1557],[101.0471,14.1557],[101.0468,14.1568],[101.0454,14.1568]]]}},{"type":"Feature","properties":{"kind":"flood","area_km2":0.068,"conf":"low","date":"2026-10-09"},"geometry":{"type":"Polygon","coordinates":[[[101.3386,14.0817],[101.3389,14.0804],[101.3386,14.0798],[101.3372,14.0796],[101.3375,14.0782],[101.3386,14.0782],[101.3386,14.0788],[101.3397,14.0787],[101.34,14.0793],[101.34,14.0812],[101.3394,14.0812],[101.3394,14.0817],[101.3386,14.0817]]]}},{"type":"Feature","properties":{"kind":"flood","area_km2":0.068,"conf":"low","date":"2026-10-09"},"geometry":{"type":"Polygon","coordinates":[[[101.0561,14.0789],[101.0561,14.0781],[101.0553,14.0781],[101.055,14.077],[101.0572,14.0764],[101.0575,14.0778],[101.0589,14.078],[101.0589,14.0789],[101.0561,14.0789]]]}},{"type":"Feature","properties":{"kind":"flood","area_km2":0.068,"conf":"low","date":"2026-10-09"},"geometry":{"type":"Polygon","coordinates":[[[101.3261,14.0523],[101.3261,14.0493],[101.3266,14.0485],[101.3274,14.0485],[101.3277,14.0518],[101.3261,14.0523]]]}},{"type":"Feature","properties":{"kind":"flood","area_km2":0.068,"conf":"low","date":"2026-10-09"},"geometry":{"type":"Polygon","coordinates":[[[101.0634,14.0533],[101.0634,14.0512],[101.0648,14.0501],[101.0662,14.0501],[101.0656,14.0533],[101.0653,14.0522],[101.064,14.0523],[101.064,14.0533],[101.0634,14.0533]]]}},{"type":"Feature","properties":{"kind":"flood","area_km2":0.068,"conf":"low","date":"2026-10-09"},"geometry":{"type":"Polygon","coordinates":[[[101.47,14.0067],[101.47,14.0053],[101.4694,14.0054],[101.4694,14.0048],[101.4688,14.0045],[101.4697,14.0043],[101.4697,14.0026],[101.4674,14.0024],[101.4696,14.0021],[101.4699,14.0029],[101.471,14.0029],[101.4711,14.0037],[101.4719,14.004],[101.4716,14.0045],[101.4708,14.0045],[101.4705,14.0067],[101.47,14.0067]],[[101.4702,14.0032],[101.4708,14.0037],[101.4708,14.0032],[101.4702,14.0032]]]}},{"type":"Feature","properties":{"kind":"flood","area_km2":0.067,"conf":"low","date":"2026-10-09"},"geometry":{"type":"Polygon","coordinates":[[[101.025,14.1982],[101.0247,14.1976],[101.0236,14.1974],[101.0236,14.1966],[101.0247,14.1952],[101.0255,14.1952],[101.0263,14.1957],[101.0264,14.1968],[101.0258,14.1971],[101.0258,14.1979],[101.025,14.1982]]]}},{"type":"Feature","properties":{"kind":"flood","area_km2":0.067,"conf":"low","date":"2026-10-09"},"geometry":{"type":"Polygon","coordinates":[[[101.449,14.0722],[101.449,14.0712],[101.4496,14.0706],[101.4504,14.0706],[101.4507,14.07],[101.4523,14.0703],[101.4529,14.0708],[101.4526,14.0722],[101.4518,14.0722],[101.4509,14.0711],[101.4501,14.0722],[101.449,14.0722]]]}},{"type":"Feature","properties":{"kind":"flood","area_km2":0.067,"conf":"low","date":"2026-10-09"},"geometry":{"type":"Polygon","coordinates":[[[101.1389,14.0177],[101.1386,14.0166],[101.1372,14.0169],[101.1355,14.0161],[101.1352,14.0148],[101.1364,14.0148],[101.1375,14.0156],[101.1383,14.0155],[101.1386,14.0161],[101.14,14.0161],[101.1392,14.0164],[101.1389,14.0177]]]}},{"type":"Feature","properties":{"kind":"flood","area_km2":0.067,"conf":"low","date":"2026-10-09"},"geometry":{"type":"Polygon","coordinates":[[[101.1394,14.0082],[101.1377,14.008],[101.1377,14.0069],[101.1391,14.0066],[101.1391,14.0055],[101.1399,14.0047],[101.141,14.0047],[101.141,14.0058],[101.1399,14.0066],[101.1394,14.0082]]]}},{"type":"Feature","properties":{"kind":"flood","area_km2":0.066,"conf":"low","date":"2026-10-09"},"geometry":{"type":"Polygon","coordinates":[[[101.4964,14.0875],[101.4963,14.0842],[101.4975,14.0839],[101.4975,14.0853],[101.498,14.0853],[101.4981,14.0875],[101.4964,14.0875]]]}},{"type":"Feature","properties":{"kind":"flood","area_km2":0.066,"conf":"low","date":"2026-10-09"},"geometry":{"type":"Polygon","coordinates":[[[101.2292,14.0852],[101.2295,14.0839],[101.23,14.0838],[101.2306,14.083],[101.2323,14.0833],[101.2323,14.0852],[101.2292,14.0852]]]}},{"type":"Feature","properties":{"kind":"flood","area_km2":0.066,"conf":"high","date":"2026-10-09"},"geometry":{"type":"Polygon","coordinates":[[[101.4907,14.0471],[101.489,14.0463],[101.489,14.0453],[101.4895,14.0447],[101.4915,14.0447],[101.4915,14.0461],[101.4923,14.0463],[101.4923,14.0469],[101.4907,14.0471]],[[101.4904,14.0458],[101.4909,14.0461],[101.4909,14.0458],[101.4904,14.0458]]]}},{"type":"Feature","properties":{"kind":"flood","area_km2":0.066,"conf":"low","date":"2026-10-09"},"geometry":{"type":"Polygon","coordinates":[[[101.2768,14.0343],[101.2767,14.0319],[101.2803,14.0321],[101.2804,14.0335],[101.2801,14.0327],[101.2776,14.0327],[101.2776,14.0338],[101.2798,14.0338],[101.2798,14.0343],[101.2768,14.0343]]]}},{"type":"Feature","properties":{"kind":"flood","area_km2":0.066,"conf":"low","date":"2026-10-09"},"geometry":{"type":"Polygon","coordinates":[[[101.155,14.0211],[101.1533,14.0203],[101.1539,14.0184],[101.1553,14.0184],[101.1553,14.0189],[101.1558,14.0192],[101.1561,14.0211],[101.155,14.0211]]]}},{"type":"Feature","properties":{"kind":"flood","area_km2":0.066,"conf":"high","date":"2026-10-09"},"geometry":{"type":"Polygon","coordinates":[[[101.3386,14.0001],[101.3386,13.9993],[101.3397,13.9988],[101.3402,13.9969],[101.3416,13.9969],[101.3416,13.9979],[101.3411,13.9985],[101.3408,13.9999],[101.3386,14.0001]]]}},{"type":"Feature","properties":{"kind":"flood","area_km2":0.065,"conf":"low","date":"2026-10-04"},"geometry":{"type":"Polygon","coordinates":[[[101.7715,14.5169],[101.7715,14.5156],[101.772,14.5145],[101.7754,14.5145],[101.7751,14.5153],[101.7737,14.5156],[101.7726,14.5164],[101.7726,14.5169],[101.7715,14.5169]]]}},{"type":"Feature","properties":{"kind":"flood","area_km2":0.065,"conf":"low","date":"2026-10-09"},"geometry":{"type":"Polygon","coordinates":[[[101.1119,14.1353],[101.1119,14.1345],[101.1125,14.1345],[101.1127,14.1332],[101.1136,14.1329],[101.1136,14.1318],[101.1149,14.1315],[101.1147,14.1329],[101.1138,14.1329],[101.1141,14.135],[101.1119,14.1353]]]}},{"type":"Feature","properties":{"kind":"flood","area_km2":0.065,"conf":"low","date":"2026-10-09"},"geometry":{"type":"Polygon","coordinates":[[[101.2634,14.0862],[101.2634,14.0854],[101.2648,14.0849],[101.2648,14.0838],[101.2656,14.083],[101.2664,14.083],[101.2667,14.0838],[101.2678,14.0846],[101.2678,14.0854],[101.2673,14.0854],[101.267,14.0859],[101.267,14.0843],[101.2653,14.0843],[101.2653,14.0857],[101.2645,14.0857],[101.2645,14.0862],[101.2634,14.0862]]]}},{"type":"Feature","properties":{"kind":"flood","area_km2":0.065,"conf":"low","date":"2026-10-09"},"geometry":{"type":"Polygon","coordinates":[[[101.1182,14.0586],[101.1182,14.0577],[101.1198,14.0577],[101.1201,14.0572],[101.1201,14.0566],[101.1193,14.0567],[101.1192,14.0558],[101.1187,14.0558],[101.1187,14.055],[101.1195,14.055],[101.1195,14.0556],[101.1209,14.0558],[101.1209,14.0572],[101.1215,14.0572],[101.1215,14.058],[101.1182,14.0586]]]}},{"type":"Feature","properties":{"kind":"flood","area_km2":0.065,"conf":"high","date":"2026-10-09"},"geometry":{"type":"Polygon","coordinates":[[[101.4861,14.0374],[101.485,14.0366],[101.482,14.0372],[101.482,14.0364],[101.4833,14.0366],[101.4844,14.0358],[101.4844,14.0353],[101.4867,14.0355],[101.487,14.0372],[101.4861,14.0374]]]}},{"type":"Feature","properties":{"kind":"flood","area_km2":0.065,"conf":"low","date":"2026-10-09"},"geometry":{"type":"Polygon","coordinates":[[[101.0633,14.0368],[101.063,14.0363],[101.0638,14.0363],[101.0638,14.0327],[101.0649,14.0325],[101.0663,14.0349],[101.0641,14.0349],[101.0644,14.0368],[101.0633,14.0368]]]}},{"type":"Feature","properties":{"kind":"flood","area_km2":0.065,"conf":"high","date":"2026-10-09"},"geometry":{"type":"Polygon","coordinates":[[[101.479,14.0166],[101.4789,14.0153],[101.4784,14.015],[101.4781,14.0139],[101.4764,14.014],[101.4759,14.0123],[101.4773,14.0123],[101.4789,14.0134],[101.4795,14.015],[101.4795,14.0161],[101.479,14.0166]]]}},{"type":"Feature","properties":{"kind":"flood","area_km2":0.064,"conf":"low","date":"2026-10-04"},"geometry":{"type":"Polygon","coordinates":[[[101.9546,14.8314],[101.9543,14.8301],[101.956,14.83],[101.9562,14.8284],[101.957,14.8284],[101.9571,14.8311],[101.9546,14.8314]]]}},{"type":"Feature","properties":{"kind":"flood","area_km2":0.064,"conf":"low","date":"2026-10-09"},"geometry":{"type":"Polygon","coordinates":[[[101.4347,14.6977],[101.4344,14.6963],[101.4352,14.6963],[101.4358,14.6957],[101.4358,14.6947],[101.4374,14.6946],[101.4374,14.6957],[101.4366,14.6957],[101.4374,14.696],[101.4375,14.6968],[101.4361,14.6968],[101.4355,14.6976],[101.4347,14.6977]]]}},{"type":"Feature","properties":{"kind":"flood","area_km2":0.064,"conf":"low","date":"2026-10-09"},"geometry":{"type":"Polygon","coordinates":[[[101.1281,14.2336],[101.1281,14.2322],[101.1267,14.2312],[101.1267,14.2301],[101.1286,14.2301],[101.1284,14.2314],[101.1295,14.232],[101.1295,14.2328],[101.1301,14.2328],[101.1284,14.2331],[101.1281,14.2336]]]}},{"type":"Feature","properties":{"kind":"flood","area_km2":0.064,"conf":"low","date":"2026-10-09"},"geometry":{"type":"Polygon","coordinates":[[[101.0759,14.1443],[101.0759,14.1438],[101.0748,14.143],[101.0745,14.1435],[101.0734,14.1435],[101.0734,14.143],[101.0728,14.143],[101.0728,14.1422],[101.0734,14.1422],[101.0731,14.1411],[101.075,14.1416],[101.075,14.1422],[101.0762,14.1427],[101.0759,14.1443]]]}},{"type":"Feature","properties":{"kind":"flood","area_km2":0.064,"conf":"low","date":"2026-10-09"},"geometry":{"type":"Polygon","coordinates":[[[101.0995,14.1167],[101.0998,14.1156],[101.0992,14.1148],[101.0992,14.1138],[101.0978,14.1138],[101.0976,14.1146],[101.0973,14.1127],[101.0989,14.1129],[101.0995,14.114],[101.1006,14.1146],[101.1009,14.1165],[101.0995,14.1167]]]}},{"type":"Feature","properties":{"kind":"flood","area_km2":0.064,"conf":"low","date":"2026-10-09"},"geometry":{"type":"Polygon","coordinates":[[[101.0851,14.0559],[101.0848,14.0548],[101.0842,14.0548],[101.084,14.054],[101.0837,14.0545],[101.0823,14.0545],[101.0823,14.0537],[101.0828,14.0537],[101.0828,14.0532],[101.084,14.0532],[101.084,14.0537],[101.0862,14.0537],[101.0862,14.0559],[101.0851,14.0559]]]}},{"type":"Feature","properties":{"kind":"flood","area_km2":0.064,"conf":"low","date":"2026-10-09"},"geometry":{"type":"Polygon","coordinates":[[[101.314,14.0397],[101.3121,14.0389],[101.3118,14.0378],[101.3137,14.0375],[101.3146,14.0383],[101.3154,14.0383],[101.3151,14.0397],[101.314,14.0397]]]}},{"type":"Feature","properties":{"kind":"flood","area_km2":0.064,"conf":"low","date":"2026-10-09"},"geometry":{"type":"Polygon","coordinates":[[[101.1027,14.0343],[101.1027,14.0335],[101.1032,14.0329],[101.104,14.0329],[101.1046,14.0318],[101.1051,14.0318],[101.1051,14.0313],[101.1065,14.0316],[101.1065,14.0324],[101.1057,14.0326],[101.1052,14.0337],[101.1027,14.0343]]]}},{"type":"Feature","properties":{"kind":"flood","area_km2":0.063,"conf":"low","date":"2026-10-09"},"geometry":{"type":"Polygon","coordinates":[[[101.009,15.0111],[101.009,15.0102],[101.0096,15.0102],[101.0098,15.0097],[101.0118,15.0097],[101.0126,15.0108],[101.014,15.0107],[101.014,15.0099],[101.0146,15.0099],[101.0149,15.0105],[101.0149,15.011],[101.009,15.0111]]]}},{"type":"Feature","properties":{"kind":"flood","area_km2":0.063,"conf":"low","date":"2026-10-09"},"geometry":{"type":"Polygon","coordinates":[[[101.2554,14.1525],[101.2554,14.1508],[101.2549,14.1506],[101.2548,14.1498],[101.256,14.1495],[101.2565,14.1506],[101.2574,14.1511],[101.2574,14.1524],[101.2554,14.1525]]]}},{"type":"Feature","properties":{"kind":"flood","area_km2":0.063,"conf":"low","date":"2026-10-09"},"geometry":{"type":"Polygon","coordinates":[[[101.1113,14.1286],[101.1091,14.128],[101.1091,14.1272],[101.1093,14.1267],[101.1099,14.1267],[101.1099,14.1261],[101.1116,14.1261],[101.1119,14.1277],[101.1113,14.1286]]]}},{"type":"Feature","properties":{"kind":"flood","area_km2":0.063,"conf":"low","date":"2026-10-09"},"geometry":{"type":"Polygon","coordinates":[[[101.4935,14.107],[101.4935,14.104],[101.4955,14.1037],[101.496,14.1054],[101.4944,14.1056],[101.4947,14.107],[101.4935,14.107]]]}},{"type":"Feature","properties":{"kind":"flood","area_km2":0.063,"conf":"low","date":"2026-10-09"},"geometry":{"type":"Polygon","coordinates":[[[101.2444,14.0146],[101.2443,14.0135],[101.2424,14.0135],[101.2421,14.0122],[101.2429,14.0119],[101.2427,14.013],[101.2443,14.013],[101.2443,14.0116],[101.2438,14.0113],[101.2468,14.0119],[101.2468,14.0124],[101.2449,14.0121],[101.2449,14.0132],[101.2455,14.0132],[101.2455,14.0146],[101.2444,14.0146]]]}},{"type":"Feature","properties":{"kind":"flood","area_km2":0.062,"conf":"low","date":"2026-10-09"},"geometry":{"type":"Polygon","coordinates":[[[101.0465,14.2124],[101.0462,14.2118],[101.044,14.2121],[101.0434,14.2116],[101.0434,14.2107],[101.0445,14.2107],[101.0445,14.2113],[101.0454,14.2113],[101.0459,14.2107],[101.0476,14.2107],[101.0476,14.2123],[101.0465,14.2124]]]}},{"type":"Feature","properties":{"kind":"flood","area_km2":0.062,"conf":"low","date":"2026-10-09"},"geometry":{"type":"Polygon","coordinates":[[[101.0659,14.1786],[101.0659,14.1772],[101.0667,14.1767],[101.0667,14.1761],[101.0678,14.1761],[101.0678,14.1767],[101.0687,14.1772],[101.0687,14.178],[101.0681,14.1785],[101.0659,14.1786]]]}},{"type":"Feature","properties":{"kind":"flood","area_km2":0.062,"conf":"low","date":"2026-10-09"},"geometry":{"type":"Polygon","coordinates":[[[101.2487,14.1151],[101.2487,14.1138],[101.2478,14.1135],[101.2478,14.1146],[101.247,14.1146],[101.2467,14.113],[101.2492,14.1127],[101.2495,14.1135],[101.25,14.1135],[101.2498,14.1151],[101.2487,14.1151]]]}},{"type":"Feature","properties":{"kind":"flood","area_km2":0.062,"conf":"low","date":"2026-10-09"},"geometry":{"type":"Polygon","coordinates":[[[101.4957,14.0772],[101.4965,14.0769],[101.4965,14.0758],[101.4976,14.0758],[101.4976,14.0744],[101.499,14.0744],[101.499,14.0769],[101.4974,14.0766],[101.4971,14.0772],[101.4957,14.0772]]]}},{"type":"Feature","properties":{"kind":"flood","area_km2":0.062,"conf":"low","date":"2026-10-09"},"geometry":{"type":"Polygon","coordinates":[[[101.2377,14.0765],[101.2375,14.0751],[101.2383,14.0751],[101.2388,14.0743],[101.2411,14.0745],[101.2408,14.0756],[101.2394,14.0756],[101.2394,14.0762],[101.2377,14.0765]]]}},{"type":"Feature","properties":{"kind":"flood","area_km2":0.062,"conf":"low","date":"2026-10-09"},"geometry":{"type":"Polygon","coordinates":[[[101.1887,14.0338],[101.1887,14.0324],[101.1895,14.0308],[101.1895,14.0292],[101.1909,14.0292],[101.1898,14.0335],[101.1887,14.0338]]]}},{"type":"Feature","properties":{"kind":"flood","area_km2":0.062,"conf":"low","date":"2026-10-09"},"geometry":{"type":"Polygon","coordinates":[[[101.1814,14.0257],[101.1814,14.0247],[101.1806,14.0247],[101.1809,14.0236],[101.1825,14.0238],[101.1831,14.0236],[101.1831,14.023],[101.1853,14.0235],[101.185,14.0252],[101.1848,14.0246],[101.1823,14.0241],[101.182,14.0257],[101.1814,14.0257]]]}},{"type":"Feature","properties":{"kind":"flood","area_km2":0.062,"conf":"low","date":"2026-10-09"},"geometry":{"type":"Polygon","coordinates":[[[101.3864,14.0075],[101.3847,14.0062],[101.3842,14.0046],[101.385,14.0046],[101.3861,14.0056],[101.3872,14.0059],[101.3875,14.0075],[101.3864,14.0075]]]}},{"type":"Feature","properties":{"kind":"flood","area_km2":0.061,"conf":"low","date":"2026-10-09"},"geometry":{"type":"Polygon","coordinates":[[[101.2032,14.1239],[101.2032,14.1226],[101.2018,14.1226],[101.2018,14.1212],[101.2035,14.1212],[101.2049,14.1226],[101.2049,14.1237],[101.2032,14.1239]],[[101.2029,14.122],[101.2032,14.1223],[101.2032,14.122],[101.2029,14.122]]]}},{"type":"Feature","properties":{"kind":"flood","area_km2":0.061,"conf":"low","date":"2026-10-09"},"geometry":{"type":"Polygon","coordinates":[[[101.3167,14.0323],[101.3162,14.0318],[101.3145,14.0321],[101.3145,14.031],[101.3153,14.0305],[101.3175,14.0307],[101.3181,14.0312],[101.3181,14.0321],[101.3167,14.0323]]]}},{"type":"Feature","properties":{"kind":"flood","area_km2":0.061,"conf":"low","date":"2026-10-09"},"geometry":{"type":"Polygon","coordinates":[[[101.138,14.0139],[101.138,14.0134],[101.1372,14.0134],[101.1372,14.0126],[101.1366,14.0131],[101.1358,14.0131],[101.1361,14.012],[101.1374,14.012],[101.1374,14.0107],[101.138,14.0107],[101.1377,14.0118],[101.1394,14.0123],[101.1391,14.0139],[101.138,14.0139]]]}},{"type":"Feature","properties":{"kind":"flood","area_km2":0.06,"conf":"low","date":"2026-10-09"},"geometry":{"type":"Polygon","coordinates":[[[101.0165,14.0865],[101.0164,14.0817],[101.0176,14.0814],[101.0173,14.0865],[101.0165,14.0865]]]}},{"type":"Feature","properties":{"kind":"flood","area_km2":0.06,"conf":"low","date":"2026-10-09"},"geometry":{"type":"Polygon","coordinates":[[[101.0,14.0804],[101.0,14.0753],[101.0017,14.0747],[101.0017,14.0769],[101.0006,14.0769],[101.0003,14.0775],[101.0006,14.0804],[101.0,14.0804]]]}},{"type":"Feature","properties":{"kind":"flood","area_km2":0.06,"conf":"low","date":"2026-10-09"},"geometry":{"type":"Polygon","coordinates":[[[101.5388,14.0561],[101.5385,14.0545],[101.5424,14.0545],[101.5424,14.0553],[101.5407,14.0553],[101.5402,14.0561],[101.5388,14.0561]]]}},{"type":"Feature","properties":{"kind":"flood","area_km2":0.06,"conf":"low","date":"2026-10-09"},"geometry":{"type":"Polygon","coordinates":[[[101.0307,14.0303],[101.0312,14.0268],[101.0321,14.0268],[101.0326,14.0273],[101.0326,14.0292],[101.0321,14.03],[101.0307,14.0303]]]}},{"type":"Feature","properties":{"kind":"flood","area_km2":0.06,"conf":"low","date":"2026-10-09"},"geometry":{"type":"Polygon","coordinates":[[[101.0475,14.0152],[101.0475,14.0123],[101.0469,14.0123],[101.0469,14.0106],[101.0486,14.0106],[101.0486,14.0114],[101.0478,14.0115],[101.0478,14.0123],[101.0486,14.0123],[101.0486,14.015],[101.0475,14.0152]]]}},{"type":"Feature","properties":{"kind":"flood","area_km2":0.059,"conf":"low","date":"2026-10-09"},"geometry":{"type":"Polygon","coordinates":[[[101.1907,14.2116],[101.1899,14.2105],[101.1893,14.2105],[101.1896,14.2092],[101.1907,14.2092],[101.1907,14.2097],[101.1924,14.2102],[101.1924,14.2111],[101.1918,14.2116],[101.1907,14.2116]]]}},{"type":"Feature","properties":{"kind":"flood","area_km2":0.059,"conf":"low","date":"2026-10-09"},"geometry":{"type":"Polygon","coordinates":[[[101.2731,14.0596],[101.2734,14.0577],[101.2717,14.0582],[101.2717,14.0574],[101.2725,14.0566],[101.2748,14.0571],[101.2742,14.0574],[101.2742,14.059],[101.2748,14.0596],[101.2731,14.0596]]]}},{"type":"Feature","properties":{"kind":"flood","area_km2":0.059,"conf":"low","date":"2026-10-09"},"geometry":{"type":"Polygon","coordinates":[[[101.1203,14.0444],[101.12,14.0423],[101.1194,14.042],[101.1197,14.0407],[101.1208,14.0406],[101.1208,14.0417],[101.1213,14.0425],[101.1214,14.0444],[101.1203,14.0444]]]}},{"type":"Feature","properties":{"kind":"flood","area_km2":0.059,"conf":"low","date":"2026-10-04"},"geometry":{"type":"Polygon","coordinates":[[[101.9915,14.9033],[101.9918,14.9022],[101.9912,14.9014],[101.9931,14.9011],[101.9931,14.9005],[101.9948,14.9008],[101.9945,14.9024],[101.992,14.9022],[101.992,14.903],[101.9915,14.9033]]]}},{"type":"Feature","properties":{"kind":"flood","area_km2":0.059,"conf":"low","date":"2026-10-09"},"geometry":{"type":"Polygon","coordinates":[[[101.0324,14.6207],[101.0319,14.6205],[101.0313,14.617],[101.0327,14.6169],[101.0329,14.6183],[101.0335,14.6188],[101.0335,14.6194],[101.0324,14.6199],[101.0324,14.6207]]]}},{"type":"Feature","properties":{"kind":"flood","area_km2":0.059,"conf":"low","date":"2026-10-09"},"geometry":{"type":"Polygon","coordinates":[[[101.1558,14.2233],[101.1555,14.222],[101.1561,14.222],[101.1566,14.2209],[101.1577,14.2209],[101.158,14.223],[101.1558,14.2233]]]}},{"type":"Feature","properties":{"kind":"flood","area_km2":0.059,"conf":"low","date":"2026-10-09"},"geometry":{"type":"Polygon","coordinates":[[[101.0051,14.2157],[101.0048,14.2119],[101.0065,14.2116],[101.0065,14.213],[101.0059,14.2132],[101.0062,14.2151],[101.006,14.2157],[101.0051,14.2157]]]}},{"type":"Feature","properties":{"kind":"flood","area_km2":0.059,"conf":"low","date":"2026-10-09"},"geometry":{"type":"Polygon","coordinates":[[[101.0174,14.1581],[101.0174,14.1573],[101.0179,14.1573],[101.0179,14.1565],[101.019,14.1557],[101.019,14.1551],[101.0199,14.1548],[101.0199,14.1543],[101.0207,14.1543],[101.0207,14.1551],[101.0201,14.1551],[101.0202,14.1565],[101.0196,14.1567],[101.0196,14.1573],[101.0182,14.1573],[101.0182,14.1581],[101.0174,14.1581]]]}},{"type":"Feature","properties":{"kind":"flood","area_km2":0.059,"conf":"low","date":"2026-10-09"},"geometry":{"type":"Polygon","coordinates":[[[101.2011,14.1337],[101.2011,14.1332],[101.1997,14.1324],[101.1997,14.1316],[101.2033,14.1323],[101.2033,14.1334],[101.2011,14.1337]]]}},{"type":"Feature","properties":{"kind":"flood","area_km2":0.059,"conf":"high","date":"2026-10-09"},"geometry":{"type":"Polygon","coordinates":[[[101.5426,14.0463],[101.5426,14.0458],[101.5417,14.0458],[101.5417,14.0453],[101.5412,14.045],[101.5412,14.0439],[101.5426,14.0439],[101.5434,14.0452],[101.5448,14.0452],[101.5448,14.046],[101.5426,14.0463]]]}},{"type":"Feature","properties":{"kind":"flood","area_km2":0.059,"conf":"low","date":"2026-10-09"},"geometry":{"type":"Polygon","coordinates":[[[101.3163,14.0147],[101.3168,14.012],[101.3182,14.012],[101.3185,14.0142],[101.3179,14.0142],[101.3179,14.0147],[101.3163,14.0147]]]}},{"type":"Feature","properties":{"kind":"flood","area_km2":0.058,"conf":"low","date":"2026-10-04"},"geometry":{"type":"Polygon","coordinates":[[[101.6858,14.8306],[101.6855,14.8288],[101.6849,14.8288],[101.6849,14.8279],[101.6871,14.8274],[101.6866,14.8306],[101.6858,14.8306]]]}},{"type":"Feature","properties":{"kind":"flood","area_km2":0.058,"conf":"low","date":"2026-10-09"},"geometry":{"type":"Polygon","coordinates":[[[101.0685,14.1547],[101.0682,14.1539],[101.0668,14.1542],[101.0668,14.1531],[101.0662,14.1531],[101.0676,14.1528],[101.0676,14.1509],[101.0682,14.1509],[101.0682,14.1501],[101.0684,14.1506],[101.069,14.1506],[101.069,14.1514],[101.0682,14.1525],[101.0682,14.1536],[101.069,14.1536],[101.0685,14.1547]]]}},{"type":"Feature","properties":{"kind":"flood","area_km2":0.058,"conf":"low","date":"2026-10-09"},"geometry":{"type":"Polygon","coordinates":[[[101.3273,14.0607],[101.3248,14.0605],[101.3248,14.0596],[101.3259,14.0596],[101.3259,14.0585],[101.3281,14.0588],[101.3281,14.0599],[101.3273,14.0607]]]}},{"type":"Feature","properties":{"kind":"flood","area_km2":0.058,"conf":"low","date":"2026-10-09"},"geometry":{"type":"Polygon","coordinates":[[[101.3361,14.0305],[101.3331,14.0303],[101.3325,14.0297],[101.3325,14.0284],[101.3333,14.0284],[101.3336,14.0292],[101.3361,14.0292],[101.3361,14.0305]]]}},{"type":"Feature","properties":{"kind":"flood","area_km2":0.058,"conf":"low","date":"2026-10-09"},"geometry":{"type":"Polygon","coordinates":[[[101.7445,14.0056],[101.7442,14.0048],[101.7436,14.0048],[101.7431,14.004],[101.7422,14.004],[101.7425,14.003],[101.7433,14.0029],[101.7442,14.004],[101.7458,14.0037],[101.7458,14.0048],[101.7453,14.0051],[101.7453,14.0056],[101.7445,14.0056]]]}},{"type":"Feature","properties":{"kind":"flood","area_km2":0.057,"conf":"low","date":"2026-10-09"},"geometry":{"type":"Polygon","coordinates":[[[101.5322,14.8985],[101.5314,14.8977],[101.5314,14.8969],[101.5319,14.8964],[101.5316,14.8958],[101.5322,14.8958],[101.5319,14.8945],[101.5328,14.8947],[101.5328,14.8963],[101.5333,14.8969],[101.5333,14.8982],[101.5322,14.8985]]]}},{"type":"Feature","properties":{"kind":"flood","area_km2":0.057,"conf":"low","date":"2026-10-09"},"geometry":{"type":"Polygon","coordinates":[[[101.0622,14.1989],[101.0622,14.1981],[101.0628,14.1976],[101.0636,14.1976],[101.0641,14.197],[101.0661,14.1973],[101.0661,14.1981],[101.0622,14.1989]]]}},{"type":"Feature","properties":{"kind":"flood","area_km2":0.057,"conf":"low","date":"2026-10-09"},"geometry":{"type":"Polygon","coordinates":[[[101.0483,14.1698],[101.0481,14.1687],[101.0486,14.1687],[101.0491,14.1665],[101.05,14.1665],[101.05,14.167],[101.0508,14.1673],[101.0508,14.1681],[101.0503,14.1681],[101.0503,14.1687],[101.0497,14.1687],[101.0492,14.1698],[101.0483,14.1698]]]}},{"type":"Feature","properties":{"kind":"flood","area_km2":0.057,"conf":"low","date":"2026-10-09"},"geometry":{"type":"Polygon","coordinates":[[[101.0381,14.0823],[101.037,14.082],[101.037,14.0799],[101.0375,14.0796],[101.0375,14.0785],[101.0386,14.0782],[101.0381,14.0823]]]}},{"type":"Feature","properties":{"kind":"flood","area_km2":0.057,"conf":"low","date":"2026-10-09"},"geometry":{"type":"Polygon","coordinates":[[[101.3385,14.0698],[101.3385,14.0682],[101.339,14.0676],[101.3412,14.0676],[101.3407,14.0695],[101.3385,14.0698]]]}},{"type":"Feature","properties":{"kind":"flood","area_km2":0.057,"conf":"low","date":"2026-10-09"},"geometry":{"type":"Polygon","coordinates":[[[101.0158,14.0367],[101.0157,14.0331],[101.016,14.0323],[101.0168,14.0323],[101.0171,14.0342],[101.0166,14.0345],[101.0166,14.0367],[101.0158,14.0367]]]}},{"type":"Feature","properties":{"kind":"flood","area_km2":0.057,"conf":"low","date":"2026-10-09"},"geometry":{"type":"Polygon","coordinates":[[[101.242,14.0265],[101.2417,14.026],[101.2409,14.026],[101.2409,14.0249],[101.242,14.0249],[101.242,14.0244],[101.2433,14.0244],[101.2436,14.0265],[101.242,14.0265]]]}},{"type":"Feature","properties":{"kind":"flood","area_km2":0.057,"conf":"low","date":"2026-10-09"},"geometry":{"type":"Polygon","coordinates":[[[101.0542,14.0201],[101.0539,14.0182],[101.0559,14.0176],[101.0562,14.0201],[101.0542,14.0201]]]}},{"type":"Feature","properties":{"kind":"flood","area_km2":0.057,"conf":"low","date":"2026-10-09"},"geometry":{"type":"Polygon","coordinates":[[[101.393,14.0029],[101.3925,14.0002],[101.3947,13.9999],[101.3944,14.0023],[101.3939,14.0023],[101.3939,14.0029],[101.393,14.0029]]]}},{"type":"Feature","properties":{"kind":"flood","area_km2":0.056,"conf":"low","date":"2026-10-09"},"geometry":{"type":"Polygon","coordinates":[[[101.1049,14.8643],[101.1046,14.8606],[101.104,14.8603],[101.104,14.8595],[101.1046,14.8603],[101.1057,14.8603],[101.1063,14.8614],[101.1063,14.8622],[101.1049,14.8619],[101.1049,14.8625],[101.1057,14.8624],[101.1057,14.8633],[101.1049,14.8643]]]}},{"type":"Feature","properties":{"kind":"flood","area_km2":0.056,"conf":"low","date":"2026-10-09"},"geometry":{"type":"Polygon","coordinates":[[[101.0017,14.2377],[101.0014,14.2352],[101.0017,14.2347],[101.0022,14.2347],[101.0022,14.2339],[101.0033,14.2339],[101.0028,14.2371],[101.0025,14.2377],[101.0017,14.2377]]]}},{"type":"Feature","properties":{"kind":"flood","area_km2":0.056,"conf":"low","date":"2026-10-09"},"geometry":{"type":"Polygon","coordinates":[[[101.0517,14.1773],[101.0515,14.176],[101.0534,14.1738],[101.0534,14.1752],[101.0539,14.1751],[101.0537,14.1762],[101.0529,14.1773],[101.0517,14.1773]]]}},{"type":"Feature","properties":{"kind":"flood","area_km2":0.056,"conf":"low","date":"2026-10-09"},"geometry":{"type":"Polygon","coordinates":[[[101.1403,14.0494],[101.1403,14.0475],[101.1428,14.0478],[101.1428,14.0467],[101.1439,14.0475],[101.1439,14.0483],[101.1428,14.0494],[101.1422,14.0483],[101.1419,14.0483],[101.1419,14.0486],[101.1406,14.0486],[101.1403,14.0494]],[[101.1417,14.0481],[101.1419,14.0483],[101.1419,14.048],[101.1417,14.0481]]]}},{"type":"Feature","properties":{"kind":"flood","area_km2":0.056,"conf":"low","date":"2026-10-09"},"geometry":{"type":"Polygon","coordinates":[[[101.1508,14.0412],[101.1502,14.0404],[101.1491,14.0404],[101.1491,14.0396],[101.1507,14.0377],[101.1516,14.0377],[101.1507,14.0385],[101.1508,14.0398],[101.1521,14.0401],[101.1516,14.0404],[101.1516,14.0412],[101.1508,14.0412]]]}},{"type":"Feature","properties":{"kind":"flood","area_km2":0.056,"conf":"low","date":"2026-10-09"},"geometry":{"type":"Polygon","coordinates":[[[101.1849,14.0355],[101.1857,14.033],[101.1868,14.033],[101.1874,14.0352],[101.1849,14.0355]]]}},{"type":"Feature","properties":{"kind":"flood","area_km2":0.056,"conf":"high","date":"2026-10-09"},"geometry":{"type":"Polygon","coordinates":[[[101.0886,14.01],[101.088,14.0095],[101.0883,14.0081],[101.0902,14.0078],[101.0902,14.01],[101.0886,14.01]]]}},{"type":"Feature","properties":{"kind":"flood","area_km2":0.056,"conf":"low","date":"2026-10-09"},"geometry":{"type":"Polygon","coordinates":[[[101.066,14.0021],[101.0657,14.0005],[101.0663,13.9994],[101.0679,13.9994],[101.0674,14.0018],[101.066,14.0021]]]}},{"type":"Feature","properties":{"kind":"flood","area_km2":0.055,"conf":"low","date":"2026-10-09"},"geometry":{"type":"Polygon","coordinates":[[[101.3266,14.2968],[101.3263,14.296],[101.3255,14.296],[101.3258,14.2936],[101.3252,14.2936],[101.3249,14.293],[101.3263,14.293],[101.3272,14.2938],[101.3269,14.2957],[101.3275,14.2962],[101.3272,14.2968],[101.3266,14.2968]]]}},{"type":"Feature","properties":{"kind":"flood","area_km2":0.055,"conf":"low","date":"2026-10-09"},"geometry":{"type":"Polygon","coordinates":[[[101.021,14.2253],[101.021,14.2248],[101.0205,14.2245],[101.0194,14.2248],[101.0194,14.224],[101.021,14.2234],[101.023,14.2239],[101.023,14.2247],[101.0224,14.2253],[101.021,14.2253]]]}},{"type":"Feature","properties":{"kind":"flood","area_km2":0.055,"conf":"low","date":"2026-10-09"},"geometry":{"type":"Polygon","coordinates":[[[101.0008,14.1401],[101.0006,14.1395],[101.0,14.1395],[101.0003,14.1374],[101.0017,14.1374],[101.0022,14.1379],[101.0022,14.139],[101.0017,14.1401],[101.0008,14.1401]]]}},{"type":"Feature","properties":{"kind":"flood","area_km2":0.055,"conf":"low","date":"2026-10-09"},"geometry":{"type":"Polygon","coordinates":[[[101.1046,14.0893],[101.1048,14.0866],[101.1059,14.0863],[101.1065,14.089],[101.1046,14.0893]]]}},{"type":"Feature","properties":{"kind":"flood","area_km2":0.055,"conf":"low","date":"2026-10-09"},"geometry":{"type":"Polygon","coordinates":[[[101.253,14.0733],[101.2521,14.0723],[101.2513,14.072],[101.2513,14.0709],[101.2538,14.0712],[101.2538,14.0733],[101.253,14.0733]]]}},{"type":"Feature","properties":{"kind":"flood","area_km2":0.055,"conf":"low","date":"2026-10-09"},"geometry":{"type":"Polygon","coordinates":[[[101.4787,14.069],[101.4756,14.0687],[101.4756,14.0674],[101.479,14.0676],[101.4787,14.069]]]}},{"type":"Feature","properties":{"kind":"flood","area_km2":0.055,"conf":"low","date":"2026-10-09"},"geometry":{"type":"Polygon","coordinates":[[[101.1612,14.0246],[101.1609,14.0232],[101.1614,14.0227],[101.1614,14.0205],[101.1622,14.0205],[101.1626,14.0246],[101.1612,14.0246]]]}},{"type":"Feature","properties":{"kind":"flood","area_km2":0.055,"conf":"low","date":"2026-10-04"},"geometry":{"type":"Polygon","coordinates":[[[101.7531,14.0093],[101.7528,14.0088],[101.7523,14.0088],[101.752,14.0069],[101.7525,14.0069],[101.7528,14.0058],[101.7539,14.0058],[101.7539,14.0072],[101.7528,14.0072],[101.7539,14.0082],[101.7539,14.0093],[101.7531,14.0093]]]}},{"type":"Feature","properties":{"kind":"flood","area_km2":0.055,"conf":"low","date":"2026-10-09"},"geometry":{"type":"Polygon","coordinates":[[[101.7288,13.9963],[101.7288,13.9958],[101.7277,13.9955],[101.7277,13.9945],[101.7291,13.9942],[101.7296,13.9955],[101.7299,13.9944],[101.7307,13.9944],[101.7307,13.996],[101.7288,13.9963]]]}},{"type":"Feature","properties":{"kind":"flood","area_km2":0.055,"conf":"low","date":"2026-10-09"},"geometry":{"type":"Polygon","coordinates":[[[101.0926,14.0005],[101.0924,13.9991],[101.096,13.9991],[101.096,14.0005],[101.0938,14.0005],[101.0937,13.9999],[101.0935,14.0005],[101.0926,14.0005]]]}},{"type":"Feature","properties":{"kind":"flood","area_km2":0.054,"conf":"low","date":"2026-10-09"},"geometry":{"type":"Polygon","coordinates":[[[100.9941,14.2315],[100.9944,14.2293],[100.9936,14.2293],[100.9936,14.2285],[100.9944,14.2285],[100.9944,14.2291],[100.9955,14.229],[100.9955,14.2296],[100.9961,14.2296],[100.9961,14.2312],[100.9941,14.2315]]]}},{"type":"Feature","properties":{"kind":"flood","area_km2":0.054,"conf":"low","date":"2026-10-09"},"geometry":{"type":"Polygon","coordinates":[[[101.0493,14.2099],[101.0487,14.2093],[101.0487,14.2083],[101.0492,14.2077],[101.0512,14.2077],[101.0509,14.2096],[101.0493,14.2099]]]}},{"type":"Feature","properties":{"kind":"flood","area_km2":0.054,"conf":"low","date":"2026-10-09"},"geometry":{"type":"Polygon","coordinates":[[[101.1619,14.0465],[101.1597,14.0463],[101.16,14.0441],[101.1608,14.0441],[101.1614,14.0449],[101.1622,14.0452],[101.1619,14.0465]]]}},{"type":"Feature","properties":{"kind":"flood","area_km2":0.054,"conf":"low","date":"2026-10-09"},"geometry":{"type":"Polygon","coordinates":[[[101.1552,14.0365],[101.1549,14.036],[101.1541,14.036],[101.1552,14.0357],[101.1551,14.0344],[101.1535,14.0344],[101.1535,14.033],[101.1557,14.033],[101.1551,14.0333],[101.1551,14.0338],[101.1557,14.0341],[101.1563,14.0363],[101.1552,14.0365]]]}},{"type":"Feature","properties":{"kind":"flood","area_km2":0.054,"conf":"low","date":"2026-10-09"},"geometry":{"type":"Polygon","coordinates":[[[101.4411,14.0295],[101.4411,14.0287],[101.4397,14.0287],[101.4394,14.0292],[101.4394,14.0279],[101.4386,14.0279],[101.4385,14.0273],[101.4399,14.0273],[101.4402,14.0265],[101.4405,14.0279],[101.4416,14.0276],[101.4422,14.0289],[101.4411,14.0295]]]}},{"type":"Feature","properties":{"kind":"flood","area_km2":0.054,"conf":"low","date":"2026-10-09"},"geometry":{"type":"Polygon","coordinates":[[[101.3674,14.0161],[101.3674,14.0153],[101.369,14.0153],[101.3693,14.0145],[101.3712,14.0142],[101.3712,14.0153],[101.3707,14.0161],[101.3699,14.0161],[101.3696,14.0156],[101.369,14.0156],[101.369,14.0161],[101.3674,14.0161]]]}},{"type":"Feature","properties":{"kind":"flood","area_km2":0.054,"conf":"low","date":"2026-10-09"},"geometry":{"type":"Polygon","coordinates":[[[101.1516,14.0078],[101.1518,14.0057],[101.1538,14.0057],[101.1538,14.0076],[101.1516,14.0078]]]}},{"type":"Feature","properties":{"kind":"flood","area_km2":0.054,"conf":"high","date":"2026-10-09"},"geometry":{"type":"Polygon","coordinates":[[[101.3628,14.0026],[101.3628,14.0018],[101.3636,14.001],[101.3647,14.001],[101.3653,13.9999],[101.3661,13.9999],[101.3661,14.0007],[101.3655,14.001],[101.3653,14.0021],[101.3644,14.0021],[101.3644,14.0026],[101.3628,14.0026]]]}},{"type":"Feature","properties":{"kind":"flood","area_km2":0.053,"conf":"low","date":"2026-10-09"},"geometry":{"type":"Polygon","coordinates":[[[101.0964,14.1387],[101.0961,14.1379],[101.095,14.1374],[101.095,14.1366],[101.0975,14.1363],[101.0975,14.1382],[101.0972,14.1387],[101.0964,14.1387]]]}},{"type":"Feature","properties":{"kind":"flood","area_km2":0.053,"conf":"low","date":"2026-10-09"},"geometry":{"type":"Polygon","coordinates":[[[101.4784,14.066],[101.4781,14.0654],[101.4773,14.0654],[101.4773,14.0644],[101.4789,14.0643],[101.4792,14.0649],[101.4814,14.0651],[101.4814,14.0659],[101.4784,14.066]]]}},{"type":"Feature","properties":{"kind":"flood","area_km2":0.052,"conf":"low","date":"2026-10-09"},"geometry":{"type":"Polygon","coordinates":[[[101.007,15.0111],[101.0059,15.01],[101.0076,15.01],[101.0079,15.0092],[101.009,15.0092],[101.009,15.007],[101.0095,15.007],[101.0095,15.0075],[101.0106,15.0075],[101.0095,15.0078],[101.0095,15.0094],[101.0087,15.0094],[101.0082,15.01],[101.0082,15.0111],[101.007,15.0111]]]}},{"type":"Feature","properties":{"kind":"flood","area_km2":0.052,"conf":"low","date":"2026-10-09"},"geometry":{"type":"Polygon","coordinates":[[[101.3487,14.0941],[101.3459,14.0941],[101.3459,14.0925],[101.3465,14.0922],[101.3465,14.0917],[101.3473,14.0917],[101.3468,14.0933],[101.3487,14.093],[101.3487,14.0941]]]}},{"type":"Feature","properties":{"kind":"flood","area_km2":0.052,"conf":"low","date":"2026-10-09"},"geometry":{"type":"Polygon","coordinates":[[[101.4996,14.0812],[101.4996,14.0798],[101.4971,14.0799],[101.4971,14.0791],[101.4991,14.0788],[101.5005,14.0793],[101.5008,14.0809],[101.4996,14.0812]]]}},{"type":"Feature","properties":{"kind":"flood","area_km2":0.052,"conf":"high","date":"2026-10-09"},"geometry":{"type":"Polygon","coordinates":[[[101.4914,14.0374],[101.4914,14.0366],[101.4922,14.0355],[101.4939,14.0352],[101.4944,14.0357],[101.4944,14.0365],[101.4936,14.0365],[101.4928,14.0374],[101.4914,14.0374]]]}},{"type":"Feature","properties":{"kind":"flood","area_km2":0.052,"conf":"low","date":"2026-10-09"},"geometry":{"type":"Polygon","coordinates":[[[101.1766,14.0111],[101.1755,14.0106],[101.1757,14.0087],[101.1774,14.009],[101.1777,14.0109],[101.1766,14.0111]]]}},{"type":"Feature","properties":{"kind":"flood","area_km2":0.051,"conf":"low","date":"2026-10-09"},"geometry":{"type":"Polygon","coordinates":[[[101.0689,14.2],[101.0686,14.1983],[101.07,14.1975],[101.0708,14.1975],[101.0708,14.1994],[101.0703,14.1994],[101.07,14.1999],[101.0689,14.2]]]}},{"type":"Feature","properties":{"kind":"flood","area_km2":0.051,"conf":"low","date":"2026-10-09"},"geometry":{"type":"Polygon","coordinates":[[[101.1843,14.181],[101.184,14.1786],[101.1854,14.1783],[101.1857,14.181],[101.1843,14.181]]]}},{"type":"Feature","properties":{"kind":"flood","area_km2":0.051,"conf":"low","date":"2026-10-09"},"geometry":{"type":"Polygon","coordinates":[[[100.9966,14.1642],[100.9963,14.1629],[100.9977,14.1613],[100.9985,14.1612],[100.9988,14.1626],[100.9983,14.1631],[100.9974,14.1632],[100.9974,14.1642],[100.9966,14.1642]]]}},{"type":"Feature","properties":{"kind":"flood","area_km2":0.051,"conf":"low","date":"2026-10-09"},"geometry":{"type":"Polygon","coordinates":[[[101.0771,14.153],[101.0757,14.1527],[101.0757,14.1516],[101.0768,14.1516],[101.0768,14.1497],[101.0779,14.1495],[101.0782,14.1511],[101.0773,14.1511],[101.0771,14.153]]]}},{"type":"Feature","properties":{"kind":"flood","area_km2":0.051,"conf":"low","date":"2026-10-09"},"geometry":{"type":"Polygon","coordinates":[[[101.093,14.103],[101.093,14.1022],[101.0922,14.1019],[101.093,14.1016],[101.093,14.1011],[101.0936,14.1011],[101.0935,14.1003],[101.0941,14.0997],[101.0949,14.0997],[101.096,14.1005],[101.0952,14.1011],[101.0952,14.1019],[101.0944,14.1011],[101.0938,14.1011],[101.0938,14.1019],[101.093,14.103]]]}},{"type":"Feature","properties":{"kind":"flood","area_km2":0.051,"conf":"low","date":"2026-10-09"},"geometry":{"type":"Polygon","coordinates":[[[101.1026,14.0915],[101.0987,14.0913],[101.0987,14.0899],[101.0998,14.0899],[101.1001,14.0904],[101.1026,14.0904],[101.1026,14.0915]]]}},{"type":"Feature","properties":{"kind":"flood","area_km2":0.051,"conf":"low","date":"2026-10-09"},"geometry":{"type":"Polygon","coordinates":[[[101.3323,14.0872],[101.3289,14.087],[101.3289,14.0856],[101.3325,14.0861],[101.3323,14.0872]]]}},{"type":"Feature","properties":{"kind":"flood","area_km2":0.051,"conf":"low","date":"2026-10-09"},"geometry":{"type":"Polygon","coordinates":[[[101.1242,14.0466],[101.1239,14.0444],[101.1233,14.0439],[101.1233,14.0422],[101.1241,14.0422],[101.1247,14.043],[101.125,14.0466],[101.1242,14.0466]]]}},{"type":"Feature","properties":{"kind":"flood","area_km2":0.051,"conf":"low","date":"2026-10-09"},"geometry":{"type":"Polygon","coordinates":[[[101.2092,14.026],[101.207,14.0252],[101.207,14.0239],[101.2081,14.0247],[101.2098,14.0247],[101.21,14.0252],[101.2109,14.0252],[101.2109,14.026],[101.2092,14.026]]]}},{"type":"Feature","properties":{"kind":"flood","area_km2":0.05,"conf":"low","date":"2026-10-09"},"geometry":{"type":"Polygon","coordinates":[[[101.019,14.9475],[101.0176,14.9473],[101.0176,14.9467],[101.0165,14.9465],[101.0162,14.9446],[101.017,14.9429],[101.0179,14.944],[101.0167,14.944],[101.0168,14.9457],[101.0173,14.9462],[101.0193,14.9459],[101.019,14.9475]]]}},{"type":"Feature","properties":{"kind":"flood","area_km2":0.05,"conf":"low","date":"2026-10-04"},"geometry":{"type":"Polygon","coordinates":[[[101.9169,14.9121],[101.915,14.9121],[101.915,14.9116],[101.9136,14.9116],[101.9133,14.9105],[101.9147,14.9102],[101.9153,14.9105],[101.9153,14.9113],[101.9169,14.911],[101.9169,14.9121]]]}},{"type":"Feature","properties":{"kind":"flood","area_km2":0.05,"conf":"low","date":"2026-10-09"},"geometry":{"type":"Polygon","coordinates":[[[101.0142,14.2034],[101.0144,14.202],[101.0153,14.2015],[101.0161,14.1999],[101.0169,14.1999],[101.0169,14.2007],[101.0175,14.2009],[101.0167,14.2009],[101.0161,14.202],[101.0153,14.2026],[101.0153,14.2031],[101.0142,14.2034]]]}},{"type":"Feature","properties":{"kind":"flood","area_km2":0.05,"conf":"low","date":"2026-10-09"},"geometry":{"type":"Polygon","coordinates":[[[101.1176,14.1469],[101.1176,14.145],[101.1181,14.1445],[101.1192,14.1445],[101.1192,14.1458],[101.1204,14.1461],[101.1192,14.1464],[101.119,14.1469],[101.1176,14.1469]]]}},{"type":"Feature","properties":{"kind":"flood","area_km2":0.05,"conf":"low","date":"2026-10-09"},"geometry":{"type":"Polygon","coordinates":[[[101.0932,14.1263],[101.0932,14.1255],[101.0938,14.1255],[101.0938,14.1241],[101.096,14.1244],[101.0957,14.126],[101.0941,14.1257],[101.0941,14.1263],[101.0932,14.1263]]]}},{"type":"Feature","properties":{"kind":"flood","area_km2":0.05,"conf":"low","date":"2026-10-09"},"geometry":{"type":"Polygon","coordinates":[[[101.2109,14.113],[101.2106,14.1119],[101.2111,14.1114],[101.2131,14.1111],[101.2136,14.1116],[101.2134,14.1127],[101.2109,14.113]]]}},{"type":"Feature","properties":{"kind":"flood","area_km2":0.05,"conf":"low","date":"2026-10-09"},"geometry":{"type":"Polygon","coordinates":[[[101.0873,14.1133],[101.0848,14.1131],[101.0848,14.1123],[101.0839,14.1123],[101.0839,14.1117],[101.0853,14.1117],[101.0856,14.1122],[101.0862,14.1122],[101.0862,14.1117],[101.0878,14.112],[101.0878,14.1128],[101.0873,14.1128],[101.0873,14.1133]]]}},{"type":"Feature","properties":{"kind":"flood","area_km2":0.05,"conf":"low","date":"2026-10-09"},"geometry":{"type":"Polygon","coordinates":[[[101.0708,14.104],[101.0705,14.1032],[101.0694,14.1026],[101.0694,14.1015],[101.0708,14.1015],[101.071,14.1004],[101.0716,14.101],[101.0716,14.1026],[101.0725,14.1029],[101.0711,14.1032],[101.0708,14.104]],[[101.0708,14.1029],[101.0713,14.1026],[101.0713,14.1021],[101.0708,14.1021],[101.0708,14.1029]]]}},{"type":"Feature","properties":{"kind":"flood","area_km2":0.05,"conf":"low","date":"2026-10-09"},"geometry":{"type":"Polygon","coordinates":[[[101.5134,14.0905],[101.5128,14.0887],[101.5147,14.0884],[101.5153,14.0903],[101.5134,14.0905]]]}},{"type":"Feature","properties":{"kind":"flood","area_km2":0.05,"conf":"low","date":"2026-10-09"},"geometry":{"type":"Polygon","coordinates":[[[101.1183,14.0697],[101.1183,14.0691],[101.1174,14.0691],[101.1174,14.0683],[101.1199,14.068],[101.1208,14.0688],[101.1208,14.0697],[101.1183,14.0697]]]}},{"type":"Feature","properties":{"kind":"flood","area_km2":0.05,"conf":"high","date":"2026-10-09"},"geometry":{"type":"Polygon","coordinates":[[[101.0212,14.0269],[101.0212,14.0263],[101.0207,14.0263],[101.0209,14.025],[101.0226,14.0244],[101.0223,14.026],[101.0235,14.026],[101.0235,14.0268],[101.0212,14.0269]]]}},{"type":"Feature","properties":{"kind":"flood","area_km2":0.05,"conf":"high","date":"2026-10-09"},"geometry":{"type":"Polygon","coordinates":[[[101.0145,14.0134],[101.0141,14.0088],[101.015,14.0087],[101.0153,14.0134],[101.0145,14.0134]]]}},{"type":"Feature","properties":{"kind":"flood","area_km2":0.05,"conf":"low","date":"2026-10-09"},"geometry":{"type":"Polygon","coordinates":[[[101.0003,14.0105],[101.0002,14.0056],[101.0008,14.0056],[101.0008,14.0062],[101.0013,14.0061],[101.0014,14.007],[101.0005,14.007],[101.0005,14.0075],[101.0014,14.0075],[101.0014,14.0102],[101.0003,14.0105]]]}},{"type":"Feature","properties":{"kind":"seasonal","area_km2":5.271,"date":"2026-10-09"},"geometry":{"type":"Polygon","coordinates":[[[101.0248,14.9751],[101.0243,14.9724],[101.0248,14.9722],[101.0245,14.9705],[101.025,14.9643],[101.0256,14.964],[101.0256,14.9635],[101.0267,14.9635],[101.0267,14.9626],[101.0275,14.9626],[101.0275,14.9621],[101.0286,14.9615],[101.0283,14.9594],[101.0297,14.9588],[101.0289,14.9569],[101.0288,14.9548],[101.0272,14.9548],[101.0269,14.9534],[101.0255,14.9534],[101.0249,14.9529],[101.0249,14.9548],[101.0244,14.9559],[101.0236,14.9567],[101.0222,14.9567],[101.0219,14.9578],[101.0202,14.9578],[101.0196,14.9554],[101.021,14.9554],[101.0216,14.9559],[101.0216,14.9537],[101.0205,14.9535],[101.0202,14.9527],[101.0193,14.9527],[101.0193,14.9511],[101.0201,14.9505],[101.0193,14.95],[101.0193,14.9483],[101.0187,14.9483],[101.0187,14.9492],[101.0182,14.9494],[101.0187,14.9497],[101.0188,14.9508],[101.0168,14.9505],[101.017,14.9473],[101.0193,14.9475],[101.0193,14.9459],[101.0173,14.9462],[101.0168,14.9457],[101.0167,14.944],[101.0179,14.944],[101.0173,14.9438],[101.0176,14.9421],[101.0192,14.9424],[101.0192,14.9432],[101.0201,14.9435],[101.0201,14.9405],[101.0214,14.9405],[101.0215,14.9415],[101.0237,14.9413],[101.0251,14.9423],[101.0262,14.9418],[101.0251,14.9415],[101.0248,14.9404],[101.0237,14.9399],[101.0237,14.9388],[101.022,14.9377],[101.022,14.9361],[101.0236,14.9339],[101.0236,14.9331],[101.0208,14.9329],[101.0208,14.9315],[101.0191,14.9315],[101.0191,14.9294],[101.0225,14.9288],[101.023,14.9307],[101.023,14.9285],[101.0244,14.9282],[101.0233,14.9277],[101.0219,14.9277],[101.0219,14.9272],[101.021,14.9264],[101.021,14.9245],[101.0266,14.9242],[101.0266,14.9247],[101.0283,14.9252],[101.0322,14.9252],[101.0322,14.9265],[101.0327,14.9268],[101.0341,14.9265],[101.0344,14.926],[101.0353,14.9262],[101.0358,14.9254],[101.0366,14.9254],[101.0375,14.9246],[101.0383,14.9246],[101.0386,14.9257],[101.0391,14.9235],[101.0397,14.9235],[101.0402,14.9224],[101.0414,14.9224],[101.0413,14.9219],[101.0425,14.9208],[101.0436,14.9207],[101.0455,14.9188],[101.0444,14.9186],[101.0438,14.9175],[101.0446,14.9172],[101.0443,14.914],[101.0449,14.9137],[101.0446,14.9129],[101.0457,14.9115],[101.0457,14.9102],[101.0463,14.9099],[101.0462,14.9091],[101.0473,14.9077],[101.0476,14.9066],[101.0484,14.9061],[101.0484,14.9055],[101.0496,14.9055],[101.0496,14.9071],[101.0507,14.9071],[101.0507,14.9085],[101.0493,14.9085],[101.0493,14.9096],[101.0499,14.9098],[101.0501,14.9088],[101.0515,14.9087],[101.0527,14.9101],[101.0527,14.9117],[101.0518,14.9123],[101.0519,14.9131],[101.0524,14.9136],[101.053,14.9169],[101.0544,14.9174],[101.0547,14.9179],[101.0569,14.9182],[101.0583,14.9168],[101.0588,14.9155],[101.0597,14.9155],[101.0602,14.9146],[101.0616,14.9146],[101.0622,14.9133],[101.0636,14.9127],[101.0647,14.913],[101.0666,14.9124],[101.0666,14.9132],[101.0652,14.914],[101.063,14.9141],[101.0633,14.9151],[101.0614,14.916],[101.0611,14.9173],[101.06,14.9179],[101.0594,14.919],[101.0539,14.9198],[101.0539,14.9193],[101.0528,14.9196],[101.0516,14.919],[101.0516,14.9172],[101.0511,14.9166],[101.051,14.9158],[101.0519,14.9147],[101.0519,14.9139],[101.0505,14.9136],[101.0505,14.9131],[101.0496,14.9128],[101.0493,14.9117],[101.0482,14.9118],[101.0477,14.9112],[101.048,14.9128],[101.0471,14.9131],[101.0469,14.9175],[101.0472,14.9185],[101.0483,14.9193],[101.048,14.9199],[101.0472,14.9199],[101.0472,14.9204],[101.0466,14.9207],[101.0464,14.9223],[101.045,14.9226],[101.045,14.9232],[101.0439,14.9243],[101.0439,14.9251],[101.0433,14.9254],[101.0436,14.9267],[101.0431,14.9267],[101.0422,14.9286],[101.0414,14.9286],[101.0414,14.9297],[101.0409,14.9294],[101.04,14.9308],[101.0364,14.9314],[101.0364,14.9319],[101.0359,14.9319],[101.0359,14.933],[101.0348,14.9333],[101.0342,14.9322],[101.0342,14.9309],[101.0336,14.9314],[101.0331,14.9311],[101.0331,14.9298],[101.0336,14.9292],[101.0339,14.9306],[101.0345,14.9306],[101.0344,14.9273],[101.0322,14.9274],[101.0314,14.9268],[101.03,14.9271],[101.03,14.9266],[101.0291,14.9263],[101.0291,14.9287],[101.0283,14.929],[101.0283,14.9287],[101.0277,14.9287],[101.0277,14.9285],[101.0275,14.9285],[101.0266,14.9293],[101.0264,14.9304],[101.0275,14.9304],[101.0275,14.9312],[101.0267,14.9315],[101.0267,14.9328],[101.0264,14.9328],[101.0256,14.9339],[101.025,14.9339],[101.0261,14.9347],[101.0262,14.9396],[101.0287,14.9404],[101.0345,14.9401],[101.0348,14.9409],[101.0334,14.9417],[101.0329,14.945],[101.0313,14.9453],[101.0307,14.9463],[101.029,14.9466],[101.0285,14.9477],[101.0274,14.9485],[101.0268,14.9485],[101.0274,14.9469],[101.0262,14.9464],[101.0259,14.9434],[101.0243,14.9434],[101.0237,14.9445],[101.0218,14.9445],[101.0229,14.9453],[101.0226,14.9472],[101.0235,14.9475],[101.0232,14.9483],[101.0237,14.948],[101.0243,14.9488],[101.0249,14.9488],[101.0249,14.9499],[101.0243,14.9499],[101.0243,14.9505],[101.0249,14.9505],[101.0249,14.951],[101.0243,14.951],[101.0243,14.9521],[101.0263,14.9521],[101.0263,14.9529],[101.0288,14.9531],[101.0313,14.9558],[101.0319,14.9558],[101.0319,14.9566],[101.0325,14.9566],[101.0328,14.9577],[101.0325,14.9599],[101.0319,14.9602],[101.032,14.961],[101.0311,14.9613],[101.0306,14.9634],[101.0298,14.9637],[101.0298,14.9645],[101.0286,14.9645],[101.0284,14.9656],[101.0278,14.9656],[101.0275,14.9664],[101.027,14.9664],[101.0267,14.967],[101.0267,14.9678],[101.0276,14.9681],[101.027,14.9686],[101.0273,14.9694],[101.0281,14.9694],[101.0281,14.97],[101.0287,14.9702],[101.0287,14.9708],[101.0281,14.9708],[101.0282,14.9718],[101.0284,14.9724],[101.029,14.9724],[101.029,14.9729],[101.0285,14.9737],[101.0276,14.9738],[101.0273,14.9746],[101.0265,14.9746],[101.0265,14.9738],[101.0257,14.9738],[101.0254,14.973],[101.0248,14.9751]],[[101.0227,14.9524],[101.023,14.9529],[101.0232,14.9524],[101.0227,14.9524]],[[101.0238,14.9516],[101.0241,14.9518],[101.0241,14.9516],[101.0238,14.9516]],[[101.0238,14.9507],[101.0241,14.951],[101.0241,14.9507],[101.0238,14.9507]],[[101.0235,14.9502],[101.0238,14.9505],[101.0238,14.9502],[101.0235,14.9502]],[[101.0232,14.9499],[101.0235,14.9502],[101.0235,14.9499],[101.0232,14.9499]],[[101.0201,14.9486],[101.021,14.9483],[101.021,14.9472],[101.0204,14.9472],[101.0201,14.9486]],[[101.0215,14.9475],[101.0218,14.9478],[101.0218,14.9475],[101.0215,14.9475]],[[101.0212,14.9472],[101.0215,14.9475],[101.0215,14.9472],[101.0212,14.9472]],[[101.0279,14.9466],[101.0282,14.9461],[101.029,14.9461],[101.0293,14.9436],[101.0312,14.9434],[101.0312,14.942],[101.0295,14.942],[101.0296,14.9431],[101.0282,14.9434],[101.0282,14.9445],[101.0273,14.9447],[101.0274,14.9461],[101.0279,14.9466]],[[101.0193,14.9459],[101.0204,14.9459],[101.0204,14.9445],[101.0198,14.9445],[101.0198,14.9456],[101.0193,14.9459]],[[101.0273,14.942],[101.0279,14.9431],[101.0279,14.942],[101.0273,14.942]],[[101.0312,14.9417],[101.0315,14.942],[101.0315,14.9417],[101.0312,14.9417]],[[101.0225,14.9364],[101.0228,14.9372],[101.0234,14.9364],[101.0225,14.9364]],[[101.0236,14.9326],[101.0239,14.9331],[101.0242,14.9326],[101.0236,14.9326]],[[101.0261,14.9326],[101.0264,14.9328],[101.0264,14.9326],[101.0261,14.9326]],[[101.0359,14.9314],[101.0361,14.9317],[101.0361,14.9314],[101.0359,14.9314]],[[101.0361,14.9308],[101.0364,14.9311],[101.0364,14.9308],[101.0361,14.9308]],[[101.0261,14.9293],[101.0264,14.9296],[101.0264,14.9293],[101.0261,14.9293]],[[101.0264,14.929],[101.0269,14.9279],[101.0266,14.9266],[101.0261,14.9266],[101.0264,14.929]],[[101.0272,14.9282],[101.0275,14.9285],[101.0275,14.9282],[101.0272,14.9282]],[[101.0275,14.9274],[101.0277,14.9282],[101.0277,14.9274],[101.0275,14.9274]],[[101.0408,14.9278],[101.0411,14.9281],[101.0411,14.9278],[101.0408,14.9278]],[[101.0436,14.9224],[101.0439,14.9226],[101.0439,14.9224],[101.0436,14.9224]],[[101.0433,14.9221],[101.0436,14.9224],[101.0436,14.9221],[101.0433,14.9221]],[[101.0487,14.908],[101.0493,14.908],[101.0493,14.9074],[101.0485,14.9074],[101.0487,14.908]]]}},{"type":"Feature","properties":{"kind":"seasonal","area_km2":3.949,"date":"2026-10-09"},"geometry":{"type":"Polygon","coordinates":[[[101.0714,14.9999],[101.0715,14.9877],[101.0726,14.9861],[101.0726,14.9853],[101.0735,14.985],[101.0734,14.9839],[101.0743,14.9825],[101.0745,14.9798],[101.0753,14.9782],[101.0753,14.9766],[101.0748,14.9755],[101.0742,14.9755],[101.0739,14.975],[101.0739,14.9728],[101.0745,14.9728],[101.0744,14.972],[101.0739,14.9717],[101.0741,14.9687],[101.0725,14.9682],[101.0725,14.9677],[101.0719,14.9674],[101.0719,14.9641],[101.071,14.9636],[101.0716,14.9631],[101.0716,14.962],[101.071,14.9617],[101.0713,14.959],[101.0707,14.959],[101.0707,14.9574],[101.0712,14.9571],[101.0709,14.9547],[101.0718,14.9547],[101.0723,14.9538],[101.0732,14.9536],[101.0734,14.9522],[101.0748,14.9516],[101.0756,14.9495],[101.0767,14.9492],[101.077,14.9484],[101.0787,14.9502],[101.0779,14.9511],[101.0784,14.9511],[101.0784,14.9516],[101.0804,14.9516],[101.0804,14.951],[101.0793,14.9511],[101.0793,14.9497],[101.0784,14.9494],[101.0784,14.9465],[101.0778,14.9462],[101.0767,14.9438],[101.0761,14.9438],[101.0761,14.9427],[101.0756,14.9424],[101.0753,14.9413],[101.0752,14.9384],[101.076,14.9335],[101.0752,14.9302],[101.076,14.927],[101.0759,14.9218],[101.0767,14.9215],[101.077,14.9204],[101.0784,14.9191],[101.0787,14.9174],[101.0792,14.9172],[101.0792,14.9166],[101.0806,14.9161],[101.0814,14.9142],[101.0836,14.9133],[101.0836,14.9128],[101.087,14.9117],[101.0872,14.9109],[101.0889,14.9098],[101.0892,14.9071],[101.0897,14.907],[101.09,14.9079],[101.0906,14.9079],[101.0911,14.9092],[101.0914,14.9051],[101.0928,14.9054],[101.0928,14.9046],[101.0916,14.9035],[101.0913,14.9016],[101.0919,14.9],[101.0916,14.8954],[101.0927,14.8956],[101.0935,14.8951],[101.0932,14.8945],[101.0941,14.8945],[101.094,14.8926],[101.0946,14.8913],[101.0943,14.8905],[101.0948,14.8899],[101.0948,14.888],[101.0956,14.8861],[101.0959,14.881],[101.095,14.8804],[101.095,14.8796],[101.0961,14.8791],[101.0961,14.8783],[101.097,14.878],[101.097,14.8774],[101.0981,14.8774],[101.0983,14.8769],[101.0983,14.8777],[101.1003,14.8796],[101.1003,14.8804],[101.0995,14.8807],[101.0995,14.8815],[101.0989,14.882],[101.099,14.8858],[101.0976,14.8872],[101.0973,14.8891],[101.0968,14.8894],[101.0968,14.8907],[101.0957,14.8924],[101.096,14.8961],[101.0946,14.8975],[101.0946,14.8981],[101.0941,14.8981],[101.0936,14.9019],[101.0925,14.9027],[101.0925,14.9038],[101.0933,14.9048],[101.0942,14.9048],[101.0944,14.9059],[101.0942,14.9094],[101.092,14.9095],[101.092,14.9103],[101.0903,14.9108],[101.0889,14.9125],[101.0864,14.9125],[101.0861,14.913],[101.0856,14.9128],[101.0856,14.9133],[101.085,14.9131],[101.085,14.9139],[101.0837,14.9152],[101.0828,14.9152],[101.0812,14.9172],[101.0806,14.9172],[101.0798,14.9193],[101.0792,14.9199],[101.0787,14.9196],[101.0779,14.9204],[101.0779,14.9215],[101.0773,14.9218],[101.0776,14.9223],[101.077,14.9226],[101.0771,14.9251],[101.0765,14.9272],[101.0769,14.9356],[101.0761,14.9373],[101.0761,14.9389],[101.0766,14.9394],[101.0761,14.9411],[101.0772,14.9419],[101.077,14.9432],[101.0781,14.944],[101.0781,14.9451],[101.0789,14.9459],[101.0789,14.947],[101.0804,14.9483],[101.0804,14.9497],[101.0812,14.9497],[101.0818,14.9521],[101.0826,14.9532],[101.084,14.9535],[101.084,14.9551],[101.0829,14.9551],[101.0829,14.9545],[101.0815,14.9548],[101.0801,14.9527],[101.0796,14.9532],[101.0787,14.9532],[101.079,14.9551],[101.0782,14.9554],[101.0774,14.9562],[101.0774,14.9568],[101.0763,14.9573],[101.0763,14.9579],[101.0771,14.9584],[101.0769,14.9654],[101.0777,14.9663],[101.0775,14.9695],[101.0769,14.9698],[101.0769,14.9706],[101.0778,14.9717],[101.0778,14.9747],[101.077,14.9755],[101.0773,14.9795],[101.0762,14.9812],[101.0762,14.9833],[101.0757,14.9839],[101.0757,14.9847],[101.0751,14.985],[101.0746,14.9869],[101.0738,14.9872],[101.0738,14.9882],[101.0732,14.9885],[101.0729,14.9902],[101.0724,14.9907],[101.0727,14.995],[101.0719,14.9953],[101.0722,14.9959],[101.073,14.9958],[101.0727,14.9972],[101.0733,14.9972],[101.0733,14.998],[101.0716,14.9988],[101.073,14.9988],[101.073,14.9999],[101.0714,14.9999]],[[101.0807,14.9527],[101.0815,14.9529],[101.0815,14.9516],[101.0809,14.9516],[101.0807,14.9521],[101.0807,14.9527]]]}},{"type":"Feature","properties":{"kind":"seasonal","area_km2":3.642,"date":"2026-10-09"},"geometry":{"type":"Polygon","coordinates":[[[101.3271,14.3152],[101.3229,14.3147],[101.3224,14.3139],[101.3218,14.3139],[101.3215,14.3128],[101.3223,14.3128],[101.3226,14.3123],[101.3215,14.3118],[101.3206,14.3036],[101.3206,14.3028],[101.3211,14.3023],[101.3208,14.3006],[101.3214,14.2996],[101.3216,14.2971],[101.3222,14.2963],[101.3225,14.2987],[101.3239,14.2987],[101.3239,14.2968],[101.3227,14.2968],[101.3227,14.2955],[101.3244,14.2933],[101.3258,14.2936],[101.3255,14.296],[101.3263,14.296],[101.3266,14.2968],[101.3277,14.2962],[101.3286,14.297],[101.3286,14.3003],[101.3275,14.3017],[101.3278,14.3022],[101.33,14.3019],[101.3303,14.3025],[101.3303,14.3019],[101.3311,14.3016],[101.3317,14.3],[101.3311,14.2995],[101.3303,14.2995],[101.3305,14.2984],[101.3325,14.2986],[101.333,14.2981],[101.3339,14.2992],[101.3347,14.2992],[101.3366,14.2967],[101.3366,14.2962],[101.3383,14.2956],[101.3383,14.2961],[101.3377,14.2964],[101.3378,14.2975],[101.3383,14.2978],[101.3383,14.2983],[101.338,14.2989],[101.3372,14.2989],[101.3372,14.2994],[101.3367,14.2997],[101.3367,14.3018],[101.3356,14.3038],[101.3356,14.3046],[101.3348,14.3051],[101.3348,14.3065],[101.3342,14.307],[101.3343,14.3086],[101.3357,14.3092],[101.3373,14.3092],[101.3398,14.3078],[101.3429,14.3075],[101.3437,14.3067],[101.3456,14.3066],[101.3462,14.3061],[101.3462,14.3045],[101.347,14.3045],[101.3476,14.3053],[101.3492,14.3055],[101.3512,14.3041],[101.3514,14.3031],[101.352,14.3031],[101.352,14.3017],[101.3545,14.3017],[101.3559,14.3006],[101.3584,14.3008],[101.3595,14.2995],[101.3603,14.2994],[101.3614,14.2984],[101.3622,14.2983],[101.3622,14.2997],[101.3611,14.3005],[101.3611,14.3011],[101.3603,14.3011],[101.3595,14.3022],[101.3564,14.3017],[101.355,14.303],[101.3537,14.3033],[101.3528,14.3041],[101.352,14.3066],[101.349,14.3069],[101.349,14.3077],[101.3495,14.3082],[101.349,14.3099],[101.3487,14.3088],[101.3479,14.3085],[101.3476,14.3091],[101.3462,14.3093],[101.3457,14.3099],[101.3421,14.3099],[101.3412,14.311],[101.3401,14.311],[101.3393,14.3119],[101.3393,14.3127],[101.3401,14.3132],[101.3399,14.3146],[101.339,14.3146],[101.339,14.314],[101.3382,14.3132],[101.3365,14.3124],[101.3343,14.3124],[101.334,14.313],[101.3332,14.313],[101.3326,14.3122],[101.3315,14.3122],[101.3276,14.3141],[101.3271,14.3152]],[[101.324,14.3109],[101.3243,14.3112],[101.3243,14.3109],[101.324,14.3109]],[[101.3265,14.3106],[101.3268,14.3101],[101.3279,14.3101],[101.3279,14.3095],[101.329,14.309],[101.3284,14.309],[101.3284,14.3084],[101.3276,14.3082],[101.3273,14.3087],[101.3259,14.3093],[101.3259,14.3101],[101.3265,14.3106]],[[101.3257,14.3101],[101.3259,14.3104],[101.3259,14.3101],[101.3257,14.3101]],[[101.3295,14.3092],[101.3298,14.3095],[101.3298,14.3092],[101.3295,14.3092]],[[101.3276,14.3052],[101.3278,14.3055],[101.3278,14.3052],[101.3276,14.3052]],[[101.325,14.3014],[101.3253,14.3025],[101.3253,14.3014],[101.325,14.3014]],[[101.3253,14.3011],[101.3256,14.3014],[101.3256,14.3011],[101.3253,14.3011]],[[101.3256,14.3009],[101.3258,14.3011],[101.3258,14.3009],[101.3256,14.3009]],[[101.3253,14.299],[101.3258,14.299],[101.3258,14.2984],[101.3253,14.2984],[101.3253,14.299]],[[101.3367,14.2983],[101.3369,14.2986],[101.3369,14.2983],[101.3367,14.2983]]]}},{"type":"Feature","properties":{"kind":"seasonal","area_km2":2.246,"date":"2026-10-09"},"geometry":{"type":"Polygon","coordinates":[[[101.4665,14.0195],[101.4662,14.0184],[101.4651,14.0181],[101.4648,14.016],[101.4642,14.016],[101.4642,14.0146],[101.4656,14.0138],[101.4656,14.0122],[101.465,14.0119],[101.465,14.0135],[101.4631,14.0135],[101.4631,14.013],[101.4625,14.013],[101.4625,14.0108],[101.4642,14.0106],[101.4642,14.0097],[101.467,14.0097],[101.4664,14.0081],[101.4675,14.0078],[101.4675,14.0073],[101.4669,14.007],[101.4669,14.0059],[101.4655,14.0062],[101.4653,14.0084],[101.4636,14.0081],[101.463,14.0073],[101.463,14.0043],[101.4636,14.0043],[101.4641,14.0035],[101.4644,14.0005],[101.4649,14.0005],[101.4646,14.0],[101.4654,13.9989],[101.4674,13.9986],[101.4674,13.9981],[101.4682,13.998],[101.4682,13.9975],[101.4696,13.9975],[101.4696,13.9967],[101.4715,13.9969],[101.4721,14.0002],[101.4724,13.9994],[101.4738,13.9993],[101.4738,13.9983],[101.4743,13.9983],[101.4735,13.9975],[101.4735,13.9956],[101.4762,13.9955],[101.4765,13.9974],[101.4752,13.9977],[101.4757,13.998],[101.4757,13.9996],[101.4741,13.9996],[101.4744,14.0015],[101.4749,14.0015],[101.4749,14.001],[101.4766,14.0009],[101.4771,14.0026],[101.4794,14.0025],[101.4796,14.0031],[101.481,14.0036],[101.4813,14.005],[101.4797,14.005],[101.4794,14.0058],[101.4783,14.0058],[101.4783,14.0047],[101.4777,14.005],[101.4777,14.0064],[101.4772,14.0064],[101.4772,14.0072],[101.4791,14.0072],[101.4794,14.0088],[101.4778,14.0085],[101.4778,14.0091],[101.4767,14.0091],[101.4761,14.008],[101.475,14.008],[101.4744,14.0088],[101.4733,14.0088],[101.4733,14.0083],[101.4722,14.0075],[101.4719,14.008],[101.4725,14.0086],[101.4725,14.0097],[101.4717,14.0099],[101.4717,14.0107],[101.4708,14.0105],[101.4686,14.0105],[101.4695,14.0108],[101.4695,14.0121],[101.4689,14.0121],[101.4686,14.0127],[101.4673,14.0127],[101.467,14.0132],[101.4684,14.0132],[101.4684,14.0148],[101.4687,14.0154],[101.4695,14.0154],[101.4695,14.0165],[101.4684,14.0162],[101.4679,14.0168],[101.4682,14.0189],[101.4676,14.0195],[101.4665,14.0195]],[[101.4683,14.0102],[101.4686,14.0105],[101.4686,14.0102],[101.4683,14.0102]],[[101.4691,14.007],[101.4694,14.0072],[101.4694,14.007],[101.4691,14.007]],[[101.47,14.0067],[101.4705,14.0067],[101.4708,14.0045],[101.4724,14.0042],[101.4711,14.0037],[101.471,14.0029],[101.4699,14.0029],[101.4696,14.0021],[101.4674,14.0024],[101.4697,14.0026],[101.4697,14.0043],[101.4688,14.0045],[101.4694,14.0048],[101.4694,14.0054],[101.47,14.0053],[101.47,14.0067]],[[101.4758,14.0053],[101.4761,14.0056],[101.4761,14.0053],[101.4758,14.0053]],[[101.4786,14.0044],[101.4788,14.0047],[101.4788,14.0044],[101.4786,14.0044]],[[101.4655,14.0027],[101.4669,14.0027],[101.4669,14.0021],[101.4655,14.0021],[101.4655,14.0027]],[[101.4713,14.0021],[101.4716,14.0023],[101.4716,14.0021],[101.4713,14.0021]],[[101.4716,14.0021],[101.4721,14.0021],[101.4721,14.0018],[101.4716,14.0015],[101.4716,14.0021]]]}},{"type":"Feature","properties":{"kind":"seasonal","area_km2":1.998,"date":"2026-10-09"},"geometry":{"type":"Polygon","coordinates":[[[101.1545,14.8094],[101.1545,14.8086],[101.1537,14.8078],[101.1537,14.8072],[101.1526,14.807],[101.1525,14.8056],[101.1517,14.8045],[101.1511,14.8046],[101.1511,14.8043],[101.1506,14.8043],[101.1506,14.8048],[101.15,14.8048],[101.15,14.8062],[101.1498,14.8048],[101.1489,14.8043],[101.1467,14.8049],[101.1464,14.803],[101.1455,14.8024],[101.1455,14.8016],[101.145,14.8014],[101.1469,14.8011],[101.1469,14.8003],[101.1489,14.8],[101.1497,14.8005],[101.1497,14.8021],[101.1506,14.8029],[101.1511,14.8029],[101.1503,14.8021],[101.15,14.8],[101.1517,14.8005],[101.1522,14.801],[101.1519,14.8016],[101.1525,14.8016],[101.1528,14.801],[101.1553,14.8013],[101.1558,14.8002],[101.1567,14.7996],[101.1566,14.7977],[101.1572,14.7975],[101.1572,14.7969],[101.158,14.7972],[101.158,14.7958],[101.1591,14.7958],[101.1583,14.7964],[101.1589,14.7977],[101.1589,14.7966],[101.1597,14.7961],[101.1594,14.7955],[101.16,14.7953],[101.1622,14.7952],[101.1616,14.7958],[101.1622,14.796],[101.1641,14.7949],[101.1664,14.7952],[101.1666,14.7941],[101.1672,14.7941],[101.1675,14.7949],[101.1691,14.7944],[101.1694,14.7952],[101.17,14.7952],[101.1705,14.7941],[101.1703,14.7943],[101.1694,14.7941],[101.1703,14.7935],[101.1703,14.793],[101.1711,14.793],[101.1725,14.7913],[101.173,14.7919],[101.1736,14.7908],[101.1744,14.7908],[101.1755,14.7897],[101.1763,14.7897],[101.1761,14.7889],[101.1766,14.7889],[101.1769,14.7872],[101.1783,14.7875],[101.1783,14.7897],[101.1789,14.7894],[101.18,14.7896],[101.1783,14.7899],[101.1777,14.7905],[101.1791,14.7905],[101.18,14.791],[101.1794,14.7915],[101.1783,14.7916],[101.1778,14.7924],[101.1761,14.7924],[101.1758,14.7919],[101.1753,14.7929],[101.1742,14.7932],[101.1742,14.794],[101.1733,14.794],[101.1745,14.7954],[101.1745,14.7959],[101.1739,14.7959],[101.1745,14.797],[101.1736,14.797],[101.1736,14.7978],[101.1728,14.7978],[101.1725,14.7984],[101.1714,14.7984],[101.1711,14.7979],[101.1706,14.7979],[101.1698,14.7987],[101.1675,14.7982],[101.1672,14.7976],[101.1664,14.7979],[101.167,14.7979],[101.1678,14.7987],[101.1656,14.7987],[101.1656,14.7982],[101.1642,14.7987],[101.1636,14.7979],[101.1628,14.7979],[101.1625,14.7982],[101.1625,14.7988],[101.1622,14.7988],[101.1622,14.7996],[101.1617,14.7996],[101.16,14.8012],[101.1609,14.8015],[101.1609,14.8023],[101.162,14.8031],[101.162,14.8039],[101.1612,14.8039],[101.1601,14.805],[101.159,14.8083],[101.1584,14.808],[101.1579,14.8088],[101.1545,14.8094]],[[101.1579,14.8069],[101.1587,14.8072],[101.1587,14.8069],[101.1579,14.8069]],[[101.1587,14.8067],[101.159,14.8069],[101.159,14.8067],[101.1587,14.8067]],[[101.159,14.8064],[101.1592,14.8066],[101.1592,14.8064],[101.159,14.8064]],[[101.1556,14.8053],[101.1559,14.8056],[101.1559,14.8053],[101.1556,14.8053]],[[101.1539,14.8053],[101.1559,14.8048],[101.1559,14.8045],[101.1548,14.8045],[101.1548,14.804],[101.1539,14.8045],[101.1536,14.8043],[101.1528,14.8043],[101.1528,14.804],[101.1525,14.804],[101.1525,14.8045],[101.1542,14.8048],[101.1539,14.8053]],[[101.1559,14.8051],[101.1562,14.8053],[101.1562,14.8051],[101.1559,14.8051]],[[101.1503,14.8043],[101.1509,14.804],[101.1509,14.8035],[101.1506,14.8035],[101.1503,14.8037],[101.1503,14.8043]],[[101.1514,14.8043],[101.152,14.8043],[101.152,14.8037],[101.1517,14.8037],[101.1514,14.8043]],[[101.155,14.804],[101.1553,14.8042],[101.1553,14.804],[101.155,14.804]],[[101.1556,14.804],[101.1559,14.8042],[101.1559,14.804],[101.1556,14.804]],[[101.1522,14.8037],[101.1525,14.804],[101.1525,14.8037],[101.1522,14.8037]],[[101.1548,14.8037],[101.155,14.804],[101.155,14.8037],[101.1548,14.8037]],[[101.1489,14.8035],[101.1492,14.8038],[101.1492,14.8035],[101.1489,14.8035]],[[101.152,14.8035],[101.1522,14.8037],[101.1522,14.8035],[101.152,14.8035]],[[101.155,14.8037],[101.1556,14.8034],[101.1556,14.8029],[101.155,14.8032],[101.155,14.8037]],[[101.1486,14.8035],[101.1492,14.8032],[101.1494,14.8019],[101.1489,14.8021],[101.1486,14.8035]],[[101.15,14.8032],[101.1506,14.8035],[101.1506,14.8032],[101.15,14.8032]],[[101.1514,14.8027],[101.1517,14.8029],[101.1517,14.8027],[101.1514,14.8027]],[[101.1511,14.8024],[101.1514,14.8027],[101.1514,14.8024],[101.1511,14.8024]],[[101.1553,14.8023],[101.1559,14.8026],[101.1559,14.8023],[101.1553,14.8023]],[[101.1586,14.8023],[101.1589,14.8026],[101.1589,14.8023],[101.1586,14.8023]],[[101.1589,14.802],[101.1592,14.8023],[101.1592,14.802],[101.1589,14.802]],[[101.1595,14.8018],[101.1598,14.802],[101.1598,14.8018],[101.1595,14.8018]],[[101.1514,14.8013],[101.1517,14.8016],[101.1517,14.8013],[101.1514,14.8013]],[[101.1556,14.8013],[101.1558,14.8015],[101.1558,14.8013],[101.1556,14.8013]],[[101.1506,14.8013],[101.1511,14.8013],[101.1508,14.8005],[101.1505,14.8005],[101.1506,14.8013]],[[101.1572,14.8004],[101.1575,14.8007],[101.1575,14.8004],[101.1572,14.8004]],[[101.1575,14.8002],[101.1578,14.8004],[101.1578,14.8002],[101.1575,14.8002]],[[101.1564,14.7999],[101.1567,14.8002],[101.1567,14.7999],[101.1564,14.7999]],[[101.1583,14.7999],[101.1586,14.8001],[101.1586,14.7999],[101.1583,14.7999]],[[101.1581,14.7996],[101.1583,14.7999],[101.1583,14.7996],[101.1581,14.7996]],[[101.1586,14.7996],[101.1589,14.7999],[101.1589,14.7996],[101.1586,14.7996]],[[101.1589,14.7993],[101.16,14.7991],[101.1592,14.7988],[101.1592,14.798],[101.1589,14.7993]],[[101.1622,14.7979],[101.1625,14.7982],[101.1625,14.7979],[101.1622,14.7979]],[[101.1686,14.7976],[101.1689,14.7979],[101.1689,14.7976],[101.1686,14.7976]],[[101.1725,14.7976],[101.1734,14.7973],[101.1734,14.797],[101.1725,14.797],[101.1725,14.7976]],[[101.1664,14.7974],[101.1678,14.7974],[101.1678,14.7971],[101.1672,14.7968],[101.1664,14.7974]],[[101.1591,14.7972],[101.16,14.7969],[101.16,14.7966],[101.1591,14.7966],[101.1591,14.7972]],[[101.1683,14.7968],[101.1686,14.7971],[101.1686,14.7968],[101.1683,14.7968]],[[101.1714,14.7968],[101.1717,14.797],[101.1717,14.7968],[101.1714,14.7968]],[[101.1603,14.7966],[101.1605,14.7969],[101.1605,14.7966],[101.1603,14.7966]],[[101.1711,14.7968],[101.1722,14.7962],[101.1722,14.7951],[101.1708,14.7957],[101.1711,14.7968]],[[101.1605,14.7963],[101.1608,14.7966],[101.1608,14.7963],[101.1605,14.7963]],[[101.1614,14.7966],[101.1619,14.7966],[101.1619,14.7963],[101.1614,14.7961],[101.1614,14.7966]],[[101.1633,14.7963],[101.1636,14.7966],[101.1636,14.7963],[101.1633,14.7963]],[[101.1608,14.7961],[101.1611,14.7963],[101.1611,14.7961],[101.1608,14.7961]],[[101.1739,14.7954],[101.1742,14.7957],[101.1742,14.7954],[101.1739,14.7954]],[[101.168,14.7952],[101.1683,14.7954],[101.1683,14.7952],[101.168,14.7952]],[[101.1725,14.7946],[101.1728,14.7949],[101.1728,14.7946],[101.1725,14.7946]],[[101.1722,14.7946],[101.1728,14.7941],[101.1725,14.7932],[101.1719,14.7938],[101.1722,14.7946]],[[101.1716,14.7932],[101.1719,14.7938],[101.1719,14.7932],[101.1716,14.7932]],[[101.1719,14.7924],[101.1722,14.7927],[101.1722,14.7924],[101.1719,14.7924]],[[101.1775,14.791],[101.1778,14.7913],[101.1778,14.791],[101.1775,14.791]],[[101.1778,14.7908],[101.1786,14.791],[101.1786,14.7907],[101.1778,14.7908]],[[101.1789,14.7907],[101.1791,14.791],[101.1791,14.7907],[101.1789,14.7907]],[[101.1755,14.79],[101.1758,14.7902],[101.1758,14.79],[101.1755,14.79]],[[101.1761,14.79],[101.1764,14.7902],[101.1763,14.79],[101.1761,14.79]],[[101.1763,14.7897],[101.1769,14.7902],[101.1769,14.7897],[101.1763,14.7897]]]}},{"type":"Feature","properties":{"kind":"seasonal","area_km2":1.796,"date":"2026-10-04"},"geometry":{"type":"Polygon","coordinates":[[[101.7755,14.5434],[101.7744,14.5432],[101.7741,14.5426],[101.7732,14.5429],[101.7732,14.5418],[101.7738,14.5418],[101.7738,14.541],[101.7749,14.5405],[101.7729,14.54],[101.7707,14.54],[101.7712,14.5373],[101.7729,14.5364],[101.7731,14.5356],[101.7745,14.5356],[101.7748,14.5337],[101.7759,14.5337],[101.7762,14.5331],[101.7801,14.5334],[101.782,14.5312],[101.7831,14.5312],[101.7831,14.5317],[101.7837,14.5317],[101.7845,14.5328],[101.7875,14.5289],[101.7897,14.5289],[101.7903,14.5297],[101.7909,14.5297],[101.7914,14.5284],[101.7928,14.5283],[101.7925,14.5278],[101.7906,14.5281],[101.79,14.527],[101.7889,14.527],[101.7889,14.5246],[101.7883,14.5246],[101.7872,14.5235],[101.7872,14.523],[101.7874,14.5222],[101.7877,14.5232],[101.7883,14.5232],[101.7883,14.5227],[101.7894,14.5221],[101.7883,14.5222],[101.7877,14.5216],[101.7902,14.5219],[101.79,14.5238],[101.7894,14.524],[101.7894,14.5246],[101.79,14.5248],[101.79,14.5259],[101.7908,14.5265],[101.7925,14.5264],[101.7928,14.527],[101.7939,14.527],[101.7939,14.5253],[101.7944,14.5253],[101.7944,14.5248],[101.795,14.5248],[101.7955,14.5237],[101.7972,14.5234],[101.7972,14.5242],[101.7961,14.5242],[101.7955,14.5248],[101.7956,14.5259],[101.7942,14.5256],[101.7942,14.5267],[101.795,14.527],[101.795,14.5278],[101.7961,14.5278],[101.7964,14.5267],[101.7975,14.5261],[101.7964,14.5283],[101.7964,14.5299],[101.7978,14.531],[101.7984,14.5326],[101.7976,14.5323],[101.7973,14.5329],[101.7968,14.5329],[101.7968,14.5334],[101.7951,14.534],[101.7948,14.5354],[101.794,14.5359],[101.7943,14.5364],[101.7938,14.5383],[101.7924,14.5384],[101.7921,14.5378],[101.7913,14.5378],[101.7929,14.537],[101.7932,14.5359],[101.7926,14.5357],[101.7921,14.5359],[101.7921,14.5365],[101.7907,14.537],[101.7909,14.5346],[101.7904,14.5346],[101.7904,14.5338],[101.7912,14.5338],[101.7915,14.5346],[101.792,14.5346],[101.792,14.5338],[101.7915,14.5338],[101.7915,14.5327],[101.7909,14.5327],[101.7904,14.5332],[101.7892,14.5333],[101.7887,14.5338],[101.7887,14.5346],[101.7882,14.5346],[101.7876,14.5357],[101.7876,14.5379],[101.789,14.5384],[101.7896,14.5408],[101.7891,14.5403],[101.7879,14.5403],[101.7882,14.5395],[101.7868,14.5398],[101.786,14.539],[101.7857,14.5376],[101.7862,14.5374],[101.7868,14.5355],[101.7876,14.5346],[101.7876,14.5335],[101.7881,14.5333],[101.7881,14.5327],[101.7892,14.5324],[101.7892,14.5316],[101.7881,14.5316],[101.7878,14.5325],[101.787,14.5325],[101.7864,14.5317],[101.7859,14.5338],[101.7845,14.5344],[101.7834,14.5341],[101.7831,14.5347],[101.782,14.5344],[101.782,14.5336],[101.7826,14.5333],[101.7823,14.5328],[101.7812,14.5333],[101.7809,14.5344],[101.779,14.5345],[101.779,14.5353],[101.7801,14.5355],[101.7801,14.5361],[101.7807,14.5363],[101.7804,14.538],[101.7793,14.5374],[101.7787,14.5388],[101.7782,14.5383],[101.7776,14.5383],[101.7774,14.5388],[101.7765,14.538],[101.7762,14.5367],[101.7748,14.5367],[101.7751,14.538],[101.7762,14.538],[101.7762,14.5386],[101.7751,14.5386],[101.7749,14.5394],[101.7765,14.5394],[101.7757,14.5402],[101.7757,14.541],[101.7752,14.541],[101.7752,14.5415],[101.7741,14.5421],[101.7754,14.5421],[101.7755,14.5434]],[[101.7749,14.5426],[101.7752,14.5429],[101.7752,14.5426],[101.7749,14.5426]],[[101.779,14.5355],[101.7793,14.5358],[101.7793,14.5355],[101.779,14.5355]],[[101.7923,14.5346],[101.7932,14.5348],[101.7932,14.5346],[101.7923,14.5346]],[[101.7784,14.5345],[101.7787,14.5347],[101.7787,14.5345],[101.7784,14.5345]],[[101.7932,14.5346],[101.7937,14.5346],[101.7937,14.534],[101.7932,14.534],[101.7932,14.5346]],[[101.7937,14.5337],[101.794,14.534],[101.794,14.5337],[101.7937,14.5337]],[[101.7967,14.531],[101.797,14.5321],[101.797,14.531],[101.7967,14.531]]]}},{"type":"Feature","properties":{"kind":"seasonal","area_km2":1.456,"date":"2026-10-09"},"geometry":{"type":"Polygon","coordinates":[[[101.4605,14.029],[101.4605,14.0285],[101.4594,14.0285],[101.4588,14.0274],[101.4569,14.0272],[101.4563,14.0266],[101.4558,14.0266],[101.4558,14.0288],[101.4544,14.0285],[101.4533,14.0267],[101.4532,14.0253],[101.4541,14.0248],[101.4541,14.0242],[101.4568,14.0236],[101.4568,14.0231],[101.4563,14.0231],[101.456,14.0223],[101.4549,14.0223],[101.4543,14.0218],[101.454,14.0199],[101.4551,14.0193],[101.4551,14.0155],[101.4562,14.015],[101.4573,14.015],[101.4573,14.0155],[101.4587,14.0168],[101.4601,14.0171],[101.4601,14.0187],[101.4609,14.0193],[101.4609,14.0179],[101.4615,14.0179],[101.4612,14.0157],[101.4617,14.0157],[101.4614,14.0141],[101.4631,14.0141],[101.4631,14.0149],[101.4637,14.0149],[101.4637,14.0179],[101.4643,14.0179],[101.4643,14.0206],[101.4632,14.0211],[101.4646,14.0222],[101.4649,14.0236],[101.4663,14.0238],[101.4668,14.0244],[101.4668,14.0252],[101.4657,14.0257],[101.4657,14.0265],[101.4652,14.0271],[101.4627,14.0271],[101.4633,14.0274],[101.4633,14.0287],[101.4619,14.0285],[101.4616,14.029],[101.4605,14.029]],[[101.4613,14.0244],[101.4616,14.0247],[101.4616,14.0244],[101.4613,14.0244]]]}},{"type":"Feature","properties":{"kind":"seasonal","area_km2":1.427,"date":"2026-10-09"},"geometry":{"type":"Polygon","coordinates":[[[101.0983,14.8769],[101.0992,14.8752],[101.0997,14.8752],[101.1003,14.8742],[101.1011,14.8739],[101.1005,14.8733],[101.1011,14.8733],[101.1014,14.8722],[101.1011,14.8709],[101.1005,14.8709],[101.0997,14.8685],[101.0996,14.8652],[101.0988,14.8641],[101.099,14.8636],[101.0985,14.8631],[101.0985,14.8622],[101.099,14.8617],[101.0993,14.8628],[101.1021,14.8633],[101.1018,14.8622],[101.1013,14.8622],[101.1013,14.8617],[101.1001,14.8611],[101.1001,14.8601],[101.1018,14.8598],[101.1018,14.8584],[101.1012,14.8595],[101.0998,14.8598],[101.0996,14.859],[101.0984,14.859],[101.0984,14.8584],[101.0979,14.8584],[101.0979,14.8579],[101.097,14.8576],[101.0965,14.8566],[101.0965,14.8549],[101.097,14.8549],[101.0967,14.853],[101.0987,14.853],[101.0987,14.8525],[101.0981,14.8528],[101.0978,14.8519],[101.0959,14.852],[101.0956,14.8514],[101.0981,14.8509],[101.0984,14.8503],[101.0964,14.8503],[101.0956,14.8495],[101.0936,14.849],[101.0936,14.8482],[101.093,14.8479],[101.0928,14.8468],[101.0947,14.846],[101.095,14.8455],[101.0955,14.8455],[101.0958,14.846],[101.0986,14.846],[101.0986,14.8471],[101.0994,14.8473],[101.1003,14.8484],[101.1003,14.8538],[101.0995,14.8544],[101.0995,14.8552],[101.099,14.8552],[101.0987,14.856],[101.0998,14.856],[101.1001,14.8573],[101.104,14.857],[101.1037,14.8592],[101.104,14.8603],[101.1046,14.8606],[101.1046,14.8641],[101.1052,14.8643],[101.1049,14.8662],[101.1055,14.8668],[101.1055,14.8684],[101.1047,14.8684],[101.1047,14.8692],[101.1052,14.8695],[101.1053,14.8711],[101.1044,14.8711],[101.0983,14.8769]],[[101.0992,14.8506],[101.0995,14.8511],[101.0995,14.8506],[101.0992,14.8506]],[[101.0981,14.8498],[101.0986,14.8498],[101.0995,14.8489],[101.0997,14.8481],[101.0992,14.8476],[101.0981,14.8479],[101.0981,14.8498]],[[101.0964,14.849],[101.097,14.8492],[101.097,14.849],[101.0964,14.849]]]}},{"type":"Feature","properties":{"kind":"seasonal","area_km2":1.319,"date":"2026-10-09"},"geometry":{"type":"Polygon","coordinates":[[[101.0149,15.011],[101.0146,15.0099],[101.014,15.0099],[101.014,15.0107],[101.0126,15.0108],[101.0118,15.0097],[101.0098,15.0097],[101.0095,15.0078],[101.0106,15.0075],[101.0095,15.0075],[101.0095,15.007],[101.0087,15.0073],[101.009,15.0092],[101.0079,15.0092],[101.0076,15.01],[101.0059,15.01],[101.0059,15.0089],[101.007,15.0075],[101.0067,15.0067],[101.0084,15.0051],[101.0101,15.0051],[101.0098,15.0032],[101.0106,15.0024],[101.012,15.0021],[101.0123,15.0015],[101.0134,15.0015],[101.0128,15.0004],[101.0153,15.0004],[101.0153,15.001],[101.0148,15.001],[101.0145,15.0018],[101.0139,15.0018],[101.0148,15.0026],[101.0145,15.004],[101.0148,15.0045],[101.0154,15.0045],[101.0154,15.005],[101.0173,15.005],[101.017,15.0058],[101.0201,15.0045],[101.0201,15.0053],[101.0229,15.005],[101.0243,15.006],[101.0251,15.006],[101.0249,15.009],[101.0257,15.009],[101.026,15.0095],[101.0249,15.0104],[101.0254,15.0104],[101.0257,15.0109],[101.0149,15.011]],[[101.021,15.0093],[101.0224,15.0093],[101.0229,15.0082],[101.021,15.0082],[101.021,15.0093]],[[101.0146,15.0083],[101.0148,15.0091],[101.0154,15.0083],[101.0146,15.0083]],[[101.0109,15.0056],[101.0115,15.0059],[101.0115,15.0056],[101.0109,15.0056]],[[101.0103,15.0045],[101.0109,15.0045],[101.0109,15.004],[101.01,15.0035],[101.0103,15.0045]],[[101.0114,15.0032],[101.012,15.0032],[101.012,15.0029],[101.0114,15.0026],[101.0114,15.0032]],[[101.0137,15.0023],[101.0139,15.0026],[101.0139,15.0023],[101.0137,15.0023]]]}},{"type":"Feature","properties":{"kind":"seasonal","area_km2":1.081,"date":"2026-10-09"},"geometry":{"type":"Polygon","coordinates":[[[101.4526,14.0215],[101.4507,14.0213],[101.4507,14.0199],[101.4515,14.0196],[101.4518,14.0188],[101.4501,14.0183],[101.4501,14.0177],[101.4496,14.018],[101.4496,14.0191],[101.449,14.0191],[101.4487,14.0199],[101.4457,14.02],[101.4451,14.0192],[101.4443,14.0189],[101.444,14.0181],[101.4429,14.0178],[101.4429,14.0167],[101.4437,14.0162],[101.4437,14.0154],[101.4448,14.0143],[101.4456,14.0116],[101.4464,14.0105],[101.4484,14.0104],[101.4495,14.011],[101.4506,14.0099],[101.4517,14.0099],[101.452,14.0115],[101.4528,14.0115],[101.4528,14.0104],[101.4539,14.0104],[101.4545,14.0107],[101.4548,14.0117],[101.4553,14.0117],[101.4553,14.0125],[101.4537,14.0126],[101.4545,14.0128],[101.4545,14.0144],[101.4534,14.0158],[101.4534,14.0169],[101.454,14.0174],[101.4537,14.0207],[101.4526,14.0215]],[[101.4495,14.0145],[101.4498,14.0148],[101.4498,14.0145],[101.4495,14.0145]],[[101.4531,14.0128],[101.4537,14.0131],[101.4537,14.0128],[101.4531,14.0128]]]}},{"type":"Feature","properties":{"kind":"seasonal","area_km2":1.058,"date":"2026-10-09"},"geometry":{"type":"Polygon","coordinates":[[[101.4586,14.0101],[101.4572,14.0093],[101.4572,14.0082],[101.4561,14.0082],[101.4561,14.0068],[101.4569,14.006],[101.4583,14.006],[101.4583,14.0074],[101.4597,14.0073],[101.4597,14.0055],[101.4608,14.0049],[101.4611,14.0038],[101.4605,14.0038],[101.46,14.0046],[101.4586,14.0046],[101.4586,14.0038],[101.458,14.0036],[101.458,14.0044],[101.4566,14.0047],[101.4547,14.0028],[101.4544,14.0014],[101.4558,14.0017],[101.4558,14.0012],[101.4552,14.0012],[101.4552,13.9984],[101.4563,13.9976],[101.4577,13.9976],[101.4577,13.9968],[101.456,13.9974],[101.4554,13.9968],[101.4554,13.9957],[101.4582,13.9957],[101.4582,13.9965],[101.4604,13.9962],[101.461,13.9957],[101.4665,13.9956],[101.4665,13.9967],[101.4646,13.9984],[101.4646,13.9994],[101.4641,13.9992],[101.4635,14.0],[101.4624,14.0003],[101.463,14.0008],[101.463,14.0027],[101.4625,14.0049],[101.4614,14.006],[101.4617,14.0073],[101.4603,14.0076],[101.4603,14.0092],[101.4595,14.0101],[101.4586,14.0101]],[[101.4597,14.0073],[101.46,14.0076],[101.46,14.0073],[101.4597,14.0073]],[[101.4611,14.0033],[101.4613,14.0038],[101.4613,14.0033],[101.4611,14.0033]],[[101.4596,13.9989],[101.4602,13.9989],[101.4599,13.9981],[101.4588,13.9976],[101.4585,13.9984],[101.4593,13.9984],[101.4596,13.9989]]]}},{"type":"Feature","properties":{"kind":"seasonal","area_km2":0.86,"date":"2026-10-09"},"geometry":{"type":"Polygon","coordinates":[[[101.0406,14.2081],[101.0406,14.207],[101.0376,14.2067],[101.0373,14.2057],[101.0367,14.2057],[101.0367,14.2043],[101.0356,14.2038],[101.0353,14.2019],[101.0361,14.2019],[101.0355,14.1989],[101.0375,14.1986],[101.0372,14.2016],[101.0383,14.2018],[101.0389,14.2013],[101.0389,14.1994],[101.0383,14.1991],[101.0383,14.1981],[101.0397,14.198],[101.04,14.1986],[101.0439,14.198],[101.0442,14.1985],[101.0447,14.1983],[101.0447,14.1975],[101.0453,14.1975],[101.0447,14.1956],[101.0469,14.1958],[101.0469,14.1972],[101.0464,14.1972],[101.0464,14.1991],[101.0461,14.1996],[101.0455,14.1996],[101.0456,14.201],[101.0445,14.201],[101.0444,14.2002],[101.0428,14.2002],[101.0433,14.2018],[101.0442,14.2021],[101.0442,14.2045],[101.0436,14.2045],[101.0442,14.2048],[101.0442,14.2061],[101.0423,14.2064],[101.042,14.2081],[101.0406,14.2081]],[[101.0417,14.2062],[101.0423,14.2062],[101.0423,14.2053],[101.042,14.2053],[101.0417,14.2062]],[[101.0361,14.2019],[101.0364,14.2024],[101.0367,14.2019],[101.0361,14.2019]],[[101.0425,14.1996],[101.0428,14.2002],[101.0428,14.1996],[101.0425,14.1996]]]}},{"type":"Feature","properties":{"kind":"seasonal","area_km2":0.77,"date":"2026-10-09"},"geometry":{"type":"Polygon","coordinates":[[[101.4253,14.0573],[101.425,14.0559],[101.4269,14.0551],[101.425,14.0549],[101.4261,14.0548],[101.4261,14.0538],[101.4244,14.0535],[101.4247,14.053],[101.4238,14.0522],[101.4238,14.0511],[101.4219,14.0514],[101.4219,14.0527],[101.4205,14.0525],[101.4205,14.0541],[101.4199,14.0541],[101.4189,14.0555],[101.4172,14.0552],[101.4169,14.0533],[101.4177,14.0533],[101.4177,14.0509],[101.4196,14.0498],[101.4191,14.0492],[101.4188,14.0476],[101.4207,14.0479],[101.421,14.047],[101.4249,14.047],[101.4249,14.0478],[101.426,14.0478],[101.426,14.0473],[101.4265,14.0473],[101.4263,14.0481],[101.4268,14.0494],[101.4268,14.0473],[101.4274,14.0475],[101.4277,14.05],[101.4271,14.0497],[101.4269,14.0502],[101.428,14.0513],[101.4283,14.0546],[101.4297,14.0543],[101.4297,14.0554],[101.4286,14.0554],[101.4283,14.0548],[101.428,14.0556],[101.4275,14.0556],[101.4278,14.0573],[101.4253,14.0573]],[[101.4194,14.0527],[101.4197,14.0522],[101.4191,14.0519],[101.4191,14.0525],[101.4194,14.0527]],[[101.4244,14.0516],[101.4246,14.0522],[101.4249,14.0516],[101.4244,14.0516]],[[101.4263,14.0511],[101.4266,14.0513],[101.4266,14.051],[101.4263,14.0511]],[[101.4216,14.0484],[101.4218,14.0487],[101.4218,14.0484],[101.4216,14.0484]],[[101.4213,14.0481],[101.4216,14.0484],[101.4216,14.0481],[101.4213,14.0481]],[[101.4229,14.0476],[101.4235,14.0481],[101.4235,14.0476],[101.4229,14.0476]]]}},{"type":"Feature","properties":{"kind":"seasonal","area_km2":0.769,"date":"2026-10-04"},"geometry":{"type":"Polygon","coordinates":[[[101.9927,14.9127],[101.9927,14.9087],[101.9915,14.9065],[101.9918,14.9044],[101.9901,14.9041],[101.9899,14.9052],[101.9887,14.9052],[101.9873,14.9044],[101.9865,14.9044],[101.9865,14.9031],[101.989,14.9022],[101.9904,14.9025],[101.9915,14.9016],[101.9918,14.9033],[101.992,14.9022],[101.9945,14.9024],[101.9948,14.9011],[101.9954,14.9011],[101.996,14.9032],[101.9968,14.9037],[101.9968,14.9051],[101.9988,14.9051],[101.9988,14.9056],[101.9993,14.9056],[101.9993,14.9067],[101.9988,14.907],[101.9988,14.9075],[101.9991,14.9086],[101.9999,14.9091],[101.9999,14.9099],[101.9988,14.9108],[101.9977,14.9108],[101.9983,14.9102],[101.9974,14.9102],[101.9974,14.9089],[101.9963,14.9084],[101.9966,14.9081],[101.9963,14.9073],[101.996,14.9086],[101.9944,14.9089],[101.9946,14.9095],[101.9952,14.9095],[101.9955,14.9108],[101.9949,14.9108],[101.995,14.9114],[101.9944,14.9114],[101.9941,14.9119],[101.9958,14.9122],[101.9927,14.9127]],[[101.9909,14.9035],[101.9912,14.9038],[101.9912,14.9035],[101.9909,14.9035]],[[101.9912,14.9033],[101.9915,14.9035],[101.9915,14.9033],[101.9912,14.9033]],[[101.9893,14.903],[101.9895,14.9033],[101.9895,14.903],[101.9893,14.903]]]}},{"type":"Feature","properties":{"kind":"seasonal","area_km2":0.769,"date":"2026-10-09"},"geometry":{"type":"Polygon","coordinates":[[[101.016,14.1871],[101.0162,14.185],[101.0154,14.186],[101.0146,14.1861],[101.014,14.1852],[101.0126,14.1847],[101.0123,14.1834],[101.0134,14.1828],[101.0126,14.1828],[101.0123,14.1809],[101.0129,14.1809],[101.0129,14.1798],[101.0137,14.1793],[101.014,14.1785],[101.0151,14.1785],[101.0151,14.1798],[101.0159,14.1803],[101.0165,14.1814],[101.0165,14.1809],[101.017,14.1806],[101.0167,14.1787],[101.0179,14.1787],[101.0167,14.1774],[101.0167,14.1763],[101.0178,14.1763],[101.0178,14.1771],[101.019,14.1771],[101.019,14.1779],[101.0198,14.1779],[101.0198,14.1773],[101.0209,14.1773],[101.0189,14.1752],[101.0184,14.1752],[101.0175,14.1744],[101.0175,14.1736],[101.0186,14.1733],[101.0195,14.1744],[101.02,14.1743],[101.0223,14.1762],[101.0223,14.177],[101.0212,14.1776],[101.0212,14.1787],[101.019,14.1792],[101.0193,14.1806],[101.0209,14.1803],[101.0209,14.1811],[101.0215,14.1811],[101.0218,14.1825],[101.0209,14.183],[101.0223,14.1838],[101.0224,14.1852],[101.0196,14.1852],[101.0193,14.183],[101.0187,14.183],[101.0187,14.1825],[101.0182,14.1822],[101.0176,14.1833],[101.0168,14.1836],[101.0168,14.1847],[101.0182,14.1844],[101.0182,14.1866],[101.016,14.1871]],[[101.0184,14.182],[101.0187,14.1822],[101.0187,14.182],[101.0184,14.182]],[[101.0187,14.1817],[101.0195,14.1817],[101.0195,14.1811],[101.0187,14.1809],[101.0187,14.1817]]]}},{"type":"Feature","properties":{"kind":"seasonal","area_km2":0.722,"date":"2026-10-09"},"geometry":{"type":"Polygon","coordinates":[[[101.416,14.2319],[101.4157,14.2314],[101.4132,14.2314],[101.4126,14.2306],[101.4118,14.2306],[101.4118,14.2279],[101.4126,14.2271],[101.414,14.2268],[101.414,14.226],[101.4151,14.2257],[101.4159,14.2249],[101.4159,14.2244],[101.4173,14.2241],[101.4176,14.2249],[101.4179,14.2241],[101.419,14.2241],[101.4179,14.2238],[101.4181,14.2227],[101.4212,14.2232],[101.4234,14.2254],[101.4229,14.2278],[101.4221,14.2275],[101.4215,14.2281],[101.4201,14.2281],[101.4196,14.2287],[101.4193,14.2311],[101.4188,14.2311],[101.4185,14.2303],[101.4174,14.2303],[101.4168,14.2308],[101.4168,14.2317],[101.416,14.2319]],[[101.414,14.2274],[101.4154,14.2273],[101.4154,14.2268],[101.414,14.2268],[101.414,14.2274]]]}},{"type":"Feature","properties":{"kind":"seasonal","area_km2":0.634,"date":"2026-10-09"},"geometry":{"type":"Polygon","coordinates":[[[101.0549,14.8851],[101.0535,14.8838],[101.0496,14.8841],[101.0493,14.8825],[101.0468,14.8825],[101.0468,14.8811],[101.049,14.8811],[101.0496,14.8806],[101.0496,14.8798],[101.0521,14.8792],[101.0521,14.8778],[101.0526,14.8776],[101.0526,14.877],[101.0554,14.8765],[101.0562,14.8756],[101.0562,14.8751],[101.0574,14.8751],[101.0579,14.8743],[101.059,14.8743],[101.059,14.8748],[101.0604,14.8751],[101.0604,14.877],[101.0599,14.877],[101.0599,14.878],[101.0591,14.878],[101.0596,14.8778],[101.0596,14.8772],[101.059,14.8772],[101.059,14.8759],[101.0585,14.8756],[101.0582,14.8767],[101.0574,14.8772],[101.0574,14.8778],[101.0579,14.8781],[101.0568,14.8786],[101.0566,14.8808],[101.056,14.8805],[101.0552,14.8813],[101.0541,14.8811],[101.0541,14.8819],[101.0532,14.8822],[101.0535,14.883],[101.0538,14.8824],[101.0544,14.8827],[101.0546,14.8841],[101.056,14.8835],[101.0558,14.8851],[101.0549,14.8851]],[[101.0565,14.8773],[101.0568,14.8775],[101.0568,14.8773],[101.0565,14.8773]],[[101.0596,14.8767],[101.0599,14.877],[101.0599,14.8767],[101.0596,14.8767]]]}},{"type":"Feature","properties":{"kind":"seasonal","area_km2":0.56,"date":"2026-10-09"},"geometry":{"type":"Polygon","coordinates":[[[101.0273,14.2093],[101.0265,14.2087],[101.0264,14.2076],[101.0259,14.2076],[101.0256,14.2082],[101.0245,14.2082],[101.0237,14.2066],[101.0223,14.2069],[101.022,14.2055],[101.0225,14.205],[101.0239,14.205],[101.0245,14.2044],[101.0253,14.2044],[101.0253,14.2039],[101.0261,14.2038],[101.0261,14.2049],[101.0253,14.2049],[101.0253,14.2063],[101.0284,14.206],[101.0284,14.2055],[101.0289,14.2055],[101.0286,14.2033],[101.0292,14.2025],[101.0317,14.2024],[101.0317,14.2035],[101.0325,14.2035],[101.0325,14.2049],[101.035,14.2049],[101.0351,14.2068],[101.0342,14.2068],[101.0345,14.2078],[101.034,14.2087],[101.0306,14.2081],[101.0287,14.2084],[101.0287,14.2092],[101.0273,14.2093]],[[101.0287,14.2068],[101.0289,14.2071],[101.0289,14.2068],[101.0287,14.2068]],[[101.0298,14.2071],[101.0303,14.2071],[101.0303,14.2065],[101.0298,14.2065],[101.0298,14.2071]],[[101.0303,14.2063],[101.0306,14.2065],[101.0306,14.2063],[101.0303,14.2063]]]}},{"type":"Feature","properties":{"kind":"seasonal","area_km2":0.541,"date":"2026-10-09"},"geometry":{"type":"Polygon","coordinates":[[[101.0412,14.1769],[101.0412,14.1744],[101.0417,14.1744],[101.042,14.1731],[101.0417,14.1723],[101.0428,14.1712],[101.0436,14.1712],[101.0439,14.1685],[101.0428,14.1685],[101.043,14.1652],[101.0436,14.1649],[101.0436,14.1657],[101.0441,14.166],[101.0444,14.1638],[101.0449,14.1636],[101.0449,14.163],[101.0458,14.163],[101.0475,14.1644],[101.0477,14.1652],[101.0486,14.1654],[101.0486,14.1665],[101.0475,14.1668],[101.048,14.1676],[101.0486,14.1676],[101.0486,14.1687],[101.0481,14.1687],[101.0475,14.1698],[101.0469,14.1698],[101.047,14.1703],[101.0458,14.1709],[101.0456,14.1717],[101.0442,14.1717],[101.0445,14.1744],[101.0439,14.1747],[101.0434,14.176],[101.0426,14.1761],[101.0423,14.1769],[101.0412,14.1769]],[[101.0422,14.172],[101.0425,14.1723],[101.0425,14.172],[101.0422,14.172]],[[101.0455,14.1668],[101.0458,14.1671],[101.0458,14.1668],[101.0455,14.1668]],[[101.0469,14.1665],[101.0472,14.1668],[101.0472,14.1665],[101.0469,14.1665]],[[101.0464,14.166],[101.0466,14.1663],[101.0466,14.166],[101.0464,14.166]]]}},{"type":"Feature","properties":{"kind":"seasonal","area_km2":0.536,"date":"2026-10-09"},"geometry":{"type":"Polygon","coordinates":[[[101.2253,14.0224],[101.2253,14.0213],[101.2242,14.0213],[101.2236,14.0199],[101.2216,14.0189],[101.2216,14.0181],[101.2241,14.0148],[101.2241,14.014],[101.2255,14.0142],[101.2255,14.0115],[101.226,14.0115],[101.226,14.0107],[101.2274,14.0107],[101.2274,14.0096],[101.2285,14.0093],[101.2291,14.0115],[101.2288,14.0136],[101.2296,14.0134],[101.2296,14.0115],[101.2302,14.0109],[101.2318,14.0109],[101.2318,14.0128],[101.2305,14.0128],[101.2305,14.0134],[101.2313,14.0134],[101.231,14.015],[101.2294,14.0153],[101.2291,14.0145],[101.2285,14.0145],[101.2283,14.0153],[101.2266,14.015],[101.2266,14.0158],[101.2261,14.0161],[101.2261,14.0177],[101.225,14.018],[101.2253,14.0205],[101.2264,14.0204],[101.2264,14.0221],[101.2253,14.0224]],[[101.2266,14.0142],[101.2269,14.0148],[101.2269,14.0142],[101.2266,14.0142]],[[101.2294,14.0145],[101.2299,14.0145],[101.2302,14.0136],[101.2294,14.0136],[101.2294,14.0145]],[[101.2307,14.0136],[101.231,14.0144],[101.231,14.0136],[101.2307,14.0136]]]}},{"type":"Feature","properties":{"kind":"seasonal","area_km2":0.504,"date":"2026-10-09"},"geometry":{"type":"Polygon","coordinates":[[[101.1345,14.2354],[101.1329,14.2352],[101.1328,14.233],[101.1323,14.2333],[101.1323,14.2325],[101.1314,14.2325],[101.1312,14.2319],[101.1311,14.23],[101.132,14.23],[101.132,14.2311],[101.1325,14.2311],[101.1331,14.2295],[101.1342,14.2295],[101.135,14.2289],[101.135,14.2284],[101.1359,14.2284],[101.1347,14.2281],[101.1347,14.2268],[101.1353,14.2268],[101.1356,14.2262],[101.1367,14.2262],[101.1375,14.227],[101.1375,14.2265],[101.1392,14.2262],[101.1391,14.224],[101.1405,14.224],[101.1405,14.2248],[101.1411,14.2253],[101.1411,14.2259],[101.1406,14.2259],[101.1406,14.2267],[101.1414,14.2267],[101.1414,14.2278],[101.14,14.2281],[101.14,14.2286],[101.1392,14.2286],[101.1383,14.2275],[101.1378,14.2275],[101.1384,14.2281],[101.1384,14.2292],[101.1392,14.2292],[101.1392,14.2305],[101.1375,14.2305],[101.1375,14.2297],[101.1353,14.23],[101.1353,14.2316],[101.1359,14.2324],[101.137,14.2324],[101.137,14.2338],[101.1351,14.2341],[101.1351,14.2349],[101.1345,14.2354]]]}},{"type":"Feature","properties":{"kind":"seasonal","area_km2":0.476,"date":"2026-10-09"},"geometry":{"type":"Polygon","coordinates":[[[101.4711,14.0376],[101.4672,14.0371],[101.4664,14.036],[101.4664,14.0347],[101.4669,14.0346],[101.4669,14.0338],[101.468,14.0333],[101.4669,14.0322],[101.4669,14.0281],[101.4677,14.0268],[101.4694,14.027],[101.4694,14.0287],[101.4685,14.0289],[101.4688,14.0295],[101.4699,14.0295],[101.4705,14.0316],[101.4719,14.0319],[101.4719,14.0349],[101.4714,14.0351],[101.4717,14.037],[101.4711,14.0376]]]}},{"type":"Feature","properties":{"kind":"seasonal","area_km2":0.468,"date":"2026-10-09"},"geometry":{"type":"Polygon","coordinates":[[[101.2135,14.3209],[101.2135,14.3204],[101.2121,14.3201],[101.2118,14.3188],[101.2117,14.3169],[101.212,14.3158],[101.2126,14.3155],[101.2131,14.3128],[101.2137,14.3139],[101.2131,14.3141],[101.2134,14.315],[101.2128,14.3155],[101.2129,14.3171],[101.2145,14.3174],[101.2156,14.3171],[101.2154,14.3163],[101.2167,14.3163],[101.217,14.3155],[101.2173,14.316],[101.2184,14.316],[101.2184,14.3152],[101.219,14.3152],[101.219,14.3146],[101.2192,14.3154],[101.2198,14.3154],[101.2198,14.3141],[101.2203,14.3141],[101.2209,14.3135],[101.2212,14.3122],[101.222,14.3119],[101.2217,14.3103],[101.2156,14.3103],[101.2136,14.3109],[101.2136,14.3101],[101.2228,14.31],[101.2223,14.3122],[101.2206,14.3143],[101.2204,14.3184],[101.2179,14.3184],[101.2168,14.3203],[101.2135,14.3209]],[[101.2143,14.3196],[101.2146,14.3198],[101.2146,14.3196],[101.2143,14.3196]]]}},{"type":"Feature","properties":{"kind":"seasonal","area_km2":0.447,"date":"2026-10-09"},"geometry":{"type":"Polygon","coordinates":[[[101.2601,14.0616],[101.257,14.0616],[101.2565,14.0611],[101.2543,14.0611],[101.2537,14.0609],[101.2537,14.0603],[101.2523,14.0598],[101.2526,14.0579],[101.2539,14.0579],[101.2539,14.0571],[101.2545,14.0571],[101.2545,14.0565],[101.2528,14.0557],[101.2528,14.0563],[101.2537,14.0562],[101.2537,14.0576],[101.2528,14.0576],[101.2525,14.0563],[101.2512,14.0563],[101.2506,14.0557],[101.2508,14.053],[101.2531,14.0527],[101.2545,14.0535],[101.2542,14.0552],[101.255,14.0554],[101.255,14.056],[101.2561,14.056],[101.2562,14.057],[101.2553,14.0579],[101.2556,14.0584],[101.2562,14.0584],[101.2562,14.0592],[101.259,14.0589],[101.2603,14.0594],[101.2601,14.0616]],[[101.2528,14.0552],[101.2534,14.0552],[101.2534,14.0546],[101.2528,14.0546],[101.2528,14.0552]]]}},{"type":"Feature","properties":{"kind":"seasonal","area_km2":0.429,"date":"2026-10-09"},"geometry":{"type":"Polygon","coordinates":[[[101.2049,14.0117],[101.2041,14.0106],[101.2041,14.0095],[101.2046,14.0095],[101.2049,14.0087],[101.2063,14.0082],[101.206,14.0065],[101.2065,14.0065],[101.2054,14.0055],[101.2054,14.0041],[101.2065,14.0038],[101.207,14.003],[101.2076,14.003],[101.2076,14.0025],[101.2084,14.0024],[101.2084,14.003],[101.2118,14.0032],[101.2126,14.004],[101.2129,14.0057],[101.2118,14.0059],[101.2113,14.0073],[101.2093,14.0073],[101.2087,14.0068],[101.2085,14.0087],[101.2071,14.0084],[101.2068,14.0101],[101.2063,14.0101],[101.2063,14.0114],[101.2049,14.0117]],[[101.2062,14.0052],[101.2065,14.006],[101.2065,14.0052],[101.2062,14.0052]],[[101.2065,14.0046],[101.2068,14.0049],[101.2068,14.0046],[101.2065,14.0046]]]}},{"type":"Feature","properties":{"kind":"seasonal","area_km2":0.4,"date":"2026-10-09"},"geometry":{"type":"Polygon","coordinates":[[[101.2697,14.0759],[101.268,14.0748],[101.268,14.074],[101.2669,14.0743],[101.2666,14.0737],[101.2655,14.0735],[101.2649,14.0729],[101.2649,14.0721],[101.2641,14.0727],[101.2638,14.074],[101.2622,14.0735],[101.2613,14.0727],[101.2621,14.07],[101.2646,14.0702],[101.2652,14.0716],[101.2666,14.0718],[101.268,14.0735],[101.2685,14.0735],[101.2691,14.0724],[101.2699,14.0718],[101.2699,14.0707],[101.2713,14.0707],[101.2718,14.0699],[101.2729,14.0699],[101.2735,14.0715],[101.2724,14.0729],[101.2719,14.0729],[101.2713,14.0753],[101.2708,14.0759],[101.2697,14.0759]]]}},{"type":"Feature","properties":{"kind":"seasonal","area_km2":0.381,"date":"2026-10-09"},"geometry":{"type":"Polygon","coordinates":[[[101.0631,14.8932],[101.0625,14.8924],[101.0603,14.8927],[101.0595,14.8916],[101.0583,14.8916],[101.0578,14.8924],[101.0561,14.8922],[101.0561,14.8851],[101.0563,14.8862],[101.0566,14.8851],[101.0577,14.8859],[101.0591,14.8862],[101.0597,14.8875],[101.0608,14.8883],[101.0603,14.8892],[101.0583,14.8894],[101.0595,14.8913],[101.0667,14.8913],[101.0664,14.8918],[101.0659,14.8918],[101.0653,14.8929],[101.0631,14.8932]],[[101.0589,14.887],[101.0591,14.8873],[101.0591,14.887],[101.0589,14.887]]]}},{"type":"Feature","properties":{"kind":"seasonal","area_km2":0.378,"date":"2026-10-09"},"geometry":{"type":"Polygon","coordinates":[[[101.0723,14.0194],[101.0717,14.0178],[101.0717,14.0148],[101.0719,14.0142],[101.0725,14.0142],[101.0728,14.0123],[101.0714,14.0123],[101.0711,14.0113],[101.0705,14.0113],[101.0705,14.0099],[101.0711,14.0099],[101.0711,14.0094],[101.0719,14.0088],[101.0722,14.0074],[101.0735,14.0072],[101.0735,14.008],[101.0749,14.0085],[101.075,14.0123],[101.0747,14.0142],[101.0742,14.0145],[101.0742,14.0153],[101.0736,14.0153],[101.0739,14.0191],[101.0723,14.0194]]]}},{"type":"Feature","properties":{"kind":"seasonal","area_km2":0.377,"date":"2026-10-09"},"geometry":{"type":"Polygon","coordinates":[[[101.1096,14.0285],[101.1065,14.0286],[101.1065,14.028],[101.1057,14.028],[101.1051,14.0275],[101.1051,14.0267],[101.1062,14.0267],[101.1062,14.0256],[101.1051,14.0253],[101.1053,14.0232],[101.1059,14.0229],[101.1053,14.0223],[101.1056,14.0191],[101.1061,14.0188],[101.107,14.0188],[101.1078,14.0204],[101.1092,14.0204],[101.1087,14.0267],[101.1093,14.0266],[101.109,14.0275],[101.1095,14.0277],[101.1096,14.0285]],[[101.1073,14.0272],[101.1082,14.0272],[101.1081,14.0267],[101.1073,14.0267],[101.1073,14.0272]]]}},{"type":"Feature","properties":{"kind":"seasonal","area_km2":0.372,"date":"2026-10-09"},"geometry":{"type":"Polygon","coordinates":[[[101.1012,14.8801],[101.1009,14.8793],[101.0992,14.878],[101.0992,14.8769],[101.1019,14.8741],[101.1025,14.8741],[101.1025,14.8736],[101.103,14.8736],[101.1036,14.8725],[101.1053,14.8722],[101.1053,14.8727],[101.1064,14.8736],[101.1061,14.8752],[101.105,14.8755],[101.1048,14.8776],[101.1042,14.8779],[101.1037,14.8795],[101.1012,14.8801]]]}},{"type":"Feature","properties":{"kind":"seasonal","area_km2":0.369,"date":"2026-10-09"},"geometry":{"type":"Polygon","coordinates":[[[101.2051,14.0846],[101.205,14.0835],[101.207,14.0835],[101.2075,14.083],[101.2084,14.083],[101.2081,14.0813],[101.2075,14.0813],[101.2072,14.0786],[101.2055,14.0784],[101.2055,14.0776],[101.2069,14.0776],[101.2069,14.077],[101.2061,14.0765],[101.2061,14.0754],[101.2072,14.0743],[101.2094,14.074],[101.2097,14.0756],[101.208,14.0765],[101.2089,14.0773],[101.2089,14.0781],[101.2083,14.0781],[101.2083,14.0786],[101.2097,14.0786],[101.2106,14.081],[101.2092,14.0816],[101.2092,14.0827],[101.2117,14.0829],[101.212,14.0843],[101.2051,14.0846]]]}},{"type":"Feature","properties":{"kind":"seasonal","area_km2":0.364,"date":"2026-10-09"},"geometry":{"type":"Polygon","coordinates":[[[101.2876,14.005],[101.2873,14.0044],[101.2862,14.0044],[101.2859,14.0023],[101.285,14.002],[101.285,14.0004],[101.2867,14.0004],[101.2867,13.9974],[101.29,13.9974],[101.2903,14.0001],[101.2897,14.0003],[101.2906,14.0017],[101.2909,14.0044],[101.2895,14.0047],[101.2892,14.0041],[101.2887,14.0041],[101.2887,14.0031],[101.2881,14.0031],[101.2884,14.005],[101.2876,14.005]]]}},{"type":"Feature","properties":{"kind":"seasonal","area_km2":0.341,"date":"2026-10-09"},"geometry":{"type":"Polygon","coordinates":[[[101.0709,15.0105],[101.0709,15.0089],[101.0714,15.0081],[101.0711,15.0056],[101.0717,15.0053],[101.072,15.004],[101.0734,15.0034],[101.0733,15.0029],[101.0747,15.0029],[101.0747,15.0034],[101.0759,15.0039],[101.0761,15.0029],[101.0764,15.0042],[101.075,15.0042],[101.075,15.0048],[101.0756,15.0048],[101.0764,15.0058],[101.0762,15.0083],[101.0737,15.0083],[101.0737,15.0105],[101.0709,15.0105]],[[101.0748,15.0064],[101.0751,15.0067],[101.0751,15.0064],[101.0748,15.0064]],[[101.0745,15.005],[101.0748,15.0053],[101.0748,15.005],[101.0745,15.005]],[[101.0736,15.0032],[101.0739,15.0037],[101.0739,15.0032],[101.0736,15.0032]]]}},{"type":"Feature","properties":{"kind":"seasonal","area_km2":0.329,"date":"2026-10-09"},"geometry":{"type":"Polygon","coordinates":[[[101.3776,14.0429],[101.3773,14.0415],[101.3779,14.0404],[101.3773,14.0396],[101.3765,14.0396],[101.3765,14.0385],[101.3773,14.038],[101.3773,14.0369],[101.3795,14.0372],[101.3795,14.0363],[101.3778,14.0364],[101.3778,14.0345],[101.3773,14.0345],[101.3773,14.0337],[101.3792,14.0336],[101.3795,14.0353],[101.3809,14.0352],[101.3806,14.0371],[101.3815,14.0371],[101.3817,14.0377],[101.3815,14.039],[101.3801,14.039],[101.3798,14.0385],[101.379,14.0388],[101.3793,14.0404],[101.3798,14.0399],[101.3812,14.0398],[101.3815,14.0415],[101.3798,14.042],[101.379,14.0428],[101.3776,14.0429]]]}},{"type":"Feature","properties":{"kind":"seasonal","area_km2":0.323,"date":"2026-10-04"},"geometry":{"type":"Polygon","coordinates":[[[101.793,14.5446],[101.7938,14.5443],[101.7944,14.5435],[101.7944,14.5427],[101.7933,14.5419],[101.7932,14.54],[101.7927,14.54],[101.7924,14.5394],[101.7916,14.54],[101.7902,14.5397],[101.7902,14.5387],[101.7907,14.5381],[101.7915,14.5381],[101.7918,14.5389],[101.7943,14.5389],[101.7957,14.5362],[101.7974,14.5361],[101.7977,14.5386],[101.7971,14.5394],[101.7971,14.5407],[101.7966,14.5413],[101.7974,14.5416],[101.7988,14.5402],[101.7988,14.5396],[101.7996,14.5396],[101.8005,14.5404],[101.801,14.5404],[101.801,14.5412],[101.8005,14.5418],[101.7974,14.5418],[101.7972,14.5426],[101.7958,14.5427],[101.7963,14.5405],[101.796,14.5394],[101.7954,14.5391],[101.7955,14.5402],[101.7949,14.5402],[101.7946,14.541],[101.7938,14.5411],[101.7938,14.5416],[101.7944,14.5416],[101.7946,14.5421],[101.7949,14.544],[101.7944,14.5446],[101.793,14.5446]]]}},{"type":"Feature","properties":{"kind":"seasonal","area_km2":0.317,"date":"2026-10-09"},"geometry":{"type":"Polygon","coordinates":[[[101.397,14.0066],[101.3958,14.0055],[101.3961,14.0045],[101.3956,14.0042],[101.3955,14.0031],[101.3961,14.0031],[101.3964,14.0026],[101.3955,14.0018],[101.3955,13.9999],[101.3963,13.9999],[101.3966,14.0007],[101.3972,14.0007],[101.3972,13.9996],[101.3994,14.0001],[101.3994,13.9993],[101.4005,13.9993],[101.4005,14.0001],[101.4011,14.0001],[101.4011,14.002],[101.3972,14.002],[101.3975,14.0031],[101.4,14.0028],[101.4006,14.0055],[101.3983,14.0055],[101.3984,14.0066],[101.397,14.0066]]]}},{"type":"Feature","properties":{"kind":"seasonal","area_km2":0.292,"date":"2026-10-09"},"geometry":{"type":"Polygon","coordinates":[[[101.3744,14.2413],[101.3747,14.2405],[101.3752,14.2405],[101.3758,14.2397],[101.3758,14.2383],[101.378,14.2383],[101.3785,14.2372],[101.3785,14.2353],[101.3802,14.2347],[101.3807,14.2339],[101.3818,14.2339],[101.383,14.2347],[101.3844,14.235],[101.3844,14.2361],[101.3835,14.2363],[101.3835,14.2371],[101.3827,14.2372],[101.3822,14.2377],[101.381,14.2372],[101.3802,14.2377],[101.3797,14.2399],[101.3772,14.2391],[101.3766,14.2402],[101.3758,14.2407],[101.3758,14.2413],[101.3744,14.2413]]]}},{"type":"Feature","properties":{"kind":"seasonal","area_km2":0.292,"date":"2026-10-09"},"geometry":{"type":"Polygon","coordinates":[[[101.4517,14.034],[101.4516,14.0321],[101.4508,14.0316],[101.4503,14.0321],[101.4494,14.0321],[101.4492,14.0327],[101.4483,14.0327],[101.4483,14.03],[101.4491,14.0294],[101.4497,14.0278],[101.4524,14.0277],[101.4535,14.028],[101.4544,14.0288],[101.4541,14.0307],[101.4525,14.0307],[101.4533,14.0315],[101.453,14.0334],[101.4525,14.034],[101.4517,14.034]]]}},{"type":"Feature","properties":{"kind":"seasonal","area_km2":0.285,"date":"2026-10-09"},"geometry":{"type":"Polygon","coordinates":[[[101.0388,14.0614],[101.0388,14.0603],[101.0399,14.06],[101.0418,14.0584],[101.0426,14.0584],[101.044,14.057],[101.0454,14.0567],[101.0454,14.0562],[101.0459,14.0562],[101.0462,14.0557],[101.0479,14.0554],[101.0484,14.0575],[101.0471,14.0594],[101.0443,14.0595],[101.0443,14.06],[101.0437,14.0603],[101.0401,14.0614],[101.0388,14.0614]],[[101.0451,14.0581],[101.0457,14.0581],[101.0457,14.0576],[101.0451,14.0576],[101.0451,14.0581]],[[101.0468,14.0562],[101.0471,14.0567],[101.047,14.0562],[101.0468,14.0562]]]}},{"type":"Feature","properties":{"kind":"seasonal","area_km2":0.283,"date":"2026-10-09"},"geometry":{"type":"Polygon","coordinates":[[[101.0397,14.1978],[101.04,14.1956],[101.0394,14.1956],[101.0394,14.1945],[101.0399,14.194],[101.0399,14.1932],[101.0391,14.1929],[101.0388,14.1886],[101.0402,14.1888],[101.0407,14.1907],[101.0408,14.1918],[101.0402,14.1921],[101.0402,14.1926],[101.0408,14.1926],[101.0416,14.1918],[101.0433,14.1918],[101.0444,14.195],[101.0452,14.195],[101.0447,14.1956],[101.0436,14.1956],[101.0436,14.1961],[101.0425,14.1961],[101.0425,14.195],[101.043,14.1948],[101.0427,14.1937],[101.0422,14.1937],[101.0422,14.1953],[101.0411,14.1953],[101.0411,14.1978],[101.0397,14.1978]]]}},{"type":"Feature","properties":{"kind":"seasonal","area_km2":0.282,"date":"2026-10-09"},"geometry":{"type":"Polygon","coordinates":[[[101.3885,14.017],[101.3884,14.0151],[101.389,14.0151],[101.389,14.0146],[101.3884,14.014],[101.3873,14.014],[101.3873,14.0121],[101.3876,14.0111],[101.3887,14.011],[101.3887,14.01],[101.3898,14.0099],[101.3901,14.0105],[101.3912,14.0105],[101.3912,14.0129],[101.3923,14.0134],[101.3926,14.0148],[101.3918,14.0153],[101.3918,14.0162],[101.3907,14.0162],[101.3904,14.017],[101.3885,14.017]]]}},{"type":"Feature","properties":{"kind":"seasonal","area_km2":0.268,"date":"2026-10-04"},"geometry":{"type":"Polygon","coordinates":[[[101.8653,14.6892],[101.865,14.6876],[101.8638,14.6873],[101.8633,14.6868],[101.863,14.6854],[101.8616,14.6852],[101.8605,14.6836],[101.8613,14.6836],[101.8627,14.6846],[101.8641,14.6846],[101.8644,14.6852],[101.8669,14.6846],[101.8674,14.6851],[101.8672,14.6868],[101.8688,14.6865],[101.8691,14.6875],[101.8697,14.6873],[101.8699,14.6856],[101.8705,14.6856],[101.8713,14.6834],[101.8713,14.6848],[101.8703,14.6881],[101.8697,14.6881],[101.8694,14.6886],[101.8672,14.6881],[101.8667,14.6892],[101.8653,14.6892]]]}},{"type":"Feature","properties":{"kind":"seasonal","area_km2":0.267,"date":"2026-10-09"},"geometry":{"type":"Polygon","coordinates":[[[101.1282,14.0647],[101.1285,14.0633],[101.1279,14.0634],[101.1279,14.0625],[101.1265,14.0626],[101.1268,14.0612],[101.1262,14.0612],[101.1259,14.0593],[101.1273,14.0587],[101.1273,14.0601],[101.1279,14.0601],[101.1282,14.0625],[101.1304,14.0622],[101.1304,14.0617],[101.129,14.0617],[101.1287,14.0606],[101.129,14.0595],[101.1296,14.0595],[101.1298,14.059],[101.1279,14.0593],[101.1279,14.0585],[101.1284,14.0585],[101.1287,14.0579],[101.1304,14.0579],[101.1304,14.0587],[101.1315,14.059],[101.1315,14.0601],[101.1323,14.0598],[101.1323,14.0609],[101.1312,14.0614],[101.1315,14.063],[101.131,14.0631],[101.131,14.0641],[101.1282,14.0647]],[[101.1296,14.0636],[101.1301,14.0636],[101.1301,14.0631],[101.1296,14.0631],[101.1296,14.0636]],[[101.1301,14.0606],[101.1307,14.0606],[101.1307,14.0601],[101.1301,14.0601],[101.1301,14.0606]]]}},{"type":"Feature","properties":{"kind":"seasonal","area_km2":0.264,"date":"2026-10-09"},"geometry":{"type":"Polygon","coordinates":[[[101.0269,14.1065],[101.0269,14.1057],[101.028,14.1054],[101.0283,14.1038],[101.0277,14.1035],[101.0277,14.1016],[101.0272,14.1011],[101.0272,14.1003],[101.0266,14.1],[101.0269,14.0987],[101.0258,14.0981],[101.0255,14.096],[101.0268,14.0959],[101.0269,14.0965],[101.0277,14.0967],[101.0277,14.0976],[101.0294,14.0978],[101.0305,14.0986],[101.0305,14.0994],[101.0294,14.1],[101.0297,14.1013],[101.0291,14.1011],[101.0283,14.1011],[101.0288,14.1016],[101.0297,14.1016],[101.0297,14.1041],[101.0286,14.1062],[101.0269,14.1065]],[[101.028,14.1008],[101.0283,14.1011],[101.0283,14.1008],[101.028,14.1008]],[[101.0286,14.1005],[101.0291,14.1008],[101.0291,14.1005],[101.0286,14.1005]]]}},{"type":"Feature","properties":{"kind":"seasonal","area_km2":0.26,"date":"2026-10-09"},"geometry":{"type":"Polygon","coordinates":[[[101.0434,14.908],[101.0426,14.9072],[101.0426,14.9023],[101.0431,14.9015],[101.0459,14.9015],[101.046,14.908],[101.0434,14.908]],[[101.0434,14.9026],[101.044,14.9029],[101.044,14.9026],[101.0434,14.9026]]]}},{"type":"Feature","properties":{"kind":"seasonal","area_km2":0.259,"date":"2026-10-09"},"geometry":{"type":"Polygon","coordinates":[[[101.243,14.0504],[101.24,14.0501],[101.24,14.0482],[101.2377,14.048],[101.2377,14.0456],[101.2399,14.0458],[101.24,14.0477],[101.2405,14.0477],[101.2408,14.0472],[101.2402,14.0447],[101.2419,14.0444],[101.2427,14.0452],[101.2427,14.0466],[101.2438,14.0471],[101.2439,14.0479],[101.2433,14.0479],[101.243,14.0504]],[[101.2425,14.0482],[101.243,14.0482],[101.243,14.0477],[101.2425,14.0477],[101.2425,14.0482]]]}},{"type":"Feature","properties":{"kind":"seasonal","area_km2":0.257,"date":"2026-10-04"},"geometry":{"type":"Polygon","coordinates":[[[101.8602,14.6836],[101.8598,14.6798],[101.8607,14.6795],[101.8609,14.6787],[101.8596,14.6784],[101.8595,14.6779],[101.8601,14.6776],[101.8595,14.6776],[101.8595,14.6766],[101.859,14.6766],[101.8587,14.6757],[101.8581,14.676],[101.8562,14.6758],[101.8573,14.6758],[101.8578,14.6755],[101.8578,14.6749],[101.8573,14.675],[101.857,14.6739],[101.8559,14.6739],[101.8556,14.6731],[101.855,14.6731],[101.8545,14.6715],[101.8533,14.6709],[101.8533,14.6701],[101.8516,14.6685],[101.8511,14.6685],[101.8514,14.6707],[101.8497,14.6707],[101.8497,14.6702],[101.8508,14.6702],[101.8508,14.6688],[101.8502,14.6688],[101.8502,14.6683],[101.8522,14.668],[101.8522,14.6688],[101.8527,14.6688],[101.8528,14.6693],[101.8536,14.6693],[101.8539,14.6704],[101.855,14.6704],[101.855,14.6709],[101.8556,14.6712],[101.8559,14.6731],[101.8567,14.6731],[101.857,14.6736],[101.8589,14.6741],[101.8592,14.6752],[101.8603,14.6755],[101.8604,14.6768],[101.8615,14.6773],[101.8618,14.6792],[101.8615,14.68],[101.8601,14.6803],[101.8604,14.6814],[101.8615,14.6814],[101.8613,14.6822],[101.8602,14.6825],[101.8607,14.6828],[101.8607,14.6833],[101.8602,14.6836]],[[101.8601,14.6814],[101.8604,14.6817],[101.8604,14.6814],[101.8601,14.6814]]]}},{"type":"Feature","properties":{"kind":"seasonal","area_km2":0.255,"date":"2026-10-09"},"geometry":{"type":"Polygon","coordinates":[[[101.2595,14.0817],[101.2583,14.0806],[101.2586,14.0792],[101.2578,14.0784],[101.2572,14.0784],[101.2572,14.079],[101.258,14.0795],[101.2575,14.0798],[101.2558,14.0782],[101.2558,14.0774],[101.2552,14.0774],[101.2541,14.0763],[101.2544,14.0747],[101.2558,14.0747],[101.2563,14.0752],[101.2569,14.0752],[101.2572,14.0741],[101.2583,14.0746],[101.2583,14.0755],[101.2588,14.0754],[101.2583,14.0782],[101.2586,14.0787],[101.2605,14.0787],[101.2608,14.0798],[101.2608,14.0817],[101.2595,14.0817]],[[101.2569,14.0757],[101.2575,14.076],[101.2575,14.0757],[101.2569,14.0757]]]}},{"type":"Feature","properties":{"kind":"seasonal","area_km2":0.254,"date":"2026-10-09"},"geometry":{"type":"Polygon","coordinates":[[[101.2525,14.0525],[101.2522,14.0514],[101.2517,14.0514],[101.2517,14.0522],[101.2506,14.0522],[101.2503,14.0517],[101.2492,14.052],[101.2489,14.0511],[101.2469,14.0512],[101.2472,14.0493],[101.248,14.0476],[101.25,14.0476],[101.2508,14.0484],[101.2508,14.049],[101.2522,14.0489],[101.2522,14.0503],[101.2528,14.0503],[101.2527,14.0489],[101.2539,14.0492],[101.2539,14.0514],[101.2531,14.0525],[101.2525,14.0525]],[[101.2505,14.0506],[101.2511,14.0506],[101.2511,14.0498],[101.2505,14.0498],[101.2505,14.0506]],[[101.2489,14.0492],[101.2494,14.0492],[101.2494,14.0487],[101.2489,14.0487],[101.2489,14.0492]]]}},{"type":"Feature","properties":{"kind":"seasonal","area_km2":0.253,"date":"2026-10-09"},"geometry":{"type":"Polygon","coordinates":[[[101.0436,14.0795],[101.0422,14.0782],[101.0417,14.0782],[101.0417,14.0777],[101.0403,14.0777],[101.0392,14.0769],[101.0369,14.0763],[101.0369,14.0753],[101.0364,14.0753],[101.0364,14.0758],[101.035,14.0755],[101.035,14.0742],[101.0366,14.0739],[101.038,14.0747],[101.0392,14.0747],[101.0392,14.0763],[101.0397,14.0763],[101.0397,14.0755],[101.0411,14.0755],[101.0422,14.0763],[101.0433,14.0763],[101.0436,14.0768],[101.0447,14.0768],[101.0447,14.0774],[101.0453,14.0774],[101.0453,14.079],[101.045,14.0795],[101.0436,14.0795]]]}},{"type":"Feature","properties":{"kind":"seasonal","area_km2":0.252,"date":"2026-10-04"},"geometry":{"type":"Polygon","coordinates":[[[101.9534,14.4941],[101.9528,14.4933],[101.9512,14.4936],[101.9498,14.4923],[101.9497,14.4909],[101.9503,14.4901],[101.9489,14.4874],[101.9485,14.4852],[101.9491,14.4852],[101.9505,14.4879],[101.9516,14.4885],[101.9519,14.4895],[101.9548,14.4922],[101.9548,14.4936],[101.9542,14.4941],[101.9534,14.4941]]]}},{"type":"Feature","properties":{"kind":"seasonal","area_km2":0.249,"date":"2026-10-09"},"geometry":{"type":"Polygon","coordinates":[[[101.0288,14.1957],[101.0285,14.1941],[101.0299,14.1941],[101.0291,14.1938],[101.0291,14.193],[101.0302,14.1924],[101.0307,14.1911],[101.0321,14.1911],[101.0321,14.1894],[101.0329,14.1886],[101.0332,14.1875],[101.034,14.1872],[101.0346,14.1864],[101.036,14.1864],[101.0363,14.188],[101.0343,14.1889],[101.0338,14.191],[101.0327,14.1911],[101.033,14.1929],[101.0316,14.1932],[101.0316,14.1938],[101.0305,14.1941],[101.0302,14.1957],[101.0288,14.1957]]]}},{"type":"Feature","properties":{"kind":"seasonal","area_km2":0.243,"date":"2026-10-09"},"geometry":{"type":"Polygon","coordinates":[[[101.1108,14.1042],[101.1108,14.1036],[101.1102,14.1036],[101.1102,14.1031],[101.1097,14.1031],[101.1094,14.1026],[101.1094,14.1015],[101.1105,14.1015],[101.1105,14.1006],[101.1102,14.1012],[101.1088,14.1012],[101.1085,14.1004],[101.1077,14.1004],[101.1077,14.0996],[101.1085,14.0996],[101.1085,14.0985],[101.1099,14.0985],[101.1102,14.0993],[101.1116,14.0996],[101.1116,14.1001],[101.1135,14.0998],[101.1138,14.1031],[101.1133,14.1036],[101.1125,14.1036],[101.1125,14.1042],[101.1108,14.1042]]]}},{"type":"Feature","properties":{"kind":"seasonal","area_km2":0.241,"date":"2026-10-09"},"geometry":{"type":"Polygon","coordinates":[[[101.248,14.0455],[101.2477,14.0436],[101.2482,14.0433],[101.2482,14.0422],[101.2488,14.0419],[101.2491,14.0406],[101.2499,14.0406],[101.2513,14.0416],[101.2521,14.0416],[101.2555,14.0435],[101.2552,14.0446],[101.2524,14.0446],[101.2516,14.0438],[101.2499,14.0435],[101.2499,14.0452],[101.248,14.0455]]]}},{"type":"Feature","properties":{"kind":"seasonal","area_km2":0.237,"date":"2026-10-09"},"geometry":{"type":"Polygon","coordinates":[[[101.2316,14.0394],[101.2315,14.0386],[101.2302,14.0386],[101.2304,14.0364],[101.2309,14.0342],[101.2315,14.0337],[101.2315,14.0321],[101.2331,14.0318],[101.2332,14.0329],[101.234,14.0328],[101.234,14.0358],[101.2335,14.0364],[101.2338,14.0375],[101.2329,14.0385],[101.2329,14.0394],[101.2316,14.0394]],[[101.2315,14.0372],[101.2321,14.0375],[101.2321,14.0372],[101.2315,14.0372]],[[101.2326,14.0348],[101.2332,14.0353],[101.2332,14.0348],[101.2326,14.0348]]]}},{"type":"Feature","properties":{"kind":"seasonal","area_km2":0.23,"date":"2026-10-09"},"geometry":{"type":"Polygon","coordinates":[[[101.0534,14.1784],[101.0534,14.177],[101.054,14.1768],[101.0539,14.1751],[101.0534,14.1752],[101.0536,14.1733],[101.0523,14.173],[101.0522,14.1714],[101.0545,14.1711],[101.0548,14.1724],[101.0556,14.1724],[101.0567,14.1735],[101.0567,14.1767],[101.0551,14.1768],[101.0551,14.1781],[101.0534,14.1784]]]}},{"type":"Feature","properties":{"kind":"seasonal","area_km2":0.228,"date":"2026-10-09"},"geometry":{"type":"Polygon","coordinates":[[[101.2658,14.0523],[101.265,14.0518],[101.265,14.0504],[101.2642,14.0515],[101.263,14.0507],[101.2614,14.0508],[101.2608,14.0502],[101.2608,14.0491],[101.2616,14.0491],[101.2613,14.0475],[101.2633,14.0475],[101.2636,14.0483],[101.2644,14.0483],[101.2652,14.0491],[101.2678,14.0499],[101.2675,14.0521],[101.2658,14.0523]],[[101.265,14.0499],[101.2653,14.0502],[101.2653,14.0499],[101.265,14.0499]]]}},{"type":"Feature","properties":{"kind":"seasonal","area_km2":0.228,"date":"2026-10-09"},"geometry":{"type":"Polygon","coordinates":[[[101.3784,14.0323],[101.3783,14.0315],[101.377,14.0315],[101.3772,14.029],[101.3783,14.029],[101.378,14.0263],[101.3791,14.026],[101.3794,14.0255],[101.3802,14.0255],[101.3802,14.0239],[101.3816,14.0238],[101.3819,14.0268],[101.3814,14.0271],[101.3814,14.0276],[101.3797,14.0277],[101.3794,14.0298],[101.38,14.0298],[101.38,14.0315],[101.3797,14.0323],[101.3784,14.0323]]]}},{"type":"Feature","properties":{"kind":"seasonal","area_km2":0.225,"date":"2026-10-09"},"geometry":{"type":"Polygon","coordinates":[[[101.0338,14.6221],[101.0335,14.6213],[101.0327,14.621],[101.0327,14.6199],[101.0335,14.6194],[101.0338,14.6178],[101.0349,14.6169],[101.0357,14.6169],[101.0366,14.6177],[101.0377,14.6177],[101.0377,14.621],[101.0355,14.6221],[101.0338,14.6221]],[[101.0352,14.6186],[101.0357,14.6183],[101.0354,14.6177],[101.0352,14.6177],[101.0352,14.6186]]]}},{"type":"Feature","properties":{"kind":"seasonal","area_km2":0.223,"date":"2026-10-09"},"geometry":{"type":"Polygon","coordinates":[[[101.1863,14.0064],[101.1854,14.0059],[101.1854,14.0048],[101.186,14.0048],[101.186,14.0043],[101.184,14.0046],[101.184,14.0035],[101.1868,14.0029],[101.1887,14.0037],[101.1887,14.0032],[101.1896,14.0029],[101.1887,14.0024],[101.1887,14.001],[101.1898,14.001],[101.1898,14.0015],[101.1904,14.0015],[101.1904,14.0029],[101.1923,14.0029],[101.1923,14.0023],[101.1932,14.0023],[101.1929,14.0039],[101.1918,14.004],[101.1918,14.0048],[101.1904,14.0048],[101.1896,14.0045],[101.1896,14.004],[101.1887,14.004],[101.1887,14.0045],[101.1874,14.0051],[101.1874,14.0064],[101.1863,14.0064]]]}},{"type":"Feature","properties":{"kind":"seasonal","area_km2":0.222,"date":"2026-10-09"},"geometry":{"type":"Polygon","coordinates":[[[101.0443,14.1497],[101.0418,14.149],[101.0415,14.1473],[101.0412,14.1479],[101.0401,14.1479],[101.0401,14.149],[101.0384,14.1487],[101.039,14.1471],[101.0398,14.1468],[101.0398,14.1441],[101.0403,14.1433],[101.0412,14.1433],[101.042,14.1438],[101.042,14.1443],[101.0428,14.1443],[101.0428,14.1454],[101.042,14.146],[101.0417,14.1471],[101.0429,14.147],[101.0445,14.1478],[101.0443,14.1497]]]}},{"type":"Feature","properties":{"kind":"seasonal","area_km2":0.212,"date":"2026-10-09"},"geometry":{"type":"Polygon","coordinates":[[[101.2709,14.0347],[101.2698,14.0341],[101.2698,14.0298],[101.2723,14.0298],[101.2723,14.0303],[101.2731,14.0306],[101.2739,14.0295],[101.2759,14.0295],[101.2759,14.0303],[101.2753,14.0303],[101.2745,14.0317],[101.2726,14.0317],[101.2726,14.0344],[101.2709,14.0347]]]}},{"type":"Feature","properties":{"kind":"seasonal","area_km2":0.208,"date":"2026-10-09"},"geometry":{"type":"Polygon","coordinates":[[[101.4457,14.0441],[101.4437,14.0438],[101.4431,14.0425],[101.4431,14.0409],[101.444,14.0403],[101.4439,14.0381],[101.445,14.0381],[101.4456,14.0392],[101.4465,14.0397],[101.4465,14.0405],[101.447,14.0405],[101.447,14.0397],[101.4481,14.0397],[101.4481,14.0419],[101.4468,14.0419],[101.4465,14.0414],[101.4462,14.0424],[101.4456,14.0427],[101.4457,14.0441]]]}},{"type":"Feature","properties":{"kind":"seasonal","area_km2":0.203,"date":"2026-10-09"},"geometry":{"type":"Polygon","coordinates":[[[101.2039,14.3381],[101.2033,14.3375],[101.2036,14.3348],[101.2053,14.3348],[101.2044,14.3354],[101.2058,14.3356],[101.2058,14.3345],[101.2033,14.3346],[101.2033,14.3321],[101.2052,14.3318],[101.2066,14.3326],[101.2075,14.3359],[101.2064,14.3364],[101.2053,14.3375],[101.2053,14.3381],[101.2039,14.3381]],[[101.2058,14.3343],[101.2061,14.3345],[101.2061,14.3343],[101.2058,14.3343]],[[101.2038,14.3335],[101.2041,14.334],[101.2041,14.3335],[101.2038,14.3335]],[[101.2055,14.3335],[101.2058,14.334],[101.2058,14.3335],[101.2055,14.3335]],[[101.2044,14.3329],[101.205,14.3335],[101.205,14.3329],[101.2044,14.3329]],[[101.2052,14.3332],[101.2055,14.3335],[101.2055,14.3332],[101.2052,14.3332]],[[101.2041,14.3324],[101.205,14.3327],[101.205,14.3324],[101.2041,14.3324]]]}},{"type":"Feature","properties":{"kind":"seasonal","area_km2":0.203,"date":"2026-10-09"},"geometry":{"type":"Polygon","coordinates":[[[101.3937,14.0099],[101.3914,14.0075],[101.39,14.007],[101.39,14.0056],[101.3892,14.0051],[101.3894,14.0037],[101.3911,14.004],[101.3917,14.0032],[101.3928,14.0031],[101.3933,14.0037],[101.3933,14.0048],[101.3925,14.0053],[101.3925,14.0061],[101.3934,14.0069],[101.3942,14.0088],[101.3948,14.0091],[101.3948,14.0099],[101.3937,14.0099]]]}},{"type":"Feature","properties":{"kind":"seasonal","area_km2":0.203,"date":"2026-10-09"},"geometry":{"type":"Polygon","coordinates":[[[101.2628,14.0594],[101.2623,14.0589],[101.2564,14.0581],[101.2562,14.057],[101.2567,14.0568],[101.257,14.0557],[101.2581,14.0557],[101.2584,14.0562],[101.2595,14.0562],[101.26,14.0567],[101.2642,14.0575],[101.2645,14.0586],[101.2637,14.0594],[101.2628,14.0594]]]}},{"type":"Feature","properties":{"kind":"seasonal","area_km2":0.198,"date":"2026-10-09"},"geometry":{"type":"Polygon","coordinates":[[[101.0024,14.1951],[101.0019,14.1946],[101.0019,14.1938],[101.0008,14.1938],[101.0007,14.1924],[101.0018,14.191],[101.0032,14.191],[101.0035,14.1916],[101.0038,14.1908],[101.0046,14.1905],[101.0046,14.1899],[101.0054,14.1891],[101.0063,14.1891],[101.0066,14.191],[101.0057,14.191],[101.0049,14.1918],[101.0052,14.1935],[101.0038,14.1935],[101.0038,14.1951],[101.0024,14.1951]]]}},{"type":"Feature","properties":{"kind":"seasonal","area_km2":0.198,"date":"2026-10-09"},"geometry":{"type":"Polygon","coordinates":[[[101.4778,14.0419],[101.4772,14.0378],[101.4767,14.0375],[101.4769,14.0354],[101.4786,14.0353],[101.4786,14.0364],[101.4808,14.0367],[101.4809,14.0386],[101.4795,14.0389],[101.4795,14.0418],[101.4778,14.0419]]]}},{"type":"Feature","properties":{"kind":"seasonal","area_km2":0.192,"date":"2026-10-09"},"geometry":{"type":"Polygon","coordinates":[[[101.5562,14.8064],[101.5562,14.805],[101.5557,14.8045],[101.5556,14.8031],[101.5551,14.8023],[101.5556,14.8023],[101.5556,14.8018],[101.5567,14.8018],[101.5567,14.8026],[101.5573,14.8031],[101.5573,14.8023],[101.5579,14.8023],[101.5579,14.8018],[101.5592,14.8017],[101.5596,14.8063],[101.5562,14.8064]]]}},{"type":"Feature","properties":{"kind":"seasonal","area_km2":0.189,"date":"2026-10-04"},"geometry":{"type":"Polygon","coordinates":[[[101.8698,14.6715],[101.8689,14.6707],[101.8681,14.6713],[101.8681,14.6699],[101.8675,14.6697],[101.8683,14.6697],[101.8683,14.6691],[101.8675,14.6689],[101.8669,14.6681],[101.8658,14.6678],[101.8658,14.667],[101.865,14.6662],[101.8647,14.6646],[101.8635,14.663],[101.8635,14.6619],[101.8624,14.6611],[101.8618,14.6595],[101.8601,14.6595],[101.8596,14.6589],[101.8593,14.6576],[101.8598,14.6576],[101.8598,14.6581],[101.8601,14.6576],[101.8604,14.6581],[101.8618,14.6581],[101.8618,14.6592],[101.8638,14.6608],[101.8644,14.6632],[101.8652,14.664],[101.8655,14.6659],[101.8661,14.6662],[101.8666,14.6678],[101.8678,14.6678],[101.8681,14.6686],[101.8692,14.6691],[101.8692,14.6697],[101.8697,14.6697],[101.8697,14.6702],[101.8703,14.6702],[101.8709,14.671],[101.8723,14.671],[101.8723,14.6715],[101.8698,14.6715]],[[101.8601,14.6584],[101.8604,14.6589],[101.8604,14.6584],[101.8601,14.6584]]]}},{"type":"Feature","properties":{"kind":"seasonal","area_km2":0.188,"date":"2026-10-09"},"geometry":{"type":"Polygon","coordinates":[[[101.0128,14.9999],[101.0128,14.9994],[101.0139,14.9994],[101.0142,14.9988],[101.0159,14.9991],[101.0155,14.9942],[101.0175,14.9944],[101.0175,14.9939],[101.02,14.9936],[101.02,14.9942],[101.0192,14.9942],[101.0189,14.995],[101.0217,14.9955],[101.0211,14.9966],[101.0214,14.9971],[101.0209,14.9971],[101.0209,14.9977],[101.0198,14.9977],[101.02,14.9969],[101.0186,14.9969],[101.0183,14.9947],[101.0175,14.9947],[101.0172,14.9953],[101.0164,14.995],[101.017,14.9963],[101.0181,14.9966],[101.0167,14.9966],[101.0164,14.9972],[101.0167,14.9999],[101.0128,14.9999]],[[101.0206,14.9958],[101.0211,14.996],[101.0211,14.9958],[101.0206,14.9958]]]}},{"type":"Feature","properties":{"kind":"seasonal","area_km2":0.186,"date":"2026-10-09"},"geometry":{"type":"Polygon","coordinates":[[[101.3857,14.0208],[101.3852,14.0197],[101.3835,14.0187],[101.3829,14.0171],[101.3837,14.0162],[101.3846,14.0162],[101.3851,14.0138],[101.3862,14.0135],[101.3868,14.0138],[101.3868,14.0159],[101.386,14.0159],[101.3857,14.0168],[101.3849,14.0168],[101.3849,14.017],[101.3863,14.0173],[101.3863,14.0184],[101.3868,14.0184],[101.3868,14.0192],[101.3863,14.0195],[101.3871,14.0195],[101.3871,14.0205],[101.3857,14.0208]],[[101.3846,14.0165],[101.3849,14.0168],[101.3849,14.0165],[101.3846,14.0165]]]}},{"type":"Feature","properties":{"kind":"seasonal","area_km2":0.183,"date":"2026-10-09"},"geometry":{"type":"Polygon","coordinates":[[[101.0689,14.0457],[101.0681,14.0449],[101.068,14.0444],[101.0672,14.0441],[101.0672,14.0416],[101.0658,14.0414],[101.0658,14.0395],[101.0652,14.0392],[101.0649,14.0371],[101.066,14.0371],[101.0666,14.0376],[101.0666,14.0389],[101.0672,14.0392],[101.0672,14.0403],[101.0677,14.0408],[101.068,14.0422],[101.0691,14.0422],[101.07,14.0433],[101.0703,14.0449],[101.0697,14.0452],[101.0697,14.0457],[101.0689,14.0457]]]}},{"type":"Feature","properties":{"kind":"seasonal","area_km2":0.18,"date":"2026-10-09"},"geometry":{"type":"Polygon","coordinates":[[[101.0757,14.028],[101.0735,14.0278],[101.0729,14.0267],[101.0734,14.0245],[101.0773,14.0237],[101.0779,14.0253],[101.0787,14.0258],[101.0787,14.0269],[101.0773,14.0269],[101.077,14.0258],[101.0765,14.0258],[101.0765,14.025],[101.0759,14.025],[101.0762,14.0269],[101.0757,14.0272],[101.0757,14.028]]]}},{"type":"Feature","properties":{"kind":"seasonal","area_km2":0.179,"date":"2026-10-09"},"geometry":{"type":"Polygon","coordinates":[[[101.085,14.5333],[101.0853,14.5314],[101.0845,14.5308],[101.0839,14.5281],[101.0847,14.5281],[101.0847,14.5287],[101.0853,14.5287],[101.085,14.5278],[101.0875,14.5278],[101.087,14.5313],[101.0884,14.5316],[101.0903,14.5308],[101.0903,14.5316],[101.0887,14.5324],[101.0878,14.5322],[101.085,14.5333]],[[101.0858,14.5297],[101.0861,14.53],[101.0861,14.5297],[101.0858,14.5297]],[[101.0847,14.5295],[101.0853,14.5297],[101.0853,14.5295],[101.0847,14.5295]],[[101.0844,14.5289],[101.0853,14.5292],[101.0853,14.5289],[101.0844,14.5289]],[[101.0856,14.5289],[101.0858,14.5292],[101.0858,14.5289],[101.0856,14.5289]]]}},{"type":"Feature","properties":{"kind":"seasonal","area_km2":0.179,"date":"2026-10-09"},"geometry":{"type":"Polygon","coordinates":[[[101.017,14.2058],[101.0164,14.2045],[101.0156,14.2045],[101.0161,14.202],[101.0169,14.2018],[101.0169,14.2012],[101.0175,14.2009],[101.0178,14.1999],[101.0186,14.1996],[101.0186,14.199],[101.02,14.199],[101.02,14.2001],[101.0192,14.2001],[101.0192,14.2009],[101.0206,14.2009],[101.0206,14.2023],[101.0195,14.2023],[101.0194,14.2015],[101.0186,14.2015],[101.0181,14.2028],[101.0189,14.2028],[101.0189,14.2042],[101.0178,14.2047],[101.0178,14.2058],[101.017,14.2058]]]}},{"type":"Feature","properties":{"kind":"seasonal","area_km2":0.174,"date":"2026-10-09"},"geometry":{"type":"Polygon","coordinates":[[[101.2829,14.0066],[101.282,14.0053],[101.282,14.0047],[101.2826,14.0047],[101.2823,14.0034],[101.282,14.0039],[101.2812,14.0039],[101.2801,14.0031],[101.2801,14.0026],[101.2809,14.002],[101.2811,14.0004],[101.2825,14.0004],[101.2828,14.0015],[101.2839,14.0018],[101.2842,14.0053],[101.284,14.0064],[101.2829,14.0066]],[[101.2823,14.0031],[101.2826,14.0034],[101.2826,14.0031],[101.2823,14.0031]]]}},{"type":"Feature","properties":{"kind":"seasonal","area_km2":0.173,"date":"2026-10-09"},"geometry":{"type":"Polygon","coordinates":[[[101.0217,14.1104],[101.0208,14.1085],[101.0211,14.1079],[101.0217,14.1079],[101.0214,14.1068],[101.0219,14.1066],[101.0219,14.1057],[101.0228,14.1052],[101.025,14.1052],[101.025,14.1057],[101.0255,14.1057],[101.0255,14.1052],[101.0261,14.1052],[101.0261,14.1063],[101.0228,14.109],[101.0231,14.1101],[101.0217,14.1104]]]}},{"type":"Feature","properties":{"kind":"seasonal","area_km2":0.172,"date":"2026-10-09"},"geometry":{"type":"Polygon","coordinates":[[[101.4825,14.0405],[101.4817,14.0396],[101.4814,14.0375],[101.4836,14.0366],[101.485,14.0366],[101.4853,14.0372],[101.4861,14.0372],[101.4861,14.0388],[101.4856,14.0401],[101.4825,14.0405]]]}},{"type":"Feature","properties":{"kind":"seasonal","area_km2":0.171,"date":"2026-10-09"},"geometry":{"type":"Polygon","coordinates":[[[101.1193,14.0653],[101.1193,14.061],[101.1226,14.0607],[101.1226,14.0601],[101.1254,14.0604],[101.1254,14.0617],[101.1229,14.0615],[101.1226,14.062],[101.121,14.0621],[101.1207,14.0637],[101.1215,14.0637],[101.1215,14.0642],[101.121,14.0642],[101.121,14.0653],[101.1193,14.0653]]]}},{"type":"Feature","properties":{"kind":"seasonal","area_km2":0.17,"date":"2026-10-04"},"geometry":{"type":"Polygon","coordinates":[[[101.9185,14.0052],[101.9179,14.0042],[101.9162,14.0039],[101.9162,14.0028],[101.917,14.0023],[101.9187,14.0023],[101.9198,14.0012],[101.9206,14.0011],[101.9212,14.0025],[101.9218,14.0028],[101.9218,14.0049],[101.9198,14.0044],[101.9193,14.0052],[101.9185,14.0052]]]}},{"type":"Feature","properties":{"kind":"seasonal","area_km2":0.168,"date":"2026-10-09"},"geometry":{"type":"Polygon","coordinates":[[[101.2333,14.0497],[101.2336,14.0475],[101.233,14.0475],[101.2328,14.0494],[101.2311,14.0491],[101.2308,14.0478],[101.23,14.0478],[101.2308,14.0453],[101.233,14.0456],[101.2336,14.0464],[101.2341,14.0461],[101.2352,14.0472],[101.2352,14.048],[101.2347,14.048],[101.235,14.0494],[101.2333,14.0497]],[[101.2316,14.0483],[101.2322,14.0483],[101.2322,14.0467],[101.2319,14.0467],[101.2316,14.0483]]]}},{"type":"Feature","properties":{"kind":"seasonal","area_km2":0.167,"date":"2026-10-09"},"geometry":{"type":"Polygon","coordinates":[[[101.013,14.1942],[101.0121,14.1934],[101.0124,14.1918],[101.0138,14.1907],[101.0138,14.1901],[101.0146,14.1896],[101.0154,14.1879],[101.0168,14.1879],[101.0168,14.1904],[101.0163,14.1904],[101.016,14.1915],[101.0149,14.1915],[101.0149,14.1928],[101.0144,14.1931],[101.0144,14.1936],[101.0138,14.1942],[101.013,14.1942]]]}},{"type":"Feature","properties":{"kind":"seasonal","area_km2":0.166,"date":"2026-10-09"},"geometry":{"type":"Polygon","coordinates":[[[101.4971,14.9658],[101.4968,14.9648],[101.4973,14.9645],[101.4973,14.9637],[101.4979,14.9631],[101.497,14.9623],[101.497,14.9615],[101.4979,14.9615],[101.4981,14.961],[101.4995,14.9609],[101.5001,14.9615],[101.5015,14.9617],[101.5026,14.9628],[101.5023,14.9633],[101.5018,14.9631],[101.5018,14.9625],[101.5012,14.9625],[101.5012,14.9631],[101.5007,14.9626],[101.5007,14.9631],[101.4995,14.9636],[101.4993,14.9653],[101.4987,14.9653],[101.4985,14.9658],[101.4971,14.9658]]]}},{"type":"Feature","properties":{"kind":"seasonal","area_km2":0.165,"date":"2026-10-09"},"geometry":{"type":"Polygon","coordinates":[[[101.2815,14.0373],[101.2762,14.0371],[101.2759,14.0365],[101.2754,14.0365],[101.2754,14.0371],[101.2729,14.0371],[101.2723,14.0368],[101.2723,14.0357],[101.2729,14.0352],[101.2748,14.0352],[101.2759,14.0357],[101.2801,14.0357],[101.2818,14.0362],[101.2815,14.0373]]]}},{"type":"Feature","properties":{"kind":"seasonal","area_km2":0.165,"date":"2026-10-09"},"geometry":{"type":"Polygon","coordinates":[[[101.1017,14.0243],[101.1012,14.0216],[101.1014,14.0191],[101.1047,14.0191],[101.1042,14.0229],[101.1028,14.0229],[101.1029,14.0243],[101.1017,14.0243]]]}},{"type":"Feature","properties":{"kind":"seasonal","area_km2":0.162,"date":"2026-10-09"},"geometry":{"type":"Polygon","coordinates":[[[101.0368,14.1821],[101.0357,14.1818],[101.0356,14.1802],[101.0381,14.1774],[101.0384,14.1764],[101.0395,14.1755],[101.0395,14.1742],[101.0398,14.1747],[101.04,14.1742],[101.0409,14.1742],[101.0406,14.1763],[101.0398,14.1769],[101.0398,14.1774],[101.0384,14.1774],[101.0384,14.178],[101.0392,14.178],[101.0393,14.1793],[101.0381,14.1796],[101.0379,14.181],[101.0368,14.1821]]]}},{"type":"Feature","properties":{"kind":"seasonal","area_km2":0.161,"date":"2026-10-09"},"geometry":{"type":"Polygon","coordinates":[[[101.0617,14.0512],[101.062,14.0498],[101.0612,14.0498],[101.0606,14.0493],[101.0606,14.0477],[101.0636,14.0474],[101.0634,14.049],[101.065,14.049],[101.0656,14.0482],[101.0667,14.0487],[101.0664,14.0501],[101.0648,14.0501],[101.0639,14.0509],[101.0634,14.0506],[101.0631,14.0512],[101.0617,14.0512]],[[101.062,14.0498],[101.0628,14.0498],[101.0628,14.0493],[101.0623,14.0493],[101.062,14.0498]]]}},{"type":"Feature","properties":{"kind":"seasonal","area_km2":0.159,"date":"2026-10-09"},"geometry":{"type":"Polygon","coordinates":[[[101.145,14.0198],[101.1422,14.0193],[101.1422,14.0182],[101.1433,14.0177],[101.1433,14.0169],[101.1441,14.016],[101.1441,14.0155],[101.1433,14.0163],[101.143,14.0158],[101.1441,14.0147],[101.1458,14.0149],[101.1455,14.016],[101.1475,14.0157],[101.1475,14.0166],[101.1466,14.0166],[101.1464,14.0185],[101.145,14.0182],[101.1453,14.0168],[101.1447,14.0171],[101.1447,14.0177],[101.1436,14.0177],[101.1436,14.0182],[101.145,14.0187],[101.145,14.0198]],[[101.1453,14.0166],[101.1455,14.0168],[101.1455,14.0166],[101.1453,14.0166]]]}},{"type":"Feature","properties":{"kind":"seasonal","area_km2":0.158,"date":"2026-10-09"},"geometry":{"type":"Polygon","coordinates":[[[101.1816,14.0087],[101.1802,14.0065],[101.1807,14.0049],[101.1824,14.0049],[101.184,14.0057],[101.1843,14.0067],[101.1849,14.0067],[101.1846,14.0084],[101.1816,14.0087]]]}},{"type":"Feature","properties":{"kind":"seasonal","area_km2":0.157,"date":"2026-10-09"},"geometry":{"type":"Polygon","coordinates":[[[101.0411,14.0714],[101.04,14.0703],[101.0383,14.0704],[101.0377,14.0698],[101.0385,14.0674],[101.0396,14.0674],[101.0399,14.0682],[101.0408,14.0679],[101.0427,14.0684],[101.0427,14.0701],[101.0422,14.0703],[101.0422,14.0711],[101.0411,14.0714]]]}},{"type":"Feature","properties":{"kind":"seasonal","area_km2":0.156,"date":"2026-10-09"},"geometry":{"type":"Polygon","coordinates":[[[101.3382,14.0137],[101.3379,14.0123],[101.3385,14.0123],[101.3384,14.0118],[101.339,14.0118],[101.3395,14.0107],[101.3407,14.0104],[101.342,14.0091],[101.3431,14.009],[101.3434,14.0109],[101.3429,14.0115],[101.3423,14.0115],[101.3399,14.0137],[101.3382,14.0137]]]}},{"type":"Feature","properties":{"kind":"seasonal","area_km2":0.155,"date":"2026-10-09"},"geometry":{"type":"Polygon","coordinates":[[[101.0777,14.1652],[101.0777,14.1646],[101.0772,14.1644],[101.0741,14.1641],[101.0741,14.163],[101.075,14.163],[101.0749,14.1617],[101.0777,14.1617],[101.0777,14.1633],[101.0802,14.1635],[101.0802,14.1652],[101.0777,14.1652]]]}},{"type":"Feature","properties":{"kind":"seasonal","area_km2":0.154,"date":"2026-10-09"},"geometry":{"type":"Polygon","coordinates":[[[101.0352,14.5342],[101.0336,14.534],[101.0335,14.5324],[101.0333,14.5318],[101.0322,14.5318],[101.0321,14.531],[101.0327,14.5307],[101.0327,14.5299],[101.0332,14.5297],[101.0338,14.5277],[101.0349,14.5275],[101.0355,14.5277],[101.0355,14.5288],[101.0346,14.5296],[101.0355,14.5334],[101.0352,14.5342]]]}},{"type":"Feature","properties":{"kind":"seasonal","area_km2":0.154,"date":"2026-10-09"},"geometry":{"type":"Polygon","coordinates":[[[101.1104,14.0348],[101.1107,14.0315],[101.1096,14.0313],[101.1096,14.0302],[101.1104,14.0304],[101.1109,14.0293],[101.1121,14.0293],[101.1123,14.0288],[101.1126,14.0293],[101.1132,14.0293],[101.1132,14.0288],[101.1137,14.0288],[101.1135,14.0307],[101.1115,14.0312],[101.1126,14.0326],[101.1127,14.0342],[101.1118,14.0348],[101.1104,14.0348]]]}},{"type":"Feature","properties":{"kind":"seasonal","area_km2":0.154,"date":"2026-10-09"},"geometry":{"type":"Polygon","coordinates":[[[101.3778,14.0095],[101.3767,14.0084],[101.3764,14.0071],[101.3784,14.0073],[101.3786,14.0068],[101.3798,14.0068],[101.3797,14.006],[101.3792,14.006],[101.3792,14.0049],[101.3806,14.0046],[101.3814,14.0062],[101.3814,14.0079],[101.3803,14.0081],[101.3801,14.0092],[101.3778,14.0095]]]}},{"type":"Feature","properties":{"kind":"seasonal","area_km2":0.153,"date":"2026-10-09"},"geometry":{"type":"Polygon","coordinates":[[[101.0968,14.1477],[101.0962,14.1452],[101.0951,14.1452],[101.0945,14.1447],[101.0945,14.1439],[101.0951,14.1439],[101.0959,14.1431],[101.0967,14.1431],[101.0965,14.145],[101.0976,14.1447],[101.0978,14.1441],[101.0995,14.1441],[101.1003,14.1449],[101.1001,14.1463],[101.0992,14.1463],[101.0993,14.1468],[101.0976,14.1468],[101.0973,14.1477],[101.0968,14.1477]]]}},{"type":"Feature","properties":{"kind":"seasonal","area_km2":0.152,"date":"2026-10-09"},"geometry":{"type":"Polygon","coordinates":[[[101.265,14.0805],[101.265,14.0789],[101.2658,14.0786],[101.2677,14.0762],[101.2688,14.0762],[101.2691,14.0772],[101.2697,14.0772],[101.2697,14.0767],[101.2708,14.0767],[101.2708,14.0778],[101.2691,14.0775],[101.2691,14.0786],[101.268,14.08],[101.2669,14.08],[101.2667,14.0805],[101.265,14.0805]]]}},{"type":"Feature","properties":{"kind":"seasonal","area_km2":0.15,"date":"2026-10-09"},"geometry":{"type":"Polygon","coordinates":[[[101.124,14.3033],[101.124,14.3014],[101.1246,14.3009],[101.1299,14.3005],[101.1296,14.3022],[101.129,14.3027],[101.124,14.3033]]]}},{"type":"Feature","properties":{"kind":"seasonal","area_km2":0.149,"date":"2026-10-04"},"geometry":{"type":"Polygon","coordinates":[[[101.8352,14.6703],[101.8338,14.6696],[101.8338,14.6687],[101.8347,14.6687],[101.8343,14.6663],[101.836,14.6644],[101.8354,14.6628],[101.8368,14.6627],[101.8371,14.6638],[101.836,14.6682],[101.8361,14.6703],[101.8352,14.6703]]]}},{"type":"Feature","properties":{"kind":"seasonal","area_km2":0.149,"date":"2026-10-09"},"geometry":{"type":"Polygon","coordinates":[[[101.0812,14.1513],[101.0807,14.1486],[101.0798,14.1484],[101.0801,14.1502],[101.0787,14.1503],[101.0782,14.1492],[101.0781,14.1481],[101.079,14.1473],[101.0806,14.1473],[101.0804,14.1467],[101.0817,14.147],[101.0818,14.1478],[101.0826,14.1491],[101.0826,14.1513],[101.0812,14.1513]]]}},{"type":"Feature","properties":{"kind":"seasonal","area_km2":0.149,"date":"2026-10-09"},"geometry":{"type":"Polygon","coordinates":[[[101.1904,14.0341],[101.1904,14.0322],[101.1915,14.0319],[101.1909,14.0316],[101.1906,14.0297],[101.1915,14.03],[101.1915,14.0286],[101.192,14.0286],[101.192,14.0278],[101.1931,14.0278],[101.1937,14.0297],[101.1926,14.03],[101.1926,14.0305],[101.1931,14.0305],[101.1932,14.0329],[101.1915,14.034],[101.1904,14.0341]]]}},{"type":"Feature","properties":{"kind":"seasonal","area_km2":0.148,"date":"2026-10-09"},"geometry":{"type":"Polygon","coordinates":[[[101.0404,14.0907],[101.0376,14.0896],[101.0373,14.0891],[101.0351,14.0888],[101.0348,14.0883],[101.0334,14.0878],[101.0334,14.0867],[101.0368,14.0875],[101.0373,14.0877],[101.0373,14.0885],[101.0379,14.088],[101.039,14.0882],[101.0393,14.0888],[101.0404,14.0888],[101.0415,14.0896],[101.0421,14.0893],[101.0421,14.0904],[101.0404,14.0907]]]}},{"type":"Feature","properties":{"kind":"seasonal","area_km2":0.148,"date":"2026-10-09"},"geometry":{"type":"Polygon","coordinates":[[[101.263,14.0762],[101.2611,14.0762],[101.2611,14.0754],[101.2605,14.0752],[101.2605,14.0743],[101.2599,14.0738],[101.258,14.0738],[101.258,14.0722],[101.2585,14.0719],[101.2591,14.0706],[101.2602,14.0708],[101.2602,14.0719],[101.2596,14.0719],[101.2602,14.0735],[101.2616,14.0735],[101.2633,14.0746],[101.263,14.0762]]]}},{"type":"Feature","properties":{"kind":"seasonal","area_km2":0.147,"date":"2026-10-09"},"geometry":{"type":"Polygon","coordinates":[[[101.1574,14.0108],[101.1577,14.0094],[101.1563,14.0094],[101.1563,14.0081],[101.1574,14.0081],[101.1574,14.0086],[101.1582,14.0086],[101.1593,14.0064],[101.1593,14.0053],[101.1607,14.0053],[101.1607,14.0061],[101.1621,14.0061],[101.1621,14.0075],[101.1604,14.0075],[101.1602,14.0067],[101.1596,14.0097],[101.1588,14.0097],[101.1588,14.0108],[101.1574,14.0108]]]}},{"type":"Feature","properties":{"kind":"seasonal","area_km2":0.146,"date":"2026-10-09"},"geometry":{"type":"Polygon","coordinates":[[[101.0736,14.1723],[101.0734,14.1709],[101.0739,14.1704],[101.0725,14.1704],[101.0725,14.1712],[101.0714,14.1712],[101.0714,14.1698],[101.0717,14.169],[101.0722,14.169],[101.0722,14.1677],[101.0742,14.1677],[101.0747,14.1682],[101.0747,14.1695],[101.0758,14.1695],[101.0759,14.1706],[101.0753,14.1709],[101.0753,14.1714],[101.0745,14.1723],[101.0736,14.1723]],[[101.0739,14.1701],[101.0742,14.1704],[101.0742,14.1701],[101.0739,14.1701]],[[101.0742,14.1698],[101.0745,14.1701],[101.0745,14.1698],[101.0742,14.1698]]]}},{"type":"Feature","properties":{"kind":"seasonal","area_km2":0.146,"date":"2026-10-09"},"geometry":{"type":"Polygon","coordinates":[[[101.0752,14.1595],[101.0754,14.1546],[101.0763,14.1546],[101.0765,14.1552],[101.0782,14.1549],[101.0782,14.1579],[101.0777,14.1581],[101.0777,14.1592],[101.0752,14.1595]]]}},{"type":"Feature","properties":{"kind":"seasonal","area_km2":0.145,"date":"2026-10-09"},"geometry":{"type":"Polygon","coordinates":[[[101.1172,14.222],[101.1169,14.2207],[101.118,14.2204],[101.1177,14.219],[101.1183,14.2185],[101.1191,14.2185],[101.1194,14.218],[101.121,14.2182],[101.121,14.2196],[101.1222,14.2198],[101.1222,14.2212],[101.1202,14.2217],[101.1205,14.2201],[101.1199,14.2201],[101.1183,14.2209],[101.1183,14.222],[101.1172,14.222]]]}},{"type":"Feature","properties":{"kind":"seasonal","area_km2":0.142,"date":"2026-10-09"},"geometry":{"type":"Polygon","coordinates":[[[101.286,14.0153],[101.286,14.0142],[101.2849,14.0139],[101.2849,14.0126],[101.2865,14.0126],[101.2865,14.012],[101.2879,14.012],[101.2882,14.0131],[101.2904,14.0131],[101.2904,14.0142],[101.2899,14.015],[101.2879,14.0145],[101.2874,14.0153],[101.286,14.0153]]]}},{"type":"Feature","properties":{"kind":"seasonal","area_km2":0.141,"date":"2026-10-09"},"geometry":{"type":"Polygon","coordinates":[[[101.0702,14.1579],[101.0682,14.1577],[101.0682,14.1563],[101.0688,14.156],[101.0685,14.1547],[101.0693,14.1533],[101.0696,14.1517],[101.0707,14.1517],[101.0707,14.1568],[101.0702,14.1579]]]}},{"type":"Feature","properties":{"kind":"seasonal","area_km2":0.141,"date":"2026-10-09"},"geometry":{"type":"Polygon","coordinates":[[[101.555,14.0142],[101.555,14.0121],[101.5539,14.0121],[101.5538,14.0113],[101.5547,14.0107],[101.5541,14.0104],[101.5541,14.0094],[101.5549,14.0093],[101.5555,14.0102],[101.5566,14.0101],[101.5566,14.0107],[101.558,14.0107],[101.5583,14.0112],[101.5583,14.0123],[101.5564,14.0131],[101.5561,14.0142],[101.555,14.0142]]]}},{"type":"Feature","properties":{"kind":"seasonal","area_km2":0.14,"date":"2026-10-09"},"geometry":{"type":"Polygon","coordinates":[[[101.4759,14.0183],[101.4759,14.0178],[101.4751,14.0172],[101.4751,14.0161],[101.4756,14.0161],[101.4756,14.0153],[101.4764,14.014],[101.4781,14.0139],[101.4784,14.015],[101.4789,14.0153],[101.479,14.0169],[101.4781,14.0169],[101.4773,14.0177],[101.4773,14.0183],[101.4759,14.0183]]]}},{"type":"Feature","properties":{"kind":"seasonal","area_km2":0.138,"date":"2026-10-09"},"geometry":{"type":"Polygon","coordinates":[[[101.2886,14.0207],[101.2886,14.0199],[101.2874,14.0196],[101.2871,14.0177],[101.2883,14.0174],[101.2888,14.0161],[101.2899,14.0161],[101.2902,14.018],[101.2908,14.0185],[101.2908,14.0201],[101.2902,14.0207],[101.2886,14.0207]]]}},{"type":"Feature","properties":{"kind":"seasonal","area_km2":0.137,"date":"2026-10-09"},"geometry":{"type":"Polygon","coordinates":[[[101.0206,14.6084],[101.0206,14.6065],[101.0195,14.6059],[101.0195,14.6043],[101.0222,14.604],[101.0228,14.6048],[101.0228,14.6081],[101.0206,14.6084]]]}},{"type":"Feature","properties":{"kind":"seasonal","area_km2":0.137,"date":"2026-10-09"},"geometry":{"type":"Polygon","coordinates":[[[101.4026,14.0106],[101.4023,14.0087],[101.4014,14.0085],[101.4017,14.0074],[101.4011,14.0074],[101.4009,14.0066],[101.4014,14.006],[101.4036,14.0057],[101.4042,14.0082],[101.405,14.0093],[101.4051,14.0103],[101.4039,14.0103],[101.4039,14.0093],[101.4034,14.0093],[101.4037,14.0106],[101.4026,14.0106]],[[101.4028,14.0076],[101.4034,14.0087],[101.4034,14.0076],[101.4028,14.0076]]]}},{"type":"Feature","properties":{"kind":"seasonal","area_km2":0.136,"date":"2026-10-09"},"geometry":{"type":"Polygon","coordinates":[[[101.1246,14.1255],[101.1246,14.1244],[101.124,14.1241],[101.1243,14.123],[101.1229,14.1228],[101.1218,14.1211],[101.1221,14.1195],[101.1229,14.1195],[101.1246,14.1206],[101.1249,14.1227],[101.1257,14.1233],[101.1257,14.1241],[101.1263,14.1244],[101.126,14.1254],[101.1246,14.1255]]]}},{"type":"Feature","properties":{"kind":"seasonal","area_km2":0.136,"date":"2026-10-09"},"geometry":{"type":"Polygon","coordinates":[[[101.2176,14.1143],[101.2175,14.1132],[101.2159,14.1133],[101.2159,14.1124],[101.217,14.1122],[101.2173,14.1116],[101.2161,14.1116],[101.2156,14.1111],[101.2156,14.1103],[101.2197,14.11],[101.2195,14.1111],[101.2184,14.1111],[101.2184,14.1116],[101.2198,14.1116],[101.2198,14.1127],[101.2192,14.1132],[101.2184,14.1132],[101.2184,14.1143],[101.2176,14.1143]]]}},{"type":"Feature","properties":{"kind":"seasonal","area_km2":0.135,"date":"2026-10-09"},"geometry":{"type":"Polygon","coordinates":[[[101.3491,14.0255],[101.3491,14.0247],[101.3486,14.0253],[101.3486,14.0242],[101.3477,14.0239],[101.348,14.0226],[101.3474,14.0226],[101.3474,14.0231],[101.3469,14.0234],[101.3469,14.0217],[101.3474,14.0207],[101.3483,14.0207],[101.3483,14.0215],[101.3474,14.0212],[101.3477,14.0217],[101.3483,14.0217],[101.3483,14.0223],[101.3485,14.0212],[101.3494,14.0212],[101.3494,14.0217],[101.351,14.0217],[101.3511,14.0244],[101.35,14.0244],[101.3497,14.0255],[101.3491,14.0255]],[[101.3486,14.0231],[101.3491,14.0231],[101.3488,14.0223],[101.3485,14.0223],[101.3486,14.0231]]]}},{"type":"Feature","properties":{"kind":"seasonal","area_km2":0.132,"date":"2026-10-09"},"geometry":{"type":"Polygon","coordinates":[[[101.0867,14.1158],[101.0859,14.115],[101.0859,14.1144],[101.0845,14.1144],[101.0845,14.1136],[101.0834,14.1136],[101.0834,14.1128],[101.0839,14.1123],[101.0848,14.1123],[101.0848,14.1131],[101.0873,14.1133],[101.0876,14.1141],[101.0892,14.1138],[101.0892,14.1144],[101.0906,14.1149],[101.0906,14.1157],[101.089,14.1157],[101.0887,14.1152],[101.0884,14.1157],[101.0867,14.1158]]]}},{"type":"Feature","properties":{"kind":"seasonal","area_km2":0.132,"date":"2026-10-04"},"geometry":{"type":"Polygon","coordinates":[[[101.7697,14.0306],[101.7692,14.0295],[101.7691,14.0268],[101.7694,14.0254],[101.7702,14.0254],[101.7708,14.0265],[101.7725,14.0267],[101.7719,14.0273],[101.7728,14.0281],[101.7739,14.0281],[101.7739,14.0292],[101.7736,14.0286],[101.7719,14.0289],[101.7719,14.0284],[101.7717,14.0284],[101.7706,14.0292],[101.7706,14.0305],[101.7697,14.0306]],[[101.7714,14.0278],[101.7717,14.0284],[101.7716,14.0278],[101.7714,14.0278]],[[101.77,14.0276],[101.7708,14.0278],[101.7708,14.0276],[101.77,14.0276]]]}},{"type":"Feature","properties":{"kind":"seasonal","area_km2":0.13,"date":"2026-10-09"},"geometry":{"type":"Polygon","coordinates":[[[101.0342,14.1444],[101.0328,14.1439],[101.0325,14.1423],[101.037,14.1422],[101.037,14.1417],[101.0364,14.1417],[101.0364,14.1409],[101.0381,14.1411],[101.0375,14.1438],[101.0342,14.1444]]]}},{"type":"Feature","properties":{"kind":"seasonal","area_km2":0.129,"date":"2026-10-09"},"geometry":{"type":"Polygon","coordinates":[[[101.2203,14.0294],[101.2184,14.0289],[101.2181,14.0273],[101.2189,14.0273],[101.2192,14.0267],[101.2209,14.0267],[101.2212,14.0262],[101.2223,14.0262],[101.2223,14.0292],[101.2203,14.0294]]]}},{"type":"Feature","properties":{"kind":"seasonal","area_km2":0.127,"date":"2026-10-09"},"geometry":{"type":"Polygon","coordinates":[[[101.1461,14.8005],[101.1447,14.8003],[101.1444,14.7989],[101.1438,14.7984],[101.1449,14.797],[101.1457,14.7938],[101.1463,14.7935],[101.146,14.7927],[101.1466,14.7929],[101.1477,14.7918],[101.1471,14.7929],[101.1471,14.7943],[101.146,14.7954],[101.1458,14.7965],[101.1458,14.7981],[101.1463,14.7986],[101.1461,14.8005]]]}},{"type":"Feature","properties":{"kind":"seasonal","area_km2":0.127,"date":"2026-10-09"},"geometry":{"type":"Polygon","coordinates":[[[101.2205,14.0164],[101.2194,14.0162],[101.2194,14.0154],[101.2202,14.0135],[101.2224,14.0134],[101.2224,14.0129],[101.2207,14.0126],[101.2205,14.0116],[101.2218,14.0115],[101.2221,14.0121],[101.2227,14.0121],[101.2227,14.0132],[101.2232,14.0132],[101.2235,14.0148],[101.223,14.0153],[101.2222,14.0153],[101.2221,14.0145],[101.2216,14.0145],[101.2219,14.0151],[101.221,14.0153],[101.2205,14.0164]]]}},{"type":"Feature","properties":{"kind":"seasonal","area_km2":0.127,"date":"2026-10-09"},"geometry":{"type":"Polygon","coordinates":[[[101.3512,14.009],[101.3487,14.0082],[101.3487,14.0068],[101.3492,14.0065],[101.3492,14.006],[101.3503,14.006],[101.3514,14.0068],[101.3523,14.0068],[101.3526,14.0073],[101.3539,14.0073],[101.354,14.0087],[101.3512,14.009]]]}},{"type":"Feature","properties":{"kind":"seasonal","area_km2":0.126,"date":"2026-10-09"},"geometry":{"type":"Polygon","coordinates":[[[101.4644,14.0328],[101.4644,14.0322],[101.4614,14.0323],[101.4613,14.0309],[101.4602,14.0307],[101.4602,14.0296],[101.4616,14.0293],[101.4616,14.0304],[101.4655,14.0301],[101.4653,14.0328],[101.4644,14.0328]]]}},{"type":"Feature","properties":{"kind":"seasonal","area_km2":0.125,"date":"2026-10-09"},"geometry":{"type":"Polygon","coordinates":[[[101.2329,14.0968],[101.2327,14.0963],[101.2299,14.0958],[101.2293,14.0939],[101.2343,14.0946],[101.2349,14.0968],[101.2329,14.0968]]]}},{"type":"Feature","properties":{"kind":"seasonal","area_km2":0.124,"date":"2026-10-09"},"geometry":{"type":"Polygon","coordinates":[[[101.0254,14.1572],[101.0252,14.1567],[101.0243,14.1567],[101.0243,14.1551],[101.0226,14.1553],[101.0229,14.1543],[101.0249,14.154],[101.0249,14.1545],[101.0274,14.1545],[101.0282,14.1553],[101.0282,14.1561],[101.0277,14.1561],[101.0266,14.1572],[101.0254,14.1572]]]}},{"type":"Feature","properties":{"kind":"seasonal","area_km2":0.123,"date":"2026-10-09"},"geometry":{"type":"Polygon","coordinates":[[[101.0673,14.1113],[101.0656,14.1097],[101.0658,14.1075],[101.0686,14.1081],[101.0695,14.1091],[101.0695,14.1105],[101.0684,14.1113],[101.0673,14.1113]],[[101.0664,14.1094],[101.0667,14.11],[101.0667,14.1094],[101.0664,14.1094]],[[101.0659,14.1094],[101.0664,14.1094],[101.0664,14.1089],[101.0658,14.1089],[101.0659,14.1094]]]}},{"type":"Feature","properties":{"kind":"seasonal","area_km2":0.123,"date":"2026-10-09"},"geometry":{"type":"Polygon","coordinates":[[[101.1812,14.0301],[101.1809,14.0287],[101.1815,14.0276],[101.1812,14.0271],[101.1798,14.0271],[101.1806,14.0247],[101.1814,14.0247],[101.1815,14.0268],[101.182,14.0268],[101.182,14.0263],[101.1834,14.0265],[101.1831,14.0295],[101.1826,14.0295],[101.1823,14.0301],[101.1812,14.0301]]]}},{"type":"Feature","properties":{"kind":"seasonal","area_km2":0.123,"date":"2026-10-09"},"geometry":{"type":"Polygon","coordinates":[[[101.4111,14.0046],[101.4061,14.0046],[101.4064,14.0025],[101.4077,14.0024],[101.4077,14.0019],[101.4091,14.0019],[101.4094,14.0032],[101.4105,14.0032],[101.4105,14.0038],[101.4111,14.0038],[101.4111,14.0046]]]}},{"type":"Feature","properties":{"kind":"seasonal","area_km2":0.122,"date":"2026-10-09"},"geometry":{"type":"Polygon","coordinates":[[[101.0632,14.026],[101.0631,14.023],[101.0642,14.0222],[101.0642,14.0216],[101.0653,14.0216],[101.0654,14.023],[101.0656,14.0219],[101.0665,14.0219],[101.0665,14.0235],[101.0659,14.0235],[101.0656,14.0243],[101.0651,14.0243],[101.0651,14.0259],[101.0632,14.026]]]}},{"type":"Feature","properties":{"kind":"seasonal","area_km2":0.121,"date":"2026-10-09"},"geometry":{"type":"Polygon","coordinates":[[[101.0606,14.1745],[101.0606,14.1732],[101.0614,14.1724],[101.0614,14.1718],[101.0606,14.1726],[101.0592,14.1727],[101.0592,14.1721],[101.0606,14.1708],[101.0606,14.1702],[101.062,14.1702],[101.0622,14.1713],[101.0634,14.1713],[101.0634,14.1726],[101.0625,14.1732],[101.062,14.1745],[101.0606,14.1745]],[[101.062,14.1716],[101.0622,14.1718],[101.0622,14.1715],[101.062,14.1716]]]}},{"type":"Feature","properties":{"kind":"seasonal","area_km2":0.121,"date":"2026-10-09"},"geometry":{"type":"Polygon","coordinates":[[[101.0623,14.0891],[101.0615,14.0867],[101.062,14.0862],[101.0651,14.0859],[101.0654,14.0883],[101.0643,14.0886],[101.0643,14.0891],[101.0623,14.0891]]]}},{"type":"Feature","properties":{"kind":"seasonal","area_km2":0.121,"date":"2026-10-09"},"geometry":{"type":"Polygon","coordinates":[[[101.0339,14.081],[101.0336,14.0791],[101.0342,14.0785],[101.0342,14.0777],[101.0336,14.0777],[101.0336,14.0783],[101.0314,14.078],[101.0314,14.0767],[101.0319,14.0761],[101.0339,14.0764],[101.0342,14.0774],[101.0345,14.0769],[101.0356,14.0769],[101.0356,14.078],[101.035,14.0788],[101.0356,14.0791],[101.0356,14.0799],[101.0348,14.0799],[101.0348,14.0807],[101.0339,14.081]]]}},{"type":"Feature","properties":{"kind":"seasonal","area_km2":0.121,"date":"2026-10-09"},"geometry":{"type":"Polygon","coordinates":[[[101.0791,14.0117],[101.0791,14.0077],[101.078,14.0079],[101.078,14.006],[101.0791,14.0063],[101.0791,14.0055],[101.0799,14.0055],[101.0805,14.0058],[101.0805,14.0117],[101.0791,14.0117]]]}},{"type":"Feature","properties":{"kind":"seasonal","area_km2":0.12,"date":"2026-10-09"},"geometry":{"type":"Polygon","coordinates":[[[101.0811,14.3452],[101.0799,14.3438],[101.0799,14.3427],[101.0813,14.3427],[101.0816,14.3422],[101.0838,14.3416],[101.0841,14.3435],[101.0836,14.3438],[101.0833,14.3449],[101.0811,14.3452]]]}},{"type":"Feature","properties":{"kind":"seasonal","area_km2":0.12,"date":"2026-10-09"},"geometry":{"type":"Polygon","coordinates":[[[101.0828,14.1735],[101.0825,14.1695],[101.0831,14.1695],[101.0833,14.1681],[101.0847,14.1681],[101.085,14.1695],[101.0845,14.1697],[101.0845,14.173],[101.0842,14.1735],[101.0828,14.1735]]]}},{"type":"Feature","properties":{"kind":"seasonal","area_km2":0.12,"date":"2026-10-09"},"geometry":{"type":"Polygon","coordinates":[[[101.0846,14.0629],[101.0826,14.0624],[101.0821,14.0619],[101.0821,14.061],[101.0829,14.0599],[101.0857,14.0597],[101.0857,14.0613],[101.0863,14.0618],[101.0863,14.0626],[101.0846,14.0629]]]}},{"type":"Feature","properties":{"kind":"seasonal","area_km2":0.12,"date":"2026-10-09"},"geometry":{"type":"Polygon","coordinates":[[[101.295,14.0011],[101.295,13.9992],[101.2945,13.9989],[101.2947,13.9981],[101.2961,13.9984],[101.2969,13.9976],[101.2986,13.9975],[101.2986,13.9981],[101.2994,13.9984],[101.2995,13.9992],[101.2989,13.9997],[101.2986,13.9989],[101.2981,13.9989],[101.2981,13.9994],[101.2972,13.9995],[101.2972,13.9992],[101.2967,13.9992],[101.297,14.0011],[101.295,14.0011]],[[101.2964,13.9989],[101.2967,13.9992],[101.2967,13.9989],[101.2964,13.9989]]]}},{"type":"Feature","properties":{"kind":"seasonal","area_km2":0.119,"date":"2026-10-09"},"geometry":{"type":"Polygon","coordinates":[[[101.7185,14.0135],[101.7184,14.0116],[101.7198,14.0113],[101.7198,14.0108],[101.7204,14.0105],[101.7204,14.0089],[101.7217,14.0089],[101.7223,14.0094],[101.7223,14.0113],[101.7215,14.0116],[101.7212,14.0124],[101.7201,14.013],[101.7201,14.0135],[101.7185,14.0135]]]}},{"type":"Feature","properties":{"kind":"seasonal","area_km2":0.118,"date":"2026-10-09"},"geometry":{"type":"Polygon","coordinates":[[[101.2478,14.0577],[101.2475,14.0531],[101.2478,14.0522],[101.2489,14.0522],[101.2497,14.0525],[101.2495,14.0571],[101.2492,14.0576],[101.2478,14.0577]]]}},{"type":"Feature","properties":{"kind":"seasonal","area_km2":0.116,"date":"2026-10-09"},"geometry":{"type":"Polygon","coordinates":[[[101.4369,14.0276],[101.4369,14.0266],[101.438,14.0265],[101.4368,14.0244],[101.4368,14.023],[101.4388,14.023],[101.4399,14.0273],[101.4385,14.0273],[101.4385,14.0268],[101.438,14.0268],[101.4377,14.0276],[101.4369,14.0276]]]}},{"type":"Feature","properties":{"kind":"seasonal","area_km2":0.116,"date":"2026-10-09"},"geometry":{"type":"Polygon","coordinates":[[[101.3036,14.0005],[101.3033,13.9983],[101.3042,13.998],[101.3047,13.9972],[101.308,13.9975],[101.3078,13.9991],[101.3064,13.9991],[101.3061,13.9986],[101.3061,13.9991],[101.305,13.9991],[101.305,14.0005],[101.3036,14.0005]]]}},{"type":"Feature","properties":{"kind":"seasonal","area_km2":0.113,"date":"2026-10-09"},"geometry":{"type":"Polygon","coordinates":[[[101.1809,14.0886],[101.1806,14.0878],[101.1801,14.0878],[101.1801,14.0867],[101.179,14.0868],[101.1778,14.0857],[101.1778,14.0846],[101.1795,14.0846],[101.1806,14.0854],[101.1804,14.0865],[101.1812,14.0865],[101.1812,14.087],[101.1823,14.0867],[101.1831,14.0873],[101.1829,14.0886],[101.1809,14.0886]]]}},{"type":"Feature","properties":{"kind":"seasonal","area_km2":0.113,"date":"2026-10-09"},"geometry":{"type":"Polygon","coordinates":[[[101.1979,14.0673],[101.1976,14.0649],[101.1963,14.0649],[101.1962,14.0641],[101.1971,14.063],[101.1985,14.0633],[101.199,14.0641],[101.199,14.0654],[101.2004,14.0657],[101.2004,14.067],[101.1979,14.0673]]]}},{"type":"Feature","properties":{"kind":"seasonal","area_km2":0.113,"date":"2026-10-09"},"geometry":{"type":"Polygon","coordinates":[[[101.4199,14.0468],[101.419,14.0462],[101.419,14.0449],[101.4196,14.0441],[101.4212,14.0443],[101.4212,14.0435],[101.4232,14.044],[101.4235,14.0454],[101.4221,14.0454],[101.4221,14.0465],[101.4215,14.0468],[101.4199,14.0468]],[[101.4218,14.0449],[101.4221,14.0454],[101.4221,14.0449],[101.4218,14.0449]]]}},{"type":"Feature","properties":{"kind":"seasonal","area_km2":0.113,"date":"2026-10-09"},"geometry":{"type":"Polygon","coordinates":[[[101.2034,14.028],[101.2031,14.0269],[101.2037,14.0266],[101.2037,14.0261],[101.2031,14.0261],[101.2031,14.0247],[101.2036,14.0245],[101.2036,14.0239],[101.2045,14.0239],[101.2045,14.0244],[101.205,14.0244],[101.205,14.0239],[101.207,14.0239],[101.207,14.0255],[101.2064,14.0255],[101.2064,14.0261],[101.2042,14.0258],[101.2048,14.0263],[101.2048,14.0277],[101.2034,14.028]]]}},{"type":"Feature","properties":{"kind":"seasonal","area_km2":0.112,"date":"2026-10-09"},"geometry":{"type":"Polygon","coordinates":[[[101.3619,14.2978],[101.3633,14.2951],[101.365,14.2943],[101.365,14.2937],[101.3658,14.2929],[101.3683,14.292],[101.3683,14.2929],[101.3675,14.2931],[101.3672,14.2942],[101.3666,14.2942],[101.3658,14.2953],[101.3644,14.2953],[101.3636,14.2962],[101.3636,14.2972],[101.3631,14.2978],[101.3619,14.2978]]]}},{"type":"Feature","properties":{"kind":"seasonal","area_km2":0.112,"date":"2026-10-09"},"geometry":{"type":"Polygon","coordinates":[[[101.0652,14.1563],[101.0652,14.1558],[101.0643,14.1553],[101.0643,14.1542],[101.0649,14.1542],[101.0649,14.1536],[101.0665,14.1517],[101.0668,14.1506],[101.0673,14.1501],[101.0682,14.1501],[101.0682,14.1509],[101.0676,14.1509],[101.0676,14.1528],[101.0662,14.1528],[101.0668,14.1531],[101.0665,14.1555],[101.066,14.1555],[101.066,14.1563],[101.0652,14.1563]]]}},{"type":"Feature","properties":{"kind":"seasonal","area_km2":0.112,"date":"2026-10-09"},"geometry":{"type":"Polygon","coordinates":[[[101.3006,14.0542],[101.2997,14.0531],[101.3,14.052],[101.3022,14.0515],[101.3019,14.0496],[101.3027,14.0496],[101.3027,14.0501],[101.3033,14.0504],[101.3033,14.0517],[101.3039,14.0517],[101.3039,14.0528],[101.3028,14.0531],[101.3022,14.0523],[101.3019,14.0539],[101.3006,14.0542]]]}},{"type":"Feature","properties":{"kind":"seasonal","area_km2":0.111,"date":"2026-10-04"},"geometry":{"type":"Polygon","coordinates":[[[101.8326,14.6622],[101.8326,14.6617],[101.8315,14.6617],[101.8312,14.6612],[101.8315,14.659],[101.8337,14.6593],[101.834,14.6598],[101.8354,14.6598],[101.8354,14.6611],[101.8343,14.6609],[101.8337,14.6622],[101.8326,14.6622]]]}},{"type":"Feature","properties":{"kind":"seasonal","area_km2":0.11,"date":"2026-10-09"},"geometry":{"type":"Polygon","coordinates":[[[101.0322,14.1371],[101.0322,14.1357],[101.033,14.1355],[101.035,14.1355],[101.0358,14.1349],[101.0383,14.1352],[101.038,14.1368],[101.035,14.1365],[101.0339,14.1371],[101.0322,14.1371]]]}},{"type":"Feature","properties":{"kind":"seasonal","area_km2":0.109,"date":"2026-10-09"},"geometry":{"type":"Polygon","coordinates":[[[101.1147,14.1079],[101.1144,14.1066],[101.115,14.1063],[101.1142,14.1063],[101.1142,14.1058],[101.1155,14.1047],[101.1161,14.1036],[101.1169,14.1036],[101.1175,14.1071],[101.1167,14.1071],[101.1158,14.1079],[101.1147,14.1079]],[[101.1164,14.1038],[101.1166,14.1041],[101.1166,14.1038],[101.1164,14.1038]]]}},{"type":"Feature","properties":{"kind":"seasonal","area_km2":0.108,"date":"2026-10-09"},"geometry":{"type":"Polygon","coordinates":[[[101.0636,14.0474],[101.0633,14.0436],[101.0653,14.0436],[101.0653,14.0446],[101.0661,14.0449],[101.0661,14.0468],[101.0656,14.0468],[101.0656,14.0474],[101.0636,14.0474]]]}},{"type":"Feature","properties":{"kind":"seasonal","area_km2":0.108,"date":"2026-10-09"},"geometry":{"type":"Polygon","coordinates":[[[101.2384,14.0315],[101.2378,14.0287],[101.2373,14.0277],[101.2364,14.0274],[101.2364,14.0266],[101.2378,14.0266],[101.2395,14.0274],[101.2398,14.0309],[101.2395,14.0314],[101.2384,14.0315]]]}},{"type":"Feature","properties":{"kind":"seasonal","area_km2":0.107,"date":"2026-10-09"},"geometry":{"type":"Polygon","coordinates":[[[101.0447,14.0996],[101.0427,14.0988],[101.0424,14.0977],[101.0413,14.0977],[101.0407,14.0969],[101.0399,14.0966],[101.0399,14.0958],[101.0407,14.095],[101.0418,14.095],[101.0427,14.0961],[101.0427,14.0972],[101.0441,14.0974],[101.0446,14.0985],[101.0447,14.0996]],[[101.0424,14.0972],[101.0427,14.0974],[101.0427,14.0972],[101.0424,14.0972]]]}},{"type":"Feature","properties":{"kind":"seasonal","area_km2":0.106,"date":"2026-10-09"},"geometry":{"type":"Polygon","coordinates":[[[101.0841,14.1594],[101.0835,14.1584],[101.0838,14.1559],[101.0846,14.1559],[101.0846,14.1573],[101.0852,14.1573],[101.0854,14.1559],[101.0863,14.1559],[101.0868,14.157],[101.0869,14.1591],[101.0852,14.1594],[101.0849,14.1581],[101.0844,14.1581],[101.0841,14.1594]]]}},{"type":"Feature","properties":{"kind":"seasonal","area_km2":0.106,"date":"2026-10-09"},"geometry":{"type":"Polygon","coordinates":[[[101.2628,14.0269],[101.2625,14.0258],[101.2636,14.0258],[101.2636,14.0253],[101.2625,14.025],[101.2625,14.022],[101.2639,14.0217],[101.2642,14.0234],[101.2647,14.0233],[101.2645,14.0269],[101.2628,14.0269]]]}},{"type":"Feature","properties":{"kind":"seasonal","area_km2":0.105,"date":"2026-10-09"},"geometry":{"type":"Polygon","coordinates":[[[101.0319,14.1986],[101.0316,14.197],[101.0347,14.197],[101.0352,14.1962],[101.0372,14.1962],[101.0369,14.1978],[101.0347,14.1981],[101.0341,14.1986],[101.0319,14.1986]]]}},{"type":"Feature","properties":{"kind":"seasonal","area_km2":0.104,"date":"2026-10-09"},"geometry":{"type":"Polygon","coordinates":[[[101.0673,14.8669],[101.0665,14.865],[101.0664,14.8628],[101.067,14.8628],[101.0675,14.862],[101.07,14.8614],[101.0698,14.863],[101.0678,14.8636],[101.0676,14.865],[101.0679,14.8655],[101.0684,14.8655],[101.0684,14.8666],[101.0673,14.8669]]]}},{"type":"Feature","properties":{"kind":"seasonal","area_km2":0.104,"date":"2026-10-09"},"geometry":{"type":"Polygon","coordinates":[[[101.0364,14.0178],[101.0367,14.0156],[101.0375,14.0148],[101.0375,14.0126],[101.0392,14.0123],[101.0392,14.0142],[101.0389,14.0148],[101.0381,14.0148],[101.0381,14.0153],[101.0386,14.0153],[101.0386,14.0167],[101.0378,14.0167],[101.0378,14.0178],[101.0364,14.0178]]]}},{"type":"Feature","properties":{"kind":"seasonal","area_km2":0.103,"date":"2026-10-09"},"geometry":{"type":"Polygon","coordinates":[[[101.2703,14.0816],[101.2694,14.081],[101.2681,14.0813],[101.268,14.0802],[101.27,14.0794],[101.27,14.0781],[101.2714,14.078],[101.2714,14.0799],[101.2719,14.0805],[101.2719,14.0813],[101.2703,14.0816]]]}},{"type":"Feature","properties":{"kind":"seasonal","area_km2":0.103,"date":"2026-10-09"},"geometry":{"type":"Polygon","coordinates":[[[101.1277,14.0422],[101.128,14.039],[101.1313,14.0389],[101.1313,14.0397],[101.1305,14.0403],[101.1294,14.0422],[101.1277,14.0422]]]}},{"type":"Feature","properties":{"kind":"seasonal","area_km2":0.102,"date":"2026-10-09"},"geometry":{"type":"Polygon","coordinates":[[[101.0678,14.1712],[101.0675,14.1696],[101.0667,14.1702],[101.0667,14.1707],[101.0653,14.1704],[101.0653,14.1691],[101.0661,14.168],[101.0672,14.168],[101.0678,14.1691],[101.0692,14.1688],[101.0695,14.1707],[101.0678,14.1712]]]}},{"type":"Feature","properties":{"kind":"seasonal","area_km2":0.102,"date":"2026-10-09"},"geometry":{"type":"Polygon","coordinates":[[[101.301,14.075],[101.3008,14.0745],[101.2991,14.0745],[101.2988,14.0734],[101.2994,14.0724],[101.3024,14.0721],[101.3024,14.0745],[101.3019,14.075],[101.301,14.075]]]}},{"type":"Feature","properties":{"kind":"seasonal","area_km2":0.102,"date":"2026-10-09"},"geometry":{"type":"Polygon","coordinates":[[[101.1412,14.002],[101.141,14.0014],[101.1404,14.0014],[101.1407,13.9987],[101.1434,13.9987],[101.1432,14.002],[101.1412,14.002]],[[101.1418,13.9998],[101.1421,14.0003],[101.1421,13.9998],[101.1418,13.9998]]]}},{"type":"Feature","properties":{"kind":"seasonal","area_km2":0.101,"date":"2026-10-04"},"geometry":{"type":"Polygon","coordinates":[[[101.8456,14.0635],[101.8456,14.0627],[101.8464,14.0616],[101.8487,14.0616],[101.8498,14.0608],[101.8509,14.0608],[101.8506,14.0632],[101.8467,14.0633],[101.8465,14.0625],[101.8465,14.063],[101.8456,14.0635]],[[101.8484,14.0624],[101.8487,14.0627],[101.8487,14.0624],[101.8484,14.0624]],[[101.8467,14.0625],[101.8473,14.0624],[101.8476,14.0619],[101.847,14.0619],[101.8467,14.0625]],[[101.8481,14.0622],[101.8484,14.0624],[101.8484,14.0622],[101.8481,14.0622]],[[101.8487,14.0622],[101.849,14.0624],[101.8489,14.0622],[101.8487,14.0622]]]}}]}
