{"type":"FeatureCollection","properties":{"v":3,"id":"t101_15","name":"ชัยภูมิ · นครราชสีมา · ลพบุรี","aoi":[101.0,15.0,102.0,16.0],"date":"2026-10-09","dates":["2026-10-09","2026-10-04"],"baseline_years":3,"has_seasonal":true,"totals":{"flood_high":1.7,"flood_low":8.4,"seasonal":66.1},"provinces":[{"name":"นครราชสีมา","zone":"th-ne","flood_high":1.7,"flood_low":0.5,"seasonal":11.1},{"name":"ลพบุรี","zone":"th-c","flood_high":0.0,"flood_low":4.0,"seasonal":28.1},{"name":"ชัยภูมิ","zone":"th-ne","flood_high":0.0,"flood_low":2.6,"seasonal":18.8},{"name":"เพชรบูรณ์","zone":"th-c","flood_high":0.0,"flood_low":1.3,"seasonal":8.2}],"scenes":{"2026-10-09":2,"2026-10-04":1},"baseline_dates":["2025-10-08","2024-10-07","2023-10-10"],"threshold_db":-15.0,"auto":true,"source":"Sentinel-1 RTC (Copernicus/ESA) via Microsoft Planetary Computer; JRC Global Surface Water; Copernicus DEM","method":"ChatGeo v3: Otsu threshold on VV dB; minus JRC permanent water and slope > 5 deg; unusual = water not present in most of the previous 3 years (same season)","added":"2026-10-10T16:37+07:00"},"features":[{"type":"Feature","properties":{"kind":"flood","area_km2":1.443,"conf":"high","date":"2026-10-04"},"geometry":{"type":"Polygon","coordinates":[[[101.8845,15.2341],[101.8845,15.2336],[101.8853,15.2333],[101.8853,15.2319],[101.8859,15.2319],[101.8861,15.2311],[101.8847,15.2311],[101.8845,15.2303],[101.8822,15.2306],[101.8822,15.2282],[101.8813,15.2271],[101.88,15.2274],[101.8799,15.2255],[101.8794,15.225],[101.8788,15.225],[101.8788,15.2255],[101.878,15.2258],[101.878,15.2269],[101.8772,15.2269],[101.8766,15.2274],[101.8764,15.2293],[101.8775,15.2293],[101.8783,15.2298],[101.8783,15.2307],[101.8767,15.231],[101.8761,15.2301],[101.8747,15.2299],[101.8736,15.2288],[101.8735,15.228],[101.8741,15.228],[101.8741,15.2264],[101.8749,15.2264],[101.8749,15.2269],[101.8755,15.2266],[101.8755,15.2247],[101.8741,15.2248],[101.8741,15.2256],[101.8732,15.2258],[101.8733,15.2272],[101.8724,15.2272],[101.8724,15.2245],[101.8713,15.2245],[101.871,15.2224],[101.8715,15.2218],[101.8732,15.2218],[101.8732,15.2229],[101.8724,15.2229],[101.8732,15.2231],[101.8732,15.224],[101.8738,15.2239],[101.874,15.2234],[101.8754,15.2237],[101.8754,15.2231],[101.8746,15.2231],[101.8745,15.2196],[101.8754,15.2196],[101.8762,15.2207],[101.8773,15.2204],[101.8774,15.2215],[101.8788,15.2217],[101.8801,15.2195],[101.8812,15.2192],[101.8821,15.2181],[101.8832,15.2176],[101.884,15.2176],[101.884,15.2181],[101.8846,15.2181],[101.8846,15.2176],[101.8849,15.2181],[101.886,15.2181],[101.886,15.2195],[101.8849,15.2195],[101.8849,15.2203],[101.8863,15.2203],[101.8865,15.2194],[101.8874,15.2208],[101.8891,15.2208],[101.8894,15.2218],[101.8905,15.2221],[101.8902,15.2232],[101.8871,15.223],[101.8866,15.2216],[101.8846,15.2219],[101.8827,15.2214],[101.8824,15.2209],[101.8804,15.2209],[101.8804,15.2225],[101.8818,15.2225],[101.8821,15.2238],[101.8841,15.2244],[101.8863,15.2241],[101.8866,15.2246],[101.8877,15.2246],[101.8886,15.2257],[101.8891,15.2256],[101.8891,15.2262],[101.8897,15.2262],[101.8897,15.2267],[101.8886,15.2267],[101.8883,15.2273],[101.8878,15.2273],[101.8878,15.2278],[101.8864,15.2278],[101.8864,15.2297],[101.885,15.2298],[101.885,15.2308],[101.8867,15.2308],[101.8875,15.2319],[101.8864,15.2322],[101.8856,15.233],[101.8856,15.2335],[101.8845,15.2341]],[[101.8841,15.2254],[101.8852,15.2257],[101.8852,15.2252],[101.8841,15.2254]],[[101.8771,15.2247],[101.878,15.2247],[101.8779,15.2231],[101.8774,15.2231],[101.8771,15.2247]],[[101.8724,15.224],[101.8727,15.2245],[101.8727,15.224],[101.8724,15.224]],[[101.8721,15.2226],[101.8724,15.2229],[101.8724,15.2226],[101.8721,15.2226]]]}},{"type":"Feature","properties":{"kind":"flood","area_km2":0.947,"conf":"low","date":"2026-10-04"},"geometry":{"type":"Polygon","coordinates":[[[101.6899,15.3582],[101.6899,15.3574],[101.6893,15.3574],[101.6893,15.3555],[101.6902,15.3555],[101.6902,15.356],[101.6907,15.3555],[101.6896,15.3552],[101.6896,15.3541],[101.6901,15.3536],[101.691,15.3536],[101.691,15.353],[101.6904,15.353],[101.6907,15.3514],[101.6893,15.3511],[101.689,15.352],[101.6873,15.352],[101.687,15.3501],[101.6867,15.3515],[101.6848,15.3517],[101.6848,15.3509],[101.6839,15.3507],[101.6839,15.3496],[101.6823,15.3493],[101.6817,15.3483],[101.6817,15.3472],[101.6822,15.3472],[101.6825,15.3466],[101.6811,15.3464],[101.6813,15.3428],[101.6822,15.3428],[101.6822,15.3442],[101.683,15.3442],[101.6833,15.3447],[101.685,15.3444],[101.6853,15.3452],[101.6853,15.3447],[101.6872,15.3444],[101.6872,15.3452],[101.6867,15.3452],[101.6867,15.3458],[101.6892,15.3452],[101.6906,15.3463],[101.6906,15.3468],[101.692,15.3465],[101.6928,15.3468],[101.6928,15.3473],[101.6942,15.3473],[101.6943,15.3492],[101.6923,15.3492],[101.692,15.3487],[101.692,15.3495],[101.6926,15.3495],[101.6926,15.3511],[101.6915,15.3514],[101.6921,15.3525],[101.6918,15.3549],[101.6927,15.3549],[101.6927,15.3557],[101.6918,15.3557],[101.6916,15.3565],[101.6924,15.3568],[101.6924,15.3576],[101.6899,15.3582]],[[101.6907,15.3555],[101.691,15.3557],[101.691,15.3555],[101.6907,15.3555]],[[101.6913,15.3555],[101.6918,15.3557],[101.6918,15.3555],[101.6913,15.3555]],[[101.6876,15.3487],[101.6884,15.3487],[101.6884,15.3482],[101.6875,15.3482],[101.6876,15.3487]],[[101.6881,15.3471],[101.6886,15.3471],[101.6886,15.3465],[101.6881,15.3466],[101.6881,15.3471]],[[101.6822,15.3455],[101.6828,15.3458],[101.6828,15.3455],[101.6822,15.3455]]]}},{"type":"Feature","properties":{"kind":"flood","area_km2":0.687,"conf":"low","date":"2026-10-09"},"geometry":{"type":"Polygon","coordinates":[[[101.0262,15.0258],[101.0261,15.0228],[101.0256,15.0218],[101.0247,15.0212],[101.0244,15.0201],[101.0239,15.0201],[101.023,15.0193],[101.023,15.0185],[101.0225,15.018],[101.0194,15.0183],[101.0194,15.0177],[101.0188,15.0175],[101.0188,15.0186],[101.0138,15.0189],[101.0133,15.02],[101.0122,15.02],[101.0116,15.0194],[101.0116,15.0186],[101.0121,15.0181],[101.0121,15.017],[101.0127,15.0167],[101.0113,15.0162],[101.0107,15.0165],[101.0107,15.017],[101.0096,15.0173],[101.0096,15.0162],[101.0102,15.0159],[101.0085,15.0159],[101.0085,15.0151],[101.0096,15.0143],[101.0093,15.0124],[101.0101,15.0119],[101.0104,15.011],[101.0098,15.011],[101.0093,15.0121],[101.0079,15.0122],[101.0071,15.0113],[101.007,15.0108],[101.0059,15.01],[101.0076,15.01],[101.0079,15.0092],[101.009,15.0092],[101.009,15.007],[101.0095,15.007],[101.0095,15.0075],[101.0106,15.0075],[101.0095,15.0078],[101.0095,15.0094],[101.0087,15.0094],[101.0082,15.01],[101.0082,15.0111],[101.0087,15.0111],[101.009,15.0102],[101.0096,15.0102],[101.0098,15.0097],[101.0123,15.0099],[101.0126,15.0118],[101.0138,15.0121],[101.0135,15.0135],[101.0143,15.0134],[101.0143,15.0145],[101.0138,15.014],[101.0124,15.014],[101.0124,15.0156],[101.0143,15.0159],[101.0138,15.0167],[101.0138,15.0181],[101.0172,15.0178],[101.0177,15.0172],[101.0177,15.0164],[101.021,15.0158],[101.0213,15.0169],[101.0224,15.0172],[101.023,15.0183],[101.0239,15.0185],[101.0239,15.0191],[101.0247,15.0193],[101.0258,15.0212],[101.0267,15.0217],[101.0267,15.0239],[101.0273,15.0242],[101.0275,15.0253],[101.0267,15.0253],[101.0262,15.0258]],[[101.0101,15.0135],[101.0107,15.0135],[101.0107,15.0129],[101.0101,15.0129],[101.0101,15.0135]],[[101.011,15.0119],[101.0118,15.0121],[101.0118,15.0118],[101.011,15.0119]]]}},{"type":"Feature","properties":{"kind":"flood","area_km2":0.572,"conf":"low","date":"2026-10-09"},"geometry":{"type":"Polygon","coordinates":[[[101.0869,15.106],[101.0858,15.1044],[101.0844,15.1047],[101.0835,15.1039],[101.0835,15.1023],[101.0827,15.102],[101.0827,15.1015],[101.0855,15.1009],[101.0866,15.1001],[101.0866,15.0995],[101.088,15.0995],[101.0879,15.0984],[101.0871,15.0976],[101.0868,15.0982],[101.0863,15.0982],[101.0865,15.0955],[101.086,15.0955],[101.0857,15.0949],[101.0846,15.095],[101.0845,15.0933],[101.0832,15.0931],[101.0837,15.0909],[101.0845,15.0909],[101.0845,15.092],[101.0857,15.092],[101.0865,15.0928],[101.0865,15.0939],[101.0871,15.0938],[101.0871,15.0952],[101.0885,15.0955],[101.0879,15.0963],[101.0893,15.0976],[101.0893,15.099],[101.0882,15.0993],[101.0899,15.0998],[101.0899,15.1028],[101.0883,15.1033],[101.0886,15.1039],[101.09,15.1038],[101.09,15.106],[101.0869,15.106]],[[101.0863,15.1039],[101.0869,15.1039],[101.0869,15.1033],[101.0863,15.1033],[101.0863,15.1039]],[[101.0863,15.1023],[101.0869,15.1023],[101.0869,15.1017],[101.0866,15.1017],[101.0863,15.1023]],[[101.0851,15.0936],[101.0854,15.0941],[101.0854,15.0936],[101.0851,15.0936]]]}},{"type":"Feature","properties":{"kind":"flood","area_km2":0.565,"conf":"low","date":"2026-10-04"},"geometry":{"type":"Polygon","coordinates":[[[101.8704,15.6263],[101.8704,15.6258],[101.8692,15.6258],[101.8687,15.6247],[101.8675,15.6239],[101.8675,15.6228],[101.8667,15.6223],[101.8649,15.6188],[101.8632,15.6169],[101.8638,15.6167],[101.8638,15.6158],[101.8621,15.6156],[101.8615,15.6145],[101.8618,15.6132],[101.8629,15.6129],[101.8629,15.614],[101.8635,15.614],[101.8635,15.615],[101.8641,15.6153],[101.8641,15.6158],[101.8646,15.6158],[101.8647,15.6175],[101.8655,15.618],[101.8655,15.6185],[101.8672,15.6185],[101.8677,15.6182],[101.8677,15.6174],[101.8686,15.6174],[101.8688,15.6169],[101.8685,15.6136],[101.8674,15.6136],[101.8668,15.6131],[101.8716,15.6133],[101.8716,15.6157],[101.8722,15.6157],[101.8725,15.6165],[101.8716,15.6166],[101.8702,15.6158],[101.8691,15.6166],[101.8694,15.6174],[101.8697,15.6169],[101.8711,15.6166],[101.8711,15.6185],[101.8694,15.6206],[101.8703,15.6214],[101.8703,15.6239],[101.8698,15.6242],[101.8698,15.6247],[101.8703,15.625],[101.8704,15.6255],[101.8712,15.6255],[101.8712,15.6263],[101.8704,15.6263]]]}},{"type":"Feature","properties":{"kind":"flood","area_km2":0.418,"conf":"low","date":"2026-10-09"},"geometry":{"type":"Polygon","coordinates":[[[101.0121,15.0455],[101.0118,15.0441],[101.0124,15.0436],[101.0124,15.0427],[101.0115,15.0433],[101.0115,15.0438],[101.0104,15.0438],[101.0099,15.0433],[101.0093,15.0433],[101.009,15.0441],[101.0068,15.0439],[101.0068,15.0428],[101.0076,15.0428],[101.0079,15.042],[101.0062,15.0423],[101.0057,15.0414],[101.0059,15.0368],[101.0042,15.0371],[101.0042,15.0382],[101.0051,15.0387],[101.0042,15.0396],[101.0043,15.0401],[101.0034,15.0401],[101.0031,15.0369],[101.0037,15.0366],[101.0037,15.0358],[101.0034,15.0352],[101.0028,15.0352],[101.0028,15.0342],[101.0036,15.0339],[101.0039,15.0331],[101.0042,15.0336],[101.0056,15.0336],[101.0056,15.0344],[101.0062,15.0349],[101.0056,15.0352],[101.0056,15.0366],[101.0064,15.0366],[101.0067,15.036],[101.0073,15.0368],[101.007,15.0401],[101.0076,15.0409],[101.0082,15.0409],[101.0082,15.0403],[101.0087,15.0406],[101.0087,15.0425],[101.0104,15.0425],[101.011,15.0419],[101.0112,15.0425],[101.0135,15.0427],[101.0135,15.0433],[101.0154,15.0433],[101.0132,15.0454],[101.0121,15.0455]]]}},{"type":"Feature","properties":{"kind":"flood","area_km2":0.396,"conf":"low","date":"2026-10-09"},"geometry":{"type":"Polygon","coordinates":[[[101.0896,15.125],[101.0893,15.1234],[101.0874,15.1234],[101.0876,15.1226],[101.0885,15.122],[101.0884,15.1212],[101.0873,15.1201],[101.0873,15.1182],[101.0862,15.1177],[101.0862,15.1169],[101.0873,15.1172],[101.0873,15.1139],[101.0878,15.112],[101.09,15.1123],[101.0903,15.1136],[101.0909,15.1136],[101.0884,15.1139],[101.0884,15.1144],[101.0878,15.1147],[101.0878,15.1166],[101.0884,15.1166],[101.0887,15.1171],[101.0879,15.1174],[101.0884,15.1196],[101.0893,15.1196],[101.0896,15.1201],[101.0918,15.1198],[101.0929,15.1204],[101.0935,15.1212],[101.0951,15.1211],[101.0954,15.119],[101.0962,15.119],[101.0959,15.1176],[101.0965,15.1176],[101.0965,15.1171],[101.0971,15.1187],[101.0971,15.1206],[101.0963,15.1206],[101.0963,15.122],[101.0954,15.122],[101.0949,15.123],[101.094,15.1231],[101.094,15.1217],[101.0918,15.1209],[101.0915,15.1217],[101.0904,15.1223],[101.091,15.1228],[101.0907,15.125],[101.0896,15.125]]]}},{"type":"Feature","properties":{"kind":"flood","area_km2":0.368,"conf":"low","date":"2026-10-09"},"geometry":{"type":"Polygon","coordinates":[[[101.088,15.1304],[101.0869,15.1299],[101.0846,15.1299],[101.0846,15.1264],[101.0851,15.1261],[101.0854,15.124],[101.0871,15.1245],[101.0877,15.1258],[101.0891,15.1258],[101.089,15.125],[101.0896,15.125],[101.0896,15.1274],[101.0907,15.1277],[101.091,15.1285],[101.0921,15.1285],[101.0921,15.128],[101.0938,15.1274],[101.0941,15.1269],[101.0955,15.1268],[101.0955,15.1277],[101.0949,15.1277],[101.0941,15.1287],[101.091,15.129],[101.091,15.1299],[101.0899,15.1296],[101.0894,15.1301],[101.0883,15.1299],[101.088,15.1304]],[[101.0871,15.1296],[101.0885,15.1296],[101.0885,15.1283],[101.0871,15.1283],[101.0871,15.1296]]]}},{"type":"Feature","properties":{"kind":"flood","area_km2":0.313,"conf":"low","date":"2026-10-09"},"geometry":{"type":"Polygon","coordinates":[[[101.086,15.6322],[101.0857,15.63],[101.0837,15.6276],[101.0834,15.6241],[101.0845,15.623],[101.0853,15.623],[101.0865,15.6238],[101.0876,15.6268],[101.0879,15.6308],[101.0871,15.6322],[101.086,15.6322]]]}},{"type":"Feature","properties":{"kind":"flood","area_km2":0.279,"conf":"low","date":"2026-10-09"},"geometry":{"type":"Polygon","coordinates":[[[101.0438,15.0641],[101.0416,15.0625],[101.0413,15.0596],[101.0404,15.0596],[101.0407,15.0617],[101.0402,15.0617],[101.0402,15.0623],[101.0382,15.062],[101.0382,15.0604],[101.0388,15.0601],[101.0387,15.0593],[101.0396,15.059],[101.0396,15.0574],[101.0399,15.0588],[101.0418,15.059],[101.0427,15.0598],[101.0443,15.0595],[101.0457,15.0622],[101.0469,15.0622],[101.0469,15.063],[101.046,15.063],[101.0449,15.0641],[101.0438,15.0641]]]}},{"type":"Feature","properties":{"kind":"flood","area_km2":0.263,"conf":"high","date":"2026-10-04"},"geometry":{"type":"Polygon","coordinates":[[[101.8846,15.2433],[101.8846,15.242],[101.8827,15.242],[101.8824,15.2395],[101.8807,15.2396],[101.8804,15.2404],[101.8793,15.2404],[101.8796,15.2393],[101.8823,15.2393],[101.8832,15.2382],[101.8829,15.2371],[101.8815,15.2374],[101.8815,15.2352],[101.8823,15.2352],[101.8823,15.236],[101.8829,15.236],[101.884,15.2349],[101.884,15.236],[101.8851,15.236],[101.8843,15.2365],[101.8843,15.2382],[101.8854,15.2384],[101.8846,15.2384],[101.8832,15.2395],[101.8832,15.2409],[101.8857,15.2411],[101.8874,15.2411],[101.8888,15.2406],[101.8907,15.2408],[101.8902,15.2411],[101.8902,15.2416],[101.8882,15.2416],[101.8874,15.2427],[101.8846,15.2433]],[[101.8852,15.2411],[101.8857,15.2414],[101.8857,15.2411],[101.8852,15.2411]],[[101.8888,15.2408],[101.8891,15.2411],[101.8891,15.2408],[101.8888,15.2408]]]}},{"type":"Feature","properties":{"kind":"flood","area_km2":0.238,"conf":"low","date":"2026-10-09"},"geometry":{"type":"Polygon","coordinates":[[[101.0103,15.0265],[101.0103,15.026],[101.0094,15.0257],[101.0094,15.0251],[101.008,15.0241],[101.008,15.0235],[101.0069,15.0225],[101.006,15.0189],[101.0088,15.0192],[101.0088,15.0203],[101.0096,15.0203],[101.0097,15.0222],[101.0088,15.0224],[101.0088,15.0243],[101.0094,15.0249],[101.0108,15.0249],[101.0114,15.0246],[101.0114,15.024],[101.0136,15.0243],[101.0136,15.0229],[101.0141,15.0229],[101.0153,15.0246],[101.0153,15.0251],[101.0136,15.0248],[101.0136,15.0262],[101.0133,15.0257],[101.0128,15.0257],[101.0108,15.026],[101.0103,15.0265]]]}},{"type":"Feature","properties":{"kind":"flood","area_km2":0.182,"conf":"low","date":"2026-10-09"},"geometry":{"type":"Polygon","coordinates":[[[101.0804,15.0966],[101.0804,15.0955],[101.0793,15.0953],[101.079,15.0947],[101.0784,15.0923],[101.079,15.0923],[101.0798,15.0915],[101.08,15.0888],[101.0809,15.0888],[101.0817,15.0893],[101.0817,15.0906],[101.0823,15.0906],[101.0823,15.0901],[101.0831,15.0901],[101.0831,15.0909],[101.0826,15.0914],[101.0831,15.0923],[101.0817,15.0923],[101.0815,15.0928],[101.0809,15.092],[101.0804,15.0923],[101.0812,15.0931],[101.0806,15.0939],[101.0804,15.0966]]]}},{"type":"Feature","properties":{"kind":"flood","area_km2":0.178,"conf":"low","date":"2026-10-04"},"geometry":{"type":"Polygon","coordinates":[[[101.6108,15.6821],[101.6105,15.6816],[101.6096,15.6816],[101.6093,15.6808],[101.6082,15.6805],[101.6085,15.68],[101.6077,15.6803],[101.6077,15.6795],[101.6068,15.6787],[101.6071,15.6778],[101.6076,15.6778],[101.6074,15.6784],[101.6079,15.6784],[101.6076,15.6792],[101.6082,15.6792],[101.6085,15.6797],[101.6105,15.6797],[101.6113,15.681],[101.6121,15.681],[101.6124,15.6797],[101.613,15.6805],[101.613,15.6791],[101.6127,15.6786],[101.6121,15.6786],[101.6121,15.6781],[101.6132,15.6778],[101.6132,15.6759],[101.6143,15.6767],[101.6152,15.6767],[101.6154,15.6761],[101.616,15.6767],[101.6196,15.6766],[101.6194,15.6774],[101.6188,15.6769],[101.6177,15.6774],[101.6168,15.6769],[101.6141,15.6769],[101.6143,15.6783],[101.6138,15.6783],[101.6135,15.6789],[101.6135,15.6807],[101.6124,15.6808],[101.6124,15.6821],[101.6108,15.6821]],[[101.6116,15.6816],[101.6119,15.6819],[101.6119,15.6816],[101.6116,15.6816]],[[101.6107,15.6811],[101.611,15.6813],[101.611,15.6811],[101.6107,15.6811]],[[101.6099,15.68],[101.6105,15.6802],[101.6105,15.68],[101.6099,15.68]]]}},{"type":"Feature","properties":{"kind":"flood","area_km2":0.172,"conf":"low","date":"2026-10-09"},"geometry":{"type":"Polygon","coordinates":[[[101.0809,15.0885],[101.0806,15.0879],[101.08,15.0879],[101.08,15.0866],[101.0786,15.0866],[101.0775,15.0858],[101.0775,15.0847],[101.0786,15.0842],[101.0783,15.0825],[101.0786,15.0831],[101.08,15.0828],[101.08,15.0836],[101.0814,15.0836],[101.0814,15.0855],[101.0808,15.0855],[101.0811,15.0877],[101.0837,15.0876],[101.0837,15.0885],[101.0809,15.0885]]]}},{"type":"Feature","properties":{"kind":"flood","area_km2":0.167,"conf":"low","date":"2026-10-04"},"geometry":{"type":"Polygon","coordinates":[[[101.8735,15.6301],[101.8735,15.6293],[101.8729,15.6287],[101.8729,15.6263],[101.872,15.6263],[101.872,15.6255],[101.8726,15.6255],[101.8726,15.6233],[101.8745,15.6238],[101.8743,15.6255],[101.8759,15.6257],[101.876,15.6265],[101.8754,15.6265],[101.8749,15.6287],[101.8743,15.629],[101.8743,15.6301],[101.8735,15.6301]]]}},{"type":"Feature","properties":{"kind":"flood","area_km2":0.145,"conf":"low","date":"2026-10-09"},"geometry":{"type":"Polygon","coordinates":[[[101.0933,15.4703],[101.0939,15.4687],[101.0922,15.469],[101.0922,15.4682],[101.0933,15.4681],[101.0933,15.466],[101.093,15.4668],[101.0913,15.4668],[101.0913,15.4657],[101.0919,15.4657],[101.0918,15.4641],[101.0935,15.4643],[101.0938,15.4657],[101.0949,15.466],[101.095,15.47],[101.0933,15.4703]]]}},{"type":"Feature","properties":{"kind":"flood","area_km2":0.143,"conf":"low","date":"2026-10-09"},"geometry":{"type":"Polygon","coordinates":[[[101.0759,15.0321],[101.0725,15.0319],[101.0727,15.0232],[101.0744,15.0232],[101.0744,15.0275],[101.0728,15.0276],[101.0728,15.0289],[101.0761,15.0292],[101.0733,15.0295],[101.0731,15.0319],[101.0759,15.0321]]]}},{"type":"Feature","properties":{"kind":"flood","area_km2":0.137,"conf":"low","date":"2026-10-09"},"geometry":{"type":"Polygon","coordinates":[[[101.089,15.4625],[101.089,15.4619],[101.0901,15.4619],[101.0901,15.4606],[101.089,15.46],[101.0904,15.46],[101.091,15.4584],[101.0907,15.4579],[101.0895,15.4576],[101.0915,15.4576],[101.0918,15.4584],[101.0932,15.4584],[101.0932,15.4576],[101.0943,15.4576],[101.0943,15.4584],[101.0935,15.4584],[101.0938,15.4603],[101.0932,15.4603],[101.0929,15.4611],[101.0921,15.4611],[101.0924,15.46],[101.0912,15.46],[101.0913,15.4619],[101.0907,15.4625],[101.089,15.4625]]]}},{"type":"Feature","properties":{"kind":"flood","area_km2":0.134,"conf":"low","date":"2026-10-04"},"geometry":{"type":"Polygon","coordinates":[[[101.6037,15.6773],[101.6037,15.6763],[101.6031,15.6765],[101.6031,15.6755],[101.6051,15.6743],[101.605,15.6719],[101.6076,15.6719],[101.607,15.673],[101.6073,15.6738],[101.6081,15.674],[101.6081,15.6746],[101.6065,15.6746],[101.6065,15.676],[101.6045,15.676],[101.6045,15.6771],[101.6037,15.6773]],[[101.604,15.6757],[101.6042,15.676],[101.6042,15.6757],[101.604,15.6757]],[[101.6054,15.6746],[101.6059,15.6749],[101.6059,15.6746],[101.6054,15.6746]],[[101.6067,15.6735],[101.607,15.6741],[101.607,15.6735],[101.6067,15.6735]],[[101.6065,15.6732],[101.6067,15.6735],[101.6067,15.6732],[101.6065,15.6732]],[[101.6067,15.673],[101.607,15.6732],[101.607,15.673],[101.6067,15.673]]]}},{"type":"Feature","properties":{"kind":"flood","area_km2":0.133,"conf":"low","date":"2026-10-09"},"geometry":{"type":"Polygon","coordinates":[[[101.2302,15.7972],[101.229,15.7959],[101.229,15.7951],[101.2296,15.7945],[101.2341,15.7945],[101.2346,15.795],[101.2346,15.7961],[101.2332,15.7961],[101.2327,15.7966],[101.2302,15.7972]]]}},{"type":"Feature","properties":{"kind":"flood","area_km2":0.127,"conf":"low","date":"2026-10-09"},"geometry":{"type":"Polygon","coordinates":[[[101.0925,15.135],[101.0925,15.1342],[101.0916,15.1331],[101.0924,15.1309],[101.0916,15.1309],[101.0913,15.1299],[101.0938,15.1306],[101.0941,15.1317],[101.0933,15.1317],[101.0933,15.1331],[101.0944,15.1328],[101.0953,15.1331],[101.0953,15.1336],[101.0958,15.1339],[101.0958,15.1347],[101.0925,15.135]]]}},{"type":"Feature","properties":{"kind":"flood","area_km2":0.109,"conf":"low","date":"2026-10-09"},"geometry":{"type":"Polygon","coordinates":[[[101.54,15.0339],[101.538,15.0337],[101.5377,15.0329],[101.5363,15.0321],[101.5363,15.0307],[101.5357,15.0305],[101.5357,15.0296],[101.5377,15.0296],[101.5383,15.031],[101.5394,15.031],[101.5399,15.0315],[101.5388,15.0318],[101.5388,15.0331],[101.54,15.0334],[101.54,15.0339]]]}},{"type":"Feature","properties":{"kind":"flood","area_km2":0.104,"conf":"low","date":"2026-10-04"},"geometry":{"type":"Polygon","coordinates":[[[101.8979,15.2561],[101.8976,15.2556],[101.8951,15.2554],[101.8962,15.2551],[101.8956,15.2524],[101.8973,15.2524],[101.8976,15.2553],[101.8988,15.2553],[101.899,15.2534],[101.8996,15.2537],[101.8996,15.2545],[101.9007,15.2553],[101.9007,15.2561],[101.8979,15.2561]]]}},{"type":"Feature","properties":{"kind":"flood","area_km2":0.102,"conf":"low","date":"2026-10-04"},"geometry":{"type":"Polygon","coordinates":[[[101.5936,15.675],[101.593,15.6742],[101.5911,15.6745],[101.5908,15.6734],[101.5919,15.6731],[101.5933,15.6712],[101.595,15.6712],[101.595,15.6723],[101.5939,15.6723],[101.5939,15.6737],[101.5947,15.6739],[101.5947,15.675],[101.5936,15.675]]]}},{"type":"Feature","properties":{"kind":"flood","area_km2":0.097,"conf":"low","date":"2026-10-09"},"geometry":{"type":"Polygon","coordinates":[[[101.1038,15.5087],[101.1038,15.5079],[101.1024,15.5079],[101.1018,15.5074],[101.1018,15.5057],[101.1026,15.5057],[101.1026,15.5033],[101.1034,15.5033],[101.1034,15.5041],[101.104,15.5046],[101.1037,15.5063],[101.1049,15.5081],[101.1038,15.5087]]]}},{"type":"Feature","properties":{"kind":"flood","area_km2":0.095,"conf":"low","date":"2026-10-09"},"geometry":{"type":"Polygon","coordinates":[[[101.0388,15.0634],[101.0357,15.0634],[101.0351,15.0626],[101.0338,15.0626],[101.0337,15.0618],[101.0343,15.0618],[101.0346,15.0613],[101.0346,15.0618],[101.036,15.0621],[101.036,15.0602],[101.0382,15.0607],[101.0374,15.0615],[101.0368,15.0615],[101.0368,15.062],[101.0388,15.0626],[101.0388,15.0634]]]}},{"type":"Feature","properties":{"kind":"flood","area_km2":0.092,"conf":"low","date":"2026-10-09"},"geometry":{"type":"Polygon","coordinates":[[[101.0871,15.4625],[101.0871,15.4612],[101.0854,15.4614],[101.0854,15.4604],[101.0865,15.4598],[101.0865,15.459],[101.0854,15.4593],[101.0854,15.4587],[101.0862,15.4587],[101.0862,15.4579],[101.087,15.4579],[101.087,15.459],[101.0879,15.4595],[101.0879,15.4603],[101.0885,15.4603],[101.0882,15.4622],[101.0871,15.4625]]]}},{"type":"Feature","properties":{"kind":"flood","area_km2":0.092,"conf":"low","date":"2026-10-04"},"geometry":{"type":"Polygon","coordinates":[[[101.8998,15.2496],[101.8998,15.2485],[101.8989,15.2483],[101.8998,15.2475],[101.9,15.2434],[101.8986,15.2434],[101.8988,15.2415],[101.9002,15.2418],[101.9,15.2469],[101.9012,15.248],[101.9012,15.2491],[101.9006,15.2496],[101.8998,15.2496]]]}},{"type":"Feature","properties":{"kind":"flood","area_km2":0.09,"conf":"low","date":"2026-10-04"},"geometry":{"type":"Polygon","coordinates":[[[101.8748,15.6236],[101.8756,15.6211],[101.8764,15.6211],[101.8767,15.6206],[101.8787,15.6211],[101.8784,15.6232],[101.8759,15.623],[101.8759,15.6235],[101.8748,15.6236]]]}},{"type":"Feature","properties":{"kind":"flood","area_km2":0.088,"conf":"low","date":"2026-10-09"},"geometry":{"type":"Polygon","coordinates":[[[101.0061,15.0282],[101.0061,15.0265],[101.0066,15.0263],[101.0066,15.0254],[101.0086,15.0254],[101.0089,15.0265],[101.0103,15.0265],[101.01,15.027],[101.0094,15.027],[101.0094,15.0279],[101.0061,15.0282]]]}},{"type":"Feature","properties":{"kind":"flood","area_km2":0.087,"conf":"low","date":"2026-10-09"},"geometry":{"type":"Polygon","coordinates":[[[101.0888,15.4671],[101.0888,15.4663],[101.0877,15.466],[101.0877,15.4655],[101.0857,15.4652],[101.086,15.4639],[101.0868,15.4639],[101.0879,15.4647],[101.0905,15.4649],[101.0899,15.4668],[101.0888,15.4671]]]}},{"type":"Feature","properties":{"kind":"flood","area_km2":0.085,"conf":"low","date":"2026-10-09"},"geometry":{"type":"Polygon","coordinates":[[[101.0666,15.8715],[101.0655,15.8712],[101.0655,15.8707],[101.0669,15.8709],[101.0668,15.8682],[101.0657,15.868],[101.0657,15.8671],[101.0671,15.8666],[101.0671,15.866],[101.0685,15.866],[101.0688,15.8671],[101.0677,15.8674],[101.0688,15.8685],[101.0674,15.8688],[101.0674,15.8706],[101.0666,15.8715]]]}},{"type":"Feature","properties":{"kind":"flood","area_km2":0.084,"conf":"low","date":"2026-10-04"},"geometry":{"type":"Polygon","coordinates":[[[101.8962,15.6766],[101.8965,15.6737],[101.8973,15.6737],[101.8976,15.6723],[101.899,15.6723],[101.8995,15.6728],[101.8996,15.6742],[101.8976,15.6742],[101.8974,15.6766],[101.8962,15.6766]]]}},{"type":"Feature","properties":{"kind":"flood","area_km2":0.083,"conf":"low","date":"2026-10-04"},"geometry":{"type":"Polygon","coordinates":[[[101.9033,15.2398],[101.9016,15.2396],[101.9016,15.2388],[101.9002,15.2385],[101.9005,15.2374],[101.9021,15.2374],[101.9024,15.2366],[101.9041,15.2376],[101.9035,15.2382],[101.9033,15.2398]]]}},{"type":"Feature","properties":{"kind":"flood","area_km2":0.08,"conf":"low","date":"2026-10-09"},"geometry":{"type":"Polygon","coordinates":[[[101.0889,15.1364],[101.0875,15.1348],[101.0858,15.1345],[101.088,15.1342],[101.088,15.1329],[101.0874,15.1329],[101.0877,15.1321],[101.0886,15.1321],[101.0886,15.134],[101.0891,15.1339],[101.0894,15.1331],[101.0902,15.1331],[101.0903,15.135],[101.0894,15.135],[101.0889,15.1364]]]}},{"type":"Feature","properties":{"kind":"flood","area_km2":0.078,"conf":"low","date":"2026-10-04"},"geometry":{"type":"Polygon","coordinates":[[[101.8793,15.2442],[101.8793,15.2426],[101.8774,15.2426],[101.8774,15.2434],[101.8757,15.2432],[101.876,15.2423],[101.8765,15.2423],[101.8765,15.2418],[101.8774,15.2415],[101.8779,15.2404],[101.8796,15.2407],[101.879,15.2409],[101.879,15.2423],[101.8796,15.2423],[101.8796,15.2436],[101.8802,15.2436],[101.8802,15.2442],[101.8793,15.2442]]]}},{"type":"Feature","properties":{"kind":"flood","area_km2":0.073,"conf":"low","date":"2026-10-04"},"geometry":{"type":"Polygon","coordinates":[[[101.8858,15.5901],[101.8857,15.5868],[101.8866,15.5868],[101.8866,15.5874],[101.8874,15.5874],[101.8874,15.5879],[101.888,15.5882],[101.888,15.5892],[101.8878,15.5901],[101.8858,15.5901]]]}},{"type":"Feature","properties":{"kind":"flood","area_km2":0.064,"conf":"low","date":"2026-10-09"},"geometry":{"type":"Polygon","coordinates":[[[101.0748,15.7416],[101.0748,15.7407],[101.0737,15.741],[101.0739,15.7399],[101.0781,15.7402],[101.0773,15.741],[101.0773,15.7415],[101.0748,15.7416]]]}},{"type":"Feature","properties":{"kind":"flood","area_km2":0.064,"conf":"low","date":"2026-10-09"},"geometry":{"type":"Polygon","coordinates":[[[101.08,15.6209],[101.0792,15.6201],[101.0791,15.619],[101.0822,15.619],[101.0822,15.6209],[101.08,15.6209]]]}},{"type":"Feature","properties":{"kind":"flood","area_km2":0.058,"conf":"low","date":"2026-10-04"},"geometry":{"type":"Polygon","coordinates":[[[101.8774,15.6509],[101.8774,15.6503],[101.8769,15.6504],[101.8771,15.6471],[101.8779,15.6471],[101.8782,15.6495],[101.8788,15.6495],[101.8788,15.6503],[101.8783,15.6509],[101.8774,15.6509]]]}},{"type":"Feature","properties":{"kind":"flood","area_km2":0.058,"conf":"low","date":"2026-10-09"},"geometry":{"type":"Polygon","coordinates":[[[101.0937,15.4505],[101.0914,15.4505],[101.0914,15.45],[101.0906,15.45],[101.0906,15.4486],[101.0914,15.4486],[101.0914,15.4497],[101.0917,15.4486],[101.0931,15.4486],[101.0937,15.4505]]]}},{"type":"Feature","properties":{"kind":"flood","area_km2":0.056,"conf":"low","date":"2026-10-09"},"geometry":{"type":"Polygon","coordinates":[[[101.0757,15.0105],[101.0756,15.0099],[101.074,15.0099],[101.0737,15.0083],[101.0748,15.0083],[101.0748,15.0088],[101.0751,15.0083],[101.0762,15.0083],[101.0765,15.0088],[101.077,15.0088],[101.077,15.0096],[101.0765,15.0096],[101.0757,15.0105]]]}},{"type":"Feature","properties":{"kind":"flood","area_km2":0.055,"conf":"low","date":"2026-10-04"},"geometry":{"type":"Polygon","coordinates":[[[101.8795,15.6563],[101.8792,15.6549],[101.878,15.6544],[101.878,15.6536],[101.8791,15.6533],[101.8791,15.6528],[101.88,15.6527],[101.8794,15.6547],[101.8803,15.6546],[101.8806,15.6563],[101.8795,15.6563]]]}},{"type":"Feature","properties":{"kind":"flood","area_km2":0.055,"conf":"low","date":"2026-10-04"},"geometry":{"type":"Polygon","coordinates":[[[101.8817,15.6151],[101.8817,15.6137],[101.8805,15.6137],[101.8814,15.6124],[101.8813,15.6115],[101.8819,15.6115],[101.8819,15.6124],[101.883,15.6123],[101.8836,15.6129],[101.8822,15.6142],[101.8822,15.6151],[101.8817,15.6151]]]}},{"type":"Feature","properties":{"kind":"flood","area_km2":0.054,"conf":"low","date":"2026-10-04"},"geometry":{"type":"Polygon","coordinates":[[[101.6018,15.6779],[101.6012,15.6766],[101.6006,15.6766],[101.6006,15.6758],[101.5995,15.676],[101.5995,15.6755],[101.5984,15.6758],[101.5984,15.6752],[101.6,15.6749],[101.6003,15.6755],[101.6023,15.6757],[101.6026,15.6779],[101.6018,15.6779]]]}},{"type":"Feature","properties":{"kind":"flood","area_km2":0.053,"conf":"low","date":"2026-10-09"},"geometry":{"type":"Polygon","coordinates":[[[101.0941,15.4654],[101.0944,15.4635],[101.0946,15.4643],[101.0974,15.4638],[101.0975,15.4654],[101.0941,15.4654]]]}},{"type":"Feature","properties":{"kind":"flood","area_km2":0.051,"conf":"low","date":"2026-10-04"},"geometry":{"type":"Polygon","coordinates":[[[101.8837,15.598],[101.8834,15.5953],[101.8839,15.5953],[101.8845,15.5942],[101.8856,15.595],[101.885,15.5952],[101.885,15.5966],[101.8845,15.5963],[101.8842,15.5969],[101.8842,15.598],[101.8837,15.598]]]}},{"type":"Feature","properties":{"kind":"flood","area_km2":0.051,"conf":"low","date":"2026-10-09"},"geometry":{"type":"Polygon","coordinates":[[[101.0813,15.0801],[101.0811,15.0795],[101.083,15.0795],[101.083,15.0787],[101.0836,15.0782],[101.0833,15.0765],[101.0838,15.076],[101.0838,15.0768],[101.0844,15.0773],[101.0844,15.0792],[101.0836,15.0801],[101.0813,15.0801]]]}},{"type":"Feature","properties":{"kind":"seasonal","area_km2":17.957,"date":"2026-10-09"},"geometry":{"type":"Polygon","coordinates":[[[101.0665,15.0715],[101.0659,15.0707],[101.0659,15.0694],[101.0648,15.0694],[101.0642,15.0686],[101.062,15.0675],[101.0606,15.0678],[101.0606,15.0662],[101.0595,15.0659],[101.0594,15.0643],[101.06,15.064],[101.0603,15.0621],[101.0594,15.0627],[101.0592,15.0643],[101.0583,15.0648],[101.0578,15.0662],[101.0572,15.0662],[101.0569,15.0638],[101.0575,15.064],[101.0575,15.0632],[101.0566,15.0629],[101.0566,15.0616],[101.0549,15.0611],[101.053,15.0611],[101.053,15.0605],[101.0521,15.06],[101.051,15.0603],[101.051,15.0614],[101.0496,15.0614],[101.0496,15.0619],[101.0485,15.0622],[101.0485,15.0628],[101.0469,15.063],[101.0469,15.0622],[101.0457,15.0622],[101.0457,15.0617],[101.0449,15.0612],[101.0443,15.0595],[101.0427,15.0598],[101.0418,15.059],[101.0404,15.059],[101.0399,15.0588],[101.0396,15.0574],[101.0396,15.059],[101.0387,15.0593],[101.0388,15.0601],[101.0382,15.0607],[101.0365,15.0604],[101.0368,15.0599],[101.036,15.0599],[101.0359,15.0583],[101.0365,15.0572],[101.0376,15.0566],[101.0376,15.0542],[101.0384,15.052],[101.037,15.0509],[101.037,15.0504],[101.0361,15.0496],[101.0342,15.0499],[101.0325,15.0491],[101.0311,15.0491],[101.0308,15.0499],[101.0292,15.0499],[101.0286,15.0491],[101.0253,15.0491],[101.0244,15.0505],[101.0208,15.0503],[101.0216,15.0462],[101.0197,15.0462],[101.0196,15.0451],[101.0202,15.0451],[101.0199,15.0438],[101.0193,15.0432],[101.0171,15.0427],[101.014,15.0397],[101.0135,15.04],[101.0129,15.0395],[101.0118,15.0395],[101.0118,15.039],[101.0109,15.039],[101.0106,15.0365],[101.0092,15.0365],[101.009,15.0357],[101.0076,15.0357],[101.0073,15.0352],[101.0067,15.0352],[101.0061,15.033],[101.0056,15.0325],[101.0055,15.0295],[101.0061,15.0282],[101.0094,15.0279],[101.0094,15.027],[101.01,15.027],[101.0108,15.026],[101.0128,15.0259],[101.0131,15.0273],[101.0139,15.0275],[101.0144,15.0265],[101.0136,15.0262],[101.0136,15.0248],[101.015,15.0248],[101.0153,15.0254],[101.0158,15.0254],[101.0158,15.0259],[101.0181,15.0262],[101.0189,15.0272],[101.0189,15.028],[101.0195,15.028],[101.0198,15.0289],[101.0209,15.0291],[101.0214,15.0283],[101.0248,15.028],[101.0259,15.0261],[101.0267,15.0253],[101.0275,15.0253],[101.0273,15.0242],[101.0267,15.0239],[101.0267,15.0217],[101.0258,15.0212],[101.0253,15.0199],[101.023,15.0183],[101.0224,15.0172],[101.0213,15.0169],[101.021,15.0158],[101.0177,15.0164],[101.0177,15.0172],[101.0172,15.0178],[101.0138,15.0181],[101.0138,15.0167],[101.0143,15.0159],[101.0124,15.0156],[101.0124,15.014],[101.0138,15.014],[101.0143,15.0145],[101.0143,15.0132],[101.0138,15.0129],[101.0135,15.0118],[101.0126,15.0118],[101.0123,15.0099],[101.0095,15.0094],[101.0095,15.0078],[101.0106,15.0075],[101.0095,15.0075],[101.0095,15.007],[101.009,15.007],[101.009,15.0092],[101.0079,15.0092],[101.0076,15.01],[101.0059,15.01],[101.0059,15.0089],[101.007,15.0075],[101.0067,15.0067],[101.0084,15.0051],[101.0101,15.0051],[101.0098,15.0032],[101.0106,15.0024],[101.0114,15.0024],[101.0123,15.0015],[101.0128,15.0018],[101.0136,15.0013],[101.0125,15.0007],[101.0125,14.9996],[101.0167,14.9996],[101.0164,15.0004],[101.0153,15.0004],[101.0153,15.001],[101.0148,15.001],[101.0145,15.0018],[101.0139,15.0018],[101.0148,15.0026],[101.0145,15.004],[101.0148,15.0045],[101.0154,15.0045],[101.0154,15.005],[101.0173,15.005],[101.017,15.0053],[101.0173,15.0058],[101.0201,15.0045],[101.0201,15.0053],[101.0229,15.005],[101.0243,15.006],[101.0251,15.006],[101.0249,15.009],[101.026,15.0093],[101.0254,15.0101],[101.0249,15.0101],[101.0257,15.0106],[101.0257,15.0123],[101.0252,15.0134],[101.0246,15.0134],[101.0246,15.0139],[101.0255,15.0144],[101.0252,15.0163],[101.0258,15.0163],[101.0258,15.0169],[101.0266,15.0171],[101.0278,15.0193],[101.0294,15.019],[101.0297,15.0206],[101.0308,15.0206],[101.0311,15.0201],[101.0322,15.0203],[101.0322,15.0198],[101.0328,15.0198],[101.0325,15.0187],[101.0331,15.019],[101.0331,15.0179],[101.0336,15.019],[101.0342,15.0187],[101.0347,15.0192],[101.0359,15.0192],[101.0361,15.0203],[101.0353,15.0203],[101.0353,15.0209],[101.0359,15.0211],[101.0362,15.0225],[101.0376,15.0235],[101.0376,15.0241],[101.0392,15.0241],[101.0386,15.0197],[101.0381,15.02],[101.0381,15.0176],[101.0386,15.0181],[101.0389,15.0165],[101.0378,15.0173],[101.0375,15.016],[101.0378,15.0151],[101.0381,15.0159],[101.0389,15.0159],[101.0389,15.0121],[101.04,15.0119],[101.0405,15.0124],[101.0405,15.0135],[101.0397,15.0138],[101.0397,15.0143],[101.0403,15.0143],[101.0403,15.0157],[101.0411,15.0173],[101.0417,15.0175],[101.0409,15.0184],[101.0406,15.02],[101.0407,15.0254],[101.0412,15.0265],[101.0401,15.027],[101.0401,15.0279],[101.0387,15.0281],[101.0387,15.029],[101.0382,15.0292],[101.0376,15.0292],[101.0373,15.0279],[101.0368,15.0282],[101.0368,15.0287],[101.034,15.0287],[101.0334,15.0295],[101.0329,15.0295],[101.0329,15.0287],[101.032,15.0277],[101.0298,15.0288],[101.0293,15.0299],[101.0267,15.0288],[101.0256,15.0299],[101.0242,15.0296],[101.0242,15.0302],[101.0251,15.0302],[101.0254,15.0307],[101.0237,15.0304],[101.0243,15.0313],[101.0231,15.031],[101.0229,15.0318],[101.0223,15.0318],[101.0226,15.0332],[101.0215,15.0332],[101.0215,15.0351],[101.0209,15.0351],[101.0215,15.0353],[101.0215,15.0359],[101.0226,15.0351],[101.0229,15.0342],[101.0234,15.0342],[101.024,15.035],[101.0248,15.035],[101.0249,15.0359],[101.0243,15.0359],[101.024,15.0367],[101.0229,15.0364],[101.0221,15.0372],[101.0221,15.0378],[101.0215,15.0378],[101.0215,15.0383],[101.0224,15.0383],[101.0232,15.0391],[101.0227,15.0413],[101.0238,15.0421],[101.0241,15.0429],[101.0249,15.0432],[101.0252,15.0464],[101.0263,15.0461],[101.0266,15.0472],[101.0283,15.0472],[101.0291,15.0464],[101.0316,15.0461],[101.0316,15.0456],[101.0341,15.045],[101.0344,15.0444],[101.0375,15.0439],[101.0383,15.0441],[101.0383,15.0447],[101.0394,15.0444],[101.0408,15.0455],[101.0422,15.0455],[101.0422,15.0465],[101.0428,15.0471],[101.045,15.0468],[101.0459,15.0471],[101.0459,15.0476],[101.0464,15.0476],[101.0467,15.047],[101.0481,15.047],[101.0484,15.0465],[101.0489,15.0465],[101.0492,15.047],[101.0498,15.047],[101.0495,15.0476],[101.0503,15.0476],[101.0501,15.0489],[101.0506,15.0489],[101.0506,15.0494],[101.0515,15.0497],[101.0518,15.0486],[101.0512,15.0481],[101.0512,15.0462],[101.0517,15.0456],[101.0526,15.0456],[101.0526,15.0448],[101.0534,15.0443],[101.0534,15.0429],[101.0514,15.0427],[101.0514,15.0421],[101.052,15.0418],[101.0511,15.0413],[101.0514,15.0408],[101.0506,15.0397],[101.0505,15.0389],[101.05,15.0389],[101.0503,15.0373],[101.0491,15.0356],[101.05,15.0354],[101.0499,15.0335],[101.0485,15.0335],[101.0494,15.0327],[101.0496,15.0305],[101.0485,15.03],[101.0485,15.0294],[101.0479,15.0291],[101.0479,15.0275],[101.0474,15.0273],[101.0476,15.0256],[101.0465,15.0254],[101.0465,15.0245],[101.0476,15.0248],[101.0479,15.0243],[101.0457,15.0243],[101.0462,15.0237],[101.0484,15.0237],[101.0493,15.0243],[101.0493,15.0232],[101.0498,15.0232],[101.0501,15.024],[101.0496,15.0245],[101.049,15.0264],[101.0485,15.0264],[101.0482,15.0278],[101.0496,15.0283],[101.0499,15.0291],[101.0524,15.0288],[101.053,15.0305],[101.0538,15.0307],[101.0538,15.0329],[101.0547,15.0345],[101.0547,15.0367],[101.0556,15.0375],[101.0561,15.0375],[101.057,15.0391],[101.0584,15.0396],[101.0578,15.0391],[101.0578,15.0383],[101.0572,15.0377],[101.0567,15.038],[101.0564,15.0364],[101.0578,15.0369],[101.0578,15.0375],[101.0586,15.038],[101.0586,15.0391],[101.0595,15.0393],[101.0617,15.0415],[101.0617,15.0428],[101.0643,15.0436],[101.0637,15.0445],[101.0615,15.0456],[101.0615,15.0461],[101.0601,15.0464],[101.0596,15.0472],[101.0584,15.0475],[101.0584,15.0483],[101.0579,15.0483],[101.0579,15.0488],[101.0573,15.0491],[101.0579,15.0505],[101.0587,15.0505],[101.059,15.0496],[101.0601,15.0499],[101.0601,15.0504],[101.061,15.0507],[101.0613,15.0502],[101.0626,15.0499],[101.0626,15.0491],[101.0648,15.0469],[101.0657,15.0469],[101.0662,15.0463],[101.0685,15.0463],[101.0693,15.046],[101.0693,15.0455],[101.0707,15.0452],[101.0715,15.0455],[101.0715,15.046],[101.0724,15.0465],[101.0724,15.0476],[101.0735,15.0479],[101.0749,15.0498],[101.0797,15.0505],[101.078,15.0508],[101.0777,15.0527],[101.0763,15.0536],[101.0761,15.0563],[101.0747,15.0563],[101.0744,15.0555],[101.0739,15.0555],[101.0739,15.0563],[101.0727,15.0563],[101.0719,15.0555],[101.0708,15.056],[101.0708,15.0569],[101.0725,15.0577],[101.0728,15.0585],[101.0722,15.0585],[101.0719,15.0579],[101.0714,15.0579],[101.0714,15.0574],[101.0697,15.0566],[101.0691,15.0588],[101.0697,15.0588],[101.0703,15.0598],[101.0708,15.0598],[101.0708,15.0588],[101.0714,15.0585],[101.0717,15.0593],[101.0733,15.0593],[101.0733,15.0604],[101.0739,15.0604],[101.0739,15.0593],[101.0742,15.0604],[101.0747,15.0603],[101.075,15.0593],[101.0767,15.0592],[101.0766,15.0557],[101.0783,15.0535],[101.0797,15.0535],[101.0797,15.053],[101.0814,15.053],[101.0817,15.0538],[101.083,15.0538],[101.083,15.0532],[101.0825,15.0532],[101.0819,15.0524],[101.08,15.0522],[101.0802,15.0508],[101.0816,15.0508],[101.0822,15.0519],[101.0827,15.0519],[101.0827,15.0513],[101.0844,15.0513],[101.085,15.0521],[101.0861,15.0524],[101.0861,15.0529],[101.0867,15.0526],[101.0864,15.0543],[101.0836,15.054],[101.0847,15.0562],[101.0861,15.0573],[101.0862,15.0581],[101.0873,15.0583],[101.0873,15.0597],[101.0862,15.0611],[101.0865,15.0621],[101.0856,15.0624],[101.0856,15.0632],[101.0837,15.0643],[101.0843,15.0665],[101.0834,15.0665],[101.0832,15.0676],[101.0804,15.0673],[101.0804,15.0668],[101.0798,15.0665],[101.0793,15.0679],[101.074,15.0688],[101.0734,15.0693],[101.072,15.0693],[101.0715,15.0699],[101.0665,15.0715]],[[101.0662,15.0694],[101.0681,15.0691],[101.067,15.0685],[101.067,15.0672],[101.0695,15.0669],[101.0698,15.0664],[101.0723,15.0658],[101.074,15.0658],[101.0742,15.0669],[101.0726,15.0677],[101.0687,15.0683],[101.0684,15.0688],[101.0743,15.0679],[101.0748,15.0674],[101.0745,15.0652],[101.0728,15.065],[101.0723,15.0655],[101.0706,15.0655],[101.0701,15.0661],[101.0664,15.0667],[101.0662,15.0694]],[[101.0768,15.0663],[101.077,15.0668],[101.077,15.0663],[101.0768,15.0663]],[[101.06,15.0654],[101.0603,15.0656],[101.0603,15.0654],[101.06,15.0654]],[[101.0606,15.0651],[101.0611,15.0651],[101.0611,15.064],[101.0608,15.064],[101.0606,15.0651]],[[101.0611,15.0637],[101.0614,15.064],[101.0614,15.0637],[101.0611,15.0637]],[[101.0572,15.0624],[101.0575,15.0627],[101.0575,15.0624],[101.0572,15.0624]],[[101.0608,15.0624],[101.0611,15.0626],[101.0611,15.0624],[101.0608,15.0624]],[[101.0611,15.0602],[101.0614,15.0613],[101.0613,15.0602],[101.0611,15.0602]],[[101.0613,15.058],[101.0616,15.0594],[101.0616,15.058],[101.0613,15.058]],[[101.0636,15.0594],[101.065,15.0593],[101.065,15.0591],[101.0638,15.0585],[101.0633,15.0588],[101.0636,15.0594]],[[101.058,15.0586],[101.0588,15.0583],[101.058,15.0572],[101.0577,15.0553],[101.0549,15.0548],[101.0554,15.0554],[101.0571,15.0556],[101.0574,15.0581],[101.058,15.0586]],[[101.0627,15.0586],[101.0655,15.058],[101.0658,15.0561],[101.0649,15.0558],[101.0649,15.055],[101.0638,15.0564],[101.0644,15.0572],[101.0627,15.0564],[101.0627,15.0586]],[[101.0769,15.0571],[101.0775,15.0571],[101.0775,15.0568],[101.0769,15.0565],[101.0769,15.0571]],[[101.0613,15.0545],[101.0616,15.0561],[101.0616,15.0545],[101.0613,15.0545]],[[101.0686,15.0558],[101.0694,15.0555],[101.0691,15.0547],[101.0683,15.0553],[101.0686,15.0558]],[[101.075,15.0557],[101.0758,15.0555],[101.0758,15.0538],[101.0749,15.053],[101.0749,15.0522],[101.0727,15.052],[101.0727,15.0536],[101.0747,15.0547],[101.075,15.0557]],[[101.0543,15.0551],[101.0546,15.0554],[101.0546,15.0551],[101.0543,15.0551]],[[101.0705,15.055],[101.0711,15.0552],[101.0711,15.055],[101.0705,15.055]],[[101.0711,15.055],[101.0722,15.0552],[101.0725,15.0544],[101.0713,15.0541],[101.0711,15.055]],[[101.0666,15.0531],[101.0696,15.0531],[101.0696,15.0525],[101.0713,15.052],[101.0713,15.0509],[101.0707,15.0509],[101.0705,15.0495],[101.0693,15.0498],[101.0682,15.0482],[101.0677,15.0482],[101.0677,15.049],[101.0688,15.0501],[101.0688,15.0512],[101.068,15.0512],[101.068,15.052],[101.0677,15.052],[101.0677,15.0523],[101.0666,15.0523],[101.0666,15.0531]],[[101.061,15.0532],[101.0616,15.0531],[101.0616,15.0526],[101.061,15.0526],[101.061,15.0532]],[[101.0649,15.0523],[101.0666,15.052],[101.0674,15.0512],[101.0671,15.0501],[101.066,15.0496],[101.066,15.0485],[101.0654,15.048],[101.0637,15.0482],[101.0635,15.0488],[101.0635,15.0496],[101.0643,15.0499],[101.0643,15.0507],[101.0649,15.0512],[101.0657,15.0512],[101.0657,15.0518],[101.0652,15.0518],[101.0649,15.0523]],[[101.0674,15.0515],[101.0677,15.052],[101.0677,15.0515],[101.0674,15.0515]],[[101.0604,15.0513],[101.0607,15.0518],[101.0607,15.0513],[101.0604,15.0513]],[[101.0529,15.0502],[101.0532,15.0505],[101.0532,15.0502],[101.0529,15.0502]],[[101.0409,15.0504],[101.042,15.0503],[101.042,15.0495],[101.0403,15.0495],[101.0409,15.0504]],[[101.0239,15.0486],[101.025,15.0486],[101.025,15.0481],[101.0233,15.0478],[101.0239,15.0486]],[[101.0392,15.0474],[101.0398,15.0479],[101.04,15.0474],[101.0392,15.0474]],[[101.049,15.0473],[101.0492,15.0476],[101.0492,15.0473],[101.049,15.0473]],[[101.0241,15.0475],[101.0255,15.0475],[101.0258,15.047],[101.0255,15.0467],[101.0236,15.0467],[101.0241,15.0475]],[[101.023,15.0464],[101.0236,15.0467],[101.0236,15.0464],[101.023,15.0464]],[[101.0219,15.0462],[101.0222,15.0465],[101.0222,15.0462],[101.0219,15.0462]],[[101.0241,15.0462],[101.0247,15.0462],[101.0247,15.0456],[101.0241,15.0456],[101.0241,15.0462]],[[101.0241,15.0445],[101.0244,15.0453],[101.0244,15.0445],[101.0241,15.0445]],[[101.0612,15.0442],[101.0615,15.0445],[101.0615,15.0442],[101.0612,15.0442]],[[101.0615,15.0439],[101.0623,15.0439],[101.0623,15.0434],[101.0615,15.0434],[101.0615,15.0439]],[[101.0514,15.0408],[101.0517,15.0402],[101.0525,15.0402],[101.0525,15.0394],[101.0514,15.04],[101.0514,15.0408]],[[101.021,15.0383],[101.0215,15.0386],[101.0215,15.0383],[101.021,15.0383]],[[101.0106,15.0365],[101.0112,15.0362],[101.0112,15.0349],[101.0117,15.0341],[101.0117,15.0327],[101.0111,15.0316],[101.0106,15.0365]],[[101.0201,15.0359],[101.0204,15.0362],[101.0204,15.0359],[101.0201,15.0359]],[[101.0204,15.0356],[101.0207,15.0359],[101.0207,15.0356],[101.0204,15.0356]],[[101.0087,15.0349],[101.0089,15.0352],[101.0089,15.0349],[101.0087,15.0349]],[[101.0209,15.0326],[101.0223,15.0326],[101.0223,15.0324],[101.0218,15.0324],[101.0217,15.0318],[101.0209,15.0316],[101.0209,15.0326]],[[101.0198,15.0324],[101.0204,15.0324],[101.0204,15.0318],[101.0198,15.0318],[101.0198,15.0324]],[[101.0337,15.0268],[101.0345,15.026],[101.0334,15.0211],[101.0331,15.026],[101.0337,15.0268]],[[101.0348,15.0222],[101.0356,15.0225],[101.0356,15.0222],[101.0348,15.0222]],[[101.0303,15.0212],[101.0306,15.022],[101.0306,15.0212],[101.0303,15.0212]],[[101.0292,15.0206],[101.0294,15.0201],[101.0289,15.0198],[101.0289,15.0204],[101.0292,15.0206]],[[101.0334,15.0203],[101.0339,15.0206],[101.0339,15.0203],[101.0334,15.0203]],[[101.0283,15.0196],[101.0286,15.0198],[101.0286,15.0196],[101.0283,15.0196]],[[101.0292,15.0196],[101.0294,15.0198],[101.0294,15.0195],[101.0292,15.0196]],[[101.0171,15.014],[101.018,15.0142],[101.018,15.014],[101.0171,15.014]],[[101.014,15.0107],[101.0146,15.0105],[101.0146,15.0099],[101.014,15.0099],[101.014,15.0107]],[[101.021,15.0093],[101.0224,15.0093],[101.0229,15.0082],[101.021,15.0082],[101.021,15.0093]],[[101.0146,15.0083],[101.0148,15.0091],[101.0154,15.0083],[101.0146,15.0083]],[[101.0109,15.0056],[101.0115,15.0059],[101.0115,15.0056],[101.0109,15.0056]],[[101.0103,15.0045],[101.0109,15.0045],[101.0109,15.004],[101.01,15.0035],[101.0103,15.0045]],[[101.0114,15.0032],[101.012,15.0032],[101.012,15.0029],[101.0114,15.0026],[101.0114,15.0032]],[[101.0137,15.0023],[101.0139,15.0026],[101.0139,15.0023],[101.0137,15.0023]]]}},{"type":"Feature","properties":{"kind":"seasonal","area_km2":6.013,"date":"2026-10-09"},"geometry":{"type":"Polygon","coordinates":[[[101.0601,15.0496],[101.0604,15.0469],[101.0629,15.0461],[101.0629,15.0455],[101.064,15.0453],[101.0651,15.0436],[101.0645,15.0428],[101.0634,15.0428],[101.0631,15.0417],[101.0614,15.0407],[101.0623,15.0404],[101.0631,15.0415],[101.0637,15.0412],[101.0634,15.0407],[101.0628,15.0407],[101.0628,15.0393],[101.062,15.0385],[101.062,15.038],[101.0606,15.038],[101.06,15.0393],[101.0595,15.038],[101.0586,15.0377],[101.0586,15.0369],[101.0575,15.0366],[101.0572,15.0353],[101.0561,15.0342],[101.0561,15.0312],[101.0555,15.0312],[101.056,15.031],[101.056,15.0302],[101.0541,15.0296],[101.0541,15.0291],[101.0546,15.0291],[101.0543,15.0261],[101.0538,15.0256],[101.0515,15.0253],[101.051,15.0275],[101.0499,15.0278],[101.0499,15.0261],[101.0507,15.0261],[101.0515,15.0242],[101.0532,15.0248],[101.0526,15.0237],[101.0543,15.0242],[101.0543,15.0234],[101.0549,15.0228],[101.0571,15.0242],[101.0574,15.0255],[101.0582,15.0261],[101.0582,15.0269],[101.0591,15.0269],[101.0591,15.0258],[101.0571,15.0234],[101.0571,15.0228],[101.0551,15.0218],[101.0532,15.0223],[101.0532,15.0229],[101.0468,15.0224],[101.044,15.0227],[101.0434,15.0229],[101.0429,15.0246],[101.0418,15.0246],[101.0418,15.0238],[101.0426,15.0238],[101.0426,15.0224],[101.0431,15.0224],[101.0431,15.0213],[101.044,15.021],[101.044,15.0219],[101.0448,15.0219],[101.0448,15.0213],[101.0456,15.021],[101.0459,15.0202],[101.0465,15.0202],[101.0462,15.0197],[101.047,15.0197],[101.0478,15.0178],[101.0478,15.0159],[101.0461,15.0151],[101.0461,15.014],[101.045,15.0134],[101.0447,15.0126],[101.0461,15.0124],[101.0467,15.0137],[101.0489,15.0142],[101.0489,15.0153],[101.0495,15.0156],[101.0492,15.0177],[101.0498,15.0188],[101.0504,15.0188],[101.0503,15.018],[101.0512,15.018],[101.0517,15.0175],[101.0517,15.0188],[101.0529,15.0191],[101.054,15.0185],[101.0548,15.0166],[101.0567,15.0169],[101.057,15.0163],[101.0587,15.0163],[101.0584,15.0158],[101.0606,15.0152],[101.0609,15.0163],[101.062,15.0165],[101.0621,15.0195],[101.0629,15.0192],[101.0635,15.0206],[101.0643,15.0211],[101.0643,15.0222],[101.0649,15.0222],[101.0643,15.0233],[101.0635,15.0233],[101.0632,15.0239],[101.0632,15.0244],[101.0646,15.0244],[101.0649,15.0255],[101.0638,15.026],[101.0638,15.0266],[101.0627,15.0266],[101.063,15.0274],[101.0641,15.0276],[101.0641,15.0271],[101.0647,15.0271],[101.0649,15.0257],[101.0677,15.026],[101.0677,15.0254],[101.0685,15.0254],[101.0683,15.0249],[101.0694,15.0249],[101.0694,15.0241],[101.0705,15.0235],[101.0702,15.0219],[101.0716,15.0219],[101.0716,15.02],[101.0721,15.02],[101.0721,15.0192],[101.0732,15.0186],[101.0732,15.0181],[101.0727,15.0181],[101.0732,15.0178],[101.0732,15.0173],[101.0727,15.0173],[101.0726,15.0162],[101.0732,15.0162],[101.0726,15.0159],[101.0732,15.0156],[101.0726,15.0146],[101.0735,15.0145],[101.074,15.0159],[101.0743,15.0135],[101.0709,15.0119],[101.0706,15.0105],[101.0712,15.01],[101.0709,15.0089],[101.0714,15.0081],[101.0711,15.0056],[101.0717,15.0053],[101.072,15.004],[101.0734,15.0034],[101.0733,15.0029],[101.0747,15.0029],[101.0753,15.004],[101.0759,15.0039],[101.0761,15.0029],[101.0764,15.0042],[101.075,15.0042],[101.075,15.0048],[101.0756,15.0048],[101.0764,15.0058],[101.0762,15.0083],[101.0737,15.0083],[101.0737,15.0088],[101.074,15.0099],[101.0756,15.0099],[101.0757,15.0107],[101.0751,15.0113],[101.0751,15.0126],[101.076,15.0142],[101.0757,15.0156],[101.0774,15.0159],[101.0774,15.0172],[101.0766,15.0175],[101.0766,15.018],[101.0777,15.0183],[101.0777,15.0178],[101.0788,15.0177],[101.0791,15.0188],[101.0785,15.0194],[101.0785,15.0205],[101.0774,15.0205],[101.0774,15.0191],[101.0769,15.0191],[101.0769,15.021],[101.0774,15.0213],[101.0772,15.0226],[101.0719,15.023],[101.072,15.0322],[101.0742,15.0332],[101.0737,15.0416],[101.0751,15.0422],[101.0751,15.0443],[101.0765,15.0443],[101.0768,15.0454],[101.0774,15.0457],[101.0774,15.0465],[101.076,15.0471],[101.076,15.0479],[101.0755,15.0484],[101.0749,15.0481],[101.0749,15.0476],[101.0741,15.0476],[101.0738,15.0468],[101.0724,15.0465],[101.0724,15.0457],[101.0729,15.0455],[101.0729,15.0441],[101.071,15.0441],[101.071,15.0449],[101.0699,15.0449],[101.0696,15.0444],[101.069,15.0444],[101.0685,15.0455],[101.0673,15.0452],[101.0668,15.0455],[101.0668,15.0461],[101.0657,15.0461],[101.0646,15.0469],[101.0637,15.0469],[101.0621,15.048],[101.0612,15.0496],[101.0601,15.0496]],[[101.0615,15.0483],[101.0621,15.0477],[101.0612,15.0475],[101.0612,15.048],[101.0615,15.0483]],[[101.0735,15.0457],[101.0738,15.0463],[101.0738,15.0457],[101.0735,15.0457]],[[101.0723,15.0373],[101.0726,15.0376],[101.0726,15.0373],[101.0723,15.0373]],[[101.0597,15.0369],[101.0605,15.0347],[101.0602,15.0312],[101.0597,15.0309],[101.0597,15.0304],[101.0591,15.0304],[101.0591,15.0296],[101.0583,15.029],[101.0583,15.0282],[101.0574,15.0272],[101.0555,15.0274],[101.0549,15.0283],[101.0555,15.0299],[101.0569,15.0299],[101.056,15.0291],[101.056,15.0283],[101.0571,15.0282],[101.0569,15.0291],[101.058,15.0296],[101.0583,15.0315],[101.0572,15.0315],[101.0577,15.0301],[101.0569,15.0301],[101.0569,15.0312],[101.0563,15.0307],[101.0566,15.0329],[101.0577,15.0323],[101.0577,15.0337],[101.0586,15.0339],[101.0578,15.0347],[101.0586,15.0353],[101.0589,15.0361],[101.0594,15.0361],[101.0597,15.0369]],[[101.0572,15.0329],[101.0575,15.0334],[101.0575,15.0329],[101.0572,15.0329]],[[101.0647,15.0301],[101.065,15.0303],[101.065,15.0301],[101.0647,15.0301]],[[101.0655,15.0282],[101.0658,15.0287],[101.0658,15.0282],[101.0655,15.0282]],[[101.0504,15.0264],[101.0507,15.0267],[101.0507,15.0264],[101.0504,15.0264]],[[101.0655,15.026],[101.0663,15.0263],[101.0663,15.026],[101.0655,15.026]],[[101.0549,15.0261],[101.0566,15.0261],[101.056,15.0247],[101.0552,15.0247],[101.0549,15.0261]],[[101.0481,15.0191],[101.0484,15.0194],[101.0484,15.0191],[101.0481,15.0191]],[[101.0484,15.0188],[101.049,15.0191],[101.049,15.0188],[101.0484,15.0188]],[[101.076,15.0172],[101.0763,15.0175],[101.0763,15.0172],[101.076,15.0172]],[[101.0757,15.017],[101.076,15.0172],[101.076,15.017],[101.0757,15.017]],[[101.0752,15.0167],[101.0757,15.0167],[101.0757,15.0156],[101.0751,15.0159],[101.0752,15.0167]],[[101.0748,15.0064],[101.0751,15.0067],[101.0751,15.0064],[101.0748,15.0064]],[[101.0745,15.005],[101.0748,15.0053],[101.0748,15.005],[101.0745,15.005]],[[101.0736,15.0032],[101.0739,15.0037],[101.0739,15.0032],[101.0736,15.0032]]]}},{"type":"Feature","properties":{"kind":"seasonal","area_km2":5.663,"date":"2026-10-04"},"geometry":{"type":"Polygon","coordinates":[[[101.8951,15.2551],[101.8951,15.2546],[101.894,15.2538],[101.8934,15.2511],[101.8926,15.2508],[101.8928,15.2494],[101.892,15.2495],[101.892,15.2484],[101.8903,15.2487],[101.8903,15.2497],[101.8914,15.2497],[101.8914,15.2511],[101.8906,15.2511],[101.89,15.25],[101.8881,15.2495],[101.8875,15.2484],[101.888,15.2476],[101.888,15.246],[101.8897,15.246],[101.89,15.247],[101.8905,15.247],[101.8905,15.2465],[101.8911,15.2462],[101.8911,15.2443],[101.8894,15.2441],[101.8894,15.243],[101.8883,15.243],[101.888,15.2419],[101.8902,15.2416],[101.8908,15.2422],[101.8913,15.2419],[101.8913,15.2413],[101.8896,15.2405],[101.8874,15.2411],[101.8832,15.2409],[101.8832,15.2395],[101.8846,15.2384],[101.8854,15.2384],[101.8843,15.2382],[101.8843,15.2365],[101.8851,15.236],[101.884,15.236],[101.884,15.2349],[101.8845,15.2346],[101.8845,15.2341],[101.8856,15.2335],[101.8856,15.233],[101.8864,15.2322],[101.8875,15.2319],[101.8867,15.2308],[101.885,15.2308],[101.885,15.2298],[101.8864,15.2297],[101.8864,15.2278],[101.8878,15.2278],[101.8878,15.2273],[101.8883,15.2273],[101.8886,15.2267],[101.8897,15.2267],[101.8897,15.2262],[101.8891,15.2262],[101.8891,15.2256],[101.8886,15.2257],[101.8877,15.2246],[101.8866,15.2246],[101.8863,15.2241],[101.883,15.2241],[101.8821,15.2238],[101.8818,15.2225],[101.8804,15.2225],[101.8804,15.2209],[101.8824,15.2209],[101.8827,15.2214],[101.8846,15.2219],[101.8866,15.2216],[101.8871,15.223],[101.8902,15.2232],[101.8905,15.2221],[101.8896,15.2221],[101.8891,15.2213],[101.8896,15.2186],[101.8893,15.2178],[101.8901,15.2175],[101.8918,15.2175],[101.8921,15.218],[101.8932,15.218],[101.8935,15.2191],[101.8946,15.2193],[101.8949,15.2199],[101.8969,15.2201],[101.8974,15.2204],[101.8974,15.2209],[101.8983,15.2209],[101.8986,15.2215],[101.8994,15.2214],[101.9008,15.2225],[101.9022,15.2228],[101.9025,15.2233],[101.9033,15.2233],[101.9036,15.2238],[101.905,15.2241],[101.9053,15.2246],[101.9061,15.2246],[101.9062,15.2252],[101.9084,15.2262],[101.9081,15.2278],[101.9093,15.2276],[101.909,15.2303],[101.9085,15.2303],[101.9085,15.2308],[101.9074,15.2319],[101.9068,15.2338],[101.906,15.2346],[101.9035,15.2344],[101.9035,15.2352],[101.9049,15.2352],[101.9044,15.2374],[101.9033,15.2374],[101.9032,15.2368],[101.9024,15.2366],[101.9021,15.2374],[101.9005,15.2374],[101.9002,15.2388],[101.9016,15.2388],[101.9016,15.2398],[101.9,15.2415],[101.8986,15.2418],[101.8986,15.2434],[101.9,15.2434],[101.8998,15.2475],[101.8989,15.2483],[101.8998,15.2485],[101.8998,15.2496],[101.8981,15.2502],[101.8981,15.251],[101.8973,15.2513],[101.8973,15.2524],[101.8965,15.2524],[101.8965,15.2518],[101.8959,15.2518],[101.8957,15.2535],[101.8962,15.2537],[101.8962,15.2551],[101.8951,15.2551]],[[101.8973,15.2491],[101.8976,15.2494],[101.8976,15.2491],[101.8973,15.2491]],[[101.8964,15.2489],[101.8967,15.2491],[101.8967,15.2488],[101.8964,15.2489]],[[101.8975,15.2483],[101.8981,15.2483],[101.8981,15.2475],[101.8975,15.2478],[101.8975,15.2483]],[[101.886,15.2406],[101.8863,15.2409],[101.8863,15.2406],[101.886,15.2406]],[[101.8863,15.2403],[101.8866,15.2406],[101.8865,15.2403],[101.8863,15.2403]],[[101.8846,15.2401],[101.8854,15.2401],[101.8854,15.2398],[101.8843,15.2395],[101.8846,15.2401]],[[101.8868,15.24],[101.8874,15.24],[101.8871,15.2392],[101.8868,15.2392],[101.8868,15.24]],[[101.8988,15.2399],[101.8991,15.2399],[101.8991,15.2393],[101.8999,15.2388],[101.8991,15.2388],[101.8988,15.2399]],[[101.8857,15.2384],[101.886,15.239],[101.8862,15.2384],[101.8857,15.2384]],[[101.8904,15.2384],[101.8918,15.2381],[101.8915,15.2362],[101.8921,15.2359],[101.8915,15.2359],[101.8912,15.2354],[101.8904,15.2362],[101.8901,15.2373],[101.8887,15.2373],[101.8887,15.2378],[101.8899,15.2378],[101.8904,15.2384]],[[101.8868,15.2357],[101.887,15.236],[101.887,15.2357],[101.8868,15.2357]],[[101.894,15.2356],[101.8949,15.2353],[101.8948,15.2342],[101.8943,15.234],[101.8937,15.2345],[101.894,15.2356]],[[101.887,15.2354],[101.8893,15.2351],[101.8895,15.2346],[101.8876,15.2343],[101.887,15.2346],[101.887,15.2354]],[[101.9007,15.2352],[101.9013,15.2344],[101.901,15.2333],[101.9007,15.2334],[101.9007,15.2352]],[[101.8901,15.2343],[101.8909,15.2346],[101.8909,15.234],[101.8901,15.2343]],[[101.8923,15.234],[101.8926,15.2343],[101.8926,15.234],[101.8923,15.234]],[[101.8918,15.234],[101.8923,15.234],[101.8923,15.2332],[101.892,15.2332],[101.8918,15.234]],[[101.9012,15.2333],[101.9015,15.2336],[101.9015,15.2333],[101.9012,15.2333]],[[101.9009,15.232],[101.9015,15.2331],[101.9015,15.232],[101.9009,15.232]],[[101.8973,15.2329],[101.899,15.2323],[101.899,15.2299],[101.8984,15.2299],[101.8979,15.2307],[101.897,15.2307],[101.8968,15.2323],[101.8973,15.2323],[101.8973,15.2329]],[[101.8898,15.2316],[101.8901,15.2321],[101.8901,15.2316],[101.8898,15.2316]],[[101.9015,15.232],[101.9029,15.232],[101.9032,15.2312],[101.9045,15.2301],[101.904,15.2295],[101.904,15.2287],[101.9054,15.2281],[101.9054,15.2295],[101.9062,15.2295],[101.9062,15.2276],[101.9067,15.2273],[101.9067,15.2268],[101.9053,15.2249],[101.9042,15.2249],[101.9025,15.2241],[101.902,15.2244],[101.902,15.2258],[101.9034,15.2257],[101.9034,15.2265],[101.9042,15.2265],[101.9042,15.2273],[101.9031,15.2276],[101.9031,15.2293],[101.9023,15.2293],[101.9029,15.2295],[101.9029,15.2306],[101.9023,15.2306],[101.9015,15.2314],[101.9015,15.232]],[[101.9048,15.2306],[101.9051,15.2311],[101.9051,15.2306],[101.9048,15.2306]],[[101.8912,15.23],[101.892,15.2299],[101.8917,15.2289],[101.8909,15.2291],[101.8912,15.23]],[[101.9067,15.2279],[101.9073,15.2278],[101.9076,15.227],[101.907,15.227],[101.9067,15.2279]],[[101.8961,15.2261],[101.8967,15.2258],[101.8967,15.225],[101.8972,15.2247],[101.8964,15.2247],[101.8961,15.2261]],[[101.9009,15.2258],[101.9011,15.226],[101.9011,15.2258],[101.9009,15.2258]],[[101.9008,15.225],[101.9017,15.2252],[101.9017,15.2249],[101.9008,15.225]],[[101.895,15.225],[101.8961,15.2247],[101.8964,15.2234],[101.8952,15.2234],[101.8953,15.2245],[101.8944,15.2245],[101.895,15.225]],[[101.8992,15.2247],[101.8997,15.225],[101.8997,15.2247],[101.8992,15.2247]],[[101.8972,15.2247],[101.8992,15.2247],[101.8992,15.2242],[101.8975,15.2239],[101.8972,15.2247]],[[101.9003,15.2239],[101.9008,15.2239],[101.9008,15.2233],[101.9,15.2233],[101.9003,15.2239]],[[101.8852,15.2233],[101.8855,15.2235],[101.8855,15.2233],[101.8852,15.2233]],[[101.8969,15.2231],[101.8972,15.2226],[101.8966,15.2223],[101.8966,15.2228],[101.8969,15.2231]],[[101.8991,15.2225],[101.8994,15.2228],[101.8994,15.2225],[101.8991,15.2225]]]}},{"type":"Feature","properties":{"kind":"seasonal","area_km2":3.984,"date":"2026-10-09"},"geometry":{"type":"Polygon","coordinates":[[[101.3666,15.4456],[101.3661,15.444],[101.3647,15.4443],[101.3647,15.4448],[101.3627,15.4446],[101.3627,15.4451],[101.3616,15.4451],[101.3613,15.444],[101.3611,15.4454],[101.3585,15.4454],[101.3585,15.4449],[101.3591,15.4449],[101.3591,15.4441],[101.3568,15.4438],[101.3568,15.4425],[101.356,15.4425],[101.356,15.4433],[101.3554,15.4436],[101.3543,15.4433],[101.354,15.4419],[101.3551,15.4398],[101.3588,15.4405],[101.3593,15.4413],[101.3607,15.4411],[101.3613,15.44],[101.361,15.4386],[101.3615,15.4381],[101.3618,15.4364],[101.3607,15.4362],[101.3593,15.437],[101.359,15.4384],[101.3579,15.4381],[101.357,15.437],[101.3556,15.4365],[101.3551,15.4354],[101.3531,15.4346],[101.3531,15.4336],[101.3545,15.4335],[101.3548,15.4341],[101.3562,15.4341],[101.357,15.4349],[101.3581,15.4349],[101.3581,15.4335],[101.357,15.4324],[101.3564,15.4305],[101.3553,15.43],[101.355,15.4289],[101.3527,15.427],[101.3488,15.4268],[101.3471,15.4252],[101.3446,15.4247],[101.3446,15.4236],[101.3463,15.4239],[101.3477,15.4228],[101.3477,15.4222],[101.3488,15.4219],[101.349,15.4203],[101.3482,15.4192],[101.3482,15.4182],[101.3501,15.4181],[101.3499,15.4195],[101.3504,15.42],[101.3515,15.4197],[101.3515,15.4173],[101.3507,15.417],[101.3509,15.416],[101.3532,15.4159],[101.3532,15.4167],[101.3554,15.4173],[101.3568,15.4186],[101.3596,15.4199],[101.3624,15.4199],[101.3647,15.4193],[101.3655,15.4199],[101.3644,15.4201],[101.365,15.4212],[101.3672,15.4217],[101.3669,15.4223],[101.3664,15.4223],[101.3664,15.4228],[101.365,15.4229],[101.365,15.4223],[101.3639,15.4223],[101.3639,15.4215],[101.3619,15.4215],[101.3619,15.4204],[101.3591,15.4205],[101.3591,15.4199],[101.3588,15.4205],[101.3571,15.4205],[101.3563,15.42],[101.3557,15.4202],[101.3563,15.4213],[101.3561,15.4238],[101.3566,15.4238],[101.3566,15.4243],[101.3558,15.4243],[101.3558,15.4246],[101.3566,15.4246],[101.3572,15.4251],[101.3555,15.4251],[101.3555,15.4249],[101.355,15.4249],[101.355,15.4254],[101.3586,15.4254],[101.3586,15.4262],[101.3594,15.4264],[101.3594,15.427],[101.3586,15.427],[101.358,15.4265],[101.3581,15.427],[101.3589,15.4278],[101.3586,15.4289],[101.3592,15.4289],[101.3589,15.4302],[101.36,15.4302],[101.3603,15.4297],[101.3609,15.4297],[101.3609,15.4283],[101.3614,15.4289],[101.3623,15.4288],[101.3625,15.4275],[101.3634,15.428],[101.3634,15.4275],[101.3622,15.4264],[101.3622,15.4253],[101.3639,15.4248],[101.3642,15.4237],[101.365,15.4239],[101.3642,15.4242],[101.3642,15.4248],[101.3647,15.4248],[101.3647,15.4253],[101.3656,15.4247],[101.3659,15.4258],[101.3661,15.425],[101.3673,15.425],[101.3673,15.4255],[101.3664,15.4255],[101.3664,15.4264],[101.3675,15.4266],[101.3678,15.4272],[101.3684,15.4255],[101.3689,15.4255],[101.3684,15.4247],[101.3695,15.4244],[101.3686,15.4236],[101.3695,15.4236],[101.3695,15.4231],[101.3689,15.4228],[101.3695,15.4228],[101.3697,15.4217],[101.3683,15.4215],[101.3683,15.4209],[101.3675,15.4209],[101.3666,15.4201],[101.368,15.4198],[101.368,15.4188],[101.3686,15.4188],[101.3686,15.4193],[101.3694,15.4198],[101.37,15.4195],[101.37,15.4187],[101.3725,15.419],[101.3711,15.4203],[101.3714,15.4217],[101.3703,15.422],[101.3706,15.4244],[101.3695,15.4258],[101.3692,15.4274],[101.3679,15.4288],[101.3679,15.4301],[101.369,15.4312],[101.3693,15.4342],[101.3682,15.4345],[101.3682,15.4339],[101.3676,15.4339],[101.3674,15.435],[101.3677,15.4364],[101.3688,15.4369],[101.3691,15.4388],[101.3699,15.4396],[101.3699,15.4404],[101.3694,15.4404],[101.3694,15.4426],[101.3705,15.4437],[101.3705,15.4445],[101.3703,15.4453],[101.368,15.4448],[101.3678,15.4456],[101.3666,15.4456]],[[101.3631,15.4264],[101.3636,15.4264],[101.3636,15.4256],[101.3628,15.4256],[101.3631,15.4264]],[[101.3547,15.4246],[101.355,15.4249],[101.355,15.4246],[101.3547,15.4246]],[[101.3555,15.424],[101.3558,15.4243],[101.3558,15.424],[101.3555,15.424]],[[101.3641,15.4196],[101.3644,15.4199],[101.3644,15.4196],[101.3641,15.4196]]]}},{"type":"Feature","properties":{"kind":"seasonal","area_km2":3.083,"date":"2026-10-04"},"geometry":{"type":"Polygon","coordinates":[[[101.6554,15.7623],[101.6521,15.7618],[101.6521,15.761],[101.6526,15.761],[101.6532,15.7599],[101.6551,15.7596],[101.6551,15.7591],[101.6562,15.7585],[101.6562,15.758],[101.657,15.7572],[101.657,15.7564],[101.659,15.755],[101.6587,15.7526],[101.6562,15.7531],[101.6548,15.7545],[101.6537,15.7548],[101.6525,15.7545],[101.652,15.7551],[101.652,15.7545],[101.6509,15.7543],[101.65,15.7565],[101.6481,15.7567],[101.6478,15.7549],[101.6464,15.7549],[101.6455,15.7541],[101.6447,15.7544],[101.6447,15.7527],[101.6455,15.7522],[101.6455,15.7516],[101.6441,15.7508],[101.6438,15.7487],[101.6407,15.7484],[101.6393,15.7495],[101.6376,15.7498],[101.6373,15.7474],[101.6382,15.7468],[101.6379,15.7463],[101.6354,15.7461],[101.6348,15.7469],[101.6334,15.7474],[101.634,15.7477],[101.6337,15.7483],[101.6329,15.7483],[101.6331,15.7469],[101.6323,15.7466],[101.6326,15.7461],[101.632,15.7458],[101.632,15.745],[101.6295,15.7451],[101.6295,15.744],[101.6303,15.7437],[101.6303,15.7423],[101.6308,15.7421],[101.6303,15.7412],[101.6302,15.7402],[101.6319,15.7401],[101.6325,15.7393],[101.6322,15.7366],[101.6313,15.7366],[101.6308,15.7377],[101.6285,15.7377],[101.6263,15.7383],[101.6249,15.7383],[101.6243,15.7373],[101.6232,15.7373],[101.6232,15.7389],[101.6207,15.7389],[101.621,15.7368],[101.6199,15.7368],[101.6195,15.7349],[101.6212,15.7354],[101.6215,15.7348],[101.6235,15.7346],[101.6232,15.7359],[101.6249,15.7362],[101.6265,15.7353],[101.6263,15.7345],[101.6271,15.7345],[101.6279,15.7348],[101.628,15.7359],[101.6285,15.7367],[101.6296,15.7366],[101.6302,15.7358],[101.6293,15.7356],[101.6291,15.7348],[101.6285,15.7348],[101.6285,15.7334],[101.6279,15.7331],[101.6279,15.731],[101.6301,15.7307],[101.6307,15.7315],[101.6307,15.7334],[101.6318,15.7342],[101.6332,15.7342],[101.6333,15.7347],[101.6321,15.7347],[101.6321,15.7345],[101.6316,15.7345],[101.6316,15.7353],[101.6333,15.7352],[101.6333,15.7366],[101.6338,15.7371],[101.6339,15.738],[101.6336,15.7377],[101.6333,15.7377],[101.633,15.738],[101.6333,15.7399],[101.6339,15.7401],[101.6336,15.7417],[101.6353,15.742],[101.637,15.7404],[101.6384,15.7403],[101.6389,15.7409],[101.6389,15.7422],[101.6381,15.7428],[101.6379,15.7444],[101.639,15.7447],[101.6392,15.7436],[101.6412,15.7433],[101.6415,15.7449],[101.6409,15.7444],[101.6407,15.7449],[101.6421,15.7471],[101.6438,15.7468],[101.6449,15.7478],[101.6449,15.747],[101.6438,15.746],[101.6437,15.7446],[101.6457,15.7443],[101.646,15.7462],[101.6465,15.7454],[101.6463,15.7473],[101.6494,15.747],[101.6494,15.7475],[101.6499,15.7475],[101.6499,15.7486],[101.6486,15.7494],[101.6491,15.751],[101.6516,15.7507],[101.6516,15.7491],[101.6527,15.7491],[101.6536,15.7472],[101.655,15.7475],[101.655,15.7483],[101.6575,15.7482],[101.6586,15.7477],[101.6586,15.7485],[101.6595,15.749],[101.6598,15.7504],[101.6606,15.7506],[101.6618,15.7533],[101.6629,15.7541],[101.664,15.7541],[101.664,15.7547],[101.6651,15.7555],[101.6663,15.7554],[101.6668,15.7576],[101.666,15.7573],[101.6663,15.7584],[101.6657,15.7584],[101.6655,15.7579],[101.6655,15.7584],[101.6643,15.759],[101.6641,15.7582],[101.6646,15.7579],[101.664,15.7576],[101.664,15.7552],[101.6629,15.7552],[101.6623,15.7547],[101.6621,15.7552],[101.6626,15.7558],[101.6618,15.756],[101.6612,15.7571],[101.6604,15.7577],[101.6604,15.7588],[101.6588,15.7593],[101.6579,15.761],[101.6563,15.7613],[101.6554,15.7623]],[[101.6557,15.7607],[101.6563,15.761],[101.6563,15.7607],[101.6557,15.7607]],[[101.6646,15.7568],[101.6649,15.7571],[101.6649,15.7568],[101.6646,15.7568]],[[101.6651,15.7557],[101.666,15.756],[101.666,15.7557],[101.6651,15.7557]],[[101.6464,15.7543],[101.6469,15.7546],[101.6469,15.7543],[101.6464,15.7543]],[[101.65,15.754],[101.6503,15.7543],[101.6503,15.754],[101.65,15.754]],[[101.6455,15.7538],[101.6458,15.7541],[101.6458,15.7538],[101.6455,15.7538]],[[101.6475,15.7538],[101.6481,15.754],[101.648,15.7538],[101.6475,15.7538]],[[101.6469,15.7532],[101.6472,15.7535],[101.6472,15.7532],[101.6469,15.7532]],[[101.6472,15.753],[101.6475,15.7532],[101.6475,15.753],[101.6472,15.753]],[[101.6561,15.7523],[101.6564,15.7526],[101.6564,15.7523],[101.6561,15.7523]],[[101.657,15.7523],[101.6573,15.7526],[101.6573,15.7523],[101.657,15.7523]],[[101.6559,15.7518],[101.6561,15.752],[101.6561,15.7518],[101.6559,15.7518]],[[101.6547,15.751],[101.655,15.7512],[101.655,15.751],[101.6547,15.751]],[[101.6477,15.7494],[101.648,15.75],[101.648,15.7494],[101.6477,15.7494]],[[101.6572,15.7496],[101.6575,15.7499],[101.6575,15.7496],[101.6572,15.7496]],[[101.6575,15.7493],[101.6578,15.7496],[101.6578,15.7493],[101.6575,15.7493]],[[101.6586,15.7493],[101.6589,15.7496],[101.6589,15.7493],[101.6586,15.7493]],[[101.655,15.7493],[101.6555,15.7493],[101.6555,15.7491],[101.6547,15.7488],[101.655,15.7493]],[[101.6441,15.7484],[101.6443,15.7487],[101.6443,15.7484],[101.6441,15.7484]],[[101.648,15.7483],[101.6483,15.7486],[101.6483,15.7483],[101.648,15.7483]],[[101.6385,15.7482],[101.6387,15.7485],[101.6387,15.7482],[101.6385,15.7482]],[[101.6438,15.7481],[101.6441,15.7484],[101.6441,15.7481],[101.6438,15.7481]],[[101.6424,15.7479],[101.6427,15.7481],[101.6427,15.7479],[101.6424,15.7479]],[[101.6429,15.7479],[101.6438,15.7481],[101.6438,15.7479],[101.6429,15.7479]],[[101.6449,15.7478],[101.6452,15.7481],[101.6452,15.7478],[101.6449,15.7478]],[[101.6471,15.7478],[101.6474,15.7481],[101.6474,15.7478],[101.6471,15.7478]],[[101.6477,15.7478],[101.648,15.7481],[101.648,15.7478],[101.6477,15.7478]],[[101.6482,15.7475],[101.6485,15.7478],[101.6485,15.7475],[101.6482,15.7475]],[[101.641,15.7474],[101.6415,15.7476],[101.6415,15.7473],[101.641,15.7474]],[[101.6396,15.7468],[101.6398,15.7471],[101.6398,15.7468],[101.6396,15.7468]],[[101.6326,15.7458],[101.6328,15.7461],[101.6328,15.7458],[101.6326,15.7458]],[[101.6373,15.7458],[101.6376,15.746],[101.6376,15.7458],[101.6373,15.7458]],[[101.644,15.7457],[101.6443,15.746],[101.6443,15.7457],[101.644,15.7457]],[[101.6334,15.7455],[101.6337,15.7458],[101.6337,15.7455],[101.6334,15.7455]],[[101.6326,15.7453],[101.6331,15.7455],[101.6331,15.7453],[101.6326,15.7453]],[[101.6367,15.7452],[101.637,15.7455],[101.637,15.7452],[101.6367,15.7452]],[[101.6387,15.7452],[101.6393,15.7455],[101.6393,15.7452],[101.6387,15.7452]],[[101.6384,15.7449],[101.6387,15.7452],[101.6387,15.7449],[101.6384,15.7449]],[[101.6379,15.7447],[101.6381,15.7449],[101.6381,15.7447],[101.6379,15.7447]],[[101.6356,15.7447],[101.6362,15.7447],[101.6362,15.7444],[101.6356,15.7442],[101.6356,15.7447]],[[101.6317,15.7442],[101.632,15.7445],[101.632,15.7442],[101.6317,15.7442]],[[101.6406,15.7438],[101.6409,15.7441],[101.6409,15.7438],[101.6406,15.7438]],[[101.6404,15.7436],[101.6406,15.7438],[101.6406,15.7436],[101.6404,15.7436]],[[101.6308,15.7429],[101.6311,15.7431],[101.6311,15.7429],[101.6308,15.7429]],[[101.6314,15.7429],[101.6317,15.7431],[101.6317,15.7429],[101.6314,15.7429]],[[101.6311,15.7426],[101.6314,15.7429],[101.6314,15.7426],[101.6311,15.7426]],[[101.6322,15.7426],[101.6328,15.7428],[101.6328,15.7426],[101.6322,15.7426]],[[101.6348,15.7425],[101.635,15.7428],[101.635,15.7425],[101.6348,15.7425]],[[101.635,15.7423],[101.6353,15.7425],[101.6353,15.7423],[101.635,15.7423]],[[101.6359,15.742],[101.6364,15.7425],[101.6364,15.742],[101.6359,15.742]],[[101.6381,15.7412],[101.6384,15.7414],[101.6384,15.7411],[101.6381,15.7412]],[[101.6283,15.7375],[101.6285,15.7377],[101.6285,15.7375],[101.6283,15.7375]],[[101.633,15.7374],[101.6333,15.7377],[101.6333,15.7374],[101.633,15.7374]],[[101.6327,15.7372],[101.633,15.7374],[101.633,15.7371],[101.6327,15.7372]],[[101.6229,15.737],[101.6232,15.7373],[101.6232,15.737],[101.6229,15.737]],[[101.6324,15.7369],[101.6327,15.7372],[101.6327,15.7369],[101.6324,15.7369]],[[101.6266,15.7367],[101.6268,15.737],[101.6268,15.7367],[101.6266,15.7367]],[[101.6271,15.7367],[101.6274,15.7369],[101.6274,15.7367],[101.6271,15.7367]],[[101.6226,15.7365],[101.6229,15.7367],[101.6229,15.7365],[101.6226,15.7365]],[[101.6305,15.7364],[101.6308,15.7366],[101.6308,15.7364],[101.6305,15.7364]],[[101.6271,15.7361],[101.6274,15.7364],[101.6274,15.7361],[101.6271,15.7361]],[[101.6265,15.7353],[101.6268,15.7356],[101.6268,15.7353],[101.6265,15.7353]],[[101.6307,15.7347],[101.631,15.735],[101.631,15.7347],[101.6307,15.7347]],[[101.6313,15.7342],[101.6316,15.7345],[101.6316,15.7342],[101.6313,15.7342]]]}},{"type":"Feature","properties":{"kind":"seasonal","area_km2":2.574,"date":"2026-10-04"},"geometry":{"type":"Polygon","coordinates":[[[101.8971,15.656],[101.8965,15.6547],[101.8954,15.6547],[101.8951,15.6542],[101.8881,15.654],[101.8881,15.6535],[101.8875,15.6532],[101.8878,15.6521],[101.8867,15.6518],[101.8864,15.65],[101.8855,15.6505],[101.8819,15.6508],[101.8813,15.65],[101.8796,15.6498],[101.8796,15.6484],[101.8791,15.6479],[101.8793,15.6444],[101.8798,15.6441],[101.8798,15.6427],[101.8807,15.6424],[101.8809,15.6416],[101.8826,15.6411],[101.8837,15.6397],[101.8837,15.6375],[101.882,15.6373],[101.882,15.6357],[101.8814,15.6354],[101.8814,15.6348],[101.8794,15.6351],[101.8794,15.6343],[101.88,15.6343],[101.8802,15.633],[101.8797,15.6324],[101.8811,15.6327],[101.8819,15.6319],[101.8819,15.6313],[101.883,15.6308],[101.8827,15.6294],[101.8838,15.6286],[101.8838,15.6278],[101.8844,15.6278],[101.8852,15.6269],[101.8852,15.6261],[101.8824,15.627],[101.8819,15.6281],[101.8805,15.6278],[101.8804,15.6259],[101.881,15.6254],[101.8824,15.6254],[101.8832,15.6248],[101.8824,15.6245],[101.8824,15.6248],[101.8821,15.6248],[101.8821,15.6251],[101.8804,15.6251],[101.8807,15.6232],[101.8818,15.6224],[101.8807,15.6224],[101.8807,15.6229],[101.8801,15.6229],[101.8798,15.6238],[101.879,15.6238],[101.8784,15.6232],[101.8784,15.6224],[101.8795,15.6213],[101.8812,15.621],[101.8817,15.6202],[101.8821,15.6224],[101.8826,15.6224],[101.8826,15.6213],[101.8832,15.6213],[101.8826,15.6194],[101.8828,15.6188],[101.8842,15.6183],[101.8845,15.6172],[101.8853,15.6172],[101.8854,15.6185],[101.8859,15.6185],[101.8865,15.6196],[101.887,15.6193],[101.8873,15.6185],[101.8867,15.6183],[101.8867,15.6174],[101.8873,15.6172],[101.8881,15.6155],[101.8881,15.6142],[101.8886,15.6139],[101.8881,15.612],[101.8892,15.612],[101.8892,15.6125],[101.89,15.6125],[101.89,15.6131],[101.8895,15.6133],[101.8898,15.6141],[101.8892,15.6144],[101.8898,15.6152],[101.8892,15.6158],[101.8895,15.6171],[101.889,15.6174],[101.8896,15.6207],[101.889,15.6207],[101.8888,15.6223],[101.8882,15.6223],[101.8882,15.6228],[101.889,15.6228],[101.8891,15.6239],[101.8882,15.6239],[101.888,15.6245],[101.888,15.625],[101.8888,15.625],[101.8888,15.6255],[101.888,15.6256],[101.8883,15.6269],[101.8872,15.6288],[101.8872,15.6296],[101.8866,15.6296],[101.8866,15.6299],[101.8858,15.6302],[101.8858,15.6305],[101.885,15.6305],[101.8855,15.6307],[101.8855,15.6315],[101.883,15.6316],[101.8828,15.6324],[101.8833,15.6329],[101.8842,15.6326],[101.8839,15.634],[101.8845,15.634],[101.8847,15.6348],[101.8856,15.6348],[101.8859,15.6353],[101.8867,15.6353],[101.887,15.6342],[101.8878,15.6345],[101.8889,15.6339],[101.8889,15.6347],[101.8881,15.6356],[101.8889,15.6353],[101.8895,15.6361],[101.8887,15.6364],[101.8887,15.6358],[101.8881,15.6358],[101.8881,15.6372],[101.887,15.6375],[101.8879,15.638],[101.887,15.6383],[101.8868,15.6394],[101.8859,15.6399],[101.8862,15.6407],[101.8854,15.641],[101.8868,15.6426],[101.8868,15.6448],[101.886,15.6473],[101.8844,15.6473],[101.8844,15.6481],[101.8855,15.6475],[101.8866,15.6475],[101.8872,15.648],[101.888,15.6478],[101.8883,15.6486],[101.8889,15.6486],[101.8891,15.6491],[101.8892,15.6524],[101.8906,15.6529],[101.8942,15.6526],[101.8962,15.6536],[101.8962,15.6542],[101.8968,15.6542],[101.8982,15.6555],[101.8979,15.656],[101.8971,15.656]],[[101.8838,15.6476],[101.8841,15.6478],[101.8841,15.6475],[101.8838,15.6476]],[[101.8829,15.6457],[101.8843,15.6456],[101.8835,15.6451],[101.8835,15.6443],[101.8827,15.6451],[101.8829,15.6457]],[[101.8857,15.644],[101.886,15.6443],[101.886,15.644],[101.8857,15.644]],[[101.8826,15.6435],[101.8829,15.644],[101.8829,15.6435],[101.8826,15.6435]],[[101.8846,15.6435],[101.8854,15.6429],[101.8851,15.6424],[101.8843,15.6429],[101.8846,15.6435]],[[101.8808,15.6335],[101.8811,15.6338],[101.8811,15.6335],[101.8808,15.6335]],[[101.885,15.6299],[101.8858,15.6302],[101.8858,15.6299],[101.885,15.6299]],[[101.8866,15.6285],[101.8869,15.6291],[101.8869,15.6285],[101.8866,15.6285]],[[101.8869,15.6283],[101.8872,15.6285],[101.8872,15.6283],[101.8869,15.6283]],[[101.8872,15.6275],[101.8874,15.628],[101.8874,15.6275],[101.8872,15.6275]],[[101.8818,15.6243],[101.8821,15.6248],[101.8821,15.6243],[101.8818,15.6243]],[[101.8826,15.6226],[101.8829,15.6229],[101.8829,15.6226],[101.8826,15.6226]],[[101.886,15.6223],[101.8862,15.6226],[101.8862,15.6223],[101.886,15.6223]],[[101.8845,15.6194],[101.8851,15.6194],[101.8851,15.6185],[101.8845,15.6186],[101.8845,15.6194]]]}},{"type":"Feature","properties":{"kind":"seasonal","area_km2":1.809,"date":"2026-10-09"},"geometry":{"type":"Polygon","coordinates":[[[101.0811,15.0877],[101.0808,15.0855],[101.0814,15.0855],[101.0814,15.0836],[101.08,15.0836],[101.08,15.0828],[101.0786,15.0831],[101.0786,15.0825],[101.0783,15.0831],[101.0769,15.0831],[101.0763,15.0823],[101.0763,15.0809],[101.0749,15.0801],[101.0746,15.0785],[101.0738,15.0782],[101.0738,15.0777],[101.0715,15.0761],[101.0721,15.0745],[101.0712,15.0731],[101.0712,15.0723],[101.0707,15.0723],[101.0713,15.075],[101.0704,15.075],[101.0682,15.0737],[101.0682,15.0721],[101.0707,15.072],[101.0707,15.0704],[101.0737,15.0698],[101.0754,15.069],[101.0773,15.069],[101.0779,15.0684],[101.0826,15.0681],[101.0835,15.0692],[101.0843,15.0692],[101.084,15.0706],[101.0827,15.0708],[101.0824,15.0722],[101.0824,15.0736],[101.0838,15.0738],[101.0838,15.076],[101.0833,15.0765],[101.0836,15.0782],[101.083,15.0787],[101.083,15.0795],[101.0811,15.0795],[101.0811,15.0784],[101.0805,15.0785],[101.0805,15.0804],[101.0788,15.0812],[101.0825,15.0811],[101.0822,15.0817],[101.0828,15.082],[101.0828,15.083],[101.0833,15.083],[101.0834,15.0855],[101.0828,15.0855],[101.0825,15.086],[101.0825,15.0877],[101.0811,15.0877]],[[101.0771,15.0769],[101.0788,15.0768],[101.0791,15.0763],[101.0782,15.0755],[101.0771,15.0763],[101.0771,15.0769]],[[101.0763,15.0742],[101.0766,15.0747],[101.0765,15.0742],[101.0763,15.0742]]]}},{"type":"Feature","properties":{"kind":"seasonal","area_km2":1.233,"date":"2026-10-04"},"geometry":{"type":"Polygon","coordinates":[[[101.6368,15.1962],[101.6362,15.1957],[101.6354,15.1957],[101.6351,15.1946],[101.6328,15.1944],[101.6328,15.1938],[101.632,15.1938],[101.6312,15.1947],[101.6292,15.195],[101.6281,15.195],[101.6281,15.1942],[101.6278,15.195],[101.6259,15.195],[101.6248,15.1942],[101.6242,15.1926],[101.6253,15.1926],[101.6259,15.1934],[101.6275,15.1934],[101.6275,15.1923],[101.6247,15.192],[101.6253,15.1901],[101.6283,15.1904],[101.6292,15.1901],[101.63,15.1887],[101.6289,15.1871],[101.6286,15.1855],[101.6291,15.1855],[101.6294,15.1849],[101.6316,15.1849],[101.6319,15.1865],[101.6322,15.186],[101.6327,15.186],[101.6327,15.1854],[101.6344,15.1857],[101.6355,15.187],[101.6361,15.187],[101.6372,15.1884],[101.6378,15.1884],[101.6384,15.1894],[101.6392,15.1897],[101.6392,15.1905],[101.6409,15.191],[101.6417,15.1918],[101.6418,15.1927],[101.6395,15.1929],[101.6396,15.1954],[101.6387,15.1954],[101.6387,15.1959],[101.6368,15.1962]],[[101.6382,15.1951],[101.6387,15.1951],[101.6387,15.1946],[101.6384,15.1946],[101.6382,15.1951]],[[101.6354,15.1944],[101.6365,15.1943],[101.6365,15.1935],[101.6379,15.1932],[101.6381,15.1924],[101.6367,15.1922],[101.6365,15.193],[101.6353,15.193],[101.6354,15.1944]],[[101.6284,15.1925],[101.6289,15.1925],[101.6289,15.192],[101.6284,15.192],[101.6284,15.1925]]]}},{"type":"Feature","properties":{"kind":"seasonal","area_km2":1.018,"date":"2026-10-04"},"geometry":{"type":"Polygon","coordinates":[[[101.7854,15.7705],[101.7828,15.7689],[101.7825,15.7675],[101.7817,15.7673],[101.7805,15.7657],[101.7794,15.7654],[101.7786,15.7643],[101.7766,15.7641],[101.7766,15.7627],[101.7777,15.7603],[101.7785,15.7603],[101.7785,15.7608],[101.7794,15.7611],[101.7794,15.7616],[101.7805,15.7619],[101.7805,15.763],[101.7819,15.7619],[101.7819,15.7608],[101.7833,15.7599],[101.7838,15.7607],[101.7844,15.7607],[101.7847,15.7618],[101.7864,15.7623],[101.7872,15.7623],[101.7872,15.7615],[101.788,15.7615],[101.788,15.761],[101.7894,15.7609],[101.7897,15.7601],[101.7917,15.7604],[101.7917,15.7617],[101.7906,15.7628],[101.7903,15.7639],[101.7892,15.7647],[101.789,15.7693],[101.7854,15.7705]],[[101.7794,15.7635],[101.78,15.7632],[101.7799,15.7624],[101.7797,15.7624],[101.7794,15.7627],[101.7794,15.7635]],[[101.7819,15.7635],[101.7825,15.7635],[101.7827,15.7627],[101.7825,15.7627],[101.7825,15.7629],[101.7816,15.7629],[101.7819,15.7635]],[[101.7822,15.7624],[101.7825,15.7627],[101.7825,15.7624],[101.7822,15.7624]],[[101.7794,15.7622],[101.7797,15.7624],[101.7797,15.7622],[101.7794,15.7622]]]}},{"type":"Feature","properties":{"kind":"seasonal","area_km2":0.955,"date":"2026-10-04"},"geometry":{"type":"Polygon","coordinates":[[[101.9211,15.6576],[101.9186,15.6574],[101.9186,15.6563],[101.9191,15.6558],[101.92,15.6557],[101.92,15.6549],[101.9194,15.6549],[101.9194,15.6544],[101.9186,15.6544],[101.9183,15.6552],[101.9163,15.655],[101.916,15.6539],[101.9149,15.6536],[101.9138,15.652],[101.9127,15.6523],[101.9127,15.6537],[101.9121,15.6537],[101.9121,15.6542],[101.911,15.6542],[101.9105,15.6548],[101.9088,15.6545],[101.9091,15.6537],[101.9099,15.6534],[101.9096,15.6524],[101.9076,15.6527],[101.9074,15.6543],[101.9066,15.6554],[101.9046,15.6551],[101.9051,15.65],[101.9037,15.6492],[101.9054,15.6494],[101.9049,15.6543],[101.9057,15.6546],[101.9065,15.654],[101.9065,15.6516],[101.9071,15.6508],[101.9084,15.6505],[101.909,15.648],[101.9106,15.6477],[101.9104,15.6491],[101.9109,15.6491],[101.9112,15.6496],[101.9115,15.6485],[101.9129,15.6482],[101.9154,15.646],[101.9165,15.646],[101.9176,15.6452],[101.9187,15.6452],[101.9193,15.646],[101.9204,15.646],[101.9207,15.6476],[101.9202,15.6476],[101.9199,15.6484],[101.9205,15.649],[101.9216,15.6489],[101.9216,15.6498],[101.921,15.6498],[101.9207,15.6503],[101.9185,15.6506],[101.9188,15.6533],[101.92,15.6533],[101.9202,15.6544],[101.9211,15.6544],[101.9211,15.6576]],[[101.9149,15.6528],[101.9166,15.6525],[101.9166,15.652],[101.916,15.652],[101.916,15.6515],[101.9166,15.6512],[101.916,15.6509],[101.9174,15.6506],[101.9171,15.6487],[101.9165,15.6496],[101.9149,15.649],[101.9143,15.6493],[101.9143,15.6501],[101.9138,15.6501],[101.9135,15.6496],[101.9115,15.6499],[101.9118,15.6507],[101.911,15.6518],[101.9132,15.6512],[101.9149,15.6528]],[[101.9166,15.6515],[101.9169,15.6517],[101.9169,15.6514],[101.9166,15.6515]],[[101.9171,15.6514],[101.9174,15.6517],[101.9174,15.6514],[101.9171,15.6514]]]}},{"type":"Feature","properties":{"kind":"seasonal","area_km2":0.853,"date":"2026-10-09"},"geometry":{"type":"Polygon","coordinates":[[[101.2459,15.8008],[101.2467,15.7992],[101.2467,15.7962],[101.245,15.7962],[101.245,15.7954],[101.2416,15.796],[101.2413,15.7952],[101.2422,15.7952],[101.2422,15.7946],[101.2413,15.7949],[101.2413,15.7922],[101.2452,15.7922],[101.2466,15.7911],[101.2466,15.7903],[101.2483,15.7897],[101.2488,15.7905],[101.2505,15.7905],[101.2508,15.7899],[101.2516,15.7899],[101.253,15.7888],[101.2528,15.7907],[101.2545,15.7915],[101.2562,15.7931],[101.2562,15.7937],[101.257,15.7939],[101.257,15.795],[101.2556,15.7953],[101.2545,15.7948],[101.2534,15.7953],[101.252,15.7945],[101.2503,15.7946],[101.2489,15.7951],[101.2484,15.7965],[101.2486,15.7976],[101.2492,15.7978],[101.2492,15.7995],[101.2487,15.7995],[101.2484,15.7986],[101.2475,15.7987],[101.2467,15.7997],[101.2467,15.8008],[101.2459,15.8008]],[[101.2473,15.7984],[101.2475,15.7987],[101.2475,15.7984],[101.2473,15.7984]],[[101.245,15.7952],[101.2453,15.7954],[101.2453,15.7952],[101.245,15.7952]],[[101.2559,15.794],[101.2562,15.7942],[101.2562,15.794],[101.2559,15.794]],[[101.2528,15.791],[101.2531,15.7913],[101.2531,15.791],[101.2528,15.791]]]}},{"type":"Feature","properties":{"kind":"seasonal","area_km2":0.84,"date":"2026-10-04"},"geometry":{"type":"Polygon","coordinates":[[[101.6528,15.7735],[101.6528,15.7713],[101.6519,15.7705],[101.6508,15.7703],[101.651,15.7684],[101.6505,15.7681],[101.6505,15.7673],[101.653,15.7678],[101.653,15.7656],[101.6527,15.7651],[101.6521,15.7651],[101.6521,15.7643],[101.6555,15.764],[101.6566,15.7631],[101.6571,15.7637],[101.6574,15.7629],[101.6594,15.7628],[101.6599,15.7615],[101.6607,15.7615],[101.6613,15.7601],[101.6624,15.759],[101.6646,15.7595],[101.6647,15.7612],[101.6658,15.7625],[101.6652,15.763],[101.6647,15.7628],[101.6647,15.7633],[101.6633,15.7631],[101.6633,15.7641],[101.6619,15.7642],[101.6616,15.7658],[101.6622,15.7658],[101.6622,15.7666],[101.6608,15.7666],[101.6594,15.7677],[101.6586,15.7677],[101.6586,15.7661],[101.6577,15.7653],[101.6569,15.7661],[101.6563,15.768],[101.6558,15.7683],[101.6561,15.7705],[101.6539,15.771],[101.6544,15.7718],[101.6545,15.7729],[101.6536,15.7724],[101.6536,15.7735],[101.6528,15.7735]],[[101.6627,15.7631],[101.663,15.7636],[101.663,15.7631],[101.6627,15.7631]],[[101.6633,15.7628],[101.6638,15.7628],[101.6638,15.7625],[101.6633,15.7623],[101.6633,15.7628]],[[101.6633,15.7617],[101.6635,15.762],[101.6635,15.7617],[101.6633,15.7617]],[[101.6635,15.7614],[101.6638,15.7617],[101.6638,15.7614],[101.6635,15.7614]],[[101.6644,15.7614],[101.6647,15.7617],[101.6647,15.7614],[101.6644,15.7614]],[[101.663,15.7612],[101.6635,15.7614],[101.6635,15.7612],[101.663,15.7612]],[[101.6641,15.7612],[101.6644,15.7614],[101.6644,15.7612],[101.6641,15.7612]],[[101.6635,15.7601],[101.6638,15.7609],[101.6641,15.7601],[101.6635,15.7601]]]}},{"type":"Feature","properties":{"kind":"seasonal","area_km2":0.825,"date":"2026-10-09"},"geometry":{"type":"Polygon","coordinates":[[[101.254,16.0],[101.2528,15.9992],[101.2523,15.9981],[101.2503,15.9981],[101.2484,15.9992],[101.2464,15.9973],[101.2455,15.9971],[101.243,15.9971],[101.243,15.9993],[101.2369,15.9999],[101.2369,15.9991],[101.2383,15.999],[101.2391,15.9985],[101.2391,15.9974],[101.2385,15.9971],[101.2377,15.9955],[101.2377,15.9936],[101.2388,15.9928],[101.2405,15.9931],[101.241,15.9936],[101.243,15.993],[101.2435,15.9941],[101.2455,15.9944],[101.2466,15.9935],[101.2469,15.9927],[101.2469,15.9957],[101.2481,15.997],[101.2497,15.9976],[101.2509,15.997],[101.2525,15.9973],[101.2545,15.9959],[101.2548,15.9967],[101.2559,15.9967],[101.2567,15.9961],[101.2567,15.9942],[101.2573,15.994],[101.2573,15.9926],[101.2584,15.991],[101.2584,15.9926],[101.2578,15.9934],[101.2584,15.9942],[101.2578,15.9942],[101.2581,15.995],[101.2576,15.9951],[101.2579,15.9975],[101.2559,15.9986],[101.2559,15.9999],[101.254,16.0]]]}},{"type":"Feature","properties":{"kind":"seasonal","area_km2":0.822,"date":"2026-10-04"},"geometry":{"type":"Polygon","coordinates":[[[101.8958,15.6084],[101.8928,15.6081],[101.8927,15.6073],[101.8916,15.6068],[101.8922,15.6049],[101.8916,15.6049],[101.8913,15.6044],[101.8902,15.6047],[101.8876,15.6025],[101.8854,15.6023],[101.8854,15.6015],[101.8843,15.6009],[101.8842,15.5969],[101.8853,15.5974],[101.885,15.5958],[101.8861,15.5955],[101.8861,15.5947],[101.8845,15.5944],[101.8844,15.5931],[101.8864,15.5928],[101.8869,15.5914],[101.8861,15.5914],[101.8861,15.5906],[101.8892,15.5906],[101.8889,15.5922],[101.8875,15.592],[101.8875,15.5928],[101.8895,15.5927],[101.8895,15.5952],[101.8903,15.596],[101.8909,15.596],[101.8909,15.5952],[101.892,15.5952],[101.8923,15.596],[101.8929,15.596],[101.8929,15.5968],[101.8923,15.597],[101.8923,15.5984],[101.8912,15.5984],[101.8912,15.5992],[101.8923,15.5989],[101.8924,15.5995],[101.891,15.5995],[101.891,15.599],[101.8898,15.599],[101.8901,15.5998],[101.8893,15.6001],[101.8887,15.6009],[101.8899,15.6017],[101.8902,15.603],[101.8919,15.6036],[101.8916,15.6044],[101.8927,15.6049],[101.8927,15.606],[101.8939,15.6071],[101.8939,15.6079],[101.895,15.6081],[101.895,15.6076],[101.8958,15.6076],[101.8958,15.6084]],[[101.8896,15.6036],[101.8902,15.6036],[101.8902,15.6033],[101.8893,15.603],[101.8896,15.6036]],[[101.889,15.5982],[101.8901,15.5982],[101.8901,15.5976],[101.8893,15.5974],[101.889,15.5965],[101.8881,15.5966],[101.889,15.5982]],[[101.887,15.5931],[101.8875,15.5933],[101.8875,15.593],[101.887,15.5931]]]}},{"type":"Feature","properties":{"kind":"seasonal","area_km2":0.812,"date":"2026-10-09"},"geometry":{"type":"Polygon","coordinates":[[[101.1319,16.0104],[101.1319,16.0091],[101.1313,16.0088],[101.1313,16.0077],[101.1319,16.0069],[101.1307,16.005],[101.1299,16.005],[101.1299,16.0056],[101.1307,16.0061],[101.1308,16.0072],[101.1296,16.0072],[101.1291,16.0067],[101.129,16.0042],[101.1299,16.0026],[101.1299,16.0015],[101.131,16.0015],[101.1307,16.0026],[101.1313,16.0028],[101.1313,16.0039],[101.1307,16.0042],[101.1307,16.0047],[101.1313,16.0047],[101.1321,16.0026],[101.1313,16.002],[101.1307,16.0004],[101.1357,16.0004],[101.1352,16.0028],[101.1369,16.0031],[101.1377,16.0044],[101.1383,16.0044],[101.1391,16.0052],[101.14,16.0052],[101.14,16.006],[101.1389,16.0068],[101.1392,16.0082],[101.1372,16.0093],[101.1367,16.0104],[101.1319,16.0104]],[[101.133,16.0093],[101.1336,16.0096],[101.1336,16.0093],[101.133,16.0093]],[[101.1344,16.0063],[101.1352,16.0063],[101.1347,16.0053],[101.1341,16.0055],[101.1344,16.0063]]]}},{"type":"Feature","properties":{"kind":"seasonal","area_km2":0.731,"date":"2026-10-04"},"geometry":{"type":"Polygon","coordinates":[[[101.551,15.0463],[101.5507,15.0455],[101.5501,15.0457],[101.5496,15.0455],[101.5499,15.0449],[101.5476,15.0444],[101.5468,15.0436],[101.5468,15.0425],[101.5462,15.0425],[101.5456,15.0406],[101.5451,15.0401],[101.5431,15.0399],[101.5428,15.0366],[101.5419,15.0358],[101.5416,15.0342],[101.5402,15.0342],[101.54,15.0334],[101.5391,15.0334],[101.5388,15.0318],[101.5402,15.0318],[101.5405,15.0326],[101.5416,15.0326],[101.5419,15.0334],[101.5436,15.0333],[101.5464,15.036],[101.5478,15.039],[101.5487,15.0395],[101.5495,15.0411],[101.5526,15.0416],[101.5526,15.0425],[101.5532,15.0425],[101.5532,15.043],[101.554,15.0435],[101.554,15.0446],[101.5524,15.0454],[101.5521,15.0463],[101.551,15.0463]],[[101.5496,15.0444],[101.5499,15.0447],[101.5498,15.0444],[101.5496,15.0444]],[[101.5493,15.0441],[101.5496,15.0444],[101.5496,15.0441],[101.5493,15.0441]],[[101.551,15.0436],[101.5512,15.0438],[101.5512,15.0436],[101.551,15.0436]],[[101.5493,15.0422],[101.5495,15.0425],[101.5495,15.0422],[101.5493,15.0422]],[[101.5476,15.042],[101.5484,15.042],[101.5484,15.0417],[101.5476,15.0414],[101.5476,15.042]],[[101.5456,15.039],[101.5459,15.0393],[101.5459,15.039],[101.5456,15.039]],[[101.5453,15.0385],[101.5459,15.0387],[101.5459,15.0385],[101.5453,15.0385]],[[101.5473,15.0385],[101.5476,15.0387],[101.5475,15.0385],[101.5473,15.0385]],[[101.545,15.0382],[101.5453,15.0385],[101.5453,15.0382],[101.545,15.0382]],[[101.5433,15.0366],[101.5436,15.0369],[101.5436,15.0366],[101.5433,15.0366]],[[101.5439,15.0363],[101.5442,15.0369],[101.5442,15.0363],[101.5439,15.0363]],[[101.5436,15.0361],[101.5439,15.0363],[101.5439,15.0361],[101.5436,15.0361]],[[101.5425,15.0342],[101.5428,15.0347],[101.5428,15.0342],[101.5425,15.0342]]]}},{"type":"Feature","properties":{"kind":"seasonal","area_km2":0.679,"date":"2026-10-09"},"geometry":{"type":"Polygon","coordinates":[[[101.2308,16.0094],[101.2308,16.0083],[101.2302,16.0078],[101.2283,16.0076],[101.2285,16.0048],[101.2302,16.0043],[101.2302,16.0024],[101.231,16.0024],[101.2313,16.0035],[101.2327,16.0037],[101.2333,16.0051],[101.2344,16.0051],[101.2355,16.0034],[101.2352,16.0007],[101.2386,16.0004],[101.2383,16.002],[101.2375,16.0029],[101.2375,16.0039],[101.2383,16.0045],[101.2386,16.0053],[101.2395,16.0055],[101.2395,16.0066],[101.2378,16.0069],[101.2373,16.008],[101.2373,16.0094],[101.2308,16.0094]]]}},{"type":"Feature","properties":{"kind":"seasonal","area_km2":0.664,"date":"2026-10-04"},"geometry":{"type":"Polygon","coordinates":[[[101.9349,15.6794],[101.9309,15.6762],[101.9309,15.6751],[101.9314,15.6743],[101.9311,15.6716],[101.932,15.6713],[101.9322,15.6702],[101.9339,15.6705],[101.9345,15.6721],[101.9339,15.674],[101.9334,15.674],[101.9334,15.6762],[101.9354,15.6761],[101.9354,15.6767],[101.9362,15.6767],[101.9368,15.6761],[101.9365,15.675],[101.9354,15.6748],[101.9351,15.6731],[101.9353,15.6723],[101.9364,15.6723],[101.9375,15.6709],[101.9384,15.6709],[101.9392,15.6715],[101.9392,15.6728],[101.9387,15.6731],[101.9384,15.675],[101.9396,15.6753],[101.9407,15.6769],[101.9421,15.6771],[101.9421,15.6787],[101.9349,15.6794]]]}},{"type":"Feature","properties":{"kind":"seasonal","area_km2":0.64,"date":"2026-10-04"},"geometry":{"type":"Polygon","coordinates":[[[101.8627,15.5942],[101.8596,15.594],[101.8587,15.5923],[101.8587,15.5902],[101.8609,15.5899],[101.8615,15.5893],[101.8617,15.588],[101.8612,15.5872],[101.8606,15.5872],[101.8606,15.5861],[101.86,15.5861],[101.8597,15.5856],[101.8602,15.5812],[101.8613,15.5801],[101.8647,15.5801],[101.865,15.5817],[101.8642,15.5825],[101.8642,15.5836],[101.8647,15.5839],[101.8648,15.5855],[101.8642,15.5858],[101.864,15.5874],[101.8626,15.5888],[101.8626,15.5893],[101.8634,15.5901],[101.8635,15.5928],[101.8627,15.5942]]]}},{"type":"Feature","properties":{"kind":"seasonal","area_km2":0.611,"date":"2026-10-04"},"geometry":{"type":"Polygon","coordinates":[[[101.5519,15.1205],[101.5505,15.12],[101.5494,15.1203],[101.5494,15.1197],[101.5485,15.1192],[101.5485,15.1181],[101.5471,15.1179],[101.5471,15.1162],[101.5462,15.1157],[101.5462,15.1143],[101.5479,15.1143],[101.5479,15.1149],[101.5504,15.1157],[101.5504,15.1148],[101.5512,15.114],[101.5506,15.1097],[101.552,15.1097],[101.5523,15.1102],[101.5529,15.1102],[101.5529,15.1116],[101.5546,15.1137],[101.556,15.1137],[101.5563,15.1145],[101.5571,15.1145],[101.5571,15.1153],[101.5574,15.1145],[101.5582,15.1148],[101.5585,15.1172],[101.5594,15.1177],[101.5599,15.1191],[101.56,15.1199],[101.5591,15.1204],[101.5591,15.1191],[101.5585,15.1188],[101.5585,15.118],[101.5574,15.1172],[101.5571,15.1161],[101.5566,15.1159],[101.5557,15.1159],[101.556,15.1167],[101.5543,15.1164],[101.5541,15.1172],[101.5529,15.1167],[101.5529,15.1156],[101.5524,15.1156],[101.5524,15.1162],[101.5507,15.1159],[101.5501,15.1162],[101.551,15.1165],[101.5507,15.1178],[101.5521,15.117],[101.5519,15.1189],[101.5524,15.1197],[101.5519,15.1205]],[[101.5549,15.1161],[101.5557,15.1159],[101.5557,15.1156],[101.5552,15.1153],[101.5549,15.1161]],[[101.5521,15.1148],[101.5524,15.1156],[101.5524,15.1148],[101.5521,15.1148]],[[101.5524,15.1143],[101.5526,15.1145],[101.5526,15.1143],[101.5524,15.1143]]]}},{"type":"Feature","properties":{"kind":"seasonal","area_km2":0.526,"date":"2026-10-04"},"geometry":{"type":"Polygon","coordinates":[[[101.9034,15.6473],[101.9022,15.6465],[101.9022,15.646],[101.9039,15.6462],[101.9045,15.6459],[101.9047,15.6443],[101.9061,15.6445],[101.907,15.644],[101.908,15.6396],[101.9097,15.6396],[101.9097,15.6404],[101.9105,15.6407],[101.9105,15.6396],[101.9111,15.6393],[101.9102,15.6393],[101.91,15.6383],[101.9111,15.6382],[101.9113,15.6374],[101.913,15.6371],[101.9142,15.6393],[101.9142,15.6401],[101.9131,15.6415],[101.9134,15.6444],[101.9109,15.6458],[101.9092,15.6459],[101.9089,15.6432],[101.9083,15.6429],[101.9075,15.6437],[101.9067,15.6456],[101.9053,15.647],[101.9034,15.6473]],[[101.9117,15.6431],[101.9123,15.6431],[101.9123,15.6426],[101.9117,15.6426],[101.9117,15.6431]],[[101.9097,15.6426],[101.91,15.6429],[101.91,15.6426],[101.9097,15.6426]],[[101.9103,15.6418],[101.9106,15.6423],[101.9106,15.6418],[101.9103,15.6418]],[[101.91,15.641],[101.9103,15.6415],[101.9103,15.641],[101.91,15.641]]]}},{"type":"Feature","properties":{"kind":"seasonal","area_km2":0.519,"date":"2026-10-04"},"geometry":{"type":"Polygon","coordinates":[[[101.5158,15.5139],[101.5155,15.5117],[101.5147,15.5117],[101.5138,15.5104],[101.5155,15.5106],[101.5155,15.5101],[101.5144,15.5096],[101.5144,15.5087],[101.5158,15.5087],[101.5158,15.5079],[101.5166,15.5068],[101.5174,15.5074],[101.5175,15.5087],[101.5186,15.5079],[101.5186,15.5073],[101.5191,15.5073],[101.5194,15.5081],[101.5202,15.5084],[101.5208,15.507],[101.5216,15.5065],[101.5216,15.5057],[101.5252,15.5054],[101.5255,15.5059],[101.5264,15.5059],[101.5269,15.5048],[101.5278,15.5048],[101.5286,15.5059],[101.5281,15.508],[101.5286,15.5075],[101.53,15.5075],[101.5303,15.508],[101.5303,15.5088],[101.53,15.5094],[101.5295,15.5094],[101.5295,15.5099],[101.5314,15.5094],[101.5314,15.5099],[101.5306,15.5102],[101.5301,15.511],[101.5306,15.5113],[101.5306,15.5107],[101.5315,15.5104],[101.5309,15.5121],[101.5317,15.5115],[101.5329,15.5118],[101.5323,15.5107],[101.5323,15.5102],[101.5331,15.5102],[101.5326,15.5099],[101.5326,15.5088],[101.5342,15.5101],[101.5345,15.5115],[101.5351,15.5115],[101.5351,15.5123],[101.534,15.5129],[101.5307,15.5134],[101.5304,15.5126],[101.529,15.5126],[101.5284,15.5097],[101.5272,15.5091],[101.5278,15.507],[101.5258,15.507],[101.5247,15.5062],[101.5236,15.5062],[101.5216,15.507],[101.5216,15.5076],[101.5205,15.5087],[101.5205,15.5095],[101.5175,15.5095],[101.5175,15.509],[101.5163,15.5085],[101.5158,15.5101],[101.5166,15.5106],[101.5167,15.5114],[101.5161,15.5117],[101.5158,15.5139]]]}},{"type":"Feature","properties":{"kind":"seasonal","area_km2":0.456,"date":"2026-10-09"},"geometry":{"type":"Polygon","coordinates":[[[101.0827,15.1015],[101.0827,15.0993],[101.0821,15.0985],[101.0815,15.0985],[101.0815,15.0977],[101.0807,15.0972],[101.0806,15.0939],[101.0817,15.0923],[101.0831,15.0923],[101.0832,15.0931],[101.0845,15.0933],[101.0843,15.0952],[101.0857,15.0949],[101.086,15.0955],[101.0865,15.0955],[101.0865,15.0979],[101.086,15.0982],[101.086,15.0987],[101.0874,15.099],[101.0871,15.0982],[101.0879,15.0984],[101.088,15.0995],[101.0866,15.0995],[101.0866,15.1001],[101.0852,15.1006],[101.0849,15.1012],[101.0827,15.1015]]]}},{"type":"Feature","properties":{"kind":"seasonal","area_km2":0.445,"date":"2026-10-04"},"geometry":{"type":"Polygon","coordinates":[[[101.5052,15.2766],[101.5052,15.2752],[101.5049,15.2761],[101.5041,15.2761],[101.5032,15.2755],[101.501,15.2753],[101.501,15.2747],[101.5001,15.2742],[101.4996,15.2731],[101.499,15.2737],[101.4976,15.2737],[101.4976,15.2729],[101.4981,15.2723],[101.4967,15.2718],[101.4967,15.2713],[101.4976,15.2715],[101.4976,15.2707],[101.4967,15.2705],[101.4981,15.2704],[101.499,15.2712],[101.4995,15.2707],[101.5006,15.2707],[101.5015,15.2712],[101.5037,15.2712],[101.5043,15.2706],[101.504,15.269],[101.5054,15.2693],[101.5057,15.2709],[101.5051,15.2715],[101.506,15.272],[101.5068,15.2752],[101.5063,15.2752],[101.506,15.2766],[101.5052,15.2766]],[[101.4993,15.2723],[101.5001,15.2726],[101.5001,15.2723],[101.4993,15.2723]],[[101.4981,15.2721],[101.4984,15.2723],[101.4984,15.2721],[101.4981,15.2721]],[[101.504,15.272],[101.5043,15.2723],[101.5043,15.272],[101.504,15.272]],[[101.4984,15.2715],[101.4987,15.2718],[101.4987,15.2715],[101.4984,15.2715]],[[101.4992,15.2712],[101.4998,15.2718],[101.4998,15.2712],[101.4992,15.2712]],[[101.4987,15.2713],[101.499,15.2715],[101.499,15.2712],[101.4987,15.2713]]]}},{"type":"Feature","properties":{"kind":"seasonal","area_km2":0.445,"date":"2026-10-04"},"geometry":{"type":"Polygon","coordinates":[[[101.9645,15.2477],[101.9639,15.2472],[101.9631,15.2472],[101.9631,15.2464],[101.9637,15.2463],[101.9636,15.2458],[101.9625,15.2458],[101.962,15.2453],[101.9614,15.2418],[101.9625,15.242],[101.9622,15.2407],[101.9633,15.2407],[101.9633,15.2412],[101.9639,15.2412],[101.9641,15.2401],[101.965,15.2401],[101.965,15.2412],[101.9683,15.2411],[101.9689,15.2422],[101.9689,15.2436],[101.9678,15.2439],[101.9681,15.2455],[101.9676,15.2468],[101.9648,15.2463],[101.9653,15.2466],[101.9653,15.2477],[101.9645,15.2477]]]}},{"type":"Feature","properties":{"kind":"seasonal","area_km2":0.385,"date":"2026-10-04"},"geometry":{"type":"Polygon","coordinates":[[[101.7746,15.7609],[101.7735,15.7598],[101.7732,15.7571],[101.7759,15.7538],[101.777,15.7538],[101.7779,15.753],[101.7784,15.753],[101.7793,15.7546],[101.779,15.7554],[101.7785,15.7554],[101.779,15.7559],[101.7785,15.7562],[101.7785,15.757],[101.7799,15.7573],[101.7796,15.7584],[101.7788,15.7584],[101.7782,15.7595],[101.7777,15.7595],[101.7777,15.7603],[101.776,15.76],[101.7757,15.7608],[101.7746,15.7609]],[[101.7776,15.7551],[101.7779,15.7554],[101.7779,15.7551],[101.7776,15.7551]]]}},{"type":"Feature","properties":{"kind":"seasonal","area_km2":0.373,"date":"2026-10-04"},"geometry":{"type":"Polygon","coordinates":[[[101.5878,15.5697],[101.5878,15.5681],[101.5883,15.5675],[101.5878,15.5664],[101.5867,15.5664],[101.585,15.5681],[101.5842,15.5681],[101.5841,15.5673],[101.5833,15.5676],[101.5833,15.5681],[101.5822,15.5681],[101.5824,15.5651],[101.5852,15.5654],[101.5855,15.5648],[101.5844,15.564],[101.5835,15.564],[101.5833,15.5635],[101.5821,15.5635],[101.5816,15.563],[101.5816,15.5622],[101.581,15.5619],[101.581,15.5608],[101.5824,15.5608],[101.583,15.5613],[101.5844,15.5616],[101.586,15.5616],[101.5866,15.561],[101.5874,15.561],[101.5883,15.5615],[101.586,15.5618],[101.5869,15.5621],[101.586,15.5627],[101.5861,15.5654],[101.5866,15.5648],[101.5889,15.5653],[101.5886,15.568],[101.5892,15.568],[101.5895,15.5672],[101.59,15.5675],[101.5895,15.5691],[101.5878,15.5697]],[[101.5833,15.5668],[101.5839,15.5667],[101.5839,15.5665],[101.5833,15.5662],[101.5833,15.5668]],[[101.585,15.5662],[101.5858,15.5662],[101.5861,15.5656],[101.585,15.5657],[101.585,15.5662]],[[101.5852,15.5621],[101.5855,15.5624],[101.5855,15.5621],[101.5852,15.5621]],[[101.5858,15.5621],[101.586,15.5624],[101.586,15.5621],[101.5858,15.5621]]]}},{"type":"Feature","properties":{"kind":"seasonal","area_km2":0.372,"date":"2026-10-04"},"geometry":{"type":"Polygon","coordinates":[[[101.9368,15.1001],[101.934,15.0999],[101.9334,15.0988],[101.9323,15.0986],[101.9323,15.0975],[101.9334,15.0969],[101.9334,15.0961],[101.9348,15.0961],[101.9351,15.0953],[101.937,15.0955],[101.9373,15.0934],[101.9381,15.0925],[101.9389,15.0925],[101.9406,15.0941],[101.9395,15.0974],[101.939,15.0979],[101.9373,15.0982],[101.9368,15.0988],[101.9368,15.1001]],[[101.9376,15.0969],[101.9379,15.0971],[101.9379,15.0969],[101.9376,15.0969]],[[101.9384,15.0958],[101.9387,15.096],[101.9387,15.0958],[101.9384,15.0958]]]}},{"type":"Feature","properties":{"kind":"seasonal","area_km2":0.368,"date":"2026-10-09"},"geometry":{"type":"Polygon","coordinates":[[[101.0935,15.1212],[101.0929,15.1204],[101.0918,15.1198],[101.0896,15.1201],[101.0893,15.1196],[101.0884,15.1196],[101.0879,15.1185],[101.0879,15.1174],[101.0887,15.1174],[101.0884,15.1166],[101.0878,15.1166],[101.0878,15.1147],[101.0884,15.1144],[101.0884,15.1139],[101.0909,15.1139],[101.0912,15.1131],[101.092,15.1136],[101.0909,15.1144],[101.0923,15.116],[101.0923,15.1171],[101.0918,15.1174],[101.092,15.1182],[101.0937,15.1185],[101.0937,15.1201],[101.0943,15.1198],[101.0943,15.1187],[101.0954,15.1187],[101.0962,15.1179],[101.0962,15.119],[101.0954,15.119],[101.0954,15.1209],[101.0935,15.1212]]]}},{"type":"Feature","properties":{"kind":"seasonal","area_km2":0.361,"date":"2026-10-04"},"geometry":{"type":"Polygon","coordinates":[[[101.7012,15.6241],[101.7012,15.6231],[101.7017,15.6225],[101.7012,15.6225],[101.7009,15.6231],[101.6995,15.6228],[101.6997,15.6209],[101.7003,15.6206],[101.7003,15.619],[101.6994,15.6185],[101.6994,15.6166],[101.7014,15.6168],[101.7014,15.6174],[101.7019,15.6174],[101.7042,15.6195],[101.7059,15.6195],[101.7064,15.6205],[101.7065,15.6214],[101.7053,15.6211],[101.7054,15.6225],[101.7059,15.6227],[101.7048,15.6227],[101.7048,15.6233],[101.7042,15.6233],[101.7042,15.6227],[101.704,15.6227],[101.704,15.6233],[101.7034,15.623],[101.7029,15.6238],[101.7012,15.6241]],[[101.7037,15.6225],[101.704,15.6227],[101.704,15.6225],[101.7037,15.6225]],[[101.7034,15.6222],[101.7037,15.6225],[101.7037,15.6222],[101.7034,15.6222]],[[101.7028,15.6222],[101.7034,15.6222],[101.7034,15.6217],[101.7031,15.6217],[101.7028,15.6222]],[[101.702,15.6198],[101.7022,15.6203],[101.7022,15.6198],[101.702,15.6198]]]}},{"type":"Feature","properties":{"kind":"seasonal","area_km2":0.337,"date":"2026-10-04"},"geometry":{"type":"Polygon","coordinates":[[[101.8738,15.5344],[101.8702,15.5342],[101.8699,15.5337],[101.8693,15.5315],[101.8696,15.5302],[101.8701,15.5301],[101.8707,15.5293],[101.8724,15.5293],[101.8727,15.5298],[101.8729,15.5293],[101.8754,15.5295],[101.8763,15.533],[101.8741,15.5339],[101.8738,15.5344]],[[101.871,15.5304],[101.8713,15.5307],[101.8713,15.5304],[101.871,15.5304]]]}},{"type":"Feature","properties":{"kind":"seasonal","area_km2":0.329,"date":"2026-10-04"},"geometry":{"type":"Polygon","coordinates":[[[101.8604,15.6105],[101.8601,15.6094],[101.8606,15.6094],[101.8606,15.6088],[101.8595,15.6091],[101.8584,15.6089],[101.8584,15.6081],[101.857,15.6081],[101.8567,15.6067],[101.8558,15.6065],[101.8561,15.6054],[101.8575,15.6054],[101.8575,15.6059],[101.8592,15.607],[101.8592,15.6064],[101.86,15.6056],[101.8606,15.6056],[101.8608,15.605],[101.862,15.605],[101.8625,15.6034],[101.8642,15.6034],[101.865,15.6042],[101.865,15.6053],[101.8642,15.6053],[101.8637,15.6072],[101.8628,15.6075],[101.8628,15.6083],[101.8623,15.6085],[101.8623,15.6094],[101.8615,15.6096],[101.8615,15.6105],[101.8604,15.6105]],[[101.8617,15.6075],[101.8626,15.6075],[101.8626,15.6072],[101.8614,15.6067],[101.8617,15.6075]],[[101.862,15.6058],[101.8625,15.6061],[101.8625,15.6058],[101.862,15.6058]]]}},{"type":"Feature","properties":{"kind":"seasonal","area_km2":0.291,"date":"2026-10-04"},"geometry":{"type":"Polygon","coordinates":[[[101.5911,15.5645],[101.5911,15.5637],[101.5919,15.5634],[101.5919,15.5593],[101.591,15.5593],[101.5893,15.5572],[101.5879,15.5572],[101.5879,15.5564],[101.5904,15.5564],[101.5904,15.555],[101.5913,15.5542],[101.5921,15.5542],[101.5918,15.5558],[101.5946,15.5555],[101.5949,15.5547],[101.596,15.5541],[101.5974,15.5541],[101.5994,15.5549],[101.5994,15.5584],[101.5991,15.5557],[101.598,15.5555],[101.5977,15.5549],[101.5966,15.5555],[101.596,15.5566],[101.5941,15.5563],[101.5941,15.5569],[101.593,15.5569],[101.593,15.5574],[101.5921,15.5577],[101.5913,15.5574],[101.5913,15.5566],[101.5902,15.5569],[101.591,15.5585],[101.5921,15.5585],[101.5927,15.5593],[101.5936,15.5596],[101.5936,15.5601],[101.5927,15.5601],[101.5922,15.5604],[101.5922,15.5612],[101.593,15.5615],[101.593,15.5626],[101.5922,15.5634],[101.593,15.5634],[101.593,15.5639],[101.5928,15.5645],[101.5911,15.5645]],[[101.5924,15.5599],[101.5927,15.5601],[101.5927,15.5599],[101.5924,15.5599]]]}},{"type":"Feature","properties":{"kind":"seasonal","area_km2":0.264,"date":"2026-10-04"},"geometry":{"type":"Polygon","coordinates":[[[101.8655,15.6185],[101.8655,15.618],[101.8647,15.6175],[101.8646,15.6158],[101.8641,15.6158],[101.8641,15.6153],[101.8635,15.615],[101.8635,15.614],[101.8629,15.614],[101.8629,15.6129],[101.8651,15.6131],[101.8652,15.6137],[101.8654,15.6131],[101.8685,15.6136],[101.8686,15.6174],[101.8677,15.6174],[101.8677,15.6182],[101.8672,15.6185],[101.8655,15.6185]]]}},{"type":"Feature","properties":{"kind":"seasonal","area_km2":0.263,"date":"2026-10-04"},"geometry":{"type":"Polygon","coordinates":[[[101.847,15.1601],[101.8469,15.1584],[101.8461,15.1576],[101.8461,15.1555],[101.8472,15.1536],[101.8491,15.1533],[101.8491,15.1538],[101.8497,15.1541],[101.8497,15.156],[101.8503,15.1562],[101.8503,15.1579],[101.8497,15.1579],[101.85,15.1595],[101.8486,15.1601],[101.847,15.1601]],[[101.8472,15.1549],[101.848,15.1552],[101.848,15.1549],[101.8472,15.1549]]]}},{"type":"Feature","properties":{"kind":"seasonal","area_km2":0.261,"date":"2026-10-04"},"geometry":{"type":"Polygon","coordinates":[[[101.9257,15.1661],[101.9246,15.165],[101.9246,15.164],[101.9251,15.1631],[101.9248,15.1612],[101.929,15.1612],[101.9293,15.1634],[101.9296,15.1642],[101.9304,15.1647],[101.9304,15.1655],[101.9296,15.1661],[101.9257,15.1661]],[[101.9288,15.1655],[101.9299,15.1655],[101.9299,15.1647],[101.9285,15.1647],[101.9288,15.1655]],[[101.9248,15.1642],[101.9251,15.165],[101.9251,15.1642],[101.9248,15.1642]]]}},{"type":"Feature","properties":{"kind":"seasonal","area_km2":0.252,"date":"2026-10-04"},"geometry":{"type":"Polygon","coordinates":[[[101.8055,15.7881],[101.8024,15.7871],[101.8024,15.7846],[101.8029,15.7841],[101.8085,15.7848],[101.8088,15.7878],[101.8055,15.7881]]]}},{"type":"Feature","properties":{"kind":"seasonal","area_km2":0.25,"date":"2026-10-09"},"geometry":{"type":"Polygon","coordinates":[[[101.111,15.4528],[101.1093,15.4523],[101.1093,15.4512],[101.1085,15.4512],[101.1085,15.4525],[101.1077,15.4526],[101.1077,15.4515],[101.1071,15.4512],[101.1073,15.449],[101.1085,15.449],[101.109,15.4485],[101.1104,15.4485],[101.1112,15.4479],[101.1124,15.4479],[101.1129,15.4484],[101.1129,15.449],[101.1135,15.4492],[101.1135,15.4501],[101.1124,15.4501],[101.1124,15.4506],[101.113,15.4506],[101.113,15.4517],[101.111,15.4528]],[[101.1104,15.4512],[101.111,15.4512],[101.111,15.4506],[101.1104,15.4506],[101.1104,15.4512]]]}},{"type":"Feature","properties":{"kind":"seasonal","area_km2":0.248,"date":"2026-10-04"},"geometry":{"type":"Polygon","coordinates":[[[101.877,15.6184],[101.877,15.6178],[101.8758,15.6179],[101.8755,15.617],[101.8742,15.6171],[101.8741,15.6165],[101.8736,15.6163],[101.8725,15.6165],[101.8722,15.6157],[101.8716,15.6157],[101.8716,15.6133],[101.8744,15.6133],[101.8752,15.6141],[101.8755,15.6154],[101.8775,15.6154],[101.8778,15.6165],[101.878,15.6157],[101.8794,15.6156],[101.8795,15.6181],[101.877,15.6184]],[[101.873,15.6152],[101.875,15.616],[101.8747,15.6152],[101.873,15.6152]]]}},{"type":"Feature","properties":{"kind":"seasonal","area_km2":0.236,"date":"2026-10-09"},"geometry":{"type":"Polygon","coordinates":[[[101.0114,15.113],[101.0111,15.1116],[101.0099,15.1111],[101.0099,15.1103],[101.0077,15.1103],[101.0077,15.1089],[101.0071,15.1089],[101.0066,15.1076],[101.006,15.1076],[101.006,15.107],[101.0052,15.1065],[101.0054,15.1052],[101.0077,15.1062],[101.0077,15.107],[101.0068,15.1068],[101.0068,15.1073],[101.0077,15.1076],[101.008,15.1095],[101.0091,15.1097],[101.0102,15.1086],[101.0116,15.1084],[101.0113,15.1073],[101.0119,15.1075],[101.0116,15.1089],[101.013,15.1092],[101.013,15.1102],[101.0124,15.1108],[101.0136,15.1108],[101.0141,15.1124],[101.013,15.113],[101.0114,15.113]],[[101.0113,15.1111],[101.0116,15.1113],[101.0116,15.1111],[101.0113,15.1111]],[[101.0119,15.1108],[101.0122,15.1111],[101.0122,15.1108],[101.0119,15.1108]],[[101.0102,15.11],[101.0108,15.11],[101.011,15.1094],[101.0105,15.1094],[101.0102,15.11]]]}},{"type":"Feature","properties":{"kind":"seasonal","area_km2":0.23,"date":"2026-10-04"},"geometry":{"type":"Polygon","coordinates":[[[101.8774,15.61],[101.8763,15.6089],[101.8754,15.6089],[101.8754,15.6062],[101.8774,15.6062],[101.8773,15.6051],[101.8782,15.6051],[101.8782,15.6062],[101.8793,15.6062],[101.8793,15.6045],[101.8798,15.6045],[101.8798,15.604],[101.881,15.604],[101.8813,15.605],[101.8821,15.6053],[101.8821,15.6061],[101.8807,15.6059],[101.8807,15.6072],[101.8802,15.6072],[101.8796,15.6089],[101.8791,15.6094],[101.8782,15.6094],[101.8782,15.61],[101.8774,15.61]],[[101.878,15.6092],[101.8782,15.6094],[101.8782,15.6092],[101.878,15.6092]],[[101.8774,15.6081],[101.8779,15.6081],[101.8782,15.6075],[101.8774,15.6073],[101.8774,15.6081]],[[101.8793,15.6072],[101.8799,15.6072],[101.8799,15.6064],[101.8793,15.6064],[101.8793,15.6072]]]}},{"type":"Feature","properties":{"kind":"seasonal","area_km2":0.22,"date":"2026-10-09"},"geometry":{"type":"Polygon","coordinates":[[[101.0135,15.0433],[101.0129,15.0417],[101.0126,15.0425],[101.0112,15.0425],[101.011,15.0419],[101.0104,15.0425],[101.0087,15.0425],[101.0087,15.0406],[101.0082,15.0403],[101.0081,15.0393],[101.0101,15.039],[101.0107,15.0395],[101.0115,15.0395],[101.0118,15.04],[101.0143,15.0408],[101.0149,15.0416],[101.0157,15.0419],[101.0157,15.0433],[101.0135,15.0433]]]}},{"type":"Feature","properties":{"kind":"seasonal","area_km2":0.218,"date":"2026-10-04"},"geometry":{"type":"Polygon","coordinates":[[[101.9852,15.2501],[101.9824,15.2499],[101.9821,15.2494],[101.9807,15.2496],[101.981,15.2483],[101.9835,15.2485],[101.9835,15.248],[101.9815,15.2477],[101.9815,15.2467],[101.9824,15.2466],[101.9824,15.2472],[101.9835,15.2472],[101.9835,15.2477],[101.9846,15.2477],[101.9843,15.2463],[101.9857,15.2461],[101.9857,15.2466],[101.9874,15.2468],[101.9871,15.245],[101.989,15.2449],[101.989,15.2463],[101.9885,15.2463],[101.9882,15.2479],[101.9857,15.2477],[101.9852,15.2501]]]}},{"type":"Feature","properties":{"kind":"seasonal","area_km2":0.214,"date":"2026-10-04"},"geometry":{"type":"Polygon","coordinates":[[[101.6326,15.6849],[101.6312,15.6841],[101.6276,15.6841],[101.627,15.683],[101.6256,15.683],[101.6253,15.6825],[101.6245,15.6833],[101.6228,15.6833],[101.6228,15.6828],[101.6222,15.6825],[101.6225,15.6817],[101.6219,15.6817],[101.6225,15.6812],[101.6219,15.6788],[101.623,15.679],[101.623,15.6796],[101.6239,15.6801],[101.6242,15.6814],[101.6267,15.6811],[101.6267,15.6819],[101.6284,15.6833],[101.6317,15.6827],[101.6329,15.684],[101.6326,15.6849]]]}},{"type":"Feature","properties":{"kind":"seasonal","area_km2":0.203,"date":"2026-10-04"},"geometry":{"type":"Polygon","coordinates":[[[101.5426,15.5065],[101.5426,15.5057],[101.5417,15.5055],[101.542,15.503],[101.5409,15.5025],[101.5397,15.5028],[101.5397,15.5017],[101.5403,15.5011],[101.54,15.5003],[101.5408,15.5003],[101.5408,15.5011],[101.5417,15.5014],[101.5434,15.5011],[101.5434,15.5027],[101.5428,15.5027],[101.5428,15.5033],[101.5445,15.5035],[101.5445,15.5024],[101.5453,15.5016],[101.5453,15.5005],[101.5459,15.5],[101.5464,15.4978],[101.5467,15.5002],[101.5459,15.5005],[101.5462,15.5016],[101.5453,15.5019],[101.5451,15.5043],[101.5442,15.5046],[101.5442,15.5054],[101.5434,15.5065],[101.5426,15.5065]],[[101.5431,15.5044],[101.544,15.5041],[101.5439,15.5038],[101.5428,15.5038],[101.5431,15.5044]]]}},{"type":"Feature","properties":{"kind":"seasonal","area_km2":0.202,"date":"2026-10-04"},"geometry":{"type":"Polygon","coordinates":[[[101.9006,15.6517],[101.9006,15.6492],[101.8986,15.6487],[101.8986,15.6482],[101.8992,15.6479],[101.9006,15.6479],[101.9005,15.6446],[101.8991,15.6444],[101.8988,15.6436],[101.9008,15.643],[101.9011,15.6419],[101.9005,15.6406],[101.9008,15.64],[101.9013,15.64],[101.9016,15.6384],[101.9021,15.6384],[101.9022,15.64],[101.9027,15.64],[101.9027,15.6405],[101.9022,15.6405],[101.9027,15.6408],[101.9027,15.6413],[101.9022,15.6413],[101.9016,15.6427],[101.9022,15.6457],[101.9011,15.646],[101.9009,15.6484],[101.9012,15.6506],[101.9023,15.6508],[101.9006,15.6517]]]}},{"type":"Feature","properties":{"kind":"seasonal","area_km2":0.2,"date":"2026-10-09"},"geometry":{"type":"Polygon","coordinates":[[[101.0904,15.8718],[101.0898,15.8712],[101.0859,15.8716],[101.0853,15.8694],[101.0865,15.8694],[101.087,15.8691],[101.087,15.8686],[101.089,15.8685],[101.0912,15.8696],[101.0921,15.8696],[101.0926,15.8701],[101.0926,15.8718],[101.0904,15.8718]],[[101.0909,15.8699],[101.0915,15.8701],[101.0915,15.8699],[101.0909,15.8699]],[[101.0893,15.8696],[101.0907,15.8699],[101.0907,15.8696],[101.0893,15.8696]]]}},{"type":"Feature","properties":{"kind":"seasonal","area_km2":0.2,"date":"2026-10-09"},"geometry":{"type":"Polygon","coordinates":[[[101.0094,15.0249],[101.0088,15.0243],[101.0088,15.0224],[101.0097,15.0222],[101.0096,15.0203],[101.0088,15.0203],[101.0088,15.0192],[101.0099,15.0189],[101.0102,15.02],[101.0113,15.0203],[101.0113,15.0216],[101.0127,15.0219],[101.0133,15.0224],[101.0136,15.0243],[101.0114,15.024],[101.0114,15.0246],[101.0108,15.0249],[101.0094,15.0249]]]}},{"type":"Feature","properties":{"kind":"seasonal","area_km2":0.198,"date":"2026-10-04"},"geometry":{"type":"Polygon","coordinates":[[[101.6055,15.7486],[101.6052,15.7475],[101.6046,15.7475],[101.6043,15.747],[101.6054,15.7451],[101.6065,15.7451],[101.6074,15.7459],[101.6079,15.7453],[101.6082,15.7467],[101.6088,15.7467],[101.6099,15.7453],[101.6085,15.7453],[101.6085,15.7442],[101.6116,15.7442],[101.6118,15.7436],[101.6127,15.7439],[101.6124,15.7447],[101.6107,15.7447],[101.611,15.7455],[101.6102,15.7461],[101.6099,15.7477],[101.6094,15.7477],[101.6091,15.7483],[101.6085,15.7483],[101.6077,15.7469],[101.6068,15.7469],[101.6071,15.7486],[101.6055,15.7486]],[[101.6054,15.7478],[101.6057,15.748],[101.6057,15.7478],[101.6054,15.7478]],[[101.6096,15.7458],[101.6102,15.7461],[101.6102,15.7458],[101.6096,15.7458]]]}},{"type":"Feature","properties":{"kind":"seasonal","area_km2":0.191,"date":"2026-10-04"},"geometry":{"type":"Polygon","coordinates":[[[101.8905,15.5835],[101.8888,15.5819],[101.8871,15.5822],[101.8871,15.5811],[101.8865,15.5811],[101.8868,15.5792],[101.8879,15.5795],[101.8884,15.5784],[101.8895,15.5784],[101.8896,15.5795],[101.891,15.5795],[101.891,15.5803],[101.8915,15.5805],[101.8916,15.5832],[101.8905,15.5835]]]}},{"type":"Feature","properties":{"kind":"seasonal","area_km2":0.19,"date":"2026-10-04"},"geometry":{"type":"Polygon","coordinates":[[[101.9134,15.6612],[101.9122,15.6602],[101.9106,15.6607],[101.9103,15.6599],[101.9069,15.6584],[101.9058,15.6586],[101.9055,15.6592],[101.9044,15.6592],[101.9041,15.6584],[101.9007,15.6587],[101.9002,15.6582],[101.9002,15.6574],[101.8993,15.6571],[101.8987,15.656],[101.8996,15.656],[101.8999,15.6565],[101.9004,15.6565],[101.9027,15.6581],[101.9058,15.6584],[101.9069,15.6578],[101.9086,15.6586],[101.9094,15.6583],[101.9105,15.6594],[101.9122,15.6596],[101.9139,15.6596],[101.9139,15.6591],[101.915,15.6591],[101.9156,15.6604],[101.915,15.6604],[101.9142,15.6612],[101.9134,15.6612]]]}},{"type":"Feature","properties":{"kind":"seasonal","area_km2":0.186,"date":"2026-10-04"},"geometry":{"type":"Polygon","coordinates":[[[101.9065,15.6302],[101.9056,15.6297],[101.9056,15.6275],[101.9045,15.6267],[101.9045,15.6253],[101.9053,15.6253],[101.9062,15.6264],[101.907,15.6264],[101.9067,15.6283],[101.9081,15.6285],[101.9095,15.628],[101.909,15.628],[101.9087,15.6272],[101.9073,15.6275],[101.9073,15.6261],[101.9101,15.6261],[101.9098,15.6277],[101.9106,15.628],[101.9104,15.6293],[101.9081,15.6291],[101.9079,15.6302],[101.9065,15.6302]]]}},{"type":"Feature","properties":{"kind":"seasonal","area_km2":0.182,"date":"2026-10-04"},"geometry":{"type":"Polygon","coordinates":[[[101.9397,15.7064],[101.9397,15.7056],[101.9389,15.7048],[101.9377,15.7048],[101.9377,15.704],[101.9388,15.7024],[101.9405,15.7015],[101.9419,15.7015],[101.9422,15.7056],[101.9411,15.7064],[101.9397,15.7064]]]}},{"type":"Feature","properties":{"kind":"seasonal","area_km2":0.181,"date":"2026-10-04"},"geometry":{"type":"Polygon","coordinates":[[[101.8048,15.3047],[101.8051,15.3031],[101.8045,15.3031],[101.8045,15.301],[101.8056,15.3001],[101.8078,15.2998],[101.8075,15.3012],[101.8087,15.302],[101.8098,15.3017],[101.8098,15.3025],[101.809,15.3028],[101.809,15.3036],[101.8065,15.3036],[101.8056,15.3039],[101.8056,15.3047],[101.8048,15.3047]]]}},{"type":"Feature","properties":{"kind":"seasonal","area_km2":0.179,"date":"2026-10-04"},"geometry":{"type":"Polygon","coordinates":[[[101.9899,15.2495],[101.9902,15.2476],[101.9896,15.2468],[101.9896,15.2455],[101.9913,15.2452],[101.991,15.2441],[101.9918,15.2441],[101.9924,15.2443],[101.9918,15.2473],[101.9924,15.2476],[101.993,15.2468],[101.9944,15.247],[101.9949,15.2476],[101.9949,15.2489],[101.9935,15.2489],[101.9933,15.2484],[101.9927,15.2484],[101.9913,15.2495],[101.9899,15.2495]]]}},{"type":"Feature","properties":{"kind":"seasonal","area_km2":0.175,"date":"2026-10-04"},"geometry":{"type":"Polygon","coordinates":[[[101.7695,15.7964],[101.7692,15.7951],[101.77,15.794],[101.7748,15.7934],[101.7762,15.7942],[101.7759,15.7955],[101.7695,15.7964]]]}},{"type":"Feature","properties":{"kind":"seasonal","area_km2":0.174,"date":"2026-10-04"},"geometry":{"type":"Polygon","coordinates":[[[101.8761,15.6574],[101.8764,15.656],[101.8747,15.6563],[101.8747,15.6558],[101.8733,15.6555],[101.873,15.6545],[101.8721,15.6539],[101.8721,15.6531],[101.8738,15.6528],[101.8738,15.6515],[101.8749,15.6515],[101.8749,15.652],[101.8758,15.652],[101.8758,15.6539],[101.8741,15.6536],[101.8738,15.6545],[101.8769,15.6544],[101.8772,15.6558],[101.8778,15.6558],[101.8778,15.6571],[101.8761,15.6574]]]}},{"type":"Feature","properties":{"kind":"seasonal","area_km2":0.172,"date":"2026-10-04"},"geometry":{"type":"Polygon","coordinates":[[[101.8874,15.2208],[101.8865,15.2194],[101.8863,15.2203],[101.8849,15.2203],[101.8849,15.2195],[101.886,15.2195],[101.886,15.2181],[101.8849,15.2181],[101.8846,15.2176],[101.8848,15.2157],[101.8879,15.2156],[101.8882,15.2162],[101.8879,15.2173],[101.8868,15.2173],[101.8868,15.2184],[101.8888,15.2181],[101.8888,15.2208],[101.8874,15.2208]]]}},{"type":"Feature","properties":{"kind":"seasonal","area_km2":0.171,"date":"2026-10-04"},"geometry":{"type":"Polygon","coordinates":[[[101.5435,15.4913],[101.5435,15.4908],[101.5424,15.4903],[101.5426,15.4881],[101.5401,15.4873],[101.5401,15.486],[101.5381,15.4854],[101.5381,15.486],[101.5368,15.4868],[101.534,15.4868],[101.534,15.4874],[101.5345,15.4876],[101.5346,15.4912],[101.534,15.4893],[101.5331,15.4885],[101.5331,15.4871],[101.5345,15.486],[101.5365,15.4857],[101.5373,15.4849],[101.5387,15.4849],[101.5395,15.4857],[101.5412,15.4859],[101.5418,15.4868],[101.5426,15.487],[101.5429,15.4889],[101.5438,15.4905],[101.5435,15.4913]]]}},{"type":"Feature","properties":{"kind":"seasonal","area_km2":0.166,"date":"2026-10-09"},"geometry":{"type":"Polygon","coordinates":[[[100.9913,15.1221],[100.9913,15.1191],[100.9922,15.1188],[100.9921,15.118],[100.993,15.1177],[100.9933,15.1169],[100.9946,15.1164],[100.9949,15.1147],[100.9955,15.1145],[100.9957,15.1134],[100.9963,15.1134],[100.9966,15.1126],[100.9974,15.1125],[100.9974,15.1134],[100.9963,15.1142],[100.9957,15.1153],[100.9958,15.1172],[100.9949,15.1174],[100.9955,15.1193],[100.9947,15.1193],[100.9938,15.1183],[100.9933,15.1183],[100.9924,15.1202],[100.9925,15.1221],[100.9913,15.1221]]]}},{"type":"Feature","properties":{"kind":"seasonal","area_km2":0.165,"date":"2026-10-09"},"geometry":{"type":"Polygon","coordinates":[[[101.0906,15.138],[101.0892,15.1367],[101.0891,15.1353],[101.0908,15.1347],[101.0908,15.1334],[101.0919,15.1331],[101.0925,15.135],[101.0936,15.1347],[101.0939,15.1363],[101.0933,15.1366],[101.0933,15.1372],[101.0922,15.1372],[101.092,15.138],[101.0906,15.138]],[[101.0922,15.1358],[101.0925,15.1361],[101.0925,15.1358],[101.0922,15.1358]]]}},{"type":"Feature","properties":{"kind":"seasonal","area_km2":0.158,"date":"2026-10-04"},"geometry":{"type":"Polygon","coordinates":[[[101.5314,15.5075],[101.5305,15.5029],[101.5325,15.5028],[101.5322,15.5018],[101.5333,15.5012],[101.533,15.4993],[101.5347,15.4988],[101.5346,15.4974],[101.5352,15.4963],[101.5371,15.4952],[101.5374,15.4944],[101.538,15.496],[101.5363,15.4963],[101.5349,15.4982],[101.535,15.4993],[101.5344,15.4993],[101.5336,15.5004],[101.5339,15.5036],[101.5314,15.5037],[101.5314,15.5053],[101.5322,15.5058],[101.5322,15.5066],[101.5314,15.5075]]]}},{"type":"Feature","properties":{"kind":"seasonal","area_km2":0.157,"date":"2026-10-09"},"geometry":{"type":"Polygon","coordinates":[[[101.0728,15.0289],[101.0728,15.0276],[101.0744,15.0275],[101.0744,15.0232],[101.0761,15.0232],[101.0761,15.0289],[101.0728,15.0289]]]}},{"type":"Feature","properties":{"kind":"seasonal","area_km2":0.153,"date":"2026-10-04"},"geometry":{"type":"Polygon","coordinates":[[[101.9706,15.9059],[101.9703,15.9054],[101.9681,15.9046],[101.968,15.9032],[101.9689,15.9032],[101.9692,15.9027],[101.9669,15.9024],[101.9669,15.9],[101.9677,15.9],[101.9677,15.9008],[101.9689,15.9011],[101.9697,15.9008],[101.9697,15.9002],[101.9691,15.9],[101.9697,15.9],[101.9697,15.8994],[101.9705,15.8994],[101.9702,15.9002],[101.9711,15.9002],[101.9708,15.9021],[101.9705,15.9008],[101.9691,15.9011],[101.9691,15.9016],[101.9677,15.9014],[101.9683,15.9019],[101.9694,15.9019],[101.9697,15.903],[101.9703,15.9032],[101.9703,15.9038],[101.9689,15.904],[101.97,15.9043],[101.9706,15.9054],[101.9717,15.9051],[101.9711,15.904],[101.9717,15.904],[101.972,15.9048],[101.9725,15.904],[101.9734,15.904],[101.9742,15.9048],[101.9737,15.9051],[101.9734,15.9045],[101.9725,15.9045],[101.9723,15.9054],[101.9706,15.9059]],[[101.9689,15.9043],[101.9692,15.9046],[101.9692,15.9043],[101.9689,15.9043]]]}},{"type":"Feature","properties":{"kind":"seasonal","area_km2":0.151,"date":"2026-10-09"},"geometry":{"type":"Polygon","coordinates":[[[101.256,16.0051],[101.2557,16.0046],[101.2549,16.0046],[101.254,16.0005],[101.2562,16.0005],[101.2563,16.0029],[101.2571,16.0035],[101.2591,16.0034],[101.2596,16.004],[101.2596,16.0051],[101.256,16.0051]]]}},{"type":"Feature","properties":{"kind":"seasonal","area_km2":0.151,"date":"2026-10-04"},"geometry":{"type":"Polygon","coordinates":[[[101.787,15.3069],[101.7867,15.3047],[101.7892,15.3044],[101.7894,15.3049],[101.7942,15.3049],[101.7942,15.3065],[101.792,15.306],[101.787,15.3069]]]}},{"type":"Feature","properties":{"kind":"seasonal","area_km2":0.141,"date":"2026-10-09"},"geometry":{"type":"Polygon","coordinates":[[[101.0861,15.1112],[101.0858,15.1082],[101.0864,15.1077],[101.0892,15.1077],[101.0897,15.1106],[101.0881,15.1112],[101.0861,15.1112]]]}},{"type":"Feature","properties":{"kind":"seasonal","area_km2":0.135,"date":"2026-10-04"},"geometry":{"type":"Polygon","coordinates":[[[101.9193,15.6639],[101.9187,15.6631],[101.9187,15.662],[101.9181,15.662],[101.9181,15.6628],[101.917,15.6628],[101.917,15.6623],[101.9164,15.6623],[101.9164,15.6615],[101.9175,15.6606],[101.9175,15.6601],[101.9184,15.6593],[101.9192,15.6593],[101.9198,15.6603],[101.9209,15.6611],[101.9209,15.662],[101.9198,15.6628],[101.9201,15.6639],[101.9193,15.6639]]]}},{"type":"Feature","properties":{"kind":"seasonal","area_km2":0.133,"date":"2026-10-04"},"geometry":{"type":"Polygon","coordinates":[[[101.9529,15.5702],[101.9529,15.5697],[101.9523,15.5694],[101.9525,15.567],[101.9531,15.5664],[101.9548,15.5664],[101.9554,15.5678],[101.9565,15.5683],[101.9565,15.5694],[101.9529,15.5702]]]}},{"type":"Feature","properties":{"kind":"seasonal","area_km2":0.131,"date":"2026-10-04"},"geometry":{"type":"Polygon","coordinates":[[[101.5277,15.4994],[101.5285,15.4986],[101.5291,15.4986],[101.5296,15.4975],[101.5285,15.4964],[101.5285,15.4956],[101.5276,15.495],[101.5276,15.4945],[101.5271,15.4945],[101.5268,15.4937],[101.5257,15.4937],[101.5259,15.4921],[101.5268,15.4921],[101.5284,15.4931],[101.5293,15.4923],[101.5293,15.4915],[101.5298,15.4912],[101.5299,15.4942],[101.5279,15.4937],[101.5279,15.4931],[101.5276,15.494],[101.5285,15.4948],[101.529,15.4964],[101.5304,15.4966],[101.5305,15.498],[101.5299,15.4983],[101.5299,15.4994],[101.5277,15.4994]]]}},{"type":"Feature","properties":{"kind":"seasonal","area_km2":0.13,"date":"2026-10-04"},"geometry":{"type":"Polygon","coordinates":[[[101.8843,15.5858],[101.884,15.5852],[101.8835,15.5852],[101.8832,15.5844],[101.8829,15.5852],[101.8821,15.5844],[101.8821,15.5836],[101.8832,15.5836],[101.8832,15.5815],[101.8851,15.5817],[101.8851,15.5822],[101.8868,15.5833],[101.8868,15.5838],[101.8852,15.5844],[101.8849,15.5858],[101.8843,15.5858]]]}},{"type":"Feature","properties":{"kind":"seasonal","area_km2":0.128,"date":"2026-10-04"},"geometry":{"type":"Polygon","coordinates":[[[101.9771,15.2505],[101.9754,15.2497],[101.9754,15.2486],[101.9762,15.2483],[101.9768,15.2456],[101.9782,15.2456],[101.9782,15.2462],[101.979,15.2464],[101.979,15.2478],[101.9779,15.2478],[101.9785,15.2505],[101.9771,15.2505]]]}},{"type":"Feature","properties":{"kind":"seasonal","area_km2":0.122,"date":"2026-10-04"},"geometry":{"type":"Polygon","coordinates":[[[101.8495,15.0752],[101.8489,15.0747],[101.8489,15.0723],[101.8502,15.0717],[101.8522,15.0717],[101.8522,15.0736],[101.8517,15.0749],[101.8495,15.0752]]]}},{"type":"Feature","properties":{"kind":"seasonal","area_km2":0.121,"date":"2026-10-04"},"geometry":{"type":"Polygon","coordinates":[[[101.9802,15.7175],[101.9801,15.7143],[101.9809,15.7134],[101.9837,15.7137],[101.9838,15.715],[101.9829,15.7156],[101.9827,15.7169],[101.9818,15.7175],[101.9802,15.7175]],[[101.9804,15.717],[101.9807,15.7172],[101.9807,15.717],[101.9804,15.717]],[[101.9813,15.7167],[101.9816,15.7172],[101.9815,15.7167],[101.9813,15.7167]],[[101.9813,15.7159],[101.9815,15.7164],[101.9815,15.7159],[101.9813,15.7159]],[[101.9815,15.7156],[101.9821,15.7159],[101.9821,15.7156],[101.9815,15.7156]],[[101.9804,15.7151],[101.9815,15.7148],[101.9818,15.7142],[101.981,15.7142],[101.9804,15.7151]],[[101.9815,15.7148],[101.9818,15.715],[101.9818,15.7148],[101.9815,15.7148]],[[101.9826,15.7145],[101.9829,15.7148],[101.9829,15.7145],[101.9826,15.7145]],[[101.9829,15.7142],[101.9832,15.7145],[101.9832,15.7142],[101.9829,15.7142]],[[101.9818,15.714],[101.9821,15.7142],[101.9821,15.714],[101.9818,15.714]],[[101.9823,15.714],[101.9829,15.7142],[101.9829,15.7139],[101.9823,15.714]]]}},{"type":"Feature","properties":{"kind":"seasonal","area_km2":0.12,"date":"2026-10-09"},"geometry":{"type":"Polygon","coordinates":[[[101.1126,15.5276],[101.1115,15.5271],[101.1115,15.5252],[101.1109,15.5249],[101.1112,15.5238],[101.1137,15.5238],[101.1143,15.5243],[101.114,15.5273],[101.1126,15.5276]]]}},{"type":"Feature","properties":{"kind":"seasonal","area_km2":0.118,"date":"2026-10-04"},"geometry":{"type":"Polygon","coordinates":[[[101.8989,15.6671],[101.8947,15.6669],[101.8947,15.6658],[101.8958,15.6653],[101.8963,15.6645],[101.8972,15.6644],[101.8977,15.665],[101.8989,15.6647],[101.8989,15.6652],[101.8994,15.6655],[101.8989,15.6671]]]}},{"type":"Feature","properties":{"kind":"seasonal","area_km2":0.118,"date":"2026-10-04"},"geometry":{"type":"Polygon","coordinates":[[[101.9024,15.1136],[101.9018,15.113],[101.9018,15.1095],[101.9032,15.1095],[101.9037,15.1103],[101.9057,15.1103],[101.9057,15.1111],[101.9052,15.1111],[101.9052,15.1116],[101.9046,15.1117],[101.9046,15.1122],[101.9035,15.1128],[101.9032,15.1136],[101.9024,15.1136]],[[101.9021,15.1128],[101.9027,15.113],[101.9027,15.1128],[101.9021,15.1128]],[[101.9032,15.1111],[101.9035,15.1114],[101.9035,15.1111],[101.9032,15.1111]]]}},{"type":"Feature","properties":{"kind":"seasonal","area_km2":0.117,"date":"2026-10-04"},"geometry":{"type":"Polygon","coordinates":[[[101.9422,15.666],[101.9416,15.6617],[101.9433,15.6617],[101.9438,15.6619],[101.9439,15.6625],[101.9444,15.6625],[101.9444,15.663],[101.945,15.663],[101.945,15.6638],[101.9439,15.6644],[101.9436,15.666],[101.9422,15.666]],[[101.9428,15.6641],[101.9433,15.6644],[101.9433,15.6641],[101.9428,15.6641]]]}},{"type":"Feature","properties":{"kind":"seasonal","area_km2":0.116,"date":"2026-10-04"},"geometry":{"type":"Polygon","coordinates":[[[101.6166,15.743],[101.6168,15.742],[101.616,15.7417],[101.616,15.7411],[101.6177,15.7409],[101.6168,15.7376],[101.6185,15.7379],[101.619,15.737],[101.6199,15.737],[101.6202,15.7387],[101.619,15.7389],[101.6191,15.74],[101.6185,15.74],[101.6185,15.7408],[101.6177,15.7419],[101.6177,15.743],[101.6166,15.743]],[[101.6182,15.7392],[101.6185,15.7395],[101.6185,15.7392],[101.6182,15.7392]],[[101.6185,15.7387],[101.6188,15.7389],[101.6188,15.7387],[101.6185,15.7387]],[[101.6176,15.7381],[101.6179,15.7384],[101.6179,15.7381],[101.6176,15.7381]]]}},{"type":"Feature","properties":{"kind":"seasonal","area_km2":0.113,"date":"2026-10-09"},"geometry":{"type":"Polygon","coordinates":[[[101.2015,15.3091],[101.1992,15.3085],[101.1992,15.3075],[101.2003,15.3061],[101.2023,15.3061],[101.2034,15.3074],[101.2031,15.3088],[101.2015,15.3091]],[[101.2014,15.3069],[101.202,15.3072],[101.202,15.3069],[101.2014,15.3069]]]}},{"type":"Feature","properties":{"kind":"seasonal","area_km2":0.113,"date":"2026-10-04"},"geometry":{"type":"Polygon","coordinates":[[[101.7357,15.8654],[101.7343,15.8641],[101.7332,15.8641],[101.7323,15.8633],[101.7323,15.8616],[101.734,15.8616],[101.7357,15.8624],[101.7354,15.8638],[101.736,15.8643],[101.7371,15.864],[101.7371,15.8651],[101.7357,15.8654]]]}},{"type":"Feature","properties":{"kind":"seasonal","area_km2":0.11,"date":"2026-10-04"},"geometry":{"type":"Polygon","coordinates":[[[101.9319,15.1278],[101.931,15.1273],[101.9307,15.1262],[101.9307,15.1254],[101.9313,15.1254],[101.9313,15.1235],[101.9321,15.1235],[101.9329,15.1243],[101.933,15.1254],[101.9341,15.1264],[101.9341,15.1273],[101.9335,15.1273],[101.9333,15.1278],[101.9319,15.1278]]]}},{"type":"Feature","properties":{"kind":"seasonal","area_km2":0.106,"date":"2026-10-09"},"geometry":{"type":"Polygon","coordinates":[[[101.138,15.8415],[101.1379,15.8388],[101.1399,15.8388],[101.1399,15.8396],[101.1405,15.839],[101.1419,15.839],[101.1416,15.8409],[101.138,15.8415]],[[101.1408,15.8401],[101.141,15.8404],[101.141,15.8401],[101.1408,15.8401]],[[101.1402,15.8396],[101.1405,15.8399],[101.1405,15.8396],[101.1402,15.8396]],[[101.1393,15.8391],[101.1396,15.8393],[101.1396,15.839],[101.1393,15.8391]]]}},{"type":"Feature","properties":{"kind":"seasonal","area_km2":0.106,"date":"2026-10-04"},"geometry":{"type":"Polygon","coordinates":[[[101.5249,15.5032],[101.5246,15.5002],[101.5232,15.5005],[101.5227,15.5],[101.5227,15.5005],[101.5221,15.5005],[101.5218,15.4997],[101.5213,15.4997],[101.5213,15.4992],[101.5227,15.4992],[101.5238,15.5],[101.5271,15.4997],[101.5271,15.5007],[101.5263,15.5016],[101.5266,15.5026],[101.5261,15.5032],[101.5249,15.5032]]]}},{"type":"Feature","properties":{"kind":"seasonal","area_km2":0.104,"date":"2026-10-09"},"geometry":{"type":"Polygon","coordinates":[[[101.1402,15.8949],[101.138,15.8949],[101.1374,15.893],[101.1368,15.8927],[101.1368,15.8914],[101.1379,15.8914],[101.1382,15.8908],[101.1393,15.8908],[101.1393,15.8916],[101.1388,15.8916],[101.1388,15.8922],[101.1396,15.893],[101.1396,15.8938],[101.1402,15.8941],[101.1402,15.8949]]]}},{"type":"Feature","properties":{"kind":"seasonal","area_km2":0.102,"date":"2026-10-09"},"geometry":{"type":"Polygon","coordinates":[[[101.0324,15.067],[101.0321,15.0624],[101.0323,15.0607],[101.0335,15.0604],[101.0343,15.0607],[101.0343,15.0618],[101.0337,15.0618],[101.0338,15.0626],[101.0332,15.0629],[101.0332,15.0651],[101.0338,15.0656],[101.0338,15.0664],[101.0332,15.067],[101.0324,15.067]]]}},{"type":"Feature","properties":{"kind":"seasonal","area_km2":0.1,"date":"2026-10-09"},"geometry":{"type":"Polygon","coordinates":[[[101.0983,15.9292],[101.098,15.9262],[101.1016,15.9267],[101.1019,15.9286],[101.1005,15.9286],[101.1002,15.9281],[101.0997,15.9281],[101.0991,15.9292],[101.0983,15.9292]]]}},{"type":"Feature","properties":{"kind":"seasonal","area_km2":0.1,"date":"2026-10-04"},"geometry":{"type":"Polygon","coordinates":[[[101.8788,15.245],[101.8788,15.2445],[101.8802,15.2442],[101.8802,15.2436],[101.8796,15.2436],[101.8796,15.2423],[101.879,15.2423],[101.879,15.2409],[101.8804,15.2404],[101.8807,15.2396],[101.8824,15.2395],[101.8827,15.2412],[101.8807,15.2412],[101.8801,15.2417],[101.8802,15.2426],[101.881,15.2428],[101.881,15.2436],[101.8805,15.2439],[101.8802,15.245],[101.8788,15.245]]]}}]}
