{"type":"FeatureCollection","properties":{"v":3,"id":"t102_16","name":"ขอนแก่น · หนองบัวลำภู · ชัยภูมิ","aoi":[102.0,16.0,103.0,17.0],"date":"2026-10-08","dates":["2026-10-08","2026-10-04"],"baseline_years":3,"has_seasonal":true,"totals":{"flood_high":0.0,"flood_low":2.3,"seasonal":97.8},"provinces":[{"name":"ชัยภูมิ","zone":"th-ne","flood_high":0.0,"flood_low":1.3,"seasonal":6.9},{"name":"ขอนแก่น","zone":"th-ne","flood_high":0.0,"flood_low":1.0,"seasonal":42.6},{"name":"หนองบัวลำภู","zone":"th-ne","flood_high":0.0,"flood_low":0.0,"seasonal":46.8},{"name":"มหาสารคาม","zone":"th-ne","flood_high":0.0,"flood_low":0.0,"seasonal":1.5},{"name":"อุดรธานี","zone":"th-ne","flood_high":0.0,"flood_low":0.0,"seasonal":0.2}],"scenes":{"2026-10-08":1,"2026-10-04":2},"baseline_dates":["2025-10-09","2024-10-07","2023-10-10"],"threshold_db":-15.0,"auto":true,"source":"Sentinel-1 RTC (Copernicus/ESA) via Microsoft Planetary Computer; JRC Global Surface Water; Copernicus DEM","method":"ChatGeo v3: Otsu threshold on VV dB; minus JRC permanent water and slope > 5 deg; unusual = water not present in most of the previous 3 years (same season)","added":"2026-10-10T03:24+07:00"},"features":[{"type":"Feature","properties":{"kind":"flood","area_km2":0.408,"conf":"low","date":"2026-10-04"},"geometry":{"type":"Polygon","coordinates":[[[102.042,16.0719],[102.0417,16.07],[102.0412,16.0689],[102.0403,16.0686],[102.0415,16.0681],[102.0415,16.0667],[102.0471,16.0668],[102.048,16.0655],[102.0491,16.0658],[102.049,16.0685],[102.0479,16.069],[102.049,16.0704],[102.049,16.0712],[102.0484,16.0717],[102.0473,16.0717],[102.0462,16.0698],[102.0451,16.0698],[102.0443,16.0692],[102.044,16.0697],[102.0445,16.0703],[102.0445,16.0716],[102.042,16.0719]],[[102.0446,16.0673],[102.0448,16.0676],[102.0448,16.0673],[102.0446,16.0673]]]}},{"type":"Feature","properties":{"kind":"flood","area_km2":0.283,"conf":"low","date":"2026-10-04"},"geometry":{"type":"Polygon","coordinates":[[[102.038,16.0756],[102.0374,16.0753],[102.0375,16.0743],[102.0389,16.074],[102.0386,16.0735],[102.0378,16.0735],[102.0363,16.0745],[102.0346,16.0748],[102.035,16.0723],[102.0364,16.0726],[102.0369,16.0721],[102.037,16.0707],[102.0378,16.0694],[102.0378,16.0683],[102.0381,16.0691],[102.0384,16.0686],[102.0401,16.0686],[102.04,16.0735],[102.0405,16.0738],[102.0405,16.0746],[102.04,16.0751],[102.038,16.0756]],[[102.0378,16.0694],[102.0381,16.0697],[102.0381,16.0694],[102.0378,16.0694]]]}},{"type":"Feature","properties":{"kind":"flood","area_km2":0.225,"conf":"low","date":"2026-10-04"},"geometry":{"type":"Polygon","coordinates":[[[102.7586,16.3931],[102.7586,16.3917],[102.7572,16.3917],[102.7572,16.3887],[102.7606,16.3882],[102.7609,16.3877],[102.7629,16.388],[102.7628,16.3885],[102.762,16.3885],[102.762,16.391],[102.7628,16.3918],[102.7611,16.392],[102.7611,16.3928],[102.7606,16.3918],[102.7605,16.3931],[102.7586,16.3931]],[[102.7586,16.3915],[102.7592,16.3912],[102.7578,16.3904],[102.7578,16.3909],[102.7583,16.3909],[102.7586,16.3915]]]}},{"type":"Feature","properties":{"kind":"flood","area_km2":0.204,"conf":"low","date":"2026-10-04"},"geometry":{"type":"Polygon","coordinates":[[[102.0435,16.0611],[102.0435,16.0603],[102.0427,16.0602],[102.0419,16.0589],[102.0425,16.0573],[102.0433,16.0573],[102.0436,16.0584],[102.0453,16.0581],[102.0456,16.0576],[102.0472,16.0576],[102.047,16.0549],[102.0473,16.0554],[102.0481,16.0554],[102.0481,16.0563],[102.0495,16.0563],[102.0506,16.0552],[102.0506,16.0563],[102.0512,16.0566],[102.0486,16.0573],[102.0483,16.0582],[102.0489,16.059],[102.0453,16.0589],[102.0447,16.0595],[102.0447,16.0603],[102.0435,16.0611]]]}},{"type":"Feature","properties":{"kind":"flood","area_km2":0.184,"conf":"low","date":"2026-10-04"},"geometry":{"type":"Polygon","coordinates":[[[102.5909,16.1449],[102.5906,16.1435],[102.5898,16.143],[102.5896,16.1389],[102.5904,16.1384],[102.5902,16.1378],[102.5893,16.1378],[102.5899,16.1354],[102.591,16.1354],[102.5919,16.1368],[102.5918,16.1381],[102.591,16.1387],[102.591,16.14],[102.5912,16.1414],[102.5921,16.1419],[102.592,16.1446],[102.5909,16.1449]]]}},{"type":"Feature","properties":{"kind":"flood","area_km2":0.091,"conf":"low","date":"2026-10-04"},"geometry":{"type":"Polygon","coordinates":[[[102.7579,16.7638],[102.7579,16.7633],[102.7574,16.7633],[102.7571,16.7628],[102.7577,16.7619],[102.7577,16.7606],[102.7586,16.7595],[102.758,16.7579],[102.7597,16.7579],[102.7591,16.7617],[102.7594,16.7622],[102.7582,16.7628],[102.7579,16.7638]]]}},{"type":"Feature","properties":{"kind":"flood","area_km2":0.091,"conf":"low","date":"2026-10-04"},"geometry":{"type":"Polygon","coordinates":[[[102.6418,16.1322],[102.6401,16.1316],[102.6393,16.1308],[102.6396,16.1295],[102.6402,16.1295],[102.6402,16.1289],[102.6407,16.1289],[102.641,16.1284],[102.6413,16.1251],[102.6419,16.1257],[102.6427,16.1257],[102.6424,16.1262],[102.6419,16.1262],[102.6419,16.1281],[102.6424,16.1287],[102.6416,16.1295],[102.6404,16.1295],[102.6404,16.1308],[102.6415,16.1311],[102.6421,16.1316],[102.6418,16.1322]]]}},{"type":"Feature","properties":{"kind":"flood","area_km2":0.088,"conf":"low","date":"2026-10-04"},"geometry":{"type":"Polygon","coordinates":[[[102.6887,16.1742],[102.6884,16.1731],[102.689,16.172],[102.6907,16.1723],[102.6918,16.1715],[102.6935,16.1712],[102.6935,16.1723],[102.6929,16.1723],[102.6927,16.1731],[102.691,16.1731],[102.6901,16.1739],[102.6887,16.1742]]]}},{"type":"Feature","properties":{"kind":"flood","area_km2":0.087,"conf":"low","date":"2026-10-04"},"geometry":{"type":"Polygon","coordinates":[[[102.0839,16.3994],[102.084,16.3986],[102.082,16.3986],[102.082,16.3975],[102.0829,16.397],[102.0829,16.3965],[102.084,16.3965],[102.0857,16.3976],[102.0853,16.3995],[102.0839,16.3994]]]}},{"type":"Feature","properties":{"kind":"flood","area_km2":0.086,"conf":"low","date":"2026-10-04"},"geometry":{"type":"Polygon","coordinates":[[[102.757,16.7519],[102.7567,16.7514],[102.7575,16.7514],[102.7578,16.7508],[102.7578,16.7492],[102.757,16.7489],[102.759,16.7473],[102.759,16.7468],[102.7598,16.7468],[102.7595,16.7503],[102.7589,16.7503],[102.7578,16.7519],[102.757,16.7519]]]}},{"type":"Feature","properties":{"kind":"flood","area_km2":0.085,"conf":"low","date":"2026-10-04"},"geometry":{"type":"Polygon","coordinates":[[[102.1638,16.4257],[102.1633,16.4236],[102.1639,16.423],[102.1661,16.4231],[102.1661,16.4258],[102.1638,16.4257]]]}},{"type":"Feature","properties":{"kind":"flood","area_km2":0.082,"conf":"low","date":"2026-10-04"},"geometry":{"type":"Polygon","coordinates":[[[102.1088,16.4085],[102.108,16.4076],[102.1083,16.4049],[102.1105,16.4047],[102.1102,16.4077],[102.1096,16.4085],[102.1088,16.4085]]]}},{"type":"Feature","properties":{"kind":"flood","area_km2":0.079,"conf":"low","date":"2026-10-04"},"geometry":{"type":"Polygon","coordinates":[[[102.2928,16.338],[102.2919,16.3377],[102.2919,16.3369],[102.2908,16.3366],[102.2925,16.335],[102.2937,16.3351],[102.2945,16.3362],[102.2945,16.3372],[102.2928,16.338]]]}},{"type":"Feature","properties":{"kind":"flood","area_km2":0.061,"conf":"low","date":"2026-10-04"},"geometry":{"type":"Polygon","coordinates":[[[102.3688,16.4235],[102.3685,16.4222],[102.3691,16.4214],[102.3702,16.4208],[102.3702,16.4219],[102.3716,16.4219],[102.3716,16.4211],[102.3722,16.4209],[102.3722,16.4225],[102.3702,16.4227],[102.3696,16.4235],[102.3688,16.4235]]]}},{"type":"Feature","properties":{"kind":"flood","area_km2":0.057,"conf":"low","date":"2026-10-04"},"geometry":{"type":"Polygon","coordinates":[[[102.281,16.4552],[102.2808,16.4536],[102.2819,16.4528],[102.2828,16.4528],[102.2839,16.4536],[102.2839,16.4544],[102.2825,16.4544],[102.2819,16.4552],[102.281,16.4552]]]}},{"type":"Feature","properties":{"kind":"flood","area_km2":0.056,"conf":"low","date":"2026-10-04"},"geometry":{"type":"Polygon","coordinates":[[[102.8181,16.4455],[102.8181,16.4444],[102.8173,16.4441],[102.8167,16.4422],[102.8187,16.4422],[102.8189,16.4455],[102.8181,16.4455]]]}},{"type":"Feature","properties":{"kind":"flood","area_km2":0.055,"conf":"low","date":"2026-10-04"},"geometry":{"type":"Polygon","coordinates":[[[102.7478,16.2843],[102.7458,16.2826],[102.7455,16.281],[102.7464,16.281],[102.7472,16.2819],[102.7472,16.2824],[102.7478,16.2824],[102.7478,16.2829],[102.7486,16.2835],[102.7486,16.2843],[102.7478,16.2843]]]}},{"type":"Feature","properties":{"kind":"flood","area_km2":0.053,"conf":"low","date":"2026-10-04"},"geometry":{"type":"Polygon","coordinates":[[[102.3382,16.4646],[102.3382,16.4632],[102.3377,16.463],[102.3391,16.4616],[102.3391,16.4611],[102.3402,16.4611],[102.341,16.4622],[102.3402,16.4625],[102.3402,16.4641],[102.3399,16.4627],[102.3393,16.4624],[102.3382,16.4646]]]}},{"type":"Feature","properties":{"kind":"flood","area_km2":0.052,"conf":"low","date":"2026-10-04"},"geometry":{"type":"Polygon","coordinates":[[[102.4651,16.1399],[102.4646,16.1377],[102.4632,16.1375],[102.4629,16.1364],[102.4643,16.1364],[102.4643,16.1369],[102.4648,16.1369],[102.4651,16.1383],[102.4665,16.1386],[102.4662,16.1399],[102.4651,16.1399]]]}},{"type":"Feature","properties":{"kind":"seasonal","area_km2":13.018,"date":"2026-10-04"},"geometry":{"type":"Polygon","coordinates":[[[102.499,16.7977],[102.4984,16.7972],[102.4979,16.7934],[102.4974,16.7934],[102.4971,16.7939],[102.496,16.7939],[102.4951,16.7931],[102.4951,16.7925],[102.4943,16.7925],[102.4932,16.7917],[102.4909,16.7914],[102.4909,16.7906],[102.4904,16.79],[102.4873,16.7894],[102.4867,16.7881],[102.4862,16.7881],[102.4856,16.7889],[102.4853,16.7916],[102.4844,16.7932],[102.4839,16.7935],[102.4841,16.794],[102.4836,16.7943],[102.4836,16.7951],[102.4819,16.7962],[102.4804,16.7961],[102.4793,16.7956],[102.4791,16.794],[102.4785,16.7934],[102.4771,16.7934],[102.4771,16.7953],[102.476,16.7953],[102.4754,16.7947],[102.4754,16.7936],[102.4768,16.7934],[102.4769,16.7904],[102.4786,16.7902],[102.4786,16.7896],[102.4769,16.789],[102.4769,16.7869],[102.4775,16.7869],[102.4781,16.7858],[102.4766,16.7858],[102.4755,16.7877],[102.4738,16.7877],[102.4733,16.7852],[102.4713,16.7857],[102.471,16.7849],[102.4699,16.7849],[102.4699,16.7892],[102.4682,16.7889],[102.4676,16.7884],[102.4676,16.7873],[102.4685,16.7884],[102.4693,16.7881],[102.4691,16.7849],[102.4699,16.7841],[102.4719,16.7844],[102.4722,16.7838],[102.4733,16.7839],[102.4738,16.7849],[102.4752,16.7858],[102.4767,16.7853],[102.477,16.7842],[102.4784,16.7839],[102.4783,16.7847],[102.4792,16.7856],[102.4792,16.7866],[102.478,16.7866],[102.4777,16.7888],[102.4789,16.7891],[102.4794,16.7902],[102.4794,16.7912],[102.4783,16.7918],[102.4782,16.7929],[102.4791,16.7937],[102.4796,16.7937],[102.4796,16.7948],[102.4805,16.7956],[102.4819,16.7956],[102.483,16.7945],[102.4833,16.7935],[102.4842,16.7927],[102.4842,16.7886],[102.4859,16.7864],[102.4868,16.7865],[102.4868,16.7875],[102.4879,16.7873],[102.4879,16.7878],[102.4887,16.7887],[102.491,16.7889],[102.4915,16.7906],[102.4935,16.7909],[102.4943,16.7917],[102.4957,16.792],[102.4962,16.7928],[102.4968,16.7928],[102.4971,16.7923],[102.4982,16.7923],[102.4993,16.7964],[102.5001,16.7969],[102.501,16.7961],[102.5024,16.7961],[102.503,16.7951],[102.5041,16.7948],[102.5044,16.7924],[102.5033,16.7905],[102.5022,16.7896],[102.5022,16.7888],[102.5014,16.7877],[102.5011,16.7856],[102.5006,16.785],[102.4978,16.7844],[102.4958,16.7847],[102.4952,16.7839],[102.4941,16.7833],[102.4936,16.7814],[102.4947,16.7806],[102.4956,16.7806],[102.4961,16.7795],[102.4959,16.7787],[102.4936,16.7765],[102.4937,16.7757],[102.4945,16.7752],[102.4945,16.7746],[102.4934,16.7743],[102.4934,16.7735],[102.4951,16.7736],[102.4954,16.773],[102.4962,16.773],[102.4962,16.7738],[102.497,16.7747],[102.499,16.7744],[102.4993,16.7758],[102.4998,16.7763],[102.5015,16.7766],[102.5029,16.7755],[102.5049,16.7756],[102.5052,16.7729],[102.5058,16.7723],[102.5083,16.7721],[102.5089,16.7729],[102.5109,16.7729],[102.512,16.7719],[102.5145,16.7719],[102.5151,16.7722],[102.5151,16.7727],[102.5156,16.7727],[102.5156,16.7733],[102.5167,16.7738],[102.5167,16.7746],[102.5173,16.7746],[102.5176,16.7755],[102.5184,16.776],[102.5187,16.7784],[102.5192,16.7785],[102.5192,16.7779],[102.5198,16.7779],[102.5209,16.7766],[102.5218,16.7766],[102.5217,16.7812],[102.5226,16.7812],[102.5234,16.7801],[102.5254,16.7793],[102.5246,16.7728],[102.5272,16.7696],[102.5267,16.7674],[102.5258,16.7669],[102.5247,16.7669],[102.5239,16.7677],[102.523,16.7677],[102.5227,16.7666],[102.5216,16.766],[102.5211,16.7652],[102.518,16.7654],[102.518,16.7643],[102.5188,16.7638],[102.5189,16.7633],[102.52,16.7627],[102.52,16.7614],[102.5192,16.7608],[102.5195,16.7598],[102.5211,16.7598],[102.5228,16.7617],[102.5242,16.7617],[102.5256,16.7604],[102.5257,16.7596],[102.5265,16.7585],[102.5263,16.7558],[102.5251,16.7552],[102.5246,16.7544],[102.5246,16.7501],[102.5252,16.7498],[102.5255,16.7487],[102.5244,16.7474],[102.5202,16.7468],[102.5196,16.7462],[102.5191,16.7467],[102.5177,16.7467],[102.5177,16.7459],[102.5182,16.7459],[102.518,16.7448],[102.5188,16.7448],[102.5183,16.7427],[102.5208,16.743],[102.5216,16.7438],[102.5236,16.7441],[102.5287,16.7442],[102.5287,16.7431],[102.5281,16.7431],[102.5273,16.7422],[102.5273,16.7414],[102.5265,16.7403],[102.5256,16.7403],[102.5253,16.7395],[102.5242,16.7392],[102.5237,16.7365],[102.5229,16.7354],[102.5215,16.7351],[102.5212,16.7357],[102.5203,16.7357],[102.5201,16.7346],[102.5189,16.7346],[102.5184,16.734],[102.517,16.734],[102.5164,16.7348],[102.5136,16.735],[102.5133,16.7334],[102.5125,16.7334],[102.5125,16.7326],[102.5133,16.7326],[102.5133,16.7331],[102.5142,16.7334],[102.5153,16.7334],[102.5162,16.7326],[102.5187,16.7318],[102.5187,16.7291],[102.5207,16.7278],[102.5207,16.7267],[102.5196,16.7253],[102.5194,16.724],[102.5185,16.7232],[102.5185,16.7224],[102.5208,16.7221],[102.5208,16.7226],[102.5213,16.7232],[102.5225,16.7232],[102.5227,16.724],[102.5247,16.7241],[102.5247,16.7219],[102.5239,16.7211],[102.5239,16.7186],[102.5248,16.7181],[102.5248,16.7167],[102.5256,16.7167],[102.5259,16.7186],[102.5273,16.7203],[102.5278,16.7203],[102.5284,16.7195],[102.5307,16.7201],[102.5307,16.7209],[102.5295,16.7211],[102.5289,16.7222],[102.5289,16.7233],[102.5298,16.7244],[102.5306,16.7244],[102.5309,16.7239],[102.5323,16.7239],[102.5329,16.7228],[102.5337,16.7228],[102.534,16.7247],[102.5334,16.7252],[102.5334,16.7266],[102.5328,16.7269],[102.5331,16.7279],[102.5337,16.728],[102.5342,16.7271],[102.5354,16.7266],[102.5362,16.7266],[102.5362,16.7272],[102.5379,16.7272],[102.5387,16.7264],[102.539,16.7245],[102.5413,16.7245],[102.5418,16.7305],[102.5423,16.7305],[102.5429,16.7297],[102.5452,16.7297],[102.5457,16.7305],[102.5477,16.7308],[102.5482,16.7314],[102.5485,16.733],[102.5513,16.733],[102.5516,16.7339],[102.5561,16.7339],[102.5563,16.7345],[102.558,16.735],[102.5589,16.7358],[102.5611,16.7361],[102.5617,16.7372],[102.5613,16.7397],[102.5608,16.7402],[102.5588,16.7402],[102.5588,16.7415],[102.5582,16.7418],[102.5582,16.7426],[102.5588,16.7432],[102.561,16.7432],[102.5619,16.7424],[102.5638,16.7419],[102.5644,16.7413],[102.5642,16.7383],[102.5648,16.737],[102.5653,16.7367],[102.5656,16.7343],[102.5651,16.7337],[102.564,16.7337],[102.5631,16.7326],[102.562,16.7326],[102.5614,16.7318],[102.5598,16.7321],[102.5592,16.7312],[102.5584,16.7312],[102.5587,16.7299],[102.5598,16.7291],[102.5598,16.7283],[102.5607,16.7277],[102.5612,16.7267],[102.5613,16.7245],[102.5607,16.7242],[102.5604,16.7226],[102.5618,16.7229],[102.5627,16.7237],[102.5627,16.7242],[102.5632,16.7242],[102.5641,16.7251],[102.566,16.7251],[102.5663,16.7245],[102.5674,16.7248],[102.5677,16.724],[102.5683,16.724],[102.5683,16.7235],[102.5694,16.7232],[102.5695,16.7213],[102.57,16.7208],[102.5731,16.7208],[102.574,16.7214],[102.5737,16.7225],[102.5748,16.7236],[102.5767,16.7233],[102.577,16.7217],[102.5779,16.7206],[102.5773,16.7195],[102.5768,16.7195],[102.5765,16.719],[102.5763,16.7171],[102.5751,16.7165],[102.5752,16.7154],[102.5791,16.716],[102.5791,16.7152],[102.5799,16.7147],[102.5805,16.7125],[102.5791,16.7109],[102.578,16.7109],[102.578,16.7101],[102.5789,16.7092],[102.5814,16.709],[102.5834,16.7074],[102.5834,16.7069],[102.5826,16.7055],[102.5817,16.7055],[102.5815,16.7049],[102.5801,16.7049],[102.5795,16.7038],[102.5747,16.7032],[102.5745,16.7022],[102.5734,16.7021],[102.5728,16.7016],[102.5728,16.7002],[102.574,16.6992],[102.574,16.6984],[102.5731,16.6978],[102.5729,16.697],[102.5729,16.6951],[102.5732,16.6943],[102.5743,16.6937],[102.5743,16.6932],[102.5737,16.6932],[102.5732,16.6924],[102.5698,16.6923],[102.5687,16.694],[102.5686,16.6977],[102.5661,16.6977],[102.5658,16.6985],[102.5652,16.6985],[102.5647,16.6993],[102.5635,16.6993],[102.5636,16.6982],[102.5627,16.6971],[102.5627,16.6958],[102.5636,16.6955],[102.5636,16.6944],[102.5631,16.6936],[102.5614,16.6939],[102.5611,16.6925],[102.5605,16.6925],[102.5597,16.6917],[102.5589,16.6922],[102.5575,16.6919],[102.5569,16.693],[102.5563,16.693],[102.5563,16.6938],[102.5552,16.6938],[102.5552,16.6949],[102.554,16.6951],[102.5538,16.6932],[102.5546,16.693],[102.5544,16.6905],[102.5499,16.6907],[102.5499,16.6897],[102.5507,16.6894],[102.5507,16.6886],[102.5513,16.6886],[102.5513,16.6881],[102.5527,16.6881],[102.5541,16.6867],[102.5542,16.6862],[102.5558,16.6868],[102.5558,16.6862],[102.5572,16.6862],[102.5573,16.6857],[102.5581,16.6857],[102.5584,16.6862],[102.5634,16.6866],[102.5643,16.6863],[102.5637,16.686],[102.5637,16.6852],[102.5646,16.6852],[102.5646,16.6858],[102.566,16.6858],[102.5657,16.685],[102.5646,16.6844],[102.5632,16.6844],[102.5632,16.6833],[102.5646,16.6833],[102.5669,16.6823],[102.5674,16.6815],[102.5672,16.6801],[102.5691,16.6804],[102.5694,16.6799],[102.5683,16.6788],[102.5661,16.679],[102.5641,16.6785],[102.5647,16.6763],[102.5638,16.6757],[102.5633,16.6757],[102.5627,16.6763],[102.5627,16.6771],[102.5616,16.6776],[102.5622,16.6754],[102.5644,16.6749],[102.5652,16.6758],[102.5652,16.6777],[102.5666,16.6779],[102.5672,16.6785],[102.5703,16.678],[102.57,16.6791],[102.5711,16.6799],[102.5714,16.681],[102.5705,16.6821],[102.5685,16.6823],[102.5677,16.6834],[102.5671,16.6834],[102.5671,16.6842],[102.5688,16.6845],[102.5688,16.6853],[102.5674,16.6866],[102.5651,16.6869],[102.5645,16.6871],[102.5645,16.6877],[102.5623,16.6876],[102.5615,16.6871],[102.5572,16.6873],[102.5572,16.6879],[102.5564,16.6884],[102.5581,16.6884],[102.5578,16.6892],[102.5603,16.6892],[102.5611,16.6895],[102.5611,16.6901],[102.5637,16.6904],[102.5637,16.6909],[102.5642,16.6909],[102.5642,16.6904],[102.5648,16.6901],[102.5662,16.6904],[102.567,16.6931],[102.5667,16.6956],[102.5675,16.6956],[102.5675,16.695],[102.5681,16.6948],[102.5684,16.6921],[102.5698,16.6913],[102.5718,16.691],[102.5718,16.6905],[102.5732,16.6905],[102.5735,16.6913],[102.5766,16.6924],[102.5768,16.694],[102.5754,16.6951],[102.5751,16.6965],[102.5779,16.6965],[102.5788,16.6973],[102.5787,16.6981],[102.5779,16.6989],[102.5768,16.6989],[102.5759,16.6997],[102.5776,16.6997],[102.5787,16.7008],[102.5787,16.7022],[102.5795,16.7022],[102.5807,16.703],[102.5818,16.703],[102.5826,16.7039],[102.5843,16.7042],[102.5857,16.7063],[102.5859,16.7074],[102.5854,16.7077],[102.5854,16.7085],[102.5848,16.7085],[102.5828,16.7104],[102.5817,16.7106],[102.5828,16.7112],[102.5845,16.7109],[102.5856,16.7126],[102.5856,16.7142],[102.5844,16.7147],[102.5836,16.7166],[102.5816,16.7169],[102.5805,16.7179],[102.5788,16.7182],[102.5788,16.7187],[102.5807,16.7193],[102.5813,16.7193],[102.5813,16.7182],[102.5821,16.7182],[102.5821,16.7188],[102.5855,16.7199],[102.5852,16.7212],[102.5827,16.7212],[102.5826,16.7242],[102.5821,16.7258],[102.5815,16.7258],[102.5806,16.7269],[102.5795,16.7271],[102.5742,16.7273],[102.5733,16.7265],[102.5733,16.726],[102.5725,16.7257],[102.5725,16.7246],[102.5714,16.7241],[102.5716,16.7268],[102.5708,16.7279],[102.5702,16.7278],[102.5699,16.7284],[102.5685,16.7284],[102.5682,16.7289],[102.5657,16.7289],[102.5646,16.728],[102.5646,16.7286],[102.564,16.7286],[102.5637,16.7291],[102.5637,16.7299],[102.5646,16.7291],[102.5651,16.7291],[102.5657,16.7305],[102.5674,16.73],[102.5674,16.7311],[102.5688,16.7314],[102.5687,16.7324],[102.5699,16.7324],[102.5702,16.7314],[102.5721,16.7314],[102.5724,16.7327],[102.5744,16.7341],[102.5743,16.7349],[102.5755,16.7347],[102.576,16.7352],[102.576,16.736],[102.5769,16.7361],[102.5765,16.7396],[102.576,16.7396],[102.5751,16.7406],[102.5709,16.7406],[102.5706,16.74],[102.5684,16.7397],[102.5678,16.7406],[102.5678,16.7435],[102.5672,16.7435],[102.5666,16.7451],[102.5658,16.7454],[102.5652,16.7465],[102.5646,16.7465],[102.5643,16.747],[102.5618,16.7473],[102.561,16.7481],[102.5604,16.7481],[102.5604,16.7489],[102.5587,16.7488],[102.5584,16.7483],[102.5579,16.7483],[102.5582,16.7456],[102.5576,16.7448],[102.5571,16.7418],[102.5577,16.741],[102.5577,16.7391],[102.5583,16.7385],[102.5591,16.7386],[102.5588,16.7377],[102.5597,16.7372],[102.5572,16.7374],[102.5566,16.7353],[102.5549,16.7347],[102.5549,16.7353],[102.5544,16.7352],[102.5549,16.7369],[102.5543,16.7369],[102.5541,16.7374],[102.5518,16.7374],[102.5515,16.736],[102.5501,16.736],[102.5504,16.7344],[102.5485,16.7349],[102.5474,16.7343],[102.5474,16.7338],[102.5468,16.7335],[102.5471,16.7316],[102.5443,16.7319],[102.544,16.7335],[102.5429,16.7335],[102.542,16.7354],[102.5406,16.7354],[102.54,16.734],[102.5392,16.7337],[102.5392,16.7326],[102.5404,16.731],[102.5401,16.7275],[102.5387,16.7286],[102.5381,16.7296],[102.5364,16.7296],[102.5364,16.7293],[102.5362,16.7293],[102.5362,16.7291],[102.5359,16.7291],[102.5347,16.7312],[102.5342,16.7312],[102.5339,16.7317],[102.5328,16.7317],[102.5319,16.7312],[102.5322,16.7301],[102.53,16.7301],[102.5294,16.7295],[102.5294,16.7279],[102.5308,16.7279],[102.5311,16.7263],[102.5317,16.7263],[102.5323,16.7252],[102.5317,16.7252],[102.5317,16.7258],[102.5311,16.726],[102.5303,16.7257],[102.5297,16.7263],[102.5286,16.7263],[102.5286,16.7249],[102.5278,16.7246],[102.5275,16.723],[102.5273,16.7225],[102.5267,16.7224],[102.5264,16.7271],[102.5255,16.7279],[102.5249,16.7278],[102.5244,16.7268],[102.5221,16.7267],[102.5221,16.7275],[102.5232,16.7278],[102.5232,16.7295],[102.5238,16.7295],[102.5249,16.7311],[102.5263,16.7314],[102.5266,16.7325],[102.5257,16.7325],[102.5257,16.7319],[102.5243,16.7316],[102.5207,16.7316],[102.5204,16.7335],[102.5215,16.7343],[102.5234,16.7346],[102.524,16.7352],[102.5243,16.7365],[102.5248,16.7365],[102.5251,16.7371],[102.5251,16.7381],[102.5262,16.739],[102.5262,16.7398],[102.5273,16.7406],[102.5284,16.7406],[102.5287,16.742],[102.5295,16.7423],[102.5304,16.7434],[102.5303,16.7466],[102.5272,16.7449],[102.5247,16.7455],[102.5253,16.746],[102.5261,16.746],[102.5264,16.7474],[102.5269,16.7474],[102.5275,16.7482],[102.5277,16.7506],[102.5266,16.7514],[102.5266,16.7525],[102.5271,16.7539],[102.5285,16.755],[102.5287,16.7593],[102.5282,16.7604],[102.5276,16.7604],[102.527,16.7617],[102.5265,16.7617],[102.5256,16.7625],[102.525,16.7639],[102.5236,16.7639],[102.5236,16.7633],[102.5231,16.7639],[102.5228,16.7633],[102.5225,16.7641],[102.5239,16.7658],[102.5261,16.7655],[102.5264,16.7661],[102.5301,16.7664],[102.5306,16.7661],[102.5309,16.765],[102.5318,16.7651],[102.5326,16.7659],[102.532,16.7686],[102.5309,16.7694],[102.5286,16.7691],[102.5289,16.7721],[102.5283,16.7729],[102.5263,16.7734],[102.5269,16.775],[102.5263,16.7758],[102.5266,16.7766],[102.526,16.7783],[102.5265,16.7783],[102.5265,16.7788],[102.5271,16.7791],[102.5282,16.7788],[102.5282,16.7794],[102.5276,16.7794],[102.5276,16.7799],[102.5254,16.7802],[102.5251,16.781],[102.5242,16.781],[102.5228,16.7823],[102.522,16.7823],[102.5212,16.7812],[102.5212,16.7796],[102.5206,16.7796],[102.5203,16.7785],[102.5203,16.779],[102.5195,16.779],[102.5189,16.7795],[102.5186,16.7817],[102.5181,16.7817],[102.5178,16.7811],[102.5172,16.7811],[102.5172,16.7803],[102.5178,16.7803],[102.5178,16.779],[102.517,16.779],[102.5167,16.776],[102.5159,16.7757],[102.5156,16.7749],[102.515,16.7749],[102.5145,16.7732],[102.5134,16.773],[102.5125,16.773],[102.5122,16.774],[102.51,16.7751],[102.5083,16.7748],[102.508,16.7734],[102.5077,16.774],[102.5066,16.774],[102.5066,16.7753],[102.5069,16.7761],[102.5074,16.7761],[102.5077,16.7775],[102.5074,16.7786],[102.506,16.7786],[102.5046,16.7769],[102.504,16.7769],[102.504,16.7775],[102.5029,16.7777],[102.5026,16.7793],[102.502,16.7796],[102.5015,16.7793],[102.5012,16.778],[102.5001,16.7777],[102.4998,16.7771],[102.4981,16.7774],[102.4981,16.7779],[102.499,16.7785],[102.4989,16.7809],[102.4984,16.7817],[102.4986,16.7823],[102.4981,16.7823],[102.4978,16.7833],[102.4986,16.7839],[102.5009,16.7839],[102.5009,16.7845],[102.5017,16.7845],[102.5023,16.7853],[102.5028,16.7853],[102.5022,16.7864],[102.5025,16.7877],[102.5033,16.7891],[102.5047,16.7897],[102.5053,16.7916],[102.5064,16.7924],[102.5064,16.7937],[102.5058,16.7948],[102.5052,16.7948],[102.5044,16.7959],[102.5035,16.7959],[102.5024,16.7969],[102.5015,16.7969],[102.5004,16.7977],[102.499,16.7977]],[[102.53,16.7683],[102.5312,16.768],[102.5315,16.7659],[102.5301,16.7669],[102.53,16.7683]],[[102.5704,16.7379],[102.5712,16.7373],[102.5709,16.7368],[102.5701,16.7371],[102.5704,16.7379]],[[102.5201,16.7316],[102.5207,16.7316],[102.5207,16.7313],[102.5201,16.731],[102.5201,16.7316]],[[102.5356,16.7285],[102.5359,16.7291],[102.5359,16.7285],[102.5356,16.7285]],[[102.572,16.7233],[102.5722,16.7238],[102.5722,16.7233],[102.572,16.7233]],[[102.5756,16.6997],[102.5759,16.7],[102.5759,16.6997],[102.5756,16.6997]]]}},{"type":"Feature","properties":{"kind":"seasonal","area_km2":9.815,"date":"2026-10-04"},"geometry":{"type":"Polygon","coordinates":[[[102.5755,16.8417],[102.575,16.8412],[102.5724,16.8411],[102.5727,16.8398],[102.5719,16.8395],[102.5716,16.8384],[102.5708,16.8381],[102.5711,16.8368],[102.5716,16.8368],[102.5719,16.8363],[102.575,16.836],[102.575,16.8352],[102.5745,16.8347],[102.5739,16.8347],[102.5717,16.833],[102.5717,16.8319],[102.5742,16.8311],[102.5743,16.8295],[102.5754,16.8287],[102.5765,16.8287],[102.5765,16.8293],[102.5774,16.8295],[102.5779,16.8304],[102.5793,16.8304],[102.5788,16.8282],[102.5774,16.8268],[102.5771,16.8244],[102.5786,16.8241],[102.5791,16.8247],[102.58,16.8247],[102.58,16.822],[102.5811,16.8209],[102.5825,16.8212],[102.5828,16.8204],[102.5837,16.8201],[102.5845,16.8191],[102.5859,16.8191],[102.5862,16.8177],[102.5863,16.8161],[102.5854,16.8158],[102.5843,16.8145],[102.5843,16.8134],[102.5852,16.8126],[102.5843,16.8115],[102.5835,16.8112],[102.5835,16.8098],[102.5841,16.8093],[102.5863,16.8093],[102.5866,16.8088],[102.5892,16.808],[102.5886,16.8064],[102.5875,16.8064],[102.5872,16.8058],[102.5855,16.8055],[102.585,16.8066],[102.5838,16.8071],[102.5838,16.8082],[102.5833,16.8085],[102.583,16.8096],[102.5818,16.8098],[102.581,16.8106],[102.5804,16.8128],[102.5787,16.8144],[102.5778,16.8144],[102.5776,16.8119],[102.5765,16.8114],[102.5765,16.8103],[102.5776,16.8098],[102.5776,16.809],[102.5771,16.8065],[102.5763,16.806],[102.5763,16.8054],[102.574,16.8054],[102.5732,16.8059],[102.5732,16.8065],[102.5709,16.8067],[102.5715,16.8048],[102.5723,16.8046],[102.5721,16.8024],[102.5732,16.8013],[102.5749,16.8011],[102.5758,16.8],[102.5763,16.8],[102.5766,16.7981],[102.5758,16.7978],[102.5758,16.7967],[102.5767,16.7962],[102.5778,16.7962],[102.5795,16.7973],[102.5809,16.7971],[102.5817,16.7968],[102.5831,16.7949],[102.5832,16.7944],[102.5826,16.7944],[102.5823,16.7928],[102.5804,16.7927],[102.5804,16.7903],[102.5793,16.7897],[102.579,16.7889],[102.5767,16.7892],[102.5745,16.7883],[102.5731,16.7886],[102.5722,16.7894],[102.5722,16.7902],[102.5717,16.7905],[102.5717,16.7918],[102.5711,16.7923],[102.5688,16.7923],[102.5677,16.7934],[102.5674,16.7969],[102.5679,16.7977],[102.5679,16.7988],[102.5671,16.7996],[102.5656,16.7996],[102.5648,16.7988],[102.5648,16.7982],[102.5623,16.7974],[102.562,16.7966],[102.5609,16.7966],[102.5598,16.7955],[102.5584,16.7955],[102.557,16.7938],[102.5533,16.794],[102.5528,16.7935],[102.5519,16.7935],[102.5468,16.7983],[102.5462,16.8002],[102.5451,16.8015],[102.5451,16.8026],[102.5442,16.8034],[102.5442,16.804],[102.545,16.8042],[102.545,16.8056],[102.5436,16.8056],[102.5428,16.8064],[102.5419,16.8064],[102.5413,16.8077],[102.5402,16.8088],[102.5405,16.8107],[102.5413,16.8112],[102.5415,16.8139],[102.5404,16.8139],[102.5396,16.8123],[102.5385,16.8123],[102.537,16.8136],[102.5362,16.8136],[102.5362,16.812],[102.5368,16.812],[102.5365,16.8106],[102.5354,16.8095],[102.5346,16.8095],[102.5328,16.8122],[102.5317,16.8122],[102.5317,16.8117],[102.5309,16.8119],[102.5311,16.8133],[102.53,16.8135],[102.5297,16.8152],[102.5277,16.8151],[102.5261,16.8157],[102.5255,16.817],[102.5229,16.8175],[102.5229,16.8213],[102.5237,16.8216],[102.524,16.824],[102.5245,16.8243],[102.5245,16.8257],[102.5251,16.8259],[102.5251,16.8268],[102.5228,16.8265],[102.5225,16.8278],[102.5245,16.83],[102.525,16.8319],[102.5233,16.8322],[102.5228,16.8313],[102.5205,16.831],[102.5199,16.8324],[102.5202,16.8343],[102.5196,16.8346],[102.5196,16.8351],[102.5185,16.8351],[102.5185,16.8343],[102.5177,16.8334],[102.5165,16.8337],[102.5165,16.8329],[102.5171,16.8324],[102.5188,16.8321],[102.5194,16.8294],[102.5186,16.8291],[102.5174,16.8296],[102.5169,16.8305],[102.516,16.8304],[102.516,16.8296],[102.5177,16.8283],[102.5183,16.8267],[102.5158,16.8258],[102.5155,16.8242],[102.5147,16.8234],[102.5133,16.8231],[102.5133,16.822],[102.5139,16.8217],[102.5139,16.8198],[102.5128,16.8179],[102.5128,16.8169],[102.5097,16.8171],[102.5089,16.8176],[102.5088,16.8195],[102.508,16.8203],[102.5063,16.8198],[102.506,16.8203],[102.5049,16.8206],[102.5046,16.823],[102.5037,16.8241],[102.5037,16.8257],[102.5048,16.8268],[102.5048,16.8276],[102.5056,16.8281],[102.5056,16.829],[102.5045,16.8289],[102.5039,16.8284],[102.5031,16.8284],[102.5028,16.8278],[102.502,16.8278],[102.5014,16.8265],[102.4995,16.8262],[102.4987,16.8235],[102.5006,16.8227],[102.5001,16.82],[102.5007,16.8194],[102.5021,16.8194],[102.5029,16.8189],[102.5027,16.8173],[102.5032,16.817],[102.5033,16.8157],[102.5041,16.8149],[102.5039,16.8132],[102.5044,16.8127],[102.5044,16.8113],[102.5039,16.8111],[102.5033,16.8089],[102.5003,16.8083],[102.4991,16.8091],[102.4991,16.8077],[102.502,16.8078],[102.5028,16.8067],[102.5039,16.807],[102.5056,16.8111],[102.5056,16.8124],[102.505,16.8132],[102.5052,16.8149],[102.5047,16.8149],[102.5044,16.8154],[102.5044,16.817],[102.5041,16.8176],[102.5035,16.8176],[102.5035,16.8189],[102.5018,16.8205],[102.5026,16.8205],[102.5026,16.8213],[102.504,16.8214],[102.504,16.8203],[102.5046,16.82],[102.5046,16.8195],[102.5066,16.8189],[102.5066,16.8184],[102.5083,16.819],[102.5089,16.8168],[102.51,16.8165],[102.5103,16.8157],[102.512,16.8158],[102.5123,16.8141],[102.5115,16.8125],[102.5115,16.8111],[102.5126,16.8109],[102.5129,16.8133],[102.5137,16.8139],[102.5136,16.8177],[102.5139,16.8182],[102.5159,16.8185],[102.5161,16.821],[102.515,16.8218],[102.5156,16.8218],[102.5172,16.824],[102.5181,16.824],[102.5178,16.8248],[102.5189,16.8251],[102.5189,16.8267],[102.5194,16.8272],[102.5191,16.8278],[102.52,16.8289],[102.5205,16.8289],[102.5208,16.8281],[102.5203,16.8267],[102.5209,16.8237],[102.5215,16.8229],[102.5223,16.8229],[102.5231,16.824],[102.5231,16.8232],[102.5226,16.8213],[102.5215,16.8208],[102.5221,16.8191],[102.5207,16.8191],[102.5207,16.8183],[102.5201,16.8178],[102.5201,16.8167],[102.5213,16.8167],[102.5215,16.8161],[102.5201,16.8161],[102.5199,16.8148],[102.5213,16.8145],[102.5224,16.8134],[102.523,16.8116],[102.5247,16.8113],[102.5252,16.8124],[102.5261,16.8121],[102.5261,16.8116],[102.5275,16.8119],[102.5275,16.8113],[102.5284,16.8111],[102.5284,16.8089],[102.5267,16.8089],[102.5262,16.8059],[102.5253,16.8054],[102.5242,16.8053],[102.5234,16.8034],[102.5234,16.8013],[102.5229,16.8007],[102.5229,16.7996],[102.5218,16.7983],[102.5215,16.7969],[102.5204,16.7961],[102.5207,16.7934],[102.5213,16.7934],[102.5221,16.7923],[102.5238,16.7931],[102.5243,16.795],[102.5255,16.7953],[102.526,16.7948],[102.5269,16.7948],[102.5269,16.7953],[102.5291,16.7959],[102.5291,16.7967],[102.5325,16.7976],[102.5336,16.7984],[102.5344,16.8033],[102.5358,16.8047],[102.5357,16.8057],[102.5366,16.8068],[102.5363,16.8079],[102.5379,16.8096],[102.5391,16.8096],[102.5397,16.8055],[102.5403,16.8053],[102.5403,16.8047],[102.5411,16.8047],[102.5414,16.8028],[102.5423,16.8028],[102.5423,16.8023],[102.5431,16.8018],[102.5431,16.801],[102.544,16.8004],[102.5448,16.7988],[102.5454,16.7988],[102.5463,16.7964],[102.5471,16.7961],[102.5471,16.7956],[102.548,16.7956],[102.5486,16.7943],[102.5491,16.7943],[102.5491,16.7934],[102.5511,16.7924],[102.5511,16.7908],[102.5486,16.7902],[102.5469,16.7891],[102.5458,16.7866],[102.5459,16.7847],[102.5467,16.7837],[102.5478,16.7837],[102.5487,16.7829],[102.5493,16.7834],[102.5504,16.7834],[102.5504,16.7823],[102.551,16.7824],[102.5512,16.7818],[102.5521,16.7821],[102.5527,16.7816],[102.5538,16.7821],[102.5535,16.781],[102.5546,16.7797],[102.5544,16.7783],[102.5566,16.7786],[102.5566,16.7794],[102.5583,16.7814],[102.5583,16.7824],[102.5569,16.783],[102.5568,16.7838],[102.5563,16.7832],[102.5563,16.7846],[102.5574,16.7862],[102.5571,16.787],[102.5576,16.7881],[102.5585,16.7881],[102.5587,16.79],[102.5593,16.79],[102.5604,16.7922],[102.561,16.7922],[102.5626,16.7939],[102.5637,16.7939],[102.5637,16.7947],[102.5643,16.7953],[102.5649,16.7953],[102.5649,16.7947],[102.5663,16.7947],[102.5663,16.7934],[102.5669,16.7931],[102.5672,16.7912],[102.5677,16.7912],[102.5677,16.7907],[102.5686,16.7904],[102.5691,16.7896],[102.57,16.7896],[102.5703,16.7888],[102.5711,16.7883],[102.5712,16.7858],[102.5703,16.7848],[102.5692,16.7845],[102.5689,16.7837],[102.5693,16.7815],[102.5698,16.7815],[102.5701,16.7829],[102.5715,16.7829],[102.5721,16.7821],[102.5721,16.7804],[102.5707,16.781],[102.5707,16.7802],[102.5718,16.7796],[102.5732,16.7796],[102.5732,16.7818],[102.5726,16.7818],[102.5723,16.7834],[102.5729,16.7834],[102.5732,16.784],[102.5748,16.784],[102.5751,16.7854],[102.5759,16.7862],[102.5759,16.7881],[102.5765,16.7881],[102.5773,16.7867],[102.5793,16.7865],[102.5796,16.7857],[102.5802,16.7857],[102.5805,16.7849],[102.5819,16.7846],[102.5822,16.7838],[102.585,16.7838],[102.5861,16.7849],[102.5855,16.7857],[102.585,16.7855],[102.5844,16.786],[102.5844,16.7876],[102.5821,16.7879],[102.5821,16.7873],[102.5813,16.7873],[102.5815,16.7895],[102.5826,16.7909],[102.5823,16.7917],[102.5837,16.7925],[102.5843,16.7941],[102.5834,16.7971],[102.5828,16.7971],[102.5825,16.7982],[102.5814,16.799],[102.58,16.799],[102.5789,16.7979],[102.5789,16.7995],[102.5772,16.8003],[102.5766,16.8016],[102.5749,16.8022],[102.5752,16.803],[102.5757,16.8024],[102.5771,16.8024],[102.5771,16.803],[102.5791,16.8036],[102.5788,16.8065],[102.5779,16.8071],[102.5779,16.8079],[102.5785,16.8079],[102.5785,16.809],[102.579,16.8084],[102.5793,16.8071],[102.5813,16.8068],[102.583,16.8052],[102.583,16.8047],[102.5836,16.8047],[102.5847,16.8036],[102.5875,16.8034],[102.5884,16.8042],[102.5886,16.8053],[102.5892,16.8053],[102.59,16.8061],[102.59,16.8067],[102.5906,16.8067],[102.5906,16.8088],[102.5894,16.8091],[102.5886,16.8099],[102.5858,16.8104],[102.5871,16.8129],[102.5863,16.8134],[102.5863,16.8145],[102.5874,16.815],[102.5888,16.8151],[102.5922,16.8143],[102.5922,16.8151],[102.5919,16.8164],[102.591,16.8172],[102.5896,16.8175],[102.5896,16.818],[102.5888,16.818],[102.589,16.8194],[102.5879,16.8207],[102.5848,16.8199],[102.5848,16.8204],[102.5854,16.8204],[102.5856,16.8212],[102.5853,16.8226],[102.5836,16.8231],[102.5828,16.8226],[102.5828,16.822],[102.5817,16.822],[102.5811,16.8231],[102.5814,16.8247],[102.5808,16.8253],[102.5794,16.8252],[102.5788,16.826],[102.5788,16.8266],[102.5805,16.8277],[102.5813,16.8293],[102.5841,16.8294],[102.5844,16.8304],[102.5838,16.8304],[102.5836,16.8296],[102.5824,16.8296],[102.5785,16.8315],[102.5776,16.8314],[102.5765,16.8304],[102.5759,16.8303],[102.5754,16.832],[102.5748,16.832],[102.5748,16.8328],[102.5739,16.8328],[102.5739,16.8333],[102.5745,16.8333],[102.5759,16.8347],[102.5759,16.8368],[102.5744,16.8374],[102.5728,16.8371],[102.5727,16.8382],[102.5733,16.8382],[102.5741,16.8393],[102.5738,16.8409],[102.5755,16.8409],[102.5755,16.8417]],[[102.5317,16.8114],[102.5323,16.8114],[102.5323,16.8109],[102.5317,16.8109],[102.5317,16.8114]],[[102.5259,16.804],[102.5262,16.8043],[102.5262,16.804],[102.5259,16.804]],[[102.5256,16.8032],[102.5262,16.8032],[102.5262,16.8027],[102.5257,16.8026],[102.5256,16.8032]],[[102.5749,16.803],[102.5752,16.8032],[102.5752,16.803],[102.5749,16.803]],[[102.5237,16.7983],[102.5254,16.7983],[102.5263,16.7972],[102.5249,16.7964],[102.5232,16.7964],[102.5232,16.7942],[102.5227,16.7931],[102.5218,16.7931],[102.5213,16.7939],[102.5212,16.7961],[102.5237,16.7983]],[[102.5567,16.7927],[102.5573,16.793],[102.5573,16.7927],[102.5567,16.7927]],[[102.55,16.7899],[102.5517,16.79],[102.5531,16.7894],[102.5531,16.787],[102.5523,16.787],[102.5523,16.7864],[102.5512,16.7864],[102.5509,16.7856],[102.5498,16.7856],[102.5495,16.785],[102.5473,16.7853],[102.5467,16.7861],[102.5472,16.7875],[102.5481,16.788],[102.5486,16.7891],[102.5497,16.7894],[102.55,16.7899]],[[102.5833,16.7857],[102.5838,16.7857],[102.5838,16.7849],[102.5833,16.7849],[102.5833,16.7857]],[[102.5552,16.7827],[102.5557,16.783],[102.5557,16.7827],[102.5552,16.7827]],[[102.5546,16.7824],[102.5552,16.7827],[102.5552,16.7824],[102.5546,16.7824]]]}},{"type":"Feature","properties":{"kind":"seasonal","area_km2":9.022,"date":"2026-10-04"},"geometry":{"type":"Polygon","coordinates":[[[102.4134,16.8026],[102.412,16.8018],[102.4121,16.798],[102.4112,16.7977],[102.4109,16.7983],[102.4101,16.7982],[102.4107,16.7964],[102.407,16.7963],[102.407,16.7955],[102.4084,16.7952],[102.4085,16.7947],[102.409,16.7944],[102.4091,16.7917],[102.4085,16.7909],[102.4071,16.7906],[102.4074,16.7887],[102.4052,16.7882],[102.4052,16.7871],[102.4063,16.786],[102.4072,16.786],[102.4083,16.7849],[102.4083,16.7841],[102.41,16.7831],[102.4109,16.7831],[102.4109,16.7839],[102.4114,16.7839],[102.4117,16.7834],[102.4128,16.7834],[102.4137,16.7839],[102.4142,16.7829],[102.4137,16.7799],[102.4188,16.7797],[102.4191,16.7791],[102.4199,16.7791],[102.4202,16.7786],[102.4225,16.7778],[102.4223,16.7729],[102.4217,16.7726],[102.4203,16.7732],[102.42,16.7737],[102.4186,16.7737],[102.4186,16.7726],[102.4175,16.7712],[102.4184,16.768],[102.4226,16.7689],[102.4232,16.7667],[102.4243,16.7667],[102.4249,16.7675],[102.4257,16.7676],[102.4257,16.7692],[102.4265,16.7703],[102.4265,16.773],[102.427,16.7735],[102.4287,16.7735],[102.4293,16.7746],[102.4298,16.7746],[102.4298,16.7752],[102.4304,16.7755],[102.4306,16.7768],[102.4295,16.7779],[102.4295,16.7784],[102.43,16.7793],[102.43,16.7803],[102.4311,16.7809],[102.432,16.782],[102.4331,16.782],[102.4331,16.7812],[102.434,16.7812],[102.4345,16.7818],[102.4356,16.7815],[102.4368,16.7823],[102.4373,16.7823],[102.4385,16.7813],[102.4404,16.7816],[102.4407,16.7786],[102.4396,16.778],[102.4402,16.7759],[102.4397,16.775],[102.4388,16.775],[102.4385,16.7745],[102.4374,16.7742],[102.4369,16.7726],[102.4363,16.7723],[102.4366,16.7704],[102.4378,16.7699],[102.4394,16.7699],[102.4394,16.7707],[102.4405,16.7721],[102.4422,16.7724],[102.4445,16.774],[102.4447,16.7732],[102.4422,16.771],[102.4417,16.771],[102.442,16.7683],[102.4426,16.768],[102.4426,16.7656],[102.4418,16.7656],[102.4415,16.7637],[102.4432,16.7634],[102.4429,16.7615],[102.4438,16.7615],[102.4443,16.7621],[102.4469,16.7619],[102.4469,16.7613],[102.4463,16.761],[102.4463,16.7597],[102.4455,16.7591],[102.4455,16.7575],[102.445,16.757],[102.4438,16.7569],[102.4416,16.7558],[102.4416,16.7545],[102.4425,16.7545],[102.443,16.7539],[102.4453,16.7545],[102.4461,16.754],[102.4461,16.7532],[102.447,16.7532],[102.447,16.7537],[102.4475,16.7537],[102.4478,16.7529],[102.449,16.7527],[102.449,16.7519],[102.4498,16.7519],[102.4504,16.753],[102.4503,16.7543],[102.4517,16.7549],[102.4511,16.7584],[102.4517,16.7597],[102.4522,16.76],[102.4525,16.7641],[102.4524,16.766],[102.4516,16.7665],[102.4516,16.7671],[102.4524,16.7673],[102.4524,16.769],[102.4535,16.7706],[102.4535,16.7728],[102.454,16.7731],[102.4534,16.7747],[102.4534,16.7771],[102.4542,16.7779],[102.4542,16.7804],[102.4556,16.7817],[102.4558,16.7847],[102.4553,16.7847],[102.455,16.7817],[102.4539,16.7812],[102.4534,16.7804],[102.4537,16.7779],[102.4531,16.7776],[102.4529,16.7763],[102.4523,16.7763],[102.4523,16.7755],[102.4506,16.7752],[102.4506,16.7746],[102.4512,16.7746],[102.4523,16.7733],[102.4512,16.7733],[102.451,16.7722],[102.4504,16.7722],[102.4496,16.7711],[102.4495,16.7719],[102.449,16.7719],[102.4487,16.7714],[102.4462,16.7711],[102.4456,16.77],[102.4453,16.7705],[102.4445,16.7705],[102.4445,16.7697],[102.444,16.7697],[102.4442,16.7708],[102.4434,16.7705],[102.4434,16.7697],[102.444,16.7691],[102.4454,16.7691],[102.4454,16.7686],[102.444,16.7686],[102.4437,16.7675],[102.4459,16.7675],[102.4445,16.7672],[102.4446,16.7656],[102.4437,16.7651],[102.4437,16.7645],[102.4449,16.7643],[102.4449,16.7629],[102.444,16.7632],[102.4443,16.764],[102.4432,16.7645],[102.444,16.767],[102.4431,16.767],[102.4434,16.7683],[102.4428,16.7686],[102.4428,16.771],[102.4434,16.771],[102.4439,16.7721],[102.4456,16.7724],[102.4461,16.7754],[102.4442,16.7756],[102.443,16.7743],[102.4422,16.774],[102.4422,16.7734],[102.4408,16.7734],[102.4411,16.7745],[102.4416,16.7745],[102.441,16.7778],[102.4413,16.7783],[102.4419,16.7783],[102.4424,16.7829],[102.4443,16.783],[102.4446,16.7835],[102.4457,16.7832],[102.4457,16.7838],[102.4466,16.7838],[102.4468,16.7846],[102.4471,16.7841],[102.4477,16.7841],[102.448,16.7849],[102.4488,16.7849],[102.4488,16.7841],[102.4483,16.7838],[102.4491,16.7838],[102.4491,16.7827],[102.4505,16.7825],[102.45,16.7828],[102.45,16.7833],[102.4505,16.7838],[102.4511,16.7839],[102.4514,16.7833],[102.4516,16.7839],[102.4528,16.7833],[102.4525,16.7822],[102.4533,16.7823],[102.4542,16.7831],[102.455,16.7866],[102.4564,16.7866],[102.4567,16.7877],[102.4583,16.7888],[102.4592,16.7888],[102.4589,16.788],[102.46,16.7883],[102.4615,16.7859],[102.4631,16.7862],[102.4634,16.7886],[102.4628,16.7872],[102.4617,16.7867],[102.4606,16.788],[102.4603,16.7897],[102.4594,16.7905],[102.4583,16.7904],[102.4577,16.791],[102.4583,16.7937],[102.4579,16.7961],[102.4588,16.7967],[102.459,16.7989],[102.4585,16.7988],[102.4582,16.7967],[102.4571,16.7961],[102.4571,16.7937],[102.4543,16.7939],[102.4538,16.7942],[102.4537,16.7947],[102.4532,16.7947],[102.4529,16.7972],[102.4517,16.7977],[102.4517,16.7982],[102.4531,16.7982],[102.4531,16.7996],[102.4514,16.7988],[102.4517,16.7996],[102.4531,16.8001],[102.4531,16.8012],[102.4523,16.8007],[102.4523,16.8001],[102.4511,16.8004],[102.4509,16.7996],[102.45,16.7993],[102.45,16.7987],[102.4509,16.7985],[102.4506,16.7977],[102.4523,16.7969],[102.4503,16.7969],[102.45,16.7985],[102.4492,16.7985],[102.4492,16.7976],[102.4486,16.7974],[102.4487,16.796],[102.4492,16.7955],[102.449,16.7939],[102.4504,16.7936],[102.4504,16.7931],[102.4515,16.7925],[102.4518,16.7914],[102.4524,16.7915],[102.4527,16.7906],[102.4538,16.7907],[102.4552,16.7899],[102.4552,16.7882],[102.4547,16.7871],[102.4533,16.7871],[102.4533,16.7877],[102.4541,16.7877],[102.4547,16.7885],[102.4544,16.7896],[102.4535,16.7888],[102.4532,16.7898],[102.4518,16.7904],[102.4521,16.789],[102.4499,16.789],[102.4499,16.7901],[102.4513,16.7906],[102.451,16.7923],[102.4501,16.7925],[102.4504,16.7906],[102.4499,16.7909],[102.4498,16.7917],[102.4487,16.7911],[102.4493,16.7906],[102.449,16.7887],[102.4482,16.7887],[102.4476,16.7898],[102.4454,16.7895],[102.4454,16.79],[102.4448,16.79],[102.4445,16.7908],[102.4448,16.7916],[102.4436,16.7924],[102.4436,16.7943],[102.4428,16.7959],[102.4405,16.7965],[102.4388,16.7962],[102.4385,16.7972],[102.4377,16.7972],[102.4374,16.7978],[102.436,16.7978],[102.436,16.7983],[102.4337,16.7983],[102.4343,16.7988],[102.4357,16.7988],[102.4385,16.7983],[102.4385,16.7978],[102.4394,16.7975],[102.4394,16.797],[102.4436,16.7973],[102.4445,16.7941],[102.4462,16.7938],[102.4464,16.7949],[102.4456,16.7944],[102.4447,16.7949],[102.4447,16.7962],[102.4442,16.7965],[102.4441,16.7981],[102.4436,16.7995],[102.4421,16.7995],[102.4416,16.7986],[102.4391,16.7986],[102.4382,16.7991],[102.4382,16.8002],[102.4374,16.8002],[102.4368,16.7994],[102.436,16.7994],[102.4351,16.8002],[102.434,16.8002],[102.4337,16.7996],[102.4303,16.8001],[102.4303,16.7985],[102.4292,16.7982],[102.4292,16.7969],[102.4287,16.796],[102.4281,16.796],[102.4276,16.7966],[102.4275,16.7977],[102.4267,16.7976],[102.4259,16.7965],[102.4247,16.7965],[102.4245,16.7971],[102.4228,16.7968],[102.4219,16.7976],[102.4219,16.7984],[102.4233,16.7992],[102.4233,16.8],[102.4222,16.8006],[102.4219,16.8019],[102.4213,16.8019],[102.4208,16.7992],[102.4202,16.7992],[102.4202,16.8003],[102.4196,16.8005],[102.4196,16.8011],[102.4191,16.8011],[102.4191,16.8016],[102.4182,16.8016],[102.4191,16.7992],[102.4185,16.7975],[102.4202,16.7967],[102.4203,16.7957],[102.4208,16.7957],[102.4211,16.7951],[102.4234,16.7949],[102.4245,16.7944],[102.4251,16.7933],[102.4262,16.7936],[102.4262,16.793],[102.4268,16.7928],[102.429,16.7931],[102.429,16.7944],[102.4315,16.7944],[102.4318,16.7928],[102.4304,16.7917],[102.4305,16.7906],[102.4322,16.7896],[102.4325,16.7882],[102.4333,16.788],[102.4336,16.7869],[102.4353,16.7864],[102.4353,16.7858],[102.4342,16.7858],[102.4342,16.7845],[102.435,16.7842],[102.4336,16.7836],[102.4328,16.7842],[102.4328,16.7861],[102.4319,16.7871],[102.4308,16.7871],[102.4308,16.7877],[102.4285,16.7887],[102.426,16.7887],[102.4257,16.7892],[102.4246,16.7892],[102.4237,16.7897],[102.4198,16.7894],[102.4195,16.7883],[102.4187,16.7875],[102.4181,16.7875],[102.417,16.7864],[102.4153,16.7861],[102.415,16.7883],[102.4156,16.7886],[102.4156,16.7894],[102.4164,16.7899],[102.4164,16.7905],[102.4189,16.791],[102.4189,16.7919],[102.4181,16.7921],[102.4175,16.7929],[102.4164,16.7932],[102.4141,16.7929],[102.413,16.7918],[102.4116,16.7918],[102.4116,16.7934],[102.4099,16.7942],[102.4101,16.795],[102.4118,16.7956],[102.4126,16.7972],[102.4143,16.798],[102.4143,16.7997],[102.4149,16.8002],[102.4148,16.801],[102.4145,16.8024],[102.4134,16.8026]],[[102.4129,16.8013],[102.4143,16.801],[102.4143,16.7999],[102.4137,16.7999],[102.4135,16.7991],[102.4126,16.7994],[102.4129,16.8013]],[[102.4213,16.8003],[102.4216,16.8008],[102.4216,16.8003],[102.4213,16.8003]],[[102.4216,16.7997],[102.4219,16.8],[102.4219,16.7997],[102.4216,16.7997]],[[102.4216,16.7989],[102.4219,16.7992],[102.4219,16.7989],[102.4216,16.7989]],[[102.4509,16.7985],[102.4512,16.7988],[102.4512,16.7985],[102.4509,16.7985]],[[102.4214,16.7973],[102.4216,16.7981],[102.4216,16.7973],[102.4214,16.7973]],[[102.4112,16.7966],[102.4115,16.7972],[102.4115,16.7966],[102.4112,16.7966]],[[102.432,16.7974],[102.4323,16.7969],[102.4318,16.7963],[102.4309,16.7963],[102.4298,16.7952],[102.4281,16.7949],[102.4281,16.7955],[102.427,16.7955],[102.427,16.7941],[102.4256,16.7949],[102.4256,16.7955],[102.4267,16.7955],[102.4256,16.7957],[102.4259,16.7963],[102.427,16.7957],[102.4295,16.7958],[102.4304,16.7966],[102.4318,16.7969],[102.432,16.7974]],[[102.4214,16.797],[102.4219,16.796],[102.4225,16.7957],[102.4214,16.7959],[102.4214,16.797]],[[102.4351,16.7969],[102.4363,16.7964],[102.4368,16.797],[102.4382,16.7967],[102.4368,16.7961],[102.4349,16.7961],[102.4351,16.7969]],[[102.4236,16.7957],[102.4239,16.7962],[102.4239,16.7957],[102.4236,16.7957]],[[102.4225,16.7957],[102.4231,16.7957],[102.4231,16.7952],[102.4228,16.7952],[102.4225,16.7957]],[[102.4388,16.7951],[102.4391,16.7954],[102.4391,16.7951],[102.4388,16.7951]],[[102.4383,16.7948],[102.4385,16.7951],[102.4386,16.7948],[102.4383,16.7948]],[[102.4414,16.7946],[102.4419,16.7946],[102.4428,16.7935],[102.4428,16.7927],[102.4436,16.7924],[102.4442,16.7914],[102.4443,16.7892],[102.4437,16.7895],[102.4434,16.7916],[102.4425,16.7921],[102.4425,16.793],[102.4414,16.7938],[102.4414,16.7946]],[[102.4374,16.7937],[102.4377,16.794],[102.4377,16.7937],[102.4374,16.7937]],[[102.4358,16.7937],[102.4369,16.7937],[102.4369,16.7929],[102.436,16.7929],[102.4349,16.7921],[102.4349,16.7915],[102.4344,16.7915],[102.4344,16.7926],[102.4349,16.7926],[102.4349,16.7931],[102.4355,16.7931],[102.4358,16.7937]],[[102.4414,16.7929],[102.4417,16.7932],[102.4417,16.7929],[102.4414,16.7929]],[[102.4144,16.7926],[102.4152,16.7926],[102.4167,16.7916],[102.4156,16.7896],[102.4142,16.7894],[102.4133,16.7899],[102.4119,16.7899],[102.4108,16.7885],[102.4091,16.7879],[102.4094,16.7904],[102.4108,16.7904],[102.4113,16.7907],[102.4113,16.7912],[102.413,16.7912],[102.4144,16.7926]],[[102.4397,16.7916],[102.4408,16.7916],[102.4411,16.7905],[102.4417,16.7905],[102.4426,16.7897],[102.4426,16.7878],[102.4417,16.7883],[102.4417,16.7889],[102.4412,16.7889],[102.4403,16.7897],[102.4403,16.7902],[102.4397,16.7902],[102.4397,16.7916]],[[102.4381,16.7888],[102.4386,16.7891],[102.4386,16.7888],[102.4381,16.7888]],[[102.4226,16.7881],[102.4232,16.7884],[102.4232,16.7881],[102.4226,16.7881]],[[102.4212,16.7881],[102.4218,16.7881],[102.4218,16.7873],[102.4223,16.7873],[102.4223,16.7881],[102.4254,16.7879],[102.4254,16.7873],[102.4257,16.7879],[102.4263,16.7879],[102.4263,16.7873],[102.4268,16.7873],[102.4274,16.7865],[102.4294,16.7866],[102.4294,16.786],[102.4288,16.786],[102.4288,16.7852],[102.43,16.7849],[102.4297,16.786],[102.4302,16.786],[102.4305,16.7852],[102.4311,16.7852],[102.4305,16.785],[102.4308,16.7831],[102.4303,16.7825],[102.4297,16.7847],[102.428,16.7846],[102.428,16.7833],[102.4275,16.7833],[102.4266,16.7825],[102.4266,16.7819],[102.4272,16.7819],[102.4275,16.7814],[102.4289,16.7811],[102.4289,16.7792],[102.4284,16.7782],[102.4275,16.7779],[102.427,16.777],[102.427,16.7765],[102.4276,16.7762],[102.4273,16.7749],[102.4265,16.7741],[102.4259,16.7741],[102.4259,16.7735],[102.4251,16.7727],[102.4236,16.7735],[102.4239,16.7746],[102.4233,16.7759],[102.4239,16.7767],[102.4239,16.7781],[102.4222,16.7786],[102.4213,16.7794],[102.4188,16.7799],[102.4185,16.7805],[102.4174,16.7802],[102.4179,16.7805],[102.4176,16.7818],[102.4188,16.7821],[102.4176,16.7826],[102.4179,16.784],[102.4182,16.7845],[102.4204,16.784],[102.4201,16.7864],[102.4212,16.7873],[102.4212,16.7881]],[[102.4446,16.7873],[102.4448,16.7878],[102.4448,16.7873],[102.4446,16.7873]],[[102.4482,16.7879],[102.4502,16.7879],[102.4522,16.7871],[102.4491,16.7871],[102.4482,16.7873],[102.4482,16.7879]],[[102.4403,16.7872],[102.4415,16.787],[102.4423,16.7862],[102.4423,16.7856],[102.4418,16.7854],[102.4418,16.7843],[102.441,16.7832],[102.4404,16.7832],[102.4398,16.784],[102.4401,16.7848],[102.4409,16.7848],[102.4409,16.7856],[102.4401,16.7862],[102.4403,16.7872]],[[102.4457,16.787],[102.4463,16.787],[102.4468,16.7865],[102.446,16.7865],[102.4457,16.787]],[[102.4524,16.7871],[102.453,16.7871],[102.453,16.7858],[102.4539,16.7847],[102.4539,16.7839],[102.4536,16.7839],[102.4525,16.7858],[102.4524,16.7871]],[[102.4125,16.7861],[102.4139,16.7861],[102.4139,16.7853],[102.4125,16.7853],[102.4125,16.7861]],[[102.4389,16.7864],[102.4395,16.7864],[102.4395,16.7859],[102.4401,16.7856],[102.4387,16.7845],[102.4387,16.7834],[102.4393,16.7826],[102.4367,16.7831],[102.437,16.7848],[102.4389,16.7864]],[[102.444,16.7862],[102.4443,16.7865],[102.4443,16.7862],[102.444,16.7862]],[[102.4468,16.7862],[102.4474,16.7865],[102.4474,16.7862],[102.4468,16.7862]],[[102.4474,16.786],[102.4482,16.7863],[102.4482,16.786],[102.4474,16.786]],[[102.4482,16.7857],[102.4494,16.786],[102.4494,16.7857],[102.4482,16.7857]],[[102.4356,16.7856],[102.4361,16.7856],[102.4364,16.785],[102.435,16.7845],[102.4356,16.7856]],[[102.4494,16.7857],[102.4508,16.7857],[102.4513,16.7852],[102.4497,16.7852],[102.4494,16.7857]],[[102.4471,16.7849],[102.4474,16.7852],[102.4474,16.7849],[102.4471,16.7849]],[[102.4516,16.7849],[102.4522,16.785],[102.4528,16.7839],[102.4516,16.7844],[102.4516,16.7849]],[[102.4491,16.7838],[102.4494,16.7841],[102.4494,16.7838],[102.4491,16.7838]],[[102.4502,16.7838],[102.4505,16.7841],[102.4505,16.7838],[102.4502,16.7838]],[[102.4528,16.7839],[102.4536,16.7839],[102.4536,16.7836],[102.4528,16.7833],[102.4528,16.7839]],[[102.4526,16.7749],[102.4529,16.776],[102.4529,16.7749],[102.4526,16.7749]],[[102.4526,16.7744],[102.4532,16.7733],[102.4529,16.7722],[102.4526,16.7722],[102.4526,16.7744]],[[102.4518,16.7717],[102.4526,16.7722],[102.4527,16.7711],[102.4524,16.7717],[102.4518,16.7717]],[[102.4496,16.7708],[102.4501,16.7711],[102.4501,16.7708],[102.4496,16.7708]],[[102.4501,16.77],[102.4504,16.7706],[102.4504,16.77],[102.4501,16.77]],[[102.4504,16.77],[102.451,16.77],[102.451,16.7695],[102.4507,16.7695],[102.4504,16.77]],[[102.4448,16.7681],[102.4454,16.7683],[102.4454,16.7681],[102.4448,16.7681]],[[102.4465,16.7662],[102.4471,16.7662],[102.4474,16.7654],[102.4465,16.7654],[102.4465,16.7662]],[[102.4477,16.7624],[102.4488,16.7624],[102.4494,16.7619],[102.4491,16.7611],[102.4483,16.7611],[102.4477,16.7616],[102.4477,16.7624]],[[102.4439,16.7556],[102.4444,16.7561],[102.4444,16.7556],[102.4439,16.7556]]]}},{"type":"Feature","properties":{"kind":"seasonal","area_km2":8.165,"date":"2026-10-04"},"geometry":{"type":"Polygon","coordinates":[[[102.5497,16.6582],[102.5495,16.6561],[102.5472,16.656],[102.5467,16.6555],[102.5503,16.6555],[102.5503,16.655],[102.5509,16.6547],[102.5506,16.6534],[102.5518,16.652],[102.5518,16.6509],[102.5498,16.6498],[102.5501,16.6482],[102.5493,16.6474],[102.5487,16.6474],[102.5479,16.6463],[102.5468,16.646],[102.5463,16.6441],[102.5449,16.6438],[102.544,16.6427],[102.5429,16.6427],[102.5429,16.6416],[102.5449,16.6408],[102.5455,16.6403],[102.5458,16.6389],[102.5463,16.6387],[102.5463,16.6368],[102.5461,16.6357],[102.5452,16.6351],[102.5453,16.6343],[102.5472,16.633],[102.5478,16.6311],[102.547,16.6292],[102.5459,16.6281],[102.5434,16.6281],[102.5431,16.6275],[102.5414,16.6275],[102.5403,16.6264],[102.5409,16.6232],[102.5417,16.6232],[102.5423,16.6237],[102.5454,16.6238],[102.5457,16.6227],[102.5468,16.6219],[102.5468,16.6205],[102.5421,16.6205],[102.5412,16.6194],[102.541,16.6167],[102.5401,16.6161],[102.5402,16.6156],[102.5376,16.6153],[102.5368,16.6147],[102.5368,16.6131],[102.5379,16.6126],[102.538,16.6118],[102.5391,16.6104],[102.5394,16.6085],[102.5388,16.608],[102.538,16.608],[102.5374,16.6088],[102.5357,16.6085],[102.5352,16.6058],[102.5344,16.6049],[102.5347,16.6036],[102.5341,16.603],[102.5313,16.603],[102.5307,16.6038],[102.5299,16.6041],[102.5299,16.6057],[102.529,16.606],[102.5282,16.6059],[102.5282,16.6054],[102.5271,16.6048],[102.5271,16.6038],[102.5265,16.6027],[102.526,16.6027],[102.526,16.6019],[102.5268,16.6011],[102.526,16.5978],[102.5263,16.5962],[102.5278,16.5956],[102.528,16.5951],[102.5295,16.5951],[102.5315,16.5924],[102.5331,16.5925],[102.5343,16.5936],[102.5359,16.5936],[102.5365,16.5928],[102.5365,16.5917],[102.536,16.5914],[102.5363,16.5892],[102.5357,16.5887],[102.5352,16.5887],[102.5334,16.5903],[102.5323,16.5903],[102.5321,16.5889],[102.5315,16.5886],[102.531,16.5873],[102.5304,16.5873],[102.5304,16.5859],[102.5301,16.587],[102.529,16.587],[102.529,16.5859],[102.5282,16.5859],[102.5282,16.587],[102.527,16.5867],[102.5273,16.5845],[102.5296,16.5846],[102.5296,16.5851],[102.5304,16.5851],[102.5307,16.5846],[102.5302,16.584],[102.5302,16.5832],[102.5324,16.5832],[102.5327,16.5827],[102.5344,16.5827],[102.5344,16.5822],[102.5358,16.5822],[102.5366,16.5838],[102.5366,16.5857],[102.5377,16.586],[102.5389,16.5849],[102.5403,16.585],[102.5411,16.5855],[102.5411,16.5863],[102.5419,16.5869],[102.5422,16.588],[102.5433,16.5885],[102.5433,16.5896],[102.5441,16.5907],[102.545,16.5899],[102.5469,16.5902],[102.5475,16.5894],[102.5472,16.588],[102.5481,16.5875],[102.5481,16.5869],[102.5475,16.5869],[102.547,16.5856],[102.547,16.5848],[102.5479,16.584],[102.5479,16.5834],[102.5465,16.5826],[102.5465,16.5818],[102.547,16.5815],[102.5468,16.5799],[102.5482,16.5799],[102.5482,16.581],[102.5496,16.5813],[102.5496,16.5799],[102.5507,16.5797],[102.5516,16.5797],[102.5513,16.581],[102.5521,16.581],[102.5518,16.5821],[102.5541,16.5827],[102.5549,16.5843],[102.554,16.5843],[102.554,16.5846],[102.5538,16.5846],[102.5538,16.5848],[102.5518,16.5848],[102.5512,16.5843],[102.5515,16.5854],[102.5532,16.5851],[102.5531,16.5881],[102.5529,16.5867],[102.5523,16.587],[102.5523,16.5856],[102.5512,16.5856],[102.5512,16.5881],[102.5517,16.5886],[102.552,16.5905],[102.5526,16.5902],[102.5526,16.5908],[102.5511,16.5913],[102.5514,16.5929],[102.5511,16.5959],[102.5505,16.5965],[102.5497,16.5962],[102.5497,16.5956],[102.5502,16.5956],[102.5497,16.5954],[102.55,16.5935],[102.5502,16.5951],[102.5508,16.5951],[102.5511,16.5938],[102.5508,16.5921],[102.5503,16.5918],[102.5509,16.591],[102.5509,16.5894],[102.5498,16.5883],[102.5495,16.5889],[102.5484,16.5888],[102.5486,16.5894],[102.5475,16.5899],[102.5478,16.591],[102.5492,16.5907],[102.5492,16.5918],[102.5478,16.5918],[102.5469,16.5959],[102.5474,16.5959],[102.5486,16.5948],[102.5483,16.5962],[102.5491,16.5964],[102.5494,16.5973],[102.5511,16.5973],[102.5511,16.5978],[102.5516,16.5981],[102.5514,16.5965],[102.5519,16.5957],[102.5519,16.5943],[102.5525,16.5943],[102.5525,16.5927],[102.5531,16.593],[102.5539,16.5922],[102.5539,16.5916],[102.5534,16.5913],[102.5534,16.5903],[102.5543,16.5895],[102.5534,16.5892],[102.554,16.5889],[102.554,16.587],[102.5546,16.587],[102.5543,16.5851],[102.5549,16.5851],[102.5552,16.5846],[102.5549,16.5827],[102.556,16.5819],[102.556,16.5808],[102.5544,16.5811],[102.5543,16.5821],[102.5529,16.5816],[102.553,16.5808],[102.5533,16.58],[102.5541,16.5797],[102.5541,16.5783],[102.5558,16.5775],[102.5558,16.5757],[102.5564,16.5754],[102.5572,16.5759],[102.5584,16.576],[102.5584,16.5746],[102.5578,16.5743],[102.5576,16.5727],[102.557,16.5721],[102.5562,16.5724],[102.5559,16.5735],[102.555,16.5735],[102.5548,16.5724],[102.5559,16.5721],[102.5559,16.5716],[102.555,16.5716],[102.5539,16.5724],[102.5539,16.574],[102.555,16.5737],[102.5553,16.5743],[102.5539,16.5745],[102.5539,16.5751],[102.5533,16.5751],[102.553,16.5759],[102.5519,16.5759],[102.5519,16.577],[102.5513,16.577],[102.5513,16.5764],[102.5502,16.5764],[102.5511,16.5759],[102.5513,16.5748],[102.5502,16.5742],[102.55,16.5723],[102.5508,16.5723],[102.5508,16.5713],[102.5531,16.5718],[102.5545,16.5705],[102.5542,16.5689],[102.5551,16.5689],[102.5554,16.5694],[102.5559,16.5691],[102.5557,16.5667],[102.5565,16.5667],[102.5576,16.5678],[102.5576,16.5694],[102.5567,16.5705],[102.557,16.5716],[102.5587,16.5716],[102.5593,16.5692],[102.5601,16.5692],[102.5601,16.5703],[102.5612,16.5708],[102.5612,16.5738],[102.5603,16.5741],[102.5606,16.5787],[102.5603,16.5798],[102.5594,16.5798],[102.5591,16.5814],[102.5597,16.5819],[102.5617,16.5817],[102.5616,16.5828],[102.5611,16.583],[102.5616,16.5852],[102.5599,16.586],[102.5602,16.5876],[102.559,16.5882],[102.5588,16.5892],[102.5579,16.5898],[102.5579,16.5906],[102.5593,16.5917],[102.5604,16.5917],[102.5601,16.5933],[102.5621,16.5944],[102.562,16.5958],[102.5634,16.5969],[102.5646,16.5966],[102.5648,16.5961],[102.566,16.5961],[102.5662,16.5969],[102.5671,16.5972],[102.5674,16.5945],[102.5708,16.5945],[102.5713,16.5948],[102.5713,16.597],[102.5719,16.5972],[102.5722,16.5962],[102.5727,16.5973],[102.5721,16.6],[102.5729,16.6005],[102.5738,16.6032],[102.5737,16.6076],[102.5734,16.6103],[102.5728,16.6108],[102.5722,16.6141],[102.5722,16.6159],[102.5716,16.6159],[102.5714,16.6135],[102.5719,16.613],[102.572,16.6111],[102.5725,16.6108],[102.5726,16.6057],[102.5732,16.6051],[102.5735,16.6038],[102.5732,16.6032],[102.5726,16.6032],[102.5724,16.6021],[102.571,16.6018],[102.571,16.6005],[102.5704,16.5997],[102.5713,16.5991],[102.5702,16.5991],[102.5699,16.598],[102.5665,16.5977],[102.5662,16.5983],[102.5657,16.5983],[102.5651,16.5996],[102.5643,16.598],[102.5634,16.598],[102.5629,16.5969],[102.5623,16.5971],[102.5615,16.596],[102.5609,16.596],[102.5612,16.5952],[102.5604,16.5949],[102.5601,16.5936],[102.5579,16.5922],[102.5576,16.5892],[102.5585,16.5887],[102.5585,16.5879],[102.5596,16.5871],[102.5594,16.5833],[102.5588,16.583],[102.5588,16.5819],[102.5577,16.5811],[102.558,16.5797],[102.5575,16.5805],[102.5574,16.5816],[102.5583,16.5822],[102.5582,16.5846],[102.5577,16.5849],[102.5574,16.586],[102.5574,16.5881],[102.5559,16.5892],[102.5562,16.5914],[102.5568,16.5914],[102.5567,16.5925],[102.5573,16.593],[102.5595,16.5936],[102.5595,16.596],[102.5617,16.5971],[102.562,16.5996],[102.5628,16.6001],[102.5595,16.6001],[102.5595,16.6006],[102.5589,16.6009],[102.5578,16.6006],[102.5575,16.5998],[102.5566,16.6],[102.5566,16.6036],[102.5558,16.6044],[102.5557,16.606],[102.5546,16.606],[102.5543,16.6054],[102.5547,16.6019],[102.5538,16.6016],[102.5541,16.6052],[102.5538,16.6057],[102.5529,16.6057],[102.5529,16.6071],[102.5518,16.6076],[102.5512,16.6062],[102.5504,16.6062],[102.5501,16.6078],[102.5481,16.6073],[102.5481,16.6086],[102.5464,16.6086],[102.547,16.6091],[102.5492,16.6092],[102.5492,16.61],[102.5467,16.61],[102.5461,16.6097],[102.5461,16.6091],[102.5447,16.6089],[102.5447,16.6083],[102.5459,16.6083],[102.5459,16.6067],[102.5462,16.6056],[102.5467,16.6056],[102.5468,16.6045],[102.5476,16.6045],[102.547,16.604],[102.5476,16.6032],[102.5476,16.6018],[102.5471,16.6016],[102.5471,16.5983],[102.5477,16.5978],[102.5471,16.5978],[102.5471,16.5961],[102.5466,16.5961],[102.5465,16.5997],[102.5454,16.5994],[102.5451,16.5999],[102.5449,16.5994],[102.5443,16.5994],[102.5443,16.5988],[102.5449,16.5988],[102.5446,16.5964],[102.5455,16.5956],[102.5443,16.5956],[102.5443,16.595],[102.5421,16.5945],[102.5421,16.5934],[102.543,16.5931],[102.5425,16.589],[102.5419,16.5882],[102.5411,16.5882],[102.5405,16.5877],[102.5405,16.5871],[102.54,16.5868],[102.54,16.5855],[102.5391,16.5855],[102.5391,16.586],[102.538,16.5868],[102.5371,16.5868],[102.5371,16.5865],[102.5369,16.5865],[102.5371,16.5879],[102.5391,16.5882],[102.5385,16.5893],[102.5385,16.5909],[102.5374,16.5911],[102.5376,16.5928],[102.5368,16.5944],[102.5348,16.5946],[102.534,16.5944],[102.534,16.5938],[102.5328,16.5935],[102.5323,16.5952],[102.53,16.5965],[102.53,16.597],[102.532,16.5968],[102.5322,16.5979],[102.5319,16.5989],[102.5305,16.5992],[102.5302,16.5997],[102.5308,16.5997],[102.5316,16.6006],[102.5328,16.6],[102.533,16.6014],[102.5336,16.6019],[102.5361,16.602],[102.5366,16.6066],[102.5377,16.6066],[102.538,16.6061],[102.5386,16.6061],[102.5389,16.6053],[102.54,16.6047],[102.54,16.6042],[102.5414,16.6029],[102.5423,16.6026],[102.5426,16.6034],[102.5431,16.6031],[102.5431,16.6061],[102.5428,16.6042],[102.5423,16.6037],[102.5422,16.6064],[102.5414,16.6066],[102.5419,16.6088],[102.5414,16.6088],[102.5414,16.6096],[102.5396,16.611],[102.5399,16.6142],[102.541,16.6145],[102.5416,16.6161],[102.543,16.6161],[102.5438,16.6167],[102.5435,16.6172],[102.544,16.6186],[102.5483,16.6189],[102.5483,16.6195],[102.5491,16.6195],[102.5496,16.6206],[102.5496,16.6225],[102.5491,16.623],[102.5476,16.6232],[102.5471,16.6238],[102.5468,16.6251],[102.5445,16.6251],[102.5442,16.6265],[102.5493,16.6279],[102.5495,16.6292],[102.5504,16.6301],[102.5498,16.6344],[102.5492,16.6352],[102.5483,16.6352],[102.5483,16.6357],[102.5478,16.6352],[102.5469,16.6381],[102.5471,16.6403],[102.5469,16.6411],[102.5454,16.6419],[102.5463,16.6422],[102.5465,16.643],[102.5477,16.643],[102.5479,16.6436],[102.5485,16.6436],[102.5479,16.6452],[102.549,16.6458],[102.5493,16.6466],[102.5507,16.6471],[102.551,16.6479],[102.5524,16.649],[102.5524,16.6501],[102.5535,16.6507],[102.5532,16.6512],[102.5538,16.6512],[102.5532,16.6515],[102.5526,16.6534],[102.5537,16.6542],[102.5546,16.6542],[102.5543,16.655],[102.5548,16.6553],[102.5543,16.6556],[102.5543,16.6561],[102.5531,16.6561],[102.5526,16.6553],[102.5517,16.6553],[102.5509,16.6561],[102.5506,16.6582],[102.5497,16.6582]],[[102.5482,16.6054],[102.549,16.6051],[102.549,16.6043],[102.5482,16.6043],[102.5482,16.6054]],[[102.5507,16.6013],[102.551,16.6019],[102.5513,16.6013],[102.5507,16.6013]],[[102.5513,16.5986],[102.5522,16.5986],[102.5522,16.5984],[102.5516,16.5981],[102.5513,16.5986]],[[102.5496,16.5983],[102.5502,16.5983],[102.5502,16.5978],[102.5497,16.5978],[102.5496,16.5983]],[[102.5525,16.5981],[102.553,16.5981],[102.5533,16.5973],[102.5528,16.5973],[102.5525,16.5981]],[[102.5477,16.5972],[102.548,16.5978],[102.548,16.5972],[102.5477,16.5972]],[[102.5708,16.5956],[102.571,16.5959],[102.571,16.5956],[102.5708,16.5956]],[[102.5466,16.5926],[102.5472,16.5926],[102.5472,16.5921],[102.5469,16.5921],[102.5466,16.5926]],[[102.5464,16.5907],[102.5466,16.591],[102.5467,16.5907],[102.5464,16.5907]],[[102.5495,16.5875],[102.5503,16.5872],[102.5504,16.584],[102.5478,16.5853],[102.5484,16.5859],[102.5484,16.5869],[102.5495,16.587],[102.5495,16.5875]],[[102.5366,16.5863],[102.5369,16.5865],[102.5369,16.5863],[102.5366,16.5863]],[[102.5478,16.5859],[102.5481,16.5861],[102.5481,16.5859],[102.5478,16.5859]],[[102.5529,16.5846],[102.5538,16.5846],[102.5535,16.5829],[102.5532,16.5829],[102.5529,16.5846]],[[102.5521,16.5835],[102.5524,16.5827],[102.5513,16.5824],[102.5512,16.5832],[102.5521,16.5835]],[[102.5525,16.5743],[102.5533,16.5743],[102.5533,16.5737],[102.5528,16.5734],[102.5528,16.5726],[102.5517,16.5726],[102.5514,16.5734],[102.5525,16.5743]]]}},{"type":"Feature","properties":{"kind":"seasonal","area_km2":3.914,"date":"2026-10-04"},"geometry":{"type":"Polygon","coordinates":[[[102.2924,16.3624],[102.2894,16.3618],[102.2894,16.361],[102.2885,16.3602],[102.288,16.3602],[102.288,16.3583],[102.2872,16.3567],[102.2867,16.3529],[102.2856,16.3515],[102.2845,16.3512],[102.2845,16.3496],[102.2839,16.3493],[102.2839,16.3482],[102.2845,16.3479],[102.2823,16.3479],[102.2811,16.3468],[102.2806,16.3452],[102.2798,16.3452],[102.2792,16.3463],[102.2778,16.346],[102.2778,16.3443],[102.277,16.3432],[102.277,16.3422],[102.2764,16.3419],[102.2767,16.3405],[102.2779,16.3405],[102.2781,16.3411],[102.2787,16.3411],[102.2784,16.3427],[102.2798,16.3436],[102.2798,16.3417],[102.2815,16.3414],[102.2821,16.3392],[102.2807,16.339],[102.2807,16.3376],[102.2799,16.337],[102.2799,16.3362],[102.2774,16.3357],[102.2771,16.3324],[102.276,16.3308],[102.2761,16.3294],[102.2783,16.3289],[102.2797,16.3292],[102.2797,16.3305],[102.28,16.3316],[102.2808,16.3322],[102.2808,16.3335],[102.2794,16.3338],[102.281,16.3349],[102.2827,16.3349],[102.2827,16.3357],[102.281,16.336],[102.281,16.3365],[102.2832,16.3368],[102.2832,16.3376],[102.2827,16.3379],[102.2827,16.3393],[102.2843,16.339],[102.2854,16.3406],[102.2888,16.3412],[102.2896,16.3418],[102.2902,16.341],[102.2899,16.3391],[102.2905,16.3388],[102.2905,16.3372],[102.2919,16.3369],[102.2919,16.3377],[102.2928,16.3378],[102.293,16.3383],[102.2942,16.3386],[102.2944,16.3402],[102.2964,16.34],[102.2972,16.3411],[102.2978,16.3411],[102.2978,16.3424],[102.2983,16.3427],[102.2983,16.3449],[102.2977,16.3454],[102.2974,16.3473],[102.298,16.3476],[102.298,16.3487],[102.2985,16.3487],[102.2988,16.3495],[102.2993,16.3495],[102.3004,16.3514],[102.303,16.352],[102.3027,16.3539],[102.3032,16.3539],[102.3038,16.3523],[102.3055,16.3523],[102.3075,16.3515],[102.3089,16.3515],[102.3086,16.3531],[102.3102,16.3529],[102.3103,16.3518],[102.3108,16.3518],[102.3103,16.3494],[102.3114,16.3483],[102.3128,16.3486],[102.3125,16.3526],[102.313,16.3535],[102.313,16.3545],[102.3113,16.3548],[102.3116,16.3562],[102.3105,16.3567],[102.3091,16.3567],[102.3091,16.3572],[102.3063,16.3577],[102.3051,16.3585],[102.304,16.3585],[102.3012,16.3598],[102.3006,16.3595],[102.3015,16.3593],[102.3015,16.3587],[102.3026,16.3587],[102.3029,16.3582],[102.3046,16.3582],[102.3063,16.3572],[102.3071,16.3572],[102.3077,16.3566],[102.3077,16.3553],[102.3071,16.3553],[102.3071,16.3547],[102.3063,16.3547],[102.3063,16.3553],[102.3054,16.3553],[102.3052,16.3561],[102.304,16.3561],[102.3037,16.3571],[102.3023,16.3571],[102.3004,16.3565],[102.3001,16.356],[102.2993,16.356],[102.2987,16.3546],[102.2982,16.3546],[102.2982,16.3541],[102.2973,16.3533],[102.2954,16.353],[102.2951,16.3503],[102.2946,16.3502],[102.2946,16.3497],[102.2937,16.35],[102.294,16.3513],[102.2934,16.3513],[102.2934,16.3519],[102.292,16.3518],[102.2917,16.3513],[102.2923,16.3502],[102.2929,16.3502],[102.2926,16.3494],[102.2912,16.3499],[102.2915,16.3513],[102.2906,16.351],[102.2909,16.3505],[102.2901,16.3496],[102.2887,16.3507],[102.287,16.3504],[102.2878,16.3521],[102.2878,16.355],[102.2883,16.3553],[102.2883,16.3561],[102.2889,16.3561],[102.2889,16.3564],[102.2897,16.3567],[102.29,16.3572],[102.2908,16.3572],[102.2908,16.3583],[102.2914,16.3583],[102.2919,16.3597],[102.2939,16.36],[102.2939,16.3605],[102.2947,16.3608],[102.2967,16.3608],[102.297,16.3603],[102.2978,16.3603],[102.2978,16.3609],[102.2972,16.3611],[102.2924,16.3624]],[[102.2899,16.3599],[102.2905,16.3599],[102.2905,16.3591],[102.29,16.3591],[102.2899,16.3599]],[[102.2889,16.3575],[102.2894,16.3578],[102.2894,16.3575],[102.2889,16.3575]],[[102.2891,16.3569],[102.2897,16.3572],[102.2897,16.357],[102.2891,16.3569]],[[102.2932,16.351],[102.2934,16.3513],[102.2934,16.351],[102.2932,16.351]],[[102.2926,16.3508],[102.2932,16.351],[102.2932,16.3508],[102.2926,16.3508]],[[102.2934,16.3508],[102.2937,16.351],[102.2937,16.3508],[102.2934,16.3508]],[[102.2949,16.3497],[102.2951,16.35],[102.2951,16.3497],[102.2949,16.3497]],[[102.2904,16.348],[102.2912,16.3478],[102.291,16.3445],[102.2902,16.3445],[102.2907,16.345],[102.2907,16.3459],[102.2896,16.3469],[102.2904,16.348]],[[102.2837,16.3469],[102.2842,16.3469],[102.2845,16.3458],[102.2831,16.3455],[102.2828,16.346],[102.2837,16.3469]],[[102.2958,16.3427],[102.2964,16.3427],[102.2964,16.3419],[102.2958,16.3413],[102.2944,16.3413],[102.2958,16.3427]],[[102.293,16.3413],[102.2936,16.3421],[102.2936,16.3413],[102.293,16.3413]]]}},{"type":"Feature","properties":{"kind":"seasonal","area_km2":3.895,"date":"2026-10-04"},"geometry":{"type":"Polygon","coordinates":[[[102.58,16.8662],[102.5783,16.8651],[102.5786,16.8626],[102.5781,16.8626],[102.5778,16.8632],[102.5767,16.8631],[102.5758,16.8626],[102.5755,16.8634],[102.5747,16.8634],[102.575,16.8629],[102.5739,16.8618],[102.5727,16.8617],[102.5727,16.8607],[102.5739,16.8604],[102.5742,16.8596],[102.5728,16.8593],[102.5728,16.8588],[102.5717,16.8579],[102.5717,16.8571],[102.5725,16.8569],[102.5728,16.855],[102.5739,16.855],[102.5742,16.8558],[102.5753,16.8555],[102.5751,16.8534],[102.5765,16.8534],[102.5765,16.852],[102.5774,16.8518],[102.5771,16.8507],[102.5777,16.8501],[102.5768,16.8488],[102.5751,16.8485],[102.5746,16.8479],[102.5766,16.8477],[102.578,16.8491],[102.5782,16.8502],[102.5796,16.8502],[102.5796,16.8507],[102.5805,16.8505],[102.5822,16.851],[102.5821,16.8516],[102.583,16.8513],[102.583,16.8518],[102.5838,16.8521],[102.5838,16.8529],[102.5844,16.8519],[102.5883,16.8519],[102.5869,16.85],[102.5858,16.8502],[102.5856,16.8492],[102.5836,16.8489],[102.5839,16.8478],[102.5844,16.8478],[102.5847,16.8483],[102.5859,16.8478],[102.5859,16.8465],[102.585,16.8464],[102.585,16.8456],[102.5842,16.8448],[102.5828,16.8445],[102.5831,16.8434],[102.5839,16.8434],[102.5848,16.8421],[102.5873,16.8413],[102.5873,16.8408],[102.5857,16.8408],[102.5857,16.8391],[102.5865,16.8391],[102.5865,16.8397],[102.5871,16.8397],[102.5871,16.8402],[102.5876,16.8405],[102.5871,16.8383],[102.586,16.8378],[102.586,16.837],[102.5866,16.8367],[102.5888,16.837],[102.5888,16.8386],[102.5882,16.8397],[102.5893,16.84],[102.5893,16.8408],[102.5899,16.8413],[102.5896,16.8427],[102.5901,16.8427],[102.591,16.8446],[102.5915,16.8449],[102.5921,16.8446],[102.5921,16.8406],[102.5933,16.8403],[102.5933,16.8398],[102.5941,16.8398],[102.5941,16.8392],[102.5955,16.8392],[102.5955,16.8398],[102.5966,16.8403],[102.5966,16.8417],[102.5972,16.8417],[102.5972,16.8422],[102.5983,16.8428],[102.5986,16.8436],[102.5994,16.8434],[102.5994,16.8425],[102.6008,16.8428],[102.6011,16.8436],[102.6031,16.8437],[102.6042,16.8431],[102.6042,16.8418],[102.6037,16.8418],[102.6037,16.8407],[102.6028,16.8399],[102.6023,16.8399],[102.602,16.8382],[102.6029,16.8372],[102.6043,16.8369],[102.6051,16.8356],[102.6071,16.8359],[102.6071,16.8329],[102.6057,16.8329],[102.6052,16.831],[102.6094,16.831],[102.6106,16.8305],[102.6114,16.8308],[102.6114,16.8302],[102.612,16.8302],[102.6114,16.8297],[102.6106,16.8297],[102.6106,16.8291],[102.6097,16.8286],[102.6089,16.8269],[102.6089,16.8264],[102.61,16.8261],[102.6098,16.8245],[102.6103,16.8245],[102.6104,16.8237],[102.6115,16.8232],[102.6115,16.8221],[102.6107,16.8218],[102.6107,16.8213],[102.6101,16.821],[102.6101,16.8204],[102.6112,16.8199],[102.6112,16.8213],[102.6121,16.8216],[102.612,16.8243],[102.6112,16.8248],[102.6112,16.827],[102.6106,16.8272],[102.6106,16.8278],[102.6111,16.8283],[102.6123,16.8281],[102.6128,16.8286],[102.6125,16.8302],[102.6122,16.8308],[102.6117,16.8308],[102.6117,16.8316],[102.6103,16.8316],[102.6094,16.8321],[102.61,16.8326],[102.61,16.8335],[102.608,16.8348],[102.6082,16.8383],[102.6068,16.8386],[102.6057,16.8375],[102.604,16.8391],[102.6048,16.8399],[102.6048,16.8404],[102.6065,16.8418],[102.6067,16.8432],[102.6087,16.8437],[102.6081,16.8459],[102.6075,16.8462],[102.6078,16.8478],[102.6067,16.848],[102.6067,16.847],[102.6056,16.8467],[102.6061,16.8483],[102.6053,16.8483],[102.6042,16.8472],[102.6042,16.8453],[102.6022,16.8456],[102.6005,16.845],[102.5999,16.8461],[102.5991,16.8461],[102.5977,16.8439],[102.5969,16.8439],[102.5958,16.8425],[102.5949,16.8425],[102.5949,16.843],[102.5935,16.8446],[102.5935,16.8455],[102.5924,16.8457],[102.5926,16.8471],[102.5903,16.8489],[102.5898,16.8489],[102.5886,16.8503],[102.5886,16.8511],[102.5892,16.8516],[102.5889,16.8543],[102.5872,16.8541],[102.5863,16.853],[102.5855,16.8527],[102.5849,16.8527],[102.5844,16.8537],[102.5846,16.8543],[102.5861,16.854],[102.586,16.8551],[102.5852,16.8551],[102.5849,16.8557],[102.5874,16.8565],[102.5874,16.8573],[102.588,16.8579],[102.5897,16.8579],[102.5897,16.8587],[102.5891,16.859],[102.5896,16.8622],[102.5885,16.8622],[102.5877,16.8611],[102.5865,16.8611],[102.5863,16.8605],[102.5846,16.8603],[102.5834,16.8613],[102.5823,16.8616],[102.5806,16.8635],[102.5806,16.864],[102.582,16.8651],[102.582,16.8659],[102.58,16.8662]],[[102.5882,16.8611],[102.5891,16.8614],[102.5891,16.8611],[102.5882,16.8611]],[[102.5758,16.8607],[102.5764,16.8607],[102.5764,16.8602],[102.5758,16.8602],[102.5758,16.8607]],[[102.5736,16.8571],[102.5739,16.8574],[102.5739,16.8571],[102.5736,16.8571]],[[102.5779,16.852],[102.5782,16.8526],[102.5782,16.8521],[102.5779,16.852]],[[102.5779,16.8502],[102.5782,16.8504],[102.5782,16.8502],[102.5779,16.8502]],[[102.5884,16.8484],[102.5889,16.8484],[102.589,16.8476],[102.5884,16.847],[102.5864,16.8473],[102.5867,16.8481],[102.5884,16.8478],[102.5884,16.8484]],[[102.6053,16.8456],[102.6059,16.8459],[102.6059,16.8456],[102.6053,16.8456]],[[102.6042,16.8431],[102.6048,16.8434],[102.6048,16.8431],[102.6042,16.8431]],[[102.5874,16.8383],[102.5879,16.8383],[102.5879,16.8378],[102.5877,16.8378],[102.5874,16.8383]]]}},{"type":"Feature","properties":{"kind":"seasonal","area_km2":3.34,"date":"2026-10-04"},"geometry":{"type":"Polygon","coordinates":[[[102.6202,16.7325],[102.6199,16.7311],[102.6194,16.7311],[102.6186,16.73],[102.6183,16.7284],[102.6175,16.7281],[102.6175,16.7276],[102.6169,16.7273],[102.6172,16.7251],[102.6181,16.7243],[102.6175,16.7243],[102.6175,16.7238],[102.6161,16.723],[102.6161,16.7216],[102.6184,16.7211],[102.6181,16.7195],[102.6176,16.7195],[102.6167,16.7184],[102.6156,16.7183],[102.6148,16.7175],[102.6148,16.717],[102.6156,16.7167],[102.6168,16.714],[102.6173,16.714],[102.6176,16.7135],[102.6193,16.7138],[102.6199,16.7151],[102.6216,16.7152],[102.6215,16.7157],[102.6227,16.7163],[102.6227,16.713],[102.6233,16.7125],[102.6227,16.7122],[102.6227,16.7117],[102.6239,16.7098],[102.6239,16.7081],[102.6245,16.7079],[102.6233,16.7076],[102.6234,16.706],[102.6228,16.7052],[102.6228,16.7035],[102.6234,16.7022],[102.6231,16.7008],[102.6226,16.7003],[102.6215,16.7008],[102.6215,16.6997],[102.6203,16.6997],[102.6203,16.7008],[102.6195,16.701],[102.6184,16.7005],[102.6161,16.7005],[102.615,16.6994],[102.6128,16.6993],[102.6113,16.6999],[102.6105,16.6993],[102.6102,16.6982],[102.6097,16.698],[102.6097,16.6971],[102.6091,16.6969],[102.6091,16.6961],[102.6083,16.6952],[102.6072,16.6952],[102.6066,16.6955],[102.6066,16.696],[102.6052,16.6963],[102.6044,16.6946],[102.6024,16.6946],[102.6024,16.693],[102.6041,16.6925],[102.6069,16.6928],[102.6083,16.6922],[102.6086,16.6912],[102.6098,16.6901],[102.6115,16.6904],[102.6118,16.6893],[102.6092,16.6885],[102.6101,16.6877],[102.6101,16.6871],[102.6093,16.6858],[102.6088,16.682],[102.6076,16.6803],[102.6077,16.6798],[102.6085,16.679],[102.6071,16.6784],[102.6071,16.6773],[102.6057,16.6773],[102.6049,16.6778],[102.6029,16.6773],[102.6024,16.6759],[102.6027,16.6751],[102.6018,16.6746],[102.6013,16.6724],[102.6007,16.6724],[102.6007,16.6729],[102.5999,16.6732],[102.6001,16.6737],[102.5984,16.674],[102.5976,16.6729],[102.5974,16.6715],[102.5968,16.6715],[102.5957,16.6704],[102.5957,16.6693],[102.5963,16.6691],[102.5963,16.6685],[102.5957,16.6685],[102.5954,16.668],[102.5935,16.6677],[102.5935,16.6669],[102.5943,16.6666],[102.5943,16.6658],[102.5926,16.6658],[102.5924,16.6647],[102.5918,16.6644],[102.5887,16.6644],[102.5882,16.663],[102.5862,16.663],[102.5854,16.6622],[102.5829,16.6613],[102.5815,16.6602],[102.5806,16.6602],[102.5806,16.6594],[102.5792,16.6591],[102.579,16.6583],[102.5784,16.6583],[102.5781,16.6578],[102.5781,16.6567],[102.5773,16.6567],[102.5773,16.6561],[102.5767,16.6558],[102.5765,16.6526],[102.5771,16.6526],[102.5782,16.6537],[102.5782,16.655],[102.5793,16.6551],[102.5807,16.6578],[102.5818,16.6583],[102.5823,16.6592],[102.5843,16.6592],[102.5848,16.6603],[102.5865,16.6616],[102.5893,16.6614],[102.5904,16.6633],[102.5918,16.6631],[102.5927,16.6644],[102.5952,16.6645],[102.5952,16.6661],[102.5963,16.6664],[102.596,16.668],[102.5971,16.6688],[102.5974,16.6702],[102.5979,16.6704],[102.5979,16.6718],[102.5985,16.6724],[102.5999,16.6724],[102.601,16.6702],[102.603,16.6702],[102.603,16.6713],[102.6038,16.6721],[102.6038,16.673],[102.6052,16.6743],[102.6069,16.6752],[102.6071,16.676],[102.6083,16.676],[102.6085,16.6771],[102.6099,16.6768],[102.6105,16.6774],[102.6108,16.6787],[102.6093,16.6801],[102.6093,16.6809],[102.6104,16.6817],[102.6107,16.6831],[102.6113,16.6833],[102.6112,16.6847],[102.6126,16.685],[102.6129,16.6874],[102.614,16.6877],[102.6143,16.6888],[102.6149,16.6888],[102.6146,16.6902],[102.6117,16.6907],[102.6117,16.6912],[102.6103,16.6912],[102.6103,16.6917],[102.6086,16.6931],[102.6089,16.6952],[102.6111,16.6974],[102.6119,16.6977],[102.6133,16.6969],[102.6145,16.6969],[102.6153,16.6961],[102.6167,16.6961],[102.617,16.698],[102.6175,16.6986],[102.6184,16.6986],[102.6198,16.6967],[102.6209,16.6967],[102.6215,16.6978],[102.6221,16.6978],[102.6226,16.6965],[102.6235,16.6965],[102.6234,16.6984],[102.624,16.6987],[102.624,16.6995],[102.6248,16.6995],[102.6251,16.7011],[102.6259,16.7022],[102.6259,16.703],[102.6248,16.7033],[102.6242,16.7041],[102.6259,16.706],[102.6267,16.706],[102.627,16.7066],[102.6267,16.7082],[102.6256,16.7084],[102.6256,16.7103],[102.625,16.7109],[102.6247,16.7128],[102.6249,16.7147],[102.6255,16.7149],[102.6255,16.7168],[102.6249,16.7171],[102.6254,16.7187],[102.6232,16.7184],[102.621,16.7165],[102.6187,16.7165],[102.6187,16.7151],[102.6179,16.7146],[102.6171,16.7146],[102.6167,16.7173],[102.6173,16.7178],[102.6184,16.7178],[102.6187,16.7189],[102.6201,16.72],[102.6195,16.7219],[102.6206,16.7233],[102.6209,16.7246],[102.6189,16.7265],[102.6194,16.7287],[102.6205,16.729],[102.6214,16.7274],[102.622,16.7271],[102.622,16.726],[102.6231,16.726],[102.6234,16.7287],[102.6253,16.7288],[102.6259,16.7309],[102.6253,16.7315],[102.6239,16.7314],[102.6236,16.7301],[102.6231,16.7301],[102.6228,16.7293],[102.6219,16.729],[102.6219,16.7298],[102.6214,16.7298],[102.6208,16.7325],[102.6202,16.7325]],[[102.6229,16.716],[102.6232,16.7163],[102.6232,16.716],[102.6229,16.716]]]}},{"type":"Feature","properties":{"kind":"seasonal","area_km2":3.314,"date":"2026-10-04"},"geometry":{"type":"Polygon","coordinates":[[[102.6784,16.1708],[102.6761,16.1705],[102.6761,16.1697],[102.6773,16.1694],[102.677,16.1683],[102.6762,16.1686],[102.6761,16.1694],[102.6753,16.1694],[102.6748,16.1686],[102.6742,16.1686],[102.6742,16.1675],[102.6734,16.1667],[102.6728,16.1667],[102.6728,16.1675],[102.672,16.1675],[102.6717,16.168],[102.6706,16.1677],[102.6714,16.1653],[102.6712,16.1648],[102.6706,16.1648],[102.6706,16.1639],[102.6714,16.1637],[102.6698,16.1637],[102.6698,16.1626],[102.6703,16.1623],[102.6703,16.1618],[102.6698,16.1612],[102.669,16.1612],[102.669,16.1574],[102.6698,16.1574],[102.6707,16.1566],[102.6707,16.1558],[102.6721,16.1558],[102.6724,16.1564],[102.6743,16.1559],[102.6741,16.1548],[102.6724,16.1547],[102.6727,16.1537],[102.6744,16.1534],[102.6747,16.1518],[102.6722,16.1496],[102.6722,16.1488],[102.675,16.1488],[102.6764,16.1507],[102.6775,16.1507],[102.6778,16.1513],[102.6778,16.1502],[102.6783,16.1499],[102.6783,16.1494],[102.6778,16.1491],[102.6781,16.148],[102.6795,16.1478],[102.6795,16.1483],[102.6809,16.1491],[102.6806,16.1502],[102.6814,16.1505],[102.6831,16.15],[102.684,16.1484],[102.684,16.1473],[102.6834,16.147],[102.6829,16.1451],[102.6801,16.1426],[102.6784,16.1418],[102.677,16.1418],[102.6762,16.1407],[102.6745,16.1404],[102.674,16.1399],[102.674,16.1388],[102.6732,16.138],[102.6732,16.1369],[102.6737,16.1369],[102.6746,16.1361],[102.6746,16.1353],[102.6743,16.1347],[102.6729,16.1342],[102.6729,16.1333],[102.6735,16.1328],[102.6746,16.1328],[102.6749,16.1334],[102.6754,16.1334],[102.676,16.1339],[102.676,16.135],[102.6763,16.1345],[102.6777,16.1342],[102.6777,16.1337],[102.6783,16.1334],[102.6796,16.1337],[102.6796,16.135],[102.678,16.1348],[102.6774,16.1353],[102.6776,16.1377],[102.6771,16.1383],[102.6771,16.1391],[102.6779,16.1388],[102.6779,16.1377],[102.6788,16.1377],[102.6793,16.1391],[102.6804,16.1388],[102.6807,16.1383],[102.6818,16.1383],[102.6824,16.1391],[102.6832,16.1394],[102.6841,16.1383],[102.6841,16.1375],[102.6855,16.1375],[102.686,16.1384],[102.6869,16.1386],[102.6869,16.1395],[102.688,16.14],[102.6877,16.1411],[102.6863,16.1411],[102.686,16.1416],[102.686,16.1408],[102.6852,16.1403],[102.6852,16.1397],[102.6846,16.14],[102.6849,16.1411],[102.6846,16.1405],[102.6832,16.14],[102.6827,16.14],[102.6824,16.1408],[102.6812,16.1408],[102.6793,16.1405],[102.679,16.1396],[102.6771,16.1396],[102.6773,16.1402],[102.6782,16.1402],[102.6782,16.1415],[102.6804,16.1424],[102.6821,16.1424],[102.6823,16.1432],[102.6843,16.1435],[102.6848,16.1457],[102.6843,16.1465],[102.6851,16.1473],[102.6851,16.1492],[102.6845,16.1497],[102.6853,16.1506],[102.6853,16.1514],[102.6859,16.1519],[102.6876,16.1522],[102.6884,16.1544],[102.6892,16.1547],[102.69,16.156],[102.6909,16.156],[102.6914,16.1569],[102.692,16.1569],[102.6911,16.1579],[102.6895,16.1579],[102.6897,16.1593],[102.6892,16.1601],[102.6891,16.1617],[102.69,16.1612],[102.6903,16.1595],[102.6908,16.1596],[102.6917,16.1588],[102.6917,16.1582],[102.6928,16.158],[102.6917,16.1598],[102.6906,16.1604],[102.6903,16.162],[102.6888,16.1633],[102.6877,16.1633],[102.6875,16.1617],[102.6858,16.1619],[102.6846,16.163],[102.6846,16.1636],[102.6829,16.1649],[102.6821,16.1665],[102.6812,16.167],[102.6798,16.17],[102.6787,16.1703],[102.6784,16.1708]],[[102.6778,16.1681],[102.6784,16.1678],[102.6782,16.1659],[102.6759,16.1659],[102.6756,16.1667],[102.6748,16.167],[102.6748,16.1675],[102.6765,16.1673],[102.6778,16.1681]],[[102.6742,16.1659],[102.6754,16.1656],[102.6754,16.1643],[102.6768,16.1643],[102.6771,16.1635],[102.6796,16.1621],[102.6805,16.1605],[102.6805,16.1592],[102.6796,16.1592],[102.6791,16.1583],[102.6777,16.1583],[102.6777,16.1589],[102.6771,16.1589],[102.6768,16.1575],[102.6763,16.1575],[102.6763,16.1564],[102.6769,16.1564],[102.6763,16.1559],[102.6769,16.1559],[102.6769,16.1548],[102.6777,16.154],[102.6783,16.154],[102.6786,16.1551],[102.6802,16.1548],[102.6797,16.1546],[102.6797,16.154],[102.6808,16.154],[102.6814,16.1546],[102.6813,16.1565],[102.6828,16.1562],[102.6827,16.1576],[102.6844,16.1573],[102.6847,16.1579],[102.6855,16.1579],[102.685,16.1581],[102.685,16.1592],[102.6844,16.1598],[102.6847,16.1608],[102.6861,16.1595],[102.6864,16.1579],[102.6878,16.1576],[102.6875,16.1563],[102.6864,16.1571],[102.6855,16.1571],[102.685,16.1562],[102.6844,16.1562],[102.6853,16.1541],[102.6847,16.1535],[102.6831,16.1532],[102.6831,16.1527],[102.6825,16.1527],[102.6828,16.1519],[102.6822,16.1519],[102.682,16.1524],[102.6811,16.1521],[102.6814,16.1535],[102.6783,16.1532],[102.6778,16.1516],[102.6766,16.151],[102.6769,16.1521],[102.6775,16.1521],[102.6775,16.1529],[102.6766,16.1526],[102.6766,16.1532],[102.6761,16.1532],[102.6761,16.1537],[102.6755,16.154],[102.6749,16.1561],[102.6735,16.1575],[102.6737,16.1594],[102.6735,16.1599],[102.6726,16.1599],[102.6729,16.1604],[102.6734,16.1605],[102.6734,16.1613],[102.674,16.1613],[102.674,16.1618],[102.6734,16.1615],[102.6737,16.1637],[102.6726,16.1637],[102.6726,16.1642],[102.6728,16.1651],[102.674,16.1651],[102.6742,16.1659]],[[102.6798,16.1646],[102.6804,16.1649],[102.6804,16.1646],[102.6798,16.1646]],[[102.6779,16.1632],[102.6782,16.1638],[102.6782,16.1632],[102.6779,16.1632]],[[102.6832,16.1633],[102.6838,16.1635],[102.6838,16.1633],[102.6832,16.1633]],[[102.6785,16.1629],[102.6787,16.1632],[102.6787,16.1629],[102.6785,16.1629]],[[102.6729,16.1618],[102.6731,16.1623],[102.6732,16.1618],[102.6729,16.1618]],[[102.6886,16.1622],[102.6891,16.1625],[102.6891,16.1622],[102.6886,16.1622]],[[102.6849,16.1608],[102.6852,16.1611],[102.6852,16.1608],[102.6849,16.1608]],[[102.6805,16.1605],[102.6807,16.1608],[102.6807,16.1605],[102.6805,16.1605]],[[102.6805,16.1589],[102.6808,16.1592],[102.6808,16.1589],[102.6805,16.1589]],[[102.6802,16.1589],[102.6805,16.1581],[102.6796,16.1581],[102.6796,16.1586],[102.6802,16.1589]],[[102.6813,16.1576],[102.6816,16.1578],[102.6816,16.1576],[102.6813,16.1576]],[[102.6794,16.1575],[102.6802,16.1573],[102.6802,16.157],[102.6794,16.157],[102.6794,16.1575]],[[102.6802,16.1567],[102.6805,16.157],[102.6805,16.1567],[102.6802,16.1567]],[[102.6805,16.1565],[102.6808,16.1567],[102.6808,16.1565],[102.6805,16.1565]],[[102.6802,16.1562],[102.6805,16.1565],[102.6805,16.1562],[102.6802,16.1562]],[[102.6794,16.1559],[102.6797,16.1562],[102.6797,16.1559],[102.6794,16.1559]],[[102.6853,16.1549],[102.6861,16.1549],[102.6861,16.1546],[102.6853,16.1543],[102.6853,16.1549]],[[102.6867,16.1541],[102.6873,16.1538],[102.687,16.1533],[102.6864,16.1535],[102.6867,16.1541]],[[102.6757,16.1396],[102.6771,16.1396],[102.6771,16.1394],[102.6751,16.1391],[102.6757,16.1396]],[[102.6751,16.1382],[102.6757,16.1383],[102.6757,16.1374],[102.6751,16.1374],[102.6751,16.1382]]]}},{"type":"Feature","properties":{"kind":"seasonal","area_km2":2.751,"date":"2026-10-04"},"geometry":{"type":"Polygon","coordinates":[[[102.3875,16.8486],[102.3864,16.8475],[102.3852,16.8475],[102.3844,16.848],[102.3816,16.848],[102.381,16.8477],[102.381,16.8466],[102.3833,16.8456],[102.383,16.8437],[102.3839,16.8434],[102.3845,16.8426],[102.387,16.8427],[102.3873,16.8413],[102.3893,16.8413],[102.3904,16.8408],[102.3904,16.8397],[102.3896,16.8394],[102.3896,16.8381],[102.3907,16.8373],[102.3907,16.8367],[102.3893,16.8365],[102.3888,16.8359],[102.3888,16.8351],[102.3893,16.8351],[102.3894,16.8332],[102.3905,16.8329],[102.3905,16.8319],[102.3917,16.8305],[102.3919,16.8294],[102.3931,16.8295],[102.3933,16.83],[102.395,16.83],[102.3956,16.8306],[102.3964,16.8306],[102.3973,16.8295],[102.3998,16.8295],[102.4015,16.8301],[102.4015,16.8293],[102.3996,16.8287],[102.3996,16.8276],[102.3973,16.8279],[102.3954,16.8273],[102.3954,16.8262],[102.3965,16.8246],[102.3965,16.8238],[102.396,16.8235],[102.3963,16.8222],[102.4002,16.8222],[102.4005,16.8231],[102.4019,16.8231],[102.4019,16.8225],[102.4027,16.8217],[102.4036,16.8217],[102.4044,16.822],[102.4044,16.8226],[102.405,16.8226],[102.4047,16.8217],[102.4056,16.8215],[102.4056,16.8204],[102.4067,16.8201],[102.4064,16.8188],[102.4076,16.8188],[102.4087,16.8199],[102.4104,16.8191],[102.4107,16.8186],[102.4115,16.8186],[102.4112,16.8205],[102.4123,16.8213],[102.4123,16.8218],[102.4131,16.8227],[102.4145,16.823],[102.4145,16.824],[102.4117,16.8243],[102.4114,16.8248],[102.4092,16.8251],[102.4075,16.8267],[102.4074,16.828],[102.4083,16.8286],[102.4083,16.8299],[102.4069,16.8299],[102.4066,16.8294],[102.4049,16.8291],[102.4038,16.8296],[102.4032,16.8309],[102.4037,16.8315],[102.4046,16.8315],[102.4051,16.8329],[102.4062,16.8337],[102.4062,16.8356],[102.4026,16.8355],[102.4023,16.8369],[102.4014,16.8369],[102.4011,16.8363],[102.3992,16.8358],[102.3987,16.8325],[102.399,16.8309],[102.3984,16.8309],[102.397,16.8328],[102.3975,16.8347],[102.3983,16.8358],[102.3983,16.8366],[102.3966,16.8371],[102.3966,16.8387],[102.3972,16.8387],[102.3972,16.8398],[102.3966,16.8398],[102.3954,16.8414],[102.3943,16.8414],[102.394,16.8427],[102.3932,16.8427],[102.3929,16.8414],[102.3943,16.8411],[102.3943,16.8403],[102.3952,16.8406],[102.3952,16.8401],[102.3941,16.839],[102.3927,16.8392],[102.3909,16.8414],[102.3909,16.8424],[102.3892,16.8427],[102.3892,16.8435],[102.3887,16.8438],[102.3881,16.8454],[102.3881,16.8467],[102.3889,16.8473],[102.3889,16.8484],[102.3875,16.8486]],[[102.385,16.8467],[102.3861,16.8467],[102.3864,16.8459],[102.385,16.8459],[102.385,16.8467]],[[102.3858,16.8448],[102.3864,16.8448],[102.3867,16.8443],[102.3856,16.8443],[102.3858,16.8448]],[[102.3839,16.8445],[102.385,16.8445],[102.385,16.844],[102.3839,16.8437],[102.3839,16.8445]],[[102.3924,16.8365],[102.3927,16.8368],[102.3927,16.8365],[102.3924,16.8365]],[[102.3958,16.8368],[102.3963,16.8368],[102.3964,16.8363],[102.3958,16.8363],[102.3958,16.8368]],[[102.3935,16.8365],[102.3944,16.8365],[102.3941,16.8352],[102.3938,16.8352],[102.3935,16.8365]],[[102.3927,16.8354],[102.3936,16.8354],[102.3936,16.8352],[102.393,16.8351],[102.3927,16.8346],[102.3927,16.8354]],[[102.4054,16.8348],[102.4057,16.8337],[102.4051,16.8331],[102.4043,16.8331],[102.4043,16.8323],[102.4029,16.8323],[102.4026,16.8328],[102.4021,16.8301],[102.4015,16.8301],[102.4015,16.8309],[102.4004,16.8309],[102.4004,16.8314],[102.4015,16.8315],[102.4012,16.832],[102.402,16.8323],[102.402,16.8334],[102.4026,16.8334],[102.4026,16.8339],[102.4054,16.8348]],[[102.3916,16.834],[102.3919,16.8343],[102.3919,16.8341],[102.3916,16.834]],[[102.3939,16.8316],[102.3944,16.8316],[102.3942,16.8306],[102.3936,16.8308],[102.3939,16.8316]],[[102.3922,16.8308],[102.3928,16.8311],[102.3928,16.8308],[102.3922,16.8308]],[[102.4023,16.8301],[102.4026,16.8304],[102.4026,16.8301],[102.4023,16.8301]],[[102.4015,16.8282],[102.4021,16.8285],[102.4021,16.8282],[102.4015,16.8282]],[[102.4055,16.8285],[102.4069,16.8283],[102.4055,16.8277],[102.4052,16.8272],[102.4052,16.8253],[102.4047,16.8247],[102.4055,16.8245],[102.4055,16.8234],[102.4038,16.8234],[102.4041,16.8239],[102.4036,16.8239],[102.4033,16.8247],[102.403,16.8236],[102.4019,16.8239],[102.4021,16.825],[102.403,16.8253],[102.4032,16.8269],[102.4038,16.8269],[102.4041,16.828],[102.4055,16.8285]],[[102.4013,16.8279],[102.4015,16.8282],[102.4015,16.8279],[102.4013,16.8279]],[[102.3999,16.8274],[102.4004,16.8271],[102.4004,16.8263],[102.3999,16.8263],[102.3999,16.8274]],[[102.3959,16.8262],[102.3962,16.8265],[102.3962,16.8262],[102.3959,16.8262]],[[102.3973,16.8263],[102.3976,16.8265],[102.3976,16.8263],[102.3973,16.8263]],[[102.4016,16.8263],[102.4018,16.8266],[102.4018,16.8263],[102.4016,16.8263]],[[102.3965,16.826],[102.3971,16.8263],[102.3971,16.826],[102.3965,16.826]],[[102.3962,16.8254],[102.3965,16.826],[102.3965,16.8254],[102.3962,16.8254]],[[102.3965,16.8252],[102.3971,16.8254],[102.3971,16.8252],[102.3965,16.8252]],[[102.3979,16.8252],[102.3982,16.8255],[102.3982,16.8252],[102.3979,16.8252]],[[102.3976,16.8249],[102.3979,16.8252],[102.3979,16.8249],[102.3976,16.8249]],[[102.3988,16.8252],[102.3999,16.8249],[102.3999,16.8247],[102.3988,16.8247],[102.3988,16.8252]],[[102.3974,16.8246],[102.3976,16.8249],[102.3976,16.8246],[102.3974,16.8246]],[[102.4002,16.8247],[102.4004,16.8249],[102.4005,16.8247],[102.4002,16.8247]],[[102.4005,16.8247],[102.401,16.8247],[102.4007,16.8236],[102.4005,16.8236],[102.4005,16.8247]],[[102.4016,16.8236],[102.4019,16.8239],[102.4019,16.8236],[102.4016,16.8236]],[[102.4013,16.8233],[102.4016,16.8236],[102.4016,16.8233],[102.4013,16.8233]],[[102.4098,16.8232],[102.4112,16.8232],[102.4106,16.8226],[102.4106,16.8216],[102.4112,16.8216],[102.4109,16.8197],[102.4095,16.8196],[102.4092,16.8202],[102.4081,16.8202],[102.4076,16.8196],[102.4075,16.8215],[102.4089,16.8221],[102.4089,16.8226],[102.4098,16.8226],[102.4098,16.8232]],[[102.4041,16.8226],[102.4044,16.8228],[102.4044,16.8226],[102.4041,16.8226]]]}},{"type":"Feature","properties":{"kind":"seasonal","area_km2":2.239,"date":"2026-10-04"},"geometry":{"type":"Polygon","coordinates":[[[102.4661,16.8423],[102.4655,16.8412],[102.4647,16.8412],[102.4647,16.8404],[102.4655,16.8396],[102.4655,16.839],[102.4664,16.8388],[102.4664,16.8374],[102.4653,16.8369],[102.4653,16.8361],[102.4642,16.835],[102.4639,16.8339],[102.4617,16.8344],[102.4617,16.8336],[102.4631,16.8333],[102.4634,16.8328],[102.4611,16.833],[102.4608,16.8325],[102.4609,16.8273],[102.4606,16.826],[102.4601,16.8254],[102.459,16.8257],[102.4592,16.8295],[102.4564,16.8292],[102.4564,16.8281],[102.4558,16.8278],[102.4547,16.8256],[102.4539,16.8256],[102.453,16.8264],[102.4527,16.828],[102.451,16.8296],[102.4505,16.8296],[102.4496,16.831],[102.4488,16.831],[102.4485,16.8299],[102.4477,16.8293],[102.446,16.8293],[102.446,16.8285],[102.4468,16.8282],[102.4468,16.8277],[102.4457,16.8269],[102.4463,16.8244],[102.4472,16.8236],[102.4466,16.8217],[102.4475,16.8204],[102.4489,16.8201],[102.4495,16.8196],[102.4495,16.8188],[102.4484,16.8182],[102.4469,16.8193],[102.4455,16.8193],[102.4453,16.8182],[102.4439,16.8182],[102.4439,16.8171],[102.4442,16.816],[102.4453,16.8158],[102.4459,16.8147],[102.447,16.8142],[102.4479,16.8123],[102.4487,16.8117],[102.4496,16.8082],[102.4474,16.8058],[102.4446,16.806],[102.4446,16.8038],[102.4427,16.8024],[102.4427,16.8016],[102.4446,16.8017],[102.4452,16.8011],[102.4447,16.7989],[102.4458,16.7976],[102.4458,16.7963],[102.4467,16.7963],[102.447,16.7955],[102.4473,16.7963],[102.4464,16.7965],[102.4455,16.7998],[102.4469,16.8001],[102.4469,16.7995],[102.4478,16.7993],[102.4483,16.8006],[102.4466,16.8006],[102.4463,16.8017],[102.4461,16.8011],[102.4455,16.8011],[102.4455,16.8017],[102.4438,16.8022],[102.4438,16.8027],[102.4455,16.8033],[102.4454,16.8055],[102.4468,16.8055],[102.4474,16.8047],[102.4474,16.8052],[102.4482,16.806],[102.4488,16.806],[102.4494,16.8071],[102.4502,16.8071],[102.4505,16.8063],[102.4513,16.8063],[102.4516,16.8069],[102.4522,16.8069],[102.4524,16.808],[102.4521,16.8091],[102.4516,16.8091],[102.4516,16.8096],[102.4504,16.8101],[102.4499,16.8112],[102.4501,16.812],[102.4496,16.8123],[102.4493,16.8134],[102.4487,16.8136],[102.4487,16.8142],[102.4481,16.8142],[102.4481,16.8158],[102.4487,16.8158],[102.4484,16.8169],[102.4495,16.8172],[102.4503,16.8191],[102.45,16.8204],[102.4489,16.8209],[102.4489,16.8228],[102.4494,16.8234],[102.4491,16.825],[102.4502,16.8256],[102.4514,16.8253],[102.4516,16.8261],[102.4525,16.8261],[102.4531,16.8248],[102.4531,16.8229],[102.4539,16.8226],[102.455,16.8245],[102.4559,16.8248],[102.4564,16.827],[102.4578,16.8276],[102.4584,16.8268],[102.4581,16.8254],[102.4593,16.8246],[102.4607,16.8243],[102.4618,16.8254],[102.4614,16.83],[102.4626,16.8298],[102.464,16.8279],[102.4654,16.8274],[102.4654,16.8304],[102.4637,16.8309],[102.4642,16.8333],[102.4653,16.8344],[102.4664,16.8344],[102.467,16.8336],[102.4681,16.8345],[102.4681,16.835],[102.469,16.835],[102.469,16.8342],[102.4701,16.8337],[102.4704,16.8315],[102.4718,16.8318],[102.4724,16.8315],[102.4724,16.831],[102.473,16.831],[102.471,16.8294],[102.471,16.8288],[102.473,16.8302],[102.4741,16.8299],[102.4741,16.8294],[102.4752,16.8297],[102.4746,16.8313],[102.4755,16.8316],[102.4755,16.8329],[102.4729,16.8334],[102.4718,16.8351],[102.4718,16.8359],[102.4723,16.8359],[102.4717,16.8394],[102.4709,16.8396],[102.4706,16.8405],[102.4697,16.8404],[102.4697,16.8415],[102.4686,16.8415],[102.4686,16.8407],[102.4678,16.8407],[102.4669,16.8423],[102.4661,16.8423]]]}},{"type":"Feature","properties":{"kind":"seasonal","area_km2":1.923,"date":"2026-10-04"},"geometry":{"type":"Polygon","coordinates":[[[102.5289,16.6813],[102.5287,16.6797],[102.5278,16.6794],[102.527,16.6786],[102.527,16.678],[102.5264,16.678],[102.5264,16.6767],[102.527,16.6767],[102.5268,16.6723],[102.5302,16.6713],[102.5305,16.6707],[102.5321,16.671],[102.5321,16.6702],[102.5316,16.6699],[102.5319,16.6689],[102.531,16.6688],[102.5302,16.6699],[102.5296,16.6699],[102.5296,16.6707],[102.5288,16.6707],[102.5285,16.6696],[102.5268,16.6685],[102.5268,16.6674],[102.5297,16.6669],[102.5302,16.6661],[102.5314,16.6661],[102.5319,16.6651],[102.5311,16.6642],[102.528,16.6642],[102.5275,16.6634],[102.5252,16.6623],[102.5238,16.6625],[102.5238,16.6617],[102.5244,16.6606],[102.5258,16.6607],[102.5264,16.6615],[102.5275,16.6615],[102.5278,16.6609],[102.5283,16.661],[102.5283,16.6604],[102.5292,16.6599],[102.5295,16.6588],[102.5306,16.6577],[102.5309,16.6564],[102.5318,16.6558],[102.5321,16.6542],[102.531,16.6529],[102.5316,16.648],[102.5307,16.6477],[102.5308,16.6469],[102.5297,16.6453],[102.5282,16.6452],[102.5277,16.6439],[102.5271,16.6439],[102.5269,16.6444],[102.5255,16.6441],[102.5255,16.6428],[102.5243,16.6425],[102.5241,16.6414],[102.5258,16.6411],[102.5263,16.642],[102.5274,16.642],[102.5286,16.6428],[102.5294,16.6428],[102.5283,16.6385],[102.53,16.6388],[102.5306,16.6409],[102.532,16.6409],[102.5328,16.6396],[102.5334,16.6396],[102.5342,16.6385],[102.5351,16.6385],[102.5353,16.6402],[102.5342,16.6407],[102.5336,16.6423],[102.5342,16.6429],[102.5378,16.6429],[102.5387,16.6435],[102.5386,16.6481],[102.5395,16.6481],[102.5409,16.6467],[102.5428,16.6465],[102.5437,16.6473],[102.5437,16.6489],[102.5422,16.6495],[102.5423,16.6489],[102.5431,16.6484],[102.5428,16.6476],[102.5411,16.6478],[102.5409,16.6486],[102.5394,16.6489],[102.5369,16.6486],[102.5369,16.6478],[102.5378,16.6472],[102.5381,16.6456],[102.5381,16.6443],[102.537,16.6437],[102.5364,16.6437],[102.5356,16.6451],[102.5347,16.6448],[102.5347,16.644],[102.5353,16.644],[102.5347,16.6434],[102.5339,16.6434],[102.5339,16.644],[102.5333,16.6439],[102.5336,16.6448],[102.5319,16.6439],[102.5314,16.6439],[102.5311,16.6445],[102.5302,16.6442],[102.5302,16.6447],[102.5311,16.6455],[102.531,16.6466],[102.5344,16.6486],[102.5341,16.6496],[102.5324,16.6496],[102.5324,16.6515],[102.5326,16.6529],[102.5338,16.6529],[102.5343,16.654],[102.5354,16.6545],[102.5337,16.6553],[102.5337,16.6567],[102.5346,16.6572],[102.5345,16.6586],[102.5334,16.6588],[102.5331,16.6578],[102.5312,16.6583],[102.5306,16.6596],[102.5297,16.6599],[102.5295,16.661],[102.5286,16.6612],[102.5289,16.6631],[102.5294,16.6634],[102.53,16.6629],[102.532,16.6629],[102.532,16.6634],[102.5328,16.6634],[102.5328,16.6629],[102.5337,16.6624],[102.5348,16.6629],[102.5348,16.6637],[102.5336,16.6645],[102.5336,16.6654],[102.5316,16.6664],[102.5316,16.667],[102.5302,16.6672],[102.5302,16.6688],[102.5325,16.6678],[102.5336,16.6678],[102.5339,16.6686],[102.533,16.6691],[102.5324,16.6713],[102.529,16.6726],[102.529,16.6737],[102.5296,16.6732],[102.5296,16.6737],[102.5307,16.674],[102.5307,16.6745],[102.5321,16.674],[102.5324,16.6756],[102.5329,16.6756],[102.5346,16.6751],[102.5346,16.6724],[102.5352,16.6724],[102.5355,16.6711],[102.5358,16.673],[102.5355,16.6754],[102.5343,16.6759],[102.5326,16.6781],[102.5318,16.6781],[102.5318,16.6775],[102.5312,16.6775],[102.5312,16.6783],[102.5306,16.6789],[102.5303,16.6802],[102.5298,16.6805],[102.5298,16.6813],[102.5289,16.6813]],[[102.5312,16.6751],[102.5318,16.6754],[102.5318,16.6751],[102.5312,16.6751]],[[102.5276,16.6748],[102.5284,16.6748],[102.5284,16.6745],[102.5279,16.6742],[102.5276,16.6748]],[[102.5328,16.6431],[102.5336,16.6418],[102.5334,16.6412],[102.5325,16.642],[102.5328,16.6431]],[[102.5334,16.6407],[102.5336,16.6412],[102.5336,16.6407],[102.5334,16.6407]]]}},{"type":"Feature","properties":{"kind":"seasonal","area_km2":1.845,"date":"2026-10-04"},"geometry":{"type":"Polygon","coordinates":[[[102.4221,16.9274],[102.4222,16.9252],[102.4199,16.9238],[102.4205,16.9233],[102.4199,16.9225],[102.4205,16.9225],[102.4208,16.9217],[102.4197,16.9222],[102.42,16.9208],[102.4208,16.9211],[102.4208,16.9195],[102.4197,16.9187],[102.4197,16.9162],[102.4206,16.916],[102.4203,16.9152],[102.4209,16.9149],[102.4209,16.9144],[102.4198,16.9138],[102.4192,16.9127],[102.4193,16.9108],[102.4187,16.9103],[102.4176,16.9102],[102.4168,16.9086],[102.4162,16.9086],[102.4165,16.9081],[102.4159,16.9081],[102.4168,16.9078],[102.4168,16.9056],[102.4174,16.9059],[102.4171,16.9064],[102.4176,16.9073],[102.4182,16.9065],[102.419,16.9065],[102.4196,16.9076],[102.4207,16.9076],[102.4207,16.9084],[102.4213,16.9087],[102.4212,16.9108],[102.4218,16.9108],[102.4221,16.9114],[102.4226,16.9111],[102.4215,16.9092],[102.4227,16.9092],[102.4229,16.9084],[102.4249,16.9082],[102.4255,16.9098],[102.426,16.9101],[102.43,16.9099],[102.4314,16.911],[102.4314,16.9115],[102.4333,16.9118],[102.4339,16.9113],[102.4342,16.9118],[102.4358,16.9118],[102.4364,16.9132],[102.4378,16.9132],[102.4384,16.9127],[102.4398,16.913],[102.4403,16.9138],[102.442,16.9135],[102.4423,16.913],[102.4432,16.913],[102.4437,16.9136],[102.4434,16.9146],[102.4429,16.9144],[102.442,16.9149],[102.4406,16.9149],[102.4406,16.9154],[102.4397,16.9151],[102.4397,16.9157],[102.4375,16.9156],[102.4375,16.9154],[102.4372,16.9154],[102.4372,16.9159],[102.4366,16.9159],[102.4364,16.9164],[102.4355,16.9164],[102.4355,16.9159],[102.4344,16.9159],[102.4338,16.917],[102.433,16.9169],[102.4324,16.9159],[102.431,16.9161],[102.4307,16.9166],[102.4279,16.9163],[102.4273,16.9171],[102.4262,16.9171],[102.4256,16.9179],[102.4242,16.9185],[102.4245,16.9198],[102.4239,16.9198],[102.4234,16.9187],[102.4222,16.9187],[102.4225,16.9195],[102.4219,16.9201],[102.4231,16.9203],[102.4228,16.9217],[102.4247,16.922],[102.4247,16.9228],[102.4236,16.9233],[102.4235,16.9274],[102.4221,16.9274]],[[102.4224,16.9255],[102.423,16.9255],[102.423,16.9244],[102.4224,16.9247],[102.4224,16.9255]],[[102.4205,16.9233],[102.4208,16.9236],[102.4208,16.9233],[102.4205,16.9233]],[[102.423,16.9233],[102.4233,16.9236],[102.4233,16.9233],[102.423,16.9233]],[[102.4208,16.9233],[102.4225,16.923],[102.4225,16.9228],[102.4211,16.9225],[102.4208,16.9233]],[[102.4225,16.9225],[102.4228,16.9228],[102.4228,16.9225],[102.4225,16.9225]],[[102.4211,16.9214],[102.4214,16.9217],[102.4214,16.9214],[102.4211,16.9214]],[[102.4219,16.9214],[102.4222,16.9217],[102.4222,16.9214],[102.4219,16.9214]],[[102.4214,16.9211],[102.4216,16.9214],[102.4216,16.9211],[102.4214,16.9211]],[[102.4222,16.9211],[102.4225,16.9214],[102.4225,16.9211],[102.4222,16.9211]],[[102.4219,16.9209],[102.4222,16.9211],[102.4222,16.9209],[102.4219,16.9209]],[[102.4222,16.9206],[102.4225,16.9209],[102.4225,16.9206],[102.4222,16.9206]],[[102.4219,16.9203],[102.4222,16.9206],[102.4222,16.9203],[102.4219,16.9203]],[[102.4217,16.9201],[102.4219,16.9203],[102.4219,16.9201],[102.4217,16.9201]],[[102.4239,16.919],[102.4242,16.9193],[102.4242,16.919],[102.4239,16.919]],[[102.4217,16.9184],[102.422,16.9187],[102.422,16.9184],[102.4217,16.9184]],[[102.4296,16.9155],[102.4302,16.9156],[102.4302,16.9139],[102.4293,16.9139],[102.4296,16.9155]],[[102.435,16.9153],[102.4352,16.9156],[102.4352,16.9153],[102.435,16.9153]],[[102.4366,16.9154],[102.4369,16.9156],[102.4369,16.9154],[102.4366,16.9154]],[[102.4369,16.9151],[102.4372,16.9154],[102.4372,16.9151],[102.4369,16.9151]],[[102.4361,16.9148],[102.4367,16.9145],[102.4364,16.9137],[102.4355,16.914],[102.4361,16.9148]],[[102.4386,16.914],[102.4389,16.9146],[102.4389,16.914],[102.4386,16.914]],[[102.4336,16.9142],[102.4344,16.914],[102.4339,16.9132],[102.4333,16.9137],[102.4336,16.9142]],[[102.4347,16.914],[102.435,16.9143],[102.435,16.914],[102.4347,16.914]],[[102.4201,16.913],[102.4203,16.9133],[102.4204,16.913],[102.4201,16.913]],[[102.426,16.9133],[102.4268,16.9131],[102.4266,16.912],[102.4257,16.9128],[102.426,16.9133]],[[102.433,16.9134],[102.4336,16.9126],[102.4333,16.9121],[102.4325,16.9123],[102.433,16.9134]],[[102.4277,16.9128],[102.428,16.9131],[102.428,16.9128],[102.4277,16.9128]],[[102.4344,16.9129],[102.4347,16.9132],[102.4347,16.9129],[102.4344,16.9129]],[[102.424,16.9122],[102.4243,16.9125],[102.4243,16.9122],[102.424,16.9122]],[[102.4232,16.9122],[102.4237,16.9119],[102.4238,16.9114],[102.4232,16.9117],[102.4232,16.9122]],[[102.4268,16.912],[102.4271,16.9123],[102.4271,16.912],[102.4268,16.912]],[[102.4339,16.9121],[102.4342,16.9123],[102.4342,16.9121],[102.4339,16.9121]],[[102.424,16.9117],[102.4243,16.912],[102.4243,16.9117],[102.424,16.9117]],[[102.4308,16.9118],[102.4311,16.912],[102.4311,16.9118],[102.4308,16.9118]],[[102.4294,16.9112],[102.4297,16.9118],[102.4299,16.9112],[102.4294,16.9112]],[[102.4238,16.9109],[102.424,16.9111],[102.424,16.9109],[102.4238,16.9109]],[[102.4291,16.9109],[102.4294,16.9112],[102.4294,16.9109],[102.4291,16.9109]],[[102.4232,16.9106],[102.4235,16.9109],[102.4235,16.9106],[102.4232,16.9106]],[[102.4288,16.9107],[102.4291,16.9109],[102.4291,16.9107],[102.4288,16.9107]],[[102.4302,16.9104],[102.4305,16.9107],[102.4305,16.9104],[102.4302,16.9104]],[[102.4201,16.9089],[102.4204,16.9092],[102.4204,16.9089],[102.4201,16.9089]],[[102.4246,16.909],[102.4249,16.9093],[102.4249,16.909],[102.4246,16.909]],[[102.4173,16.9083],[102.4176,16.9089],[102.4176,16.9083],[102.4173,16.9083]],[[102.417,16.9078],[102.4173,16.9083],[102.4173,16.9078],[102.417,16.9078]]]}},{"type":"Feature","properties":{"kind":"seasonal","area_km2":1.814,"date":"2026-10-04"},"geometry":{"type":"Polygon","coordinates":[[[102.7795,16.3806],[102.779,16.3795],[102.779,16.3781],[102.7781,16.3773],[102.7776,16.3773],[102.7776,16.3765],[102.777,16.3765],[102.777,16.377],[102.775,16.3775],[102.7703,16.3775],[102.7698,16.3734],[102.7701,16.3721],[102.7706,16.3721],[102.7709,16.3713],[102.7723,16.3713],[102.7723,16.3705],[102.7732,16.3694],[102.7751,16.3702],[102.7751,16.3697],[102.7737,16.3689],[102.7738,16.3675],[102.7752,16.3635],[102.7763,16.3624],[102.7763,16.3616],[102.7769,16.361],[102.7792,16.3613],[102.7803,16.3611],[102.7806,16.3605],[102.7817,16.3605],[102.7819,16.3649],[102.7808,16.3657],[102.7808,16.3679],[102.781,16.3684],[102.7816,16.3684],[102.7816,16.3689],[102.7822,16.369],[102.7822,16.3695],[102.7827,16.3695],[102.7827,16.37],[102.7833,16.37],[102.7833,16.3706],[102.7838,16.3706],[102.7838,16.3711],[102.7844,16.3711],[102.7844,16.373],[102.7827,16.3741],[102.7807,16.3741],[102.7787,16.373],[102.7782,16.3722],[102.7776,16.3722],[102.7762,16.3705],[102.7754,16.3705],[102.7787,16.3738],[102.7799,16.3741],[102.781,16.3752],[102.7815,16.3779],[102.7812,16.3795],[102.7818,16.3798],[102.7817,16.3806],[102.7795,16.3806]],[[102.7745,16.3767],[102.7748,16.377],[102.7748,16.3767],[102.7745,16.3767]],[[102.7748,16.3756],[102.7751,16.3759],[102.7751,16.3757],[102.7748,16.3756]],[[102.7745,16.3754],[102.7748,16.3756],[102.7748,16.3754],[102.7745,16.3754]],[[102.7788,16.3703],[102.7791,16.3705],[102.7791,16.3703],[102.7788,16.3703]],[[102.7754,16.37],[102.7757,16.3702],[102.7757,16.37],[102.7754,16.37]],[[102.7805,16.3697],[102.7807,16.37],[102.7807,16.3697],[102.7805,16.3697]],[[102.7794,16.3689],[102.7796,16.3692],[102.7796,16.3689],[102.7794,16.3689]],[[102.7783,16.3629],[102.7789,16.363],[102.7789,16.3619],[102.7786,16.3619],[102.7783,16.3629]]]}},{"type":"Feature","properties":{"kind":"seasonal","area_km2":1.212,"date":"2026-10-04"},"geometry":{"type":"Polygon","coordinates":[[[102.5646,16.1224],[102.5638,16.1183],[102.5629,16.1183],[102.5629,16.1175],[102.5624,16.1175],[102.5624,16.1169],[102.561,16.1169],[102.5607,16.1164],[102.5601,16.1169],[102.5587,16.1169],[102.5587,16.1174],[102.5585,16.1169],[102.5579,16.1169],[102.5579,16.1174],[102.5573,16.1174],[102.5573,16.1169],[102.5565,16.1171],[102.5557,16.1163],[102.5548,16.1166],[102.5542,16.1174],[102.5514,16.1168],[102.5503,16.1179],[102.55,16.1192],[102.5489,16.1192],[102.5486,16.1187],[102.5478,16.1187],[102.5469,16.1178],[102.5458,16.1178],[102.5456,16.1165],[102.5461,16.1159],[102.5461,16.1143],[102.5473,16.1143],[102.5481,16.1135],[102.5481,16.1124],[102.5476,16.1119],[102.5476,16.1108],[102.5465,16.1108],[102.5456,16.11],[102.5454,16.1083],[102.5459,16.1083],[102.5462,16.1078],[102.5473,16.1078],[102.5487,16.1092],[102.551,16.1092],[102.5509,16.1119],[102.5526,16.1133],[102.5532,16.1133],[102.554,16.1147],[102.556,16.1147],[102.5577,16.1134],[102.5585,16.1134],[102.5593,16.1142],[102.5602,16.1137],[102.5624,16.1137],[102.5624,16.1126],[102.5633,16.1118],[102.565,16.1124],[102.5658,16.1134],[102.5658,16.1145],[102.5646,16.1153],[102.5646,16.1159],[102.5649,16.1167],[102.5663,16.1178],[102.5663,16.1186],[102.5654,16.1191],[102.566,16.1197],[102.566,16.121],[102.5651,16.121],[102.5646,16.1224]],[[102.5585,16.1161],[102.5587,16.1166],[102.5587,16.1161],[102.5585,16.1161]],[[102.561,16.1164],[102.5613,16.1166],[102.5613,16.1164],[102.561,16.1164]],[[102.5531,16.1163],[102.554,16.1163],[102.554,16.1158],[102.5531,16.1155],[102.5531,16.1163]],[[102.5601,16.1158],[102.561,16.1156],[102.5607,16.1147],[102.5602,16.1147],[102.5601,16.1158]]]}},{"type":"Feature","properties":{"kind":"seasonal","area_km2":1.206,"date":"2026-10-04"},"geometry":{"type":"Polygon","coordinates":[[[102.5389,16.557],[102.5387,16.5565],[102.5367,16.5562],[102.5367,16.5554],[102.5361,16.5551],[102.5362,16.5543],[102.5356,16.5537],[102.5356,16.5529],[102.5365,16.5524],[102.5362,16.5513],[102.5354,16.5507],[102.5342,16.5507],[102.5331,16.5496],[102.5331,16.5483],[102.5323,16.5469],[102.5323,16.545],[102.5332,16.5448],[102.5332,16.5442],[102.5338,16.544],[102.5341,16.5423],[102.5332,16.5415],[102.5332,16.5423],[102.531,16.5428],[102.531,16.5412],[102.5299,16.5393],[102.5299,16.5382],[102.531,16.5382],[102.5322,16.5374],[102.5322,16.5361],[102.5327,16.5355],[102.5339,16.5356],[102.5341,16.5364],[102.535,16.5358],[102.5361,16.5359],[102.5358,16.5383],[102.5352,16.5394],[102.5363,16.5394],[102.5366,16.5405],[102.5374,16.5413],[102.5374,16.5429],[102.538,16.541],[102.5397,16.541],[102.5397,16.5424],[102.5388,16.5429],[102.5397,16.5429],[102.5413,16.5451],[102.5413,16.5476],[102.5396,16.5484],[102.5396,16.5494],[102.5413,16.5508],[102.5412,16.5524],[102.5407,16.553],[102.5407,16.5508],[102.5401,16.5508],[102.5393,16.5497],[102.5385,16.5494],[102.5385,16.5489],[102.5379,16.5489],[102.5379,16.547],[102.5385,16.5467],[102.5377,16.5467],[102.5376,16.5481],[102.5371,16.5464],[102.5365,16.5467],[102.5365,16.5472],[102.5348,16.5469],[102.5351,16.5475],[102.536,16.5475],[102.536,16.548],[102.5368,16.5483],[102.5362,16.5497],[102.5368,16.5497],[102.537,16.5505],[102.5376,16.5502],[102.5379,16.551],[102.5387,16.5511],[102.5387,16.5516],[102.5379,16.5516],[102.5379,16.5532],[102.5373,16.5532],[102.5373,16.5538],[102.5378,16.5538],[102.5376,16.5543],[102.5387,16.5549],[102.5387,16.5554],[102.5375,16.5557],[102.5387,16.5557],[102.5387,16.5562],[102.5395,16.5568],[102.5389,16.557]],[[102.5343,16.5461],[102.5346,16.5464],[102.5346,16.5461],[102.5343,16.5461]],[[102.5374,16.5456],[102.5377,16.5462],[102.5377,16.5456],[102.5374,16.5456]],[[102.5329,16.5412],[102.5335,16.5402],[102.5341,16.5402],[102.5341,16.5396],[102.5332,16.5399],[102.5329,16.5412]],[[102.5341,16.5375],[102.5344,16.538],[102.5344,16.5375],[102.5341,16.5375]]]}},{"type":"Feature","properties":{"kind":"seasonal","area_km2":1.122,"date":"2026-10-04"},"geometry":{"type":"Polygon","coordinates":[[[102.3242,16.4788],[102.3237,16.4782],[102.3237,16.4774],[102.3243,16.4772],[102.3246,16.475],[102.3266,16.4731],[102.3266,16.4718],[102.3277,16.471],[102.3277,16.4704],[102.3289,16.4696],[102.3314,16.4702],[102.332,16.4691],[102.3345,16.4673],[102.3351,16.4659],[102.3365,16.4648],[102.3368,16.4638],[102.3374,16.4632],[102.3382,16.4632],[102.3382,16.4649],[102.3371,16.4657],[102.3368,16.4665],[102.3359,16.4667],[102.3356,16.4675],[102.3351,16.4675],[102.3348,16.4689],[102.3342,16.4694],[102.3367,16.4695],[102.3373,16.4703],[102.3381,16.4703],[102.3384,16.4695],[102.3398,16.4695],[102.3401,16.4684],[102.3415,16.4687],[102.3418,16.4703],[102.3426,16.4714],[102.3426,16.4722],[102.3414,16.473],[102.3414,16.4736],[102.3403,16.4736],[102.34,16.473],[102.3361,16.4708],[102.3342,16.4721],[102.3341,16.4729],[102.3353,16.4735],[102.3352,16.4746],[102.3341,16.4748],[102.3335,16.4756],[102.331,16.4756],[102.3299,16.4767],[102.3288,16.4769],[102.3276,16.4786],[102.3242,16.4788]],[[102.3274,16.4742],[102.3277,16.4748],[102.3277,16.4742],[102.3274,16.4742]]]}},{"type":"Feature","properties":{"kind":"seasonal","area_km2":0.982,"date":"2026-10-04"},"geometry":{"type":"Polygon","coordinates":[[[102.7606,16.7793],[102.76,16.7774],[102.7583,16.7771],[102.7584,16.776],[102.7592,16.775],[102.7612,16.7745],[102.7612,16.7731],[102.7609,16.7723],[102.7598,16.7715],[102.7596,16.7696],[102.7579,16.7687],[102.7576,16.7682],[102.7565,16.7679],[102.756,16.7657],[102.756,16.7617],[102.7568,16.7619],[102.7579,16.7638],[102.7582,16.7628],[102.7591,16.7622],[102.7605,16.7628],[102.7605,16.7622],[102.7594,16.7617],[102.7594,16.759],[102.7603,16.7587],[102.7603,16.7571],[102.7611,16.7571],[102.7608,16.7606],[102.7614,16.7606],[102.7613,16.7614],[102.7608,16.7614],[102.7608,16.7623],[102.7619,16.7623],[102.7619,16.7631],[102.7613,16.7636],[102.7613,16.7647],[102.7605,16.7655],[102.7607,16.7666],[102.7604,16.766],[102.7599,16.7663],[102.7591,16.7644],[102.7582,16.7652],[102.7576,16.7652],[102.7574,16.766],[102.7576,16.7676],[102.7587,16.7676],[102.7593,16.7679],[102.7593,16.7685],[102.7601,16.7687],[102.7599,16.7682],[102.7602,16.7666],[102.7607,16.7671],[102.7607,16.7685],[102.7616,16.7677],[102.7618,16.7688],[102.7629,16.7688],[102.763,16.7682],[102.7646,16.7685],[102.7652,16.7647],[102.7661,16.7647],[102.7664,16.7642],[102.7686,16.7642],[102.7689,16.7637],[102.7684,16.7604],[102.7678,16.7596],[102.7679,16.758],[102.769,16.7569],[102.7704,16.7567],[102.7715,16.7586],[102.7729,16.7599],[102.7735,16.7599],[102.7737,16.761],[102.7777,16.7603],[102.7779,16.7622],[102.7777,16.7608],[102.7774,16.7619],[102.7757,16.7621],[102.7746,16.7621],[102.7748,16.7613],[102.774,16.7613],[102.7734,16.7624],[102.7729,16.7624],[102.7729,16.7632],[102.772,16.7632],[102.772,16.7624],[102.7726,16.7624],[102.7726,16.7613],[102.7718,16.7602],[102.7706,16.7602],[102.7706,16.7596],[102.7698,16.7596],[102.7695,16.7607],[102.7689,16.761],[102.7689,16.7621],[102.7695,16.7626],[102.7692,16.7645],[102.7709,16.7648],[102.7709,16.7656],[102.7717,16.7656],[102.7717,16.7662],[102.7678,16.7661],[102.7675,16.7656],[102.7664,16.7656],[102.7669,16.7683],[102.7663,16.7677],[102.7655,16.7677],[102.7646,16.7704],[102.7641,16.7699],[102.7641,16.7691],[102.761,16.769],[102.7604,16.7701],[102.7607,16.7709],[102.7615,16.7717],[102.7621,16.7718],[102.7618,16.7726],[102.7623,16.7726],[102.7623,16.7731],[102.7618,16.7734],[102.7615,16.7747],[102.7603,16.7755],[102.7603,16.7772],[102.7617,16.7769],[102.7617,16.7777],[102.7623,16.7785],[102.7628,16.7785],[102.7628,16.7793],[102.7606,16.7793]],[[102.7582,16.7638],[102.7591,16.7641],[102.7591,16.7639],[102.7582,16.7638]],[[102.7749,16.761],[102.7751,16.7613],[102.7751,16.7611],[102.7749,16.761]],[[102.7602,16.7606],[102.7605,16.7609],[102.7605,16.7606],[102.7602,16.7606]]]}},{"type":"Feature","properties":{"kind":"seasonal","area_km2":0.863,"date":"2026-10-04"},"geometry":{"type":"Polygon","coordinates":[[[102.027,16.4],[102.0267,16.3995],[102.0253,16.3994],[102.0247,16.3989],[102.025,16.3975],[102.0234,16.3967],[102.0234,16.3948],[102.0268,16.3949],[102.0273,16.394],[102.0282,16.3941],[102.0276,16.3935],[102.0279,16.3911],[102.0274,16.3908],[102.0274,16.3903],[102.0257,16.3894],[102.0257,16.3886],[102.0269,16.3878],[102.0275,16.384],[102.0286,16.384],[102.0292,16.3849],[102.0303,16.3849],[102.0308,16.3854],[102.0308,16.3884],[102.0325,16.3887],[102.0324,16.393],[102.033,16.393],[102.0333,16.3906],[102.0338,16.3901],[102.0347,16.3901],[102.0347,16.3917],[102.0358,16.3928],[102.0357,16.3944],[102.0332,16.3944],[102.033,16.3933],[102.0321,16.3944],[102.0304,16.3944],[102.0287,16.3965],[102.0287,16.3984],[102.0292,16.4],[102.027,16.4]],[[102.0304,16.3927],[102.0316,16.3928],[102.0316,16.389],[102.0311,16.389],[102.0305,16.39],[102.0299,16.39],[102.0299,16.3906],[102.0288,16.3911],[102.0304,16.3927]],[[102.0277,16.3886],[102.0291,16.3889],[102.0291,16.3887],[102.0277,16.3886]]]}},{"type":"Feature","properties":{"kind":"seasonal","area_km2":0.79,"date":"2026-10-04"},"geometry":{"type":"Polygon","coordinates":[[[102.7611,16.3928],[102.7611,16.392],[102.7628,16.3918],[102.762,16.391],[102.762,16.3885],[102.7628,16.3885],[102.7629,16.388],[102.7612,16.3877],[102.7615,16.3872],[102.7606,16.3855],[102.7615,16.3855],[102.7615,16.3845],[102.7609,16.3844],[102.7609,16.3839],[102.7598,16.3839],[102.759,16.3814],[102.7582,16.3806],[102.7582,16.3795],[102.7599,16.3782],[102.7633,16.3777],[102.7655,16.3766],[102.7669,16.3766],[102.7666,16.3785],[102.7632,16.3788],[102.7635,16.382],[102.7629,16.3823],[102.7629,16.3828],[102.7646,16.3831],[102.7651,16.3864],[102.7657,16.3859],[102.7651,16.3837],[102.766,16.3831],[102.766,16.3826],[102.768,16.3829],[102.7671,16.3837],[102.7671,16.3845],[102.7665,16.3848],[102.7665,16.3853],[102.7679,16.3853],[102.7679,16.3861],[102.7668,16.3867],[102.7654,16.3867],[102.7654,16.3875],[102.7645,16.3875],[102.7651,16.388],[102.7648,16.3896],[102.7654,16.3902],[102.7653,16.3913],[102.7628,16.3921],[102.7628,16.3926],[102.7622,16.3929],[102.7611,16.3928]],[[102.7623,16.3899],[102.7628,16.391],[102.7628,16.3896],[102.7623,16.3899]],[[102.7628,16.3885],[102.7631,16.3888],[102.7631,16.3885],[102.7628,16.3885]],[[102.7623,16.3855],[102.764,16.3866],[102.7637,16.3856],[102.7623,16.3855]],[[102.7618,16.379],[102.7621,16.3796],[102.7621,16.379],[102.7618,16.379]]]}},{"type":"Feature","properties":{"kind":"seasonal","area_km2":0.789,"date":"2026-10-04"},"geometry":{"type":"Polygon","coordinates":[[[102.4829,16.8219],[102.4813,16.8195],[102.4793,16.8192],[102.4796,16.8162],[102.4785,16.8154],[102.4765,16.8156],[102.4771,16.8145],[102.4802,16.8148],[102.4807,16.817],[102.4813,16.8173],[102.481,16.8189],[102.4821,16.8189],[102.4827,16.8203],[102.4838,16.8203],[102.4844,16.8195],[102.4852,16.8195],[102.4844,16.8181],[102.4844,16.816],[102.4872,16.8163],[102.4867,16.813],[102.4876,16.8122],[102.4881,16.8122],[102.4881,16.8114],[102.4887,16.8111],[102.4879,16.8087],[102.4893,16.8063],[102.4899,16.8063],[102.4902,16.8057],[102.4921,16.8058],[102.4924,16.8074],[102.4938,16.8077],[102.4938,16.8093],[102.4932,16.8093],[102.4932,16.8098],[102.4912,16.8101],[102.4909,16.8112],[102.4915,16.8112],[102.4915,16.812],[102.4929,16.8131],[102.4929,16.815],[102.4945,16.8166],[102.4954,16.8137],[102.4965,16.8126],[102.4971,16.8126],[102.4971,16.8107],[102.4977,16.8107],[102.498,16.8096],[102.4991,16.8091],[102.4991,16.8096],[102.4983,16.8102],[102.4977,16.8113],[102.4974,16.8134],[102.4965,16.8139],[102.4962,16.8153],[102.4957,16.8156],[102.4962,16.8185],[102.4953,16.8185],[102.4951,16.818],[102.4934,16.8174],[102.4931,16.8166],[102.4917,16.8155],[102.4917,16.8142],[102.4906,16.8131],[102.4906,16.8125],[102.4892,16.8122],[102.4875,16.8133],[102.4878,16.8152],[102.4886,16.816],[102.4886,16.8174],[102.488,16.8179],[102.4864,16.8173],[102.4855,16.8176],[102.4855,16.8184],[102.4869,16.8192],[102.4869,16.8201],[102.4855,16.82],[102.4849,16.8206],[102.4852,16.8219],[102.4829,16.8219]],[[102.4904,16.8093],[102.491,16.8093],[102.4918,16.8079],[102.4918,16.8063],[102.491,16.8063],[102.4896,16.8076],[102.4896,16.8084],[102.4904,16.8093]]]}},{"type":"Feature","properties":{"kind":"seasonal","area_km2":0.787,"date":"2026-10-04"},"geometry":{"type":"Polygon","coordinates":[[[102.5604,16.679],[102.5596,16.6779],[102.5585,16.6776],[102.5582,16.6768],[102.5574,16.6767],[102.5565,16.6778],[102.5557,16.6778],[102.5557,16.6754],[102.554,16.6729],[102.5532,16.6734],[102.5526,16.6745],[102.5509,16.6742],[102.5506,16.675],[102.5498,16.6756],[102.5498,16.6767],[102.5503,16.6769],[102.5503,16.6786],[102.5489,16.6785],[102.5489,16.6777],[102.5481,16.6769],[102.5475,16.6769],[102.5461,16.675],[102.545,16.6752],[102.5447,16.6782],[102.5439,16.6782],[102.5436,16.6774],[102.5413,16.6779],[102.5413,16.6774],[102.5408,16.6771],[102.5411,16.6752],[102.5405,16.6749],[102.5403,16.6738],[102.5397,16.6738],[102.5397,16.673],[102.5411,16.6717],[102.5412,16.6695],[102.5417,16.669],[102.5428,16.669],[102.5429,16.6684],[102.5415,16.6673],[102.5392,16.6673],[102.5395,16.6665],[102.5403,16.6665],[102.5406,16.666],[102.5426,16.6655],[102.5432,16.6663],[102.544,16.6666],[102.5443,16.6674],[102.5448,16.6674],[102.5448,16.6685],[102.5437,16.6695],[102.5437,16.6704],[102.5431,16.6709],[102.5428,16.6733],[102.5433,16.6758],[102.5442,16.6755],[102.5442,16.6744],[102.5447,16.6739],[102.5467,16.6742],[102.5481,16.6737],[102.5484,16.6764],[102.5492,16.6764],[102.5492,16.6756],[102.5504,16.6742],[102.5504,16.6731],[102.5526,16.6729],[102.5524,16.6718],[102.5538,16.6716],[102.5546,16.6724],[102.5557,16.6724],[102.5568,16.6759],[102.5588,16.6757],[102.5588,16.6762],[102.5596,16.6765],[102.5599,16.6776],[102.5616,16.6779],[102.561,16.679],[102.5604,16.679]]]}},{"type":"Feature","properties":{"kind":"seasonal","area_km2":0.752,"date":"2026-10-04"},"geometry":{"type":"Polygon","coordinates":[[[102.7562,16.3055],[102.7557,16.305],[102.7554,16.3033],[102.7562,16.3031],[102.7563,16.3023],[102.7571,16.3015],[102.7574,16.2982],[102.7591,16.2988],[102.7602,16.2977],[102.7602,16.2969],[102.7619,16.2966],[102.765,16.2967],[102.765,16.2972],[102.7656,16.2975],[102.7681,16.2978],[102.7681,16.2994],[102.7675,16.2997],[102.7669,16.3018],[102.7661,16.3018],[102.765,16.3007],[102.7644,16.3018],[102.7633,16.3029],[102.7624,16.3029],[102.7624,16.3034],[102.7619,16.3034],[102.7601,16.3053],[102.7593,16.3053],[102.759,16.3042],[102.7582,16.3037],[102.7574,16.3042],[102.7573,16.3055],[102.7562,16.3055]],[[102.7647,16.2991],[102.7653,16.2991],[102.7653,16.2986],[102.7647,16.2986],[102.7647,16.2991]]]}},{"type":"Feature","properties":{"kind":"seasonal","area_km2":0.68,"date":"2026-10-04"},"geometry":{"type":"Polygon","coordinates":[[[102.5535,16.5615],[102.551,16.561],[102.5513,16.5593],[102.5504,16.558],[102.5496,16.5585],[102.549,16.5585],[102.549,16.558],[102.5482,16.5579],[102.5485,16.559],[102.5476,16.559],[102.5476,16.5593],[102.5465,16.5593],[102.5465,16.5579],[102.5457,16.5576],[102.5457,16.5568],[102.5462,16.5568],[102.5462,16.5563],[102.5471,16.5558],[102.5471,16.5539],[102.548,16.5523],[102.548,16.5512],[102.5488,16.5504],[102.5511,16.5509],[102.5519,16.5496],[102.5531,16.5496],[102.5533,16.551],[102.5542,16.5512],[102.5542,16.5529],[102.555,16.5531],[102.5553,16.5542],[102.5552,16.5553],[102.5538,16.5556],[102.5527,16.5556],[102.5522,16.5545],[102.5516,16.5547],[102.5516,16.5558],[102.5527,16.5561],[102.5527,16.5588],[102.5541,16.5591],[102.5541,16.5596],[102.5546,16.5599],[102.5546,16.5613],[102.5535,16.5615]],[[102.5529,16.5607],[102.5535,16.561],[102.5535,16.5607],[102.5529,16.5607]],[[102.5541,16.5602],[102.5543,16.5607],[102.5543,16.5602],[102.5541,16.5602]],[[102.5473,16.5587],[102.5476,16.559],[102.5476,16.5588],[102.5473,16.5587]],[[102.5476,16.5582],[102.5482,16.5585],[102.5482,16.5582],[102.5476,16.5582]],[[102.5507,16.5574],[102.551,16.5583],[102.551,16.5574],[102.5507,16.5574]],[[102.5496,16.5577],[102.5499,16.558],[102.5499,16.5577],[102.5496,16.5577]],[[102.5499,16.5574],[102.5502,16.5577],[102.5502,16.5574],[102.5499,16.5574]],[[102.549,16.5571],[102.5499,16.5574],[102.5496,16.5544],[102.5508,16.5536],[102.5508,16.5531],[102.5499,16.5528],[102.5494,16.5528],[102.5491,16.5539],[102.5482,16.5539],[102.5482,16.5544],[102.5491,16.5544],[102.549,16.5571]]]}},{"type":"Feature","properties":{"kind":"seasonal","area_km2":0.61,"date":"2026-10-04"},"geometry":{"type":"Polygon","coordinates":[[[102.8214,16.271],[102.82,16.2707],[102.8198,16.268],[102.8203,16.268],[102.8212,16.2672],[102.8229,16.2672],[102.8234,16.2661],[102.8223,16.2656],[102.8223,16.2661],[102.8212,16.2661],[102.8209,16.2666],[102.8195,16.2661],[102.8173,16.2666],[102.817,16.2655],[102.8193,16.2644],[102.8193,16.2609],[102.8185,16.2601],[102.8185,16.2596],[102.8173,16.2595],[102.8173,16.2609],[102.8168,16.2614],[102.8168,16.2604],[102.8148,16.259],[102.8146,16.2571],[102.8154,16.2571],[102.8154,16.2576],[102.816,16.2579],[102.819,16.2582],[102.819,16.2593],[102.8201,16.2607],[102.8201,16.2631],[102.8195,16.2642],[102.8204,16.2647],[102.8206,16.2661],[102.8212,16.2658],[102.8209,16.2645],[102.8221,16.2647],[102.8235,16.2623],[102.8255,16.2621],[102.8254,16.2634],[102.8268,16.2637],[102.8263,16.2618],[102.8271,16.2615],[102.8271,16.261],[102.8277,16.261],[102.8288,16.2599],[102.8294,16.2599],[102.8294,16.2613],[102.8288,16.2613],[102.8288,16.2629],[102.8285,16.2637],[102.828,16.2637],[102.8279,16.2648],[102.8262,16.2661],[102.8254,16.2678],[102.8237,16.2675],[102.8212,16.268],[102.8206,16.2691],[102.8209,16.2702],[102.8214,16.2702],[102.8214,16.271]]]}},{"type":"Feature","properties":{"kind":"seasonal","area_km2":0.608,"date":"2026-10-04"},"geometry":{"type":"Polygon","coordinates":[[[102.646,16.1347],[102.6457,16.1341],[102.6449,16.1341],[102.6435,16.133],[102.6424,16.1327],[102.6421,16.1316],[102.6404,16.1308],[102.6404,16.1295],[102.6416,16.1295],[102.6424,16.1287],[102.6419,16.1281],[102.6419,16.1262],[102.6427,16.126],[102.6416,16.1254],[102.6416,16.1243],[102.6411,16.124],[102.6416,16.1235],[102.6419,16.1219],[102.6408,16.1216],[102.6409,16.1173],[102.6423,16.1173],[102.6439,16.1192],[102.6453,16.1192],[102.645,16.1219],[102.6445,16.1222],[102.6444,16.1233],[102.6439,16.1235],[102.6439,16.1252],[102.6447,16.1252],[102.6447,16.1257],[102.6455,16.1265],[102.6455,16.1276],[102.6444,16.129],[102.6441,16.1314],[102.6446,16.1317],[102.6452,16.133],[102.6468,16.1339],[102.6468,16.1347],[102.646,16.1347]],[[102.6419,16.1211],[102.6428,16.1211],[102.6428,16.1205],[102.642,16.1205],[102.6419,16.1211]],[[102.6417,16.1192],[102.642,16.1195],[102.642,16.1192],[102.6417,16.1192]]]}},{"type":"Feature","properties":{"kind":"seasonal","area_km2":0.602,"date":"2026-10-04"},"geometry":{"type":"Polygon","coordinates":[[[102.5491,16.0794],[102.5494,16.078],[102.5502,16.0775],[102.5494,16.0759],[102.5494,16.0748],[102.5508,16.0743],[102.5514,16.0726],[102.5506,16.0718],[102.5481,16.0718],[102.5478,16.0704],[102.5537,16.0705],[102.5543,16.07],[102.5568,16.07],[102.557,16.0711],[102.5559,16.0732],[102.5559,16.0751],[102.557,16.0757],[102.557,16.0768],[102.5553,16.0767],[102.5547,16.0773],[102.5516,16.0781],[102.5516,16.0786],[102.5511,16.0786],[102.5502,16.0794],[102.5491,16.0794]]]}},{"type":"Feature","properties":{"kind":"seasonal","area_km2":0.559,"date":"2026-10-04"},"geometry":{"type":"Polygon","coordinates":[[[102.4402,16.0505],[102.439,16.0499],[102.4382,16.0488],[102.4377,16.0488],[102.4371,16.048],[102.4366,16.048],[102.4349,16.0458],[102.4349,16.0447],[102.4363,16.0445],[102.4375,16.0431],[102.4375,16.0423],[102.4383,16.042],[102.4383,16.0415],[102.4403,16.0418],[102.4408,16.0426],[102.4428,16.0429],[102.4436,16.0437],[102.4441,16.0489],[102.4435,16.0492],[102.4435,16.05],[102.4427,16.0505],[102.4402,16.0505]],[[102.4388,16.0488],[102.4396,16.0488],[102.4396,16.0477],[102.4416,16.0467],[102.4391,16.0472],[102.4388,16.0488]],[[102.4433,16.0483],[102.4436,16.0467],[102.4427,16.0456],[102.4428,16.0437],[102.4422,16.0434],[102.4419,16.044],[102.4408,16.044],[102.4408,16.0432],[102.4397,16.0421],[102.4389,16.042],[102.4397,16.0426],[102.4394,16.0431],[102.44,16.0434],[102.4402,16.045],[102.4411,16.0451],[102.4419,16.0443],[102.4419,16.0453],[102.4413,16.0453],[102.4413,16.0459],[102.443,16.0464],[102.4433,16.0483]]]}},{"type":"Feature","properties":{"kind":"seasonal","area_km2":0.556,"date":"2026-10-04"},"geometry":{"type":"Polygon","coordinates":[[[102.5678,16.7609],[102.5667,16.7603],[102.5667,16.7598],[102.5664,16.7598],[102.5664,16.7603],[102.5656,16.7603],[102.5656,16.7598],[102.5647,16.7598],[102.5636,16.7587],[102.562,16.7581],[102.5623,16.7559],[102.5612,16.7538],[102.5612,16.7521],[102.5617,16.7521],[102.562,16.7516],[102.564,16.7519],[102.5645,16.7535],[102.5651,16.7535],[102.5654,16.7546],[102.5662,16.7549],[102.5671,16.7546],[102.5671,16.7538],[102.5682,16.7533],[102.5702,16.7539],[102.5699,16.7547],[102.569,16.7549],[102.569,16.7555],[102.5701,16.7563],[102.5701,16.7571],[102.571,16.7577],[102.5712,16.7593],[102.5704,16.7606],[102.5678,16.7609]],[[102.5639,16.7584],[102.5664,16.7598],[102.5673,16.7587],[102.5684,16.7587],[102.5692,16.7598],[102.5701,16.7598],[102.5704,16.7587],[102.5696,16.7576],[102.5687,16.7574],[102.5679,16.7574],[102.5676,16.7579],[102.5639,16.7578],[102.5639,16.7584]],[[102.5623,16.7554],[102.5628,16.7557],[102.5628,16.7554],[102.5623,16.7554]]]}},{"type":"Feature","properties":{"kind":"seasonal","area_km2":0.537,"date":"2026-10-04"},"geometry":{"type":"Polygon","coordinates":[[[102.4182,16.9056],[102.4185,16.9043],[102.4182,16.9048],[102.4177,16.9046],[102.4171,16.9054],[102.4171,16.9032],[102.4177,16.9032],[102.4182,16.9024],[102.4188,16.9002],[102.4186,16.8994],[102.4191,16.8992],[102.4194,16.8981],[102.4195,16.8964],[102.4211,16.8959],[102.4209,16.8943],[102.4215,16.894],[102.4212,16.8932],[102.4218,16.8921],[102.4218,16.8905],[102.4223,16.8908],[102.4229,16.8903],[102.4229,16.8908],[102.4235,16.8905],[102.4237,16.8911],[102.4243,16.8911],[102.4243,16.8916],[102.4237,16.8922],[102.424,16.893],[102.4229,16.893],[102.4232,16.8924],[102.4226,16.8924],[102.4223,16.8932],[102.424,16.8935],[102.4246,16.893],[102.4257,16.893],[102.4251,16.8935],[102.4251,16.8946],[102.4237,16.8949],[102.4234,16.8962],[102.4237,16.897],[102.4245,16.8971],[102.4242,16.8976],[102.4245,16.8981],[102.4253,16.8981],[102.4251,16.8971],[102.4262,16.8973],[102.4262,16.899],[102.4253,16.8992],[102.4256,16.9011],[102.4242,16.9014],[102.4239,16.9006],[102.4245,16.9003],[102.4245,16.8998],[102.4239,16.8992],[102.4231,16.8992],[102.4231,16.8997],[102.4239,16.9],[102.4231,16.9],[102.4233,16.9011],[102.423,16.9016],[102.4222,16.9016],[102.4217,16.8995],[102.422,16.8989],[102.4225,16.8989],[102.4225,16.8984],[102.422,16.8984],[102.4211,16.8992],[102.4211,16.9003],[102.4197,16.9019],[102.4196,16.9027],[102.4188,16.9038],[102.4188,16.9057],[102.4182,16.9056]],[[102.4177,16.9037],[102.4179,16.904],[102.4179,16.9037],[102.4177,16.9037]],[[102.4182,16.9037],[102.4185,16.904],[102.4185,16.9038],[102.4182,16.9037]],[[102.4179,16.9035],[102.4182,16.9037],[102.4182,16.9035],[102.4179,16.9035]],[[102.4188,16.9013],[102.4191,16.9016],[102.4191,16.9013],[102.4188,16.9013]],[[102.4191,16.9013],[102.4197,16.9013],[102.42,16.9008],[102.4194,16.9008],[102.4194,16.9005],[102.4191,16.9005],[102.4191,16.9013]],[[102.4188,16.9002],[102.4191,16.9005],[102.4191,16.9002],[102.4188,16.9002]],[[102.4194,16.9005],[102.4202,16.9005],[102.4205,16.9],[102.42,16.9],[102.4197,16.8994],[102.4194,16.9005]],[[102.4219,16.8995],[102.4222,16.8997],[102.4222,16.8995],[102.4219,16.8995]],[[102.4225,16.8989],[102.4228,16.8992],[102.4228,16.8989],[102.4225,16.8989]],[[102.4242,16.8989],[102.4245,16.8992],[102.4245,16.899],[102.4242,16.8989]],[[102.4234,16.8987],[102.4236,16.8989],[102.4236,16.8987],[102.4234,16.8987]],[[102.4242,16.8984],[102.4245,16.8987],[102.4245,16.8984],[102.4242,16.8984]],[[102.4206,16.8984],[102.4214,16.8981],[102.4211,16.8973],[102.4203,16.8975],[102.4206,16.8984]],[[102.4234,16.8981],[102.4236,16.8984],[102.4237,16.8981],[102.4234,16.8981]],[[102.4225,16.8978],[102.4228,16.8981],[102.4228,16.8978],[102.4225,16.8978]],[[102.4234,16.8973],[102.4237,16.8976],[102.4237,16.8973],[102.4234,16.8973]],[[102.4239,16.8973],[102.4242,16.8976],[102.4242,16.8973],[102.4239,16.8973]],[[102.4211,16.8959],[102.4214,16.8962],[102.4214,16.8959],[102.4211,16.8959]],[[102.4228,16.8957],[102.4231,16.8962],[102.4231,16.8957],[102.4228,16.8957]],[[102.4234,16.8938],[102.4237,16.8941],[102.4237,16.8938],[102.4234,16.8938]],[[102.424,16.8938],[102.4243,16.8941],[102.4243,16.8938],[102.424,16.8938]],[[102.4243,16.8935],[102.4246,16.8938],[102.4246,16.8935],[102.4243,16.8935]],[[102.4235,16.8916],[102.4237,16.8919],[102.4237,16.8916],[102.4235,16.8916]]]}},{"type":"Feature","properties":{"kind":"seasonal","area_km2":0.524,"date":"2026-10-04"},"geometry":{"type":"Polygon","coordinates":[[[102.8562,16.451],[102.856,16.4486],[102.8554,16.448],[102.8554,16.4467],[102.8549,16.4461],[102.8549,16.4423],[102.8566,16.4418],[102.8586,16.4418],[102.858,16.4448],[102.8588,16.4454],[102.8588,16.4462],[102.8582,16.4464],[102.8582,16.4473],[102.8588,16.4481],[102.8593,16.4481],[102.8602,16.4465],[102.8596,16.4459],[102.8597,16.4448],[102.8602,16.4443],[102.8597,16.4419],[102.8614,16.4419],[102.8619,16.4432],[102.8622,16.4476],[102.861,16.4486],[102.8605,16.4486],[102.8599,16.4497],[102.8585,16.4508],[102.8562,16.451]]]}},{"type":"Feature","properties":{"kind":"seasonal","area_km2":0.517,"date":"2026-10-04"},"geometry":{"type":"Polygon","coordinates":[[[102.5534,16.6157],[102.5531,16.6152],[102.552,16.6152],[102.5497,16.6141],[102.548,16.614],[102.5469,16.6129],[102.5455,16.6129],[102.5447,16.6124],[102.5441,16.6126],[102.5439,16.6094],[102.5461,16.6102],[102.5464,16.6108],[102.5484,16.6108],[102.5486,16.6116],[102.5492,16.6111],[102.5495,16.6119],[102.5542,16.613],[102.5565,16.6131],[102.5576,16.612],[102.5579,16.6109],[102.5596,16.6096],[102.5599,16.6115],[102.5618,16.6126],[102.5599,16.6131],[102.5596,16.6123],[102.5593,16.6128],[102.5587,16.6128],[102.5587,16.6134],[102.5579,16.6136],[102.5581,16.6155],[102.5556,16.6149],[102.5534,16.6157]]]}},{"type":"Feature","properties":{"kind":"seasonal","area_km2":0.499,"date":"2026-10-04"},"geometry":{"type":"Polygon","coordinates":[[[102.4569,16.7866],[102.4561,16.7861],[102.4558,16.7847],[102.457,16.7858],[102.4584,16.7858],[102.4604,16.7821],[102.4604,16.781],[102.4612,16.7807],[102.4621,16.7797],[102.4621,16.7786],[102.4616,16.7778],[102.461,16.7777],[102.461,16.7769],[102.4627,16.7761],[102.4633,16.7748],[102.463,16.7732],[102.4658,16.7729],[102.4659,16.7713],[102.4673,16.7716],[102.467,16.774],[102.4658,16.7751],[102.4661,16.7767],[102.4683,16.777],[102.4686,16.7765],[102.4695,16.7765],[102.4694,16.7773],[102.4686,16.7778],[102.4683,16.7786],[102.4675,16.7786],[102.4669,16.7792],[102.4669,16.7813],[102.466,16.7824],[102.4663,16.7835],[102.4668,16.7838],[102.4668,16.7849],[102.4654,16.7846],[102.4649,16.7835],[102.4655,16.7802],[102.4646,16.78],[102.4646,16.7791],[102.4655,16.7783],[102.4649,16.7783],[102.465,16.7764],[102.4638,16.7759],[102.4627,16.7767],[102.4629,16.7794],[102.4604,16.7829],[102.4603,16.7845],[102.4598,16.7859],[102.4592,16.7864],[102.4569,16.7866]]]}},{"type":"Feature","properties":{"kind":"seasonal","area_km2":0.48,"date":"2026-10-04"},"geometry":{"type":"Polygon","coordinates":[[[102.7735,16.7835],[102.7735,16.7816],[102.7727,16.7811],[102.7724,16.78],[102.7727,16.7786],[102.7716,16.7786],[102.7713,16.7773],[102.7691,16.7751],[102.7694,16.771],[102.7688,16.7705],[102.7694,16.7705],[102.7697,16.7716],[102.7702,16.7716],[102.7702,16.7727],[102.7697,16.7726],[102.7696,16.7735],[102.7708,16.7735],[102.7708,16.7746],[102.7713,16.7751],[102.7707,16.7756],[102.7716,16.7765],[102.7724,16.7748],[102.7741,16.7757],[102.775,16.7754],[102.7741,16.7751],[102.7741,16.7746],[102.775,16.7749],[102.7758,16.7743],[102.7761,16.7754],[102.7747,16.7762],[102.7752,16.7784],[102.7791,16.7787],[102.7797,16.7779],[102.7806,16.7779],[102.7806,16.7787],[102.78,16.7793],[102.7774,16.78],[102.7777,16.7814],[102.7766,16.7817],[102.776,16.7825],[102.7752,16.7825],[102.7743,16.7835],[102.7735,16.7835]],[[102.7724,16.7781],[102.7735,16.7778],[102.7735,16.7776],[102.7724,16.7776],[102.7724,16.7781]],[[102.7721,16.777],[102.7724,16.7776],[102.7724,16.777],[102.7721,16.777]],[[102.7702,16.7745],[102.7708,16.7751],[102.7708,16.7746],[102.7702,16.7745]]]}},{"type":"Feature","properties":{"kind":"seasonal","area_km2":0.418,"date":"2026-10-04"},"geometry":{"type":"Polygon","coordinates":[[[102.8301,16.7481],[102.829,16.7462],[102.8262,16.7461],[102.8257,16.7434],[102.8265,16.7424],[102.8277,16.7424],[102.8288,16.7432],[102.8293,16.7443],[102.8299,16.7443],[102.8305,16.7438],[102.8305,16.7427],[102.8313,16.7421],[102.8316,16.7413],[102.8342,16.7414],[102.8341,16.743],[102.8324,16.7438],[102.8324,16.7446],[102.8333,16.7449],[102.8341,16.746],[102.8341,16.7473],[102.8335,16.7476],[102.8335,16.7481],[102.8301,16.7481]]]}},{"type":"Feature","properties":{"kind":"seasonal","area_km2":0.41,"date":"2026-10-04"},"geometry":{"type":"Polygon","coordinates":[[[102.6901,16.1541],[102.6892,16.153],[102.689,16.1511],[102.6865,16.1506],[102.6862,16.1489],[102.6879,16.1468],[102.6913,16.1466],[102.6921,16.1455],[102.6921,16.1439],[102.6913,16.1444],[102.6902,16.1444],[102.6902,16.1455],[102.6879,16.1462],[102.6873,16.1471],[102.6862,16.147],[102.6854,16.1451],[102.6854,16.1438],[102.6857,16.1443],[102.6868,16.1443],[102.6868,16.1454],[102.6862,16.1457],[102.6874,16.1462],[102.6876,16.1454],[102.6882,16.1454],[102.6896,16.1441],[102.6894,16.1427],[102.6905,16.1427],[102.6919,16.142],[102.6919,16.1398],[102.6936,16.1398],[102.6933,16.1406],[102.6939,16.1409],[102.6939,16.142],[102.6933,16.1422],[102.6933,16.1436],[102.6927,16.1439],[102.6927,16.1452],[102.6935,16.1452],[102.6935,16.1463],[102.6913,16.1474],[102.6885,16.1471],[102.6873,16.1484],[102.6876,16.1495],[102.6893,16.1492],[102.6901,16.1509],[102.6918,16.1509],[102.6909,16.1514],[102.6909,16.1528],[102.6904,16.1528],[102.6901,16.1541]]]}},{"type":"Feature","properties":{"kind":"seasonal","area_km2":0.409,"date":"2026-10-04"},"geometry":{"type":"Polygon","coordinates":[[[102.8369,16.4183],[102.8358,16.4175],[102.8358,16.4159],[102.8367,16.4137],[102.8362,16.4107],[102.8373,16.4094],[102.8376,16.4083],[102.8396,16.4078],[102.8401,16.4089],[102.8398,16.4094],[102.8407,16.4102],[102.8403,16.4135],[102.8406,16.4146],[102.8412,16.4148],[102.8412,16.4156],[102.84,16.4178],[102.8383,16.4172],[102.838,16.4183],[102.8369,16.4183]],[[102.8367,16.4172],[102.8369,16.4175],[102.8369,16.4172],[102.8367,16.4172]],[[102.8369,16.4167],[102.8372,16.4172],[102.8372,16.4167],[102.8369,16.4167]],[[102.8372,16.4164],[102.8375,16.4167],[102.8375,16.4164],[102.8372,16.4164]],[[102.8381,16.4164],[102.8383,16.4167],[102.8383,16.4164],[102.8381,16.4164]],[[102.8392,16.4164],[102.8398,16.4159],[102.8386,16.4156],[102.8386,16.4162],[102.8392,16.4164]],[[102.8364,16.4159],[102.8369,16.4161],[102.8369,16.4159],[102.8364,16.4159]],[[102.8375,16.4161],[102.8381,16.4162],[102.8381,16.4159],[102.8372,16.4156],[102.8375,16.4161]],[[102.8392,16.4153],[102.8395,16.4156],[102.8395,16.4154],[102.8392,16.4153]],[[102.837,16.4153],[102.8381,16.4153],[102.8381,16.4145],[102.837,16.4148],[102.837,16.4153]],[[102.8384,16.4153],[102.8392,16.4153],[102.8398,16.4145],[102.8384,16.4148],[102.8384,16.4153]],[[102.8398,16.414],[102.8401,16.4145],[102.8401,16.414],[102.8398,16.414]],[[102.8387,16.4126],[102.8398,16.4124],[102.8398,16.4118],[102.8392,16.4116],[102.8393,16.4105],[102.8384,16.4105],[102.8387,16.4126]]]}},{"type":"Feature","properties":{"kind":"seasonal","area_km2":0.403,"date":"2026-10-04"},"geometry":{"type":"Polygon","coordinates":[[[102.4684,16.1424],[102.4682,16.1405],[102.4676,16.1402],[102.4676,16.1389],[102.4685,16.1389],[102.4693,16.1373],[102.4677,16.1364],[102.4676,16.1383],[102.4657,16.1386],[102.4648,16.1377],[102.4651,16.1364],[102.4665,16.1364],[102.4671,16.137],[102.4671,16.1359],[102.4685,16.1343],[102.4696,16.1343],[102.4711,16.1335],[102.4716,16.1335],[102.4713,16.134],[102.4719,16.1343],[102.4719,16.1348],[102.471,16.1354],[102.4719,16.1354],[102.4719,16.1359],[102.4755,16.1362],[102.4761,16.1357],[102.4752,16.1373],[102.473,16.1376],[102.4721,16.137],[102.4713,16.1378],[102.4701,16.1408],[102.4696,16.1408],[102.4698,16.1421],[102.4684,16.1424]]]}},{"type":"Feature","properties":{"kind":"seasonal","area_km2":0.373,"date":"2026-10-04"},"geometry":{"type":"Polygon","coordinates":[[[102.9609,16.3277],[102.9572,16.3276],[102.9564,16.326],[102.9559,16.3208],[102.957,16.3211],[102.957,16.3222],[102.9576,16.3225],[102.9578,16.3236],[102.9584,16.3236],[102.9584,16.3241],[102.9589,16.3241],[102.9592,16.3247],[102.9609,16.3244],[102.962,16.3236],[102.9646,16.3236],[102.9651,16.3258],[102.9659,16.3255],[102.9657,16.3247],[102.966,16.322],[102.966,16.3239],[102.9665,16.3245],[102.9662,16.3258],[102.9634,16.3261],[102.9612,16.3271],[102.9609,16.3277]],[[102.9586,16.3271],[102.9589,16.3274],[102.9589,16.3271],[102.9586,16.3271]],[[102.9572,16.326],[102.9581,16.3257],[102.9581,16.3247],[102.9572,16.3252],[102.9572,16.326]]]}},{"type":"Feature","properties":{"kind":"seasonal","area_km2":0.357,"date":"2026-10-04"},"geometry":{"type":"Polygon","coordinates":[[[102.8205,16.3577],[102.8151,16.3571],[102.8143,16.3565],[102.8129,16.3565],[102.8129,16.356],[102.8123,16.3563],[102.8121,16.3557],[102.8112,16.356],[102.8104,16.3549],[102.8093,16.3549],[102.8093,16.3538],[102.8157,16.3544],[102.8163,16.3549],[102.8191,16.355],[102.8205,16.3555],[102.8213,16.3555],[102.8213,16.3547],[102.8225,16.3545],[102.8233,16.3553],[102.8233,16.3569],[102.8224,16.3574],[102.8205,16.3577]]]}},{"type":"Feature","properties":{"kind":"seasonal","area_km2":0.355,"date":"2026-10-04"},"geometry":{"type":"Polygon","coordinates":[[[102.3223,16.8833],[102.3223,16.8825],[102.3228,16.8822],[102.3237,16.88],[102.3223,16.8781],[102.3226,16.8768],[102.3221,16.8765],[102.3221,16.8757],[102.3207,16.8759],[102.321,16.8741],[102.3221,16.8741],[102.3224,16.8757],[102.3246,16.876],[102.3257,16.8771],[102.3288,16.8771],[102.3288,16.8779],[102.3274,16.8779],[102.3274,16.879],[102.3268,16.8793],[102.3271,16.8814],[102.3262,16.8814],[102.3257,16.882],[102.3256,16.8831],[102.3248,16.883],[102.3248,16.8825],[102.3237,16.8825],[102.3231,16.8833],[102.3223,16.8833]]]}},{"type":"Feature","properties":{"kind":"seasonal","area_km2":0.353,"date":"2026-10-04"},"geometry":{"type":"Polygon","coordinates":[[[102.4714,16.818],[102.4712,16.8169],[102.4723,16.8161],[102.4723,16.815],[102.4732,16.8142],[102.4721,16.8134],[102.4721,16.8123],[102.4735,16.8115],[102.4744,16.8083],[102.4718,16.8082],[102.4716,16.8069],[102.4702,16.806],[102.4699,16.805],[102.4691,16.8049],[102.4688,16.8074],[102.4668,16.8074],[102.4668,16.809],[102.4657,16.809],[102.4657,16.8084],[102.4651,16.8081],[102.464,16.8084],[102.4648,16.8114],[102.4642,16.8114],[102.4634,16.81],[102.4634,16.8073],[102.4648,16.8071],[102.4654,16.8079],[102.4665,16.8079],[102.4668,16.8068],[102.4682,16.8071],[102.4685,16.8047],[102.4699,16.8033],[102.4705,16.8033],[102.4708,16.8055],[102.4719,16.8061],[102.4721,16.8077],[102.4741,16.8064],[102.475,16.8066],[102.4752,16.8085],[102.4752,16.8099],[102.4746,16.8102],[102.4743,16.8123],[102.4732,16.8131],[102.4749,16.8134],[102.4749,16.8142],[102.4735,16.8147],[102.4737,16.8156],[102.4757,16.8159],[102.4734,16.8161],[102.4726,16.8177],[102.4714,16.818]]]}},{"type":"Feature","properties":{"kind":"seasonal","area_km2":0.346,"date":"2026-10-04"},"geometry":{"type":"Polygon","coordinates":[[[102.6886,16.037],[102.6869,16.0367],[102.687,16.0357],[102.6858,16.0367],[102.683,16.0359],[102.6825,16.0345],[102.6816,16.0345],[102.6817,16.0329],[102.6822,16.0329],[102.6828,16.0321],[102.6839,16.0321],[102.6845,16.0335],[102.685,16.0318],[102.6859,16.0319],[102.6873,16.0329],[102.6889,16.0332],[102.6892,16.0341],[102.6903,16.0349],[102.6903,16.036],[102.69,16.0365],[102.6886,16.0365],[102.6886,16.037]]]}},{"type":"Feature","properties":{"kind":"seasonal","area_km2":0.328,"date":"2026-10-04"},"geometry":{"type":"Polygon","coordinates":[[[102.7247,16.2117],[102.7225,16.2111],[102.722,16.2092],[102.7214,16.2087],[102.7217,16.2038],[102.7251,16.2041],[102.7256,16.2112],[102.7247,16.2117]]]}},{"type":"Feature","properties":{"kind":"seasonal","area_km2":0.317,"date":"2026-10-04"},"geometry":{"type":"Polygon","coordinates":[[[102.4442,16.0651],[102.4431,16.0646],[102.4431,16.0613],[102.4442,16.0614],[102.4456,16.06],[102.4457,16.0581],[102.4468,16.0565],[102.4468,16.0557],[102.4477,16.0557],[102.4479,16.0568],[102.4488,16.0573],[102.4488,16.0582],[102.4479,16.0587],[102.4476,16.0625],[102.4456,16.0652],[102.4442,16.0651]],[[102.4453,16.0616],[102.4456,16.0619],[102.4456,16.0616],[102.4453,16.0616]]]}},{"type":"Feature","properties":{"kind":"seasonal","area_km2":0.31,"date":"2026-10-04"},"geometry":{"type":"Polygon","coordinates":[[[102.9771,16.2817],[102.9771,16.2809],[102.9779,16.2807],[102.9774,16.2796],[102.9765,16.2796],[102.976,16.2801],[102.9759,16.2809],[102.9748,16.2809],[102.9746,16.2798],[102.9757,16.2793],[102.9757,16.2787],[102.9777,16.2766],[102.9777,16.276],[102.9794,16.2747],[102.9799,16.2747],[102.9797,16.2728],[102.9802,16.2725],[102.9805,16.2715],[102.9817,16.2715],[102.9822,16.2731],[102.9816,16.2734],[102.9805,16.2755],[102.9807,16.2782],[102.9799,16.2788],[102.9796,16.2801],[102.9788,16.2807],[102.9787,16.2812],[102.9782,16.2817],[102.9771,16.2817]],[[102.9779,16.2777],[102.9785,16.2777],[102.9791,16.2766],[102.9777,16.2769],[102.9779,16.2777]]]}},{"type":"Feature","properties":{"kind":"seasonal","area_km2":0.292,"date":"2026-10-04"},"geometry":{"type":"Polygon","coordinates":[[[102.4105,16.8107],[102.4082,16.8107],[102.4083,16.8085],[102.4086,16.808],[102.4091,16.808],[102.4091,16.8072],[102.4072,16.8077],[102.4072,16.8071],[102.4066,16.8069],[102.4069,16.8052],[102.412,16.805],[102.4134,16.8056],[102.4134,16.8048],[102.4145,16.8048],[102.4145,16.8059],[102.4133,16.8078],[102.4111,16.8088],[102.4105,16.8096],[102.4105,16.8107]],[[102.4077,16.8069],[102.4089,16.8066],[102.4089,16.8061],[102.4077,16.8061],[102.4077,16.8069]],[[102.4094,16.8069],[102.4108,16.8069],[102.4114,16.8058],[102.4091,16.8064],[102.4094,16.8069]]]}},{"type":"Feature","properties":{"kind":"seasonal","area_km2":0.292,"date":"2026-10-04"},"geometry":{"type":"Polygon","coordinates":[[[102.2907,16.6889],[102.2901,16.6881],[102.2902,16.687],[102.2896,16.6864],[102.2891,16.6826],[102.2897,16.6821],[102.2913,16.6821],[102.2914,16.6813],[102.2922,16.6813],[102.2925,16.6832],[102.2933,16.6846],[102.2933,16.6854],[102.2938,16.6857],[102.2944,16.6881],[102.2929,16.6881],[102.2924,16.6886],[102.2907,16.6889]],[[102.2905,16.6853],[102.2907,16.6856],[102.2907,16.6854],[102.2905,16.6853]]]}},{"type":"Feature","properties":{"kind":"seasonal","area_km2":0.288,"date":"2026-10-04"},"geometry":{"type":"Polygon","coordinates":[[[102.5641,16.1348],[102.5636,16.1343],[102.563,16.1321],[102.5597,16.1313],[102.5597,16.1291],[102.5605,16.1288],[102.5606,16.128],[102.5614,16.128],[102.5622,16.1289],[102.5634,16.1289],[102.5633,16.1297],[102.5645,16.1289],[102.5656,16.1292],[102.5658,16.1346],[102.5641,16.1348]]]}},{"type":"Feature","properties":{"kind":"seasonal","area_km2":0.286,"date":"2026-10-04"},"geometry":{"type":"Polygon","coordinates":[[[102.9945,16.3049],[102.9942,16.3039],[102.9934,16.3036],[102.9926,16.3028],[102.9926,16.3022],[102.9915,16.3014],[102.9912,16.3],[102.9926,16.296],[102.9935,16.2952],[102.9949,16.2949],[102.9952,16.2944],[102.9957,16.2947],[102.9952,16.2952],[102.996,16.2952],[102.9966,16.2944],[102.9966,16.2952],[102.9946,16.2965],[102.994,16.2979],[102.994,16.3006],[102.9954,16.3017],[102.9953,16.3049],[102.9945,16.3049]]]}},{"type":"Feature","properties":{"kind":"seasonal","area_km2":0.283,"date":"2026-10-04"},"geometry":{"type":"Polygon","coordinates":[[[102.3995,16.8122],[102.3992,16.8114],[102.397,16.8114],[102.397,16.8105],[102.3976,16.81],[102.3976,16.8084],[102.3967,16.8076],[102.3973,16.8076],[102.3979,16.8059],[102.4007,16.8065],[102.4013,16.8073],[102.4027,16.8071],[102.4027,16.8049],[102.4013,16.8049],[102.4007,16.8044],[102.4007,16.8033],[102.4044,16.803],[102.4032,16.8079],[102.4018,16.8082],[102.4021,16.8095],[102.4004,16.8103],[102.4006,16.8122],[102.3995,16.8122]],[[102.3981,16.8111],[102.3998,16.8108],[102.3998,16.8103],[102.4004,16.8103],[102.4004,16.8095],[102.4009,16.8092],[102.3987,16.8092],[102.3978,16.8103],[102.3981,16.8111]],[[102.4009,16.809],[102.4012,16.8092],[102.4012,16.809],[102.4009,16.809]],[[102.4012,16.809],[102.4015,16.8079],[102.401,16.8079],[102.4004,16.8068],[102.3996,16.8068],[102.4001,16.8084],[102.401,16.8084],[102.4012,16.809]],[[102.3979,16.8078],[102.3996,16.8076],[102.3996,16.8073],[102.3979,16.8068],[102.3979,16.8078]]]}},{"type":"Feature","properties":{"kind":"seasonal","area_km2":0.282,"date":"2026-10-04"},"geometry":{"type":"Polygon","coordinates":[[[102.572,16.1352],[102.5717,16.1344],[102.57,16.1346],[102.5697,16.1341],[102.5706,16.1319],[102.5717,16.1309],[102.5718,16.1295],[102.5726,16.1292],[102.5729,16.1276],[102.5737,16.1276],[102.5738,16.1252],[102.5746,16.1252],[102.5754,16.126],[102.5757,16.1295],[102.5734,16.1301],[102.5726,16.1325],[102.574,16.1331],[102.5739,16.1344],[102.5731,16.1352],[102.572,16.1352]]]}},{"type":"Feature","properties":{"kind":"seasonal","area_km2":0.28,"date":"2026-10-04"},"geometry":{"type":"Polygon","coordinates":[[[102.8955,16.6105],[102.895,16.6075],[102.8964,16.607],[102.8984,16.6046],[102.9012,16.6046],[102.9012,16.606],[102.9006,16.6062],[102.9,16.609],[102.8994,16.6095],[102.8986,16.6095],[102.8983,16.61],[102.8975,16.61],[102.8972,16.6105],[102.8955,16.6105]]]}},{"type":"Feature","properties":{"kind":"seasonal","area_km2":0.28,"date":"2026-10-04"},"geometry":{"type":"Polygon","coordinates":[[[102.0413,16.3598],[102.0408,16.3555],[102.0422,16.3547],[102.0423,16.3539],[102.0434,16.3528],[102.0448,16.3526],[102.0451,16.3542],[102.0459,16.3548],[102.0453,16.3569],[102.0447,16.3572],[102.0444,16.3585],[102.0433,16.3596],[102.0413,16.3598]]]}},{"type":"Feature","properties":{"kind":"seasonal","area_km2":0.278,"date":"2026-10-04"},"geometry":{"type":"Polygon","coordinates":[[[102.5421,16.5752],[102.5415,16.5744],[102.5415,16.5733],[102.541,16.5728],[102.541,16.5717],[102.5421,16.5714],[102.5421,16.5722],[102.5435,16.5723],[102.5433,16.5698],[102.5427,16.5693],[102.5427,16.5682],[102.5422,16.5682],[102.5422,16.5676],[102.5427,16.5674],[102.5433,16.5682],[102.5433,16.5693],[102.5458,16.569],[102.5461,16.5707],[102.548,16.5707],[102.5486,16.5729],[102.548,16.5731],[102.5483,16.5747],[102.5471,16.575],[102.5471,16.5745],[102.5466,16.5745],[102.5457,16.5734],[102.5458,16.5726],[102.5446,16.5728],[102.5444,16.572],[102.5446,16.5736],[102.5435,16.5733],[102.5432,16.5752],[102.5421,16.5752]],[[102.5471,16.5739],[102.5477,16.5739],[102.5477,16.5734],[102.5469,16.5709],[102.5471,16.5739]],[[102.5441,16.5717],[102.5444,16.5706],[102.5449,16.5704],[102.5436,16.5693],[102.5441,16.5717]],[[102.5452,16.5717],[102.546,16.5717],[102.5461,16.5709],[102.5449,16.5709],[102.5452,16.5717]]]}},{"type":"Feature","properties":{"kind":"seasonal","area_km2":0.276,"date":"2026-10-04"},"geometry":{"type":"Polygon","coordinates":[[[102.0718,16.4025],[102.0719,16.4004],[102.0713,16.4001],[102.0713,16.399],[102.0719,16.3985],[102.0789,16.398],[102.078,16.4013],[102.0772,16.4012],[102.0769,16.4018],[102.0749,16.4018],[102.0749,16.4009],[102.0741,16.4009],[102.0735,16.4012],[102.0735,16.4023],[102.0718,16.4025]]]}},{"type":"Feature","properties":{"kind":"seasonal","area_km2":0.266,"date":"2026-10-04"},"geometry":{"type":"Polygon","coordinates":[[[102.1765,16.4457],[102.1756,16.4435],[102.1742,16.4432],[102.1737,16.4424],[102.1726,16.4421],[102.1715,16.441],[102.1715,16.4405],[102.1712,16.4405],[102.1712,16.4415],[102.1703,16.4415],[102.1704,16.4407],[102.1695,16.4402],[102.1693,16.4388],[102.1735,16.4389],[102.1737,16.4405],[102.1743,16.44],[102.1757,16.44],[102.1768,16.4414],[102.1768,16.4427],[102.1762,16.4432],[102.177,16.4435],[102.177,16.4443],[102.1776,16.4449],[102.1776,16.4457],[102.1765,16.4457]],[[102.1709,16.4402],[102.1712,16.4405],[102.1712,16.4402],[102.1709,16.4402]]]}},{"type":"Feature","properties":{"kind":"seasonal","area_km2":0.266,"date":"2026-10-04"},"geometry":{"type":"Polygon","coordinates":[[[102.7702,16.387],[102.7699,16.3862],[102.7705,16.3851],[102.7713,16.3846],[102.7713,16.3835],[102.7725,16.3821],[102.7725,16.3813],[102.7733,16.3808],[102.7739,16.3797],[102.7747,16.3797],[102.7753,16.3822],[102.7753,16.383],[102.7747,16.3835],[102.7752,16.3843],[102.775,16.3857],[102.7741,16.3859],[102.7733,16.387],[102.7702,16.387]],[[102.7739,16.383],[102.7747,16.3827],[102.7744,16.3819],[102.7742,16.3819],[102.7739,16.383]]]}},{"type":"Feature","properties":{"kind":"seasonal","area_km2":0.25,"date":"2026-10-04"},"geometry":{"type":"Polygon","coordinates":[[[102.5689,16.85],[102.569,16.849],[102.5684,16.849],[102.5681,16.8476],[102.5676,16.8476],[102.5676,16.8462],[102.5704,16.8457],[102.5704,16.8441],[102.5696,16.8435],[102.5696,16.8425],[102.5713,16.8425],[102.5724,16.8439],[102.5735,16.8439],[102.5718,16.8441],[102.5718,16.8452],[102.5713,16.8452],[102.5712,16.8465],[102.5721,16.8466],[102.5718,16.8476],[102.5726,16.8474],[102.5726,16.8482],[102.574,16.8487],[102.5723,16.8487],[102.5706,16.8495],[102.5703,16.8501],[102.5689,16.85]],[[102.571,16.8465],[102.5712,16.8468],[102.5712,16.8465],[102.571,16.8465]]]}},{"type":"Feature","properties":{"kind":"seasonal","area_km2":0.247,"date":"2026-10-04"},"geometry":{"type":"Polygon","coordinates":[[[102.531,16.5634],[102.5302,16.561],[102.5308,16.5591],[102.5316,16.5591],[102.5319,16.5586],[102.5341,16.5586],[102.5361,16.56],[102.5358,16.5619],[102.5349,16.5619],[102.5335,16.5629],[102.5324,16.5629],[102.5321,16.5634],[102.531,16.5634]]]}},{"type":"Feature","properties":{"kind":"seasonal","area_km2":0.241,"date":"2026-10-04"},"geometry":{"type":"Polygon","coordinates":[[[102.6909,16.2712],[102.6907,16.2707],[102.6893,16.2704],[102.689,16.2696],[102.6876,16.2685],[102.6876,16.2668],[102.6913,16.2669],[102.6916,16.2674],[102.6927,16.2674],[102.6935,16.2683],[102.694,16.2707],[102.6935,16.2707],[102.6932,16.2712],[102.6909,16.2712]]]}},{"type":"Feature","properties":{"kind":"seasonal","area_km2":0.233,"date":"2026-10-04"},"geometry":{"type":"Polygon","coordinates":[[[102.4738,16.0522],[102.4729,16.0514],[102.4721,16.0514],[102.4718,16.0508],[102.4704,16.0508],[102.4699,16.0503],[102.4699,16.0495],[102.4732,16.0492],[102.4738,16.0498],[102.4749,16.0498],[102.4761,16.0476],[102.4775,16.0477],[102.4777,16.0506],[102.4769,16.0512],[102.4769,16.0517],[102.4754,16.0522],[102.4738,16.0522]]]}},{"type":"Feature","properties":{"kind":"seasonal","area_km2":0.23,"date":"2026-10-04"},"geometry":{"type":"Polygon","coordinates":[[[102.2244,16.4694],[102.2236,16.4685],[102.2224,16.4688],[102.2225,16.4677],[102.225,16.4675],[102.2256,16.4664],[102.2267,16.4659],[102.227,16.4648],[102.2287,16.4648],[102.2309,16.464],[102.2323,16.4643],[102.2323,16.4651],[102.2318,16.4657],[102.2309,16.4656],[102.2275,16.4672],[102.2272,16.4686],[102.2267,16.4686],[102.2264,16.4691],[102.2244,16.4694]]]}},{"type":"Feature","properties":{"kind":"seasonal","area_km2":0.23,"date":"2026-10-04"},"geometry":{"type":"Polygon","coordinates":[[[102.6531,16.1713],[102.6509,16.171],[102.6492,16.1691],[102.6487,16.1691],[102.6476,16.168],[102.6479,16.1669],[102.6507,16.1662],[102.6515,16.1673],[102.6537,16.1678],[102.6531,16.1713]]]}},{"type":"Feature","properties":{"kind":"seasonal","area_km2":0.224,"date":"2026-10-04"},"geometry":{"type":"Polygon","coordinates":[[[102.5859,16.7784],[102.5842,16.7779],[102.5836,16.7781],[102.5834,16.777],[102.5839,16.7771],[102.5842,16.776],[102.5856,16.7763],[102.5859,16.7768],[102.5873,16.7766],[102.5879,16.776],[102.5876,16.7736],[102.5885,16.7736],[102.5885,16.7741],[102.5899,16.7739],[102.5899,16.7744],[102.5904,16.7744],[102.5904,16.7752],[102.5916,16.7752],[102.5915,16.7763],[102.5907,16.7774],[102.5859,16.7784]],[[102.589,16.7755],[102.5896,16.7755],[102.5896,16.775],[102.589,16.7749],[102.589,16.7755]]]}},{"type":"Feature","properties":{"kind":"seasonal","area_km2":0.224,"date":"2026-10-04"},"geometry":{"type":"Polygon","coordinates":[[[102.8413,16.3557],[102.8399,16.3546],[102.8399,16.3533],[102.8405,16.3522],[102.8419,16.3517],[102.8419,16.3511],[102.8427,16.3511],[102.8427,16.3528],[102.8438,16.3533],[102.8455,16.3523],[102.8455,16.3514],[102.8466,16.3515],[102.8472,16.3531],[102.8466,16.3531],[102.8455,16.3544],[102.8432,16.3552],[102.8429,16.3558],[102.8413,16.3557]]]}},{"type":"Feature","properties":{"kind":"seasonal","area_km2":0.221,"date":"2026-10-04"},"geometry":{"type":"Polygon","coordinates":[[[102.691,16.7834],[102.6905,16.7826],[102.6894,16.7826],[102.6885,16.7815],[102.6863,16.7812],[102.6863,16.779],[102.6869,16.7777],[102.6863,16.7774],[102.6861,16.7761],[102.6872,16.7753],[102.6875,16.7744],[102.6892,16.7747],[102.6894,16.7761],[102.6905,16.7772],[102.6905,16.7783],[102.6897,16.7788],[102.6894,16.7807],[102.6899,16.7813],[102.6916,16.7813],[102.6922,16.7834],[102.691,16.7834]],[[102.6888,16.7815],[102.6894,16.7815],[102.6894,16.781],[102.6888,16.781],[102.6888,16.7815]],[[102.6866,16.7809],[102.6885,16.7812],[102.6883,16.7804],[102.6891,16.7783],[102.6892,16.7758],[102.6866,16.7763],[102.6875,16.7769],[102.6877,16.778],[102.6877,16.7788],[102.6866,16.779],[102.6866,16.7809]]]}},{"type":"Feature","properties":{"kind":"seasonal","area_km2":0.216,"date":"2026-10-04"},"geometry":{"type":"Polygon","coordinates":[[[102.8531,16.4521],[102.8498,16.4518],[102.8495,16.4507],[102.85,16.4502],[102.8504,16.4483],[102.8501,16.4466],[102.8507,16.4464],[102.8507,16.4458],[102.8521,16.4458],[102.852,16.448],[102.8529,16.4488],[102.8531,16.4499],[102.8548,16.4502],[102.8548,16.4516],[102.8537,16.4515],[102.8531,16.4521]],[[102.8512,16.4504],[102.8514,16.4513],[102.8515,16.4504],[102.8512,16.4504]]]}},{"type":"Feature","properties":{"kind":"seasonal","area_km2":0.207,"date":"2026-10-04"},"geometry":{"type":"Polygon","coordinates":[[[102.6726,16.1122],[102.6726,16.1108],[102.6715,16.1114],[102.6707,16.1111],[102.6707,16.1095],[102.6715,16.1089],[102.6713,16.1081],[102.6704,16.1081],[102.6704,16.1087],[102.6693,16.1086],[102.669,16.1095],[102.6682,16.1094],[102.6685,16.1075],[102.6699,16.1076],[102.6701,16.107],[102.671,16.107],[102.6713,16.1076],[102.6729,16.1073],[102.6735,16.1081],[102.6743,16.1082],[102.6743,16.1087],[102.6752,16.1092],[102.6752,16.1103],[102.6746,16.1109],[102.674,16.1106],[102.6732,16.1122],[102.6726,16.1122]]]}},{"type":"Feature","properties":{"kind":"seasonal","area_km2":0.203,"date":"2026-10-04"},"geometry":{"type":"Polygon","coordinates":[[[102.3982,16.8447],[102.3977,16.8436],[102.3993,16.8439],[102.3994,16.8425],[102.398,16.8425],[102.3974,16.8412],[102.3994,16.8412],[102.3994,16.842],[102.4011,16.8409],[102.4019,16.8412],[102.4014,16.8401],[102.4031,16.8402],[102.4039,16.8396],[102.4039,16.8391],[102.4033,16.8391],[102.4031,16.8385],[102.402,16.8385],[102.4014,16.838],[102.402,16.8374],[102.4042,16.8375],[102.405,16.8394],[102.405,16.8407],[102.4045,16.8407],[102.4042,16.8415],[102.4019,16.842],[102.4019,16.8431],[102.3999,16.8426],[102.3993,16.8447],[102.3982,16.8447]]]}},{"type":"Feature","properties":{"kind":"seasonal","area_km2":0.2,"date":"2026-10-04"},"geometry":{"type":"Polygon","coordinates":[[[102.7754,16.074],[102.7734,16.0721],[102.7729,16.0721],[102.7726,16.0726],[102.7712,16.0726],[102.7706,16.071],[102.769,16.0699],[102.7693,16.0685],[102.7695,16.0693],[102.7704,16.0696],[102.7704,16.0701],[102.7715,16.0712],[102.7726,16.071],[102.7729,16.0715],[102.7737,16.0715],[102.7737,16.071],[102.7748,16.071],[102.7751,16.0702],[102.776,16.0716],[102.7785,16.0719],[102.7785,16.074],[102.7754,16.074]]]}},{"type":"Feature","properties":{"kind":"seasonal","area_km2":0.186,"date":"2026-10-04"},"geometry":{"type":"Polygon","coordinates":[[[102.4981,16.1704],[102.4967,16.1693],[102.4959,16.1676],[102.4959,16.1655],[102.4973,16.1655],[102.5006,16.1669],[102.4998,16.1693],[102.4989,16.1699],[102.4989,16.1704],[102.4981,16.1704]]]}},{"type":"Feature","properties":{"kind":"seasonal","area_km2":0.185,"date":"2026-10-04"},"geometry":{"type":"Polygon","coordinates":[[[102.9404,16.3527],[102.9398,16.351],[102.939,16.3508],[102.9357,16.3477],[102.9351,16.3477],[102.9351,16.3469],[102.9374,16.3469],[102.9376,16.3475],[102.9399,16.3483],[102.9404,16.3491],[102.9415,16.3497],[102.9415,16.3505],[102.9421,16.3508],[102.9421,16.3521],[102.9418,16.3527],[102.9404,16.3527]]]}},{"type":"Feature","properties":{"kind":"seasonal","area_km2":0.182,"date":"2026-10-08"},"geometry":{"type":"Polygon","coordinates":[[[102.6357,16.9145],[102.6357,16.914],[102.6351,16.9137],[102.6351,16.9121],[102.6357,16.9115],[102.6399,16.9116],[102.6411,16.9105],[102.6422,16.9105],[102.6422,16.9111],[102.6428,16.9113],[102.6427,16.9122],[102.6408,16.9121],[102.6405,16.9127],[102.6374,16.914],[102.6371,16.9145],[102.6357,16.9145]],[[102.6368,16.9118],[102.6371,16.9121],[102.6371,16.9118],[102.6368,16.9118]]]}},{"type":"Feature","properties":{"kind":"seasonal","area_km2":0.179,"date":"2026-10-04"},"geometry":{"type":"Polygon","coordinates":[[[102.774,16.0699],[102.7737,16.0694],[102.7726,16.0694],[102.7721,16.0677],[102.7729,16.0667],[102.7749,16.0661],[102.7755,16.0648],[102.7749,16.0648],[102.7746,16.064],[102.773,16.0645],[102.773,16.0634],[102.7744,16.0629],[102.7772,16.0629],[102.7774,16.0645],[102.7743,16.0675],[102.774,16.0688],[102.7746,16.0691],[102.7746,16.0699],[102.774,16.0699]]]}},{"type":"Feature","properties":{"kind":"seasonal","area_km2":0.176,"date":"2026-10-04"},"geometry":{"type":"Polygon","coordinates":[[[102.3801,16.8556],[102.3775,16.8553],[102.3775,16.8545],[102.3787,16.8537],[102.379,16.8526],[102.3812,16.8529],[102.3806,16.8542],[102.3815,16.8537],[102.3835,16.8535],[102.384,16.8524],[102.3849,16.8527],[102.3851,16.8548],[102.3846,16.8554],[102.3809,16.855],[102.3801,16.8556]]]}},{"type":"Feature","properties":{"kind":"seasonal","area_km2":0.176,"date":"2026-10-04"},"geometry":{"type":"Polygon","coordinates":[[[102.2003,16.5089],[102.1989,16.5069],[102.1977,16.5072],[102.1975,16.5077],[102.1966,16.5077],[102.1964,16.5066],[102.1983,16.5056],[102.2011,16.5056],[102.202,16.5067],[102.2025,16.5067],[102.2031,16.5059],[102.2039,16.5059],[102.2045,16.507],[102.2056,16.5073],[102.2056,16.5081],[102.2034,16.5081],[102.2034,16.5075],[102.202,16.5075],[102.2019,16.5081],[102.2014,16.5081],[102.2014,16.5089],[102.2003,16.5089]],[[102.1986,16.5067],[102.2,16.5067],[102.2011,16.5062],[102.1986,16.5061],[102.1986,16.5067]]]}},{"type":"Feature","properties":{"kind":"seasonal","area_km2":0.176,"date":"2026-10-04"},"geometry":{"type":"Polygon","coordinates":[[[102.9038,16.2024],[102.903,16.2016],[102.9027,16.2005],[102.9013,16.2],[102.9013,16.1994],[102.9002,16.1989],[102.8999,16.197],[102.903,16.197],[102.9039,16.1978],[102.9038,16.1989],[102.9044,16.1992],[102.9035,16.2005],[102.9041,16.2005],[102.9049,16.2016],[102.9066,16.2019],[102.9066,16.2024],[102.9038,16.2024]]]}},{"type":"Feature","properties":{"kind":"seasonal","area_km2":0.176,"date":"2026-10-04"},"geometry":{"type":"Polygon","coordinates":[[[102.6448,16.1672],[102.6439,16.1661],[102.644,16.1647],[102.6448,16.1645],[102.6448,16.1639],[102.6465,16.1634],[102.6468,16.1629],[102.6479,16.1629],[102.6482,16.1637],[102.6487,16.1637],[102.649,16.1642],[102.649,16.1653],[102.6481,16.1656],[102.6467,16.1672],[102.6448,16.1672]]]}},{"type":"Feature","properties":{"kind":"seasonal","area_km2":0.171,"date":"2026-10-04"},"geometry":{"type":"Polygon","coordinates":[[[102.4627,16.067],[102.461,16.0667],[102.4619,16.0618],[102.461,16.061],[102.4605,16.061],[102.4605,16.0602],[102.4622,16.0605],[102.4624,16.061],[102.4636,16.061],[102.4644,16.0619],[102.4641,16.0651],[102.463,16.0651],[102.4624,16.0656],[102.4627,16.067]]]}},{"type":"Feature","properties":{"kind":"seasonal","area_km2":0.167,"date":"2026-10-04"},"geometry":{"type":"Polygon","coordinates":[[[102.7426,16.7537],[102.7423,16.7526],[102.7418,16.7526],[102.7418,16.7517],[102.7429,16.7499],[102.7446,16.7496],[102.7457,16.7502],[102.7463,16.7507],[102.7462,16.7534],[102.7426,16.7537]]]}},{"type":"Feature","properties":{"kind":"seasonal","area_km2":0.167,"date":"2026-10-04"},"geometry":{"type":"Polygon","coordinates":[[[102.4163,16.4637],[102.4157,16.4626],[102.4158,16.4588],[102.4183,16.4586],[102.4191,16.4629],[102.4174,16.4637],[102.4163,16.4637]]]}},{"type":"Feature","properties":{"kind":"seasonal","area_km2":0.162,"date":"2026-10-08"},"geometry":{"type":"Polygon","coordinates":[[[102.8847,16.9763],[102.883,16.9739],[102.8808,16.9741],[102.8799,16.9733],[102.88,16.9725],[102.8805,16.9719],[102.8808,16.9725],[102.8816,16.9725],[102.8822,16.972],[102.8831,16.9728],[102.8842,16.9731],[102.8842,16.9723],[102.8836,16.9722],[102.8836,16.9712],[102.8848,16.9709],[102.8847,16.9728],[102.8861,16.9734],[102.8859,16.9725],[102.8864,16.9725],[102.887,16.9731],[102.887,16.9739],[102.8861,16.9739],[102.8859,16.9744],[102.8853,16.9739],[102.8847,16.9758],[102.8856,16.9755],[102.8855,16.9763],[102.8847,16.9763]],[[102.8861,16.9734],[102.8864,16.9736],[102.8864,16.9734],[102.8861,16.9734]]]}},{"type":"Feature","properties":{"kind":"seasonal","area_km2":0.161,"date":"2026-10-04"},"geometry":{"type":"Polygon","coordinates":[[[102.3769,16.4253],[102.3766,16.4247],[102.3747,16.4244],[102.3747,16.4239],[102.3733,16.4222],[102.3736,16.4209],[102.3758,16.4209],[102.3758,16.422],[102.3753,16.4225],[102.3758,16.4233],[102.3767,16.4234],[102.3772,16.4226],[102.3781,16.4226],[102.3783,16.4234],[102.3792,16.4242],[102.3797,16.4242],[102.3797,16.4253],[102.3789,16.4253],[102.3786,16.4247],[102.3769,16.4253]]]}},{"type":"Feature","properties":{"kind":"seasonal","area_km2":0.155,"date":"2026-10-04"},"geometry":{"type":"Polygon","coordinates":[[[102.7842,16.0082],[102.7826,16.006],[102.7826,16.0047],[102.7809,16.0047],[102.7809,16.0039],[102.7818,16.0028],[102.7829,16.0028],[102.7834,16.0044],[102.7851,16.0044],[102.7857,16.0053],[102.7859,16.0074],[102.7856,16.008],[102.7842,16.0082]]]}},{"type":"Feature","properties":{"kind":"seasonal","area_km2":0.152,"date":"2026-10-04"},"geometry":{"type":"Polygon","coordinates":[[[102.5839,16.6879],[102.5808,16.6879],[102.5808,16.6873],[102.58,16.687],[102.5755,16.6867],[102.575,16.6864],[102.575,16.6856],[102.5761,16.6848],[102.5772,16.6848],[102.5775,16.6854],[102.5781,16.6851],[102.5786,16.6859],[102.5809,16.686],[102.5839,16.6868],[102.5839,16.6879]],[[102.5758,16.6862],[102.5764,16.6862],[102.5764,16.6856],[102.5758,16.6856],[102.5758,16.6862]]]}},{"type":"Feature","properties":{"kind":"seasonal","area_km2":0.152,"date":"2026-10-04"},"geometry":{"type":"Polygon","coordinates":[[[102.6379,16.1579],[102.639,16.1574],[102.6382,16.1571],[102.6373,16.1571],[102.6373,16.1573],[102.6356,16.1571],[102.6348,16.156],[102.6342,16.156],[102.6342,16.1554],[102.6348,16.1554],[102.6348,16.1546],[102.6376,16.1549],[102.6382,16.1544],[102.6393,16.1544],[102.6401,16.1552],[102.6401,16.1576],[102.6379,16.1579]],[[102.6393,16.1571],[102.6398,16.1574],[102.6398,16.1571],[102.6393,16.1571]],[[102.637,16.1568],[102.6373,16.1571],[102.6373,16.1568],[102.637,16.1568]],[[102.6382,16.1565],[102.6387,16.1565],[102.639,16.1557],[102.6382,16.1557],[102.6382,16.1565]],[[102.639,16.1555],[102.6393,16.1557],[102.6393,16.1555],[102.639,16.1555]]]}},{"type":"Feature","properties":{"kind":"seasonal","area_km2":0.15,"date":"2026-10-04"},"geometry":{"type":"Polygon","coordinates":[[[102.8569,16.7454],[102.8566,16.7446],[102.8555,16.7448],[102.8549,16.7443],[102.8549,16.7435],[102.8544,16.7435],[102.8538,16.7424],[102.8544,16.7402],[102.8553,16.7402],[102.8558,16.7397],[102.8572,16.7397],[102.8572,16.7405],[102.8578,16.7408],[102.8578,16.7419],[102.8566,16.7419],[102.8566,16.7424],[102.8555,16.7429],[102.8558,16.7435],[102.8566,16.7435],[102.8566,16.744],[102.8575,16.744],[102.8575,16.7446],[102.858,16.7446],[102.858,16.7454],[102.8569,16.7454]],[[102.855,16.7418],[102.8555,16.7421],[102.8555,16.7418],[102.855,16.7418]],[[102.8561,16.7413],[102.8564,16.7416],[102.8564,16.7413],[102.8561,16.7413]]]}},{"type":"Feature","properties":{"kind":"seasonal","area_km2":0.149,"date":"2026-10-04"},"geometry":{"type":"Polygon","coordinates":[[[102.0668,16.0798],[102.0674,16.0795],[102.0674,16.079],[102.0691,16.0782],[102.0691,16.0771],[102.071,16.0772],[102.0721,16.078],[102.0721,16.0788],[102.0727,16.0788],[102.0735,16.078],[102.0736,16.0775],[102.0747,16.0769],[102.0747,16.0764],[102.0741,16.0764],[102.0739,16.0756],[102.0758,16.0756],[102.0758,16.0761],[102.0764,16.0759],[102.0772,16.0767],[102.0772,16.0772],[102.0783,16.0778],[102.0777,16.0781],[102.0775,16.0775],[102.0764,16.0772],[102.0747,16.0778],[102.073,16.0794],[102.0721,16.0793],[102.0707,16.078],[102.0696,16.078],[102.0696,16.079],[102.069,16.0796],[102.0668,16.0798]]]}},{"type":"Feature","properties":{"kind":"seasonal","area_km2":0.148,"date":"2026-10-04"},"geometry":{"type":"Polygon","coordinates":[[[102.2862,16.9069],[102.2845,16.9064],[102.2845,16.9053],[102.2874,16.9023],[102.2888,16.9021],[102.2887,16.907],[102.2862,16.9069]],[[102.2879,16.9064],[102.2884,16.9064],[102.2882,16.9037],[102.2879,16.9031],[102.2874,16.9031],[102.2879,16.9064]],[[102.2848,16.9053],[102.2854,16.9056],[102.2854,16.9053],[102.2848,16.9053]]]}},{"type":"Feature","properties":{"kind":"seasonal","area_km2":0.148,"date":"2026-10-04"},"geometry":{"type":"Polygon","coordinates":[[[102.415,16.8105],[102.4147,16.81],[102.413,16.8099],[102.4128,16.8088],[102.4133,16.808],[102.4139,16.808],[102.4142,16.8067],[102.4148,16.8062],[102.4162,16.8062],[102.4162,16.8078],[102.417,16.8084],[102.4172,16.81],[102.415,16.8105]]]}},{"type":"Feature","properties":{"kind":"seasonal","area_km2":0.147,"date":"2026-10-04"},"geometry":{"type":"Polygon","coordinates":[[[102.0196,16.4018],[102.0191,16.3999],[102.0177,16.3988],[102.0177,16.3974],[102.0189,16.3974],[102.0192,16.3966],[102.0208,16.3972],[102.0208,16.398],[102.0202,16.3986],[102.0205,16.3999],[102.0225,16.3999],[102.0225,16.4013],[102.0196,16.4018]]]}},{"type":"Feature","properties":{"kind":"seasonal","area_km2":0.143,"date":"2026-10-04"},"geometry":{"type":"Polygon","coordinates":[[[102.5623,16.1267],[102.5606,16.1264],[102.5603,16.125],[102.5623,16.1242],[102.5623,16.1237],[102.5631,16.1237],[102.5631,16.1243],[102.5642,16.1243],[102.5651,16.1229],[102.5665,16.1232],[102.5665,16.1246],[102.5659,16.1251],[102.5662,16.1262],[102.5651,16.1262],[102.5651,16.1254],[102.5637,16.1253],[102.5626,16.1256],[102.5623,16.1267]]]}},{"type":"Feature","properties":{"kind":"seasonal","area_km2":0.142,"date":"2026-10-04"},"geometry":{"type":"Polygon","coordinates":[[[102.7567,16.4326],[102.7556,16.4313],[102.7545,16.431],[102.754,16.4294],[102.7528,16.4285],[102.7529,16.4277],[102.7537,16.4266],[102.7554,16.4275],[102.7559,16.4302],[102.7573,16.4302],[102.7573,16.4316],[102.7579,16.4318],[102.7578,16.4327],[102.7567,16.4326]]]}},{"type":"Feature","properties":{"kind":"seasonal","area_km2":0.141,"date":"2026-10-04"},"geometry":{"type":"Polygon","coordinates":[[[102.7723,16.767],[102.772,16.7662],[102.7748,16.7662],[102.7748,16.7657],[102.7756,16.7657],[102.7759,16.7662],[102.7765,16.7659],[102.7765,16.7651],[102.7759,16.7651],[102.7754,16.7643],[102.7745,16.7646],[102.7748,16.7638],[102.7776,16.7641],[102.7779,16.7632],[102.7788,16.7633],[102.779,16.7641],[102.7796,16.7641],[102.7796,16.7652],[102.7785,16.766],[102.7776,16.766],[102.777,16.767],[102.7762,16.767],[102.7756,16.7665],[102.7742,16.7665],[102.7742,16.767],[102.7737,16.767],[102.7737,16.7665],[102.7728,16.7664],[102.7728,16.767],[102.7723,16.767]]]}},{"type":"Feature","properties":{"kind":"seasonal","area_km2":0.138,"date":"2026-10-04"},"geometry":{"type":"Polygon","coordinates":[[[102.6165,16.5769],[102.6163,16.5742],[102.6168,16.5742],[102.6171,16.5737],[102.6185,16.5734],[102.6185,16.5739],[102.6199,16.574],[102.6202,16.5745],[102.6213,16.5748],[102.6213,16.5756],[102.6205,16.5756],[102.6205,16.5761],[102.6193,16.5761],[102.619,16.5769],[102.6165,16.5769]],[[102.6191,16.575],[102.6193,16.5753],[102.6193,16.575],[102.6191,16.575]],[[102.6188,16.5745],[102.6191,16.5748],[102.6191,16.5745],[102.6188,16.5745]]]}},{"type":"Feature","properties":{"kind":"seasonal","area_km2":0.135,"date":"2026-10-04"},"geometry":{"type":"Polygon","coordinates":[[[102.029,16.5585],[102.0288,16.5558],[102.0299,16.5555],[102.0299,16.555],[102.0322,16.5553],[102.0327,16.5567],[102.0333,16.5569],[102.0333,16.5578],[102.0324,16.5577],[102.0321,16.5583],[102.0307,16.558],[102.029,16.5585]]]}},{"type":"Feature","properties":{"kind":"seasonal","area_km2":0.135,"date":"2026-10-04"},"geometry":{"type":"Polygon","coordinates":[[[102.2008,16.5108],[102.1997,16.5105],[102.1983,16.5091],[102.1983,16.508],[102.1991,16.508],[102.2002,16.5097],[102.2031,16.5089],[102.2033,16.5084],[102.2056,16.5089],[102.2056,16.5103],[102.2008,16.5108]]]}},{"type":"Feature","properties":{"kind":"seasonal","area_km2":0.135,"date":"2026-10-04"},"geometry":{"type":"Polygon","coordinates":[[[102.3146,16.4448],[102.3141,16.4434],[102.3135,16.4432],[102.3135,16.4423],[102.3124,16.4421],[102.3124,16.4402],[102.3141,16.4399],[102.3144,16.441],[102.3155,16.4421],[102.3166,16.4424],[102.3168,16.4445],[102.316,16.4445],[102.3157,16.4437],[102.3152,16.4437],[102.3152,16.4448],[102.3146,16.4448]]]}},{"type":"Feature","properties":{"kind":"seasonal","area_km2":0.134,"date":"2026-10-04"},"geometry":{"type":"Polygon","coordinates":[[[102.3561,16.8371],[102.3559,16.8347],[102.3545,16.8338],[102.3539,16.8322],[102.352,16.8322],[102.3523,16.8311],[102.3537,16.8311],[102.3539,16.8317],[102.3562,16.8312],[102.3562,16.8333],[102.3573,16.8344],[102.357,16.8371],[102.3561,16.8371]]]}},{"type":"Feature","properties":{"kind":"seasonal","area_km2":0.134,"date":"2026-10-04"},"geometry":{"type":"Polygon","coordinates":[[[102.5963,16.1371],[102.5955,16.136],[102.5944,16.1357],[102.5944,16.1349],[102.595,16.1344],[102.5947,16.1319],[102.5956,16.1319],[102.5964,16.1341],[102.5989,16.136],[102.5989,16.1369],[102.5963,16.1371]]]}},{"type":"Feature","properties":{"kind":"seasonal","area_km2":0.129,"date":"2026-10-04"},"geometry":{"type":"Polygon","coordinates":[[[102.968,16.3687],[102.9678,16.3676],[102.9658,16.3665],[102.9658,16.3657],[102.9672,16.3651],[102.9675,16.3646],[102.9689,16.3646],[102.9692,16.3654],[102.97,16.3657],[102.97,16.3668],[102.9694,16.367],[102.9694,16.3684],[102.968,16.3687]]]}},{"type":"Feature","properties":{"kind":"seasonal","area_km2":0.128,"date":"2026-10-04"},"geometry":{"type":"Polygon","coordinates":[[[102.8806,16.4326],[102.88,16.432],[102.8761,16.432],[102.8758,16.4309],[102.8764,16.4301],[102.8789,16.4296],[102.8789,16.4309],[102.8812,16.431],[102.8826,16.4315],[102.8825,16.4326],[102.8806,16.4326]]]}},{"type":"Feature","properties":{"kind":"seasonal","area_km2":0.127,"date":"2026-10-04"},"geometry":{"type":"Polygon","coordinates":[[[102.5374,16.5413],[102.5366,16.538],[102.5378,16.538],[102.5372,16.5359],[102.5375,16.5353],[102.5384,16.5353],[102.5389,16.5372],[102.5397,16.5378],[102.5397,16.5389],[102.5389,16.5389],[102.5383,16.5399],[102.54,16.5394],[102.54,16.5405],[102.5386,16.5405],[102.5374,16.5413]]]}},{"type":"Feature","properties":{"kind":"seasonal","area_km2":0.125,"date":"2026-10-04"},"geometry":{"type":"Polygon","coordinates":[[[102.6957,16.155],[102.6957,16.1534],[102.6946,16.1539],[102.6926,16.1536],[102.6926,16.1512],[102.6949,16.1509],[102.6957,16.1501],[102.6971,16.1504],[102.6971,16.1499],[102.6977,16.1496],[102.6974,16.1512],[102.6968,16.1515],[102.6963,16.1528],[102.6962,16.1547],[102.6957,16.155]],[[102.6932,16.1533],[102.6943,16.1534],[102.6951,16.1526],[102.6943,16.1517],[102.6935,16.1517],[102.6929,16.1523],[102.6932,16.1533]]]}},{"type":"Feature","properties":{"kind":"seasonal","area_km2":0.122,"date":"2026-10-04"},"geometry":{"type":"Polygon","coordinates":[[[102.5111,16.538],[102.5086,16.5363],[102.5083,16.5342],[102.5092,16.5342],[102.5091,16.5353],[102.5103,16.5355],[102.5108,16.5364],[102.5119,16.5361],[102.5117,16.5348],[102.5136,16.5348],[102.5131,16.5375],[102.5125,16.5375],[102.5122,16.538],[102.5111,16.538]]]}},{"type":"Feature","properties":{"kind":"seasonal","area_km2":0.121,"date":"2026-10-04"},"geometry":{"type":"Polygon","coordinates":[[[102.0818,16.089],[102.0812,16.0881],[102.0826,16.0882],[102.0838,16.0876],[102.0838,16.0871],[102.0832,16.0868],[102.0835,16.0857],[102.0841,16.0857],[102.0847,16.0847],[102.0847,16.0814],[102.0858,16.0809],[102.0861,16.0801],[102.0861,16.0806],[102.0867,16.0809],[102.0867,16.0823],[102.0858,16.0825],[102.0852,16.0833],[102.0855,16.086],[102.0849,16.086],[102.0846,16.0874],[102.0832,16.0887],[102.0818,16.089]]]}},{"type":"Feature","properties":{"kind":"seasonal","area_km2":0.118,"date":"2026-10-04"},"geometry":{"type":"Polygon","coordinates":[[[102.6721,16.3016],[102.6721,16.2973],[102.6738,16.297],[102.6741,16.2976],[102.6735,16.2976],[102.6735,16.2984],[102.6746,16.2984],[102.6749,16.3],[102.674,16.3006],[102.674,16.3014],[102.6721,16.3016]]]}},{"type":"Feature","properties":{"kind":"seasonal","area_km2":0.118,"date":"2026-10-04"},"geometry":{"type":"Polygon","coordinates":[[[102.4433,16.0239],[102.4428,16.0212],[102.4439,16.0202],[102.4428,16.0201],[102.4428,16.0193],[102.4442,16.0191],[102.4442,16.0202],[102.4462,16.0202],[102.4461,16.0207],[102.4453,16.0232],[102.4447,16.0232],[102.4453,16.0237],[102.4433,16.0239]]]}},{"type":"Feature","properties":{"kind":"seasonal","area_km2":0.116,"date":"2026-10-04"},"geometry":{"type":"Polygon","coordinates":[[[102.3372,16.8225],[102.331,16.8222],[102.331,16.8211],[102.333,16.8214],[102.3336,16.8203],[102.3367,16.8203],[102.3372,16.8209],[102.3372,16.8225]]]}},{"type":"Feature","properties":{"kind":"seasonal","area_km2":0.115,"date":"2026-10-04"},"geometry":{"type":"Polygon","coordinates":[[[102.3418,16.4652],[102.3402,16.4644],[102.3402,16.4625],[102.3424,16.4628],[102.3427,16.4622],[102.3444,16.4622],[102.3447,16.4633],[102.3438,16.4639],[102.3438,16.4644],[102.343,16.4652],[102.3418,16.4652]]]}},{"type":"Feature","properties":{"kind":"seasonal","area_km2":0.115,"date":"2026-10-04"},"geometry":{"type":"Polygon","coordinates":[[[102.8692,16.3419],[102.8687,16.3408],[102.8673,16.34],[102.867,16.3387],[102.8698,16.3384],[102.8706,16.3395],[102.8712,16.3395],[102.8712,16.3409],[102.87,16.3419],[102.8692,16.3419]]]}},{"type":"Feature","properties":{"kind":"seasonal","area_km2":0.114,"date":"2026-10-04"},"geometry":{"type":"Polygon","coordinates":[[[102.4301,16.0506],[102.4298,16.0484],[102.4304,16.0474],[102.4321,16.0474],[102.4321,16.0479],[102.4326,16.0479],[102.4337,16.049],[102.4334,16.0504],[102.4301,16.0506]]]}},{"type":"Feature","properties":{"kind":"seasonal","area_km2":0.113,"date":"2026-10-04"},"geometry":{"type":"Polygon","coordinates":[[[102.4618,16.803],[102.4646,16.8003],[102.4641,16.7995],[102.4641,16.7981],[102.463,16.7973],[102.463,16.7965],[102.4647,16.7965],[102.4653,16.796],[102.4653,16.7935],[102.4645,16.7927],[102.4647,16.7922],[102.465,16.793],[102.4661,16.7935],[102.4664,16.7965],[102.4641,16.797],[102.4649,16.7984],[102.4649,16.8011],[102.4635,16.8022],[102.4635,16.8027],[102.4618,16.803]],[[102.4656,16.7949],[102.4658,16.7951],[102.4658,16.7949],[102.4656,16.7949]]]}},{"type":"Feature","properties":{"kind":"seasonal","area_km2":0.113,"date":"2026-10-04"},"geometry":{"type":"Polygon","coordinates":[[[102.5574,16.5656],[102.5583,16.5619],[102.5588,16.5611],[102.5589,16.5589],[102.5606,16.5567],[102.562,16.5568],[102.5622,16.5573],[102.5611,16.5573],[102.5611,16.5584],[102.5605,16.5586],[102.56,16.5605],[102.5594,16.5608],[102.5594,16.5627],[102.5588,16.5627],[102.5582,16.5654],[102.5574,16.5656]]]}},{"type":"Feature","properties":{"kind":"seasonal","area_km2":0.112,"date":"2026-10-04"},"geometry":{"type":"Polygon","coordinates":[[[102.5108,16.0909],[102.5103,16.0903],[102.5103,16.0895],[102.5097,16.089],[102.5089,16.0889],[102.5089,16.0879],[102.5114,16.0871],[102.5117,16.0876],[102.5128,16.0876],[102.5134,16.0882],[102.5137,16.0895],[102.5114,16.0901],[102.512,16.0906],[102.5108,16.0909]],[[102.5114,16.0892],[102.5123,16.0893],[102.5128,16.0879],[102.5117,16.0879],[102.5114,16.0892]]]}},{"type":"Feature","properties":{"kind":"seasonal","area_km2":0.11,"date":"2026-10-04"},"geometry":{"type":"Polygon","coordinates":[[[102.5153,16.5605],[102.5147,16.5594],[102.5133,16.5592],[102.5131,16.5567],[102.5145,16.557],[102.515,16.5584],[102.5162,16.5578],[102.5176,16.5579],[102.5176,16.5587],[102.5167,16.5587],[102.517,16.5606],[102.5153,16.5605]]]}},{"type":"Feature","properties":{"kind":"seasonal","area_km2":0.11,"date":"2026-10-04"},"geometry":{"type":"Polygon","coordinates":[[[102.7559,16.5072],[102.755,16.5055],[102.7539,16.505],[102.7537,16.5036],[102.7581,16.5042],[102.7581,16.505],[102.757,16.5056],[102.7573,16.5069],[102.7559,16.5072]],[[102.7564,16.5064],[102.757,16.5066],[102.757,16.5064],[102.7564,16.5064]]]}},{"type":"Feature","properties":{"kind":"seasonal","area_km2":0.109,"date":"2026-10-04"},"geometry":{"type":"Polygon","coordinates":[[[102.0348,16.4009],[102.0348,16.3993],[102.0357,16.3985],[102.0357,16.398],[102.0368,16.3972],[102.0368,16.3963],[102.0388,16.3961],[102.0391,16.3977],[102.0382,16.3977],[102.0379,16.3985],[102.0374,16.3985],[102.0374,16.3991],[102.0357,16.4004],[102.0356,16.4009],[102.0348,16.4009]]]}},{"type":"Feature","properties":{"kind":"seasonal","area_km2":0.108,"date":"2026-10-04"},"geometry":{"type":"Polygon","coordinates":[[[102.9037,16.3488],[102.9014,16.3471],[102.8998,16.3466],[102.8998,16.3455],[102.8992,16.3452],[102.8995,16.3414],[102.9004,16.3414],[102.9003,16.3433],[102.9001,16.3441],[102.8995,16.3441],[102.8995,16.3447],[102.9001,16.3447],[102.9009,16.346],[102.9026,16.3466],[102.9037,16.348],[102.9051,16.3477],[102.9051,16.3485],[102.9037,16.3488]]]}},{"type":"Feature","properties":{"kind":"seasonal","area_km2":0.103,"date":"2026-10-04"},"geometry":{"type":"Polygon","coordinates":[[[102.4007,16.0264],[102.4001,16.0251],[102.3996,16.0248],[102.3996,16.024],[102.399,16.0237],[102.3991,16.0226],[102.3999,16.0218],[102.4007,16.0218],[102.4021,16.0245],[102.4021,16.0259],[102.4015,16.0264],[102.4007,16.0264]]]}},{"type":"Feature","properties":{"kind":"seasonal","area_km2":0.103,"date":"2026-10-04"},"geometry":{"type":"Polygon","coordinates":[[[102.0739,16.0953],[102.0736,16.094],[102.073,16.094],[102.0739,16.0932],[102.0739,16.0924],[102.0748,16.0916],[102.077,16.0921],[102.0767,16.0927],[102.0773,16.0927],[102.0775,16.0943],[102.075,16.0946],[102.075,16.0932],[102.0744,16.0932],[102.0744,16.0948],[102.0739,16.0953]]]}},{"type":"Feature","properties":{"kind":"seasonal","area_km2":0.101,"date":"2026-10-08"},"geometry":{"type":"Polygon","coordinates":[[[102.778,16.8798],[102.7777,16.8784],[102.7783,16.8779],[102.7777,16.8779],[102.7774,16.8768],[102.7766,16.8768],[102.7766,16.876],[102.7772,16.8754],[102.7786,16.8755],[102.778,16.8768],[102.7797,16.8766],[102.7797,16.8774],[102.7788,16.8774],[102.7786,16.8779],[102.7805,16.8779],[102.7805,16.8795],[102.778,16.8798]]]}},{"type":"Feature","properties":{"kind":"seasonal","area_km2":0.101,"date":"2026-10-04"},"geometry":{"type":"Polygon","coordinates":[[[102.4223,16.4759],[102.422,16.4746],[102.4215,16.474],[102.4209,16.4743],[102.4204,16.4735],[102.4198,16.4738],[102.4192,16.4732],[102.4192,16.4724],[102.4229,16.4722],[102.4234,16.476],[102.4228,16.476],[102.4229,16.4746],[102.4223,16.4759]]]}},{"type":"Feature","properties":{"kind":"seasonal","area_km2":0.101,"date":"2026-10-04"},"geometry":{"type":"Polygon","coordinates":[[[102.2986,16.4427],[102.2984,16.4405],[102.2995,16.4405],[102.3001,16.4395],[102.3012,16.4395],[102.3017,16.44],[102.3014,16.4422],[102.3009,16.4427],[102.2986,16.4427]]]}}]}
