{"type":"FeatureCollection","properties":{"v":3,"id":"t102_14","name":"นครราชสีมา · บุรีรัมย์ · สระแก้ว","aoi":[102.0,14.0,103.0,15.0],"date":"2026-10-04","dates":["2026-10-04"],"baseline_years":3,"has_seasonal":true,"totals":{"flood_high":4.7,"flood_low":12.5,"seasonal":42.8},"provinces":[{"name":"บุรีรัมย์","zone":"th-ne","flood_high":4.7,"flood_low":8.9,"seasonal":6.1},{"name":"สระแก้ว","zone":"th-e","flood_high":0.0,"flood_low":2.9,"seasonal":23.2},{"name":"นครราชสีมา","zone":"th-ne","flood_high":0.0,"flood_low":0.7,"seasonal":13.5}],"scenes":{"2026-10-04":2},"baseline_dates":["2025-10-08","2024-10-07","2023-10-05"],"threshold_db":-15.0,"auto":true,"source":"Sentinel-1 RTC (Copernicus/ESA) via Microsoft Planetary Computer; JRC Global Surface Water; Copernicus DEM","method":"ChatGeo v3: Otsu threshold on VV dB; minus JRC permanent water and slope > 5 deg; unusual = water not present in most of the previous 3 years (same season)","added":"2026-10-09T17:06+07:00"},"features":[{"type":"Feature","properties":{"kind":"flood","area_km2":1.828,"conf":"high","date":"2026-10-04"},"geometry":{"type":"Polygon","coordinates":[[[102.874,14.8433],[102.8715,14.843],[102.8712,14.8422],[102.8704,14.8422],[102.8704,14.8395],[102.8699,14.8389],[102.8685,14.8389],[102.8682,14.8383],[102.8682,14.8402],[102.8674,14.8402],[102.8674,14.8392],[102.8665,14.8391],[102.8665,14.8383],[102.8657,14.8381],[102.8663,14.8375],[102.8654,14.8372],[102.8646,14.8375],[102.8646,14.8383],[102.8649,14.8397],[102.866,14.8397],[102.866,14.8402],[102.8646,14.8405],[102.8626,14.8386],[102.8618,14.8386],[102.8615,14.8391],[102.8604,14.8388],[102.8604,14.838],[102.8613,14.838],[102.8615,14.8372],[102.8593,14.8375],[102.8593,14.8366],[102.8602,14.8364],[102.8602,14.8356],[102.8607,14.8353],[102.8621,14.8353],[102.8629,14.8361],[102.8635,14.8356],[102.8624,14.835],[102.8616,14.8337],[102.8605,14.8339],[102.8605,14.8334],[102.8599,14.8334],[102.8599,14.8323],[102.8605,14.8315],[102.8627,14.8315],[102.863,14.8337],[102.8644,14.8348],[102.8652,14.8348],[102.8652,14.8343],[102.8635,14.8334],[102.8635,14.8323],[102.8649,14.8324],[102.8655,14.8329],[102.8677,14.8327],[102.8694,14.8343],[102.8699,14.8343],[102.8699,14.8335],[102.8691,14.8335],[102.8691,14.8329],[102.8686,14.8329],[102.8683,14.8313],[102.87,14.8308],[102.8702,14.8302],[102.8694,14.8302],[102.8689,14.8297],[102.8692,14.8283],[102.8669,14.8283],[102.8664,14.8275],[102.8653,14.8275],[102.865,14.8261],[102.8639,14.8261],[102.8633,14.8253],[102.8628,14.8253],[102.8625,14.8242],[102.8606,14.8242],[102.8606,14.8231],[102.8595,14.8231],[102.8592,14.8209],[102.8606,14.8209],[102.8611,14.8226],[102.8631,14.8226],[102.8636,14.8237],[102.8647,14.8234],[102.8647,14.8242],[102.8642,14.8242],[102.8642,14.8248],[102.8681,14.8251],[102.8683,14.8262],[102.8722,14.8259],[102.8719,14.8273],[102.8728,14.8278],[102.8733,14.8305],[102.8744,14.8314],[102.8741,14.8324],[102.8764,14.8325],[102.8758,14.8352],[102.8747,14.8357],[102.8746,14.8368],[102.8744,14.8362],[102.8738,14.8365],[102.8735,14.8379],[102.873,14.8384],[102.8721,14.8384],[102.8718,14.8397],[102.8721,14.8403],[102.8729,14.8403],[102.8738,14.8395],[102.8766,14.8398],[102.8763,14.839],[102.8752,14.8392],[102.8746,14.8387],[102.8749,14.8376],[102.8763,14.8376],[102.8766,14.8371],[102.8774,14.8371],[102.8777,14.8376],[102.8774,14.8398],[102.8768,14.8398],[102.8768,14.8406],[102.8752,14.8406],[102.8763,14.8411],[102.8752,14.8411],[102.8751,14.8422],[102.8743,14.8425],[102.874,14.8433]],[[102.8715,14.8397],[102.8718,14.84],[102.8718,14.8397],[102.8715,14.8397]],[[102.8707,14.8384],[102.871,14.8386],[102.871,14.8384],[102.8707,14.8384]],[[102.871,14.8381],[102.8713,14.8384],[102.8713,14.8381],[102.871,14.8381]],[[102.8674,14.8381],[102.8679,14.8381],[102.868,14.8373],[102.8677,14.8373],[102.8674,14.8381]],[[102.8705,14.8373],[102.8707,14.8378],[102.871,14.8373],[102.8705,14.8373]],[[102.8666,14.8375],[102.8671,14.8373],[102.8657,14.8364],[102.8654,14.837],[102.8666,14.8375]],[[102.8674,14.8367],[102.8677,14.837],[102.8677,14.8367],[102.8674,14.8367]],[[102.8705,14.8365],[102.871,14.837],[102.871,14.8365],[102.8705,14.8365]],[[102.8604,14.8364],[102.8607,14.8367],[102.8607,14.8364],[102.8604,14.8364]],[[102.8691,14.8365],[102.8696,14.8367],[102.8696,14.8365],[102.8691,14.8365]],[[102.8733,14.8365],[102.8735,14.8368],[102.8735,14.8365],[102.8733,14.8365]],[[102.8649,14.8364],[102.8652,14.8359],[102.8649,14.8356],[102.8643,14.8356],[102.8643,14.8361],[102.8649,14.8364]],[[102.8705,14.8362],[102.8719,14.8362],[102.8721,14.8354],[102.8705,14.8346],[102.8705,14.8362]],[[102.8638,14.8356],[102.8641,14.8359],[102.8641,14.8356],[102.8638,14.8356]],[[102.8677,14.8359],[102.868,14.8343],[102.8674,14.8337],[102.866,14.8334],[102.8658,14.834],[102.8671,14.8343],[102.8677,14.8359]],[[102.8641,14.8353],[102.8643,14.8356],[102.8643,14.8353],[102.8641,14.8353]],[[102.8635,14.8351],[102.8638,14.8353],[102.8638,14.8351],[102.8635,14.8351]],[[102.8752,14.8335],[102.8755,14.8341],[102.8755,14.8335],[102.8752,14.8335]],[[102.873,14.8338],[102.8736,14.8338],[102.8736,14.8332],[102.8733,14.8332],[102.873,14.8338]],[[102.8755,14.8333],[102.8758,14.8335],[102.8758,14.8333],[102.8755,14.8333]],[[102.8699,14.8327],[102.8702,14.8332],[102.8702,14.8327],[102.8699,14.8327]],[[102.8716,14.8332],[102.8725,14.833],[102.8725,14.8322],[102.8713,14.8327],[102.8716,14.8332]],[[102.875,14.833],[102.8755,14.8333],[102.8755,14.833],[102.875,14.833]],[[102.8608,14.8323],[102.861,14.8329],[102.8613,14.8323],[102.8608,14.8323]],[[102.8736,14.833],[102.8741,14.833],[102.8741,14.8324],[102.8736,14.8324],[102.8736,14.833]],[[102.8602,14.8323],[102.8605,14.8326],[102.8605,14.8323],[102.8602,14.8323]],[[102.8613,14.832],[102.8616,14.8323],[102.8616,14.8321],[102.8613,14.832]],[[102.8616,14.8318],[102.8619,14.8321],[102.8619,14.8318],[102.8616,14.8318]]]}},{"type":"Feature","properties":{"kind":"flood","area_km2":1.645,"conf":"high","date":"2026-10-04"},"geometry":{"type":"Polygon","coordinates":[[[102.8416,14.9408],[102.8419,14.9389],[102.8402,14.9392],[102.8402,14.9368],[102.8397,14.9362],[102.8397,14.9332],[102.8403,14.9311],[102.84,14.9297],[102.8408,14.9294],[102.8408,14.9289],[102.8403,14.9289],[102.8403,14.9275],[102.8397,14.9275],[102.8398,14.9262],[102.8406,14.9262],[102.8414,14.9254],[102.8412,14.924],[102.8423,14.9224],[102.8395,14.9218],[102.8395,14.921],[102.839,14.921],[102.8387,14.9205],[102.8387,14.9194],[102.8398,14.9186],[102.8399,14.9159],[102.839,14.9156],[102.839,14.9142],[102.8399,14.9134],[102.8399,14.9129],[102.8382,14.9134],[102.8374,14.9121],[102.8374,14.9112],[102.8396,14.9113],[102.8399,14.9121],[102.8407,14.9121],[102.8407,14.9113],[102.843,14.9108],[102.843,14.9118],[102.8421,14.9124],[102.8421,14.9135],[102.8429,14.914],[102.8429,14.9154],[102.8438,14.9154],[102.8441,14.9148],[102.8449,14.9148],[102.8449,14.9154],[102.8454,14.9148],[102.8463,14.9149],[102.8463,14.9159],[102.8457,14.9165],[102.8449,14.9165],[102.8446,14.9192],[102.8454,14.9197],[102.8457,14.9211],[102.8473,14.9219],[102.8473,14.9233],[102.8459,14.9235],[102.8459,14.9249],[102.8448,14.9251],[102.8456,14.9273],[102.8456,14.93],[102.8442,14.9306],[102.8447,14.9344],[102.8444,14.9354],[102.8438,14.9354],[102.8438,14.9362],[102.8452,14.9376],[102.8452,14.9403],[102.8438,14.94],[102.8432,14.9409],[102.8416,14.9408]],[[102.8419,14.9379],[102.8424,14.9379],[102.8427,14.936],[102.8422,14.936],[102.8419,14.9379]],[[102.8416,14.9349],[102.843,14.9349],[102.843,14.9327],[102.8425,14.9327],[102.8425,14.9343],[102.8416,14.9343],[102.8416,14.9349]],[[102.8431,14.9295],[102.8436,14.9295],[102.8436,14.9289],[102.8431,14.9289],[102.8431,14.9295]],[[102.8431,14.9276],[102.8436,14.9276],[102.8437,14.9251],[102.8428,14.9254],[102.8431,14.9276]],[[102.8437,14.9235],[102.8442,14.923],[102.8437,14.9213],[102.8431,14.9213],[102.8437,14.9235]],[[102.8448,14.9224],[102.8454,14.9224],[102.8454,14.9219],[102.8448,14.9219],[102.8448,14.9224]],[[102.8432,14.9192],[102.8437,14.9192],[102.8437,14.9186],[102.8432,14.9186],[102.8432,14.9192]],[[102.8418,14.9175],[102.8421,14.9181],[102.8421,14.9175],[102.8418,14.9175]]]}},{"type":"Feature","properties":{"kind":"flood","area_km2":0.972,"conf":"low","date":"2026-10-04"},"geometry":{"type":"Polygon","coordinates":[[[102.8121,14.9823],[102.811,14.9815],[102.8108,14.9798],[102.8102,14.9798],[102.81,14.9758],[102.8108,14.9758],[102.8111,14.9752],[102.8131,14.9753],[102.813,14.9758],[102.8136,14.9758],[102.8136,14.9753],[102.8131,14.975],[102.8131,14.9717],[102.8125,14.9717],[102.8122,14.9734],[102.8103,14.9733],[102.8103,14.9717],[102.8117,14.972],[102.812,14.9704],[102.8142,14.9709],[102.8142,14.9701],[102.8151,14.9693],[102.8162,14.9691],[102.8165,14.9674],[102.8179,14.9666],[102.8226,14.9667],[102.8232,14.9675],[102.8229,14.9705],[102.8217,14.9702],[102.822,14.9691],[102.8209,14.9688],[102.8204,14.9677],[102.8187,14.9677],[102.8181,14.9683],[102.8181,14.9699],[102.8198,14.9699],[102.8198,14.9707],[102.8192,14.971],[102.8198,14.9715],[102.8198,14.9723],[102.8181,14.9721],[102.8178,14.9702],[102.8173,14.9699],[102.8167,14.9701],[102.8162,14.9715],[102.8164,14.9731],[102.817,14.9731],[102.8173,14.9726],[102.8184,14.9726],[102.8187,14.9731],[102.8192,14.9732],[102.8192,14.9737],[102.8198,14.9737],[102.8203,14.9726],[102.8214,14.9726],[102.8217,14.9737],[102.8206,14.9737],[102.8206,14.9742],[102.8192,14.975],[102.8192,14.9761],[102.8183,14.9769],[102.8167,14.9769],[102.8158,14.9756],[102.8144,14.9758],[102.8144,14.9764],[102.8139,14.9764],[102.8141,14.9818],[102.8135,14.9823],[102.8121,14.9823]]]}},{"type":"Feature","properties":{"kind":"flood","area_km2":0.853,"conf":"low","date":"2026-10-04"},"geometry":{"type":"Polygon","coordinates":[[[102.6288,14.0321],[102.6282,14.0296],[102.6266,14.0291],[102.6263,14.028],[102.6255,14.028],[102.6252,14.0269],[102.6247,14.0269],[102.6238,14.0277],[102.6238,14.0282],[102.6216,14.0285],[102.6216,14.0274],[102.6224,14.0274],[102.6224,14.0269],[102.6219,14.0269],[102.6211,14.0258],[102.6202,14.0255],[102.6202,14.0244],[102.6216,14.0244],[102.6214,14.0228],[102.6217,14.022],[102.6231,14.0212],[102.6236,14.0179],[102.6231,14.0177],[102.6231,14.016],[102.6226,14.0158],[102.6214,14.0157],[102.6214,14.0168],[102.6198,14.0165],[102.6195,14.0174],[102.6184,14.0173],[102.6184,14.0154],[102.6223,14.0152],[102.6226,14.0147],[102.6228,14.0158],[102.6251,14.0161],[102.6259,14.0177],[102.625,14.0171],[102.625,14.0166],[102.6242,14.0166],[102.6239,14.0174],[102.625,14.0177],[102.6242,14.0179],[102.6242,14.0185],[102.6256,14.0185],[102.6256,14.0201],[102.6253,14.0207],[102.6244,14.0207],[102.6244,14.0217],[102.6239,14.0217],[102.6239,14.0223],[102.625,14.0223],[102.625,14.0217],[102.6267,14.0212],[102.6272,14.0223],[102.6264,14.0226],[102.6264,14.0234],[102.6289,14.0234],[102.6277,14.0248],[102.6272,14.0247],[102.6274,14.0266],[102.6277,14.0261],[102.6297,14.0261],[102.6297,14.0272],[102.6313,14.0272],[102.6322,14.0264],[102.633,14.0267],[102.633,14.0278],[102.6316,14.0291],[102.6307,14.0291],[102.6307,14.0302],[102.6288,14.0321]],[[102.6244,14.0247],[102.6258,14.0245],[102.6264,14.0234],[102.6255,14.0236],[102.6244,14.0247]],[[102.6261,14.022],[102.6264,14.0223],[102.6264,14.022],[102.6261,14.022]],[[102.6264,14.0218],[102.6267,14.022],[102.6267,14.0218],[102.6264,14.0218]]]}},{"type":"Feature","properties":{"kind":"flood","area_km2":0.788,"conf":"low","date":"2026-10-04"},"geometry":{"type":"Polygon","coordinates":[[[102.5615,14.7044],[102.5618,14.7017],[102.5627,14.7017],[102.5674,14.6996],[102.5691,14.6999],[102.5697,14.6991],[102.5713,14.6985],[102.5716,14.698],[102.573,14.698],[102.5744,14.6972],[102.575,14.6975],[102.5758,14.6972],[102.5758,14.6967],[102.5806,14.6959],[102.5808,14.6973],[102.5797,14.6992],[102.5746,14.7037],[102.5721,14.7034],[102.5713,14.7026],[102.5674,14.7026],[102.5668,14.7017],[102.5671,14.7004],[102.5666,14.7004],[102.5657,14.7028],[102.5632,14.7031],[102.5626,14.7044],[102.5615,14.7044]],[[102.5696,14.7012],[102.5705,14.7015],[102.5705,14.701],[102.5696,14.7012]],[[102.5719,14.7007],[102.5744,14.7015],[102.5747,14.7007],[102.5738,14.7007],[102.5727,14.6994],[102.5719,14.6996],[102.5719,14.7007]],[[102.5764,14.6972],[102.5766,14.6978],[102.5766,14.6972],[102.5764,14.6972]]]}},{"type":"Feature","properties":{"kind":"flood","area_km2":0.757,"conf":"low","date":"2026-10-04"},"geometry":{"type":"Polygon","coordinates":[[[102.8052,15.0093],[102.8052,15.0088],[102.8044,15.008],[102.8044,15.0072],[102.8038,15.0069],[102.8036,15.0039],[102.803,15.0031],[102.8033,15.0004],[102.8086,15.0004],[102.8086,15.001],[102.8092,15.001],[102.8095,15.0004],[102.8111,15.0005],[102.8111,15.0032],[102.8097,15.0029],[102.8097,15.0037],[102.8127,15.0056],[102.8127,15.007],[102.8122,15.0072],[102.8122,15.0078],[102.8111,15.0075],[102.8094,15.008],[102.8082,15.0094],[102.8052,15.0093]],[[102.8085,15.0072],[102.8097,15.0069],[102.8099,15.0064],[102.8086,15.0064],[102.8085,15.0072]],[[102.8066,15.0028],[102.8069,15.0034],[102.8069,15.0029],[102.8066,15.0028]]]}},{"type":"Feature","properties":{"kind":"flood","area_km2":0.71,"conf":"low","date":"2026-10-04"},"geometry":{"type":"Polygon","coordinates":[[[102.8504,14.8653],[102.8496,14.8642],[102.849,14.8642],[102.849,14.8628],[102.8468,14.8625],[102.846,14.8631],[102.846,14.8636],[102.8448,14.8636],[102.8443,14.8631],[102.8449,14.8606],[102.8457,14.8606],[102.846,14.8612],[102.8482,14.8609],[102.8482,14.8593],[102.8496,14.8582],[102.851,14.8582],[102.8513,14.8596],[102.8516,14.858],[102.8524,14.8577],[102.8524,14.8569],[102.853,14.8564],[102.858,14.8556],[102.8577,14.8567],[102.8566,14.8567],[102.8563,14.8599],[102.8555,14.8599],[102.8555,14.861],[102.8549,14.8613],[102.8549,14.8629],[102.8526,14.8634],[102.8526,14.864],[102.8551,14.8637],[102.8551,14.8653],[102.8543,14.8653],[102.854,14.8648],[102.8523,14.8653],[102.8524,14.864],[102.8507,14.8639],[102.8504,14.8653]],[[102.8538,14.8613],[102.8541,14.8618],[102.8541,14.8613],[102.8538,14.8613]],[[102.8504,14.8612],[102.851,14.8615],[102.851,14.8612],[102.8504,14.8612]]]}},{"type":"Feature","properties":{"kind":"flood","area_km2":0.593,"conf":"low","date":"2026-10-04"},"geometry":{"type":"Polygon","coordinates":[[[102.8243,14.9979],[102.8229,14.996],[102.8206,14.9965],[102.8207,14.994],[102.8226,14.9938],[102.8229,14.9924],[102.8238,14.9919],[102.8252,14.9922],[102.8252,14.9916],[102.8246,14.9916],[102.8249,14.9903],[102.8238,14.99],[102.8238,14.9886],[102.8246,14.9876],[102.8247,14.9862],[102.826,14.9862],[102.8261,14.9843],[102.8269,14.9843],[102.8286,14.9865],[102.8285,14.9881],[102.8274,14.989],[102.826,14.9889],[102.826,14.9903],[102.8274,14.9903],[102.8277,14.9911],[102.8285,14.9911],[102.8285,14.9922],[102.8274,14.9936],[102.8268,14.9965],[102.8254,14.9979],[102.8243,14.9979]],[[102.8255,14.9887],[102.826,14.9887],[102.826,14.9876],[102.8255,14.9876],[102.8255,14.9887]]]}},{"type":"Feature","properties":{"kind":"flood","area_km2":0.53,"conf":"low","date":"2026-10-04"},"geometry":{"type":"Polygon","coordinates":[[[102.803,14.9998],[102.8031,14.9971],[102.8022,14.9968],[102.8022,14.996],[102.8028,14.9958],[102.8023,14.9949],[102.8025,14.9936],[102.8039,14.9936],[102.8042,14.9952],[102.8048,14.9955],[102.8056,14.9955],[102.8056,14.9947],[102.8062,14.9942],[102.8087,14.9945],[102.809,14.9939],[102.8098,14.9939],[102.8098,14.9945],[102.8103,14.9945],[102.8109,14.998],[102.8123,14.998],[102.8123,14.9988],[102.8117,14.9988],[102.812,14.9999],[102.8111,14.9999],[102.8109,14.9994],[102.8106,14.9999],[102.803,14.9998]],[[102.8059,14.998],[102.807,14.9985],[102.8067,14.9969],[102.8061,14.9969],[102.8059,14.998]],[[102.8092,14.9977],[102.8098,14.9983],[102.81,14.9977],[102.8092,14.9977]]]}},{"type":"Feature","properties":{"kind":"flood","area_km2":0.362,"conf":"low","date":"2026-10-04"},"geometry":{"type":"Polygon","coordinates":[[[102.6295,14.0153],[102.6279,14.0134],[102.6259,14.0134],[102.6259,14.0125],[102.6226,14.0128],[102.6223,14.0147],[102.6195,14.0146],[102.6187,14.0133],[102.6187,14.0125],[102.6195,14.0119],[102.624,14.012],[102.6243,14.0114],[102.6254,14.0112],[102.6251,14.0095],[102.626,14.0096],[102.6268,14.0107],[102.629,14.0109],[102.6306,14.012],[102.6326,14.0123],[102.6309,14.0129],[102.6309,14.0153],[102.6295,14.0153]]]}},{"type":"Feature","properties":{"kind":"flood","area_km2":0.305,"conf":"low","date":"2026-10-04"},"geometry":{"type":"Polygon","coordinates":[[[102.4188,14.0451],[102.4188,14.0443],[102.4193,14.0438],[102.4227,14.0441],[102.4229,14.0433],[102.4216,14.0424],[102.4219,14.0403],[102.4194,14.0402],[102.4183,14.0391],[102.4183,14.0386],[102.4191,14.0392],[102.4205,14.0392],[102.4208,14.0386],[102.4233,14.0389],[102.4238,14.0384],[102.4244,14.0392],[102.4258,14.0392],[102.4263,14.0398],[102.426,14.0411],[102.4252,14.0406],[102.4235,14.0406],[102.4238,14.0422],[102.426,14.0425],[102.4254,14.043],[102.4254,14.0441],[102.4249,14.0441],[102.4243,14.0449],[102.4188,14.0451]]]}},{"type":"Feature","properties":{"kind":"flood","area_km2":0.302,"conf":"low","date":"2026-10-04"},"geometry":{"type":"Polygon","coordinates":[[[102.8444,14.9598],[102.8414,14.9585],[102.8417,14.9568],[102.8428,14.9568],[102.8428,14.9555],[102.842,14.9555],[102.8417,14.9544],[102.8409,14.9538],[102.8409,14.953],[102.842,14.953],[102.8423,14.9536],[102.8428,14.9536],[102.8448,14.9525],[102.8448,14.952],[102.8465,14.9523],[102.8465,14.9517],[102.8479,14.9517],[102.8481,14.9528],[102.8465,14.9528],[102.8464,14.9539],[102.8451,14.9539],[102.845,14.9544],[102.8459,14.9547],[102.8459,14.9558],[102.8453,14.9563],[102.8445,14.9563],[102.8445,14.9569],[102.845,14.9571],[102.8447,14.959],[102.8453,14.959],[102.8453,14.9598],[102.8444,14.9598]],[[102.8434,14.9558],[102.8436,14.9563],[102.8436,14.9558],[102.8434,14.9558]]]}},{"type":"Feature","properties":{"kind":"flood","area_km2":0.284,"conf":"low","date":"2026-10-04"},"geometry":{"type":"Polygon","coordinates":[[[102.4364,14.0307],[102.4359,14.0296],[102.4375,14.0296],[102.4373,14.028],[102.4387,14.0266],[102.4387,14.0253],[102.4392,14.0264],[102.4414,14.0264],[102.4418,14.0237],[102.4423,14.0242],[102.4437,14.0242],[102.4437,14.0229],[102.4448,14.0226],[102.4448,14.0213],[102.4437,14.021],[102.4435,14.0199],[102.444,14.0199],[102.4448,14.021],[102.4468,14.0213],[102.4465,14.0237],[102.4459,14.0237],[102.4459,14.0251],[102.444,14.0251],[102.4437,14.0259],[102.4426,14.0256],[102.4428,14.0272],[102.4414,14.0269],[102.4409,14.0275],[102.4389,14.0277],[102.4384,14.0285],[102.4383,14.0307],[102.4364,14.0307]]]}},{"type":"Feature","properties":{"kind":"flood","area_km2":0.273,"conf":"low","date":"2026-10-04"},"geometry":{"type":"Polygon","coordinates":[[[102.8269,14.961],[102.8249,14.9607],[102.8244,14.9599],[102.823,14.9599],[102.8224,14.9591],[102.8216,14.9588],[102.8219,14.9569],[102.8233,14.9569],[102.8241,14.9577],[102.8249,14.9578],[102.8249,14.9572],[102.8241,14.9564],[102.8236,14.9564],[102.8244,14.9534],[102.8253,14.9534],[102.8255,14.9556],[102.8277,14.9583],[102.8274,14.9597],[102.8266,14.9597],[102.8269,14.961]]]}},{"type":"Feature","properties":{"kind":"flood","area_km2":0.27,"conf":"high","date":"2026-10-04"},"geometry":{"type":"Polygon","coordinates":[[[102.8759,14.8243],[102.8742,14.824],[102.8742,14.8232],[102.8751,14.8232],[102.8753,14.8224],[102.8745,14.8224],[102.8739,14.8232],[102.8731,14.8232],[102.8728,14.8213],[102.8715,14.8213],[102.8717,14.8202],[102.8706,14.8202],[102.8704,14.8183],[102.8709,14.8183],[102.8718,14.8172],[102.8726,14.8172],[102.8743,14.8192],[102.8743,14.82],[102.8748,14.82],[102.8754,14.8208],[102.8765,14.8211],[102.8773,14.8219],[102.8773,14.8233],[102.8759,14.8243]],[[102.8723,14.8189],[102.8726,14.8191],[102.8726,14.8189],[102.8723,14.8189]]]}},{"type":"Feature","properties":{"kind":"flood","area_km2":0.258,"conf":"high","date":"2026-10-04"},"geometry":{"type":"Polygon","coordinates":[[[102.8631,14.8494],[102.8623,14.8483],[102.86,14.8483],[102.8589,14.8475],[102.8589,14.8467],[102.8598,14.8464],[102.8589,14.8459],[102.859,14.8445],[102.8629,14.8451],[102.8643,14.8426],[102.8657,14.8424],[102.8654,14.844],[102.8651,14.8446],[102.8645,14.8445],[102.8645,14.8459],[102.862,14.8462],[102.8626,14.8472],[102.8648,14.8473],[102.8645,14.8492],[102.8631,14.8494]]]}},{"type":"Feature","properties":{"kind":"flood","area_km2":0.233,"conf":"low","date":"2026-10-04"},"geometry":{"type":"Polygon","coordinates":[[[102.6354,14.0368],[102.6351,14.0357],[102.6337,14.0357],[102.6343,14.033],[102.6318,14.0332],[102.6321,14.0327],[102.6327,14.0327],[102.6327,14.0321],[102.6332,14.0321],[102.6332,14.0316],[102.634,14.0327],[102.6357,14.0327],[102.6357,14.0322],[102.6363,14.0322],[102.6365,14.0343],[102.6368,14.033],[102.6374,14.033],[102.6376,14.0338],[102.6407,14.0336],[102.6412,14.0341],[102.6412,14.0346],[102.6407,14.0346],[102.6404,14.0352],[102.6393,14.0352],[102.6387,14.036],[102.6376,14.0357],[102.6373,14.0365],[102.6354,14.0368]]]}},{"type":"Feature","properties":{"kind":"flood","area_km2":0.227,"conf":"high","date":"2026-10-04"},"geometry":{"type":"Polygon","coordinates":[[[102.8695,14.853],[102.8692,14.8514],[102.8706,14.8514],[102.8706,14.8508],[102.87,14.8508],[102.8701,14.85],[102.8712,14.8489],[102.8709,14.8484],[102.8698,14.8484],[102.8698,14.8473],[102.8706,14.847],[102.8709,14.8454],[102.8718,14.8454],[102.8718,14.846],[102.8723,14.846],[102.8723,14.8454],[102.8737,14.8454],[102.8737,14.8476],[102.8731,14.8479],[102.8731,14.8484],[102.872,14.8484],[102.8723,14.849],[102.8731,14.849],[102.8725,14.8522],[102.8703,14.8522],[102.8695,14.853]]]}},{"type":"Feature","properties":{"kind":"flood","area_km2":0.226,"conf":"low","date":"2026-10-04"},"geometry":{"type":"Polygon","coordinates":[[[102.8539,14.9065],[102.8539,14.9054],[102.8528,14.9046],[102.8528,14.903],[102.8534,14.9027],[102.8534,14.9014],[102.8542,14.9014],[102.8548,14.9003],[102.8556,14.9003],[102.8562,14.9019],[102.8567,14.9022],[102.8567,14.9033],[102.8575,14.9033],[102.8575,14.9049],[102.8567,14.9057],[102.8556,14.9057],[102.8547,14.9065],[102.8539,14.9065]]]}},{"type":"Feature","properties":{"kind":"flood","area_km2":0.213,"conf":"low","date":"2026-10-04"},"geometry":{"type":"Polygon","coordinates":[[[102.951,14.2939],[102.951,14.2926],[102.9519,14.2923],[102.9516,14.2907],[102.9522,14.2899],[102.9522,14.2866],[102.9536,14.2866],[102.9541,14.2872],[102.9541,14.2883],[102.9547,14.2885],[102.9547,14.2891],[102.9552,14.2891],[102.9549,14.2918],[102.9541,14.2918],[102.9541,14.2929],[102.9535,14.2934],[102.9518,14.2931],[102.9518,14.2939],[102.951,14.2939]]]}},{"type":"Feature","properties":{"kind":"flood","area_km2":0.21,"conf":"low","date":"2026-10-04"},"geometry":{"type":"Polygon","coordinates":[[[102.8143,14.9888],[102.8138,14.988],[102.8141,14.9867],[102.8135,14.9864],[102.8135,14.9848],[102.8127,14.9839],[102.8127,14.9828],[102.8158,14.9826],[102.8163,14.9834],[102.8172,14.9834],[102.8171,14.9851],[102.8168,14.9859],[102.8155,14.9861],[102.8163,14.9869],[102.8163,14.988],[102.8154,14.988],[102.8151,14.9888],[102.8143,14.9888]]]}},{"type":"Feature","properties":{"kind":"flood","area_km2":0.203,"conf":"high","date":"2026-10-04"},"geometry":{"type":"Polygon","coordinates":[[[102.8684,14.8234],[102.8667,14.8229],[102.8664,14.8218],[102.8656,14.8212],[102.8651,14.8202],[102.8656,14.8175],[102.8668,14.8175],[102.867,14.8183],[102.8679,14.8183],[102.8678,14.8191],[102.8692,14.8199],[102.8689,14.8221],[102.87,14.8221],[102.87,14.8229],[102.8687,14.8226],[102.8684,14.8234]]]}},{"type":"Feature","properties":{"kind":"flood","area_km2":0.192,"conf":"low","date":"2026-10-04"},"geometry":{"type":"Polygon","coordinates":[[[102.8551,14.8103],[102.8551,14.8098],[102.8543,14.8089],[102.8537,14.8089],[102.8535,14.8097],[102.8526,14.8097],[102.8526,14.8092],[102.8515,14.8089],[102.8515,14.8084],[102.8507,14.8081],[102.8507,14.8065],[102.8515,14.8059],[102.8529,14.8062],[102.8532,14.8051],[102.8541,14.8051],[102.8538,14.8076],[102.8546,14.8079],[102.8549,14.8073],[102.8557,14.8073],[102.8568,14.8084],[102.8568,14.8098],[102.8562,14.8103],[102.8551,14.8103]]]}},{"type":"Feature","properties":{"kind":"flood","area_km2":0.192,"conf":"low","date":"2026-10-04"},"geometry":{"type":"Polygon","coordinates":[[[102.4396,14.0142],[102.4397,14.0131],[102.4413,14.0123],[102.4413,14.0104],[102.4419,14.0093],[102.4433,14.0091],[102.4436,14.0069],[102.4403,14.0066],[102.4403,14.0055],[102.4392,14.0052],[102.4397,14.0047],[102.4406,14.0047],[102.4411,14.0061],[102.4458,14.0066],[102.4461,14.0083],[102.4455,14.0083],[102.445,14.0093],[102.4422,14.0104],[102.4424,14.0126],[102.4413,14.0128],[102.441,14.0142],[102.4396,14.0142]]]}},{"type":"Feature","properties":{"kind":"flood","area_km2":0.162,"conf":"low","date":"2026-10-04"},"geometry":{"type":"Polygon","coordinates":[[[102.8556,14.9307],[102.8556,14.929],[102.8573,14.9288],[102.8582,14.9261],[102.8607,14.9258],[102.8606,14.928],[102.8595,14.9288],[102.8592,14.9299],[102.8587,14.9304],[102.8556,14.9307]]]}},{"type":"Feature","properties":{"kind":"flood","area_km2":0.153,"conf":"low","date":"2026-10-04"},"geometry":{"type":"Polygon","coordinates":[[[102.8664,14.7985],[102.8667,14.7969],[102.8653,14.7966],[102.8653,14.7939],[102.8659,14.7936],[102.867,14.7936],[102.8672,14.795],[102.8689,14.795],[102.8686,14.7963],[102.8692,14.7966],[102.8692,14.7977],[102.8686,14.798],[102.8686,14.7985],[102.8664,14.7985]]]}},{"type":"Feature","properties":{"kind":"flood","area_km2":0.153,"conf":"low","date":"2026-10-04"},"geometry":{"type":"Polygon","coordinates":[[[102.5144,14.4388],[102.5138,14.438],[102.5144,14.4364],[102.5128,14.4361],[102.5131,14.4334],[102.5139,14.4329],[102.5139,14.4323],[102.515,14.4323],[102.5147,14.435],[102.5153,14.4356],[102.5166,14.4356],[102.5169,14.4361],[102.5169,14.4372],[102.5163,14.4378],[102.5147,14.4375],[102.5144,14.4388]]]}},{"type":"Feature","properties":{"kind":"flood","area_km2":0.148,"conf":"low","date":"2026-10-04"},"geometry":{"type":"Polygon","coordinates":[[[102.8394,14.7969],[102.8388,14.7961],[102.8377,14.796],[102.8372,14.7952],[102.8369,14.7958],[102.8352,14.7955],[102.8349,14.7936],[102.8358,14.7933],[102.8358,14.792],[102.8366,14.792],[102.8366,14.7931],[102.8377,14.7931],[102.8388,14.7942],[102.8388,14.7947],[102.8402,14.795],[102.8402,14.7969],[102.8394,14.7969]]]}},{"type":"Feature","properties":{"kind":"flood","area_km2":0.144,"conf":"low","date":"2026-10-04"},"geometry":{"type":"Polygon","coordinates":[[[102.8478,14.8758],[102.8475,14.8753],[102.8464,14.8753],[102.8456,14.8739],[102.8456,14.8726],[102.8467,14.8726],[102.8467,14.872],[102.8459,14.872],[102.8459,14.8709],[102.847,14.871],[102.8478,14.8718],[102.8498,14.8718],[102.8498,14.8729],[102.8486,14.8729],[102.8486,14.8739],[102.8481,14.8739],[102.8486,14.8756],[102.8478,14.8758]],[[102.8472,14.8737],[102.8478,14.8739],[102.8478,14.8737],[102.8472,14.8737]]]}},{"type":"Feature","properties":{"kind":"flood","area_km2":0.143,"conf":"low","date":"2026-10-04"},"geometry":{"type":"Polygon","coordinates":[[[102.8551,14.9228],[102.8546,14.9212],[102.8537,14.9206],[102.8535,14.9184],[102.8543,14.9185],[102.8582,14.9204],[102.8579,14.922],[102.8565,14.922],[102.856,14.9228],[102.8551,14.9228]]]}},{"type":"Feature","properties":{"kind":"flood","area_km2":0.14,"conf":"high","date":"2026-10-04"},"geometry":{"type":"Polygon","coordinates":[[[102.8435,14.9143],[102.8432,14.9127],[102.8438,14.9102],[102.8433,14.9099],[102.8433,14.9078],[102.8444,14.9078],[102.8449,14.9089],[102.8461,14.9097],[102.846,14.9102],[102.8452,14.9105],[102.8458,14.9116],[102.8455,14.913],[102.8443,14.9135],[102.8443,14.9143],[102.8435,14.9143]]]}},{"type":"Feature","properties":{"kind":"flood","area_km2":0.14,"conf":"low","date":"2026-10-04"},"geometry":{"type":"Polygon","coordinates":[[[102.9865,14.2696],[102.9868,14.2677],[102.9863,14.2677],[102.9863,14.269],[102.9854,14.269],[102.9857,14.2674],[102.9866,14.2671],[102.9866,14.2666],[102.9857,14.2666],[102.9857,14.266],[102.9846,14.266],[102.9838,14.2652],[102.9835,14.2657],[102.9827,14.2655],[102.9827,14.2647],[102.9844,14.2644],[102.9844,14.2636],[102.9849,14.2639],[102.9852,14.2649],[102.9863,14.2655],[102.9868,14.2655],[102.9869,14.2647],[102.9877,14.2647],[102.9874,14.2663],[102.9882,14.2666],[102.9882,14.2674],[102.9877,14.2677],[102.9876,14.2693],[102.9865,14.2696]]]}},{"type":"Feature","properties":{"kind":"flood","area_km2":0.138,"conf":"low","date":"2026-10-04"},"geometry":{"type":"Polygon","coordinates":[[[102.4294,14.0355],[102.4286,14.0346],[102.4283,14.0325],[102.4297,14.0325],[102.43,14.0309],[102.4314,14.0301],[102.4314,14.0287],[102.4303,14.0279],[102.4303,14.0271],[102.4326,14.0255],[102.4326,14.026],[102.4312,14.0271],[102.4312,14.0279],[102.4325,14.029],[102.4325,14.0298],[102.4314,14.0303],[102.4311,14.032],[102.4306,14.032],[102.4305,14.0355],[102.4294,14.0355]]]}},{"type":"Feature","properties":{"kind":"flood","area_km2":0.136,"conf":"low","date":"2026-10-04"},"geometry":{"type":"Polygon","coordinates":[[[102.8563,14.8933],[102.8563,14.8919],[102.8571,14.8916],[102.8571,14.8906],[102.8579,14.8906],[102.858,14.89],[102.8568,14.8892],[102.8569,14.8878],[102.858,14.8876],[102.8588,14.8884],[102.8593,14.89],[102.8593,14.8909],[102.8588,14.8908],[102.8588,14.8914],[102.8599,14.8914],[102.8599,14.8922],[102.8582,14.893],[102.8563,14.8933]]]}},{"type":"Feature","properties":{"kind":"flood","area_km2":0.124,"conf":"low","date":"2026-10-04"},"geometry":{"type":"Polygon","coordinates":[[[102.748,14.7136],[102.7477,14.7131],[102.7466,14.7133],[102.7466,14.7122],[102.748,14.7122],[102.7469,14.712],[102.7467,14.7101],[102.7478,14.7103],[102.7478,14.7082],[102.7486,14.7082],[102.7486,14.7087],[102.7492,14.709],[102.7492,14.7101],[102.7489,14.7101],[102.7489,14.7109],[102.7497,14.7112],[102.7497,14.7128],[102.7488,14.7136],[102.748,14.7136]],[[102.7486,14.7098],[102.7489,14.7101],[102.7489,14.7098],[102.7486,14.7098]],[[102.7486,14.709],[102.7489,14.7093],[102.7489,14.709],[102.7486,14.709]]]}},{"type":"Feature","properties":{"kind":"flood","area_km2":0.123,"conf":"low","date":"2026-10-04"},"geometry":{"type":"Polygon","coordinates":[[[102.8533,14.8813],[102.8533,14.8808],[102.8525,14.8802],[102.8522,14.8786],[102.8528,14.8786],[102.8533,14.8778],[102.8567,14.8781],[102.8567,14.8789],[102.8558,14.8794],[102.8558,14.88],[102.8541,14.8813],[102.8533,14.8813]]]}},{"type":"Feature","properties":{"kind":"flood","area_km2":0.115,"conf":"low","date":"2026-10-04"},"geometry":{"type":"Polygon","coordinates":[[[102.4725,14.2815],[102.4719,14.2809],[102.4733,14.2809],[102.4733,14.2796],[102.4731,14.2782],[102.4723,14.2774],[102.4748,14.2769],[102.4748,14.2777],[102.4761,14.278],[102.4753,14.2782],[102.475,14.2793],[102.4756,14.2799],[102.4756,14.2807],[102.4725,14.2815]]]}},{"type":"Feature","properties":{"kind":"flood","area_km2":0.113,"conf":"low","date":"2026-10-04"},"geometry":{"type":"Polygon","coordinates":[[[102.8682,14.811],[102.8649,14.8104],[102.8652,14.809],[102.8657,14.809],[102.8657,14.8082],[102.8663,14.808],[102.8685,14.8085],[102.8685,14.8096],[102.8699,14.8099],[102.8699,14.8107],[102.8685,14.8104],[102.8682,14.811]]]}},{"type":"Feature","properties":{"kind":"flood","area_km2":0.113,"conf":"low","date":"2026-10-04"},"geometry":{"type":"Polygon","coordinates":[[[102.8572,14.8776],[102.8536,14.877],[102.8539,14.874],[102.8553,14.8743],[102.8556,14.8751],[102.8575,14.8751],[102.8575,14.8759],[102.8564,14.8762],[102.8567,14.8767],[102.8573,14.8767],[102.8572,14.8776]]]}},{"type":"Feature","properties":{"kind":"flood","area_km2":0.11,"conf":"low","date":"2026-10-04"},"geometry":{"type":"Polygon","coordinates":[[[102.4261,14.0368],[102.4261,14.0349],[102.425,14.0341],[102.425,14.0333],[102.4267,14.0319],[102.4267,14.0303],[102.4256,14.0292],[102.4256,14.0273],[102.4262,14.0278],[102.4275,14.0281],[102.4275,14.0289],[102.427,14.0292],[102.427,14.0306],[102.4281,14.0319],[102.4258,14.0338],[102.4269,14.0363],[102.4261,14.0368]]]}},{"type":"Feature","properties":{"kind":"flood","area_km2":0.106,"conf":"low","date":"2026-10-04"},"geometry":{"type":"Polygon","coordinates":[[[102.8483,14.8845],[102.8483,14.8834],[102.8477,14.8832],[102.8477,14.8823],[102.8483,14.8823],[102.848,14.8815],[102.8502,14.8816],[102.8505,14.881],[102.8519,14.8808],[102.8519,14.8829],[102.8502,14.8832],[102.8502,14.8824],[102.8497,14.8824],[102.8494,14.8845],[102.8483,14.8845]]]}},{"type":"Feature","properties":{"kind":"flood","area_km2":0.104,"conf":"low","date":"2026-10-04"},"geometry":{"type":"Polygon","coordinates":[[[102.8642,14.8169],[102.8637,14.8136],[102.8648,14.8131],[102.8651,14.812],[102.866,14.812],[102.8665,14.8123],[102.8665,14.8134],[102.8657,14.8137],[102.8659,14.8169],[102.8642,14.8169]]]}},{"type":"Feature","properties":{"kind":"flood","area_km2":0.103,"conf":"low","date":"2026-10-04"},"geometry":{"type":"Polygon","coordinates":[[[102.821,14.9846],[102.8213,14.9824],[102.8225,14.9829],[102.8239,14.9808],[102.8258,14.9808],[102.8255,14.983],[102.8233,14.9832],[102.8224,14.9838],[102.8224,14.9843],[102.821,14.9846]],[[102.825,14.9813],[102.8253,14.9816],[102.8253,14.9813],[102.825,14.9813]]]}},{"type":"Feature","properties":{"kind":"flood","area_km2":0.102,"conf":"low","date":"2026-10-04"},"geometry":{"type":"Polygon","coordinates":[[[102.8433,14.9053],[102.8433,14.9045],[102.8442,14.9045],[102.8442,14.904],[102.8436,14.904],[102.8439,14.9016],[102.8442,14.901],[102.845,14.901],[102.845,14.9021],[102.8461,14.9021],[102.8461,14.9051],[102.8433,14.9053]]]}},{"type":"Feature","properties":{"kind":"flood","area_km2":0.096,"conf":"low","date":"2026-10-04"},"geometry":{"type":"Polygon","coordinates":[[[102.863,14.2864],[102.8635,14.2858],[102.863,14.2858],[102.8627,14.2847],[102.8638,14.2848],[102.8641,14.2842],[102.8624,14.2842],[102.8627,14.282],[102.8633,14.282],[102.8636,14.2812],[102.8644,14.2812],[102.8646,14.2856],[102.8655,14.2864],[102.863,14.2864]],[[102.8635,14.2853],[102.8638,14.2858],[102.8638,14.2853],[102.8635,14.2853]],[[102.8641,14.2853],[102.8643,14.2858],[102.8644,14.2853],[102.8641,14.2853]]]}},{"type":"Feature","properties":{"kind":"flood","area_km2":0.095,"conf":"low","date":"2026-10-04"},"geometry":{"type":"Polygon","coordinates":[[[102.4042,14.0306],[102.4042,14.0298],[102.4053,14.0298],[102.4053,14.0287],[102.4064,14.0287],[102.4065,14.0265],[102.407,14.0255],[102.4073,14.0263],[102.4087,14.0263],[102.4098,14.0255],[102.4106,14.0258],[102.4095,14.0269],[102.409,14.0268],[102.4087,14.0277],[102.407,14.0282],[102.4059,14.0301],[102.4042,14.0306]]]}},{"type":"Feature","properties":{"kind":"flood","area_km2":0.094,"conf":"low","date":"2026-10-04"},"geometry":{"type":"Polygon","coordinates":[[[102.864,14.783],[102.8635,14.7816],[102.8635,14.7787],[102.863,14.7787],[102.863,14.7778],[102.8652,14.7773],[102.8646,14.7811],[102.8649,14.7817],[102.8654,14.7817],[102.8654,14.7825],[102.8649,14.783],[102.864,14.783]]]}},{"type":"Feature","properties":{"kind":"flood","area_km2":0.094,"conf":"low","date":"2026-10-04"},"geometry":{"type":"Polygon","coordinates":[[[102.34,14.5616],[102.34,14.5605],[102.3394,14.5602],[102.34,14.5586],[102.3414,14.5586],[102.343,14.5595],[102.343,14.5605],[102.3419,14.5608],[102.3419,14.5616],[102.34,14.5616]]]}},{"type":"Feature","properties":{"kind":"flood","area_km2":0.089,"conf":"low","date":"2026-10-04"},"geometry":{"type":"Polygon","coordinates":[[[102.8479,14.9498],[102.8459,14.9496],[102.8457,14.9482],[102.8448,14.9476],[102.8448,14.9468],[102.8457,14.9463],[102.8479,14.9469],[102.8479,14.9498]]]}},{"type":"Feature","properties":{"kind":"flood","area_km2":0.088,"conf":"low","date":"2026-10-04"},"geometry":{"type":"Polygon","coordinates":[[[102.8324,14.7944],[102.831,14.7933],[102.8311,14.7922],[102.8319,14.7919],[102.8316,14.7903],[102.8325,14.7903],[102.8325,14.7908],[102.833,14.7909],[102.8338,14.7922],[102.8333,14.7944],[102.8324,14.7944]]]}},{"type":"Feature","properties":{"kind":"flood","area_km2":0.086,"conf":"low","date":"2026-10-04"},"geometry":{"type":"Polygon","coordinates":[[[102.2704,14.3814],[102.2698,14.3808],[102.2698,14.3792],[102.2687,14.3792],[102.2679,14.377],[102.2701,14.3773],[102.271,14.3784],[102.2715,14.3811],[102.2704,14.3814]]]}},{"type":"Feature","properties":{"kind":"flood","area_km2":0.085,"conf":"low","date":"2026-10-04"},"geometry":{"type":"Polygon","coordinates":[[[102.4268,14.0457],[102.4268,14.0452],[102.4276,14.0452],[102.4279,14.0444],[102.4285,14.0444],[102.4285,14.0417],[102.4293,14.0417],[102.4293,14.0431],[102.4304,14.0431],[102.4307,14.0414],[102.4307,14.0423],[102.4315,14.0433],[102.4315,14.0447],[102.4304,14.045],[102.4304,14.0439],[102.4293,14.0439],[102.4288,14.0449],[102.4268,14.0457]]]}},{"type":"Feature","properties":{"kind":"flood","area_km2":0.084,"conf":"low","date":"2026-10-04"},"geometry":{"type":"Polygon","coordinates":[[[102.8287,14.7754],[102.8284,14.7743],[102.8276,14.7735],[102.8265,14.7732],[102.8268,14.7718],[102.8276,14.7718],[102.8293,14.7735],[102.8307,14.7735],[102.8307,14.7743],[102.8301,14.7743],[102.8296,14.7754],[102.8287,14.7754]]]}},{"type":"Feature","properties":{"kind":"flood","area_km2":0.084,"conf":"low","date":"2026-10-04"},"geometry":{"type":"Polygon","coordinates":[[[102.4114,14.0285],[102.4109,14.0266],[102.4115,14.0269],[102.4115,14.0274],[102.4128,14.0274],[102.4129,14.0239],[102.4134,14.0239],[102.4137,14.0255],[102.4156,14.0253],[102.4151,14.0272],[102.414,14.0269],[102.4131,14.028],[102.4114,14.0285]]]}},{"type":"Feature","properties":{"kind":"flood","area_km2":0.082,"conf":"high","date":"2026-10-04"},"geometry":{"type":"Polygon","coordinates":[[[102.8585,14.8353],[102.8582,14.8345],[102.8577,14.8345],[102.8574,14.8339],[102.8571,14.8317],[102.858,14.8317],[102.8582,14.8323],[102.8588,14.8323],[102.8588,14.8328],[102.8596,14.8328],[102.8596,14.8337],[102.8602,14.8337],[102.8602,14.835],[102.8585,14.8353]]]}},{"type":"Feature","properties":{"kind":"flood","area_km2":0.08,"conf":"low","date":"2026-10-04"},"geometry":{"type":"Polygon","coordinates":[[[102.8525,14.9108],[102.8525,14.91],[102.8539,14.9095],[102.8542,14.9076],[102.8547,14.9076],[102.8556,14.9068],[102.8564,14.9068],[102.8567,14.9079],[102.8561,14.9082],[102.8561,14.9087],[102.8541,14.9095],[102.8541,14.9109],[102.8525,14.9108]]]}},{"type":"Feature","properties":{"kind":"flood","area_km2":0.075,"conf":"low","date":"2026-10-04"},"geometry":{"type":"Polygon","coordinates":[[[102.8615,14.7887],[102.8612,14.787],[102.8618,14.7862],[102.8623,14.7862],[102.8623,14.7852],[102.8646,14.7857],[102.8645,14.7865],[102.8637,14.7868],[102.8637,14.7876],[102.8626,14.7876],[102.8626,14.7884],[102.8615,14.7887]],[[102.8634,14.7865],[102.8637,14.7868],[102.8637,14.7865],[102.8634,14.7865]],[[102.8632,14.7863],[102.8634,14.7865],[102.8634,14.7863],[102.8632,14.7863]]]}},{"type":"Feature","properties":{"kind":"flood","area_km2":0.074,"conf":"low","date":"2026-10-04"},"geometry":{"type":"Polygon","coordinates":[[[102.8669,14.8061],[102.8669,14.8031],[102.8677,14.8031],[102.8683,14.8042],[102.8697,14.8045],[102.8694,14.8058],[102.8669,14.8061]]]}},{"type":"Feature","properties":{"kind":"flood","area_km2":0.073,"conf":"low","date":"2026-10-04"},"geometry":{"type":"Polygon","coordinates":[[[102.4713,14.5072],[102.4705,14.5064],[102.4705,14.5058],[102.4694,14.5053],[102.4694,14.5045],[102.4711,14.5048],[102.4714,14.504],[102.4725,14.504],[102.4725,14.507],[102.4713,14.5072]]]}},{"type":"Feature","properties":{"kind":"flood","area_km2":0.073,"conf":"low","date":"2026-10-04"},"geometry":{"type":"Polygon","coordinates":[[[102.9479,14.2939],[102.948,14.2931],[102.9471,14.2928],[102.9471,14.292],[102.9457,14.292],[102.946,14.2909],[102.9455,14.2906],[102.9455,14.2898],[102.9466,14.2898],[102.9469,14.2906],[102.948,14.2912],[102.9488,14.2923],[102.9488,14.2939],[102.9479,14.2939]]]}},{"type":"Feature","properties":{"kind":"flood","area_km2":0.073,"conf":"low","date":"2026-10-04"},"geometry":{"type":"Polygon","coordinates":[[[102.3985,14.0162],[102.3977,14.0151],[102.3977,14.014],[102.3983,14.0135],[102.3991,14.0135],[102.3997,14.0146],[102.4005,14.0146],[102.4016,14.0154],[102.4016,14.0162],[102.4005,14.0156],[102.3985,14.0162]]]}},{"type":"Feature","properties":{"kind":"flood","area_km2":0.071,"conf":"low","date":"2026-10-04"},"geometry":{"type":"Polygon","coordinates":[[[102.8266,14.9553],[102.8267,14.9526],[102.8261,14.9523],[102.8261,14.9515],[102.8264,14.951],[102.8272,14.951],[102.8272,14.9524],[102.8286,14.9521],[102.8286,14.9529],[102.8278,14.9532],[102.828,14.9551],[102.8266,14.9553]]]}},{"type":"Feature","properties":{"kind":"flood","area_km2":0.071,"conf":"low","date":"2026-10-04"},"geometry":{"type":"Polygon","coordinates":[[[102.8525,14.9388],[102.8522,14.9377],[102.853,14.9369],[102.8536,14.9369],[102.8536,14.9361],[102.8555,14.9366],[102.8555,14.9377],[102.855,14.9383],[102.8544,14.9382],[102.8541,14.9388],[102.8525,14.9388]]]}},{"type":"Feature","properties":{"kind":"flood","area_km2":0.071,"conf":"low","date":"2026-10-04"},"geometry":{"type":"Polygon","coordinates":[[[102.4814,14.2799],[102.482,14.2797],[102.482,14.2786],[102.4828,14.2783],[102.4828,14.2775],[102.4837,14.2775],[102.4836,14.2783],[102.4864,14.2789],[102.4864,14.2797],[102.4831,14.2794],[102.4825,14.2799],[102.4814,14.2799]]]}},{"type":"Feature","properties":{"kind":"flood","area_km2":0.069,"conf":"low","date":"2026-10-04"},"geometry":{"type":"Polygon","coordinates":[[[102.8552,14.8857],[102.8552,14.8846],[102.8544,14.8838],[102.8544,14.8829],[102.8564,14.8827],[102.8566,14.8835],[102.8575,14.8841],[102.8574,14.8849],[102.8566,14.8849],[102.8566,14.8854],[102.8552,14.8857]]]}},{"type":"Feature","properties":{"kind":"flood","area_km2":0.068,"conf":"low","date":"2026-10-04"},"geometry":{"type":"Polygon","coordinates":[[[102.8472,14.9067],[102.8467,14.9043],[102.8486,14.904],[102.8492,14.9049],[102.8492,14.9062],[102.8489,14.9067],[102.8472,14.9067]]]}},{"type":"Feature","properties":{"kind":"flood","area_km2":0.064,"conf":"low","date":"2026-10-04"},"geometry":{"type":"Polygon","coordinates":[[[102.9505,14.4119],[102.9499,14.4108],[102.9511,14.4108],[102.9511,14.41],[102.9516,14.41],[102.9516,14.4094],[102.9505,14.4091],[102.9508,14.4081],[102.9522,14.4078],[102.9524,14.4108],[102.9519,14.4105],[102.9516,14.4108],[102.9516,14.4116],[102.9505,14.4119]],[[102.9513,14.4105],[102.9516,14.4108],[102.9516,14.4105],[102.9513,14.4105]]]}},{"type":"Feature","properties":{"kind":"flood","area_km2":0.059,"conf":"low","date":"2026-10-04"},"geometry":{"type":"Polygon","coordinates":[[[102.1201,14.9659],[102.1182,14.9656],[102.1182,14.9646],[102.1199,14.9632],[102.121,14.963],[102.1207,14.9654],[102.1201,14.9659]]]}},{"type":"Feature","properties":{"kind":"flood","area_km2":0.059,"conf":"low","date":"2026-10-04"},"geometry":{"type":"Polygon","coordinates":[[[102.869,14.8183],[102.869,14.8156],[102.8709,14.8156],[102.8712,14.817],[102.8698,14.8183],[102.869,14.8183]]]}},{"type":"Feature","properties":{"kind":"flood","area_km2":0.058,"conf":"low","date":"2026-10-04"},"geometry":{"type":"Polygon","coordinates":[[[102.8361,14.9592],[102.8355,14.9587],[102.8355,14.9576],[102.8361,14.9576],[102.8361,14.9568],[102.8369,14.9568],[102.8375,14.9571],[102.8375,14.9579],[102.8383,14.9584],[102.8383,14.9592],[102.8361,14.9592]]]}},{"type":"Feature","properties":{"kind":"flood","area_km2":0.055,"conf":"low","date":"2026-10-04"},"geometry":{"type":"Polygon","coordinates":[[[102.3061,14.6655],[102.3059,14.6644],[102.3095,14.6645],[102.3095,14.665],[102.31,14.665],[102.3098,14.6645],[102.3106,14.6645],[102.3106,14.6653],[102.3098,14.6656],[102.3061,14.6655]]]}},{"type":"Feature","properties":{"kind":"flood","area_km2":0.054,"conf":"low","date":"2026-10-04"},"geometry":{"type":"Polygon","coordinates":[[[102.8677,14.8598],[102.8675,14.8592],[102.8669,14.8592],[102.8669,14.8576],[102.8694,14.8571],[102.8686,14.8598],[102.8677,14.8598]]]}},{"type":"Feature","properties":{"kind":"flood","area_km2":0.051,"conf":"low","date":"2026-10-04"},"geometry":{"type":"Polygon","coordinates":[[[102.6426,14.0363],[102.6423,14.0349],[102.644,14.0347],[102.644,14.0322],[102.6454,14.0325],[102.6457,14.0333],[102.6454,14.0339],[102.6443,14.0339],[102.6437,14.0363],[102.6426,14.0363]]]}},{"type":"Feature","properties":{"kind":"seasonal","area_km2":16.839,"date":"2026-10-04"},"geometry":{"type":"Polygon","coordinates":[[[102.0351,14.113],[102.0327,14.109],[102.0291,14.1081],[102.0302,14.1076],[102.028,14.1075],[102.0277,14.1081],[102.026,14.1081],[102.0261,14.1021],[102.0267,14.0999],[102.0264,14.0994],[102.0268,14.0899],[102.0274,14.0869],[102.0272,14.0837],[102.0275,14.0807],[102.0283,14.081],[102.0289,14.0805],[102.0289,14.0796],[102.0275,14.0802],[102.0278,14.0764],[102.0284,14.0756],[102.0306,14.0759],[102.0306,14.0742],[102.0326,14.0743],[102.0342,14.0727],[102.0337,14.0716],[102.0318,14.0716],[102.0315,14.0702],[102.0282,14.068],[102.0282,14.0672],[102.0293,14.0666],[102.0293,14.0653],[102.0302,14.0645],[102.033,14.064],[102.0335,14.0645],[102.0344,14.0645],[102.0346,14.0654],[102.0355,14.0651],[102.0354,14.0659],[102.0349,14.0662],[102.0374,14.0665],[102.0382,14.0659],[102.0379,14.0673],[102.039,14.0676],[102.0393,14.0665],[102.0385,14.0662],[102.0385,14.0657],[102.0393,14.0651],[102.0391,14.0635],[102.0383,14.063],[102.0386,14.0608],[102.04,14.0603],[102.0405,14.0584],[102.0414,14.0587],[102.0414,14.0579],[102.043,14.0579],[102.043,14.0584],[102.0439,14.0582],[102.0439,14.0568],[102.0445,14.0563],[102.045,14.0584],[102.0441,14.0587],[102.0441,14.0601],[102.0436,14.0603],[102.0436,14.0609],[102.0447,14.0617],[102.0449,14.063],[102.0455,14.0633],[102.0454,14.0655],[102.0463,14.0663],[102.0457,14.0666],[102.0463,14.0671],[102.0462,14.0685],[102.0468,14.0685],[102.0476,14.0696],[102.0487,14.0699],[102.0487,14.0704],[102.0476,14.0709],[102.047,14.0701],[102.0454,14.0704],[102.0446,14.0695],[102.044,14.0706],[102.047,14.0707],[102.049,14.0723],[102.0509,14.0729],[102.0515,14.0729],[102.0512,14.0723],[102.0523,14.0723],[102.0526,14.0729],[102.054,14.0721],[102.0543,14.0699],[102.0537,14.0699],[102.0534,14.0694],[102.0548,14.0689],[102.0551,14.0694],[102.0546,14.0694],[102.0543,14.0707],[102.0548,14.0708],[102.0554,14.0699],[102.0559,14.071],[102.059,14.0713],[102.0598,14.0705],[102.0581,14.0711],[102.057,14.07],[102.0582,14.07],[102.0582,14.0678],[102.0596,14.0681],[102.0598,14.0676],[102.0593,14.0673],[102.0604,14.067],[102.0607,14.0665],[102.0604,14.0657],[102.0593,14.0651],[102.0593,14.0646],[102.0599,14.0643],[102.0599,14.0649],[102.061,14.0657],[102.0618,14.0657],[102.0621,14.0652],[102.0635,14.0654],[102.0632,14.0665],[102.0637,14.0668],[102.0618,14.0668],[102.0612,14.0673],[102.0612,14.0681],[102.0618,14.0681],[102.0618,14.0673],[102.0623,14.0673],[102.0629,14.0681],[102.0657,14.0682],[102.0665,14.0693],[102.0657,14.0695],[102.0651,14.0706],[102.0643,14.0706],[102.0634,14.0717],[102.0615,14.0716],[102.0606,14.0724],[102.0606,14.0735],[102.0589,14.0743],[102.0589,14.0754],[102.0595,14.0757],[102.0592,14.0765],[102.0586,14.0762],[102.0586,14.0768],[102.0592,14.0773],[102.0597,14.0768],[102.06,14.0779],[102.0605,14.0779],[102.0611,14.079],[102.0633,14.079],[102.0627,14.0798],[102.0661,14.0787],[102.0661,14.0793],[102.0669,14.0793],[102.068,14.0801],[102.068,14.0796],[102.0664,14.0785],[102.0672,14.0777],[102.0694,14.0782],[102.0694,14.0788],[102.07,14.0785],[102.07,14.0791],[102.0716,14.0791],[102.0716,14.0796],[102.073,14.0802],[102.0752,14.0802],[102.0747,14.0821],[102.0758,14.0821],[102.0755,14.0827],[102.076,14.0827],[102.076,14.084],[102.0755,14.0843],[102.076,14.0846],[102.0741,14.0845],[102.0743,14.0853],[102.0738,14.0851],[102.0738,14.0859],[102.0749,14.0851],[102.0776,14.0865],[102.0785,14.0859],[102.0779,14.0857],[102.0785,14.0851],[102.0791,14.0851],[102.0788,14.0857],[102.0796,14.086],[102.0802,14.0854],[102.0796,14.0854],[102.0793,14.0849],[102.0807,14.0841],[102.0807,14.0833],[102.0819,14.0835],[102.0816,14.0846],[102.0821,14.0846],[102.0821,14.0833],[102.0813,14.0833],[102.0816,14.0827],[102.081,14.0825],[102.0824,14.0822],[102.0827,14.0827],[102.0827,14.0819],[102.0833,14.0819],[102.0833,14.0814],[102.0838,14.0822],[102.0836,14.0803],[102.0844,14.0798],[102.0844,14.0792],[102.0841,14.0792],[102.0841,14.0795],[102.0836,14.0795],[102.0833,14.0798],[102.0833,14.0811],[102.0824,14.0811],[102.0824,14.0819],[102.0813,14.0816],[102.0811,14.0808],[102.081,14.0816],[102.0796,14.0822],[102.0785,14.0819],[102.0783,14.0797],[102.0788,14.0797],[102.0789,14.0792],[102.0794,14.0795],[102.0794,14.0789],[102.08,14.0795],[102.0813,14.0795],[102.0811,14.0784],[102.0816,14.0781],[102.0828,14.0781],[102.083,14.0787],[102.0836,14.0781],[102.0855,14.0782],[102.0847,14.0806],[102.0852,14.0809],[102.0852,14.0814],[102.0872,14.0814],[102.0877,14.082],[102.0858,14.082],[102.0855,14.0825],[102.0841,14.0828],[102.0852,14.0833],[102.086,14.0822],[102.0869,14.0825],[102.0869,14.0831],[102.086,14.0833],[102.0868,14.0836],[102.0868,14.0844],[102.0863,14.0847],[102.0857,14.0866],[102.0851,14.0863],[102.0851,14.0868],[102.086,14.0868],[102.086,14.0874],[102.0851,14.0874],[102.086,14.0879],[102.0859,14.0887],[102.0854,14.0887],[102.0843,14.0876],[102.0846,14.0871],[102.0838,14.0868],[102.084,14.0863],[102.0846,14.0863],[102.0846,14.0855],[102.0838,14.0852],[102.0849,14.0852],[102.0849,14.0847],[102.0841,14.0849],[102.0838,14.0844],[102.0832,14.0844],[102.0832,14.0849],[102.0827,14.0846],[102.0827,14.0855],[102.0821,14.0854],[102.0824,14.086],[102.0835,14.086],[102.0832,14.0868],[102.081,14.0868],[102.081,14.0871],[102.0804,14.087],[102.0799,14.0876],[102.0804,14.0892],[102.0823,14.0892],[102.0834,14.0901],[102.0834,14.089],[102.0829,14.0884],[102.0823,14.0887],[102.0821,14.0876],[102.0837,14.0876],[102.0854,14.089],[102.0854,14.0898],[102.0862,14.0896],[102.0862,14.0904],[102.0879,14.0915],[102.0865,14.0915],[102.0865,14.092],[102.0873,14.092],[102.0867,14.0923],[102.0867,14.0928],[102.0876,14.0931],[102.0856,14.0939],[102.0848,14.095],[102.0847,14.0958],[102.0839,14.0958],[102.0839,14.0966],[102.0834,14.096],[102.0833,14.0985],[102.0794,14.0984],[102.0795,14.0973],[102.0781,14.096],[102.0775,14.096],[102.0775,14.0954],[102.0781,14.0954],[102.0778,14.0943],[102.077,14.0949],[102.0759,14.0943],[102.0762,14.0935],[102.0753,14.0932],[102.0745,14.0924],[102.0745,14.0916],[102.074,14.0913],[102.074,14.0921],[102.0726,14.0921],[102.0726,14.0916],[102.0718,14.0913],[102.0718,14.0907],[102.0707,14.0896],[102.069,14.0893],[102.0676,14.088],[102.0676,14.0874],[102.0665,14.0866],[102.0663,14.0855],[102.0643,14.0847],[102.0635,14.0849],[102.0632,14.0863],[102.0651,14.0882],[102.0648,14.089],[102.0657,14.0893],[102.0657,14.0899],[102.0648,14.0893],[102.0651,14.0907],[102.0645,14.0917],[102.0659,14.092],[102.0659,14.0915],[102.0665,14.0915],[102.0673,14.0923],[102.0695,14.0921],[102.0706,14.0929],[102.0734,14.0924],[102.0734,14.0935],[102.0728,14.0935],[102.072,14.0948],[102.0722,14.0964],[102.0703,14.0967],[102.07,14.0972],[102.0695,14.0972],[102.0692,14.0983],[102.0678,14.0994],[102.0672,14.0994],[102.0667,14.0983],[102.0672,14.0966],[102.0659,14.0964],[102.0658,14.0985],[102.0653,14.0999],[102.0647,14.0999],[102.0647,14.1004],[102.063,14.1004],[102.0633,14.0988],[102.0614,14.0993],[102.0614,14.0985],[102.062,14.0971],[102.0645,14.0972],[102.0639,14.0942],[102.0631,14.0936],[102.0631,14.0928],[102.0626,14.0923],[102.0623,14.0928],[102.0628,14.0936],[102.0617,14.0933],[102.0623,14.0941],[102.0609,14.0941],[102.0607,14.0911],[102.0584,14.0908],[102.0582,14.09],[102.0576,14.09],[102.0576,14.0914],[102.0584,14.0914],[102.0584,14.0944],[102.0592,14.0946],[102.0592,14.0952],[102.0587,14.0955],[102.0587,14.096],[102.0592,14.0963],[102.0589,14.0979],[102.0575,14.0979],[102.0575,14.0971],[102.0581,14.0968],[102.0581,14.0963],[102.0575,14.096],[102.0584,14.0957],[102.0581,14.0946],[102.0576,14.0946],[102.0578,14.0952],[102.0567,14.0957],[102.055,14.0957],[102.0551,14.0943],[102.0534,14.0935],[102.0529,14.0927],[102.0523,14.0927],[102.0498,14.094],[102.0501,14.0951],[102.0492,14.0956],[102.0489,14.097],[102.0489,14.0978],[102.0495,14.0983],[102.0483,14.0986],[102.0483,14.0991],[102.0497,14.0994],[102.0497,14.0989],[102.0506,14.0991],[102.055,14.0984],[102.0556,14.0989],[102.055,14.0995],[102.0556,14.0995],[102.0561,14.1003],[102.0569,14.1003],[102.0569,14.1014],[102.0564,14.1014],[102.0561,14.1025],[102.055,14.1016],[102.053,14.1013],[102.0514,14.1019],[102.0508,14.1029],[102.0502,14.1027],[102.0502,14.1021],[102.0497,14.1021],[102.0497,14.1035],[102.0489,14.1024],[102.0483,14.1024],[102.048,14.1029],[102.0469,14.1029],[102.0463,14.1037],[102.0452,14.1026],[102.0439,14.1029],[102.0427,14.1023],[102.0422,14.1028],[102.0402,14.1028],[102.04,14.1039],[102.0388,14.1036],[102.0386,14.1041],[102.0363,14.1047],[102.0347,14.1044],[102.0344,14.1049],[102.0336,14.1049],[102.033,14.1044],[102.0322,14.1049],[102.0319,14.1065],[102.033,14.1073],[102.0335,14.1073],[102.0338,14.1068],[102.0338,14.1076],[102.033,14.1079],[102.0341,14.1084],[102.0341,14.109],[102.0338,14.109],[102.0335,14.1092],[102.0335,14.1098],[102.034,14.1101],[102.034,14.1106],[102.0349,14.1106],[102.0351,14.1117],[102.0357,14.112],[102.0357,14.1131],[102.0351,14.113]],[[102.0335,14.1087],[102.0338,14.109],[102.0338,14.1087],[102.0335,14.1087]],[[102.0316,14.1079],[102.0321,14.1073],[102.0319,14.1068],[102.0313,14.107],[102.0308,14.1051],[102.0305,14.1062],[102.031,14.1065],[102.031,14.1073],[102.0316,14.1079]],[[102.0277,14.1035],[102.028,14.1037],[102.028,14.1035],[102.0277,14.1035]],[[102.0344,14.1038],[102.035,14.1038],[102.035,14.1036],[102.0341,14.1033],[102.0344,14.1038]],[[102.0341,14.1027],[102.0344,14.103],[102.0344,14.1027],[102.0341,14.1027]],[[102.0314,14.1016],[102.0316,14.1019],[102.0317,14.1016],[102.0314,14.1016]],[[102.0311,14.1013],[102.0314,14.1016],[102.0314,14.1014],[102.0311,14.1013]],[[102.0478,14.1016],[102.048,14.1018],[102.048,14.1016],[102.0478,14.1016]],[[102.0344,14.1008],[102.0347,14.1011],[102.0347,14.1009],[102.0344,14.1008]],[[102.0275,14.1008],[102.0283,14.1008],[102.0283,14.1005],[102.0278,14.1005],[102.0278,14.1002],[102.0275,14.1002],[102.0275,14.1008]],[[102.0339,14.1006],[102.0342,14.1008],[102.0342,14.1006],[102.0339,14.1006]],[[102.0347,14.1006],[102.035,14.1009],[102.035,14.1006],[102.0347,14.1006]],[[102.0272,14.0999],[102.0275,14.1002],[102.0275,14.0999],[102.0272,14.0999]],[[102.027,14.0997],[102.0272,14.0999],[102.0272,14.0997],[102.027,14.0997]],[[102.0311,14.0997],[102.0314,14.1],[102.0314,14.0997],[102.0311,14.0997]],[[102.0347,14.1],[102.035,14.0995],[102.0342,14.0995],[102.0342,14.0998],[102.0347,14.1]],[[102.0469,14.0999],[102.0472,14.0994],[102.0461,14.0991],[102.0461,14.0983],[102.047,14.0986],[102.047,14.098],[102.045,14.0983],[102.0458,14.0994],[102.0469,14.0999]],[[102.0497,14.0994],[102.0506,14.0997],[102.0506,14.0994],[102.0497,14.0994]],[[102.0511,14.0994],[102.0514,14.0997],[102.0514,14.0994],[102.0511,14.0994]],[[102.0267,14.0989],[102.027,14.0991],[102.027,14.0989],[102.0267,14.0989]],[[102.0361,14.099],[102.0364,14.0992],[102.0364,14.099],[102.0361,14.099]],[[102.0508,14.0992],[102.0511,14.0994],[102.0511,14.0992],[102.0508,14.0992]],[[102.047,14.0986],[102.0472,14.0988],[102.0472,14.0986],[102.047,14.0986]],[[102.0475,14.098],[102.0478,14.0986],[102.0478,14.098],[102.0475,14.098]],[[102.0472,14.0978],[102.0475,14.098],[102.0475,14.0978],[102.0472,14.0978]],[[102.0814,14.0976],[102.0817,14.0979],[102.0817,14.0976],[102.0814,14.0976]],[[102.0825,14.0976],[102.0828,14.0979],[102.0828,14.0976],[102.0825,14.0976]],[[102.0475,14.0969],[102.0481,14.0972],[102.0481,14.097],[102.0475,14.0969]],[[102.0484,14.097],[102.0486,14.0972],[102.0486,14.097],[102.0484,14.097]],[[102.0811,14.0976],[102.0814,14.0971],[102.0822,14.0974],[102.0822,14.0968],[102.0803,14.0952],[102.0795,14.0952],[102.0792,14.0946],[102.0792,14.0954],[102.0803,14.0957],[102.0797,14.0963],[102.0811,14.0976]],[[102.0822,14.0974],[102.0825,14.0976],[102.0825,14.0974],[102.0822,14.0974]],[[102.0465,14.095],[102.0467,14.0953],[102.0467,14.095],[102.0465,14.095]],[[102.0556,14.0954],[102.0576,14.0946],[102.0576,14.0941],[102.0559,14.0946],[102.0556,14.0954]],[[102.0786,14.0954],[102.0792,14.0957],[102.0792,14.0954],[102.0786,14.0954]],[[102.0709,14.0951],[102.0712,14.0953],[102.0712,14.0951],[102.0709,14.0951]],[[102.029,14.0943],[102.0292,14.0946],[102.0292,14.0943],[102.029,14.0943]],[[102.0456,14.0945],[102.0459,14.0948],[102.0459,14.0945],[102.0456,14.0945]],[[102.0467,14.0945],[102.047,14.0948],[102.047,14.0945],[102.0467,14.0945]],[[102.0787,14.0943],[102.0789,14.0952],[102.0792,14.0944],[102.0787,14.0943]],[[102.0451,14.0942],[102.0453,14.0945],[102.0454,14.0942],[102.0451,14.0942]],[[102.0465,14.0942],[102.0467,14.0945],[102.0467,14.0942],[102.0465,14.0942]],[[102.047,14.0926],[102.0473,14.0945],[102.0473,14.0926],[102.047,14.0926]],[[102.0465,14.0934],[102.0467,14.094],[102.0467,14.0934],[102.0465,14.0934]],[[102.0423,14.0934],[102.0426,14.0936],[102.0426,14.0934],[102.0423,14.0934]],[[102.0429,14.0928],[102.0431,14.0934],[102.0431,14.0928],[102.0429,14.0928]],[[102.0462,14.0931],[102.0465,14.0934],[102.0465,14.0931],[102.0462,14.0931]],[[102.0612,14.0933],[102.0615,14.0936],[102.0615,14.0933],[102.0612,14.0933]],[[102.0837,14.0936],[102.0839,14.0939],[102.0839,14.0936],[102.0837,14.0936]],[[102.0412,14.0928],[102.0415,14.0931],[102.0415,14.0928],[102.0412,14.0928]],[[102.0484,14.0929],[102.0487,14.0932],[102.0487,14.0929],[102.0484,14.0929]],[[102.0665,14.0934],[102.0676,14.0931],[102.0676,14.0926],[102.0665,14.0926],[102.0665,14.0934]],[[102.084,14.0931],[102.0842,14.0936],[102.0842,14.0931],[102.084,14.0931]],[[102.0848,14.0933],[102.0851,14.0936],[102.0851,14.0933],[102.0848,14.0933]],[[102.0409,14.0925],[102.0412,14.0928],[102.0412,14.0925],[102.0409,14.0925]],[[102.0434,14.0926],[102.0448,14.0928],[102.0448,14.0926],[102.0434,14.0926]],[[102.0487,14.0926],[102.049,14.0929],[102.049,14.0926],[102.0487,14.0926]],[[102.0862,14.0928],[102.0864,14.0934],[102.0865,14.0928],[102.0862,14.0928]],[[102.082,14.0928],[102.0831,14.0928],[102.0829,14.0914],[102.0826,14.0914],[102.0826,14.0925],[102.082,14.0922],[102.082,14.0928]],[[102.084,14.0922],[102.0842,14.0925],[102.0842,14.0922],[102.084,14.0922]],[[102.0837,14.092],[102.084,14.0922],[102.084,14.092],[102.0837,14.092]],[[102.0526,14.0916],[102.0529,14.0908],[102.0526,14.09],[102.0521,14.09],[102.0526,14.0916]],[[102.0817,14.0917],[102.082,14.0919],[102.082,14.0917],[102.0817,14.0917]],[[102.0834,14.0917],[102.0837,14.092],[102.0837,14.0917],[102.0834,14.0917]],[[102.0854,14.0917],[102.0856,14.092],[102.0856,14.0917],[102.0854,14.0917]],[[102.0379,14.0909],[102.0382,14.0911],[102.0382,14.0909],[102.0379,14.0909]],[[102.0545,14.0913],[102.0562,14.0905],[102.0557,14.0895],[102.054,14.09],[102.054,14.0908],[102.0545,14.0913]],[[102.0376,14.0906],[102.0379,14.0909],[102.0379,14.0906],[102.0376,14.0906]],[[102.0823,14.0911],[102.0826,14.0914],[102.0826,14.0911],[102.0823,14.0911]],[[102.0748,14.091],[102.0757,14.0905],[102.0757,14.0897],[102.0754,14.0897],[102.0751,14.09],[102.0751,14.0905],[102.0748,14.09],[102.0743,14.09],[102.0748,14.091]],[[102.0815,14.0909],[102.0818,14.0911],[102.0818,14.0909],[102.0815,14.0909]],[[102.0834,14.0909],[102.0837,14.0912],[102.0837,14.0909],[102.0834,14.0909]],[[102.0845,14.0909],[102.0848,14.0912],[102.0848,14.0909],[102.0845,14.0909]],[[102.0851,14.0909],[102.0854,14.0912],[102.0854,14.0909],[102.0851,14.0909]],[[102.0843,14.0906],[102.0845,14.0909],[102.0845,14.0906],[102.0843,14.0906]],[[102.0715,14.0897],[102.0718,14.0899],[102.0718,14.0897],[102.0715,14.0897]],[[102.0449,14.0891],[102.0451,14.0893],[102.0451,14.0891],[102.0449,14.0891]],[[102.0601,14.0892],[102.0604,14.0895],[102.0604,14.0892],[102.0601,14.0892]],[[102.0718,14.0894],[102.0721,14.0897],[102.0721,14.0894],[102.0718,14.0894]],[[102.0751,14.0892],[102.0754,14.0897],[102.0754,14.0892],[102.0751,14.0892]],[[102.0848,14.0895],[102.0851,14.0898],[102.0851,14.0895],[102.0848,14.0895]],[[102.0446,14.0888],[102.0449,14.0891],[102.0449,14.0888],[102.0446,14.0888]],[[102.0574,14.0892],[102.0576,14.0887],[102.0568,14.0884],[102.0568,14.0887],[102.0574,14.0892]],[[102.0604,14.0892],[102.061,14.0887],[102.0604,14.0884],[102.0604,14.0879],[102.0599,14.0879],[102.0604,14.0892]],[[102.0746,14.0889],[102.0748,14.0891],[102.0748,14.0889],[102.0746,14.0889]],[[102.0471,14.0883],[102.0474,14.0885],[102.0474,14.0883],[102.0471,14.0883]],[[102.0693,14.0885],[102.0698,14.0888],[102.0699,14.0885],[102.0693,14.0885]],[[102.0704,14.0886],[102.0707,14.0888],[102.0707,14.0886],[102.0704,14.0886]],[[102.0748,14.0886],[102.0751,14.0889],[102.0751,14.0886],[102.0748,14.0886]],[[102.0474,14.088],[102.0476,14.0883],[102.0477,14.088],[102.0474,14.088]],[[102.0707,14.0883],[102.071,14.0886],[102.071,14.0883],[102.0707,14.0883]],[[102.0737,14.0886],[102.0748,14.0886],[102.0748,14.0883],[102.0737,14.0878],[102.0737,14.0886]],[[102.0751,14.0886],[102.0762,14.0881],[102.076,14.0867],[102.0746,14.0867],[102.0749,14.0878],[102.0751,14.0873],[102.0757,14.0873],[102.0751,14.0886]],[[102.0471,14.0875],[102.0474,14.088],[102.0474,14.0875],[102.0471,14.0875]],[[102.0477,14.088],[102.0488,14.088],[102.0488,14.0877],[102.0479,14.0875],[102.0477,14.088]],[[102.084,14.0882],[102.0843,14.0885],[102.0843,14.0882],[102.084,14.0882]],[[102.0488,14.0875],[102.049,14.0878],[102.049,14.0875],[102.0488,14.0875]],[[102.0729,14.088],[102.0735,14.0875],[102.0727,14.0864],[102.0726,14.0878],[102.0729,14.088]],[[102.0829,14.0879],[102.0837,14.0882],[102.0837,14.0879],[102.0829,14.0879]],[[102.0468,14.0872],[102.0471,14.0875],[102.0471,14.0872],[102.0468,14.0872]],[[102.049,14.0875],[102.0513,14.0867],[102.0513,14.0862],[102.0493,14.0859],[102.0499,14.0869],[102.0493,14.0869],[102.049,14.0875]],[[102.0574,14.0876],[102.0579,14.0876],[102.0579,14.0873],[102.0574,14.087],[102.0574,14.0876]],[[102.0699,14.0877],[102.0707,14.0877],[102.0707,14.0875],[102.0699,14.0872],[102.0699,14.0877]],[[102.0471,14.0872],[102.0482,14.0872],[102.0482,14.0867],[102.0477,14.0867],[102.0471,14.0872]],[[102.0707,14.0872],[102.071,14.0875],[102.071,14.0872],[102.0707,14.0872]],[[102.0524,14.0864],[102.0527,14.087],[102.0527,14.0864],[102.0524,14.0864]],[[102.071,14.0869],[102.0713,14.0872],[102.0713,14.0869],[102.071,14.0869]],[[102.0482,14.0867],[102.0491,14.0867],[102.0491,14.0853],[102.0499,14.0856],[102.051,14.0848],[102.0502,14.0845],[102.0505,14.0851],[102.0488,14.085],[102.0482,14.0867]],[[102.0702,14.0867],[102.0704,14.0869],[102.0704,14.0867],[102.0702,14.0867]],[[102.0713,14.0869],[102.0724,14.087],[102.0721,14.0848],[102.0718,14.0853],[102.0704,14.0856],[102.0704,14.0867],[102.0715,14.0861],[102.0713,14.0869]],[[102.0782,14.0868],[102.0788,14.087],[102.0788,14.0868],[102.0782,14.0868]],[[102.079,14.087],[102.0804,14.087],[102.0804,14.0862],[102.0793,14.0865],[102.079,14.087]],[[102.0849,14.0868],[102.0851,14.0871],[102.0851,14.0868],[102.0849,14.0868]],[[102.0363,14.086],[102.0366,14.0862],[102.0366,14.086],[102.0363,14.086]],[[102.0452,14.0861],[102.0455,14.0864],[102.0455,14.0861],[102.0452,14.0861]],[[102.0457,14.0864],[102.0463,14.0864],[102.0466,14.0858],[102.046,14.0858],[102.0457,14.0864]],[[102.0743,14.0864],[102.0746,14.0867],[102.0746,14.0864],[102.0743,14.0864]],[[102.0779,14.0865],[102.0782,14.0868],[102.0782,14.0865],[102.0779,14.0865]],[[102.0807,14.0865],[102.081,14.0868],[102.081,14.0865],[102.0807,14.0865]],[[102.0357,14.0854],[102.036,14.086],[102.036,14.0854],[102.0357,14.0854]],[[102.0366,14.0857],[102.0369,14.086],[102.0369,14.0857],[102.0366,14.0857]],[[102.0374,14.0857],[102.0377,14.086],[102.0377,14.0857],[102.0374,14.0857]],[[102.0388,14.086],[102.0402,14.0857],[102.041,14.0849],[102.0399,14.0833],[102.0394,14.0833],[102.0394,14.0836],[102.0405,14.0844],[102.0405,14.0849],[102.0396,14.0855],[102.0391,14.0855],[102.0391,14.0852],[102.0388,14.0852],[102.0388,14.0849],[102.0385,14.0849],[102.0388,14.086]],[[102.0449,14.0861],[102.0455,14.0858],[102.0455,14.0853],[102.0449,14.0853],[102.0449,14.0861]],[[102.0577,14.086],[102.0579,14.0862],[102.0579,14.086],[102.0577,14.086]],[[102.0613,14.086],[102.0616,14.0863],[102.0616,14.086],[102.0613,14.086]],[[102.0671,14.0861],[102.0674,14.0863],[102.0674,14.0861],[102.0671,14.0861]],[[102.0757,14.0862],[102.076,14.0865],[102.076,14.0862],[102.0757,14.0862]],[[102.0785,14.0862],[102.0788,14.0865],[102.0788,14.0862],[102.0785,14.0862]],[[102.079,14.0862],[102.0793,14.0865],[102.0793,14.0862],[102.079,14.0862]],[[102.081,14.0862],[102.0813,14.0865],[102.0813,14.0862],[102.081,14.0862]],[[102.0341,14.0854],[102.0344,14.0857],[102.0344,14.0854],[102.0341,14.0854]],[[102.051,14.0856],[102.0513,14.0859],[102.0513,14.0856],[102.051,14.0856]],[[102.058,14.0857],[102.0582,14.086],[102.0582,14.0857],[102.058,14.0857]],[[102.0668,14.0858],[102.0671,14.0861],[102.0671,14.0858],[102.0668,14.0858]],[[102.0788,14.0859],[102.079,14.0862],[102.079,14.0859],[102.0788,14.0859]],[[102.0807,14.086],[102.081,14.0862],[102.081,14.086],[102.0807,14.086]],[[102.0344,14.0851],[102.0346,14.0854],[102.0346,14.0851],[102.0344,14.0851]],[[102.0355,14.0854],[102.0358,14.0849],[102.0346,14.0849],[102.0346,14.0851],[102.0355,14.0854]],[[102.0613,14.0855],[102.0616,14.0857],[102.0616,14.0855],[102.0613,14.0855]],[[102.0666,14.0855],[102.0668,14.0858],[102.0668,14.0855],[102.0666,14.0855]],[[102.0754,14.0856],[102.0757,14.0859],[102.0757,14.0856],[102.0754,14.0856]],[[102.0333,14.0851],[102.0335,14.0846],[102.0327,14.0835],[102.0324,14.0843],[102.0333,14.0851]],[[102.0455,14.085],[102.0457,14.0853],[102.0457,14.085],[102.0455,14.085]],[[102.0571,14.0851],[102.0574,14.0854],[102.0574,14.0851],[102.0571,14.0851]],[[102.061,14.0849],[102.0613,14.0855],[102.0613,14.0849],[102.061,14.0849]],[[102.081,14.0857],[102.0815,14.0857],[102.0816,14.0852],[102.0813,14.0852],[102.081,14.0857]],[[102.0371,14.0846],[102.0374,14.0849],[102.0374,14.0846],[102.0371,14.0846]],[[102.0383,14.0846],[102.0385,14.0849],[102.0385,14.0846],[102.0383,14.0846]],[[102.0818,14.0852],[102.0821,14.0854],[102.0821,14.0852],[102.0818,14.0852]],[[102.0552,14.0846],[102.0555,14.0848],[102.0555,14.0846],[102.0552,14.0846]],[[102.0682,14.0847],[102.0685,14.085],[102.0685,14.0847],[102.0682,14.0847]],[[102.0732,14.0848],[102.0735,14.0851],[102.0735,14.0848],[102.0732,14.0848]],[[102.0816,14.0849],[102.0818,14.0852],[102.0818,14.0849],[102.0816,14.0849]],[[102.0341,14.0838],[102.036,14.0838],[102.0341,14.0835],[102.0341,14.0838]],[[102.0369,14.0838],[102.0372,14.0841],[102.0372,14.0838],[102.0369,14.0838]],[[102.0696,14.0845],[102.0702,14.0842],[102.0694,14.0839],[102.0688,14.0828],[102.0688,14.0837],[102.0696,14.0845]],[[102.0735,14.0843],[102.0741,14.0845],[102.0741,14.0843],[102.0735,14.0843]],[[102.0841,14.0841],[102.0854,14.0847],[102.0855,14.0841],[102.0849,14.0841],[102.0852,14.0836],[102.0841,14.0841]],[[102.033,14.0829],[102.0333,14.0835],[102.0336,14.083],[102.033,14.0829]],[[102.0372,14.0833],[102.0374,14.0835],[102.0374,14.0833],[102.0372,14.0833]],[[102.0749,14.084],[102.0755,14.0837],[102.0752,14.0832],[102.0744,14.0835],[102.0749,14.084]],[[102.0832,14.0838],[102.0835,14.0841],[102.0835,14.0838],[102.0832,14.0838]],[[102.0855,14.0839],[102.086,14.0841],[102.086,14.0839],[102.0855,14.0839]],[[102.0374,14.083],[102.0377,14.0833],[102.0377,14.083],[102.0374,14.083]],[[102.0391,14.083],[102.0394,14.0833],[102.0394,14.083],[102.0391,14.083]],[[102.0399,14.0833],[102.0405,14.0833],[102.0405,14.0828],[102.0399,14.0828],[102.0399,14.0833]],[[102.0433,14.0833],[102.0438,14.0834],[102.0438,14.0823],[102.043,14.0825],[102.0433,14.0833]],[[102.0485,14.0834],[102.0494,14.0834],[102.0497,14.0829],[102.0488,14.0829],[102.0485,14.0834]],[[102.0738,14.0834],[102.0741,14.0837],[102.0741,14.0835],[102.0738,14.0834]],[[102.0841,14.0836],[102.0843,14.0838],[102.0843,14.0836],[102.0841,14.0836]],[[102.0352,14.0827],[102.0355,14.083],[102.0355,14.0827],[102.0352,14.0827]],[[102.0605,14.0833],[102.0608,14.0827],[102.0605,14.0827],[102.0605,14.0825],[102.0602,14.0825],[102.0605,14.0833]],[[102.0741,14.0829],[102.0744,14.0835],[102.0744,14.0829],[102.0741,14.0829]],[[102.083,14.0836],[102.0835,14.0836],[102.0838,14.083],[102.0832,14.083],[102.083,14.0836]],[[102.0286,14.0824],[102.0288,14.0826],[102.0288,14.0824],[102.0286,14.0824]],[[102.033,14.0824],[102.0333,14.0827],[102.0333,14.0824],[102.033,14.0824]],[[102.0338,14.0827],[102.0341,14.0821],[102.033,14.0816],[102.033,14.0821],[102.0338,14.0827]],[[102.0374,14.0827],[102.038,14.0825],[102.038,14.0817],[102.0375,14.0816],[102.0374,14.0827]],[[102.0405,14.0828],[102.0411,14.0828],[102.0413,14.082],[102.0411,14.082],[102.0405,14.0828]],[[102.0541,14.0829],[102.0549,14.0824],[102.0538,14.0816],[102.0527,14.0816],[102.053,14.0821],[102.0538,14.0821],[102.0541,14.0829]],[[102.0857,14.083],[102.086,14.0833],[102.086,14.0831],[102.0857,14.083]],[[102.0277,14.0821],[102.028,14.0823],[102.028,14.0821],[102.0277,14.0821]],[[102.0391,14.0822],[102.0394,14.0825],[102.0394,14.0822],[102.0391,14.0822]],[[102.0494,14.0823],[102.0497,14.0826],[102.0497,14.0823],[102.0494,14.0823]],[[102.0588,14.0827],[102.0591,14.0822],[102.0588,14.0819],[102.058,14.0819],[102.0588,14.0827]],[[102.0733,14.0826],[102.0735,14.0829],[102.0735,14.0826],[102.0733,14.0826]],[[102.0738,14.0824],[102.0741,14.0829],[102.0744,14.0824],[102.0738,14.0824]],[[102.0819,14.0827],[102.0824,14.083],[102.0824,14.0827],[102.0819,14.0827]],[[102.086,14.0828],[102.0863,14.0831],[102.0863,14.0828],[102.086,14.0828]],[[102.0286,14.0818],[102.0289,14.0821],[102.0289,14.0818],[102.0286,14.0818]],[[102.0302,14.0821],[102.0311,14.0821],[102.0311,14.0818],[102.0305,14.0818],[102.0305,14.0816],[102.03,14.0816],[102.0302,14.0821]],[[102.0394,14.0819],[102.0397,14.0822],[102.0397,14.0819],[102.0394,14.0819]],[[102.0599,14.0825],[102.0605,14.0819],[102.0597,14.0808],[102.0605,14.0808],[102.0608,14.0798],[102.0602,14.0798],[102.06,14.0806],[102.0594,14.0806],[102.0594,14.08],[102.058,14.08],[102.0588,14.0806],[102.058,14.0805],[102.0577,14.0811],[102.0588,14.0808],[102.0591,14.0814],[102.0597,14.0814],[102.0599,14.0825]],[[102.066,14.0825],[102.0672,14.0826],[102.0672,14.0823],[102.0663,14.0823],[102.0663,14.082],[102.066,14.082],[102.0661,14.0817],[102.0658,14.0817],[102.066,14.0825]],[[102.0685,14.0823],[102.0688,14.0826],[102.0688,14.0823],[102.0685,14.0823]],[[102.0727,14.0826],[102.0733,14.0826],[102.073,14.0815],[102.0736,14.0813],[102.0727,14.0813],[102.0727,14.0802],[102.0708,14.0796],[102.0705,14.0807],[102.0722,14.0807],[102.0727,14.0815],[102.0727,14.0826]],[[102.0322,14.0816],[102.0325,14.0819],[102.0325,14.0816],[102.0322,14.0816]],[[102.0397,14.0819],[102.0402,14.0817],[102.0405,14.0809],[102.04,14.0809],[102.0397,14.0819]],[[102.0708,14.0823],[102.0716,14.0823],[102.0716,14.0813],[102.071,14.0818],[102.0708,14.081],[102.0683,14.0801],[102.0686,14.0809],[102.0702,14.0812],[102.0708,14.0823]],[[102.0733,14.0824],[102.0738,14.0824],[102.0738,14.0821],[102.0733,14.0818],[102.0733,14.0824]],[[102.0838,14.0822],[102.0841,14.0825],[102.0841,14.0822],[102.0838,14.0822]],[[102.0297,14.0813],[102.03,14.0816],[102.03,14.0813],[102.0297,14.0813]],[[102.0333,14.0811],[102.0336,14.0816],[102.0336,14.0811],[102.0333,14.0811]],[[102.0372,14.0814],[102.0375,14.0816],[102.0375,14.0814],[102.0372,14.0814]],[[102.0391,14.0811],[102.0394,14.0817],[102.0394,14.0811],[102.0391,14.0811]],[[102.0422,14.0814],[102.0425,14.0817],[102.0425,14.0814],[102.0422,14.0814]],[[102.0574,14.0816],[102.058,14.0819],[102.058,14.0816],[102.0574,14.0816]],[[102.0691,14.0818],[102.0694,14.082],[102.0694,14.0818],[102.0691,14.0818]],[[102.0294,14.081],[102.0297,14.0813],[102.0297,14.081],[102.0294,14.081]],[[102.035,14.0811],[102.0352,14.0813],[102.0352,14.0811],[102.035,14.0811]],[[102.0369,14.0811],[102.0372,14.0814],[102.0372,14.0811],[102.0369,14.0811]],[[102.0416,14.0814],[102.0422,14.0814],[102.0416,14.0806],[102.0422,14.0806],[102.0422,14.0801],[102.043,14.0798],[102.0436,14.079],[102.0458,14.0796],[102.0467,14.0793],[102.0467,14.0788],[102.045,14.079],[102.0447,14.0785],[102.0436,14.0782],[102.0425,14.0793],[102.0428,14.0785],[102.0422,14.0785],[102.0414,14.0798],[102.0403,14.0798],[102.0394,14.0806],[102.0397,14.0811],[102.0403,14.0803],[102.0411,14.0803],[102.0416,14.0814]],[[102.0458,14.0812],[102.0461,14.0815],[102.0461,14.0812],[102.0458,14.0812]],[[102.0477,14.0812],[102.048,14.0815],[102.048,14.0812],[102.0477,14.0812]],[[102.0647,14.0817],[102.0652,14.0817],[102.0652,14.0814],[102.0644,14.0812],[102.0647,14.0817]],[[102.0655,14.0814],[102.0658,14.0817],[102.0658,14.0815],[102.0655,14.0814]],[[102.0738,14.0818],[102.0744,14.0816],[102.0741,14.0805],[102.0736,14.0805],[102.0738,14.0818]],[[102.0333,14.0808],[102.035,14.0811],[102.035,14.0808],[102.0341,14.0808],[102.0342,14.08],[102.0336,14.08],[102.0333,14.0808]],[[102.0425,14.0809],[102.0427,14.0812],[102.0427,14.0809],[102.0425,14.0809]],[[102.0455,14.0809],[102.0458,14.0812],[102.0458,14.0809],[102.0455,14.0809]],[[102.0475,14.081],[102.0477,14.0812],[102.0477,14.081],[102.0475,14.081]],[[102.0633,14.0814],[102.0641,14.0812],[102.0641,14.0809],[102.0633,14.0809],[102.0633,14.0814]],[[102.0652,14.0812],[102.0655,14.0814],[102.0655,14.0812],[102.0652,14.0812]],[[102.0802,14.0816],[102.0808,14.0811],[102.0805,14.0803],[102.0799,14.0803],[102.0802,14.0816]],[[102.0849,14.0814],[102.0852,14.0817],[102.0852,14.0814],[102.0849,14.0814]],[[102.0405,14.0806],[102.0408,14.0809],[102.0408,14.0806],[102.0405,14.0806]],[[102.0422,14.0806],[102.0425,14.0809],[102.0425,14.0806],[102.0422,14.0806]],[[102.0436,14.0806],[102.0439,14.0809],[102.0439,14.0806],[102.0436,14.0806]],[[102.0533,14.0805],[102.0536,14.081],[102.0536,14.0805],[102.0533,14.0805]],[[102.0844,14.0811],[102.0847,14.0814],[102.0847,14.0811],[102.0844,14.0811]],[[102.0364,14.0806],[102.0369,14.0806],[102.0372,14.0795],[102.0367,14.0795],[102.0364,14.0806]],[[102.0475,14.0804],[102.0477,14.0807],[102.0477,14.0804],[102.0475,14.0804]],[[102.048,14.0804],[102.0483,14.0807],[102.0483,14.0804],[102.048,14.0804]],[[102.0569,14.0808],[102.0575,14.0808],[102.0572,14.0789],[102.0569,14.0789],[102.0566,14.0803],[102.0569,14.0808]],[[102.0613,14.0806],[102.0619,14.0809],[102.0619,14.0806],[102.0613,14.0806]],[[102.0669,14.0807],[102.0672,14.0809],[102.0672,14.0807],[102.0669,14.0807]],[[102.0816,14.0808],[102.0819,14.0811],[102.0819,14.0808],[102.0816,14.0808]],[[102.0822,14.0808],[102.0824,14.0811],[102.0824,14.0808],[102.0822,14.0808]],[[102.0294,14.0799],[102.03,14.0802],[102.03,14.0799],[102.0294,14.0799]],[[102.043,14.0804],[102.0436,14.0804],[102.0436,14.0801],[102.043,14.0798],[102.043,14.0804]],[[102.0464,14.0804],[102.0475,14.0804],[102.0475,14.0801],[102.0466,14.0799],[102.0464,14.0804]],[[102.0483,14.0804],[102.0489,14.0802],[102.0483,14.0796],[102.0475,14.0796],[102.0483,14.0804]],[[102.0663,14.0806],[102.0669,14.0807],[102.0669,14.0804],[102.0663,14.0801],[102.0663,14.0806]],[[102.0819,14.0806],[102.0822,14.0808],[102.0822,14.0806],[102.0819,14.0806]],[[102.0824,14.0806],[102.0827,14.0808],[102.0827,14.0806],[102.0824,14.0806]],[[102.0838,14.0806],[102.0841,14.0809],[102.0841,14.0806],[102.0838,14.0806]],[[102.0292,14.0796],[102.0294,14.0799],[102.0294,14.0797],[102.0292,14.0796]],[[102.0539,14.08],[102.0541,14.0802],[102.0541,14.08],[102.0539,14.08]],[[102.0616,14.08],[102.0619,14.0803],[102.0619,14.0801],[102.0616,14.08]],[[102.0697,14.0801],[102.07,14.0804],[102.07,14.0801],[102.0697,14.0801]],[[102.0791,14.0803],[102.0794,14.0805],[102.0794,14.0803],[102.0791,14.0803]],[[102.0808,14.0803],[102.0811,14.0806],[102.0811,14.0803],[102.0808,14.0803]],[[102.0289,14.0794],[102.0292,14.0796],[102.0292,14.0794],[102.0289,14.0794]],[[102.0597,14.0798],[102.06,14.08],[102.06,14.0798],[102.0597,14.0798]],[[102.0619,14.0798],[102.0622,14.0801],[102.0622,14.0798],[102.0619,14.0798]],[[102.0575,14.0797],[102.058,14.0795],[102.058,14.0789],[102.0575,14.0789],[102.0575,14.0797]],[[102.0822,14.0798],[102.0825,14.08],[102.0825,14.0798],[102.0822,14.0798]],[[102.0827,14.0798],[102.083,14.08],[102.083,14.0798],[102.0827,14.0798]],[[102.048,14.0791],[102.0483,14.0793],[102.0483,14.0791],[102.048,14.0791]],[[102.053,14.0786],[102.0533,14.0791],[102.0533,14.0786],[102.053,14.0786]],[[102.0586,14.0792],[102.0589,14.0784],[102.0583,14.0781],[102.058,14.0789],[102.0586,14.0787],[102.0586,14.0792]],[[102.0691,14.0788],[102.0694,14.0793],[102.0694,14.0788],[102.0691,14.0788]],[[102.0833,14.0792],[102.0836,14.0795],[102.0836,14.0792],[102.0833,14.0792]],[[102.0311,14.0783],[102.0317,14.0786],[102.0317,14.0783],[102.0311,14.0783]],[[102.045,14.0785],[102.0453,14.0788],[102.0453,14.0785],[102.045,14.0785]],[[102.0567,14.0784],[102.0569,14.0789],[102.0569,14.0784],[102.0567,14.0784]],[[102.0675,14.079],[102.0689,14.0791],[102.0689,14.0788],[102.0675,14.0785],[102.0675,14.079]],[[102.0844,14.079],[102.0847,14.0792],[102.0847,14.079],[102.0844,14.079]],[[102.0317,14.0778],[102.032,14.0783],[102.032,14.0778],[102.0317,14.0778]],[[102.0333,14.0781],[102.0336,14.0783],[102.0336,14.0781],[102.0333,14.0781]],[[102.0392,14.0781],[102.0394,14.0784],[102.0395,14.0782],[102.0392,14.0781]],[[102.0428,14.0785],[102.0433,14.0782],[102.0431,14.0777],[102.0428,14.0776],[102.0428,14.0785]],[[102.0483,14.0783],[102.0486,14.0785],[102.0486,14.0783],[102.0483,14.0783]],[[102.0481,14.078],[102.0483,14.0783],[102.0483,14.078],[102.0481,14.078]],[[102.0506,14.0783],[102.0514,14.078],[102.05,14.0775],[102.05,14.0777],[102.0506,14.0783]],[[102.0569,14.0781],[102.0572,14.0784],[102.0572,14.0781],[102.0569,14.0781]],[[102.0841,14.0784],[102.0844,14.0787],[102.0844,14.0784],[102.0841,14.0784]],[[102.0486,14.078],[102.05,14.078],[102.05,14.0777],[102.0489,14.0777],[102.0486,14.0772],[102.0481,14.0772],[102.0486,14.078]],[[102.0425,14.0768],[102.0428,14.0776],[102.0431,14.0766],[102.0425,14.0768]],[[102.0436,14.0774],[102.0439,14.0777],[102.0439,14.0774],[102.0436,14.0774]],[[102.0511,14.0778],[102.0517,14.0778],[102.0517,14.0772],[102.0514,14.0772],[102.0511,14.0778]],[[102.0284,14.0769],[102.0286,14.0772],[102.0286,14.0769],[102.0284,14.0769]],[[102.0392,14.0771],[102.0395,14.0773],[102.0395,14.0771],[102.0392,14.0771]],[[102.0411,14.0771],[102.0414,14.0774],[102.0414,14.0771],[102.0411,14.0771]],[[102.0453,14.0774],[102.0459,14.0769],[102.0456,14.075],[102.0453,14.075],[102.0453,14.0774]],[[102.052,14.0772],[102.0522,14.0775],[102.0522,14.0772],[102.052,14.0772]],[[102.0525,14.0772],[102.0528,14.0775],[102.0528,14.0772],[102.0525,14.0772]],[[102.0561,14.0775],[102.0567,14.0775],[102.057,14.077],[102.0564,14.077],[102.0561,14.0775]],[[102.0569,14.0773],[102.0572,14.0776],[102.0572,14.0773],[102.0569,14.0773]],[[102.0472,14.0769],[102.0475,14.0772],[102.0475,14.0769],[102.0472,14.0769]],[[102.0384,14.0765],[102.0386,14.0768],[102.0386,14.0765],[102.0384,14.0765]],[[102.0517,14.0769],[102.0522,14.0759],[102.0531,14.0756],[102.0528,14.0751],[102.052,14.0756],[102.0517,14.0769]],[[102.0542,14.0767],[102.0545,14.077],[102.0545,14.0767],[102.0542,14.0767]],[[102.0575,14.0765],[102.0578,14.077],[102.0578,14.0765],[102.0575,14.0765]],[[102.0389,14.0762],[102.0392,14.0765],[102.0392,14.0763],[102.0389,14.0762]],[[102.0431,14.0763],[102.0434,14.0766],[102.0434,14.0763],[102.0431,14.0763]],[[102.0467,14.0763],[102.047,14.0766],[102.047,14.0763],[102.0467,14.0763]],[[102.0522,14.0764],[102.0525,14.0767],[102.0525,14.0764],[102.0522,14.0764]],[[102.05,14.0761],[102.0503,14.0764],[102.0503,14.0761],[102.05,14.0761]],[[102.0528,14.0761],[102.0531,14.0764],[102.0531,14.0761],[102.0528,14.0761]],[[102.0534,14.0759],[102.0536,14.0764],[102.0536,14.0759],[102.0534,14.0759]],[[102.0578,14.0757],[102.0581,14.0765],[102.0581,14.0757],[102.0578,14.0757]],[[102.0375,14.0757],[102.0378,14.076],[102.0378,14.0757],[102.0375,14.0757]],[[102.0411,14.0757],[102.0414,14.076],[102.0414,14.0757],[102.0411,14.0757]],[[102.0467,14.0758],[102.0472,14.0761],[102.0473,14.0758],[102.0467,14.0758]],[[102.0389,14.0757],[102.0395,14.0757],[102.0395,14.0754],[102.0387,14.0752],[102.0389,14.0757]],[[102.0398,14.0754],[102.04,14.0757],[102.04,14.0754],[102.0398,14.0754]],[[102.0473,14.0755],[102.0475,14.0758],[102.0475,14.0755],[102.0473,14.0755]],[[102.0484,14.0758],[102.0489,14.0756],[102.0478,14.075],[102.0478,14.0753],[102.0484,14.0758]],[[102.0503,14.0756],[102.0506,14.0758],[102.0506,14.0756],[102.0503,14.0756]],[[102.0531,14.0756],[102.0534,14.0759],[102.0534,14.0756],[102.0531,14.0756]],[[102.0467,14.0753],[102.047,14.0755],[102.047,14.0753],[102.0467,14.0753]],[[102.0514,14.0753],[102.0517,14.0756],[102.0517,14.0753],[102.0514,14.0753]],[[102.037,14.0746],[102.0375,14.0751],[102.0376,14.0746],[102.037,14.0746]],[[102.0403,14.0752],[102.0409,14.0752],[102.0412,14.0746],[102.0401,14.0746],[102.0398,14.0741],[102.0392,14.0741],[102.0403,14.0752]],[[102.0517,14.0753],[102.0525,14.0748],[102.0528,14.0734],[102.054,14.0729],[102.0526,14.0732],[102.0517,14.0753]],[[102.045,14.0747],[102.0453,14.075],[102.0453,14.0747],[102.045,14.0747]],[[102.047,14.0747],[102.0475,14.075],[102.0475,14.0747],[102.047,14.0747]],[[102.0561,14.0748],[102.0573,14.0751],[102.0573,14.0748],[102.0561,14.0748]],[[102.0414,14.0747],[102.042,14.0747],[102.042,14.0738],[102.0417,14.0738],[102.0414,14.0747]],[[102.0462,14.0744],[102.0464,14.0747],[102.0464,14.0744],[102.0462,14.0744]],[[102.0498,14.0745],[102.05,14.0748],[102.05,14.0745],[102.0498,14.0745]],[[102.0495,14.0742],[102.0498,14.0745],[102.0498,14.0742],[102.0495,14.0742]],[[102.0581,14.0743],[102.0586,14.0746],[102.0587,14.0743],[102.0581,14.0743]],[[102.0353,14.0738],[102.0356,14.074],[102.0356,14.0738],[102.0353,14.0738]],[[102.0492,14.0739],[102.0495,14.0742],[102.0495,14.0739],[102.0492,14.0739]],[[102.0573,14.0743],[102.0578,14.0743],[102.0578,14.0738],[102.0573,14.0738],[102.0573,14.0743]],[[102.0392,14.0738],[102.0398,14.0738],[102.0403,14.073],[102.0398,14.073],[102.0392,14.0738]],[[102.0506,14.0734],[102.0509,14.0737],[102.0509,14.0734],[102.0506,14.0734]],[[102.0564,14.0738],[102.0567,14.0732],[102.0559,14.0727],[102.0556,14.0713],[102.0551,14.0708],[102.0551,14.0721],[102.0556,14.0724],[102.0556,14.0732],[102.0562,14.0732],[102.0564,14.0738]],[[102.0584,14.0735],[102.0587,14.0738],[102.0587,14.0735],[102.0584,14.0735]],[[102.0517,14.0734],[102.0523,14.0734],[102.0523,14.0732],[102.0515,14.0729],[102.0517,14.0734]],[[102.0581,14.0732],[102.0584,14.0735],[102.0584,14.0732],[102.0581,14.0732]],[[102.0359,14.073],[102.037,14.0727],[102.0365,14.0716],[102.0359,14.0716],[102.0365,14.0724],[102.0359,14.073]],[[102.0403,14.073],[102.0409,14.073],[102.0412,14.0725],[102.0406,14.0725],[102.0403,14.073]],[[102.054,14.0726],[102.0542,14.0729],[102.0542,14.0726],[102.054,14.0726]],[[102.0437,14.0722],[102.044,14.0725],[102.044,14.0722],[102.0437,14.0722]],[[102.0542,14.0726],[102.0551,14.0724],[102.0548,14.071],[102.0545,14.071],[102.0545,14.0724],[102.0542,14.0724],[102.0542,14.0726]],[[102.044,14.0722],[102.0448,14.0723],[102.0448,14.0717],[102.0437,14.0717],[102.044,14.0722]],[[102.054,14.0721],[102.0542,14.0724],[102.0542,14.0721],[102.054,14.0721]],[[102.0565,14.0719],[102.0567,14.0721],[102.0567,14.0719],[102.0565,14.0719]],[[102.0601,14.0714],[102.0604,14.0716],[102.0604,14.0714],[102.0601,14.0714]],[[102.0604,14.0711],[102.0606,14.0714],[102.0606,14.0711],[102.0604,14.0711]],[[102.0623,14.0708],[102.0626,14.0714],[102.0626,14.0708],[102.0623,14.0708]],[[102.0606,14.0708],[102.0612,14.0711],[102.0612,14.0708],[102.0606,14.0708]],[[102.0626,14.0706],[102.0629,14.0709],[102.0629,14.0706],[102.0626,14.0706]],[[102.0323,14.0702],[102.0332,14.0702],[102.0335,14.0694],[102.0324,14.0691],[102.0323,14.0702]],[[102.0581,14.0703],[102.0584,14.0705],[102.0584,14.0703],[102.0581,14.0703]],[[102.0598,14.0703],[102.0601,14.0705],[102.0601,14.0703],[102.0598,14.0703]],[[102.0612,14.0706],[102.0629,14.0698],[102.064,14.0698],[102.0643,14.0692],[102.0623,14.0695],[102.0615,14.07],[102.0609,14.0697],[102.0612,14.0706]],[[102.0459,14.0698],[102.0462,14.0701],[102.0462,14.0698],[102.0459,14.0698]],[[102.0476,14.0699],[102.0479,14.0701],[102.0479,14.0699],[102.0476,14.0699]],[[102.0587,14.07],[102.059,14.0703],[102.059,14.07],[102.0587,14.07]],[[102.0604,14.0697],[102.0606,14.0703],[102.0607,14.0697],[102.0604,14.0697]],[[102.0465,14.0696],[102.0468,14.0698],[102.0468,14.0696],[102.0465,14.0696]],[[102.0448,14.0693],[102.0454,14.0696],[102.0454,14.0693],[102.0448,14.0693]],[[102.0598,14.0697],[102.0607,14.0695],[102.0609,14.0689],[102.0601,14.0689],[102.0598,14.0697]],[[102.0437,14.0693],[102.0448,14.0693],[102.0448,14.0687],[102.044,14.0687],[102.044,14.0682],[102.0446,14.0674],[102.0454,14.0671],[102.0452,14.0652],[102.0446,14.0655],[102.0449,14.0663],[102.0426,14.0668],[102.044,14.0671],[102.0435,14.0679],[102.0437,14.0693]],[[102.0454,14.069],[102.0457,14.0693],[102.0457,14.069],[102.0454,14.069]],[[102.0643,14.069],[102.0651,14.0693],[102.0651,14.069],[102.0643,14.069]],[[102.0457,14.0682],[102.046,14.0687],[102.046,14.0682],[102.0457,14.0682]],[[102.0598,14.0686],[102.0601,14.0689],[102.0601,14.0686],[102.0598,14.0686]],[[102.0651,14.0687],[102.0657,14.069],[102.0657,14.0687],[102.0651,14.0687]],[[102.0596,14.0684],[102.0598,14.0686],[102.0598,14.0684],[102.0596,14.0684]],[[102.0451,14.0674],[102.0454,14.0679],[102.0454,14.0674],[102.0451,14.0674]],[[102.0457,14.0677],[102.046,14.0679],[102.046,14.0677],[102.0457,14.0677]],[[102.0604,14.0678],[102.0607,14.0681],[102.0607,14.0678],[102.0604,14.0678]],[[102.0335,14.0664],[102.0338,14.0667],[102.0338,14.0664],[102.0335,14.0664]],[[102.0424,14.0668],[102.0427,14.0652],[102.0438,14.0647],[102.0449,14.0649],[102.0449,14.0644],[102.0441,14.0644],[102.0449,14.0636],[102.0435,14.0625],[102.0424,14.0627],[102.0421,14.0644],[102.0427,14.0649],[102.0421,14.0649],[102.0418,14.066],[102.0418,14.0665],[102.0424,14.0668]],[[102.0399,14.066],[102.0402,14.0662],[102.0402,14.066],[102.0399,14.066]],[[102.0396,14.0657],[102.0399,14.066],[102.0399,14.0657],[102.0396,14.0657]],[[102.0393,14.0654],[102.0396,14.0657],[102.0396,14.0654],[102.0393,14.0654]],[[102.0399,14.0643],[102.0407,14.0638],[102.0408,14.063],[102.0416,14.0627],[102.0422,14.0619],[102.0416,14.0608],[102.0416,14.0619],[102.0405,14.0611],[102.0394,14.0611],[102.0399,14.0616],[102.0394,14.0641],[102.0399,14.0638],[102.0399,14.0643]],[[102.0424,14.0617],[102.0427,14.0619],[102.0427,14.0617],[102.0424,14.0617]],[[102.0388,14.0613],[102.0391,14.0616],[102.0391,14.0613],[102.0388,14.0613]],[[102.0422,14.0603],[102.0427,14.0603],[102.0425,14.0595],[102.0422,14.0595],[102.0422,14.0603]],[[102.0411,14.0589],[102.0416,14.0595],[102.0416,14.0589],[102.0411,14.0589]]]}},{"type":"Feature","properties":{"kind":"seasonal","area_km2":3.686,"date":"2026-10-04"},"geometry":{"type":"Polygon","coordinates":[[[102.4265,14.0452],[102.4263,14.0444],[102.4254,14.0441],[102.4254,14.043],[102.426,14.0425],[102.4235,14.0419],[102.4235,14.0406],[102.4252,14.0406],[102.426,14.0411],[102.4263,14.0398],[102.4258,14.0392],[102.4244,14.0392],[102.4238,14.0384],[102.4233,14.0389],[102.4208,14.0386],[102.4205,14.0392],[102.4191,14.0392],[102.4183,14.0386],[102.418,14.037],[102.4172,14.0364],[102.4161,14.0364],[102.4147,14.0345],[102.4114,14.0342],[102.4114,14.0331],[102.4125,14.0326],[102.4125,14.0315],[102.4136,14.0318],[102.4139,14.0312],[102.4159,14.0313],[102.4159,14.0304],[102.4148,14.0299],[102.4151,14.0266],[102.4156,14.0261],[102.4156,14.0253],[102.4137,14.0255],[102.4134,14.0239],[102.4129,14.0239],[102.4128,14.0274],[102.4115,14.0274],[102.4104,14.0255],[102.4087,14.0263],[102.4073,14.0263],[102.407,14.0255],[102.4065,14.0265],[102.4064,14.0287],[102.4051,14.0287],[102.4051,14.0279],[102.4026,14.0279],[102.4026,14.027],[102.404,14.026],[102.4023,14.0254],[102.4023,14.0235],[102.402,14.0249],[102.399,14.0251],[102.399,14.0238],[102.4001,14.0238],[102.4007,14.023],[102.4015,14.023],[102.4021,14.0219],[102.4054,14.0219],[102.4038,14.0211],[102.4035,14.0203],[102.4018,14.0197],[102.4016,14.0154],[102.4022,14.0154],[102.4022,14.014],[102.4033,14.014],[102.4038,14.0146],[102.4038,14.016],[102.4033,14.0162],[102.4033,14.0168],[102.4044,14.0168],[102.4049,14.0179],[102.4071,14.0184],[102.4069,14.0168],[102.408,14.0163],[102.408,14.0155],[102.4088,14.0147],[102.4105,14.0147],[102.4105,14.0152],[102.4113,14.0158],[102.4127,14.0158],[102.4133,14.0152],[102.4146,14.0155],[102.4155,14.015],[102.4144,14.0136],[102.4147,14.0131],[102.4169,14.0131],[102.4188,14.0126],[102.4188,14.0131],[102.4194,14.0134],[102.4191,14.015],[102.4208,14.0153],[102.421,14.0145],[102.4205,14.0142],[102.4205,14.0134],[102.4222,14.0124],[102.4222,14.0107],[102.4214,14.0102],[102.4214,14.0096],[102.423,14.0102],[102.4225,14.0107],[102.4227,14.0124],[102.4216,14.0132],[102.4221,14.0148],[102.421,14.0159],[102.4196,14.0158],[102.4185,14.0153],[102.4186,14.0137],[102.4161,14.0136],[102.416,14.0155],[102.4133,14.0158],[102.4132,14.0163],[102.4124,14.0169],[102.4096,14.0174],[102.4096,14.0179],[102.4107,14.0185],[102.4093,14.0182],[102.4088,14.0195],[102.4082,14.0195],[102.408,14.0184],[102.4077,14.019],[102.4057,14.0187],[102.4049,14.0198],[102.4054,14.0203],[102.4063,14.0203],[102.4063,14.0211],[102.4079,14.0209],[102.4079,14.0217],[102.4074,14.0222],[102.4076,14.023],[102.4082,14.023],[102.4082,14.0225],[102.4098,14.0231],[102.4087,14.0244],[102.4115,14.0242],[102.412,14.0247],[102.4121,14.0239],[102.4126,14.0236],[102.4129,14.0226],[102.4137,14.0223],[102.4137,14.0217],[102.4149,14.0215],[102.4151,14.021],[102.4171,14.0212],[102.4165,14.0215],[102.4165,14.022],[102.4157,14.022],[102.4151,14.0231],[102.4151,14.0242],[102.4165,14.0239],[102.417,14.0245],[102.417,14.0258],[102.4162,14.0269],[102.4162,14.0283],[102.417,14.028],[102.4173,14.0272],[102.4187,14.027],[102.4189,14.0283],[102.4195,14.0283],[102.4195,14.0294],[102.4217,14.0292],[102.422,14.0308],[102.4225,14.0308],[102.4228,14.0313],[102.4225,14.0324],[102.4206,14.0316],[102.42,14.0321],[102.4183,14.0324],[102.4178,14.0334],[102.4156,14.0329],[102.4156,14.0334],[102.4161,14.0334],[102.4164,14.0345],[102.4169,14.0348],[102.4166,14.0356],[102.4189,14.0351],[102.4194,14.0362],[102.4205,14.0359],[102.4192,14.0345],[102.4194,14.0329],[102.42,14.0343],[102.4211,14.0348],[102.4233,14.0346],[102.4239,14.0351],[102.4236,14.0343],[102.4222,14.034],[102.4222,14.0335],[102.423,14.0335],[102.4231,14.033],[102.4236,14.0327],[102.4236,14.0313],[102.4223,14.0273],[102.4234,14.0278],[102.4236,14.0305],[102.4253,14.0314],[102.4256,14.0305],[102.4245,14.0292],[102.425,14.0284],[102.4245,14.0267],[102.424,14.0267],[102.4245,14.0265],[102.4245,14.0257],[102.4237,14.0256],[102.4237,14.0251],[102.4248,14.0246],[102.4245,14.024],[102.4251,14.024],[102.4254,14.0232],[102.4265,14.0232],[102.4281,14.0252],[102.4281,14.0276],[102.4289,14.0279],[102.4284,14.03],[102.4292,14.0306],[102.4292,14.0295],[102.43,14.0292],[102.4295,14.0284],[102.43,14.0282],[102.4301,14.0276],[102.4292,14.0273],[102.4301,14.0254],[102.4317,14.0252],[102.4318,14.0247],[102.4323,14.0247],[102.4331,14.0239],[102.4365,14.0239],[102.4365,14.0255],[102.437,14.0258],[102.4373,14.0244],[102.4379,14.0244],[102.4382,14.0234],[102.439,14.0231],[102.4382,14.0215],[102.4396,14.0218],[102.4393,14.0223],[102.4418,14.022],[102.4409,14.0215],[102.441,14.0204],[102.4418,14.0202],[102.4401,14.0201],[102.4407,14.0196],[102.4407,14.0188],[102.4391,14.0171],[102.4357,14.0166],[102.4352,14.016],[102.4371,14.016],[102.4421,14.0183],[102.4421,14.0191],[102.4429,14.0191],[102.4435,14.0196],[102.4435,14.0207],[102.4448,14.0213],[102.4448,14.0226],[102.4437,14.0229],[102.4437,14.0242],[102.4423,14.0242],[102.4418,14.0237],[102.4414,14.0264],[102.4392,14.0264],[102.4387,14.0253],[102.4387,14.0266],[102.4373,14.028],[102.4375,14.0296],[102.4356,14.0293],[102.4356,14.0247],[102.4334,14.0247],[102.4331,14.0252],[102.4326,14.0252],[102.4317,14.0263],[102.4312,14.0263],[102.4303,14.0271],[102.4303,14.0279],[102.4314,14.0287],[102.4314,14.0301],[102.43,14.0309],[102.4297,14.0325],[102.4283,14.0325],[102.4275,14.0308],[102.427,14.0306],[102.427,14.0292],[102.4275,14.0289],[102.4276,14.0254],[102.4265,14.0241],[102.4254,14.0243],[102.4248,14.0265],[102.4256,14.0273],[102.4256,14.0292],[102.4267,14.0303],[102.4267,14.0319],[102.425,14.0333],[102.425,14.0341],[102.4261,14.0349],[102.4261,14.0368],[102.4288,14.0363],[102.4288,14.0376],[102.4294,14.0382],[102.4294,14.039],[102.4302,14.0395],[102.4305,14.0409],[102.4304,14.0431],[102.4293,14.0431],[102.4293,14.0417],[102.4285,14.0417],[102.4285,14.0444],[102.4279,14.0444],[102.4276,14.0452],[102.4265,14.0452]],[[102.4252,14.0384],[102.4255,14.0387],[102.4255,14.0384],[102.4252,14.0384]],[[102.4274,14.0384],[102.428,14.0387],[102.428,14.0384],[102.4274,14.0384]],[[102.4255,14.0381],[102.4258,14.0384],[102.4258,14.0381],[102.4255,14.0381]],[[102.4272,14.0376],[102.4274,14.0379],[102.4274,14.0376],[102.4272,14.0376]],[[102.42,14.0367],[102.4202,14.0373],[102.4202,14.0367],[102.42,14.0367]],[[102.4247,14.036],[102.4252,14.036],[102.4252,14.0354],[102.4244,14.0354],[102.4247,14.036]],[[102.4239,14.0351],[102.4244,14.0354],[102.4244,14.0351],[102.4239,14.0351]],[[102.4195,14.0299],[102.4198,14.0305],[102.4198,14.0299],[102.4195,14.0299]],[[102.42,14.0302],[102.4203,14.0305],[102.4203,14.0302],[102.42,14.0302]],[[102.4076,14.0236],[102.4079,14.0241],[102.4082,14.0236],[102.4076,14.0236]],[[102.4096,14.0168],[102.4102,14.0171],[102.4102,14.0168],[102.4096,14.0168]]]}},{"type":"Feature","properties":{"kind":"seasonal","area_km2":1.956,"date":"2026-10-04"},"geometry":{"type":"Polygon","coordinates":[[[102.2593,14.4271],[102.2587,14.426],[102.2565,14.4259],[102.2562,14.4243],[102.2548,14.4235],[102.2523,14.4237],[102.2515,14.4232],[102.249,14.4229],[102.2485,14.4237],[102.2468,14.4237],[102.2462,14.4226],[102.2435,14.4223],[102.2429,14.4215],[102.2412,14.4217],[102.2396,14.4206],[102.2349,14.4205],[102.2343,14.4195],[102.231,14.4191],[102.231,14.4183],[102.2299,14.4175],[102.2299,14.4159],[102.2305,14.4156],[102.2305,14.4145],[102.2299,14.4145],[102.2297,14.414],[102.2258,14.4139],[102.2261,14.4129],[102.225,14.4128],[102.2244,14.4115],[102.223,14.4107],[102.2233,14.4096],[102.2222,14.4098],[102.2222,14.4087],[102.2233,14.4088],[102.2233,14.4082],[102.2242,14.408],[102.2239,14.4052],[102.2245,14.4052],[102.2251,14.4042],[102.2242,14.4031],[102.2237,14.4031],[102.2231,14.402],[102.2232,14.4006],[102.2248,14.4006],[102.2251,14.3998],[102.2262,14.3998],[102.226,14.3988],[102.2254,14.3988],[102.2249,14.3979],[102.2237,14.3979],[102.2238,14.3971],[102.2246,14.3966],[102.2257,14.3966],[102.2268,14.3955],[102.2274,14.3944],[102.2275,14.3901],[102.2283,14.3896],[102.2297,14.3899],[102.2302,14.3893],[102.23,14.388],[102.2305,14.3877],[102.2306,14.3872],[102.2317,14.3872],[102.232,14.3861],[102.2328,14.3861],[102.2336,14.3869],[102.235,14.3869],[102.2372,14.3881],[102.2411,14.3884],[102.2425,14.3859],[102.2436,14.3854],[102.2436,14.386],[102.2428,14.3868],[102.2428,14.3884],[102.2416,14.3889],[102.2403,14.3889],[102.2403,14.3894],[102.2397,14.3894],[102.2397,14.3889],[102.2366,14.3889],[102.2364,14.388],[102.2336,14.3877],[102.233,14.3885],[102.2336,14.3896],[102.2316,14.3896],[102.2316,14.3904],[102.2291,14.3912],[102.2291,14.3918],[102.2285,14.392],[102.2282,14.395],[102.2277,14.3955],[102.2277,14.3963],[102.2271,14.3963],[102.2268,14.3969],[102.2274,14.3969],[102.2271,14.3977],[102.2276,14.3982],[102.2285,14.3982],[102.2284,14.3999],[102.229,14.3999],[102.229,14.3993],[102.2296,14.3999],[102.2279,14.4004],[102.2279,14.4015],[102.2287,14.4018],[102.2301,14.4042],[102.229,14.4042],[102.229,14.4037],[102.2284,14.4034],[102.2281,14.405],[102.2284,14.4061],[102.23,14.4069],[102.2297,14.4091],[102.2303,14.4091],[102.2303,14.4099],[102.2292,14.4099],[102.2294,14.4107],[102.2289,14.4107],[102.228,14.4115],[102.2294,14.4126],[102.2305,14.4126],[102.2305,14.4134],[102.2311,14.4135],[102.2316,14.4156],[102.2324,14.4156],[102.2324,14.4165],[102.233,14.4165],[102.2335,14.4175],[102.2357,14.4173],[102.2371,14.4187],[102.2393,14.419],[102.2402,14.4198],[102.2413,14.4195],[102.2418,14.4201],[102.2429,14.4201],[102.2429,14.4206],[102.2438,14.4204],[102.2449,14.4215],[102.2471,14.4215],[102.2476,14.4223],[102.2493,14.4218],[102.2501,14.4226],[102.2526,14.4224],[102.2526,14.4232],[102.2543,14.4227],[102.2557,14.423],[102.2568,14.4241],[102.2568,14.4254],[102.2573,14.4254],[102.2573,14.4249],[102.2587,14.4252],[102.2598,14.426],[102.2598,14.4268],[102.2609,14.4257],[102.2626,14.4252],[102.2604,14.4271],[102.2593,14.4271]],[[102.2275,14.411],[102.2278,14.4112],[102.2278,14.411],[102.2275,14.411]],[[102.2266,14.4107],[102.2275,14.411],[102.2275,14.4107],[102.2266,14.4107]]]}},{"type":"Feature","properties":{"kind":"seasonal","area_km2":1.45,"date":"2026-10-04"},"geometry":{"type":"Polygon","coordinates":[[[102.1338,14.4521],[102.1342,14.4473],[102.1322,14.447],[102.1311,14.4478],[102.1308,14.4486],[102.1297,14.4486],[102.13,14.4469],[102.1292,14.4458],[102.1286,14.4458],[102.1286,14.4464],[102.1278,14.4464],[102.1273,14.4436],[102.1264,14.4436],[102.1264,14.445],[102.1258,14.445],[102.1258,14.4455],[102.1244,14.4458],[102.1248,14.4436],[102.1237,14.4428],[102.1237,14.4414],[102.1231,14.4414],[102.1231,14.4422],[102.1223,14.4422],[102.1223,14.4428],[102.1231,14.4428],[102.1222,14.4439],[102.1231,14.4441],[102.1231,14.4449],[102.1214,14.446],[102.12,14.446],[102.1195,14.4452],[102.1195,14.4444],[102.1206,14.4433],[102.1195,14.4433],[102.1192,14.4427],[102.1186,14.4427],[102.1192,14.4457],[102.1183,14.4462],[102.1175,14.446],[102.117,14.4449],[102.1153,14.4449],[102.1142,14.4454],[102.1131,14.4451],[102.1131,14.4435],[102.1139,14.4435],[102.1145,14.4429],[102.1139,14.4413],[102.1126,14.4405],[102.1117,14.4413],[102.1089,14.441],[102.1081,14.4399],[102.1073,14.4399],[102.1073,14.4391],[102.1081,14.4388],[102.109,14.4377],[102.1118,14.4383],[102.1118,14.4378],[102.1126,14.4378],[102.1132,14.4372],[102.1129,14.4364],[102.1137,14.437],[102.1137,14.4356],[102.1143,14.4356],[102.1146,14.4348],[102.1157,14.4348],[102.116,14.4354],[102.1185,14.4354],[102.1178,14.4411],[102.1195,14.4422],[102.1206,14.4422],[102.1226,14.4406],[102.124,14.4404],[102.1245,14.4398],[102.1276,14.4396],[102.1278,14.4426],[102.1286,14.4434],[102.1298,14.4434],[102.1306,14.4442],[102.1322,14.4448],[102.1325,14.4453],[102.1345,14.4454],[102.1344,14.4521],[102.1338,14.4521]]]}},{"type":"Feature","properties":{"kind":"seasonal","area_km2":1.274,"date":"2026-10-04"},"geometry":{"type":"Polygon","coordinates":[[[102.5701,14.7091],[102.5684,14.7088],[102.5676,14.7072],[102.5685,14.7072],[102.5701,14.7061],[102.5715,14.7064],[102.5729,14.7053],[102.5738,14.7053],[102.5743,14.7037],[102.5752,14.7037],[102.5752,14.7029],[102.5757,14.7029],[102.5794,14.6992],[102.5797,14.6997],[102.5805,14.6994],[102.5805,14.6986],[102.58,14.6986],[102.5808,14.6973],[102.5806,14.6959],[102.5758,14.697],[102.5747,14.6967],[102.5744,14.6975],[102.5716,14.698],[102.5702,14.6991],[102.568,14.6993],[102.5669,14.7001],[102.5618,14.7017],[102.5616,14.7025],[102.5604,14.7033],[102.5607,14.7049],[102.5596,14.7052],[102.5598,14.7063],[102.5604,14.7063],[102.5607,14.7068],[102.5607,14.7082],[102.5598,14.7082],[102.559,14.7065],[102.5584,14.7065],[102.5582,14.7071],[102.557,14.7071],[102.5579,14.7068],[102.5576,14.7057],[102.5582,14.7057],[102.5582,14.7052],[102.5593,14.7046],[102.5593,14.7038],[102.5585,14.7033],[102.5585,14.7025],[102.5599,14.7014],[102.5599,14.7006],[102.5621,14.6993],[102.5666,14.6982],[102.5669,14.6977],[102.5694,14.6972],[102.5697,14.6966],[102.5705,14.6966],[102.5722,14.6956],[102.5733,14.6956],[102.5736,14.695],[102.5825,14.6935],[102.5833,14.6984],[102.5828,14.6987],[102.5822,14.7003],[102.5785,14.704],[102.578,14.704],[102.578,14.7046],[102.5774,14.7046],[102.5749,14.707],[102.5735,14.707],[102.5732,14.7075],[102.5724,14.7075],[102.5701,14.7085],[102.5701,14.7091]]]}},{"type":"Feature","properties":{"kind":"seasonal","area_km2":1.073,"date":"2026-10-04"},"geometry":{"type":"Polygon","coordinates":[[[102.8082,14.8809],[102.8076,14.8803],[102.8062,14.8803],[102.8059,14.879],[102.8065,14.8779],[102.8065,14.8757],[102.8074,14.8738],[102.8074,14.8714],[102.808,14.8709],[102.8086,14.8668],[102.8158,14.8669],[102.8161,14.8679],[102.8152,14.869],[102.8152,14.8712],[102.8147,14.8715],[102.8141,14.8744],[102.8129,14.8763],[102.8129,14.8777],[102.8124,14.8782],[102.8112,14.8782],[102.8107,14.8793],[102.8107,14.8806],[102.8104,14.8795],[102.8096,14.8793],[102.8093,14.8809],[102.8082,14.8809]]]}},{"type":"Feature","properties":{"kind":"seasonal","area_km2":0.983,"date":"2026-10-04"},"geometry":{"type":"Polygon","coordinates":[[[102.2673,14.4066],[102.267,14.4047],[102.2676,14.4044],[102.2676,14.4036],[102.2679,14.4041],[102.2684,14.4036],[102.2707,14.4036],[102.2748,14.4039],[102.2754,14.4045],[102.2776,14.4037],[102.2782,14.401],[102.2776,14.401],[102.2766,14.3994],[102.2754,14.3991],[102.2749,14.3977],[102.2752,14.3966],[102.2744,14.3944],[102.2727,14.3933],[102.2725,14.3923],[102.2719,14.3923],[102.2713,14.3933],[102.268,14.3938],[102.2663,14.3946],[102.2658,14.3954],[102.2644,14.3957],[102.2646,14.3962],[102.2641,14.3968],[102.2624,14.3973],[102.2621,14.3981],[102.2616,14.3981],[102.2613,14.3986],[102.2599,14.3989],[102.2599,14.3997],[102.2593,14.4002],[102.2562,14.4007],[102.2543,14.3996],[102.2538,14.3977],[102.2546,14.3964],[102.2547,14.3918],[102.2566,14.3918],[102.2575,14.391],[102.2586,14.3913],[102.2583,14.3918],[102.2561,14.3923],[102.2552,14.3931],[102.2554,14.3999],[102.2571,14.3999],[102.2582,14.3991],[102.259,14.3991],[102.2593,14.3986],[102.2602,14.3986],[102.2604,14.3975],[102.2613,14.3975],[102.2618,14.3967],[102.2624,14.3967],[102.2632,14.3959],[102.2633,14.3954],[102.2646,14.3951],[102.2658,14.3938],[102.2669,14.3933],[102.2686,14.3933],[102.2694,14.3925],[102.2714,14.3922],[102.2722,14.3906],[102.2742,14.3907],[102.2744,14.3923],[102.2758,14.3926],[102.2758,14.3931],[102.278,14.3948],[102.278,14.3977],[102.2766,14.398],[102.2766,14.3985],[102.2777,14.3983],[102.2785,14.3999],[102.2804,14.4005],[102.2815,14.4016],[102.2815,14.4035],[102.2809,14.4037],[102.2807,14.4048],[102.2754,14.4056],[102.2743,14.4056],[102.2743,14.405],[102.2679,14.4047],[102.2678,14.4063],[102.2673,14.4066]]]}},{"type":"Feature","properties":{"kind":"seasonal","area_km2":0.977,"date":"2026-10-04"},"geometry":{"type":"Polygon","coordinates":[[[102.071,14.0674],[102.0699,14.0666],[102.0707,14.0663],[102.0699,14.0661],[102.0699,14.0655],[102.0674,14.0658],[102.0674,14.0652],[102.0668,14.0652],[102.0674,14.0647],[102.0665,14.0647],[102.0671,14.0641],[102.0671,14.0633],[102.068,14.0628],[102.068,14.062],[102.0685,14.062],[102.0688,14.0625],[102.0696,14.0614],[102.0697,14.0593],[102.0688,14.0598],[102.0666,14.0598],[102.0669,14.0603],[102.0685,14.0601],[102.0685,14.0606],[102.0691,14.0604],[102.0694,14.0609],[102.0683,14.0612],[102.0671,14.0622],[102.0668,14.0633],[102.0663,14.0636],[102.0663,14.0644],[102.0652,14.0652],[102.0651,14.0657],[102.0646,14.0657],[102.0649,14.0646],[102.0643,14.0641],[102.0632,14.0641],[102.0618,14.0651],[102.0604,14.0646],[102.0607,14.0635],[102.0616,14.0635],[102.0621,14.0641],[102.0627,14.0638],[102.0627,14.063],[102.0616,14.0632],[102.061,14.0627],[102.0616,14.0627],[102.0619,14.0619],[102.0633,14.0616],[102.0633,14.0603],[102.0658,14.06],[102.0655,14.059],[102.0661,14.059],[102.0663,14.0601],[102.0663,14.0592],[102.0677,14.0582],[102.0677,14.0576],[102.0683,14.0582],[102.0691,14.0579],[102.0691,14.0571],[102.0683,14.0568],[102.0686,14.0555],[102.0681,14.0538],[102.0686,14.0533],[102.0697,14.0533],[102.0706,14.0522],[102.0714,14.0523],[102.0717,14.0539],[102.0731,14.0536],[102.0745,14.0542],[102.0747,14.0537],[102.0753,14.0537],[102.0747,14.0542],[102.0753,14.0566],[102.0741,14.0572],[102.0747,14.0572],[102.0744,14.0577],[102.0752,14.0585],[102.0749,14.0602],[102.0755,14.0604],[102.0755,14.0615],[102.076,14.0621],[102.0746,14.0629],[102.0752,14.0637],[102.0749,14.0648],[102.0754,14.0645],[102.0754,14.065],[102.0746,14.0653],[102.0746,14.0664],[102.0732,14.0666],[102.0724,14.0658],[102.0729,14.0653],[102.0729,14.0639],[102.0741,14.0639],[102.0743,14.0634],[102.0747,14.0604],[102.0736,14.0596],[102.0727,14.0599],[102.0727,14.0588],[102.0725,14.0588],[102.0724,14.059],[102.0719,14.059],[102.071,14.0601],[102.0702,14.0598],[102.0702,14.0604],[102.0713,14.0604],[102.0713,14.0609],[102.0719,14.0607],[102.0713,14.0617],[102.0724,14.0615],[102.0721,14.0626],[102.071,14.0623],[102.0713,14.0644],[102.0707,14.0644],[102.0704,14.065],[102.0721,14.0655],[102.0721,14.0661],[102.071,14.0661],[102.0718,14.0666],[102.071,14.0674]],[[102.0732,14.0664],[102.0737,14.0664],[102.0737,14.0661],[102.0732,14.0658],[102.0732,14.0664]],[[102.0688,14.065],[102.069,14.0652],[102.069,14.065],[102.0688,14.065]],[[102.0613,14.0646],[102.0615,14.0649],[102.0616,14.0646],[102.0613,14.0646]],[[102.0677,14.0647],[102.0679,14.065],[102.0679,14.0647],[102.0677,14.0647]],[[102.0685,14.0647],[102.0688,14.065],[102.0688,14.0647],[102.0685,14.0647]],[[102.0743,14.0648],[102.0746,14.065],[102.0746,14.0648],[102.0743,14.0648]],[[102.0682,14.0644],[102.0685,14.0647],[102.0685,14.0644],[102.0682,14.0644]],[[102.0738,14.0642],[102.0743,14.0648],[102.0743,14.0642],[102.0738,14.0642]],[[102.0679,14.0639],[102.0682,14.0644],[102.0682,14.0639],[102.0679,14.0639]],[[102.0679,14.0636],[102.0691,14.0636],[102.068,14.0633],[102.0679,14.0636]],[[102.0707,14.0636],[102.071,14.0639],[102.071,14.0636],[102.0707,14.0636]],[[102.0635,14.0635],[102.0638,14.063],[102.0632,14.0627],[102.0652,14.0622],[102.066,14.0614],[102.0663,14.062],[102.0669,14.062],[102.0666,14.0606],[102.0652,14.0609],[102.0649,14.0617],[102.0638,14.0616],[102.0627,14.0627],[102.0635,14.0635]],[[102.0699,14.0636],[102.0704,14.0636],[102.0702,14.0628],[102.0699,14.0628],[102.0699,14.0636]],[[102.0641,14.063],[102.0643,14.0633],[102.0643,14.063],[102.0641,14.063]],[[102.0705,14.0628],[102.0707,14.0631],[102.0707,14.0628],[102.0705,14.0628]],[[102.0657,14.0622],[102.066,14.0625],[102.066,14.0622],[102.0657,14.0622]],[[102.071,14.0617],[102.0713,14.062],[102.0713,14.0617],[102.071,14.0617]],[[102.0638,14.0606],[102.0641,14.0608],[102.0641,14.0606],[102.0638,14.0606]],[[102.068,14.0606],[102.0683,14.0609],[102.0683,14.0606],[102.068,14.0606]],[[102.0677,14.0603],[102.068,14.0606],[102.068,14.0603],[102.0677,14.0603]],[[102.0677,14.0593],[102.068,14.0595],[102.068,14.0593],[102.0677,14.0593]],[[102.068,14.059],[102.0683,14.0593],[102.0683,14.059],[102.068,14.059]],[[102.0697,14.059],[102.0699,14.0593],[102.0699,14.059],[102.0697,14.059]],[[102.073,14.0591],[102.0738,14.0588],[102.0739,14.0577],[102.0728,14.0569],[102.073,14.0563],[102.0725,14.0561],[102.0725,14.0555],[102.0717,14.0552],[102.0714,14.0544],[102.0708,14.0544],[102.0708,14.055],[102.0719,14.0561],[102.0708,14.0558],[102.07,14.056],[102.0703,14.0566],[102.0719,14.0571],[102.073,14.0582],[102.073,14.0591]],[[102.0686,14.0585],[102.0688,14.0587],[102.0688,14.0585],[102.0686,14.0585]],[[102.0713,14.0588],[102.0725,14.0588],[102.0725,14.0585],[102.0716,14.058],[102.0713,14.0588]],[[102.0744,14.0583],[102.0747,14.0585],[102.0747,14.0583],[102.0744,14.0583]],[[102.07,14.0577],[102.0705,14.0577],[102.0708,14.0569],[102.07,14.0566],[102.07,14.0577]],[[102.0714,14.0574],[102.0716,14.0577],[102.0716,14.0574],[102.0714,14.0574]],[[102.0694,14.0574],[102.0697,14.0568],[102.0689,14.0566],[102.0689,14.0568],[102.0691,14.0568],[102.0694,14.0574]],[[102.0744,14.0564],[102.0747,14.0566],[102.0747,14.0564],[102.0744,14.0564]],[[102.07,14.0555],[102.0706,14.055],[102.0703,14.0544],[102.0697,14.0547],[102.07,14.0555]],[[102.0689,14.0549],[102.0692,14.0552],[102.0692,14.0549],[102.0689,14.0549]],[[102.0706,14.055],[102.0708,14.0552],[102.0708,14.055],[102.0706,14.055]],[[102.0728,14.055],[102.0731,14.0553],[102.0731,14.055],[102.0728,14.055]],[[102.0731,14.0547],[102.0733,14.055],[102.0733,14.0547],[102.0731,14.0547]],[[102.0725,14.0544],[102.0731,14.0547],[102.0731,14.0544],[102.0725,14.0544]],[[102.0709,14.0536],[102.0714,14.0539],[102.0714,14.0536],[102.0709,14.0536]],[[102.07,14.0531],[102.0703,14.0533],[102.0703,14.0531],[102.07,14.0531]]]}},{"type":"Feature","properties":{"kind":"seasonal","area_km2":0.732,"date":"2026-10-04"},"geometry":{"type":"Polygon","coordinates":[[[101.9927,14.9128],[101.9924,14.9112],[101.9935,14.9104],[101.9927,14.9104],[101.9922,14.9071],[101.9914,14.9066],[101.9914,14.9052],[101.992,14.905],[101.992,14.9044],[101.99,14.9041],[101.99,14.9049],[101.9886,14.9052],[101.9878,14.9046],[101.9878,14.9025],[101.9912,14.9022],[101.9911,14.9028],[101.992,14.9031],[101.9923,14.902],[101.9945,14.9023],[101.9948,14.9012],[101.9953,14.9012],[101.9953,14.9017],[101.9959,14.902],[101.9959,14.9031],[101.9967,14.9034],[101.997,14.905],[101.9986,14.905],[101.9986,14.9056],[101.9992,14.9056],[101.9989,14.9075],[101.9991,14.9086],[101.9997,14.9088],[101.9997,14.9099],[101.9974,14.9113],[101.9974,14.9107],[101.9983,14.9105],[101.9975,14.9102],[101.9975,14.9088],[101.9966,14.9088],[101.9966,14.9085],[101.9964,14.9085],[101.9955,14.9091],[101.9944,14.909],[101.9947,14.9096],[101.9952,14.9096],[101.9955,14.9107],[101.9949,14.9107],[101.9949,14.9112],[101.9944,14.9112],[101.9941,14.912],[101.9952,14.9123],[101.9927,14.9128]],[[101.9939,14.9082],[101.9941,14.9085],[101.9941,14.9082],[101.9939,14.9082]],[[101.9961,14.9077],[101.9964,14.9085],[101.9964,14.9077],[101.9961,14.9077]],[[101.9969,14.9064],[101.9972,14.9066],[101.9972,14.9064],[101.9969,14.9064]],[[101.9911,14.9036],[101.9917,14.9036],[101.9917,14.9031],[101.9914,14.903],[101.9911,14.9036]],[[101.9892,14.903],[101.9895,14.9033],[101.9895,14.903],[101.9892,14.903]]]}},{"type":"Feature","properties":{"kind":"seasonal","area_km2":0.692,"date":"2026-10-04"},"geometry":{"type":"Polygon","coordinates":[[[102.1332,14.4795],[102.1315,14.4786],[102.1307,14.4786],[102.1302,14.4778],[102.1282,14.4773],[102.1268,14.4759],[102.1238,14.475],[102.1238,14.4723],[102.123,14.471],[102.123,14.4701],[102.1216,14.4688],[102.1211,14.4688],[102.1211,14.4671],[102.1217,14.4663],[102.1211,14.4652],[102.1203,14.466],[102.1181,14.466],[102.1167,14.4657],[102.1161,14.4652],[102.1161,14.4641],[102.1175,14.4633],[102.1176,14.4625],[102.1151,14.4622],[102.1148,14.4611],[102.1154,14.4608],[102.1154,14.4603],[102.1148,14.4595],[102.1148,14.4584],[102.114,14.4576],[102.1135,14.4576],[102.1135,14.4565],[102.1132,14.4559],[102.1126,14.4559],[102.1127,14.4548],[102.1121,14.4543],[102.1121,14.4524],[102.111,14.4516],[102.111,14.4508],[102.1135,14.4508],[102.1135,14.45],[102.1125,14.4489],[102.115,14.4486],[102.1141,14.4497],[102.1147,14.4503],[102.1161,14.45],[102.1157,14.4527],[102.1152,14.4522],[102.1127,14.4521],[102.1127,14.4529],[102.1129,14.4543],[102.114,14.4546],[102.114,14.4551],[102.1149,14.4554],[102.1148,14.4576],[102.1154,14.4581],[102.1165,14.4579],[102.1162,14.4592],[102.117,14.4595],[102.1173,14.4603],[102.1173,14.4609],[102.1165,14.4614],[102.1176,14.4614],[102.1176,14.4619],[102.1187,14.4622],[102.1187,14.463],[102.1178,14.4638],[102.1178,14.4644],[102.1206,14.4644],[102.1223,14.465],[102.1239,14.4647],[102.1242,14.4664],[102.1233,14.4666],[102.123,14.4688],[102.1239,14.4691],[102.1244,14.4715],[102.1249,14.4718],[102.1249,14.4723],[102.1244,14.4726],[102.1246,14.475],[102.1257,14.4751],[102.1263,14.4745],[102.1271,14.4753],[102.1271,14.4759],[102.1277,14.4756],[102.1282,14.4762],[102.1285,14.477],[102.1302,14.4773],[102.1315,14.4784],[102.1329,14.4787],[102.1332,14.4795]]]}},{"type":"Feature","properties":{"kind":"seasonal","area_km2":0.69,"date":"2026-10-04"},"geometry":{"type":"Polygon","coordinates":[[[102.7913,14.6723],[102.7914,14.6671],[102.7905,14.6666],[102.79,14.6655],[102.7894,14.6655],[102.7872,14.6636],[102.7872,14.6625],[102.7881,14.6622],[102.7886,14.66],[102.7892,14.6598],[102.7892,14.659],[102.7898,14.6587],[102.7898,14.6579],[102.7903,14.6574],[102.7931,14.6579],[102.7925,14.6614],[102.7936,14.6625],[102.7947,14.6628],[102.7945,14.6634],[102.7936,14.6633],[102.7933,14.665],[102.7925,14.665],[102.7928,14.6658],[102.7936,14.6661],[102.7936,14.6663],[102.793,14.6663],[102.793,14.6666],[102.7925,14.6666],[102.7925,14.6669],[102.793,14.6682],[102.7941,14.6685],[102.7947,14.6685],[102.7944,14.6669],[102.7953,14.6669],[102.795,14.6674],[102.7953,14.668],[102.7958,14.668],[102.7963,14.6707],[102.7961,14.6718],[102.7913,14.6723]],[[102.7922,14.6666],[102.7925,14.666],[102.7922,14.666],[102.7922,14.6658],[102.7919,14.6658],[102.7922,14.6666]],[[102.7917,14.6652],[102.7919,14.6658],[102.7919,14.6652],[102.7917,14.6652]],[[102.7922,14.6647],[102.7925,14.665],[102.7925,14.6647],[102.7922,14.6647]],[[102.7892,14.6641],[102.7917,14.6639],[102.7917,14.662],[102.79,14.6628],[102.79,14.6633],[102.7895,14.6633],[102.7892,14.6641]]]}},{"type":"Feature","properties":{"kind":"seasonal","area_km2":0.6,"date":"2026-10-04"},"geometry":{"type":"Polygon","coordinates":[[[102.0826,14.8159],[102.0824,14.8116],[102.0818,14.811],[102.081,14.811],[102.081,14.8102],[102.0804,14.8102],[102.0799,14.8113],[102.0779,14.8112],[102.0779,14.8104],[102.0796,14.8099],[102.0796,14.808],[102.0827,14.8075],[102.0852,14.8048],[102.0852,14.804],[102.0839,14.8032],[102.0836,14.8021],[102.083,14.8021],[102.0831,14.8013],[102.0844,14.801],[102.0839,14.8016],[102.0841,14.8026],[102.0861,14.8035],[102.0863,14.8051],[102.0858,14.8054],[102.0858,14.8059],[102.0844,14.8062],[102.0849,14.8065],[102.0849,14.8075],[102.0846,14.8083],[102.0835,14.8086],[102.0835,14.8091],[102.0846,14.8086],[102.0849,14.8097],[102.0852,14.8078],[102.086,14.8078],[102.086,14.8084],[102.0871,14.8084],[102.0877,14.8092],[102.0885,14.8092],[102.0885,14.8097],[102.0893,14.8098],[102.0894,14.8089],[102.0888,14.8089],[102.0888,14.8081],[102.0894,14.8081],[102.0894,14.8068],[102.0888,14.8068],[102.0889,14.8051],[102.09,14.8046],[102.0903,14.8033],[102.0905,14.8046],[102.0897,14.8052],[102.0897,14.8071],[102.0902,14.8073],[102.0902,14.8081],[102.0896,14.8084],[102.0896,14.8092],[102.0907,14.8098],[102.0913,14.8114],[102.0893,14.8114],[102.0868,14.81],[102.086,14.8103],[102.086,14.8108],[102.0854,14.8108],[102.0854,14.8113],[102.0849,14.8116],[102.0848,14.8146],[102.084,14.8146],[102.084,14.8154],[102.0834,14.8159],[102.0826,14.8159]],[[102.084,14.8113],[102.0846,14.8116],[102.0846,14.8113],[102.084,14.8113]],[[102.084,14.811],[102.0846,14.8111],[102.0846,14.8097],[102.0841,14.81],[102.084,14.811]],[[102.083,14.8075],[102.0832,14.8081],[102.0832,14.8075],[102.083,14.8075]],[[102.0838,14.8067],[102.0841,14.807],[102.0841,14.8067],[102.0838,14.8067]]]}},{"type":"Feature","properties":{"kind":"seasonal","area_km2":0.573,"date":"2026-10-04"},"geometry":{"type":"Polygon","coordinates":[[[102.2608,14.3894],[102.2614,14.3875],[102.262,14.3875],[102.2623,14.3854],[102.2631,14.3837],[102.2637,14.3835],[102.2634,14.3821],[102.2662,14.3819],[102.2651,14.3813],[102.2645,14.3816],[102.2643,14.3811],[102.2646,14.3802],[102.264,14.3797],[102.2646,14.3792],[102.2662,14.3789],[102.2662,14.3781],[102.2646,14.3778],[102.2646,14.3767],[102.2635,14.3748],[102.2607,14.3748],[102.2607,14.3759],[102.2599,14.3775],[102.2596,14.374],[102.2607,14.3729],[102.2624,14.3724],[102.2627,14.3716],[102.2636,14.371],[102.2641,14.3699],[102.2641,14.3691],[102.2636,14.3691],[102.2633,14.368],[102.2636,14.3675],[102.2641,14.3686],[102.2652,14.3689],[102.2652,14.37],[102.2638,14.371],[102.2632,14.3732],[102.2652,14.3762],[102.2663,14.3767],[102.2677,14.3768],[102.2682,14.3773],[102.2687,14.3792],[102.2698,14.3792],[102.2698,14.3806],[102.2693,14.3819],[102.2673,14.3822],[102.2659,14.3835],[102.2642,14.3843],[102.2642,14.3851],[102.2628,14.3862],[102.2617,14.3889],[102.2608,14.3894]]]}},{"type":"Feature","properties":{"kind":"seasonal","area_km2":0.557,"date":"2026-10-04"},"geometry":{"type":"Polygon","coordinates":[[[102.4768,14.5921],[102.476,14.5913],[102.476,14.5902],[102.4749,14.588],[102.4732,14.5866],[102.4729,14.5875],[102.4724,14.5874],[102.4721,14.5861],[102.4716,14.5861],[102.4718,14.5853],[102.4707,14.5839],[102.4655,14.5825],[102.4655,14.5819],[102.4638,14.5808],[102.4638,14.5792],[102.4655,14.5795],[102.4658,14.5801],[102.4733,14.5791],[102.4761,14.5791],[102.4766,14.5796],[102.4783,14.5796],[102.478,14.581],[102.4775,14.581],[102.4769,14.5799],[102.4741,14.5799],[102.4736,14.5807],[102.4719,14.5804],[102.4713,14.5809],[102.4716,14.5817],[102.4722,14.5818],[102.4722,14.5823],[102.4716,14.5826],[102.4724,14.5847],[102.4735,14.5847],[102.4738,14.5856],[102.4743,14.5856],[102.4746,14.5864],[102.4752,14.5864],[102.4749,14.5872],[102.476,14.588],[102.476,14.5888],[102.4771,14.5894],[102.4771,14.5905],[102.4782,14.5908],[102.4779,14.5916],[102.479,14.5916],[102.4782,14.5921],[102.4768,14.5921]],[[102.4711,14.5807],[102.4713,14.5809],[102.4713,14.5807],[102.4711,14.5807]]]}},{"type":"Feature","properties":{"kind":"seasonal","area_km2":0.549,"date":"2026-10-04"},"geometry":{"type":"Polygon","coordinates":[[[102.0226,14.5339],[102.0219,14.5293],[102.023,14.5288],[102.0235,14.528],[102.0241,14.528],[102.0258,14.5261],[102.0269,14.5261],[102.028,14.525],[102.0291,14.5251],[102.0294,14.5275],[102.0305,14.5289],[102.0305,14.5297],[102.031,14.53],[102.0313,14.5321],[102.0279,14.5318],[102.0251,14.5329],[102.0246,14.5337],[102.0226,14.5339]],[[102.0238,14.532],[102.0254,14.5318],[102.0254,14.5312],[102.0241,14.5312],[102.0238,14.5304],[102.0246,14.5304],[102.0249,14.531],[102.0249,14.5302],[102.0263,14.5302],[102.0263,14.5296],[102.0249,14.5296],[102.0241,14.5301],[102.0232,14.5299],[102.0232,14.5312],[102.0238,14.5312],[102.0238,14.532]],[[102.0254,14.531],[102.0257,14.5312],[102.0257,14.531],[102.0254,14.531]],[[102.028,14.5294],[102.0282,14.5297],[102.0282,14.5294],[102.028,14.5294]],[[102.0244,14.5291],[102.0246,14.5293],[102.0246,14.5291],[102.0244,14.5291]],[[102.0249,14.528],[102.0252,14.5285],[102.0252,14.528],[102.0249,14.528]]]}},{"type":"Feature","properties":{"kind":"seasonal","area_km2":0.534,"date":"2026-10-04"},"geometry":{"type":"Polygon","coordinates":[[[102.1984,14.5794],[102.1981,14.5778],[102.1987,14.5773],[102.1976,14.5773],[102.1976,14.5751],[102.1968,14.5721],[102.1969,14.5691],[102.1977,14.5689],[102.1991,14.5694],[102.1994,14.5686],[102.2002,14.5686],[102.2007,14.5697],[102.2016,14.5697],[102.2013,14.5719],[102.2018,14.5716],[102.2024,14.5703],[102.2035,14.5703],[102.2035,14.5708],[102.2043,14.5714],[102.2043,14.5725],[102.2035,14.5749],[102.1996,14.5751],[102.2001,14.5759],[102.2001,14.5773],[102.2006,14.5776],[102.2006,14.5787],[102.1995,14.5789],[102.1992,14.5795],[102.1984,14.5794]],[[102.1996,14.574],[102.2001,14.574],[102.2002,14.5721],[102.1996,14.5724],[102.1996,14.574]],[[102.201,14.5719],[102.2013,14.5722],[102.2013,14.5719],[102.201,14.5719]]]}},{"type":"Feature","properties":{"kind":"seasonal","area_km2":0.447,"date":"2026-10-04"},"geometry":{"type":"Polygon","coordinates":[[[102.2535,14.3771],[102.2535,14.3763],[102.254,14.3763],[102.2552,14.375],[102.2557,14.375],[102.2566,14.3742],[102.2566,14.3731],[102.2585,14.3715],[102.2585,14.371],[102.2605,14.3702],[102.2614,14.3691],[102.2614,14.3683],[102.2605,14.3675],[102.2603,14.3664],[102.2592,14.3658],[102.2575,14.3636],[102.2567,14.3634],[102.2567,14.3615],[102.2578,14.3615],[102.2579,14.3596],[102.2568,14.3585],[102.2562,14.3585],[102.2565,14.3574],[102.2576,14.3577],[102.2579,14.3585],[102.259,14.3593],[102.2584,14.3636],[102.2606,14.3637],[102.2628,14.3659],[102.2633,14.367],[102.2633,14.3675],[102.263,14.3675],[102.263,14.3672],[102.2628,14.3672],[102.2633,14.3688],[102.2627,14.3691],[102.2627,14.3702],[102.2611,14.3704],[102.2605,14.3721],[102.2582,14.3731],[102.2582,14.3737],[102.2577,14.3739],[102.2579,14.3745],[102.2574,14.3761],[102.2563,14.3755],[102.2557,14.3763],[102.2535,14.3771]],[[102.2571,14.3739],[102.2577,14.3739],[102.2577,14.3737],[102.2571,14.3734],[102.2571,14.3739]],[[102.2625,14.3683],[102.2627,14.3691],[102.2628,14.3683],[102.2625,14.3683]],[[102.2622,14.368],[102.2625,14.3683],[102.2625,14.368],[102.2622,14.368]],[[102.2625,14.3669],[102.2628,14.3672],[102.2628,14.3669],[102.2625,14.3669]],[[102.2614,14.3667],[102.2619,14.3667],[102.2619,14.3661],[102.2617,14.3661],[102.2614,14.3667]]]}},{"type":"Feature","properties":{"kind":"seasonal","area_km2":0.421,"date":"2026-10-04"},"geometry":{"type":"Polygon","coordinates":[[[102.1508,14.6664],[102.1494,14.6656],[102.1494,14.6647],[102.1503,14.6642],[102.1503,14.6618],[102.1489,14.6607],[102.1487,14.6599],[102.1462,14.6596],[102.1445,14.6609],[102.1442,14.662],[102.1428,14.6625],[102.1417,14.6625],[102.1411,14.6614],[102.1403,14.6614],[102.1397,14.6608],[102.1398,14.66],[102.1401,14.6589],[102.1406,14.6589],[102.1406,14.657],[102.1423,14.6571],[102.1451,14.6587],[102.1501,14.6588],[102.1509,14.6612],[102.1514,14.6612],[102.1517,14.6631],[102.1517,14.6645],[102.1511,14.6648],[102.1508,14.6664]]]}},{"type":"Feature","properties":{"kind":"seasonal","area_km2":0.421,"date":"2026-10-04"},"geometry":{"type":"Polygon","coordinates":[[[102.0924,14.4513],[102.0924,14.4508],[102.0913,14.4505],[102.0913,14.4497],[102.0924,14.4497],[102.0927,14.4492],[102.0935,14.4495],[102.0944,14.4484],[102.0944,14.4476],[102.0969,14.4473],[102.0972,14.4465],[102.0986,14.4463],[102.0997,14.4449],[102.1017,14.4447],[102.1028,14.4433],[102.1039,14.4431],[102.1042,14.4425],[102.1056,14.4428],[102.1056,14.4423],[102.1073,14.4423],[102.1064,14.4426],[102.1061,14.4434],[102.1036,14.4434],[102.1033,14.4442],[102.1028,14.4442],[102.1028,14.4447],[102.1022,14.445],[102.1033,14.445],[102.1036,14.4455],[102.1078,14.4448],[102.1078,14.4456],[102.1083,14.4459],[102.1053,14.4464],[102.1053,14.4455],[102.1047,14.4455],[102.1036,14.4471],[102.1002,14.4468],[102.0999,14.4487],[102.1005,14.449],[102.1005,14.4498],[102.0994,14.4498],[102.0991,14.4479],[102.0986,14.4479],[102.098,14.4482],[102.098,14.4487],[102.0969,14.4484],[102.0963,14.4495],[102.0952,14.4495],[102.0955,14.4514],[102.0943,14.4514],[102.0941,14.4508],[102.0924,14.4513]],[[102.0991,14.4463],[102.0997,14.4466],[102.0997,14.4463],[102.0991,14.4463]],[[102.1,14.446],[102.1003,14.4463],[102.1003,14.446],[102.1,14.446]],[[102.1019,14.4455],[102.1039,14.4463],[102.1039,14.4455],[102.1036,14.4458],[102.1019,14.4455]]]}},{"type":"Feature","properties":{"kind":"seasonal","area_km2":0.417,"date":"2026-10-04"},"geometry":{"type":"Polygon","coordinates":[[[102.7826,14.2599],[102.7795,14.2593],[102.7818,14.2593],[102.7818,14.2588],[102.7823,14.2585],[102.7818,14.2574],[102.7818,14.2561],[102.781,14.2561],[102.7799,14.2553],[102.7782,14.2552],[102.7782,14.2558],[102.7776,14.2558],[102.7765,14.2552],[102.776,14.2544],[102.7743,14.2544],[102.7738,14.2533],[102.771,14.2535],[102.771,14.253],[102.7721,14.2525],[102.771,14.2514],[102.7718,14.2514],[102.7718,14.2508],[102.773,14.2506],[102.7724,14.2503],[102.7724,14.249],[102.773,14.249],[102.773,14.2481],[102.7719,14.2479],[102.7716,14.2487],[102.7716,14.2473],[102.7741,14.2473],[102.7741,14.2479],[102.7752,14.249],[102.7746,14.2522],[102.773,14.2517],[102.7729,14.2525],[102.7746,14.2525],[102.7752,14.2536],[102.776,14.2536],[102.7768,14.2528],[102.7785,14.2528],[102.7788,14.2536],[102.781,14.2555],[102.7843,14.2561],[102.784,14.2591],[102.7829,14.2594],[102.7826,14.2599]],[[102.7774,14.2552],[102.7782,14.2552],[102.7782,14.255],[102.7774,14.2547],[102.7774,14.2552]],[[102.7741,14.2514],[102.7743,14.2517],[102.7743,14.2514],[102.7741,14.2514]]]}},{"type":"Feature","properties":{"kind":"seasonal","area_km2":0.369,"date":"2026-10-04"},"geometry":{"type":"Polygon","coordinates":[[[102.7686,14.3012],[102.7669,14.3007],[102.7686,14.3007],[102.7697,14.2983],[102.7703,14.2983],[102.7717,14.2969],[102.772,14.2956],[102.7734,14.2942],[102.7742,14.2942],[102.775,14.2934],[102.7748,14.2921],[102.7753,14.2913],[102.7784,14.291],[102.7787,14.2916],[102.779,14.2897],[102.7801,14.29],[102.7806,14.2894],[102.7829,14.2892],[102.7832,14.2875],[102.7851,14.2878],[102.7857,14.2873],[102.7857,14.2859],[102.7868,14.286],[102.7871,14.2849],[102.7865,14.2849],[102.7863,14.2838],[102.7849,14.2846],[102.7849,14.2832],[102.7857,14.2816],[102.7874,14.2816],[102.7876,14.2846],[102.7882,14.2849],[102.7882,14.2862],[102.7873,14.2868],[102.7873,14.2879],[102.7859,14.2878],[102.7857,14.2887],[102.7837,14.2881],[102.7837,14.2894],[102.7831,14.29],[102.7809,14.2905],[102.7801,14.2921],[102.7756,14.2921],[102.7753,14.294],[102.7725,14.2958],[102.7719,14.2975],[102.77,14.2991],[102.7694,14.3004],[102.7686,14.3012]]]}},{"type":"Feature","properties":{"kind":"seasonal","area_km2":0.355,"date":"2026-10-04"},"geometry":{"type":"Polygon","coordinates":[[[102.2528,14.9857],[102.2506,14.9854],[102.2506,14.9846],[102.2517,14.9833],[102.2512,14.98],[102.2524,14.9792],[102.2529,14.9781],[102.2557,14.9784],[102.256,14.979],[102.2565,14.979],[102.2565,14.9817],[102.2559,14.9822],[102.2565,14.9841],[102.2534,14.9841],[102.2528,14.9857]]]}},{"type":"Feature","properties":{"kind":"seasonal","area_km2":0.35,"date":"2026-10-04"},"geometry":{"type":"Polygon","coordinates":[[[102.6322,14.018],[102.632,14.0175],[102.6311,14.0175],[102.6306,14.0169],[102.6289,14.0169],[102.6289,14.015],[102.6278,14.0145],[102.6273,14.0136],[102.6262,14.0142],[102.6245,14.0142],[102.6245,14.0152],[102.6251,14.0152],[102.6251,14.0161],[102.6228,14.0158],[102.6223,14.0147],[102.6223,14.013],[102.624,14.0125],[102.6259,14.0125],[102.6259,14.0134],[102.6279,14.0134],[102.6295,14.0153],[102.6309,14.0153],[102.6309,14.0129],[102.6315,14.0126],[102.6362,14.0126],[102.6365,14.0132],[102.6381,14.0137],[102.6412,14.014],[102.6367,14.014],[102.6356,14.0137],[102.6354,14.0129],[102.6337,14.0129],[102.6331,14.0132],[102.6334,14.0172],[102.6322,14.018]],[[102.6326,14.0134],[102.6328,14.014],[102.6329,14.0134],[102.6326,14.0134]]]}},{"type":"Feature","properties":{"kind":"seasonal","area_km2":0.319,"date":"2026-10-04"},"geometry":{"type":"Polygon","coordinates":[[[102.7436,14.2964],[102.7422,14.2956],[102.7408,14.2956],[102.74,14.2945],[102.74,14.2936],[102.7381,14.292],[102.7367,14.2923],[102.735,14.2914],[102.735,14.2906],[102.7362,14.2904],[102.7362,14.2882],[102.7373,14.2885],[102.7376,14.2901],[102.7395,14.2904],[102.7409,14.2901],[102.7415,14.2893],[102.7423,14.2893],[102.7434,14.2912],[102.7453,14.2913],[102.7448,14.2918],[102.7437,14.2918],[102.7439,14.2929],[102.7428,14.2926],[102.7428,14.292],[102.7414,14.292],[102.7417,14.2907],[102.7403,14.2912],[102.7403,14.2918],[102.7409,14.2915],[102.7409,14.2926],[102.742,14.2931],[102.7417,14.2937],[102.7409,14.2937],[102.7408,14.2942],[102.7417,14.2939],[102.7417,14.295],[102.7431,14.2948],[102.7439,14.2956],[102.7436,14.2964]],[[102.7384,14.2906],[102.7389,14.2909],[102.7389,14.2907],[102.7384,14.2906]],[[102.7398,14.2907],[102.74,14.2909],[102.74,14.2907],[102.7398,14.2907]]]}},{"type":"Feature","properties":{"kind":"seasonal","area_km2":0.313,"date":"2026-10-04"},"geometry":{"type":"Polygon","coordinates":[[[102.25,14.9917],[102.2497,14.9903],[102.2464,14.9892],[102.245,14.9881],[102.2439,14.9881],[102.2436,14.987],[102.2453,14.9862],[102.2464,14.9862],[102.2464,14.9867],[102.2472,14.9873],[102.2497,14.9876],[102.25,14.9865],[102.2511,14.9865],[102.25,14.9898],[102.2505,14.9898],[102.2514,14.9873],[102.2525,14.9873],[102.2528,14.9882],[102.2539,14.9885],[102.2539,14.9898],[102.2533,14.9901],[102.2533,14.9906],[102.2519,14.9903],[102.2514,14.9914],[102.25,14.9917]]]}},{"type":"Feature","properties":{"kind":"seasonal","area_km2":0.311,"date":"2026-10-04"},"geometry":{"type":"Polygon","coordinates":[[[102.4383,14.0142],[102.4366,14.0133],[102.4383,14.0133],[102.4391,14.0128],[102.4391,14.0114],[102.4397,14.0115],[102.4397,14.0098],[102.4403,14.0093],[102.4403,14.0085],[102.4397,14.0085],[102.4397,14.0093],[102.4391,14.0093],[102.4391,14.0104],[102.4375,14.0106],[102.4375,14.0112],[102.4338,14.0111],[102.433,14.0103],[102.4344,14.0106],[102.4347,14.01],[102.4358,14.0101],[102.4358,14.0106],[102.4363,14.0106],[102.4369,14.0101],[102.4377,14.0101],[102.4383,14.0095],[102.4383,14.0085],[102.4389,14.0085],[102.4397,14.0074],[102.4397,14.0068],[102.4392,14.0068],[102.4392,14.0055],[102.4403,14.0055],[102.4403,14.0066],[102.4411,14.0069],[102.4433,14.0066],[102.4436,14.0085],[102.4433,14.0091],[102.4419,14.0093],[102.4413,14.0104],[102.4413,14.0123],[102.4397,14.0131],[102.4396,14.0142],[102.4383,14.0142]]]}},{"type":"Feature","properties":{"kind":"seasonal","area_km2":0.308,"date":"2026-10-04"},"geometry":{"type":"Polygon","coordinates":[[[102.1209,14.9689],[102.121,14.967],[102.1198,14.9676],[102.1198,14.9684],[102.1181,14.9683],[102.1182,14.9656],[102.1204,14.9659],[102.1207,14.9632],[102.1213,14.9627],[102.123,14.9627],[102.1238,14.9635],[102.1246,14.9636],[102.1237,14.969],[102.1209,14.9689]],[[102.1221,14.9676],[102.1226,14.9676],[102.1226,14.9668],[102.1221,14.9668],[102.1221,14.9676]],[[102.1227,14.9649],[102.1229,14.9652],[102.1229,14.9649],[102.1227,14.9649]]]}},{"type":"Feature","properties":{"kind":"seasonal","area_km2":0.298,"date":"2026-10-04"},"geometry":{"type":"Polygon","coordinates":[[[102.7331,14.3708],[102.7334,14.3665],[102.734,14.366],[102.734,14.3649],[102.7349,14.3643],[102.7349,14.3619],[102.7374,14.3617],[102.7377,14.3627],[102.7371,14.3636],[102.7365,14.3695],[102.7331,14.3708]]]}},{"type":"Feature","properties":{"kind":"seasonal","area_km2":0.297,"date":"2026-10-04"},"geometry":{"type":"Polygon","coordinates":[[[102.2468,14.9101],[102.2449,14.9076],[102.2441,14.9049],[102.2463,14.9046],[102.2469,14.9052],[102.2477,14.9052],[102.248,14.9057],[102.2497,14.9052],[102.2505,14.906],[102.251,14.909],[102.2499,14.9096],[102.2485,14.9095],[102.2482,14.9101],[102.2468,14.9101]],[[102.2497,14.9066],[102.2502,14.9068],[102.2502,14.9066],[102.2497,14.9066]],[[102.248,14.906],[102.2483,14.9066],[102.2483,14.906],[102.248,14.906]],[[102.2469,14.9057],[102.2472,14.906],[102.2472,14.9057],[102.2469,14.9057]],[[102.2466,14.9054],[102.2469,14.9057],[102.2469,14.9055],[102.2466,14.9054]]]}},{"type":"Feature","properties":{"kind":"seasonal","area_km2":0.239,"date":"2026-10-04"},"geometry":{"type":"Polygon","coordinates":[[[102.7799,14.2834],[102.7796,14.2826],[102.7785,14.2826],[102.7785,14.2818],[102.7777,14.2815],[102.7771,14.2799],[102.7766,14.2799],[102.7766,14.2788],[102.7771,14.2788],[102.7771,14.2777],[102.7777,14.2777],[102.7783,14.2764],[102.7788,14.2761],[102.7791,14.2742],[102.7797,14.274],[102.78,14.2729],[102.7808,14.2729],[102.7811,14.2713],[102.78,14.2707],[102.7794,14.2696],[102.7786,14.2699],[102.7761,14.2688],[102.7761,14.2671],[102.7756,14.2669],[102.7753,14.2658],[102.7753,14.2633],[102.7765,14.2601],[102.7773,14.2604],[102.7759,14.2625],[102.7759,14.2663],[102.777,14.2677],[102.777,14.2685],[102.7781,14.2693],[102.7797,14.2694],[102.7811,14.2704],[102.7825,14.2707],[102.7825,14.2721],[102.7811,14.2732],[102.7808,14.2742],[102.7797,14.275],[102.7788,14.2775],[102.7774,14.2788],[102.7774,14.2802],[102.778,14.2804],[102.7779,14.281],[102.7807,14.2832],[102.7799,14.2834]]]}},{"type":"Feature","properties":{"kind":"seasonal","area_km2":0.232,"date":"2026-10-04"},"geometry":{"type":"Polygon","coordinates":[[[102.9905,14.5743],[102.9877,14.574],[102.9877,14.5719],[102.9883,14.571],[102.9883,14.5697],[102.9888,14.5694],[102.9889,14.5678],[102.9908,14.5678],[102.9916,14.5684],[102.9916,14.5719],[102.9913,14.5724],[102.9908,14.5724],[102.9905,14.5743]]]}},{"type":"Feature","properties":{"kind":"seasonal","area_km2":0.23,"date":"2026-10-04"},"geometry":{"type":"Polygon","coordinates":[[[102.131,14.9262],[102.1299,14.9254],[102.1302,14.9233],[102.1296,14.923],[102.1294,14.9216],[102.1324,14.9217],[102.1338,14.9209],[102.1352,14.9209],[102.1349,14.9225],[102.1332,14.9244],[102.1326,14.926],[102.131,14.9262]]]}},{"type":"Feature","properties":{"kind":"seasonal","area_km2":0.213,"date":"2026-10-04"},"geometry":{"type":"Polygon","coordinates":[[[102.4322,14.0103],[102.4303,14.0081],[102.4306,14.0073],[102.4317,14.0076],[102.4319,14.007],[102.4308,14.0068],[102.4306,14.0059],[102.43,14.0059],[102.4292,14.0048],[102.4281,14.0048],[102.4259,14.0032],[102.4256,14.0024],[102.4273,14.0024],[102.4273,14.001],[102.4267,14.0007],[102.4279,14.0008],[102.4278,14.0013],[102.4289,14.0021],[102.4306,14.0024],[102.4311,14.0051],[102.432,14.006],[102.4328,14.006],[102.4325,14.0079],[102.4311,14.0078],[102.4314,14.0087],[102.433,14.01],[102.4322,14.0103]],[[102.4284,14.0043],[102.4286,14.0046],[102.4286,14.0043],[102.4284,14.0043]],[[102.4287,14.004],[102.4292,14.0038],[102.4287,14.0027],[102.4281,14.0027],[102.4281,14.0021],[102.4273,14.0024],[102.4273,14.0029],[102.4281,14.0032],[102.4287,14.004]],[[102.4292,14.0038],[102.4295,14.004],[102.4295,14.0038],[102.4292,14.0038]],[[102.43,14.0032],[102.4303,14.0035],[102.4303,14.0032],[102.43,14.0032]]]}},{"type":"Feature","properties":{"kind":"seasonal","area_km2":0.208,"date":"2026-10-04"},"geometry":{"type":"Polygon","coordinates":[[[102.4258,14.0078],[102.4245,14.0064],[102.4245,14.0059],[102.4239,14.0059],[102.4239,14.0053],[102.4231,14.0048],[102.4228,14.0037],[102.4215,14.0026],[102.4209,14.001],[102.4198,14.0001],[102.4196,13.9985],[102.4201,13.9977],[102.4229,13.998],[102.4234,13.9991],[102.4245,13.9991],[102.4248,13.9996],[102.4265,13.9999],[102.4267,14.0007],[102.424,14.0004],[102.4231,14.001],[102.4226,13.9988],[102.422,13.9988],[102.4221,13.9983],[102.4218,13.9988],[102.4209,13.9988],[102.4209,13.9993],[102.4218,13.9993],[102.4209,13.9999],[102.4217,14.001],[102.422,14.0023],[102.4228,14.0026],[102.4234,14.0032],[102.4234,14.004],[102.4245,14.0045],[102.4261,14.0064],[102.4258,14.0078]]]}},{"type":"Feature","properties":{"kind":"seasonal","area_km2":0.191,"date":"2026-10-04"},"geometry":{"type":"Polygon","coordinates":[[[102.4236,14.3005],[102.4228,14.2988],[102.4212,14.2974],[102.4212,14.2969],[102.4206,14.2969],[102.4187,14.295],[102.4187,14.2942],[102.4173,14.2928],[102.4157,14.2925],[102.4154,14.293],[102.4134,14.293],[102.4126,14.2919],[102.4118,14.2917],[102.4113,14.2906],[102.4104,14.2906],[102.4101,14.29],[102.4124,14.2906],[102.4124,14.2911],[102.4132,14.2914],[102.4137,14.2925],[102.4151,14.2925],[102.4151,14.292],[102.416,14.2917],[102.4174,14.292],[102.4187,14.2915],[102.419,14.2928],[102.4196,14.2928],[102.4204,14.2947],[102.4215,14.295],[102.4212,14.2956],[102.4204,14.2953],[102.4204,14.2961],[102.4215,14.2964],[102.4223,14.2972],[102.4223,14.2977],[102.4234,14.2988],[102.4234,14.2996],[102.4239,14.2999],[102.4236,14.3005]]]}},{"type":"Feature","properties":{"kind":"seasonal","area_km2":0.19,"date":"2026-10-04"},"geometry":{"type":"Polygon","coordinates":[[[102.7777,14.6732],[102.7771,14.6711],[102.7805,14.6703],[102.7835,14.6708],[102.7838,14.6727],[102.7827,14.6727],[102.7818,14.6733],[102.7777,14.6732]]]}},{"type":"Feature","properties":{"kind":"seasonal","area_km2":0.179,"date":"2026-10-04"},"geometry":{"type":"Polygon","coordinates":[[[102.0562,14.0697],[102.0559,14.0689],[102.054,14.0688],[102.054,14.0683],[102.0532,14.0675],[102.0532,14.0669],[102.0543,14.0664],[102.0538,14.0661],[102.0543,14.0653],[102.0543,14.064],[102.0546,14.0645],[102.0554,14.0645],[102.0563,14.0654],[102.0579,14.0654],[102.0588,14.0662],[102.0599,14.0659],[102.0599,14.0665],[102.0582,14.0665],[102.0574,14.0667],[102.0574,14.0673],[102.0568,14.0673],[102.0571,14.0681],[102.0579,14.0684],[102.0579,14.0689],[102.0571,14.0689],[102.0562,14.0697]],[[102.0568,14.0686],[102.0571,14.0689],[102.0571,14.0686],[102.0568,14.0686]],[[102.054,14.0678],[102.0549,14.0675],[102.0549,14.0667],[102.0554,14.0667],[102.0551,14.0662],[102.0546,14.0661],[102.0543,14.0672],[102.0535,14.0672],[102.054,14.0678]],[[102.0568,14.0664],[102.0571,14.0667],[102.0571,14.0664],[102.0568,14.0664]],[[102.0549,14.0651],[102.0552,14.0653],[102.0552,14.0651],[102.0549,14.0651]]]}},{"type":"Feature","properties":{"kind":"seasonal","area_km2":0.163,"date":"2026-10-04"},"geometry":{"type":"Polygon","coordinates":[[[102.828,14.0735],[102.8275,14.0727],[102.8264,14.0724],[102.8264,14.0713],[102.8272,14.0703],[102.8272,14.0695],[102.8281,14.0687],[102.8286,14.0687],[102.8286,14.0695],[102.8305,14.0692],[102.8303,14.0684],[102.8308,14.0684],[102.8308,14.07],[102.8303,14.0703],[102.8303,14.0714],[102.8297,14.0717],[102.8294,14.073],[102.8288,14.0735],[102.828,14.0735]]]}},{"type":"Feature","properties":{"kind":"seasonal","area_km2":0.16,"date":"2026-10-04"},"geometry":{"type":"Polygon","coordinates":[[[102.6773,14.8446],[102.6748,14.8441],[102.6751,14.8416],[102.6798,14.8419],[102.6795,14.8444],[102.6773,14.8446]]]}},{"type":"Feature","properties":{"kind":"seasonal","area_km2":0.159,"date":"2026-10-04"},"geometry":{"type":"Polygon","coordinates":[[[102.7018,14.3909],[102.7012,14.3903],[102.7012,14.389],[102.7018,14.3887],[102.7018,14.3865],[102.7057,14.3866],[102.7063,14.3871],[102.7063,14.3885],[102.7043,14.3884],[102.7035,14.3901],[102.7026,14.3909],[102.7018,14.3909]]]}},{"type":"Feature","properties":{"kind":"seasonal","area_km2":0.158,"date":"2026-10-04"},"geometry":{"type":"Polygon","coordinates":[[[102.4099,14.29],[102.4096,14.2887],[102.408,14.2873],[102.4077,14.2865],[102.4066,14.2859],[102.4041,14.2856],[102.4035,14.284],[102.403,14.284],[102.4027,14.2845],[102.401,14.2845],[102.4008,14.285],[102.3996,14.285],[102.3997,14.2837],[102.4005,14.2831],[102.4022,14.2831],[102.403,14.2823],[102.4066,14.2821],[102.4047,14.2829],[102.4041,14.2826],[102.4038,14.2832],[102.4044,14.2834],[102.4049,14.2851],[102.4055,14.2848],[102.4055,14.2854],[102.4069,14.2854],[102.4082,14.2865],[102.4082,14.287],[102.4088,14.287],[102.4096,14.2878],[102.4096,14.2884],[102.4102,14.2887],[102.4099,14.29]]]}},{"type":"Feature","properties":{"kind":"seasonal","area_km2":0.155,"date":"2026-10-04"},"geometry":{"type":"Polygon","coordinates":[[[102.2841,14.4639],[102.2833,14.4631],[102.2833,14.459],[102.2853,14.4588],[102.2867,14.4596],[102.2866,14.4607],[102.2855,14.4615],[102.2858,14.4634],[102.2841,14.4639]]]}},{"type":"Feature","properties":{"kind":"seasonal","area_km2":0.147,"date":"2026-10-04"},"geometry":{"type":"Polygon","coordinates":[[[102.7374,14.9883],[102.736,14.9875],[102.7343,14.9875],[102.7343,14.9859],[102.7349,14.9851],[102.7393,14.9859],[102.7393,14.9881],[102.7374,14.9883]]]}},{"type":"Feature","properties":{"kind":"seasonal","area_km2":0.144,"date":"2026-10-04"},"geometry":{"type":"Polygon","coordinates":[[[102.484,14.5903],[102.4838,14.5859],[102.4827,14.5857],[102.4827,14.5848],[102.4824,14.5843],[102.4819,14.5843],[102.4819,14.5835],[102.4811,14.5829],[102.4811,14.5824],[102.4783,14.581],[102.4783,14.5802],[102.48,14.581],[102.4805,14.5818],[102.4811,14.5818],[102.4819,14.5827],[102.4819,14.5832],[102.4824,14.5832],[102.4824,14.5838],[102.483,14.5838],[102.4838,14.5846],[102.4844,14.5857],[102.4843,14.5878],[102.4852,14.5879],[102.4855,14.5862],[102.4863,14.5862],[102.4865,14.5892],[102.4854,14.5892],[102.4849,14.5887],[102.4846,14.5903],[102.484,14.5903]]]}},{"type":"Feature","properties":{"kind":"seasonal","area_km2":0.14,"date":"2026-10-04"},"geometry":{"type":"Polygon","coordinates":[[[102.8396,14.5719],[102.8399,14.5713],[102.8394,14.5708],[102.8385,14.5708],[102.838,14.5697],[102.838,14.5686],[102.8372,14.5678],[102.8372,14.5667],[102.8391,14.567],[102.8408,14.5678],[102.8407,14.5719],[102.8396,14.5719]]]}},{"type":"Feature","properties":{"kind":"seasonal","area_km2":0.136,"date":"2026-10-04"},"geometry":{"type":"Polygon","coordinates":[[[102.4487,14.2999],[102.4487,14.2994],[102.4501,14.298],[102.4507,14.2956],[102.4518,14.2948],[102.4518,14.294],[102.4523,14.294],[102.4532,14.2918],[102.4543,14.2918],[102.4549,14.2913],[102.4552,14.2897],[102.4563,14.2892],[102.4574,14.2859],[102.46,14.2838],[102.4605,14.2838],[102.4614,14.2822],[102.4614,14.2835],[102.4577,14.2865],[102.4554,14.2913],[102.4538,14.2924],[102.452,14.2956],[102.4506,14.2967],[102.4501,14.2988],[102.4487,14.2999]]]}},{"type":"Feature","properties":{"kind":"seasonal","area_km2":0.132,"date":"2026-10-04"},"geometry":{"type":"Polygon","coordinates":[[[102.2043,14.5749],[102.204,14.5741],[102.2046,14.5736],[102.2052,14.5709],[102.2057,14.5706],[102.2055,14.5695],[102.2063,14.5695],[102.2068,14.5714],[102.2074,14.5717],[102.2071,14.5747],[102.2043,14.5749]]]}},{"type":"Feature","properties":{"kind":"seasonal","area_km2":0.129,"date":"2026-10-04"},"geometry":{"type":"Polygon","coordinates":[[[102.4719,14.2809],[102.4711,14.2793],[102.4703,14.2787],[102.4703,14.2782],[102.4667,14.2784],[102.4659,14.2779],[102.4698,14.2776],[102.4703,14.276],[102.4709,14.276],[102.4709,14.2785],[102.4711,14.279],[102.4722,14.2793],[102.4725,14.2788],[102.4714,14.2787],[102.4714,14.2777],[102.472,14.2769],[102.4731,14.2769],[102.4723,14.2777],[102.4731,14.2782],[102.4733,14.2809],[102.4719,14.2809]]]}},{"type":"Feature","properties":{"kind":"seasonal","area_km2":0.129,"date":"2026-10-04"},"geometry":{"type":"Polygon","coordinates":[[[102.7965,14.1451],[102.7962,14.1445],[102.7948,14.144],[102.7946,14.1432],[102.7935,14.1432],[102.7924,14.1421],[102.7924,14.141],[102.7951,14.141],[102.7962,14.1421],[102.7974,14.1424],[102.7973,14.144],[102.7965,14.1451]],[[102.7932,14.1423],[102.7946,14.1429],[102.7943,14.1421],[102.7932,14.1423]]]}},{"type":"Feature","properties":{"kind":"seasonal","area_km2":0.124,"date":"2026-10-04"},"geometry":{"type":"Polygon","coordinates":[[[102.2439,14.3849],[102.2439,14.3843],[102.2445,14.3843],[102.2448,14.3838],[102.2448,14.383],[102.2459,14.3819],[102.2476,14.3819],[102.2493,14.3803],[102.2501,14.3766],[102.2529,14.3769],[102.2526,14.3777],[102.2507,14.3774],[102.2504,14.3809],[102.2498,14.3809],[102.249,14.382],[102.2479,14.3819],[102.2478,14.3825],[102.2462,14.3827],[102.2459,14.3835],[102.2453,14.3835],[102.245,14.3844],[102.2439,14.3849]]]}},{"type":"Feature","properties":{"kind":"seasonal","area_km2":0.121,"date":"2026-10-04"},"geometry":{"type":"Polygon","coordinates":[[[102.2091,14.8993],[102.2091,14.8982],[102.2096,14.898],[102.2097,14.8955],[102.2105,14.895],[102.2119,14.895],[102.2116,14.8972],[102.2124,14.8977],[102.2124,14.8988],[102.2091,14.8993]]]}},{"type":"Feature","properties":{"kind":"seasonal","area_km2":0.121,"date":"2026-10-04"},"geometry":{"type":"Polygon","coordinates":[[[102.2723,14.7445],[102.2721,14.7405],[102.2732,14.7402],[102.2735,14.7397],[102.2743,14.7397],[102.2748,14.7435],[102.2731,14.744],[102.2731,14.7445],[102.2723,14.7445]]]}},{"type":"Feature","properties":{"kind":"seasonal","area_km2":0.12,"date":"2026-10-04"},"geometry":{"type":"Polygon","coordinates":[[[102.4202,14.2863],[102.4205,14.2858],[102.4199,14.2858],[102.4197,14.2852],[102.4197,14.2823],[102.4205,14.2823],[102.4205,14.2817],[102.4222,14.2812],[102.4231,14.2777],[102.4242,14.2777],[102.4242,14.2785],[102.4236,14.2788],[102.4233,14.2799],[102.4233,14.2818],[102.4205,14.2831],[102.4205,14.2842],[102.421,14.2844],[102.421,14.2861],[102.4202,14.2863]],[[102.4199,14.2852],[102.4205,14.2852],[102.4205,14.2844],[102.4202,14.2844],[102.4199,14.2852]]]}},{"type":"Feature","properties":{"kind":"seasonal","area_km2":0.12,"date":"2026-10-04"},"geometry":{"type":"Polygon","coordinates":[[[102.9392,14.2434],[102.9393,14.2391],[102.9409,14.2388],[102.9412,14.238],[102.9421,14.238],[102.942,14.2423],[102.9415,14.2432],[102.9392,14.2434]],[[102.9398,14.2431],[102.9409,14.2426],[102.9409,14.2399],[102.9404,14.2402],[102.9404,14.241],[102.9395,14.2412],[102.9398,14.2431]]]}},{"type":"Feature","properties":{"kind":"seasonal","area_km2":0.119,"date":"2026-10-04"},"geometry":{"type":"Polygon","coordinates":[[[102.9494,14.558],[102.9489,14.5555],[102.9506,14.5553],[102.9511,14.5545],[102.9511,14.5531],[102.952,14.5531],[102.9528,14.5539],[102.9525,14.5566],[102.9522,14.5572],[102.9497,14.5569],[102.9494,14.558]]]}},{"type":"Feature","properties":{"kind":"seasonal","area_km2":0.119,"date":"2026-10-04"},"geometry":{"type":"Polygon","coordinates":[[[102.8028,14.4094],[102.8009,14.4092],[102.8001,14.4078],[102.8001,14.4056],[102.8006,14.4045],[102.802,14.4046],[102.8026,14.4051],[102.802,14.4056],[102.802,14.407],[102.8028,14.407],[102.8028,14.4094]],[[102.802,14.4083],[102.8023,14.4089],[102.8026,14.4084],[102.802,14.4083]],[[102.8018,14.4054],[102.802,14.4056],[102.802,14.4054],[102.8018,14.4054]]]}},{"type":"Feature","properties":{"kind":"seasonal","area_km2":0.116,"date":"2026-10-04"},"geometry":{"type":"Polygon","coordinates":[[[102.8018,14.147],[102.7984,14.1467],[102.7984,14.1462],[102.7979,14.1462],[102.7979,14.1454],[102.7968,14.1454],[102.7984,14.1448],[102.7987,14.1437],[102.7993,14.1438],[102.7996,14.1443],[102.8001,14.1443],[102.8023,14.1459],[102.8023,14.1468],[102.8018,14.147]]]}},{"type":"Feature","properties":{"kind":"seasonal","area_km2":0.113,"date":"2026-10-04"},"geometry":{"type":"Polygon","coordinates":[[[102.4369,14.619],[102.4364,14.6182],[102.4347,14.6177],[102.4336,14.6166],[102.4336,14.6157],[102.435,14.6152],[102.437,14.6152],[102.4372,14.6174],[102.4378,14.6182],[102.4378,14.619],[102.4369,14.619]]]}},{"type":"Feature","properties":{"kind":"seasonal","area_km2":0.113,"date":"2026-10-04"},"geometry":{"type":"Polygon","coordinates":[[[102.1211,14.9172],[102.1208,14.9166],[102.1194,14.9161],[102.1194,14.9144],[102.12,14.9136],[102.1214,14.9139],[102.123,14.9158],[102.1236,14.9159],[102.1233,14.9172],[102.1211,14.9172]]]}},{"type":"Feature","properties":{"kind":"seasonal","area_km2":0.111,"date":"2026-10-04"},"geometry":{"type":"Polygon","coordinates":[[[102.8288,14.8185],[102.8292,14.8158],[102.8328,14.8155],[102.8336,14.8161],[102.8336,14.8172],[102.833,14.8177],[102.8302,14.8174],[102.8297,14.8185],[102.8288,14.8185]]]}},{"type":"Feature","properties":{"kind":"seasonal","area_km2":0.109,"date":"2026-10-04"},"geometry":{"type":"Polygon","coordinates":[[[102.573,14.2101],[102.5703,14.2096],[102.5703,14.2074],[102.5711,14.2071],[102.5711,14.2085],[102.5717,14.2085],[102.572,14.2066],[102.5739,14.2069],[102.5736,14.2096],[102.573,14.2101]]]}},{"type":"Feature","properties":{"kind":"seasonal","area_km2":0.102,"date":"2026-10-04"},"geometry":{"type":"Polygon","coordinates":[[[102.7829,14.4017],[102.7823,14.4014],[102.7824,14.3984],[102.7835,14.3976],[102.7849,14.3976],[102.7849,14.3982],[102.7854,14.3982],[102.7854,14.399],[102.7846,14.3984],[102.7843,14.3998],[102.7834,14.4003],[102.784,14.4003],[102.784,14.4009],[102.7845,14.4011],[102.7851,14.4011],[102.7859,14.4003],[102.7862,14.4012],[102.7829,14.4017]]]}},{"type":"Feature","properties":{"kind":"seasonal","area_km2":0.102,"date":"2026-10-04"},"geometry":{"type":"Polygon","coordinates":[[[102.4625,14.2776],[102.4609,14.2765],[102.4626,14.2757],[102.4645,14.276],[102.4659,14.2754],[102.4684,14.2755],[102.4684,14.2774],[102.4667,14.2771],[102.4662,14.2763],[102.4653,14.2762],[102.4648,14.2768],[102.4631,14.2768],[102.4631,14.2773],[102.4625,14.2776]],[[102.4664,14.2757],[102.4667,14.276],[102.4667,14.2757],[102.4664,14.2757]]]}}]}
