{"type":"FeatureCollection","properties":{"v":3,"id":"t103_17","name":"สกลนคร · หนองคาย · บึงกาฬ","aoi":[103.0,17.0,104.0,18.0],"date":"2026-10-09","dates":["2026-10-09","2026-10-08"],"baseline_years":3,"has_seasonal":true,"totals":{"flood_high":1.5,"flood_low":5.8,"seasonal":71.7},"provinces":[{"name":"อุดรธานี","zone":"th-ne","flood_high":1.5,"flood_low":3.1,"seasonal":24.2},{"name":"สกลนคร","zone":"th-ne","flood_high":0.0,"flood_low":2.2,"seasonal":29.0},{"name":"หนองคาย","zone":"th-ne","flood_high":0.0,"flood_low":0.6,"seasonal":6.0},{"name":"บึงกาฬ","zone":"th-ne","flood_high":0.0,"flood_low":0.1,"seasonal":12.5}],"scenes":{"2026-10-09":2,"2026-10-08":1},"baseline_dates":["2025-10-09","2024-10-07","2023-10-08"],"threshold_db":-15.0,"auto":true,"source":"Sentinel-1 RTC (Copernicus/ESA) via Microsoft Planetary Computer; JRC Global Surface Water; Copernicus DEM","method":"ChatGeo v3: Otsu threshold on VV dB; minus JRC permanent water and slope > 5 deg; unusual = water not present in most of the previous 3 years (same season)","added":"2026-10-11T01:54+07:00"},"features":[{"type":"Feature","properties":{"kind":"flood","area_km2":1.454,"conf":"high","date":"2026-10-08"},"geometry":{"type":"Polygon","coordinates":[[[103.0471,17.2059],[103.0462,17.2056],[103.046,17.2045],[103.0451,17.2045],[103.0446,17.204],[103.0446,17.2024],[103.0437,17.201],[103.0423,17.201],[103.0423,17.2018],[103.0415,17.2023],[103.0417,17.2039],[103.0409,17.2039],[103.0409,17.2056],[103.0406,17.2048],[103.0392,17.2047],[103.0386,17.2053],[103.0386,17.2036],[103.0375,17.2023],[103.0375,17.2012],[103.0353,17.1995],[103.0333,17.2001],[103.0327,17.2014],[103.0319,17.2014],[103.0319,17.1998],[103.0328,17.1998],[103.0331,17.1987],[103.0325,17.1968],[103.0336,17.1963],[103.0337,17.1952],[103.032,17.1946],[103.032,17.1936],[103.0331,17.1936],[103.0334,17.1941],[103.0342,17.1941],[103.0342,17.1947],[103.0354,17.1947],[103.036,17.1914],[103.0365,17.1914],[103.0365,17.1922],[103.0371,17.1922],[103.0373,17.195],[103.0379,17.195],[103.0379,17.1961],[103.0387,17.1969],[103.0379,17.1985],[103.0364,17.1985],[103.0362,17.1993],[103.0378,17.1996],[103.0378,17.2001],[103.0387,17.2004],[103.039,17.2015],[103.0401,17.2015],[103.0409,17.202],[103.0404,17.2001],[103.0395,17.1996],[103.0395,17.1988],[103.0398,17.1982],[103.0424,17.1983],[103.0424,17.1988],[103.0429,17.1988],[103.0429,17.1983],[103.0435,17.1983],[103.0435,17.1969],[103.0429,17.1969],[103.0424,17.1961],[103.0418,17.1961],[103.0415,17.1969],[103.0407,17.1969],[103.0401,17.1963],[103.0413,17.1961],[103.0413,17.1939],[103.0407,17.1934],[103.0399,17.1934],[103.0399,17.192],[103.0382,17.192],[103.0382,17.1904],[103.0354,17.1903],[103.0354,17.1909],[103.034,17.1911],[103.0337,17.1919],[103.0337,17.1909],[103.0343,17.1909],[103.0346,17.1901],[103.0326,17.1892],[103.0329,17.1868],[103.0321,17.1849],[103.0315,17.1846],[103.0315,17.1838],[103.0352,17.1844],[103.0355,17.1852],[103.0371,17.1852],[103.0371,17.1863],[103.0377,17.1868],[103.0377,17.1887],[103.0396,17.189],[103.0399,17.1885],[103.0402,17.189],[103.0396,17.1896],[103.0396,17.1909],[103.0413,17.1912],[103.0413,17.192],[103.0424,17.192],[103.043,17.1926],[103.043,17.1934],[103.0435,17.1934],[103.0438,17.1942],[103.0444,17.1939],[103.0449,17.1961],[103.0438,17.1972],[103.0438,17.1985],[103.0463,17.1988],[103.0466,17.1994],[103.0486,17.1999],[103.0491,17.2005],[103.0471,17.2005],[103.0454,17.2013],[103.0457,17.2037],[103.0465,17.2035],[103.0474,17.2024],[103.0482,17.2024],[103.0485,17.2029],[103.0482,17.204],[103.0468,17.2045],[103.0468,17.2051],[103.0474,17.2051],[103.0471,17.2059]],[[103.0395,17.2042],[103.04,17.2042],[103.0401,17.2034],[103.0395,17.2037],[103.0395,17.2042]],[[103.0429,17.2004],[103.0432,17.2007],[103.0432,17.2004],[103.0429,17.2004]],[[103.0351,17.1963],[103.0365,17.1963],[103.0365,17.195],[103.0351,17.1949],[103.0351,17.1963]]]}},{"type":"Feature","properties":{"kind":"flood","area_km2":0.47,"conf":"low","date":"2026-10-08"},"geometry":{"type":"Polygon","coordinates":[[[103.6909,17.2656],[103.6889,17.2637],[103.6864,17.2637],[103.6852,17.2645],[103.6841,17.2645],[103.6841,17.2637],[103.6852,17.2634],[103.6861,17.2618],[103.687,17.2615],[103.6875,17.2607],[103.6875,17.2599],[103.687,17.2596],[103.687,17.2591],[103.6864,17.2591],[103.6861,17.2561],[103.685,17.255],[103.6845,17.255],[103.6845,17.2539],[103.6864,17.2531],[103.687,17.2523],[103.6893,17.2529],[103.6898,17.2526],[103.6898,17.252],[103.691,17.2521],[103.6907,17.2539],[103.6915,17.254],[103.6915,17.2548],[103.6884,17.2545],[103.6873,17.255],[103.6881,17.2558],[103.6881,17.258],[103.6887,17.2585],[103.6895,17.2585],[103.6901,17.2591],[103.6901,17.2599],[103.6887,17.2607],[103.6878,17.2623],[103.6867,17.2626],[103.6898,17.2629],[103.6906,17.2632],[103.6909,17.264],[103.6931,17.2635],[103.6931,17.2651],[103.6929,17.2645],[103.6923,17.2645],[103.6917,17.2656],[103.6909,17.2656]]]}},{"type":"Feature","properties":{"kind":"flood","area_km2":0.3,"conf":"low","date":"2026-10-08"},"geometry":{"type":"Polygon","coordinates":[[[103.7233,17.3046],[103.7234,17.3019],[103.7231,17.3008],[103.7225,17.3005],[103.7225,17.2986],[103.7214,17.2981],[103.7214,17.2973],[103.7225,17.297],[103.7228,17.2964],[103.724,17.2965],[103.724,17.297],[103.7251,17.2981],[103.7262,17.2981],[103.7268,17.2986],[103.7293,17.2987],[103.7302,17.2979],[103.7302,17.2968],[103.7279,17.2951],[103.7276,17.2935],[103.7285,17.2935],[103.7299,17.2949],[103.731,17.2949],[103.7316,17.2943],[103.7316,17.2951],[103.7299,17.2951],[103.7299,17.296],[103.7305,17.296],[103.7304,17.2965],[103.7313,17.2968],[103.731,17.2992],[103.7301,17.2992],[103.7299,17.2997],[103.7279,17.2997],[103.7262,17.2992],[103.7262,17.2986],[103.7259,17.2992],[103.7251,17.2992],[103.7239,17.2978],[103.7234,17.2978],[103.7234,17.2997],[103.7239,17.2997],[103.7239,17.3008],[103.7248,17.3022],[103.7248,17.3035],[103.7262,17.303],[103.7256,17.3038],[103.7245,17.3041],[103.7242,17.3046],[103.7233,17.3046]]]}},{"type":"Feature","properties":{"kind":"flood","area_km2":0.291,"conf":"low","date":"2026-10-08"},"geometry":{"type":"Polygon","coordinates":[[[103.0416,17.1636],[103.0399,17.1635],[103.0402,17.1622],[103.0391,17.1614],[103.0385,17.1603],[103.0385,17.1595],[103.0391,17.1595],[103.0389,17.1573],[103.0397,17.1573],[103.0408,17.1562],[103.0425,17.1563],[103.0428,17.1571],[103.0436,17.1573],[103.0442,17.1592],[103.0436,17.1595],[103.0436,17.1584],[103.0425,17.1584],[103.0425,17.16],[103.0431,17.1601],[103.043,17.1609],[103.0425,17.1611],[103.0425,17.1619],[103.0419,17.1619],[103.0416,17.1636]]]}},{"type":"Feature","properties":{"kind":"flood","area_km2":0.283,"conf":"low","date":"2026-10-08"},"geometry":{"type":"Polygon","coordinates":[[[103.6899,17.2775],[103.69,17.2756],[103.6905,17.2751],[103.6902,17.274],[103.6863,17.2745],[103.6863,17.2737],[103.6843,17.274],[103.6843,17.2732],[103.6872,17.2724],[103.6886,17.271],[103.6889,17.2697],[103.69,17.2686],[103.6909,17.2686],[103.6917,17.267],[103.6931,17.2662],[103.6934,17.2651],[103.6931,17.2672],[103.6923,17.2675],[103.692,17.2689],[103.6914,17.2694],[103.6897,17.2694],[103.6897,17.2707],[103.6889,17.271],[103.6883,17.2724],[103.6872,17.2732],[103.6877,17.2734],[103.6886,17.2729],[103.6911,17.2727],[103.6914,17.2735],[103.6919,17.2735],[103.6914,17.274],[103.6911,17.2765],[103.6916,17.2765],[103.6916,17.2759],[103.6936,17.2759],[103.6947,17.2762],[103.695,17.277],[103.6947,17.2776],[103.6936,17.2776],[103.6925,17.2767],[103.6916,17.2767],[103.6908,17.2775],[103.6899,17.2775]]]}},{"type":"Feature","properties":{"kind":"flood","area_km2":0.269,"conf":"low","date":"2026-10-08"},"geometry":{"type":"Polygon","coordinates":[[[103.3925,17.6348],[103.3917,17.634],[103.3911,17.6313],[103.3928,17.6302],[103.3928,17.6291],[103.3937,17.6283],[103.3962,17.6286],[103.3962,17.6313],[103.3951,17.6324],[103.395,17.6348],[103.3925,17.6348]],[[103.3951,17.6292],[103.3957,17.6294],[103.3957,17.6292],[103.3951,17.6292]]]}},{"type":"Feature","properties":{"kind":"flood","area_km2":0.258,"conf":"low","date":"2026-10-08"},"geometry":{"type":"Polygon","coordinates":[[[103.6826,17.2368],[103.6821,17.236],[103.677,17.2354],[103.677,17.2322],[103.6756,17.2322],[103.6756,17.2311],[103.6767,17.2314],[103.6767,17.2303],[103.6784,17.2303],[103.6779,17.2314],[103.6787,17.2316],[103.6779,17.2316],[103.6778,17.233],[103.6795,17.233],[103.6795,17.2319],[103.6804,17.2319],[103.681,17.2314],[103.681,17.2306],[103.6821,17.2317],[103.6821,17.2322],[103.6846,17.2322],[103.6843,17.233],[103.6824,17.233],[103.6818,17.2322],[103.681,17.2322],[103.6821,17.2333],[103.6826,17.2333],[103.6826,17.2341],[103.6835,17.2344],[103.6795,17.2338],[103.6795,17.2346],[103.679,17.2346],[103.6795,17.2352],[103.6826,17.2355],[103.6826,17.2368]],[[103.6804,17.2322],[103.6807,17.2325],[103.6807,17.2322],[103.6804,17.2322]]]}},{"type":"Feature","properties":{"kind":"flood","area_km2":0.239,"conf":"low","date":"2026-10-08"},"geometry":{"type":"Polygon","coordinates":[[[103.1459,17.8121],[103.1447,17.8115],[103.143,17.8115],[103.1433,17.8086],[103.1428,17.8083],[103.1428,17.8072],[103.1431,17.8058],[103.1437,17.8053],[103.1454,17.8056],[103.1459,17.8051],[103.1456,17.8069],[103.1462,17.807],[103.1462,17.808],[103.1456,17.808],[103.1456,17.8094],[103.1481,17.8102],[103.1487,17.81],[103.149,17.8089],[103.149,17.8102],[103.1481,17.8108],[103.1478,17.8118],[103.1476,17.8108],[103.1462,17.8105],[103.1459,17.8121]]]}},{"type":"Feature","properties":{"kind":"flood","area_km2":0.218,"conf":"low","date":"2026-10-08"},"geometry":{"type":"Polygon","coordinates":[[[103.4001,17.9816],[103.399,17.9808],[103.3965,17.9808],[103.3965,17.9783],[103.3959,17.978],[103.3957,17.9767],[103.3971,17.9767],[103.3971,17.9759],[103.3985,17.9762],[103.3999,17.9775],[103.3996,17.9781],[103.4007,17.9784],[103.401,17.9816],[103.4001,17.9816]],[[103.4004,17.9808],[103.4007,17.9811],[103.4007,17.9808],[103.4004,17.9808]],[[103.3973,17.9783],[103.3976,17.9786],[103.3976,17.9783],[103.3973,17.9783]],[[103.3968,17.9783],[103.3973,17.9783],[103.3973,17.9781],[103.3968,17.9778],[103.3968,17.9783]]]}},{"type":"Feature","properties":{"kind":"flood","area_km2":0.166,"conf":"low","date":"2026-10-08"},"geometry":{"type":"Polygon","coordinates":[[[103.3426,17.5932],[103.342,17.5921],[103.3378,17.5915],[103.3355,17.5918],[103.3352,17.5913],[103.3347,17.5912],[103.3344,17.5899],[103.3338,17.5896],[103.3338,17.588],[103.335,17.5883],[103.335,17.5894],[103.3358,17.5904],[103.3429,17.591],[103.3431,17.5921],[103.3437,17.5924],[103.3437,17.5932],[103.3426,17.5932]]]}},{"type":"Feature","properties":{"kind":"flood","area_km2":0.162,"conf":"low","date":"2026-10-08"},"geometry":{"type":"Polygon","coordinates":[[[103.7193,17.2812],[103.7196,17.2785],[103.719,17.278],[103.7165,17.278],[103.7165,17.2766],[103.719,17.2758],[103.7199,17.2734],[103.716,17.2701],[103.7174,17.2701],[103.7185,17.272],[103.7196,17.272],[103.7207,17.2728],[103.7204,17.2756],[103.7199,17.2756],[103.7196,17.2764],[103.7179,17.2766],[103.7176,17.2774],[103.7199,17.2775],[103.7199,17.278],[103.7204,17.2783],[103.7204,17.2799],[103.7196,17.2802],[103.7196,17.2807],[103.7218,17.281],[103.7193,17.2812]]]}},{"type":"Feature","properties":{"kind":"flood","area_km2":0.158,"conf":"low","date":"2026-10-08"},"geometry":{"type":"Polygon","coordinates":[[[103.0449,17.9092],[103.0438,17.9079],[103.0432,17.9079],[103.0432,17.9068],[103.0421,17.9068],[103.0421,17.9051],[103.043,17.9049],[103.0427,17.9038],[103.0433,17.9035],[103.0436,17.9024],[103.0444,17.9016],[103.0458,17.9014],[103.0461,17.9022],[103.0453,17.9022],[103.0447,17.9033],[103.0447,17.9043],[103.0452,17.9044],[103.0452,17.9052],[103.0444,17.9052],[103.0444,17.9071],[103.0449,17.9079],[103.0455,17.9079],[103.0455,17.9092],[103.0449,17.9092]],[[103.0433,17.9049],[103.0435,17.9054],[103.0435,17.9049],[103.0433,17.9049]]]}},{"type":"Feature","properties":{"kind":"flood","area_km2":0.155,"conf":"low","date":"2026-10-08"},"geometry":{"type":"Polygon","coordinates":[[[103.0541,17.1799],[103.0539,17.178],[103.0519,17.1778],[103.0519,17.1769],[103.0533,17.177],[103.0533,17.1753],[103.0514,17.1753],[103.0505,17.1742],[103.0497,17.1739],[103.0536,17.1737],[103.055,17.1751],[103.0547,17.177],[103.0553,17.1772],[103.055,17.1791],[103.0555,17.1794],[103.0547,17.1794],[103.0541,17.1799]]]}},{"type":"Feature","properties":{"kind":"flood","area_km2":0.15,"conf":"low","date":"2026-10-08"},"geometry":{"type":"Polygon","coordinates":[[[103.0262,17.2043],[103.0262,17.2035],[103.0268,17.2035],[103.0268,17.203],[103.0248,17.2019],[103.0237,17.2019],[103.0235,17.2],[103.0226,17.1994],[103.0226,17.197],[103.0243,17.197],[103.0232,17.1975],[103.0232,17.1989],[103.0252,17.1992],[103.0254,17.1984],[103.026,17.2014],[103.0285,17.2019],[103.0271,17.2022],[103.0271,17.2033],[103.0279,17.2038],[103.0279,17.2044],[103.0262,17.2043]]]}},{"type":"Feature","properties":{"kind":"flood","area_km2":0.146,"conf":"low","date":"2026-10-08"},"geometry":{"type":"Polygon","coordinates":[[[103.033,17.1792],[103.033,17.1773],[103.0336,17.1773],[103.0336,17.1765],[103.0327,17.1754],[103.0327,17.1746],[103.0344,17.1746],[103.035,17.1735],[103.035,17.1722],[103.0362,17.1722],[103.0367,17.1711],[103.0376,17.1708],[103.0373,17.1719],[103.0364,17.1725],[103.0364,17.1735],[103.0359,17.1738],[103.0356,17.1762],[103.035,17.1762],[103.035,17.1781],[103.0355,17.1781],[103.0358,17.1787],[103.035,17.1787],[103.0347,17.1776],[103.0338,17.1776],[103.0338,17.1784],[103.033,17.1792]]]}},{"type":"Feature","properties":{"kind":"flood","area_km2":0.145,"conf":"low","date":"2026-10-08"},"geometry":{"type":"Polygon","coordinates":[[[103.1936,17.5079],[103.193,17.5073],[103.1933,17.5065],[103.1939,17.5065],[103.1939,17.506],[103.1933,17.506],[103.1931,17.5052],[103.1925,17.5052],[103.1919,17.5035],[103.1928,17.5035],[103.1928,17.5027],[103.1934,17.5025],[103.1934,17.5011],[103.1942,17.5011],[103.1942,17.5041],[103.1948,17.5044],[103.1945,17.5054],[103.1959,17.5055],[103.1956,17.5049],[103.197,17.5052],[103.1967,17.5057],[103.1959,17.5057],[103.1962,17.5068],[103.1956,17.5068],[103.1953,17.5074],[103.1939,17.5073],[103.1936,17.5079]]]}},{"type":"Feature","properties":{"kind":"flood","area_km2":0.144,"conf":"low","date":"2026-10-08"},"geometry":{"type":"Polygon","coordinates":[[[103.0461,17.1877],[103.0462,17.1866],[103.0456,17.1861],[103.0448,17.1861],[103.0453,17.1858],[103.0456,17.1847],[103.0456,17.1834],[103.0451,17.1831],[103.0451,17.1823],[103.0465,17.1823],[103.0468,17.1818],[103.0468,17.1831],[103.0473,17.1831],[103.0473,17.1839],[103.0484,17.1845],[103.0487,17.1861],[103.047,17.1877],[103.0461,17.1877]]]}},{"type":"Feature","properties":{"kind":"flood","area_km2":0.133,"conf":"low","date":"2026-10-08"},"geometry":{"type":"Polygon","coordinates":[[[103.1698,17.6546],[103.1698,17.6529],[103.1684,17.6529],[103.1681,17.6537],[103.1678,17.6524],[103.169,17.6524],[103.1693,17.651],[103.1682,17.6505],[103.1682,17.6497],[103.1687,17.6497],[103.1682,17.6483],[103.1679,17.6489],[103.1662,17.6488],[103.1668,17.6472],[103.1687,17.6472],[103.1693,17.6483],[103.169,17.6497],[103.1696,17.6497],[103.1693,17.6505],[103.1707,17.6508],[103.1704,17.653],[103.171,17.6532],[103.1709,17.6543],[103.1698,17.6546]],[[103.1693,17.6521],[103.1695,17.6524],[103.1695,17.6521],[103.1693,17.6521]]]}},{"type":"Feature","properties":{"kind":"flood","area_km2":0.122,"conf":"low","date":"2026-10-08"},"geometry":{"type":"Polygon","coordinates":[[[103.1478,17.7921],[103.1458,17.7915],[103.1458,17.791],[103.1464,17.7907],[103.1472,17.7866],[103.1478,17.7861],[103.1498,17.7858],[103.1492,17.7861],[103.1492,17.7872],[103.1487,17.7872],[103.1489,17.7891],[103.1484,17.7891],[103.1478,17.7904],[103.1478,17.7921]]]}},{"type":"Feature","properties":{"kind":"flood","area_km2":0.12,"conf":"low","date":"2026-10-08"},"geometry":{"type":"Polygon","coordinates":[[[103.0847,17.8635],[103.0842,17.8616],[103.0853,17.8619],[103.0856,17.8603],[103.087,17.8606],[103.0876,17.8601],[103.0902,17.8598],[103.0899,17.8612],[103.0887,17.8611],[103.0882,17.8622],[103.0847,17.8635]]]}},{"type":"Feature","properties":{"kind":"flood","area_km2":0.112,"conf":"low","date":"2026-10-08"},"geometry":{"type":"Polygon","coordinates":[[[103.6859,17.2501],[103.6856,17.2466],[103.6842,17.2458],[103.6842,17.2447],[103.6851,17.2444],[103.6865,17.2444],[103.6865,17.245],[103.6873,17.2452],[103.6873,17.2461],[103.6865,17.2461],[103.6865,17.2477],[103.6873,17.2477],[103.6873,17.2501],[103.6859,17.2501]]]}},{"type":"Feature","properties":{"kind":"flood","area_km2":0.11,"conf":"low","date":"2026-10-08"},"geometry":{"type":"Polygon","coordinates":[[[103.2671,17.4679],[103.2674,17.466],[103.2683,17.4649],[103.2706,17.4644],[103.2711,17.4652],[103.2717,17.4652],[103.2717,17.466],[103.27,17.466],[103.2697,17.4674],[103.2686,17.4679],[103.2671,17.4679]]]}},{"type":"Feature","properties":{"kind":"flood","area_km2":0.106,"conf":"low","date":"2026-10-08"},"geometry":{"type":"Polygon","coordinates":[[[103.0425,17.214],[103.0425,17.2118],[103.0431,17.2118],[103.0431,17.2105],[103.0451,17.2102],[103.0454,17.2089],[103.0462,17.2086],[103.0459,17.2113],[103.0439,17.2113],[103.0439,17.2126],[103.0453,17.2129],[103.045,17.2137],[103.0425,17.214]]]}},{"type":"Feature","properties":{"kind":"flood","area_km2":0.104,"conf":"low","date":"2026-10-08"},"geometry":{"type":"Polygon","coordinates":[[[103.0731,17.8415],[103.0725,17.8409],[103.0725,17.8401],[103.0714,17.8396],[103.0714,17.8377],[103.0729,17.8361],[103.074,17.8361],[103.0751,17.8374],[103.0743,17.8374],[103.0743,17.838],[103.0726,17.8385],[103.0728,17.8404],[103.074,17.8404],[103.0739,17.8415],[103.0731,17.8415]]]}},{"type":"Feature","properties":{"kind":"flood","area_km2":0.1,"conf":"low","date":"2026-10-08"},"geometry":{"type":"Polygon","coordinates":[[[103.049,17.1823],[103.0488,17.1812],[103.0493,17.1807],[103.0493,17.1794],[103.0488,17.1791],[103.0488,17.178],[103.0493,17.178],[103.0493,17.1788],[103.0507,17.1791],[103.0513,17.1802],[103.0541,17.1802],[103.053,17.181],[103.053,17.1818],[103.0513,17.1818],[103.0513,17.1805],[103.0499,17.1804],[103.0499,17.1818],[103.0504,17.1821],[103.049,17.1823]]]}},{"type":"Feature","properties":{"kind":"flood","area_km2":0.099,"conf":"low","date":"2026-10-08"},"geometry":{"type":"Polygon","coordinates":[[[103.043,17.2194],[103.043,17.2183],[103.0422,17.2183],[103.0422,17.2172],[103.043,17.217],[103.0427,17.2156],[103.0447,17.2154],[103.0453,17.2181],[103.0444,17.2183],[103.0438,17.2194],[103.043,17.2194]]]}},{"type":"Feature","properties":{"kind":"flood","area_km2":0.097,"conf":"low","date":"2026-10-09"},"geometry":{"type":"Polygon","coordinates":[[[103.9637,17.3331],[103.9634,17.3317],[103.9623,17.3317],[103.9623,17.3306],[103.9634,17.3306],[103.9637,17.3301],[103.9648,17.3301],[103.9648,17.3307],[103.9654,17.3301],[103.9665,17.3301],[103.9668,17.3315],[103.9656,17.3317],[103.9651,17.3328],[103.9637,17.3331]],[[103.9659,17.3304],[103.9662,17.3307],[103.9662,17.3304],[103.9659,17.3304]]]}},{"type":"Feature","properties":{"kind":"flood","area_km2":0.084,"conf":"low","date":"2026-10-08"},"geometry":{"type":"Polygon","coordinates":[[[103.3349,17.8973],[103.3335,17.8965],[103.3307,17.8967],[103.3304,17.8959],[103.3296,17.8953],[103.3296,17.8945],[103.331,17.8948],[103.3316,17.8956],[103.3344,17.8957],[103.3358,17.8962],[103.3361,17.8973],[103.3349,17.8973]]]}},{"type":"Feature","properties":{"kind":"flood","area_km2":0.078,"conf":"low","date":"2026-10-08"},"geometry":{"type":"Polygon","coordinates":[[[103.3918,17.9373],[103.3901,17.9354],[103.3901,17.9333],[103.3912,17.9333],[103.3915,17.9341],[103.3926,17.9349],[103.3921,17.9357],[103.3921,17.9371],[103.3932,17.9374],[103.3918,17.9373]]]}},{"type":"Feature","properties":{"kind":"flood","area_km2":0.076,"conf":"low","date":"2026-10-08"},"geometry":{"type":"Polygon","coordinates":[[[103.7092,17.2706],[103.7092,17.2687],[103.7106,17.2674],[103.7106,17.2668],[103.712,17.2657],[103.712,17.2668],[103.7112,17.2676],[103.7109,17.269],[103.7117,17.2682],[103.7123,17.2682],[103.7123,17.2687],[103.7117,17.2687],[103.7106,17.2701],[103.71,17.2701],[103.71,17.2706],[103.7092,17.2706]]]}},{"type":"Feature","properties":{"kind":"flood","area_km2":0.075,"conf":"low","date":"2026-10-08"},"geometry":{"type":"Polygon","coordinates":[[[103.1106,17.7722],[103.1112,17.7719],[103.1112,17.7711],[103.1103,17.7711],[103.1104,17.77],[103.1109,17.7695],[103.1107,17.7684],[103.1115,17.7684],[103.1121,17.77],[103.1132,17.7698],[103.1132,17.7706],[103.1126,17.7706],[103.1123,17.7722],[103.1106,17.7722]]]}},{"type":"Feature","properties":{"kind":"flood","area_km2":0.071,"conf":"low","date":"2026-10-08"},"geometry":{"type":"Polygon","coordinates":[[[103.1167,17.8118],[103.1167,17.811],[103.1173,17.811],[103.1173,17.8097],[103.1159,17.8096],[103.1162,17.8091],[103.1153,17.8088],[103.1156,17.8075],[103.1168,17.8075],[103.1167,17.808],[103.1179,17.8086],[103.1179,17.8094],[103.1187,17.8094],[103.1187,17.8105],[103.1179,17.8105],[103.1178,17.811],[103.1167,17.8118]]]}},{"type":"Feature","properties":{"kind":"flood","area_km2":0.071,"conf":"low","date":"2026-10-08"},"geometry":{"type":"Polygon","coordinates":[[[103.1088,17.7803],[103.1088,17.7795],[103.1083,17.7792],[103.1086,17.7781],[103.112,17.7776],[103.1117,17.7792],[103.1105,17.7792],[103.1105,17.7787],[103.11,17.7787],[103.1102,17.7803],[103.1088,17.7803]]]}},{"type":"Feature","properties":{"kind":"flood","area_km2":0.07,"conf":"low","date":"2026-10-08"},"geometry":{"type":"Polygon","coordinates":[[[103.2407,17.8981],[103.2407,17.8973],[103.2418,17.8959],[103.2427,17.8938],[103.2432,17.8932],[103.2441,17.8932],[103.2441,17.8941],[103.2432,17.8957],[103.2427,17.8959],[103.2426,17.8968],[103.2415,17.8981],[103.2407,17.8981]]]}},{"type":"Feature","properties":{"kind":"flood","area_km2":0.069,"conf":"low","date":"2026-10-08"},"geometry":{"type":"Polygon","coordinates":[[[103.4089,17.6013],[103.4089,17.6005],[103.4098,17.6],[103.4117,17.6003],[103.412,17.5981],[103.4129,17.5981],[103.4134,17.5987],[103.4134,17.5995],[103.4129,17.5995],[103.4129,17.6006],[103.4117,17.6006],[103.4117,17.6011],[103.4089,17.6013]]]}},{"type":"Feature","properties":{"kind":"flood","area_km2":0.068,"conf":"low","date":"2026-10-08"},"geometry":{"type":"Polygon","coordinates":[[[103.0625,17.8571],[103.0619,17.8563],[103.0605,17.856],[103.0605,17.8554],[103.0619,17.8544],[103.0619,17.8538],[103.0625,17.8541],[103.0625,17.8547],[103.0639,17.8552],[103.0639,17.8566],[103.063,17.8566],[103.063,17.8571],[103.0625,17.8571]]]}},{"type":"Feature","properties":{"kind":"flood","area_km2":0.067,"conf":"low","date":"2026-10-08"},"geometry":{"type":"Polygon","coordinates":[[[103.4806,17.4832],[103.4806,17.4824],[103.4794,17.4826],[103.4777,17.4818],[103.4777,17.4813],[103.4783,17.4813],[103.478,17.4804],[103.4789,17.4807],[103.4789,17.4796],[103.4795,17.4799],[103.4797,17.4815],[103.4811,17.4816],[103.4817,17.4821],[103.4817,17.4829],[103.4806,17.4832]]]}},{"type":"Feature","properties":{"kind":"flood","area_km2":0.063,"conf":"low","date":"2026-10-08"},"geometry":{"type":"Polygon","coordinates":[[[103.1471,17.8007],[103.1463,17.7994],[103.1463,17.7983],[103.1451,17.798],[103.1449,17.7969],[103.1477,17.7978],[103.148,17.7994],[103.1477,17.8007],[103.1471,17.8007]]]}},{"type":"Feature","properties":{"kind":"flood","area_km2":0.062,"conf":"low","date":"2026-10-08"},"geometry":{"type":"Polygon","coordinates":[[[103.0422,17.8994],[103.0422,17.8967],[103.0428,17.8959],[103.0439,17.8959],[103.0439,17.8981],[103.043,17.8986],[103.043,17.8995],[103.0422,17.8994]]]}},{"type":"Feature","properties":{"kind":"flood","area_km2":0.06,"conf":"low","date":"2026-10-08"},"geometry":{"type":"Polygon","coordinates":[[[103.1477,17.7961],[103.1449,17.7961],[103.1446,17.7953],[103.144,17.7955],[103.144,17.7947],[103.1449,17.795],[103.1452,17.7937],[103.1466,17.7931],[103.1469,17.7942],[103.146,17.7948],[103.146,17.7956],[103.1477,17.7961]]]}},{"type":"Feature","properties":{"kind":"flood","area_km2":0.055,"conf":"low","date":"2026-10-08"},"geometry":{"type":"Polygon","coordinates":[[[103.3662,17.9805],[103.3662,17.9783],[103.3676,17.9783],[103.3679,17.9789],[103.367,17.9789],[103.3673,17.9794],[103.3693,17.9794],[103.3693,17.9803],[103.3676,17.98],[103.3673,17.9805],[103.3662,17.9805]]]}},{"type":"Feature","properties":{"kind":"flood","area_km2":0.055,"conf":"low","date":"2026-10-08"},"geometry":{"type":"Polygon","coordinates":[[[103.0793,17.9765],[103.079,17.976],[103.0784,17.976],[103.0787,17.9735],[103.0821,17.9741],[103.0804,17.9744],[103.0799,17.9765],[103.0793,17.9765]]]}},{"type":"Feature","properties":{"kind":"flood","area_km2":0.053,"conf":"low","date":"2026-10-08"},"geometry":{"type":"Polygon","coordinates":[[[103.7327,17.9442],[103.7324,17.9437],[103.7307,17.9437],[103.7307,17.9428],[103.7316,17.9428],[103.7322,17.9423],[103.7325,17.9404],[103.7341,17.9412],[103.7339,17.9423],[103.7322,17.9426],[103.7316,17.9431],[103.733,17.9434],[103.7327,17.9442]]]}},{"type":"Feature","properties":{"kind":"flood","area_km2":0.052,"conf":"low","date":"2026-10-08"},"geometry":{"type":"Polygon","coordinates":[[[103.101,17.6119],[103.1004,17.6103],[103.101,17.6103],[103.1016,17.6095],[103.103,17.6098],[103.1033,17.6108],[103.1021,17.6111],[103.1018,17.6119],[103.101,17.6119]]]}},{"type":"Feature","properties":{"kind":"flood","area_km2":0.052,"conf":"low","date":"2026-10-08"},"geometry":{"type":"Polygon","coordinates":[[[103.7031,17.2481],[103.7026,17.2459],[103.7046,17.2456],[103.7051,17.2467],[103.7048,17.2475],[103.7043,17.2481],[103.7031,17.2481]]]}},{"type":"Feature","properties":{"kind":"seasonal","area_km2":6.325,"date":"2026-10-08"},"geometry":{"type":"Polygon","coordinates":[[[103.5232,17.0652],[103.5226,17.0646],[103.5226,17.0635],[103.5237,17.063],[103.524,17.0619],[103.5252,17.0611],[103.5246,17.059],[103.5232,17.0587],[103.5229,17.0598],[103.5207,17.0597],[103.5198,17.0611],[103.5176,17.0613],[103.5161,17.0611],[103.5153,17.0602],[103.5145,17.0602],[103.5125,17.0581],[103.5094,17.058],[103.5097,17.0569],[103.5125,17.0567],[103.5131,17.0575],[103.5142,17.0575],[103.5145,17.0581],[103.5167,17.0578],[103.5178,17.0592],[103.519,17.0589],[103.5187,17.0581],[103.5173,17.0578],[103.5173,17.0567],[103.5182,17.0562],[103.5182,17.0557],[103.5159,17.0532],[103.5154,17.0518],[103.5123,17.0515],[103.5106,17.0521],[103.5112,17.0502],[103.51,17.0491],[103.5086,17.0491],[103.5086,17.048],[103.5072,17.0483],[103.5061,17.0469],[103.5055,17.0469],[103.5053,17.0477],[103.5044,17.0477],[103.5044,17.0469],[103.5036,17.0469],[103.5033,17.0496],[103.5024,17.0496],[103.5013,17.0488],[103.5002,17.049],[103.4996,17.0485],[103.4985,17.0485],[103.4982,17.049],[103.4974,17.049],[103.4965,17.0484],[103.4968,17.0466],[103.4993,17.0463],[103.4999,17.0458],[103.4996,17.0447],[103.5002,17.0447],[103.5008,17.0439],[103.5022,17.0439],[103.5042,17.0428],[103.5036,17.0417],[103.5016,17.0417],[103.5014,17.0412],[103.4991,17.0406],[103.4991,17.0398],[103.5028,17.0398],[103.5039,17.0393],[103.5073,17.0396],[103.5073,17.0412],[103.5078,17.0418],[103.5118,17.0423],[103.5118,17.041],[103.5124,17.041],[103.5129,17.0402],[103.5124,17.0396],[103.5104,17.0393],[103.5104,17.0385],[103.511,17.0385],[103.5113,17.038],[103.5096,17.0369],[103.5082,17.0369],[103.5079,17.0363],[103.5065,17.036],[103.5065,17.0352],[103.5073,17.035],[103.5079,17.0339],[103.5062,17.0336],[103.5056,17.0341],[103.504,17.0341],[103.504,17.0328],[103.5026,17.0328],[103.5026,17.032],[103.5045,17.0314],[103.5074,17.0317],[103.5085,17.0309],[103.5136,17.0304],[103.5133,17.0282],[103.5127,17.0277],[103.5099,17.0277],[103.5085,17.0268],[103.5088,17.0252],[103.5074,17.0239],[103.5074,17.0228],[103.508,17.0222],[103.5148,17.0228],[103.5153,17.0223],[103.5153,17.0198],[103.5159,17.0193],[103.5159,17.0182],[103.517,17.0182],[103.5173,17.0201],[103.5196,17.0207],[103.5198,17.0215],[103.5195,17.0226],[103.5187,17.0226],[103.5184,17.0218],[103.5176,17.022],[103.5173,17.0234],[103.5178,17.0237],[103.5178,17.0242],[103.5192,17.0248],[103.5209,17.0245],[103.5223,17.0256],[103.5243,17.0256],[103.5257,17.0267],[103.5277,17.0267],[103.5291,17.0278],[103.5299,17.0278],[103.5302,17.0284],[103.5322,17.0284],[103.5322,17.0292],[103.5313,17.0295],[103.5263,17.0294],[103.526,17.0289],[103.5246,17.0289],[103.5237,17.0299],[103.5226,17.0299],[103.5226,17.031],[103.5206,17.0313],[103.5203,17.0321],[103.5217,17.0324],[103.522,17.0348],[103.5228,17.0354],[103.524,17.0354],[103.5242,17.0359],[103.5256,17.0356],[103.5257,17.0348],[103.5265,17.0338],[103.5282,17.0335],[103.5285,17.0351],[103.5293,17.0359],[103.5302,17.036],[103.5304,17.0365],[103.5316,17.0368],[103.5318,17.0376],[103.5327,17.0379],[103.5327,17.0387],[103.5313,17.0387],[103.531,17.0381],[103.529,17.0384],[103.5287,17.0378],[103.5279,17.0378],[103.5279,17.0392],[103.5262,17.0394],[103.5259,17.0408],[103.525,17.0408],[103.525,17.0403],[103.5242,17.0394],[103.5231,17.0392],[103.5222,17.0394],[103.5219,17.0408],[103.5211,17.0408],[103.5208,17.0389],[103.5197,17.0383],[103.5186,17.037],[103.5166,17.0372],[103.5163,17.0377],[103.5144,17.0372],[103.5141,17.0383],[103.5158,17.0394],[103.516,17.0405],[103.5171,17.0418],[103.5171,17.0426],[103.5143,17.0451],[103.5103,17.0453],[103.5109,17.0461],[103.5154,17.0459],[103.5154,17.0467],[103.5148,17.0472],[103.5134,17.0472],[103.5126,17.0478],[103.5129,17.0486],[103.5154,17.0486],[103.516,17.0478],[103.5177,17.0478],[103.5185,17.047],[103.5196,17.047],[103.5202,17.0478],[103.5213,17.0481],[103.5213,17.0489],[103.5202,17.05],[103.5207,17.05],[103.5216,17.0492],[103.5224,17.0492],[103.5221,17.053],[103.5204,17.0532],[103.5201,17.0546],[103.5193,17.0551],[103.5196,17.0559],[103.521,17.0557],[103.521,17.0565],[103.5201,17.0573],[103.5207,17.0587],[103.5215,17.0587],[103.5221,17.0579],[103.5235,17.0573],[103.5244,17.0557],[103.5255,17.0552],[103.5252,17.0535],[103.5258,17.053],[103.5255,17.0519],[103.5264,17.0508],[103.5264,17.0487],[103.5272,17.0487],[103.5272,17.0506],[103.5278,17.0508],[103.5278,17.0514],[103.5303,17.0514],[103.5309,17.052],[103.5309,17.053],[103.53,17.0533],[103.5294,17.0544],[103.5275,17.0552],[103.5274,17.0571],[103.5263,17.0582],[103.5263,17.0592],[103.5274,17.0606],[103.5274,17.062],[103.5294,17.062],[103.53,17.0614],[103.5322,17.0617],[103.5322,17.0623],[103.5311,17.0625],[103.5311,17.0631],[103.5344,17.0636],[103.5344,17.0644],[103.5311,17.0644],[103.5311,17.0639],[103.5299,17.0636],[103.5297,17.0625],[103.5285,17.0641],[103.5271,17.0641],[103.5263,17.063],[103.5263,17.0622],[103.5254,17.0622],[103.5237,17.0641],[103.524,17.0652],[103.5232,17.0652]],[[103.5249,17.0581],[103.5255,17.0581],[103.5255,17.0576],[103.5249,17.0576],[103.5249,17.0581]],[[103.5165,17.0518],[103.5176,17.0516],[103.5176,17.0505],[103.5168,17.0505],[103.5165,17.0518]],[[103.5093,17.0347],[103.5113,17.0347],[103.5121,17.0342],[103.5121,17.0334],[103.5102,17.0331],[103.5093,17.0347]],[[103.5144,17.0337],[103.5161,17.0337],[103.5164,17.0331],[103.5147,17.0329],[103.5144,17.0337]],[[103.5201,17.0299],[103.5203,17.0291],[103.5184,17.028],[103.5181,17.0288],[103.5186,17.0294],[103.5198,17.0294],[103.5201,17.0299]],[[103.5156,17.0291],[103.5161,17.0291],[103.5161,17.0285],[103.5156,17.0285],[103.5156,17.0291]],[[103.5116,17.0266],[103.5136,17.0266],[103.5136,17.0258],[103.5116,17.0258],[103.5116,17.0266]],[[103.5122,17.0242],[103.5128,17.0247],[103.5128,17.0242],[103.5122,17.0242]]]}},{"type":"Feature","properties":{"kind":"seasonal","area_km2":4.317,"date":"2026-10-08"},"geometry":{"type":"Polygon","coordinates":[[[103.0491,17.2008],[103.0486,17.1999],[103.0477,17.1999],[103.0474,17.1994],[103.048,17.1991],[103.0483,17.198],[103.0491,17.1981],[103.0491,17.1972],[103.0497,17.1972],[103.0497,17.1967],[103.048,17.1967],[103.048,17.1978],[103.0474,17.198],[103.0469,17.1994],[103.0463,17.1988],[103.0455,17.1988],[103.0452,17.1983],[103.0438,17.1985],[103.0438,17.1972],[103.0449,17.1961],[103.0444,17.195],[103.0447,17.1926],[103.0438,17.1926],[103.0438,17.1931],[103.043,17.1934],[103.043,17.1926],[103.0424,17.192],[103.0413,17.192],[103.0413,17.1912],[103.0396,17.1909],[103.0396,17.1896],[103.0402,17.189],[103.0399,17.1885],[103.0396,17.189],[103.0377,17.1887],[103.0377,17.1868],[103.0371,17.1863],[103.0371,17.1852],[103.0355,17.1852],[103.0352,17.1844],[103.0329,17.1841],[103.0335,17.1835],[103.0332,17.1808],[103.0338,17.1806],[103.0338,17.1795],[103.0333,17.1789],[103.0338,17.1784],[103.0338,17.1776],[103.0347,17.1776],[103.0347,17.1784],[103.0358,17.1787],[103.0355,17.1781],[103.035,17.1781],[103.035,17.1762],[103.0356,17.1762],[103.0359,17.1738],[103.0364,17.1735],[103.0364,17.1725],[103.0373,17.1719],[103.0376,17.1708],[103.0381,17.1711],[103.0381,17.1706],[103.039,17.1706],[103.0387,17.1671],[103.039,17.1665],[103.0424,17.1663],[103.0424,17.1657],[103.0416,17.1657],[103.0413,17.1646],[103.0419,17.1619],[103.0442,17.1628],[103.0441,17.1641],[103.0433,17.1644],[103.0436,17.166],[103.0447,17.1663],[103.0444,17.1671],[103.0452,17.1671],[103.0452,17.1677],[103.0461,17.1682],[103.046,17.1709],[103.0455,17.1723],[103.0457,17.1736],[103.0466,17.1742],[103.0497,17.1739],[103.0505,17.1742],[103.0514,17.1753],[103.0533,17.1753],[103.0533,17.177],[103.0519,17.1769],[103.0519,17.1778],[103.0533,17.1778],[103.0541,17.1789],[103.0541,17.1802],[103.0513,17.1802],[103.0507,17.1791],[103.0493,17.1788],[103.0493,17.178],[103.0488,17.178],[103.0488,17.1791],[103.0493,17.1794],[103.0493,17.1807],[103.0488,17.1812],[103.049,17.1823],[103.0504,17.1821],[103.0499,17.1818],[103.0499,17.1804],[103.0513,17.1805],[103.0513,17.1818],[103.0533,17.1818],[103.0532,17.1832],[103.0524,17.1837],[103.0524,17.1853],[103.0529,17.1856],[103.0529,17.1864],[103.0524,17.1867],[103.0526,17.1881],[103.0509,17.1883],[103.0501,17.1894],[103.05,17.1926],[103.0492,17.1926],[103.0492,17.1913],[103.0475,17.1915],[103.0473,17.1886],[103.0456,17.1885],[103.045,17.1891],[103.0447,17.191],[103.0458,17.1912],[103.0464,17.1934],[103.0469,17.1934],[103.0469,17.194],[103.0478,17.194],[103.0478,17.1932],[103.0486,17.1932],[103.0489,17.194],[103.05,17.194],[103.0506,17.1967],[103.0525,17.1992],[103.0525,17.2003],[103.0505,17.2],[103.0502,17.2005],[103.0491,17.2008]],[[103.0463,17.1972],[103.0466,17.1978],[103.0466,17.1972],[103.0463,17.1972]],[[103.0458,17.1967],[103.046,17.1969],[103.0461,17.1967],[103.0458,17.1967]],[[103.0477,17.1964],[103.048,17.1967],[103.048,17.1964],[103.0477,17.1964]],[[103.0458,17.1937],[103.0461,17.194],[103.0461,17.1937],[103.0458,17.1937]],[[103.0416,17.1904],[103.0427,17.1901],[103.0428,17.1885],[103.0419,17.1885],[103.0411,17.1893],[103.0416,17.1904]],[[103.0487,17.1891],[103.0492,17.1888],[103.049,17.1883],[103.0487,17.1883],[103.0487,17.1891]],[[103.0397,17.1882],[103.0402,17.1882],[103.0405,17.1877],[103.0397,17.1874],[103.0397,17.1882]],[[103.0461,17.1877],[103.047,17.1877],[103.0487,17.1861],[103.0484,17.1845],[103.0479,17.1845],[103.0479,17.184],[103.0473,17.1839],[103.0473,17.1831],[103.0468,17.1831],[103.0468,17.1818],[103.0465,17.1823],[103.0451,17.1823],[103.0451,17.1831],[103.0456,17.1834],[103.0456,17.1847],[103.0453,17.1858],[103.0448,17.1861],[103.0456,17.1861],[103.0462,17.1866],[103.0461,17.1877]],[[103.0414,17.1798],[103.0428,17.1798],[103.0431,17.1788],[103.0426,17.1782],[103.0415,17.1782],[103.0414,17.1798]],[[103.0381,17.1774],[103.0386,17.1779],[103.0386,17.1774],[103.0381,17.1774]],[[103.0424,17.1684],[103.043,17.1685],[103.043,17.1679],[103.0424,17.1679],[103.0424,17.1684]]]}},{"type":"Feature","properties":{"kind":"seasonal","area_km2":2.42,"date":"2026-10-08"},"geometry":{"type":"Polygon","coordinates":[[[103.1303,17.838],[103.1278,17.8377],[103.1275,17.8352],[103.1266,17.8355],[103.1272,17.8366],[103.1261,17.8366],[103.1258,17.8355],[103.1252,17.8352],[103.1233,17.8352],[103.123,17.836],[103.1218,17.836],[103.1218,17.8355],[103.121,17.8349],[103.121,17.8327],[103.1236,17.8336],[103.1238,17.833],[103.125,17.833],[103.125,17.8325],[103.1236,17.8325],[103.1236,17.8319],[103.1224,17.8314],[103.1225,17.8306],[103.1213,17.8306],[103.1213,17.8289],[103.1205,17.8289],[103.1211,17.8273],[103.1219,17.8281],[103.1222,17.8271],[103.1231,17.8271],[103.1228,17.826],[103.1222,17.826],[103.1219,17.8265],[103.1205,17.8262],[103.1205,17.8254],[103.12,17.8254],[103.12,17.8243],[103.1188,17.8243],[103.1188,17.8238],[103.118,17.8235],[103.1177,17.8227],[103.1174,17.8232],[103.116,17.8227],[103.1126,17.8226],[103.1132,17.8199],[103.1146,17.8199],[103.1144,17.8191],[103.1132,17.8191],[103.1127,17.8156],[103.1133,17.8153],[103.1133,17.8145],[103.1156,17.814],[103.1155,17.8175],[103.1172,17.8175],[103.117,17.8148],[103.1164,17.8148],[103.1164,17.814],[103.1178,17.8132],[103.117,17.8116],[103.1178,17.811],[103.1179,17.8105],[103.1187,17.8105],[103.1187,17.8094],[103.1179,17.8094],[103.1179,17.8086],[103.117,17.8083],[103.1162,17.8069],[103.1162,17.8053],[103.1173,17.8053],[103.1182,17.807],[103.1187,17.807],[103.119,17.8064],[103.1202,17.807],[103.1202,17.8064],[103.1207,17.8062],[103.1205,17.8054],[103.121,17.8051],[103.1216,17.8054],[103.121,17.8078],[103.1218,17.8081],[103.1221,17.8073],[103.1233,17.8075],[103.1229,17.8119],[103.1218,17.8119],[103.1221,17.814],[103.1226,17.814],[103.1223,17.817],[103.1203,17.8173],[103.1212,17.8189],[103.1217,17.8189],[103.1217,17.8197],[103.1223,17.8197],[103.1226,17.8181],[103.1251,17.8181],[103.1249,17.8176],[103.1237,17.8176],[103.1237,17.8168],[103.1243,17.8162],[103.1257,17.8165],[103.1257,17.8157],[103.1266,17.8154],[103.1288,17.8155],[103.1294,17.8163],[103.1291,17.8176],[103.1277,17.8179],[103.126,17.8171],[103.126,17.819],[103.1243,17.8192],[103.1243,17.8211],[103.1237,17.8216],[103.1237,17.8222],[103.1242,17.8222],[103.1239,17.8235],[103.1231,17.8235],[103.1231,17.823],[103.1217,17.823],[103.1203,17.8238],[103.1202,17.8251],[103.1208,17.8251],[103.1211,17.826],[103.1214,17.8254],[103.1225,17.8254],[103.1231,17.8241],[103.1242,17.8241],[103.1248,17.8249],[103.1259,17.8246],[103.1262,17.8252],[103.1273,17.8252],[103.1273,17.8266],[103.1267,17.8266],[103.1267,17.8268],[103.1265,17.8268],[103.1262,17.8271],[103.1262,17.8276],[103.1256,17.8279],[103.1267,17.8285],[103.1267,17.8298],[103.1293,17.8298],[103.1292,17.8306],[103.1287,17.8309],[103.1295,17.8315],[103.1295,17.832],[103.1289,17.8323],[103.1295,17.8323],[103.1295,17.8331],[103.1309,17.8342],[103.1309,17.8353],[103.1303,17.8353],[103.1309,17.8355],[103.1303,17.838]],[[103.1289,17.8374],[103.1297,17.8374],[103.1297,17.8369],[103.1286,17.8369],[103.1289,17.8374]],[[103.1252,17.8349],[103.1255,17.8352],[103.1255,17.8349],[103.1252,17.8349]],[[103.1261,17.8352],[103.1267,17.8352],[103.1267,17.8344],[103.1261,17.8347],[103.1261,17.8352]],[[103.123,17.8338],[103.1235,17.8344],[103.1236,17.8338],[103.123,17.8338]],[[103.1252,17.8341],[103.1261,17.8341],[103.1261,17.8333],[103.1253,17.833],[103.1252,17.8341]],[[103.127,17.832],[103.1272,17.8322],[103.1273,17.832],[103.127,17.832]],[[103.1264,17.8317],[103.127,17.832],[103.127,17.8317],[103.1264,17.8317]],[[103.1256,17.8314],[103.1261,17.8312],[103.1261,17.8306],[103.1256,17.8306],[103.1256,17.8314]],[[103.1273,17.8314],[103.1278,17.8314],[103.1278,17.8309],[103.1275,17.8309],[103.1273,17.8314]],[[103.1264,17.8301],[103.1267,17.8303],[103.1267,17.8301],[103.1264,17.8301]],[[103.1239,17.83],[103.1247,17.8301],[103.1247,17.8292],[103.1242,17.8292],[103.1239,17.83]],[[103.1239,17.829],[103.1247,17.829],[103.125,17.8282],[103.1242,17.8282],[103.1239,17.829]],[[103.1211,17.8281],[103.1213,17.8284],[103.1213,17.8281],[103.1211,17.8281]],[[103.1222,17.8284],[103.1228,17.8284],[103.1231,17.8276],[103.1222,17.8276],[103.1222,17.8284]],[[103.1262,17.8265],[103.1265,17.8268],[103.1265,17.8266],[103.1262,17.8265]],[[103.1228,17.8254],[103.1231,17.8257],[103.1231,17.8254],[103.1228,17.8254]],[[103.1197,17.824],[103.12,17.8232],[103.1194,17.8232],[103.1194,17.8227],[103.1186,17.8227],[103.1186,17.8235],[103.1197,17.8235],[103.1197,17.824]],[[103.1211,17.8219],[103.1217,17.8219],[103.122,17.8205],[103.1214,17.8205],[103.1211,17.8219]],[[103.1172,17.8213],[103.118,17.821],[103.1175,17.8208],[103.1175,17.8202],[103.1172,17.8213]],[[103.1161,17.8197],[103.1163,17.8202],[103.1163,17.8197],[103.1161,17.8197]],[[103.1155,17.8191],[103.1158,17.8197],[103.1161,17.8191],[103.1155,17.8191]],[[103.1192,17.817],[103.1195,17.8173],[103.1195,17.817],[103.1192,17.817]],[[103.1138,17.8167],[103.1141,17.8169],[103.1141,17.8167],[103.1138,17.8167]],[[103.1206,17.8167],[103.1209,17.817],[103.1209,17.8167],[103.1206,17.8167]],[[103.1206,17.8157],[103.1209,17.8162],[103.1209,17.8157],[103.1206,17.8157]],[[103.1198,17.8151],[103.1204,17.8151],[103.1201,17.8143],[103.1198,17.8143],[103.1198,17.8151]],[[103.1184,17.8126],[103.1192,17.8129],[103.1192,17.8127],[103.1184,17.8126]],[[103.1192,17.8127],[103.1201,17.8127],[103.1204,17.8121],[103.1195,17.8118],[103.1192,17.8127]]]}},{"type":"Feature","properties":{"kind":"seasonal","area_km2":2.378,"date":"2026-10-08"},"geometry":{"type":"Polygon","coordinates":[[[103.944,17.8555],[103.9426,17.8552],[103.9426,17.8546],[103.9431,17.8541],[103.9431,17.853],[103.944,17.853],[103.944,17.8508],[103.9448,17.8503],[103.9449,17.8492],[103.9463,17.8471],[103.9463,17.8452],[103.9469,17.8449],[103.9474,17.8433],[103.9503,17.8425],[103.9525,17.8425],[103.9534,17.8417],[103.954,17.8417],[103.954,17.8411],[103.9545,17.8411],[103.9551,17.8403],[103.9568,17.8403],[103.9574,17.8398],[103.9582,17.8398],[103.9588,17.839],[103.9605,17.839],[103.9605,17.8395],[103.9613,17.8404],[103.9633,17.8404],[103.9639,17.8409],[103.967,17.8409],[103.9673,17.842],[103.9667,17.8423],[103.9667,17.8434],[103.9655,17.8447],[103.9655,17.8458],[103.965,17.8461],[103.9632,17.8509],[103.9584,17.8504],[103.9584,17.8498],[103.9573,17.849],[103.957,17.8509],[103.9562,17.8515],[103.9559,17.8523],[103.955,17.8523],[103.955,17.8528],[103.9536,17.8525],[103.9536,17.8517],[103.9531,17.8512],[103.9525,17.8517],[103.9505,17.8512],[103.9502,17.8522],[103.9494,17.8522],[103.9488,17.8514],[103.948,17.852],[103.948,17.8525],[103.9463,17.8528],[103.9457,17.8533],[103.9457,17.8541],[103.9445,17.8544],[103.944,17.8555]],[[103.9474,17.8509],[103.9477,17.8511],[103.9477,17.8509],[103.9474,17.8509]],[[103.9494,17.8506],[103.9499,17.8509],[103.9499,17.8506],[103.9494,17.8506]],[[103.9539,17.8509],[103.9545,17.8501],[103.9542,17.849],[103.9536,17.8504],[103.9539,17.8509]],[[103.9522,17.8498],[103.9534,17.849],[103.9534,17.8485],[103.9525,17.8485],[103.9522,17.8498]],[[103.9519,17.8479],[103.9525,17.8482],[103.9525,17.8479],[103.9519,17.8479]],[[103.9514,17.8476],[103.9519,17.8479],[103.9519,17.8476],[103.9514,17.8476]],[[103.9536,17.8479],[103.9542,17.8479],[103.9542,17.8476],[103.9534,17.8474],[103.9536,17.8479]],[[103.9553,17.8471],[103.9562,17.8471],[103.9562,17.8468],[103.9556,17.8466],[103.9553,17.8471]],[[103.9599,17.8463],[103.9602,17.8469],[103.9604,17.8463],[103.9599,17.8463]],[[103.9537,17.8449],[103.9539,17.8455],[103.9539,17.8449],[103.9537,17.8449]],[[103.9579,17.8436],[103.9582,17.8439],[103.9582,17.8436],[103.9579,17.8436]]]}},{"type":"Feature","properties":{"kind":"seasonal","area_km2":2.279,"date":"2026-10-08"},"geometry":{"type":"Polygon","coordinates":[[[103.7516,17.9527],[103.7513,17.9519],[103.7505,17.9519],[103.7505,17.9514],[103.7497,17.9508],[103.7499,17.9492],[103.7485,17.9492],[103.7465,17.95],[103.7457,17.9497],[103.7449,17.9484],[103.744,17.9483],[103.7443,17.9473],[103.7449,17.9473],[103.7452,17.9454],[103.7463,17.9456],[103.7463,17.9435],[103.7455,17.9429],[103.7455,17.9424],[103.7463,17.9421],[103.7463,17.9416],[103.7469,17.9416],[103.7472,17.9405],[103.7466,17.9402],[103.7466,17.9389],[103.7472,17.9389],[103.7472,17.9381],[103.7483,17.9373],[103.7475,17.9373],[103.7472,17.9378],[103.7466,17.9372],[103.7461,17.9389],[103.7452,17.9389],[103.7455,17.9367],[103.7435,17.9364],[103.7441,17.9375],[103.7447,17.9375],[103.7441,17.9378],[103.7441,17.9391],[103.7452,17.9399],[103.7446,17.9408],[103.7455,17.9408],[103.7455,17.9416],[103.7443,17.9413],[103.7438,17.9424],[103.7429,17.9426],[103.744,17.9429],[103.7446,17.9424],[103.7446,17.9429],[103.7457,17.9437],[103.7449,17.944],[103.7449,17.9456],[103.7443,17.9456],[103.744,17.9467],[103.7435,17.9464],[103.7432,17.947],[103.7434,17.9483],[103.7429,17.9502],[103.7423,17.9502],[103.7423,17.9497],[103.7429,17.9494],[103.7426,17.9486],[103.7415,17.9486],[103.7415,17.9434],[103.7387,17.9426],[103.7364,17.9429],[103.7364,17.9423],[103.7358,17.9423],[103.7356,17.9418],[103.7356,17.9404],[103.737,17.9391],[103.7367,17.9383],[103.737,17.9358],[103.7379,17.9353],[103.7379,17.9342],[103.7387,17.9342],[103.739,17.9334],[103.7399,17.9334],[103.7407,17.9326],[103.741,17.9307],[103.7424,17.931],[103.7424,17.9318],[103.7419,17.9318],[103.7413,17.9329],[103.7424,17.9329],[103.743,17.9337],[103.7438,17.9334],[103.7438,17.9323],[103.7427,17.9321],[103.743,17.931],[103.745,17.931],[103.7467,17.9318],[103.7475,17.9329],[103.7475,17.9337],[103.7495,17.9346],[103.7492,17.9362],[103.7483,17.9362],[103.7483,17.9367],[103.7492,17.9373],[103.7492,17.9381],[103.7509,17.9384],[103.752,17.9397],[103.7526,17.9397],[103.7534,17.9405],[103.754,17.9416],[103.754,17.9433],[103.7528,17.9433],[103.7523,17.9441],[103.7503,17.9443],[103.7503,17.9451],[103.7497,17.9457],[103.7497,17.9465],[103.7517,17.947],[103.7539,17.9473],[103.7539,17.9468],[103.7551,17.9468],[103.7551,17.9481],[103.7534,17.9487],[103.7533,17.95],[103.7542,17.9519],[103.753,17.9519],[103.753,17.9525],[103.7522,17.9519],[103.7522,17.9527],[103.7516,17.9527]],[[103.7508,17.9506],[103.7516,17.9506],[103.7514,17.9484],[103.7502,17.9481],[103.75,17.9473],[103.7494,17.9473],[103.7494,17.9468],[103.7486,17.9467],[103.7483,17.9473],[103.7488,17.9476],[103.7488,17.9481],[103.75,17.9489],[103.7508,17.9489],[103.7508,17.9506]],[[103.7468,17.9486],[103.7474,17.9486],[103.7474,17.9481],[103.7468,17.9481],[103.7468,17.9486]],[[103.7443,17.9478],[103.7446,17.9481],[103.7446,17.9478],[103.7443,17.9478]],[[103.7494,17.9443],[103.7503,17.9443],[103.75,17.943],[103.7494,17.943],[103.7494,17.9443]],[[103.7364,17.9412],[103.7367,17.9415],[103.7367,17.9412],[103.7364,17.9412]],[[103.7367,17.9407],[103.737,17.9413],[103.737,17.9407],[103.7367,17.9407]],[[103.737,17.9402],[103.7373,17.9404],[103.7373,17.9402],[103.737,17.9402]],[[103.7469,17.9402],[103.7477,17.94],[103.7478,17.9397],[103.7469,17.9397],[103.7469,17.9402]],[[103.7418,17.9394],[103.7421,17.9399],[103.7421,17.9394],[103.7418,17.9394]],[[103.737,17.9383],[103.7384,17.9372],[103.7384,17.9364],[103.7396,17.9364],[103.739,17.9353],[103.7381,17.9356],[103.7381,17.9369],[103.737,17.9372],[103.737,17.9383]],[[103.7427,17.9361],[103.7432,17.9364],[103.7432,17.9361],[103.7427,17.9361]],[[103.7475,17.9362],[103.7483,17.9362],[103.7483,17.9354],[103.7475,17.9354],[103.7475,17.9362]],[[103.7464,17.9345],[103.7469,17.9345],[103.7469,17.934],[103.7464,17.934],[103.7464,17.9345]],[[103.7444,17.9329],[103.7452,17.9329],[103.7453,17.9326],[103.7444,17.9324],[103.7444,17.9329]]]}},{"type":"Feature","properties":{"kind":"seasonal","area_km2":2.011,"date":"2026-10-08"},"geometry":{"type":"Polygon","coordinates":[[[103.9574,17.8368],[103.9571,17.8346],[103.9566,17.8338],[103.9566,17.8322],[103.9557,17.8311],[103.9546,17.8308],[103.9538,17.826],[103.9546,17.8254],[103.9552,17.8238],[103.9563,17.8238],[103.9577,17.8246],[103.9592,17.8246],[103.9606,17.8233],[103.9606,17.8225],[103.9614,17.8214],[103.9617,17.8168],[103.9626,17.8152],[103.9632,17.8152],[103.9632,17.8146],[103.9649,17.8138],[103.966,17.8138],[103.9666,17.8146],[103.968,17.8146],[103.9683,17.8138],[103.9697,17.8138],[103.9697,17.8125],[103.9706,17.8117],[103.9723,17.8114],[103.9725,17.8103],[103.9734,17.8103],[103.9745,17.812],[103.9737,17.8125],[103.9734,17.8133],[103.9722,17.8133],[103.9708,17.8138],[103.9708,17.8144],[103.9694,17.8144],[103.966,17.8154],[103.9663,17.8168],[103.9651,17.8165],[103.9651,17.8179],[103.9643,17.8179],[103.9649,17.8182],[103.9646,17.819],[103.9634,17.8195],[103.9629,17.8192],[103.9626,17.8217],[103.962,17.8217],[103.9609,17.8238],[103.96,17.8244],[103.9594,17.826],[103.9589,17.826],[103.9589,17.8265],[103.958,17.8271],[103.9583,17.829],[103.9577,17.829],[103.9574,17.8284],[103.9569,17.8295],[103.9569,17.83],[103.9591,17.8298],[103.9591,17.8303],[103.958,17.8306],[103.9577,17.8322],[103.9608,17.8322],[103.9611,17.8349],[103.9614,17.8341],[103.9636,17.8341],[103.9639,17.835],[103.9642,17.8339],[103.9645,17.8344],[103.9653,17.8342],[103.9645,17.8325],[103.9673,17.8323],[103.9668,17.8317],[103.9668,17.8309],[103.9676,17.8309],[103.9676,17.8304],[103.9687,17.8304],[103.9685,17.8296],[103.9699,17.8298],[103.9699,17.832],[103.9707,17.8309],[103.9704,17.8304],[103.9719,17.8301],[103.9719,17.8293],[103.9727,17.829],[103.9733,17.828],[103.9733,17.8269],[103.9739,17.8271],[103.9739,17.8255],[103.9733,17.8255],[103.9739,17.8239],[103.975,17.8239],[103.9756,17.8234],[103.975,17.8225],[103.9784,17.8226],[103.9804,17.822],[103.9804,17.8242],[103.9792,17.8253],[103.979,17.8264],[103.9781,17.8269],[103.9781,17.8277],[103.977,17.8291],[103.9767,17.8301],[103.9755,17.8312],[103.9733,17.8323],[103.9721,17.8336],[103.9716,17.8336],[103.971,17.8347],[103.9699,17.8347],[103.9673,17.8369],[103.9628,17.8368],[103.9622,17.8363],[103.9608,17.8366],[103.9594,17.836],[103.9588,17.836],[103.9582,17.8368],[103.9574,17.8368]],[[103.9653,17.8336],[103.9665,17.8336],[103.9668,17.8328],[103.9662,17.8328],[103.9653,17.8336]],[[103.9679,17.8317],[103.9682,17.832],[103.9682,17.8317],[103.9679,17.8317]],[[103.9679,17.8315],[103.9685,17.8315],[103.9685,17.8309],[103.9679,17.8309],[103.9679,17.8315]],[[103.9739,17.8252],[103.9742,17.8255],[103.9742,17.8253],[103.9739,17.8252]],[[103.9742,17.825],[103.9744,17.8253],[103.9744,17.825],[103.9742,17.825]],[[103.9637,17.8181],[103.9643,17.8184],[103.9643,17.8181],[103.9637,17.8181]]]}},{"type":"Feature","properties":{"kind":"seasonal","area_km2":1.282,"date":"2026-10-08"},"geometry":{"type":"Polygon","coordinates":[[[103.7795,17.1791],[103.7764,17.1786],[103.7764,17.1778],[103.7778,17.177],[103.7784,17.1748],[103.7778,17.1734],[103.7767,17.1729],[103.7781,17.1729],[103.7784,17.1734],[103.7792,17.1734],[103.7792,17.1729],[103.7804,17.1726],[103.7804,17.1721],[103.7787,17.1718],[103.7787,17.1723],[103.7781,17.1723],[103.7778,17.1718],[103.7787,17.1715],[103.7787,17.171],[103.7793,17.171],[103.7792,17.1715],[103.7804,17.1715],[103.7807,17.171],[103.7812,17.1721],[103.7812,17.1705],[103.7801,17.1702],[103.7798,17.1694],[103.7804,17.1699],[103.7818,17.1699],[103.7824,17.1694],[103.7821,17.1664],[103.7818,17.1653],[103.7807,17.1645],[103.7807,17.1629],[103.7816,17.1629],[103.7816,17.161],[103.7827,17.161],[103.7827,17.1599],[103.7852,17.1602],[103.7855,17.1591],[103.7869,17.1591],[103.7866,17.1613],[103.7875,17.1618],[103.7875,17.1629],[103.7886,17.1632],[103.7886,17.1643],[103.79,17.1648],[103.7897,17.1667],[103.7883,17.1678],[103.7886,17.1694],[103.788,17.1694],[103.788,17.1683],[103.7872,17.1681],[103.7866,17.1697],[103.7866,17.1686],[103.7858,17.1683],[103.7858,17.1691],[103.7846,17.1691],[103.7852,17.1708],[103.7849,17.1716],[103.7855,17.1716],[103.7855,17.171],[103.7863,17.171],[103.7866,17.1716],[103.7866,17.1705],[103.7872,17.171],[103.7874,17.1721],[103.7869,17.1724],[103.7874,17.1727],[103.7868,17.1751],[103.7874,17.1757],[103.7846,17.1759],[103.784,17.177],[103.7829,17.1767],[103.7829,17.1775],[103.782,17.1775],[103.782,17.1789],[103.7812,17.1789],[103.7809,17.1775],[103.7801,17.177],[103.7795,17.1775],[103.7795,17.1791]],[[103.7823,17.1762],[103.7832,17.1764],[103.7832,17.1762],[103.7823,17.1762]],[[103.7835,17.1754],[103.7837,17.1756],[103.7837,17.1754],[103.7835,17.1754]],[[103.7851,17.1756],[103.786,17.1754],[103.7857,17.1743],[103.7849,17.1746],[103.7851,17.1756]],[[103.7806,17.1751],[103.7812,17.1748],[103.7812,17.1743],[103.7821,17.1743],[103.782,17.1748],[103.7826,17.1751],[103.7829,17.1745],[103.7835,17.1745],[103.7838,17.1732],[103.7829,17.1724],[103.7804,17.1726],[103.7801,17.1734],[103.7806,17.1751]],[[103.7846,17.1743],[103.7849,17.1746],[103.7849,17.1743],[103.7846,17.1743]],[[103.786,17.1735],[103.7866,17.1735],[103.7866,17.1729],[103.786,17.1729],[103.786,17.1735]],[[103.7863,17.1683],[103.7866,17.1675],[103.7875,17.1675],[103.7875,17.167],[103.7863,17.1672],[103.7863,17.1659],[103.7858,17.1659],[103.7849,17.1667],[103.7849,17.1672],[103.7852,17.168],[103.7863,17.1683]],[[103.7886,17.1667],[103.7892,17.1664],[103.7889,17.1659],[103.7897,17.1656],[103.7897,17.1651],[103.7892,17.1651],[103.7892,17.1654],[103.7889,17.1654],[103.7889,17.1656],[103.7886,17.1656],[103.7886,17.1659],[103.7869,17.1656],[103.7886,17.1667]],[[103.7863,17.1656],[103.7866,17.1659],[103.7866,17.1656],[103.7863,17.1656]],[[103.7883,17.1651],[103.7886,17.1656],[103.7886,17.1651],[103.7883,17.1651]],[[103.783,17.1651],[103.7838,17.1645],[103.7838,17.1637],[103.7827,17.164],[103.783,17.1651]]]}},{"type":"Feature","properties":{"kind":"seasonal","area_km2":1.189,"date":"2026-10-08"},"geometry":{"type":"Polygon","coordinates":[[[103.1211,17.7726],[103.1188,17.7725],[103.1188,17.7717],[103.12,17.7715],[103.1203,17.7685],[103.1206,17.7677],[103.1214,17.7671],[103.1214,17.7658],[103.1223,17.765],[103.122,17.7634],[103.1232,17.7631],[103.1257,17.7637],[103.1263,17.7631],[103.1257,17.7631],[103.1257,17.7626],[103.1234,17.7626],[103.1237,17.7612],[103.1218,17.7604],[103.1221,17.7582],[103.1204,17.7585],[103.1204,17.7601],[103.1221,17.7609],[103.1226,17.7625],[103.1209,17.7625],[103.1209,17.7612],[103.1187,17.7601],[103.1184,17.7593],[103.1175,17.759],[103.1176,17.7579],[103.1181,17.7574],[103.1198,17.7576],[103.1201,17.7568],[103.1193,17.7566],[103.1193,17.7549],[103.1196,17.7538],[103.1204,17.7536],[103.1207,17.7522],[103.1216,17.7522],[103.1221,17.7533],[103.1233,17.7528],[103.1247,17.7528],[103.1252,17.7536],[103.1278,17.7531],[103.1283,17.7537],[103.1283,17.7545],[103.1281,17.7545],[103.1281,17.755],[103.1272,17.755],[103.1269,17.7566],[103.128,17.7569],[103.128,17.7564],[103.1289,17.7564],[103.1289,17.7572],[103.1283,17.7572],[103.1283,17.7585],[103.1297,17.7591],[103.1297,17.7602],[103.1283,17.7602],[103.128,17.7607],[103.128,17.7615],[103.1268,17.7634],[103.1268,17.765],[103.1262,17.7653],[103.1265,17.7672],[103.1251,17.7672],[103.1251,17.7666],[103.1243,17.7666],[103.1242,17.7672],[103.1228,17.7685],[103.1228,17.7696],[103.1222,17.7696],[103.1222,17.7707],[103.1217,17.7709],[103.1211,17.7726]],[[103.1249,17.7615],[103.1257,17.7615],[103.126,17.7607],[103.1246,17.7607],[103.1249,17.7615]],[[103.126,17.7604],[103.1263,17.7607],[103.1263,17.7604],[103.126,17.7604]],[[103.1263,17.7601],[103.1266,17.7604],[103.1266,17.7601],[103.1263,17.7601]],[[103.1269,17.7601],[103.1277,17.7599],[103.1272,17.758],[103.1263,17.7582],[103.1263,17.7593],[103.1269,17.7593],[103.1269,17.7601]],[[103.1235,17.7593],[103.124,17.7593],[103.1241,17.7585],[103.1235,17.7585],[103.1235,17.7593]],[[103.1198,17.7582],[103.1204,17.7585],[103.1204,17.7582],[103.1198,17.7582]],[[103.1241,17.7585],[103.1249,17.7582],[103.1243,17.7577],[103.1246,17.7561],[103.1255,17.7561],[103.1261,17.7555],[103.1247,17.7552],[103.1244,17.7558],[103.123,17.756],[103.123,17.7555],[103.1218,17.7549],[103.1215,17.7571],[103.1221,17.7574],[103.1227,17.7569],[103.1238,17.7569],[103.1241,17.7585]],[[103.1221,17.7579],[103.1229,17.7582],[103.1229,17.7579],[103.1221,17.7579]],[[103.1278,17.7542],[103.1281,17.7545],[103.1281,17.7542],[103.1278,17.7542]]]}},{"type":"Feature","properties":{"kind":"seasonal","area_km2":1.048,"date":"2026-10-08"},"geometry":{"type":"Polygon","coordinates":[[[103.7369,17.9586],[103.7363,17.9575],[103.7366,17.9548],[103.7355,17.9548],[103.7352,17.9534],[103.7341,17.9537],[103.7341,17.9521],[103.7349,17.951],[103.7347,17.9494],[103.7335,17.9488],[103.7335,17.9469],[103.7338,17.9456],[103.7347,17.9458],[103.735,17.9453],[103.7347,17.9448],[103.7338,17.9448],[103.7338,17.9442],[103.733,17.9442],[103.733,17.9434],[103.7338,17.9431],[103.7384,17.9432],[103.7401,17.944],[103.7401,17.9448],[103.7406,17.9448],[103.7406,17.9467],[103.7392,17.9467],[103.7386,17.947],[103.7386,17.9478],[103.7372,17.948],[103.7372,17.9497],[103.7383,17.9494],[103.7383,17.9483],[103.7389,17.9478],[103.7406,17.9478],[103.7406,17.9491],[103.7417,17.9491],[103.7417,17.9505],[103.7426,17.9513],[103.7434,17.9511],[103.7437,17.953],[103.7443,17.9524],[103.7451,17.9524],[103.7451,17.9513],[103.7468,17.9511],[103.7474,17.953],[103.7488,17.9527],[103.7491,17.9533],[103.7491,17.9543],[103.7479,17.9541],[103.7476,17.9549],[103.7468,17.9549],[103.7468,17.9538],[103.7462,17.9535],[103.7454,17.9543],[103.7428,17.9551],[103.7426,17.9524],[103.7411,17.9521],[103.7406,17.9529],[103.7392,17.9529],[103.7397,17.9532],[103.7397,17.9543],[103.7386,17.9548],[103.7386,17.9556],[103.7391,17.9559],[103.7394,17.9573],[103.738,17.9573],[103.7383,17.9583],[103.7369,17.9586]],[[103.7383,17.9532],[103.7389,17.9532],[103.7392,17.9518],[103.74,17.9518],[103.7412,17.951],[103.7406,17.9505],[103.7397,17.9505],[103.7392,17.9513],[103.7366,17.9518],[103.7366,17.9507],[103.7361,17.9507],[103.7355,17.9526],[103.7375,17.9524],[103.7383,17.9532]],[[103.7423,17.9513],[103.7426,17.9516],[103.7426,17.9513],[103.7423,17.9513]],[[103.7352,17.9469],[103.7355,17.9472],[103.7355,17.9469],[103.7352,17.9469]]]}},{"type":"Feature","properties":{"kind":"seasonal","area_km2":1.012,"date":"2026-10-09"},"geometry":{"type":"Polygon","coordinates":[[[103.9985,17.7823],[103.9985,17.7817],[103.9968,17.7817],[103.9959,17.7804],[103.9953,17.7814],[103.9945,17.7817],[103.9934,17.7817],[103.9931,17.7803],[103.9925,17.7809],[103.9917,17.7809],[103.9914,17.7779],[103.99,17.7782],[103.9894,17.7776],[103.9903,17.7768],[103.9911,17.7771],[103.9911,17.776],[103.9889,17.7765],[103.9889,17.7752],[103.99,17.7752],[103.99,17.7746],[103.992,17.7746],[103.992,17.7755],[103.9928,17.776],[103.9931,17.7774],[103.9937,17.7774],[103.994,17.7779],[103.9939,17.7801],[103.9951,17.7809],[103.9948,17.7801],[103.9954,17.7801],[103.9954,17.7795],[103.9945,17.7779],[103.994,17.7776],[103.9928,17.7749],[103.9931,17.7733],[103.9929,17.7722],[103.9923,17.7719],[103.9926,17.7706],[103.9937,17.7706],[103.9937,17.7711],[103.9954,17.7711],[103.9948,17.7709],[103.9948,17.77],[103.9957,17.7703],[103.996,17.7695],[103.9971,17.7695],[103.9974,17.7703],[103.9985,17.7703],[103.9994,17.7712],[103.9994,17.7731],[103.9988,17.7736],[103.9988,17.7744],[103.9996,17.7747],[104.0002,17.7763],[104.0013,17.776],[104.0013,17.7779],[103.9993,17.7779],[103.9993,17.7787],[104.0013,17.7785],[104.0013,17.7796],[103.9996,17.7798],[103.9996,17.7804],[104.0013,17.7804],[104.0013,17.7817],[104.0004,17.7817],[104.0002,17.7823],[103.9985,17.7823]],[[103.9922,17.7787],[103.9931,17.779],[103.9931,17.7784],[103.9922,17.7787]],[[103.9965,17.779],[103.9971,17.779],[103.9971,17.7782],[103.9965,17.7785],[103.9965,17.779]],[[103.9971,17.7771],[103.9976,17.7771],[103.9974,17.7763],[103.9971,17.7763],[103.9971,17.7771]],[[103.9962,17.7747],[103.9965,17.7728],[103.9943,17.7725],[103.9943,17.7738],[103.9957,17.7741],[103.9962,17.7747]],[[103.996,17.772],[103.9962,17.7725],[103.9965,17.772],[103.996,17.772]]]}},{"type":"Feature","properties":{"kind":"seasonal","area_km2":0.969,"date":"2026-10-08"},"geometry":{"type":"Polygon","coordinates":[[[103.0447,17.9043],[103.0453,17.9022],[103.0461,17.9022],[103.0461,17.9017],[103.0456,17.9014],[103.0456,17.8995],[103.045,17.8989],[103.0451,17.8946],[103.0462,17.8949],[103.0468,17.8938],[103.0462,17.8935],[103.0459,17.8941],[103.0451,17.8941],[103.0448,17.8919],[103.044,17.8916],[103.044,17.8908],[103.0448,17.89],[103.0448,17.8892],[103.044,17.8892],[103.044,17.8878],[103.0449,17.8875],[103.0449,17.887],[103.0443,17.8867],[103.0443,17.8854],[103.0446,17.8848],[103.0463,17.8854],[103.0469,17.8846],[103.0466,17.8832],[103.0475,17.8824],[103.0483,17.8824],[103.05,17.8811],[103.0506,17.8811],[103.0512,17.8803],[103.0537,17.8803],[103.0537,17.8817],[103.0543,17.8817],[103.0546,17.8806],[103.0554,17.8806],[103.0557,17.882],[103.0568,17.8817],[103.0579,17.882],[103.0579,17.8825],[103.0571,17.8828],[103.0571,17.8833],[103.0565,17.8833],[103.0559,17.8841],[103.0554,17.8841],[103.0542,17.8852],[103.0539,17.8868],[103.0534,17.8868],[103.053,17.8893],[103.0525,17.8892],[103.053,17.8895],[103.0533,17.8914],[103.053,17.8933],[103.0513,17.8936],[103.0507,17.8933],[103.0507,17.8928],[103.051,17.8922],[103.0516,17.8922],[103.0516,17.8911],[103.0522,17.8909],[103.0514,17.8876],[103.0525,17.8868],[103.0531,17.8849],[103.0537,17.8849],[103.0537,17.8844],[103.0542,17.8841],[103.0543,17.8822],[103.05,17.8822],[103.0492,17.8827],[103.0489,17.8843],[103.0471,17.8851],[103.0471,17.8873],[103.0466,17.8876],[103.0465,17.8892],[103.0474,17.8892],[103.0474,17.8911],[103.0479,17.8911],[103.0476,17.8919],[103.0482,17.8925],[103.0479,17.8946],[103.0485,17.8952],[103.0484,17.8979],[103.0479,17.8979],[103.0481,17.899],[103.0476,17.8992],[103.0473,17.9003],[103.0478,17.9019],[103.0455,17.9035],[103.0455,17.9044],[103.0447,17.9043]]]}},{"type":"Feature","properties":{"kind":"seasonal","area_km2":0.904,"date":"2026-10-08"},"geometry":{"type":"Polygon","coordinates":[[[103.0489,17.2224],[103.0483,17.2214],[103.0475,17.2214],[103.0475,17.2189],[103.0467,17.2181],[103.047,17.2154],[103.0475,17.2151],[103.0476,17.2143],[103.047,17.2143],[103.047,17.2135],[103.0464,17.2135],[103.0462,17.2129],[103.0439,17.2126],[103.0439,17.2113],[103.0459,17.2113],[103.0462,17.2086],[103.0454,17.2089],[103.0451,17.2102],[103.0431,17.2105],[103.0431,17.2118],[103.0425,17.2118],[103.0425,17.211],[103.042,17.2107],[103.0408,17.2085],[103.0409,17.2061],[103.0414,17.2061],[103.0417,17.2053],[103.0426,17.2048],[103.042,17.2042],[103.0417,17.205],[103.0409,17.2056],[103.0409,17.2039],[103.0417,17.2039],[103.0415,17.2023],[103.0423,17.2018],[103.0423,17.201],[103.0437,17.201],[103.0446,17.2024],[103.0443,17.2051],[103.0462,17.2051],[103.0462,17.2056],[103.0471,17.2056],[103.0468,17.2064],[103.0482,17.2075],[103.0485,17.2089],[103.049,17.2089],[103.049,17.21],[103.047,17.2097],[103.047,17.2105],[103.0479,17.2108],[103.0482,17.2116],[103.049,17.2116],[103.049,17.2111],[103.0498,17.2111],[103.0499,17.2097],[103.0507,17.2097],[103.0515,17.2114],[103.0515,17.2124],[103.049,17.2124],[103.0487,17.2159],[103.0475,17.2173],[103.0475,17.2178],[103.0484,17.2186],[103.0503,17.2184],[103.0506,17.2211],[103.05,17.2216],[103.05,17.2225],[103.0489,17.2224]],[[103.0465,17.2094],[103.047,17.2094],[103.0471,17.2086],[103.0465,17.2089],[103.0465,17.2094]],[[103.0448,17.2089],[103.0454,17.2086],[103.0451,17.208],[103.0445,17.208],[103.0448,17.2089]],[[103.042,17.208],[103.0423,17.2083],[103.0423,17.208],[103.042,17.208]],[[103.0426,17.2029],[103.0432,17.2029],[103.0432,17.2026],[103.0426,17.2023],[103.0426,17.2029]]]}},{"type":"Feature","properties":{"kind":"seasonal","area_km2":0.861,"date":"2026-10-08"},"geometry":{"type":"Polygon","coordinates":[[[103.789,17.1927],[103.7876,17.1925],[103.787,17.1914],[103.7853,17.1916],[103.7859,17.1911],[103.7848,17.1906],[103.7848,17.1897],[103.7853,17.1897],[103.7853,17.1903],[103.7867,17.19],[103.7867,17.1892],[103.7856,17.1889],[103.7856,17.1873],[103.7862,17.187],[103.7868,17.1873],[103.787,17.1892],[103.7879,17.1895],[103.787,17.1868],[103.7851,17.1868],[103.7853,17.1884],[103.7848,17.1884],[103.7848,17.1889],[103.7836,17.1889],[103.7834,17.1895],[103.7811,17.1892],[103.7811,17.1881],[103.782,17.1878],[103.782,17.1873],[103.7834,17.187],[103.7828,17.1857],[103.782,17.1854],[103.782,17.184],[103.7814,17.1832],[103.7814,17.1824],[103.7823,17.1824],[103.7817,17.1821],[103.782,17.1813],[103.7829,17.181],[103.7831,17.1802],[103.7846,17.1802],[103.7848,17.1808],[103.7837,17.183],[103.7851,17.1835],[103.7854,17.1851],[103.7868,17.1846],[103.7871,17.1835],[103.7876,17.1832],[103.7893,17.1835],[103.7893,17.1816],[103.7905,17.1841],[103.791,17.1841],[103.7913,17.1846],[103.7924,17.1846],[103.7933,17.1855],[103.7955,17.1855],[103.7964,17.1866],[103.7989,17.1863],[103.7989,17.1852],[103.8,17.1849],[103.7997,17.1882],[103.7963,17.1885],[103.7961,17.1901],[103.7952,17.1901],[103.7944,17.1893],[103.7935,17.1895],[103.7935,17.1882],[103.7938,17.1876],[103.7944,17.1876],[103.7944,17.1868],[103.7938,17.1868],[103.7933,17.1857],[103.7913,17.1857],[103.791,17.1863],[103.7904,17.1862],[103.7901,17.1873],[103.7887,17.1868],[103.789,17.1889],[103.7884,17.19],[103.789,17.19],[103.7893,17.1908],[103.7879,17.1914],[103.7879,17.1922],[103.7893,17.1922],[103.789,17.1927]],[[103.7882,17.1906],[103.7884,17.1908],[103.7884,17.1906],[103.7882,17.1906]],[[103.7879,17.1895],[103.7882,17.1898],[103.7882,17.1895],[103.7879,17.1895]],[[103.7944,17.1887],[103.7946,17.189],[103.7947,17.1887],[103.7944,17.1887]],[[103.7839,17.1881],[103.7842,17.1884],[103.7842,17.1881],[103.7839,17.1881]],[[103.7825,17.1851],[103.7834,17.1846],[103.7831,17.1829],[103.7823,17.1838],[103.7825,17.1851]],[[103.7876,17.1838],[103.7879,17.1841],[103.7879,17.1838],[103.7876,17.1838]],[[103.7823,17.1819],[103.7831,17.1821],[103.7831,17.1819],[103.7823,17.1819]],[[103.7834,17.1819],[103.784,17.1816],[103.7837,17.1805],[103.7831,17.1808],[103.7834,17.1819]]]}},{"type":"Feature","properties":{"kind":"seasonal","area_km2":0.806,"date":"2026-10-08"},"geometry":{"type":"Polygon","coordinates":[[[103.1769,17.8246],[103.1769,17.8227],[103.178,17.8222],[103.1766,17.8219],[103.1772,17.8211],[103.1769,17.8205],[103.176,17.8205],[103.1761,17.8197],[103.1766,17.8197],[103.1772,17.8189],[103.1783,17.8189],[103.1795,17.8178],[103.1795,17.8168],[103.1798,17.8162],[103.1803,17.8162],[103.1806,17.8138],[103.1809,17.8132],[103.1815,17.8132],[103.1815,17.8124],[103.1804,17.8119],[103.1801,17.8124],[103.1775,17.8132],[103.177,17.8124],[103.1776,17.8097],[103.1767,17.8081],[103.1767,17.807],[103.1762,17.8064],[103.1734,17.8067],[103.1714,17.8061],[103.1711,17.8045],[103.1717,17.8039],[103.1725,17.8039],[103.1725,17.8034],[103.1734,17.8031],[103.1762,17.8029],[103.1774,17.8021],[103.1782,17.8021],[103.1782,17.8016],[103.1765,17.8007],[103.1757,17.8013],[103.1731,17.8015],[103.172,17.801],[103.1717,17.7993],[103.1709,17.7985],[103.172,17.7985],[103.172,17.7993],[103.1729,17.8002],[103.1774,17.8002],[103.1796,17.8016],[103.1796,17.8024],[103.1779,17.8024],[103.1765,17.8034],[103.1765,17.804],[103.1739,17.804],[103.1725,17.8042],[103.1722,17.8048],[103.1725,17.8056],[103.1742,17.8056],[103.1742,17.805],[103.1768,17.8053],[103.1773,17.8056],[103.1773,17.8062],[103.1787,17.8067],[103.179,17.8105],[103.1784,17.8108],[103.1778,17.8121],[103.1792,17.8121],[103.1795,17.8111],[103.1807,17.8111],[103.1807,17.8097],[103.1815,17.8097],[103.1812,17.8111],[103.1818,17.8111],[103.1821,17.8116],[103.1835,17.8114],[103.1835,17.8119],[103.1846,17.8125],[103.184,17.8144],[103.182,17.8157],[103.1814,17.8181],[103.1806,17.8184],[103.1803,17.82],[103.1811,17.82],[103.1808,17.8214],[103.1803,17.8219],[103.1783,17.8216],[103.1783,17.823],[103.1777,17.823],[103.178,17.8246],[103.1769,17.8246]],[[103.1783,17.8197],[103.1789,17.8205],[103.1789,17.8197],[103.1783,17.8197]],[[103.1797,17.82],[103.18,17.8206],[103.18,17.82],[103.1797,17.82]],[[103.1795,17.8186],[103.1797,17.8192],[103.1797,17.8187],[103.1795,17.8186]],[[103.1742,17.8059],[103.1745,17.8064],[103.1745,17.8059],[103.1742,17.8059]]]}},{"type":"Feature","properties":{"kind":"seasonal","area_km2":0.796,"date":"2026-10-08"},"geometry":{"type":"Polygon","coordinates":[[[103.73,17.9198],[103.7295,17.9192],[103.7295,17.9182],[103.7289,17.9176],[103.7289,17.9163],[103.7284,17.9154],[103.7284,17.9146],[103.7295,17.9146],[103.7295,17.9141],[103.7284,17.9141],[103.7284,17.9116],[103.7279,17.9095],[103.7282,17.9068],[103.7273,17.9057],[103.7273,17.9032],[103.7293,17.9032],[103.7293,17.9024],[103.7307,17.9027],[103.731,17.9087],[103.7315,17.9087],[103.7316,17.9071],[103.7333,17.9076],[103.7332,17.9084],[103.7321,17.9087],[103.7321,17.9098],[103.7313,17.9098],[103.7312,17.9136],[103.7335,17.9136],[103.7335,17.9147],[103.734,17.9149],[103.734,17.9155],[103.7355,17.9155],[103.7357,17.916],[103.7357,17.9179],[103.7343,17.9193],[103.7335,17.9193],[103.7329,17.9185],[103.732,17.9182],[103.7315,17.9184],[103.7309,17.9198],[103.73,17.9198]],[[103.7292,17.9168],[103.7295,17.9171],[103.7295,17.9168],[103.7292,17.9168]],[[103.7281,17.9084],[103.7284,17.9087],[103.7284,17.9084],[103.7281,17.9084]],[[103.7279,17.9057],[103.7282,17.9059],[103.7282,17.9057],[103.7279,17.9057]]]}},{"type":"Feature","properties":{"kind":"seasonal","area_km2":0.74,"date":"2026-10-08"},"geometry":{"type":"Polygon","coordinates":[[[103.407,17.6846],[103.4045,17.6843],[103.4037,17.6832],[103.4037,17.6821],[103.4045,17.6813],[103.4051,17.6813],[103.4048,17.6797],[103.404,17.6796],[103.404,17.6783],[103.4051,17.6778],[103.4051,17.6761],[103.4057,17.6761],[103.4057,17.6753],[103.4063,17.6751],[103.406,17.674],[103.4074,17.6732],[103.4072,17.6718],[103.4063,17.6713],[103.4063,17.6705],[103.4083,17.6702],[103.4086,17.6716],[103.4077,17.6718],[103.408,17.6724],[103.4088,17.6724],[103.4089,17.6716],[103.4105,17.6718],[103.4114,17.6767],[103.4099,17.6767],[103.4097,17.6751],[103.4085,17.6745],[103.408,17.6745],[103.408,17.6751],[103.4091,17.6759],[103.4091,17.6767],[103.4099,17.6775],[103.4102,17.6789],[103.4108,17.6789],[103.4111,17.6781],[103.4119,17.6781],[103.4119,17.6808],[103.411,17.6808],[103.4105,17.68],[103.4099,17.68],[103.4093,17.6808],[103.4093,17.6819],[103.4082,17.6821],[103.4079,17.684],[103.407,17.6846]],[[103.4088,17.6791],[103.4093,17.6794],[103.4094,17.6792],[103.4088,17.6791]]]}},{"type":"Feature","properties":{"kind":"seasonal","area_km2":0.739,"date":"2026-10-08"},"geometry":{"type":"Polygon","coordinates":[[[103.6987,17.9413],[103.6959,17.9407],[103.6962,17.9394],[103.6954,17.9383],[103.6957,17.9366],[103.6945,17.9361],[103.6945,17.9345],[103.6954,17.9345],[103.6968,17.9361],[103.6968,17.9366],[103.6979,17.9367],[103.6968,17.9334],[103.6968,17.9307],[103.6977,17.9304],[103.6983,17.9293],[103.7014,17.9269],[103.7017,17.9242],[103.7003,17.9234],[103.6969,17.9228],[103.6966,17.9217],[103.6961,17.9217],[103.6952,17.9206],[103.6946,17.9206],[103.6938,17.9198],[103.6924,17.9198],[103.6921,17.9187],[103.6935,17.919],[103.6932,17.9195],[103.6952,17.9198],[103.6955,17.9193],[103.6955,17.9198],[103.6963,17.9201],[103.6966,17.9209],[103.6972,17.9209],[103.6972,17.9215],[103.6989,17.9223],[103.702,17.9226],[103.7028,17.9242],[103.7025,17.925],[103.7037,17.9248],[103.7039,17.9264],[103.7065,17.9261],[103.7065,17.927],[103.7059,17.9269],[103.7059,17.9275],[103.7045,17.9291],[103.7045,17.9305],[103.7036,17.9305],[103.7031,17.9299],[103.7002,17.9299],[103.6988,17.931],[103.6985,17.9342],[103.6999,17.9383],[103.7005,17.9388],[103.7004,17.9405],[103.6987,17.9413]],[[103.6976,17.9396],[103.6979,17.9399],[103.6979,17.9396],[103.6976,17.9396]],[[103.6971,17.9396],[103.6976,17.9396],[103.6976,17.9388],[103.6971,17.9391],[103.6971,17.9396]],[[103.6982,17.938],[103.6985,17.9383],[103.6985,17.938],[103.6982,17.938]],[[103.6971,17.9372],[103.6974,17.9375],[103.6974,17.9372],[103.6971,17.9372]],[[103.6977,17.9345],[103.6979,17.9339],[103.6974,17.9329],[103.6974,17.9342],[103.6977,17.9345]],[[103.6971,17.932],[103.6977,17.9318],[103.6977,17.931],[103.6982,17.931],[103.6985,17.9304],[103.6971,17.931],[103.6971,17.932]],[[103.6985,17.9302],[103.6991,17.9304],[103.6991,17.9302],[103.6985,17.9302]],[[103.7005,17.9294],[103.7008,17.9296],[103.7008,17.9294],[103.7005,17.9294]],[[103.7008,17.9294],[103.7039,17.9294],[103.7039,17.9288],[103.7017,17.9291],[103.702,17.9277],[103.7028,17.9269],[103.7025,17.9258],[103.7034,17.9256],[103.7023,17.9256],[103.702,17.9275],[103.7008,17.9288],[103.7008,17.9294]],[[103.7031,17.9283],[103.7036,17.9283],[103.7039,17.9267],[103.7034,17.9269],[103.7031,17.9283]],[[103.7017,17.9229],[103.702,17.9231],[103.702,17.9229],[103.7017,17.9229]]]}},{"type":"Feature","properties":{"kind":"seasonal","area_km2":0.706,"date":"2026-10-08"},"geometry":{"type":"Polygon","coordinates":[[[103.592,17.725],[103.592,17.7245],[103.5931,17.7245],[103.5931,17.7234],[103.5942,17.7229],[103.5911,17.7223],[103.5892,17.7198],[103.5895,17.716],[103.5892,17.7155],[103.5886,17.7155],[103.5887,17.7147],[103.5895,17.7147],[103.5895,17.7128],[103.5892,17.7136],[103.5887,17.7136],[103.5887,17.7144],[103.5878,17.7141],[103.5878,17.7155],[103.5872,17.7158],[103.5872,17.7166],[103.5864,17.7166],[103.5864,17.7171],[103.5852,17.7171],[103.5838,17.7157],[103.5838,17.7152],[103.5827,17.7149],[103.5836,17.7157],[103.5835,17.7168],[103.5844,17.7176],[103.5844,17.7214],[103.5838,17.7225],[103.5838,17.7239],[103.5821,17.7241],[103.5818,17.7225],[103.5827,17.7222],[103.583,17.719],[103.5827,17.7173],[103.5816,17.7168],[103.5816,17.716],[103.5804,17.7149],[103.5805,17.7124],[103.5813,17.7125],[103.5819,17.7135],[103.5824,17.7135],[103.583,17.7144],[103.5855,17.7152],[103.5872,17.7136],[103.5881,17.7133],[103.5881,17.712],[103.5901,17.7117],[103.5904,17.7112],[103.5935,17.7115],[103.5935,17.7123],[103.5926,17.7128],[103.592,17.7142],[103.5915,17.7142],[103.5903,17.716],[103.5906,17.7198],[103.5923,17.7215],[103.596,17.7215],[103.5959,17.7223],[103.5951,17.7229],[103.5942,17.7245],[103.592,17.725]],[[103.5942,17.7226],[103.5948,17.7229],[103.5948,17.7226],[103.5942,17.7226]]]}},{"type":"Feature","properties":{"kind":"seasonal","area_km2":0.7,"date":"2026-10-08"},"geometry":{"type":"Polygon","coordinates":[[[103.8964,17.8617],[103.8938,17.8617],[103.8938,17.8611],[103.8927,17.8614],[103.8921,17.8609],[103.8921,17.86],[103.8913,17.8595],[103.8913,17.8587],[103.8921,17.8582],[103.8913,17.8579],[103.8916,17.8568],[103.8905,17.8565],[103.8905,17.8557],[103.8896,17.8557],[103.8902,17.8565],[103.8893,17.8568],[103.8893,17.8576],[103.8882,17.8576],[103.8876,17.8581],[103.8879,17.8587],[103.889,17.8584],[103.889,17.8592],[103.8882,17.8592],[103.8882,17.8608],[103.8876,17.8606],[103.8879,17.8592],[103.8873,17.8587],[103.8868,17.8589],[103.8868,17.8595],[103.8853,17.8592],[103.8853,17.8581],[103.8859,17.8581],[103.8859,17.8576],[103.8865,17.8576],[103.8868,17.857],[103.8856,17.8565],[103.8865,17.8565],[103.8879,17.8551],[103.8879,17.8543],[103.8899,17.8543],[103.8913,17.8533],[103.8913,17.8527],[103.893,17.8527],[103.8942,17.8517],[103.8956,17.8519],[103.8961,17.853],[103.897,17.8536],[103.897,17.8544],[103.8975,17.8547],[103.8975,17.8566],[103.897,17.8568],[103.897,17.8582],[103.8953,17.8582],[103.8953,17.859],[103.8964,17.8593],[103.8967,17.8598],[103.8964,17.8617]],[[103.8927,17.8603],[103.8933,17.8603],[103.8935,17.8598],[103.8927,17.8598],[103.8924,17.8592],[103.8927,17.8603]],[[103.8938,17.8587],[103.8941,17.8595],[103.8941,17.8587],[103.8938,17.8587]],[[103.8876,17.8568],[103.8879,17.857],[103.8879,17.8568],[103.8876,17.8568]],[[103.8871,17.8565],[103.8876,17.8568],[103.8876,17.8565],[103.8871,17.8565]],[[103.8885,17.8565],[103.8888,17.8568],[103.8888,17.8565],[103.8885,17.8565]],[[103.8876,17.8565],[103.8885,17.856],[103.8885,17.8551],[103.8876,17.856],[103.8876,17.8565]],[[103.8888,17.8565],[103.8893,17.8565],[103.8896,17.856],[103.8888,17.856],[103.8888,17.8565]],[[103.891,17.8557],[103.8913,17.8562],[103.8913,17.8557],[103.891,17.8557]],[[103.8902,17.8546],[103.8913,17.8552],[103.8913,17.8546],[103.8902,17.8546]],[[103.8916,17.8552],[103.8933,17.8549],[103.8939,17.8538],[103.8927,17.8541],[103.8927,17.8533],[103.8919,17.853],[103.8916,17.8541],[103.8924,17.8544],[103.8919,17.8544],[103.8916,17.8552]],[[103.8933,17.8527],[103.8936,17.853],[103.8936,17.8527],[103.8933,17.8527]]]}},{"type":"Feature","properties":{"kind":"seasonal","area_km2":0.673,"date":"2026-10-08"},"geometry":{"type":"Polygon","coordinates":[[[103.753,17.9625],[103.7524,17.9617],[103.749,17.9614],[103.7487,17.9606],[103.7479,17.9606],[103.7476,17.9622],[103.7456,17.9622],[103.745,17.9616],[103.7451,17.9608],[103.7462,17.9606],[103.7473,17.9592],[103.7448,17.9603],[103.7436,17.9592],[103.7442,17.957],[103.7454,17.9568],[103.7454,17.9557],[103.7462,17.9557],[103.7465,17.9562],[103.7485,17.956],[103.7482,17.957],[103.749,17.9571],[103.7496,17.956],[103.7508,17.956],[103.7507,17.9571],[103.7536,17.9565],[103.7553,17.9582],[103.7553,17.9595],[103.7561,17.9598],[103.7561,17.9612],[103.7552,17.9614],[103.7552,17.9622],[103.753,17.9625]],[[103.7471,17.9576],[103.7476,17.9579],[103.7476,17.9576],[103.7471,17.9576]]]}},{"type":"Feature","properties":{"kind":"seasonal","area_km2":0.659,"date":"2026-10-08"},"geometry":{"type":"Polygon","coordinates":[[[103.79,17.1708],[103.7891,17.17],[103.79,17.17],[103.7911,17.1684],[103.7922,17.1684],[103.7922,17.1675],[103.7917,17.1673],[103.7917,17.1665],[103.7911,17.1659],[103.7911,17.1648],[103.7923,17.1648],[103.7928,17.164],[103.7945,17.1638],[103.7945,17.1627],[103.7929,17.1616],[103.7929,17.1605],[103.794,17.1597],[103.794,17.1589],[103.7948,17.1583],[103.7949,17.1578],[103.794,17.157],[103.7934,17.157],[103.7935,17.1548],[103.7946,17.1548],[103.7952,17.1543],[103.7952,17.1535],[103.7971,17.1535],[103.7974,17.1521],[103.798,17.1516],[103.7986,17.1519],[103.7994,17.1508],[103.7997,17.1497],[103.7991,17.1492],[103.7991,17.1483],[103.8,17.1483],[103.8005,17.1489],[103.8017,17.1486],[103.8023,17.147],[103.8014,17.1467],[103.8014,17.1459],[103.8025,17.1451],[103.8026,17.1443],[103.804,17.1438],[103.804,17.1451],[103.8031,17.1457],[103.8034,17.1492],[103.8022,17.1497],[103.8022,17.1503],[103.8014,17.1511],[103.8014,17.1519],[103.8002,17.1538],[103.8005,17.1557],[103.7982,17.1559],[103.7977,17.1565],[103.7977,17.1573],[103.7982,17.1573],[103.7985,17.1578],[103.7985,17.1603],[103.7979,17.1605],[103.7979,17.1616],[103.7988,17.1619],[103.7988,17.1627],[103.7979,17.163],[103.7976,17.1641],[103.7979,17.1619],[103.7974,17.1616],[103.7974,17.1594],[103.798,17.1581],[103.7971,17.1573],[103.7971,17.1559],[103.7977,17.1554],[103.7988,17.1554],[103.7991,17.1543],[103.798,17.1543],[103.7971,17.1554],[103.7954,17.1548],[103.7949,17.1556],[103.7943,17.1556],[103.7943,17.1562],[103.7951,17.1567],[103.7954,17.1586],[103.7948,17.1592],[103.7948,17.1602],[103.7943,17.1602],[103.7937,17.1611],[103.794,17.1619],[103.7951,17.1619],[103.7951,17.1649],[103.7934,17.1646],[103.7931,17.1654],[103.792,17.1654],[103.7925,17.1676],[103.7931,17.1676],[103.7931,17.1686],[103.7925,17.1686],[103.792,17.1697],[103.7911,17.1697],[103.7905,17.1708],[103.79,17.1708]]]}},{"type":"Feature","properties":{"kind":"seasonal","area_km2":0.658,"date":"2026-10-08"},"geometry":{"type":"Polygon","coordinates":[[[103.7166,17.0874],[103.7167,17.0866],[103.7178,17.0852],[103.7178,17.0847],[103.717,17.0844],[103.7172,17.0825],[103.7178,17.0825],[103.7192,17.0812],[103.7201,17.0812],[103.7206,17.0806],[103.7206,17.0798],[103.7201,17.0795],[103.7204,17.0782],[103.7224,17.0782],[103.7226,17.0771],[103.7241,17.076],[103.7241,17.0728],[103.7249,17.0722],[103.7249,17.0712],[103.7255,17.0712],[103.7264,17.0704],[103.7272,17.0706],[103.728,17.0698],[103.7281,17.0687],[103.7286,17.0685],[103.7289,17.0674],[103.7298,17.0671],[103.7309,17.0652],[103.7317,17.0647],[103.732,17.0633],[103.7332,17.0623],[103.7332,17.0614],[103.7351,17.0615],[103.7349,17.0634],[103.7337,17.0636],[103.7334,17.0652],[103.7312,17.0677],[103.7306,17.0709],[103.7297,17.0709],[103.7289,17.072],[103.7261,17.0722],[103.7263,17.0739],[103.7249,17.0733],[103.7243,17.0787],[103.7215,17.079],[103.7215,17.0814],[103.7201,17.082],[103.7201,17.0833],[103.7189,17.083],[103.7192,17.0836],[103.7198,17.0836],[103.7192,17.0841],[103.7206,17.0841],[103.7206,17.0836],[103.7215,17.0836],[103.7223,17.0825],[103.722,17.0839],[103.7198,17.085],[103.7178,17.0874],[103.7166,17.0874]],[[103.7235,17.0779],[103.7238,17.0785],[103.7238,17.0779],[103.7235,17.0779]],[[103.7289,17.0704],[103.7292,17.0706],[103.7292,17.0704],[103.7289,17.0704]],[[103.7297,17.0698],[103.73,17.0701],[103.73,17.0698],[103.7297,17.0698]],[[103.7295,17.0696],[103.7297,17.0698],[103.7297,17.0696],[103.7295,17.0696]],[[103.7292,17.0693],[103.7295,17.0696],[103.7295,17.0693],[103.7292,17.0693]],[[103.7297,17.069],[103.73,17.0693],[103.73,17.069],[103.7297,17.069]]]}},{"type":"Feature","properties":{"kind":"seasonal","area_km2":0.618,"date":"2026-10-08"},"geometry":{"type":"Polygon","coordinates":[[[103.3801,17.8212],[103.3798,17.8207],[103.3787,17.8209],[103.3784,17.8196],[103.3767,17.8185],[103.3767,17.8177],[103.3778,17.8177],[103.3778,17.8182],[103.3787,17.8182],[103.3787,17.8174],[103.3778,17.8171],[103.3779,17.8163],[103.3773,17.8163],[103.3773,17.8158],[103.3756,17.8158],[103.3756,17.8152],[103.3745,17.8147],[103.3745,17.8122],[103.3739,17.8109],[103.3734,17.8106],[103.3734,17.8095],[103.3745,17.8095],[103.3753,17.812],[103.3776,17.8125],[103.3782,17.812],[103.3782,17.8096],[103.3779,17.809],[103.3768,17.809],[103.3774,17.8074],[103.3794,17.8074],[103.3788,17.809],[103.3799,17.8088],[103.3799,17.8098],[103.3808,17.809],[103.3816,17.809],[103.3824,17.8101],[103.383,17.8101],[103.383,17.8128],[103.3818,17.8137],[103.3801,17.8139],[103.3801,17.8147],[103.379,17.815],[103.3796,17.8161],[103.381,17.8158],[103.381,17.8166],[103.3801,17.8169],[103.3798,17.8188],[103.3809,17.8196],[103.3826,17.8196],[103.3826,17.8204],[103.3801,17.8212]],[[103.3792,17.8188],[103.3795,17.8193],[103.3795,17.8188],[103.3792,17.8188]],[[103.3787,17.8188],[103.379,17.8191],[103.379,17.8188],[103.3787,17.8188]],[[103.379,17.8185],[103.3792,17.8188],[103.3793,17.8185],[103.379,17.8185]],[[103.3773,17.8155],[103.3781,17.8152],[103.3784,17.8136],[103.3801,17.8139],[103.3801,17.8134],[103.3765,17.8133],[103.3765,17.8139],[103.3776,17.8139],[103.3773,17.8155]],[[103.381,17.8126],[103.3821,17.812],[103.3821,17.8112],[103.3813,17.8104],[103.3807,17.8107],[103.381,17.8126]],[[103.3782,17.809],[103.3785,17.8093],[103.3785,17.809],[103.3782,17.809]]]}},{"type":"Feature","properties":{"kind":"seasonal","area_km2":0.614,"date":"2026-10-09"},"geometry":{"type":"Polygon","coordinates":[[[103.9901,17.7538],[103.9862,17.7532],[103.9868,17.7494],[103.9865,17.7472],[103.9913,17.7459],[103.995,17.7459],[103.9958,17.747],[103.9955,17.7489],[103.9921,17.7519],[103.991,17.7519],[103.9901,17.7529],[103.9901,17.7538]]]}},{"type":"Feature","properties":{"kind":"seasonal","area_km2":0.602,"date":"2026-10-08"},"geometry":{"type":"Polygon","coordinates":[[[103.9677,17.7737],[103.9677,17.7726],[103.9682,17.7721],[103.9685,17.7707],[103.9685,17.7686],[103.9691,17.7683],[103.9691,17.7658],[103.9703,17.765],[103.9711,17.765],[103.972,17.7642],[103.972,17.7634],[103.9728,17.7634],[103.9731,17.764],[103.9728,17.7653],[103.9739,17.7653],[103.9737,17.7634],[103.9745,17.7634],[103.9748,17.7651],[103.9762,17.7667],[103.9762,17.7675],[103.9748,17.768],[103.9745,17.7716],[103.9719,17.7718],[103.9716,17.7729],[103.9705,17.7737],[103.9677,17.7737]],[[103.9722,17.7705],[103.9728,17.7705],[103.9728,17.7699],[103.9722,17.7699],[103.9722,17.7705]],[[103.9719,17.7678],[103.9722,17.768],[103.9722,17.7678],[103.9719,17.7678]],[[103.9736,17.7667],[103.9742,17.7672],[103.9745,17.7667],[103.9736,17.7667]],[[103.9722,17.7667],[103.9728,17.7667],[103.9728,17.7661],[103.9722,17.7661],[103.9722,17.7667]]]}},{"type":"Feature","properties":{"kind":"seasonal","area_km2":0.594,"date":"2026-10-08"},"geometry":{"type":"Polygon","coordinates":[[[103.1777,17.8541],[103.1777,17.8536],[103.1771,17.8536],[103.1766,17.8528],[103.1766,17.8517],[103.178,17.8506],[103.178,17.8501],[103.1772,17.8501],[103.1769,17.8487],[103.1766,17.8495],[103.1749,17.8492],[103.1749,17.8482],[103.1743,17.8481],[103.1741,17.8471],[103.1724,17.8451],[103.173,17.8449],[103.1724,17.8443],[103.1733,17.8441],[103.1724,17.8432],[103.173,17.8419],[103.1724,17.8416],[103.1721,17.8422],[103.171,17.8422],[103.1707,17.8411],[103.1702,17.8408],[103.1702,17.8394],[103.1705,17.84],[103.1713,17.84],[103.1713,17.8408],[103.1719,17.8413],[103.1739,17.8408],[103.1719,17.8405],[103.1716,17.8378],[103.1722,17.8376],[103.1722,17.8381],[103.1728,17.8381],[103.1727,17.8386],[103.1736,17.8387],[103.1739,17.8392],[103.1736,17.8368],[103.1739,17.8362],[103.1745,17.8362],[103.175,17.8351],[103.1753,17.836],[103.1747,17.8365],[103.1753,17.837],[103.1753,17.8389],[103.1747,17.8408],[103.1753,17.8406],[103.1756,17.8411],[103.1753,17.8427],[103.1764,17.8427],[103.1761,17.8422],[103.1767,17.8422],[103.1764,17.8441],[103.1775,17.8447],[103.1775,17.846],[103.178,17.8471],[103.1775,17.8482],[103.1791,17.849],[103.1791,17.8514],[103.1783,17.8517],[103.1788,17.8523],[103.1791,17.8542],[103.1777,17.8541]],[[103.1744,17.8471],[103.1761,17.8465],[103.1764,17.8457],[103.1755,17.8457],[103.1752,17.8463],[103.1744,17.8462],[103.1744,17.846],[103.1741,17.846],[103.1744,17.8471]],[[103.1738,17.8454],[103.1741,17.846],[103.1741,17.8454],[103.1738,17.8454]],[[103.1769,17.8457],[103.1772,17.846],[103.1772,17.8457],[103.1769,17.8457]],[[103.1766,17.8449],[103.1769,17.8457],[103.1769,17.8449],[103.1766,17.8449]],[[103.1735,17.8449],[103.1738,17.8454],[103.1738,17.8449],[103.1735,17.8449]],[[103.1738,17.8433],[103.1744,17.8435],[103.1744,17.8433],[103.1738,17.8433]],[[103.173,17.843],[103.1733,17.8433],[103.1733,17.843],[103.173,17.843]],[[103.1744,17.8433],[103.175,17.8433],[103.175,17.843],[103.1744,17.8427],[103.1744,17.8433]],[[103.175,17.8427],[103.1752,17.843],[103.1753,17.8427],[103.175,17.8427]],[[103.1744,17.8414],[103.175,17.8414],[103.175,17.8411],[103.1744,17.8408],[103.1744,17.8414]],[[103.1739,17.84],[103.1744,17.8403],[103.1744,17.84],[103.1739,17.84]],[[103.1722,17.8386],[103.1725,17.8392],[103.1725,17.8386],[103.1722,17.8386]]]}},{"type":"Feature","properties":{"kind":"seasonal","area_km2":0.59,"date":"2026-10-08"},"geometry":{"type":"Polygon","coordinates":[[[103.9896,17.8036],[103.989,17.8031],[103.989,17.8023],[103.9884,17.8023],[103.9873,17.8009],[103.9873,17.7998],[103.9876,17.7993],[103.9885,17.7993],[103.9885,17.7985],[103.9879,17.7985],[103.9879,17.799],[103.9868,17.7987],[103.9859,17.8004],[103.9848,17.8004],[103.9848,17.8001],[103.9845,17.8001],[103.9845,17.7998],[103.9842,17.7998],[103.9845,17.8014],[103.9831,17.8014],[103.9831,17.8006],[103.9822,17.8003],[103.9808,17.7984],[103.9803,17.7984],[103.9797,17.7963],[103.9814,17.7963],[103.9817,17.7971],[103.9825,17.7976],[103.9825,17.7985],[103.9834,17.7985],[103.9834,17.7976],[103.9848,17.7977],[103.9856,17.7985],[103.9856,17.7971],[103.9868,17.7971],[103.9868,17.7979],[103.9873,17.7977],[103.9873,17.7971],[103.9865,17.7963],[103.9859,17.7963],[103.9859,17.7949],[103.9845,17.7939],[103.9845,17.7928],[103.9837,17.7925],[103.9837,17.792],[103.9828,17.7917],[103.9831,17.7933],[103.9823,17.7933],[103.9814,17.7925],[103.9814,17.7917],[103.9826,17.7914],[103.9828,17.7906],[103.9843,17.7906],[103.9854,17.7917],[103.9857,17.7933],[103.9865,17.7933],[103.9868,17.7944],[103.989,17.7966],[103.9887,17.7985],[103.9893,17.7985],[103.9893,17.7979],[103.9902,17.7979],[103.9902,17.7988],[103.9918,17.8004],[103.9916,17.802],[103.9904,17.8017],[103.991,17.8034],[103.9896,17.8036]],[[103.9893,17.802],[103.9896,17.8023],[103.9896,17.802],[103.9893,17.802]],[[103.9896,17.8012],[103.9901,17.8012],[103.9901,17.8009],[103.9899,17.8009],[103.9899,17.8007],[103.9896,17.8007],[103.9896,17.8012]],[[103.9893,17.8004],[103.9896,17.8007],[103.9896,17.8004],[103.9893,17.8004]],[[103.989,17.8001],[103.9893,17.8004],[103.9893,17.8001],[103.989,17.8001]],[[103.9839,17.7995],[103.9842,17.7998],[103.9842,17.7995],[103.9839,17.7995]],[[103.9856,17.7985],[103.9859,17.7987],[103.9859,17.7985],[103.9856,17.7985]]]}},{"type":"Feature","properties":{"kind":"seasonal","area_km2":0.58,"date":"2026-10-09"},"geometry":{"type":"Polygon","coordinates":[[[103.9844,17.202],[103.9836,17.2009],[103.9839,17.2001],[103.9808,17.1984],[103.9808,17.1971],[103.983,17.1971],[103.983,17.1946],[103.9839,17.1946],[103.985,17.196],[103.9861,17.1955],[103.9876,17.1955],[103.9878,17.196],[103.9938,17.1958],[103.9923,17.1982],[103.9921,17.1974],[103.9912,17.1974],[103.9906,17.1979],[103.989,17.1976],[103.989,17.1982],[103.9884,17.1982],[103.9887,17.1987],[103.9892,17.1982],[103.9904,17.1985],[103.9904,17.1993],[103.9895,17.1995],[103.9889,17.2004],[103.9901,17.2006],[103.9901,17.2012],[103.9895,17.2012],[103.9892,17.2017],[103.9884,17.2017],[103.9881,17.2012],[103.9864,17.2012],[103.9861,17.2017],[103.9844,17.202]],[[103.9881,17.1979],[103.9884,17.1982],[103.9884,17.1979],[103.9881,17.1979]],[[103.9861,17.1976],[103.9867,17.1979],[103.9867,17.1976],[103.9861,17.1976]]]}},{"type":"Feature","properties":{"kind":"seasonal","area_km2":0.579,"date":"2026-10-08"},"geometry":{"type":"Polygon","coordinates":[[[103.2571,17.7193],[103.2568,17.718],[103.2557,17.7169],[103.2557,17.7158],[103.2543,17.7139],[103.2543,17.7131],[103.2549,17.7128],[103.2549,17.7123],[103.2555,17.7123],[103.2555,17.7115],[103.2552,17.7115],[103.2552,17.7117],[103.2544,17.7117],[103.2532,17.7101],[103.2535,17.7087],[103.2541,17.7087],[103.2544,17.7096],[103.2549,17.7096],[103.2552,17.709],[103.2552,17.7085],[103.2541,17.7085],[103.2544,17.7068],[103.2555,17.7071],[103.2555,17.7085],[103.2561,17.7088],[103.2566,17.7088],[103.2575,17.708],[103.2584,17.708],[103.2586,17.7104],[103.2597,17.711],[103.2597,17.7123],[103.2611,17.7126],[103.2611,17.7134],[103.2606,17.7137],[103.2597,17.7137],[103.2597,17.7126],[103.2592,17.7126],[103.2594,17.7139],[103.2589,17.7131],[103.2586,17.7137],[103.258,17.7137],[103.258,17.7145],[103.2586,17.7145],[103.2586,17.715],[103.258,17.7153],[103.2591,17.7161],[103.2591,17.7166],[103.2597,17.7166],[103.2597,17.7158],[103.262,17.7159],[103.2619,17.7164],[103.2614,17.7164],[103.2619,17.7175],[103.2608,17.7177],[103.2605,17.7169],[103.2597,17.7169],[103.2599,17.7188],[103.2591,17.7194],[103.2571,17.7193]],[[103.2566,17.7134],[103.2569,17.7136],[103.2569,17.7134],[103.2566,17.7134]],[[103.2589,17.7126],[103.2594,17.7123],[103.2594,17.7118],[103.2589,17.7118],[103.2589,17.7126]],[[103.2563,17.7117],[103.2569,17.7117],[103.2569,17.7112],[103.2563,17.7112],[103.2563,17.7117]],[[103.2549,17.7106],[103.2552,17.7115],[103.2552,17.7106],[103.2549,17.7106]],[[103.2586,17.7109],[103.2589,17.7115],[103.2589,17.7109],[103.2586,17.7109]],[[103.258,17.7104],[103.2583,17.7107],[103.2583,17.7104],[103.258,17.7104]]]}},{"type":"Feature","properties":{"kind":"seasonal","area_km2":0.561,"date":"2026-10-08"},"geometry":{"type":"Polygon","coordinates":[[[103.9111,17.576],[103.9111,17.5709],[103.9129,17.5695],[103.914,17.5695],[103.9146,17.569],[103.9146,17.5674],[103.9151,17.5671],[103.9151,17.5663],[103.9146,17.5657],[103.9157,17.5647],[103.9151,17.5644],[103.9151,17.5638],[103.916,17.5638],[103.9185,17.5622],[103.9202,17.5622],[103.9202,17.563],[103.9208,17.5633],[103.9208,17.5647],[103.9199,17.5652],[103.9197,17.566],[103.9191,17.5658],[103.9185,17.5663],[103.9185,17.5671],[103.9191,17.5674],[103.9191,17.5682],[103.9196,17.5682],[103.9196,17.5674],[103.9205,17.5674],[103.9205,17.5682],[103.9199,17.5682],[103.9199,17.569],[103.9191,17.5696],[103.9191,17.5701],[103.9157,17.5703],[103.9151,17.5709],[103.9143,17.5709],[103.9128,17.5725],[103.9125,17.5752],[103.912,17.5755],[103.912,17.576],[103.9111,17.576]],[[103.9151,17.5657],[103.9163,17.5655],[103.9168,17.5647],[103.9163,17.5647],[103.9151,17.5657]],[[103.9168,17.5644],[103.9171,17.5647],[103.9171,17.5644],[103.9168,17.5644]],[[103.9191,17.5644],[103.9194,17.5647],[103.9194,17.5644],[103.9191,17.5644]],[[103.9157,17.5641],[103.916,17.5644],[103.916,17.5641],[103.9157,17.5641]],[[103.9163,17.5638],[103.9168,17.5641],[103.9168,17.5638],[103.9163,17.5638]],[[103.92,17.5639],[103.9202,17.5641],[103.9202,17.5639],[103.92,17.5639]],[[103.9168,17.5636],[103.9174,17.5638],[103.9174,17.5636],[103.9168,17.5636]],[[103.9177,17.5633],[103.918,17.5636],[103.918,17.5633],[103.9177,17.5633]],[[103.9202,17.5633],[103.9205,17.5636],[103.9205,17.5633],[103.9202,17.5633]],[[103.9191,17.5628],[103.9194,17.563],[103.9194,17.5628],[103.9191,17.5628]]]}},{"type":"Feature","properties":{"kind":"seasonal","area_km2":0.517,"date":"2026-10-08"},"geometry":{"type":"Polygon","coordinates":[[[103.885,17.8738],[103.8807,17.8722],[103.8799,17.8714],[103.8799,17.8706],[103.8788,17.8697],[103.8794,17.8638],[103.8799,17.8632],[103.8799,17.8619],[103.8808,17.8603],[103.8814,17.8605],[103.8814,17.8613],[103.8808,17.8611],[103.8808,17.8627],[103.8802,17.8632],[103.8802,17.8638],[103.8808,17.8638],[103.8808,17.8646],[103.8802,17.864],[103.8796,17.8646],[103.8796,17.8697],[103.881,17.8697],[103.8813,17.8689],[103.8819,17.8689],[103.8824,17.87],[103.8841,17.8703],[103.8841,17.8711],[103.8847,17.8711],[103.8847,17.8717],[103.8855,17.8714],[103.8856,17.8709],[103.8884,17.8709],[103.8887,17.869],[103.8895,17.869],[103.8892,17.8701],[103.8898,17.8701],[103.8901,17.8687],[103.8895,17.8687],[103.8895,17.8682],[103.8901,17.8682],[103.8904,17.8676],[103.8895,17.8674],[103.8901,17.8674],[103.8901,17.8657],[103.8907,17.8655],[103.8907,17.8646],[103.8915,17.8649],[103.8924,17.8641],[103.8938,17.8639],[103.8938,17.8633],[103.8921,17.863],[103.8921,17.8622],[103.8927,17.8617],[103.8938,17.862],[103.8941,17.8644],[103.8915,17.8657],[103.8907,17.8674],[103.8912,17.8695],[103.8909,17.8709],[103.8892,17.8717],[103.8875,17.8733],[103.885,17.8738]],[[103.8858,17.8717],[103.8861,17.8722],[103.8861,17.8717],[103.8858,17.8717]]]}},{"type":"Feature","properties":{"kind":"seasonal","area_km2":0.513,"date":"2026-10-08"},"geometry":{"type":"Polygon","coordinates":[[[103.7188,17.2208],[103.7186,17.2189],[103.7166,17.2189],[103.716,17.2175],[103.7143,17.218],[103.7147,17.2132],[103.7149,17.2126],[103.7164,17.2124],[103.7161,17.2115],[103.7166,17.2115],[103.7172,17.2132],[103.7172,17.2151],[103.718,17.2162],[103.7191,17.2164],[103.7194,17.2159],[103.7208,17.2159],[103.7217,17.2173],[103.7237,17.2173],[103.7248,17.2168],[103.7254,17.2135],[103.7251,17.2127],[103.7242,17.213],[103.7237,17.2124],[103.724,17.2108],[103.7234,17.2105],[103.7231,17.2097],[103.7234,17.2092],[103.724,17.2094],[103.7243,17.2121],[103.7251,17.2121],[103.7254,17.2132],[103.7259,17.2135],[103.7259,17.2149],[103.7254,17.2151],[103.7254,17.2159],[103.7268,17.2173],[103.7268,17.2184],[103.7234,17.2184],[103.7234,17.2189],[103.7228,17.2189],[103.7225,17.2197],[103.722,17.2192],[103.7219,17.2197],[103.7214,17.2197],[103.7205,17.2208],[103.7188,17.2208]],[[103.7231,17.2176],[103.7234,17.2178],[103.7234,17.2176],[103.7231,17.2176]],[[103.7197,17.2175],[103.7206,17.2175],[103.7206,17.2167],[103.72,17.2167],[103.7197,17.2175]],[[103.7158,17.2167],[103.7163,17.2167],[103.7163,17.2156],[103.7152,17.2159],[103.7158,17.2167]],[[103.7149,17.2142],[103.7161,17.2137],[103.7163,17.2132],[103.7155,17.2132],[103.7149,17.2142]]]}},{"type":"Feature","properties":{"kind":"seasonal","area_km2":0.491,"date":"2026-10-08"},"geometry":{"type":"Polygon","coordinates":[[[103.0531,17.9136],[103.0525,17.9109],[103.0503,17.9109],[103.0503,17.912],[103.0491,17.912],[103.0494,17.9104],[103.0463,17.9103],[103.0463,17.9098],[103.0455,17.9092],[103.0455,17.9082],[103.0486,17.9082],[103.0486,17.9087],[103.0492,17.9087],[103.0492,17.9082],[103.05,17.9082],[103.0503,17.9087],[103.0509,17.9087],[103.0509,17.9069],[103.0514,17.9069],[103.0517,17.9058],[103.0526,17.9055],[103.052,17.9031],[103.0524,17.8998],[103.0515,17.8982],[103.0501,17.8976],[103.0501,17.8965],[103.0507,17.8965],[103.0504,17.8957],[103.0496,17.896],[103.0496,17.8949],[103.0507,17.8938],[103.0519,17.8941],[103.0521,17.8963],[103.0513,17.8968],[103.0513,17.8974],[103.0527,17.8987],[103.0526,17.9031],[103.0537,17.9039],[103.0537,17.9074],[103.0531,17.9077],[103.0531,17.909],[103.0525,17.9093],[103.0525,17.9101],[103.0528,17.9107],[103.0534,17.9107],[103.0534,17.9115],[103.0565,17.9115],[103.0565,17.9129],[103.0548,17.9129],[103.0545,17.9137],[103.0531,17.9136]],[[103.0503,17.9096],[103.0508,17.9101],[103.0508,17.9096],[103.0503,17.9096]],[[103.0511,17.9093],[103.0517,17.9093],[103.0517,17.909],[103.0511,17.9087],[103.0511,17.9093]]]}},{"type":"Feature","properties":{"kind":"seasonal","area_km2":0.49,"date":"2026-10-08"},"geometry":{"type":"Polygon","coordinates":[[[103.0383,17.0529],[103.0374,17.0521],[103.0374,17.0513],[103.0386,17.0508],[103.0394,17.0497],[103.0414,17.0492],[103.0422,17.0481],[103.0434,17.0478],[103.0437,17.047],[103.0448,17.0468],[103.0454,17.046],[103.0479,17.0446],[103.0482,17.043],[103.0494,17.0425],[103.0496,17.0411],[103.0511,17.0411],[103.0519,17.042],[103.0519,17.0428],[103.0524,17.0433],[103.0524,17.0449],[103.0519,17.0458],[103.0513,17.0457],[103.0504,17.0466],[103.0496,17.0465],[103.0493,17.0471],[103.0465,17.0471],[103.0462,17.0476],[103.0451,17.0479],[103.0451,17.0484],[103.0445,17.0484],[103.0439,17.0492],[103.0434,17.0492],[103.0419,17.0508],[103.0411,17.0508],[103.0402,17.0516],[103.0405,17.053],[103.0383,17.0529]]]}},{"type":"Feature","properties":{"kind":"seasonal","area_km2":0.489,"date":"2026-10-08"},"geometry":{"type":"Polygon","coordinates":[[[103.3984,17.6707],[103.3984,17.669],[103.3976,17.6688],[103.3976,17.6679],[103.3981,17.6677],[103.3981,17.6669],[103.399,17.6669],[103.399,17.6674],[103.3996,17.6674],[103.3993,17.6658],[103.3984,17.6655],[103.3984,17.665],[103.399,17.665],[103.3993,17.6644],[103.3987,17.6631],[103.3988,17.6614],[103.3999,17.6615],[103.3993,17.6609],[103.3993,17.6596],[103.3996,17.659],[103.4008,17.659],[103.4013,17.6601],[103.4013,17.6615],[103.3999,17.6631],[103.401,17.6634],[103.4019,17.6628],[103.403,17.6631],[103.4033,17.6626],[103.4041,17.6626],[103.4038,17.6661],[103.403,17.6672],[103.4029,17.668],[103.4038,17.6685],[103.4038,17.6693],[103.4018,17.6693],[103.4018,17.6704],[103.3984,17.6707]],[[103.3987,17.669],[103.4001,17.669],[103.4001,17.6688],[103.399,17.6685],[103.3987,17.669]],[[103.4013,17.6663],[103.4015,17.6669],[103.4015,17.6663],[103.4013,17.6663]],[[103.4004,17.6661],[103.401,17.6661],[103.4007,17.6653],[103.4004,17.6653],[103.4004,17.6661]]]}},{"type":"Feature","properties":{"kind":"seasonal","area_km2":0.477,"date":"2026-10-08"},"geometry":{"type":"Polygon","coordinates":[[[103.403,17.6577],[103.4028,17.6561],[103.4036,17.655],[103.4034,17.6534],[103.4022,17.6531],[103.4022,17.6539],[103.4014,17.6539],[103.4011,17.6525],[103.4005,17.6522],[103.4006,17.6509],[103.4011,17.6506],[103.4014,17.649],[103.4003,17.6471],[103.4017,17.6468],[103.4023,17.646],[103.404,17.6463],[103.4045,17.6485],[103.4051,17.6485],[103.4051,17.6493],[103.4045,17.6493],[103.4045,17.6498],[103.4054,17.6498],[103.4054,17.6515],[103.4062,17.6526],[103.4062,17.6564],[103.4047,17.6566],[103.4039,17.6577],[103.403,17.6577]]]}},{"type":"Feature","properties":{"kind":"seasonal","area_km2":0.469,"date":"2026-10-08"},"geometry":{"type":"Polygon","coordinates":[[[103.0882,17.8601],[103.0888,17.8595],[103.0896,17.8595],[103.0896,17.8587],[103.091,17.8587],[103.0919,17.8582],[103.0905,17.8585],[103.0908,17.8576],[103.0902,17.8574],[103.0888,17.8579],[103.0891,17.8565],[103.0871,17.8557],[103.0871,17.8552],[103.0863,17.8552],[103.086,17.8546],[103.0891,17.8546],[103.0899,17.8538],[103.0905,17.8503],[103.0911,17.8501],[103.0914,17.849],[103.0931,17.8493],[103.0931,17.8474],[103.0917,17.8476],[103.0875,17.8465],[103.0866,17.8468],[103.0847,17.8451],[103.0838,17.8451],[103.0833,17.8443],[103.0821,17.844],[103.0833,17.8432],[103.0844,17.8438],[103.0869,17.8462],[103.09,17.8463],[103.09,17.8468],[103.0909,17.8468],[103.0909,17.8463],[103.0917,17.8468],[103.0929,17.8468],[103.0943,17.8452],[103.0943,17.8447],[103.0954,17.845],[103.0945,17.8482],[103.0948,17.8501],[103.0934,17.8504],[103.0923,17.8495],[103.0914,17.8495],[103.0911,17.8517],[103.0914,17.853],[103.0919,17.8536],[103.0899,17.8544],[103.0905,17.8549],[103.0925,17.855],[103.0925,17.856],[103.0916,17.8568],[103.0916,17.8579],[103.0922,17.8579],[103.0922,17.8593],[103.0907,17.8593],[103.0904,17.8598],[103.0882,17.8601]]]}},{"type":"Feature","properties":{"kind":"seasonal","area_km2":0.465,"date":"2026-10-08"},"geometry":{"type":"Polygon","coordinates":[[[103.9698,17.745],[103.9684,17.7431],[103.9678,17.7409],[103.9659,17.7393],[103.9653,17.7393],[103.9645,17.7379],[103.9648,17.7368],[103.9676,17.7366],[103.9679,17.7355],[103.969,17.7352],[103.9701,17.7352],[103.9707,17.7358],[103.971,17.7368],[103.9715,17.7371],[103.9715,17.7379],[103.9727,17.7388],[103.9729,17.7404],[103.9741,17.7417],[103.9735,17.7426],[103.9721,17.7423],[103.9724,17.7417],[103.9715,17.7417],[103.9707,17.7385],[103.9696,17.7382],[103.9696,17.7387],[103.969,17.7387],[103.9696,17.739],[103.969,17.7393],[103.969,17.742],[103.9704,17.7425],[103.9701,17.7442],[103.9707,17.7444],[103.9718,17.7428],[103.9735,17.7431],[103.9735,17.7439],[103.9729,17.7444],[103.9698,17.745]],[[103.9698,17.7371],[103.9701,17.7374],[103.9701,17.7371],[103.9698,17.7371]],[[103.9696,17.7368],[103.9698,17.7371],[103.9698,17.7368],[103.9696,17.7368]]]}},{"type":"Feature","properties":{"kind":"seasonal","area_km2":0.461,"date":"2026-10-08"},"geometry":{"type":"Polygon","coordinates":[[[103.0292,17.0862],[103.0289,17.0854],[103.0283,17.0854],[103.0264,17.0837],[103.0258,17.0802],[103.0236,17.0788],[103.0236,17.0769],[103.0262,17.0769],[103.0273,17.0783],[103.0278,17.0783],[103.0281,17.0805],[103.0287,17.0813],[103.0329,17.0813],[103.0329,17.0824],[103.0323,17.0827],[103.0326,17.0843],[103.0317,17.0851],[103.0312,17.0851],[103.0306,17.0862],[103.0292,17.0862]]]}},{"type":"Feature","properties":{"kind":"seasonal","area_km2":0.429,"date":"2026-10-08"},"geometry":{"type":"Polygon","coordinates":[[[103.0443,17.9894],[103.0443,17.9886],[103.0429,17.9881],[103.0373,17.9821],[103.0367,17.9821],[103.0362,17.9812],[103.0356,17.9812],[103.0353,17.9807],[103.0348,17.9807],[103.0334,17.9793],[103.0314,17.9785],[103.0308,17.9777],[103.0297,17.9774],[103.0286,17.9763],[103.0252,17.9749],[103.0224,17.9743],[103.0196,17.9743],[103.0178,17.9748],[103.0173,17.9745],[103.0181,17.9743],[103.0184,17.9735],[103.0218,17.9735],[103.0244,17.9743],[103.0289,17.9749],[103.0309,17.9758],[103.0311,17.9763],[103.0317,17.9763],[103.032,17.9771],[103.0331,17.9771],[103.0337,17.978],[103.0348,17.9782],[103.0356,17.9791],[103.0356,17.9796],[103.037,17.9802],[103.0393,17.9829],[103.0401,17.9829],[103.0401,17.9837],[103.041,17.9843],[103.041,17.9848],[103.0418,17.9851],[103.0426,17.9862],[103.0432,17.9862],[103.0435,17.9873],[103.0452,17.9889],[103.0452,17.9895],[103.0443,17.9894]]]}},{"type":"Feature","properties":{"kind":"seasonal","area_km2":0.429,"date":"2026-10-08"},"geometry":{"type":"Polygon","coordinates":[[[103.3733,17.7935],[103.3727,17.793],[103.373,17.7916],[103.3719,17.7905],[103.3719,17.79],[103.371,17.7892],[103.3693,17.7886],[103.3693,17.7875],[103.3699,17.7873],[103.3699,17.7867],[103.3711,17.7867],[103.3708,17.7856],[103.3702,17.7856],[103.3702,17.7848],[103.3705,17.7843],[103.3719,17.7838],[103.3731,17.7838],[103.373,17.7848],[103.3739,17.7849],[103.3739,17.7865],[103.3733,17.787],[103.3736,17.7878],[103.3744,17.7881],[103.3753,17.7868],[103.3764,17.7868],[103.3764,17.7873],[103.3773,17.7879],[103.3773,17.7895],[103.3758,17.7895],[103.3758,17.7906],[103.375,17.7914],[103.3744,17.7914],[103.3744,17.7935],[103.3733,17.7935]]]}},{"type":"Feature","properties":{"kind":"seasonal","area_km2":0.428,"date":"2026-10-08"},"geometry":{"type":"Polygon","coordinates":[[[103.7316,17.906],[103.7313,17.9024],[103.7302,17.9019],[103.7302,17.9014],[103.7285,17.9013],[103.7282,17.9005],[103.7282,17.8994],[103.7288,17.8989],[103.7302,17.8989],[103.7305,17.8981],[103.7299,17.8973],[103.7282,17.897],[103.7282,17.8962],[103.7299,17.8965],[103.7305,17.8959],[103.7319,17.8959],[103.7319,17.8932],[103.7331,17.8932],[103.7336,17.8938],[103.7339,17.8965],[103.7333,17.897],[103.7319,17.897],[103.7319,17.8981],[103.7325,17.9006],[103.7339,17.9008],[103.7339,17.9014],[103.7344,17.9014],[103.7344,17.903],[103.7336,17.903],[103.733,17.9025],[103.7322,17.9027],[103.733,17.9033],[103.733,17.9038],[103.7341,17.9038],[103.7347,17.9054],[103.7333,17.906],[103.7316,17.906]]]}},{"type":"Feature","properties":{"kind":"seasonal","area_km2":0.418,"date":"2026-10-08"},"geometry":{"type":"Polygon","coordinates":[[[103.1922,17.5049],[103.1919,17.5041],[103.1908,17.5038],[103.1911,17.5016],[103.1903,17.5016],[103.1892,17.5005],[103.1895,17.4981],[103.1889,17.4978],[103.1889,17.4967],[103.1909,17.497],[103.1912,17.4976],[103.1923,17.4978],[103.194,17.4979],[103.1948,17.4987],[103.1948,17.4992],[103.1965,17.4998],[103.1968,17.5011],[103.1973,17.5014],[103.1976,17.5038],[103.197,17.5038],[103.197,17.5049],[103.1953,17.5049],[103.1942,17.5041],[103.1942,17.5014],[103.1948,17.5017],[103.1945,17.5006],[103.1942,17.5006],[103.1942,17.5011],[103.1934,17.5011],[103.1934,17.5025],[103.1928,17.5027],[103.1928,17.5035],[103.1919,17.5035],[103.1925,17.5043],[103.1922,17.5049]],[[103.1956,17.5036],[103.1962,17.5036],[103.1956,17.5019],[103.1948,17.5017],[103.1948,17.5025],[103.1953,17.5025],[103.1956,17.5036]],[[103.1911,17.5011],[103.1914,17.5016],[103.1914,17.5011],[103.1911,17.5011]],[[103.1917,17.5011],[103.192,17.5005],[103.1925,17.5005],[103.1923,17.5],[103.1911,17.5003],[103.1911,17.5008],[103.1917,17.5011]],[[103.194,17.5006],[103.1945,17.5],[103.1945,17.4992],[103.194,17.4992],[103.194,17.5006]],[[103.1923,17.5],[103.1928,17.5],[103.1931,17.4992],[103.1937,17.4992],[103.1937,17.4984],[103.1926,17.4984],[103.1923,17.5]]]}},{"type":"Feature","properties":{"kind":"seasonal","area_km2":0.404,"date":"2026-10-08"},"geometry":{"type":"Polygon","coordinates":[[[103.7182,17.6706],[103.7182,17.6695],[103.7188,17.6692],[103.7219,17.6692],[103.7222,17.6679],[103.7233,17.6673],[103.7236,17.6663],[103.7259,17.6665],[103.7268,17.666],[103.727,17.6644],[103.7282,17.6636],[103.7282,17.663],[103.7239,17.6625],[103.724,17.6614],[103.7248,17.6608],[103.7248,17.6603],[103.7262,17.66],[103.7274,17.6592],[103.7285,17.6592],[103.7294,17.6582],[103.7302,17.6582],[103.7308,17.6587],[103.7325,17.6587],[103.7342,17.6577],[103.7342,17.6593],[103.733,17.6593],[103.7322,17.6598],[103.7296,17.6595],[103.7291,17.6601],[103.7282,17.6601],[103.7282,17.6609],[103.7268,17.6611],[103.7293,17.6614],[103.7305,17.6628],[103.7299,17.6633],[103.7299,17.6641],[103.7293,17.6641],[103.729,17.6647],[103.7276,17.6647],[103.7279,17.6657],[103.727,17.666],[103.727,17.6666],[103.7253,17.6668],[103.7248,17.6671],[103.7248,17.6679],[103.7231,17.6682],[103.7225,17.6698],[103.7205,17.67],[103.7202,17.6706],[103.7182,17.6706]]]}},{"type":"Feature","properties":{"kind":"seasonal","area_km2":0.388,"date":"2026-10-08"},"geometry":{"type":"Polygon","coordinates":[[[103.5848,17.9844],[103.5848,17.9833],[103.586,17.9828],[103.586,17.9822],[103.5854,17.982],[103.5857,17.9803],[103.5829,17.9803],[103.5829,17.9787],[103.5815,17.9787],[103.5815,17.9776],[103.582,17.9771],[103.5818,17.9762],[103.5823,17.976],[103.5826,17.9771],[103.5829,17.9757],[103.5838,17.9757],[103.5838,17.9765],[103.5829,17.9771],[103.5829,17.9776],[103.5863,17.9776],[103.5863,17.9784],[103.5846,17.9784],[103.5843,17.979],[103.5866,17.979],[103.5866,17.9784],[103.5877,17.9779],[103.5871,17.9776],[103.5874,17.9768],[103.588,17.9768],[103.5883,17.9774],[103.5897,17.9771],[103.5897,17.9782],[103.5905,17.9782],[103.5905,17.9798],[103.59,17.9798],[103.5897,17.9806],[103.5908,17.9809],[103.5908,17.9828],[103.5891,17.9828],[103.5891,17.9836],[103.586,17.9839],[103.5857,17.9844],[103.5848,17.9844]],[[103.588,17.9828],[103.5891,17.9828],[103.5894,17.982],[103.5883,17.9798],[103.5886,17.9782],[103.588,17.9782],[103.588,17.9787],[103.5871,17.9787],[103.5871,17.9798],[103.5866,17.9806],[103.5871,17.9809],[103.5874,17.9801],[103.5877,17.9809],[103.5863,17.9814],[103.588,17.9828]]]}},{"type":"Feature","properties":{"kind":"seasonal","area_km2":0.385,"date":"2026-10-08"},"geometry":{"type":"Polygon","coordinates":[[[103.5421,17.9431],[103.5418,17.9421],[103.5424,17.9418],[103.5424,17.9412],[103.5416,17.9404],[103.5416,17.9393],[103.5427,17.9383],[103.5441,17.9377],[103.5436,17.9331],[103.5447,17.9331],[103.5464,17.9348],[103.5478,17.9348],[103.5484,17.9342],[103.5504,17.934],[103.5504,17.9353],[103.5501,17.9348],[103.549,17.9348],[103.549,17.9356],[103.5484,17.9356],[103.5481,17.9361],[103.5461,17.9361],[103.5459,17.9345],[103.5447,17.9339],[103.5444,17.9345],[103.545,17.9348],[103.5453,17.9364],[103.5458,17.9364],[103.5461,17.9375],[103.5455,17.9375],[103.5453,17.9383],[103.5447,17.9383],[103.5447,17.9388],[103.5436,17.9391],[103.5433,17.9396],[103.5441,17.9396],[103.5447,17.9391],[103.5458,17.9396],[103.5467,17.938],[103.5492,17.9378],[103.5492,17.9397],[103.5503,17.9397],[103.5506,17.9381],[103.5512,17.9381],[103.5515,17.94],[103.5501,17.9408],[103.5489,17.9408],[103.5478,17.9397],[103.5464,17.9394],[103.5458,17.9402],[103.5441,17.9404],[103.5435,17.941],[103.543,17.9431],[103.5421,17.9431]]]}},{"type":"Feature","properties":{"kind":"seasonal","area_km2":0.382,"date":"2026-10-08"},"geometry":{"type":"Polygon","coordinates":[[[103.6778,17.233],[103.6779,17.2316],[103.6787,17.2316],[103.6784,17.2311],[103.6796,17.2308],[103.6798,17.2297],[103.6787,17.2297],[103.6787,17.2303],[103.6773,17.2303],[103.6779,17.2284],[103.6776,17.2278],[103.677,17.2278],[103.677,17.2265],[103.6776,17.2265],[103.6782,17.2251],[103.6799,17.2249],[103.6802,17.2257],[103.6813,17.2257],[103.6813,17.2265],[103.6824,17.2265],[103.6832,17.2273],[103.681,17.2276],[103.6815,17.2292],[103.6827,17.2295],[103.6829,17.229],[103.6838,17.2309],[103.6855,17.2311],[103.6849,17.2325],[103.6838,17.2319],[103.6821,17.2322],[103.6821,17.2317],[103.681,17.2306],[103.681,17.2314],[103.6804,17.2319],[103.6795,17.2319],[103.6795,17.233],[103.6778,17.233]],[[103.6846,17.2314],[103.6849,17.2317],[103.6849,17.2314],[103.6846,17.2314]],[[103.6787,17.2265],[103.6793,17.2265],[103.6793,17.2259],[103.6787,17.2259],[103.6787,17.2265]]]}},{"type":"Feature","properties":{"kind":"seasonal","area_km2":0.37,"date":"2026-10-08"},"geometry":{"type":"Polygon","coordinates":[[[103.3954,17.9715],[103.3954,17.9694],[103.3943,17.9694],[103.394,17.9672],[103.3935,17.9674],[103.3929,17.9693],[103.392,17.9693],[103.3921,17.9682],[103.3912,17.9677],[103.3921,17.9636],[103.3927,17.9634],[103.3927,17.9617],[103.3947,17.962],[103.3946,17.9634],[103.3941,17.9645],[103.3955,17.965],[103.3952,17.9666],[103.3957,17.9672],[103.3983,17.9672],[103.3983,17.968],[103.3971,17.9686],[103.3971,17.9694],[103.398,17.9702],[103.3986,17.9702],[103.3985,17.971],[103.3968,17.971],[103.3963,17.9715],[103.3954,17.9715]]]}},{"type":"Feature","properties":{"kind":"seasonal","area_km2":0.369,"date":"2026-10-08"},"geometry":{"type":"Polygon","coordinates":[[[103.7238,17.9219],[103.7239,17.9151],[103.7275,17.9149],[103.7292,17.9214],[103.7238,17.9219]]]}},{"type":"Feature","properties":{"kind":"seasonal","area_km2":0.363,"date":"2026-10-08"},"geometry":{"type":"Polygon","coordinates":[[[103.7458,17.2825],[103.7464,17.2806],[103.7458,17.2798],[103.7452,17.2798],[103.7453,17.2749],[103.7475,17.2752],[103.7487,17.276],[103.7492,17.2757],[103.7492,17.2749],[103.7484,17.2741],[103.7484,17.2706],[103.7512,17.2706],[103.7515,17.2698],[103.751,17.2695],[103.7507,17.2682],[103.7524,17.2679],[103.7541,17.2693],[103.754,17.2703],[103.7532,17.2709],[103.7532,17.2731],[103.7552,17.2733],[103.7552,17.2744],[103.7537,17.2758],[103.7537,17.2769],[103.7551,17.2774],[103.7532,17.2774],[103.7532,17.276],[103.7543,17.2741],[103.7529,17.2739],[103.7526,17.2709],[103.7495,17.2711],[103.7501,17.2728],[103.7495,17.2744],[103.7501,17.2747],[103.7503,17.2768],[103.7486,17.2771],[103.7478,17.276],[103.7461,17.276],[103.7464,17.2798],[103.7472,17.2811],[103.7466,17.2814],[103.7469,17.2825],[103.7458,17.2825]]]}},{"type":"Feature","properties":{"kind":"seasonal","area_km2":0.339,"date":"2026-10-08"},"geometry":{"type":"Polygon","coordinates":[[[103.7633,17.2788],[103.7633,17.2777],[103.7639,17.2772],[103.7656,17.2775],[103.7659,17.2761],[103.7676,17.2767],[103.7676,17.2745],[103.769,17.274],[103.7693,17.2732],[103.7676,17.2737],[103.7673,17.2729],[103.767,17.2734],[103.7656,17.2737],[103.7656,17.2726],[103.765,17.2726],[103.765,17.272],[103.7633,17.2734],[103.7619,17.2734],[103.7614,17.2731],[103.7614,17.2726],[103.7597,17.2725],[103.7602,17.2731],[103.7602,17.2761],[103.7594,17.2763],[103.7588,17.2755],[103.758,17.2755],[103.758,17.2761],[103.7568,17.2771],[103.7551,17.2769],[103.7563,17.2766],[103.758,17.275],[103.7588,17.275],[103.7591,17.2755],[103.7597,17.2753],[103.7597,17.2739],[103.7591,17.2731],[103.7585,17.2731],[103.7588,17.272],[103.7617,17.2723],[103.7619,17.2728],[103.7625,17.2728],[103.7631,17.2723],[103.7639,17.2723],[103.7639,17.2707],[103.7648,17.2707],[103.7656,17.2723],[103.7667,17.2726],[103.7679,17.2721],[103.7679,17.2707],[103.7687,17.2707],[103.7696,17.2696],[103.7704,17.2696],[103.7707,17.2707],[103.7698,17.271],[103.7698,17.2718],[103.771,17.2721],[103.7707,17.274],[103.7693,17.274],[103.7681,17.275],[103.7681,17.2764],[103.7675,17.2772],[103.7664,17.2772],[103.7664,17.2783],[103.7639,17.278],[103.7633,17.2788]],[[103.7676,17.2726],[103.7681,17.2729],[103.7681,17.2726],[103.7676,17.2726]],[[103.7684,17.2721],[103.769,17.2723],[103.769,17.2721],[103.7684,17.2721]]]}},{"type":"Feature","properties":{"kind":"seasonal","area_km2":0.317,"date":"2026-10-08"},"geometry":{"type":"Polygon","coordinates":[[[103.2113,17.919],[103.2116,17.9168],[103.2122,17.916],[103.213,17.916],[103.213,17.9149],[103.2147,17.9133],[103.2147,17.9125],[103.2153,17.912],[103.2162,17.912],[103.2164,17.9125],[103.2173,17.9122],[103.217,17.9114],[103.2159,17.9114],[103.2162,17.9098],[103.2176,17.9098],[103.2176,17.9106],[103.2187,17.9123],[103.2187,17.9133],[103.2141,17.9182],[103.2133,17.9182],[103.213,17.9176],[103.2121,17.919],[103.2113,17.919]]]}},{"type":"Feature","properties":{"kind":"seasonal","area_km2":0.31,"date":"2026-10-08"},"geometry":{"type":"Polygon","coordinates":[[[103.8588,17.2588],[103.8554,17.2577],[103.8549,17.2568],[103.8532,17.2563],[103.8529,17.2552],[103.8552,17.2552],[103.856,17.2558],[103.8588,17.2552],[103.8588,17.2547],[103.8594,17.2544],[103.8594,17.2533],[103.8574,17.2533],[103.8569,17.2528],[103.8569,17.2517],[103.8594,17.2506],[103.8603,17.2496],[103.8603,17.2487],[103.8623,17.249],[103.8625,17.2485],[103.8642,17.2485],[103.8645,17.2496],[103.8637,17.2501],[103.8631,17.2512],[103.8628,17.2504],[103.8611,17.2504],[103.8611,17.2517],[103.8603,17.252],[103.86,17.2515],[103.8591,17.2514],[103.8589,17.2523],[103.8583,17.2523],[103.8597,17.2531],[103.8605,17.2531],[103.8605,17.2539],[103.86,17.2539],[103.8597,17.2544],[103.86,17.2555],[103.8591,17.2563],[103.8571,17.256],[103.8571,17.2566],[103.856,17.2566],[103.856,17.2574],[103.8574,17.2574],[103.8574,17.2579],[103.8602,17.2585],[103.8588,17.2588]]]}},{"type":"Feature","properties":{"kind":"seasonal","area_km2":0.309,"date":"2026-10-08"},"geometry":{"type":"Polygon","coordinates":[[[103.124,17.7384],[103.1237,17.7373],[103.1243,17.7371],[103.1243,17.7365],[103.1229,17.7368],[103.1229,17.736],[103.1237,17.7355],[103.1237,17.7341],[103.1246,17.7338],[103.1235,17.7338],[103.1232,17.733],[103.1223,17.733],[103.1221,17.7338],[103.1209,17.7338],[103.1209,17.733],[103.1221,17.7327],[103.1224,17.7308],[103.1235,17.7308],[103.124,17.7322],[103.1252,17.7325],[103.1257,17.7333],[103.1269,17.7333],[103.1271,17.7341],[103.128,17.7347],[103.128,17.7358],[103.1285,17.7358],[103.1285,17.7366],[103.1277,17.7377],[103.1254,17.7379],[103.1254,17.7384],[103.124,17.7384]],[[103.1251,17.736],[103.1254,17.7366],[103.1254,17.736],[103.1251,17.736]],[[103.1266,17.7363],[103.1271,17.7366],[103.1271,17.7363],[103.1266,17.7363]]]}},{"type":"Feature","properties":{"kind":"seasonal","area_km2":0.294,"date":"2026-10-08"},"geometry":{"type":"Polygon","coordinates":[[[103.7711,17.1615],[103.7711,17.1609],[103.768,17.1604],[103.7678,17.1598],[103.7658,17.1598],[103.7658,17.1593],[103.7652,17.159],[103.7655,17.1574],[103.765,17.1568],[103.7636,17.1565],[103.7636,17.1552],[103.7644,17.1552],[103.765,17.1563],[103.7661,17.1563],[103.7664,17.1568],[103.7709,17.1571],[103.7728,17.1598],[103.7728,17.1604],[103.7717,17.1604],[103.7717,17.1615],[103.7711,17.1615]]]}},{"type":"Feature","properties":{"kind":"seasonal","area_km2":0.293,"date":"2026-10-08"},"geometry":{"type":"Polygon","coordinates":[[[103.0384,17.1969],[103.0384,17.1963],[103.0379,17.1961],[103.0379,17.195],[103.0373,17.195],[103.0371,17.1922],[103.0365,17.1922],[103.0365,17.1914],[103.036,17.1914],[103.0354,17.1947],[103.0342,17.1947],[103.0342,17.1941],[103.0331,17.1938],[103.0331,17.1928],[103.034,17.1919],[103.034,17.1911],[103.0354,17.1909],[103.0354,17.1903],[103.0382,17.1904],[103.0382,17.192],[103.0399,17.192],[103.0399,17.1934],[103.0407,17.1934],[103.0413,17.1939],[103.0413,17.1961],[103.0401,17.1961],[103.0399,17.1953],[103.0393,17.1953],[103.0384,17.1969]],[[103.0399,17.1944],[103.0404,17.1947],[103.0404,17.1944],[103.0399,17.1944]]]}},{"type":"Feature","properties":{"kind":"seasonal","area_km2":0.292,"date":"2026-10-08"},"geometry":{"type":"Polygon","coordinates":[[[103.1145,17.8039],[103.114,17.802],[103.1151,17.801],[103.1151,17.8004],[103.1106,17.8001],[103.1106,17.7982],[103.1121,17.7971],[103.1143,17.7972],[103.1143,17.7961],[103.116,17.7961],[103.1157,17.7969],[103.1169,17.7972],[103.1168,17.7999],[103.116,17.8004],[103.1154,17.8039],[103.1145,17.8039]],[[103.1143,17.7985],[103.1146,17.7988],[103.1146,17.7985],[103.1143,17.7985]]]}},{"type":"Feature","properties":{"kind":"seasonal","area_km2":0.291,"date":"2026-10-08"},"geometry":{"type":"Polygon","coordinates":[[[103.9496,17.8598],[103.9496,17.8593],[103.9488,17.8593],[103.9482,17.8582],[103.9476,17.8582],[103.9471,17.8595],[103.9462,17.8595],[103.9454,17.8574],[103.9448,17.8571],[103.9448,17.856],[103.9457,17.856],[103.9468,17.8547],[103.9474,17.8547],[103.9477,17.8536],[103.9488,17.8536],[103.9494,17.8544],[103.9513,17.8547],[103.9513,17.8555],[103.9505,17.8558],[103.9505,17.8566],[103.9491,17.8563],[103.9499,17.8571],[103.951,17.8568],[103.951,17.8579],[103.9502,17.8582],[103.9507,17.8585],[103.9507,17.8593],[103.9496,17.8598]]]}},{"type":"Feature","properties":{"kind":"seasonal","area_km2":0.291,"date":"2026-10-08"},"geometry":{"type":"Polygon","coordinates":[[[103.3616,17.7677],[103.3605,17.7674],[103.3616,17.7671],[103.3616,17.7663],[103.3594,17.766],[103.3594,17.7666],[103.3599,17.7668],[103.3596,17.7674],[103.3591,17.7671],[103.3591,17.7666],[103.3585,17.7668],[103.3585,17.7663],[103.3582,17.7668],[103.3571,17.7663],[103.3568,17.7655],[103.3565,17.7655],[103.3565,17.7665],[103.3557,17.7657],[103.3543,17.7657],[103.354,17.7663],[103.3531,17.7662],[103.3531,17.7657],[103.3537,17.7646],[103.356,17.7649],[103.3563,17.7641],[103.3571,17.7641],[103.3571,17.7649],[103.3579,17.7652],[103.3588,17.7647],[103.3585,17.7636],[103.3591,17.7636],[103.3594,17.763],[103.3602,17.7631],[103.3602,17.7639],[103.3625,17.7639],[103.363,17.7644],[103.363,17.7658],[103.3636,17.7652],[103.3636,17.7639],[103.3645,17.7639],[103.365,17.7661],[103.3662,17.7655],[103.3659,17.7666],[103.3647,17.7669],[103.3647,17.7674],[103.3639,17.7674],[103.3639,17.7663],[103.3625,17.7663],[103.3616,17.7677]],[[103.3596,17.766],[103.3599,17.7655],[103.3611,17.7652],[103.3596,17.7649],[103.3596,17.766]],[[103.356,17.7652],[103.3565,17.7655],[103.3565,17.7652],[103.356,17.7652]],[[103.3611,17.7644],[103.3613,17.765],[103.3616,17.7644],[103.3611,17.7644]]]}},{"type":"Feature","properties":{"kind":"seasonal","area_km2":0.284,"date":"2026-10-08"},"geometry":{"type":"Polygon","coordinates":[[[103.1967,17.8798],[103.1941,17.8784],[103.1942,17.8754],[103.1959,17.8752],[103.1956,17.8746],[103.195,17.8746],[103.195,17.8741],[103.1956,17.8744],[103.1956,17.873],[103.195,17.8735],[103.195,17.8727],[103.1962,17.8727],[103.1962,17.8719],[103.1967,17.8722],[103.197,17.8733],[103.1979,17.8736],[103.1979,17.8744],[103.1956,17.8754],[103.1958,17.8771],[103.1964,17.8776],[103.1973,17.8776],[103.1984,17.8785],[103.1987,17.8774],[103.1981,17.8771],[103.1981,17.8763],[103.1987,17.8752],[103.201,17.8752],[103.2009,17.8766],[103.2004,17.8766],[103.2006,17.8785],[103.1992,17.8785],[103.1989,17.8798],[103.1967,17.8798]],[[103.1964,17.8782],[103.1967,17.8784],[103.1967,17.8782],[103.1964,17.8782]]]}},{"type":"Feature","properties":{"kind":"seasonal","area_km2":0.281,"date":"2026-10-08"},"geometry":{"type":"Polygon","coordinates":[[[103.9374,17.8684],[103.9363,17.8676],[103.9363,17.8657],[103.9383,17.8641],[103.9391,17.8622],[103.9402,17.8622],[103.9402,17.8633],[103.9408,17.8636],[103.9414,17.8649],[103.9419,17.8649],[103.9428,17.8639],[103.9436,17.8639],[103.9436,17.8647],[103.9425,17.8655],[103.9425,17.866],[103.9419,17.866],[103.9419,17.8666],[103.9411,17.8674],[103.9391,17.8676],[103.9385,17.8684],[103.9374,17.8684]]]}},{"type":"Feature","properties":{"kind":"seasonal","area_km2":0.276,"date":"2026-10-08"},"geometry":{"type":"Polygon","coordinates":[[[103.5107,17.7743],[103.5107,17.7718],[103.5112,17.7718],[103.5107,17.771],[103.5112,17.771],[103.5113,17.7702],[103.5107,17.7702],[103.5101,17.7691],[103.511,17.7681],[103.5121,17.7681],[103.5113,17.7678],[103.5119,17.7656],[103.5136,17.7651],[103.5133,17.7667],[103.5138,17.7673],[103.515,17.7673],[103.5149,17.7681],[103.5144,17.7683],[103.5146,17.7711],[103.5138,17.7713],[103.5141,17.7721],[103.5121,17.7721],[103.5124,17.7738],[103.5107,17.7743]],[[103.5124,17.7702],[103.513,17.7702],[103.513,17.7697],[103.5121,17.7697],[103.5124,17.7702]],[[103.5121,17.7691],[103.5124,17.7694],[103.5124,17.7691],[103.5121,17.7691]],[[103.5132,17.7692],[103.5135,17.7694],[103.5135,17.7692],[103.5132,17.7692]],[[103.5135,17.7681],[103.5138,17.7683],[103.5138,17.7681],[103.5135,17.7681]],[[103.5144,17.7675],[103.5147,17.7678],[103.5147,17.7675],[103.5144,17.7675]]]}},{"type":"Feature","properties":{"kind":"seasonal","area_km2":0.275,"date":"2026-10-08"},"geometry":{"type":"Polygon","coordinates":[[[103.0352,17.0478],[103.0344,17.0472],[103.0344,17.0464],[103.0352,17.0456],[103.0386,17.0451],[103.0395,17.0443],[103.0409,17.044],[103.0409,17.0429],[103.0417,17.0421],[103.0443,17.0416],[103.0446,17.0422],[103.0457,17.0424],[103.0457,17.0433],[103.0448,17.0432],[103.0434,17.0443],[103.0423,17.0443],[103.0411,17.0459],[103.04,17.0462],[103.04,17.0467],[103.0375,17.047],[103.0369,17.0478],[103.0352,17.0478]]]}},{"type":"Feature","properties":{"kind":"seasonal","area_km2":0.274,"date":"2026-10-08"},"geometry":{"type":"Polygon","coordinates":[[[103.4071,17.9372],[103.4059,17.9366],[103.4028,17.9369],[103.4028,17.9361],[103.4014,17.9363],[103.4017,17.9347],[103.4028,17.9347],[103.4037,17.9336],[103.4062,17.9337],[103.4085,17.9331],[103.4088,17.9342],[103.4099,17.9348],[103.4099,17.9356],[103.4085,17.9369],[103.4071,17.9372]]]}},{"type":"Feature","properties":{"kind":"seasonal","area_km2":0.273,"date":"2026-10-08"},"geometry":{"type":"Polygon","coordinates":[[[103.3934,17.9786],[103.3931,17.9775],[103.3937,17.9772],[103.3931,17.9761],[103.3937,17.9756],[103.3934,17.9745],[103.394,17.9745],[103.394,17.9737],[103.3934,17.9737],[103.3931,17.9745],[103.392,17.9745],[103.392,17.9737],[103.3929,17.9726],[103.3929,17.9707],[103.3937,17.9699],[103.3946,17.9699],[103.3948,17.9729],[103.3954,17.9732],[103.3954,17.9737],[103.3965,17.9737],[103.3965,17.9743],[103.3971,17.9745],[103.3971,17.9767],[103.3957,17.9767],[103.3959,17.978],[103.3954,17.978],[103.3951,17.9786],[103.3934,17.9786]],[[103.3948,17.9748],[103.3951,17.9751],[103.3951,17.9748],[103.3948,17.9748]]]}},{"type":"Feature","properties":{"kind":"seasonal","area_km2":0.266,"date":"2026-10-08"},"geometry":{"type":"Polygon","coordinates":[[[103.6796,17.5741],[103.6799,17.5724],[103.6808,17.5719],[103.6811,17.5708],[103.6816,17.5708],[103.6822,17.57],[103.683,17.57],[103.6839,17.5689],[103.6862,17.5695],[103.687,17.5703],[103.687,17.5719],[103.685,17.5725],[103.6844,17.573],[103.6844,17.5738],[103.6825,17.5735],[103.6796,17.5741]],[[103.6839,17.5692],[103.6842,17.5695],[103.6842,17.5692],[103.6839,17.5692]]]}},{"type":"Feature","properties":{"kind":"seasonal","area_km2":0.263,"date":"2026-10-08"},"geometry":{"type":"Polygon","coordinates":[[[103.1147,17.7565],[103.1136,17.7551],[103.1136,17.7541],[103.1151,17.7535],[103.1145,17.7527],[103.1145,17.7516],[103.1151,17.7516],[103.1151,17.7511],[103.1145,17.7508],[103.1145,17.7497],[103.1165,17.7497],[103.1168,17.7508],[103.1188,17.7506],[103.1188,17.7519],[103.1179,17.7522],[103.1173,17.753],[103.1173,17.7546],[103.1184,17.7546],[103.1184,17.756],[103.1162,17.756],[103.1159,17.7565],[103.1147,17.7565]],[[103.1162,17.7516],[103.1168,17.7516],[103.1168,17.7508],[103.1162,17.7511],[103.1162,17.7516]]]}},{"type":"Feature","properties":{"kind":"seasonal","area_km2":0.257,"date":"2026-10-08"},"geometry":{"type":"Polygon","coordinates":[[[103.5507,17.9633],[103.5502,17.9614],[103.551,17.9608],[103.551,17.9595],[103.5491,17.9581],[103.5454,17.9581],[103.5451,17.9564],[103.5465,17.9565],[103.5468,17.957],[103.5502,17.957],[103.5508,17.9576],[103.5542,17.9579],[103.5542,17.9584],[103.5519,17.9584],[103.5519,17.9589],[103.5525,17.9589],[103.5527,17.9595],[103.5524,17.9614],[103.5539,17.9611],[103.5539,17.9598],[103.5547,17.9595],[103.5547,17.959],[103.5553,17.9595],[103.5553,17.9606],[103.5536,17.9622],[103.5524,17.9625],[103.5516,17.9633],[103.5507,17.9633]],[[103.5513,17.9581],[103.5516,17.9584],[103.5516,17.9581],[103.5513,17.9581]]]}},{"type":"Feature","properties":{"kind":"seasonal","area_km2":0.257,"date":"2026-10-08"},"geometry":{"type":"Polygon","coordinates":[[[103.7355,17.2626],[103.7346,17.2621],[103.7346,17.2602],[103.7352,17.2602],[103.7352,17.2597],[103.7358,17.2594],[103.738,17.2599],[103.7383,17.2594],[103.7395,17.2591],[103.7409,17.2605],[103.7428,17.2605],[103.7428,17.26],[103.7423,17.2597],[103.7423,17.2592],[103.7428,17.2589],[103.7414,17.2592],[103.7411,17.2586],[103.7406,17.2586],[103.7397,17.2575],[103.7398,17.2564],[103.7386,17.2564],[103.7383,17.2553],[103.7364,17.2556],[103.7364,17.2534],[103.7367,17.2529],[103.7372,17.2529],[103.7372,17.2523],[103.7381,17.2524],[103.7372,17.2534],[103.7372,17.2545],[103.7389,17.2543],[103.7395,17.2559],[103.7409,17.2556],[103.7406,17.2575],[103.7417,17.2583],[103.744,17.2581],[103.7437,17.2616],[103.7411,17.2613],[103.74,17.2608],[103.7392,17.2597],[103.7386,17.2597],[103.7375,17.261],[103.7366,17.261],[103.7363,17.2602],[103.7355,17.2602],[103.7352,17.2616],[103.7366,17.2624],[103.7355,17.2626]]]}},{"type":"Feature","properties":{"kind":"seasonal","area_km2":0.256,"date":"2026-10-09"},"geometry":{"type":"Polygon","coordinates":[[[103.9482,17.2191],[103.9474,17.2183],[103.946,17.2186],[103.9457,17.218],[103.9448,17.218],[103.9448,17.2169],[103.9463,17.2161],[103.946,17.2145],[103.9474,17.2134],[103.9471,17.2123],[103.9488,17.2126],[103.9491,17.2121],[103.9502,17.2121],[103.9508,17.2126],[103.9508,17.2156],[103.9499,17.2159],[103.9502,17.2145],[103.9496,17.2145],[103.9496,17.2164],[103.9482,17.217],[103.9482,17.2164],[103.9474,17.2161],[103.9474,17.2175],[103.9482,17.2178],[103.9482,17.2186],[103.9499,17.2191],[103.9482,17.2191]],[[103.9471,17.2175],[103.9474,17.2178],[103.9474,17.2175],[103.9471,17.2175]]]}},{"type":"Feature","properties":{"kind":"seasonal","area_km2":0.253,"date":"2026-10-08"},"geometry":{"type":"Polygon","coordinates":[[[103.0974,17.4427],[103.098,17.4422],[103.0977,17.4414],[103.0971,17.4414],[103.0963,17.4422],[103.0954,17.4422],[103.0963,17.4411],[103.0966,17.4392],[103.0955,17.4378],[103.094,17.4378],[103.0943,17.4359],[103.0974,17.4368],[103.0977,17.4373],[103.0986,17.4371],[103.0989,17.436],[103.1008,17.4365],[103.1008,17.439],[103.0991,17.439],[103.0985,17.4395],[103.0985,17.44],[103.098,17.4403],[103.0982,17.4425],[103.0974,17.4427]]]}},{"type":"Feature","properties":{"kind":"seasonal","area_km2":0.252,"date":"2026-10-08"},"geometry":{"type":"Polygon","coordinates":[[[103.9636,17.7962],[103.9633,17.794],[103.9602,17.7943],[103.9593,17.7934],[103.9585,17.7934],[103.9585,17.7921],[103.9593,17.7921],[103.9593,17.7926],[103.961,17.7935],[103.9616,17.7926],[103.9616,17.7913],[103.9627,17.7913],[103.963,17.7929],[103.9639,17.7935],[103.965,17.7929],[103.9644,17.7921],[103.9644,17.791],[103.9653,17.791],[103.9656,17.7927],[103.967,17.7927],[103.967,17.7932],[103.9692,17.7938],[103.9692,17.7951],[103.9678,17.7957],[103.9667,17.7957],[103.967,17.7938],[103.9647,17.7943],[103.9644,17.7962],[103.9636,17.7962]]]}},{"type":"Feature","properties":{"kind":"seasonal","area_km2":0.252,"date":"2026-10-08"},"geometry":{"type":"Polygon","coordinates":[[[103.6978,17.2461],[103.6975,17.2456],[103.6961,17.2456],[103.6958,17.2442],[103.6981,17.2445],[103.6992,17.2437],[103.6992,17.2432],[103.6987,17.2429],[103.6987,17.2413],[103.6961,17.2402],[103.6961,17.2396],[103.7001,17.2396],[103.7015,17.241],[103.7012,17.2415],[103.7006,17.2415],[103.7006,17.2424],[103.7018,17.2429],[103.7023,17.2453],[103.7012,17.2462],[103.7,17.2459],[103.6998,17.2453],[103.6989,17.2453],[103.6986,17.2461],[103.6978,17.2461]],[[103.7009,17.2453],[103.7017,17.2451],[103.7017,17.2443],[103.7012,17.244],[103.7003,17.2442],[103.7009,17.2453]],[[103.6984,17.2445],[103.6998,17.2448],[103.6998,17.2445],[103.6984,17.2445]]]}},{"type":"Feature","properties":{"kind":"seasonal","area_km2":0.249,"date":"2026-10-08"},"geometry":{"type":"Polygon","coordinates":[[[103.0918,17.7639],[103.0915,17.7633],[103.0884,17.7633],[103.0878,17.7628],[103.0878,17.7619],[103.087,17.7619],[103.085,17.7608],[103.0836,17.7608],[103.0827,17.76],[103.0822,17.76],[103.0819,17.7611],[103.081,17.7611],[103.081,17.7597],[103.0816,17.7594],[103.0816,17.7589],[103.0808,17.7583],[103.0808,17.7573],[103.0825,17.7573],[103.0836,17.7586],[103.0842,17.7587],[103.0842,17.7592],[103.0847,17.7592],[103.0853,17.76],[103.0864,17.76],[103.0884,17.7617],[103.0889,17.7617],[103.089,17.7611],[103.0901,17.7611],[103.0909,17.7622],[103.0923,17.762],[103.0926,17.7639],[103.0918,17.7639]]]}},{"type":"Feature","properties":{"kind":"seasonal","area_km2":0.246,"date":"2026-10-08"},"geometry":{"type":"Polygon","coordinates":[[[103.879,17.9614],[103.8785,17.9603],[103.8776,17.9597],[103.8779,17.9576],[103.8774,17.9573],[103.8774,17.9557],[103.8794,17.956],[103.8796,17.9581],[103.8791,17.9581],[103.879,17.9595],[103.8799,17.9595],[103.8799,17.9589],[103.8819,17.9589],[103.8822,17.9595],[103.8819,17.9579],[103.8799,17.9573],[103.8813,17.9568],[103.8822,17.9568],[103.8833,17.9579],[103.8833,17.9587],[103.8842,17.959],[103.8836,17.9606],[103.8819,17.9608],[103.8816,17.9614],[103.879,17.9614]]]}},{"type":"Feature","properties":{"kind":"seasonal","area_km2":0.244,"date":"2026-10-08"},"geometry":{"type":"Polygon","coordinates":[[[103.1855,17.868],[103.1826,17.8675],[103.1824,17.8661],[103.1832,17.8656],[103.1841,17.864],[103.1849,17.864],[103.1858,17.8629],[103.1867,17.8629],[103.1869,17.8637],[103.1883,17.8648],[103.1883,17.8654],[103.1889,17.8654],[103.1889,17.8667],[103.188,17.8667],[103.188,17.8656],[103.1872,17.8656],[103.1877,17.8675],[103.1855,17.868]]]}},{"type":"Feature","properties":{"kind":"seasonal","area_km2":0.244,"date":"2026-10-08"},"geometry":{"type":"Polygon","coordinates":[[[103.3817,17.7714],[103.3814,17.77],[103.3825,17.7692],[103.3828,17.7681],[103.3826,17.7643],[103.3831,17.7638],[103.3831,17.763],[103.384,17.7622],[103.3849,17.7603],[103.3854,17.7603],[103.3866,17.7592],[103.3877,17.7592],[103.388,17.7611],[103.3863,17.7611],[103.3854,17.7627],[103.386,17.7635],[103.3848,17.7635],[103.3845,17.7649],[103.384,17.7649],[103.384,17.7681],[103.3828,17.7687],[103.3825,17.7706],[103.3834,17.7706],[103.3837,17.7687],[103.3837,17.7692],[103.3845,17.7692],[103.3837,17.77],[103.3839,17.7714],[103.3825,17.7714],[103.3822,17.7708],[103.3817,17.7714]]]}},{"type":"Feature","properties":{"kind":"seasonal","area_km2":0.244,"date":"2026-10-08"},"geometry":{"type":"Polygon","coordinates":[[[103.6962,17.2293],[103.6973,17.228],[103.6988,17.228],[103.699,17.2285],[103.6996,17.2285],[103.6996,17.2269],[103.699,17.2266],[103.6985,17.225],[103.6985,17.2242],[103.6994,17.2234],[103.7002,17.2234],[103.7002,17.2239],[103.7013,17.2242],[103.703,17.2264],[103.7064,17.2264],[103.7069,17.2261],[103.707,17.225],[103.7064,17.2242],[103.7075,17.2242],[103.7081,17.2248],[103.7081,17.2259],[103.7075,17.2267],[103.7047,17.2277],[103.7041,17.2277],[103.7041,17.2272],[103.7024,17.2275],[103.7019,17.2269],[103.7016,17.2255],[103.7002,17.2255],[103.7013,17.2293],[103.6993,17.2293],[103.6993,17.2288],[103.6982,17.2282],[103.6976,17.2282],[103.6971,17.2293],[103.6962,17.2293]]]}},{"type":"Feature","properties":{"kind":"seasonal","area_km2":0.244,"date":"2026-10-08"},"geometry":{"type":"Polygon","coordinates":[[[103.7361,17.2117],[103.7359,17.2052],[103.7367,17.2068],[103.7364,17.2098],[103.737,17.2106],[103.7384,17.2103],[103.7398,17.209],[103.7395,17.2071],[103.7412,17.2055],[103.7424,17.2055],[103.7423,17.2076],[103.7429,17.2076],[103.7443,17.2063],[103.7455,17.2063],[103.7455,17.2055],[103.746,17.2055],[103.746,17.2063],[103.7454,17.2068],[103.7443,17.2068],[103.7435,17.2074],[103.7443,17.2082],[103.7443,17.2096],[103.7432,17.2098],[103.7426,17.2109],[103.7406,17.2117],[103.7406,17.2087],[103.7412,17.2087],[103.7412,17.2076],[103.7421,17.2076],[103.7421,17.206],[103.7412,17.206],[103.7412,17.2066],[103.7401,17.2071],[103.7401,17.2098],[103.7395,17.2098],[103.7395,17.2103],[103.7386,17.2111],[103.7361,17.2117]],[[103.7415,17.2095],[103.742,17.2095],[103.7423,17.2087],[103.7418,17.2087],[103.7415,17.2095]]]}},{"type":"Feature","properties":{"kind":"seasonal","area_km2":0.243,"date":"2026-10-08"},"geometry":{"type":"Polygon","coordinates":[[[103.988,17.8354],[103.988,17.8345],[103.9891,17.834],[103.9894,17.8308],[103.9903,17.8302],[103.99,17.8291],[103.9911,17.8283],[103.9911,17.8275],[103.9923,17.8275],[103.9925,17.8289],[103.992,17.8294],[103.9925,17.8297],[103.992,17.83],[103.992,17.8305],[103.9939,17.8305],[103.9939,17.83],[103.9948,17.83],[103.9948,17.8308],[103.9942,17.8308],[103.9942,17.8313],[103.9931,17.8313],[103.9934,17.8327],[103.9919,17.8329],[103.9917,17.8335],[103.9905,17.8337],[103.9905,17.8343],[103.9894,17.8343],[103.9897,17.8354],[103.988,17.8354]]]}},{"type":"Feature","properties":{"kind":"seasonal","area_km2":0.243,"date":"2026-10-08"},"geometry":{"type":"Polygon","coordinates":[[[103.1147,17.8121],[103.1147,17.8115],[103.1125,17.811],[103.1116,17.8099],[103.1108,17.8101],[103.1105,17.809],[103.1114,17.8088],[103.1122,17.8077],[103.1122,17.8072],[103.1117,17.8069],[103.1105,17.8072],[103.1108,17.8061],[103.1137,17.8064],[103.1142,17.8072],[103.1139,17.8085],[103.1153,17.8088],[103.1153,17.8096],[103.1173,17.8097],[103.1173,17.811],[103.1167,17.811],[103.1167,17.8118],[103.1147,17.8121]]]}},{"type":"Feature","properties":{"kind":"seasonal","area_km2":0.24,"date":"2026-10-08"},"geometry":{"type":"Polygon","coordinates":[[[103.172,17.8289],[103.1715,17.8262],[103.1698,17.8256],[103.1698,17.8234],[103.1704,17.8234],[103.1704,17.8226],[103.1712,17.8226],[103.1712,17.8199],[103.1704,17.8196],[103.1729,17.8191],[103.1729,17.8186],[103.1738,17.8183],[103.1741,17.8172],[103.1749,17.817],[103.1744,17.8191],[103.1732,17.8205],[103.1732,17.8218],[103.1724,17.8218],[103.1715,17.8229],[103.1715,17.8237],[103.1703,17.824],[103.1715,17.8251],[103.1717,17.8262],[103.1726,17.8262],[103.1729,17.8256],[103.1743,17.8259],[103.1746,17.8251],[103.174,17.8251],[103.174,17.8246],[103.1746,17.8246],[103.1749,17.824],[103.1746,17.8267],[103.174,17.8267],[103.174,17.8273],[103.1731,17.8273],[103.1731,17.8278],[103.1737,17.8281],[103.1728,17.8289],[103.172,17.8289]]]}},{"type":"Feature","properties":{"kind":"seasonal","area_km2":0.238,"date":"2026-10-09"},"geometry":{"type":"Polygon","coordinates":[[[103.9907,17.1825],[103.991,17.1819],[103.9902,17.1811],[103.9888,17.1811],[103.9885,17.1806],[103.9865,17.1808],[103.9862,17.18],[103.9874,17.1797],[103.9879,17.1787],[103.9891,17.1778],[103.9891,17.1773],[103.9902,17.1773],[103.9905,17.1768],[103.9922,17.1768],[103.9944,17.1795],[103.9947,17.1817],[103.9938,17.1817],[103.9933,17.1822],[103.9919,17.1819],[103.9916,17.1825],[103.9907,17.1825]],[[103.9913,17.1814],[103.9919,17.1814],[103.9919,17.1808],[103.9927,17.1811],[103.993,17.1803],[103.9938,17.1803],[103.9927,17.18],[103.9927,17.179],[103.9936,17.179],[103.9927,17.1781],[103.991,17.1779],[103.991,17.1784],[103.9919,17.1787],[103.9913,17.1795],[103.9891,17.1789],[103.9896,17.1795],[103.9876,17.18],[103.9905,17.18],[103.9913,17.1814]]]}},{"type":"Feature","properties":{"kind":"seasonal","area_km2":0.238,"date":"2026-10-08"},"geometry":{"type":"Polygon","coordinates":[[[103.3589,17.75],[103.3578,17.7495],[103.3578,17.7481],[103.359,17.7481],[103.3592,17.7487],[103.3604,17.749],[103.3612,17.7465],[103.3627,17.7457],[103.3629,17.7444],[103.3646,17.7444],[103.3643,17.7487],[103.3638,17.7487],[103.3629,17.7501],[103.3589,17.75]]]}},{"type":"Feature","properties":{"kind":"seasonal","area_km2":0.237,"date":"2026-10-08"},"geometry":{"type":"Polygon","coordinates":[[[103.614,17.8691],[103.6135,17.868],[103.6115,17.8667],[103.6107,17.8648],[103.6113,17.8648],[103.6121,17.8656],[103.6121,17.8664],[103.6135,17.8669],[103.6138,17.8675],[103.6138,17.8661],[103.6146,17.8661],[103.6158,17.867],[103.6172,17.8667],[103.6158,17.8661],[103.6158,17.8656],[103.6144,17.8656],[103.6141,17.8648],[103.6147,17.8623],[103.6155,17.8623],[103.6155,17.8615],[103.615,17.861],[103.6155,17.861],[103.6158,17.8621],[103.6169,17.8621],[103.6169,17.8632],[103.6164,17.8632],[103.6158,17.8642],[103.6161,17.8653],[103.6183,17.8653],[103.6186,17.8664],[103.6177,17.8675],[103.6166,17.8675],[103.6152,17.8691],[103.614,17.8691]],[[103.6172,17.8662],[103.6175,17.8664],[103.6175,17.8662],[103.6172,17.8662]]]}},{"type":"Feature","properties":{"kind":"seasonal","area_km2":0.236,"date":"2026-10-08"},"geometry":{"type":"Polygon","coordinates":[[[103.8715,17.8982],[103.8678,17.8979],[103.8659,17.8968],[103.8661,17.8954],[103.8656,17.8951],[103.8656,17.8943],[103.8667,17.8935],[103.8676,17.8935],[103.8679,17.8924],[103.869,17.8927],[103.8695,17.8946],[103.8704,17.8952],[103.8715,17.8973],[103.8715,17.8982]]]}},{"type":"Feature","properties":{"kind":"seasonal","area_km2":0.234,"date":"2026-10-08"},"geometry":{"type":"Polygon","coordinates":[[[103.7409,17.9041],[103.7401,17.9009],[103.7401,17.8984],[103.7413,17.8971],[103.7421,17.8971],[103.7424,17.8979],[103.7429,17.8979],[103.7435,17.8971],[103.7444,17.8971],[103.7446,17.8987],[103.7441,17.8987],[103.7441,17.8995],[103.7432,17.9004],[103.7423,17.9041],[103.7409,17.9041]]]}},{"type":"Feature","properties":{"kind":"seasonal","area_km2":0.23,"date":"2026-10-08"},"geometry":{"type":"Polygon","coordinates":[[[103.1384,17.8511],[103.1378,17.8502],[103.1376,17.8483],[103.1367,17.8483],[103.1356,17.8494],[103.1344,17.8491],[103.1344,17.8483],[103.135,17.8483],[103.1359,17.8472],[103.1367,17.847],[103.1382,17.8446],[103.1387,17.8454],[103.1387,17.8443],[103.1382,17.844],[103.1382,17.8435],[103.1387,17.8435],[103.1396,17.8446],[103.1393,17.8467],[103.1407,17.8492],[103.1406,17.8503],[103.1401,17.8505],[103.1401,17.8511],[103.1384,17.8511]]]}},{"type":"Feature","properties":{"kind":"seasonal","area_km2":0.23,"date":"2026-10-08"},"geometry":{"type":"Polygon","coordinates":[[[103.1168,17.7744],[103.1157,17.7739],[103.1154,17.773],[103.1143,17.773],[103.1143,17.7725],[103.114,17.7736],[103.1131,17.7736],[103.1132,17.7728],[103.1126,17.7722],[103.1126,17.7706],[103.1132,17.7706],[103.1132,17.77],[103.1143,17.7703],[103.1143,17.7709],[103.1152,17.7709],[103.1149,17.7722],[103.1157,17.7725],[103.1163,17.7722],[103.116,17.7706],[103.1154,17.7706],[103.1157,17.769],[103.1169,17.7693],[103.1171,17.7706],[103.1174,17.7698],[103.1186,17.7698],[103.1183,17.7712],[103.1188,17.7742],[103.1168,17.7744]]]}},{"type":"Feature","properties":{"kind":"seasonal","area_km2":0.223,"date":"2026-10-08"},"geometry":{"type":"Polygon","coordinates":[[[103.8368,17.2643],[103.8351,17.2638],[103.8345,17.263],[103.8331,17.263],[103.8328,17.2616],[103.8348,17.2616],[103.8357,17.2608],[103.8382,17.2603],[103.8388,17.26],[103.8388,17.2592],[103.8408,17.2595],[103.8407,17.2627],[103.8402,17.2627],[103.839,17.2643],[103.8368,17.2643]],[[103.8379,17.2641],[103.8387,17.2641],[103.8402,17.2622],[103.8357,17.2622],[103.8357,17.2627],[103.8365,17.2627],[103.8359,17.2632],[103.8371,17.2633],[103.8379,17.2641]],[[103.8382,17.2616],[103.8385,17.2619],[103.8385,17.2616],[103.8382,17.2616]]]}},{"type":"Feature","properties":{"kind":"seasonal","area_km2":0.221,"date":"2026-10-08"},"geometry":{"type":"Polygon","coordinates":[[[103.3976,17.9539],[103.397,17.9523],[103.3947,17.9523],[103.3945,17.9515],[103.3933,17.9517],[103.3934,17.9482],[103.3945,17.9463],[103.3957,17.9463],[103.3959,17.9469],[103.3953,17.9493],[103.3945,17.9493],[103.395,17.9507],[103.3959,17.9504],[103.3959,17.9488],[103.3976,17.949],[103.3973,17.9504],[103.3979,17.9523],[103.399,17.9529],[103.3987,17.9539],[103.3976,17.9539]]]}},{"type":"Feature","properties":{"kind":"seasonal","area_km2":0.22,"date":"2026-10-08"},"geometry":{"type":"Polygon","coordinates":[[[103.3985,17.7173],[103.3986,17.7159],[103.3991,17.7157],[103.3991,17.7149],[103.3974,17.7146],[103.3974,17.714],[103.3963,17.7137],[103.3963,17.7118],[103.3972,17.7116],[103.3972,17.71],[103.3986,17.71],[103.3986,17.7119],[103.3992,17.7127],[103.3997,17.7127],[103.3997,17.7132],[103.4003,17.7132],[103.4006,17.7124],[103.4017,17.7127],[103.4017,17.7135],[103.4008,17.7138],[103.4008,17.7146],[103.3994,17.7146],[103.4014,17.7154],[103.4014,17.7168],[103.3997,17.7165],[103.3994,17.7173],[103.3985,17.7173]]]}},{"type":"Feature","properties":{"kind":"seasonal","area_km2":0.218,"date":"2026-10-08"},"geometry":{"type":"Polygon","coordinates":[[[103.3839,17.9896],[103.3839,17.9888],[103.3831,17.9888],[103.3834,17.9863],[103.3845,17.9863],[103.3846,17.9823],[103.3857,17.9823],[103.3857,17.9831],[103.3865,17.9834],[103.3868,17.9842],[103.3885,17.9845],[103.3891,17.9861],[103.3874,17.9861],[103.3865,17.9877],[103.3859,17.9877],[103.3857,17.9872],[103.3845,17.9872],[103.3854,17.9885],[103.3853,17.9893],[103.3839,17.9896]]]}},{"type":"Feature","properties":{"kind":"seasonal","area_km2":0.218,"date":"2026-10-08"},"geometry":{"type":"Polygon","coordinates":[[[103.5602,17.8351],[103.5591,17.8343],[103.5591,17.8316],[103.5586,17.831],[103.5583,17.8294],[103.5575,17.8289],[103.5572,17.8267],[103.5578,17.8264],[103.5578,17.8253],[103.5572,17.8251],[103.5572,17.8245],[103.5558,17.8242],[103.5552,17.8237],[103.5553,17.8229],[103.5564,17.8229],[103.5567,17.8234],[103.5584,17.8234],[103.5603,17.8251],[103.5603,17.8256],[103.5589,17.8253],[103.5584,17.8248],[103.5584,17.824],[103.5575,17.824],[103.5581,17.8242],[103.5581,17.8251],[103.5586,17.8256],[103.5586,17.828],[103.5594,17.8297],[103.5597,17.8316],[103.5606,17.8324],[103.5608,17.8335],[103.5622,17.8338],[103.5622,17.8343],[103.5617,17.8343],[103.5611,17.8351],[103.5602,17.8351]],[[103.5569,17.8237],[103.5572,17.824],[103.5572,17.8237],[103.5569,17.8237]]]}},{"type":"Feature","properties":{"kind":"seasonal","area_km2":0.216,"date":"2026-10-08"},"geometry":{"type":"Polygon","coordinates":[[[103.7233,17.6741],[103.7236,17.6728],[103.725,17.6725],[103.7247,17.6709],[103.7253,17.6703],[103.7276,17.6698],[103.7279,17.6693],[103.729,17.6693],[103.729,17.6687],[103.7296,17.6685],[103.7321,17.6685],[103.7324,17.6679],[103.7364,17.668],[103.7369,17.6674],[103.7369,17.6666],[103.7375,17.6663],[103.7375,17.6674],[103.7364,17.6682],[103.7363,17.6688],[103.7352,17.6688],[103.7329,17.6698],[103.7301,17.6696],[103.7293,17.6704],[103.7281,17.6704],[103.7259,17.6717],[103.7259,17.6728],[103.725,17.6736],[103.7233,17.6741]]]}},{"type":"Feature","properties":{"kind":"seasonal","area_km2":0.209,"date":"2026-10-08"},"geometry":{"type":"Polygon","coordinates":[[[103.9587,17.8046],[103.9585,17.7972],[103.9588,17.7967],[103.9596,17.7967],[103.9596,17.7972],[103.9602,17.7975],[103.9599,17.7994],[103.9613,17.7994],[103.9616,17.8],[103.9616,17.8008],[103.9601,17.8008],[103.9601,17.8024],[103.9615,17.8021],[103.9618,17.804],[103.9613,17.8046],[103.9587,17.8046]]]}},{"type":"Feature","properties":{"kind":"seasonal","area_km2":0.207,"date":"2026-10-08"},"geometry":{"type":"Polygon","coordinates":[[[103.7756,17.2138],[103.7739,17.2122],[103.7733,17.2124],[103.7731,17.2135],[103.7722,17.2135],[103.7722,17.2116],[103.7711,17.21],[103.7711,17.2084],[103.7705,17.2078],[103.77,17.2054],[103.7689,17.2048],[103.77,17.2048],[103.7706,17.2054],[103.7706,17.2067],[103.7717,17.2081],[103.7717,17.21],[103.7719,17.2105],[103.7725,17.2105],[103.7731,17.2119],[103.7745,17.2119],[103.7745,17.2114],[103.7753,17.2108],[103.7748,17.2106],[103.7748,17.21],[103.7742,17.21],[103.7745,17.2089],[103.777,17.2122],[103.7795,17.2128],[103.7795,17.2136],[103.779,17.2138],[103.7756,17.2138]]]}},{"type":"Feature","properties":{"kind":"seasonal","area_km2":0.206,"date":"2026-10-08"},"geometry":{"type":"Polygon","coordinates":[[[103.1172,17.9278],[103.1172,17.927],[103.1178,17.9268],[103.1178,17.9249],[103.1172,17.9235],[103.1161,17.9227],[103.1164,17.9197],[103.1176,17.9189],[103.1176,17.9183],[103.1187,17.9184],[103.1192,17.9219],[103.1189,17.9273],[103.1172,17.9278]]]}},{"type":"Feature","properties":{"kind":"seasonal","area_km2":0.206,"date":"2026-10-08"},"geometry":{"type":"Polygon","coordinates":[[[103.3968,17.6579],[103.396,17.6552],[103.3963,17.6538],[103.3957,17.6538],[103.396,17.6503],[103.3974,17.6506],[103.3974,17.6514],[103.3966,17.6517],[103.3969,17.6522],[103.3986,17.652],[103.3986,17.6528],[103.398,17.6528],[103.398,17.6533],[103.4005,17.6539],[103.4005,17.6555],[103.3997,17.656],[103.398,17.656],[103.3977,17.6552],[103.3971,17.6552],[103.3977,17.656],[103.3977,17.6579],[103.3968,17.6579]],[[103.3974,17.6541],[103.398,17.6541],[103.398,17.6536],[103.3971,17.6536],[103.3974,17.6541]]]}},{"type":"Feature","properties":{"kind":"seasonal","area_km2":0.206,"date":"2026-10-08"},"geometry":{"type":"Polygon","coordinates":[[[103.399,17.6381],[103.3981,17.6373],[103.3967,17.6373],[103.3967,17.6362],[103.3962,17.6359],[103.3962,17.6343],[103.3982,17.6341],[103.3979,17.6332],[103.3987,17.6333],[103.3987,17.6327],[103.4004,17.6327],[103.4007,17.6346],[103.4001,17.6362],[103.4007,17.6365],[103.4007,17.6373],[103.4001,17.6373],[103.3998,17.6381],[103.399,17.6381]]]}},{"type":"Feature","properties":{"kind":"seasonal","area_km2":0.204,"date":"2026-10-08"},"geometry":{"type":"Polygon","coordinates":[[[103.6021,17.6259],[103.6007,17.6242],[103.6007,17.6234],[103.5995,17.6231],[103.5995,17.6223],[103.6001,17.6223],[103.6001,17.6212],[103.6007,17.6207],[103.6007,17.6196],[103.6024,17.6199],[103.6021,17.6231],[103.6029,17.6234],[103.6035,17.6229],[103.6043,17.6234],[103.6046,17.6226],[103.6055,17.6226],[103.6066,17.6221],[103.6066,17.6215],[103.6075,17.6216],[103.6075,17.6221],[103.6069,17.6221],[103.6063,17.6232],[103.6058,17.6232],[103.6046,17.6245],[103.6035,17.6248],[103.6029,17.6259],[103.6021,17.6259]],[[103.6024,17.6234],[103.6029,17.6237],[103.6029,17.6234],[103.6024,17.6234]]]}},{"type":"Feature","properties":{"kind":"seasonal","area_km2":0.197,"date":"2026-10-08"},"geometry":{"type":"Polygon","coordinates":[[[103.3909,17.3298],[103.3909,17.329],[103.3915,17.329],[103.3909,17.3285],[103.3912,17.3271],[103.3907,17.326],[103.3893,17.3258],[103.3893,17.3247],[103.3884,17.3244],[103.3887,17.3233],[103.3896,17.3233],[103.3896,17.3239],[103.391,17.3247],[103.3932,17.3244],[103.3935,17.3258],[103.3941,17.3261],[103.3941,17.328],[103.3935,17.328],[103.3932,17.3288],[103.3943,17.3293],[103.3924,17.3293],[103.3918,17.3299],[103.3909,17.3298]],[[103.3924,17.3288],[103.3929,17.328],[103.3929,17.3269],[103.3924,17.3269],[103.3924,17.328],[103.3918,17.328],[103.3918,17.3285],[103.3924,17.3288]]]}},{"type":"Feature","properties":{"kind":"seasonal","area_km2":0.195,"date":"2026-10-08"},"geometry":{"type":"Polygon","coordinates":[[[103.5088,17.7905],[103.5086,17.7889],[103.5071,17.7892],[103.5072,17.7873],[103.5066,17.7867],[103.5052,17.7867],[103.5052,17.7862],[103.5046,17.7859],[103.5044,17.7837],[103.506,17.7837],[103.506,17.7848],[103.5069,17.7854],[103.5072,17.7862],[103.5077,17.7862],[103.5077,17.7854],[103.5086,17.7854],[103.5086,17.7862],[103.5094,17.7862],[103.5105,17.7905],[103.5088,17.7905]],[[103.5049,17.7854],[103.5055,17.7851],[103.5052,17.7843],[103.5046,17.7845],[103.5049,17.7854]]]}},{"type":"Feature","properties":{"kind":"seasonal","area_km2":0.193,"date":"2026-10-08"},"geometry":{"type":"Polygon","coordinates":[[[103.1783,17.7937],[103.1783,17.7932],[103.1766,17.7921],[103.1766,17.7904],[103.1798,17.7888],[103.1817,17.7891],[103.182,17.791],[103.1809,17.7916],[103.1791,17.7937],[103.1783,17.7937]],[[103.1786,17.7921],[103.1789,17.7932],[103.1789,17.7921],[103.1786,17.7921]]]}},{"type":"Feature","properties":{"kind":"seasonal","area_km2":0.192,"date":"2026-10-09"},"geometry":{"type":"Polygon","coordinates":[[[103.9793,17.7589],[103.9791,17.7564],[103.9785,17.7559],[103.9788,17.7521],[103.978,17.7515],[103.9788,17.7485],[103.98,17.7486],[103.9799,17.7526],[103.9805,17.7548],[103.9802,17.7559],[103.9808,17.7564],[103.9808,17.7589],[103.9793,17.7589]]]}},{"type":"Feature","properties":{"kind":"seasonal","area_km2":0.19,"date":"2026-10-08"},"geometry":{"type":"Polygon","coordinates":[[[103.0586,17.2117],[103.0589,17.2103],[103.0594,17.2098],[103.0595,17.2071],[103.06,17.2068],[103.0601,17.206],[103.0615,17.206],[103.0629,17.2077],[103.0628,17.2085],[103.0617,17.2082],[103.0625,17.2109],[103.0608,17.2117],[103.0586,17.2117]],[[103.0606,17.2077],[103.0609,17.2082],[103.0609,17.2077],[103.0606,17.2077]]]}},{"type":"Feature","properties":{"kind":"seasonal","area_km2":0.186,"date":"2026-10-08"},"geometry":{"type":"Polygon","coordinates":[[[103.6256,17.7247],[103.6236,17.7247],[103.6237,17.7239],[103.6239,17.7244],[103.6245,17.7244],[103.6245,17.7236],[103.6234,17.7236],[103.6234,17.7228],[103.6228,17.7228],[103.6225,17.722],[103.6217,17.7214],[103.6217,17.7195],[103.6206,17.7195],[103.6206,17.7211],[103.6194,17.7211],[103.6194,17.7195],[103.6206,17.7187],[103.6209,17.7163],[103.622,17.7155],[103.6229,17.7155],[103.6229,17.7165],[103.6234,17.7171],[103.6234,17.7179],[103.6226,17.7184],[103.6223,17.7198],[103.6225,17.7214],[103.6239,17.7225],[103.6239,17.7231],[103.6256,17.7233],[103.6256,17.7247]],[[103.6209,17.7192],[103.6217,17.7187],[103.6217,17.7179],[103.6209,17.7182],[103.6209,17.7192]]]}},{"type":"Feature","properties":{"kind":"seasonal","area_km2":0.186,"date":"2026-10-08"},"geometry":{"type":"Polygon","coordinates":[[[103.759,17.2091],[103.7581,17.2077],[103.7593,17.2067],[103.7587,17.2053],[103.757,17.205],[103.7567,17.2058],[103.7553,17.2061],[103.7559,17.205],[103.7542,17.2047],[103.7534,17.2036],[103.7534,17.2028],[103.7542,17.2018],[103.7556,17.2015],[103.7559,17.202],[103.7551,17.202],[103.7539,17.2028],[103.7539,17.2039],[103.7545,17.2045],[103.7562,17.2045],[103.7565,17.2039],[103.7576,17.2039],[103.7579,17.2029],[103.759,17.2031],[103.7593,17.2004],[103.7599,17.2004],[103.7599,17.2015],[103.7604,17.2018],[103.7599,17.2029],[103.7604,17.2026],[103.761,17.2029],[103.7593,17.2037],[103.7598,17.2053],[103.7598,17.2088],[103.759,17.2091]],[[103.7559,17.2047],[103.7562,17.205],[103.7562,17.2047],[103.7559,17.2047]]]}},{"type":"Feature","properties":{"kind":"seasonal","area_km2":0.185,"date":"2026-10-08"},"geometry":{"type":"Polygon","coordinates":[[[103.1182,17.8059],[103.1182,17.8042],[103.1174,17.8042],[103.1173,17.8048],[103.1159,17.8048],[103.1162,17.8026],[103.1188,17.8026],[103.1194,17.8024],[103.1191,17.801],[103.1202,17.8007],[103.1202,17.8013],[103.1219,17.8018],[103.1219,17.8027],[103.1205,17.8029],[103.1222,17.8035],[103.1222,17.8043],[103.1205,17.804],[103.1193,17.8059],[103.1182,17.8059]]]}},{"type":"Feature","properties":{"kind":"seasonal","area_km2":0.182,"date":"2026-10-08"},"geometry":{"type":"Polygon","coordinates":[[[103.6915,17.2548],[103.6915,17.254],[103.6907,17.2539],[103.691,17.2521],[103.6898,17.252],[103.6898,17.2507],[103.6893,17.2501],[103.6873,17.2501],[103.687,17.2482],[103.6873,17.2488],[103.6904,17.2485],[103.6907,17.2499],[103.6915,17.2504],[103.6915,17.2518],[103.6932,17.2521],[103.6932,17.2534],[103.6921,17.254],[103.6929,17.254],[103.6935,17.2534],[103.6941,17.2537],[103.6932,17.2548],[103.6915,17.2548]],[[103.6913,17.2518],[103.6915,17.2521],[103.6915,17.2518],[103.6913,17.2518]]]}},{"type":"Feature","properties":{"kind":"seasonal","area_km2":0.18,"date":"2026-10-08"},"geometry":{"type":"Polygon","coordinates":[[[103.6278,17.9579],[103.6293,17.9508],[103.6301,17.9503],[103.6301,17.9495],[103.631,17.9495],[103.6318,17.95],[103.6318,17.9508],[103.6307,17.9516],[103.6309,17.9541],[103.6298,17.9554],[103.6301,17.9568],[103.6292,17.9571],[103.6292,17.9576],[103.6278,17.9579]],[[103.6301,17.9506],[103.6304,17.9508],[103.6304,17.9506],[103.6301,17.9506]]]}},{"type":"Feature","properties":{"kind":"seasonal","area_km2":0.175,"date":"2026-10-08"},"geometry":{"type":"Polygon","coordinates":[[[103.1156,17.9167],[103.1148,17.9151],[103.1136,17.9148],[103.1134,17.9142],[103.1111,17.9137],[103.1111,17.9121],[103.114,17.9124],[103.1151,17.9137],[103.1151,17.9148],[103.1165,17.9148],[103.1165,17.914],[103.1154,17.9137],[103.1154,17.9129],[103.1165,17.9126],[103.1165,17.9132],[103.1179,17.9146],[103.1182,17.9167],[103.1179,17.9162],[103.1159,17.9162],[103.1156,17.9167]],[[103.1165,17.9148],[103.1168,17.9151],[103.1168,17.9148],[103.1165,17.9148]]]}},{"type":"Feature","properties":{"kind":"seasonal","area_km2":0.175,"date":"2026-10-08"},"geometry":{"type":"Polygon","coordinates":[[[103.118,17.7923],[103.1178,17.7915],[103.1166,17.7915],[103.1166,17.7907],[103.1161,17.7904],[103.1158,17.7893],[103.115,17.789],[103.115,17.7885],[103.1144,17.7882],[103.1144,17.7871],[103.1161,17.7869],[103.1164,17.7877],[103.1181,17.7877],[103.1189,17.7883],[103.1192,17.7923],[103.118,17.7923]]]}},{"type":"Feature","properties":{"kind":"seasonal","area_km2":0.173,"date":"2026-10-08"},"geometry":{"type":"Polygon","coordinates":[[[103.1048,17.8982],[103.1051,17.8968],[103.1045,17.8968],[103.1042,17.8973],[103.1036,17.8968],[103.1056,17.8965],[103.1056,17.8955],[103.1051,17.8955],[103.1054,17.8946],[103.1039,17.8944],[103.1042,17.8933],[103.1057,17.8936],[103.1054,17.8928],[103.1045,17.8925],[103.1048,17.8906],[103.1051,17.8914],[103.106,17.8914],[103.106,17.8925],[103.1065,17.8925],[103.1065,17.8933],[103.1085,17.8933],[103.1088,17.8925],[103.1105,17.8925],[103.1105,17.8933],[103.1085,17.8936],[103.1085,17.8941],[103.1062,17.8949],[103.1059,17.8966],[103.107,17.8966],[103.107,17.8976],[103.1048,17.8982]],[[103.1042,17.8941],[103.1045,17.8944],[103.1045,17.8941],[103.1042,17.8941]]]}},{"type":"Feature","properties":{"kind":"seasonal","area_km2":0.172,"date":"2026-10-08"},"geometry":{"type":"Polygon","coordinates":[[[103.1248,17.7455],[103.1233,17.7452],[103.1234,17.7433],[103.1222,17.7425],[103.1223,17.7414],[103.1248,17.7414],[103.1245,17.739],[103.1257,17.7387],[103.1265,17.7423],[103.1262,17.7433],[103.1253,17.7433],[103.1248,17.7455]]]}},{"type":"Feature","properties":{"kind":"seasonal","area_km2":0.171,"date":"2026-10-08"},"geometry":{"type":"Polygon","coordinates":[[[103.2231,17.731],[103.2225,17.7304],[103.2202,17.7307],[103.22,17.7296],[103.2211,17.729],[103.2211,17.7282],[103.222,17.7274],[103.2253,17.7277],[103.2259,17.7299],[103.225,17.7299],[103.2242,17.731],[103.2231,17.731]]]}},{"type":"Feature","properties":{"kind":"seasonal","area_km2":0.168,"date":"2026-10-08"},"geometry":{"type":"Polygon","coordinates":[[[103.0912,17.894],[103.0909,17.8934],[103.0895,17.8931],[103.0895,17.8918],[103.0915,17.8918],[103.0915,17.8913],[103.0941,17.8907],[103.0958,17.891],[103.0955,17.8935],[103.0912,17.894]]]}},{"type":"Feature","properties":{"kind":"seasonal","area_km2":0.167,"date":"2026-10-08"},"geometry":{"type":"Polygon","coordinates":[[[103.4056,17.5916],[103.4056,17.5907],[103.4042,17.5907],[103.4039,17.5902],[103.4039,17.5894],[103.4048,17.5894],[103.4048,17.5888],[103.4039,17.588],[103.4039,17.5872],[103.4054,17.5872],[103.4059,17.5883],[103.4068,17.5883],[103.407,17.5878],[103.4065,17.5875],[103.4065,17.5867],[103.4079,17.5864],[103.4079,17.5878],[103.4085,17.5881],[103.4084,17.5902],[103.4081,17.5908],[103.4067,17.5905],[103.4064,17.5916],[103.4056,17.5916]],[[103.4059,17.5905],[103.4065,17.5905],[103.4065,17.5894],[103.4059,17.5894],[103.4059,17.5905]]]}},{"type":"Feature","properties":{"kind":"seasonal","area_km2":0.165,"date":"2026-10-08"},"geometry":{"type":"Polygon","coordinates":[[[103.1186,17.7685],[103.1149,17.7682],[103.1149,17.7676],[103.1183,17.7677],[103.1166,17.7671],[103.1166,17.7649],[103.1172,17.7644],[103.1186,17.7644],[103.1186,17.7639],[103.1206,17.7642],[103.1206,17.7663],[103.1192,17.7671],[103.1191,17.7679],[103.1186,17.7685]]]}},{"type":"Feature","properties":{"kind":"seasonal","area_km2":0.162,"date":"2026-10-08"},"geometry":{"type":"Polygon","coordinates":[[[103.5979,17.6226],[103.5979,17.6215],[103.5973,17.6207],[103.5959,17.6207],[103.5959,17.6215],[103.5931,17.6215],[103.5928,17.6204],[103.5939,17.6198],[103.5951,17.6188],[103.5951,17.6182],[103.5976,17.6174],[103.599,17.6163],[103.5999,17.6163],[103.5999,17.6169],[103.5987,17.6169],[103.5979,17.6177],[103.5979,17.6185],[103.5968,17.6182],[103.5965,17.6188],[103.5956,17.6188],[103.5965,17.6193],[103.5965,17.6198],[103.5956,17.6201],[103.5973,17.6199],[103.5984,17.6201],[103.5984,17.6209],[103.599,17.621],[103.599,17.6226],[103.5979,17.6226]]]}},{"type":"Feature","properties":{"kind":"seasonal","area_km2":0.158,"date":"2026-10-09"},"geometry":{"type":"Polygon","coordinates":[[[103.981,17.6575],[103.9811,17.6558],[103.9816,17.6553],[103.9813,17.6542],[103.9822,17.6534],[103.9831,17.6534],[103.9836,17.6545],[103.9873,17.654],[103.9873,17.655],[103.9864,17.6561],[103.9836,17.6556],[103.9825,17.6575],[103.981,17.6575]]]}},{"type":"Feature","properties":{"kind":"seasonal","area_km2":0.157,"date":"2026-10-08"},"geometry":{"type":"Polygon","coordinates":[[[103.481,17.1909],[103.4804,17.1904],[103.4804,17.1893],[103.481,17.189],[103.481,17.1885],[103.4802,17.1874],[103.4799,17.1847],[103.4802,17.1823],[103.4816,17.1825],[103.4813,17.1847],[103.4822,17.1855],[103.4822,17.1863],[103.4813,17.1871],[103.4819,17.1874],[103.4824,17.1904],[103.4821,17.1909],[103.481,17.1909]]]}},{"type":"Feature","properties":{"kind":"seasonal","area_km2":0.156,"date":"2026-10-08"},"geometry":{"type":"Polygon","coordinates":[[[103.0856,17.8595],[103.0854,17.8584],[103.0837,17.8584],[103.0837,17.8578],[103.0831,17.8576],[103.0831,17.8568],[103.0848,17.8565],[103.0848,17.8557],[103.0843,17.8557],[103.0843,17.8551],[103.0829,17.8538],[103.0826,17.8513],[103.0821,17.8511],[103.0823,17.85],[103.0829,17.8505],[103.0829,17.8513],[103.0835,17.8513],[103.0834,17.8532],[103.0843,17.8535],[103.0843,17.8527],[103.0837,17.8524],[103.084,17.8519],[103.0843,17.8524],[103.0849,17.8524],[103.0851,17.8541],[103.0857,17.8543],[103.0857,17.8549],[103.0848,17.8551],[103.0857,17.8565],[103.0857,17.8579],[103.0868,17.8581],[103.0865,17.8592],[103.0856,17.8595]],[[103.0837,17.857],[103.084,17.8573],[103.084,17.857],[103.0837,17.857]]]}},{"type":"Feature","properties":{"kind":"seasonal","area_km2":0.154,"date":"2026-10-08"},"geometry":{"type":"Polygon","coordinates":[[[103.6673,17.3983],[103.6676,17.3964],[103.6665,17.3956],[103.6665,17.3945],[103.6646,17.3934],[103.6646,17.3926],[103.6657,17.3921],[103.6654,17.3896],[103.6666,17.3896],[103.6666,17.3904],[103.6682,17.3918],[103.6702,17.3918],[103.6699,17.3951],[103.6694,17.3923],[103.6677,17.3921],[103.6671,17.3923],[103.6671,17.3929],[103.6665,17.3929],[103.6665,17.3937],[103.6674,17.3942],[103.6674,17.3956],[103.6682,17.3964],[103.6679,17.3983],[103.6673,17.3983]]]}},{"type":"Feature","properties":{"kind":"seasonal","area_km2":0.152,"date":"2026-10-08"},"geometry":{"type":"Polygon","coordinates":[[[103.351,17.7779],[103.3513,17.7771],[103.3522,17.7771],[103.3525,17.776],[103.3539,17.776],[103.3539,17.7749],[103.3548,17.7738],[103.357,17.7741],[103.357,17.7736],[103.3576,17.7733],[103.3599,17.7734],[103.3596,17.7739],[103.3582,17.7739],[103.3579,17.7747],[103.3562,17.7747],[103.3559,17.7758],[103.3564,17.7758],[103.3573,17.7777],[103.3567,17.7771],[103.3553,17.7774],[103.3559,17.7768],[103.3556,17.7763],[103.3542,17.7779],[103.3536,17.7774],[103.353,17.7776],[103.353,17.7771],[103.3525,17.7771],[103.3519,17.7779],[103.351,17.7779]]]}},{"type":"Feature","properties":{"kind":"seasonal","area_km2":0.152,"date":"2026-10-08"},"geometry":{"type":"Polygon","coordinates":[[[103.3978,17.607],[103.3987,17.6023],[103.4004,17.6024],[103.401,17.6021],[103.401,17.6013],[103.4021,17.6013],[103.4027,17.6018],[103.4027,17.6035],[103.4015,17.6035],[103.4015,17.6026],[103.4007,17.6024],[103.4007,17.6029],[103.4013,17.6032],[103.4012,17.6043],[103.4001,17.6048],[103.3998,17.6067],[103.3978,17.607]]]}},{"type":"Feature","properties":{"kind":"seasonal","area_km2":0.151,"date":"2026-10-08"},"geometry":{"type":"Polygon","coordinates":[[[103.5864,17.9676],[103.5861,17.9652],[103.5853,17.9654],[103.5853,17.9662],[103.5858,17.9665],[103.5852,17.9665],[103.585,17.9673],[103.5844,17.9665],[103.5844,17.9654],[103.585,17.9649],[103.5847,17.963],[103.5853,17.9624],[103.5864,17.9624],[103.5867,17.963],[103.5881,17.9633],[103.5887,17.9638],[103.5887,17.9649],[103.5872,17.966],[103.5867,17.9671],[103.5869,17.9676],[103.5864,17.9676]]]}},{"type":"Feature","properties":{"kind":"seasonal","area_km2":0.151,"date":"2026-10-08"},"geometry":{"type":"Polygon","coordinates":[[[103.4042,17.6905],[103.4042,17.6889],[103.403,17.6889],[103.4036,17.6872],[103.405,17.687],[103.4053,17.6859],[103.4079,17.6859],[103.4084,17.6875],[103.4062,17.6881],[103.4061,17.6894],[103.4056,17.6894],[103.405,17.6905],[103.4042,17.6905]]]}},{"type":"Feature","properties":{"kind":"seasonal","area_km2":0.15,"date":"2026-10-08"},"geometry":{"type":"Polygon","coordinates":[[[103.4058,17.6653],[103.4058,17.6634],[103.4052,17.6634],[103.4044,17.6623],[103.4041,17.6601],[103.4027,17.6599],[103.4027,17.6593],[103.4019,17.6593],[103.4019,17.6585],[103.4044,17.6582],[103.405,17.6596],[103.4056,17.6593],[103.4056,17.6585],[103.4064,17.6585],[103.4064,17.661],[103.4058,17.6615],[103.4058,17.6626],[103.4061,17.6634],[103.4067,17.6634],[103.4066,17.6653],[103.4058,17.6653]]]}},{"type":"Feature","properties":{"kind":"seasonal","area_km2":0.15,"date":"2026-10-08"},"geometry":{"type":"Polygon","coordinates":[[[103.7308,17.2423],[103.7294,17.242],[103.7294,17.2415],[103.7277,17.2409],[103.7277,17.2401],[103.7269,17.2401],[103.7266,17.2379],[103.7289,17.2377],[103.7311,17.2388],[103.7314,17.2398],[103.7328,17.2398],[103.7337,17.2409],[103.7353,17.2415],[103.7339,17.2418],[103.7336,17.2412],[103.7311,17.2406],[103.7297,17.2393],[103.7283,17.239],[103.728,17.2401],[103.7289,17.2409],[103.7308,17.2415],[103.7308,17.2423]]]}},{"type":"Feature","properties":{"kind":"seasonal","area_km2":0.149,"date":"2026-10-08"},"geometry":{"type":"Polygon","coordinates":[[[103.9434,17.8099],[103.942,17.8085],[103.942,17.8075],[103.9428,17.8072],[103.9428,17.8056],[103.944,17.8058],[103.9443,17.8075],[103.9448,17.8077],[103.9457,17.8077],[103.9457,17.8069],[103.9471,17.8072],[103.9471,17.8091],[103.9445,17.8094],[103.9445,17.8099],[103.9434,17.8099]]]}},{"type":"Feature","properties":{"kind":"seasonal","area_km2":0.148,"date":"2026-10-08"},"geometry":{"type":"Polygon","coordinates":[[[103.9588,17.7406],[103.9565,17.7387],[103.9565,17.7381],[103.9557,17.7373],[103.9557,17.7362],[103.9588,17.7365],[103.9605,17.7376],[103.9605,17.7381],[103.9611,17.7384],[103.9608,17.7398],[103.9599,17.7406],[103.9588,17.7406]],[[103.9594,17.7403],[103.9599,17.74],[103.9602,17.7387],[103.9594,17.739],[103.9594,17.7384],[103.9585,17.7384],[103.9585,17.7398],[103.9591,17.7398],[103.9594,17.7403]],[[103.9602,17.7384],[103.9608,17.7387],[103.9608,17.7384],[103.9602,17.7384]]]}},{"type":"Feature","properties":{"kind":"seasonal","area_km2":0.147,"date":"2026-10-08"},"geometry":{"type":"Polygon","coordinates":[[[103.736,17.2691],[103.736,17.2683],[103.7366,17.2683],[103.7366,17.2678],[103.7377,17.2673],[103.7377,17.2667],[103.7383,17.2681],[103.7397,17.2681],[103.7402,17.2675],[103.7405,17.2659],[103.7431,17.264],[103.7442,17.264],[103.7442,17.2654],[103.7456,17.2657],[103.7462,17.2665],[103.7456,17.2681],[103.7456,17.267],[103.7436,17.2668],[103.7436,17.2654],[103.7431,17.2651],[103.7425,17.2657],[103.7414,17.2657],[103.7414,17.2665],[103.7408,17.2665],[103.7402,17.2686],[103.738,17.2686],[103.7371,17.2692],[103.736,17.2691]]]}},{"type":"Feature","properties":{"kind":"seasonal","area_km2":0.146,"date":"2026-10-08"},"geometry":{"type":"Polygon","coordinates":[[[103.5406,17.6365],[103.5401,17.6357],[103.5381,17.6351],[103.5378,17.6343],[103.537,17.6343],[103.5364,17.6349],[103.5364,17.6338],[103.5358,17.6349],[103.5356,17.6335],[103.5367,17.6332],[103.537,17.6338],[103.5398,17.6338],[103.5401,17.6346],[103.5409,17.6346],[103.5409,17.6352],[103.5415,17.6352],[103.5421,17.6346],[103.5421,17.6338],[103.5426,17.6336],[103.5424,17.6308],[103.5429,17.6308],[103.5435,17.6317],[103.5429,17.6355],[103.5423,17.6355],[103.5418,17.6365],[103.5406,17.6365]]]}},{"type":"Feature","properties":{"kind":"seasonal","area_km2":0.144,"date":"2026-10-08"},"geometry":{"type":"Polygon","coordinates":[[[103.4064,17.7198],[103.4059,17.7192],[103.4065,17.7136],[103.4093,17.7136],[103.4107,17.7149],[103.4107,17.7166],[103.4102,17.7168],[103.4101,17.7179],[103.4096,17.7171],[103.4099,17.7152],[103.4085,17.7152],[103.4082,17.7144],[103.4076,17.7144],[103.4076,17.7152],[103.4068,17.7152],[103.4068,17.716],[103.4073,17.7163],[103.407,17.7184],[103.4062,17.719],[103.4081,17.7193],[103.4096,17.7187],[103.4096,17.7193],[103.4064,17.7198]]]}},{"type":"Feature","properties":{"kind":"seasonal","area_km2":0.144,"date":"2026-10-08"},"geometry":{"type":"Polygon","coordinates":[[[103.7324,17.2111],[103.7316,17.2049],[103.7311,17.2043],[103.7302,17.2043],[103.73,17.2024],[103.7311,17.2024],[103.7311,17.2032],[103.7305,17.2035],[103.7311,17.204],[103.7322,17.2041],[103.7325,17.2076],[103.7333,17.2081],[103.7342,17.2065],[103.7342,17.2014],[103.7348,17.2014],[103.7344,17.2084],[103.7339,17.2087],[103.7339,17.2095],[103.7333,17.2095],[103.733,17.2111],[103.7324,17.2111]]]}},{"type":"Feature","properties":{"kind":"seasonal","area_km2":0.142,"date":"2026-10-08"},"geometry":{"type":"Polygon","coordinates":[[[103.1739,17.8335],[103.1739,17.8321],[103.1745,17.8322],[103.1745,17.8316],[103.1731,17.8316],[103.1728,17.8289],[103.174,17.8294],[103.1737,17.8284],[103.1745,17.8284],[103.1751,17.8292],[103.1757,17.8292],[103.176,17.8286],[103.1759,17.8308],[103.1779,17.8308],[103.1779,17.8319],[103.1754,17.8319],[103.1748,17.8324],[103.1748,17.8335],[103.1739,17.8335]]]}},{"type":"Feature","properties":{"kind":"seasonal","area_km2":0.141,"date":"2026-10-08"},"geometry":{"type":"Polygon","coordinates":[[[103.2874,17.6849],[103.2869,17.6841],[103.2869,17.6816],[103.286,17.6816],[103.286,17.6808],[103.2872,17.6808],[103.2872,17.6814],[103.288,17.6814],[103.2883,17.6808],[103.2906,17.6814],[103.2906,17.6822],[103.29,17.6822],[103.2897,17.6844],[103.2891,17.6849],[103.2874,17.6849]],[[103.288,17.6825],[103.2883,17.6827],[103.2883,17.6825],[103.288,17.6825]],[[103.2889,17.6822],[103.2891,17.6825],[103.2891,17.6822],[103.2889,17.6822]]]}},{"type":"Feature","properties":{"kind":"seasonal","area_km2":0.14,"date":"2026-10-08"},"geometry":{"type":"Polygon","coordinates":[[[103.1473,17.8102],[103.1456,17.8094],[103.1456,17.808],[103.1467,17.808],[103.147,17.807],[103.1476,17.807],[103.1473,17.8059],[103.1459,17.8059],[103.1462,17.8045],[103.1471,17.8045],[103.147,17.8056],[103.1496,17.8056],[103.1496,17.8062],[103.1485,17.8062],[103.1485,17.8067],[103.149,17.807],[103.1487,17.81],[103.1473,17.8102]],[[103.147,17.8083],[103.1473,17.8086],[103.1473,17.8083],[103.147,17.8083]],[[103.1473,17.808],[103.1479,17.8083],[103.1479,17.8081],[103.1473,17.808]]]}},{"type":"Feature","properties":{"kind":"seasonal","area_km2":0.139,"date":"2026-10-08"},"geometry":{"type":"Polygon","coordinates":[[[103.1081,17.8483],[103.1073,17.8475],[103.1053,17.8469],[103.1059,17.8448],[103.1093,17.8448],[103.109,17.8462],[103.1095,17.847],[103.1095,17.8481],[103.1081,17.8483]]]}},{"type":"Feature","properties":{"kind":"seasonal","area_km2":0.138,"date":"2026-10-08"},"geometry":{"type":"Polygon","coordinates":[[[103.3464,17.3211],[103.3464,17.3205],[103.3453,17.3197],[103.3433,17.32],[103.3422,17.3197],[103.3422,17.3191],[103.3414,17.3183],[103.3405,17.3186],[103.3408,17.318],[103.3419,17.3181],[103.3431,17.3192],[103.3453,17.3189],[103.3462,17.3194],[103.3462,17.3184],[103.3445,17.3184],[103.3439,17.3175],[103.3425,17.317],[103.342,17.3159],[103.3414,17.3159],[103.3414,17.314],[103.3431,17.3137],[103.342,17.3143],[103.3417,17.3151],[103.3448,17.3181],[103.347,17.3176],[103.3467,17.3186],[103.347,17.3197],[103.3476,17.32],[103.3476,17.3211],[103.3464,17.3211]]]}},{"type":"Feature","properties":{"kind":"seasonal","area_km2":0.136,"date":"2026-10-08"},"geometry":{"type":"Polygon","coordinates":[[[103.6279,17.0806],[103.6256,17.0803],[103.6256,17.0797],[103.6265,17.0789],[103.6277,17.0759],[103.6293,17.0757],[103.6293,17.0765],[103.6288,17.0768],[103.6288,17.0773],[103.6296,17.0776],[103.629,17.0797],[103.6285,17.0797],[103.6285,17.0803],[103.6279,17.0806]]]}},{"type":"Feature","properties":{"kind":"seasonal","area_km2":0.135,"date":"2026-10-08"},"geometry":{"type":"Polygon","coordinates":[[[103.863,17.4928],[103.863,17.492],[103.8616,17.4898],[103.8616,17.4884],[103.8628,17.4882],[103.8639,17.4868],[103.8647,17.4868],[103.8653,17.4882],[103.8639,17.4879],[103.8633,17.489],[103.8639,17.4895],[103.8639,17.4912],[103.8647,17.4912],[103.8653,17.4898],[103.8659,17.4898],[103.8659,17.4912],[103.8639,17.4922],[103.8639,17.4928],[103.863,17.4928]]]}},{"type":"Feature","properties":{"kind":"seasonal","area_km2":0.131,"date":"2026-10-09"},"geometry":{"type":"Polygon","coordinates":[[[103.9698,17.5923],[103.9684,17.592],[103.9681,17.591],[103.9659,17.5909],[103.9659,17.5896],[103.967,17.5893],[103.9676,17.5885],[103.9701,17.5891],[103.9701,17.5904],[103.971,17.5904],[103.971,17.5918],[103.9698,17.5923]],[[103.9693,17.5904],[103.9695,17.5907],[103.9696,17.5904],[103.9693,17.5904]],[[103.9684,17.5899],[103.9687,17.5904],[103.9687,17.5899],[103.9684,17.5899]]]}},{"type":"Feature","properties":{"kind":"seasonal","area_km2":0.131,"date":"2026-10-08"},"geometry":{"type":"Polygon","coordinates":[[[103.5952,17.8861],[103.5933,17.8855],[103.5933,17.8833],[103.5938,17.8831],[103.5941,17.8844],[103.5947,17.8839],[103.5967,17.8842],[103.5964,17.8828],[103.5958,17.8828],[103.5958,17.8815],[103.5964,17.8804],[103.597,17.8804],[103.5967,17.8796],[103.5973,17.8793],[103.5973,17.8788],[103.5967,17.8793],[103.5958,17.8793],[103.5959,17.8787],[103.5964,17.8782],[103.5981,17.8782],[103.5981,17.879],[103.5973,17.8798],[103.5972,17.8839],[103.5969,17.8844],[103.5952,17.885],[103.5952,17.8861]],[[103.5973,17.8785],[103.5976,17.8788],[103.5976,17.8785],[103.5973,17.8785]]]}},{"type":"Feature","properties":{"kind":"seasonal","area_km2":0.131,"date":"2026-10-09"},"geometry":{"type":"Polygon","coordinates":[[[103.9488,17.5654],[103.9477,17.5635],[103.9468,17.5635],[103.9454,17.5626],[103.9451,17.5613],[103.948,17.5613],[103.9488,17.5624],[103.9499,17.5627],[103.9502,17.5651],[103.9488,17.5654]]]}},{"type":"Feature","properties":{"kind":"seasonal","area_km2":0.13,"date":"2026-10-08"},"geometry":{"type":"Polygon","coordinates":[[[103.462,17.605],[103.462,17.6031],[103.4634,17.6026],[103.4635,17.602],[103.4643,17.6015],[103.4646,17.598],[103.4663,17.5977],[103.4663,17.5999],[103.4654,17.601],[103.4654,17.6018],[103.464,17.6029],[103.4631,17.6048],[103.462,17.605]]]}},{"type":"Feature","properties":{"kind":"seasonal","area_km2":0.129,"date":"2026-10-08"},"geometry":{"type":"Polygon","coordinates":[[[103.2629,17.7313],[103.2629,17.7302],[103.2624,17.7294],[103.2624,17.724],[103.2641,17.7243],[103.265,17.7232],[103.2656,17.7235],[103.2659,17.7221],[103.2667,17.7221],[103.2667,17.7227],[103.2658,17.7229],[103.2655,17.7248],[103.2644,17.7259],[103.2638,17.7259],[103.2638,17.727],[103.2633,17.727],[103.2635,17.7286],[103.263,17.7291],[103.2635,17.7291],[103.2635,17.73],[103.2629,17.7313]]]}},{"type":"Feature","properties":{"kind":"seasonal","area_km2":0.128,"date":"2026-10-08"},"geometry":{"type":"Polygon","coordinates":[[[103.7213,17.6755],[103.7213,17.6749],[103.7205,17.6741],[103.7196,17.6741],[103.7188,17.673],[103.7177,17.673],[103.7179,17.6716],[103.7188,17.6716],[103.7191,17.6725],[103.7208,17.6725],[103.7222,17.6711],[103.723,17.6717],[103.723,17.6725],[103.7225,17.6728],[103.7224,17.6749],[103.7222,17.6755],[103.7213,17.6755]]]}},{"type":"Feature","properties":{"kind":"seasonal","area_km2":0.126,"date":"2026-10-08"},"geometry":{"type":"Polygon","coordinates":[[[103.7769,17.1889],[103.7772,17.1867],[103.7766,17.1867],[103.7761,17.1853],[103.7746,17.1853],[103.7744,17.1843],[103.7761,17.1843],[103.7766,17.1859],[103.7772,17.1859],[103.778,17.1848],[103.7783,17.1856],[103.78,17.1859],[103.7797,17.1886],[103.7791,17.1881],[103.7777,17.1881],[103.7774,17.1889],[103.7769,17.1889]]]}},{"type":"Feature","properties":{"kind":"seasonal","area_km2":0.126,"date":"2026-10-09"},"geometry":{"type":"Polygon","coordinates":[[[103.9875,17.0943],[103.987,17.0935],[103.9873,17.0924],[103.9867,17.0919],[103.9867,17.0903],[103.9878,17.0905],[103.9875,17.093],[103.9881,17.0935],[103.9881,17.0924],[103.9892,17.0922],[103.989,17.0911],[103.9904,17.0911],[103.9907,17.0919],[103.9921,17.0914],[103.9907,17.0911],[103.9915,17.0903],[103.9904,17.09],[103.9904,17.0892],[103.9926,17.0906],[103.9926,17.0916],[103.9918,17.0919],[103.9918,17.0927],[103.9901,17.0924],[103.9887,17.0935],[103.9884,17.0943],[103.9875,17.0943]],[[103.9878,17.0935],[103.9881,17.0941],[103.9881,17.0935],[103.9878,17.0935]]]}},{"type":"Feature","properties":{"kind":"seasonal","area_km2":0.124,"date":"2026-10-08"},"geometry":{"type":"Polygon","coordinates":[[[103.3391,17.3137],[103.3386,17.3129],[103.3377,17.3129],[103.3378,17.3123],[103.3394,17.3129],[103.3423,17.3126],[103.3431,17.3121],[103.3437,17.3102],[103.3448,17.31],[103.3451,17.3091],[103.346,17.3086],[103.3474,17.3086],[103.3474,17.3092],[103.3462,17.3094],[103.346,17.3102],[103.3442,17.3116],[103.3442,17.3127],[103.3434,17.3137],[103.3431,17.3132],[103.3391,17.3137]],[[103.3431,17.3129],[103.3434,17.3132],[103.3434,17.3129],[103.3431,17.3129]]]}},{"type":"Feature","properties":{"kind":"seasonal","area_km2":0.123,"date":"2026-10-08"},"geometry":{"type":"Polygon","coordinates":[[[103.9087,17.9792],[103.9087,17.9762],[103.9078,17.9756],[103.9073,17.9745],[103.9067,17.9745],[103.9067,17.9737],[103.911,17.9748],[103.911,17.9759],[103.9098,17.977],[103.9101,17.9786],[103.9095,17.9792],[103.9087,17.9792]],[[103.9081,17.9754],[103.9084,17.9756],[103.9084,17.9754],[103.9081,17.9754]],[[103.909,17.9751],[103.9093,17.9754],[103.9093,17.9751],[103.909,17.9751]]]}},{"type":"Feature","properties":{"kind":"seasonal","area_km2":0.123,"date":"2026-10-08"},"geometry":{"type":"Polygon","coordinates":[[[103.7024,17.2741],[103.7021,17.2733],[103.7007,17.2733],[103.7007,17.2727],[103.6996,17.2719],[103.6965,17.2721],[103.6962,17.2727],[103.6954,17.2708],[103.697,17.2703],[103.6979,17.2713],[103.6999,17.2711],[103.7001,17.2719],[103.701,17.2719],[103.7015,17.2727],[103.7021,17.2727],[103.7021,17.2719],[103.7016,17.2719],[103.7016,17.2714],[103.7021,17.2714],[103.7032,17.2722],[103.7035,17.273],[103.7035,17.2741],[103.7024,17.2741]]]}},{"type":"Feature","properties":{"kind":"seasonal","area_km2":0.123,"date":"2026-10-08"},"geometry":{"type":"Polygon","coordinates":[[[103.6933,17.2477],[103.6933,17.2472],[103.6921,17.2469],[103.6919,17.2464],[103.6879,17.2466],[103.6879,17.2461],[103.6873,17.2463],[103.6871,17.245],[103.6882,17.2447],[103.6893,17.2458],[103.6904,17.2458],[103.691,17.245],[103.6919,17.245],[103.6924,17.2461],[103.6938,17.2461],[103.6944,17.245],[103.6953,17.245],[103.6955,17.2461],[103.6947,17.2461],[103.6944,17.2477],[103.6933,17.2477]]]}},{"type":"Feature","properties":{"kind":"seasonal","area_km2":0.122,"date":"2026-10-08"},"geometry":{"type":"Polygon","coordinates":[[[103.3885,17.8273],[103.3879,17.827],[103.3877,17.8259],[103.3865,17.8253],[103.3866,17.8245],[103.3849,17.824],[103.3846,17.8234],[103.3835,17.8234],[103.3832,17.8242],[103.3815,17.8253],[103.3806,17.8253],[103.3806,17.8245],[103.3815,17.8245],[103.3823,17.8237],[103.3823,17.8229],[103.3846,17.8226],[103.3852,17.8234],[103.386,17.8234],[103.386,17.8229],[103.3866,17.8229],[103.3874,17.8235],[103.3874,17.8245],[103.3888,17.8254],[103.3885,17.8273]]]}},{"type":"Feature","properties":{"kind":"seasonal","area_km2":0.122,"date":"2026-10-08"},"geometry":{"type":"Polygon","coordinates":[[[103.6463,17.1512],[103.6463,17.1493],[103.65,17.149],[103.6508,17.1482],[103.6505,17.1471],[103.6519,17.1477],[103.6519,17.1496],[103.6511,17.1507],[103.648,17.1501],[103.6474,17.1512],[103.6463,17.1512]]]}},{"type":"Feature","properties":{"kind":"seasonal","area_km2":0.121,"date":"2026-10-08"},"geometry":{"type":"Polygon","coordinates":[[[103.0561,17.9224],[103.0538,17.9221],[103.0538,17.9202],[103.0547,17.921],[103.0547,17.9215],[103.0558,17.9215],[103.0558,17.9205],[103.055,17.9204],[103.0547,17.9196],[103.0541,17.9199],[103.0539,17.9193],[103.0533,17.9193],[103.053,17.9202],[103.051,17.9201],[103.051,17.9193],[103.0525,17.9174],[103.0544,17.9177],[103.0544,17.9183],[103.0539,17.9185],[103.0547,17.9185],[103.0547,17.9191],[103.0564,17.9205],[103.0561,17.9224]],[[103.0524,17.9193],[103.053,17.9196],[103.053,17.9193],[103.0524,17.9193]],[[103.0522,17.9191],[103.0524,17.9193],[103.0524,17.9191],[103.0522,17.9191]],[[103.0541,17.9188],[103.0544,17.9194],[103.0544,17.9188],[103.0541,17.9188]]]}},{"type":"Feature","properties":{"kind":"seasonal","area_km2":0.121,"date":"2026-10-08"},"geometry":{"type":"Polygon","coordinates":[[[103.1297,17.7312],[103.1269,17.7309],[103.1269,17.7284],[103.1275,17.7279],[103.1275,17.7268],[103.1292,17.7268],[103.1298,17.7276],[103.1297,17.729],[103.1286,17.729],[103.1286,17.7295],[103.13,17.7298],[103.13,17.7306],[103.1297,17.7312]]]}},{"type":"Feature","properties":{"kind":"seasonal","area_km2":0.121,"date":"2026-10-08"},"geometry":{"type":"Polygon","coordinates":[[[103.4149,17.5908],[103.4149,17.5895],[103.4141,17.5884],[103.4141,17.5859],[103.415,17.5859],[103.4152,17.5878],[103.4158,17.5884],[103.4172,17.5884],[103.4175,17.5876],[103.4186,17.5881],[103.4186,17.589],[103.4178,17.5898],[103.4172,17.5898],[103.4161,17.5908],[103.4149,17.5908]]]}},{"type":"Feature","properties":{"kind":"seasonal","area_km2":0.119,"date":"2026-10-08"},"geometry":{"type":"Polygon","coordinates":[[[103.7083,17.638],[103.7066,17.6374],[103.7055,17.6374],[103.7055,17.6355],[103.7041,17.6344],[103.7021,17.6352],[103.7027,17.6341],[103.7044,17.6336],[103.7049,17.6339],[103.7052,17.635],[103.7063,17.6358],[103.7063,17.6366],[103.7069,17.6366],[103.7069,17.6339],[103.7061,17.6325],[103.7064,17.6312],[103.7072,17.632],[103.7072,17.6344],[103.7077,17.6347],[103.7077,17.6369],[103.7083,17.6371],[103.7083,17.638]]]}},{"type":"Feature","properties":{"kind":"seasonal","area_km2":0.119,"date":"2026-10-08"},"geometry":{"type":"Polygon","coordinates":[[[103.4449,17.42],[103.445,17.4168],[103.4436,17.4154],[103.443,17.4154],[103.4424,17.4143],[103.4433,17.4143],[103.4436,17.4148],[103.4444,17.4148],[103.445,17.4154],[103.4464,17.4154],[103.4472,17.4168],[103.4478,17.4189],[103.4466,17.42],[103.4449,17.42]],[[103.4461,17.4197],[103.4469,17.4192],[103.4466,17.4176],[103.4461,17.4176],[103.4461,17.4189],[103.4455,17.4189],[103.4461,17.4192],[103.4461,17.4197]],[[103.4458,17.4173],[103.4467,17.4173],[103.4467,17.417],[103.4464,17.4168],[103.4458,17.4168],[103.4458,17.4173]],[[103.4452,17.4159],[103.4458,17.4168],[103.4458,17.4159],[103.4452,17.4159]],[[103.4461,17.4159],[103.4464,17.4162],[103.4464,17.4159],[103.4461,17.4159]]]}},{"type":"Feature","properties":{"kind":"seasonal","area_km2":0.119,"date":"2026-10-08"},"geometry":{"type":"Polygon","coordinates":[[[103.742,17.2944],[103.7401,17.2941],[103.7401,17.2914],[103.7407,17.2895],[103.7412,17.2895],[103.7404,17.292],[103.7406,17.2933],[103.7426,17.2933],[103.7429,17.2925],[103.7435,17.2925],[103.7443,17.2909],[103.7452,17.2904],[103.7455,17.2885],[103.7443,17.2874],[103.746,17.2876],[103.7463,17.2901],[103.7457,17.2909],[103.7449,17.2912],[103.7449,17.292],[103.7443,17.292],[103.7437,17.2936],[103.7429,17.2933],[103.7429,17.2939],[103.742,17.2939],[103.742,17.2944]]]}},{"type":"Feature","properties":{"kind":"seasonal","area_km2":0.118,"date":"2026-10-08"},"geometry":{"type":"Polygon","coordinates":[[[103.5922,17.9771],[103.5923,17.9763],[103.5917,17.976],[103.5923,17.9752],[103.5931,17.975],[103.592,17.9747],[103.592,17.9739],[103.5914,17.9741],[103.5909,17.9733],[103.5914,17.9733],[103.5917,17.9722],[103.5931,17.9723],[103.594,17.9739],[103.5937,17.975],[103.5948,17.975],[103.5948,17.9769],[103.5922,17.9771]],[[103.5934,17.9752],[103.5937,17.9761],[103.5942,17.9752],[103.5934,17.9752]]]}},{"type":"Feature","properties":{"kind":"seasonal","area_km2":0.118,"date":"2026-10-09"},"geometry":{"type":"Polygon","coordinates":[[[103.9636,17.5991],[103.963,17.5985],[103.961,17.5982],[103.9582,17.5982],[103.9573,17.5988],[103.9562,17.5988],[103.9562,17.5974],[103.9605,17.5966],[103.9624,17.5972],[103.9624,17.5966],[103.963,17.5966],[103.9636,17.5972],[103.9627,17.5977],[103.9619,17.5974],[103.9619,17.598],[103.9636,17.5983],[103.9641,17.5988],[103.9636,17.5991]]]}},{"type":"Feature","properties":{"kind":"seasonal","area_km2":0.117,"date":"2026-10-08"},"geometry":{"type":"Polygon","coordinates":[[[103.9788,17.8052],[103.9785,17.8033],[103.9777,17.8033],[103.9777,17.8025],[103.9785,17.8022],[103.9785,17.8001],[103.9794,17.8001],[103.9797,17.8011],[103.9802,17.8012],[103.9805,17.8022],[103.9814,17.8028],[103.9814,17.8036],[103.9797,17.8036],[103.9796,17.8052],[103.9788,17.8052]]]}},{"type":"Feature","properties":{"kind":"seasonal","area_km2":0.115,"date":"2026-10-08"},"geometry":{"type":"Polygon","coordinates":[[[103.5931,17.8638],[103.5926,17.8633],[103.5929,17.8606],[103.5932,17.8597],[103.5943,17.8598],[103.5951,17.8606],[103.5951,17.8617],[103.5963,17.8625],[103.5963,17.8636],[103.5943,17.8633],[103.594,17.8638],[103.5931,17.8638]]]}},{"type":"Feature","properties":{"kind":"seasonal","area_km2":0.114,"date":"2026-10-08"},"geometry":{"type":"Polygon","coordinates":[[[103.0595,17.8709],[103.0592,17.8703],[103.0586,17.8703],[103.0589,17.8695],[103.0606,17.8695],[103.0606,17.869],[103.0635,17.869],[103.0669,17.8683],[103.066,17.8693],[103.0646,17.8693],[103.0637,17.8704],[103.0595,17.8709]]]}},{"type":"Feature","properties":{"kind":"seasonal","area_km2":0.114,"date":"2026-10-08"},"geometry":{"type":"Polygon","coordinates":[[[103.3954,17.3377],[103.3934,17.3364],[103.3926,17.3342],[103.3918,17.3336],[103.3918,17.3323],[103.3926,17.3315],[103.3921,17.3299],[103.3926,17.3299],[103.3929,17.3304],[103.3929,17.3315],[103.3935,17.3323],[103.3929,17.3334],[103.3937,17.335],[103.396,17.3353],[103.396,17.3358],[103.3951,17.3361],[103.3951,17.3367],[103.396,17.3367],[103.396,17.3375],[103.3954,17.3377]]]}},{"type":"Feature","properties":{"kind":"seasonal","area_km2":0.114,"date":"2026-10-08"},"geometry":{"type":"Polygon","coordinates":[[[103.8636,17.2566],[103.8636,17.2561],[103.8648,17.2553],[103.8651,17.2545],[103.8617,17.2544],[103.8611,17.2525],[103.8617,17.252],[103.8625,17.252],[103.8625,17.2515],[103.8631,17.2534],[103.8648,17.2534],[103.8651,17.2528],[103.8662,17.2528],[103.8659,17.255],[103.8636,17.2566]]]}},{"type":"Feature","properties":{"kind":"seasonal","area_km2":0.114,"date":"2026-10-09"},"geometry":{"type":"Polygon","coordinates":[[[103.8795,17.2009],[103.8792,17.1987],[103.8775,17.1968],[103.8773,17.1957],[103.8773,17.1943],[103.8781,17.1943],[103.8781,17.1938],[103.8792,17.1938],[103.8789,17.1968],[103.8795,17.1968],[103.8795,17.1979],[103.8809,17.1995],[103.8809,17.2003],[103.8803,17.2003],[103.8803,17.2009],[103.8795,17.2009]]]}},{"type":"Feature","properties":{"kind":"seasonal","area_km2":0.113,"date":"2026-10-08"},"geometry":{"type":"Polygon","coordinates":[[[103.6955,17.2564],[103.6938,17.2515],[103.6958,17.2513],[103.6958,17.2505],[103.6963,17.2505],[103.6966,17.2543],[103.696,17.2543],[103.696,17.2564],[103.6955,17.2564]],[[103.6958,17.2524],[103.696,17.2526],[103.696,17.2524],[103.6958,17.2524]]]}},{"type":"Feature","properties":{"kind":"seasonal","area_km2":0.113,"date":"2026-10-08"},"geometry":{"type":"Polygon","coordinates":[[[103.2505,17.7049],[103.2499,17.7044],[103.2496,17.7022],[103.2488,17.7016],[103.2488,17.7008],[103.2497,17.7006],[103.2497,17.6995],[103.2505,17.6995],[103.2502,17.7019],[103.2508,17.7017],[103.2508,17.7006],[103.2519,17.7006],[103.2519,17.7017],[103.2511,17.7025],[103.251,17.703],[103.2519,17.703],[103.2519,17.7044],[103.2513,17.7049],[103.2505,17.7049]]]}},{"type":"Feature","properties":{"kind":"seasonal","area_km2":0.113,"date":"2026-10-08"},"geometry":{"type":"Polygon","coordinates":[[[103.7336,17.2531],[103.733,17.2526],[103.7296,17.2518],[103.7294,17.249],[103.7296,17.2509],[103.7302,17.2515],[103.7344,17.2529],[103.7358,17.2526],[103.7378,17.2505],[103.7389,17.2505],[103.7395,17.2515],[103.7404,17.2516],[103.7403,17.2524],[103.7398,17.2529],[103.7372,17.2521],[103.7361,17.2532],[103.7336,17.2531]],[[103.7387,17.2521],[103.7389,17.2524],[103.7389,17.2521],[103.7387,17.2521]],[[103.7381,17.2518],[103.7384,17.2521],[103.7384,17.2518],[103.7381,17.2518]]]}},{"type":"Feature","properties":{"kind":"seasonal","area_km2":0.113,"date":"2026-10-08"},"geometry":{"type":"Polygon","coordinates":[[[103.0261,17.1339],[103.0265,17.1295],[103.0253,17.129],[103.0254,17.1268],[103.0265,17.1271],[103.0265,17.1279],[103.0276,17.129],[103.0276,17.1304],[103.0281,17.1309],[103.0281,17.1325],[103.0267,17.1339],[103.0261,17.1339]]]}},{"type":"Feature","properties":{"kind":"seasonal","area_km2":0.112,"date":"2026-10-08"},"geometry":{"type":"Polygon","coordinates":[[[103.2545,17.7293],[103.2545,17.7283],[103.2559,17.728],[103.2559,17.7275],[103.2545,17.7272],[103.2542,17.7261],[103.2534,17.7253],[103.2539,17.7247],[103.2534,17.7247],[103.2531,17.7236],[103.254,17.7236],[103.2551,17.7247],[103.2553,17.7258],[103.2565,17.7264],[103.2565,17.7269],[103.2579,17.7269],[103.2576,17.728],[103.2559,17.7283],[103.2553,17.7293],[103.2545,17.7293]]]}},{"type":"Feature","properties":{"kind":"seasonal","area_km2":0.111,"date":"2026-10-09"},"geometry":{"type":"Polygon","coordinates":[[[103.9799,17.6531],[103.9797,17.652],[103.9808,17.652],[103.9808,17.6515],[103.98,17.6504],[103.9791,17.6504],[103.9791,17.6509],[103.978,17.6509],[103.9774,17.6504],[103.9774,17.6482],[103.9783,17.6482],[103.9783,17.649],[103.9797,17.6496],[103.9814,17.6493],[103.9814,17.6512],[103.9819,17.6515],[103.9819,17.6523],[103.9808,17.6523],[103.9808,17.6531],[103.9799,17.6531]],[[103.9799,17.6526],[103.9802,17.6528],[103.9802,17.6526],[103.9799,17.6526]]]}},{"type":"Feature","properties":{"kind":"seasonal","area_km2":0.106,"date":"2026-10-08"},"geometry":{"type":"Polygon","coordinates":[[[103.1659,17.8188],[103.1633,17.8188],[103.1636,17.8177],[103.1625,17.8177],[103.1622,17.8166],[103.1611,17.8163],[103.1603,17.8149],[103.1611,17.815],[103.1611,17.8155],[103.1617,17.8158],[103.1617,17.8147],[103.1631,17.815],[103.1634,17.8144],[103.1636,17.8152],[103.1642,17.8153],[103.1642,17.8163],[103.165,17.8169],[103.165,17.8174],[103.1636,17.8161],[103.1631,17.8161],[103.1633,17.8171],[103.1639,17.8174],[103.1639,17.818],[103.165,17.8177],[103.1659,17.8188]]]}},{"type":"Feature","properties":{"kind":"seasonal","area_km2":0.106,"date":"2026-10-08"},"geometry":{"type":"Polygon","coordinates":[[[103.2561,17.7315],[103.2556,17.731],[103.2556,17.7299],[103.2584,17.728],[103.2585,17.7267],[103.2593,17.7267],[103.2599,17.7272],[103.2598,17.7286],[103.2581,17.7296],[103.2578,17.731],[103.2561,17.7315]]]}},{"type":"Feature","properties":{"kind":"seasonal","area_km2":0.106,"date":"2026-10-08"},"geometry":{"type":"Polygon","coordinates":[[[103.4069,17.6984],[103.4067,17.6962],[103.4075,17.6962],[103.4084,17.6954],[103.4084,17.6949],[103.4106,17.6946],[103.4106,17.6954],[103.4101,17.6954],[103.4098,17.696],[103.4095,17.6981],[103.4086,17.6981],[103.4083,17.6976],[103.4078,17.6984],[103.4069,17.6984]]]}},{"type":"Feature","properties":{"kind":"seasonal","area_km2":0.106,"date":"2026-10-08"},"geometry":{"type":"Polygon","coordinates":[[[103.7067,17.224],[103.7041,17.2234],[103.7042,17.222],[103.7059,17.2215],[103.7073,17.2204],[103.7084,17.2204],[103.7095,17.2186],[103.7095,17.2175],[103.7081,17.2169],[103.7101,17.2169],[103.7104,17.2183],[103.7095,17.2191],[103.7095,17.2202],[103.7104,17.2205],[103.7104,17.221],[103.7092,17.2207],[103.7087,17.2213],[103.7061,17.2218],[103.7061,17.2223],[103.705,17.2223],[103.705,17.2234],[103.7067,17.2234],[103.7067,17.224]]]}},{"type":"Feature","properties":{"kind":"seasonal","area_km2":0.105,"date":"2026-10-08"},"geometry":{"type":"Polygon","coordinates":[[[103.0663,17.8447],[103.0663,17.8433],[103.066,17.8444],[103.0654,17.8444],[103.0657,17.8436],[103.0652,17.8433],[103.0652,17.8428],[103.066,17.8422],[103.066,17.8411],[103.0666,17.8403],[103.0677,17.8406],[103.0671,17.8428],[103.0683,17.8425],[103.0683,17.842],[103.07,17.8417],[103.0683,17.8433],[103.068,17.8444],[103.0663,17.8447]],[[103.0668,17.8439],[103.0674,17.8441],[103.0674,17.8439],[103.0668,17.8439]]]}},{"type":"Feature","properties":{"kind":"seasonal","area_km2":0.105,"date":"2026-10-08"},"geometry":{"type":"Polygon","coordinates":[[[103.0785,17.3612],[103.0776,17.3599],[103.0779,17.3585],[103.0799,17.3585],[103.0802,17.3591],[103.0822,17.3597],[103.0813,17.3605],[103.0807,17.3605],[103.0813,17.361],[103.0827,17.3607],[103.0824,17.3613],[103.0785,17.3612]],[[103.0804,17.3607],[103.0807,17.361],[103.0807,17.3607],[103.0804,17.3607]],[[103.0802,17.3602],[103.0805,17.3604],[103.0805,17.3602],[103.0802,17.3602]]]}},{"type":"Feature","properties":{"kind":"seasonal","area_km2":0.103,"date":"2026-10-08"},"geometry":{"type":"Polygon","coordinates":[[[103.8574,17.7048],[103.8575,17.704],[103.858,17.704],[103.8594,17.7015],[103.8606,17.7015],[103.8611,17.7007],[103.8626,17.7007],[103.8628,17.7002],[103.8645,17.7002],[103.8645,17.7007],[103.864,17.7005],[103.864,17.701],[103.8631,17.701],[103.8631,17.7015],[103.8611,17.7015],[103.8611,17.7023],[103.86,17.7026],[103.8611,17.7034],[103.8594,17.7037],[103.8589,17.7045],[103.8574,17.7048]]]}},{"type":"Feature","properties":{"kind":"seasonal","area_km2":0.102,"date":"2026-10-08"},"geometry":{"type":"Polygon","coordinates":[[[103.7853,17.8749],[103.7853,17.8724],[103.7859,17.8719],[103.7859,17.8711],[103.787,17.8708],[103.787,17.87],[103.7893,17.87],[103.7899,17.8695],[103.7896,17.8689],[103.791,17.8692],[103.7907,17.8703],[103.7887,17.8708],[103.7882,17.8714],[103.7876,17.8714],[103.7882,17.8708],[103.7876,17.8705],[103.7859,17.8722],[103.7859,17.8732],[103.787,17.8722],[103.787,17.8735],[103.7864,17.8749],[103.7853,17.8749]],[[103.7884,17.8703],[103.7887,17.8705],[103.7887,17.8703],[103.7884,17.8703]]]}},{"type":"Feature","properties":{"kind":"seasonal","area_km2":0.101,"date":"2026-10-08"},"geometry":{"type":"Polygon","coordinates":[[[103.0923,17.9227],[103.092,17.9219],[103.0912,17.9219],[103.0906,17.9213],[103.0878,17.9213],[103.0878,17.9205],[103.0887,17.9202],[103.0898,17.9192],[103.0898,17.9186],[103.0907,17.9186],[103.0907,17.92],[103.0918,17.9203],[103.0921,17.9216],[103.0932,17.9216],[103.0932,17.9227],[103.0923,17.9227]]]}},{"type":"Feature","properties":{"kind":"seasonal","area_km2":0.101,"date":"2026-10-08"},"geometry":{"type":"Polygon","coordinates":[[[103.6132,17.9068],[103.6123,17.9062],[103.6124,17.9046],[103.6126,17.9054],[103.6143,17.906],[103.6149,17.9038],[103.6172,17.9033],[103.6175,17.9028],[103.6183,17.9028],[103.6189,17.9033],[103.6189,17.9038],[103.618,17.9038],[103.6177,17.9044],[103.6163,17.9044],[103.6152,17.9049],[103.6157,17.9068],[103.6132,17.9068]],[[103.6146,17.9057],[103.6149,17.906],[103.6149,17.9057],[103.6146,17.9057]]]}}]}
