{"type":"FeatureCollection","properties":{"v":3,"id":"t104_17","name":"นครพนม · สกลนคร · บึงกาฬ","aoi":[104.0,17.0,104.84,18.0],"date":"2026-10-09","dates":["2026-10-09"],"baseline_years":3,"has_seasonal":true,"totals":{"flood_high":0.0,"flood_low":3.9,"seasonal":46.5},"provinces":[{"name":"นครพนม","zone":"th-ne","flood_high":0.0,"flood_low":2.9,"seasonal":27.1},{"name":"สกลนคร","zone":"th-ne","flood_high":0.0,"flood_low":1.0,"seasonal":19.2}],"scenes":{"2026-10-09":2},"baseline_dates":["2025-10-09","2024-10-09","2023-10-08"],"threshold_db":-15.0,"auto":true,"source":"Sentinel-1 RTC (Copernicus/ESA) via Microsoft Planetary Computer; JRC Global Surface Water; Copernicus DEM","method":"ChatGeo v3: Otsu threshold on VV dB; minus JRC permanent water and slope > 5 deg; unusual = water not present in most of the previous 3 years (same season)","added":"2026-10-11T01:54+07:00"},"features":[{"type":"Feature","properties":{"kind":"flood","area_km2":0.361,"conf":"low","date":"2026-10-09"},"geometry":{"type":"Polygon","coordinates":[[[104.0474,17.7893],[104.0477,17.7874],[104.0482,17.7871],[104.0482,17.7858],[104.0451,17.786],[104.0463,17.7858],[104.0466,17.7847],[104.0454,17.7847],[104.0451,17.7833],[104.044,17.7838],[104.044,17.7822],[104.0446,17.7822],[104.0449,17.7817],[104.0454,17.7825],[104.048,17.7828],[104.048,17.7833],[104.0494,17.7833],[104.0494,17.7817],[104.048,17.7809],[104.0466,17.7809],[104.046,17.7801],[104.0446,17.7801],[104.0449,17.7792],[104.0457,17.7792],[104.046,17.7798],[104.0483,17.7795],[104.048,17.7803],[104.0494,17.7804],[104.0494,17.7812],[104.0505,17.7817],[104.0505,17.7831],[104.0519,17.7836],[104.0516,17.7844],[104.0522,17.785],[104.0533,17.785],[104.0536,17.7863],[104.0542,17.7863],[104.0542,17.7872],[104.0536,17.7872],[104.0533,17.7861],[104.0514,17.7861],[104.0511,17.7852],[104.0491,17.7852],[104.0491,17.7863],[104.0485,17.7869],[104.0491,17.7869],[104.0494,17.7879],[104.0482,17.7893],[104.0474,17.7893]]]}},{"type":"Feature","properties":{"kind":"flood","area_km2":0.203,"conf":"low","date":"2026-10-09"},"geometry":{"type":"Polygon","coordinates":[[[104.0705,17.8068],[104.0705,17.8038],[104.0711,17.8035],[104.0719,17.8019],[104.0736,17.8016],[104.0739,17.8027],[104.075,17.8038],[104.075,17.8062],[104.0742,17.8062],[104.0736,17.8054],[104.073,17.8062],[104.0705,17.8068]]]}},{"type":"Feature","properties":{"kind":"flood","area_km2":0.176,"conf":"low","date":"2026-10-09"},"geometry":{"type":"Polygon","coordinates":[[[104.1657,17.1754],[104.1654,17.173],[104.1648,17.173],[104.1651,17.1713],[104.1645,17.1711],[104.1643,17.1694],[104.1651,17.1689],[104.1668,17.1689],[104.1668,17.17],[104.1685,17.1703],[104.1685,17.1711],[104.1682,17.1724],[104.1668,17.1727],[104.1668,17.1749],[104.1657,17.1754]]]}},{"type":"Feature","properties":{"kind":"flood","area_km2":0.175,"conf":"low","date":"2026-10-09"},"geometry":{"type":"Polygon","coordinates":[[[104.6833,17.5232],[104.6824,17.5224],[104.6796,17.5223],[104.6796,17.521],[104.6804,17.5205],[104.6807,17.5194],[104.6816,17.5194],[104.6833,17.518],[104.6838,17.518],[104.6833,17.5202],[104.6838,17.521],[104.6847,17.5213],[104.6847,17.5226],[104.6841,17.5232],[104.6833,17.5232]]]}},{"type":"Feature","properties":{"kind":"flood","area_km2":0.147,"conf":"low","date":"2026-10-09"},"geometry":{"type":"Polygon","coordinates":[[[104.4196,17.6766],[104.4199,17.6747],[104.4211,17.675],[104.4208,17.6736],[104.4222,17.6728],[104.4219,17.6709],[104.4231,17.6706],[104.423,17.6739],[104.4247,17.6739],[104.4245,17.6747],[104.4239,17.6747],[104.4233,17.6752],[104.4233,17.6761],[104.4228,17.6763],[104.4196,17.6766]],[[104.4219,17.6752],[104.4228,17.6752],[104.4228,17.6744],[104.4219,17.6744],[104.4219,17.6752]]]}},{"type":"Feature","properties":{"kind":"flood","area_km2":0.126,"conf":"low","date":"2026-10-09"},"geometry":{"type":"Polygon","coordinates":[[[104.0992,17.718],[104.0978,17.7166],[104.0967,17.7166],[104.0964,17.7177],[104.095,17.7177],[104.0947,17.7171],[104.0936,17.7171],[104.0936,17.7166],[104.0919,17.7166],[104.0919,17.716],[104.0936,17.7158],[104.0936,17.7163],[104.0944,17.7163],[104.097,17.7155],[104.1012,17.7169],[104.1012,17.7177],[104.0992,17.718]]]}},{"type":"Feature","properties":{"kind":"flood","area_km2":0.122,"conf":"low","date":"2026-10-09"},"geometry":{"type":"Polygon","coordinates":[[[104.1976,17.2338],[104.197,17.2333],[104.1962,17.2333],[104.1956,17.2325],[104.1945,17.2327],[104.1936,17.2335],[104.1911,17.233],[104.1914,17.2325],[104.1916,17.233],[104.193,17.233],[104.1933,17.2319],[104.1947,17.2319],[104.1956,17.2317],[104.1962,17.2308],[104.197,17.2308],[104.1976,17.2314],[104.1978,17.2327],[104.1998,17.2328],[104.1998,17.2338],[104.1976,17.2338]]]}},{"type":"Feature","properties":{"kind":"flood","area_km2":0.118,"conf":"low","date":"2026-10-09"},"geometry":{"type":"Polygon","coordinates":[[[104.0565,17.779],[104.0565,17.7774],[104.0548,17.7774],[104.0548,17.7769],[104.0542,17.7771],[104.0534,17.7768],[104.054,17.7768],[104.054,17.7763],[104.0545,17.776],[104.0568,17.776],[104.0588,17.7755],[104.0585,17.7761],[104.0579,17.7761],[104.0579,17.778],[104.0602,17.7777],[104.0602,17.7785],[104.0585,17.779],[104.0565,17.779]]]}},{"type":"Feature","properties":{"kind":"flood","area_km2":0.112,"conf":"low","date":"2026-10-09"},"geometry":{"type":"Polygon","coordinates":[[[104.0398,17.7844],[104.0398,17.783],[104.0392,17.783],[104.0392,17.7825],[104.0406,17.7819],[104.0406,17.7809],[104.0412,17.7809],[104.0415,17.7803],[104.044,17.7801],[104.0443,17.7809],[104.0435,17.7811],[104.0435,17.7822],[104.0426,17.7817],[104.0423,17.7833],[104.0415,17.7838],[104.0406,17.7836],[104.0409,17.7844],[104.0398,17.7844]],[[104.0412,17.7833],[104.0418,17.7828],[104.0418,17.7819],[104.0409,17.7819],[104.0412,17.7833]],[[104.0429,17.7809],[104.0432,17.7811],[104.0432,17.7809],[104.0429,17.7809]]]}},{"type":"Feature","properties":{"kind":"flood","area_km2":0.106,"conf":"low","date":"2026-10-09"},"geometry":{"type":"Polygon","coordinates":[[[104.2098,17.4036],[104.2095,17.4017],[104.211,17.402],[104.211,17.4015],[104.2101,17.4015],[104.2101,17.4006],[104.2107,17.4001],[104.2121,17.4001],[104.2124,17.4015],[104.2138,17.4015],[104.2138,17.4023],[104.2126,17.4026],[104.2124,17.4034],[104.2118,17.4031],[104.2098,17.4036]]]}},{"type":"Feature","properties":{"kind":"flood","area_km2":0.104,"conf":"low","date":"2026-10-09"},"geometry":{"type":"Polygon","coordinates":[[[104.2035,17.2322],[104.2038,17.2309],[104.2055,17.2309],[104.2055,17.2303],[104.2069,17.2293],[104.2083,17.2295],[104.2089,17.2304],[104.208,17.2309],[104.208,17.2317],[104.2074,17.2322],[104.2066,17.2322],[104.206,17.2317],[104.2052,17.2322],[104.2035,17.2322]]]}},{"type":"Feature","properties":{"kind":"flood","area_km2":0.096,"conf":"low","date":"2026-10-09"},"geometry":{"type":"Polygon","coordinates":[[[104.5721,17.5644],[104.5721,17.5631],[104.5741,17.5628],[104.5744,17.5615],[104.5749,17.5612],[104.5746,17.5601],[104.5752,17.5601],[104.5752,17.5596],[104.5761,17.5596],[104.5761,17.5626],[104.5744,17.5634],[104.5741,17.5642],[104.5721,17.5644]]]}},{"type":"Feature","properties":{"kind":"flood","area_km2":0.094,"conf":"low","date":"2026-10-09"},"geometry":{"type":"Polygon","coordinates":[[[104.3821,17.6475],[104.3801,17.6461],[104.3802,17.6423],[104.3807,17.6423],[104.3807,17.6418],[104.3819,17.642],[104.3819,17.6429],[104.381,17.6434],[104.3816,17.6442],[104.3816,17.645],[104.381,17.645],[104.381,17.6456],[104.383,17.6456],[104.383,17.6475],[104.3821,17.6475]]]}},{"type":"Feature","properties":{"kind":"flood","area_km2":0.092,"conf":"low","date":"2026-10-09"},"geometry":{"type":"Polygon","coordinates":[[[104.1705,17.6573],[104.1705,17.6556],[104.17,17.6554],[104.1717,17.6546],[104.1728,17.6546],[104.1734,17.6527],[104.1737,17.654],[104.1756,17.6543],[104.1748,17.6554],[104.1734,17.6551],[104.1722,17.6565],[104.1705,17.6573]]]}},{"type":"Feature","properties":{"kind":"flood","area_km2":0.09,"conf":"low","date":"2026-10-09"},"geometry":{"type":"Polygon","coordinates":[[[104.1841,17.1516],[104.1838,17.1505],[104.1844,17.1505],[104.1847,17.15],[104.1835,17.1497],[104.1838,17.1484],[104.185,17.1484],[104.1861,17.1492],[104.1889,17.1495],[104.188,17.1505],[104.1855,17.1503],[104.1849,17.1505],[104.1849,17.1516],[104.1841,17.1516]]]}},{"type":"Feature","properties":{"kind":"flood","area_km2":0.086,"conf":"low","date":"2026-10-09"},"geometry":{"type":"Polygon","coordinates":[[[104.3658,17.7011],[104.3658,17.7006],[104.3647,17.7],[104.3641,17.6992],[104.3641,17.6954],[104.3653,17.6954],[104.365,17.6965],[104.3658,17.6968],[104.3658,17.6995],[104.3667,17.6997],[104.3667,17.7011],[104.3658,17.7011]]]}},{"type":"Feature","properties":{"kind":"flood","area_km2":0.084,"conf":"low","date":"2026-10-09"},"geometry":{"type":"Polygon","coordinates":[[[104.0511,17.7782],[104.0511,17.7776],[104.05,17.7776],[104.0503,17.7752],[104.0525,17.7749],[104.0531,17.7739],[104.054,17.7733],[104.054,17.7741],[104.0531,17.7747],[104.0525,17.7758],[104.0528,17.7771],[104.0514,17.7771],[104.0511,17.7782]]]}},{"type":"Feature","properties":{"kind":"flood","area_km2":0.082,"conf":"low","date":"2026-10-09"},"geometry":{"type":"Polygon","coordinates":[[[104.111,17.5743],[104.111,17.5738],[104.1093,17.5735],[104.1093,17.5724],[104.1104,17.5724],[104.1104,17.5702],[104.111,17.57],[104.1104,17.5681],[104.111,17.5681],[104.1113,17.5697],[104.1119,17.57],[104.1118,17.5724],[104.1113,17.5735],[104.1115,17.574],[104.111,17.5743]]]}},{"type":"Feature","properties":{"kind":"flood","area_km2":0.081,"conf":"low","date":"2026-10-09"},"geometry":{"type":"Polygon","coordinates":[[[104.171,17.7345],[104.1708,17.7332],[104.1693,17.7332],[104.1693,17.7324],[104.1708,17.7302],[104.1716,17.7305],[104.1716,17.731],[104.171,17.7313],[104.1713,17.7318],[104.1719,17.7316],[104.1719,17.731],[104.1725,17.731],[104.1719,17.7324],[104.1719,17.7345],[104.171,17.7345]]]}},{"type":"Feature","properties":{"kind":"flood","area_km2":0.081,"conf":"low","date":"2026-10-09"},"geometry":{"type":"Polygon","coordinates":[[[104.0908,17.6043],[104.0905,17.6038],[104.0879,17.6038],[104.0879,17.6029],[104.0896,17.6016],[104.0897,17.5994],[104.0908,17.5994],[104.0913,17.6],[104.0908,17.6005],[104.0905,17.6021],[104.0896,17.6021],[104.0896,17.6029],[104.0902,17.6029],[104.0902,17.6035],[104.0919,17.604],[104.0908,17.6043]]]}},{"type":"Feature","properties":{"kind":"flood","area_km2":0.078,"conf":"low","date":"2026-10-09"},"geometry":{"type":"Polygon","coordinates":[[[104.0321,17.7862],[104.0279,17.7857],[104.0273,17.784],[104.0284,17.784],[104.0284,17.7849],[104.0299,17.7849],[104.0301,17.7835],[104.0307,17.7835],[104.031,17.7849],[104.0321,17.7851],[104.0321,17.7862]]]}},{"type":"Feature","properties":{"kind":"flood","area_km2":0.076,"conf":"low","date":"2026-10-09"},"geometry":{"type":"Polygon","coordinates":[[[104.3667,17.6957],[104.3661,17.6949],[104.3661,17.6938],[104.3673,17.693],[104.3673,17.6924],[104.3698,17.6916],[104.3701,17.6924],[104.3695,17.6924],[104.3667,17.6957]]]}},{"type":"Feature","properties":{"kind":"flood","area_km2":0.076,"conf":"low","date":"2026-10-09"},"geometry":{"type":"Polygon","coordinates":[[[104.1937,17.1446],[104.1937,17.1422],[104.1977,17.1425],[104.1985,17.1416],[104.2002,17.1422],[104.1999,17.143],[104.1977,17.143],[104.1965,17.1424],[104.1965,17.143],[104.1948,17.1433],[104.1948,17.1441],[104.1937,17.1446]]]}},{"type":"Feature","properties":{"kind":"flood","area_km2":0.076,"conf":"low","date":"2026-10-09"},"geometry":{"type":"Polygon","coordinates":[[[104.106,17.7234],[104.1043,17.7231],[104.1043,17.7223],[104.1066,17.7207],[104.1072,17.7207],[104.1077,17.7196],[104.1103,17.7199],[104.1097,17.7204],[104.1077,17.7207],[104.1077,17.7215],[104.1071,17.7215],[104.1071,17.7221],[104.1063,17.7223],[104.106,17.7234]]]}},{"type":"Feature","properties":{"kind":"flood","area_km2":0.075,"conf":"low","date":"2026-10-09"},"geometry":{"type":"Polygon","coordinates":[[[104.4174,17.6622],[104.4174,17.6609],[104.4183,17.6606],[104.4183,17.659],[104.4177,17.6587],[104.4174,17.6573],[104.4189,17.6573],[104.4197,17.6582],[104.4197,17.6609],[104.418,17.6611],[104.4174,17.6622]]]}},{"type":"Feature","properties":{"kind":"flood","area_km2":0.074,"conf":"low","date":"2026-10-09"},"geometry":{"type":"Polygon","coordinates":[[[104.1751,17.65],[104.1751,17.6491],[104.1737,17.6491],[104.1737,17.6478],[104.1731,17.6472],[104.1734,17.6459],[104.1751,17.6462],[104.1751,17.6472],[104.1757,17.6478],[104.1751,17.65]]]}},{"type":"Feature","properties":{"kind":"flood","area_km2":0.073,"conf":"low","date":"2026-10-09"},"geometry":{"type":"Polygon","coordinates":[[[104.3693,17.6675],[104.369,17.6659],[104.3699,17.6653],[104.3699,17.664],[104.3722,17.6637],[104.3719,17.6656],[104.3707,17.6656],[104.3702,17.6675],[104.3693,17.6675]],[[104.3699,17.6656],[104.3702,17.6659],[104.3702,17.6656],[104.3699,17.6656]],[[104.3702,17.6653],[104.3705,17.6656],[104.3705,17.6653],[104.3702,17.6653]]]}},{"type":"Feature","properties":{"kind":"flood","area_km2":0.072,"conf":"low","date":"2026-10-09"},"geometry":{"type":"Polygon","coordinates":[[[104.262,17.7645],[104.262,17.7636],[104.2615,17.7636],[104.2612,17.7628],[104.2612,17.7615],[104.262,17.7615],[104.262,17.7623],[104.2626,17.7628],[104.2649,17.7623],[104.2648,17.7631],[104.264,17.7642],[104.262,17.7645]]]}},{"type":"Feature","properties":{"kind":"flood","area_km2":0.07,"conf":"low","date":"2026-10-09"},"geometry":{"type":"Polygon","coordinates":[[[104.038,17.7876],[104.0372,17.7871],[104.0355,17.7871],[104.0355,17.7862],[104.0378,17.7863],[104.0378,17.7857],[104.0386,17.7857],[104.0389,17.7836],[104.0392,17.786],[104.0398,17.786],[104.0403,17.7871],[104.0383,17.7871],[104.038,17.7876]]]}},{"type":"Feature","properties":{"kind":"flood","area_km2":0.07,"conf":"low","date":"2026-10-09"},"geometry":{"type":"Polygon","coordinates":[[[104.028,17.5951],[104.0286,17.5934],[104.0283,17.5921],[104.0278,17.5921],[104.0278,17.5915],[104.0284,17.5896],[104.0292,17.5896],[104.0301,17.5899],[104.03,17.5907],[104.0295,17.5913],[104.0292,17.5937],[104.028,17.5951]],[[104.0283,17.5915],[104.0286,17.5918],[104.0286,17.5915],[104.0283,17.5915]]]}},{"type":"Feature","properties":{"kind":"flood","area_km2":0.067,"conf":"low","date":"2026-10-09"},"geometry":{"type":"Polygon","coordinates":[[[104.1968,17.15],[104.1945,17.1495],[104.1945,17.1481],[104.1951,17.1481],[104.1951,17.1471],[104.1962,17.1471],[104.1968,17.1487],[104.1974,17.149],[104.1968,17.15]]]}},{"type":"Feature","properties":{"kind":"flood","area_km2":0.066,"conf":"low","date":"2026-10-09"},"geometry":{"type":"Polygon","coordinates":[[[104.0619,17.7763],[104.0616,17.7747],[104.061,17.7744],[104.061,17.7739],[104.0605,17.7739],[104.0602,17.7725],[104.0622,17.7725],[104.0622,17.7734],[104.0627,17.7734],[104.0627,17.775],[104.0622,17.775],[104.0622,17.7755],[104.063,17.7753],[104.063,17.7761],[104.0619,17.7763]],[[104.0619,17.7734],[104.0622,17.7736],[104.0622,17.7734],[104.0619,17.7734]]]}},{"type":"Feature","properties":{"kind":"flood","area_km2":0.065,"conf":"low","date":"2026-10-09"},"geometry":{"type":"Polygon","coordinates":[[[104.3115,17.161],[104.3115,17.1605],[104.3107,17.1605],[104.3107,17.16],[104.3124,17.1581],[104.3124,17.1567],[104.3133,17.1567],[104.3144,17.1578],[104.3124,17.1583],[104.3124,17.1605],[104.313,17.1608],[104.3115,17.161]]]}},{"type":"Feature","properties":{"kind":"flood","area_km2":0.063,"conf":"low","date":"2026-10-09"},"geometry":{"type":"Polygon","coordinates":[[[104.2078,17.4099],[104.2067,17.409],[104.2067,17.408],[104.2078,17.408],[104.2075,17.4066],[104.2087,17.4066],[104.209,17.4071],[104.2101,17.4072],[104.2109,17.4066],[104.2112,17.4077],[104.2106,17.408],[104.2084,17.4077],[104.2078,17.4099]]]}},{"type":"Feature","properties":{"kind":"flood","area_km2":0.063,"conf":"low","date":"2026-10-09"},"geometry":{"type":"Polygon","coordinates":[[[104.151,17.2396],[104.1487,17.2393],[104.1487,17.2388],[104.1479,17.2385],[104.1476,17.2377],[104.1482,17.2377],[104.1484,17.2369],[104.1504,17.2374],[104.151,17.2396]]]}},{"type":"Feature","properties":{"kind":"flood","area_km2":0.06,"conf":"low","date":"2026-10-09"},"geometry":{"type":"Polygon","coordinates":[[[104.0866,17.8038],[104.0847,17.8036],[104.0838,17.8025],[104.0867,17.8019],[104.0867,17.8011],[104.0872,17.8011],[104.0872,17.8017],[104.0881,17.8025],[104.0872,17.8025],[104.0872,17.803],[104.0866,17.803],[104.0866,17.8038]]]}},{"type":"Feature","properties":{"kind":"flood","area_km2":0.058,"conf":"low","date":"2026-10-09"},"geometry":{"type":"Polygon","coordinates":[[[104.1461,17.1886],[104.1461,17.1864],[104.1467,17.1856],[104.1501,17.1856],[104.1476,17.1864],[104.1475,17.1878],[104.1492,17.1884],[104.1461,17.1886]]]}},{"type":"Feature","properties":{"kind":"flood","area_km2":0.056,"conf":"low","date":"2026-10-09"},"geometry":{"type":"Polygon","coordinates":[[[104.7641,17.3272],[104.7638,17.3242],[104.7646,17.324],[104.7643,17.3245],[104.7646,17.3251],[104.7652,17.3251],[104.7646,17.3261],[104.7669,17.3264],[104.766,17.3272],[104.7641,17.3272]]]}},{"type":"Feature","properties":{"kind":"flood","area_km2":0.055,"conf":"low","date":"2026-10-09"},"geometry":{"type":"Polygon","coordinates":[[[104.2376,17.7112],[104.2371,17.7107],[104.2385,17.7107],[104.2385,17.7091],[104.2379,17.7085],[104.2405,17.7096],[104.2404,17.7107],[104.2399,17.7112],[104.2376,17.7112]]]}},{"type":"Feature","properties":{"kind":"flood","area_km2":0.054,"conf":"low","date":"2026-10-09"},"geometry":{"type":"Polygon","coordinates":[[[104.1202,17.7704],[104.1208,17.7669],[104.1216,17.7669],[104.1222,17.7696],[104.1213,17.7704],[104.1202,17.7704]]]}},{"type":"Feature","properties":{"kind":"flood","area_km2":0.051,"conf":"low","date":"2026-10-09"},"geometry":{"type":"Polygon","coordinates":[[[104.2041,17.2282],[104.2032,17.2273],[104.2021,17.2271],[104.2021,17.2276],[104.2007,17.2276],[104.1998,17.2268],[104.2021,17.2268],[104.2024,17.2263],[104.2035,17.226],[104.2035,17.2265],[104.2044,17.2265],[104.2041,17.2282]]]}},{"type":"Feature","properties":{"kind":"seasonal","area_km2":3.676,"date":"2026-10-09"},"geometry":{"type":"Polygon","coordinates":[[[104.0292,17.6986],[104.0289,17.6981],[104.0278,17.6978],[104.0281,17.6965],[104.0289,17.6959],[104.0292,17.6946],[104.0301,17.694],[104.0301,17.693],[104.0295,17.6929],[104.0292,17.6924],[104.0275,17.6929],[104.0275,17.6954],[104.0244,17.6951],[104.0233,17.6937],[104.0227,17.6937],[104.0227,17.6932],[104.0221,17.6932],[104.0227,17.6916],[104.0241,17.6918],[104.0241,17.6913],[104.0224,17.6913],[104.0222,17.6921],[104.0213,17.6921],[104.0202,17.6907],[104.0205,17.6888],[104.0191,17.6888],[104.0191,17.6883],[104.0182,17.6877],[104.0182,17.6869],[104.016,17.6858],[104.0154,17.685],[104.0134,17.6853],[104.0131,17.6847],[104.0131,17.6864],[104.0143,17.6864],[104.0143,17.688],[104.0137,17.6883],[104.0145,17.6885],[104.0145,17.688],[104.0151,17.688],[104.0145,17.6872],[104.0145,17.6861],[104.0154,17.6861],[104.0157,17.6866],[104.0162,17.6866],[104.0159,17.688],[104.0168,17.688],[104.0168,17.6888],[104.0159,17.6891],[104.0159,17.6899],[104.0148,17.6899],[104.0142,17.6915],[104.0117,17.6912],[104.012,17.6896],[104.0109,17.6874],[104.0097,17.6863],[104.0083,17.6861],[104.0075,17.6852],[104.0075,17.6842],[104.0089,17.6836],[104.0089,17.6831],[104.0072,17.6833],[104.0075,17.6804],[104.0084,17.6798],[104.0084,17.6793],[104.0078,17.6787],[104.0064,17.6785],[104.0064,17.6768],[104.0055,17.6763],[104.0058,17.6747],[104.0073,17.6747],[104.0073,17.6741],[104.0064,17.6741],[104.0058,17.6736],[104.0059,17.6725],[104.0078,17.6722],[104.0067,17.669],[104.0073,17.6676],[104.007,17.6655],[104.0093,17.6657],[104.0107,17.6668],[104.0118,17.6668],[104.0118,17.6679],[104.0104,17.6682],[104.0104,17.6676],[104.0096,17.6676],[104.0096,17.6684],[104.011,17.6693],[104.0107,17.6704],[104.0124,17.6704],[104.0124,17.6714],[104.0141,17.6731],[104.014,17.6788],[104.0129,17.6788],[104.0129,17.6793],[104.012,17.6793],[104.0115,17.6788],[104.0109,17.679],[104.0106,17.6801],[104.0115,17.6804],[104.0118,17.6796],[104.0126,17.6796],[104.0134,17.6804],[104.0135,17.6793],[104.0154,17.6788],[104.016,17.6801],[104.016,17.681],[104.0154,17.6812],[104.0166,17.6812],[104.0168,17.6826],[104.0194,17.6826],[104.0194,17.6834],[104.0174,17.6837],[104.0171,17.6842],[104.0185,17.6842],[104.0191,17.6848],[104.0211,17.6845],[104.0211,17.685],[104.0219,17.685],[104.0219,17.6859],[104.0227,17.6872],[104.0278,17.687],[104.0281,17.6875],[104.0315,17.6867],[104.0312,17.6851],[104.0321,17.6827],[104.0327,17.6827],[104.033,17.6821],[104.0346,17.6821],[104.0358,17.6808],[104.0372,17.6805],[104.0383,17.6805],[104.0386,17.6811],[104.04,17.6813],[104.0412,17.6803],[104.0406,17.677],[104.0412,17.6765],[104.0423,17.6765],[104.0432,17.6776],[104.0431,17.6795],[104.0443,17.6805],[104.0431,17.6805],[104.0431,17.6814],[104.0423,17.6824],[104.0412,17.6824],[104.0412,17.683],[104.0403,17.683],[104.04,17.6835],[104.0392,17.6835],[104.0389,17.683],[104.0366,17.6832],[104.0355,17.6846],[104.0338,17.6848],[104.0338,17.6865],[104.0352,17.687],[104.0349,17.69],[104.0343,17.69],[104.0338,17.6913],[104.0326,17.6919],[104.0323,17.6913],[104.0315,17.6916],[104.0323,17.694],[104.0318,17.694],[104.0315,17.693],[104.0309,17.693],[104.0309,17.6943],[104.032,17.6949],[104.0315,17.6954],[104.0317,17.6968],[104.0326,17.6954],[104.0332,17.6954],[104.0332,17.6965],[104.0326,17.6973],[104.0309,17.6978],[104.0303,17.6986],[104.0292,17.6986]],[[104.0301,17.6921],[104.0306,17.6921],[104.0304,17.6911],[104.0298,17.6911],[104.0301,17.6921]],[[104.0253,17.6918],[104.0258,17.6916],[104.0258,17.691],[104.0253,17.691],[104.0253,17.6918]],[[104.021,17.6891],[104.0216,17.6897],[104.0219,17.6891],[104.021,17.6891]],[[104.0335,17.6878],[104.0338,17.6881],[104.0338,17.6878],[104.0335,17.6878]],[[104.0112,17.6861],[104.012,17.6858],[104.0117,17.685],[104.0106,17.685],[104.0112,17.6861]],[[104.0202,17.6859],[104.0208,17.6859],[104.0211,17.6853],[104.0202,17.6853],[104.0202,17.6859]],[[104.0097,17.6839],[104.0109,17.6839],[104.0109,17.6826],[104.0098,17.6834],[104.0097,17.6839]],[[104.0123,17.6826],[104.0126,17.6828],[104.0126,17.6826],[104.0123,17.6826]],[[104.0134,17.682],[104.0143,17.6818],[104.0146,17.6809],[104.0137,17.6809],[104.0134,17.682]],[[104.012,17.6817],[104.0126,17.6817],[104.0126,17.6812],[104.0123,17.6812],[104.012,17.6817]],[[104.0095,17.6793],[104.0098,17.6798],[104.0098,17.6793],[104.0095,17.6793]],[[104.0112,17.6774],[104.0118,17.6774],[104.0118,17.6752],[104.0106,17.6747],[104.0112,17.6758],[104.0112,17.6774]],[[104.0115,17.6736],[104.0118,17.6739],[104.0118,17.6736],[104.0115,17.6736]],[[104.0101,17.6733],[104.0115,17.6736],[104.0115,17.6733],[104.0101,17.6733]]]}},{"type":"Feature","properties":{"kind":"seasonal","area_km2":3.409,"date":"2026-10-09"},"geometry":{"type":"Polygon","coordinates":[[[104.4022,17.384],[104.4008,17.3826],[104.4008,17.3815],[104.4014,17.3812],[104.4014,17.3788],[104.4008,17.3766],[104.3997,17.3753],[104.3986,17.3753],[104.398,17.3745],[104.3969,17.3742],[104.3969,17.3728],[104.3958,17.3717],[104.3955,17.369],[104.3941,17.3668],[104.3941,17.3658],[104.3947,17.3658],[104.3952,17.365],[104.3961,17.365],[104.3966,17.3644],[104.3972,17.3625],[104.3978,17.3625],[104.3978,17.362],[104.3986,17.3617],[104.3989,17.366],[104.4,17.3671],[104.4009,17.3671],[104.4011,17.3693],[104.4017,17.3696],[104.402,17.369],[104.4034,17.369],[104.4045,17.3712],[104.4056,17.3712],[104.4059,17.3707],[104.4073,17.3704],[104.4079,17.3699],[104.4082,17.3672],[104.4093,17.3658],[104.4091,17.3631],[104.4096,17.3626],[104.4096,17.3609],[104.4091,17.3604],[104.4091,17.3596],[104.4111,17.359],[104.4113,17.3555],[104.4125,17.355],[104.413,17.3523],[104.4145,17.352],[104.4145,17.3525],[104.4153,17.3531],[104.4153,17.3544],[104.4147,17.3547],[104.4153,17.3558],[104.4153,17.3571],[104.4159,17.3577],[104.4184,17.3574],[104.4192,17.3563],[104.4201,17.3564],[104.4209,17.3569],[104.4209,17.3583],[104.4198,17.3582],[104.4195,17.3588],[104.4181,17.3591],[104.4175,17.3601],[104.4158,17.3604],[104.4153,17.3609],[104.4156,17.3645],[104.4147,17.365],[104.4141,17.3661],[104.4141,17.3683],[104.4144,17.3688],[104.415,17.3688],[104.415,17.3699],[104.4144,17.3699],[104.4133,17.3715],[104.4133,17.3742],[104.4124,17.3753],[104.4124,17.3761],[104.413,17.3764],[104.413,17.3778],[104.411,17.3777],[104.4107,17.3783],[104.4101,17.3783],[104.4093,17.3805],[104.4076,17.381],[104.407,17.3818],[104.4062,17.3818],[104.4048,17.3832],[104.4022,17.384]],[[104.402,17.3774],[104.4025,17.3777],[104.4025,17.3774],[104.402,17.3774]],[[104.4028,17.3777],[104.4036,17.3777],[104.4037,17.3772],[104.4028,17.3772],[104.4028,17.3777]],[[104.4017,17.3766],[104.4022,17.3769],[104.4022,17.3766],[104.4017,17.3766]],[[104.4025,17.3758],[104.4028,17.3761],[104.4028,17.3758],[104.4025,17.3758]],[[104.3969,17.3666],[104.3975,17.3666],[104.3978,17.366],[104.3969,17.3658],[104.3969,17.3666]]]}},{"type":"Feature","properties":{"kind":"seasonal","area_km2":3.282,"date":"2026-10-09"},"geometry":{"type":"Polygon","coordinates":[[[104.0575,17.804],[104.0575,17.8032],[104.0581,17.8032],[104.0583,17.8018],[104.0575,17.8015],[104.0569,17.8023],[104.0555,17.8023],[104.0555,17.8007],[104.0544,17.8004],[104.0541,17.7996],[104.0533,17.7996],[104.0536,17.7961],[104.0541,17.7961],[104.0544,17.7969],[104.0561,17.7969],[104.0572,17.7975],[104.0584,17.7972],[104.0578,17.7969],[104.0578,17.7964],[104.055,17.7966],[104.0544,17.7961],[104.055,17.7947],[104.0536,17.7945],[104.0541,17.7942],[104.0541,17.7937],[104.0527,17.7937],[104.0525,17.7928],[104.0519,17.7928],[104.0519,17.792],[104.0508,17.7917],[104.0505,17.7923],[104.0493,17.7912],[104.0494,17.7896],[104.0482,17.7896],[104.0482,17.789],[104.0494,17.7879],[104.0491,17.7852],[104.0511,17.7852],[104.0514,17.7861],[104.0533,17.7861],[104.0536,17.7872],[104.0542,17.7872],[104.0542,17.7863],[104.0536,17.7863],[104.0533,17.7858],[104.0539,17.7842],[104.0531,17.7842],[104.0531,17.7831],[104.0525,17.7831],[104.0522,17.7836],[104.0508,17.7833],[104.0505,17.7817],[104.0494,17.7812],[104.0497,17.779],[104.0491,17.7774],[104.0486,17.7771],[104.0486,17.7763],[104.05,17.7763],[104.05,17.7776],[104.0511,17.7776],[104.0511,17.7782],[104.0514,17.7771],[104.0542,17.7771],[104.0545,17.7777],[104.0565,17.7774],[104.0565,17.779],[104.0599,17.7788],[104.0602,17.7777],[104.0579,17.778],[104.0579,17.7761],[104.0585,17.7761],[104.0593,17.775],[104.0591,17.7736],[104.0599,17.7736],[104.0599,17.7747],[104.0605,17.775],[104.0602,17.7742],[104.0605,17.7734],[104.0605,17.7739],[104.061,17.7739],[104.061,17.7744],[104.0616,17.7747],[104.0616,17.7761],[104.063,17.7761],[104.0627,17.7766],[104.0636,17.7769],[104.0636,17.7774],[104.063,17.7777],[104.0627,17.7774],[104.0622,17.7774],[104.0624,17.7785],[104.0619,17.7788],[104.0619,17.7793],[104.0621,17.7799],[104.0627,17.7799],[104.0621,17.7801],[104.0621,17.782],[104.0635,17.782],[104.0627,17.7818],[104.0627,17.7812],[104.0638,17.7812],[104.0638,17.7834],[104.0647,17.7837],[104.0644,17.7861],[104.0649,17.7861],[104.0649,17.7867],[104.0655,17.7869],[104.0658,17.7886],[104.0652,17.7888],[104.0652,17.7905],[104.0644,17.7905],[104.0649,17.7907],[104.0649,17.7921],[104.0635,17.7923],[104.0632,17.7915],[104.0626,17.7918],[104.0629,17.7932],[104.0643,17.7929],[104.0643,17.7934],[104.0638,17.7937],[104.0643,17.7967],[104.0635,17.7967],[104.0629,17.7959],[104.0623,17.7961],[104.0623,17.797],[104.0609,17.7972],[104.0612,17.798],[104.0623,17.7989],[104.0617,17.8018],[104.0603,17.8029],[104.06,17.8037],[104.0575,17.804]],[[104.0598,17.7999],[104.0606,17.7999],[104.0606,17.7994],[104.0598,17.7994],[104.0598,17.7999]],[[104.0584,17.7975],[104.0598,17.7978],[104.0598,17.7975],[104.0584,17.7975]],[[104.0604,17.7969],[104.0606,17.7972],[104.0606,17.7969],[104.0604,17.7969]],[[104.0598,17.7967],[104.0604,17.7967],[104.0604,17.7961],[104.0598,17.7961],[104.0598,17.7967]],[[104.0561,17.7956],[104.0564,17.7958],[104.0564,17.7956],[104.0561,17.7956]],[[104.0626,17.7953],[104.0635,17.7956],[104.0635,17.7953],[104.0626,17.7953]],[[104.0561,17.7953],[104.057,17.7953],[104.057,17.795],[104.0561,17.7945],[104.0561,17.7953]],[[104.0542,17.7926],[104.0544,17.7928],[104.0544,17.7926],[104.0542,17.7926]],[[104.055,17.7918],[104.0553,17.792],[104.0553,17.7918],[104.055,17.7918]],[[104.0604,17.7918],[104.0609,17.7921],[104.0609,17.7918],[104.0604,17.7918]],[[104.0584,17.7904],[104.0587,17.7896],[104.0593,17.7893],[104.0578,17.7893],[104.0584,17.7904]],[[104.0641,17.7888],[104.0644,17.7899],[104.0644,17.7888],[104.0641,17.7888]],[[104.0562,17.7893],[104.0567,17.7891],[104.0567,17.7882],[104.0559,17.7885],[104.0562,17.7893]],[[104.0581,17.7891],[104.0604,17.7888],[104.0607,17.7877],[104.0598,17.7877],[104.0598,17.7869],[104.0587,17.7866],[104.0587,17.7883],[104.0581,17.7885],[104.0581,17.7891]],[[104.0644,17.7886],[104.0646,17.7888],[104.0646,17.7886],[104.0644,17.7886]],[[104.0536,17.7885],[104.0542,17.7885],[104.0542,17.7874],[104.0536,17.7874],[104.0536,17.7885]],[[104.0624,17.7875],[104.0641,17.7875],[104.0641,17.7872],[104.063,17.7867],[104.0624,17.7875]],[[104.0601,17.7866],[104.0604,17.7869],[104.0604,17.7866],[104.0601,17.7866]],[[104.0621,17.7858],[104.0627,17.7858],[104.0627,17.7853],[104.0621,17.7853],[104.0621,17.7858]],[[104.0587,17.7855],[104.0593,17.7856],[104.0593,17.7853],[104.0587,17.785],[104.0587,17.7855]],[[104.0641,17.7856],[104.0644,17.785],[104.0632,17.785],[104.0632,17.7853],[104.0641,17.7856]],[[104.0599,17.7845],[104.0604,17.7845],[104.0607,17.7837],[104.0604,17.7826],[104.061,17.7807],[104.0604,17.7807],[104.0596,17.7823],[104.0582,17.7823],[104.0587,17.7828],[104.0601,17.7828],[104.0599,17.7845]],[[104.0633,17.7837],[104.0635,17.7842],[104.0635,17.7837],[104.0633,17.7837]],[[104.0633,17.7829],[104.0635,17.7834],[104.0635,17.7829],[104.0633,17.7829]],[[104.0616,17.7829],[104.0618,17.7831],[104.0618,17.7829],[104.0616,17.7829]],[[104.0553,17.7825],[104.0559,17.7828],[104.0559,17.7826],[104.0553,17.7825]],[[104.0542,17.7825],[104.0551,17.7825],[104.0551,17.7817],[104.0556,17.7817],[104.0553,17.7823],[104.0562,17.7826],[104.0559,17.7817],[104.057,17.7815],[104.057,17.7809],[104.0545,17.7804],[104.0545,17.7785],[104.0522,17.7785],[104.0522,17.7793],[104.0534,17.7796],[104.0536,17.7806],[104.0542,17.7809],[104.0542,17.7825]],[[104.0522,17.7817],[104.0531,17.7817],[104.0531,17.7815],[104.0522,17.7812],[104.0522,17.7817]],[[104.0497,17.7804],[104.05,17.7806],[104.05,17.7804],[104.0497,17.7804]],[[104.0568,17.7801],[104.0582,17.7799],[104.0582,17.7793],[104.0573,17.7793],[104.0568,17.7801]],[[104.0619,17.7772],[104.0622,17.7774],[104.0622,17.7772],[104.0619,17.7772]],[[104.0608,17.7755],[104.0613,17.7755],[104.0613,17.775],[104.0605,17.775],[104.0608,17.7755]]]}},{"type":"Feature","properties":{"kind":"seasonal","area_km2":1.612,"date":"2026-10-09"},"geometry":{"type":"Polygon","coordinates":[[[104.1545,17.2111],[104.1545,17.2098],[104.1553,17.209],[104.1559,17.206],[104.1548,17.2055],[104.1548,17.2046],[104.1531,17.2038],[104.152,17.2027],[104.152,17.2022],[104.1514,17.2022],[104.1509,17.2006],[104.1497,17.1997],[104.1498,17.1981],[104.1492,17.197],[104.1481,17.1962],[104.1467,17.1959],[104.1467,17.1927],[104.1453,17.1927],[104.1453,17.1919],[104.1447,17.1919],[104.1447,17.1908],[104.1441,17.1908],[104.1442,17.1894],[104.1447,17.1891],[104.1436,17.1889],[104.1436,17.1883],[104.1447,17.1872],[104.1453,17.1875],[104.1453,17.187],[104.1459,17.1867],[104.1464,17.1867],[104.1461,17.1886],[104.1492,17.1884],[104.1498,17.1867],[104.1487,17.1865],[104.1484,17.1873],[104.149,17.1878],[104.1475,17.1878],[104.1476,17.1864],[104.1501,17.1856],[104.1509,17.1856],[104.1509,17.1867],[104.1515,17.187],[104.1509,17.1873],[104.1512,17.1881],[104.1498,17.1886],[104.1504,17.1894],[104.1495,17.19],[104.1495,17.1924],[104.1512,17.1927],[104.1515,17.1935],[104.1529,17.1924],[104.1543,17.1922],[104.1549,17.1911],[104.156,17.1911],[104.1588,17.1933],[104.1602,17.1935],[104.1605,17.1941],[104.1616,17.1941],[104.1616,17.1946],[104.163,17.1946],[104.163,17.1933],[104.1644,17.1933],[104.165,17.1922],[104.167,17.1925],[104.1681,17.1941],[104.1678,17.1963],[104.1667,17.1974],[104.1667,17.1985],[104.1661,17.1985],[104.1658,17.2006],[104.1653,17.2009],[104.165,17.2025],[104.1638,17.2041],[104.1633,17.2039],[104.163,17.2028],[104.1636,17.2028],[104.1647,17.2014],[104.1647,17.1971],[104.163,17.1968],[104.1625,17.196],[104.1605,17.1957],[104.1591,17.1941],[104.1574,17.1938],[104.1557,17.1943],[104.1543,17.196],[104.1546,17.1979],[104.1551,17.1981],[104.1551,17.199],[104.156,17.1998],[104.1554,17.2],[104.1545,17.1992],[104.1545,17.1987],[104.1534,17.1981],[104.1529,17.1962],[104.152,17.1962],[104.1526,17.1965],[104.152,17.1968],[104.152,17.1973],[104.1529,17.1976],[104.1526,17.1987],[104.1531,17.2014],[104.1554,17.2019],[104.1554,17.2027],[104.1559,17.2027],[104.1562,17.2033],[104.1576,17.203],[104.1579,17.2044],[104.1576,17.206],[104.1568,17.2076],[104.1562,17.2079],[104.1556,17.2106],[104.1545,17.2111]],[[104.1658,17.1966],[104.1675,17.1957],[104.1675,17.1939],[104.1667,17.193],[104.1659,17.1933],[104.1658,17.1966]],[[104.1526,17.1941],[104.1534,17.1941],[104.1537,17.1933],[104.1526,17.193],[104.1526,17.1941]],[[104.1467,17.1921],[104.147,17.1924],[104.147,17.1921],[104.1467,17.1921]],[[104.1461,17.1916],[104.1467,17.1916],[104.147,17.19],[104.1458,17.1905],[104.1461,17.1916]],[[104.1458,17.1894],[104.1461,17.19],[104.1461,17.1894],[104.1458,17.1894]],[[104.1492,17.1889],[104.1498,17.1892],[104.1498,17.1889],[104.1492,17.1889]],[[104.1501,17.1873],[104.1504,17.1875],[104.1504,17.1873],[104.1501,17.1873]],[[104.1504,17.187],[104.1507,17.1873],[104.1507,17.187],[104.1504,17.187]]]}},{"type":"Feature","properties":{"kind":"seasonal","area_km2":1.324,"date":"2026-10-09"},"geometry":{"type":"Polygon","coordinates":[[[104.6066,17.1635],[104.6066,17.1616],[104.6057,17.1605],[104.6055,17.1583],[104.6041,17.1569],[104.6041,17.1561],[104.6029,17.1559],[104.6027,17.155],[104.6007,17.1534],[104.5984,17.1526],[104.5976,17.1526],[104.5965,17.1539],[104.5959,17.1539],[104.5953,17.1564],[104.5931,17.1575],[104.5933,17.1585],[104.5914,17.1588],[104.5897,17.1613],[104.5885,17.161],[104.5891,17.1599],[104.5886,17.1553],[104.5894,17.1547],[104.5897,17.152],[104.5908,17.1512],[104.5908,17.1504],[104.5914,17.1499],[104.5922,17.1499],[104.5922,17.1491],[104.5936,17.1469],[104.5936,17.1458],[104.5945,17.1453],[104.5945,17.1442],[104.5979,17.1442],[104.5993,17.1436],[104.5999,17.1428],[104.6001,17.1401],[104.601,17.1399],[104.6021,17.1385],[104.6027,17.1385],[104.6027,17.1393],[104.6033,17.1393],[104.603,17.1407],[104.6021,17.1409],[104.6021,17.1415],[104.601,17.1418],[104.6007,17.1434],[104.5996,17.1447],[104.5962,17.1453],[104.5956,17.1474],[104.5936,17.1491],[104.5936,17.1499],[104.5931,17.1501],[104.5931,17.1512],[104.5919,17.1529],[104.5919,17.1545],[104.5914,17.1545],[104.5911,17.1553],[104.5919,17.1553],[104.5919,17.1558],[104.5914,17.1561],[104.5925,17.1564],[104.5928,17.1558],[104.5942,17.1553],[104.5945,17.1545],[104.5953,17.1542],[104.5962,17.1526],[104.5979,17.1523],[104.5979,17.1518],[104.599,17.1512],[104.601,17.151],[104.6024,17.1521],[104.6027,17.1529],[104.6044,17.1534],[104.6046,17.1545],[104.6055,17.1545],[104.6063,17.1561],[104.6074,17.1561],[104.6077,17.1578],[104.6089,17.1583],[104.6089,17.157],[104.6083,17.1567],[104.6094,17.1564],[104.6089,17.1548],[104.6092,17.1513],[104.6094,17.1526],[104.6106,17.1537],[104.6106,17.1553],[104.6111,17.1556],[104.6111,17.1564],[104.61,17.1564],[104.61,17.157],[104.6108,17.1572],[104.6108,17.1586],[104.6086,17.1632],[104.6066,17.1635]],[[104.6083,17.1591],[104.6086,17.1594],[104.6086,17.1591],[104.6083,17.1591]],[[104.608,17.1583],[104.6083,17.1589],[104.6083,17.1583],[104.608,17.1583]]]}},{"type":"Feature","properties":{"kind":"seasonal","area_km2":1.266,"date":"2026-10-09"},"geometry":{"type":"Polygon","coordinates":[[[104.1679,17.1803],[104.1687,17.1795],[104.169,17.1784],[104.1682,17.1781],[104.1676,17.1787],[104.1673,17.1768],[104.1682,17.177],[104.1685,17.1762],[104.1657,17.1759],[104.1657,17.1754],[104.1668,17.1749],[104.1668,17.1727],[104.1699,17.1727],[104.1693,17.1719],[104.1696,17.1703],[104.1708,17.1705],[104.1713,17.17],[104.1713,17.1684],[104.1725,17.1678],[104.1733,17.1657],[104.1756,17.1643],[104.1756,17.163],[104.1764,17.1632],[104.177,17.1624],[104.1778,17.1624],[104.1781,17.1616],[104.1798,17.1616],[104.1801,17.1633],[104.1792,17.1633],[104.179,17.1627],[104.1778,17.163],[104.1778,17.1638],[104.1784,17.1643],[104.1795,17.1643],[104.1829,17.1619],[104.1832,17.1606],[104.1843,17.1595],[104.1844,17.1549],[104.1852,17.1541],[104.1849,17.153],[104.1861,17.153],[104.1861,17.1519],[104.1849,17.1516],[104.1849,17.1505],[104.1855,17.1503],[104.188,17.1505],[104.1883,17.1497],[104.1892,17.1497],[104.19,17.1503],[104.19,17.1508],[104.1906,17.1508],[104.1914,17.1503],[104.1914,17.1497],[104.1928,17.1495],[104.1931,17.15],[104.1923,17.1503],[104.1923,17.1508],[104.1914,17.1508],[104.1914,17.1522],[104.1903,17.1522],[104.19,17.1511],[104.1889,17.1511],[104.1889,17.1543],[104.1877,17.1552],[104.1877,17.156],[104.1858,17.1562],[104.1863,17.1565],[104.1858,17.157],[104.1858,17.1579],[104.1869,17.1581],[104.1858,17.1587],[104.1858,17.1592],[104.1846,17.1603],[104.1846,17.1614],[104.1832,17.1619],[104.1826,17.1625],[104.1826,17.1633],[104.1815,17.1641],[104.1807,17.1641],[104.1807,17.1646],[104.1775,17.1649],[104.1775,17.1657],[104.1781,17.1662],[104.1787,17.166],[104.1787,17.1665],[104.1795,17.1673],[104.1792,17.1684],[104.1784,17.1687],[104.1778,17.1708],[104.1755,17.1722],[104.1722,17.1716],[104.1719,17.1722],[104.1707,17.1724],[104.171,17.1733],[104.1719,17.1735],[104.1719,17.1762],[104.1713,17.1765],[104.1713,17.1771],[104.1693,17.1776],[104.1699,17.1779],[104.1693,17.1781],[104.1699,17.1787],[104.1693,17.1787],[104.169,17.18],[104.1679,17.1803]],[[104.1696,17.1768],[104.171,17.1765],[104.171,17.1757],[104.1716,17.1752],[104.1713,17.1738],[104.1693,17.1738],[104.169,17.1757],[104.1696,17.1768]],[[104.1679,17.1735],[104.1682,17.1741],[104.1682,17.1735],[104.1679,17.1735]],[[104.1744,17.1714],[104.1753,17.1714],[104.1761,17.1706],[104.1761,17.17],[104.175,17.1697],[104.1744,17.1714]],[[104.1761,17.1673],[104.1767,17.1676],[104.1767,17.1673],[104.1761,17.1673]],[[104.177,17.1676],[104.1775,17.1676],[104.1775,17.167],[104.177,17.167],[104.177,17.1676]],[[104.188,17.1522],[104.1883,17.1524],[104.1883,17.1522],[104.188,17.1522]],[[104.1869,17.1522],[104.188,17.1519],[104.188,17.1511],[104.1875,17.1505],[104.1866,17.1508],[104.1869,17.1522]],[[104.1917,17.15],[104.1923,17.1503],[104.1923,17.15],[104.1917,17.15]]]}},{"type":"Feature","properties":{"kind":"seasonal","area_km2":1.264,"date":"2026-10-09"},"geometry":{"type":"Polygon","coordinates":[[[104.7513,17.3749],[104.7513,17.3728],[104.7519,17.3728],[104.7519,17.372],[104.7527,17.372],[104.753,17.3711],[104.7541,17.3711],[104.7541,17.3706],[104.7521,17.3703],[104.7513,17.3711],[104.7516,17.369],[104.7496,17.3687],[104.7496,17.3665],[104.7488,17.3665],[104.7485,17.3654],[104.7479,17.3654],[104.7471,17.3644],[104.7454,17.3638],[104.7474,17.3633],[104.7474,17.3622],[104.7491,17.3622],[104.7496,17.3625],[104.7496,17.3633],[104.7488,17.3633],[104.7485,17.3641],[104.7499,17.3644],[104.7505,17.3649],[104.7516,17.3641],[104.7527,17.3641],[104.7555,17.3617],[104.7567,17.3617],[104.7567,17.3598],[104.7589,17.36],[104.7595,17.3611],[104.7612,17.3614],[104.7623,17.3636],[104.7623,17.3649],[104.7609,17.3657],[104.7592,17.366],[104.7586,17.3682],[104.7581,17.3682],[104.7586,17.3684],[104.7586,17.3692],[104.7578,17.3703],[104.7578,17.372],[104.7572,17.3728],[104.7564,17.373],[104.7561,17.3739],[104.7541,17.3744],[104.7541,17.3733],[104.7536,17.373],[104.7533,17.3747],[104.7513,17.3749]],[[104.7544,17.3733],[104.755,17.3733],[104.755,17.3728],[104.7544,17.3728],[104.7544,17.3733]],[[104.7567,17.372],[104.7572,17.372],[104.7572,17.3711],[104.7567,17.3714],[104.7567,17.372]],[[104.7553,17.3638],[104.7558,17.3641],[104.7558,17.3638],[104.7553,17.3638]],[[104.7587,17.3627],[104.7589,17.3633],[104.7589,17.3627],[104.7587,17.3627]],[[104.7587,17.3622],[104.7603,17.3625],[104.7603,17.3619],[104.7598,17.3622],[104.7598,17.3617],[104.7587,17.3617],[104.7587,17.3622]],[[104.7584,17.3614],[104.7587,17.3617],[104.7587,17.3614],[104.7584,17.3614]]]}},{"type":"Feature","properties":{"kind":"seasonal","area_km2":1.192,"date":"2026-10-09"},"geometry":{"type":"Polygon","coordinates":[[[104.5891,17.5528],[104.5848,17.5487],[104.5846,17.5471],[104.5854,17.5452],[104.5863,17.5444],[104.5882,17.5441],[104.5885,17.5414],[104.5891,17.5409],[104.59,17.5409],[104.5897,17.5398],[104.5888,17.5395],[104.5885,17.5387],[104.5885,17.5366],[104.5897,17.5355],[104.59,17.5336],[104.5905,17.533],[104.5919,17.533],[104.5936,17.5347],[104.5953,17.5349],[104.5953,17.5358],[104.5948,17.5358],[104.5948,17.5363],[104.5956,17.536],[104.5956,17.5379],[104.5965,17.5385],[104.5967,17.5436],[104.595,17.5433],[104.5942,17.5439],[104.5939,17.5433],[104.5936,17.5447],[104.5925,17.5452],[104.5925,17.5461],[104.5916,17.546],[104.5919,17.5466],[104.5911,17.5466],[104.5916,17.5469],[104.5916,17.5474],[104.5897,17.5477],[104.5897,17.5485],[104.5891,17.546],[104.5888,17.5471],[104.5874,17.5474],[104.5871,17.5485],[104.5874,17.5493],[104.5885,17.5496],[104.5885,17.5517],[104.5891,17.5523],[104.5894,17.5517],[104.5896,17.5523],[104.5908,17.5523],[104.5902,17.5528],[104.5891,17.5528]],[[104.5908,17.5452],[104.5911,17.5455],[104.5911,17.5452],[104.5908,17.5452]],[[104.5897,17.5439],[104.5902,17.5441],[104.5902,17.5439],[104.5897,17.5439]],[[104.5945,17.5431],[104.595,17.5431],[104.5953,17.5414],[104.595,17.5423],[104.5942,17.5423],[104.5945,17.5431]],[[104.5931,17.5414],[104.5933,17.5417],[104.5933,17.5414],[104.5931,17.5414]],[[104.5936,17.5412],[104.5945,17.5414],[104.5945,17.5412],[104.5936,17.5412]],[[104.5953,17.5412],[104.5956,17.5414],[104.5956,17.5412],[104.5953,17.5412]],[[104.5956,17.5406],[104.5959,17.5412],[104.5959,17.5406],[104.5956,17.5406]]]}},{"type":"Feature","properties":{"kind":"seasonal","area_km2":0.93,"date":"2026-10-09"},"geometry":{"type":"Polygon","coordinates":[[[104.799,17.177],[104.7984,17.1768],[104.7981,17.1754],[104.7975,17.1754],[104.7978,17.1743],[104.7973,17.1743],[104.797,17.1735],[104.7961,17.1732],[104.7956,17.1711],[104.7953,17.1721],[104.7947,17.1721],[104.7953,17.1732],[104.7944,17.1732],[104.7944,17.1724],[104.793,17.17],[104.7925,17.1678],[104.7928,17.1667],[104.7922,17.167],[104.7925,17.1656],[104.7919,17.1648],[104.7916,17.161],[104.7911,17.161],[104.7908,17.1594],[104.7905,17.1613],[104.7902,17.1594],[104.7905,17.1559],[104.79,17.1488],[104.7908,17.1496],[104.7908,17.151],[104.7914,17.151],[104.7914,17.1521],[104.7919,17.1521],[104.7916,17.1607],[104.7928,17.1624],[104.7928,17.1635],[104.7939,17.1654],[104.795,17.1656],[104.7947,17.1597],[104.7953,17.1591],[104.7959,17.1602],[104.7959,17.1621],[104.7967,17.1629],[104.7967,17.1646],[104.7981,17.1656],[104.7981,17.1675],[104.7987,17.1675],[104.7987,17.1689],[104.7995,17.1708],[104.8001,17.174],[104.8001,17.1762],[104.7995,17.1759],[104.799,17.177]]]}},{"type":"Feature","properties":{"kind":"seasonal","area_km2":0.906,"date":"2026-10-09"},"geometry":{"type":"Polygon","coordinates":[[[104.1622,17.1819],[104.1617,17.1814],[104.1611,17.1816],[104.1614,17.1795],[104.1603,17.1794],[104.1608,17.1781],[104.1603,17.1781],[104.16,17.1773],[104.1589,17.1781],[104.1575,17.1781],[104.1572,17.177],[104.1589,17.177],[104.1589,17.1765],[104.1575,17.1754],[104.1555,17.1754],[104.1555,17.1745],[104.1561,17.174],[104.1572,17.1743],[104.1572,17.1737],[104.1578,17.1737],[104.158,17.1743],[104.1592,17.1737],[104.1589,17.1724],[104.1595,17.171],[104.1598,17.1675],[104.1606,17.1675],[104.1609,17.1681],[104.1617,17.1678],[104.1623,17.1656],[104.1637,17.1656],[104.164,17.1664],[104.1648,17.1665],[104.1671,17.1654],[104.1691,17.1654],[104.1691,17.1673],[104.1671,17.1673],[104.1668,17.1684],[104.1691,17.1684],[104.1691,17.1695],[104.1685,17.1697],[104.1685,17.1703],[104.1671,17.1703],[104.1668,17.1689],[104.1657,17.1689],[104.1657,17.1684],[104.1631,17.1681],[104.1629,17.1689],[104.1634,17.1697],[104.1646,17.1697],[104.1648,17.1713],[104.1631,17.1716],[104.1626,17.1721],[104.162,17.1743],[104.1603,17.1743],[104.1606,17.1748],[104.162,17.1748],[104.1631,17.1757],[104.164,17.1757],[104.1639,17.1805],[104.1637,17.1811],[104.1631,17.1811],[104.1631,17.1819],[104.1622,17.1819]],[[104.1608,17.1776],[104.1611,17.1778],[104.1611,17.1776],[104.1608,17.1776]],[[104.1603,17.1776],[104.1608,17.1776],[104.1609,17.1773],[104.1606,17.1773],[104.1606,17.177],[104.1603,17.177],[104.1603,17.1776]],[[104.16,17.1767],[104.1603,17.177],[104.1603,17.1767],[104.16,17.1767]]]}},{"type":"Feature","properties":{"kind":"seasonal","area_km2":0.872,"date":"2026-10-09"},"geometry":{"type":"Polygon","coordinates":[[[104.7427,17.0403],[104.7427,17.0395],[104.7419,17.0389],[104.7419,17.0384],[104.741,17.0384],[104.741,17.0378],[104.7405,17.0378],[104.7396,17.0362],[104.7391,17.0362],[104.7388,17.0351],[104.7379,17.0343],[104.7382,17.0338],[104.7374,17.0332],[104.7374,17.0321],[104.7351,17.03],[104.7351,17.0286],[104.7346,17.0278],[104.7348,17.0273],[104.7363,17.03],[104.7374,17.03],[104.7382,17.0224],[104.738,17.0202],[104.7385,17.0191],[104.7388,17.0164],[104.7394,17.021],[104.7402,17.021],[104.7408,17.0224],[104.741,17.0256],[104.7416,17.0265],[104.7419,17.0284],[104.7419,17.0313],[104.743,17.0351],[104.743,17.0373],[104.7436,17.0373],[104.7436,17.0384],[104.743,17.0384],[104.743,17.0389],[104.7436,17.0389],[104.743,17.0395],[104.7436,17.0397],[104.743,17.0397],[104.7427,17.0403]]]}},{"type":"Feature","properties":{"kind":"seasonal","area_km2":0.695,"date":"2026-10-09"},"geometry":{"type":"Polygon","coordinates":[[[104.797,17.3845],[104.7968,17.3834],[104.7962,17.3834],[104.7962,17.3815],[104.7959,17.381],[104.7953,17.3809],[104.7953,17.3755],[104.7959,17.375],[104.7965,17.3717],[104.7976,17.3704],[104.7982,17.3677],[104.7987,17.3674],[104.7987,17.3666],[104.7993,17.3663],[104.8002,17.3647],[104.8002,17.3652],[104.8007,17.3655],[104.8007,17.3685],[104.7999,17.3715],[104.7996,17.3801],[104.7987,17.3815],[104.7987,17.3823],[104.7982,17.3823],[104.7982,17.3831],[104.797,17.3845]],[[104.797,17.3828],[104.7973,17.3831],[104.7973,17.3829],[104.797,17.3828]],[[104.7973,17.3826],[104.7976,17.3829],[104.7976,17.3826],[104.7973,17.3826]],[[104.7982,17.3812],[104.7984,17.3815],[104.7984,17.3812],[104.7982,17.3812]],[[104.7984,17.381],[104.7987,17.3812],[104.7987,17.381],[104.7984,17.381]],[[104.7984,17.3801],[104.7987,17.3804],[104.7987,17.3801],[104.7984,17.3801]],[[104.7982,17.3704],[104.7985,17.3706],[104.7985,17.3704],[104.7982,17.3704]],[[104.7987,17.3701],[104.799,17.3704],[104.799,17.3701],[104.7987,17.3701]]]}},{"type":"Feature","properties":{"kind":"seasonal","area_km2":0.636,"date":"2026-10-09"},"geometry":{"type":"Polygon","coordinates":[[[104.168,17.3999],[104.168,17.3991],[104.1695,17.3978],[104.1703,17.3937],[104.1709,17.3937],[104.1712,17.3929],[104.1723,17.3926],[104.1723,17.3913],[104.1717,17.391],[104.1717,17.3902],[104.1729,17.3894],[104.1729,17.3883],[104.1737,17.388],[104.174,17.3888],[104.1751,17.3886],[104.1751,17.388],[104.1757,17.3878],[104.176,17.3856],[104.178,17.3861],[104.178,17.3867],[104.1768,17.387],[104.1768,17.3875],[104.1774,17.388],[104.1774,17.3916],[104.1782,17.3921],[104.1785,17.3935],[104.1779,17.3926],[104.1771,17.3929],[104.1771,17.3935],[104.1777,17.3932],[104.1782,17.3943],[104.1771,17.3951],[104.1768,17.3967],[104.1762,17.397],[104.1762,17.3992],[104.1754,17.3997],[104.1754,17.3986],[104.1759,17.3983],[104.176,17.397],[104.1754,17.3967],[104.1748,17.397],[104.1745,17.3981],[104.1737,17.3975],[104.172,17.3983],[104.1723,17.3975],[104.1737,17.3972],[104.1734,17.3962],[104.1751,17.3964],[104.1748,17.3951],[104.1737,17.3953],[104.1734,17.3959],[104.1717,17.3956],[104.1717,17.3961],[104.1726,17.3962],[104.1726,17.397],[104.1712,17.3964],[104.1709,17.3951],[104.1709,17.397],[104.1703,17.3975],[104.1703,17.3986],[104.1692,17.3988],[104.168,17.3999]],[[104.1714,17.3951],[104.1729,17.3951],[104.1734,17.3934],[104.172,17.3932],[104.1714,17.394],[104.1714,17.3951]],[[104.1757,17.3943],[104.1762,17.3951],[104.1762,17.3943],[104.1757,17.3943]],[[104.1737,17.3934],[104.1746,17.3924],[104.1743,17.3918],[104.1734,17.3926],[104.1737,17.3934]],[[104.1757,17.3918],[104.1763,17.3918],[104.1763,17.391],[104.1754,17.391],[104.1757,17.3918]],[[104.1746,17.3905],[104.1751,17.3905],[104.1757,17.3894],[104.1749,17.3897],[104.1746,17.3905]]]}},{"type":"Feature","properties":{"kind":"seasonal","area_km2":0.615,"date":"2026-10-09"},"geometry":{"type":"Polygon","coordinates":[[[104.1766,17.6201],[104.1752,17.619],[104.1738,17.6188],[104.1727,17.6177],[104.1727,17.6169],[104.1747,17.6158],[104.1747,17.6153],[104.1758,17.6142],[104.1764,17.6142],[104.1767,17.6134],[104.1775,17.6134],[104.1787,17.6123],[104.1818,17.6118],[104.1823,17.6112],[104.1849,17.6115],[104.1849,17.612],[104.1857,17.6126],[104.1857,17.6134],[104.1849,17.6145],[104.1837,17.615],[104.1832,17.6169],[104.1823,17.6169],[104.1823,17.6161],[104.1818,17.6161],[104.1815,17.6153],[104.1803,17.615],[104.1801,17.6166],[104.1789,17.6169],[104.1789,17.618],[104.1767,17.618],[104.1766,17.6191],[104.1775,17.6193],[104.1775,17.6201],[104.1766,17.6201]]]}},{"type":"Feature","properties":{"kind":"seasonal","area_km2":0.599,"date":"2026-10-09"},"geometry":{"type":"Polygon","coordinates":[[[104.2153,17.7128],[104.215,17.7122],[104.2136,17.7122],[104.2136,17.7117],[104.2127,17.7117],[104.2122,17.7106],[104.2113,17.7103],[104.2108,17.7081],[104.2099,17.7068],[104.2099,17.7043],[104.2119,17.7046],[104.2122,17.7041],[104.2133,17.7041],[104.2139,17.7033],[104.2173,17.703],[104.2184,17.7022],[104.2201,17.7022],[104.2198,17.7046],[104.2173,17.7071],[104.2167,17.7068],[104.2167,17.7073],[104.2161,17.7073],[104.2167,17.7076],[104.2167,17.7106],[104.215,17.7106],[104.215,17.7081],[104.2142,17.7081],[104.2142,17.7076],[104.215,17.7073],[104.2139,17.7073],[104.2136,17.7081],[104.2122,17.7076],[104.2122,17.7098],[104.2136,17.7098],[104.2141,17.7103],[104.2141,17.7114],[104.2147,17.7111],[104.215,17.7119],[104.2167,17.7125],[104.2172,17.7122],[104.2172,17.7128],[104.2153,17.7128]]]}},{"type":"Feature","properties":{"kind":"seasonal","area_km2":0.593,"date":"2026-10-09"},"geometry":{"type":"Polygon","coordinates":[[[104.3079,17.1681],[104.3079,17.1667],[104.3064,17.167],[104.3059,17.1662],[104.3059,17.1654],[104.3065,17.1648],[104.3065,17.1626],[104.307,17.1621],[104.3073,17.1605],[104.3084,17.1602],[104.309,17.161],[104.3115,17.1605],[104.3115,17.161],[104.3127,17.161],[104.313,17.1605],[104.3124,17.1605],[104.3124,17.1583],[104.3132,17.1583],[104.3135,17.1578],[104.3149,17.1578],[104.3152,17.1583],[104.3158,17.1583],[104.3158,17.1613],[104.3144,17.1624],[104.3127,17.1627],[104.3121,17.1662],[104.3104,17.167],[104.3093,17.167],[104.3087,17.1681],[104.3079,17.1681]],[[104.3096,17.1656],[104.3101,17.1659],[104.3101,17.1656],[104.3096,17.1656]],[[104.3127,17.1619],[104.313,17.1621],[104.313,17.1619],[104.3127,17.1619]],[[104.3124,17.1613],[104.3127,17.1619],[104.3127,17.1613],[104.3124,17.1613]],[[104.3127,17.161],[104.313,17.1613],[104.313,17.161],[104.3127,17.161]],[[104.3149,17.1589],[104.3152,17.1592],[104.3152,17.1589],[104.3149,17.1589]]]}},{"type":"Feature","properties":{"kind":"seasonal","area_km2":0.523,"date":"2026-10-09"},"geometry":{"type":"Polygon","coordinates":[[[104.1309,17.73],[104.1309,17.7284],[104.1314,17.7279],[104.1326,17.7281],[104.1326,17.726],[104.1332,17.7257],[104.1334,17.7246],[104.134,17.7246],[104.1332,17.7235],[104.1335,17.723],[104.1326,17.7197],[104.1346,17.7195],[104.1354,17.7208],[104.138,17.7211],[104.1386,17.7219],[104.1391,17.7219],[104.1391,17.7233],[104.1385,17.7233],[104.1385,17.7244],[104.1377,17.7246],[104.1377,17.7265],[104.1363,17.7279],[104.1357,17.7279],[104.1357,17.7284],[104.1351,17.7284],[104.1346,17.7295],[104.1337,17.7295],[104.1337,17.729],[104.1331,17.7287],[104.1331,17.7298],[104.1309,17.73]],[[104.1326,17.7281],[104.1329,17.7284],[104.1329,17.7281],[104.1326,17.7281]],[[104.1366,17.7244],[104.1371,17.7246],[104.1371,17.7244],[104.1366,17.7244]]]}},{"type":"Feature","properties":{"kind":"seasonal","area_km2":0.508,"date":"2026-10-09"},"geometry":{"type":"Polygon","coordinates":[[[104.8133,17.2375],[104.8133,17.2367],[104.8127,17.2364],[104.813,17.2337],[104.8127,17.2332],[104.8119,17.2332],[104.8113,17.2313],[104.8107,17.2313],[104.8107,17.2305],[104.8113,17.2305],[104.8107,17.2302],[104.8107,17.2296],[104.8113,17.2294],[104.8107,17.2294],[104.8102,17.2272],[104.811,17.2269],[104.8105,17.2267],[104.8105,17.2261],[104.811,17.2259],[104.8105,17.2259],[104.8105,17.225],[104.8099,17.2248],[104.8099,17.218],[104.8105,17.218],[104.8102,17.2166],[104.8108,17.2172],[104.8108,17.2188],[104.8113,17.2193],[104.8125,17.2188],[104.8113,17.2131],[104.8125,17.2137],[104.8136,17.2326],[104.8133,17.2375]]]}},{"type":"Feature","properties":{"kind":"seasonal","area_km2":0.506,"date":"2026-10-09"},"geometry":{"type":"Polygon","coordinates":[[[104.578,17.562],[104.578,17.5615],[104.5775,17.5615],[104.5778,17.5599],[104.5789,17.5599],[104.5789,17.559],[104.5778,17.5574],[104.5769,17.5574],[104.5769,17.5566],[104.5786,17.5555],[104.5786,17.555],[104.5809,17.5523],[104.5837,17.5509],[104.5837,17.5504],[104.5843,17.5501],[104.5843,17.549],[104.5851,17.549],[104.5871,17.5512],[104.5863,17.5512],[104.5863,17.5517],[104.5857,17.5517],[104.5857,17.5512],[104.5837,17.5512],[104.5837,17.5517],[104.582,17.5523],[104.582,17.5566],[104.5837,17.5563],[104.584,17.5558],[104.5851,17.5558],[104.5854,17.5553],[104.5862,17.5553],[104.5865,17.5544],[104.5874,17.5544],[104.5882,17.5536],[104.5885,17.5542],[104.5868,17.5558],[104.5834,17.5569],[104.5826,17.5577],[104.582,17.5593],[104.5811,17.5599],[104.5806,17.5618],[104.5794,17.5615],[104.5794,17.562],[104.578,17.562]]]}},{"type":"Feature","properties":{"kind":"seasonal","area_km2":0.493,"date":"2026-10-09"},"geometry":{"type":"Polygon","coordinates":[[[104.0525,17.7768],[104.0525,17.7758],[104.0531,17.7747],[104.054,17.7741],[104.054,17.7733],[104.0545,17.7731],[104.0551,17.7717],[104.0548,17.7712],[104.0543,17.7717],[104.0534,17.7717],[104.0534,17.7709],[104.054,17.7706],[104.054,17.769],[104.0554,17.7693],[104.0554,17.7701],[104.0563,17.7701],[104.0563,17.7695],[104.0571,17.7693],[104.0582,17.7693],[104.0582,17.7701],[104.0588,17.7698],[104.0591,17.7704],[104.0588,17.769],[104.0571,17.7674],[104.0551,17.7676],[104.0546,17.7671],[104.0546,17.7663],[104.058,17.7663],[104.058,17.7668],[104.0571,17.7671],[104.0594,17.7682],[104.0599,17.7701],[104.0605,17.7701],[104.0596,17.7712],[104.0602,17.7715],[104.0602,17.772],[104.0613,17.772],[104.0608,17.7709],[104.0613,17.7696],[104.0613,17.7706],[104.0619,17.7709],[104.0616,17.7723],[104.0622,17.7725],[104.0599,17.7725],[104.0591,17.7717],[104.0582,17.7731],[104.0588,17.7733],[104.0588,17.7755],[104.0582,17.7752],[104.0579,17.7758],[104.0568,17.776],[104.0551,17.7758],[104.054,17.7763],[104.054,17.7768],[104.0525,17.7768]],[[104.0551,17.7725],[104.0557,17.7744],[104.0562,17.7725],[104.0551,17.7725]]]}},{"type":"Feature","properties":{"kind":"seasonal","area_km2":0.478,"date":"2026-10-09"},"geometry":{"type":"Polygon","coordinates":[[[103.9985,17.7823],[103.9985,17.7817],[103.9968,17.7817],[103.9965,17.7809],[103.9956,17.7806],[103.9957,17.7747],[103.9965,17.7747],[103.9965,17.7728],[103.996,17.7728],[103.9965,17.772],[103.9957,17.7719],[103.996,17.7695],[103.9971,17.7695],[103.9974,17.7703],[103.9985,17.7703],[103.9994,17.7712],[103.9994,17.7731],[103.9988,17.7736],[103.9988,17.7744],[103.9996,17.7747],[103.9996,17.7823],[103.9985,17.7823]],[[103.9965,17.779],[103.9971,17.779],[103.9971,17.7782],[103.9965,17.7785],[103.9965,17.779]],[[103.9971,17.7771],[103.9976,17.7771],[103.9974,17.7763],[103.9971,17.7763],[103.9971,17.7771]]]}},{"type":"Feature","properties":{"kind":"seasonal","area_km2":0.455,"date":"2026-10-09"},"geometry":{"type":"Polygon","coordinates":[[[104.0307,17.6197],[104.0305,17.6173],[104.0302,17.6165],[104.0293,17.6159],[104.0294,17.6146],[104.0319,17.6149],[104.0325,17.6143],[104.0322,17.6132],[104.0328,17.6133],[104.0328,17.6119],[104.0339,17.6114],[104.0342,17.61],[104.0353,17.61],[104.0367,17.6108],[104.0387,17.6108],[104.0393,17.6114],[104.0387,17.6146],[104.0378,17.6154],[104.0367,17.6157],[104.0361,17.6165],[104.0344,17.6165],[104.0336,17.6173],[104.0336,17.6181],[104.0327,17.6176],[104.033,17.6168],[104.0339,17.6168],[104.0339,17.6162],[104.0327,17.6157],[104.0327,17.6168],[104.0319,17.6168],[104.0322,17.6181],[104.0316,17.6184],[104.0316,17.6192],[104.031,17.6192],[104.0307,17.6197]],[[104.031,17.616],[104.0319,17.6162],[104.0319,17.616],[104.031,17.616]],[[104.035,17.616],[104.0356,17.6162],[104.0356,17.616],[104.035,17.616]],[[104.0356,17.6157],[104.0359,17.616],[104.0359,17.6157],[104.0356,17.6157]],[[104.0344,17.6157],[104.0353,17.6154],[104.0361,17.6138],[104.0342,17.6143],[104.0344,17.6157]],[[104.0359,17.6157],[104.0364,17.6157],[104.0367,17.6152],[104.0361,17.6152],[104.0359,17.6157]],[[104.0367,17.6152],[104.0378,17.6149],[104.0378,17.6144],[104.0367,17.6146],[104.0367,17.6152]],[[104.0381,17.6141],[104.0384,17.6144],[104.0384,17.6141],[104.0381,17.6141]],[[104.037,17.6133],[104.0373,17.6138],[104.0376,17.6133],[104.037,17.6133]],[[104.0342,17.6116],[104.0359,17.6125],[104.0359,17.6116],[104.0342,17.6111],[104.0342,17.6116]],[[104.0376,17.6116],[104.0384,17.6119],[104.0384,17.6117],[104.0376,17.6116]]]}},{"type":"Feature","properties":{"kind":"seasonal","area_km2":0.451,"date":"2026-10-09"},"geometry":{"type":"Polygon","coordinates":[[[104.1738,17.6261],[104.1735,17.6247],[104.1732,17.6255],[104.1707,17.6253],[104.1698,17.6247],[104.1696,17.6239],[104.1684,17.6234],[104.1687,17.6217],[104.1701,17.6215],[104.171,17.6204],[104.1721,17.6201],[104.173,17.6193],[104.1747,17.6193],[104.1758,17.6207],[104.1764,17.6207],[104.1766,17.6226],[104.1752,17.6226],[104.1752,17.6231],[104.1755,17.6242],[104.1772,17.6245],[104.1769,17.6258],[104.1755,17.6261],[104.1752,17.6256],[104.1752,17.6261],[104.1738,17.6261]]]}},{"type":"Feature","properties":{"kind":"seasonal","area_km2":0.434,"date":"2026-10-09"},"geometry":{"type":"Polygon","coordinates":[[[104.4271,17.2905],[104.4271,17.288],[104.4268,17.287],[104.4262,17.2867],[104.4262,17.2848],[104.4274,17.2834],[104.4271,17.2859],[104.4279,17.2859],[104.4279,17.2845],[104.4296,17.284],[104.4296,17.2829],[104.4305,17.2824],[104.4305,17.2815],[104.4311,17.2815],[104.4319,17.2799],[104.4325,17.2799],[104.4336,17.281],[104.4344,17.2807],[104.4344,17.2802],[104.4336,17.2794],[104.4339,17.2761],[104.4344,17.2791],[104.4356,17.281],[104.4367,17.2816],[104.4367,17.2821],[104.4375,17.2826],[104.4381,17.2837],[104.4381,17.2851],[104.4373,17.2851],[104.4364,17.2843],[104.4364,17.2837],[104.4353,17.2829],[104.4319,17.2824],[104.4305,17.284],[104.4305,17.2845],[104.4291,17.2853],[104.4291,17.2867],[104.4296,17.2872],[104.4296,17.2894],[104.4288,17.2899],[104.4288,17.2905],[104.4271,17.2905]],[[104.4274,17.287],[104.4277,17.2872],[104.4277,17.287],[104.4274,17.287]],[[104.4277,17.2861],[104.4279,17.2864],[104.4279,17.2861],[104.4277,17.2861]]]}},{"type":"Feature","properties":{"kind":"seasonal","area_km2":0.425,"date":"2026-10-09"},"geometry":{"type":"Polygon","coordinates":[[[104.8084,17.3389],[104.8084,17.3362],[104.8064,17.3351],[104.8061,17.3292],[104.807,17.3284],[104.8067,17.3273],[104.8073,17.3273],[104.8073,17.3259],[104.8081,17.3246],[104.8081,17.3229],[104.8087,17.3227],[104.8087,17.324],[104.8092,17.324],[104.8092,17.3259],[104.8098,17.3275],[104.8098,17.3305],[104.8092,17.3322],[104.8095,17.3327],[104.8104,17.3324],[104.8104,17.3341],[104.8098,17.3357],[104.8092,17.3359],[104.8092,17.3381],[104.8087,17.3381],[104.8084,17.3389]],[[104.8087,17.3359],[104.8089,17.3365],[104.8089,17.3359],[104.8087,17.3359]],[[104.8089,17.3354],[104.8092,17.3359],[104.8092,17.3354],[104.8089,17.3354]],[[104.8078,17.3354],[104.8081,17.3357],[104.8081,17.3354],[104.8078,17.3354]],[[104.8092,17.3351],[104.8095,17.3354],[104.8095,17.3351],[104.8092,17.3351]],[[104.8092,17.3343],[104.8095,17.3346],[104.8095,17.3343],[104.8092,17.3343]],[[104.8064,17.3327],[104.8067,17.333],[104.8067,17.3327],[104.8064,17.3327]],[[104.8089,17.3327],[104.8092,17.333],[104.8092,17.3327],[104.8089,17.3327]],[[104.8087,17.3316],[104.8089,17.3324],[104.8089,17.3316],[104.8087,17.3316]],[[104.8087,17.3294],[104.809,17.3297],[104.809,17.3294],[104.8087,17.3294]],[[104.8081,17.3292],[104.8084,17.3294],[104.8084,17.3292],[104.8081,17.3292]],[[104.809,17.3292],[104.8092,17.3294],[104.8092,17.3292],[104.809,17.3292]],[[104.8087,17.3284],[104.8092,17.3284],[104.809,17.3273],[104.8087,17.3273],[104.8087,17.3284]],[[104.807,17.3275],[104.8073,17.3278],[104.8073,17.3275],[104.807,17.3275]],[[104.8078,17.327],[104.8081,17.3273],[104.8081,17.327],[104.8078,17.327]],[[104.8078,17.3267],[104.8081,17.3262],[104.8075,17.3259],[104.8075,17.3265],[104.8078,17.3267]],[[104.8084,17.3246],[104.8087,17.3248],[104.8087,17.3246],[104.8084,17.3246]]]}},{"type":"Feature","properties":{"kind":"seasonal","area_km2":0.418,"date":"2026-10-09"},"geometry":{"type":"Polygon","coordinates":[[[104.0125,17.7026],[104.0125,17.6999],[104.0119,17.6991],[104.0122,17.6986],[104.0114,17.6986],[104.0111,17.6977],[104.0117,17.6942],[104.0148,17.6937],[104.0162,17.6945],[104.017,17.6945],[104.0168,17.6959],[104.0159,17.6961],[104.0153,17.6969],[104.015,17.6986],[104.0162,17.6994],[104.017,17.6994],[104.0173,17.7005],[104.0156,17.7007],[104.015,17.7024],[104.0125,17.7026]],[[104.0125,17.6986],[104.0128,17.6988],[104.0128,17.6986],[104.0125,17.6986]],[[104.0122,17.6983],[104.0125,17.6986],[104.0125,17.6983],[104.0122,17.6983]]]}},{"type":"Feature","properties":{"kind":"seasonal","area_km2":0.415,"date":"2026-10-09"},"geometry":{"type":"Polygon","coordinates":[[[104.1454,17.6504],[104.1448,17.649],[104.1417,17.6493],[104.1414,17.6476],[104.1423,17.6476],[104.1432,17.6468],[104.1443,17.6468],[104.1446,17.6458],[104.1429,17.6425],[104.1386,17.6417],[104.1384,17.6403],[104.1378,17.64],[104.1378,17.6392],[104.1384,17.6392],[104.1384,17.6384],[104.1378,17.6384],[104.1378,17.6373],[104.1392,17.6373],[104.1392,17.6379],[104.1398,17.6379],[104.1398,17.6392],[104.1404,17.6392],[104.1406,17.6406],[104.1426,17.6409],[104.1429,17.6414],[104.1443,17.6414],[104.1443,17.6422],[104.1449,17.6425],[104.1449,17.6431],[104.1454,17.6431],[104.1454,17.6439],[104.1463,17.6436],[104.1468,17.645],[104.1463,17.6474],[104.1465,17.649],[104.1457,17.6493],[104.1462,17.6504],[104.1454,17.6504]],[[104.1454,17.6479],[104.146,17.6482],[104.146,17.6479],[104.1454,17.6479]]]}},{"type":"Feature","properties":{"kind":"seasonal","area_km2":0.403,"date":"2026-10-09"},"geometry":{"type":"Polygon","coordinates":[[[104.1858,17.1394],[104.1858,17.1381],[104.1853,17.1378],[104.185,17.1356],[104.1859,17.1354],[104.1859,17.134],[104.1867,17.1332],[104.1847,17.1326],[104.1845,17.1269],[104.1865,17.1264],[104.1873,17.1267],[104.1879,17.1275],[104.1881,17.1337],[104.1876,17.1345],[104.1881,17.1351],[104.1881,17.1375],[104.1873,17.1381],[104.1873,17.1389],[104.1867,17.1394],[104.1858,17.1394]]]}},{"type":"Feature","properties":{"kind":"seasonal","area_km2":0.391,"date":"2026-10-09"},"geometry":{"type":"Polygon","coordinates":[[[104.4293,17.6679],[104.4287,17.6674],[104.4287,17.6655],[104.4282,17.6644],[104.4265,17.6631],[104.4251,17.6628],[104.4248,17.6617],[104.4256,17.6617],[104.4256,17.6622],[104.4262,17.6622],[104.4285,17.6644],[104.429,17.6644],[104.429,17.6652],[104.4293,17.6647],[104.4304,17.6647],[104.4302,17.6612],[104.4304,17.6604],[104.431,17.6604],[104.431,17.6595],[104.4299,17.6601],[104.4299,17.6582],[104.431,17.6587],[104.4321,17.6579],[104.4299,17.6568],[104.4296,17.6549],[104.431,17.6536],[104.4319,17.6536],[104.4319,17.6544],[104.431,17.6549],[104.4307,17.6557],[104.4319,17.6566],[104.4333,17.6568],[104.4333,17.659],[104.4316,17.6609],[104.4316,17.6625],[104.4318,17.6636],[104.4327,17.6642],[104.4327,17.6652],[104.4313,17.6677],[104.4293,17.6679]],[[104.431,17.6593],[104.4313,17.6595],[104.4313,17.6593],[104.431,17.6593]],[[104.4302,17.659],[104.4304,17.6593],[104.4304,17.659],[104.4302,17.659]]]}},{"type":"Feature","properties":{"kind":"seasonal","area_km2":0.383,"date":"2026-10-09"},"geometry":{"type":"Polygon","coordinates":[[[104.8051,17.2738],[104.8042,17.2676],[104.8048,17.2671],[104.8045,17.2638],[104.8048,17.2625],[104.8054,17.2622],[104.8054,17.2584],[104.8059,17.2584],[104.8062,17.2576],[104.8068,17.2587],[104.8068,17.2608],[104.8059,17.2608],[104.8056,17.2614],[104.8059,17.2633],[104.8068,17.2633],[104.807,17.2641],[104.8076,17.2641],[104.8073,17.2619],[104.8079,17.2622],[104.8082,17.2614],[104.8085,17.263],[104.8079,17.2641],[104.8079,17.2671],[104.8065,17.2706],[104.8062,17.2728],[104.8056,17.2728],[104.8056,17.2736],[104.8051,17.2738]],[[104.8068,17.2665],[104.8073,17.2668],[104.8073,17.2665],[104.8068,17.2665]]]}},{"type":"Feature","properties":{"kind":"seasonal","area_km2":0.381,"date":"2026-10-09"},"geometry":{"type":"Polygon","coordinates":[[[104.0272,17.2198],[104.0272,17.2193],[104.0266,17.219],[104.0267,17.2176],[104.0275,17.2168],[104.0272,17.2157],[104.0281,17.2155],[104.0281,17.2144],[104.0289,17.2144],[104.0295,17.2152],[104.0295,17.2144],[104.0303,17.2133],[104.0301,17.2111],[104.0318,17.2106],[104.032,17.2122],[104.0332,17.2122],[104.0332,17.2128],[104.034,17.2133],[104.034,17.2144],[104.0329,17.2144],[104.0329,17.2177],[104.0309,17.2176],[104.0312,17.2168],[104.0306,17.2168],[104.0306,17.2185],[104.0281,17.219],[104.0281,17.2195],[104.0272,17.2198]],[[104.0289,17.2168],[104.0292,17.2171],[104.0292,17.2168],[104.0289,17.2168]]]}},{"type":"Feature","properties":{"kind":"seasonal","area_km2":0.375,"date":"2026-10-09"},"geometry":{"type":"Polygon","coordinates":[[[104.0465,17.7893],[104.046,17.7882],[104.0446,17.7882],[104.0443,17.7876],[104.0437,17.7876],[104.0437,17.7871],[104.0446,17.7868],[104.044,17.7863],[104.0446,17.7852],[104.0429,17.7849],[104.0426,17.7857],[104.042,17.7857],[104.0414,17.7865],[104.0406,17.7865],[104.0406,17.7855],[104.0412,17.7849],[104.0409,17.7841],[104.0415,17.7836],[104.0426,17.7841],[104.0423,17.7825],[104.0435,17.7822],[104.0435,17.7811],[104.0443,17.7809],[104.0446,17.7801],[104.046,17.7801],[104.0466,17.7809],[104.048,17.7809],[104.0494,17.7817],[104.0494,17.7833],[104.048,17.7833],[104.048,17.7828],[104.0454,17.7825],[104.0449,17.7817],[104.044,17.7814],[104.044,17.782],[104.0446,17.782],[104.044,17.7822],[104.044,17.7841],[104.0449,17.7844],[104.0443,17.7849],[104.0466,17.7847],[104.0465,17.7855],[104.0451,17.786],[104.0482,17.7858],[104.0482,17.7871],[104.0477,17.7874],[104.0474,17.7893],[104.0465,17.7893]]]}},{"type":"Feature","properties":{"kind":"seasonal","area_km2":0.365,"date":"2026-10-09"},"geometry":{"type":"Polygon","coordinates":[[[104.3661,17.6997],[104.3658,17.6968],[104.367,17.6968],[104.3672,17.6949],[104.3695,17.6924],[104.3724,17.6922],[104.3729,17.6924],[104.3729,17.693],[104.374,17.6933],[104.374,17.6943],[104.3729,17.6946],[104.3729,17.6952],[104.3721,17.6957],[104.3715,17.6968],[104.3704,17.6973],[104.3689,17.697],[104.3695,17.6979],[104.3689,17.6981],[104.3686,17.6992],[104.3661,17.6997]],[[104.3684,17.6981],[104.3689,17.6979],[104.3689,17.6973],[104.3684,17.6976],[104.3684,17.6981]],[[104.3684,17.6968],[104.3687,17.697],[104.3687,17.6968],[104.3684,17.6968]],[[104.3695,17.696],[104.3698,17.6962],[104.3698,17.696],[104.3695,17.696]],[[104.3684,17.696],[104.3689,17.696],[104.3689,17.6954],[104.3684,17.6954],[104.3684,17.696]],[[104.3692,17.6957],[104.3695,17.696],[104.3695,17.6957],[104.3692,17.6957]]]}},{"type":"Feature","properties":{"kind":"seasonal","area_km2":0.353,"date":"2026-10-09"},"geometry":{"type":"Polygon","coordinates":[[[104.8098,17.3227],[104.8098,17.3178],[104.8104,17.3153],[104.8107,17.3099],[104.8115,17.3069],[104.8124,17.3059],[104.8124,17.304],[104.8129,17.304],[104.8127,17.301],[104.8135,17.2993],[104.8135,17.2974],[104.8146,17.2947],[104.8141,17.301],[104.8135,17.3018],[104.8135,17.3042],[104.8129,17.305],[104.8129,17.3099],[104.8135,17.3107],[104.8138,17.3132],[104.8135,17.32],[104.8129,17.3134],[104.8124,17.3129],[104.8124,17.3113],[104.8118,17.3113],[104.8098,17.3227]]]}},{"type":"Feature","properties":{"kind":"seasonal","area_km2":0.348,"date":"2026-10-09"},"geometry":{"type":"Polygon","coordinates":[[[104.0214,17.7317],[104.0208,17.7311],[104.0191,17.7309],[104.0188,17.7303],[104.018,17.7303],[104.0177,17.7287],[104.0186,17.7287],[104.0188,17.7292],[104.0205,17.7298],[104.0208,17.7292],[104.0219,17.7292],[104.0234,17.7282],[104.0245,17.7282],[104.0256,17.7284],[104.0265,17.7293],[104.0276,17.7293],[104.0279,17.7298],[104.0313,17.7293],[104.0318,17.7304],[104.0318,17.7317],[104.0296,17.7312],[104.0253,17.7314],[104.0253,17.7309],[104.0245,17.7309],[104.0242,17.7317],[104.0214,17.7317]]]}},{"type":"Feature","properties":{"kind":"seasonal","area_km2":0.342,"date":"2026-10-09"},"geometry":{"type":"Polygon","coordinates":[[[104.1118,17.7606],[104.1115,17.7598],[104.1106,17.7595],[104.1109,17.7584],[104.1101,17.7581],[104.1095,17.7573],[104.1084,17.7573],[104.1075,17.7565],[104.1075,17.7554],[104.1081,17.7554],[104.1081,17.7562],[104.109,17.757],[104.1109,17.7571],[104.1109,17.7565],[104.1104,17.7565],[104.1109,17.756],[104.1129,17.7562],[104.1126,17.7557],[104.1104,17.7557],[104.1107,17.7552],[104.1095,17.7551],[104.1101,17.7549],[104.1095,17.7546],[104.1101,17.753],[104.1121,17.7514],[104.111,17.7467],[104.1116,17.7468],[104.1124,17.7476],[104.1127,17.7516],[104.1124,17.7524],[104.1115,17.7527],[104.1109,17.7541],[104.1104,17.7541],[104.1104,17.7549],[104.1115,17.7549],[104.1112,17.7541],[104.1124,17.7538],[104.1124,17.7527],[104.1129,17.7522],[104.1132,17.7541],[104.1118,17.7546],[104.1118,17.7552],[104.1138,17.7549],[104.1143,17.7557],[104.1143,17.7592],[104.1135,17.7595],[104.1135,17.7606],[104.1118,17.7606]],[[104.1121,17.7568],[104.1123,17.7571],[104.1124,17.7568],[104.1121,17.7568]],[[104.1112,17.7552],[104.1115,17.7554],[104.1115,17.7552],[104.1112,17.7552]]]}},{"type":"Feature","properties":{"kind":"seasonal","area_km2":0.338,"date":"2026-10-09"},"geometry":{"type":"Polygon","coordinates":[[[104.1349,17.7149],[104.1338,17.7135],[104.1335,17.7119],[104.1327,17.7108],[104.1327,17.7081],[104.133,17.707],[104.1338,17.7067],[104.1341,17.7054],[104.135,17.7054],[104.1355,17.7059],[104.1358,17.7075],[104.1352,17.7075],[104.1352,17.7081],[104.1361,17.7092],[104.1372,17.7092],[104.1366,17.7108],[104.1372,17.7105],[104.1375,17.7113],[104.1366,17.7146],[104.1349,17.7149]],[[104.1352,17.7119],[104.1355,17.7124],[104.1358,17.7119],[104.1352,17.7119]],[[104.1347,17.7073],[104.1352,17.7075],[104.1352,17.7073],[104.1347,17.7073]]]}},{"type":"Feature","properties":{"kind":"seasonal","area_km2":0.334,"date":"2026-10-09"},"geometry":{"type":"Polygon","coordinates":[[[104.2791,17.1661],[104.2783,17.1626],[104.2774,17.1623],[104.2766,17.1612],[104.2766,17.1593],[104.278,17.1579],[104.278,17.1569],[104.28,17.1571],[104.2802,17.1579],[104.2811,17.158],[104.2811,17.1596],[104.2817,17.1599],[104.2819,17.1612],[104.2819,17.1628],[104.2814,17.1634],[104.2816,17.1645],[104.2825,17.1645],[104.2822,17.1655],[104.2791,17.1661]],[[104.2805,17.1639],[104.2814,17.1623],[104.2811,17.1604],[104.2794,17.1596],[104.2791,17.1604],[104.2799,17.162],[104.2794,17.1631],[104.2805,17.1639]]]}},{"type":"Feature","properties":{"kind":"seasonal","area_km2":0.317,"date":"2026-10-09"},"geometry":{"type":"Polygon","coordinates":[[[104.7437,17.3763],[104.7437,17.3709],[104.7473,17.3709],[104.7482,17.3698],[104.7499,17.3698],[104.7507,17.3703],[104.7507,17.3711],[104.7499,17.3711],[104.7493,17.3714],[104.7493,17.3719],[104.7485,17.3719],[104.7476,17.3736],[104.7471,17.3736],[104.7471,17.3744],[104.7479,17.3738],[104.7479,17.3747],[104.7499,17.3744],[104.7499,17.3736],[104.7504,17.3736],[104.7504,17.3752],[104.7471,17.3752],[104.7437,17.3763]],[[104.7462,17.3744],[104.7471,17.3747],[104.7471,17.3744],[104.7462,17.3744]]]}},{"type":"Feature","properties":{"kind":"seasonal","area_km2":0.316,"date":"2026-10-09"},"geometry":{"type":"Polygon","coordinates":[[[104.097,17.664],[104.0953,17.6632],[104.0936,17.6634],[104.0925,17.6623],[104.0922,17.6607],[104.093,17.6604],[104.0939,17.6594],[104.0959,17.6591],[104.0973,17.6605],[104.0964,17.661],[104.0964,17.6615],[104.1007,17.6618],[104.1012,17.6613],[104.1024,17.6613],[104.1023,17.6624],[104.1012,17.6627],[104.1015,17.664],[104.0998,17.664],[104.0998,17.6629],[104.0987,17.6629],[104.0989,17.664],[104.097,17.664]],[[104.0927,17.6615],[104.093,17.6618],[104.093,17.6615],[104.0927,17.6615]]]}},{"type":"Feature","properties":{"kind":"seasonal","area_km2":0.316,"date":"2026-10-09"},"geometry":{"type":"Polygon","coordinates":[[[104.7731,17.1114],[104.7725,17.11],[104.772,17.1097],[104.772,17.1078],[104.7708,17.1073],[104.7703,17.1054],[104.7697,17.1051],[104.7697,17.104],[104.7691,17.1038],[104.7691,17.1027],[104.7683,17.1019],[104.7683,17.1008],[104.7694,17.1008],[104.7694,17.1003],[104.7689,17.1],[104.7689,17.0984],[104.7691,17.0973],[104.7703,17.0973],[104.7703,17.0962],[104.7711,17.0986],[104.7714,17.1035],[104.772,17.1035],[104.7728,17.1078],[104.7734,17.1087],[104.7731,17.1114]],[[104.7728,17.1097],[104.7731,17.11],[104.7731,17.1097],[104.7728,17.1097]]]}},{"type":"Feature","properties":{"kind":"seasonal","area_km2":0.307,"date":"2026-10-09"},"geometry":{"type":"Polygon","coordinates":[[[104.0512,17.7584],[104.0492,17.7581],[104.0492,17.7573],[104.0498,17.757],[104.0501,17.756],[104.051,17.7554],[104.0512,17.7546],[104.051,17.7505],[104.0513,17.7511],[104.0515,17.7505],[104.0527,17.7511],[104.0524,17.75],[104.0538,17.75],[104.0538,17.7511],[104.0549,17.7514],[104.0555,17.753],[104.0546,17.7538],[104.0538,17.7557],[104.0532,17.756],[104.0532,17.7579],[104.0515,17.7579],[104.0512,17.7584]],[[104.0515,17.7568],[104.0518,17.757],[104.0518,17.7568],[104.0515,17.7568]],[[104.0512,17.7535],[104.0515,17.7538],[104.0515,17.7535],[104.0512,17.7535]],[[104.0521,17.753],[104.0532,17.7524],[104.0535,17.7514],[104.0527,17.7511],[104.0527,17.7524],[104.0521,17.7524],[104.0521,17.753]],[[104.0515,17.7524],[104.0518,17.7527],[104.0518,17.7524],[104.0515,17.7524]],[[104.0515,17.7516],[104.0518,17.7519],[104.0518,17.7516],[104.0515,17.7516]],[[104.0518,17.7514],[104.0521,17.7516],[104.0521,17.7514],[104.0518,17.7514]]]}},{"type":"Feature","properties":{"kind":"seasonal","area_km2":0.301,"date":"2026-10-09"},"geometry":{"type":"Polygon","coordinates":[[[104.04,17.5235],[104.0397,17.5227],[104.0378,17.5224],[104.0378,17.5205],[104.0383,17.5195],[104.0395,17.5195],[104.0397,17.5211],[104.0409,17.5216],[104.0414,17.5214],[104.0414,17.5208],[104.042,17.5208],[104.042,17.5203],[104.0426,17.5203],[104.0426,17.5189],[104.0437,17.5189],[104.0443,17.5195],[104.0454,17.5187],[104.0454,17.5179],[104.0448,17.5176],[104.0451,17.5165],[104.0468,17.5163],[104.048,17.5173],[104.048,17.5182],[104.0463,17.5181],[104.0468,17.5192],[104.0446,17.52],[104.0431,17.52],[104.0431,17.5206],[104.0443,17.5211],[104.046,17.5214],[104.0462,17.5209],[104.0457,17.5228],[104.0426,17.5222],[104.0414,17.523],[104.0414,17.5235],[104.04,17.5235]],[[104.0423,17.5214],[104.0429,17.5214],[104.0431,17.5208],[104.0426,17.5208],[104.0423,17.5214]]]}},{"type":"Feature","properties":{"kind":"seasonal","area_km2":0.289,"date":"2026-10-09"},"geometry":{"type":"Polygon","coordinates":[[[104.3857,17.6789],[104.3854,17.6778],[104.3863,17.6773],[104.3863,17.6762],[104.386,17.6754],[104.3854,17.6754],[104.3843,17.6743],[104.3837,17.6702],[104.3849,17.6702],[104.386,17.6711],[104.3883,17.6711],[104.3883,17.6727],[104.3877,17.6741],[104.3894,17.6749],[104.3894,17.6754],[104.3883,17.6749],[104.3874,17.6751],[104.3874,17.6773],[104.388,17.6773],[104.3882,17.6768],[104.3888,17.677],[104.3868,17.6789],[104.3857,17.6789]],[[104.3865,17.6778],[104.3868,17.6781],[104.3868,17.6778],[104.3865,17.6778]]]}},{"type":"Feature","properties":{"kind":"seasonal","area_km2":0.289,"date":"2026-10-09"},"geometry":{"type":"Polygon","coordinates":[[[104.2514,17.6589],[104.2517,17.6557],[104.2528,17.6554],[104.2543,17.6535],[104.2554,17.6535],[104.256,17.6543],[104.2582,17.6552],[104.2582,17.6571],[104.2576,17.6573],[104.2576,17.6582],[104.2559,17.6579],[104.2554,17.6587],[104.2514,17.6589]],[[104.2545,17.6565],[104.2551,17.6568],[104.2551,17.6565],[104.2545,17.6565]],[[104.2559,17.6565],[104.2574,17.6565],[104.2574,17.6557],[104.256,17.656],[104.2559,17.6565]]]}},{"type":"Feature","properties":{"kind":"seasonal","area_km2":0.286,"date":"2026-10-09"},"geometry":{"type":"Polygon","coordinates":[[[104.314,17.7202],[104.312,17.7185],[104.312,17.7123],[104.3129,17.712],[104.3131,17.7129],[104.3146,17.712],[104.3148,17.7129],[104.316,17.7123],[104.316,17.7131],[104.3151,17.7131],[104.3151,17.7142],[104.3126,17.7147],[104.3126,17.7177],[104.3137,17.7191],[104.3151,17.7191],[104.3151,17.7186],[104.3157,17.7186],[104.3151,17.7175],[104.3145,17.7175],[104.3143,17.7161],[104.3146,17.7156],[104.3151,17.7156],[104.3151,17.7148],[104.3163,17.7139],[104.3163,17.7134],[104.3171,17.7134],[104.3171,17.714],[104.3177,17.714],[104.3177,17.7131],[104.3171,17.7126],[104.3177,17.7123],[104.3179,17.7167],[104.3168,17.7169],[104.3165,17.7164],[104.316,17.7164],[104.3154,17.7177],[104.3168,17.7183],[104.316,17.7188],[104.3182,17.7186],[104.3182,17.7191],[104.3177,17.7191],[104.3177,17.7196],[104.314,17.7202]],[[104.3131,17.7142],[104.3137,17.7142],[104.3137,17.7137],[104.3131,17.7137],[104.3131,17.7142]],[[104.314,17.7137],[104.3146,17.7137],[104.3148,17.7129],[104.314,17.7129],[104.314,17.7137]]]}},{"type":"Feature","properties":{"kind":"seasonal","area_km2":0.277,"date":"2026-10-09"},"geometry":{"type":"Polygon","coordinates":[[[104.2443,17.679],[104.2443,17.6784],[104.2434,17.6779],[104.2437,17.6765],[104.2429,17.676],[104.2429,17.6746],[104.2434,17.6746],[104.2434,17.6741],[104.2429,17.6738],[104.2434,17.6725],[104.2463,17.6717],[104.2477,17.673],[104.2477,17.676],[104.2448,17.6763],[104.2448,17.6768],[104.2462,17.6768],[104.2462,17.6779],[104.2457,17.679],[104.2443,17.679]],[[104.2443,17.6782],[104.2448,17.6784],[104.2448,17.6782],[104.2443,17.6782]],[[104.244,17.6727],[104.2443,17.673],[104.2443,17.6727],[104.244,17.6727]],[[104.2443,17.6725],[104.2446,17.6727],[104.2446,17.6725],[104.2443,17.6725]]]}},{"type":"Feature","properties":{"kind":"seasonal","area_km2":0.275,"date":"2026-10-09"},"geometry":{"type":"Polygon","coordinates":[[[104.1806,17.2503],[104.18,17.2492],[104.1772,17.2489],[104.1766,17.2497],[104.1758,17.2497],[104.1727,17.2489],[104.1741,17.2489],[104.1741,17.2484],[104.1758,17.2487],[104.1775,17.2481],[104.1823,17.2479],[104.1825,17.2471],[104.1837,17.2471],[104.1842,17.2463],[104.1848,17.2463],[104.1854,17.2446],[104.1862,17.2446],[104.1865,17.2435],[104.1871,17.2436],[104.1874,17.243],[104.1874,17.2422],[104.1879,17.2422],[104.1879,17.2436],[104.1859,17.2457],[104.1856,17.2492],[104.1851,17.2498],[104.1834,17.2498],[104.1834,17.2492],[104.1825,17.249],[104.1825,17.2484],[104.1823,17.249],[104.182,17.2484],[104.1814,17.2484],[104.1814,17.2503],[104.1806,17.2503]],[[104.1837,17.2476],[104.184,17.2479],[104.184,17.2476],[104.1837,17.2476]]]}},{"type":"Feature","properties":{"kind":"seasonal","area_km2":0.251,"date":"2026-10-09"},"geometry":{"type":"Polygon","coordinates":[[[104.1614,17.4227],[104.1615,17.4183],[104.1637,17.4189],[104.1668,17.4186],[104.1682,17.4203],[104.1682,17.4214],[104.1671,17.4213],[104.1665,17.4222],[104.1657,17.4224],[104.1637,17.4224],[104.1634,17.4205],[104.1626,17.4205],[104.1623,17.4219],[104.1617,17.4216],[104.1623,17.4227],[104.1614,17.4227]]]}},{"type":"Feature","properties":{"kind":"seasonal","area_km2":0.249,"date":"2026-10-09"},"geometry":{"type":"Polygon","coordinates":[[[104.0617,17.3713],[104.0617,17.3702],[104.0606,17.3694],[104.0603,17.3653],[104.0617,17.3653],[104.0623,17.3658],[104.0648,17.3653],[104.0657,17.3661],[104.0657,17.3667],[104.0651,17.3667],[104.0651,17.3675],[104.0665,17.3672],[104.0665,17.3686],[104.0651,17.3688],[104.0645,17.3702],[104.0634,17.3705],[104.0628,17.3713],[104.0617,17.3713]],[[104.062,17.3696],[104.0628,17.3696],[104.0628,17.3691],[104.062,17.3691],[104.062,17.3696]],[[104.0623,17.3686],[104.0628,17.3688],[104.0628,17.3686],[104.0623,17.3686]],[[104.0634,17.3688],[104.0651,17.3686],[104.0651,17.3675],[104.0645,17.3675],[104.0646,17.3669],[104.0637,17.3669],[104.0637,17.3664],[104.0634,17.3688]],[[104.0609,17.368],[104.0612,17.3683],[104.0612,17.368],[104.0609,17.368]],[[104.0643,17.3664],[104.0651,17.3667],[104.0651,17.3664],[104.0643,17.3664]]]}},{"type":"Feature","properties":{"kind":"seasonal","area_km2":0.241,"date":"2026-10-09"},"geometry":{"type":"Polygon","coordinates":[[[104.3666,17.7941],[104.3666,17.7928],[104.3672,17.7922],[104.3675,17.7906],[104.3683,17.7898],[104.3689,17.79],[104.3692,17.789],[104.3709,17.7879],[104.3709,17.786],[104.3715,17.7857],[104.3729,17.7827],[104.3754,17.78],[104.3743,17.7841],[104.374,17.7846],[104.3732,17.7846],[104.3732,17.7852],[104.3723,17.7857],[104.3723,17.7873],[104.3717,17.7873],[104.3709,17.789],[104.3709,17.7911],[104.3703,17.7911],[104.3703,17.7917],[104.3695,17.7917],[104.3678,17.7938],[104.3666,17.7941]],[[104.3686,17.7911],[104.3706,17.7898],[104.3703,17.789],[104.3692,17.7898],[104.3686,17.7911]]]}},{"type":"Feature","properties":{"kind":"seasonal","area_km2":0.23,"date":"2026-10-09"},"geometry":{"type":"Polygon","coordinates":[[[104.6847,17.4801],[104.6848,17.4784],[104.6859,17.4782],[104.685,17.4771],[104.6842,17.4771],[104.6842,17.4765],[104.6848,17.4763],[104.6839,17.476],[104.6836,17.4749],[104.6833,17.476],[104.6825,17.4754],[104.6828,17.4741],[104.685,17.4735],[104.685,17.4741],[104.6867,17.4746],[104.6865,17.476],[104.6898,17.4755],[104.689,17.476],[104.689,17.4765],[104.6904,17.4765],[104.6904,17.4776],[104.6867,17.4776],[104.6867,17.4784],[104.6862,17.4784],[104.6859,17.4798],[104.6847,17.4801]],[[104.6862,17.4771],[104.6864,17.4773],[104.6864,17.4771],[104.6862,17.4771]],[[104.6848,17.4765],[104.6853,17.4768],[104.6853,17.4765],[104.6848,17.4765]],[[104.6873,17.4765],[104.6884,17.4768],[104.6884,17.4765],[104.6873,17.4765]],[[104.6848,17.4746],[104.685,17.4749],[104.685,17.4746],[104.6848,17.4746]]]}},{"type":"Feature","properties":{"kind":"seasonal","area_km2":0.229,"date":"2026-10-09"},"geometry":{"type":"Polygon","coordinates":[[[104.2003,17.7054],[104.2003,17.7048],[104.1989,17.7051],[104.1986,17.7043],[104.1978,17.7043],[104.1978,17.7035],[104.1986,17.7032],[104.1998,17.7018],[104.2014,17.7016],[104.2023,17.7008],[104.2034,17.7008],[104.2037,17.7002],[104.2046,17.7005],[104.2051,17.7021],[104.2057,17.7021],[104.206,17.7027],[104.2048,17.703],[104.204,17.7021],[104.2037,17.7035],[104.2026,17.7035],[104.2026,17.704],[104.2014,17.7043],[104.2017,17.7054],[104.2003,17.7054]]]}},{"type":"Feature","properties":{"kind":"seasonal","area_km2":0.229,"date":"2026-10-09"},"geometry":{"type":"Polygon","coordinates":[[[104.227,17.6784],[104.227,17.6751],[104.2273,17.6743],[104.229,17.6727],[104.2287,17.6702],[104.2299,17.6656],[104.2299,17.6697],[104.2304,17.67],[104.2304,17.6705],[104.2299,17.6708],[104.2299,17.673],[104.2301,17.6746],[104.2307,17.6743],[104.2304,17.6762],[104.2301,17.677],[104.2284,17.6773],[104.2284,17.6784],[104.227,17.6784]],[[104.2299,17.6746],[104.2301,17.6751],[104.2301,17.6746],[104.2299,17.6746]]]}},{"type":"Feature","properties":{"kind":"seasonal","area_km2":0.226,"date":"2026-10-09"},"geometry":{"type":"Polygon","coordinates":[[[104.0532,17.8162],[104.0529,17.8151],[104.0518,17.814],[104.0515,17.8115],[104.0524,17.8107],[104.0524,17.8102],[104.0529,17.8107],[104.0529,17.8097],[104.0538,17.8097],[104.0549,17.8099],[104.0557,17.8135],[104.0552,17.814],[104.0546,17.8162],[104.0532,17.8162]]]}},{"type":"Feature","properties":{"kind":"seasonal","area_km2":0.222,"date":"2026-10-09"},"geometry":{"type":"Polygon","coordinates":[[[104.0046,17.3249],[104.0044,17.3243],[104.0015,17.3246],[104.0015,17.3238],[104.0021,17.3238],[104.0035,17.3222],[104.0035,17.3216],[104.0052,17.3208],[104.0064,17.3195],[104.0083,17.3192],[104.0083,17.32],[104.0089,17.3195],[104.0089,17.3203],[104.0069,17.3219],[104.0069,17.3244],[104.0058,17.3241],[104.0052,17.3249],[104.0046,17.3249]],[[104.0055,17.3227],[104.0061,17.323],[104.0061,17.3227],[104.0055,17.3227]]]}},{"type":"Feature","properties":{"kind":"seasonal","area_km2":0.221,"date":"2026-10-09"},"geometry":{"type":"Polygon","coordinates":[[[104.2252,17.1811],[104.2235,17.1808],[104.224,17.1792],[104.2252,17.1789],[104.2257,17.1778],[104.2274,17.177],[104.2339,17.1768],[104.2345,17.1773],[104.2364,17.1776],[104.2348,17.1778],[104.2331,17.1773],[104.2322,17.1778],[104.2311,17.1778],[104.2302,17.1786],[104.2294,17.1786],[104.2277,17.1797],[104.2266,17.1797],[104.2263,17.1803],[104.2254,17.1803],[104.2252,17.1811]]]}},{"type":"Feature","properties":{"kind":"seasonal","area_km2":0.217,"date":"2026-10-09"},"geometry":{"type":"Polygon","coordinates":[[[104.1539,17.6558],[104.1536,17.6539],[104.1541,17.6534],[104.1542,17.6512],[104.1547,17.6507],[104.1544,17.6499],[104.1536,17.6496],[104.1536,17.6485],[104.1556,17.6485],[104.1559,17.6491],[104.157,17.6493],[104.157,17.6504],[104.1561,17.6512],[104.1567,17.6534],[104.1556,17.6534],[104.1556,17.6539],[104.1567,17.6542],[104.157,17.6556],[104.1539,17.6558]]]}},{"type":"Feature","properties":{"kind":"seasonal","area_km2":0.216,"date":"2026-10-09"},"geometry":{"type":"Polygon","coordinates":[[[104.6396,17.298],[104.639,17.2975],[104.6391,17.2956],[104.6396,17.2948],[104.6396,17.2937],[104.6402,17.2931],[104.6422,17.2931],[104.6427,17.2942],[104.6439,17.2942],[104.6438,17.2967],[104.643,17.2975],[104.6396,17.298]]]}},{"type":"Feature","properties":{"kind":"seasonal","area_km2":0.21,"date":"2026-10-09"},"geometry":{"type":"Polygon","coordinates":[[[104.0878,17.6813],[104.0878,17.6794],[104.0873,17.678],[104.0867,17.6778],[104.087,17.677],[104.0864,17.6767],[104.0865,17.6742],[104.0873,17.6742],[104.0879,17.6761],[104.089,17.6772],[104.0915,17.6767],[104.0915,17.6778],[104.0921,17.6778],[104.0924,17.6773],[104.0935,17.6773],[104.0955,17.6786],[104.0966,17.6786],[104.0966,17.6794],[104.096,17.6797],[104.0952,17.6794],[104.0952,17.6789],[104.0941,17.6781],[104.0929,17.6781],[104.0915,17.6791],[104.0893,17.6791],[104.089,17.6786],[104.0884,17.6786],[104.0881,17.6772],[104.0881,17.6789],[104.0887,17.6799],[104.0881,17.6802],[104.0878,17.6813]]]}},{"type":"Feature","properties":{"kind":"seasonal","area_km2":0.206,"date":"2026-10-09"},"geometry":{"type":"Polygon","coordinates":[[[104.195,17.2306],[104.1948,17.2289],[104.1942,17.2289],[104.1939,17.2281],[104.1956,17.2276],[104.1962,17.2262],[104.1967,17.2262],[104.197,17.2257],[104.1979,17.226],[104.1984,17.2254],[104.2001,17.2254],[104.2004,17.2249],[104.2027,17.2249],[104.2044,17.2263],[104.2035,17.2265],[104.2035,17.226],[104.203,17.226],[104.2021,17.2268],[104.1987,17.2268],[104.1979,17.2279],[104.1973,17.2279],[104.197,17.2289],[104.1956,17.2292],[104.1956,17.2303],[104.195,17.2306]]]}},{"type":"Feature","properties":{"kind":"seasonal","area_km2":0.205,"date":"2026-10-09"},"geometry":{"type":"Polygon","coordinates":[[[104.0897,17.7607],[104.0872,17.7591],[104.0872,17.7578],[104.0903,17.7559],[104.09,17.7551],[104.0909,17.7551],[104.0906,17.754],[104.0911,17.7537],[104.092,17.7545],[104.0923,17.757],[104.0905,17.7599],[104.0905,17.7608],[104.0897,17.7607]],[[104.0891,17.7602],[104.0897,17.7602],[104.0897,17.7599],[104.0894,17.7599],[104.0894,17.7597],[104.0891,17.7597],[104.0891,17.7602]],[[104.0889,17.7594],[104.0891,17.7597],[104.0891,17.7594],[104.0889,17.7594]],[[104.0894,17.7578],[104.0897,17.7583],[104.0897,17.7578],[104.0894,17.7578]],[[104.0897,17.7572],[104.0908,17.7575],[104.0908,17.757],[104.0897,17.7572]],[[104.0906,17.7567],[104.0911,17.7564],[104.0911,17.7551],[104.0908,17.7561],[104.0903,17.7561],[104.0906,17.7567]]]}},{"type":"Feature","properties":{"kind":"seasonal","area_km2":0.204,"date":"2026-10-09"},"geometry":{"type":"Polygon","coordinates":[[[104.5106,17.531],[104.5103,17.5304],[104.5094,17.5304],[104.506,17.5288],[104.506,17.5274],[104.5066,17.5263],[104.5092,17.5266],[104.5108,17.5288],[104.5128,17.5293],[104.5128,17.5304],[104.5122,17.531],[104.5106,17.531]]]}},{"type":"Feature","properties":{"kind":"seasonal","area_km2":0.192,"date":"2026-10-09"},"geometry":{"type":"Polygon","coordinates":[[[104.2092,17.4104],[104.2092,17.4099],[104.2081,17.4099],[104.2084,17.4077],[104.2112,17.4077],[104.2109,17.4066],[104.2115,17.4053],[104.2132,17.4058],[104.2132,17.4093],[104.2126,17.4093],[104.212,17.4104],[104.2092,17.4104]]]}},{"type":"Feature","properties":{"kind":"seasonal","area_km2":0.189,"date":"2026-10-09"},"geometry":{"type":"Polygon","coordinates":[[[104.0165,17.5953],[104.0159,17.5947],[104.0167,17.5947],[104.0176,17.5939],[104.0176,17.5934],[104.0182,17.5934],[104.0187,17.5926],[104.0204,17.592],[104.0235,17.5921],[104.0235,17.5915],[104.023,17.5915],[104.023,17.5907],[104.0244,17.5907],[104.0244,17.5915],[104.025,17.5918],[104.0255,17.5907],[104.0281,17.5902],[104.0278,17.5921],[104.0275,17.5915],[104.0266,17.5921],[104.0252,17.5918],[104.0233,17.5926],[104.0232,17.5934],[104.0221,17.5934],[104.0221,17.5939],[104.0213,17.5939],[104.0213,17.5945],[104.0199,17.5945],[104.0193,17.5937],[104.0187,17.5937],[104.0179,17.5939],[104.0179,17.5947],[104.0165,17.5953]]]}},{"type":"Feature","properties":{"kind":"seasonal","area_km2":0.188,"date":"2026-10-09"},"geometry":{"type":"Polygon","coordinates":[[[104.2055,17.9969],[104.2069,17.9942],[104.2092,17.992],[104.2098,17.992],[104.2084,17.9934],[104.2086,17.9939],[104.2123,17.9904],[104.2126,17.989],[104.2135,17.989],[104.2149,17.9877],[104.2149,17.9872],[104.2166,17.9858],[104.2166,17.9866],[104.216,17.9869],[104.2155,17.9882],[104.2146,17.9885],[104.2138,17.9901],[104.2126,17.9909],[104.2126,17.9918],[104.2112,17.9931],[104.2106,17.9931],[104.2101,17.9942],[104.2086,17.9947],[104.2084,17.9955],[104.2055,17.9969]],[[104.2075,17.9947],[104.2078,17.995],[104.2078,17.9947],[104.2075,17.9947]],[[104.2078,17.9944],[104.2081,17.9947],[104.2081,17.9944],[104.2078,17.9944]],[[104.2081,17.9939],[104.2084,17.9944],[104.2084,17.9939],[104.2081,17.9939]]]}},{"type":"Feature","properties":{"kind":"seasonal","area_km2":0.188,"date":"2026-10-09"},"geometry":{"type":"Polygon","coordinates":[[[104.2996,17.8481],[104.2996,17.8476],[104.3024,17.8462],[104.3084,17.8454],[104.3084,17.8449],[104.3124,17.8449],[104.3124,17.8454],[104.3118,17.8457],[104.3107,17.8457],[104.3092,17.8465],[104.3056,17.8473],[104.305,17.8479],[104.3022,17.8481],[104.3024,17.8476],[104.3019,17.8473],[104.3019,17.8481],[104.2996,17.8481]],[[104.3036,17.8476],[104.3044,17.8473],[104.3041,17.8465],[104.3033,17.8465],[104.3036,17.8476]],[[104.3056,17.8465],[104.3058,17.8468],[104.3058,17.8465],[104.3056,17.8465]]]}},{"type":"Feature","properties":{"kind":"seasonal","area_km2":0.184,"date":"2026-10-09"},"geometry":{"type":"Polygon","coordinates":[[[104.0217,17.6162],[104.0195,17.6159],[104.0203,17.6156],[104.0203,17.6151],[104.0186,17.6156],[104.0186,17.6148],[104.0223,17.6135],[104.0229,17.6129],[104.0229,17.6121],[104.024,17.6119],[104.0248,17.6127],[104.0248,17.6135],[104.0262,17.614],[104.0262,17.6151],[104.0251,17.6148],[104.0248,17.6143],[104.024,17.6151],[104.0234,17.6151],[104.0248,17.6157],[104.0217,17.6162]],[[104.0223,17.6154],[104.0231,17.6156],[104.0231,17.6154],[104.0223,17.6154]]]}},{"type":"Feature","properties":{"kind":"seasonal","area_km2":0.182,"date":"2026-10-09"},"geometry":{"type":"Polygon","coordinates":[[[104.3648,17.6607],[104.3643,17.6601],[104.3626,17.6601],[104.3614,17.6585],[104.3595,17.6577],[104.3592,17.6563],[104.3614,17.6555],[104.3629,17.6558],[104.3629,17.6574],[104.3643,17.6591],[104.3643,17.6599],[104.3651,17.6596],[104.3682,17.6604],[104.3648,17.6607]]]}},{"type":"Feature","properties":{"kind":"seasonal","area_km2":0.177,"date":"2026-10-09"},"geometry":{"type":"Polygon","coordinates":[[[104.5061,17.5168],[104.5058,17.5147],[104.5064,17.5133],[104.5112,17.5136],[104.5112,17.5152],[104.5097,17.5155],[104.5092,17.5168],[104.5061,17.5168]]]}},{"type":"Feature","properties":{"kind":"seasonal","area_km2":0.176,"date":"2026-10-09"},"geometry":{"type":"Polygon","coordinates":[[[104.0134,17.7314],[104.0126,17.7311],[104.0129,17.73],[104.0126,17.7295],[104.012,17.7295],[104.0121,17.7278],[104.0112,17.727],[104.0112,17.7259],[104.014,17.7257],[104.014,17.7265],[104.0152,17.7268],[104.0152,17.7284],[104.0169,17.7281],[104.0171,17.7287],[104.0171,17.7292],[104.0157,17.7289],[104.0146,17.7297],[104.0135,17.7297],[104.0134,17.7314]]]}},{"type":"Feature","properties":{"kind":"seasonal","area_km2":0.176,"date":"2026-10-09"},"geometry":{"type":"Polygon","coordinates":[[[104.0154,17.3249],[104.0154,17.3241],[104.0137,17.3241],[104.0137,17.3228],[104.0106,17.323],[104.0106,17.3211],[104.0145,17.3214],[104.0137,17.3209],[104.0109,17.3209],[104.0109,17.3203],[104.0131,17.3203],[104.0165,17.3217],[104.0162,17.3244],[104.0154,17.3249]],[[104.014,17.3228],[104.0145,17.323],[104.0145,17.3228],[104.014,17.3228]]]}},{"type":"Feature","properties":{"kind":"seasonal","area_km2":0.175,"date":"2026-10-09"},"geometry":{"type":"Polygon","coordinates":[[[104.4264,17.6039],[104.4264,17.6031],[104.4253,17.6026],[104.4253,17.6018],[104.427,17.6015],[104.4267,17.601],[104.4281,17.6007],[104.4281,17.5999],[104.4261,17.6001],[104.4258,17.5991],[104.4253,17.5985],[104.4244,17.5985],[104.4244,17.5974],[104.4278,17.598],[104.4295,17.5996],[104.4289,17.602],[104.427,17.6018],[104.4275,17.6037],[104.4264,17.6039]]]}},{"type":"Feature","properties":{"kind":"seasonal","area_km2":0.174,"date":"2026-10-09"},"geometry":{"type":"Polygon","coordinates":[[[104.1367,17.4589],[104.1364,17.4584],[104.1342,17.4578],[104.1325,17.4567],[104.1316,17.457],[104.1308,17.4581],[104.1293,17.4583],[104.1279,17.4583],[104.1279,17.4575],[104.1285,17.4575],[104.1308,17.4554],[104.1325,17.4551],[104.1339,17.4556],[104.135,17.457],[104.1375,17.4576],[104.1375,17.4586],[104.1367,17.4589]]]}},{"type":"Feature","properties":{"kind":"seasonal","area_km2":0.172,"date":"2026-10-09"},"geometry":{"type":"Polygon","coordinates":[[[104.7855,17.139],[104.7852,17.1377],[104.7843,17.1371],[104.7843,17.1363],[104.7832,17.1347],[104.7826,17.1325],[104.7821,17.1323],[104.7824,17.1309],[104.7815,17.1301],[104.7815,17.129],[104.781,17.1285],[104.781,17.1274],[104.7804,17.1271],[104.7804,17.1266],[104.7815,17.1271],[104.7818,17.1285],[104.7824,17.1285],[104.7826,17.1301],[104.7835,17.1309],[104.7835,17.1317],[104.7843,17.1328],[104.7843,17.1339],[104.7852,17.1342],[104.7857,17.1361],[104.7855,17.139]]]}},{"type":"Feature","properties":{"kind":"seasonal","area_km2":0.171,"date":"2026-10-09"},"geometry":{"type":"Polygon","coordinates":[[[104.2059,17.9817],[104.2067,17.9782],[104.2059,17.9782],[104.2059,17.9787],[104.205,17.9787],[104.2053,17.9795],[104.2045,17.9795],[104.205,17.9776],[104.2076,17.9752],[104.2082,17.9738],[104.209,17.9747],[104.2101,17.9741],[104.209,17.9771],[104.2079,17.9782],[104.2076,17.9798],[104.2059,17.9817]],[[104.207,17.9782],[104.2073,17.9784],[104.2073,17.9782],[104.207,17.9782]],[[104.2073,17.9776],[104.2079,17.9779],[104.2079,17.9776],[104.2073,17.9776]],[[104.2087,17.9749],[104.209,17.9752],[104.209,17.9749],[104.2087,17.9749]]]}},{"type":"Feature","properties":{"kind":"seasonal","area_km2":0.168,"date":"2026-10-09"},"geometry":{"type":"Polygon","coordinates":[[[104.5811,17.3538],[104.5808,17.353],[104.5802,17.353],[104.5802,17.3519],[104.5796,17.3516],[104.5791,17.35],[104.5782,17.3494],[104.5782,17.3475],[104.5763,17.3473],[104.5763,17.3459],[104.5768,17.3456],[104.5766,17.3448],[104.5771,17.3448],[104.5771,17.3456],[104.5777,17.3456],[104.5771,17.3462],[104.5788,17.3462],[104.5799,17.347],[104.5791,17.3483],[104.5794,17.3492],[104.5802,17.3492],[104.5805,17.3502],[104.5819,17.3505],[104.5816,17.3535],[104.5822,17.3538],[104.5811,17.3538]]]}},{"type":"Feature","properties":{"kind":"seasonal","area_km2":0.167,"date":"2026-10-09"},"geometry":{"type":"Polygon","coordinates":[[[104.657,17.3368],[104.6568,17.3347],[104.6585,17.333],[104.659,17.3309],[104.6613,17.3306],[104.6616,17.3325],[104.6593,17.3344],[104.6587,17.3363],[104.6582,17.3368],[104.657,17.3368]]]}},{"type":"Feature","properties":{"kind":"seasonal","area_km2":0.163,"date":"2026-10-09"},"geometry":{"type":"Polygon","coordinates":[[[104.463,17.347],[104.4628,17.3454],[104.4636,17.3451],[104.4642,17.344],[104.4659,17.3437],[104.4662,17.3432],[104.4679,17.3427],[104.4698,17.3399],[104.471,17.3402],[104.471,17.341],[104.4696,17.3416],[104.4707,17.3424],[104.4693,17.3424],[104.4695,17.3429],[104.469,17.3443],[104.4679,17.3432],[104.4676,17.3446],[104.4656,17.3443],[104.4647,17.3454],[104.4653,17.3459],[104.4639,17.347],[104.463,17.347]]]}},{"type":"Feature","properties":{"kind":"seasonal","area_km2":0.16,"date":"2026-10-09"},"geometry":{"type":"Polygon","coordinates":[[[104.0072,17.1712],[104.0046,17.1709],[104.0043,17.1698],[104.0038,17.1698],[104.0038,17.169],[104.0043,17.169],[104.0043,17.1684],[104.0038,17.1684],[104.0038,17.1671],[104.0032,17.1668],[104.0032,17.166],[104.0055,17.166],[104.0058,17.1674],[104.0066,17.1679],[104.0072,17.1679],[104.0077,17.1671],[104.0089,17.1671],[104.0097,17.1679],[104.0097,17.1687],[104.0091,17.1685],[104.0091,17.169],[104.0086,17.169],[104.0083,17.1685],[104.0077,17.1685],[104.0077,17.169],[104.0069,17.169],[104.006,17.1687],[104.0055,17.1676],[104.0049,17.1676],[104.0049,17.1684],[104.0055,17.1684],[104.0049,17.169],[104.0052,17.1701],[104.0057,17.1701],[104.006,17.1706],[104.008,17.1704],[104.0072,17.1712]],[[104.0069,17.1684],[104.0074,17.1687],[104.0074,17.1685],[104.0069,17.1684]]]}},{"type":"Feature","properties":{"kind":"seasonal","area_km2":0.156,"date":"2026-10-09"},"geometry":{"type":"Polygon","coordinates":[[[104.0179,17.7525],[104.0153,17.7498],[104.0153,17.7487],[104.0142,17.7474],[104.0142,17.7457],[104.0145,17.7452],[104.0154,17.7452],[104.0176,17.7439],[104.0193,17.7439],[104.0156,17.7463],[104.0156,17.7487],[104.0165,17.7504],[104.0179,17.7506],[104.0182,17.7515],[104.0196,17.7515],[104.0207,17.7507],[104.0215,17.7509],[104.021,17.7509],[104.019,17.7525],[104.0179,17.7525]]]}},{"type":"Feature","properties":{"kind":"seasonal","area_km2":0.156,"date":"2026-10-09"},"geometry":{"type":"Polygon","coordinates":[[[104.1172,17.5735],[104.1158,17.5716],[104.1144,17.5713],[104.115,17.5694],[104.1164,17.5694],[104.1169,17.57],[104.1169,17.5708],[104.1186,17.5708],[104.1195,17.5716],[104.12,17.5716],[104.12,17.5722],[104.1209,17.5727],[104.1209,17.5735],[104.1192,17.5733],[104.1192,17.5727],[104.1183,17.5735],[104.1172,17.5735]],[[104.1164,17.5713],[104.1166,17.5719],[104.1167,17.5713],[104.1164,17.5713]]]}},{"type":"Feature","properties":{"kind":"seasonal","area_km2":0.154,"date":"2026-10-09"},"geometry":{"type":"Polygon","coordinates":[[[104.0711,17.7447],[104.0705,17.7436],[104.0694,17.7433],[104.07,17.7417],[104.0705,17.7417],[104.0706,17.7409],[104.0711,17.7409],[104.0723,17.7398],[104.0742,17.7398],[104.0745,17.742],[104.072,17.7425],[104.0725,17.7428],[104.0725,17.7439],[104.0711,17.7447]],[[104.0708,17.7428],[104.0711,17.7436],[104.0714,17.7425],[104.0708,17.7428]]]}},{"type":"Feature","properties":{"kind":"seasonal","area_km2":0.148,"date":"2026-10-09"},"geometry":{"type":"Polygon","coordinates":[[[104.0749,17.6091],[104.0749,17.6086],[104.076,17.6078],[104.076,17.607],[104.0775,17.6056],[104.0775,17.6051],[104.078,17.6051],[104.078,17.6045],[104.0806,17.6043],[104.0806,17.6059],[104.08,17.6062],[104.08,17.607],[104.0794,17.6075],[104.0777,17.6075],[104.0769,17.6086],[104.0749,17.6091]]]}},{"type":"Feature","properties":{"kind":"seasonal","area_km2":0.148,"date":"2026-10-09"},"geometry":{"type":"Polygon","coordinates":[[[104.145,17.7941],[104.1447,17.7927],[104.1476,17.7922],[104.1481,17.7917],[104.1481,17.7906],[104.151,17.7911],[104.1509,17.793],[104.1504,17.7936],[104.1467,17.7935],[104.145,17.7941]]]}},{"type":"Feature","properties":{"kind":"seasonal","area_km2":0.148,"date":"2026-10-09"},"geometry":{"type":"Polygon","coordinates":[[[104.8091,17.2023],[104.8088,17.2004],[104.808,17.2004],[104.8088,17.1868],[104.8094,17.1868],[104.8099,17.1884],[104.8099,17.1903],[104.8094,17.1906],[104.8091,17.1939],[104.8085,17.1944],[104.8091,17.1949],[104.8091,17.1998],[104.8096,17.2006],[104.8091,17.2023]],[[104.8091,17.1901],[104.8094,17.1903],[104.8094,17.1901],[104.8091,17.1901]]]}},{"type":"Feature","properties":{"kind":"seasonal","area_km2":0.142,"date":"2026-10-09"},"geometry":{"type":"Polygon","coordinates":[[[104.0917,17.7526],[104.0912,17.7513],[104.092,17.7513],[104.092,17.7505],[104.0906,17.7505],[104.0906,17.7491],[104.0917,17.7475],[104.0929,17.7475],[104.0934,17.7483],[104.094,17.7483],[104.094,17.7491],[104.0926,17.7494],[104.0929,17.751],[104.0937,17.7507],[104.094,17.7497],[104.094,17.7513],[104.0946,17.7513],[104.0945,17.7518],[104.094,17.7521],[104.094,17.7526],[104.0917,17.7526]]]}},{"type":"Feature","properties":{"kind":"seasonal","area_km2":0.138,"date":"2026-10-09"},"geometry":{"type":"Polygon","coordinates":[[[104.2487,17.1397],[104.251,17.1375],[104.2516,17.1364],[104.2516,17.1345],[104.2521,17.1343],[104.2521,17.1337],[104.253,17.1337],[104.2544,17.1326],[104.2552,17.1326],[104.2549,17.1364],[104.2544,17.1362],[104.2544,17.1353],[104.253,17.1356],[104.2527,17.1362],[104.2521,17.1362],[104.2518,17.1375],[104.2513,17.1375],[104.2496,17.1397],[104.2487,17.1397]]]}},{"type":"Feature","properties":{"kind":"seasonal","area_km2":0.136,"date":"2026-10-09"},"geometry":{"type":"Polygon","coordinates":[[[104.1015,17.5401],[104.0996,17.5398],[104.0996,17.539],[104.0987,17.539],[104.0987,17.5382],[104.0982,17.5382],[104.0982,17.5371],[104.1013,17.5374],[104.1024,17.5366],[104.1024,17.536],[104.1033,17.536],[104.1035,17.5366],[104.103,17.5366],[104.103,17.5371],[104.1021,17.5374],[104.1021,17.5379],[104.101,17.5379],[104.1021,17.5385],[104.1024,17.5377],[104.1032,17.5377],[104.1038,17.5369],[104.1038,17.5379],[104.1032,17.5382],[104.1027,17.5396],[104.1015,17.5401]],[[104.0996,17.5379],[104.1001,17.5382],[104.1001,17.5379],[104.0996,17.5379]],[[104.0984,17.5376],[104.0996,17.5379],[104.0996,17.5376],[104.0984,17.5376]]]}},{"type":"Feature","properties":{"kind":"seasonal","area_km2":0.135,"date":"2026-10-09"},"geometry":{"type":"Polygon","coordinates":[[[104.1509,17.6805],[104.1498,17.6791],[104.1498,17.6783],[104.1487,17.6772],[104.1487,17.6759],[104.1481,17.6748],[104.1475,17.6742],[104.1458,17.6745],[104.1461,17.6732],[104.1456,17.6729],[104.1456,17.6721],[104.1425,17.6721],[104.1425,17.6715],[104.1433,17.6712],[104.1436,17.6704],[104.1445,17.6704],[104.1453,17.6696],[104.1453,17.6702],[104.1442,17.6707],[104.1439,17.6715],[104.1464,17.6713],[104.1467,17.6734],[104.149,17.6745],[104.1495,17.6762],[104.1501,17.6764],[104.1501,17.6783],[104.1506,17.6786],[104.1506,17.6794],[104.1512,17.68],[104.1509,17.6805]]]}},{"type":"Feature","properties":{"kind":"seasonal","area_km2":0.135,"date":"2026-10-09"},"geometry":{"type":"Polygon","coordinates":[[[104.3173,17.1291],[104.3167,17.1285],[104.315,17.1282],[104.3151,17.1272],[104.3139,17.1263],[104.3139,17.1255],[104.3151,17.1255],[104.3153,17.1263],[104.317,17.1263],[104.3176,17.1255],[104.3184,17.1255],[104.319,17.1285],[104.3184,17.1291],[104.3173,17.1291]]]}},{"type":"Feature","properties":{"kind":"seasonal","area_km2":0.134,"date":"2026-10-09"},"geometry":{"type":"Polygon","coordinates":[[[104.3192,17.2923],[104.3195,17.2904],[104.3207,17.2893],[104.3212,17.2877],[104.3221,17.2877],[104.3226,17.2888],[104.3241,17.2893],[104.3238,17.2923],[104.3192,17.2923]],[[104.3204,17.292],[104.3226,17.292],[104.3226,17.2915],[104.3238,17.2915],[104.3238,17.2904],[104.3226,17.2907],[104.3221,17.2899],[104.3221,17.2907],[104.3209,17.2904],[104.3204,17.291],[104.3204,17.292]],[[104.3201,17.2901],[104.3204,17.2907],[104.3204,17.2901],[104.3201,17.2901]]]}},{"type":"Feature","properties":{"kind":"seasonal","area_km2":0.132,"date":"2026-10-09"},"geometry":{"type":"Polygon","coordinates":[[[104.1662,17.2451],[104.1637,17.2448],[104.1631,17.2443],[104.1611,17.2443],[104.1614,17.2434],[104.1608,17.2434],[104.1608,17.2445],[104.1569,17.2442],[104.1591,17.2443],[104.1597,17.244],[104.1597,17.2434],[104.1608,17.2429],[104.1608,17.2421],[104.1611,17.2426],[104.162,17.2421],[104.1639,17.2426],[104.1642,17.2435],[104.1656,17.2435],[104.1656,17.244],[104.1665,17.2443],[104.1662,17.2451]]]}},{"type":"Feature","properties":{"kind":"seasonal","area_km2":0.132,"date":"2026-10-09"},"geometry":{"type":"Polygon","coordinates":[[[104.1055,17.0171],[104.1049,17.016],[104.1038,17.016],[104.1032,17.0165],[104.101,17.0165],[104.101,17.0157],[104.1044,17.0141],[104.1061,17.0141],[104.1069,17.0127],[104.1092,17.0133],[104.1094,17.0146],[104.1083,17.0152],[104.1083,17.0157],[104.1077,17.016],[104.1075,17.0152],[104.108,17.0152],[104.1089,17.0144],[104.1089,17.0136],[104.1075,17.0133],[104.1066,17.0138],[104.1063,17.0146],[104.1044,17.0149],[104.1044,17.0154],[104.1058,17.0154],[104.1058,17.016],[104.1066,17.0165],[104.1055,17.0171]]]}},{"type":"Feature","properties":{"kind":"seasonal","area_km2":0.131,"date":"2026-10-09"},"geometry":{"type":"Polygon","coordinates":[[[104.5367,17.1213],[104.5362,17.1202],[104.5362,17.1169],[104.537,17.1159],[104.5384,17.1159],[104.5387,17.1172],[104.5379,17.1183],[104.5379,17.1197],[104.539,17.1205],[104.539,17.1213],[104.5367,17.1213]]]}},{"type":"Feature","properties":{"kind":"seasonal","area_km2":0.13,"date":"2026-10-09"},"geometry":{"type":"Polygon","coordinates":[[[104.0088,17.6028],[104.0048,17.6028],[104.0048,17.602],[104.0085,17.602],[104.0108,17.6009],[104.0119,17.5996],[104.0116,17.5982],[104.0128,17.5991],[104.0139,17.5991],[104.0136,17.601],[104.0116,17.6009],[104.011,17.6018],[104.0088,17.6028]]]}},{"type":"Feature","properties":{"kind":"seasonal","area_km2":0.129,"date":"2026-10-09"},"geometry":{"type":"Polygon","coordinates":[[[104.0515,17.3712],[104.0515,17.3704],[104.0504,17.3698],[104.0487,17.3677],[104.0482,17.3677],[104.0482,17.366],[104.0473,17.3655],[104.0468,17.3644],[104.0462,17.3644],[104.0457,17.363],[104.0465,17.3631],[104.0471,17.3639],[104.0476,17.3639],[104.0487,17.3652],[104.0493,17.3671],[104.0524,17.3693],[104.0524,17.3712],[104.0515,17.3712]]]}},{"type":"Feature","properties":{"kind":"seasonal","area_km2":0.128,"date":"2026-10-09"},"geometry":{"type":"Polygon","coordinates":[[[104.0416,17.7646],[104.0416,17.763],[104.0438,17.7619],[104.0447,17.7608],[104.0455,17.7608],[104.0473,17.7592],[104.0481,17.7592],[104.0481,17.76],[104.0467,17.7603],[104.047,17.7611],[104.0461,17.7614],[104.0438,17.7641],[104.0433,17.7641],[104.043,17.7646],[104.0416,17.7646]],[[104.0461,17.7608],[104.0464,17.7611],[104.0464,17.7608],[104.0461,17.7608]],[[104.0464,17.7605],[104.0467,17.7608],[104.0467,17.7605],[104.0464,17.7605]]]}},{"type":"Feature","properties":{"kind":"seasonal","area_km2":0.128,"date":"2026-10-09"},"geometry":{"type":"Polygon","coordinates":[[[104.6302,17.4694],[104.63,17.4688],[104.6283,17.4683],[104.628,17.4667],[104.6285,17.4661],[104.6285,17.4648],[104.6302,17.4648],[104.6308,17.4667],[104.6314,17.4672],[104.6314,17.4688],[104.6302,17.4694]]]}},{"type":"Feature","properties":{"kind":"seasonal","area_km2":0.127,"date":"2026-10-09"},"geometry":{"type":"Polygon","coordinates":[[[104.049,17.8045],[104.0473,17.8042],[104.0473,17.8034],[104.0465,17.8023],[104.0459,17.8023],[104.0459,17.8028],[104.0445,17.8028],[104.0445,17.802],[104.045,17.8015],[104.0459,17.8015],[104.0459,17.8009],[104.0467,17.8009],[104.0467,17.8018],[104.0473,17.802],[104.0479,17.8015],[104.0493,17.8015],[104.0501,17.8023],[104.0507,17.8023],[104.0507,17.8031],[104.0493,17.8034],[104.049,17.8045]]]}},{"type":"Feature","properties":{"kind":"seasonal","area_km2":0.126,"date":"2026-10-09"},"geometry":{"type":"Polygon","coordinates":[[[104.172,17.6367],[104.1681,17.6364],[104.1672,17.6356],[104.1661,17.6356],[104.1661,17.6347],[104.1718,17.6342],[104.172,17.6367]]]}},{"type":"Feature","properties":{"kind":"seasonal","area_km2":0.124,"date":"2026-10-09"},"geometry":{"type":"Polygon","coordinates":[[[104.7761,17.4362],[104.7761,17.4349],[104.7769,17.4341],[104.7766,17.433],[104.7775,17.4319],[104.7783,17.4322],[104.7783,17.4316],[104.7795,17.4308],[104.7792,17.43],[104.78,17.43],[104.7809,17.4284],[104.7814,17.4284],[104.7786,17.4341],[104.7778,17.4346],[104.7769,17.4362],[104.7761,17.4362]],[[104.7769,17.4335],[104.7772,17.4338],[104.7772,17.4335],[104.7769,17.4335]],[[104.7772,17.4333],[104.7775,17.4335],[104.7775,17.4333],[104.7772,17.4333]],[[104.7775,17.4327],[104.7778,17.433],[104.7778,17.4327],[104.7775,17.4327]],[[104.7778,17.4325],[104.7781,17.4327],[104.7781,17.4325],[104.7778,17.4325]]]}},{"type":"Feature","properties":{"kind":"seasonal","area_km2":0.123,"date":"2026-10-09"},"geometry":{"type":"Polygon","coordinates":[[[104.3698,17.3519],[104.3693,17.351],[104.3665,17.351],[104.3656,17.3505],[104.3656,17.3497],[104.3662,17.3497],[104.367,17.3505],[104.369,17.3502],[104.3696,17.3508],[104.3696,17.3497],[104.3707,17.3492],[104.3704,17.3486],[104.3679,17.3489],[104.3679,17.3483],[104.367,17.3483],[104.3668,17.3491],[104.3662,17.3491],[104.367,17.3475],[104.3679,17.3475],[104.3687,17.3483],[104.3724,17.3483],[104.3724,17.3492],[104.3707,17.35],[104.3707,17.3519],[104.3698,17.3519]]]}},{"type":"Feature","properties":{"kind":"seasonal","area_km2":0.122,"date":"2026-10-09"},"geometry":{"type":"Polygon","coordinates":[[[104.1996,17.9898],[104.1993,17.9887],[104.1999,17.9884],[104.1999,17.9876],[104.2013,17.986],[104.2013,17.9855],[104.2033,17.9855],[104.2033,17.9868],[104.2027,17.9871],[104.2016,17.9895],[104.1996,17.9898]]]}},{"type":"Feature","properties":{"kind":"seasonal","area_km2":0.121,"date":"2026-10-09"},"geometry":{"type":"Polygon","coordinates":[[[104.2817,17.8554],[104.2809,17.8545],[104.2826,17.8537],[104.2843,17.8521],[104.2854,17.8519],[104.2852,17.8527],[104.286,17.8527],[104.2871,17.8524],[104.2874,17.8519],[104.2891,17.8516],[104.2891,17.8521],[104.288,17.8524],[104.2874,17.8532],[104.2817,17.8554]]]}},{"type":"Feature","properties":{"kind":"seasonal","area_km2":0.118,"date":"2026-10-09"},"geometry":{"type":"Polygon","coordinates":[[[104.3204,17.1388],[104.3204,17.138],[104.3215,17.1364],[104.3215,17.135],[104.3232,17.135],[104.3243,17.1367],[104.324,17.1383],[104.3221,17.1383],[104.3218,17.1388],[104.3204,17.1388]]]}},{"type":"Feature","properties":{"kind":"seasonal","area_km2":0.117,"date":"2026-10-09"},"geometry":{"type":"Polygon","coordinates":[[[104.0485,17.0784],[104.0483,17.0765],[104.0491,17.0765],[104.0494,17.0754],[104.0477,17.0751],[104.0477,17.0743],[104.0483,17.0743],[104.0485,17.0737],[104.0502,17.0738],[104.0511,17.0748],[104.0508,17.0781],[104.0494,17.0784],[104.0491,17.0778],[104.0491,17.0784],[104.0485,17.0784]],[[104.0497,17.0778],[104.0502,17.0778],[104.0502,17.077],[104.0494,17.0773],[104.0497,17.0778]],[[104.0499,17.0751],[104.0502,17.0754],[104.0502,17.0751],[104.0499,17.0751]]]}},{"type":"Feature","properties":{"kind":"seasonal","area_km2":0.116,"date":"2026-10-09"},"geometry":{"type":"Polygon","coordinates":[[[104.034,17.6957],[104.034,17.6951],[104.0329,17.6949],[104.0329,17.694],[104.0335,17.6941],[104.0332,17.6927],[104.0346,17.6916],[104.0369,17.6916],[104.036,17.6927],[104.036,17.6951],[104.0354,17.6957],[104.034,17.6957]],[[104.0335,17.6932],[104.0343,17.6932],[104.0343,17.6927],[104.0337,17.6927],[104.0335,17.6932]],[[104.0357,17.6922],[104.036,17.6924],[104.036,17.6922],[104.0357,17.6922]]]}},{"type":"Feature","properties":{"kind":"seasonal","area_km2":0.114,"date":"2026-10-09"},"geometry":{"type":"Polygon","coordinates":[[[104.0413,17.7551],[104.0405,17.7543],[104.0408,17.7532],[104.0439,17.7532],[104.0442,17.7519],[104.0453,17.7519],[104.0459,17.7538],[104.045,17.7546],[104.0439,17.7551],[104.0413,17.7551]]]}},{"type":"Feature","properties":{"kind":"seasonal","area_km2":0.113,"date":"2026-10-09"},"geometry":{"type":"Polygon","coordinates":[[[104.3781,17.1604],[104.3781,17.1564],[104.379,17.1564],[104.3801,17.1577],[104.3818,17.1577],[104.3815,17.1591],[104.3807,17.1591],[104.3804,17.1596],[104.3795,17.1596],[104.379,17.1604],[104.3781,17.1604]]]}},{"type":"Feature","properties":{"kind":"seasonal","area_km2":0.113,"date":"2026-10-09"},"geometry":{"type":"Polygon","coordinates":[[[104.3576,17.4692],[104.3579,17.4665],[104.3607,17.466],[104.3621,17.4663],[104.3621,17.4679],[104.3604,17.4676],[104.3593,17.4692],[104.3576,17.4692]]]}},{"type":"Feature","properties":{"kind":"seasonal","area_km2":0.112,"date":"2026-10-09"},"geometry":{"type":"Polygon","coordinates":[[[104.174,17.6375],[104.174,17.6369],[104.1735,17.6369],[104.1735,17.6364],[104.1726,17.6356],[104.1726,17.6342],[104.1754,17.6345],[104.176,17.635],[104.1791,17.6356],[104.1788,17.637],[104.1763,17.6369],[104.174,17.6375]],[[104.1737,17.6364],[104.1777,17.6367],[104.1788,17.6361],[104.176,17.6361],[104.1757,17.6353],[104.1746,17.6348],[104.1735,17.6353],[104.1737,17.6364]]]}},{"type":"Feature","properties":{"kind":"seasonal","area_km2":0.111,"date":"2026-10-09"},"geometry":{"type":"Polygon","coordinates":[[[104.3185,17.7294],[104.3182,17.7281],[104.3168,17.7281],[104.3165,17.7267],[104.3173,17.7264],[104.3173,17.7259],[104.3179,17.7256],[104.3196,17.7253],[104.3205,17.7264],[104.3199,17.7264],[104.3199,17.727],[104.3193,17.7272],[104.3199,17.7272],[104.3199,17.7281],[104.3207,17.7283],[104.3199,17.7291],[104.3185,17.7294]],[[104.3185,17.7267],[104.3193,17.7267],[104.3193,17.7264],[104.3185,17.7262],[104.3185,17.7267]],[[104.3193,17.7259],[104.3199,17.7262],[104.3199,17.7259],[104.3193,17.7259]]]}},{"type":"Feature","properties":{"kind":"seasonal","area_km2":0.111,"date":"2026-10-09"},"geometry":{"type":"Polygon","coordinates":[[[104.0555,17.3693],[104.0541,17.3682],[104.0544,17.3666],[104.0538,17.3663],[104.0533,17.365],[104.0521,17.3644],[104.0521,17.3636],[104.0536,17.3639],[104.0541,17.3647],[104.0547,17.3647],[104.0547,17.3653],[104.0555,17.3661],[104.0578,17.3664],[104.0578,17.3653],[104.0586,17.365],[104.0586,17.3664],[104.0592,17.3664],[104.0592,17.3669],[104.0558,17.3664],[104.0547,17.3669],[104.0552,17.3688],[104.0586,17.3693],[104.0555,17.3693]]]}},{"type":"Feature","properties":{"kind":"seasonal","area_km2":0.11,"date":"2026-10-09"},"geometry":{"type":"Polygon","coordinates":[[[104.0388,17.8052],[104.0382,17.8047],[104.0383,17.8014],[104.0388,17.8009],[104.0383,17.8004],[104.0383,17.7995],[104.0397,17.7993],[104.0402,17.8004],[104.0402,17.8036],[104.0397,17.8042],[104.0397,17.8052],[104.0388,17.8052]]]}},{"type":"Feature","properties":{"kind":"seasonal","area_km2":0.109,"date":"2026-10-09"},"geometry":{"type":"Polygon","coordinates":[[[104.0468,17.7931],[104.0465,17.7925],[104.0459,17.7928],[104.0457,17.7923],[104.0448,17.7923],[104.0445,17.7917],[104.0414,17.7903],[104.0409,17.789],[104.0397,17.7887],[104.0395,17.7879],[104.0383,17.7879],[104.0383,17.7871],[104.0414,17.7874],[104.04,17.7879],[104.0423,17.7885],[104.0428,17.7895],[104.0426,17.7903],[104.0431,17.7904],[104.0431,17.7909],[104.0445,17.7912],[104.0448,17.7917],[104.0468,17.792],[104.0474,17.7925],[104.0474,17.7931],[104.0468,17.7931]]]}},{"type":"Feature","properties":{"kind":"seasonal","area_km2":0.109,"date":"2026-10-09"},"geometry":{"type":"Polygon","coordinates":[[[104.2506,17.7208],[104.2509,17.7175],[104.2495,17.7175],[104.2492,17.718],[104.2478,17.7183],[104.2478,17.7175],[104.2466,17.7175],[104.2467,17.7164],[104.2481,17.7167],[104.2481,17.7175],[104.2489,17.7175],[104.2495,17.717],[104.2534,17.7172],[104.2534,17.7189],[104.2529,17.7189],[104.2529,17.7181],[104.2517,17.7178],[104.2517,17.7189],[104.2526,17.7194],[104.2514,17.7197],[104.2517,17.7208],[104.2506,17.7208]]]}},{"type":"Feature","properties":{"kind":"seasonal","area_km2":0.109,"date":"2026-10-09"},"geometry":{"type":"Polygon","coordinates":[[[104.3134,17.648],[104.3134,17.647],[104.3143,17.6464],[104.3145,17.6456],[104.3145,17.6429],[104.3148,17.6424],[104.316,17.6424],[104.3165,17.6456],[104.3154,17.647],[104.3134,17.648]]]}},{"type":"Feature","properties":{"kind":"seasonal","area_km2":0.108,"date":"2026-10-09"},"geometry":{"type":"Polygon","coordinates":[[[104.1133,17.7362],[104.1133,17.7337],[104.1142,17.7335],[104.1142,17.7324],[104.1133,17.7321],[104.1133,17.7313],[104.1139,17.731],[104.1139,17.7297],[104.1131,17.7294],[104.1125,17.7283],[104.1131,17.7283],[104.1136,17.7291],[104.1153,17.7289],[104.1153,17.7319],[104.1145,17.7319],[104.1153,17.7327],[104.115,17.7335],[104.1139,17.7337],[104.1139,17.7354],[104.1153,17.7357],[104.1133,17.7362]]]}},{"type":"Feature","properties":{"kind":"seasonal","area_km2":0.104,"date":"2026-10-09"},"geometry":{"type":"Polygon","coordinates":[[[104.0592,17.5315],[104.0589,17.5309],[104.0581,17.5309],[104.0581,17.5304],[104.0575,17.5304],[104.0572,17.5299],[104.0564,17.5299],[104.0564,17.529],[104.0572,17.529],[104.0561,17.5285],[104.0564,17.5271],[104.0581,17.5274],[104.0581,17.5285],[104.0589,17.5301],[104.0609,17.5301],[104.0609,17.5312],[104.0592,17.5315]]]}},{"type":"Feature","properties":{"kind":"seasonal","area_km2":0.1,"date":"2026-10-09"},"geometry":{"type":"Polygon","coordinates":[[[104.288,17.8386],[104.2878,17.838],[104.2869,17.8383],[104.2863,17.8367],[104.2863,17.8361],[104.2872,17.8359],[104.2872,17.835],[104.2878,17.8345],[104.2889,17.8345],[104.29,17.8356],[104.2912,17.8351],[104.2929,17.8353],[104.2926,17.8359],[104.2892,17.8359],[104.2886,17.8351],[104.2886,17.8361],[104.2895,17.8364],[104.2883,17.8367],[104.288,17.8378],[104.2886,17.838],[104.2886,17.8386],[104.288,17.8386]]]}}]}
