{"type":"FeatureCollection","properties":{"v":3,"id":"t99_16","name":"กำแพงเพชร · ตาก · สุโขทัย","aoi":[99.0,16.0,100.0,17.0],"date":"2026-10-09","dates":["2026-10-09"],"baseline_years":3,"has_seasonal":true,"totals":{"flood_high":12.1,"flood_low":19.2,"seasonal":111.4},"provinces":[{"name":"นครสวรรค์","zone":"th-c","flood_high":10.5,"flood_low":6.7,"seasonal":0.0},{"name":"กำแพงเพชร","zone":"th-c","flood_high":1.6,"flood_low":12.3,"seasonal":6.1},{"name":"สุโขทัย","zone":"th-c","flood_high":0.0,"flood_low":0.2,"seasonal":100.7},{"name":"ตาก","zone":"th-w","flood_high":0.0,"flood_low":0.0,"seasonal":2.5},{"name":"พิษณุโลก","zone":"th-c","flood_high":0.0,"flood_low":0.0,"seasonal":2.0}],"scenes":{"2026-10-09":2},"baseline_dates":["2025-10-07","2024-10-09","2023-10-10"],"threshold_db":-15.0,"auto":true,"source":"Sentinel-1 RTC (Copernicus/ESA) via Microsoft Planetary Computer; JRC Global Surface Water; Copernicus DEM","method":"ChatGeo v3: Otsu threshold on VV dB; minus JRC permanent water and slope > 5 deg; unusual = water not present in most of the previous 3 years (same season)","added":"2026-10-10T16:37+07:00"},"features":[{"type":"Feature","properties":{"kind":"flood","area_km2":4.672,"conf":"high","date":"2026-10-09"},"geometry":{"type":"Polygon","coordinates":[[[99.8613,16.028],[99.8613,16.0269],[99.8607,16.0263],[99.8582,16.0261],[99.8576,16.0247],[99.8568,16.0253],[99.8568,16.0258],[99.8573,16.0261],[99.8574,16.0269],[99.8568,16.0274],[99.8543,16.0275],[99.854,16.0264],[99.8529,16.0266],[99.8503,16.0261],[99.8498,16.0256],[99.8487,16.0256],[99.8484,16.0239],[99.8464,16.0242],[99.845,16.0231],[99.845,16.0126],[99.8452,16.0109],[99.8466,16.0109],[99.8466,16.0104],[99.8458,16.0104],[99.8458,16.0096],[99.8452,16.0093],[99.8455,16.0052],[99.8466,16.0052],[99.8486,16.0063],[99.8531,16.006],[99.8536,16.0055],[99.855,16.0055],[99.855,16.0049],[99.8567,16.0033],[99.8587,16.0036],[99.8589,16.0041],[99.8595,16.0041],[99.8601,16.0033],[99.8612,16.0033],[99.8615,16.0055],[99.8587,16.006],[99.8587,16.0066],[99.8595,16.0068],[99.8595,16.0076],[99.8604,16.0082],[99.8604,16.009],[99.8592,16.0093],[99.859,16.0103],[99.8598,16.0109],[99.8601,16.0098],[99.8615,16.0101],[99.8615,16.0087],[99.8623,16.0087],[99.8623,16.0106],[99.8629,16.0109],[99.8629,16.009],[99.8637,16.009],[99.8643,16.0098],[99.8643,16.0125],[99.8657,16.0133],[99.8657,16.0141],[99.8649,16.0141],[99.8649,16.0149],[99.866,16.0149],[99.8663,16.0163],[99.8674,16.0163],[99.8674,16.0174],[99.8685,16.0165],[99.8696,16.0165],[99.8696,16.0171],[99.8702,16.0174],[99.8702,16.0187],[99.8699,16.0193],[99.8694,16.0193],[99.8691,16.0209],[99.8683,16.0209],[99.8677,16.0198],[99.866,16.0198],[99.866,16.0212],[99.8669,16.0217],[99.868,16.0217],[99.8685,16.0222],[99.8697,16.0222],[99.8697,16.0233],[99.8691,16.0239],[99.8672,16.0239],[99.8666,16.0231],[99.8643,16.0233],[99.8629,16.0225],[99.8618,16.0247],[99.8635,16.0255],[99.8649,16.0255],[99.8649,16.0263],[99.8644,16.0269],[99.8632,16.0266],[99.8621,16.0274],[99.8621,16.028],[99.8613,16.028]],[[99.8537,16.0256],[99.8543,16.025],[99.854,16.0245],[99.8531,16.0245],[99.8529,16.025],[99.8537,16.0256]],[[99.8548,16.025],[99.8559,16.025],[99.8559,16.0247],[99.8548,16.0245],[99.8548,16.025]],[[99.8512,16.0229],[99.8517,16.0229],[99.8514,16.0215],[99.8486,16.022],[99.8486,16.0226],[99.8509,16.0223],[99.8512,16.0229]],[[99.8545,16.0212],[99.8548,16.0218],[99.8548,16.0212],[99.8545,16.0212]],[[99.859,16.0215],[99.8596,16.0217],[99.8596,16.0215],[99.859,16.0215]],[[99.8579,16.0212],[99.8584,16.0212],[99.8584,16.0207],[99.8579,16.0207],[99.8579,16.0212]],[[99.8621,16.0206],[99.8627,16.0206],[99.8624,16.0193],[99.8618,16.0193],[99.8621,16.0206]],[[99.8576,16.0188],[99.8579,16.019],[99.8579,16.0188],[99.8576,16.0188]],[[99.8559,16.0185],[99.8568,16.0182],[99.8567,16.0166],[99.8562,16.0161],[99.8551,16.0174],[99.8559,16.0185]],[[99.8657,16.0185],[99.866,16.0179],[99.8654,16.0176],[99.8654,16.0182],[99.8657,16.0185]],[[99.8531,16.018],[99.8542,16.018],[99.8542,16.0174],[99.8531,16.0174],[99.8531,16.018]],[[99.8517,16.0177],[99.8528,16.0174],[99.8528,16.0166],[99.8511,16.0163],[99.8511,16.0172],[99.8517,16.0177]],[[99.8598,16.0163],[99.8604,16.0166],[99.8604,16.0163],[99.8598,16.0163]],[[99.8531,16.0158],[99.8537,16.0158],[99.8534,16.0147],[99.8528,16.015],[99.8531,16.0158]],[[99.8609,16.0144],[99.8629,16.0144],[99.8629,16.0117],[99.8623,16.0117],[99.8623,16.0122],[99.8612,16.0128],[99.8609,16.0144]],[[99.8489,16.0131],[99.85,16.0131],[99.8503,16.0126],[99.8492,16.012],[99.8489,16.0131]],[[99.8503,16.0093],[99.8505,16.0098],[99.8505,16.0093],[99.8503,16.0093]],[[99.8508,16.0088],[99.8522,16.0087],[99.8525,16.0082],[99.8508,16.0082],[99.8508,16.0088]],[[99.8556,16.0071],[99.8559,16.0074],[99.8559,16.0071],[99.8556,16.0071]],[[99.857,16.0066],[99.8578,16.0066],[99.8578,16.006],[99.8567,16.006],[99.857,16.0066]],[[99.8553,16.0058],[99.8561,16.006],[99.8561,16.0057],[99.8553,16.0058]]]}},{"type":"Feature","properties":{"kind":"flood","area_km2":1.795,"conf":"high","date":"2026-10-09"},"geometry":{"type":"Polygon","coordinates":[[[99.8419,16.027],[99.8402,16.0253],[99.8394,16.0253],[99.8391,16.0243],[99.8386,16.0253],[99.8374,16.0253],[99.8374,16.0248],[99.8369,16.0248],[99.8369,16.024],[99.8377,16.0237],[99.8377,16.0232],[99.8371,16.0229],[99.8363,16.0235],[99.8332,16.0237],[99.8332,16.0229],[99.8349,16.0229],[99.8349,16.0224],[99.8357,16.0218],[99.8357,16.0205],[99.8366,16.0205],[99.8377,16.0207],[99.8397,16.0229],[99.8405,16.0229],[99.8402,16.0243],[99.8414,16.0253],[99.8422,16.0253],[99.8422,16.0245],[99.8411,16.0242],[99.8413,16.0223],[99.8419,16.0221],[99.8419,16.0207],[99.8425,16.0204],[99.8422,16.0183],[99.8413,16.0183],[99.8411,16.0188],[99.8413,16.0207],[99.8399,16.0207],[99.8397,16.0196],[99.8402,16.0191],[99.8391,16.0188],[99.8391,16.0183],[99.8377,16.0186],[99.8377,16.0172],[99.8382,16.0169],[99.8382,16.0164],[99.8366,16.0161],[99.8365,16.0137],[99.8371,16.0131],[99.8368,16.0118],[99.8388,16.0121],[99.8399,16.0112],[99.8399,16.0104],[99.8382,16.011],[99.8382,16.0102],[99.8374,16.0102],[99.8374,16.0088],[99.8357,16.0088],[99.8346,16.008],[99.8346,16.0072],[99.8354,16.0072],[99.8354,16.0061],[99.836,16.0053],[99.8379,16.0058],[99.8379,16.0047],[99.8362,16.005],[99.8362,16.0042],[99.8382,16.0039],[99.8385,16.0034],[99.8427,16.0034],[99.8444,16.005],[99.8444,16.0058],[99.8435,16.0061],[99.8446,16.0063],[99.8444,16.0082],[99.8449,16.0096],[99.8449,16.0118],[99.8444,16.0134],[99.8441,16.0172],[99.8441,16.0177],[99.8447,16.018],[99.8447,16.0194],[99.8444,16.0215],[99.8436,16.0218],[99.8436,16.0223],[99.8444,16.0226],[99.8444,16.0248],[99.843,16.0253],[99.8433,16.0264],[99.8428,16.027],[99.8419,16.027]],[[99.8422,16.0156],[99.8427,16.0156],[99.8427,16.015],[99.8424,16.015],[99.8422,16.0156]],[[99.8419,16.0104],[99.843,16.0104],[99.843,16.0099],[99.8419,16.0096],[99.8419,16.0104]],[[99.8435,16.0093],[99.8441,16.0091],[99.8438,16.0085],[99.8433,16.0088],[99.8435,16.0093]],[[99.8416,16.0069],[99.8418,16.0072],[99.8418,16.0069],[99.8416,16.0069]],[[99.8418,16.0066],[99.8421,16.0069],[99.8421,16.0066],[99.8418,16.0066]],[[99.8382,16.0064],[99.8388,16.0064],[99.839,16.0058],[99.8382,16.0058],[99.8382,16.0064]],[[99.8418,16.0063],[99.8427,16.0061],[99.843,16.0055],[99.8418,16.0055],[99.8418,16.0063]]]}},{"type":"Feature","properties":{"kind":"flood","area_km2":1.408,"conf":"high","date":"2026-10-09"},"geometry":{"type":"Polygon","coordinates":[[[99.9754,16.0172],[99.9762,16.0166],[99.9762,16.0153],[99.9739,16.0153],[99.9739,16.0158],[99.9745,16.0158],[99.9745,16.0166],[99.9731,16.0169],[99.9734,16.0147],[99.9717,16.0145],[99.9711,16.0156],[99.9703,16.0156],[99.97,16.015],[99.9708,16.0115],[99.9739,16.0115],[99.9739,16.0109],[99.972,16.011],[99.972,16.0099],[99.9731,16.0074],[99.9722,16.0069],[99.9722,16.0063],[99.9708,16.0061],[99.9711,16.0047],[99.9719,16.0042],[99.9714,16.002],[99.9685,16.0017],[99.9685,16.0004],[99.9691,16.0004],[99.9694,15.9993],[99.9705,15.9988],[99.9705,15.9977],[99.9733,15.9977],[99.9733,15.9998],[99.9747,15.9998],[99.9747,15.9979],[99.9753,15.9976],[99.9823,15.9976],[99.9823,15.9987],[99.9803,15.9984],[99.9812,15.9992],[99.9812,15.9998],[99.9828,15.9998],[99.9828,15.9987],[99.9834,15.9982],[99.9842,15.9981],[99.9842,15.9992],[99.9837,15.9995],[99.9837,16.0006],[99.9831,16.0009],[99.9831,16.0014],[99.9817,16.0011],[99.982,16.0017],[99.9826,16.0017],[99.9826,16.0028],[99.9812,16.0028],[99.9812,16.0017],[99.9806,16.0017],[99.9798,16.0025],[99.9798,16.0031],[99.9809,16.0028],[99.9815,16.0033],[99.9809,16.0058],[99.9801,16.0058],[99.9801,16.0055],[99.9792,16.0055],[99.9798,16.006],[99.9798,16.0068],[99.9792,16.0069],[99.9792,16.0074],[99.9784,16.0082],[99.9778,16.0079],[99.9762,16.0101],[99.9756,16.0096],[99.9742,16.0096],[99.9742,16.0112],[99.9753,16.0112],[99.9753,16.0131],[99.9748,16.0145],[99.9765,16.015],[99.9767,16.0155],[99.9768,16.0166],[99.9762,16.0172],[99.9754,16.0172]],[[99.975,16.008],[99.9753,16.0085],[99.9753,16.008],[99.975,16.008]],[[99.9756,16.008],[99.9767,16.0079],[99.9767,16.0066],[99.9759,16.0069],[99.9756,16.008]],[[99.9747,16.0066],[99.9761,16.005],[99.9773,16.005],[99.9773,16.0044],[99.9759,16.0042],[99.9758,16.0036],[99.975,16.0031],[99.975,16.0023],[99.9744,16.0023],[99.9744,16.0009],[99.973,16.0009],[99.973,16.0023],[99.9725,16.0015],[99.9714,16.0015],[99.9719,16.0023],[99.973,16.0028],[99.973,16.0034],[99.9739,16.0036],[99.9739,16.0047],[99.9742,16.0052],[99.9747,16.0052],[99.9747,16.0066]],[[99.9767,16.0066],[99.9775,16.006],[99.9775,16.0055],[99.9767,16.006],[99.9767,16.0066]],[[99.9784,16.0055],[99.9792,16.0055],[99.9789,16.0047],[99.9781,16.005],[99.9784,16.0055]],[[99.9789,16.0041],[99.9795,16.0041],[99.9795,16.0036],[99.9789,16.0036],[99.9789,16.0041]],[[99.9767,16.0028],[99.9778,16.0022],[99.9778,15.9995],[99.9758,15.9998],[99.9756,16.0009],[99.975,16.0012],[99.975,16.002],[99.9758,16.002],[99.9758,16.0006],[99.9772,16.0004],[99.9772,16.002],[99.9767,16.0023],[99.9767,16.0028]],[[99.9784,16.0028],[99.9789,16.0028],[99.9789,16.0022],[99.9784,16.0022],[99.9784,16.0028]],[[99.9705,16.0001],[99.9711,16.0009],[99.9711,16.0001],[99.9705,16.0001]],[[99.98,16.0003],[99.9806,16.0006],[99.9806,16.0003],[99.98,16.0003]],[[99.9792,15.9998],[99.9798,15.9998],[99.9798,15.999],[99.9789,15.999],[99.9792,15.9998]],[[99.9713,15.9993],[99.9719,15.999],[99.9716,15.9985],[99.9711,15.9988],[99.9713,15.9993]],[[99.9778,15.999],[99.9781,15.9993],[99.9781,15.999],[99.9778,15.999]]]}},{"type":"Feature","properties":{"kind":"flood","area_km2":1.103,"conf":"high","date":"2026-10-09"},"geometry":{"type":"Polygon","coordinates":[[[99.8467,16.0394],[99.8451,16.0391],[99.8451,16.0375],[99.8456,16.037],[99.8456,16.0362],[99.8462,16.0359],[99.8459,16.0343],[99.8464,16.0332],[99.8476,16.0332],[99.8478,16.0337],[99.8484,16.0337],[99.849,16.0324],[99.8462,16.0326],[99.8456,16.0321],[99.8461,16.0297],[99.8475,16.0296],[99.8481,16.0286],[99.8475,16.028],[99.8464,16.028],[99.8464,16.0286],[99.845,16.0283],[99.8456,16.0267],[99.845,16.0261],[99.845,16.0242],[99.8458,16.0242],[99.8458,16.0248],[99.8467,16.0253],[99.8478,16.0253],[99.8489,16.0261],[99.8498,16.0261],[99.8501,16.0267],[99.8506,16.0267],[99.8506,16.0277],[99.8509,16.0272],[99.8529,16.0272],[99.8537,16.028],[99.8548,16.0283],[99.8548,16.0293],[99.8557,16.0296],[99.8554,16.0318],[99.856,16.0318],[99.856,16.0326],[99.8551,16.0326],[99.8557,16.0331],[99.8557,16.0345],[99.8543,16.0359],[99.8543,16.0364],[99.8526,16.0361],[99.8526,16.0351],[99.8515,16.0345],[99.8509,16.0337],[99.8501,16.0337],[99.8501,16.0342],[99.8507,16.0342],[99.8507,16.0353],[99.8501,16.0356],[99.8498,16.0378],[99.8487,16.0375],[99.8479,16.0383],[99.8467,16.0381],[99.8467,16.0394]],[[99.8492,16.0313],[99.8498,16.0313],[99.8498,16.0307],[99.849,16.0307],[99.8492,16.0313]],[[99.8501,16.0294],[99.8506,16.0291],[99.8506,16.0286],[99.8501,16.0286],[99.8501,16.0294]]]}},{"type":"Feature","properties":{"kind":"flood","area_km2":1.048,"conf":"high","date":"2026-10-09"},"geometry":{"type":"Polygon","coordinates":[[[99.9098,16.2686],[99.9084,16.2678],[99.9084,16.2667],[99.9092,16.2667],[99.9092,16.2661],[99.9081,16.2661],[99.9067,16.2675],[99.9056,16.2675],[99.9056,16.267],[99.9039,16.2651],[99.9039,16.2643],[99.905,16.2634],[99.9041,16.2634],[99.9039,16.264],[99.9033,16.264],[99.903,16.2645],[99.9025,16.2643],[99.9022,16.2648],[99.9013,16.2648],[99.901,16.2643],[99.8977,16.2643],[99.8977,16.2635],[99.8988,16.2629],[99.8988,16.2616],[99.8999,16.2613],[99.8999,16.2608],[99.8993,16.2605],[99.8993,16.2589],[99.9002,16.258],[99.9013,16.2578],[99.9016,16.2569],[99.9027,16.2572],[99.9036,16.2597],[99.9047,16.2596],[99.9052,16.2605],[99.9064,16.2596],[99.9072,16.2596],[99.9072,16.2604],[99.9078,16.2607],[99.9078,16.2618],[99.9072,16.2623],[99.9083,16.2623],[99.9095,16.2613],[99.9103,16.2612],[99.9106,16.2607],[99.9125,16.2602],[99.9151,16.2629],[99.9151,16.2634],[99.9162,16.2637],[99.9159,16.265],[99.9148,16.265],[99.9148,16.2637],[99.9137,16.2642],[99.912,16.264],[99.9112,16.2648],[99.91,16.2648],[99.91,16.2637],[99.9095,16.2637],[99.9095,16.2661],[99.9112,16.2656],[99.9106,16.2686],[99.9098,16.2686]],[[99.905,16.2632],[99.9055,16.2634],[99.9055,16.2632],[99.905,16.2632]],[[99.9064,16.2629],[99.9069,16.2629],[99.9072,16.2623],[99.9064,16.2624],[99.9064,16.2629]]]}},{"type":"Feature","properties":{"kind":"flood","area_km2":0.868,"conf":"high","date":"2026-10-09"},"geometry":{"type":"Polygon","coordinates":[[[99.9854,16.0169],[99.9854,16.016],[99.9843,16.016],[99.9843,16.0152],[99.9854,16.0152],[99.9857,16.0147],[99.984,16.015],[99.9835,16.0131],[99.9818,16.0131],[99.9809,16.012],[99.9804,16.012],[99.9795,16.0112],[99.9795,16.0104],[99.9776,16.0101],[99.9776,16.0093],[99.9801,16.0093],[99.9806,16.0066],[99.9812,16.0063],[99.9812,16.0055],[99.9817,16.0055],[99.9817,16.0047],[99.9826,16.0039],[99.9826,16.0033],[99.9831,16.0028],[99.9854,16.0028],[99.9851,16.0014],[99.9865,16.0011],[99.9873,16.0019],[99.9873,16.0036],[99.9879,16.0036],[99.9879,16.0044],[99.9871,16.0044],[99.9871,16.0036],[99.9854,16.003],[99.9854,16.006],[99.9862,16.006],[99.9871,16.0068],[99.9871,16.0079],[99.9857,16.0079],[99.9848,16.0071],[99.9848,16.0063],[99.984,16.006],[99.9834,16.0063],[99.9837,16.0076],[99.9818,16.0077],[99.982,16.0095],[99.9829,16.0095],[99.9834,16.009],[99.9851,16.0093],[99.9851,16.0103],[99.9837,16.0117],[99.9835,16.0128],[99.9851,16.0128],[99.9857,16.0109],[99.9882,16.0111],[99.9879,16.0098],[99.9865,16.0098],[99.9868,16.0082],[99.9882,16.0079],[99.9888,16.0082],[99.9888,16.0092],[99.9902,16.0092],[99.9899,16.0106],[99.9893,16.0106],[99.9899,16.0122],[99.9891,16.013],[99.9891,16.0136],[99.9882,16.0136],[99.9885,16.0149],[99.9874,16.0152],[99.9877,16.0163],[99.9854,16.0169]],[[99.9868,16.015],[99.9874,16.0152],[99.9874,16.0149],[99.9868,16.015]],[[99.9849,16.0139],[99.9863,16.0136],[99.9863,16.0133],[99.9851,16.0131],[99.9849,16.0139]],[[99.9812,16.0104],[99.9818,16.0106],[99.9818,16.0104],[99.9812,16.0104]],[[99.9837,16.0038],[99.984,16.0041],[99.984,16.0038],[99.9837,16.0038]]]}},{"type":"Feature","properties":{"kind":"flood","area_km2":0.59,"conf":"low","date":"2026-10-09"},"geometry":{"type":"Polygon","coordinates":[[[99.9594,16.075],[99.9594,16.0742],[99.9599,16.0736],[99.9591,16.0734],[99.9591,16.072],[99.9577,16.0718],[99.9579,16.0701],[99.9574,16.0701],[99.9574,16.0728],[99.9588,16.0731],[99.9585,16.0747],[99.9574,16.0747],[99.9571,16.0742],[99.9554,16.0745],[99.9549,16.0737],[99.9543,16.0737],[99.954,16.071],[99.9532,16.071],[99.9529,16.0726],[99.9521,16.0726],[99.9512,16.0718],[99.9512,16.0702],[99.9526,16.0702],[99.9526,16.0696],[99.9543,16.0696],[99.954,16.068],[99.9548,16.0677],[99.956,16.0677],[99.9577,16.0685],[99.9577,16.0693],[99.9579,16.068],[99.9591,16.068],[99.9588,16.0693],[99.9605,16.069],[99.9605,16.0701],[99.9613,16.0701],[99.961,16.0712],[99.963,16.0717],[99.963,16.0725],[99.9624,16.0731],[99.9627,16.0747],[99.9594,16.075]]]}},{"type":"Feature","properties":{"kind":"flood","area_km2":0.555,"conf":"low","date":"2026-10-09"},"geometry":{"type":"Polygon","coordinates":[[[99.9913,16.0106],[99.9902,16.0092],[99.9904,16.0076],[99.9896,16.0076],[99.9896,16.006],[99.989,16.0057],[99.9882,16.0033],[99.9882,16.0022],[99.9899,16.0006],[99.9904,15.9976],[99.9926,15.9981],[99.9929,16.0003],[99.9946,16.0014],[99.9946,16.0022],[99.9929,16.0019],[99.9927,16.003],[99.9944,16.0033],[99.9944,16.0041],[99.9932,16.0043],[99.9932,16.0049],[99.9946,16.0049],[99.9946,16.0057],[99.9935,16.0057],[99.9935,16.0062],[99.9949,16.0065],[99.9949,16.0073],[99.9921,16.0079],[99.9921,16.0106],[99.9913,16.0106]],[[99.9916,16.0063],[99.9918,16.0065],[99.9918,16.0062],[99.9916,16.0063]],[[99.9907,16.0049],[99.9924,16.0049],[99.9907,16.0044],[99.9907,16.0049]]]}},{"type":"Feature","properties":{"kind":"flood","area_km2":0.535,"conf":"low","date":"2026-10-09"},"geometry":{"type":"Polygon","coordinates":[[[99.8193,16.0447],[99.819,16.0403],[99.8215,16.0403],[99.8224,16.0414],[99.8223,16.039],[99.8249,16.0398],[99.8249,16.039],[99.8254,16.039],[99.8257,16.0384],[99.8257,16.0371],[99.8288,16.0373],[99.8288,16.0381],[99.8299,16.0389],[99.8299,16.04],[99.828,16.04],[99.828,16.0408],[99.8266,16.0408],[99.8277,16.0417],[99.8274,16.0433],[99.8257,16.0441],[99.8235,16.0441],[99.8232,16.0425],[99.8224,16.0419],[99.8227,16.0441],[99.8221,16.0447],[99.8204,16.0447],[99.8204,16.0439],[99.8201,16.0447],[99.8193,16.0447]],[[99.8204,16.0414],[99.8207,16.0422],[99.8207,16.0414],[99.8204,16.0414]],[[99.826,16.0409],[99.8266,16.0408],[99.8266,16.0403],[99.826,16.0403],[99.826,16.0409]],[[99.8277,16.0398],[99.828,16.04],[99.828,16.0398],[99.8277,16.0398]]]}},{"type":"Feature","properties":{"kind":"flood","area_km2":0.502,"conf":"low","date":"2026-10-09"},"geometry":{"type":"Polygon","coordinates":[[[99.9353,16.0211],[99.9353,16.0182],[99.9344,16.0182],[99.9344,16.0171],[99.935,16.0168],[99.935,16.0163],[99.9339,16.0163],[99.9336,16.0184],[99.9327,16.0184],[99.9327,16.0176],[99.9316,16.0176],[99.9316,16.0168],[99.9327,16.0157],[99.9322,16.0152],[99.9308,16.0152],[99.9305,16.0141],[99.9324,16.0133],[99.9327,16.0128],[99.9355,16.0127],[99.9358,16.0114],[99.9364,16.0108],[99.938,16.0111],[99.938,16.0125],[99.9386,16.0127],[99.9386,16.0108],[99.9394,16.0097],[99.9394,16.0106],[99.9403,16.0105],[99.9403,16.0111],[99.9397,16.0116],[99.9397,16.0127],[99.9386,16.013],[99.9386,16.0152],[99.9375,16.0165],[99.9375,16.0184],[99.9372,16.0195],[99.9367,16.0198],[99.9372,16.0201],[99.9372,16.0211],[99.9353,16.0211]],[[99.9353,16.0176],[99.9367,16.0176],[99.9367,16.0165],[99.9353,16.0165],[99.9353,16.0176]],[[99.9353,16.016],[99.9367,16.0163],[99.9366,16.0149],[99.9352,16.0149],[99.9353,16.016]],[[99.9336,16.0144],[99.9341,16.0146],[99.9341,16.0144],[99.9336,16.0144]],[[99.9364,16.0141],[99.9366,16.0146],[99.9366,16.0141],[99.9364,16.0141]]]}},{"type":"Feature","properties":{"kind":"flood","area_km2":0.481,"conf":"low","date":"2026-10-09"},"geometry":{"type":"Polygon","coordinates":[[[99.8225,16.0821],[99.8203,16.0794],[99.8203,16.0775],[99.8211,16.0764],[99.8211,16.0756],[99.8231,16.0753],[99.8228,16.0739],[99.8219,16.074],[99.8219,16.0734],[99.8228,16.0729],[99.8228,16.0723],[99.8236,16.0723],[99.8239,16.0731],[99.8256,16.0731],[99.8259,16.0737],[99.8281,16.0745],[99.8281,16.0753],[99.8292,16.0755],[99.8292,16.0764],[99.8284,16.0764],[99.8287,16.0777],[99.827,16.0783],[99.8267,16.0794],[99.8256,16.0794],[99.8256,16.0785],[99.8267,16.0783],[99.8262,16.0775],[99.8248,16.0775],[99.8242,16.0767],[99.8222,16.0767],[99.8222,16.0799],[99.8228,16.0799],[99.8228,16.0788],[99.8239,16.0788],[99.8248,16.0796],[99.8245,16.0818],[99.8225,16.0821]],[[99.8261,16.0764],[99.8264,16.0766],[99.8264,16.0764],[99.8261,16.0764]],[[99.827,16.0753],[99.8273,16.0761],[99.8278,16.0753],[99.827,16.0753]],[[99.8228,16.0737],[99.8233,16.0739],[99.8233,16.0737],[99.8228,16.0737]]]}},{"type":"Feature","properties":{"kind":"flood","area_km2":0.476,"conf":"low","date":"2026-10-09"},"geometry":{"type":"Polygon","coordinates":[[[99.8108,16.09],[99.8108,16.0886],[99.8113,16.0881],[99.8125,16.0881],[99.8124,16.087],[99.8136,16.087],[99.8136,16.0862],[99.813,16.0862],[99.8127,16.0854],[99.8119,16.0854],[99.8116,16.0827],[99.8121,16.0821],[99.8152,16.0818],[99.8155,16.0832],[99.8161,16.0837],[99.8161,16.0848],[99.8172,16.0851],[99.8172,16.0843],[99.8164,16.0832],[99.8164,16.0818],[99.8172,16.0818],[99.8186,16.0845],[99.8192,16.0845],[99.8192,16.0851],[99.8203,16.0856],[99.8206,16.0891],[99.82,16.0894],[99.82,16.09],[99.8189,16.0897],[99.8192,16.0867],[99.8183,16.0864],[99.8181,16.0854],[99.8181,16.087],[99.8175,16.0875],[99.8153,16.0875],[99.8147,16.0881],[99.8144,16.087],[99.8139,16.087],[99.8139,16.0884],[99.8125,16.0884],[99.8125,16.0889],[99.8113,16.0889],[99.8113,16.09],[99.8108,16.09]]]}},{"type":"Feature","properties":{"kind":"flood","area_km2":0.422,"conf":"low","date":"2026-10-09"},"geometry":{"type":"Polygon","coordinates":[[[99.8291,16.0511],[99.8286,16.0498],[99.8274,16.0495],[99.8274,16.049],[99.8263,16.049],[99.8263,16.0479],[99.8272,16.0476],[99.8272,16.0487],[99.8286,16.0487],[99.8297,16.0479],[99.8294,16.0465],[99.8288,16.0463],[99.8297,16.0463],[99.8299,16.0454],[99.8294,16.0454],[99.8294,16.0449],[99.8288,16.0446],[99.8285,16.0433],[99.8294,16.0422],[99.8302,16.0422],[99.8313,16.0425],[99.8313,16.0444],[99.8319,16.046],[99.833,16.0457],[99.8336,16.0449],[99.8347,16.0449],[99.8347,16.046],[99.8358,16.0465],[99.8358,16.0473],[99.8347,16.0476],[99.835,16.0492],[99.8345,16.0495],[99.8345,16.05],[99.8333,16.05],[99.8328,16.049],[99.8314,16.0484],[99.8305,16.0492],[99.8308,16.0511],[99.8291,16.0511]],[[99.8297,16.0473],[99.83,16.0476],[99.83,16.0473],[99.8297,16.0473]],[[99.8308,16.0468],[99.8314,16.0468],[99.8314,16.0463],[99.8311,16.0463],[99.8308,16.0468]],[[99.8302,16.0452],[99.8308,16.0452],[99.8308,16.0444],[99.8302,16.0444],[99.8302,16.0452]]]}},{"type":"Feature","properties":{"kind":"flood","area_km2":0.379,"conf":"low","date":"2026-10-09"},"geometry":{"type":"Polygon","coordinates":[[[99.9618,16.2258],[99.9609,16.2241],[99.9595,16.2242],[99.9595,16.2233],[99.9601,16.2228],[99.9592,16.2228],[99.9584,16.222],[99.9584,16.2204],[99.9595,16.2204],[99.9595,16.2198],[99.9603,16.2198],[99.9606,16.2209],[99.9612,16.2212],[99.9612,16.2222],[99.962,16.2225],[99.9612,16.2228],[99.9612,16.2241],[99.9621,16.2252],[99.9635,16.2252],[99.9635,16.2233],[99.9623,16.2228],[99.9623,16.222],[99.9629,16.2214],[99.9646,16.2217],[99.9651,16.2206],[99.9674,16.2206],[99.9677,16.2217],[99.9688,16.2219],[99.9691,16.2247],[99.9685,16.2247],[99.9685,16.2252],[99.966,16.2252],[99.9654,16.2241],[99.9646,16.2239],[99.9637,16.2249],[99.9637,16.2258],[99.9618,16.2258]],[[99.9637,16.2233],[99.9646,16.2233],[99.9646,16.2228],[99.9637,16.2225],[99.9637,16.2233]]]}},{"type":"Feature","properties":{"kind":"flood","area_km2":0.372,"conf":"low","date":"2026-10-09"},"geometry":{"type":"Polygon","coordinates":[[[99.7959,16.0252],[99.7951,16.0236],[99.7951,16.022],[99.7942,16.022],[99.7934,16.0212],[99.7934,16.0201],[99.7928,16.0198],[99.7928,16.0182],[99.7948,16.0176],[99.7951,16.0187],[99.7962,16.0198],[99.7962,16.0212],[99.7968,16.0212],[99.7968,16.0201],[99.7976,16.0198],[99.7976,16.019],[99.797,16.0187],[99.797,16.0171],[99.7979,16.0171],[99.7984,16.0182],[99.7984,16.0201],[99.799,16.0206],[99.799,16.0231],[99.8001,16.023],[99.8001,16.0239],[99.799,16.025],[99.7959,16.0252]],[[99.7979,16.0222],[99.7982,16.0225],[99.7982,16.0222],[99.7979,16.0222]]]}},{"type":"Feature","properties":{"kind":"flood","area_km2":0.366,"conf":"low","date":"2026-10-09"},"geometry":{"type":"Polygon","coordinates":[[[99.2978,16.1146],[99.298,16.1141],[99.2975,16.1136],[99.2966,16.1138],[99.2969,16.1114],[99.2958,16.1109],[99.2958,16.1103],[99.2966,16.1098],[99.2966,16.109],[99.2975,16.1092],[99.2975,16.1087],[99.2969,16.1087],[99.2966,16.1081],[99.2978,16.1081],[99.2983,16.1076],[99.2975,16.1068],[99.2975,16.1057],[99.298,16.1057],[99.2972,16.1054],[99.2972,16.1049],[99.298,16.1046],[99.2975,16.1041],[99.2983,16.1038],[99.2983,16.103],[99.2989,16.1027],[99.2986,16.1019],[99.2991,16.1019],[99.2989,16.1014],[99.2994,16.1011],[99.2994,16.1003],[99.3,16.1],[99.3,16.0995],[99.3005,16.0995],[99.3,16.0989],[99.3008,16.0984],[99.3011,16.0973],[99.3019,16.0973],[99.3014,16.0981],[99.3017,16.0989],[99.3011,16.0997],[99.3011,16.1019],[99.3005,16.1022],[99.3008,16.1035],[99.3003,16.1038],[99.2997,16.1054],[99.3,16.1089],[99.2986,16.1092],[99.298,16.1098],[99.2983,16.1146],[99.2978,16.1146]],[[99.2975,16.1133],[99.2978,16.1136],[99.2978,16.1133],[99.2975,16.1133]],[[99.2972,16.113],[99.2975,16.1133],[99.2975,16.113],[99.2972,16.113]],[[99.2975,16.1127],[99.2978,16.113],[99.2978,16.1127],[99.2975,16.1127]],[[99.2994,16.1024],[99.2997,16.1033],[99.2997,16.1024],[99.2994,16.1024]],[[99.3005,16.0989],[99.3008,16.0992],[99.3008,16.0989],[99.3005,16.0989]]]}},{"type":"Feature","properties":{"kind":"flood","area_km2":0.354,"conf":"high","date":"2026-10-09"},"geometry":{"type":"Polygon","coordinates":[[[99.9689,16.015],[99.9661,16.0145],[99.9661,16.0137],[99.9666,16.0137],[99.9661,16.0121],[99.9633,16.0121],[99.9633,16.0113],[99.9644,16.0107],[99.9669,16.0107],[99.9677,16.0099],[99.9683,16.0064],[99.9705,16.0061],[99.9714,16.0069],[99.9708,16.0104],[99.9703,16.011],[99.9694,16.011],[99.9694,16.012],[99.9686,16.0137],[99.9689,16.015]]]}},{"type":"Feature","properties":{"kind":"flood","area_km2":0.287,"conf":"low","date":"2026-10-09"},"geometry":{"type":"Polygon","coordinates":[[[99.8294,16.0587],[99.828,16.0585],[99.828,16.0579],[99.8275,16.0579],[99.8275,16.0574],[99.8269,16.0574],[99.8269,16.0568],[99.8263,16.0568],[99.8263,16.0563],[99.8244,16.0544],[99.8238,16.0533],[99.8241,16.0517],[99.8252,16.0517],[99.8252,16.0525],[99.8258,16.0525],[99.8258,16.0531],[99.8263,16.0531],[99.828,16.0549],[99.8291,16.0541],[99.8291,16.0536],[99.8283,16.053],[99.8283,16.0522],[99.8289,16.0517],[99.83,16.052],[99.83,16.0579],[99.8294,16.0587]]]}},{"type":"Feature","properties":{"kind":"flood","area_km2":0.283,"conf":"low","date":"2026-10-09"},"geometry":{"type":"Polygon","coordinates":[[[99.6312,16.2471],[99.6306,16.2465],[99.6289,16.2465],[99.6287,16.2449],[99.6275,16.2446],[99.627,16.2449],[99.627,16.246],[99.6256,16.246],[99.6259,16.2444],[99.625,16.2441],[99.625,16.2425],[99.6244,16.2425],[99.6244,16.2417],[99.625,16.2411],[99.6261,16.2411],[99.6267,16.2422],[99.6275,16.2417],[99.6295,16.2417],[99.6292,16.2438],[99.6303,16.2438],[99.6326,16.246],[99.6323,16.2471],[99.6312,16.2471]]]}},{"type":"Feature","properties":{"kind":"flood","area_km2":0.265,"conf":"low","date":"2026-10-09"},"geometry":{"type":"Polygon","coordinates":[[[99.9147,16.2509],[99.9136,16.2498],[99.9125,16.2496],[99.9122,16.2488],[99.9116,16.2488],[99.9111,16.248],[99.9105,16.248],[99.9102,16.2466],[99.9113,16.2455],[99.9113,16.245],[99.9133,16.245],[99.9133,16.2458],[99.9125,16.2461],[99.9128,16.2471],[99.9142,16.2471],[99.9156,16.2458],[99.9161,16.2463],[99.9161,16.2471],[99.9173,16.2482],[99.9173,16.249],[99.9161,16.2496],[99.9159,16.2509],[99.9147,16.2509]]]}},{"type":"Feature","properties":{"kind":"flood","area_km2":0.263,"conf":"low","date":"2026-10-09"},"geometry":{"type":"Polygon","coordinates":[[[99.9341,16.0122],[99.9341,16.01],[99.9352,16.0098],[99.9347,16.0092],[99.9338,16.0092],[99.9335,16.0106],[99.9324,16.0106],[99.9324,16.01],[99.9319,16.01],[99.9319,16.0087],[99.9335,16.0087],[99.9344,16.0076],[99.9349,16.0076],[99.9349,16.0065],[99.9355,16.0065],[99.9358,16.006],[99.9369,16.006],[99.9369,16.0065],[99.9394,16.0084],[99.9394,16.0092],[99.9386,16.0097],[99.9386,16.0103],[99.9358,16.0106],[99.9358,16.0111],[99.9352,16.0111],[99.9352,16.0119],[99.9341,16.0122]],[[99.9363,16.0092],[99.9366,16.0095],[99.9366,16.0092],[99.9363,16.0092]],[[99.9361,16.0087],[99.9363,16.0092],[99.9363,16.0087],[99.9361,16.0087]],[[99.9355,16.0081],[99.9358,16.0084],[99.9358,16.0081],[99.9355,16.0081]],[[99.9352,16.0079],[99.9355,16.0081],[99.9355,16.0079],[99.9352,16.0079]]]}},{"type":"Feature","properties":{"kind":"flood","area_km2":0.251,"conf":"low","date":"2026-10-09"},"geometry":{"type":"Polygon","coordinates":[[[99.9858,16.0912],[99.9858,16.0901],[99.9866,16.0901],[99.9864,16.0884],[99.983,16.0887],[99.983,16.0871],[99.9855,16.0868],[99.9861,16.0876],[99.9866,16.0876],[99.9872,16.0857],[99.9894,16.086],[99.9903,16.0871],[99.9903,16.0879],[99.9894,16.089],[99.9895,16.0903],[99.9867,16.0906],[99.9867,16.0912],[99.9858,16.0912]],[[99.9886,16.0873],[99.9889,16.0879],[99.9889,16.0873],[99.9886,16.0873]]]}},{"type":"Feature","properties":{"kind":"flood","area_km2":0.234,"conf":"low","date":"2026-10-09"},"geometry":{"type":"Polygon","coordinates":[[[99.8043,16.0916],[99.8043,16.0903],[99.8035,16.09],[99.8032,16.0887],[99.8026,16.0887],[99.8024,16.09],[99.8012,16.09],[99.8012,16.0892],[99.8004,16.0884],[99.7998,16.0884],[99.7996,16.089],[99.7996,16.0879],[99.7984,16.0879],[99.7984,16.0868],[99.7998,16.0868],[99.7998,16.0873],[99.8015,16.087],[99.8015,16.0865],[99.7998,16.0862],[99.7998,16.0854],[99.8015,16.0857],[99.8015,16.0851],[99.8026,16.0851],[99.8026,16.086],[99.8032,16.086],[99.8032,16.0873],[99.8043,16.0884],[99.8043,16.0889],[99.8068,16.0889],[99.8069,16.0897],[99.8049,16.09],[99.8049,16.0908],[99.8057,16.0908],[99.8057,16.0916],[99.8043,16.0916]]]}},{"type":"Feature","properties":{"kind":"flood","area_km2":0.23,"conf":"low","date":"2026-10-09"},"geometry":{"type":"Polygon","coordinates":[[[99.9977,16.0065],[99.998,16.0043],[99.9972,16.0043],[99.9969,16.0054],[99.996,16.0054],[99.996,16.0049],[99.9955,16.0049],[99.9952,16.003],[99.9963,16.003],[99.9966,16.0011],[99.9985,16.0016],[99.9985,16.0008],[99.9991,16.0003],[99.9999,16.0002],[100.0002,16.0035],[99.9997,16.0035],[99.9997,16.004],[100.0002,16.0046],[100.0003,16.0059],[99.9991,16.0059],[99.9991,16.0065],[99.9977,16.0065]],[[99.9986,16.0027],[99.9991,16.0027],[99.9994,16.0019],[99.9985,16.0019],[99.9986,16.0027]]]}},{"type":"Feature","properties":{"kind":"flood","area_km2":0.226,"conf":"low","date":"2026-10-09"},"geometry":{"type":"Polygon","coordinates":[[[99.8091,16.0979],[99.8088,16.0968],[99.8074,16.0968],[99.8072,16.0973],[99.8069,16.0943],[99.808,16.0943],[99.808,16.0952],[99.8086,16.0957],[99.8094,16.0957],[99.81,16.0968],[99.8105,16.0965],[99.8091,16.0952],[99.8091,16.0943],[99.81,16.0943],[99.8102,16.0935],[99.8111,16.0935],[99.8114,16.0941],[99.8122,16.0941],[99.8142,16.0951],[99.8142,16.0959],[99.8133,16.0962],[99.8131,16.0978],[99.8117,16.0979],[99.8111,16.097],[99.8105,16.097],[99.8105,16.0979],[99.8091,16.0979]]]}},{"type":"Feature","properties":{"kind":"flood","area_km2":0.224,"conf":"low","date":"2026-10-09"},"geometry":{"type":"Polygon","coordinates":[[[99.9642,16.1995],[99.9633,16.1986],[99.9625,16.1986],[99.9614,16.197],[99.9602,16.1976],[99.9586,16.1976],[99.9585,16.196],[99.9591,16.1954],[99.9605,16.1954],[99.9614,16.1962],[99.9619,16.1962],[99.9622,16.1951],[99.9616,16.1951],[99.9616,16.1943],[99.9625,16.1943],[99.9625,16.1949],[99.9647,16.1954],[99.965,16.1959],[99.9656,16.1959],[99.9656,16.1967],[99.965,16.1995],[99.9642,16.1995]]]}},{"type":"Feature","properties":{"kind":"flood","area_km2":0.221,"conf":"low","date":"2026-10-09"},"geometry":{"type":"Polygon","coordinates":[[[99.6535,16.273],[99.6532,16.272],[99.654,16.2711],[99.654,16.2701],[99.6537,16.2695],[99.6523,16.2695],[99.6523,16.2679],[99.6532,16.2674],[99.6543,16.2673],[99.6543,16.2682],[99.6551,16.2682],[99.6548,16.2671],[99.6568,16.2668],[99.6568,16.2676],[99.6574,16.2682],[99.6574,16.27],[99.6565,16.2703],[99.6565,16.2717],[99.6554,16.2714],[99.6549,16.2717],[99.6546,16.273],[99.6535,16.273]]]}},{"type":"Feature","properties":{"kind":"flood","area_km2":0.213,"conf":"low","date":"2026-10-09"},"geometry":{"type":"Polygon","coordinates":[[[99.8344,16.2372],[99.8341,16.2366],[99.8336,16.2366],[99.8335,16.2361],[99.8324,16.2361],[99.8324,16.2355],[99.8319,16.2353],[99.8316,16.2301],[99.8321,16.2296],[99.8335,16.2296],[99.8332,16.2315],[99.8347,16.2328],[99.8344,16.2344],[99.8335,16.235],[99.8335,16.2358],[99.8344,16.2358],[99.8347,16.2347],[99.8352,16.2347],[99.8352,16.2342],[99.8361,16.2342],[99.8358,16.2366],[99.8352,16.2372],[99.8344,16.2372]]]}},{"type":"Feature","properties":{"kind":"flood","area_km2":0.198,"conf":"low","date":"2026-10-09"},"geometry":{"type":"Polygon","coordinates":[[[99.8471,16.2458],[99.8476,16.2425],[99.8482,16.2425],[99.849,16.2417],[99.849,16.2412],[99.8501,16.2412],[99.8498,16.2395],[99.8518,16.2395],[99.8521,16.2406],[99.8529,16.2409],[99.8529,16.242],[99.8518,16.2422],[99.8518,16.2431],[99.8507,16.2431],[99.8501,16.2439],[99.8496,16.2436],[99.8496,16.2441],[99.8487,16.2447],[99.8487,16.2455],[99.8471,16.2458]]]}},{"type":"Feature","properties":{"kind":"flood","area_km2":0.192,"conf":"low","date":"2026-10-09"},"geometry":{"type":"Polygon","coordinates":[[[99.9946,16.0011],[99.9941,16.0005],[99.994,15.9989],[99.9935,15.9986],[99.9935,15.9976],[99.9946,15.9976],[99.9949,15.9984],[99.9957,15.9976],[99.9991,15.9975],[99.9991,15.9981],[99.9994,15.9975],[100.0002,15.9975],[100.0002,15.9997],[99.9994,15.9997],[99.9985,15.9986],[99.9977,16.0003],[99.996,16.0005],[99.9957,16.0011],[99.9946,16.0011]]]}},{"type":"Feature","properties":{"kind":"flood","area_km2":0.188,"conf":"low","date":"2026-10-09"},"geometry":{"type":"Polygon","coordinates":[[[99.9801,16.0212],[99.9799,16.0199],[99.9801,16.0188],[99.9807,16.0185],[99.9807,16.0166],[99.9826,16.015],[99.9838,16.015],[99.9838,16.0193],[99.9832,16.0196],[99.9832,16.0201],[99.9815,16.0199],[99.9813,16.0209],[99.9801,16.0212]],[[99.9813,16.019],[99.9815,16.0196],[99.9815,16.019],[99.9813,16.019]],[[99.9824,16.0169],[99.9826,16.0171],[99.9826,16.0169],[99.9824,16.0169]]]}},{"type":"Feature","properties":{"kind":"flood","area_km2":0.18,"conf":"low","date":"2026-10-09"},"geometry":{"type":"Polygon","coordinates":[[[99.8044,16.0393],[99.8038,16.0371],[99.803,16.0369],[99.803,16.0358],[99.8038,16.035],[99.8063,16.0347],[99.8072,16.0358],[99.8072,16.0366],[99.8078,16.0366],[99.8078,16.0379],[99.8066,16.0388],[99.8058,16.0388],[99.8055,16.0393],[99.8044,16.0393]]]}},{"type":"Feature","properties":{"kind":"flood","area_km2":0.175,"conf":"low","date":"2026-10-09"},"geometry":{"type":"Polygon","coordinates":[[[99.6228,16.2506],[99.6219,16.2479],[99.6225,16.2479],[99.6231,16.2468],[99.6228,16.2463],[99.6236,16.2463],[99.6239,16.2452],[99.6247,16.2457],[99.6245,16.2471],[99.6261,16.2468],[99.627,16.2476],[99.627,16.2484],[99.6259,16.2498],[99.6239,16.2495],[99.6239,16.2506],[99.6228,16.2506]]]}},{"type":"Feature","properties":{"kind":"flood","area_km2":0.168,"conf":"low","date":"2026-10-09"},"geometry":{"type":"Polygon","coordinates":[[[99.6179,16.3816],[99.6179,16.3797],[99.6218,16.3778],[99.6229,16.3778],[99.6235,16.3773],[99.6249,16.3775],[99.6249,16.3786],[99.6212,16.3797],[99.6215,16.3813],[99.6179,16.3816]]]}},{"type":"Feature","properties":{"kind":"flood","area_km2":0.168,"conf":"high","date":"2026-10-09"},"geometry":{"type":"Polygon","coordinates":[[[99.8462,16.0454],[99.8445,16.0448],[99.8445,16.044],[99.8456,16.044],[99.8456,16.0435],[99.8442,16.0435],[99.844,16.0429],[99.8445,16.0397],[99.8456,16.0397],[99.8456,16.0408],[99.8462,16.041],[99.8482,16.0413],[99.8482,16.0437],[99.8468,16.0435],[99.8462,16.044],[99.8462,16.0454]]]}},{"type":"Feature","properties":{"kind":"flood","area_km2":0.162,"conf":"low","date":"2026-10-09"},"geometry":{"type":"Polygon","coordinates":[[[99.8284,16.0807],[99.8281,16.0796],[99.8287,16.0791],[99.8298,16.0791],[99.8298,16.0783],[99.8306,16.0774],[99.8306,16.0769],[99.8295,16.0769],[99.8295,16.0761],[99.8315,16.0761],[99.8323,16.0769],[99.8351,16.0774],[99.8351,16.0782],[99.8332,16.0782],[99.8318,16.0796],[99.8298,16.0793],[99.8298,16.0802],[99.8293,16.0807],[99.8284,16.0807]]]}},{"type":"Feature","properties":{"kind":"flood","area_km2":0.162,"conf":"low","date":"2026-10-09"},"geometry":{"type":"Polygon","coordinates":[[[99.9834,16.0619],[99.9826,16.0611],[99.9826,16.06],[99.9837,16.06],[99.9845,16.0589],[99.9857,16.0586],[99.9859,16.0578],[99.9876,16.0581],[99.9882,16.0586],[99.9882,16.0594],[99.9876,16.0597],[99.9868,16.0613],[99.9834,16.0619]]]}},{"type":"Feature","properties":{"kind":"flood","area_km2":0.152,"conf":"low","date":"2026-10-09"},"geometry":{"type":"Polygon","coordinates":[[[99.947,16.0024],[99.9467,16.0018],[99.9458,16.0018],[99.9453,16.0013],[99.9444,16.0021],[99.9436,16.0021],[99.9436,16.0013],[99.9444,16.0002],[99.9458,15.9999],[99.9467,15.9978],[99.9486,15.9978],[99.9486,15.9999],[99.9481,16.0008],[99.9475,16.0008],[99.9475,16.0013],[99.9484,16.0013],[99.9484,16.0021],[99.947,16.0024]],[[99.9464,16.0008],[99.947,16.0008],[99.947,16.0002],[99.9461,16.0002],[99.9464,16.0008]]]}},{"type":"Feature","properties":{"kind":"flood","area_km2":0.14,"conf":"low","date":"2026-10-09"},"geometry":{"type":"Polygon","coordinates":[[[99.967,16.194],[99.967,16.1929],[99.9653,16.1932],[99.9653,16.1916],[99.9667,16.191],[99.9664,16.1891],[99.9678,16.1889],[99.9681,16.1899],[99.9686,16.1899],[99.9686,16.1908],[99.9672,16.1921],[99.9684,16.1924],[99.9683,16.1918],[99.9692,16.1918],[99.9692,16.1924],[99.97,16.1924],[99.97,16.1932],[99.9684,16.1932],[99.9678,16.194],[99.967,16.194]]]}},{"type":"Feature","properties":{"kind":"flood","area_km2":0.14,"conf":"high","date":"2026-10-09"},"geometry":{"type":"Polygon","coordinates":[[[99.8344,16.0305],[99.8327,16.0289],[99.8316,16.0289],[99.8316,16.0275],[99.8307,16.0273],[99.8313,16.0246],[99.8335,16.0245],[99.8335,16.0254],[99.8324,16.0254],[99.8324,16.0265],[99.8318,16.0265],[99.8316,16.027],[99.8332,16.027],[99.8349,16.0286],[99.8349,16.0292],[99.8355,16.0294],[99.8355,16.0305],[99.8344,16.0305]]]}},{"type":"Feature","properties":{"kind":"flood","area_km2":0.139,"conf":"low","date":"2026-10-09"},"geometry":{"type":"Polygon","coordinates":[[[99.9517,16.2288],[99.9506,16.2272],[99.9506,16.2264],[99.9517,16.2261],[99.9517,16.2266],[99.9525,16.2266],[99.9534,16.2253],[99.9542,16.2253],[99.9548,16.2258],[99.9548,16.2266],[99.9553,16.2269],[99.9556,16.2288],[99.9517,16.2288]]]}},{"type":"Feature","properties":{"kind":"flood","area_km2":0.137,"conf":"low","date":"2026-10-09"},"geometry":{"type":"Polygon","coordinates":[[[99.9834,16.1074],[99.9825,16.1064],[99.9803,16.1061],[99.9803,16.1053],[99.9814,16.1053],[99.9814,16.1042],[99.9822,16.1042],[99.9828,16.1045],[99.9828,16.1058],[99.9842,16.1061],[99.9842,16.105],[99.9848,16.105],[99.9853,16.1034],[99.9864,16.1034],[99.987,16.1039],[99.987,16.105],[99.9864,16.105],[99.9859,16.1061],[99.9845,16.1063],[99.9842,16.1074],[99.9834,16.1074]]]}},{"type":"Feature","properties":{"kind":"flood","area_km2":0.136,"conf":"low","date":"2026-10-09"},"geometry":{"type":"Polygon","coordinates":[[[99.9097,16.2539],[99.9091,16.2528],[99.9077,16.2529],[99.908,16.2518],[99.9083,16.2523],[99.9097,16.2523],[99.9097,16.2507],[99.9083,16.251],[99.9083,16.2501],[99.9094,16.2501],[99.9088,16.2499],[99.9091,16.2482],[99.9102,16.2482],[99.9102,16.249],[99.9097,16.249],[99.9097,16.2496],[99.9105,16.2496],[99.9108,16.2501],[99.9105,16.2518],[99.9114,16.2509],[99.9122,16.2509],[99.9119,16.2528],[99.9111,16.2528],[99.9108,16.2539],[99.9097,16.2539]]]}},{"type":"Feature","properties":{"kind":"flood","area_km2":0.136,"conf":"low","date":"2026-10-09"},"geometry":{"type":"Polygon","coordinates":[[[99.8776,16.241],[99.8774,16.2402],[99.8757,16.2405],[99.8757,16.2397],[99.8762,16.2394],[99.8762,16.2381],[99.8757,16.2378],[99.8757,16.237],[99.8768,16.2362],[99.8776,16.2362],[99.8779,16.237],[99.879,16.2378],[99.879,16.2389],[99.8782,16.2391],[99.8785,16.2397],[99.879,16.2397],[99.879,16.2408],[99.8776,16.241]]]}},{"type":"Feature","properties":{"kind":"flood","area_km2":0.135,"conf":"low","date":"2026-10-09"},"geometry":{"type":"Polygon","coordinates":[[[99.6311,16.3176],[99.6303,16.3165],[99.6294,16.3162],[99.6292,16.3152],[99.628,16.3146],[99.628,16.3133],[99.6286,16.3127],[99.6294,16.3127],[99.6294,16.3149],[99.63,16.3149],[99.6303,16.3138],[99.6311,16.3138],[99.632,16.3146],[99.6323,16.316],[99.6328,16.3162],[99.6328,16.3176],[99.6311,16.3176]]]}},{"type":"Feature","properties":{"kind":"flood","area_km2":0.134,"conf":"low","date":"2026-10-09"},"geometry":{"type":"Polygon","coordinates":[[[99.8099,16.0824],[99.8093,16.0808],[99.8093,16.0786],[99.8085,16.0792],[99.8062,16.0794],[99.8062,16.0778],[99.8085,16.0767],[99.8093,16.0767],[99.8093,16.0773],[99.8104,16.0775],[99.8107,16.0824],[99.8099,16.0824]]]}},{"type":"Feature","properties":{"kind":"flood","area_km2":0.132,"conf":"low","date":"2026-10-09"},"geometry":{"type":"Polygon","coordinates":[[[99.7857,16.0635],[99.7823,16.063],[99.7823,16.0616],[99.7818,16.0616],[99.7818,16.0622],[99.7809,16.0622],[99.7809,16.0603],[99.7826,16.0603],[99.7832,16.0608],[99.7857,16.0611],[99.7857,16.0635]]]}},{"type":"Feature","properties":{"kind":"flood","area_km2":0.131,"conf":"low","date":"2026-10-09"},"geometry":{"type":"Polygon","coordinates":[[[99.8183,16.0753],[99.8186,16.0737],[99.8172,16.0734],[99.8172,16.0721],[99.8183,16.0721],[99.8174,16.0718],[99.8174,16.0707],[99.8183,16.0707],[99.8186,16.0713],[99.8219,16.0712],[99.8208,16.0715],[99.82,16.0745],[99.8191,16.0753],[99.8183,16.0753]]]}},{"type":"Feature","properties":{"kind":"flood","area_km2":0.131,"conf":"low","date":"2026-10-09"},"geometry":{"type":"Polygon","coordinates":[[[99.697,16.2097],[99.6968,16.2089],[99.6962,16.2089],[99.6962,16.2081],[99.6967,16.207],[99.6981,16.2067],[99.6981,16.2062],[99.6965,16.2062],[99.6962,16.2048],[99.6967,16.2043],[99.6976,16.2043],[99.6979,16.2051],[99.6993,16.2048],[99.6993,16.2073],[99.6987,16.2075],[99.6987,16.2084],[99.6979,16.2092],[99.6979,16.2097],[99.697,16.2097]]]}},{"type":"Feature","properties":{"kind":"flood","area_km2":0.13,"conf":"low","date":"2026-10-09"},"geometry":{"type":"Polygon","coordinates":[[[99.8238,16.0493],[99.8232,16.0485],[99.8227,16.0485],[99.8227,16.0471],[99.8218,16.046],[99.8218,16.0452],[99.8232,16.0452],[99.8232,16.046],[99.8238,16.046],[99.8238,16.0449],[99.8249,16.0447],[99.8255,16.0452],[99.8258,16.0476],[99.8246,16.0476],[99.8246,16.0493],[99.8238,16.0493]]]}},{"type":"Feature","properties":{"kind":"flood","area_km2":0.128,"conf":"low","date":"2026-10-09"},"geometry":{"type":"Polygon","coordinates":[[[99.6339,16.3162],[99.6334,16.3151],[99.632,16.3141],[99.632,16.313],[99.6328,16.3122],[99.6345,16.3119],[99.6351,16.3132],[99.6359,16.3138],[99.6359,16.3146],[99.6351,16.3146],[99.6351,16.3162],[99.6339,16.3162]]]}},{"type":"Feature","properties":{"kind":"flood","area_km2":0.128,"conf":"low","date":"2026-10-09"},"geometry":{"type":"Polygon","coordinates":[[[99.9292,16.2278],[99.9281,16.2265],[99.9281,16.2251],[99.9287,16.224],[99.9286,16.2227],[99.9298,16.2224],[99.9298,16.2229],[99.9303,16.2229],[99.9303,16.2243],[99.9312,16.2243],[99.9312,16.2254],[99.9301,16.227],[99.9301,16.2278],[99.9292,16.2278]]]}},{"type":"Feature","properties":{"kind":"flood","area_km2":0.127,"conf":"low","date":"2026-10-09"},"geometry":{"type":"Polygon","coordinates":[[[99.8217,16.01],[99.8214,16.0094],[99.8219,16.0094],[99.8219,16.0081],[99.8208,16.0078],[99.8205,16.007],[99.8186,16.0059],[99.8186,16.0051],[99.8197,16.0037],[99.8208,16.0037],[99.8211,16.0067],[99.8217,16.0064],[99.8217,16.0059],[99.8231,16.0061],[99.8231,16.0072],[99.8225,16.0075],[99.8225,16.0099],[99.8217,16.01]]]}},{"type":"Feature","properties":{"kind":"flood","area_km2":0.126,"conf":"low","date":"2026-10-09"},"geometry":{"type":"Polygon","coordinates":[[[99.8562,16.0944],[99.8565,16.0917],[99.8573,16.0909],[99.8573,16.0898],[99.8579,16.0895],[99.8579,16.0882],[99.859,16.0876],[99.859,16.0866],[99.8599,16.0865],[99.8601,16.0882],[99.8593,16.089],[99.8582,16.0917],[99.8576,16.092],[99.8579,16.0933],[99.8571,16.0944],[99.8562,16.0944]]]}},{"type":"Feature","properties":{"kind":"flood","area_km2":0.118,"conf":"low","date":"2026-10-09"},"geometry":{"type":"Polygon","coordinates":[[[99.269,16.218],[99.2682,16.2172],[99.2684,16.2148],[99.2676,16.2139],[99.2679,16.2129],[99.2665,16.2129],[99.2665,16.211],[99.2679,16.2112],[99.2679,16.2123],[99.2696,16.212],[99.2696,16.2126],[99.2707,16.2123],[99.271,16.2129],[99.271,16.2131],[99.2698,16.2131],[99.2687,16.2137],[99.2693,16.2169],[99.2698,16.2175],[99.2698,16.218],[99.269,16.218]],[[99.2693,16.2129],[99.2698,16.2131],[99.2698,16.2129],[99.2693,16.2129]]]}},{"type":"Feature","properties":{"kind":"flood","area_km2":0.115,"conf":"low","date":"2026-10-09"},"geometry":{"type":"Polygon","coordinates":[[[99.972,16.194],[99.9714,16.1935],[99.9714,16.1913],[99.9723,16.1907],[99.9725,16.1897],[99.9734,16.1896],[99.9734,16.1902],[99.974,16.1902],[99.974,16.1907],[99.9745,16.1907],[99.9754,16.1915],[99.9754,16.1924],[99.9731,16.1924],[99.9734,16.1934],[99.9729,16.194],[99.972,16.194]]]}},{"type":"Feature","properties":{"kind":"flood","area_km2":0.114,"conf":"low","date":"2026-10-09"},"geometry":{"type":"Polygon","coordinates":[[[99.9731,16.072],[99.9709,16.0717],[99.9706,16.0703],[99.9714,16.0701],[99.9714,16.069],[99.972,16.0684],[99.9731,16.0684],[99.9742,16.0692],[99.9745,16.0709],[99.9731,16.072]]]}},{"type":"Feature","properties":{"kind":"flood","area_km2":0.112,"conf":"low","date":"2026-10-09"},"geometry":{"type":"Polygon","coordinates":[[[99.8148,16.0401],[99.8137,16.0393],[99.8139,16.0371],[99.8151,16.0374],[99.815,16.0355],[99.8167,16.0355],[99.8167,16.0363],[99.8162,16.0363],[99.8159,16.0368],[99.8159,16.0376],[99.8167,16.0384],[99.8167,16.0395],[99.8162,16.0395],[99.8162,16.0401],[99.8148,16.0401]]]}},{"type":"Feature","properties":{"kind":"flood","area_km2":0.107,"conf":"low","date":"2026-10-09"},"geometry":{"type":"Polygon","coordinates":[[[99.8282,16.2366],[99.8282,16.2358],[99.8291,16.2358],[99.8291,16.235],[99.8277,16.2353],[99.8274,16.2339],[99.8282,16.2339],[99.8293,16.2328],[99.8307,16.2331],[99.8313,16.2336],[99.8313,16.2345],[99.8305,16.2347],[99.8305,16.2358],[99.8299,16.2361],[99.8299,16.2366],[99.8282,16.2366]]]}},{"type":"Feature","properties":{"kind":"flood","area_km2":0.107,"conf":"low","date":"2026-10-09"},"geometry":{"type":"Polygon","coordinates":[[[99.837,16.0611],[99.837,16.0606],[99.8356,16.0595],[99.8356,16.0584],[99.8362,16.0579],[99.837,16.0579],[99.8376,16.0587],[99.8384,16.0587],[99.8384,16.0592],[99.839,16.0592],[99.8393,16.0587],[99.8404,16.059],[99.8401,16.06],[99.8384,16.0606],[99.8381,16.0611],[99.837,16.0611]]]}},{"type":"Feature","properties":{"kind":"flood","area_km2":0.104,"conf":"low","date":"2026-10-09"},"geometry":{"type":"Polygon","coordinates":[[[99.4509,16.711],[99.4478,16.7107],[99.4478,16.7097],[99.447,16.7097],[99.4464,16.7091],[99.4464,16.7078],[99.4487,16.7078],[99.4495,16.7094],[99.4501,16.7094],[99.4501,16.7099],[99.4509,16.7102],[99.4509,16.711]]]}},{"type":"Feature","properties":{"kind":"flood","area_km2":0.103,"conf":"low","date":"2026-10-09"},"geometry":{"type":"Polygon","coordinates":[[[99.9759,16.1194],[99.9722,16.1194],[99.9722,16.1186],[99.9711,16.1186],[99.9711,16.1164],[99.9733,16.117],[99.9733,16.1178],[99.9739,16.1183],[99.9758,16.1186],[99.9759,16.1194]]]}},{"type":"Feature","properties":{"kind":"flood","area_km2":0.102,"conf":"low","date":"2026-10-09"},"geometry":{"type":"Polygon","coordinates":[[[99.7813,16.0784],[99.7807,16.0779],[99.7807,16.0771],[99.7802,16.0771],[99.7796,16.0747],[99.781,16.0746],[99.7813,16.0752],[99.7813,16.0744],[99.7829,16.0744],[99.7832,16.0763],[99.781,16.0763],[99.781,16.0768],[99.7818,16.0768],[99.7824,16.0776],[99.7824,16.0784],[99.7813,16.0784]]]}},{"type":"Feature","properties":{"kind":"flood","area_km2":0.102,"conf":"low","date":"2026-10-09"},"geometry":{"type":"Polygon","coordinates":[[[99.989,16.0597],[99.989,16.0581],[99.9868,16.0575],[99.9868,16.0562],[99.9887,16.0562],[99.9893,16.0551],[99.9901,16.0551],[99.9896,16.0575],[99.9904,16.0581],[99.9904,16.0591],[99.9899,16.0597],[99.989,16.0597]]]}},{"type":"Feature","properties":{"kind":"flood","area_km2":0.102,"conf":"low","date":"2026-10-09"},"geometry":{"type":"Polygon","coordinates":[[[99.8276,16.0316],[99.8271,16.0308],[99.8271,16.0292],[99.8265,16.0286],[99.8265,16.0278],[99.8274,16.0278],[99.8279,16.0289],[99.8296,16.0289],[99.8302,16.0297],[99.8299,16.0316],[99.8276,16.0316]]]}},{"type":"Feature","properties":{"kind":"flood","area_km2":0.1,"conf":"high","date":"2026-10-09"},"geometry":{"type":"Polygon","coordinates":[[[99.9168,16.2615],[99.9142,16.2615],[99.9142,16.2607],[99.917,16.2588],[99.917,16.2582],[99.9162,16.258],[99.9162,16.2572],[99.9173,16.2569],[99.9173,16.258],[99.9181,16.258],[99.9181,16.2596],[99.9168,16.2607],[99.9168,16.2615]]]}},{"type":"Feature","properties":{"kind":"flood","area_km2":0.1,"conf":"low","date":"2026-10-09"},"geometry":{"type":"Polygon","coordinates":[[[99.8116,16.0808],[99.8116,16.0783],[99.8144,16.078],[99.8144,16.0786],[99.8149,16.0789],[99.8144,16.0805],[99.8116,16.0808]]]}},{"type":"Feature","properties":{"kind":"flood","area_km2":0.099,"conf":"high","date":"2026-10-09"},"geometry":{"type":"Polygon","coordinates":[[[99.9058,16.2583],[99.9041,16.2583],[99.9041,16.2578],[99.9033,16.2578],[99.9033,16.2569],[99.9038,16.2567],[99.9041,16.2556],[99.9049,16.2553],[99.9049,16.2548],[99.9063,16.2548],[99.9075,16.2556],[99.9075,16.2564],[99.9061,16.2567],[99.9052,16.2556],[99.9058,16.2583]]]}},{"type":"Feature","properties":{"kind":"flood","area_km2":0.099,"conf":"low","date":"2026-10-09"},"geometry":{"type":"Polygon","coordinates":[[[99.8105,16.0208],[99.8102,16.0195],[99.8096,16.0189],[99.8096,16.0173],[99.8105,16.017],[99.8105,16.0165],[99.8113,16.0165],[99.811,16.0179],[99.8127,16.0181],[99.8127,16.0195],[99.8122,16.0195],[99.8122,16.02],[99.8116,16.02],[99.8113,16.0208],[99.8105,16.0208]]]}},{"type":"Feature","properties":{"kind":"flood","area_km2":0.098,"conf":"low","date":"2026-10-09"},"geometry":{"type":"Polygon","coordinates":[[[99.9654,16.1097],[99.9654,16.1091],[99.9649,16.1089],[99.9649,16.1075],[99.9663,16.1072],[99.9665,16.1064],[99.9674,16.1064],[99.9674,16.1075],[99.9682,16.1078],[99.9688,16.1097],[99.9668,16.1091],[99.9665,16.1097],[99.9654,16.1097]],[[99.9668,16.1078],[99.9671,16.1081],[99.9671,16.1078],[99.9668,16.1078]]]}},{"type":"Feature","properties":{"kind":"flood","area_km2":0.096,"conf":"low","date":"2026-10-09"},"geometry":{"type":"Polygon","coordinates":[[[99.3806,16.7434],[99.3801,16.7426],[99.3801,16.7415],[99.3792,16.7404],[99.3803,16.7402],[99.3803,16.7391],[99.3812,16.7391],[99.3823,16.7396],[99.3823,16.7404],[99.3818,16.7434],[99.3806,16.7434]]]}},{"type":"Feature","properties":{"kind":"flood","area_km2":0.096,"conf":"low","date":"2026-10-09"},"geometry":{"type":"Polygon","coordinates":[[[99.6674,16.2464],[99.6674,16.2413],[99.6682,16.2413],[99.6696,16.2421],[99.6696,16.2429],[99.6685,16.2432],[99.6691,16.2445],[99.6691,16.2461],[99.6674,16.2464]]]}},{"type":"Feature","properties":{"kind":"flood","area_km2":0.096,"conf":"low","date":"2026-10-09"},"geometry":{"type":"Polygon","coordinates":[[[99.623,16.2438],[99.6222,16.2422],[99.6219,16.2403],[99.6213,16.2401],[99.6213,16.2392],[99.6205,16.2392],[99.6205,16.2384],[99.6213,16.2384],[99.6213,16.239],[99.6227,16.239],[99.6236,16.24],[99.6233,16.2417],[99.6239,16.2417],[99.6242,16.2438],[99.623,16.2438]]]}},{"type":"Feature","properties":{"kind":"flood","area_km2":0.096,"conf":"low","date":"2026-10-09"},"geometry":{"type":"Polygon","coordinates":[[[99.969,16.088],[99.9687,16.0872],[99.9678,16.0866],[99.9678,16.0858],[99.9684,16.0855],[99.9681,16.0845],[99.9709,16.0844],[99.9709,16.0853],[99.9704,16.0855],[99.9706,16.0869],[99.9698,16.088],[99.969,16.088]]]}},{"type":"Feature","properties":{"kind":"flood","area_km2":0.096,"conf":"low","date":"2026-10-09"},"geometry":{"type":"Polygon","coordinates":[[[99.8211,16.0867],[99.8211,16.0853],[99.8223,16.0851],[99.8223,16.0843],[99.8228,16.084],[99.8234,16.0826],[99.8259,16.0829],[99.8256,16.0848],[99.8245,16.0861],[99.8225,16.0856],[99.822,16.0867],[99.8211,16.0867]],[[99.8231,16.0851],[99.8242,16.0851],[99.8253,16.084],[99.8253,16.0832],[99.8242,16.0832],[99.8242,16.0837],[99.8234,16.0837],[99.8231,16.0851]]]}},{"type":"Feature","properties":{"kind":"flood","area_km2":0.095,"conf":"low","date":"2026-10-09"},"geometry":{"type":"Polygon","coordinates":[[[99.8916,16.5976],[99.8916,16.5957],[99.8922,16.5957],[99.8922,16.5943],[99.8933,16.5938],[99.895,16.5938],[99.895,16.5946],[99.8955,16.5946],[99.8955,16.5951],[99.8964,16.5951],[99.8964,16.5959],[99.8955,16.5959],[99.8955,16.5954],[99.8925,16.596],[99.8925,16.5976],[99.8916,16.5976]]]}},{"type":"Feature","properties":{"kind":"flood","area_km2":0.095,"conf":"low","date":"2026-10-09"},"geometry":{"type":"Polygon","coordinates":[[[99.951,16.2649],[99.9502,16.2641],[99.9496,16.2641],[99.9496,16.2632],[99.9502,16.263],[99.9507,16.2613],[99.9532,16.2611],[99.953,16.2624],[99.9519,16.263],[99.9519,16.2649],[99.951,16.2649]]]}},{"type":"Feature","properties":{"kind":"flood","area_km2":0.095,"conf":"low","date":"2026-10-09"},"geometry":{"type":"Polygon","coordinates":[[[99.891,16.0967],[99.8907,16.0954],[99.8919,16.0948],[99.8916,16.0932],[99.8935,16.0929],[99.8935,16.0935],[99.8944,16.0937],[99.8944,16.0945],[99.8935,16.0954],[99.893,16.0954],[99.8924,16.0964],[99.891,16.0967]]]}},{"type":"Feature","properties":{"kind":"flood","area_km2":0.094,"conf":"low","date":"2026-10-09"},"geometry":{"type":"Polygon","coordinates":[[[99.9468,16.2684],[99.9471,16.2665],[99.9479,16.2657],[99.9479,16.2652],[99.9485,16.2646],[99.9499,16.2646],[99.9502,16.2662],[99.9496,16.2665],[99.9493,16.2676],[99.9468,16.2684]]]}},{"type":"Feature","properties":{"kind":"flood","area_km2":0.091,"conf":"low","date":"2026-10-09"},"geometry":{"type":"Polygon","coordinates":[[[99.835,16.2466],[99.835,16.2461],[99.8344,16.2461],[99.8344,16.245],[99.8353,16.2447],[99.8353,16.2439],[99.8358,16.2439],[99.8364,16.2428],[99.8378,16.2428],[99.8378,16.245],[99.8372,16.2456],[99.8361,16.2456],[99.8358,16.2466],[99.835,16.2466]]]}},{"type":"Feature","properties":{"kind":"flood","area_km2":0.091,"conf":"low","date":"2026-10-09"},"geometry":{"type":"Polygon","coordinates":[[[99.7012,16.2008],[99.7012,16.1983],[99.7006,16.1964],[99.7012,16.1959],[99.702,16.1959],[99.7026,16.1964],[99.7029,16.2005],[99.7012,16.2008]]]}},{"type":"Feature","properties":{"kind":"flood","area_km2":0.091,"conf":"high","date":"2026-10-09"},"geometry":{"type":"Polygon","coordinates":[[[99.8606,16.0022],[99.8606,16.0017],[99.8598,16.0011],[99.8598,16.0],[99.8586,15.9998],[99.8589,15.9984],[99.8614,15.9987],[99.862,15.9992],[99.862,16.0],[99.8612,16.0],[99.8612,16.0006],[99.8617,16.0006],[99.8617,16.0022],[99.8606,16.0022]]]}},{"type":"Feature","properties":{"kind":"flood","area_km2":0.09,"conf":"low","date":"2026-10-09"},"geometry":{"type":"Polygon","coordinates":[[[99.9141,16.0405],[99.9138,16.0386],[99.9143,16.0372],[99.9168,16.038],[99.9169,16.0391],[99.9166,16.0397],[99.916,16.0397],[99.916,16.0402],[99.9141,16.0405]]]}},{"type":"Feature","properties":{"kind":"flood","area_km2":0.089,"conf":"low","date":"2026-10-09"},"geometry":{"type":"Polygon","coordinates":[[[99.8603,16.2449],[99.8597,16.2436],[99.8583,16.2428],[99.8583,16.2414],[99.8605,16.2411],[99.8605,16.2419],[99.8614,16.2425],[99.8614,16.2449],[99.8603,16.2449]]]}},{"type":"Feature","properties":{"kind":"flood","area_km2":0.089,"conf":"low","date":"2026-10-09"},"geometry":{"type":"Polygon","coordinates":[[[99.8056,16.116],[99.8056,16.1152],[99.805,16.1147],[99.8053,16.1128],[99.8061,16.1128],[99.8067,16.1136],[99.8078,16.1136],[99.8084,16.1141],[99.8084,16.1152],[99.8078,16.1158],[99.8064,16.1155],[99.8064,16.116],[99.8056,16.116]]]}},{"type":"Feature","properties":{"kind":"flood","area_km2":0.088,"conf":"low","date":"2026-10-09"},"geometry":{"type":"Polygon","coordinates":[[[99.8999,16.0782],[99.8999,16.0763],[99.905,16.0766],[99.9047,16.0777],[99.9036,16.0777],[99.903,16.0771],[99.9027,16.078],[99.901,16.0777],[99.9008,16.0782],[99.8999,16.0782]]]}},{"type":"Feature","properties":{"kind":"flood","area_km2":0.087,"conf":"low","date":"2026-10-09"},"geometry":{"type":"Polygon","coordinates":[[[99.8201,16.1797],[99.8182,16.1789],[99.8182,16.1778],[99.8162,16.1765],[99.8162,16.1757],[99.8187,16.1757],[99.819,16.1784],[99.8212,16.1789],[99.8212,16.1797],[99.8201,16.1797]]]}},{"type":"Feature","properties":{"kind":"flood","area_km2":0.086,"conf":"low","date":"2026-10-09"},"geometry":{"type":"Polygon","coordinates":[[[99.8722,16.2904],[99.8714,16.2899],[99.8714,16.2891],[99.8728,16.2874],[99.8739,16.2874],[99.8739,16.2882],[99.875,16.2885],[99.875,16.2893],[99.8745,16.2893],[99.8739,16.2904],[99.8722,16.2904]]]}},{"type":"Feature","properties":{"kind":"flood","area_km2":0.086,"conf":"low","date":"2026-10-09"},"geometry":{"type":"Polygon","coordinates":[[[99.9002,16.2716],[99.8988,16.2702],[99.8988,16.2694],[99.8999,16.2692],[99.8999,16.2686],[99.9019,16.2689],[99.9022,16.2708],[99.9014,16.2716],[99.9002,16.2716]]]}},{"type":"Feature","properties":{"kind":"flood","area_km2":0.086,"conf":"low","date":"2026-10-09"},"geometry":{"type":"Polygon","coordinates":[[[99.2696,16.2221],[99.2684,16.221],[99.2684,16.2194],[99.2693,16.2194],[99.2693,16.221],[99.2707,16.221],[99.271,16.2205],[99.2715,16.2205],[99.2715,16.2188],[99.2721,16.2196],[99.2727,16.2196],[99.2732,16.2194],[99.2729,16.218],[99.2738,16.218],[99.2738,16.2191],[99.2743,16.2194],[99.2735,16.2196],[99.2735,16.2202],[99.2727,16.221],[99.2715,16.2207],[99.2707,16.2218],[99.2696,16.2221]]]}},{"type":"Feature","properties":{"kind":"flood","area_km2":0.086,"conf":"low","date":"2026-10-09"},"geometry":{"type":"Polygon","coordinates":[[[99.692,16.2133],[99.6917,16.2119],[99.6928,16.2122],[99.6928,16.2111],[99.6937,16.2108],[99.6937,16.2097],[99.6945,16.2097],[99.6948,16.2105],[99.6953,16.2095],[99.6968,16.2097],[99.6956,16.21],[99.6956,16.2111],[99.694,16.2119],[99.6937,16.2133],[99.692,16.2133]]]}},{"type":"Feature","properties":{"kind":"flood","area_km2":0.085,"conf":"low","date":"2026-10-09"},"geometry":{"type":"Polygon","coordinates":[[[99.8109,16.0412],[99.8106,16.0393],[99.8095,16.0393],[99.8086,16.0385],[99.8086,16.0377],[99.8097,16.0368],[99.8106,16.0368],[99.8109,16.0387],[99.812,16.039],[99.8117,16.0412],[99.8109,16.0412]]]}},{"type":"Feature","properties":{"kind":"flood","area_km2":0.085,"conf":"high","date":"2026-10-09"},"geometry":{"type":"Polygon","coordinates":[[[99.829,16.0246],[99.829,16.0227],[99.8301,16.0227],[99.8304,16.0216],[99.8313,16.0216],[99.8318,16.0221],[99.8318,16.0213],[99.8329,16.021],[99.8329,16.0224],[99.8321,16.0224],[99.8321,16.0229],[99.831,16.0229],[99.8315,16.0232],[99.8315,16.024],[99.8307,16.024],[99.8304,16.0235],[99.8304,16.0246],[99.829,16.0246]]]}},{"type":"Feature","properties":{"kind":"flood","area_km2":0.083,"conf":"low","date":"2026-10-09"},"geometry":{"type":"Polygon","coordinates":[[[99.8795,16.289],[99.8781,16.2874],[99.8778,16.2861],[99.8773,16.2861],[99.8773,16.285],[99.8781,16.2858],[99.8795,16.2858],[99.8795,16.2863],[99.8809,16.2874],[99.8809,16.2888],[99.8795,16.289]]]}},{"type":"Feature","properties":{"kind":"flood","area_km2":0.081,"conf":"high","date":"2026-10-09"},"geometry":{"type":"Polygon","coordinates":[[[99.9784,16.0193],[99.9782,16.018],[99.9796,16.0177],[99.9796,16.0158],[99.9784,16.0158],[99.9781,16.0147],[99.9795,16.0147],[99.9807,16.0153],[99.9804,16.018],[99.9798,16.018],[99.9798,16.0188],[99.9793,16.0193],[99.9784,16.0193]]]}},{"type":"Feature","properties":{"kind":"flood","area_km2":0.081,"conf":"high","date":"2026-10-09"},"geometry":{"type":"Polygon","coordinates":[[[99.8329,16.0137],[99.8326,16.0107],[99.8334,16.0096],[99.834,16.0096],[99.834,16.0088],[99.8351,16.0088],[99.8349,16.0104],[99.8343,16.0107],[99.8343,16.0126],[99.8337,16.0129],[99.8337,16.0137],[99.8329,16.0137]]]}},{"type":"Feature","properties":{"kind":"flood","area_km2":0.08,"conf":"low","date":"2026-10-09"},"geometry":{"type":"Polygon","coordinates":[[[99.995,16.074],[99.9919,16.0738],[99.9919,16.0724],[99.9927,16.0724],[99.993,16.0716],[99.9941,16.0716],[99.995,16.0724],[99.9955,16.0724],[99.995,16.074]]]}},{"type":"Feature","properties":{"kind":"flood","area_km2":0.079,"conf":"low","date":"2026-10-09"},"geometry":{"type":"Polygon","coordinates":[[[99.8023,16.0838],[99.8012,16.0819],[99.8012,16.0811],[99.8026,16.0811],[99.8029,16.0822],[99.8054,16.0824],[99.8054,16.0835],[99.8023,16.0838]]]}},{"type":"Feature","properties":{"kind":"flood","area_km2":0.077,"conf":"low","date":"2026-10-09"},"geometry":{"type":"Polygon","coordinates":[[[99.9587,16.2282],[99.9581,16.2269],[99.9573,16.2266],[99.9578,16.2244],[99.9587,16.2244],[99.9593,16.2255],[99.9595,16.2247],[99.9604,16.2247],[99.9604,16.2255],[99.9598,16.2255],[99.9598,16.2266],[99.9593,16.2266],[99.9595,16.2282],[99.9587,16.2282]]]}},{"type":"Feature","properties":{"kind":"flood","area_km2":0.077,"conf":"low","date":"2026-10-09"},"geometry":{"type":"Polygon","coordinates":[[[99.814,16.1892],[99.8131,16.1879],[99.8131,16.1871],[99.8126,16.1868],[99.8126,16.1854],[99.8137,16.1854],[99.8154,16.1876],[99.8154,16.1887],[99.8148,16.1892],[99.814,16.1892]]]}},{"type":"Feature","properties":{"kind":"flood","area_km2":0.076,"conf":"low","date":"2026-10-09"},"geometry":{"type":"Polygon","coordinates":[[[99.8336,16.0584],[99.8311,16.0582],[99.8303,16.0568],[99.8308,16.0549],[99.8317,16.0549],[99.832,16.0568],[99.8336,16.0576],[99.8336,16.0584]]]}},{"type":"Feature","properties":{"kind":"flood","area_km2":0.076,"conf":"low","date":"2026-10-09"},"geometry":{"type":"Polygon","coordinates":[[[99.8257,16.0368],[99.824,16.0365],[99.824,16.0357],[99.8232,16.0363],[99.8218,16.0363],[99.8218,16.0354],[99.8232,16.0352],[99.8232,16.0338],[99.8246,16.0341],[99.8246,16.0346],[99.8257,16.0357],[99.8257,16.0368]]]}},{"type":"Feature","properties":{"kind":"flood","area_km2":0.075,"conf":"low","date":"2026-10-09"},"geometry":{"type":"Polygon","coordinates":[[[99.8329,16.1466],[99.8318,16.1455],[99.8312,16.1455],[99.8312,16.1447],[99.8318,16.1444],[99.8323,16.1431],[99.8334,16.1433],[99.8334,16.1447],[99.834,16.145],[99.8337,16.1466],[99.8329,16.1466]]]}},{"type":"Feature","properties":{"kind":"flood","area_km2":0.074,"conf":"low","date":"2026-10-09"},"geometry":{"type":"Polygon","coordinates":[[[99.8806,16.2842],[99.8804,16.2833],[99.8795,16.2828],[99.8792,16.2809],[99.8806,16.2809],[99.882,16.2822],[99.882,16.2836],[99.8815,16.2841],[99.8806,16.2842]]]}},{"type":"Feature","properties":{"kind":"flood","area_km2":0.073,"conf":"low","date":"2026-10-09"},"geometry":{"type":"Polygon","coordinates":[[[99.9872,16.0239],[99.9858,16.0231],[99.9857,16.0212],[99.9877,16.0212],[99.988,16.0217],[99.9886,16.0217],[99.988,16.0239],[99.9872,16.0239]]]}},{"type":"Feature","properties":{"kind":"flood","area_km2":0.072,"conf":"low","date":"2026-10-09"},"geometry":{"type":"Polygon","coordinates":[[[99.7944,16.0735],[99.7942,16.0719],[99.7947,16.0713],[99.7975,16.0713],[99.7981,16.0719],[99.7981,16.0727],[99.7961,16.0727],[99.7958,16.0735],[99.7944,16.0735]]]}},{"type":"Feature","properties":{"kind":"flood","area_km2":0.071,"conf":"low","date":"2026-10-09"},"geometry":{"type":"Polygon","coordinates":[[[99.7038,16.2222],[99.7035,16.2205],[99.7027,16.2203],[99.7027,16.2195],[99.7032,16.2195],[99.7032,16.2184],[99.7044,16.2184],[99.7044,16.22],[99.7061,16.2208],[99.7061,16.2216],[99.7038,16.2222]]]}},{"type":"Feature","properties":{"kind":"flood","area_km2":0.071,"conf":"low","date":"2026-10-09"},"geometry":{"type":"Polygon","coordinates":[[[99.954,16.1873],[99.954,16.1862],[99.9529,16.1865],[99.9529,16.187],[99.952,16.187],[99.9512,16.1868],[99.9512,16.186],[99.9529,16.1857],[99.954,16.1846],[99.9548,16.1846],[99.9554,16.1865],[99.9549,16.1868],[99.9549,16.1873],[99.954,16.1873]],[[99.954,16.1857],[99.9543,16.1862],[99.9546,16.1857],[99.954,16.1857]]]}},{"type":"Feature","properties":{"kind":"flood","area_km2":0.071,"conf":"low","date":"2026-10-09"},"geometry":{"type":"Polygon","coordinates":[[[99.8328,16.1271],[99.8328,16.1257],[99.8334,16.1254],[99.8348,16.1257],[99.8353,16.1249],[99.8367,16.1249],[99.8373,16.1254],[99.8373,16.1262],[99.8328,16.1271]]]}},{"type":"Feature","properties":{"kind":"flood","area_km2":0.071,"conf":"low","date":"2026-10-09"},"geometry":{"type":"Polygon","coordinates":[[[99.7664,16.0815],[99.7664,16.0799],[99.7681,16.0798],[99.7681,16.0785],[99.7706,16.0785],[99.7706,16.0793],[99.7695,16.0796],[99.7695,16.0801],[99.7681,16.0801],[99.7681,16.0809],[99.7675,16.0815],[99.7664,16.0815]]]}},{"type":"Feature","properties":{"kind":"flood","area_km2":0.071,"conf":"low","date":"2026-10-09"},"geometry":{"type":"Polygon","coordinates":[[[99.8062,16.0623],[99.8053,16.0615],[99.805,16.0605],[99.8042,16.0599],[99.8045,16.0586],[99.8053,16.0586],[99.8062,16.0602],[99.8073,16.061],[99.8073,16.0623],[99.8062,16.0623]]]}},{"type":"Feature","properties":{"kind":"flood","area_km2":0.07,"conf":"low","date":"2026-10-09"},"geometry":{"type":"Polygon","coordinates":[[[99.6518,16.2787],[99.6512,16.2774],[99.6512,16.2755],[99.6518,16.2752],[99.6518,16.2747],[99.6529,16.2747],[99.6529,16.2787],[99.6518,16.2787]]]}},{"type":"Feature","properties":{"kind":"flood","area_km2":0.07,"conf":"low","date":"2026-10-09"},"geometry":{"type":"Polygon","coordinates":[[[99.7316,16.1521],[99.7305,16.151],[99.7305,16.1502],[99.7313,16.1494],[99.7327,16.1494],[99.7333,16.1505],[99.7333,16.1521],[99.7316,16.1521]]]}},{"type":"Feature","properties":{"kind":"flood","area_km2":0.069,"conf":"low","date":"2026-10-09"},"geometry":{"type":"Polygon","coordinates":[[[99.9607,16.12],[99.9596,16.1189],[99.9596,16.1179],[99.9604,16.1178],[99.9607,16.117],[99.9613,16.117],[99.9613,16.1165],[99.9621,16.1165],[99.9621,16.1184],[99.9615,16.1187],[99.9618,16.12],[99.9607,16.12]]]}},{"type":"Feature","properties":{"kind":"flood","area_km2":0.068,"conf":"low","date":"2026-10-09"},"geometry":{"type":"Polygon","coordinates":[[[99.4448,16.8474],[99.4456,16.8458],[99.4456,16.8436],[99.4462,16.8434],[99.4467,16.842],[99.4473,16.842],[99.447,16.845],[99.4459,16.8461],[99.4459,16.8472],[99.4448,16.8474]]]}},{"type":"Feature","properties":{"kind":"flood","area_km2":0.068,"conf":"low","date":"2026-10-09"},"geometry":{"type":"Polygon","coordinates":[[[99.9493,16.1447],[99.9493,16.1434],[99.9499,16.1434],[99.9504,16.1418],[99.9516,16.1418],[99.9521,16.1445],[99.951,16.1442],[99.9493,16.1447]]]}},{"type":"Feature","properties":{"kind":"flood","area_km2":0.066,"conf":"low","date":"2026-10-09"},"geometry":{"type":"Polygon","coordinates":[[[99.9747,16.1726],[99.9739,16.1717],[99.9739,16.1709],[99.9733,16.1707],[99.9736,16.1693],[99.9753,16.1693],[99.9756,16.1726],[99.9747,16.1726]]]}},{"type":"Feature","properties":{"kind":"flood","area_km2":0.065,"conf":"low","date":"2026-10-09"},"geometry":{"type":"Polygon","coordinates":[[[99.6774,16.2269],[99.6772,16.2258],[99.6766,16.2255],[99.6766,16.2247],[99.6797,16.2247],[99.6797,16.226],[99.6791,16.2266],[99.6774,16.2269]]]}},{"type":"Feature","properties":{"kind":"flood","area_km2":0.065,"conf":"low","date":"2026-10-09"},"geometry":{"type":"Polygon","coordinates":[[[99.8164,16.1005],[99.8159,16.1],[99.8131,16.1003],[99.8131,16.0995],[99.8133,16.0989],[99.815,16.0992],[99.8153,16.0984],[99.8164,16.0984],[99.8167,16.0995],[99.8173,16.0997],[99.8173,16.1005],[99.8164,16.1005]]]}},{"type":"Feature","properties":{"kind":"flood","area_km2":0.065,"conf":"low","date":"2026-10-09"},"geometry":{"type":"Polygon","coordinates":[[[99.815,16.0238],[99.8144,16.023],[99.8144,16.0219],[99.8139,16.0219],[99.8139,16.0211],[99.815,16.0211],[99.815,16.0216],[99.8164,16.0216],[99.817,16.0227],[99.817,16.0238],[99.815,16.0238]]]}},{"type":"Feature","properties":{"kind":"flood","area_km2":0.064,"conf":"low","date":"2026-10-09"},"geometry":{"type":"Polygon","coordinates":[[[99.449,16.7503],[99.4487,16.7474],[99.4502,16.7471],[99.4502,16.7479],[99.4507,16.7482],[99.4504,16.7503],[99.449,16.7503]]]}},{"type":"Feature","properties":{"kind":"flood","area_km2":0.064,"conf":"low","date":"2026-10-09"},"geometry":{"type":"Polygon","coordinates":[[[99.822,16.2993],[99.8195,16.2985],[99.8195,16.2974],[99.8203,16.2974],[99.8203,16.2963],[99.8212,16.2963],[99.8223,16.2971],[99.8223,16.2979],[99.8215,16.298],[99.822,16.2985],[99.822,16.2993]]]}},{"type":"Feature","properties":{"kind":"flood","area_km2":0.064,"conf":"low","date":"2026-10-09"},"geometry":{"type":"Polygon","coordinates":[[[99.7708,16.0503],[99.7697,16.0492],[99.7697,16.0484],[99.7702,16.0484],[99.7702,16.0478],[99.7711,16.0478],[99.7713,16.0484],[99.7719,16.0484],[99.7719,16.0489],[99.7725,16.0489],[99.7725,16.0495],[99.773,16.0495],[99.773,16.0503],[99.7708,16.0503]]]}},{"type":"Feature","properties":{"kind":"flood","area_km2":0.064,"conf":"low","date":"2026-10-09"},"geometry":{"type":"Polygon","coordinates":[[[99.9966,16.01],[99.9961,16.0092],[99.9963,16.0081],[99.998,16.0078],[99.9994,16.0084],[99.9994,16.0092],[99.9989,16.0092],[99.9983,16.01],[99.9966,16.01]]]}},{"type":"Feature","properties":{"kind":"flood","area_km2":0.063,"conf":"low","date":"2026-10-09"},"geometry":{"type":"Polygon","coordinates":[[[99.8694,16.2913],[99.8686,16.2904],[99.8686,16.2885],[99.8697,16.2885],[99.8697,16.2891],[99.8714,16.2902],[99.8711,16.2912],[99.8694,16.2913]]]}},{"type":"Feature","properties":{"kind":"flood","area_km2":0.063,"conf":"low","date":"2026-10-09"},"geometry":{"type":"Polygon","coordinates":[[[99.6454,16.1375],[99.6446,16.1369],[99.6446,16.1353],[99.6451,16.135],[99.6451,16.1345],[99.6465,16.1342],[99.6468,16.1353],[99.646,16.1361],[99.6466,16.1364],[99.6466,16.1372],[99.6454,16.1375]]]}},{"type":"Feature","properties":{"kind":"flood","area_km2":0.063,"conf":"low","date":"2026-10-09"},"geometry":{"type":"Polygon","coordinates":[[[99.9423,16.0252],[99.9426,16.0236],[99.9417,16.0233],[99.9417,16.0225],[99.9423,16.0219],[99.9445,16.0216],[99.944,16.0219],[99.9434,16.0252],[99.9423,16.0252]]]}},{"type":"Feature","properties":{"kind":"flood","area_km2":0.062,"conf":"low","date":"2026-10-09"},"geometry":{"type":"Polygon","coordinates":[[[99.7866,16.0741],[99.7866,16.0706],[99.7877,16.0706],[99.7883,16.0722],[99.7874,16.0727],[99.7883,16.073],[99.7883,16.0741],[99.7866,16.0741]]]}},{"type":"Feature","properties":{"kind":"flood","area_km2":0.061,"conf":"low","date":"2026-10-09"},"geometry":{"type":"Polygon","coordinates":[[[99.9661,16.2431],[99.9661,16.2423],[99.9672,16.2417],[99.9672,16.2409],[99.968,16.2401],[99.9689,16.2401],[99.9689,16.2417],[99.9697,16.242],[99.9675,16.2426],[99.9672,16.2431],[99.9661,16.2431]]]}},{"type":"Feature","properties":{"kind":"flood","area_km2":0.061,"conf":"low","date":"2026-10-09"},"geometry":{"type":"Polygon","coordinates":[[[99.8334,16.1224],[99.8305,16.1214],[99.8305,16.1206],[99.8339,16.12],[99.8339,16.1211],[99.8333,16.1211],[99.8334,16.1224]]]}},{"type":"Feature","properties":{"kind":"flood","area_km2":0.061,"conf":"low","date":"2026-10-09"},"geometry":{"type":"Polygon","coordinates":[[[99.9126,16.0931],[99.912,16.0912],[99.9129,16.0904],[99.9143,16.0907],[99.9143,16.0926],[99.9137,16.0931],[99.9126,16.0931]]]}},{"type":"Feature","properties":{"kind":"flood","area_km2":0.061,"conf":"low","date":"2026-10-09"},"geometry":{"type":"Polygon","coordinates":[[[99.7923,16.0177],[99.7917,16.0171],[99.7917,16.0152],[99.7937,16.0152],[99.7937,16.0158],[99.7942,16.016],[99.7942,16.0171],[99.7934,16.0177],[99.7923,16.0177]]]}},{"type":"Feature","properties":{"kind":"flood","area_km2":0.06,"conf":"low","date":"2026-10-09"},"geometry":{"type":"Polygon","coordinates":[[[99.8355,16.9457],[99.8358,16.9441],[99.838,16.9438],[99.838,16.9444],[99.8403,16.9444],[99.8394,16.9452],[99.8377,16.9449],[99.8375,16.9457],[99.8355,16.9457]]]}},{"type":"Feature","properties":{"kind":"flood","area_km2":0.06,"conf":"low","date":"2026-10-09"},"geometry":{"type":"Polygon","coordinates":[[[99.9759,16.1232],[99.975,16.1224],[99.975,16.1208],[99.9778,16.1213],[99.9778,16.1221],[99.9773,16.1221],[99.9773,16.1232],[99.9759,16.1232]]]}},{"type":"Feature","properties":{"kind":"flood","area_km2":0.06,"conf":"low","date":"2026-10-09"},"geometry":{"type":"Polygon","coordinates":[[[99.8157,16.0704],[99.8155,16.0696],[99.8135,16.0696],[99.8135,16.0686],[99.8166,16.0685],[99.8171,16.0691],[99.8171,16.0702],[99.8157,16.0704]]]}},{"type":"Feature","properties":{"kind":"flood","area_km2":0.059,"conf":"low","date":"2026-10-09"},"geometry":{"type":"Polygon","coordinates":[[[99.9828,16.1693],[99.9795,16.1693],[99.9795,16.1685],[99.9803,16.1685],[99.9814,16.1676],[99.9831,16.1676],[99.9828,16.1693]]]}},{"type":"Feature","properties":{"kind":"flood","area_km2":0.059,"conf":"low","date":"2026-10-09"},"geometry":{"type":"Polygon","coordinates":[[[99.9768,16.0242],[99.9759,16.0237],[99.9759,16.0215],[99.9773,16.0215],[99.9782,16.022],[99.9779,16.0239],[99.9768,16.0242]]]}},{"type":"Feature","properties":{"kind":"flood","area_km2":0.059,"conf":"low","date":"2026-10-09"},"geometry":{"type":"Polygon","coordinates":[[[99.6887,16.2472],[99.6887,16.2455],[99.6899,16.2445],[99.6913,16.2444],[99.6913,16.2461],[99.6899,16.2466],[99.6896,16.2472],[99.6887,16.2472]]]}},{"type":"Feature","properties":{"kind":"flood","area_km2":0.058,"conf":"low","date":"2026-10-09"},"geometry":{"type":"Polygon","coordinates":[[[99.9503,16.472],[99.9503,16.471],[99.9509,16.471],[99.9512,16.4704],[99.954,16.4704],[99.9537,16.4715],[99.9503,16.472]]]}},{"type":"Feature","properties":{"kind":"flood","area_km2":0.058,"conf":"low","date":"2026-10-09"},"geometry":{"type":"Polygon","coordinates":[[[99.9546,16.2022],[99.9541,16.2003],[99.9546,16.2003],[99.9555,16.1995],[99.9555,16.1987],[99.9563,16.1987],[99.9566,16.2003],[99.9555,16.2011],[99.9555,16.2022],[99.9546,16.2022]]]}},{"type":"Feature","properties":{"kind":"flood","area_km2":0.058,"conf":"low","date":"2026-10-09"},"geometry":{"type":"Polygon","coordinates":[[[99.9533,16.1005],[99.9533,16.0997],[99.9519,16.0986],[99.9519,16.0978],[99.9527,16.0978],[99.953,16.0984],[99.9544,16.0983],[99.9544,16.0978],[99.9553,16.0978],[99.9553,16.0989],[99.9542,16.0994],[99.9542,16.1005],[99.9533,16.1005]]]}},{"type":"Feature","properties":{"kind":"flood","area_km2":0.058,"conf":"low","date":"2026-10-09"},"geometry":{"type":"Polygon","coordinates":[[[99.976,16.0988],[99.976,16.098],[99.9769,16.0977],[99.9769,16.0969],[99.9783,16.0969],[99.9785,16.0963],[99.9794,16.0963],[99.9794,16.0977],[99.9788,16.0982],[99.976,16.0988]]]}},{"type":"Feature","properties":{"kind":"flood","area_km2":0.058,"conf":"low","date":"2026-10-09"},"geometry":{"type":"Polygon","coordinates":[[[99.9487,16.0707],[99.9481,16.0702],[99.9481,16.0691],[99.9487,16.0685],[99.9504,16.0685],[99.9507,16.0704],[99.9487,16.0707]]]}},{"type":"Feature","properties":{"kind":"flood","area_km2":0.058,"conf":"low","date":"2026-10-09"},"geometry":{"type":"Polygon","coordinates":[[[99.8395,16.0478],[99.8389,16.047],[99.8378,16.047],[99.8381,16.0451],[99.8395,16.0451],[99.8392,16.0462],[99.8409,16.047],[99.8409,16.0478],[99.8395,16.0478]],[[99.8392,16.047],[99.8395,16.0473],[99.8395,16.047],[99.8392,16.047]]]}},{"type":"Feature","properties":{"kind":"flood","area_km2":0.056,"conf":"low","date":"2026-10-09"},"geometry":{"type":"Polygon","coordinates":[[[99.8728,16.7213],[99.8728,16.7175],[99.8736,16.7175],[99.8736,16.7181],[99.8747,16.7186],[99.8747,16.7194],[99.8739,16.72],[99.8736,16.7213],[99.8728,16.7213]]]}},{"type":"Feature","properties":{"kind":"flood","area_km2":0.056,"conf":"low","date":"2026-10-09"},"geometry":{"type":"Polygon","coordinates":[[[99.6229,16.3762],[99.6226,16.3716],[99.6234,16.3716],[99.6234,16.3724],[99.624,16.3727],[99.624,16.3759],[99.6229,16.3762]]]}},{"type":"Feature","properties":{"kind":"flood","area_km2":0.056,"conf":"low","date":"2026-10-09"},"geometry":{"type":"Polygon","coordinates":[[[99.6328,16.3203],[99.6328,16.3187],[99.6334,16.3179],[99.6356,16.3178],[99.6356,16.3189],[99.6348,16.3189],[99.6348,16.3195],[99.6342,16.3195],[99.6337,16.3203],[99.6328,16.3203]]]}},{"type":"Feature","properties":{"kind":"flood","area_km2":0.056,"conf":"low","date":"2026-10-09"},"geometry":{"type":"Polygon","coordinates":[[[99.7619,16.1477],[99.7613,16.1471],[99.7605,16.1471],[99.7605,16.146],[99.7611,16.1452],[99.7619,16.1452],[99.7619,16.1458],[99.7633,16.1463],[99.763,16.1477],[99.7619,16.1477]]]}},{"type":"Feature","properties":{"kind":"flood","area_km2":0.056,"conf":"low","date":"2026-10-09"},"geometry":{"type":"Polygon","coordinates":[[[99.8198,16.0387],[99.8198,16.0368],[99.8204,16.0368],[99.8201,16.0354],[99.8209,16.0354],[99.8218,16.0387],[99.8198,16.0387]]]}},{"type":"Feature","properties":{"kind":"flood","area_km2":0.055,"conf":"low","date":"2026-10-09"},"geometry":{"type":"Polygon","coordinates":[[[99.6489,16.266],[99.6481,16.2655],[99.6481,16.2644],[99.6498,16.2633],[99.6506,16.2633],[99.6501,16.2657],[99.6489,16.266]]]}},{"type":"Feature","properties":{"kind":"flood","area_km2":0.054,"conf":"low","date":"2026-10-09"},"geometry":{"type":"Polygon","coordinates":[[[99.8038,16.7061],[99.8015,16.7059],[99.8015,16.7048],[99.8029,16.7045],[99.8029,16.7034],[99.8043,16.7034],[99.8043,16.7042],[99.8038,16.7045],[99.8038,16.7061]]]}},{"type":"Feature","properties":{"kind":"flood","area_km2":0.054,"conf":"low","date":"2026-10-09"},"geometry":{"type":"Polygon","coordinates":[[[99.8552,16.2441],[99.8555,16.2422],[99.8572,16.2419],[99.8577,16.2428],[99.8574,16.2441],[99.8552,16.2441]]]}},{"type":"Feature","properties":{"kind":"flood","area_km2":0.054,"conf":"low","date":"2026-10-09"},"geometry":{"type":"Polygon","coordinates":[[[99.947,16.0092],[99.9459,16.0084],[99.945,16.0084],[99.9453,16.007],[99.9467,16.007],[99.9473,16.0078],[99.9481,16.0081],[99.9481,16.0092],[99.947,16.0092]]]}},{"type":"Feature","properties":{"kind":"flood","area_km2":0.053,"conf":"low","date":"2026-10-09"},"geometry":{"type":"Polygon","coordinates":[[[99.8091,16.24],[99.8091,16.2394],[99.8075,16.2378],[99.8074,16.237],[99.8083,16.237],[99.8094,16.2381],[99.8094,16.2386],[99.8103,16.2386],[99.8108,16.2391],[99.8108,16.24],[99.8091,16.24]]]}},{"type":"Feature","properties":{"kind":"flood","area_km2":0.053,"conf":"low","date":"2026-10-09"},"geometry":{"type":"Polygon","coordinates":[[[99.8971,16.0758],[99.8968,16.0742],[99.8974,16.0736],[99.8996,16.0739],[99.8996,16.0747],[99.8991,16.0753],[99.8979,16.0753],[99.8979,16.0758],[99.8971,16.0758]]]}},{"type":"Feature","properties":{"kind":"flood","area_km2":0.052,"conf":"low","date":"2026-10-09"},"geometry":{"type":"Polygon","coordinates":[[[99.9311,16.916],[99.9311,16.9155],[99.9303,16.9155],[99.9303,16.9133],[99.9317,16.913],[99.9323,16.9155],[99.932,16.916],[99.9311,16.916]]]}},{"type":"Feature","properties":{"kind":"flood","area_km2":0.052,"conf":"low","date":"2026-10-09"},"geometry":{"type":"Polygon","coordinates":[[[99.8792,16.2782],[99.8792,16.2774],[99.88,16.2766],[99.8826,16.2768],[99.8826,16.2779],[99.8792,16.2782]]]}},{"type":"Feature","properties":{"kind":"flood","area_km2":0.052,"conf":"low","date":"2026-10-09"},"geometry":{"type":"Polygon","coordinates":[[[99.8999,16.2534],[99.8993,16.2518],[99.9004,16.2513],[99.9004,16.2504],[99.9013,16.2504],[99.9016,16.2521],[99.901,16.2523],[99.9007,16.2534],[99.8999,16.2534]]]}},{"type":"Feature","properties":{"kind":"flood","area_km2":0.052,"conf":"low","date":"2026-10-09"},"geometry":{"type":"Polygon","coordinates":[[[99.8555,16.2468],[99.8555,16.2463],[99.8538,16.2463],[99.8544,16.2444],[99.8552,16.2444],[99.8558,16.2452],[99.8563,16.2452],[99.8563,16.2468],[99.8555,16.2468]]]}},{"type":"Feature","properties":{"kind":"flood","area_km2":0.052,"conf":"low","date":"2026-10-09"},"geometry":{"type":"Polygon","coordinates":[[[99.8182,16.0553],[99.8171,16.0544],[99.8171,16.0534],[99.8176,16.0534],[99.8179,16.052],[99.8188,16.052],[99.8188,16.0531],[99.8179,16.0539],[99.819,16.0539],[99.8193,16.0552],[99.8182,16.0553]]]}},{"type":"Feature","properties":{"kind":"flood","area_km2":0.051,"conf":"low","date":"2026-10-09"},"geometry":{"type":"Polygon","coordinates":[[[99.4715,16.4902],[99.4692,16.4902],[99.4689,16.4891],[99.4692,16.4886],[99.4712,16.4883],[99.4715,16.4902]]]}},{"type":"Feature","properties":{"kind":"flood","area_km2":0.051,"conf":"low","date":"2026-10-09"},"geometry":{"type":"Polygon","coordinates":[[[99.8819,16.3812],[99.8808,16.3801],[99.8797,16.3799],[99.8799,16.3785],[99.8808,16.3785],[99.8819,16.3801],[99.883,16.3801],[99.883,16.3812],[99.8819,16.3812]]]}},{"type":"Feature","properties":{"kind":"flood","area_km2":0.051,"conf":"low","date":"2026-10-09"},"geometry":{"type":"Polygon","coordinates":[[[99.9683,16.1769],[99.9677,16.1748],[99.9691,16.1745],[99.9691,16.175],[99.9702,16.1761],[99.9702,16.1769],[99.9683,16.1769]]]}},{"type":"Feature","properties":{"kind":"flood","area_km2":0.051,"conf":"low","date":"2026-10-09"},"geometry":{"type":"Polygon","coordinates":[[[99.8039,16.112],[99.8036,16.1106],[99.8027,16.1104],[99.8027,16.1093],[99.8038,16.1093],[99.8052,16.1101],[99.8047,16.112],[99.8039,16.112]]]}},{"type":"Feature","properties":{"kind":"flood","area_km2":0.051,"conf":"low","date":"2026-10-09"},"geometry":{"type":"Polygon","coordinates":[[[99.978,16.0934],[99.9777,16.0917],[99.9785,16.0912],[99.9796,16.0912],[99.9799,16.0931],[99.978,16.0934]]]}},{"type":"Feature","properties":{"kind":"flood","area_km2":0.051,"conf":"low","date":"2026-10-09"},"geometry":{"type":"Polygon","coordinates":[[[99.9937,16.0936],[99.9937,16.0927],[99.9951,16.0922],[99.9951,16.0906],[99.9962,16.0906],[99.9968,16.0911],[99.9968,16.0922],[99.9954,16.0922],[99.9951,16.0936],[99.9937,16.0936]]]}},{"type":"Feature","properties":{"kind":"flood","area_km2":0.051,"conf":"low","date":"2026-10-09"},"geometry":{"type":"Polygon","coordinates":[[[99.8104,16.0694],[99.8107,16.068],[99.8101,16.068],[99.8101,16.0672],[99.8126,16.0669],[99.8124,16.0683],[99.8113,16.0694],[99.8104,16.0694]]]}},{"type":"Feature","properties":{"kind":"flood","area_km2":0.05,"conf":"low","date":"2026-10-09"},"geometry":{"type":"Polygon","coordinates":[[[99.9034,16.9983],[99.9031,16.997],[99.9014,16.9972],[99.9014,16.9964],[99.9025,16.9961],[99.9028,16.9956],[99.9039,16.9956],[99.9042,16.9983],[99.9034,16.9983]]]}},{"type":"Feature","properties":{"kind":"flood","area_km2":0.05,"conf":"low","date":"2026-10-09"},"geometry":{"type":"Polygon","coordinates":[[[99.4566,16.4962],[99.4563,16.4946],[99.4549,16.4946],[99.4549,16.4938],[99.4566,16.4935],[99.4566,16.494],[99.4577,16.4943],[99.4577,16.4962],[99.4566,16.4962]]]}},{"type":"Feature","properties":{"kind":"flood","area_km2":0.05,"conf":"low","date":"2026-10-09"},"geometry":{"type":"Polygon","coordinates":[[[99.602,16.428],[99.6017,16.4267],[99.6023,16.4261],[99.6042,16.4264],[99.604,16.428],[99.602,16.428]]]}},{"type":"Feature","properties":{"kind":"flood","area_km2":0.05,"conf":"low","date":"2026-10-09"},"geometry":{"type":"Polygon","coordinates":[[[99.7506,16.1935],[99.7503,16.1916],[99.7509,16.1914],[99.7509,16.1906],[99.7517,16.1905],[99.7523,16.1916],[99.7523,16.193],[99.7506,16.1935]]]}},{"type":"Feature","properties":{"kind":"flood","area_km2":0.05,"conf":"low","date":"2026-10-09"},"geometry":{"type":"Polygon","coordinates":[[[99.4803,16.1789],[99.4803,16.1772],[99.4811,16.1764],[99.4822,16.1764],[99.4825,16.178],[99.482,16.178],[99.4814,16.1789],[99.4803,16.1789]]]}},{"type":"Feature","properties":{"kind":"flood","area_km2":0.05,"conf":"low","date":"2026-10-09"},"geometry":{"type":"Polygon","coordinates":[[[99.7632,16.1289],[99.7632,16.1265],[99.7649,16.1262],[99.7649,16.1287],[99.7632,16.1289]]]}},{"type":"Feature","properties":{"kind":"flood","area_km2":0.05,"conf":"low","date":"2026-10-09"},"geometry":{"type":"Polygon","coordinates":[[[99.9663,16.1189],[99.966,16.1176],[99.9669,16.1167],[99.9683,16.1165],[99.9686,16.1178],[99.9677,16.1186],[99.9663,16.1189]]]}},{"type":"Feature","properties":{"kind":"flood","area_km2":0.05,"conf":"low","date":"2026-10-09"},"geometry":{"type":"Polygon","coordinates":[[[99.7778,16.044],[99.7778,16.0435],[99.7769,16.0432],[99.7769,16.0424],[99.7775,16.0418],[99.7783,16.0418],[99.7797,16.0432],[99.7797,16.044],[99.7778,16.044]]]}},{"type":"Feature","properties":{"kind":"seasonal","area_km2":8.992,"date":"2026-10-09"},"geometry":{"type":"Polygon","coordinates":[[[99.9024,16.972],[99.9024,16.9712],[99.9018,16.9712],[99.901,16.9701],[99.9004,16.9701],[99.9001,16.9715],[99.899,16.9715],[99.899,16.9704],[99.8976,16.9701],[99.8976,16.968],[99.8998,16.9677],[99.8998,16.9671],[99.8979,16.9672],[99.8976,16.9661],[99.8978,16.9634],[99.8998,16.9633],[99.8995,16.9628],[99.8984,16.9628],[99.8984,16.962],[99.9021,16.9617],[99.902,16.9612],[99.8995,16.9615],[99.8989,16.9606],[99.8989,16.9598],[99.9001,16.9587],[99.8998,16.9577],[99.9003,16.9574],[99.9003,16.9533],[99.8998,16.9533],[99.8998,16.9555],[99.8992,16.9558],[99.8992,16.9574],[99.8984,16.9582],[99.8972,16.9582],[99.8972,16.9588],[99.8961,16.9593],[99.8961,16.9604],[99.893,16.9599],[99.893,16.9593],[99.8925,16.959],[99.8922,16.9612],[99.8936,16.9612],[99.8936,16.9631],[99.8928,16.9631],[99.8928,16.9637],[99.8919,16.9637],[99.8919,16.9628],[99.8928,16.9628],[99.8928,16.9623],[99.8902,16.9628],[99.8908,16.9612],[99.8899,16.9612],[99.8896,16.9599],[99.8882,16.9593],[99.8885,16.958],[99.8879,16.9577],[99.8879,16.9561],[99.8871,16.9553],[99.8871,16.9545],[99.8876,16.9545],[99.8879,16.9539],[99.8851,16.9534],[99.8851,16.9482],[99.8845,16.9477],[99.8848,16.945],[99.8851,16.9444],[99.8876,16.9439],[99.887,16.9433],[99.8859,16.9433],[99.8862,16.9417],[99.8873,16.9414],[99.8873,16.9409],[99.8856,16.9406],[99.8856,16.9374],[99.8859,16.9368],[99.8876,16.9368],[99.8876,16.9363],[99.8904,16.9355],[99.8915,16.9371],[99.8915,16.9382],[99.8921,16.9382],[99.8921,16.9376],[99.8926,16.9376],[99.8935,16.9368],[99.8946,16.9368],[99.8952,16.9373],[99.8952,16.94],[99.896,16.9409],[99.8966,16.9409],[99.8969,16.9403],[99.898,16.9403],[99.898,16.9414],[99.8986,16.9414],[99.8986,16.9384],[99.8991,16.9381],[99.8991,16.937],[99.9014,16.9349],[99.9028,16.9349],[99.903,16.9338],[99.905,16.9338],[99.905,16.9346],[99.9036,16.9346],[99.9036,16.9351],[99.9047,16.9351],[99.9056,16.9359],[99.9053,16.9335],[99.9064,16.9335],[99.9076,16.9348],[99.9076,16.9389],[99.907,16.9395],[99.9079,16.9397],[99.9079,16.9389],[99.9084,16.9389],[99.9081,16.9376],[99.9104,16.9375],[99.9101,16.937],[99.9081,16.9367],[99.9084,16.9354],[99.9078,16.9354],[99.9078,16.9346],[99.9084,16.9346],[99.9092,16.9338],[99.909,16.9327],[99.9095,16.9321],[99.9109,16.9321],[99.9109,16.9346],[99.9112,16.9351],[99.9126,16.9354],[99.9126,16.9362],[99.9115,16.937],[99.9118,16.9397],[99.9143,16.94],[99.9155,16.9408],[99.9169,16.9408],[99.9174,16.9413],[99.9191,16.9413],[99.9203,16.9418],[99.9203,16.9429],[99.922,16.9429],[99.9222,16.9435],[99.9231,16.9435],[99.9234,16.9445],[99.9242,16.9448],[99.9245,16.9489],[99.9217,16.9489],[99.9212,16.9502],[99.92,16.9511],[99.92,16.9519],[99.9189,16.9519],[99.9189,16.9511],[99.9181,16.9516],[99.9164,16.9516],[99.9164,16.9524],[99.9192,16.953],[99.9181,16.9568],[99.9153,16.9568],[99.9153,16.9562],[99.9144,16.9557],[99.9141,16.9522],[99.9133,16.9522],[99.9127,16.9543],[99.9091,16.9544],[99.9085,16.9549],[99.9085,16.9554],[99.9096,16.9549],[99.9099,16.9554],[99.9108,16.9552],[99.9105,16.9557],[99.9113,16.9557],[99.9113,16.9562],[99.9119,16.9562],[99.9119,16.9571],[99.9091,16.9571],[99.9091,16.9576],[99.9133,16.9576],[99.9144,16.9581],[99.9144,16.9592],[99.9161,16.9592],[99.9161,16.9611],[99.915,16.963],[99.9153,16.9657],[99.9139,16.9655],[99.9139,16.9646],[99.9133,16.9644],[99.9133,16.9636],[99.9125,16.9625],[99.9122,16.9625],[99.9122,16.9636],[99.9083,16.9644],[99.9074,16.9644],[99.9071,16.9633],[99.9057,16.9636],[99.9057,16.9628],[99.9052,16.9628],[99.9052,16.9641],[99.9026,16.9639],[99.9012,16.9631],[99.9012,16.9655],[99.9018,16.9655],[99.9018,16.9666],[99.9021,16.9655],[99.9029,16.9655],[99.9032,16.9671],[99.901,16.9693],[99.9021,16.9696],[99.9026,16.9685],[99.9038,16.9688],[99.9038,16.9696],[99.9027,16.9698],[99.9027,16.9704],[99.9035,16.9712],[99.9035,16.972],[99.9024,16.972]],[[99.906,16.9628],[99.9066,16.9628],[99.9066,16.9609],[99.9094,16.9606],[99.9057,16.9603],[99.9049,16.9617],[99.9049,16.9622],[99.9054,16.9625],[99.906,16.9614],[99.906,16.9628]],[[99.9116,16.9619],[99.9122,16.9625],[99.9122,16.9619],[99.9116,16.9619]],[[99.9046,16.9614],[99.9049,16.9617],[99.9049,16.9614],[99.9046,16.9614]],[[99.9111,16.9614],[99.9116,16.9614],[99.9116,16.9598],[99.9105,16.9603],[99.9111,16.9614]],[[99.9127,16.9598],[99.9133,16.9598],[99.9133,16.9592],[99.9127,16.9592],[99.9127,16.9598]],[[99.8939,16.9588],[99.8944,16.959],[99.8944,16.9588],[99.8939,16.9588]],[[99.9054,16.9579],[99.9065,16.9579],[99.9065,16.9574],[99.9054,16.9574],[99.9054,16.9579]],[[99.8894,16.9577],[99.8908,16.9577],[99.8924,16.9566],[99.8939,16.9569],[99.8939,16.9561],[99.8924,16.9561],[99.8924,16.9547],[99.8916,16.9544],[99.8908,16.9555],[99.891,16.9569],[99.8894,16.9572],[99.8894,16.9577]],[[99.8891,16.9561],[99.8896,16.9561],[99.8896,16.9553],[99.8891,16.9553],[99.8891,16.9561]],[[99.8961,16.9555],[99.8967,16.9555],[99.8964,16.9547],[99.8958,16.9547],[99.8961,16.9555]],[[99.9051,16.9549],[99.9057,16.9549],[99.9057,16.9541],[99.9054,16.9541],[99.9051,16.9549]],[[99.8936,16.9539],[99.8958,16.9539],[99.8961,16.9533],[99.8938,16.9531],[99.8936,16.9539]],[[99.9023,16.953],[99.9026,16.9533],[99.9026,16.953],[99.9023,16.953]],[[99.9026,16.953],[99.9031,16.9528],[99.9031,16.9509],[99.904,16.9503],[99.9037,16.9487],[99.9045,16.9473],[99.9045,16.9462],[99.9039,16.9462],[99.9034,16.9473],[99.9031,16.95],[99.9026,16.9503],[99.9026,16.953]],[[99.8896,16.9528],[99.8905,16.9528],[99.8905,16.9523],[99.8896,16.9523],[99.8896,16.9528]],[[99.8924,16.9523],[99.8927,16.9528],[99.8927,16.9523],[99.8924,16.9523]],[[99.9093,16.9525],[99.9099,16.9527],[99.9099,16.9525],[99.9093,16.9525]],[[99.8967,16.952],[99.8975,16.952],[99.8975,16.9514],[99.8966,16.9514],[99.8967,16.952]],[[99.9006,16.9517],[99.9012,16.9517],[99.9009,16.9498],[99.9003,16.9498],[99.9006,16.9517]],[[99.895,16.9506],[99.8958,16.9498],[99.8938,16.9495],[99.8938,16.9501],[99.895,16.9506]],[[99.9164,16.9505],[99.9181,16.9503],[99.9183,16.9489],[99.9178,16.9484],[99.9166,16.9484],[99.9166,16.9489],[99.9172,16.9489],[99.9172,16.9497],[99.9169,16.9503],[99.9164,16.95],[99.9164,16.9505]],[[99.9141,16.9503],[99.915,16.9503],[99.9152,16.9497],[99.9144,16.9495],[99.9138,16.9484],[99.9141,16.9503]],[[99.8885,16.9498],[99.8899,16.9496],[99.8902,16.9487],[99.8885,16.9485],[99.8885,16.9498]],[[99.9158,16.9494],[99.9161,16.9497],[99.9161,16.9494],[99.9158,16.9494]],[[99.9144,16.9489],[99.9147,16.9492],[99.9147,16.9489],[99.9144,16.9489]],[[99.9158,16.9489],[99.9161,16.9492],[99.9161,16.9489],[99.9158,16.9489]],[[99.9009,16.949],[99.9017,16.949],[99.9017,16.9482],[99.9011,16.9482],[99.9009,16.949]],[[99.9096,16.9489],[99.9102,16.9489],[99.9102,16.9484],[99.9113,16.9484],[99.9113,16.9478],[99.909,16.9473],[99.9087,16.9454],[99.9082,16.9454],[99.9079,16.9479],[99.9073,16.9481],[99.9085,16.9484],[99.9085,16.9479],[99.9093,16.9479],[99.9096,16.9489]],[[99.9155,16.9489],[99.9158,16.944],[99.9155,16.9435],[99.9144,16.9435],[99.9149,16.9448],[99.9138,16.9446],[99.9138,16.944],[99.9135,16.944],[99.9132,16.9451],[99.9138,16.9457],[99.9149,16.9454],[99.9149,16.9467],[99.9133,16.9473],[99.9133,16.9478],[99.9124,16.9478],[99.9121,16.9484],[99.9127,16.9486],[99.9127,16.9484],[99.9149,16.9481],[99.9155,16.9489]],[[99.9206,16.9483],[99.9211,16.9489],[99.9211,16.9483],[99.9206,16.9483]],[[99.8935,16.9485],[99.8941,16.9482],[99.8938,16.9468],[99.8932,16.9471],[99.8935,16.9485]],[[99.8975,16.9484],[99.8983,16.9484],[99.8986,16.9476],[99.8978,16.9474],[99.8975,16.9484]],[[99.902,16.9468],[99.9023,16.9473],[99.9023,16.9468],[99.902,16.9468]],[[99.9118,16.9468],[99.9121,16.9473],[99.9121,16.9468],[99.9118,16.9468]],[[99.9217,16.947],[99.922,16.9473],[99.922,16.947],[99.9217,16.947]],[[99.887,16.9469],[99.8876,16.9471],[99.8876,16.9469],[99.887,16.9469]],[[99.9099,16.9462],[99.9101,16.9465],[99.9101,16.9462],[99.9099,16.9462]],[[99.9192,16.9462],[99.9194,16.9464],[99.9194,16.9462],[99.9192,16.9462]],[[99.9211,16.9464],[99.9217,16.9464],[99.9225,16.9456],[99.9223,16.9448],[99.9208,16.9451],[99.9211,16.9464]],[[99.8958,16.946],[99.8963,16.946],[99.8963,16.9455],[99.8955,16.9455],[99.8958,16.946]],[[99.902,16.946],[99.9025,16.946],[99.9023,16.9452],[99.9008,16.9452],[99.9014,16.9414],[99.8997,16.9414],[99.9003,16.9433],[99.8997,16.9457],[99.9017,16.9454],[99.902,16.946]],[[99.9186,16.9456],[99.9189,16.9459],[99.9189,16.9456],[99.9186,16.9456]],[[99.9101,16.9451],[99.9104,16.9457],[99.9104,16.9451],[99.9101,16.9451]],[[99.9161,16.9454],[99.9163,16.9456],[99.9163,16.9454],[99.9161,16.9454]],[[99.9178,16.9456],[99.9186,16.9456],[99.9186,16.9451],[99.9177,16.9451],[99.9178,16.9456]],[[99.9189,16.9456],[99.92,16.9456],[99.9203,16.9451],[99.9194,16.9451],[99.9189,16.9456]],[[99.9158,16.9451],[99.9161,16.9454],[99.9161,16.9451],[99.9158,16.9451]],[[99.9163,16.9451],[99.9166,16.9454],[99.9166,16.9451],[99.9163,16.9451]],[[99.8977,16.9446],[99.898,16.9452],[99.898,16.9446],[99.8977,16.9446]],[[99.911,16.9449],[99.9116,16.9451],[99.9115,16.9449],[99.911,16.9449]],[[99.9192,16.9448],[99.9194,16.9451],[99.9194,16.9448],[99.9192,16.9448]],[[99.9203,16.9448],[99.9206,16.9451],[99.9206,16.9448],[99.9203,16.9448]],[[99.8915,16.9449],[99.8938,16.9447],[99.8935,16.9414],[99.8943,16.9414],[99.8946,16.9409],[99.8904,16.9409],[99.8904,16.9401],[99.8895,16.9395],[99.8896,16.9406],[99.889,16.9406],[99.889,16.9412],[99.8921,16.9417],[99.8918,16.9436],[99.8913,16.9441],[99.8915,16.9449]],[[99.909,16.9443],[99.9104,16.9443],[99.9115,16.9438],[99.913,16.944],[99.9135,16.9432],[99.9141,16.9432],[99.9141,16.9427],[99.9124,16.9427],[99.9121,16.9419],[99.9107,16.9419],[99.9107,16.943],[99.909,16.943],[99.909,16.9443]],[[99.9068,16.9441],[99.9073,16.9438],[99.907,16.9433],[99.9084,16.943],[99.9073,16.943],[99.9065,16.9422],[99.9068,16.9441]],[[99.9132,16.9438],[99.9135,16.944],[99.9135,16.9438],[99.9132,16.9438]],[[99.9037,16.9433],[99.9039,16.9438],[99.9039,16.9433],[99.9037,16.9433]],[[99.916,16.9432],[99.9166,16.9435],[99.9166,16.9432],[99.916,16.9432]],[[99.898,16.9427],[99.8983,16.9433],[99.8983,16.9427],[99.898,16.9427]],[[99.9039,16.9433],[99.9042,16.9427],[99.9051,16.943],[99.9053,16.9422],[99.9042,16.9419],[99.9039,16.9433]],[[99.9144,16.9424],[99.9149,16.9424],[99.9152,16.9419],[99.9146,16.9416],[99.9144,16.9424]],[[99.9127,16.9416],[99.9129,16.9419],[99.9129,16.9416],[99.9127,16.9416]],[[99.8994,16.9411],[99.8997,16.9414],[99.8997,16.9411],[99.8994,16.9411]],[[99.9051,16.9408],[99.9053,16.9411],[99.9053,16.9408],[99.9051,16.9408]],[[99.909,16.9411],[99.9101,16.9411],[99.9101,16.9408],[99.909,16.9403],[99.909,16.9411]],[[99.8873,16.9406],[99.8879,16.9409],[99.8879,16.9406],[99.8873,16.9406]],[[99.9025,16.9406],[99.9034,16.9408],[99.9034,16.9406],[99.9025,16.9406]],[[99.8873,16.9393],[99.8876,16.9404],[99.8876,16.9393],[99.8873,16.9393]],[[99.9022,16.9395],[99.9025,16.94],[99.9025,16.9395],[99.9022,16.9395]],[[99.9017,16.9392],[99.9019,16.9395],[99.9019,16.9392],[99.9017,16.9392]],[[99.8881,16.9387],[99.8887,16.9393],[99.8887,16.9385],[99.8881,16.9387]],[[99.8895,16.9393],[99.8901,16.9393],[99.8904,16.9387],[99.8901,16.9379],[99.8895,16.9382],[99.8895,16.9393]],[[99.9045,16.9392],[99.9056,16.9386],[99.9059,16.9373],[99.9053,16.9368],[99.9036,16.9365],[99.9036,16.9387],[99.9045,16.9392]],[[99.9025,16.9357],[99.9028,16.9359],[99.9028,16.9357],[99.9025,16.9357]]]}},{"type":"Feature","properties":{"kind":"seasonal","area_km2":4.299,"date":"2026-10-09"},"geometry":{"type":"Polygon","coordinates":[[[99.8034,16.9448],[99.8028,16.9442],[99.8028,16.9434],[99.8019,16.9431],[99.8022,16.9421],[99.8039,16.9421],[99.8039,16.938],[99.8028,16.9375],[99.8028,16.9356],[99.8045,16.9355],[99.8047,16.9345],[99.8078,16.9344],[99.809,16.935],[99.809,16.9358],[99.8107,16.9363],[99.8104,16.9347],[99.8095,16.9344],[99.8095,16.9336],[99.8087,16.9336],[99.8084,16.9331],[99.8061,16.9331],[99.8061,16.932],[99.807,16.9315],[99.8067,16.9301],[99.807,16.9296],[99.8078,16.9296],[99.8078,16.929],[99.8084,16.9288],[99.8084,16.9277],[99.8075,16.9274],[99.8078,16.9239],[99.8092,16.9239],[99.8092,16.9231],[99.8081,16.9228],[99.8081,16.922],[99.8072,16.9217],[99.8072,16.9209],[99.8081,16.9206],[99.808,16.9198],[99.8075,16.9198],[99.8072,16.9203],[99.8044,16.9206],[99.8041,16.9201],[99.801,16.9196],[99.801,16.9204],[99.8021,16.9204],[99.8021,16.9209],[99.8033,16.9206],[99.8035,16.9214],[99.8044,16.9217],[99.8044,16.9225],[99.8027,16.9228],[99.8021,16.9234],[99.8007,16.9234],[99.8007,16.9223],[99.8019,16.9212],[99.801,16.9212],[99.7999,16.9225],[99.7999,16.9236],[99.801,16.9239],[99.8007,16.925],[99.8016,16.925],[99.8013,16.9239],[99.8027,16.9242],[99.8027,16.9263],[99.8033,16.9263],[99.8033,16.9252],[99.8041,16.9252],[99.805,16.9261],[99.8058,16.9258],[99.8058,16.9239],[99.8061,16.9233],[99.8069,16.9233],[99.807,16.9277],[99.8041,16.9271],[99.8041,16.9277],[99.8067,16.9282],[99.8067,16.929],[99.8061,16.9293],[99.8033,16.9299],[99.8033,16.9293],[99.8025,16.9293],[99.8022,16.9285],[99.801,16.9282],[99.8008,16.9277],[99.7982,16.9277],[99.7982,16.9272],[99.7971,16.9261],[99.7962,16.9261],[99.7962,16.9253],[99.7951,16.9253],[99.7954,16.9261],[99.7962,16.9264],[99.7962,16.9274],[99.7951,16.9274],[99.7951,16.9269],[99.7946,16.9266],[99.794,16.9272],[99.7926,16.9272],[99.7932,16.9288],[99.7943,16.9291],[99.7949,16.9302],[99.7954,16.9299],[99.7954,16.9291],[99.7965,16.9291],[99.7971,16.9285],[99.7979,16.9285],[99.7979,16.9291],[99.7985,16.9291],[99.7985,16.9285],[99.7994,16.9285],[99.7994,16.9291],[99.8002,16.9293],[99.8002,16.9299],[99.8016,16.9299],[99.8016,16.9307],[99.7999,16.9307],[99.7999,16.9301],[99.7977,16.9299],[99.7977,16.9307],[99.7971,16.9307],[99.7963,16.9315],[99.7966,16.9326],[99.7951,16.9329],[99.7937,16.9326],[99.7929,16.9313],[99.7912,16.9313],[99.7915,16.9299],[99.7892,16.9296],[99.7892,16.928],[99.7886,16.9275],[99.7886,16.9267],[99.7881,16.9264],[99.7881,16.9256],[99.7903,16.9256],[99.7903,16.925],[99.7926,16.9256],[99.7926,16.9242],[99.792,16.9237],[99.792,16.9223],[99.7926,16.9223],[99.7926,16.9215],[99.792,16.9212],[99.7917,16.9196],[99.7909,16.9196],[99.7911,16.921],[99.7903,16.921],[99.7906,16.9226],[99.7903,16.9231],[99.7892,16.9231],[99.7883,16.9223],[99.7883,16.9212],[99.7878,16.9212],[99.7878,16.9196],[99.7883,16.9188],[99.7889,16.9188],[99.7889,16.9183],[99.79,16.918],[99.7897,16.9164],[99.7906,16.9163],[99.7911,16.9158],[99.792,16.9158],[99.7925,16.9169],[99.7937,16.9177],[99.7937,16.9182],[99.7959,16.9185],[99.7962,16.919],[99.7993,16.9193],[99.7999,16.9182],[99.8016,16.9179],[99.803,16.9166],[99.8044,16.9163],[99.8044,16.9141],[99.8049,16.9139],[99.8046,16.9117],[99.8077,16.9114],[99.8091,16.9106],[99.8108,16.9106],[99.8111,16.9114],[99.8136,16.9111],[99.8136,16.9116],[99.8148,16.9122],[99.8148,16.9135],[99.8134,16.9146],[99.8134,16.9154],[99.8131,16.9154],[99.8128,16.916],[99.8128,16.9171],[99.812,16.9179],[99.812,16.9184],[99.8131,16.9184],[99.8131,16.9192],[99.8123,16.9201],[99.8114,16.9201],[99.8114,16.9206],[99.8137,16.9206],[99.8137,16.9214],[99.8148,16.9219],[99.8148,16.9228],[99.8137,16.9225],[99.8131,16.923],[99.8131,16.9271],[99.8123,16.9271],[99.8123,16.9277],[99.814,16.9279],[99.814,16.9301],[99.8132,16.9309],[99.8132,16.932],[99.8126,16.932],[99.8126,16.9325],[99.8135,16.9325],[99.8135,16.9333],[99.8129,16.9333],[99.8123,16.9361],[99.8107,16.9366],[99.8118,16.9371],[99.8121,16.9385],[99.8095,16.9388],[99.8095,16.9399],[99.809,16.9401],[99.809,16.9407],[99.8098,16.9409],[99.8096,16.9423],[99.8087,16.9423],[99.8084,16.9418],[99.8056,16.9423],[99.8056,16.9431],[99.8048,16.9437],[99.8048,16.9448],[99.8034,16.9448]],[[99.8062,16.9388],[99.8073,16.9388],[99.807,16.9374],[99.8059,16.938],[99.8062,16.9388]],[[99.8056,16.9372],[99.8061,16.9372],[99.8061,16.9369],[99.8056,16.9366],[99.8056,16.9372]],[[99.8067,16.9355],[99.807,16.9358],[99.807,16.9355],[99.8067,16.9355]],[[99.8064,16.935],[99.8067,16.9353],[99.8067,16.935],[99.8064,16.935]],[[99.8106,16.9344],[99.8109,16.9347],[99.8109,16.9344],[99.8106,16.9344]],[[99.8084,16.9317],[99.8087,16.932],[99.8087,16.9317],[99.8084,16.9317]],[[99.8075,16.9309],[99.8081,16.9309],[99.8081,16.9304],[99.8075,16.9304],[99.8075,16.9309]],[[99.8112,16.9309],[99.8118,16.9309],[99.812,16.9304],[99.8112,16.9293],[99.8106,16.9293],[99.8103,16.9298],[99.8112,16.9309]],[[99.7923,16.9288],[99.7926,16.9291],[99.7926,16.9288],[99.7923,16.9288]],[[99.8101,16.9285],[99.8109,16.9271],[99.8106,16.9266],[99.81,16.9268],[99.8101,16.9285]],[[99.7898,16.9261],[99.79,16.9267],[99.79,16.9261],[99.7898,16.9261]],[[99.7912,16.9264],[99.7915,16.9266],[99.7915,16.9264],[99.7912,16.9264]],[[99.7926,16.9264],[99.7929,16.9266],[99.7929,16.9264],[99.7926,16.9264]],[[99.7906,16.9261],[99.7912,16.9261],[99.7912,16.9258],[99.7903,16.9256],[99.7906,16.9261]],[[99.8002,16.9261],[99.8007,16.9261],[99.8007,16.9255],[99.8002,16.9255],[99.8002,16.9261]],[[99.7985,16.9255],[99.7993,16.9258],[99.7993,16.9255],[99.7985,16.9255]],[[99.794,16.9253],[99.7951,16.925],[99.7945,16.9245],[99.7945,16.9237],[99.794,16.9237],[99.794,16.9253]],[[99.7962,16.9253],[99.7976,16.9253],[99.7982,16.925],[99.7982,16.9245],[99.7962,16.9239],[99.7965,16.9223],[99.7959,16.9217],[99.794,16.9218],[99.7943,16.9226],[99.7954,16.9231],[99.7954,16.9239],[99.7957,16.9245],[99.7962,16.9245],[99.7962,16.9253]],[[99.7934,16.9234],[99.794,16.9237],[99.794,16.9234],[99.7934,16.9234]],[[99.8112,16.9228],[99.8117,16.923],[99.8117,16.9228],[99.8112,16.9228]],[[99.81,16.9222],[99.8106,16.9222],[99.8106,16.9206],[99.8103,16.9206],[99.81,16.9222]],[[99.8128,16.9214],[99.8134,16.9217],[99.8134,16.9214],[99.8128,16.9214]],[[99.8097,16.9203],[99.81,16.9206],[99.81,16.9203],[99.8097,16.9203]],[[99.8047,16.9201],[99.805,16.9204],[99.8049,16.9201],[99.8047,16.9201]],[[99.8086,16.9198],[99.8089,16.9203],[99.8089,16.9198],[99.8086,16.9198]],[[99.8044,16.9198],[99.8047,16.9201],[99.8047,16.9198],[99.8044,16.9198]],[[99.8095,16.9195],[99.8097,16.9201],[99.8097,16.9195],[99.8095,16.9195]],[[99.8089,16.9195],[99.8092,16.9198],[99.8092,16.9195],[99.8089,16.9195]],[[99.79,16.9196],[99.7909,16.9196],[99.7909,16.9191],[99.79,16.9191],[99.79,16.9196]],[[99.7917,16.9196],[99.7934,16.9196],[99.7937,16.919],[99.7917,16.9188],[99.7917,16.9196]],[[99.8024,16.9196],[99.8033,16.9193],[99.803,16.9185],[99.8021,16.9187],[99.8024,16.9196]],[[99.8083,16.9193],[99.8089,16.9193],[99.8089,16.9179],[99.8083,16.9182],[99.8083,16.9193]],[[99.8058,16.9187],[99.8064,16.919],[99.8064,16.9187],[99.8058,16.9187]],[[99.8097,16.9182],[99.81,16.9184],[99.81,16.9182],[99.8097,16.9182]],[[99.8052,16.9174],[99.8055,16.9176],[99.8055,16.9174],[99.8052,16.9174]],[[99.8058,16.9174],[99.8061,16.9176],[99.8061,16.9174],[99.8058,16.9174]],[[99.8061,16.9168],[99.8063,16.9174],[99.8066,16.9168],[99.8061,16.9168]],[[99.8075,16.9174],[99.808,16.9174],[99.808,16.9168],[99.8097,16.916],[99.8083,16.9157],[99.8089,16.9138],[99.8066,16.9138],[99.8066,16.9149],[99.8061,16.9152],[99.8061,16.9157],[99.8078,16.9163],[99.8075,16.9174]],[[99.8049,16.9166],[99.8052,16.9171],[99.8052,16.9166],[99.8049,16.9166]],[[99.8055,16.9163],[99.8058,16.9168],[99.8058,16.9163],[99.8055,16.9163]],[[99.8052,16.916],[99.8055,16.9163],[99.8055,16.916],[99.8052,16.916]],[[99.8097,16.9157],[99.812,16.9157],[99.812,16.9152],[99.8111,16.9146],[99.8111,16.9138],[99.8106,16.9138],[99.8106,16.9152],[99.81,16.9152],[99.8097,16.9157]],[[99.8128,16.9152],[99.8131,16.9154],[99.8131,16.9152],[99.8128,16.9152]],[[99.8066,16.9125],[99.8069,16.913],[99.8069,16.9125],[99.8066,16.9125]],[[99.8097,16.9125],[99.8106,16.9127],[99.8106,16.9125],[99.8097,16.9125]]]}},{"type":"Feature","properties":{"kind":"seasonal","area_km2":3.033,"date":"2026-10-09"},"geometry":{"type":"Polygon","coordinates":[[[99.9167,16.8955],[99.9158,16.893],[99.9152,16.893],[99.915,16.8949],[99.9127,16.895],[99.9124,16.8933],[99.9138,16.8936],[99.9138,16.892],[99.9124,16.8901],[99.9116,16.8901],[99.9113,16.8906],[99.9119,16.892],[99.9119,16.8936],[99.9102,16.8933],[99.9102,16.8939],[99.9085,16.8939],[99.9071,16.8936],[99.9068,16.8931],[99.9054,16.8926],[99.9054,16.8915],[99.9065,16.8912],[99.9065,16.892],[99.9074,16.892],[99.9079,16.8928],[99.9088,16.8928],[99.9096,16.892],[99.9099,16.8904],[99.911,16.8895],[99.911,16.889],[99.9104,16.8887],[99.9087,16.8885],[99.9087,16.8893],[99.9093,16.8893],[99.909,16.8912],[99.9073,16.8909],[99.9071,16.8904],[99.9026,16.8899],[99.9023,16.8893],[99.9025,16.8877],[99.9042,16.8879],[99.9045,16.8871],[99.9059,16.8871],[99.9062,16.8858],[99.9079,16.886],[99.9079,16.8855],[99.9068,16.8855],[99.9065,16.885],[99.9039,16.885],[99.9045,16.8825],[99.9048,16.882],[99.9053,16.882],[99.9053,16.8814],[99.9062,16.8814],[99.9065,16.8825],[99.9101,16.8828],[99.9096,16.8849],[99.9107,16.8857],[99.911,16.8866],[99.9118,16.8866],[99.9118,16.8885],[99.9127,16.8885],[99.9124,16.8871],[99.9132,16.8871],[99.9135,16.8865],[99.9127,16.886],[99.9127,16.8844],[99.9121,16.8844],[99.9121,16.8833],[99.9115,16.8833],[99.9118,16.8844],[99.9104,16.8844],[99.9107,16.8825],[99.9121,16.8822],[99.9124,16.883],[99.9138,16.883],[99.9152,16.8827],[99.9152,16.8822],[99.916,16.8822],[99.916,16.8817],[99.9149,16.8814],[99.9141,16.8814],[99.9138,16.8822],[99.9124,16.8819],[99.9124,16.8803],[99.9118,16.88],[99.9118,16.8792],[99.9135,16.8779],[99.9157,16.8784],[99.9171,16.8795],[99.9197,16.8795],[99.9202,16.8787],[99.9211,16.8787],[99.9211,16.8797],[99.9205,16.88],[99.9205,16.8819],[99.92,16.8825],[99.9208,16.8841],[99.9208,16.8852],[99.9214,16.8852],[99.9217,16.8843],[99.9251,16.8838],[99.9248,16.886],[99.9282,16.8876],[99.9287,16.8887],[99.9299,16.8895],[99.9302,16.8905],[99.933,16.8905],[99.9344,16.8913],[99.9344,16.8919],[99.9338,16.8919],[99.9335,16.8924],[99.9324,16.8924],[99.9321,16.893],[99.9299,16.8935],[99.9282,16.8946],[99.9274,16.8946],[99.9271,16.8952],[99.9248,16.8954],[99.9245,16.8933],[99.922,16.8925],[99.922,16.8906],[99.9217,16.8898],[99.9211,16.8898],[99.9212,16.8925],[99.9197,16.893],[99.9198,16.8936],[99.9186,16.8944],[99.9184,16.8955],[99.9167,16.8955]],[[99.9248,16.8927],[99.9254,16.8927],[99.9254,16.8911],[99.9248,16.8911],[99.9248,16.8927]],[[99.9237,16.8914],[99.924,16.89],[99.9228,16.8892],[99.9231,16.8908],[99.9237,16.8914]],[[99.9147,16.8912],[99.9152,16.8912],[99.9152,16.8903],[99.9161,16.8901],[99.9161,16.8887],[99.9152,16.8887],[99.9152,16.8901],[99.9147,16.8912]],[[99.9195,16.8898],[99.9203,16.8895],[99.9203,16.8887],[99.9189,16.8879],[99.9189,16.8868],[99.9197,16.8868],[99.92,16.886],[99.9194,16.886],[99.9192,16.8865],[99.9175,16.886],[99.9175,16.8868],[99.9169,16.8871],[99.9172,16.8884],[99.9189,16.8884],[99.9195,16.8898]],[[99.9147,16.8887],[99.9152,16.8887],[99.9152,16.8876],[99.9147,16.8879],[99.9147,16.8887]],[[99.9194,16.8871],[99.9197,16.8873],[99.9197,16.8871],[99.9194,16.8871]],[[99.9217,16.8868],[99.922,16.8871],[99.922,16.8868],[99.9217,16.8868]],[[99.922,16.8865],[99.9223,16.8868],[99.9223,16.8865],[99.922,16.8865]],[[99.9169,16.8852],[99.9175,16.8852],[99.9175,16.8849],[99.9169,16.8846],[99.9169,16.8852]],[[99.9141,16.8849],[99.9149,16.8849],[99.9146,16.8836],[99.9141,16.8836],[99.9141,16.8849]],[[99.9062,16.8833],[99.907,16.8836],[99.907,16.8833],[99.9062,16.8833]],[[99.9135,16.8798],[99.9138,16.8803],[99.9138,16.8798],[99.9135,16.8798]]]}},{"type":"Feature","properties":{"kind":"seasonal","area_km2":2.914,"date":"2026-10-09"},"geometry":{"type":"Polygon","coordinates":[[[99.9207,16.9638],[99.9204,16.9624],[99.9209,16.9619],[99.9209,16.9595],[99.9204,16.9595],[99.9201,16.9586],[99.9192,16.9581],[99.9195,16.9554],[99.9226,16.9551],[99.9234,16.9559],[99.9234,16.9565],[99.9246,16.957],[99.9246,16.9565],[99.9234,16.9557],[99.9234,16.9543],[99.9254,16.954],[99.9254,16.9554],[99.926,16.9562],[99.9277,16.9559],[99.9277,16.9554],[99.9265,16.9548],[99.9268,16.9532],[99.926,16.9524],[99.9217,16.9524],[99.9214,16.9511],[99.9231,16.9505],[99.9237,16.9497],[99.9245,16.9497],[99.9251,16.9516],[99.9257,16.9516],[99.9254,16.9499],[99.9259,16.9483],[99.9251,16.9472],[99.9251,16.9443],[99.9262,16.9445],[99.9262,16.9434],[99.9268,16.9434],[99.9268,16.9429],[99.9287,16.9426],[99.9293,16.9415],[99.9276,16.9415],[99.9276,16.9407],[99.9284,16.9396],[99.9276,16.9396],[99.9273,16.9404],[99.9265,16.9405],[99.9262,16.9394],[99.9256,16.9394],[99.9256,16.941],[99.9245,16.9407],[99.9225,16.9426],[99.9214,16.9426],[99.9214,16.9421],[99.9205,16.9416],[99.9205,16.9405],[99.9217,16.9405],[99.9214,16.9397],[99.9208,16.9397],[99.9205,16.9402],[99.9172,16.9405],[99.9152,16.94],[99.9143,16.9392],[99.9143,16.9383],[99.9138,16.9383],[99.9138,16.9389],[99.9126,16.9389],[99.9126,16.937],[99.9138,16.9362],[99.9138,16.9356],[99.9149,16.9356],[99.9149,16.9348],[99.9143,16.9343],[99.9126,16.9343],[99.9121,16.9327],[99.912,16.9308],[99.9149,16.9307],[99.9151,16.9321],[99.916,16.9316],[99.916,16.931],[99.9171,16.931],[99.9177,16.9313],[99.9177,16.9318],[99.9188,16.9318],[99.9194,16.9332],[99.9208,16.9332],[99.9208,16.9342],[99.9202,16.9348],[99.9216,16.9351],[99.9222,16.9364],[99.9219,16.938],[99.9225,16.938],[99.9228,16.9386],[99.9239,16.9386],[99.9242,16.938],[99.9256,16.9383],[99.9256,16.9377],[99.9262,16.9375],[99.9262,16.9361],[99.927,16.9358],[99.9284,16.9358],[99.9293,16.9366],[99.9318,16.9364],[99.9318,16.9372],[99.931,16.938],[99.9293,16.9383],[99.9287,16.9391],[99.9301,16.9391],[99.9312,16.9385],[99.9321,16.9374],[99.9338,16.9372],[99.9338,16.9399],[99.9332,16.9399],[99.9332,16.9404],[99.9327,16.9407],[99.9346,16.9407],[99.9352,16.942],[99.9369,16.9418],[99.9369,16.9426],[99.9344,16.945],[99.9296,16.945],[99.9296,16.9459],[99.9287,16.9464],[99.929,16.9494],[99.9299,16.9499],[99.9299,16.9526],[99.9293,16.9532],[99.9299,16.9567],[99.9296,16.9586],[99.9268,16.9608],[99.9246,16.9608],[99.9243,16.9589],[99.9251,16.9589],[99.9257,16.9594],[99.9257,16.9584],[99.9246,16.9573],[99.9229,16.9603],[99.9229,16.9608],[99.9235,16.9611],[99.9235,16.9632],[99.9229,16.9632],[99.9229,16.9638],[99.9207,16.9638]],[[99.9273,16.9461],[99.9276,16.9451],[99.9268,16.9448],[99.9268,16.9456],[99.9273,16.9461]],[[99.931,16.9412],[99.9321,16.9412],[99.9321,16.9407],[99.931,16.9407],[99.931,16.9412]],[[99.9281,16.9391],[99.9284,16.9394],[99.9284,16.9391],[99.9281,16.9391]],[[99.9194,16.9386],[99.9197,16.9389],[99.9197,16.9386],[99.9194,16.9386]],[[99.9197,16.9383],[99.92,16.9386],[99.92,16.9383],[99.9197,16.9383]]]}},{"type":"Feature","properties":{"kind":"seasonal","area_km2":2.909,"date":"2026-10-09"},"geometry":{"type":"Polygon","coordinates":[[[99.8935,17.0],[99.8943,16.9994],[99.8943,16.9978],[99.8935,16.9981],[99.8935,16.997],[99.8929,16.997],[99.8926,16.9962],[99.8921,16.9962],[99.8915,16.9978],[99.8898,16.9978],[99.8898,16.9967],[99.8881,16.9965],[99.8881,16.9959],[99.8893,16.9957],[99.8892,16.994],[99.8907,16.9943],[99.8904,16.9957],[99.8918,16.9957],[99.8918,16.9951],[99.8932,16.9943],[99.8929,16.9937],[99.8918,16.9935],[99.8918,16.9924],[99.8929,16.9924],[99.894,16.9913],[99.8954,16.9913],[99.8954,16.9908],[99.8971,16.991],[99.8971,16.9897],[99.8946,16.9897],[99.8946,16.988],[99.8951,16.988],[99.8951,16.9859],[99.8962,16.9859],[99.8971,16.9848],[99.8977,16.9848],[99.8979,16.9837],[99.8993,16.9834],[99.8996,16.9815],[99.9002,16.9815],[99.9005,16.981],[99.9019,16.981],[99.9021,16.9802],[99.903,16.9801],[99.903,16.9791],[99.9024,16.9788],[99.9024,16.9769],[99.903,16.9761],[99.9052,16.9758],[99.9047,16.9753],[99.9049,16.9731],[99.9075,16.9728],[99.908,16.972],[99.9094,16.9714],[99.9117,16.9714],[99.9117,16.9728],[99.9111,16.9731],[99.9111,16.9741],[99.9106,16.9744],[99.9103,16.9758],[99.9083,16.9769],[99.9083,16.9815],[99.9098,16.9812],[99.9092,16.9788],[99.91,16.9788],[99.9106,16.9782],[99.9092,16.9779],[99.9092,16.9769],[99.9106,16.9766],[99.9111,16.9755],[99.9123,16.9755],[99.9123,16.9771],[99.9131,16.9771],[99.9128,16.9741],[99.9142,16.9736],[99.9162,16.9736],[99.9168,16.9741],[99.9168,16.9755],[99.9156,16.9766],[99.9157,16.9782],[99.9165,16.9806],[99.9162,16.982],[99.9151,16.982],[99.9148,16.9814],[99.9148,16.9823],[99.9131,16.982],[99.9117,16.9825],[99.9115,16.9831],[99.9098,16.9831],[99.9098,16.9823],[99.9083,16.9823],[99.9083,16.9817],[99.9075,16.9818],[99.9072,16.9845],[99.9041,16.9848],[99.9033,16.9839],[99.9033,16.9834],[99.9027,16.9834],[99.9027,16.9845],[99.9019,16.9853],[99.9008,16.9856],[99.9008,16.9864],[99.9005,16.9864],[99.9005,16.9867],[99.8999,16.9867],[99.8996,16.9872],[99.8974,16.9875],[99.8977,16.988],[99.8996,16.988],[99.901,16.9877],[99.9013,16.9869],[99.9022,16.9869],[99.9025,16.9905],[99.9019,16.9905],[99.9016,16.9899],[99.9002,16.9902],[99.9011,16.9918],[99.9008,16.9929],[99.9014,16.9929],[99.9013,16.9907],[99.9022,16.9907],[99.9022,16.9921],[99.9033,16.9923],[99.9033,16.9951],[99.9045,16.9953],[99.9048,16.9967],[99.9053,16.9972],[99.9064,16.9972],[99.9073,16.998],[99.9073,16.9988],[99.9053,16.9988],[99.9042,16.9983],[99.9039,16.9956],[99.9028,16.9956],[99.9025,16.9961],[99.9022,16.9956],[99.9016,16.9956],[99.9014,16.9972],[99.9022,16.9975],[99.9011,16.9975],[99.9002,16.997],[99.9003,16.9986],[99.8994,16.9989],[99.8994,17.0],[99.8935,17.0]],[[99.8957,16.9975],[99.8966,16.9975],[99.8966,16.9973],[99.8957,16.997],[99.8957,16.9975]],[[99.8966,16.9954],[99.8988,16.9953],[99.8991,16.9948],[99.8971,16.9945],[99.8971,16.9951],[99.8966,16.9954]],[[99.9014,16.994],[99.9016,16.9945],[99.9019,16.994],[99.9014,16.994]],[[99.8966,16.9943],[99.8968,16.9932],[99.8963,16.9929],[99.8957,16.9932],[99.8957,16.9937],[99.8966,16.9943]],[[99.9019,16.9924],[99.9022,16.9926],[99.9022,16.9924],[99.9019,16.9924]],[[99.8988,16.9916],[99.8994,16.9918],[99.8994,16.9916],[99.8988,16.9916]],[[99.8985,16.9907],[99.8994,16.9907],[99.8994,16.9905],[99.8985,16.9902],[99.8985,16.9907]],[[99.901,16.988],[99.9013,16.9883],[99.9013,16.988],[99.901,16.988]],[[99.9002,16.9861],[99.9005,16.9864],[99.9005,16.9861],[99.9002,16.9861]],[[99.901,16.9826],[99.9016,16.9829],[99.9016,16.9826],[99.901,16.9826]],[[99.9047,16.982],[99.9058,16.982],[99.9061,16.9815],[99.9067,16.9815],[99.9067,16.9809],[99.9047,16.982]],[[99.9117,16.9817],[99.912,16.9812],[99.9134,16.9809],[99.9137,16.9804],[99.9134,16.9782],[99.9126,16.9782],[99.9123,16.9787],[99.9114,16.9788],[99.9106,16.9796],[99.9112,16.9798],[99.9112,16.9809],[99.9117,16.9809],[99.9117,16.9817]],[[99.9148,16.9763],[99.9151,16.9766],[99.9151,16.9763],[99.9148,16.9763]],[[99.9145,16.976],[99.9148,16.9763],[99.9148,16.976],[99.9145,16.976]],[[99.9072,16.9761],[99.9078,16.9761],[99.9078,16.9755],[99.9072,16.9755],[99.9072,16.9761]],[[99.908,16.9755],[99.9086,16.9755],[99.9086,16.9744],[99.9075,16.9739],[99.908,16.9755]],[[99.9089,16.9742],[99.9094,16.9744],[99.9094,16.9742],[99.9089,16.9742]]]}},{"type":"Feature","properties":{"kind":"seasonal","area_km2":2.449,"date":"2026-10-09"},"geometry":{"type":"Polygon","coordinates":[[[99.9897,16.9033],[99.9896,16.9027],[99.9885,16.9019],[99.9885,16.9011],[99.9891,16.9008],[99.9891,16.8992],[99.9896,16.8992],[99.9896,16.8987],[99.9882,16.8987],[99.9882,16.8976],[99.9888,16.897],[99.9868,16.8971],[99.9865,16.896],[99.9851,16.8963],[99.9848,16.8944],[99.9843,16.8941],[99.9842,16.8927],[99.9851,16.8927],[99.9857,16.8922],[99.9856,16.8911],[99.9865,16.8905],[99.9865,16.89],[99.9882,16.8897],[99.9887,16.8889],[99.9913,16.8886],[99.991,16.8905],[99.9887,16.8905],[99.9887,16.8916],[99.9873,16.8919],[99.9876,16.8933],[99.9885,16.8935],[99.9885,16.8927],[99.9896,16.8911],[99.9904,16.8911],[99.9904,16.8927],[99.991,16.8927],[99.991,16.8916],[99.9918,16.8911],[99.9916,16.8905],[99.9921,16.8905],[99.9918,16.8916],[99.9924,16.8916],[99.9927,16.8902],[99.9935,16.8902],[99.9935,16.8911],[99.9947,16.8911],[99.9952,16.8916],[99.9952,16.8927],[99.9947,16.8927],[99.9944,16.8932],[99.9927,16.8932],[99.9921,16.8938],[99.9916,16.8938],[99.991,16.893],[99.991,16.8938],[99.9904,16.8938],[99.9902,16.8943],[99.9882,16.8943],[99.9882,16.8949],[99.9907,16.8949],[99.9919,16.894],[99.9938,16.8935],[99.9947,16.8935],[99.9947,16.8946],[99.9952,16.8946],[99.9952,16.8929],[99.9961,16.8929],[99.9958,16.8916],[99.9952,16.8913],[99.9952,16.8881],[99.9969,16.8886],[99.9966,16.8872],[99.9972,16.8867],[99.9989,16.8867],[99.9991,16.8878],[99.9991,16.887],[100.0014,16.8867],[100.0022,16.8861],[100.002,16.8856],[100.0,16.8856],[99.9997,16.8861],[99.9974,16.8856],[99.9974,16.8821],[99.9994,16.8821],[99.9994,16.8813],[100.0002,16.8813],[100.0002,16.8821],[100.0008,16.8823],[100.0008,16.8829],[100.0014,16.8829],[100.0031,16.8813],[100.0039,16.8812],[100.0042,16.8821],[100.0047,16.8821],[100.0048,16.8877],[100.0034,16.8878],[100.0034,16.8883],[100.0039,16.8888],[100.0048,16.8888],[100.0048,16.8934],[100.0042,16.8937],[100.0043,16.8943],[100.0048,16.8945],[100.0048,16.8964],[100.0037,16.8964],[100.0037,16.8981],[100.0029,16.8983],[100.0029,16.8989],[100.0023,16.8991],[100.0012,16.8992],[100.0009,16.8997],[100.0001,16.8997],[99.9986,16.8986],[99.9987,16.9005],[99.9975,16.9011],[99.9975,16.9019],[99.9953,16.9024],[99.9947,16.9014],[99.9944,16.8981],[99.9922,16.8978],[99.9919,16.8959],[99.9905,16.896],[99.9902,16.8976],[99.991,16.8987],[99.9905,16.8995],[99.9919,16.8995],[99.9919,16.9025],[99.9911,16.9033],[99.9897,16.9033]],[[99.9956,16.9011],[99.9961,16.9011],[99.9958,16.9003],[99.9956,16.9003],[99.9956,16.9011]],[[99.9899,16.8987],[99.9902,16.8992],[99.9902,16.8987],[99.9899,16.8987]],[[99.9984,16.8984],[99.9989,16.8975],[100.0009,16.8973],[100.0009,16.8964],[100.002,16.8954],[100.0014,16.8943],[100.0009,16.8943],[100.0006,16.8959],[99.9998,16.8959],[99.9995,16.8954],[99.9995,16.8965],[99.9989,16.8962],[99.9986,16.8967],[99.9972,16.8954],[99.9984,16.8984]],[[99.995,16.8976],[99.9953,16.8981],[99.9953,16.8976],[99.995,16.8976]],[[100.0026,16.897],[100.0029,16.8962],[100.002,16.8959],[100.0026,16.8964],[100.0026,16.897]],[[99.9888,16.8957],[99.9891,16.896],[99.989,16.8957],[99.9888,16.8957]],[[99.9944,16.8959],[99.995,16.8957],[99.9941,16.8954],[99.9941,16.8949],[99.9936,16.8949],[99.9933,16.8954],[99.9944,16.8959]],[[100.0028,16.8948],[100.0031,16.8953],[100.0031,16.8948],[100.0028,16.8948]],[[99.9966,16.8948],[99.9972,16.8935],[99.9961,16.8932],[99.9961,16.8946],[99.9966,16.8948]],[[100.0003,16.8932],[100.0006,16.8935],[100.0006,16.8932],[100.0003,16.8932]],[[99.998,16.8927],[99.9983,16.8929],[99.9983,16.8927],[99.998,16.8927]],[[99.9983,16.8924],[99.9989,16.8927],[99.9989,16.8924],[99.9983,16.8924]],[[99.9997,16.8924],[100.0011,16.8907],[100.0023,16.8905],[100.0025,16.8886],[100.002,16.8891],[100.0011,16.8891],[100.0006,16.8886],[99.9991,16.8883],[99.9992,16.8899],[100.0003,16.8899],[100.0003,16.8908],[99.9992,16.891],[99.9992,16.8921],[99.9997,16.8924]],[[99.9944,16.8916],[99.9949,16.8919],[99.9949,16.8916],[99.9944,16.8916]],[[99.9975,16.8919],[99.998,16.8918],[99.998,16.8913],[99.9975,16.8913],[99.9975,16.8919]],[[99.9972,16.8905],[99.9975,16.8908],[99.9975,16.8905],[99.9972,16.8905]],[[99.9969,16.8894],[99.9975,16.8894],[99.9975,16.8886],[99.9969,16.8886],[99.9969,16.8894]],[[100.0,16.8875],[100.0003,16.8878],[100.0003,16.8875],[100.0,16.8875]],[[100.002,16.8864],[100.0022,16.8867],[100.0022,16.8864],[100.002,16.8864]],[[100.0005,16.884],[100.0008,16.8842],[100.0008,16.884],[100.0005,16.884]],[[99.9991,16.8837],[99.9997,16.8837],[99.9997,16.8834],[99.9994,16.8834],[99.9994,16.8832],[99.9991,16.8832],[99.9991,16.8837]],[[99.9988,16.8829],[99.9991,16.8832],[99.9991,16.8829],[99.9988,16.8829]]]}},{"type":"Feature","properties":{"kind":"seasonal","area_km2":2.341,"date":"2026-10-09"},"geometry":{"type":"Polygon","coordinates":[[[99.7958,16.9554],[99.7958,16.954],[99.7952,16.9535],[99.7941,16.9535],[99.7941,16.9527],[99.7949,16.9527],[99.7952,16.9521],[99.7969,16.9527],[99.7969,16.9521],[99.7952,16.9516],[99.7933,16.9521],[99.791,16.9521],[99.791,16.9513],[99.7904,16.9513],[99.7904,16.9521],[99.7899,16.9527],[99.7882,16.9527],[99.7879,16.9511],[99.7873,16.9508],[99.7879,16.9492],[99.787,16.9486],[99.7868,16.9478],[99.7867,16.9454],[99.7887,16.9451],[99.789,16.9456],[99.7898,16.9456],[99.7913,16.9467],[99.7921,16.9462],[99.7921,16.9456],[99.7915,16.9451],[99.7893,16.9451],[99.789,16.9446],[99.7862,16.9446],[99.7862,16.9424],[99.794,16.9407],[99.7929,16.9405],[99.7929,16.9391],[99.7921,16.9391],[99.7921,16.9405],[99.7909,16.9405],[99.7895,16.9397],[99.7887,16.9399],[99.7887,16.9405],[99.7873,16.9418],[99.7856,16.9419],[99.7859,16.9397],[99.7887,16.9397],[99.7884,16.9389],[99.7859,16.9389],[99.7861,16.9353],[99.7892,16.9351],[99.7898,16.9361],[99.7904,16.9361],[99.7904,16.9372],[99.7915,16.937],[99.7915,16.9378],[99.7923,16.9375],[99.7921,16.9361],[99.7912,16.9359],[99.7912,16.9348],[99.7904,16.9348],[99.7909,16.9326],[99.7923,16.9326],[99.7926,16.934],[99.7932,16.9342],[99.7937,16.9337],[99.7946,16.9337],[99.7957,16.934],[99.7966,16.9348],[99.7966,16.9358],[99.796,16.9361],[99.7946,16.9361],[99.7949,16.9356],[99.7943,16.9348],[99.7935,16.9359],[99.7935,16.9367],[99.7943,16.9367],[99.7943,16.9375],[99.7935,16.9378],[99.7935,16.9386],[99.7949,16.9391],[99.7946,16.9405],[99.7955,16.9407],[99.7957,16.9421],[99.7972,16.9424],[99.7972,16.9418],[99.7966,16.9418],[99.7966,16.941],[99.7974,16.9394],[99.7974,16.938],[99.798,16.9375],[99.7991,16.9375],[99.7994,16.9364],[99.8014,16.9366],[99.8014,16.9375],[99.8002,16.938],[99.8002,16.9391],[99.7991,16.9391],[99.7988,16.9396],[99.7988,16.9418],[99.7977,16.9432],[99.798,16.9459],[99.796,16.9459],[99.796,16.9464],[99.7983,16.9464],[99.7983,16.9486],[99.7969,16.9491],[99.7966,16.9499],[99.7972,16.9499],[99.7975,16.9494],[99.7989,16.9494],[99.7992,16.9499],[99.7994,16.9491],[99.8008,16.9488],[99.8006,16.9505],[99.8017,16.9507],[99.8017,16.9518],[99.8006,16.9518],[99.8006,16.9524],[99.8025,16.9521],[99.8025,16.951],[99.802,16.951],[99.802,16.9505],[99.8014,16.9502],[99.8017,16.9488],[99.8039,16.9494],[99.8048,16.9502],[99.8048,16.951],[99.8034,16.9513],[99.8037,16.9524],[99.8028,16.9524],[99.8028,16.9532],[99.7986,16.9532],[99.7986,16.9521],[99.798,16.9521],[99.798,16.9535],[99.7966,16.9537],[99.7966,16.9543],[99.7995,16.9543],[99.7997,16.9551],[99.7958,16.9554]],[[99.7975,16.9524],[99.7978,16.9527],[99.7978,16.9524],[99.7975,16.9524]],[[99.7989,16.9524],[99.7992,16.9527],[99.7992,16.9524],[99.7989,16.9524]],[[99.7992,16.9524],[99.7997,16.9524],[99.7997,16.9513],[99.7992,16.9516],[99.7992,16.9524]],[[99.7972,16.9516],[99.7975,16.9518],[99.7975,16.9516],[99.7972,16.9516]],[[99.7904,16.9505],[99.7916,16.9505],[99.7916,16.9502],[99.7901,16.9497],[99.7904,16.9505]],[[99.7949,16.95],[99.7958,16.95],[99.7958,16.9494],[99.7946,16.9494],[99.7949,16.95]],[[99.7935,16.9445],[99.7941,16.9445],[99.7941,16.9437],[99.7935,16.9437],[99.7935,16.9445]],[[99.7898,16.9429],[99.7901,16.9435],[99.7901,16.9429],[99.7898,16.9429]],[[99.7991,16.938],[99.7997,16.938],[99.7997,16.9375],[99.7991,16.9375],[99.7991,16.938]],[[99.7887,16.9375],[99.7895,16.937],[99.7895,16.9364],[99.7884,16.9367],[99.7887,16.9375]],[[99.7932,16.9372],[99.7935,16.9375],[99.7935,16.9372],[99.7932,16.9372]],[[99.7921,16.9353],[99.7923,16.9356],[99.7923,16.9353],[99.7921,16.9353]],[[99.7926,16.9353],[99.7929,16.9356],[99.7929,16.9353],[99.7926,16.9353]],[[99.7923,16.9351],[99.7926,16.9353],[99.7926,16.935],[99.7923,16.9351]]]}},{"type":"Feature","properties":{"kind":"seasonal","area_km2":1.798,"date":"2026-10-09"},"geometry":{"type":"Polygon","coordinates":[[[99.8162,16.913],[99.8162,16.9116],[99.817,16.9116],[99.8176,16.9092],[99.819,16.9092],[99.819,16.9076],[99.8179,16.907],[99.8181,16.9059],[99.8195,16.9059],[99.8201,16.9065],[99.8201,16.9078],[99.8207,16.9078],[99.8207,16.907],[99.8229,16.9073],[99.8229,16.9065],[99.8224,16.9065],[99.8209,16.9051],[99.8181,16.9054],[99.8178,16.9038],[99.8192,16.9035],[99.8207,16.904],[99.8209,16.9032],[99.8218,16.9032],[99.8226,16.9043],[99.8229,16.9035],[99.8226,16.9027],[99.8198,16.9027],[99.8192,16.9019],[99.8175,16.9021],[99.817,16.9013],[99.8153,16.9013],[99.815,16.9019],[99.8142,16.9019],[99.8142,16.9005],[99.815,16.9005],[99.8158,16.8997],[99.815,16.8994],[99.815,16.8986],[99.8156,16.8986],[99.8156,16.8981],[99.8164,16.8981],[99.8192,16.8986],[99.8195,16.8991],[99.8215,16.8989],[99.8218,16.8994],[99.8223,16.8991],[99.822,16.8981],[99.8229,16.8964],[99.8237,16.8964],[99.824,16.8959],[99.8257,16.8961],[99.8251,16.8999],[99.8246,16.8999],[99.8235,16.901],[99.8235,16.9016],[99.824,16.9018],[99.8249,16.9008],[99.8257,16.9008],[99.826,16.9016],[99.8271,16.9021],[99.828,16.9035],[99.8285,16.9035],[99.8285,16.9026],[99.8274,16.9021],[99.8271,16.9013],[99.8263,16.9007],[99.8257,16.8983],[99.8274,16.8983],[99.8274,16.8991],[99.828,16.8991],[99.8279,16.8969],[99.8299,16.8972],[99.8302,16.8983],[99.8294,16.8988],[99.8294,16.8994],[99.828,16.8994],[99.828,16.9002],[99.8291,16.901],[99.8291,16.9024],[99.8302,16.9024],[99.8322,16.9032],[99.8322,16.9018],[99.8333,16.9018],[99.8342,16.9026],[99.8345,16.9037],[99.835,16.9037],[99.8345,16.9053],[99.8339,16.9053],[99.8331,16.9064],[99.8297,16.9053],[99.8302,16.907],[99.8291,16.9078],[99.8266,16.9083],[99.8263,16.9094],[99.8229,16.91],[99.8229,16.9108],[99.8215,16.9111],[99.8221,16.9116],[99.8221,16.9127],[99.821,16.9127],[99.8207,16.9122],[99.8201,16.9122],[99.8198,16.9111],[99.8193,16.9108],[99.819,16.9127],[99.8162,16.913]],[[99.8207,16.91],[99.8215,16.9103],[99.8212,16.9089],[99.8207,16.9089],[99.8207,16.91]],[[99.8252,16.9067],[99.8257,16.9067],[99.8257,16.9062],[99.8246,16.9054],[99.8246,16.9043],[99.824,16.9043],[99.824,16.9054],[99.8252,16.9067]],[[99.8288,16.9048],[99.8294,16.9053],[99.8294,16.9048],[99.8288,16.9048]],[[99.8198,16.9016],[99.8201,16.9021],[99.8201,16.9016],[99.8198,16.9016]],[[99.8204,16.9013],[99.8206,16.9019],[99.8206,16.9013],[99.8204,16.9013]],[[99.8198,16.901],[99.8201,16.9013],[99.8201,16.901],[99.8198,16.901]],[[99.8263,16.8999],[99.8266,16.9002],[99.8266,16.8999],[99.8263,16.8999]]]}},{"type":"Feature","properties":{"kind":"seasonal","area_km2":1.756,"date":"2026-10-09"},"geometry":{"type":"Polygon","coordinates":[[[99.8582,16.9123],[99.8576,16.9115],[99.8551,16.9117],[99.8545,16.9099],[99.8545,16.912],[99.8536,16.912],[99.8528,16.9104],[99.8525,16.9115],[99.8514,16.9118],[99.8511,16.9096],[99.8505,16.9096],[99.8505,16.9101],[99.8491,16.9101],[99.8486,16.9091],[99.8466,16.9091],[99.8463,16.9072],[99.848,16.908],[99.8497,16.9072],[99.8508,16.9072],[99.8522,16.908],[99.8533,16.908],[99.8542,16.909],[99.857,16.909],[99.8576,16.9096],[99.859,16.9093],[99.8595,16.9087],[99.8607,16.9087],[99.861,16.9079],[99.8621,16.9079],[99.8626,16.9074],[99.8626,16.9063],[99.8635,16.906],[99.8632,16.9039],[99.8637,16.9036],[99.8637,16.9028],[99.8623,16.9039],[99.8612,16.9039],[99.8612,16.906],[99.857,16.9052],[99.8556,16.9044],[99.8556,16.9028],[99.8578,16.902],[99.8581,16.9001],[99.8589,16.8995],[99.8601,16.8995],[99.8606,16.9017],[99.8618,16.9014],[99.8632,16.9001],[99.8646,16.9],[99.8646,16.9006],[99.8654,16.9006],[99.8654,16.9017],[99.8671,16.9014],[99.8677,16.9019],[99.8677,16.9044],[99.8683,16.9044],[99.8685,16.9057],[99.8691,16.9057],[99.8691,16.9052],[99.8697,16.9049],[99.8699,16.903],[99.8714,16.9033],[99.8714,16.9054],[99.8719,16.9057],[99.8753,16.9049],[99.8753,16.9035],[99.8773,16.9038],[99.8773,16.9049],[99.8767,16.9057],[99.8759,16.9057],[99.8759,16.9065],[99.8747,16.9062],[99.8739,16.9068],[99.8742,16.9081],[99.8728,16.9095],[99.8719,16.9095],[99.8719,16.9084],[99.8725,16.9084],[99.8719,16.9073],[99.8697,16.9071],[99.8697,16.9084],[99.8686,16.9084],[99.8686,16.909],[99.8697,16.909],[99.8697,16.9103],[99.8683,16.9117],[99.866,16.9117],[99.8655,16.9112],[99.8649,16.9112],[99.8646,16.9117],[99.8618,16.9117],[99.8621,16.9098],[99.8618,16.909],[99.8612,16.9096],[99.8612,16.9104],[99.8601,16.9101],[99.8598,16.9106],[99.8593,16.9106],[99.8596,16.9117],[99.859,16.9123],[99.8582,16.9123]],[[99.8582,16.9117],[99.8584,16.912],[99.8584,16.9117],[99.8582,16.9117]],[[99.8635,16.9101],[99.8646,16.9098],[99.8638,16.909],[99.8638,16.9082],[99.8632,16.9082],[99.8635,16.9101]],[[99.864,16.9044],[99.8649,16.9071],[99.8652,16.9041],[99.864,16.9044]],[[99.8669,16.9063],[99.8674,16.9063],[99.8674,16.9057],[99.8669,16.9057],[99.8669,16.9063]],[[99.8753,16.9052],[99.8756,16.9054],[99.8756,16.9052],[99.8753,16.9052]],[[99.8646,16.9033],[99.8652,16.9033],[99.8652,16.9022],[99.8643,16.9025],[99.8646,16.9033]],[[99.8595,16.902],[99.8598,16.9022],[99.8598,16.902],[99.8595,16.902]]]}},{"type":"Feature","properties":{"kind":"seasonal","area_km2":1.645,"date":"2026-10-09"},"geometry":{"type":"Polygon","coordinates":[[[99.9691,16.9121],[99.9688,16.9099],[99.9683,16.9099],[99.9683,16.9107],[99.9674,16.9107],[99.9674,16.9096],[99.9672,16.9104],[99.9663,16.9104],[99.9652,16.9085],[99.9632,16.9077],[99.9632,16.9039],[99.9649,16.9037],[99.9649,16.9031],[99.966,16.9026],[99.9665,16.9018],[99.9671,16.9018],[99.9677,16.9037],[99.9688,16.9034],[99.9677,16.9028],[99.9677,16.9012],[99.968,16.9007],[99.9694,16.9009],[99.9696,16.8982],[99.9713,16.8982],[99.9716,16.899],[99.9727,16.8996],[99.975,16.8996],[99.9758,16.8985],[99.9767,16.8985],[99.9772,16.8993],[99.9775,16.8987],[99.9786,16.8987],[99.9792,16.8993],[99.9798,16.8987],[99.9809,16.8987],[99.9812,16.8976],[99.982,16.8968],[99.9831,16.8968],[99.9834,16.8979],[99.9843,16.8979],[99.9843,16.9006],[99.9829,16.9011],[99.9829,16.9028],[99.9818,16.9028],[99.9818,16.9014],[99.9801,16.9014],[99.9795,16.9003],[99.9778,16.9001],[99.9781,16.9017],[99.9759,16.9036],[99.9761,16.905],[99.9753,16.9055],[99.9747,16.9066],[99.9736,16.9109],[99.9725,16.9118],[99.9691,16.9121]],[[99.9697,16.9102],[99.97,16.9104],[99.97,16.9102],[99.9697,16.9102]],[[99.97,16.9099],[99.9719,16.9101],[99.9725,16.9096],[99.9725,16.9088],[99.9719,16.9088],[99.9716,16.908],[99.9708,16.908],[99.9708,16.9091],[99.97,16.9093],[99.97,16.9099]],[[99.9674,16.9085],[99.9677,16.9088],[99.9677,16.9085],[99.9674,16.9085]],[[99.9671,16.9083],[99.9674,16.9085],[99.9674,16.9083],[99.9671,16.9083]],[[99.9646,16.9056],[99.9649,16.9058],[99.9649,16.9056],[99.9646,16.9056]],[[99.9733,16.9055],[99.9739,16.9055],[99.9736,16.9047],[99.973,16.905],[99.9733,16.9055]],[[99.9635,16.9042],[99.9637,16.9045],[99.9637,16.9042],[99.9635,16.9042]],[[99.9719,16.9039],[99.9722,16.9042],[99.9722,16.9039],[99.9719,16.9039]],[[99.9739,16.9042],[99.9747,16.9039],[99.9742,16.9031],[99.9736,16.9031],[99.9739,16.9042]],[[99.9733,16.9023],[99.9739,16.9023],[99.9739,16.902],[99.9733,16.9017],[99.9733,16.9023]],[[99.9778,16.8993],[99.9781,16.8998],[99.9781,16.8993],[99.9778,16.8993]],[[99.982,16.8987],[99.9823,16.8992],[99.9823,16.8987],[99.982,16.8987]],[[99.982,16.8982],[99.9826,16.8987],[99.9826,16.8982],[99.982,16.8982]]]}},{"type":"Feature","properties":{"kind":"seasonal","area_km2":1.622,"date":"2026-10-09"},"geometry":{"type":"Polygon","coordinates":[[[99.799,16.9722],[99.7987,16.9716],[99.7976,16.9716],[99.7973,16.9706],[99.7961,16.9706],[99.7959,16.9716],[99.7942,16.9717],[99.7936,16.9711],[99.7922,16.9708],[99.7916,16.9708],[99.7914,16.9717],[99.79,16.9717],[99.79,16.9711],[99.7888,16.9711],[99.7888,16.9671],[99.7894,16.9668],[99.7894,16.9649],[99.7899,16.9646],[99.7899,16.9641],[99.7888,16.9641],[99.7885,16.96],[99.7899,16.9597],[99.7899,16.9605],[99.7905,16.9608],[99.7905,16.9589],[99.7913,16.9576],[99.7938,16.9584],[99.7936,16.9605],[99.7927,16.9614],[99.791,16.9608],[99.791,16.9614],[99.7919,16.9616],[99.7916,16.9635],[99.7919,16.963],[99.7933,16.963],[99.7933,16.9635],[99.7939,16.9635],[99.7939,16.9613],[99.7947,16.9603],[99.7972,16.9603],[99.7972,16.9597],[99.7941,16.9594],[99.7944,16.9584],[99.7981,16.9583],[99.7984,16.9646],[99.7981,16.9654],[99.7973,16.9654],[99.7973,16.9649],[99.7967,16.9649],[99.7964,16.9662],[99.7978,16.9662],[99.7978,16.9657],[99.7984,16.9657],[99.7989,16.9646],[99.7989,16.9586],[99.8003,16.9589],[99.8001,16.9621],[99.8003,16.9627],[99.8009,16.9627],[99.8009,16.9635],[99.8026,16.9629],[99.8029,16.9646],[99.8023,16.9646],[99.802,16.9651],[99.8029,16.9657],[99.8029,16.9681],[99.8015,16.9686],[99.8015,16.9692],[99.8001,16.9692],[99.8001,16.9686],[99.7987,16.9689],[99.7984,16.9678],[99.7975,16.9678],[99.7978,16.97],[99.7984,16.97],[99.7987,16.9692],[99.7995,16.9692],[99.7995,16.97],[99.8018,16.97],[99.8018,16.9719],[99.799,16.9722]],[[99.7925,16.9703],[99.793,16.9703],[99.7928,16.9692],[99.7922,16.9698],[99.7925,16.9703]],[[99.7942,16.9695],[99.795,16.9695],[99.795,16.9684],[99.7956,16.9684],[99.7956,16.9662],[99.7942,16.9662],[99.7942,16.9684],[99.7933,16.9684],[99.7933,16.9662],[99.7925,16.9668],[99.7902,16.9671],[99.7905,16.9681],[99.7911,16.9681],[99.7911,16.9673],[99.7922,16.9673],[99.7922,16.9687],[99.7939,16.9689],[99.7942,16.9695]],[[99.7927,16.9646],[99.793,16.9651],[99.7933,16.9646],[99.7927,16.9646]]]}},{"type":"Feature","properties":{"kind":"seasonal","area_km2":1.572,"date":"2026-10-09"},"geometry":{"type":"Polygon","coordinates":[[[99.9476,16.9338],[99.9456,16.9328],[99.9439,16.9328],[99.9433,16.9317],[99.9425,16.9312],[99.9419,16.9312],[99.9416,16.9317],[99.9385,16.9314],[99.9382,16.9298],[99.9408,16.929],[99.9408,16.9285],[99.9399,16.9285],[99.9396,16.9274],[99.9394,16.9282],[99.9377,16.9282],[99.9371,16.9274],[99.9374,16.9247],[99.9382,16.9247],[99.9382,16.9255],[99.9391,16.9252],[99.9391,16.9247],[99.9399,16.9252],[99.9399,16.9257],[99.9385,16.926],[99.9385,16.9266],[99.9402,16.9263],[99.9402,16.9255],[99.9408,16.9255],[99.941,16.9247],[99.9388,16.9236],[99.939,16.922],[99.9382,16.9217],[99.9368,16.919],[99.9368,16.9171],[99.9376,16.9171],[99.9382,16.9179],[99.9387,16.9179],[99.939,16.919],[99.939,16.9176],[99.9402,16.9176],[99.9401,16.9165],[99.9413,16.9154],[99.9413,16.9138],[99.9418,16.9138],[99.9418,16.9133],[99.9441,16.9135],[99.9449,16.9143],[99.9455,16.9143],[99.9455,16.9149],[99.9475,16.9149],[99.9475,16.916],[99.9449,16.916],[99.9427,16.9181],[99.9424,16.9192],[99.9435,16.9195],[99.9435,16.9179],[99.9441,16.9173],[99.9452,16.9176],[99.9452,16.9189],[99.9444,16.9195],[99.9444,16.9206],[99.9452,16.9211],[99.9455,16.9219],[99.9444,16.9233],[99.9424,16.9236],[99.9419,16.9238],[99.9419,16.9244],[99.9441,16.9241],[99.945,16.9249],[99.9484,16.9249],[99.9489,16.9254],[99.9489,16.9262],[99.9478,16.9265],[99.9481,16.9271],[99.9458,16.9276],[99.9458,16.9284],[99.947,16.9287],[99.9478,16.9276],[99.9487,16.9276],[99.9487,16.9284],[99.9503,16.9281],[99.9512,16.9292],[99.9523,16.9292],[99.9523,16.93],[99.949,16.9317],[99.9481,16.9317],[99.947,16.9298],[99.9467,16.9303],[99.9456,16.9306],[99.9442,16.9303],[99.9439,16.9314],[99.9447,16.9317],[99.9453,16.9314],[99.9453,16.9309],[99.947,16.9306],[99.9475,16.9325],[99.9487,16.9328],[99.9487,16.9338],[99.9476,16.9338]],[[99.9422,16.9303],[99.9444,16.9293],[99.9458,16.9292],[99.9458,16.9284],[99.9447,16.9284],[99.9447,16.9279],[99.9436,16.9282],[99.9422,16.9293],[99.9422,16.9303]],[[99.943,16.9301],[99.9433,16.9303],[99.9433,16.9301],[99.943,16.9301]],[[99.9419,16.9279],[99.9436,16.9271],[99.943,16.926],[99.9419,16.9263],[99.9419,16.9279]],[[99.9407,16.9241],[99.941,16.9244],[99.941,16.9241],[99.9407,16.9241]],[[99.9405,16.9238],[99.9407,16.9241],[99.9407,16.9238],[99.9405,16.9238]],[[99.9393,16.9225],[99.9416,16.9217],[99.9419,16.9211],[99.941,16.9206],[99.941,16.9211],[99.9404,16.9211],[99.9393,16.9225]]]}},{"type":"Feature","properties":{"kind":"seasonal","area_km2":1.567,"date":"2026-10-09"},"geometry":{"type":"Polygon","coordinates":[[[99.8661,16.8624],[99.8658,16.8618],[99.8647,16.8615],[99.8641,16.8605],[99.8638,16.8578],[99.8658,16.858],[99.8658,16.8567],[99.8669,16.8561],[99.8678,16.8561],[99.8678,16.8569],[99.8683,16.8569],[99.868,16.8558],[99.8686,16.8556],[99.8686,16.855],[99.87,16.8553],[99.8703,16.8547],[99.872,16.8547],[99.8725,16.8555],[99.8745,16.8555],[99.8748,16.8561],[99.8771,16.8569],[99.8756,16.8542],[99.8742,16.8545],[99.8739,16.8539],[99.8717,16.8537],[99.8717,16.8542],[99.8697,16.8542],[99.8694,16.8547],[99.8686,16.8547],[99.8689,16.8531],[99.8672,16.8531],[99.8666,16.8523],[99.8666,16.8515],[99.8672,16.8512],[99.8694,16.8512],[99.8694,16.848],[99.8705,16.8482],[99.8705,16.8477],[99.87,16.8474],[99.87,16.8458],[99.8705,16.8458],[99.8711,16.845],[99.8719,16.845],[99.8722,16.8463],[99.8739,16.8482],[99.8742,16.8493],[99.8759,16.8501],[99.8765,16.8509],[99.8773,16.8509],[99.8787,16.8525],[99.8796,16.8528],[99.8796,16.8533],[99.8807,16.8533],[99.8807,16.8539],[99.8815,16.8547],[99.8824,16.8547],[99.8838,16.856],[99.8838,16.8569],[99.8821,16.8571],[99.8816,16.8563],[99.8801,16.8561],[99.8802,16.8569],[99.881,16.8571],[99.881,16.8582],[99.8802,16.859],[99.8785,16.8596],[99.8782,16.8601],[99.8768,16.8601],[99.8771,16.8585],[99.8765,16.8582],[99.8742,16.8588],[99.8723,16.8607],[99.8714,16.8607],[99.8714,16.8596],[99.872,16.8593],[99.8717,16.8588],[99.8695,16.8588],[99.8692,16.8599],[99.8669,16.8604],[99.8672,16.8618],[99.8669,16.8623],[99.8661,16.8624]],[[99.8655,16.8596],[99.8669,16.8596],[99.8669,16.8591],[99.8655,16.8588],[99.8655,16.8596]],[[99.8723,16.8585],[99.8731,16.8588],[99.8731,16.8585],[99.8723,16.8585]],[[99.8745,16.8577],[99.8751,16.8577],[99.8751,16.8572],[99.8745,16.8572],[99.8745,16.8577]],[[99.8785,16.8574],[99.879,16.8574],[99.8793,16.8563],[99.8793,16.8558],[99.8787,16.8555],[99.8782,16.8555],[99.8785,16.8574]],[[99.8793,16.8542],[99.8796,16.8547],[99.8799,16.8542],[99.8793,16.8542]],[[99.8708,16.8534],[99.8714,16.8534],[99.8714,16.8523],[99.8706,16.8526],[99.8708,16.8534]],[[99.8725,16.8526],[99.8731,16.8523],[99.8731,16.8515],[99.8722,16.8517],[99.8725,16.8526]],[[99.8705,16.8509],[99.8711,16.8509],[99.8711,16.8507],[99.8705,16.8504],[99.8705,16.8509]],[[99.872,16.8499],[99.8725,16.8499],[99.8728,16.8493],[99.8719,16.8493],[99.872,16.8499]]]}},{"type":"Feature","properties":{"kind":"seasonal","area_km2":1.54,"date":"2026-10-09"},"geometry":{"type":"Polygon","coordinates":[[[99.7826,16.9722],[99.7826,16.9714],[99.7801,16.9714],[99.7801,16.9706],[99.7809,16.9703],[99.7804,16.9682],[99.7818,16.9684],[99.7826,16.966],[99.7798,16.9657],[99.7795,16.9636],[99.7786,16.9636],[99.7781,16.9622],[99.7772,16.9617],[99.7775,16.9584],[99.7795,16.9581],[99.7795,16.9576],[99.7778,16.9573],[99.7775,16.9538],[99.7778,16.9527],[99.7786,16.9527],[99.7786,16.9514],[99.7792,16.9514],[99.7797,16.9503],[99.7823,16.9503],[99.7828,16.9505],[99.7828,16.9514],[99.7834,16.9514],[99.7837,16.9503],[99.7854,16.95],[99.7854,16.9513],[99.7845,16.9516],[99.7848,16.9532],[99.7842,16.9535],[99.7842,16.9546],[99.7854,16.9551],[99.7859,16.956],[99.7868,16.956],[99.7868,16.9592],[99.7862,16.9595],[99.7868,16.9595],[99.7865,16.96],[99.7874,16.96],[99.7874,16.9622],[99.7868,16.9633],[99.7877,16.9635],[99.7877,16.9649],[99.7837,16.9649],[99.7832,16.966],[99.7837,16.966],[99.784,16.9668],[99.784,16.9692],[99.7871,16.9695],[99.7874,16.9711],[99.7869,16.9717],[99.784,16.9717],[99.7838,16.9722],[99.7826,16.9722]],[[99.7826,16.9714],[99.7832,16.9714],[99.7829,16.9703],[99.784,16.9701],[99.7818,16.9701],[99.7818,16.9706],[99.7826,16.9706],[99.7826,16.9714]],[[99.7795,16.9636],[99.7815,16.9636],[99.7817,16.9625],[99.7817,16.9603],[99.7829,16.9592],[99.7823,16.959],[99.782,16.9579],[99.7814,16.9581],[99.7809,16.9622],[99.7795,16.9628],[99.7795,16.9636]],[[99.784,16.9608],[99.7843,16.9611],[99.7843,16.9608],[99.784,16.9608]],[[99.7837,16.9592],[99.7851,16.9592],[99.7851,16.9584],[99.7837,16.9584],[99.7837,16.9592]],[[99.7806,16.9568],[99.7817,16.9565],[99.782,16.9557],[99.7831,16.956],[99.7834,16.9554],[99.782,16.9541],[99.782,16.9533],[99.7811,16.953],[99.7811,16.9524],[99.7803,16.9525],[99.7803,16.9533],[99.7811,16.9533],[99.7817,16.9538],[99.7817,16.9549],[99.7803,16.9546],[99.7806,16.9568]],[[99.7792,16.9549],[99.7795,16.9552],[99.7795,16.9549],[99.7792,16.9549]]]}},{"type":"Feature","properties":{"kind":"seasonal","area_km2":1.519,"date":"2026-10-09"},"geometry":{"type":"Polygon","coordinates":[[[99.8803,16.8859],[99.8803,16.8851],[99.8794,16.8843],[99.8775,16.8845],[99.8777,16.8832],[99.8794,16.8829],[99.8794,16.8824],[99.8775,16.8826],[99.8774,16.8818],[99.8783,16.8818],[99.8786,16.8813],[99.8797,16.881],[99.8817,16.881],[99.8822,16.8799],[99.8817,16.8796],[99.8817,16.8788],[99.8814,16.8794],[99.878,16.8794],[99.8783,16.8783],[99.88,16.8783],[99.88,16.8775],[99.8783,16.8778],[99.8783,16.8764],[99.8774,16.8764],[99.8774,16.8778],[99.8763,16.8778],[99.8766,16.8734],[99.8791,16.8723],[99.8791,16.8715],[99.8785,16.8715],[99.8782,16.8721],[99.8768,16.8721],[99.8766,16.871],[99.8785,16.8707],[99.8785,16.8702],[99.878,16.8699],[99.8782,16.8683],[99.881,16.8683],[99.881,16.8677],[99.8805,16.8677],[99.8805,16.8661],[99.8819,16.8658],[99.8822,16.865],[99.8844,16.8644],[99.8847,16.865],[99.8855,16.865],[99.8855,16.8658],[99.8864,16.8658],[99.8867,16.865],[99.8875,16.865],[99.8875,16.8666],[99.8867,16.8669],[99.887,16.868],[99.8878,16.8685],[99.8878,16.8717],[99.8864,16.872],[99.8861,16.8731],[99.885,16.8731],[99.8842,16.8699],[99.883,16.8693],[99.8822,16.8696],[99.8822,16.8701],[99.8836,16.8704],[99.8842,16.8726],[99.8842,16.875],[99.8847,16.8761],[99.8845,16.8783],[99.885,16.8785],[99.8848,16.8823],[99.8842,16.8826],[99.8837,16.8842],[99.8822,16.884],[99.882,16.8832],[99.882,16.8845],[99.8814,16.8845],[99.8811,16.8859],[99.8803,16.8859]],[[99.8839,16.8791],[99.8842,16.8794],[99.8842,16.8791],[99.8839,16.8791]],[[99.8836,16.8785],[99.8839,16.8788],[99.8839,16.8785],[99.8836,16.8785]],[[99.8825,16.8786],[99.8831,16.8783],[99.8828,16.8777],[99.8822,16.878],[99.8825,16.8786]],[[99.8811,16.8731],[99.8816,16.8729],[99.8816,16.8723],[99.8808,16.8723],[99.8811,16.8731]],[[99.8797,16.8715],[99.8816,16.871],[99.8819,16.8701],[99.8808,16.8702],[99.8808,16.8696],[99.8802,16.8696],[99.8802,16.8707],[99.8797,16.871],[99.8797,16.8715]],[[99.885,16.8685],[99.8853,16.8688],[99.8853,16.8685],[99.885,16.8685]],[[99.8853,16.8682],[99.8856,16.8685],[99.8856,16.8682],[99.8853,16.8682]],[[99.8813,16.8672],[99.885,16.8666],[99.8853,16.8658],[99.8844,16.8658],[99.8836,16.8666],[99.8813,16.8666],[99.8813,16.8672]]]}},{"type":"Feature","properties":{"kind":"seasonal","area_km2":1.409,"date":"2026-10-09"},"geometry":{"type":"Polygon","coordinates":[[[99.9906,16.9285],[99.9906,16.9279],[99.9901,16.928],[99.9898,16.9266],[99.9892,16.9266],[99.9892,16.9271],[99.9867,16.9269],[99.9861,16.928],[99.9853,16.928],[99.985,16.9274],[99.9833,16.9272],[99.9824,16.9261],[99.9824,16.9253],[99.9839,16.9253],[99.9847,16.9266],[99.9853,16.9263],[99.9853,16.9258],[99.9867,16.9258],[99.9867,16.9242],[99.985,16.9234],[99.9852,16.9217],[99.9869,16.9217],[99.9872,16.9231],[99.9895,16.9228],[99.9898,16.9233],[99.9906,16.9233],[99.9917,16.9222],[99.9917,16.9217],[99.994,16.9222],[99.994,16.9214],[99.9945,16.9212],[99.9917,16.9209],[99.9911,16.9182],[99.992,16.9182],[99.9928,16.9195],[99.9945,16.9187],[99.9945,16.9182],[99.9956,16.9182],[99.9956,16.9187],[99.9965,16.919],[99.9968,16.9168],[99.9962,16.9144],[99.9956,16.9144],[99.9956,16.9163],[99.9948,16.9171],[99.9942,16.9171],[99.994,16.9179],[99.9931,16.9179],[99.9931,16.9168],[99.9937,16.9163],[99.9931,16.916],[99.992,16.9168],[99.9911,16.9168],[99.99,16.9152],[99.9903,16.9139],[99.9897,16.9133],[99.986,16.9133],[99.9857,16.9093],[99.986,16.9087],[99.9874,16.9087],[99.9874,16.9074],[99.9891,16.9073],[99.9891,16.9084],[99.9888,16.9084],[99.9888,16.9087],[99.9883,16.9087],[99.9883,16.9093],[99.9871,16.9095],[99.9874,16.9112],[99.9872,16.9122],[99.9886,16.9122],[99.9888,16.9111],[99.9897,16.9111],[99.9897,16.9122],[99.992,16.9122],[99.9922,16.9111],[99.9914,16.9109],[99.9914,16.91],[99.9922,16.91],[99.9925,16.9109],[99.995,16.9106],[99.995,16.9114],[99.9965,16.9117],[99.9965,16.9127],[99.9976,16.9138],[99.9976,16.9149],[99.9984,16.9152],[99.9979,16.9168],[99.999,16.9179],[99.9988,16.9198],[100.0004,16.9198],[100.0004,16.9206],[99.999,16.9209],[99.999,16.9219],[99.9985,16.9219],[99.9982,16.923],[99.9971,16.9233],[99.9962,16.9241],[99.9954,16.9241],[99.9951,16.923],[99.9945,16.923],[99.9943,16.9236],[99.992,16.9236],[99.9915,16.9241],[99.9917,16.925],[99.9923,16.9247],[99.992,16.9271],[99.9909,16.9271],[99.9909,16.9277],[99.992,16.9277],[99.992,16.9285],[99.9906,16.9285]],[[99.9858,16.9272],[99.9861,16.9274],[99.9861,16.9272],[99.9858,16.9272]],[[99.9878,16.9244],[99.9881,16.9247],[99.9881,16.9244],[99.9878,16.9244]],[[99.9954,16.9203],[99.9957,16.9195],[99.9948,16.919],[99.9948,16.9198],[99.9954,16.9203]],[[99.9914,16.9155],[99.9925,16.9149],[99.992,16.9136],[99.9908,16.9141],[99.9908,16.9149],[99.9914,16.9155]],[[99.9934,16.9138],[99.9945,16.9133],[99.9945,16.9125],[99.9934,16.9122],[99.9934,16.9125],[99.9931,16.9125],[99.9928,16.9128],[99.9934,16.9138]],[[99.9869,16.9128],[99.9872,16.9131],[99.9872,16.9128],[99.9869,16.9128]],[[99.9928,16.9122],[99.9931,16.9125],[99.9931,16.9122],[99.9928,16.9122]],[[99.9869,16.9112],[99.9872,16.9114],[99.9872,16.9112],[99.9869,16.9112]],[[99.9863,16.9109],[99.9866,16.9112],[99.9866,16.9109],[99.9863,16.9109]],[[99.9886,16.9082],[99.9888,16.9084],[99.9888,16.9082],[99.9886,16.9082]]]}},{"type":"Feature","properties":{"kind":"seasonal","area_km2":1.39,"date":"2026-10-09"},"geometry":{"type":"Polygon","coordinates":[[[99.8714,16.903],[99.8711,16.9025],[99.8702,16.9025],[99.8697,16.9017],[99.8691,16.9019],[99.8685,16.9014],[99.8682,16.8979],[99.8699,16.8979],[99.8696,16.8951],[99.8679,16.8949],[99.8688,16.8952],[99.8691,16.897],[99.8677,16.8971],[99.8671,16.8976],[99.8651,16.8973],[99.8651,16.8981],[99.8643,16.899],[99.8634,16.899],[99.8629,16.8982],[99.8626,16.896],[99.864,16.8954],[99.8651,16.8944],[99.8662,16.8943],[99.8668,16.8933],[99.8648,16.8933],[99.8643,16.8938],[99.8634,16.8938],[99.8631,16.8946],[99.8623,16.8946],[99.8623,16.8941],[99.8617,16.8938],[99.8617,16.8927],[99.8612,16.8922],[99.8612,16.8911],[99.8606,16.8908],[99.8606,16.89],[99.8614,16.89],[99.862,16.8908],[99.8634,16.8911],[99.8637,16.8884],[99.8654,16.8887],[99.8659,16.8878],[99.8659,16.8851],[99.8668,16.8851],[99.8668,16.8862],[99.8673,16.8865],[99.8673,16.8884],[99.8679,16.8886],[99.8679,16.8895],[99.8671,16.8895],[99.8668,16.8903],[99.8693,16.89],[99.8699,16.8911],[99.871,16.8913],[99.8713,16.8935],[99.8716,16.893],[99.8724,16.893],[99.8736,16.8921],[99.8735,16.8905],[99.875,16.8905],[99.8752,16.8927],[99.8741,16.8935],[99.8739,16.8957],[99.8741,16.8962],[99.8747,16.8962],[99.875,16.8946],[99.8758,16.8946],[99.8758,16.8957],[99.8778,16.8962],[99.8778,16.8973],[99.8767,16.8973],[99.875,16.8992],[99.8739,16.8992],[99.8736,16.8984],[99.8725,16.8976],[99.8719,16.8976],[99.8716,16.8984],[99.871,16.8984],[99.8708,16.8995],[99.8699,16.9],[99.8699,16.9008],[99.8705,16.9008],[99.8708,16.9],[99.8719,16.8992],[99.873,16.8992],[99.8739,16.9003],[99.8758,16.9003],[99.8759,16.9014],[99.875,16.9022],[99.8742,16.9022],[99.873,16.903],[99.8714,16.903]],[[99.8702,16.8979],[99.8708,16.8981],[99.8708,16.8979],[99.8702,16.8979]],[[99.871,16.8954],[99.8716,16.8954],[99.8716,16.8949],[99.871,16.8949],[99.871,16.8954]],[[99.8671,16.8946],[99.8674,16.8949],[99.8674,16.8946],[99.8671,16.8946]],[[99.873,16.8938],[99.8733,16.8943],[99.8733,16.8938],[99.873,16.8938]],[[99.8674,16.893],[99.8696,16.8932],[99.8693,16.8916],[99.8676,16.8919],[99.8665,16.8911],[99.8665,16.8906],[99.8657,16.8908],[99.8659,16.8919],[99.8668,16.8919],[99.8674,16.893]],[[99.8637,16.8927],[99.864,16.893],[99.864,16.8927],[99.8637,16.8927]]]}},{"type":"Feature","properties":{"kind":"seasonal","area_km2":1.381,"date":"2026-10-09"},"geometry":{"type":"Polygon","coordinates":[[[99.2693,16.221],[99.2693,16.2194],[99.2682,16.2191],[99.2687,16.218],[99.2698,16.218],[99.2687,16.2137],[99.271,16.2129],[99.2707,16.2123],[99.2696,16.2126],[99.2696,16.212],[99.2679,16.2123],[99.2682,16.2107],[99.2676,16.2107],[99.2676,16.2093],[99.2684,16.2093],[99.2684,16.2099],[99.2696,16.2101],[99.2693,16.2091],[99.2687,16.2091],[99.2687,16.208],[99.2698,16.2077],[99.2701,16.2069],[99.2712,16.2069],[99.2718,16.2074],[99.2718,16.2085],[99.2732,16.2082],[99.2732,16.2091],[99.2738,16.2091],[99.2738,16.2096],[99.276,16.2093],[99.2766,16.2096],[99.2766,16.2107],[99.2769,16.2099],[99.278,16.2101],[99.2777,16.2091],[99.2771,16.2091],[99.2771,16.2085],[99.2763,16.2082],[99.2766,16.2063],[99.2757,16.2058],[99.2757,16.2053],[99.2768,16.2053],[99.2768,16.2039],[99.2782,16.2039],[99.2782,16.2031],[99.2777,16.2031],[99.2777,16.2015],[99.2788,16.202],[99.2791,16.1996],[99.2802,16.1996],[99.2802,16.2047],[99.2788,16.2055],[99.2788,16.2072],[99.2797,16.2085],[99.2805,16.2085],[99.2805,16.2093],[99.2799,16.2099],[99.2799,16.2109],[99.2794,16.2112],[99.2791,16.2139],[99.2777,16.2153],[99.2766,16.2153],[99.2769,16.2161],[99.2763,16.2164],[99.2755,16.218],[99.2746,16.218],[99.2746,16.2191],[99.2738,16.2191],[99.2738,16.218],[99.2727,16.218],[99.2724,16.2175],[99.2715,16.2188],[99.2715,16.2205],[99.271,16.2205],[99.2707,16.221],[99.2693,16.221]],[[99.2743,16.2145],[99.2749,16.2145],[99.2749,16.2139],[99.2743,16.2139],[99.2743,16.2145]],[[99.2724,16.2134],[99.2726,16.2139],[99.2729,16.2134],[99.2724,16.2134]],[[99.2715,16.2126],[99.2721,16.2126],[99.2724,16.2118],[99.2715,16.2118],[99.2715,16.2126]],[[99.2735,16.2115],[99.274,16.2115],[99.274,16.211],[99.2735,16.211],[99.2735,16.2115]],[[99.2783,16.2112],[99.2785,16.2115],[99.2785,16.2112],[99.2783,16.2112]],[[99.2785,16.2107],[99.2788,16.211],[99.2788,16.2107],[99.2785,16.2107]],[[99.2771,16.2082],[99.2777,16.208],[99.2774,16.2074],[99.2771,16.2074],[99.2771,16.2082]]]}},{"type":"Feature","properties":{"kind":"seasonal","area_km2":1.352,"date":"2026-10-09"},"geometry":{"type":"Polygon","coordinates":[[[99.9513,16.8864],[99.9515,16.8853],[99.9507,16.885],[99.9504,16.8837],[99.9507,16.8801],[99.949,16.8807],[99.949,16.8799],[99.9478,16.8791],[99.9476,16.878],[99.947,16.878],[99.9473,16.8766],[99.9459,16.8764],[99.9453,16.8758],[99.9453,16.8745],[99.947,16.8739],[99.9467,16.875],[99.9475,16.8753],[99.9473,16.8739],[99.9481,16.8739],[99.9487,16.8745],[99.9512,16.8744],[99.9523,16.8734],[99.9537,16.8734],[99.9537,16.8723],[99.9543,16.8723],[99.9546,16.8714],[99.9534,16.8712],[99.9532,16.8701],[99.9523,16.8693],[99.9512,16.8696],[99.9509,16.8685],[99.9509,16.8677],[99.9514,16.8671],[99.9529,16.8668],[99.9554,16.8679],[99.9551,16.8693],[99.9557,16.8695],[99.9557,16.8714],[99.9563,16.8714],[99.9565,16.8701],[99.9591,16.8695],[99.9591,16.8722],[99.9582,16.8733],[99.958,16.8747],[99.9574,16.875],[99.9571,16.8763],[99.956,16.8774],[99.9546,16.8777],[99.9546,16.8763],[99.9537,16.8755],[99.9535,16.8771],[99.9523,16.8772],[99.9523,16.8766],[99.9518,16.8766],[99.9518,16.8777],[99.9495,16.8777],[99.9495,16.8769],[99.9504,16.8769],[99.9504,16.8763],[99.9495,16.8761],[99.9487,16.8769],[99.9487,16.8777],[99.9501,16.8785],[99.9507,16.8799],[99.9532,16.8799],[99.954,16.8807],[99.9552,16.8801],[99.9552,16.8788],[99.9557,16.8785],[99.9557,16.878],[99.9569,16.8779],[99.9569,16.8788],[99.9574,16.879],[99.9571,16.8807],[99.9577,16.882],[99.9583,16.8823],[99.9583,16.8855],[99.9558,16.8861],[99.9546,16.8847],[99.9546,16.8839],[99.9541,16.8839],[99.9538,16.8847],[99.9527,16.8847],[99.9527,16.8853],[99.9535,16.8853],[99.9535,16.8861],[99.9513,16.8864]],[[99.9557,16.8828],[99.956,16.8834],[99.956,16.8828],[99.9557,16.8828]],[[99.9529,16.8747],[99.9532,16.875],[99.9532,16.8747],[99.9529,16.8747]],[[99.9535,16.8747],[99.9537,16.875],[99.9537,16.8747],[99.9535,16.8747]]]}},{"type":"Feature","properties":{"kind":"seasonal","area_km2":1.345,"date":"2026-10-09"},"geometry":{"type":"Polygon","coordinates":[[[99.9358,16.8905],[99.9341,16.8903],[99.9341,16.8894],[99.9347,16.8894],[99.9347,16.8889],[99.9341,16.8889],[99.9335,16.8897],[99.9321,16.8897],[99.9321,16.8892],[99.9304,16.8895],[99.9301,16.8884],[99.9296,16.8884],[99.9296,16.8878],[99.9284,16.8868],[99.9279,16.8868],[99.9279,16.8862],[99.9256,16.8857],[99.9259,16.8841],[99.9276,16.884],[99.9281,16.883],[99.9265,16.8832],[99.9242,16.8827],[99.9239,16.8832],[99.9228,16.8835],[99.9211,16.8833],[99.9217,16.8805],[99.9236,16.8805],[99.9236,16.88],[99.9259,16.88],[99.9267,16.8808],[99.9267,16.8789],[99.9273,16.8786],[99.9273,16.8775],[99.9293,16.8778],[99.9292,16.8773],[99.9284,16.877],[99.9284,16.8762],[99.9298,16.8759],[99.9304,16.8789],[99.9301,16.8794],[99.9284,16.8792],[99.9281,16.8802],[99.9295,16.8805],[99.9295,16.8813],[99.9293,16.8819],[99.9279,16.8816],[99.9279,16.8821],[99.9293,16.8824],[99.9296,16.8832],[99.9315,16.8835],[99.9324,16.8827],[99.9343,16.8829],[99.9343,16.8818],[99.9377,16.8794],[99.9386,16.8794],[99.9388,16.8799],[99.9397,16.8799],[99.94,16.8807],[99.9414,16.881],[99.9414,16.8821],[99.9408,16.8826],[99.9408,16.8834],[99.9403,16.8837],[99.94,16.8853],[99.9386,16.8864],[99.9358,16.8867],[99.9358,16.8905]],[[99.9318,16.8865],[99.9324,16.8862],[99.9321,16.8854],[99.9315,16.8857],[99.9318,16.8865]],[[99.9315,16.8846],[99.9321,16.8846],[99.9321,16.884],[99.9315,16.884],[99.9315,16.8846]],[[99.9403,16.8815],[99.9405,16.8818],[99.9405,16.8815],[99.9403,16.8815]]]}},{"type":"Feature","properties":{"kind":"seasonal","area_km2":1.313,"date":"2026-10-09"},"geometry":{"type":"Polygon","coordinates":[[[99.849,16.8909],[99.8479,16.8898],[99.8468,16.8898],[99.8468,16.8893],[99.8459,16.8893],[99.8459,16.8874],[99.8465,16.8868],[99.8462,16.8844],[99.8468,16.8833],[99.8459,16.8828],[99.8459,16.8809],[99.8453,16.8803],[99.8453,16.8795],[99.8442,16.8787],[99.8445,16.8771],[99.8459,16.8768],[99.8453,16.8768],[99.8453,16.8763],[99.8445,16.8763],[99.8442,16.8776],[99.8431,16.8774],[99.8428,16.8749],[99.8436,16.8749],[99.8439,16.8741],[99.8422,16.8747],[99.8419,16.8738],[99.8411,16.8738],[99.8411,16.873],[99.8419,16.873],[99.8422,16.8722],[99.843,16.8722],[99.8433,16.8717],[99.8433,16.8687],[99.8425,16.8684],[99.8425,16.8673],[99.8433,16.8671],[99.8442,16.8671],[99.8444,16.8698],[99.845,16.8692],[99.845,16.8668],[99.8472,16.8673],[99.847,16.8684],[99.8475,16.8687],[99.8475,16.8695],[99.8484,16.87],[99.8504,16.8741],[99.8504,16.8803],[99.8513,16.8817],[99.8513,16.8828],[99.8499,16.8828],[99.8499,16.8822],[99.8493,16.8819],[99.8493,16.8809],[99.8484,16.8801],[99.8484,16.8782],[99.8476,16.8784],[99.8479,16.8803],[99.8484,16.8806],[99.8484,16.8811],[99.847,16.8814],[99.847,16.882],[99.8482,16.8819],[99.8487,16.8825],[99.8487,16.8833],[99.8476,16.8836],[99.849,16.8836],[99.849,16.8841],[99.8507,16.8847],[99.851,16.8876],[99.8502,16.8876],[99.8493,16.8868],[99.8487,16.8871],[99.8496,16.8882],[99.8507,16.8884],[99.8507,16.8906],[99.849,16.8909]],[[99.8471,16.889],[99.8473,16.8893],[99.8473,16.889],[99.8471,16.889]],[[99.8473,16.8887],[99.8476,16.889],[99.8476,16.8887],[99.8473,16.8887]],[[99.8478,16.8749],[99.8481,16.8752],[99.8481,16.8749],[99.8478,16.8749]],[[99.8462,16.8749],[99.8473,16.8749],[99.8473,16.8741],[99.8484,16.8741],[99.8484,16.8735],[99.8464,16.8736],[99.8459,16.8725],[99.8459,16.8708],[99.8447,16.8706],[99.8445,16.8714],[99.8453,16.8717],[99.8462,16.8749]]]}},{"type":"Feature","properties":{"kind":"seasonal","area_km2":1.254,"date":"2026-10-09"},"geometry":{"type":"Polygon","coordinates":[[[99.992,16.8656],[99.99,16.8653],[99.9894,16.8645],[99.9894,16.8637],[99.9903,16.8634],[99.9903,16.8629],[99.9889,16.8629],[99.9886,16.861],[99.9877,16.8607],[99.9877,16.8613],[99.9869,16.8613],[99.9866,16.8605],[99.9861,16.8607],[99.9861,16.8618],[99.9852,16.8618],[99.9852,16.8632],[99.9847,16.8634],[99.9844,16.8648],[99.9833,16.8648],[99.983,16.864],[99.9813,16.864],[99.9813,16.8635],[99.9807,16.8635],[99.9807,16.8645],[99.9782,16.8646],[99.9782,16.864],[99.9785,16.8635],[99.9796,16.8632],[99.9796,16.8627],[99.9841,16.8618],[99.9841,16.8613],[99.9832,16.8607],[99.9832,16.8599],[99.9838,16.8594],[99.9835,16.8583],[99.9858,16.8586],[99.9863,16.858],[99.986,16.8553],[99.9874,16.8553],[99.9877,16.8564],[99.9877,16.8553],[99.9883,16.8545],[99.9902,16.855],[99.9911,16.8542],[99.9908,16.8528],[99.9922,16.8528],[99.9922,16.8534],[99.9933,16.8534],[99.9933,16.8542],[99.9922,16.8542],[99.9922,16.8547],[99.9936,16.855],[99.9933,16.8561],[99.9945,16.8555],[99.9945,16.8547],[99.9939,16.8547],[99.9939,16.8528],[99.9919,16.8526],[99.9919,16.852],[99.9911,16.8518],[99.9908,16.8496],[99.9922,16.8496],[99.9925,16.8501],[99.9927,16.849],[99.9933,16.8488],[99.9947,16.8488],[99.9953,16.8496],[99.9973,16.8496],[99.9989,16.849],[99.9992,16.8482],[100.0009,16.8482],[100.0009,16.849],[100.0001,16.8493],[100.0001,16.8504],[100.0006,16.8504],[100.0009,16.8493],[100.002,16.8493],[100.0026,16.8501],[100.0026,16.8512],[100.0006,16.8509],[100.0004,16.8514],[99.9992,16.8514],[99.9987,16.8523],[99.9976,16.8523],[99.9976,16.8528],[99.9967,16.8528],[99.9964,16.8506],[99.9959,16.8509],[99.9959,16.8523],[99.995,16.8525],[99.9953,16.8555],[99.9967,16.8555],[99.997,16.8563],[99.9981,16.8563],[99.9979,16.8577],[99.9948,16.8574],[99.9945,16.8569],[99.9934,16.8566],[99.9925,16.8566],[99.9919,16.8574],[99.9908,16.8574],[99.9905,16.8564],[99.99,16.8564],[99.9891,16.8575],[99.9874,16.8577],[99.9874,16.8585],[99.988,16.8585],[99.988,16.8602],[99.9897,16.8599],[99.9894,16.861],[99.9903,16.861],[99.99,16.8599],[99.992,16.8599],[99.9917,16.8615],[99.9925,16.8618],[99.9923,16.8631],[99.9928,16.8634],[99.9931,16.8648],[99.9925,16.8648],[99.992,16.8656]],[[99.9832,16.8634],[99.9838,16.8634],[99.9838,16.8629],[99.9832,16.8629],[99.9832,16.8634]],[[99.9906,16.8629],[99.9911,16.8626],[99.9908,16.8621],[99.9906,16.8621],[99.9906,16.8629]],[[99.9914,16.8621],[99.9917,16.8623],[99.9917,16.8621],[99.9914,16.8621]],[[99.9967,16.8563],[99.997,16.8569],[99.997,16.8563],[99.9967,16.8563]],[[99.9973,16.8566],[99.9976,16.8569],[99.9976,16.8566],[99.9973,16.8566]],[[99.9905,16.8558],[99.9908,16.8561],[99.9908,16.8558],[99.9905,16.8558]],[[99.997,16.8515],[99.9973,16.8517],[99.9973,16.8515],[99.997,16.8515]],[[99.9978,16.8504],[99.9981,16.8509],[99.9984,16.8504],[99.9978,16.8504]]]}},{"type":"Feature","properties":{"kind":"seasonal","area_km2":1.189,"date":"2026-10-09"},"geometry":{"type":"Polygon","coordinates":[[[99.9696,16.8936],[99.9685,16.8931],[99.9685,16.8917],[99.969,16.8917],[99.969,16.8912],[99.9679,16.8909],[99.9679,16.8904],[99.9673,16.8901],[99.967,16.8896],[99.9673,16.8887],[99.9668,16.8877],[99.9659,16.8879],[99.9662,16.8871],[99.9645,16.8874],[99.9645,16.8866],[99.9679,16.886],[99.9682,16.8871],[99.9676,16.8877],[99.9682,16.8885],[99.9696,16.8885],[99.9693,16.8898],[99.9699,16.8898],[99.9699,16.8887],[99.9704,16.8887],[99.9707,16.8882],[99.9701,16.8876],[99.969,16.8879],[99.969,16.8871],[99.9699,16.8868],[99.9698,16.8857],[99.9693,16.8858],[99.9696,16.8844],[99.9656,16.8844],[99.9656,16.8836],[99.9665,16.8828],[99.9679,16.8828],[99.9687,16.8833],[99.969,16.8822],[99.9684,16.8798],[99.9678,16.8798],[99.9678,16.8806],[99.967,16.8806],[99.9667,16.8801],[99.9659,16.8801],[99.9659,16.8793],[99.9687,16.8787],[99.9687,16.8779],[99.9695,16.8768],[99.9701,16.8768],[99.9709,16.876],[99.9709,16.8752],[99.9729,16.8746],[99.974,16.8754],[99.9749,16.8773],[99.9749,16.8792],[99.9754,16.8795],[99.9755,16.8803],[99.9763,16.8811],[99.9769,16.8811],[99.9772,16.8825],[99.9752,16.8822],[99.9738,16.8833],[99.9724,16.8833],[99.9729,16.8841],[99.9735,16.8841],[99.9735,16.8855],[99.9718,16.8857],[99.9721,16.8871],[99.9758,16.8871],[99.9758,16.8879],[99.973,16.8882],[99.9727,16.8903],[99.9696,16.8904],[99.9696,16.8912],[99.9704,16.8923],[99.9713,16.8922],[99.9713,16.8912],[99.9727,16.8914],[99.9724,16.8933],[99.9696,16.8936]],[[99.9673,16.889],[99.9676,16.8893],[99.9676,16.889],[99.9673,16.889]],[[99.9715,16.8885],[99.9718,16.889],[99.9718,16.8885],[99.9715,16.8885]],[[99.9718,16.8876],[99.9721,16.8884],[99.9721,16.8876],[99.9718,16.8876]],[[99.9707,16.8809],[99.9712,16.8806],[99.9709,16.88],[99.9704,16.8801],[99.9707,16.8809]],[[99.9729,16.8809],[99.9735,16.8809],[99.9738,16.8803],[99.9729,16.88],[99.9729,16.8809]],[[99.9687,16.8795],[99.9693,16.8795],[99.969,16.8787],[99.9687,16.8787],[99.9687,16.8795]]]}},{"type":"Feature","properties":{"kind":"seasonal","area_km2":1.187,"date":"2026-10-09"},"geometry":{"type":"Polygon","coordinates":[[[99.9261,16.9825],[99.9255,16.9814],[99.9247,16.9809],[99.9244,16.9795],[99.9233,16.9795],[99.9224,16.9787],[99.9213,16.9784],[99.9213,16.9763],[99.9238,16.9754],[99.9235,16.9746],[99.9207,16.9746],[99.9207,16.9755],[99.9196,16.976],[99.9196,16.9765],[99.9202,16.9765],[99.9202,16.9776],[99.919,16.9779],[99.919,16.9793],[99.9171,16.9795],[99.9171,16.9785],[99.9162,16.9779],[99.9162,16.9768],[99.9168,16.9763],[99.9173,16.9774],[99.9182,16.9771],[99.9182,16.9763],[99.9171,16.976],[99.9173,16.9736],[99.9182,16.9736],[99.9182,16.973],[99.9176,16.973],[99.9176,16.9717],[99.9246,16.9716],[99.9246,16.9727],[99.9252,16.973],[99.9252,16.9735],[99.9255,16.9735],[99.9252,16.9716],[99.926,16.9716],[99.9269,16.9724],[99.9297,16.9722],[99.9294,16.9735],[99.9283,16.9733],[99.9272,16.9738],[99.9275,16.9743],[99.9289,16.9746],[99.9286,16.976],[99.9303,16.976],[99.9303,16.9768],[99.9314,16.9765],[99.9314,16.976],[99.9323,16.9759],[99.9323,16.9768],[99.934,16.9768],[99.934,16.9776],[99.9334,16.9776],[99.9331,16.9787],[99.9334,16.9797],[99.9326,16.9797],[99.9326,16.9803],[99.9312,16.9803],[99.9312,16.9814],[99.9303,16.9814],[99.9303,16.9822],[99.9295,16.9822],[99.9295,16.9817],[99.9275,16.9817],[99.9278,16.9798],[99.9272,16.979],[99.9272,16.98],[99.9269,16.9806],[99.9264,16.9806],[99.9269,16.9825],[99.9261,16.9825]],[[99.9289,16.9808],[99.9298,16.9808],[99.9295,16.9789],[99.9309,16.9787],[99.9309,16.9779],[99.9297,16.9779],[99.9297,16.9773],[99.9281,16.9779],[99.9286,16.9784],[99.9289,16.9808]],[[99.9235,16.9784],[99.9241,16.9784],[99.9241,16.9773],[99.9235,16.9776],[99.9235,16.9784]],[[99.9317,16.9768],[99.932,16.9773],[99.932,16.9768],[99.9317,16.9768]],[[99.9264,16.9768],[99.9269,16.9771],[99.9269,16.9768],[99.9264,16.9768]],[[99.9199,16.9738],[99.9204,16.9738],[99.9204,16.9733],[99.9199,16.9733],[99.9199,16.9738]]]}},{"type":"Feature","properties":{"kind":"seasonal","area_km2":1.182,"date":"2026-10-09"},"geometry":{"type":"Polygon","coordinates":[[[99.9101,16.9999],[99.9104,16.9994],[99.9098,16.9991],[99.9098,16.9986],[99.9104,16.9983],[99.9104,16.9977],[99.9084,16.998],[99.9081,16.9964],[99.909,16.9953],[99.909,16.9945],[99.9115,16.9948],[99.9126,16.9956],[99.9126,16.9939],[99.9098,16.9939],[99.9087,16.9934],[99.9081,16.991],[99.909,16.9907],[99.9089,16.9902],[99.9084,16.9902],[99.9081,16.9874],[99.9087,16.9869],[99.9098,16.9869],[99.9106,16.9874],[99.9112,16.9869],[99.9126,16.9866],[99.9137,16.9858],[99.9132,16.985],[99.9131,16.9839],[99.914,16.9839],[99.9143,16.9852],[99.9154,16.9852],[99.9157,16.9861],[99.916,16.9909],[99.9137,16.9909],[99.9129,16.9915],[99.9129,16.992],[99.9137,16.992],[99.9146,16.9928],[99.9169,16.9928],[99.9171,16.9909],[99.918,16.9909],[99.9185,16.9912],[99.9185,16.992],[99.9194,16.9928],[99.9205,16.9928],[99.9205,16.9936],[99.9188,16.9944],[99.9188,16.995],[99.9177,16.995],[99.9177,16.9955],[99.9191,16.9953],[99.9191,16.998],[99.9183,16.998],[99.9183,16.9966],[99.9172,16.9966],[99.9169,16.9958],[99.916,16.9961],[99.916,16.9955],[99.9152,16.995],[99.9149,16.9964],[99.9157,16.9966],[99.9155,16.9977],[99.9166,16.9983],[99.9166,16.9991],[99.9129,16.9994],[99.9129,16.9999],[99.9101,16.9999]],[[99.9124,16.998],[99.9129,16.9975],[99.9115,16.9969],[99.9112,16.9977],[99.9124,16.998]],[[99.9115,16.9923],[99.9118,16.9929],[99.9118,16.9923],[99.9115,16.9923]],[[99.9098,16.9923],[99.9104,16.992],[99.9104,16.9915],[99.9112,16.9915],[99.9112,16.991],[99.9106,16.9907],[99.9106,16.9896],[99.9095,16.9912],[99.9098,16.9923]]]}},{"type":"Feature","properties":{"kind":"seasonal","area_km2":1.176,"date":"2026-10-09"},"geometry":{"type":"Polygon","coordinates":[[[99.885,16.936],[99.8847,16.9336],[99.8833,16.9333],[99.8833,16.9349],[99.8822,16.935],[99.8822,16.9339],[99.8808,16.9339],[99.8808,16.9333],[99.8799,16.9331],[99.8783,16.9336],[99.8782,16.9323],[99.8805,16.9322],[99.8805,16.9312],[99.8811,16.9309],[99.8811,16.9303],[99.8802,16.9301],[99.8802,16.9293],[99.8796,16.9298],[99.8788,16.9298],[99.8785,16.9282],[99.8779,16.9277],[99.8768,16.9277],[99.8768,16.926],[99.8777,16.926],[99.8777,16.9268],[99.8782,16.9268],[99.8782,16.9258],[99.8793,16.9249],[99.8793,16.9244],[99.8788,16.9241],[99.8788,16.9222],[99.8819,16.9222],[99.8816,16.9209],[99.8821,16.9206],[99.8821,16.92],[99.8841,16.9203],[99.885,16.9214],[99.8847,16.9222],[99.8852,16.9222],[99.8847,16.9244],[99.8836,16.9244],[99.8833,16.9249],[99.8816,16.9247],[99.8836,16.9274],[99.8847,16.9268],[99.8847,16.926],[99.8855,16.9249],[99.8864,16.9249],[99.8875,16.9263],[99.8895,16.9262],[99.8895,16.9279],[99.8889,16.9284],[99.8889,16.9298],[99.8881,16.9311],[99.8878,16.9336],[99.887,16.9338],[99.887,16.9355],[99.8859,16.9352],[99.8859,16.936],[99.885,16.936]],[[99.8847,16.9333],[99.8853,16.9336],[99.8853,16.9333],[99.8847,16.9333]],[[99.8819,16.9317],[99.8833,16.932],[99.8839,16.9314],[99.8839,16.9306],[99.8833,16.9306],[99.8833,16.9312],[99.8819,16.9312],[99.8819,16.9317]],[[99.8856,16.9309],[99.8861,16.9311],[99.8861,16.9309],[99.8856,16.9309]],[[99.8811,16.9301],[99.8816,16.9301],[99.8819,16.9295],[99.8811,16.9295],[99.8811,16.9301]],[[99.885,16.9295],[99.8853,16.9298],[99.8853,16.9295],[99.885,16.9295]],[[99.8819,16.9293],[99.8844,16.9295],[99.8844,16.9287],[99.8833,16.9279],[99.8819,16.9282],[99.8819,16.9276],[99.8813,16.9276],[99.8819,16.9293]]]}},{"type":"Feature","properties":{"kind":"seasonal","area_km2":1.174,"date":"2026-10-09"},"geometry":{"type":"Polygon","coordinates":[[[99.9314,16.9727],[99.9317,16.9716],[99.9283,16.9714],[99.9283,16.9705],[99.9277,16.9703],[99.9277,16.9695],[99.9311,16.9694],[99.9311,16.9689],[99.9297,16.9689],[99.9303,16.967],[99.9277,16.9673],[99.9277,16.9662],[99.93,16.9662],[99.93,16.9654],[99.9266,16.9657],[99.9257,16.9646],[99.9246,16.9646],[99.9246,16.9635],[99.926,16.9632],[99.9266,16.9621],[99.9288,16.96],[99.9294,16.96],[99.9294,16.9594],[99.9302,16.9586],[99.9313,16.9583],[99.9316,16.9575],[99.9327,16.9575],[99.9333,16.9578],[99.9333,16.9589],[99.9327,16.9589],[99.9328,16.9594],[99.935,16.9591],[99.9364,16.9602],[99.9387,16.9602],[99.9387,16.9618],[99.9392,16.9621],[99.9393,16.9634],[99.9387,16.9637],[99.9387,16.9643],[99.9393,16.9645],[99.9393,16.964],[99.9398,16.964],[99.9401,16.9656],[99.9364,16.9664],[99.9302,16.9662],[99.9303,16.9667],[99.9317,16.967],[99.9317,16.9684],[99.9322,16.9689],[99.9322,16.9697],[99.9314,16.97],[99.9314,16.9705],[99.9325,16.9703],[99.9325,16.9727],[99.9314,16.9727]],[[99.9325,16.9648],[99.9333,16.9646],[99.9331,16.9637],[99.9325,16.9637],[99.9325,16.9648]],[[99.9345,16.9645],[99.9347,16.9648],[99.9347,16.9645],[99.9345,16.9645]],[[99.9342,16.964],[99.9345,16.9643],[99.9345,16.964],[99.9342,16.964]],[[99.9305,16.9629],[99.9308,16.9619],[99.9302,16.9616],[99.9299,16.9621],[99.9305,16.9624],[99.9305,16.9629]],[[99.9314,16.9616],[99.933,16.9621],[99.9333,16.9616],[99.9322,16.9616],[99.9319,16.961],[99.9313,16.961],[99.9314,16.9616]]]}},{"type":"Feature","properties":{"kind":"seasonal","area_km2":1.14,"date":"2026-10-09"},"geometry":{"type":"Polygon","coordinates":[[[99.8151,16.8634],[99.8151,16.8628],[99.8146,16.8626],[99.8146,16.8617],[99.8151,16.8617],[99.8151,16.8612],[99.8143,16.8607],[99.8143,16.8593],[99.8131,16.8585],[99.8129,16.8577],[99.8128,16.8563],[99.8134,16.8563],[99.8134,16.8552],[99.8109,16.8534],[99.8109,16.8523],[99.8114,16.8517],[99.8106,16.8509],[99.81,16.8509],[99.81,16.8515],[99.8086,16.8512],[99.8089,16.8501],[99.8108,16.8501],[99.8108,16.8477],[99.8131,16.8474],[99.8131,16.8468],[99.8103,16.8469],[99.8094,16.8477],[99.808,16.8477],[99.808,16.846],[99.8086,16.8455],[99.81,16.8455],[99.81,16.846],[99.8108,16.846],[99.8108,16.8452],[99.8117,16.8452],[99.812,16.8458],[99.8139,16.8463],[99.8142,16.8471],[99.8151,16.8471],[99.8148,16.849],[99.8153,16.8487],[99.8153,16.8476],[99.8168,16.8479],[99.817,16.8495],[99.8179,16.8503],[99.8185,16.8503],[99.8185,16.8509],[99.819,16.8509],[99.8193,16.8514],[99.8193,16.8531],[99.8182,16.8531],[99.8182,16.8514],[99.8176,16.8512],[99.8145,16.8514],[99.8142,16.8523],[99.8134,16.8525],[99.8134,16.8536],[99.8148,16.8539],[99.8154,16.8544],[99.8162,16.8539],[99.8173,16.8539],[99.8174,16.8566],[99.8179,16.8566],[99.8179,16.8539],[99.819,16.8539],[99.8188,16.856],[99.8207,16.8579],[99.8207,16.8587],[99.8202,16.8587],[99.8202,16.8593],[99.8193,16.8593],[99.8193,16.8601],[99.8213,16.8604],[99.8213,16.8617],[99.8199,16.862],[99.8185,16.8631],[99.8177,16.8631],[99.8174,16.8623],[99.8165,16.862],[99.8165,16.8615],[99.8171,16.8615],[99.8177,16.8607],[99.8171,16.8596],[99.8171,16.8601],[99.816,16.8612],[99.816,16.8634],[99.8151,16.8634]],[[99.8137,16.8574],[99.8143,16.8574],[99.814,16.8566],[99.8134,16.8566],[99.8137,16.8574]],[[99.8131,16.8496],[99.8137,16.8495],[99.8137,16.849],[99.8134,16.849],[99.8131,16.8496]],[[99.8106,16.8463],[99.8108,16.8466],[99.8108,16.8463],[99.8106,16.8463]]]}},{"type":"Feature","properties":{"kind":"seasonal","area_km2":1.105,"date":"2026-10-09"},"geometry":{"type":"Polygon","coordinates":[[[99.7788,16.9275],[99.7791,16.9264],[99.7777,16.9264],[99.7776,16.9256],[99.7782,16.9256],[99.7785,16.9251],[99.776,16.9248],[99.7759,16.9237],[99.7765,16.9237],[99.7765,16.9221],[99.7773,16.9218],[99.7773,16.9213],[99.7759,16.9213],[99.7759,16.9202],[99.7765,16.9202],[99.7765,16.9197],[99.7757,16.9197],[99.7756,16.9191],[99.7751,16.9191],[99.7751,16.9183],[99.7759,16.9183],[99.7762,16.9172],[99.7756,16.9169],[99.7751,16.9172],[99.7751,16.9178],[99.7742,16.9178],[99.7742,16.917],[99.7737,16.9167],[99.7737,16.9156],[99.7751,16.9156],[99.7753,16.9142],[99.7768,16.914],[99.7767,16.9129],[99.7753,16.9126],[99.7753,16.911],[99.7748,16.9099],[99.775,16.9083],[99.7764,16.9083],[99.7765,16.9099],[99.7776,16.9102],[99.7776,16.9107],[99.7781,16.9107],[99.7784,16.9102],[99.7796,16.9102],[99.7796,16.9129],[99.779,16.9129],[99.7787,16.9137],[99.7799,16.9137],[99.7799,16.9142],[99.7813,16.9145],[99.7813,16.9169],[99.7807,16.9169],[99.7804,16.9177],[99.7821,16.9177],[99.7821,16.9196],[99.781,16.9196],[99.781,16.9202],[99.7821,16.9202],[99.7824,16.9215],[99.7821,16.9221],[99.7802,16.9221],[99.7799,16.9215],[99.7793,16.9215],[99.7793,16.9221],[99.7802,16.9224],[99.781,16.9234],[99.7813,16.9229],[99.7827,16.9229],[99.7827,16.9237],[99.7841,16.9253],[99.7841,16.9264],[99.7836,16.9267],[99.7788,16.9275]],[[99.7799,16.9245],[99.781,16.9248],[99.781,16.9245],[99.7799,16.9245]],[[99.7816,16.924],[99.7819,16.9245],[99.7819,16.924],[99.7816,16.924]],[[99.7782,16.9213],[99.7785,16.9218],[99.7785,16.9213],[99.7782,16.9213]],[[99.7773,16.9178],[99.7779,16.9178],[99.7779,16.9172],[99.7773,16.9172],[99.7773,16.9178]],[[99.7776,16.9131],[99.7782,16.9129],[99.7784,16.9118],[99.7779,16.9118],[99.7776,16.9131]]]}},{"type":"Feature","properties":{"kind":"seasonal","area_km2":1.038,"date":"2026-10-09"},"geometry":{"type":"Polygon","coordinates":[[[99.9418,16.9659],[99.9415,16.9645],[99.9404,16.9637],[99.9404,16.9624],[99.9415,16.9621],[99.9418,16.9613],[99.9398,16.9615],[99.9392,16.9602],[99.9392,16.9591],[99.9401,16.9586],[99.9401,16.9577],[99.9392,16.9575],[99.9387,16.9586],[99.9381,16.9586],[99.9373,16.9594],[99.9364,16.9594],[99.9361,16.9588],[99.9356,16.9588],[99.935,16.9575],[99.933,16.9572],[99.933,16.9561],[99.9341,16.9548],[99.9355,16.9548],[99.9378,16.9523],[99.9406,16.9523],[99.9409,16.9512],[99.9417,16.9512],[99.9415,16.9548],[99.942,16.9553],[99.9432,16.9553],[99.9432,16.9561],[99.9426,16.9566],[99.9415,16.9567],[99.9409,16.9575],[99.9426,16.9577],[99.9429,16.9583],[99.9435,16.9583],[99.9437,16.9591],[99.9451,16.9588],[99.946,16.9604],[99.946,16.9612],[99.9454,16.9612],[99.9452,16.9621],[99.944,16.9618],[99.9438,16.9626],[99.9452,16.9623],[99.9452,16.9631],[99.9469,16.9634],[99.9468,16.9615],[99.948,16.9612],[99.9482,16.9596],[99.9491,16.9596],[99.9488,16.9612],[99.9494,16.9623],[99.9494,16.9631],[99.948,16.9634],[99.946,16.9659],[99.9418,16.9659]],[[99.9421,16.961],[99.9429,16.9607],[99.9426,16.9591],[99.9415,16.9591],[99.9415,16.9599],[99.9421,16.9599],[99.9421,16.961]],[[99.9336,16.9564],[99.9339,16.9567],[99.9339,16.9564],[99.9336,16.9564]],[[99.9381,16.9556],[99.9395,16.9561],[99.9398,16.955],[99.9392,16.955],[99.9392,16.9556],[99.9381,16.9556]],[[99.9392,16.9537],[99.9398,16.9537],[99.9398,16.9531],[99.9395,16.9531],[99.9392,16.9537]]]}},{"type":"Feature","properties":{"kind":"seasonal","area_km2":1.015,"date":"2026-10-09"},"geometry":{"type":"Polygon","coordinates":[[[99.8969,16.9395],[99.8963,16.9373],[99.8954,16.9363],[99.8938,16.936],[99.8935,16.9365],[99.8921,16.9365],[99.8909,16.9349],[99.8878,16.9347],[99.8887,16.9314],[99.8895,16.9309],[99.8895,16.929],[99.8906,16.9287],[99.8903,16.9273],[99.8923,16.927],[99.8926,16.9292],[99.8937,16.9289],[99.8934,16.9273],[99.8943,16.9273],[99.8943,16.9279],[99.8946,16.9273],[99.8954,16.9273],[99.896,16.9281],[99.896,16.9292],[99.8951,16.9292],[99.8951,16.9287],[99.8943,16.9292],[99.8946,16.9308],[99.8951,16.9308],[99.8954,16.93],[99.8963,16.93],[99.8963,16.9311],[99.8977,16.9311],[99.8977,16.9322],[99.8985,16.9324],[99.9008,16.9322],[99.9016,16.9311],[99.9025,16.9311],[99.9027,16.9292],[99.9036,16.9292],[99.9042,16.9305],[99.9047,16.9308],[99.9047,16.9316],[99.9039,16.9327],[99.9028,16.9327],[99.9016,16.9343],[99.9005,16.9346],[99.9005,16.9351],[99.8991,16.9357],[99.898,16.9379],[99.898,16.9392],[99.8969,16.9395]],[[99.8932,16.9344],[99.8938,16.9344],[99.8937,16.9335],[99.8935,16.9335],[99.8932,16.9344]],[[99.8915,16.9341],[99.8921,16.9338],[99.8921,16.9333],[99.8912,16.9336],[99.8915,16.9341]],[[99.8932,16.933],[99.8946,16.933],[99.8954,16.9322],[99.8954,16.9316],[99.8937,16.9314],[99.8934,16.9303],[99.8929,16.9303],[99.8932,16.933]],[[99.8968,16.933],[99.8974,16.933],[99.8977,16.9322],[99.8971,16.9322],[99.8968,16.933]],[[99.8901,16.9311],[99.8904,16.9317],[99.8904,16.9311],[99.8901,16.9311]]]}},{"type":"Feature","properties":{"kind":"seasonal","area_km2":1.008,"date":"2026-10-09"},"geometry":{"type":"Polygon","coordinates":[[[99.7173,16.8404],[99.7168,16.8396],[99.7156,16.8393],[99.7153,16.8372],[99.7148,16.8366],[99.7145,16.835],[99.7139,16.8347],[99.7139,16.8337],[99.715,16.8331],[99.715,16.8323],[99.7159,16.832],[99.7184,16.829],[99.7204,16.8293],[99.7235,16.832],[99.7243,16.8314],[99.726,16.8314],[99.7271,16.8322],[99.7272,16.8371],[99.7266,16.8328],[99.7235,16.8333],[99.7235,16.8342],[99.7243,16.8342],[99.7246,16.8347],[99.7226,16.8342],[99.7224,16.8333],[99.721,16.8336],[99.7204,16.8328],[99.7195,16.8339],[99.7207,16.835],[99.7204,16.8355],[99.7221,16.8358],[99.7229,16.8382],[99.7249,16.8382],[99.7246,16.8374],[99.7269,16.8374],[99.7266,16.8393],[99.7249,16.8401],[99.7218,16.8401],[99.7215,16.8396],[99.7201,16.8396],[99.7199,16.8401],[99.719,16.8399],[99.7173,16.8404]],[[99.7255,16.8379],[99.7258,16.8382],[99.7258,16.8379],[99.7255,16.8379]],[[99.719,16.8339],[99.7193,16.8342],[99.7193,16.8339],[99.719,16.8339]],[[99.7215,16.8328],[99.7221,16.8331],[99.7221,16.8328],[99.7215,16.8328]]]}},{"type":"Feature","properties":{"kind":"seasonal","area_km2":1.007,"date":"2026-10-09"},"geometry":{"type":"Polygon","coordinates":[[[99.8298,16.9281],[99.8298,16.9257],[99.8275,16.926],[99.8272,16.9254],[99.8258,16.9249],[99.8252,16.9238],[99.8244,16.9238],[99.8236,16.9246],[99.8224,16.9246],[99.8219,16.9241],[99.8219,16.9233],[99.8224,16.9233],[99.8236,16.9222],[99.8235,16.9211],[99.8247,16.9211],[99.8255,16.9197],[99.8264,16.9197],[99.8269,16.9205],[99.8281,16.9205],[99.8281,16.9214],[99.8297,16.9222],[99.8297,16.9216],[99.8286,16.9208],[99.8286,16.9192],[99.8303,16.9194],[99.8311,16.9184],[99.8311,16.9175],[99.8331,16.9173],[99.8331,16.9159],[99.8337,16.9156],[99.8337,16.9148],[99.8323,16.9148],[99.832,16.9135],[99.8328,16.9132],[99.8334,16.9124],[99.8345,16.9124],[99.8351,16.9135],[99.8345,16.9156],[99.8356,16.9159],[99.8356,16.917],[99.8365,16.917],[99.8365,16.9178],[99.8371,16.9175],[99.837,16.9167],[99.8382,16.9167],[99.8385,16.9181],[99.8376,16.9186],[99.8373,16.9197],[99.8362,16.9202],[99.8359,16.9213],[99.8345,16.9211],[99.834,16.9216],[99.834,16.9224],[99.8326,16.9227],[99.8326,16.9238],[99.8309,16.9238],[99.8303,16.9224],[99.8297,16.9224],[99.8303,16.9251],[99.8326,16.9251],[99.8326,16.927],[99.832,16.9268],[99.832,16.9276],[99.8298,16.9281]],[[99.8224,16.9233],[99.8227,16.9235],[99.8227,16.9233],[99.8224,16.9233]],[[99.8252,16.9233],[99.8258,16.9235],[99.8258,16.9233],[99.8252,16.9233]],[[99.8241,16.9225],[99.8244,16.9227],[99.8244,16.9225],[99.8241,16.9225]],[[99.8348,16.9178],[99.8354,16.9183],[99.8354,16.9178],[99.8348,16.9178]]]}},{"type":"Feature","properties":{"kind":"seasonal","area_km2":0.987,"date":"2026-10-09"},"geometry":{"type":"Polygon","coordinates":[[[99.0345,16.8479],[99.0342,16.8474],[99.0325,16.8474],[99.0322,16.8468],[99.0314,16.8468],[99.0305,16.8457],[99.0285,16.8455],[99.0266,16.8441],[99.0254,16.8447],[99.0249,16.8441],[99.0249,16.8433],[99.0232,16.843],[99.0223,16.8422],[99.0218,16.8422],[99.0215,16.8433],[99.0215,16.8419],[99.0207,16.8409],[99.0195,16.8409],[99.0192,16.8414],[99.0204,16.8417],[99.0195,16.8417],[99.0187,16.8425],[99.0187,16.8414],[99.0173,16.8417],[99.0176,16.8406],[99.017,16.8406],[99.0173,16.8395],[99.0178,16.8395],[99.0176,16.8403],[99.0184,16.8403],[99.019,16.8398],[99.0184,16.8387],[99.0173,16.8387],[99.0167,16.84],[99.0161,16.84],[99.0164,16.8387],[99.0147,16.8387],[99.0145,16.8381],[99.0139,16.8381],[99.0136,16.8376],[99.013,16.8376],[99.0136,16.8387],[99.0125,16.8384],[99.0122,16.8403],[99.0111,16.8425],[99.0105,16.8428],[99.01,16.8422],[99.01,16.8414],[99.0105,16.8409],[99.0097,16.8409],[99.0094,16.8392],[99.0088,16.8392],[99.0088,16.8387],[99.0094,16.839],[99.0099,16.8379],[99.0111,16.8379],[99.0111,16.8371],[99.0116,16.8371],[99.0116,16.8365],[99.0125,16.8362],[99.0125,16.8357],[99.013,16.8357],[99.0128,16.8343],[99.0116,16.8338],[99.0122,16.8338],[99.0119,16.8333],[99.0133,16.833],[99.0133,16.8324],[99.0142,16.8324],[99.0142,16.8314],[99.015,16.8311],[99.0136,16.8311],[99.0139,16.83],[99.0133,16.8306],[99.0128,16.83],[99.013,16.8289],[99.0133,16.8295],[99.0142,16.8292],[99.0139,16.8284],[99.015,16.8276],[99.015,16.8257],[99.0156,16.8257],[99.015,16.8249],[99.015,16.8235],[99.0156,16.8238],[99.0167,16.8232],[99.0164,16.8257],[99.0153,16.8268],[99.0153,16.8281],[99.0173,16.8281],[99.0167,16.8284],[99.0167,16.8289],[99.0173,16.8289],[99.0173,16.8295],[99.0184,16.8303],[99.0184,16.8308],[99.0173,16.8316],[99.0178,16.8324],[99.0167,16.8327],[99.0176,16.8333],[99.0176,16.8343],[99.0167,16.8343],[99.0173,16.8346],[99.0173,16.8352],[99.0164,16.836],[99.0164,16.8368],[99.017,16.8371],[99.0161,16.8371],[99.0161,16.8384],[99.017,16.8384],[99.0181,16.8376],[99.0184,16.8384],[99.0198,16.839],[99.0198,16.8398],[99.0218,16.8414],[99.0218,16.8419],[99.0226,16.8419],[99.0229,16.8406],[99.0243,16.8406],[99.0246,16.8398],[99.0249,16.8406],[99.024,16.8422],[99.0246,16.843],[99.0263,16.843],[99.0268,16.8419],[99.0268,16.8425],[99.0277,16.8428],[99.0274,16.8436],[99.0291,16.8436],[99.0288,16.8441],[99.0308,16.8441],[99.0319,16.8455],[99.0328,16.8455],[99.0328,16.8463],[99.0336,16.8463],[99.0339,16.8468],[99.035,16.8471],[99.035,16.8479],[99.0345,16.8479]],[[99.0283,16.8438],[99.0285,16.8441],[99.0285,16.8438],[99.0283,16.8438]],[[99.0229,16.8419],[99.0232,16.8422],[99.0232,16.8419],[99.0229,16.8419]],[[99.0237,16.8417],[99.024,16.8419],[99.024,16.8417],[99.0237,16.8417]],[[99.0187,16.8409],[99.019,16.8411],[99.019,16.8409],[99.0187,16.8409]],[[99.024,16.8409],[99.0243,16.8411],[99.0243,16.8409],[99.024,16.8409]],[[99.0105,16.8406],[99.0108,16.8409],[99.0108,16.8406],[99.0105,16.8406]],[[99.0184,16.8403],[99.0187,16.8406],[99.0187,16.8403],[99.0184,16.8403]],[[99.0116,16.8376],[99.0119,16.8379],[99.0119,16.8376],[99.0116,16.8376]],[[99.0128,16.8373],[99.013,16.8376],[99.013,16.8373],[99.0128,16.8373]],[[99.013,16.8371],[99.0133,16.8373],[99.0133,16.8371],[99.013,16.8371]],[[99.0133,16.8371],[99.0145,16.8365],[99.0145,16.8362],[99.0136,16.8362],[99.0133,16.8371]],[[99.0147,16.8365],[99.015,16.8368],[99.015,16.8365],[99.0147,16.8365]],[[99.0159,16.8362],[99.0161,16.8365],[99.0161,16.8362],[99.0159,16.8362]],[[99.0161,16.8354],[99.0164,16.8357],[99.0164,16.8354],[99.0161,16.8354]],[[99.0142,16.8352],[99.015,16.8354],[99.015,16.8352],[99.0142,16.8352]],[[99.0153,16.8352],[99.0161,16.8352],[99.0153,16.8341],[99.0153,16.8352]],[[99.0136,16.8349],[99.0139,16.8352],[99.0139,16.8349],[99.0136,16.8349]],[[99.0139,16.8346],[99.0145,16.8349],[99.0145,16.8346],[99.0139,16.8346]],[[99.0156,16.8335],[99.0159,16.8338],[99.0159,16.8335],[99.0156,16.8335]],[[99.0161,16.8333],[99.0164,16.8335],[99.0164,16.8333],[99.0161,16.8333]],[[99.0159,16.833],[99.0161,16.8333],[99.0161,16.833],[99.0159,16.833]],[[99.0147,16.8324],[99.0153,16.8324],[99.0153,16.8316],[99.0161,16.8311],[99.0161,16.8306],[99.015,16.8314],[99.0147,16.8324]],[[99.0167,16.8314],[99.017,16.8316],[99.017,16.8314],[99.0167,16.8314]],[[99.015,16.8306],[99.0153,16.8308],[99.0153,16.8306],[99.015,16.8306]],[[99.0161,16.8297],[99.0164,16.8303],[99.0167,16.8297],[99.0161,16.8297]],[[99.015,16.8292],[99.0156,16.8292],[99.0156,16.8289],[99.015,16.8287],[99.015,16.8292]],[[99.0153,16.8284],[99.0156,16.8287],[99.0156,16.8284],[99.0153,16.8284]]]}},{"type":"Feature","properties":{"kind":"seasonal","area_km2":0.921,"date":"2026-10-09"},"geometry":{"type":"Polygon","coordinates":[[[99.8127,16.8843],[99.8124,16.8837],[99.8101,16.8837],[99.8101,16.8807],[99.8129,16.8805],[99.8129,16.8799],[99.8104,16.8797],[99.809,16.8799],[99.8082,16.881],[99.8073,16.881],[99.8076,16.8816],[99.8093,16.8821],[99.8093,16.8835],[99.8076,16.8837],[99.8068,16.8829],[99.8068,16.8824],[99.8062,16.8824],[99.8062,16.881],[99.8051,16.8808],[99.8051,16.8797],[99.8059,16.8797],[99.8065,16.8791],[99.8065,16.8772],[99.8056,16.877],[99.8051,16.8775],[99.8039,16.8775],[99.8034,16.877],[99.8022,16.877],[99.8017,16.8778],[99.8005,16.8778],[99.8003,16.8762],[99.8019,16.8762],[99.8028,16.8748],[99.805,16.8745],[99.8064,16.8748],[99.8067,16.8767],[99.8073,16.8767],[99.8076,16.8761],[99.807,16.8759],[99.807,16.8748],[99.8107,16.8748],[99.8112,16.8756],[99.8124,16.8756],[99.8141,16.878],[99.8143,16.8769],[99.8158,16.8772],[99.816,16.8791],[99.8149,16.8791],[99.8146,16.8796],[99.8149,16.8821],[99.8158,16.8824],[99.8158,16.8832],[99.8152,16.8837],[99.8138,16.8834],[99.8138,16.8843],[99.8127,16.8843]],[[99.813,16.8837],[99.8135,16.884],[99.8135,16.8837],[99.813,16.8837]],[[99.8113,16.8791],[99.8118,16.8788],[99.8115,16.8783],[99.811,16.8786],[99.8113,16.8791]],[[99.8146,16.8788],[99.8149,16.8783],[99.8143,16.878],[99.8143,16.8786],[99.8146,16.8788]],[[99.8048,16.8764],[99.8053,16.8764],[99.8053,16.8759],[99.8048,16.8759],[99.8048,16.8764]]]}},{"type":"Feature","properties":{"kind":"seasonal","area_km2":0.875,"date":"2026-10-09"},"geometry":{"type":"Polygon","coordinates":[[[99.8268,16.8823],[99.8262,16.882],[99.8262,16.8812],[99.827,16.8807],[99.827,16.8799],[99.8262,16.8799],[99.8259,16.8793],[99.8251,16.8793],[99.8256,16.881],[99.8245,16.8818],[99.82,16.8815],[99.82,16.8807],[99.8194,16.8807],[99.8194,16.8813],[99.8189,16.8815],[99.8172,16.8815],[99.8158,16.8802],[99.8158,16.8794],[99.8197,16.8788],[99.8194,16.8761],[99.8211,16.8758],[99.8211,16.8728],[99.8205,16.8726],[99.8205,16.8712],[99.8216,16.8707],[99.8216,16.8699],[99.8225,16.8699],[99.8225,16.8712],[99.8233,16.8712],[99.8236,16.8707],[99.825,16.8709],[99.8256,16.8726],[99.8245,16.8728],[99.8245,16.8734],[99.8253,16.8736],[99.8253,16.8758],[99.827,16.8758],[99.8281,16.8777],[99.8281,16.8785],[99.827,16.8785],[99.827,16.8791],[99.8296,16.8799],[99.8299,16.8815],[99.8268,16.8823]],[[99.8253,16.8782],[99.8265,16.878],[99.8256,16.8769],[99.825,16.8769],[99.8253,16.8782]],[[99.8222,16.878],[99.8245,16.878],[99.8248,16.8769],[99.8236,16.8772],[99.8234,16.8766],[99.8217,16.8764],[99.8222,16.878]]]}},{"type":"Feature","properties":{"kind":"seasonal","area_km2":0.854,"date":"2026-10-09"},"geometry":{"type":"Polygon","coordinates":[[[99.9323,16.8775],[99.9312,16.8759],[99.9312,16.8732],[99.9298,16.8732],[99.9298,16.8718],[99.9317,16.8699],[99.9315,16.8683],[99.9329,16.868],[99.9329,16.8686],[99.9334,16.8686],[99.9337,16.8672],[99.9345,16.8667],[99.934,16.8667],[99.9337,16.8656],[99.9331,16.8656],[99.9331,16.8667],[99.9317,16.8667],[99.9312,16.8678],[99.9289,16.8678],[99.9281,16.8645],[99.9283,16.864],[99.9295,16.864],[99.9298,16.8653],[99.9309,16.8653],[99.9328,16.8631],[99.9348,16.8631],[99.9362,16.8639],[99.9362,16.8669],[99.9357,16.8677],[99.936,16.8694],[99.9348,16.8705],[99.9365,16.871],[99.9368,16.8694],[99.9377,16.8694],[99.9379,16.8713],[99.9388,16.8715],[99.9388,16.8723],[99.9371,16.8726],[99.9365,16.8718],[99.9363,16.8737],[99.9368,16.8742],[99.9377,16.8742],[99.9377,16.8751],[99.9368,16.8748],[99.9374,16.8767],[99.9366,16.8775],[99.936,16.8775],[99.9352,16.877],[99.9352,16.8761],[99.9363,16.8753],[99.9363,16.8748],[99.9346,16.8743],[99.9346,16.8726],[99.9334,16.8724],[99.9337,16.8715],[99.9334,16.871],[99.9329,16.8715],[99.9326,16.8734],[99.934,16.8734],[99.934,16.8775],[99.9323,16.8775]],[[99.9345,16.865],[99.9351,16.865],[99.9354,16.8645],[99.9345,16.8642],[99.9345,16.865]]]}},{"type":"Feature","properties":{"kind":"seasonal","area_km2":0.846,"date":"2026-10-09"},"geometry":{"type":"Polygon","coordinates":[[[99.8926,16.8685],[99.8903,16.8682],[99.8903,16.8669],[99.8912,16.8669],[99.8917,16.8677],[99.892,16.8663],[99.8906,16.866],[99.8906,16.865],[99.8912,16.8644],[99.892,16.8644],[99.892,16.8639],[99.8903,16.8636],[99.8906,16.8622],[99.8897,16.8614],[99.8897,16.8606],[99.8903,16.8603],[99.8897,16.8598],[99.8886,16.8598],[99.8886,16.859],[99.8895,16.8587],[99.8894,16.8571],[99.8886,16.8566],[99.8892,16.8544],[99.89,16.8544],[99.89,16.856],[99.8911,16.856],[99.8914,16.8552],[99.8923,16.8552],[99.8923,16.8563],[99.8928,16.8565],[99.8934,16.8557],[99.8948,16.8557],[99.8959,16.856],[99.8959,16.8568],[99.8976,16.8568],[99.8982,16.8573],[99.8982,16.8581],[99.8973,16.8584],[99.8973,16.8592],[99.8979,16.8595],[99.8976,16.8606],[99.8959,16.8603],[99.8962,16.8582],[99.8959,16.8576],[99.8954,16.8576],[99.8954,16.859],[99.8948,16.8595],[99.8948,16.8641],[99.8931,16.8641],[99.8931,16.8647],[99.894,16.8647],[99.8943,16.8655],[99.8951,16.8655],[99.8957,16.8652],[99.8954,16.8625],[99.8968,16.8628],[99.8968,16.8649],[99.8962,16.8652],[99.8962,16.866],[99.8954,16.866],[99.8962,16.8663],[99.8965,16.8679],[99.896,16.8676],[99.8954,16.8685],[99.8932,16.8685],[99.8932,16.8679],[99.8926,16.8679],[99.8926,16.8685]],[[99.8917,16.8628],[99.892,16.8631],[99.892,16.8628],[99.8917,16.8628]],[[99.8928,16.8622],[99.8934,16.8622],[99.8937,16.8617],[99.8928,16.8614],[99.8928,16.8622]],[[99.8926,16.8593],[99.8931,16.8593],[99.8931,16.8587],[99.894,16.8584],[99.8945,16.8573],[99.8917,16.8571],[99.8917,16.8576],[99.8909,16.8576],[99.8909,16.8582],[99.8917,16.8582],[99.8926,16.8593]]]}},{"type":"Feature","properties":{"kind":"seasonal","area_km2":0.819,"date":"2026-10-09"},"geometry":{"type":"Polygon","coordinates":[[[99.905,16.9273],[99.9044,16.9259],[99.903,16.9259],[99.903,16.9243],[99.9019,16.9238],[99.9019,16.9232],[99.9013,16.9235],[99.9013,16.9227],[99.9019,16.9224],[99.9019,16.9216],[99.9027,16.9208],[99.9047,16.9208],[99.9047,16.9202],[99.9041,16.9202],[99.9038,16.9197],[99.9027,16.9197],[99.9027,16.9186],[99.9041,16.9186],[99.9038,16.9172],[99.9047,16.9172],[99.9052,16.9178],[99.9058,16.917],[99.9055,16.9161],[99.9032,16.9151],[99.9035,16.9134],[99.9024,16.9129],[99.9024,16.9121],[99.9032,16.9121],[99.9038,16.9107],[99.906,16.9113],[99.906,16.9118],[99.9066,16.9118],[99.9075,16.9126],[99.9075,16.9161],[99.9086,16.9167],[99.9086,16.9178],[99.9078,16.9178],[99.9075,16.9199],[99.908,16.9199],[99.9083,16.9191],[99.9092,16.9191],[99.9092,16.9202],[99.91,16.9202],[99.9106,16.9196],[99.9117,16.9199],[99.9117,16.9207],[99.9103,16.9218],[99.9098,16.9234],[99.9072,16.9235],[99.9064,16.9226],[99.9064,16.9218],[99.9069,16.9218],[99.9069,16.9213],[99.9052,16.9208],[99.9058,16.9226],[99.9052,16.9232],[99.905,16.9251],[99.9058,16.9256],[99.9061,16.9273],[99.905,16.9273]],[[99.9035,16.9132],[99.9038,16.9134],[99.9038,16.9132],[99.9035,16.9132]]]}},{"type":"Feature","properties":{"kind":"seasonal","area_km2":0.743,"date":"2026-10-09"},"geometry":{"type":"Polygon","coordinates":[[[99.8197,16.9371],[99.8199,16.9352],[99.8185,16.9341],[99.8174,16.9344],[99.8174,16.936],[99.8149,16.9355],[99.8149,16.9347],[99.8154,16.9347],[99.8151,16.9322],[99.814,16.9325],[99.814,16.9306],[99.8149,16.9306],[99.8149,16.9312],[99.8154,16.9312],[99.8154,16.9298],[99.8177,16.9293],[99.8179,16.9282],[99.8213,16.929],[99.8222,16.9282],[99.8216,16.926],[99.8222,16.926],[99.8224,16.9252],[99.8269,16.926],[99.8278,16.927],[99.8284,16.927],[99.8287,16.9289],[99.8275,16.9289],[99.8275,16.9295],[99.8264,16.93],[99.825,16.93],[99.825,16.9292],[99.8244,16.9287],[99.8233,16.9287],[99.8227,16.93],[99.8213,16.9301],[99.8216,16.932],[99.8211,16.9325],[99.8202,16.9325],[99.8196,16.932],[99.8182,16.9322],[99.8188,16.9333],[99.8216,16.9341],[99.8216,16.9349],[99.8211,16.9352],[99.8211,16.9366],[99.8205,16.9371],[99.8197,16.9371]],[[99.8154,16.9341],[99.8157,16.9344],[99.8157,16.9341],[99.8154,16.9341]],[[99.8261,16.9284],[99.827,16.9284],[99.827,16.9281],[99.8264,16.9279],[99.8261,16.9284]],[[99.8258,16.9273],[99.8264,16.9273],[99.8264,16.9268],[99.8258,16.9268],[99.8258,16.9273]]]}},{"type":"Feature","properties":{"kind":"seasonal","area_km2":0.724,"date":"2026-10-09"},"geometry":{"type":"Polygon","coordinates":[[[99.9264,16.9272],[99.9255,16.9269],[99.9255,16.9258],[99.9261,16.9253],[99.9258,16.9245],[99.9238,16.9247],[99.9222,16.9239],[99.9196,16.9242],[99.9199,16.922],[99.9205,16.9215],[99.9199,16.921],[99.9199,16.9193],[99.9213,16.9193],[99.9213,16.9199],[99.9219,16.9201],[99.9244,16.9199],[99.9255,16.919],[99.9266,16.919],[99.9266,16.9179],[99.9258,16.9179],[99.9258,16.9169],[99.9278,16.9169],[99.9283,16.9174],[99.93,16.9177],[99.9297,16.919],[99.9283,16.919],[99.9289,16.9198],[99.9289,16.9209],[99.9283,16.9212],[99.9281,16.9223],[99.9295,16.9236],[99.9309,16.9236],[99.9315,16.9242],[99.9315,16.9252],[99.9306,16.9255],[99.9306,16.9263],[99.9298,16.9263],[99.9298,16.9258],[99.9289,16.9255],[99.9289,16.9266],[99.9264,16.9272]],[[99.9272,16.9236],[99.9278,16.9239],[99.9278,16.9236],[99.9272,16.9236]],[[99.9238,16.9234],[99.9244,16.9231],[99.9244,16.9226],[99.9236,16.9223],[99.9224,16.9209],[99.9224,16.9218],[99.9238,16.9234]]]}},{"type":"Feature","properties":{"kind":"seasonal","area_km2":0.722,"date":"2026-10-09"},"geometry":{"type":"Polygon","coordinates":[[[99.9092,16.8746],[99.909,16.8738],[99.9081,16.8733],[99.9081,16.8725],[99.9087,16.8725],[99.9084,16.8706],[99.9075,16.8706],[99.9073,16.8725],[99.9064,16.8725],[99.9053,16.8717],[99.9047,16.8698],[99.9039,16.8695],[99.9039,16.8684],[99.905,16.8684],[99.905,16.8679],[99.9041,16.8676],[99.9041,16.8668],[99.9061,16.8665],[99.9067,16.8649],[99.9072,16.8649],[99.9069,16.8635],[99.9058,16.863],[99.9052,16.8619],[99.9033,16.8619],[99.9033,16.8603],[99.9055,16.8606],[99.9058,16.8578],[99.9066,16.8578],[99.9066,16.8587],[99.9075,16.8589],[99.9075,16.8603],[99.9086,16.8603],[99.9086,16.8611],[99.908,16.8611],[99.9083,16.8616],[99.9078,16.8616],[99.9078,16.8627],[99.9092,16.863],[99.9092,16.8638],[99.9103,16.8641],[99.91,16.8657],[99.9112,16.866],[99.9114,16.8649],[99.9126,16.8651],[99.9123,16.8676],[99.9109,16.8679],[99.9106,16.8687],[99.9095,16.8687],[99.9089,16.8681],[99.9086,16.866],[99.9075,16.866],[99.9084,16.8668],[99.9081,16.8681],[99.9056,16.8687],[99.9056,16.8692],[99.9084,16.8689],[99.9087,16.8703],[99.9103,16.8703],[99.9109,16.8708],[99.9112,16.8733],[99.9101,16.8746],[99.9092,16.8746]]]}},{"type":"Feature","properties":{"kind":"seasonal","area_km2":0.712,"date":"2026-10-09"},"geometry":{"type":"Polygon","coordinates":[[[99.8176,16.9227],[99.8174,16.9217],[99.8168,16.9219],[99.8165,16.9214],[99.8165,16.9222],[99.8157,16.9222],[99.8157,16.9211],[99.8145,16.9209],[99.8145,16.9198],[99.8157,16.9198],[99.8157,16.9192],[99.8151,16.9184],[99.8151,16.9168],[99.8142,16.9171],[99.8145,16.9184],[99.8137,16.9184],[99.8134,16.9163],[99.8139,16.9152],[99.8151,16.9149],[99.8154,16.9157],[99.817,16.9154],[99.8173,16.9165],[99.8179,16.9165],[99.8182,16.916],[99.8207,16.9154],[99.8201,16.9132],[99.8215,16.9132],[99.8235,16.914],[99.8227,16.9173],[99.8235,16.9173],[99.8241,16.9178],[99.8241,16.9197],[99.8227,16.9208],[99.8227,16.9214],[99.8216,16.9216],[99.8219,16.9227],[99.8202,16.9227],[99.8193,16.9211],[99.819,16.9222],[99.8185,16.9227],[99.8176,16.9227]],[[99.8162,16.9206],[99.8171,16.9209],[99.8171,16.9203],[99.8162,16.9206]],[[99.8188,16.9203],[99.8193,16.9208],[99.8193,16.9203],[99.8188,16.9203]],[[99.8221,16.9197],[99.8224,16.9203],[99.8224,16.9197],[99.8221,16.9197]],[[99.8227,16.9197],[99.823,16.9203],[99.823,16.9197],[99.8227,16.9197]],[[99.8224,16.9195],[99.8227,16.9197],[99.8227,16.9195],[99.8224,16.9195]],[[99.8196,16.9189],[99.8202,16.9189],[99.8202,16.9184],[99.8196,16.9184],[99.8196,16.9189]],[[99.8179,16.9184],[99.8185,16.9184],[99.8185,16.9176],[99.8179,16.9176],[99.8179,16.9184]],[[99.821,16.9184],[99.8216,16.9184],[99.8216,16.9179],[99.821,16.9179],[99.821,16.9184]],[[99.8224,16.9173],[99.8227,16.9176],[99.8227,16.9173],[99.8224,16.9173]]]}},{"type":"Feature","properties":{"kind":"seasonal","area_km2":0.697,"date":"2026-10-09"},"geometry":{"type":"Polygon","coordinates":[[[99.8401,16.9137],[99.8396,16.9124],[99.8351,16.9126],[99.8345,16.9105],[99.8362,16.9105],[99.8367,16.9102],[99.8367,16.9097],[99.835,16.9099],[99.8345,16.9091],[99.8336,16.9094],[99.8336,16.9116],[99.832,16.9118],[99.832,16.9113],[99.8305,16.9105],[99.8305,16.9091],[99.8297,16.9091],[99.8297,16.9083],[99.8305,16.9081],[99.8311,16.907],[99.8325,16.907],[99.8331,16.9075],[99.8331,16.9086],[99.8336,16.9086],[99.8342,16.9064],[99.8356,16.9067],[99.8359,16.9056],[99.8376,16.9056],[99.8376,16.9042],[99.839,16.904],[99.8407,16.9045],[99.8401,16.905],[99.8401,16.9058],[99.8387,16.9053],[99.8381,16.9064],[99.8384,16.908],[99.8373,16.9083],[99.8376,16.9091],[99.8387,16.9091],[99.8387,16.9096],[99.8393,16.9096],[99.8393,16.9102],[99.8404,16.9107],[99.8401,16.9099],[99.8396,16.9099],[99.8395,16.908],[99.8404,16.908],[99.8401,16.9064],[99.8409,16.9056],[99.8421,16.9056],[99.8421,16.9067],[99.8412,16.9075],[99.8412,16.9088],[99.8427,16.9107],[99.8427,16.9118],[99.841,16.9113],[99.8413,16.9134],[99.8401,16.9137]],[[99.8364,16.908],[99.837,16.908],[99.837,16.9075],[99.8359,16.9072],[99.8364,16.908]],[[99.8356,16.9067],[99.8359,16.9069],[99.8359,16.9067],[99.8356,16.9067]]]}},{"type":"Feature","properties":{"kind":"seasonal","area_km2":0.691,"date":"2026-10-09"},"geometry":{"type":"Polygon","coordinates":[[[99.7783,16.9394],[99.778,16.9373],[99.7794,16.9367],[99.7794,16.9356],[99.7788,16.9356],[99.7785,16.934],[99.7777,16.9338],[99.7774,16.9316],[99.778,16.9313],[99.7782,16.93],[99.7782,16.9294],[99.7777,16.9294],[99.7777,16.9286],[99.7793,16.9286],[99.7796,16.9291],[99.7802,16.9291],[99.7802,16.928],[99.7819,16.9283],[99.7822,16.9275],[99.785,16.9275],[99.785,16.9288],[99.7836,16.9286],[99.7822,16.9291],[99.7822,16.9313],[99.7827,16.9313],[99.783,16.9305],[99.7844,16.9305],[99.7842,16.9326],[99.7836,16.9332],[99.7836,16.9351],[99.783,16.9354],[99.7836,16.9359],[99.7836,16.9378],[99.7831,16.9383],[99.7831,16.9394],[99.7783,16.9394]],[[99.7811,16.9373],[99.7814,16.9375],[99.7814,16.9373],[99.7811,16.9373]],[[99.7822,16.9356],[99.7825,16.9359],[99.7825,16.9356],[99.7822,16.9356]],[[99.7808,16.9356],[99.7819,16.9354],[99.7819,16.9348],[99.7811,16.9346],[99.7808,16.9356]]]}},{"type":"Feature","properties":{"kind":"seasonal","area_km2":0.684,"date":"2026-10-09"},"geometry":{"type":"Polygon","coordinates":[[[99.9393,16.974],[99.9393,16.9727],[99.9385,16.9724],[99.9384,16.9705],[99.9398,16.9705],[99.9404,16.9694],[99.9396,16.9689],[99.9382,16.9694],[99.9379,16.97],[99.937,16.97],[99.9359,16.9683],[99.9359,16.967],[99.9393,16.9664],[99.9396,16.967],[99.941,16.9672],[99.941,16.9678],[99.9415,16.9678],[99.9418,16.9664],[99.9429,16.9664],[99.9432,16.9669],[99.9449,16.9672],[99.9455,16.9667],[99.9466,16.9669],[99.9466,16.9661],[99.9474,16.9656],[99.9477,16.9648],[99.9494,16.9648],[99.95,16.9653],[99.95,16.9661],[99.9488,16.9661],[99.9488,16.9672],[99.9477,16.9688],[99.9472,16.9707],[99.9455,16.9705],[99.9449,16.9716],[99.9441,16.9716],[99.9441,16.971],[99.9435,16.971],[99.9435,16.9726],[99.9427,16.9726],[99.9424,16.9721],[99.9424,16.974],[99.9413,16.974],[99.9407,16.9727],[99.9404,16.9727],[99.9404,16.974],[99.9393,16.974]],[[99.9401,16.9724],[99.9404,16.9727],[99.9404,16.9724],[99.9401,16.9724]],[[99.941,16.9716],[99.9413,16.971],[99.9418,16.971],[99.9415,16.9702],[99.941,16.9702],[99.941,16.9716]],[[99.943,16.971],[99.9435,16.971],[99.9435,16.9705],[99.9429,16.9705],[99.943,16.971]],[[99.9444,16.9697],[99.9449,16.9699],[99.9449,16.9697],[99.9444,16.9697]],[[99.9413,16.9694],[99.9418,16.9694],[99.9418,16.9689],[99.9413,16.9689],[99.9413,16.9694]],[[99.9443,16.9686],[99.9449,16.9688],[99.9449,16.9686],[99.9443,16.9686]],[[99.9469,16.9672],[99.9472,16.9675],[99.9472,16.9672],[99.9469,16.9672]]]}},{"type":"Feature","properties":{"kind":"seasonal","area_km2":0.676,"date":"2026-10-09"},"geometry":{"type":"Polygon","coordinates":[[[99.8789,16.9512],[99.8783,16.9491],[99.8795,16.9491],[99.8797,16.9469],[99.8806,16.9469],[99.8806,16.9463],[99.88,16.9464],[99.8783,16.945],[99.8783,16.9436],[99.8797,16.9439],[99.8797,16.9434],[99.8777,16.9431],[99.8777,16.9418],[99.8786,16.9407],[99.8794,16.9404],[99.8797,16.9382],[99.8802,16.9382],[99.8805,16.9377],[99.8831,16.9374],[99.8833,16.9385],[99.885,16.9387],[99.885,16.9398],[99.8845,16.9404],[99.8828,16.9401],[99.8819,16.9409],[99.8814,16.9409],[99.8814,16.9428],[99.882,16.9434],[99.882,16.9442],[99.8806,16.9442],[99.8806,16.945],[99.8825,16.945],[99.8828,16.9439],[99.8837,16.9439],[99.8837,16.9466],[99.8845,16.9482],[99.8845,16.9507],[99.8803,16.9507],[99.8797,16.9512],[99.8789,16.9512]],[[99.8811,16.9493],[99.8814,16.9499],[99.8814,16.9493],[99.8811,16.9493]],[[99.8808,16.9388],[99.8811,16.9393],[99.8811,16.9388],[99.8808,16.9388]]]}},{"type":"Feature","properties":{"kind":"seasonal","area_km2":0.621,"date":"2026-10-09"},"geometry":{"type":"Polygon","coordinates":[[[99.8102,16.9613],[99.8102,16.9602],[99.8116,16.9605],[99.8113,16.9588],[99.8102,16.9583],[99.8102,16.9575],[99.8082,16.9575],[99.8079,16.958],[99.8071,16.958],[99.8071,16.9572],[99.8079,16.9567],[99.8113,16.9567],[99.8113,16.9559],[99.8085,16.9559],[99.8079,16.9548],[99.8068,16.9542],[99.807,16.9499],[99.8079,16.9499],[99.809,16.9491],[99.8099,16.9491],[99.8096,16.951],[99.8102,16.951],[99.8104,16.9494],[99.813,16.9496],[99.8133,16.9526],[99.8107,16.9529],[99.8099,16.9537],[99.8099,16.9542],[99.8093,16.9542],[99.8093,16.9548],[99.8099,16.9548],[99.8107,16.954],[99.8113,16.954],[99.8113,16.9531],[99.8121,16.9531],[99.8119,16.9559],[99.8136,16.9567],[99.8136,16.9591],[99.8124,16.9594],[99.8124,16.9602],[99.8136,16.9599],[99.8136,16.9605],[99.8141,16.9605],[99.815,16.9583],[99.8161,16.9585],[99.8161,16.9599],[99.8153,16.9613],[99.8102,16.9613]]]}},{"type":"Feature","properties":{"kind":"seasonal","area_km2":0.614,"date":"2026-10-09"},"geometry":{"type":"Polygon","coordinates":[[[99.8356,16.8343],[99.8355,16.8321],[99.837,16.8321],[99.837,16.8316],[99.8358,16.8313],[99.835,16.8302],[99.8344,16.8302],[99.8344,16.8283],[99.8355,16.8278],[99.8358,16.8251],[99.8378,16.825],[99.8381,16.8256],[99.8395,16.8256],[99.84,16.8261],[99.8409,16.8261],[99.8412,16.8256],[99.8426,16.8256],[99.8426,16.8299],[99.8412,16.8299],[99.8412,16.8291],[99.8406,16.8291],[99.8403,16.834],[99.8356,16.8343]],[[99.8381,16.8321],[99.8384,16.8326],[99.8384,16.8321],[99.8381,16.8321]],[[99.8378,16.8288],[99.8381,16.8294],[99.8384,16.8288],[99.8378,16.8288]],[[99.8406,16.8277],[99.8409,16.8283],[99.8412,16.8277],[99.8406,16.8277]],[[99.8364,16.8275],[99.8367,16.828],[99.8367,16.8275],[99.8364,16.8275]]]}},{"type":"Feature","properties":{"kind":"seasonal","area_km2":0.569,"date":"2026-10-09"},"geometry":{"type":"Polygon","coordinates":[[[99.8735,16.8843],[99.8735,16.8837],[99.8727,16.8837],[99.8729,16.8821],[99.8718,16.8819],[99.8718,16.881],[99.8713,16.881],[99.871,16.8816],[99.8682,16.8819],[99.8676,16.8808],[99.8665,16.8805],[99.8665,16.8797],[99.867,16.8792],[99.8679,16.8792],[99.8679,16.8786],[99.8698,16.877],[99.8701,16.8759],[99.8709,16.8751],[99.8723,16.8751],[99.8726,16.8745],[99.8738,16.8745],[99.874,16.8753],[99.8752,16.8753],[99.8752,16.8797],[99.8735,16.8805],[99.8746,16.8805],[99.8746,16.8818],[99.8752,16.8824],[99.8766,16.8826],[99.8766,16.8843],[99.8735,16.8843]],[[99.8698,16.88],[99.8701,16.8802],[99.8701,16.88],[99.8698,16.88]],[[99.8718,16.8794],[99.8727,16.8794],[99.8724,16.8783],[99.8741,16.878],[99.874,16.8772],[99.8721,16.8772],[99.8718,16.8794]]]}},{"type":"Feature","properties":{"kind":"seasonal","area_km2":0.542,"date":"2026-10-09"},"geometry":{"type":"Polygon","coordinates":[[[99.9039,16.8782],[99.9039,16.8776],[99.9025,16.8777],[99.9019,16.8771],[99.9011,16.8779],[99.9,16.8779],[99.9002,16.8749],[99.8991,16.8747],[99.8991,16.8722],[99.8999,16.8717],[99.9005,16.8701],[99.9016,16.8695],[99.9019,16.8679],[99.901,16.8682],[99.901,16.869],[99.8999,16.8698],[99.8999,16.8706],[99.8991,16.8714],[99.8982,16.8714],[99.8985,16.8674],[99.903,16.8673],[99.9027,16.869],[99.9033,16.8695],[99.9033,16.8703],[99.9025,16.8703],[99.9025,16.8709],[99.9042,16.8711],[99.9044,16.8725],[99.9022,16.8725],[99.9025,16.8733],[99.903,16.8733],[99.9028,16.8747],[99.905,16.8747],[99.905,16.8755],[99.9042,16.8755],[99.9039,16.876],[99.9056,16.876],[99.9064,16.8768],[99.9064,16.8776],[99.9059,16.8782],[99.9039,16.8782]],[[99.9002,16.8741],[99.9011,16.8741],[99.9016,16.873],[99.9005,16.8728],[99.9002,16.8741]]]}},{"type":"Feature","properties":{"kind":"seasonal","area_km2":0.535,"date":"2026-10-09"},"geometry":{"type":"Polygon","coordinates":[[[99.8054,16.9678],[99.8051,16.9662],[99.804,16.9662],[99.804,16.9651],[99.8051,16.9651],[99.8051,16.9646],[99.8046,16.9646],[99.8043,16.9629],[99.8048,16.9627],[99.8046,16.9618],[99.8054,16.9618],[99.8054,16.9613],[99.8034,16.9613],[99.8034,16.9605],[99.8043,16.9602],[99.8029,16.9594],[99.8029,16.9586],[99.8034,16.9581],[99.8062,16.958],[99.8068,16.9589],[99.8091,16.9591],[99.8091,16.9632],[99.8099,16.9637],[99.8099,16.9645],[99.8094,16.9645],[99.8094,16.9651],[99.8105,16.9651],[99.8105,16.9659],[99.8094,16.9664],[99.8094,16.9675],[99.8054,16.9678]],[[99.8068,16.9667],[99.808,16.9667],[99.808,16.9662],[99.8074,16.9662],[99.8074,16.9651],[99.8082,16.9651],[99.8082,16.9645],[99.8065,16.9651],[99.8071,16.9654],[99.8071,16.9662],[99.8066,16.9662],[99.8068,16.9667]],[[99.806,16.9635],[99.8063,16.9637],[99.8063,16.9635],[99.806,16.9635]],[[99.806,16.9624],[99.8063,16.9627],[99.8063,16.9624],[99.806,16.9624]]]}},{"type":"Feature","properties":{"kind":"seasonal","area_km2":0.529,"date":"2026-10-09"},"geometry":{"type":"Polygon","coordinates":[[[99.933,16.9543],[99.9327,16.9526],[99.9307,16.9524],[99.9307,16.9502],[99.9302,16.9497],[99.9302,16.9464],[99.9316,16.9461],[99.9321,16.9456],[99.9363,16.9456],[99.9364,16.9472],[99.9358,16.9475],[99.9366,16.9477],[99.9372,16.9488],[99.9372,16.9502],[99.9366,16.9502],[99.9364,16.951],[99.9375,16.951],[99.9375,16.9518],[99.9355,16.9537],[99.933,16.9543]],[[99.9316,16.9505],[99.9324,16.9505],[99.9324,16.9499],[99.9316,16.9499],[99.9316,16.9505]],[[99.9335,16.9499],[99.9341,16.9499],[99.9341,16.9494],[99.9335,16.9494],[99.9335,16.9499]],[[99.935,16.9499],[99.9352,16.9494],[99.9358,16.9494],[99.9358,16.9488],[99.9347,16.9483],[99.9341,16.9491],[99.9347,16.9491],[99.935,16.9499]],[[99.9304,16.9491],[99.931,16.9491],[99.931,16.9483],[99.9304,16.9483],[99.9304,16.9491]],[[99.9338,16.9475],[99.9344,16.9472],[99.9341,16.9467],[99.9335,16.9469],[99.9338,16.9475]]]}},{"type":"Feature","properties":{"kind":"seasonal","area_km2":0.515,"date":"2026-10-09"},"geometry":{"type":"Polygon","coordinates":[[[99.9191,16.8765],[99.9177,16.876],[99.9152,16.8762],[99.9149,16.8757],[99.9149,16.8724],[99.9154,16.8722],[99.9146,16.8719],[99.9146,16.8705],[99.9132,16.8695],[99.9132,16.8684],[99.914,16.8678],[99.914,16.8665],[99.9151,16.8665],[99.916,16.867],[99.9165,16.8681],[99.9165,16.8695],[99.916,16.8695],[99.916,16.8703],[99.9171,16.8703],[99.9179,16.8694],[99.9202,16.8697],[99.9202,16.8716],[99.9211,16.8721],[99.9211,16.8735],[99.9202,16.8735],[99.9199,16.8727],[99.9188,16.8724],[99.9171,16.873],[99.9177,16.8746],[99.9185,16.8743],[99.9185,16.8732],[99.9194,16.8732],[99.9197,16.8743],[99.9213,16.8743],[99.9214,16.8759],[99.9191,16.8765]]]}},{"type":"Feature","properties":{"kind":"seasonal","area_km2":0.499,"date":"2026-10-09"},"geometry":{"type":"Polygon","coordinates":[[[99.9724,16.8988],[99.9716,16.8977],[99.9716,16.8966],[99.9705,16.8966],[99.9705,16.8958],[99.9719,16.8955],[99.9724,16.8958],[99.9724,16.8969],[99.9738,16.8968],[99.9738,16.8963],[99.9733,16.896],[99.9736,16.8944],[99.9747,16.8947],[99.9761,16.8936],[99.9769,16.8936],[99.9772,16.8941],[99.9778,16.8941],[99.9778,16.8936],[99.9792,16.8938],[99.9792,16.8928],[99.9803,16.8922],[99.9826,16.8922],[99.984,16.8944],[99.9837,16.8963],[99.9814,16.8963],[99.9806,16.8974],[99.9798,16.8974],[99.9795,16.8965],[99.9781,16.8963],[99.9781,16.8968],[99.9775,16.8971],[99.9755,16.8971],[99.975,16.8979],[99.9739,16.8979],[99.9739,16.8987],[99.9724,16.8988]]]}},{"type":"Feature","properties":{"kind":"seasonal","area_km2":0.494,"date":"2026-10-09"},"geometry":{"type":"Polygon","coordinates":[[[99.8782,16.8658],[99.8777,16.865],[99.8765,16.865],[99.8762,16.8639],[99.8754,16.8637],[99.8751,16.8623],[99.8743,16.8623],[99.8743,16.8629],[99.8731,16.8631],[99.8729,16.8637],[99.872,16.8637],[99.8714,16.8631],[99.8714,16.8623],[99.8731,16.8623],[99.8734,16.8612],[99.8768,16.8612],[99.8768,16.8631],[99.8785,16.8634],[99.8782,16.8604],[99.879,16.8604],[99.879,16.8599],[99.8802,16.8596],[99.8827,16.8577],[99.8844,16.8577],[99.8844,16.8587],[99.8852,16.8596],[99.8858,16.8625],[99.8833,16.8631],[99.8833,16.8625],[99.8824,16.8623],[99.8824,16.8628],[99.8816,16.8628],[99.8813,16.8617],[99.8805,16.8617],[99.8805,16.8623],[99.8793,16.8628],[99.8796,16.8653],[99.8791,16.8658],[99.8782,16.8658]],[[99.8776,16.8639],[99.8779,16.8642],[99.8779,16.8639],[99.8776,16.8639]],[[99.8841,16.862],[99.885,16.862],[99.8847,16.8606],[99.8835,16.8612],[99.8841,16.862]],[[99.879,16.8607],[99.8793,16.8609],[99.8793,16.8607],[99.879,16.8607]]]}},{"type":"Feature","properties":{"kind":"seasonal","area_km2":0.493,"date":"2026-10-09"},"geometry":{"type":"Polygon","coordinates":[[[99.3432,16.9141],[99.3432,16.9105],[99.3441,16.9089],[99.3472,16.9086],[99.3483,16.9092],[99.3486,16.9103],[99.3477,16.9108],[99.3483,16.9116],[99.3491,16.9111],[99.3494,16.91],[99.3503,16.9097],[99.3505,16.9105],[99.3505,16.9094],[99.3514,16.9084],[99.3522,16.9084],[99.3528,16.9092],[99.3536,16.9094],[99.3536,16.9113],[99.3531,16.9116],[99.3528,16.9138],[99.3508,16.9138],[99.3508,16.9132],[99.3497,16.913],[99.3483,16.9141],[99.346,16.9141],[99.3458,16.9124],[99.3446,16.9122],[99.3449,16.9141],[99.3432,16.9141]],[[99.3474,16.9135],[99.3477,16.9138],[99.3477,16.9135],[99.3474,16.9135]],[[99.3488,16.913],[99.3491,16.9132],[99.3491,16.913],[99.3488,16.913]],[[99.3486,16.913],[99.3494,16.9127],[99.3488,16.9124],[99.3488,16.9119],[99.3483,16.9124],[99.3486,16.913]],[[99.3503,16.9124],[99.3505,16.9127],[99.3505,16.9124],[99.3503,16.9124]],[[99.348,16.9122],[99.3483,16.9124],[99.3483,16.9122],[99.348,16.9122]],[[99.3457,16.9113],[99.3463,16.9113],[99.3463,16.9097],[99.3457,16.9097],[99.3457,16.9113]]]}},{"type":"Feature","properties":{"kind":"seasonal","area_km2":0.491,"date":"2026-10-09"},"geometry":{"type":"Polygon","coordinates":[[[99.8185,16.8501],[99.8176,16.8493],[99.8176,16.8474],[99.817,16.8474],[99.8167,16.8463],[99.8176,16.8463],[99.8176,16.8471],[99.8182,16.8471],[99.8176,16.8449],[99.8179,16.8441],[99.8187,16.8438],[99.8187,16.8428],[99.8173,16.8428],[99.8162,16.8417],[99.815,16.842],[99.815,16.8425],[99.8159,16.8428],[99.8159,16.8463],[99.8148,16.8463],[99.8125,16.8441],[99.8125,16.8433],[99.8142,16.8433],[99.8133,16.8425],[99.8133,16.8406],[99.8142,16.839],[99.8153,16.839],[99.8176,16.8406],[99.819,16.8406],[99.8187,16.8417],[99.8209,16.8419],[99.821,16.843],[99.8215,16.8433],[99.8212,16.8452],[99.8207,16.8452],[99.8201,16.846],[99.8193,16.846],[99.8196,16.8493],[99.8193,16.8501],[99.8185,16.8501]]]}},{"type":"Feature","properties":{"kind":"seasonal","area_km2":0.472,"date":"2026-10-09"},"geometry":{"type":"Polygon","coordinates":[[[99.9422,16.8723],[99.9419,16.871],[99.9413,16.8704],[99.9416,16.8683],[99.9405,16.8677],[99.9405,16.8664],[99.9399,16.8661],[99.9399,16.8647],[99.9393,16.8639],[99.9393,16.862],[99.9387,16.8607],[99.939,16.8588],[99.9399,16.8588],[99.941,16.8601],[99.9421,16.8601],[99.9421,16.8615],[99.9444,16.8612],[99.9438,16.8628],[99.943,16.8631],[99.943,16.8645],[99.9438,16.8653],[99.9438,16.8666],[99.9433,16.8672],[99.943,16.8685],[99.9444,16.8685],[99.9447,16.872],[99.9422,16.8723]],[[99.9427,16.8712],[99.9433,16.8712],[99.9439,16.8701],[99.943,16.8699],[99.9425,16.8707],[99.9427,16.8712]],[[99.9422,16.8691],[99.9427,16.8691],[99.9427,16.8685],[99.9424,16.8685],[99.9422,16.8691]],[[99.9422,16.8674],[99.9427,16.8672],[99.9427,16.8666],[99.9422,16.8666],[99.9422,16.8674]],[[99.941,16.8653],[99.9416,16.8653],[99.9413,16.8628],[99.9407,16.8628],[99.941,16.8653]]]}},{"type":"Feature","properties":{"kind":"seasonal","area_km2":0.46,"date":"2026-10-09"},"geometry":{"type":"Polygon","coordinates":[[[99.8542,16.9017],[99.8542,16.9009],[99.8533,16.9004],[99.8533,16.8998],[99.8519,16.8993],[99.8516,16.8979],[99.8516,16.8968],[99.8525,16.8968],[99.8527,16.8963],[99.8522,16.8952],[99.8513,16.895],[99.8513,16.8941],[99.8524,16.8933],[99.853,16.8922],[99.8547,16.8925],[99.8538,16.8914],[99.8527,16.8917],[99.8527,16.8906],[99.8544,16.8906],[99.8564,16.8922],[99.8564,16.893],[99.8558,16.893],[99.8555,16.8952],[99.8547,16.8952],[99.8547,16.8958],[99.8561,16.8955],[99.8561,16.8968],[99.8556,16.8974],[99.8558,16.899],[99.8572,16.8979],[99.8587,16.8976],[99.8587,16.8984],[99.8575,16.8995],[99.857,16.8995],[99.8558,16.9009],[99.8553,16.9009],[99.8553,16.9017],[99.8542,16.9017]],[[99.8536,16.8952],[99.8539,16.8955],[99.8539,16.8952],[99.8536,16.8952]],[[99.853,16.8944],[99.8533,16.8947],[99.8533,16.8944],[99.853,16.8944]],[[99.8544,16.8944],[99.8547,16.8947],[99.8547,16.8944],[99.8544,16.8944]]]}},{"type":"Feature","properties":{"kind":"seasonal","area_km2":0.445,"date":"2026-10-09"},"geometry":{"type":"Polygon","coordinates":[[[99.996,16.8775],[99.9954,16.8769],[99.9935,16.8772],[99.9929,16.8767],[99.9929,16.8759],[99.9923,16.8772],[99.9904,16.8772],[99.9898,16.8767],[99.9892,16.8756],[99.9892,16.8743],[99.9901,16.8743],[99.9903,16.8737],[99.9901,16.8732],[99.9889,16.8732],[99.9886,16.8713],[99.9892,16.8713],[99.9892,16.8705],[99.99,16.8705],[99.9901,16.8718],[99.9912,16.8721],[99.9915,16.8743],[99.9926,16.8743],[99.9934,16.8732],[99.9934,16.8723],[99.9943,16.8723],[99.9937,16.8715],[99.9934,16.8691],[99.9945,16.8694],[99.9957,16.8715],[99.996,16.8732],[99.9991,16.8726],[99.9988,16.8748],[99.9982,16.8748],[99.998,16.8753],[99.9968,16.8753],[99.9965,16.8742],[99.9946,16.8732],[99.9946,16.874],[99.9951,16.874],[99.9951,16.8753],[99.9946,16.8759],[99.9954,16.8764],[99.9968,16.8764],[99.9968,16.8775],[99.996,16.8775]]]}},{"type":"Feature","properties":{"kind":"seasonal","area_km2":0.441,"date":"2026-10-09"},"geometry":{"type":"Polygon","coordinates":[[[99.8421,16.8535],[99.8413,16.8519],[99.8412,16.8475],[99.8441,16.847],[99.8443,16.8459],[99.8435,16.8467],[99.8398,16.8465],[99.8398,16.8456],[99.8407,16.8454],[99.8407,16.8448],[99.8398,16.8446],[99.8398,16.8435],[99.8412,16.8432],[99.8424,16.844],[99.8432,16.8437],[99.8435,16.8454],[99.8441,16.8454],[99.844,16.8435],[99.8446,16.8432],[99.8446,16.8424],[99.8454,16.8424],[99.8455,16.8435],[99.8466,16.8437],[99.8455,16.847],[99.8455,16.8478],[99.846,16.8481],[99.846,16.85],[99.8435,16.8502],[99.8435,16.8508],[99.843,16.8508],[99.8421,16.8516],[99.8432,16.8521],[99.8432,16.8535],[99.8421,16.8535]],[[99.8441,16.8494],[99.8446,16.8492],[99.8446,16.8481],[99.8438,16.8483],[99.8441,16.8494]],[[99.8424,16.8489],[99.8427,16.8492],[99.8427,16.8489],[99.8424,16.8489]]]}},{"type":"Feature","properties":{"kind":"seasonal","area_km2":0.43,"date":"2026-10-09"},"geometry":{"type":"Polygon","coordinates":[[[99.8126,16.8756],[99.8126,16.8737],[99.8118,16.8723],[99.8109,16.8723],[99.8109,16.8732],[99.809,16.8726],[99.8056,16.8732],[99.8056,16.8713],[99.8033,16.871],[99.8031,16.8718],[99.8011,16.8724],[99.8011,16.871],[99.8031,16.8707],[99.803,16.8683],[99.8039,16.8678],[99.805,16.868],[99.805,16.8694],[99.8042,16.8702],[99.8056,16.8707],[99.8059,16.8702],[99.8053,16.8696],[99.8053,16.8683],[99.8067,16.8686],[99.807,16.8696],[99.8076,16.8696],[99.8084,16.8686],[99.8104,16.8685],[99.8104,16.8704],[99.8118,16.8702],[99.8121,16.8712],[99.8135,16.871],[99.8135,16.8718],[99.814,16.8721],[99.814,16.8729],[99.8132,16.8731],[99.8138,16.8737],[99.8135,16.8756],[99.8126,16.8756]],[[99.8067,16.8718],[99.8087,16.8718],[99.8087,16.8713],[99.8076,16.8713],[99.8076,16.8707],[99.807,16.8705],[99.807,16.871],[99.8064,16.8713],[99.8067,16.8718]],[[99.8101,16.8715],[99.8107,16.8718],[99.8107,16.8715],[99.8101,16.8715]]]}},{"type":"Feature","properties":{"kind":"seasonal","area_km2":0.419,"date":"2026-10-09"},"geometry":{"type":"Polygon","coordinates":[[[99.858,16.8868],[99.858,16.886],[99.8569,16.8857],[99.8569,16.8849],[99.8586,16.8838],[99.8589,16.8814],[99.8583,16.8811],[99.8577,16.883],[99.8566,16.8841],[99.8549,16.8841],[99.8549,16.8833],[99.8558,16.883],[99.8558,16.8819],[99.8549,16.8817],[99.8546,16.8808],[99.8549,16.8795],[99.8569,16.8795],[99.8572,16.8789],[99.858,16.8789],[99.8591,16.8797],[99.8594,16.8805],[99.8614,16.8805],[99.8614,16.8814],[99.8622,16.8819],[99.8625,16.8838],[99.8637,16.8838],[99.8639,16.8824],[99.8648,16.8824],[99.8648,16.8838],[99.8639,16.8841],[99.8639,16.8846],[99.862,16.8849],[99.8597,16.8843],[99.8592,16.8865],[99.858,16.8868]]]}},{"type":"Feature","properties":{"kind":"seasonal","area_km2":0.419,"date":"2026-10-09"},"geometry":{"type":"Polygon","coordinates":[[[99.896,16.8798],[99.8935,16.8799],[99.8938,16.8785],[99.8926,16.8782],[99.8926,16.8774],[99.894,16.8769],[99.894,16.8763],[99.8932,16.875],[99.8932,16.8742],[99.8921,16.8736],[99.8921,16.8725],[99.8929,16.8723],[99.8929,16.8709],[99.894,16.8704],[99.896,16.8704],[99.8965,16.8695],[99.8974,16.8695],[99.8971,16.8706],[99.898,16.8714],[99.8983,16.8739],[99.898,16.8744],[99.8968,16.8744],[99.8966,16.8752],[99.896,16.8752],[99.896,16.8758],[99.8966,16.8758],[99.8966,16.8766],[99.896,16.8769],[99.8969,16.8771],[99.8969,16.8779],[99.896,16.8779],[99.8955,16.8785],[99.896,16.879],[99.896,16.8798]],[[99.8949,16.8747],[99.8954,16.8744],[99.8954,16.8739],[99.8946,16.8739],[99.8949,16.8747]],[[99.8954,16.8739],[99.8968,16.8739],[99.8971,16.8728],[99.8954,16.8728],[99.8954,16.8739]]]}},{"type":"Feature","properties":{"kind":"seasonal","area_km2":0.415,"date":"2026-10-09"},"geometry":{"type":"Polygon","coordinates":[[[99.8937,16.9243],[99.8912,16.9241],[99.8909,16.9235],[99.8895,16.9233],[99.8895,16.9224],[99.8906,16.9222],[99.8909,16.9216],[99.8886,16.9214],[99.8886,16.9203],[99.8897,16.9205],[99.89,16.9197],[99.8883,16.9197],[99.8878,16.9192],[99.8878,16.9184],[99.8883,16.9184],[99.8889,16.9173],[99.8906,16.917],[99.8906,16.9157],[99.8925,16.9157],[99.8923,16.9167],[99.8917,16.9167],[99.8925,16.9173],[99.892,16.9173],[99.8917,16.9181],[99.8928,16.9181],[99.8934,16.9189],[99.8937,16.9184],[99.8945,16.9184],[99.8945,16.9189],[99.894,16.9192],[99.8945,16.9197],[99.8945,16.9227],[99.894,16.923],[99.8937,16.9243]]]}},{"type":"Feature","properties":{"kind":"seasonal","area_km2":0.413,"date":"2026-10-09"},"geometry":{"type":"Polygon","coordinates":[[[99.7822,16.9966],[99.7822,16.9961],[99.7802,16.9964],[99.7799,16.9945],[99.7793,16.9939],[99.7796,16.992],[99.7793,16.9912],[99.7788,16.9912],[99.7785,16.9896],[99.7804,16.9896],[99.7813,16.9885],[99.7838,16.9885],[99.7838,16.9893],[99.7847,16.9896],[99.7844,16.9907],[99.7852,16.9923],[99.7844,16.9931],[99.7833,16.9931],[99.7833,16.9926],[99.7824,16.9928],[99.7833,16.9939],[99.7838,16.9939],[99.7839,16.9953],[99.7833,16.9953],[99.783,16.9966],[99.7822,16.9966]],[[99.7824,16.9945],[99.7827,16.9947],[99.7827,16.9945],[99.7824,16.9945]],[[99.7819,16.9896],[99.7821,16.9901],[99.7821,16.9896],[99.7819,16.9896]]]}},{"type":"Feature","properties":{"kind":"seasonal","area_km2":0.413,"date":"2026-10-09"},"geometry":{"type":"Polygon","coordinates":[[[99.8249,16.1105],[99.8249,16.11],[99.8266,16.1097],[99.8277,16.1089],[99.8254,16.1089],[99.8277,16.1067],[99.8299,16.1073],[99.8305,16.1067],[99.8313,16.1067],[99.8324,16.1056],[99.8333,16.1035],[99.8333,16.1027],[99.8327,16.1027],[99.8327,16.1013],[99.8338,16.0991],[99.8366,16.0967],[99.8383,16.0967],[99.8383,16.0975],[99.8369,16.0975],[99.8369,16.0997],[99.8361,16.1007],[99.8349,16.1013],[99.835,16.1018],[99.8355,16.1016],[99.8355,16.1021],[99.8347,16.1035],[99.8347,16.1048],[99.8341,16.1051],[99.8333,16.107],[99.8322,16.1078],[99.8322,16.1084],[99.8316,16.1084],[99.8316,16.1089],[99.8311,16.1089],[99.8302,16.1097],[99.8249,16.1105]],[[99.828,16.1095],[99.8283,16.1097],[99.8283,16.1095],[99.828,16.1095]],[[99.8285,16.1095],[99.8288,16.1097],[99.8288,16.1094],[99.8285,16.1095]],[[99.8282,16.1092],[99.8285,16.1095],[99.8285,16.1092],[99.8282,16.1092]],[[99.8291,16.1092],[99.8294,16.1094],[99.8294,16.1092],[99.8291,16.1092]],[[99.8282,16.1086],[99.8302,16.1086],[99.8305,16.1078],[99.8285,16.1076],[99.8282,16.1086]],[[99.8336,16.1029],[99.8347,16.1026],[99.835,16.1018],[99.8335,16.1021],[99.8336,16.1029]]]}},{"type":"Feature","properties":{"kind":"seasonal","area_km2":0.403,"date":"2026-10-09"},"geometry":{"type":"Polygon","coordinates":[[[99.8358,16.8839],[99.8352,16.8836],[99.8352,16.8825],[99.8341,16.8823],[99.8344,16.8804],[99.8355,16.8804],[99.836,16.8796],[99.8369,16.8796],[99.8369,16.8806],[99.8377,16.8815],[99.838,16.8825],[99.8386,16.8823],[99.8386,16.8817],[99.838,16.8817],[99.838,16.8806],[99.8408,16.8806],[99.8408,16.8801],[99.84,16.8793],[99.8389,16.8793],[99.8386,16.8785],[99.8377,16.8785],[99.8377,16.8777],[99.8417,16.8776],[99.8422,16.879],[99.8439,16.8793],[99.8445,16.8798],[99.8445,16.8806],[99.8437,16.8812],[99.8437,16.8822],[99.8431,16.8825],[99.8428,16.8839],[99.842,16.8839],[99.842,16.882],[99.8414,16.8814],[99.8397,16.8817],[99.84,16.8836],[99.8383,16.8831],[99.8358,16.8839]]]}},{"type":"Feature","properties":{"kind":"seasonal","area_km2":0.394,"date":"2026-10-09"},"geometry":{"type":"Polygon","coordinates":[[[99.7931,16.9792],[99.7922,16.9782],[99.7922,16.9768],[99.7948,16.9765],[99.7948,16.976],[99.7925,16.9757],[99.7919,16.9736],[99.7922,16.9722],[99.7956,16.9722],[99.7953,16.9733],[99.7973,16.9733],[99.7973,16.9744],[99.7979,16.9746],[99.7981,16.9733],[99.8015,16.973],[99.8015,16.9738],[99.801,16.9743],[99.7993,16.9743],[99.7993,16.9749],[99.8007,16.9749],[99.8007,16.9765],[99.7984,16.9765],[99.7973,16.9752],[99.7959,16.9752],[99.7953,16.9768],[99.7953,16.9792],[99.7931,16.9792]]]}},{"type":"Feature","properties":{"kind":"seasonal","area_km2":0.391,"date":"2026-10-09"},"geometry":{"type":"Polygon","coordinates":[[[99.7973,16.9104],[99.7973,16.909],[99.7981,16.9074],[99.7987,16.9071],[99.7987,16.9057],[99.8001,16.9044],[99.8049,16.9046],[99.8094,16.9041],[99.8091,16.9049],[99.8066,16.9054],[99.806,16.906],[99.8052,16.906],[99.8038,16.9073],[99.8024,16.9079],[99.8018,16.9084],[99.8018,16.9103],[99.799,16.9103],[99.7987,16.9098],[99.7981,16.9098],[99.7981,16.9093],[99.7987,16.909],[99.7979,16.909],[99.7973,16.9104]],[[99.8063,16.9046],[99.8066,16.9054],[99.8066,16.9046],[99.8063,16.9046]]]}},{"type":"Feature","properties":{"kind":"seasonal","area_km2":0.388,"date":"2026-10-09"},"geometry":{"type":"Polygon","coordinates":[[[99.0071,16.8485],[99.0026,16.8485],[99.0021,16.8479],[99.0004,16.8476],[99.0009,16.8471],[99.0009,16.846],[99.0004,16.8457],[99.0012,16.8457],[99.0015,16.8463],[99.0035,16.846],[99.0023,16.8455],[99.0032,16.8455],[99.0032,16.8447],[99.004,16.8447],[99.004,16.8441],[99.0054,16.8433],[99.0057,16.8422],[99.0074,16.8428],[99.0077,16.8417],[99.0085,16.8409],[99.0091,16.8409],[99.0097,16.8428],[99.0102,16.8428],[99.0105,16.8433],[99.0097,16.8433],[99.0088,16.8438],[99.0088,16.8444],[99.0083,16.8444],[99.008,16.8466],[99.0074,16.8471],[99.006,16.8471],[99.0074,16.8474],[99.0071,16.8485]],[[99.0052,16.8476],[99.0054,16.8479],[99.0054,16.8476],[99.0052,16.8476]],[[99.0049,16.8468],[99.0054,16.8474],[99.0054,16.8468],[99.0049,16.8468]],[[99.0063,16.8466],[99.0066,16.8468],[99.0066,16.8466],[99.0063,16.8466]],[[99.006,16.8463],[99.0063,16.8466],[99.0063,16.8463],[99.006,16.8463]],[[99.0071,16.8463],[99.0074,16.8466],[99.0074,16.8463],[99.0071,16.8463]],[[99.004,16.8457],[99.0043,16.846],[99.0043,16.8457],[99.004,16.8457]],[[99.0083,16.8438],[99.0085,16.8441],[99.0085,16.8438],[99.0083,16.8438]],[[99.0083,16.8433],[99.0085,16.8436],[99.0085,16.8433],[99.0083,16.8433]],[[99.0063,16.843],[99.0066,16.8433],[99.0066,16.843],[99.0063,16.843]],[[99.0074,16.843],[99.0077,16.8433],[99.0077,16.843],[99.0074,16.843]],[[99.008,16.843],[99.0083,16.8433],[99.0083,16.843],[99.008,16.843]],[[99.0094,16.843],[99.0097,16.8433],[99.0097,16.843],[99.0094,16.843]],[[99.006,16.8425],[99.0063,16.8428],[99.0063,16.8425],[99.006,16.8425]],[[99.0083,16.8425],[99.0085,16.8428],[99.0085,16.8425],[99.0083,16.8425]],[[99.0083,16.8419],[99.0085,16.8422],[99.0085,16.8419],[99.0083,16.8419]]]}},{"type":"Feature","properties":{"kind":"seasonal","area_km2":0.382,"date":"2026-10-09"},"geometry":{"type":"Polygon","coordinates":[[[99.6914,16.2897],[99.6911,16.2881],[99.692,16.2876],[99.6917,16.2865],[99.6922,16.2862],[99.6928,16.283],[99.6925,16.2816],[99.6917,16.2805],[99.6917,16.2778],[99.6908,16.2778],[99.6908,16.2773],[99.6903,16.277],[99.6908,16.2765],[99.69,16.2762],[99.69,16.2743],[99.6914,16.2746],[99.6917,16.2764],[99.6925,16.2773],[99.6931,16.2773],[99.6936,16.2783],[99.6945,16.2783],[99.6945,16.2792],[99.695,16.2791],[99.6953,16.2819],[99.6953,16.2832],[99.6945,16.2857],[99.6937,16.2859],[99.6939,16.2867],[99.6934,16.2867],[99.6934,16.2876],[99.6928,16.2878],[99.6931,16.2889],[99.6925,16.2892],[99.6925,16.2897],[99.6914,16.2897]],[[99.6923,16.2889],[99.6925,16.2892],[99.6925,16.2889],[99.6923,16.2889]],[[99.6914,16.2884],[99.6917,16.2889],[99.6917,16.2884],[99.6914,16.2884]],[[99.6931,16.2824],[99.6934,16.283],[99.6934,16.2824],[99.6931,16.2824]],[[99.6914,16.2773],[99.6917,16.2775],[99.6917,16.2773],[99.6914,16.2773]]]}},{"type":"Feature","properties":{"kind":"seasonal","area_km2":0.38,"date":"2026-10-09"},"geometry":{"type":"Polygon","coordinates":[[[99.8918,16.8864],[99.8907,16.8858],[99.891,16.8837],[99.8921,16.8837],[99.8927,16.8828],[99.8938,16.8828],[99.8938,16.8818],[99.8949,16.8818],[99.8949,16.8807],[99.8966,16.8809],[99.8971,16.8785],[99.898,16.8785],[99.8986,16.879],[99.8986,16.8809],[99.8974,16.8812],[99.8972,16.882],[99.8983,16.882],[99.8986,16.8815],[99.9008,16.8815],[99.9011,16.8831],[99.8997,16.8828],[99.898,16.8842],[99.896,16.8839],[99.8958,16.8845],[99.8963,16.8847],[99.8963,16.8855],[99.8935,16.8858],[99.8935,16.885],[99.8924,16.8847],[99.8921,16.8853],[99.8932,16.8856],[99.8932,16.8864],[99.8918,16.8864]]]}},{"type":"Feature","properties":{"kind":"seasonal","area_km2":0.373,"date":"2026-10-09"},"geometry":{"type":"Polygon","coordinates":[[[99.839,16.9031],[99.8387,16.9018],[99.8392,16.9015],[99.8392,16.9007],[99.8401,16.8999],[99.8401,16.8993],[99.8384,16.8993],[99.8381,16.8988],[99.8375,16.8988],[99.8373,16.9002],[99.8361,16.9002],[99.8356,16.8996],[99.8333,16.8999],[99.833,16.8994],[99.833,16.8999],[99.8311,16.9005],[99.8311,16.8988],[99.833,16.8991],[99.833,16.8977],[99.8339,16.8977],[99.8339,16.8983],[99.8361,16.8985],[99.8361,16.8975],[99.8353,16.8975],[99.8347,16.8947],[99.8361,16.895],[99.8364,16.8966],[99.8384,16.8972],[99.8406,16.8972],[99.842,16.8985],[99.842,16.8993],[99.8412,16.8996],[99.8412,16.9001],[99.8418,16.9001],[99.8415,16.9023],[99.8404,16.9026],[99.8398,16.9021],[99.8398,16.9031],[99.839,16.9031]]]}},{"type":"Feature","properties":{"kind":"seasonal","area_km2":0.365,"date":"2026-10-09"},"geometry":{"type":"Polygon","coordinates":[[[99.8678,16.8764],[99.8645,16.8762],[99.8642,16.874],[99.8656,16.8735],[99.8667,16.8735],[99.8667,16.874],[99.8673,16.874],[99.8673,16.8727],[99.8664,16.8727],[99.8664,16.8718],[99.867,16.8713],[99.8684,16.8713],[99.869,16.8718],[99.8692,16.8705],[99.8709,16.8705],[99.8709,16.8713],[99.8718,16.8713],[99.8732,16.871],[99.8732,16.8702],[99.8743,16.8702],[99.874,16.8726],[99.8735,16.8732],[99.8721,16.8729],[99.8718,16.8734],[99.8709,16.8734],[99.8706,16.8729],[99.8701,16.8729],[99.8701,16.8735],[99.8707,16.8734],[99.8707,16.8743],[99.8693,16.8748],[99.869,16.8759],[99.8678,16.8764]],[[99.8667,16.8754],[99.8673,16.8756],[99.8673,16.8754],[99.8667,16.8754]],[[99.8656,16.8748],[99.8662,16.8748],[99.8662,16.8746],[99.8656,16.8743],[99.8656,16.8748]],[[99.8706,16.8713],[99.8709,16.8716],[99.8709,16.8713],[99.8706,16.8713]]]}},{"type":"Feature","properties":{"kind":"seasonal","area_km2":0.36,"date":"2026-10-09"},"geometry":{"type":"Polygon","coordinates":[[[99.8518,16.6959],[99.8513,16.6951],[99.8482,16.6938],[99.8482,16.6929],[99.8493,16.6919],[99.849,16.6908],[99.8496,16.6902],[99.8498,16.6889],[99.8524,16.6889],[99.8527,16.6894],[99.8535,16.6894],[99.8535,16.6916],[99.8549,16.6921],[99.8549,16.6929],[99.8535,16.6946],[99.8535,16.6951],[99.8527,16.6959],[99.8518,16.6959]],[[99.8515,16.6902],[99.8521,16.6902],[99.8521,16.6897],[99.8518,16.6897],[99.8515,16.6902]],[[99.8521,16.6894],[99.8524,16.6897],[99.8524,16.6894],[99.8521,16.6894]]]}},{"type":"Feature","properties":{"kind":"seasonal","area_km2":0.355,"date":"2026-10-09"},"geometry":{"type":"Polygon","coordinates":[[[99.9745,16.8602],[99.9734,16.8594],[99.9734,16.8562],[99.9742,16.8559],[99.9742,16.8545],[99.9756,16.8543],[99.9762,16.8548],[99.9773,16.854],[99.9787,16.854],[99.9787,16.8559],[99.9801,16.8559],[99.981,16.8553],[99.9826,16.8559],[99.9827,16.8567],[99.9821,16.8567],[99.9824,16.8588],[99.9815,16.8594],[99.9796,16.8591],[99.9793,16.8575],[99.9779,16.8575],[99.9779,16.8564],[99.9773,16.8564],[99.9773,16.8575],[99.9762,16.8575],[99.9759,16.8567],[99.975,16.8564],[99.9745,16.8573],[99.9751,16.8575],[99.9753,16.8602],[99.9745,16.8602]],[[99.9736,16.8575],[99.9739,16.8578],[99.9739,16.8575],[99.9736,16.8575]]]}},{"type":"Feature","properties":{"kind":"seasonal","area_km2":0.354,"date":"2026-10-09"},"geometry":{"type":"Polygon","coordinates":[[[99.8981,16.8945],[99.8981,16.8934],[99.8986,16.8931],[99.8986,16.8926],[99.8969,16.8929],[99.8964,16.8923],[99.8964,16.8904],[99.8972,16.8904],[99.898,16.8896],[99.8972,16.8893],[99.8972,16.8888],[99.8966,16.8885],[99.8966,16.8877],[99.8972,16.8874],[99.8966,16.8869],[99.8966,16.8861],[99.8989,16.8858],[99.9003,16.8888],[99.9003,16.8896],[99.8995,16.8899],[99.8989,16.8912],[99.9,16.8915],[99.9009,16.8899],[99.9026,16.8899],[99.9026,16.8909],[99.9017,16.8918],[99.9017,16.8923],[99.9026,16.8923],[99.9026,16.8931],[99.9023,16.8936],[99.9006,16.8934],[99.9003,16.8939],[99.8981,16.8945]]]}},{"type":"Feature","properties":{"kind":"seasonal","area_km2":0.343,"date":"2026-10-09"},"geometry":{"type":"Polygon","coordinates":[[[99.8261,16.859],[99.8261,16.8584],[99.825,16.8574],[99.8252,16.8563],[99.8241,16.856],[99.8235,16.8552],[99.8224,16.8552],[99.8227,16.8539],[99.8221,16.8536],[99.8221,16.8514],[99.823,16.8511],[99.8232,16.8501],[99.8246,16.8498],[99.8255,16.849],[99.8255,16.8481],[99.8269,16.8484],[99.8261,16.8519],[99.8252,16.8525],[99.8255,16.8547],[99.8266,16.8555],[99.8269,16.8568],[99.8275,16.8574],[99.8283,16.8574],[99.8283,16.8587],[99.8261,16.859]],[[99.8232,16.8511],[99.8241,16.8514],[99.8241,16.8509],[99.8232,16.8511]]]}},{"type":"Feature","properties":{"kind":"seasonal","area_km2":0.342,"date":"2026-10-09"},"geometry":{"type":"Polygon","coordinates":[[[99.7997,16.9358],[99.7968,16.9342],[99.7971,16.9315],[99.8005,16.9315],[99.8011,16.9326],[99.8016,16.9326],[99.8019,16.9318],[99.8027,16.9318],[99.8027,16.9323],[99.8033,16.9323],[99.8033,16.9304],[99.8061,16.9304],[99.8061,16.9317],[99.8056,16.9317],[99.8058,16.9331],[99.8053,16.9331],[99.8047,16.9339],[99.8033,16.9339],[99.803,16.9334],[99.8028,16.9337],[99.803,16.9347],[99.8022,16.9347],[99.8022,16.9342],[99.8016,16.9342],[99.8016,16.9353],[99.7997,16.9358]],[[99.8025,16.9334],[99.8028,16.9337],[99.8028,16.9334],[99.8025,16.9334]]]}},{"type":"Feature","properties":{"kind":"seasonal","area_km2":0.327,"date":"2026-10-09"},"geometry":{"type":"Polygon","coordinates":[[[99.8704,16.8897],[99.8704,16.8892],[99.8696,16.8884],[99.8696,16.8873],[99.869,16.8867],[99.869,16.8854],[99.8685,16.8851],[99.8684,16.8843],[99.8659,16.8835],[99.8656,16.8821],[99.8676,16.8821],[99.8676,16.8827],[99.8682,16.8827],[99.871,16.8854],[99.8716,16.8854],[99.871,16.8843],[99.8704,16.8843],[99.8704,16.8835],[99.871,16.8832],[99.8721,16.8835],[99.8724,16.8848],[99.8744,16.8851],[99.8744,16.887],[99.8735,16.887],[99.8724,16.8856],[99.8718,16.8856],[99.8718,16.8862],[99.8735,16.8875],[99.8738,16.8892],[99.8704,16.8897]]]}},{"type":"Feature","properties":{"kind":"seasonal","area_km2":0.315,"date":"2026-10-09"},"geometry":{"type":"Polygon","coordinates":[[[99.9207,16.9191],[99.9207,16.9182],[99.9187,16.9185],[99.9185,16.918],[99.9179,16.918],[99.917,16.9172],[99.917,16.9164],[99.9199,16.9172],[99.9199,16.9166],[99.9187,16.9164],[99.9187,16.915],[99.9207,16.9136],[99.9207,16.9123],[99.9215,16.9123],[99.9215,16.9131],[99.9224,16.9136],[99.9229,16.9131],[99.9238,16.9131],[99.9238,16.9136],[99.9244,16.9139],[99.9244,16.915],[99.9232,16.915],[99.9232,16.9155],[99.9238,16.9155],[99.9238,16.9174],[99.9232,16.9177],[99.9233,16.9185],[99.9224,16.919],[99.9207,16.9191]],[[99.9221,16.9177],[99.9227,16.9174],[99.9224,16.9169],[99.9218,16.9172],[99.9221,16.9177]],[[99.923,16.9147],[99.9232,16.915],[99.9232,16.9147],[99.923,16.9147]],[[99.9227,16.9144],[99.923,16.9147],[99.923,16.9144],[99.9227,16.9144]],[[99.923,16.9142],[99.9232,16.9144],[99.9232,16.9142],[99.923,16.9142]]]}},{"type":"Feature","properties":{"kind":"seasonal","area_km2":0.31,"date":"2026-10-09"},"geometry":{"type":"Polygon","coordinates":[[[99.9729,16.9348],[99.9726,16.9337],[99.969,16.9337],[99.9684,16.9332],[99.9684,16.9324],[99.9667,16.9329],[99.9656,16.9319],[99.9656,16.9308],[99.965,16.9308],[99.965,16.93],[99.9658,16.93],[99.9659,16.9308],[99.9681,16.931],[99.9687,16.9321],[99.9692,16.9321],[99.9698,16.9318],[99.9695,16.9302],[99.9723,16.9302],[99.9723,16.9283],[99.9718,16.9283],[99.9717,16.9275],[99.9723,16.9272],[99.9723,16.9267],[99.9734,16.9267],[99.9735,16.9316],[99.9729,16.9321],[99.9721,16.9321],[99.9718,16.9329],[99.9732,16.9326],[99.9735,16.9335],[99.9746,16.9334],[99.9746,16.9348],[99.9729,16.9348]],[[99.9701,16.9327],[99.9706,16.9327],[99.9706,16.9324],[99.9701,16.9321],[99.9701,16.9327]]]}},{"type":"Feature","properties":{"kind":"seasonal","area_km2":0.31,"date":"2026-10-09"},"geometry":{"type":"Polygon","coordinates":[[[99.8238,16.917],[99.8235,16.9154],[99.8244,16.9151],[99.8246,16.9143],[99.8255,16.9143],[99.826,16.913],[99.828,16.9129],[99.8283,16.9121],[99.8289,16.9121],[99.8294,16.9113],[99.8311,16.9116],[99.8311,16.9135],[99.8306,16.914],[99.8311,16.9162],[99.8272,16.9167],[99.8261,16.9167],[99.8255,16.9162],[99.8252,16.9168],[99.8238,16.917]],[[99.8289,16.9135],[99.8294,16.9135],[99.8294,16.9129],[99.8289,16.9129],[99.8289,16.9135]]]}},{"type":"Feature","properties":{"kind":"seasonal","area_km2":0.309,"date":"2026-10-09"},"geometry":{"type":"Polygon","coordinates":[[[99.0224,16.9567],[99.0215,16.9558],[99.0204,16.9561],[99.0201,16.9556],[99.0195,16.9556],[99.0195,16.9548],[99.0212,16.9537],[99.0212,16.9531],[99.0204,16.9529],[99.0207,16.9512],[99.0201,16.9491],[99.0209,16.9482],[99.0224,16.9485],[99.0229,16.948],[99.0229,16.9469],[99.0218,16.9469],[99.0218,16.9455],[99.0226,16.9453],[99.0235,16.9442],[99.0243,16.9442],[99.024,16.9461],[99.0246,16.9463],[99.0246,16.9499],[99.024,16.9488],[99.0215,16.9496],[99.0215,16.9518],[99.0224,16.952],[99.0221,16.9531],[99.0229,16.9539],[99.0229,16.9548],[99.0232,16.9539],[99.0238,16.9539],[99.0235,16.9567],[99.0224,16.9567]]]}},{"type":"Feature","properties":{"kind":"seasonal","area_km2":0.3,"date":"2026-10-09"},"geometry":{"type":"Polygon","coordinates":[[[99.91,16.9175],[99.91,16.9159],[99.9111,16.9158],[99.9114,16.9148],[99.9108,16.9148],[99.9106,16.9153],[99.9089,16.9153],[99.9089,16.9126],[99.91,16.9126],[99.9103,16.9131],[99.9111,16.9129],[99.9111,16.9123],[99.912,16.9115],[99.9105,16.9112],[99.9097,16.9102],[99.9097,16.9093],[99.9102,16.9088],[99.9119,16.9088],[99.9131,16.9096],[99.9136,16.9112],[99.9136,16.9129],[99.9122,16.9131],[99.9125,16.915],[99.9139,16.915],[99.9139,16.9158],[99.9114,16.9175],[99.91,16.9175]],[[99.9114,16.9102],[99.9117,16.9104],[99.9117,16.9101],[99.9114,16.9102]]]}},{"type":"Feature","properties":{"kind":"seasonal","area_km2":0.297,"date":"2026-10-09"},"geometry":{"type":"Polygon","coordinates":[[[99.9458,16.8693],[99.9458,16.868],[99.9464,16.8677],[99.9464,16.8669],[99.9455,16.8666],[99.9455,16.8658],[99.9467,16.8655],[99.9467,16.8666],[99.9475,16.8663],[99.9475,16.8658],[99.9469,16.8658],[99.9472,16.8636],[99.948,16.8636],[99.9483,16.8644],[99.9492,16.8644],[99.9503,16.8636],[99.9514,16.8639],[99.952,16.8625],[99.9528,16.8625],[99.9534,16.8658],[99.9517,16.8658],[99.9506,16.8674],[99.9483,16.8674],[99.9486,16.8685],[99.9469,16.8685],[99.9467,16.8693],[99.9458,16.8693]]]}},{"type":"Feature","properties":{"kind":"seasonal","area_km2":0.293,"date":"2026-10-09"},"geometry":{"type":"Polygon","coordinates":[[[99.9221,16.9125],[99.9215,16.9123],[99.9215,16.9104],[99.921,16.9104],[99.9201,16.9093],[99.9201,16.9079],[99.9193,16.9077],[99.9187,16.9069],[99.919,16.905],[99.9201,16.9041],[99.9212,16.9041],[99.9218,16.9052],[99.9218,16.9063],[99.9212,16.9069],[99.9226,16.9068],[99.9232,16.9074],[99.9232,16.909],[99.9249,16.9106],[99.9246,16.912],[99.9221,16.9125]]]}},{"type":"Feature","properties":{"kind":"seasonal","area_km2":0.288,"date":"2026-10-09"},"geometry":{"type":"Polygon","coordinates":[[[99.9576,16.9097],[99.9564,16.9083],[99.9567,16.907],[99.9581,16.9067],[99.9581,16.9061],[99.9576,16.9059],[99.9575,16.9048],[99.959,16.9051],[99.9592,16.9032],[99.9615,16.9031],[99.9615,16.9037],[99.962,16.9034],[99.9621,16.9056],[99.9626,16.9058],[99.9626,16.9069],[99.9623,16.9069],[99.9624,16.9072],[99.9621,16.9072],[99.9621,16.9075],[99.9618,16.9075],[99.9612,16.9083],[99.9607,16.9083],[99.9604,16.9091],[99.959,16.9088],[99.9587,16.9097],[99.9576,16.9097]],[[99.9607,16.9075],[99.9609,16.9078],[99.9609,16.9075],[99.9607,16.9075]],[[99.9615,16.9069],[99.9618,16.9075],[99.9618,16.9069],[99.9615,16.9069]],[[99.9601,16.9059],[99.9604,16.9064],[99.9604,16.9059],[99.9601,16.9059]],[[99.9598,16.9053],[99.9609,16.9053],[99.9609,16.9048],[99.9601,16.9048],[99.9598,16.9053]],[[99.9609,16.9034],[99.9612,16.9037],[99.9612,16.9034],[99.9609,16.9034]]]}},{"type":"Feature","properties":{"kind":"seasonal","area_km2":0.288,"date":"2026-10-09"},"geometry":{"type":"Polygon","coordinates":[[[99.9608,16.8698],[99.9596,16.869],[99.9562,16.869],[99.9562,16.8676],[99.9554,16.8668],[99.9545,16.8668],[99.9548,16.8641],[99.9562,16.8644],[99.9562,16.8666],[99.9588,16.8665],[99.9591,16.8682],[99.9596,16.8682],[99.9599,16.8657],[99.9607,16.8657],[99.961,16.8663],[99.963,16.8663],[99.963,16.8671],[99.9644,16.8673],[99.9644,16.8681],[99.9633,16.8682],[99.9636,16.869],[99.9627,16.869],[99.9627,16.8684],[99.9616,16.8682],[99.9616,16.8698],[99.9608,16.8698]]]}},{"type":"Feature","properties":{"kind":"seasonal","area_km2":0.285,"date":"2026-10-09"},"geometry":{"type":"Polygon","coordinates":[[[99.8111,16.8984],[99.8085,16.8946],[99.8068,16.8951],[99.8068,16.8938],[99.8082,16.8938],[99.8085,16.8908],[99.8093,16.8902],[99.8124,16.8905],[99.8124,16.8913],[99.8119,16.8913],[99.8122,16.8929],[99.811,16.8927],[99.8108,16.894],[99.8102,16.894],[99.8102,16.8946],[99.8108,16.8957],[99.8122,16.8957],[99.8125,16.8962],[99.813,16.8962],[99.813,16.8975],[99.8119,16.8984],[99.8111,16.8984]]]}},{"type":"Feature","properties":{"kind":"seasonal","area_km2":0.279,"date":"2026-10-09"},"geometry":{"type":"Polygon","coordinates":[[[99.9833,16.8735],[99.9822,16.8724],[99.9794,16.8727],[99.9793,16.8719],[99.9782,16.8716],[99.9774,16.8708],[99.9771,16.8689],[99.9779,16.8684],[99.9805,16.8683],[99.9819,16.8689],[99.9822,16.8694],[99.9833,16.8691],[99.9833,16.8702],[99.9838,16.8705],[99.9844,16.8721],[99.9844,16.8735],[99.9833,16.8735]],[[99.9816,16.8705],[99.9819,16.871],[99.9819,16.8705],[99.9816,16.8705]],[[99.9796,16.8702],[99.9802,16.8702],[99.9799,16.8692],[99.9793,16.8694],[99.9796,16.8702]]]}},{"type":"Feature","properties":{"kind":"seasonal","area_km2":0.278,"date":"2026-10-09"},"geometry":{"type":"Polygon","coordinates":[[[99.9918,16.8897],[99.991,16.8837],[99.9918,16.8837],[99.9918,16.8851],[99.9935,16.8854],[99.9935,16.8846],[99.9943,16.8843],[99.9921,16.884],[99.9921,16.8824],[99.9932,16.8824],[99.9932,16.8835],[99.9935,16.8829],[99.9943,16.8829],[99.9949,16.8837],[99.9957,16.8837],[99.9963,16.8843],[99.9963,16.8854],[99.9969,16.8853],[99.9969,16.8862],[99.9958,16.8873],[99.9944,16.8875],[99.9938,16.8881],[99.9935,16.8894],[99.9918,16.8897]],[[99.9935,16.8862],[99.9941,16.8862],[99.9941,16.8856],[99.9935,16.8856],[99.9935,16.8862]]]}},{"type":"Feature","properties":{"kind":"seasonal","area_km2":0.272,"date":"2026-10-09"},"geometry":{"type":"Polygon","coordinates":[[[99.7493,16.5954],[99.749,16.5943],[99.7499,16.5943],[99.7499,16.5935],[99.7487,16.593],[99.7485,16.5919],[99.7484,16.5908],[99.7487,16.5916],[99.7493,16.5908],[99.7493,16.5897],[99.7487,16.5906],[99.7487,16.5876],[99.7493,16.587],[99.7493,16.5862],[99.7512,16.5862],[99.7518,16.5881],[99.7518,16.5916],[99.7513,16.5924],[99.7513,16.5946],[99.7502,16.5954],[99.7493,16.5954]]]}},{"type":"Feature","properties":{"kind":"seasonal","area_km2":0.264,"date":"2026-10-09"},"geometry":{"type":"Polygon","coordinates":[[[99.9429,16.9046],[99.9429,16.9011],[99.9443,16.9011],[99.9443,16.9005],[99.942,16.9002],[99.9417,16.8992],[99.9432,16.8978],[99.944,16.8978],[99.9443,16.8989],[99.9446,16.8981],[99.9462,16.8978],[99.9463,16.8989],[99.9471,16.9005],[99.9471,16.9032],[99.9463,16.9032],[99.9463,16.9027],[99.9457,16.9024],[99.9454,16.904],[99.9443,16.904],[99.9443,16.9046],[99.9429,16.9046]],[[99.9443,16.9024],[99.9449,16.9027],[99.9449,16.9024],[99.9443,16.9024]],[[99.9451,16.9008],[99.946,16.9002],[99.9457,16.8994],[99.9446,16.8997],[99.9446,16.9005],[99.9451,16.9008]]]}},{"type":"Feature","properties":{"kind":"seasonal","area_km2":0.26,"date":"2026-10-09"},"geometry":{"type":"Polygon","coordinates":[[[99.8585,16.8627],[99.8576,16.8621],[99.8576,16.8599],[99.8565,16.8586],[99.8562,16.8564],[99.8576,16.8564],[99.8576,16.8575],[99.8588,16.8586],[99.8588,16.8578],[99.8582,16.8575],[99.8582,16.8561],[99.8602,16.8561],[99.8602,16.8589],[99.8607,16.8594],[99.8607,16.8607],[99.8613,16.861],[99.8616,16.8624],[99.8585,16.8627]],[[99.8588,16.8602],[99.8593,16.8602],[99.8593,16.8594],[99.8588,16.8594],[99.8588,16.8602]]]}},{"type":"Feature","properties":{"kind":"seasonal","area_km2":0.258,"date":"2026-10-09"},"geometry":{"type":"Polygon","coordinates":[[[99.442,16.0084],[99.4414,16.0065],[99.44,16.0054],[99.44,16.0043],[99.4412,16.004],[99.4414,16.0032],[99.444,16.0035],[99.444,16.0043],[99.4445,16.0048],[99.4468,16.0048],[99.4471,16.0062],[99.4454,16.0065],[99.4448,16.0084],[99.442,16.0084]],[[99.4426,16.0046],[99.4428,16.0048],[99.4428,16.0046],[99.4426,16.0046]]]}},{"type":"Feature","properties":{"kind":"seasonal","area_km2":0.254,"date":"2026-10-09"},"geometry":{"type":"Polygon","coordinates":[[[99.8536,16.9047],[99.8528,16.9036],[99.8516,16.9031],[99.8519,16.902],[99.8513,16.902],[99.8514,16.9031],[99.8491,16.9031],[99.8491,16.9026],[99.848,16.9017],[99.848,16.9007],[99.8485,16.9004],[99.8485,16.8998],[99.8494,16.899],[99.8499,16.899],[99.8502,16.8971],[99.851,16.8971],[99.8513,16.8977],[99.8511,16.9001],[99.8522,16.8998],[99.8525,16.9006],[99.853,16.9006],[99.8533,16.9012],[99.853,16.9025],[99.8547,16.9033],[99.8547,16.9047],[99.8536,16.9047]]]}},{"type":"Feature","properties":{"kind":"seasonal","area_km2":0.251,"date":"2026-10-09"},"geometry":{"type":"Polygon","coordinates":[[[99.799,16.9025],[99.7984,16.9017],[99.7984,16.9006],[99.797,16.9006],[99.7961,16.8998],[99.7958,16.8984],[99.7975,16.8982],[99.7975,16.8992],[99.7981,16.8992],[99.7987,16.8976],[99.7998,16.8973],[99.8001,16.8962],[99.8009,16.8962],[99.8012,16.8976],[99.8018,16.8976],[99.802,16.8981],[99.8018,16.8995],[99.8023,16.9022],[99.8004,16.9022],[99.8001,16.9011],[99.7995,16.9011],[99.7998,16.9025],[99.799,16.9025]],[[99.7998,16.8995],[99.8004,16.8995],[99.8003,16.8981],[99.7998,16.8981],[99.7998,16.8995]]]}},{"type":"Feature","properties":{"kind":"seasonal","area_km2":0.25,"date":"2026-10-09"},"geometry":{"type":"Polygon","coordinates":[[[99.8466,16.918],[99.8452,16.9169],[99.8458,16.9148],[99.8449,16.914],[99.8449,16.9126],[99.8458,16.9121],[99.8458,16.9115],[99.8463,16.9115],[99.8463,16.911],[99.8469,16.911],[99.8469,16.9104],[99.848,16.9104],[99.848,16.9123],[99.8489,16.9131],[99.8489,16.9156],[99.848,16.9167],[99.848,16.9177],[99.8466,16.918]]]}},{"type":"Feature","properties":{"kind":"seasonal","area_km2":0.25,"date":"2026-10-09"},"geometry":{"type":"Polygon","coordinates":[[[99.886,16.9038],[99.886,16.9027],[99.8832,16.9035],[99.8837,16.9],[99.8854,16.8997],[99.8868,16.9013],[99.8865,16.8997],[99.8871,16.8991],[99.8888,16.8991],[99.8885,16.9008],[99.8891,16.9013],[99.8908,16.9013],[99.8905,16.9026],[99.8891,16.9024],[99.8888,16.9032],[99.8877,16.9029],[99.8871,16.9037],[99.886,16.9038]]]}},{"type":"Feature","properties":{"kind":"seasonal","area_km2":0.248,"date":"2026-10-09"},"geometry":{"type":"Polygon","coordinates":[[[99.8286,16.8563],[99.828,16.8552],[99.8269,16.8546],[99.8266,16.8536],[99.8266,16.8511],[99.8272,16.8509],[99.8275,16.8495],[99.8283,16.8495],[99.8286,16.8514],[99.8297,16.8519],[99.8294,16.8538],[99.83,16.8538],[99.83,16.853],[99.8309,16.8525],[99.8308,16.8506],[99.8317,16.8506],[99.8317,16.8516],[99.8323,16.8519],[99.8314,16.8546],[99.8306,16.8546],[99.83,16.8541],[99.8306,16.856],[99.8286,16.8563]]]}},{"type":"Feature","properties":{"kind":"seasonal","area_km2":0.245,"date":"2026-10-09"},"geometry":{"type":"Polygon","coordinates":[[[99.9805,16.9237],[99.9796,16.9226],[99.979,16.9226],[99.979,16.9207],[99.9776,16.9204],[99.9773,16.9185],[99.9787,16.9185],[99.9787,16.9191],[99.9796,16.9199],[99.9807,16.9199],[99.981,16.9188],[99.9804,16.9185],[99.9804,16.918],[99.9818,16.9177],[99.9821,16.9193],[99.9838,16.9193],[99.9838,16.9207],[99.983,16.9212],[99.9822,16.9237],[99.9805,16.9237]],[[99.9813,16.9209],[99.9819,16.9212],[99.9819,16.9209],[99.9813,16.9209]]]}},{"type":"Feature","properties":{"kind":"seasonal","area_km2":0.244,"date":"2026-10-09"},"geometry":{"type":"Polygon","coordinates":[[[99.9179,16.9709],[99.9179,16.9698],[99.9187,16.969],[99.9187,16.9681],[99.9181,16.9676],[99.9181,16.9657],[99.9215,16.9652],[99.9215,16.9643],[99.9235,16.9646],[99.9235,16.9654],[99.9226,16.9662],[99.9212,16.9662],[99.9212,16.9679],[99.9218,16.9684],[99.9221,16.9703],[99.9179,16.9709]],[[99.9198,16.9695],[99.9204,16.9695],[99.9204,16.969],[99.9198,16.969],[99.9198,16.9695]]]}},{"type":"Feature","properties":{"kind":"seasonal","area_km2":0.244,"date":"2026-10-09"},"geometry":{"type":"Polygon","coordinates":[[[99.8063,16.9019],[99.8063,16.8989],[99.8054,16.8995],[99.8051,16.9008],[99.8043,16.9],[99.8026,16.9006],[99.8026,16.8976],[99.8037,16.8973],[99.8046,16.8957],[99.8074,16.8962],[99.8077,16.8973],[99.8068,16.8976],[99.8068,16.8989],[99.8085,16.8992],[99.8082,16.9006],[99.8088,16.9008],[99.8088,16.9016],[99.8063,16.9019]],[[99.8046,16.8992],[99.8051,16.8984],[99.806,16.8981],[99.8057,16.8976],[99.8043,16.8979],[99.8046,16.8992]]]}},{"type":"Feature","properties":{"kind":"seasonal","area_km2":0.238,"date":"2026-10-09"},"geometry":{"type":"Polygon","coordinates":[[[99.831,16.8801],[99.8298,16.8788],[99.8296,16.8777],[99.829,16.8774],[99.829,16.8761],[99.8279,16.8758],[99.8276,16.8747],[99.8295,16.875],[99.8304,16.8739],[99.8315,16.8739],[99.8315,16.8733],[99.8324,16.8733],[99.8321,16.8752],[99.8332,16.8755],[99.8338,16.8779],[99.8327,16.8779],[99.8324,16.8771],[99.8318,16.8771],[99.8318,16.8779],[99.831,16.878],[99.831,16.8788],[99.8327,16.8785],[99.8329,16.8796],[99.8321,16.8801],[99.831,16.8801]],[[99.8304,16.8771],[99.831,16.8771],[99.8312,16.8766],[99.8304,16.8763],[99.8304,16.8771]]]}},{"type":"Feature","properties":{"kind":"seasonal","area_km2":0.236,"date":"2026-10-09"},"geometry":{"type":"Polygon","coordinates":[[[99.7753,16.9744],[99.7745,16.9734],[99.7745,16.972],[99.7747,16.9704],[99.7756,16.9701],[99.7756,16.969],[99.7775,16.9687],[99.7781,16.9693],[99.7792,16.9693],[99.779,16.9714],[99.7781,16.9714],[99.7778,16.9704],[99.7773,16.9701],[99.7764,16.9704],[99.7764,16.9709],[99.7776,16.9712],[99.7778,16.9723],[99.779,16.972],[99.7795,16.9725],[99.7795,16.9741],[99.7787,16.9742],[99.7787,16.9736],[99.7781,16.9733],[99.7778,16.9744],[99.777,16.9744],[99.7767,16.9736],[99.7762,16.9739],[99.7762,16.9744],[99.7753,16.9744]]]}},{"type":"Feature","properties":{"kind":"seasonal","area_km2":0.234,"date":"2026-10-09"},"geometry":{"type":"Polygon","coordinates":[[[99.4052,16.6403],[99.4038,16.6392],[99.4049,16.6392],[99.4052,16.6387],[99.4069,16.6384],[99.4069,16.6376],[99.4083,16.6376],[99.4128,16.6354],[99.4153,16.6354],[99.4164,16.636],[99.4164,16.6365],[99.4173,16.6373],[99.4178,16.6373],[99.4178,16.6379],[99.4159,16.6381],[99.4153,16.6365],[99.4147,16.6365],[99.4145,16.6373],[99.413,16.6373],[99.413,16.6379],[99.4105,16.6376],[99.4085,16.6392],[99.4071,16.6392],[99.4083,16.639],[99.408,16.6384],[99.4063,16.6387],[99.406,16.6395],[99.4069,16.64],[99.4052,16.6403]]]}},{"type":"Feature","properties":{"kind":"seasonal","area_km2":0.232,"date":"2026-10-09"},"geometry":{"type":"Polygon","coordinates":[[[99.897,16.8525],[99.8962,16.8516],[99.8959,16.8506],[99.895,16.8506],[99.8945,16.8498],[99.8933,16.8492],[99.8911,16.849],[99.8911,16.8473],[99.8922,16.8471],[99.8925,16.846],[99.8942,16.8462],[99.8942,16.8468],[99.895,16.8473],[99.895,16.8492],[99.8987,16.8495],[99.8987,16.8524],[99.897,16.8525]]]}},{"type":"Feature","properties":{"kind":"seasonal","area_km2":0.229,"date":"2026-10-09"},"geometry":{"type":"Polygon","coordinates":[[[99.8174,16.9287],[99.8146,16.9287],[99.8148,16.9266],[99.814,16.9263],[99.814,16.9249],[99.8159,16.9233],[99.8174,16.923],[99.8176,16.9238],[99.8193,16.9238],[99.8199,16.9244],[99.8199,16.9257],[99.8174,16.9257],[99.8171,16.9263],[99.8154,16.926],[99.8154,16.9266],[99.8171,16.9265],[99.8174,16.9271],[99.8174,16.9287]],[[99.8148,16.926],[99.8151,16.9263],[99.8151,16.926],[99.8148,16.926]],[[99.8146,16.9257],[99.8148,16.926],[99.8148,16.9257],[99.8146,16.9257]]]}},{"type":"Feature","properties":{"kind":"seasonal","area_km2":0.228,"date":"2026-10-09"},"geometry":{"type":"Polygon","coordinates":[[[99.9156,16.9654],[99.9156,16.9633],[99.9161,16.963],[99.9164,16.9614],[99.9173,16.9608],[99.9167,16.96],[99.9167,16.9587],[99.9192,16.9587],[99.9195,16.963],[99.9184,16.9638],[99.9184,16.9654],[99.9156,16.9654]]]}},{"type":"Feature","properties":{"kind":"seasonal","area_km2":0.228,"date":"2026-10-09"},"geometry":{"type":"Polygon","coordinates":[[[100.0038,16.9097],[100.0026,16.9076],[99.9995,16.9078],[99.999,16.9092],[99.9976,16.9092],[99.997,16.9084],[99.9959,16.9084],[99.9959,16.9076],[99.999,16.907],[99.9992,16.904],[100.0001,16.904],[100.0004,16.9051],[100.0015,16.9057],[100.0015,16.9065],[100.0049,16.9067],[100.0049,16.9094],[100.0038,16.9097]]]}},{"type":"Feature","properties":{"kind":"seasonal","area_km2":0.225,"date":"2026-10-09"},"geometry":{"type":"Polygon","coordinates":[[[99.9255,16.9711],[99.9252,16.9706],[99.9232,16.9708],[99.9224,16.9703],[99.9224,16.9673],[99.9241,16.967],[99.9243,16.966],[99.9255,16.9659],[99.9257,16.9668],[99.9272,16.9676],[99.9272,16.9711],[99.9255,16.9711]]]}},{"type":"Feature","properties":{"kind":"seasonal","area_km2":0.225,"date":"2026-10-09"},"geometry":{"type":"Polygon","coordinates":[[[99.9653,16.9254],[99.9655,16.924],[99.9644,16.9235],[99.9641,16.9224],[99.9624,16.9213],[99.9624,16.9205],[99.9619,16.92],[99.9618,16.9191],[99.9624,16.9191],[99.9627,16.9178],[99.9635,16.9178],[99.9635,16.9183],[99.9644,16.9189],[99.9644,16.9205],[99.965,16.9205],[99.9652,16.9218],[99.9672,16.9218],[99.9681,16.9229],[99.9681,16.9243],[99.9672,16.9248],[99.9672,16.9253],[99.9653,16.9254]],[[99.9655,16.9224],[99.9658,16.9226],[99.9658,16.9224],[99.9655,16.9224]]]}},{"type":"Feature","properties":{"kind":"seasonal","area_km2":0.221,"date":"2026-10-09"},"geometry":{"type":"Polygon","coordinates":[[[99.9765,16.9169],[99.9768,16.9155],[99.9762,16.9158],[99.9759,16.9136],[99.9764,16.9099],[99.9773,16.9085],[99.9793,16.9085],[99.9798,16.9087],[99.9798,16.9093],[99.981,16.9096],[99.981,16.9104],[99.9795,16.9104],[99.9795,16.9098],[99.9779,16.9101],[99.9779,16.9107],[99.979,16.9107],[99.979,16.9115],[99.9784,16.9115],[99.9784,16.9142],[99.979,16.9142],[99.979,16.915],[99.9776,16.915],[99.9773,16.9169],[99.9765,16.9169]],[[99.9787,16.9093],[99.979,16.9096],[99.979,16.9093],[99.9787,16.9093]],[[99.9793,16.9093],[99.9795,16.9096],[99.9795,16.9093],[99.9793,16.9093]]]}},{"type":"Feature","properties":{"kind":"seasonal","area_km2":0.219,"date":"2026-10-09"},"geometry":{"type":"Polygon","coordinates":[[[99.9199,16.9307],[99.9182,16.9288],[99.9174,16.9288],[99.9174,16.9294],[99.9163,16.9294],[99.9163,16.9286],[99.9174,16.9286],[99.9174,16.928],[99.9179,16.928],[99.9179,16.9272],[99.9185,16.9272],[99.9196,16.9261],[99.9205,16.9261],[99.9205,16.9256],[99.923,16.9256],[99.9233,16.9272],[99.9222,16.9277],[99.9225,16.9294],[99.9219,16.9294],[99.9211,16.9307],[99.9199,16.9307]],[[99.9202,16.9288],[99.9208,16.9288],[99.9213,16.928],[99.9208,16.928],[99.9208,16.9283],[99.9199,16.9283],[99.9202,16.9288]],[[99.9202,16.9277],[99.9208,16.928],[99.9208,16.9277],[99.9202,16.9277]],[[99.9208,16.9272],[99.9213,16.9277],[99.9213,16.9272],[99.9208,16.9272]]]}},{"type":"Feature","properties":{"kind":"seasonal","area_km2":0.218,"date":"2026-10-09"},"geometry":{"type":"Polygon","coordinates":[[[99.8136,16.9097],[99.8134,16.9092],[99.8122,16.9092],[99.8117,16.9087],[99.8105,16.9095],[99.8094,16.9095],[99.8088,16.909],[99.8086,16.906],[99.8119,16.9057],[99.8119,16.9065],[99.8133,16.9068],[99.8133,16.9073],[99.815,16.9073],[99.8148,16.9097],[99.8136,16.9097]]]}},{"type":"Feature","properties":{"kind":"seasonal","area_km2":0.217,"date":"2026-10-09"},"geometry":{"type":"Polygon","coordinates":[[[99.8859,16.8793],[99.8856,16.878],[99.8862,16.878],[99.8864,16.8774],[99.8853,16.8772],[99.885,16.8745],[99.8856,16.8739],[99.8873,16.8742],[99.8873,16.8728],[99.8884,16.8726],[99.8884,16.8745],[99.8876,16.8745],[99.8876,16.875],[99.889,16.8753],[99.8898,16.8761],[99.8898,16.878],[99.8879,16.878],[99.8867,16.8788],[99.8867,16.8793],[99.8859,16.8793]]]}},{"type":"Feature","properties":{"kind":"seasonal","area_km2":0.211,"date":"2026-10-09"},"geometry":{"type":"Polygon","coordinates":[[[99.7833,16.9866],[99.7813,16.9863],[99.7813,16.9858],[99.7821,16.9858],[99.7821,16.985],[99.781,16.985],[99.7807,16.9844],[99.7801,16.9847],[99.7801,16.9855],[99.7796,16.9861],[99.7787,16.9861],[99.7787,16.985],[99.7782,16.985],[99.7784,16.9823],[99.7793,16.9823],[99.7799,16.9836],[99.7804,16.9836],[99.7807,16.982],[99.7835,16.9817],[99.7835,16.9839],[99.7827,16.9839],[99.7827,16.985],[99.7844,16.985],[99.7844,16.9861],[99.7835,16.9861],[99.7833,16.9866]]]}},{"type":"Feature","properties":{"kind":"seasonal","area_km2":0.211,"date":"2026-10-09"},"geometry":{"type":"Polygon","coordinates":[[[99.993,16.8479],[99.9925,16.8474],[99.9925,16.8461],[99.993,16.8452],[99.9944,16.845],[99.9944,16.8439],[99.995,16.8433],[99.9961,16.8433],[99.9961,16.8441],[99.9969,16.8441],[99.997,16.8452],[99.9981,16.8449],[99.9986,16.8458],[99.9984,16.8474],[99.9961,16.8471],[99.9961,16.8479],[99.993,16.8479]],[[99.9944,16.846],[99.9947,16.8466],[99.995,16.846],[99.9944,16.846]]]}},{"type":"Feature","properties":{"kind":"seasonal","area_km2":0.211,"date":"2026-10-09"},"geometry":{"type":"Polygon","coordinates":[[[99.9695,16.8746],[99.9689,16.8738],[99.9689,16.8727],[99.9653,16.8722],[99.9653,16.8714],[99.9689,16.87],[99.9703,16.87],[99.9706,16.8706],[99.9717,16.8703],[99.972,16.8727],[99.9715,16.8727],[99.9715,16.8741],[99.9695,16.8746]],[[99.9715,16.8722],[99.9717,16.8725],[99.9717,16.8722],[99.9715,16.8722]],[[99.9684,16.8717],[99.9686,16.8719],[99.9686,16.8717],[99.9684,16.8717]]]}},{"type":"Feature","properties":{"kind":"seasonal","area_km2":0.21,"date":"2026-10-09"},"geometry":{"type":"Polygon","coordinates":[[[99.8649,16.8539],[99.8624,16.854],[99.8624,16.8521],[99.8618,16.8515],[99.8593,16.8518],[99.8593,16.8513],[99.8584,16.8513],[99.8584,16.8502],[99.859,16.8496],[99.8598,16.8496],[99.8598,16.8502],[99.8607,16.851],[99.8613,16.851],[99.8613,16.8504],[99.8624,16.8504],[99.8621,16.8475],[99.8632,16.8474],[99.8632,16.8504],[99.8644,16.8504],[99.8646,16.8515],[99.8652,16.8518],[99.8649,16.8539]]]}},{"type":"Feature","properties":{"kind":"seasonal","area_km2":0.209,"date":"2026-10-09"},"geometry":{"type":"Polygon","coordinates":[[[99.9253,16.8762],[99.925,16.8754],[99.9242,16.8754],[99.9242,16.8748],[99.9228,16.8748],[99.9222,16.8743],[99.9222,16.8727],[99.9233,16.8724],[99.9239,16.8716],[99.9261,16.8716],[99.9267,16.8724],[99.9275,16.8724],[99.9278,16.8748],[99.9273,16.8754],[99.9264,16.8754],[99.9264,16.8762],[99.9253,16.8762]],[[99.9247,16.8738],[99.9253,16.8738],[99.9256,16.8732],[99.925,16.8729],[99.9247,16.8738]]]}},{"type":"Feature","properties":{"kind":"seasonal","area_km2":0.205,"date":"2026-10-09"},"geometry":{"type":"Polygon","coordinates":[[[99.8577,16.9427],[99.8574,16.9402],[99.8588,16.9399],[99.8591,16.9394],[99.8586,16.9383],[99.8571,16.9383],[99.8569,16.9372],[99.8574,16.937],[99.8577,16.9356],[99.8585,16.9356],[99.8588,16.9372],[99.86,16.9375],[99.8597,16.9386],[99.8617,16.9391],[99.8619,16.9405],[99.8614,16.941],[99.8603,16.941],[99.86,16.9424],[99.8577,16.9427]]]}},{"type":"Feature","properties":{"kind":"seasonal","area_km2":0.204,"date":"2026-10-09"},"geometry":{"type":"Polygon","coordinates":[[[99.8967,16.9053],[99.8967,16.9037],[99.8959,16.9032],[99.8956,16.9021],[99.895,16.9021],[99.895,16.9034],[99.8942,16.9034],[99.8939,16.9029],[99.8939,16.9018],[99.895,16.9018],[99.8953,16.8994],[99.8967,16.8994],[99.8984,16.901],[99.9001,16.901],[99.8998,16.9026],[99.8975,16.9032],[99.8981,16.904],[99.8978,16.9053],[99.8967,16.9053]]]}},{"type":"Feature","properties":{"kind":"seasonal","area_km2":0.204,"date":"2026-10-09"},"geometry":{"type":"Polygon","coordinates":[[[99.4814,16.0807],[99.4814,16.0799],[99.4823,16.0799],[99.4828,16.0793],[99.4826,16.078],[99.4831,16.078],[99.4831,16.0772],[99.482,16.0777],[99.4823,16.0788],[99.48,16.0788],[99.48,16.0774],[99.4803,16.0769],[99.4809,16.0769],[99.4811,16.0758],[99.482,16.0758],[99.4823,16.0763],[99.4834,16.0761],[99.484,16.0774],[99.4848,16.0771],[99.4868,16.0777],[99.4868,16.0788],[99.4859,16.0796],[99.484,16.0793],[99.484,16.0804],[99.4814,16.0807]]]}},{"type":"Feature","properties":{"kind":"seasonal","area_km2":0.203,"date":"2026-10-09"},"geometry":{"type":"Polygon","coordinates":[[[99.1119,16.7736],[99.1116,16.7722],[99.1102,16.7717],[99.1096,16.7703],[99.1088,16.77],[99.1088,16.7684],[99.1096,16.7684],[99.1093,16.7671],[99.1118,16.7676],[99.1116,16.7665],[99.1133,16.7665],[99.1138,16.7679],[99.111,16.7679],[99.1121,16.7687],[99.1121,16.7692],[99.111,16.77],[99.111,16.7711],[99.1118,16.7706],[99.1118,16.7711],[99.1127,16.7717],[99.113,16.77],[99.1133,16.7695],[99.1138,16.7695],[99.1135,16.7725],[99.113,16.7736],[99.1119,16.7736]]]}},{"type":"Feature","properties":{"kind":"seasonal","area_km2":0.201,"date":"2026-10-09"},"geometry":{"type":"Polygon","coordinates":[[[99.8116,16.9491],[99.8113,16.9475],[99.8132,16.9472],[99.8132,16.9466],[99.8113,16.9466],[99.8107,16.9461],[99.8107,16.9442],[99.8101,16.9439],[99.8104,16.9426],[99.8124,16.9428],[99.8129,16.9436],[99.8129,16.9447],[99.8121,16.945],[99.8118,16.9458],[99.8141,16.9455],[99.8144,16.945],[99.8155,16.9453],[99.8152,16.9474],[99.8135,16.948],[99.8124,16.9491],[99.8116,16.9491]]]}},{"type":"Feature","properties":{"kind":"seasonal","area_km2":0.197,"date":"2026-10-09"},"geometry":{"type":"Polygon","coordinates":[[[99.806,16.9749],[99.8052,16.9738],[99.8038,16.9732],[99.8038,16.9722],[99.8024,16.9722],[99.8029,16.9694],[99.804,16.9694],[99.8043,16.9703],[99.8052,16.9705],[99.8055,16.9719],[99.8086,16.9719],[99.8086,16.973],[99.808,16.9732],[99.8074,16.9746],[99.806,16.9749]]]}},{"type":"Feature","properties":{"kind":"seasonal","area_km2":0.194,"date":"2026-10-09"},"geometry":{"type":"Polygon","coordinates":[[[99.8974,16.9254],[99.8957,16.9251],[99.8957,16.9227],[99.8968,16.9224],[99.8968,16.9219],[99.8954,16.9219],[99.8954,16.9197],[99.8962,16.9197],[99.8962,16.9203],[99.8968,16.9202],[99.8971,16.9192],[99.8999,16.9191],[99.8999,16.9213],[99.8993,16.9213],[99.899,16.9219],[99.8976,16.9219],[99.8974,16.9254]]]}},{"type":"Feature","properties":{"kind":"seasonal","area_km2":0.189,"date":"2026-10-09"},"geometry":{"type":"Polygon","coordinates":[[[99.8057,16.8911],[99.8057,16.89],[99.8071,16.8894],[99.8062,16.8881],[99.8051,16.8881],[99.8051,16.8862],[99.8056,16.8851],[99.8065,16.8851],[99.8065,16.8867],[99.811,16.8862],[99.811,16.8873],[99.8104,16.8873],[99.8104,16.8878],[99.8088,16.8873],[99.809,16.8889],[99.8082,16.8894],[99.8079,16.8902],[99.8071,16.8905],[99.8071,16.8911],[99.8057,16.8911]]]}},{"type":"Feature","properties":{"kind":"seasonal","area_km2":0.186,"date":"2026-10-09"},"geometry":{"type":"Polygon","coordinates":[[[99.6989,16.2615],[99.6983,16.2604],[99.7014,16.2604],[99.7034,16.2599],[99.7037,16.2585],[99.7048,16.2572],[99.7053,16.2571],[99.7056,16.2566],[99.7065,16.2569],[99.7073,16.2558],[99.7079,16.2558],[99.7079,16.2552],[99.7084,16.2552],[99.7084,16.2574],[99.7076,16.2577],[99.7076,16.2582],[99.7065,16.2593],[99.7059,16.2593],[99.7054,16.2601],[99.7006,16.2607],[99.7003,16.2612],[99.6989,16.2615]],[[99.7051,16.259],[99.7053,16.2593],[99.7053,16.259],[99.7051,16.259]],[[99.7056,16.259],[99.7059,16.2593],[99.7059,16.259],[99.7056,16.259]],[[99.707,16.2569],[99.7073,16.2571],[99.7073,16.2569],[99.707,16.2569]],[[99.7073,16.2566],[99.7076,16.2569],[99.7076,16.2566],[99.7073,16.2566]]]}},{"type":"Feature","properties":{"kind":"seasonal","area_km2":0.185,"date":"2026-10-09"},"geometry":{"type":"Polygon","coordinates":[[[99.8781,16.8957],[99.8778,16.8924],[99.8781,16.8916],[99.8792,16.8913],[99.8789,16.8894],[99.8809,16.888],[99.8809,16.8872],[99.8817,16.8864],[99.8825,16.8864],[99.8823,16.888],[99.8803,16.8902],[99.8798,16.8929],[99.88,16.8951],[99.8795,16.8951],[99.8792,16.8956],[99.8781,16.8957]]]}},{"type":"Feature","properties":{"kind":"seasonal","area_km2":0.184,"date":"2026-10-09"},"geometry":{"type":"Polygon","coordinates":[[[99.9151,16.915],[99.9145,16.9137],[99.9148,16.9112],[99.9165,16.9099],[99.9176,16.9096],[99.9181,16.9088],[99.9195,16.909],[99.9195,16.9096],[99.9204,16.9104],[99.9201,16.9117],[99.9184,16.912],[99.9181,16.9109],[99.9173,16.9109],[99.917,16.9115],[99.9159,16.9118],[99.9159,16.9128],[99.9168,16.9137],[99.9168,16.9147],[99.9151,16.915]]]}},{"type":"Feature","properties":{"kind":"seasonal","area_km2":0.182,"date":"2026-10-09"},"geometry":{"type":"Polygon","coordinates":[[[99.8201,16.852],[99.8199,16.8495],[99.8204,16.8493],[99.8204,16.846],[99.8224,16.846],[99.8227,16.8465],[99.8238,16.8465],[99.8244,16.849],[99.8232,16.849],[99.8232,16.8482],[99.8227,16.8479],[99.8224,16.8495],[99.8218,16.8498],[99.8218,16.8511],[99.821,16.852],[99.8201,16.852]],[[99.821,16.8471],[99.8213,16.8474],[99.8213,16.8471],[99.821,16.8471]]]}},{"type":"Feature","properties":{"kind":"seasonal","area_km2":0.179,"date":"2026-10-09"},"geometry":{"type":"Polygon","coordinates":[[[99.8626,16.9497],[99.8625,16.9491],[99.8611,16.9494],[99.858,16.9489],[99.858,16.9481],[99.8592,16.9473],[99.8594,16.9464],[99.8606,16.9464],[99.8611,16.947],[99.8608,16.9448],[99.8625,16.9451],[99.8625,16.9445],[99.8634,16.9445],[99.8634,16.9462],[99.862,16.9462],[99.862,16.9472],[99.8631,16.9475],[99.8631,16.9483],[99.8625,16.9489],[99.8637,16.9489],[99.8637,16.9497],[99.8626,16.9497]]]}},{"type":"Feature","properties":{"kind":"seasonal","area_km2":0.179,"date":"2026-10-09"},"geometry":{"type":"Polygon","coordinates":[[[99.9123,16.864],[99.9112,16.863],[99.9097,16.863],[99.91,16.8613],[99.9097,16.8584],[99.9092,16.8578],[99.9094,16.8565],[99.9106,16.8565],[99.9106,16.8573],[99.9114,16.8578],[99.9114,16.8589],[99.9109,16.8592],[99.9111,16.8605],[99.9106,16.8608],[99.9106,16.8613],[99.912,16.8613],[99.914,16.8621],[99.914,16.864],[99.9123,16.864]]]}},{"type":"Feature","properties":{"kind":"seasonal","area_km2":0.176,"date":"2026-10-09"},"geometry":{"type":"Polygon","coordinates":[[[99.8846,16.8989],[99.8846,16.8973],[99.8851,16.8972],[99.8857,16.8959],[99.8868,16.8956],[99.8865,16.8943],[99.8876,16.8943],[99.8865,16.8934],[99.8865,16.8921],[99.8882,16.8921],[99.8885,16.8929],[99.8896,16.8932],[99.8902,16.8942],[99.8902,16.8959],[99.8885,16.8953],[99.8882,16.8959],[99.8877,16.8959],[99.8877,16.8964],[99.8871,16.8964],[99.8868,16.8972],[99.8854,16.8975],[99.8857,16.8989],[99.8846,16.8989]]]}},{"type":"Feature","properties":{"kind":"seasonal","area_km2":0.176,"date":"2026-10-09"},"geometry":{"type":"Polygon","coordinates":[[[99.438,16.6207],[99.4411,16.6156],[99.4411,16.6131],[99.4414,16.6126],[99.442,16.6126],[99.442,16.612],[99.4411,16.612],[99.4414,16.6088],[99.4428,16.6085],[99.4425,16.6156],[99.4408,16.6175],[99.4403,16.6196],[99.438,16.6207]],[[99.4414,16.6131],[99.442,16.6134],[99.442,16.6131],[99.4414,16.6131]]]}},{"type":"Feature","properties":{"kind":"seasonal","area_km2":0.167,"date":"2026-10-09"},"geometry":{"type":"Polygon","coordinates":[[[99.4459,16.5974],[99.4475,16.5933],[99.4484,16.5925],[99.4498,16.5922],[99.4523,16.5898],[99.4523,16.5911],[99.4518,16.5911],[99.4515,16.5917],[99.4515,16.5922],[99.452,16.5925],[99.4506,16.5939],[99.4501,16.5939],[99.4501,16.5944],[99.4484,16.5949],[99.4487,16.5955],[99.4478,16.5958],[99.4467,16.5974],[99.4459,16.5974]],[[99.4512,16.5922],[99.4515,16.5925],[99.4515,16.5922],[99.4512,16.5922]]]}},{"type":"Feature","properties":{"kind":"seasonal","area_km2":0.164,"date":"2026-10-09"},"geometry":{"type":"Polygon","coordinates":[[[99.6408,16.3639],[99.6333,16.3637],[99.6321,16.3626],[99.6296,16.3621],[99.6282,16.361],[99.6302,16.3613],[99.6302,16.3607],[99.6296,16.3604],[99.6304,16.3604],[99.6307,16.361],[99.6313,16.3607],[99.633,16.361],[99.6332,16.3615],[99.6347,16.3615],[99.6347,16.3626],[99.6375,16.3626],[99.6366,16.3634],[99.6414,16.3634],[99.6408,16.3639]],[[99.6341,16.3626],[99.6347,16.3629],[99.6347,16.3626],[99.6341,16.3626]],[[99.6302,16.3613],[99.6304,16.3615],[99.6304,16.3613],[99.6302,16.3613]]]}},{"type":"Feature","properties":{"kind":"seasonal","area_km2":0.163,"date":"2026-10-09"},"geometry":{"type":"Polygon","coordinates":[[[99.978,16.937],[99.9771,16.9361],[99.9757,16.9362],[99.9757,16.9345],[99.9769,16.9345],[99.9788,16.9329],[99.9783,16.9318],[99.9782,16.9302],[99.9791,16.9302],[99.9791,16.931],[99.9797,16.9315],[99.9794,16.934],[99.98,16.9348],[99.98,16.9361],[99.9791,16.937],[99.978,16.937]],[[99.9791,16.9351],[99.9794,16.9353],[99.9794,16.9351],[99.9791,16.9351]]]}},{"type":"Feature","properties":{"kind":"seasonal","area_km2":0.163,"date":"2026-10-09"},"geometry":{"type":"Polygon","coordinates":[[[99.9811,16.9302],[99.9802,16.9296],[99.9802,16.9285],[99.9808,16.9283],[99.9808,16.9266],[99.9782,16.9267],[99.9782,16.9253],[99.9788,16.9248],[99.9807,16.9247],[99.9824,16.9261],[99.983,16.9291],[99.9822,16.9302],[99.9811,16.9302]],[[99.9816,16.928],[99.9822,16.9283],[99.9822,16.928],[99.9816,16.928]]]}},{"type":"Feature","properties":{"kind":"seasonal","area_km2":0.163,"date":"2026-10-09"},"geometry":{"type":"Polygon","coordinates":[[[99.8365,16.8649],[99.8365,16.8638],[99.8374,16.8638],[99.8368,16.8633],[99.8368,16.8614],[99.8371,16.8598],[99.8376,16.8592],[99.8371,16.8581],[99.8354,16.8587],[99.8351,16.8579],[99.8359,16.8579],[99.8357,16.8565],[99.8373,16.856],[99.8373,16.8568],[99.8385,16.8581],[99.8385,16.8603],[99.8379,16.8606],[99.8377,16.8625],[99.8385,16.8636],[99.8393,16.8638],[99.8394,16.8649],[99.8365,16.8649]]]}},{"type":"Feature","properties":{"kind":"seasonal","area_km2":0.162,"date":"2026-10-09"},"geometry":{"type":"Polygon","coordinates":[[[99.9165,16.9231],[99.9137,16.9183],[99.9128,16.918],[99.9126,16.9188],[99.9114,16.9188],[99.9114,16.9177],[99.9125,16.9175],[99.9128,16.9169],[99.9142,16.9169],[99.9159,16.9185],[99.9159,16.9191],[99.9182,16.9218],[99.9179,16.9229],[99.9174,16.9226],[99.9171,16.9231],[99.9165,16.9231]]]}},{"type":"Feature","properties":{"kind":"seasonal","area_km2":0.161,"date":"2026-10-09"},"geometry":{"type":"Polygon","coordinates":[[[99.8189,16.8783],[99.8163,16.878],[99.8163,16.8772],[99.8172,16.8772],[99.8172,16.8767],[99.8155,16.8761],[99.8157,16.8731],[99.8186,16.8734],[99.8183,16.8745],[99.8194,16.8745],[99.8194,16.8761],[99.8188,16.8761],[99.8183,16.8769],[99.8183,16.8775],[99.8189,16.8775],[99.8189,16.8783]]]}},{"type":"Feature","properties":{"kind":"seasonal","area_km2":0.161,"date":"2026-10-09"},"geometry":{"type":"Polygon","coordinates":[[[99.8206,16.8376],[99.8206,16.8368],[99.8215,16.8368],[99.8215,16.8362],[99.8201,16.836],[99.8195,16.8368],[99.8187,16.8368],[99.8181,16.8346],[99.8201,16.8343],[99.8209,16.8349],[99.8212,16.8343],[99.8206,16.8338],[99.8206,16.8327],[99.822,16.8327],[99.8232,16.8349],[99.8232,16.8368],[99.8218,16.8368],[99.8218,16.8376],[99.8206,16.8376]]]}},{"type":"Feature","properties":{"kind":"seasonal","area_km2":0.16,"date":"2026-10-09"},"geometry":{"type":"Polygon","coordinates":[[[99.2743,16.7818],[99.2743,16.7807],[99.2718,16.7805],[99.272,16.7778],[99.2712,16.7764],[99.2723,16.7769],[99.2723,16.7786],[99.2729,16.7786],[99.2732,16.7764],[99.2743,16.7767],[99.2743,16.7788],[99.2754,16.7791],[99.2757,16.7797],[99.2765,16.7794],[99.276,16.7816],[99.2743,16.7818]]]}},{"type":"Feature","properties":{"kind":"seasonal","area_km2":0.159,"date":"2026-10-09"},"geometry":{"type":"Polygon","coordinates":[[[99.7763,16.9362],[99.776,16.9343],[99.7746,16.9346],[99.7746,16.934],[99.774,16.9338],[99.774,16.9327],[99.7735,16.9327],[99.7734,16.9311],[99.7749,16.9308],[99.7748,16.93],[99.7757,16.93],[99.7763,16.9321],[99.7771,16.9321],[99.7774,16.9329],[99.7771,16.9362],[99.7763,16.9362]],[[99.7743,16.9324],[99.7746,16.9327],[99.7746,16.9324],[99.7743,16.9324]]]}},{"type":"Feature","properties":{"kind":"seasonal","area_km2":0.159,"date":"2026-10-09"},"geometry":{"type":"Polygon","coordinates":[[[99.833,16.8893],[99.833,16.8885],[99.8324,16.8885],[99.8324,16.8874],[99.833,16.8874],[99.8327,16.8858],[99.8332,16.8842],[99.8347,16.8842],[99.8347,16.8855],[99.8363,16.885],[99.8361,16.8869],[99.8355,16.8874],[99.8341,16.8877],[99.8355,16.8877],[99.8355,16.8891],[99.833,16.8893]]]}},{"type":"Feature","properties":{"kind":"seasonal","area_km2":0.157,"date":"2026-10-09"},"geometry":{"type":"Polygon","coordinates":[[[99.8613,16.8675],[99.8613,16.867],[99.8599,16.8673],[99.8602,16.8664],[99.8591,16.8656],[99.8582,16.8656],[99.8579,16.8629],[99.8591,16.8629],[99.8591,16.864],[99.8599,16.864],[99.8599,16.8632],[99.8613,16.8632],[99.8613,16.864],[99.8608,16.864],[99.861,16.8648],[99.863,16.8653],[99.863,16.8675],[99.8613,16.8675]]]}},{"type":"Feature","properties":{"kind":"seasonal","area_km2":0.155,"date":"2026-10-09"},"geometry":{"type":"Polygon","coordinates":[[[99.7979,16.1603],[99.7979,16.1576],[99.7984,16.157],[99.7984,16.1559],[99.7993,16.1557],[99.7993,16.1551],[99.7998,16.1548],[99.7998,16.1535],[99.8007,16.1529],[99.8009,16.1502],[99.8023,16.1486],[99.8023,16.1505],[99.8018,16.1502],[99.8018,16.1532],[99.8007,16.1538],[99.8009,16.1551],[99.8004,16.1554],[99.7998,16.1576],[99.7979,16.1603]]]}},{"type":"Feature","properties":{"kind":"seasonal","area_km2":0.152,"date":"2026-10-09"},"geometry":{"type":"Polygon","coordinates":[[[99.8993,16.8665],[99.8988,16.8663],[99.8988,16.8655],[99.8993,16.8655],[99.8996,16.8641],[99.901,16.8644],[99.9016,16.8638],[99.9016,16.863],[99.9038,16.863],[99.9039,16.8665],[99.9022,16.866],[99.8993,16.8665]]]}},{"type":"Feature","properties":{"kind":"seasonal","area_km2":0.152,"date":"2026-10-09"},"geometry":{"type":"Polygon","coordinates":[[[99.875,16.8488],[99.8742,16.8469],[99.8728,16.8458],[99.8719,16.8431],[99.8742,16.8433],[99.8745,16.8452],[99.8753,16.846],[99.877,16.8466],[99.877,16.8479],[99.8762,16.8488],[99.875,16.8488]]]}},{"type":"Feature","properties":{"kind":"seasonal","area_km2":0.151,"date":"2026-10-09"},"geometry":{"type":"Polygon","coordinates":[[[99.9649,16.9015],[99.9626,16.8999],[99.9626,16.8985],[99.9654,16.8985],[99.966,16.8982],[99.966,16.8977],[99.9668,16.8977],[99.9671,16.8982],[99.9677,16.8982],[99.9677,16.9001],[99.9663,16.9012],[99.9649,16.9015]],[[99.9663,16.8996],[99.9665,16.8999],[99.9665,16.8996],[99.9663,16.8996]]]}},{"type":"Feature","properties":{"kind":"seasonal","area_km2":0.146,"date":"2026-10-09"},"geometry":{"type":"Polygon","coordinates":[[[99.617,16.3626],[99.6156,16.3624],[99.6156,16.3616],[99.6195,16.361],[99.6231,16.3594],[99.6257,16.3591],[99.6276,16.3596],[99.6268,16.3604],[99.6237,16.3605],[99.622,16.3613],[99.6209,16.361],[99.6198,16.3618],[99.6172,16.3621],[99.617,16.3626]],[[99.6234,16.3596],[99.6237,16.3599],[99.6237,16.3596],[99.6234,16.3596]]]}},{"type":"Feature","properties":{"kind":"seasonal","area_km2":0.145,"date":"2026-10-09"},"geometry":{"type":"Polygon","coordinates":[[[99.3163,16.9724],[99.316,16.9708],[99.3168,16.97],[99.3168,16.9694],[99.3185,16.9692],[99.3185,16.9697],[99.3191,16.9697],[99.3194,16.9686],[99.3202,16.9678],[99.3199,16.967],[99.3208,16.9664],[99.3216,16.9697],[99.3205,16.9697],[99.3202,16.9691],[99.3196,16.9692],[99.3194,16.97],[99.3185,16.9702],[99.3194,16.971],[99.3194,16.9721],[99.3182,16.9724],[99.318,16.9719],[99.3174,16.9719],[99.3171,16.9724],[99.3163,16.9724]],[[99.3196,16.9686],[99.3199,16.9689],[99.3199,16.9686],[99.3196,16.9686]]]}},{"type":"Feature","properties":{"kind":"seasonal","area_km2":0.145,"date":"2026-10-09"},"geometry":{"type":"Polygon","coordinates":[[[99.2729,16.7761],[99.2715,16.7759],[99.2715,16.774],[99.2723,16.7729],[99.2734,16.7729],[99.2734,16.7723],[99.2715,16.7726],[99.2712,16.7721],[99.2706,16.7721],[99.2706,16.7715],[99.2692,16.7718],[99.2686,16.7715],[99.2715,16.7713],[99.272,16.7718],[99.2734,16.7718],[99.2737,16.7713],[99.2754,16.7712],[99.2751,16.774],[99.2729,16.774],[99.2729,16.7761]]]}},{"type":"Feature","properties":{"kind":"seasonal","area_km2":0.143,"date":"2026-10-09"},"geometry":{"type":"Polygon","coordinates":[[[99.8158,16.8973],[99.8158,16.8965],[99.817,16.8964],[99.8172,16.8954],[99.8178,16.8948],[99.8189,16.8948],[99.8189,16.8943],[99.8195,16.894],[99.8206,16.894],[99.8206,16.8948],[99.8215,16.8951],[99.8215,16.897],[99.8209,16.8972],[99.8158,16.8973]]]}},{"type":"Feature","properties":{"kind":"seasonal","area_km2":0.142,"date":"2026-10-09"},"geometry":{"type":"Polygon","coordinates":[[[99.8031,16.9578],[99.8034,16.9534],[99.804,16.9529],[99.8059,16.9526],[99.8057,16.9545],[99.8065,16.9548],[99.8065,16.9564],[99.806,16.9567],[99.806,16.9575],[99.8045,16.9575],[99.8048,16.9567],[99.804,16.9564],[99.8034,16.9575],[99.8043,16.9578],[99.8031,16.9578]]]}},{"type":"Feature","properties":{"kind":"seasonal","area_km2":0.142,"date":"2026-10-09"},"geometry":{"type":"Polygon","coordinates":[[[99.836,16.8793],[99.8355,16.8787],[99.8355,16.8777],[99.8341,16.8774],[99.8343,16.8769],[99.8338,16.876],[99.8338,16.8752],[99.8352,16.875],[99.8332,16.8747],[99.8332,16.8733],[99.8349,16.8733],[99.8349,16.8741],[99.8355,16.8741],[99.836,16.8733],[99.8371,16.8733],[99.8377,16.8739],[99.8377,16.8747],[99.8363,16.8747],[99.8363,16.8758],[99.8352,16.876],[99.8357,16.8777],[99.8369,16.8782],[99.8369,16.8793],[99.836,16.8793]]]}},{"type":"Feature","properties":{"kind":"seasonal","area_km2":0.141,"date":"2026-10-09"},"geometry":{"type":"Polygon","coordinates":[[[99.9734,16.8741],[99.9732,16.873],[99.9726,16.8727],[99.9726,16.8706],[99.9737,16.8705],[99.9748,16.8697],[99.9762,16.8697],[99.9768,16.8716],[99.9751,16.8724],[99.9746,16.8741],[99.9734,16.8741]],[[99.9748,16.8708],[99.9751,16.8711],[99.9751,16.8708],[99.9748,16.8708]]]}},{"type":"Feature","properties":{"kind":"seasonal","area_km2":0.139,"date":"2026-10-09"},"geometry":{"type":"Polygon","coordinates":[[[99.9031,16.2239],[99.9028,16.2228],[99.9031,16.2214],[99.9037,16.2211],[99.9034,16.2198],[99.9067,16.2198],[99.907,16.2214],[99.9039,16.2239],[99.9031,16.2239]]]}},{"type":"Feature","properties":{"kind":"seasonal","area_km2":0.138,"date":"2026-10-09"},"geometry":{"type":"Polygon","coordinates":[[[99.6506,16.3577],[99.6512,16.3574],[99.6512,16.356],[99.652,16.3547],[99.6515,16.3541],[99.652,16.3539],[99.652,16.353],[99.6526,16.353],[99.6532,16.3514],[99.654,16.3509],[99.654,16.3503],[99.6546,16.3503],[99.6551,16.3492],[99.6576,16.3479],[99.6576,16.3498],[99.6562,16.3501],[99.6562,16.3511],[99.654,16.3517],[99.654,16.3525],[99.6529,16.3536],[99.6532,16.3541],[99.6526,16.3544],[99.6526,16.3555],[99.6515,16.3568],[99.6515,16.3577],[99.6506,16.3577]],[[99.6548,16.3506],[99.6554,16.3506],[99.6557,16.3498],[99.6554,16.3498],[99.6548,16.3506]],[[99.6557,16.3495],[99.656,16.3498],[99.656,16.3495],[99.6557,16.3495]],[[99.656,16.3492],[99.6562,16.3495],[99.6562,16.3492],[99.656,16.3492]]]}},{"type":"Feature","properties":{"kind":"seasonal","area_km2":0.136,"date":"2026-10-09"},"geometry":{"type":"Polygon","coordinates":[[[99.7933,16.9014],[99.7916,16.9012],[99.7916,16.9001],[99.7925,16.8995],[99.7922,16.8963],[99.7925,16.8957],[99.7939,16.8957],[99.7936,16.8941],[99.7944,16.8941],[99.795,16.8949],[99.795,16.896],[99.7941,16.896],[99.7942,16.8982],[99.7933,16.8982],[99.7939,16.8987],[99.7933,16.9014]]]}},{"type":"Feature","properties":{"kind":"seasonal","area_km2":0.134,"date":"2026-10-09"},"geometry":{"type":"Polygon","coordinates":[[[99.3718,16.9707],[99.3718,16.9693],[99.3712,16.9691],[99.3712,16.9682],[99.3726,16.968],[99.3732,16.9669],[99.3732,16.9655],[99.374,16.9655],[99.3746,16.9663],[99.3749,16.9701],[99.3718,16.9707]]]}},{"type":"Feature","properties":{"kind":"seasonal","area_km2":0.133,"date":"2026-10-09"},"geometry":{"type":"Polygon","coordinates":[[[99.8674,16.9586],[99.8671,16.957],[99.8677,16.9564],[99.8676,16.9556],[99.8699,16.9556],[99.8705,16.9559],[99.8705,16.9564],[99.873,16.9564],[99.873,16.9572],[99.8722,16.9572],[99.8719,16.9578],[99.8696,16.9575],[99.8691,16.9586],[99.8674,16.9586]]]}},{"type":"Feature","properties":{"kind":"seasonal","area_km2":0.132,"date":"2026-10-09"},"geometry":{"type":"Polygon","coordinates":[[[99.7797,16.9438],[99.7797,16.9424],[99.7791,16.9424],[99.7788,16.9435],[99.7777,16.9432],[99.7777,16.9416],[99.7788,16.9413],[99.7791,16.9408],[99.78,16.9408],[99.78,16.9403],[99.7808,16.9402],[99.7802,16.9419],[99.7833,16.9419],[99.7834,16.9429],[99.7825,16.943],[99.7825,16.9438],[99.7797,16.9438]]]}},{"type":"Feature","properties":{"kind":"seasonal","area_km2":0.132,"date":"2026-10-09"},"geometry":{"type":"Polygon","coordinates":[[[99.7716,16.194],[99.7719,16.1921],[99.7711,16.1929],[99.7711,16.1935],[99.7702,16.1935],[99.7702,16.1927],[99.7711,16.1921],[99.7711,16.1913],[99.7722,16.1905],[99.7722,16.1875],[99.7727,16.1869],[99.7733,16.1848],[99.7738,16.1848],[99.7733,16.1859],[99.7736,16.1869],[99.773,16.1869],[99.773,16.1878],[99.7736,16.1872],[99.7739,16.1913],[99.773,16.1913],[99.7727,16.1886],[99.773,16.1926],[99.7716,16.194]],[[99.7727,16.1878],[99.773,16.188],[99.773,16.1878],[99.7727,16.1878]]]}},{"type":"Feature","properties":{"kind":"seasonal","area_km2":0.131,"date":"2026-10-09"},"geometry":{"type":"Polygon","coordinates":[[[99.8011,16.9987],[99.8011,16.9977],[99.8019,16.9974],[99.8019,16.996],[99.8013,16.996],[99.8011,16.9971],[99.8002,16.9971],[99.8002,16.9979],[99.7996,16.9979],[99.7996,16.9963],[99.8008,16.9955],[99.8002,16.993],[99.8007,16.9922],[99.8016,16.9922],[99.8025,16.9955],[99.803,16.9958],[99.803,16.9971],[99.8016,16.9977],[99.8016,16.9987],[99.8011,16.9987]]]}},{"type":"Feature","properties":{"kind":"seasonal","area_km2":0.131,"date":"2026-10-09"},"geometry":{"type":"Polygon","coordinates":[[[99.3065,16.4913],[99.3062,16.4908],[99.3051,16.4911],[99.3048,16.4903],[99.3028,16.4897],[99.3025,16.4889],[99.3017,16.4889],[99.3017,16.4881],[99.3042,16.4873],[99.3042,16.4881],[99.3051,16.4881],[99.3062,16.4889],[99.3065,16.4897],[99.3076,16.49],[99.3076,16.4913],[99.3065,16.4913]]]}},{"type":"Feature","properties":{"kind":"seasonal","area_km2":0.13,"date":"2026-10-09"},"geometry":{"type":"Polygon","coordinates":[[[99.2994,16.1149],[99.2997,16.1138],[99.2983,16.1141],[99.2986,16.1092],[99.2997,16.1092],[99.3003,16.1098],[99.3003,16.1117],[99.3011,16.1119],[99.3011,16.1144],[99.2994,16.1149]],[[99.2992,16.113],[99.3,16.1122],[99.2997,16.1117],[99.2989,16.1117],[99.2994,16.1122],[99.2992,16.113]]]}},{"type":"Feature","properties":{"kind":"seasonal","area_km2":0.128,"date":"2026-10-09"},"geometry":{"type":"Polygon","coordinates":[[[99.9219,16.8629],[99.9216,16.8618],[99.9227,16.8607],[99.9227,16.8602],[99.9232,16.8597],[99.9252,16.8597],[99.9252,16.8605],[99.9258,16.861],[99.9258,16.8629],[99.9219,16.8629]]]}},{"type":"Feature","properties":{"kind":"seasonal","area_km2":0.127,"date":"2026-10-09"},"geometry":{"type":"Polygon","coordinates":[[[99.8247,16.8698],[99.8225,16.8696],[99.8225,16.8685],[99.8233,16.8669],[99.8242,16.8669],[99.8244,16.8682],[99.825,16.8682],[99.825,16.8669],[99.8258,16.8669],[99.8258,16.8674],[99.8273,16.8677],[99.8275,16.8698],[99.8261,16.8696],[99.8261,16.869],[99.8253,16.869],[99.8247,16.8698]]]}},{"type":"Feature","properties":{"kind":"seasonal","area_km2":0.126,"date":"2026-10-09"},"geometry":{"type":"Polygon","coordinates":[[[99.806,16.9711],[99.8054,16.9684],[99.8097,16.9686],[99.81,16.9702],[99.8094,16.9702],[99.8094,16.9708],[99.806,16.9711]],[[99.8094,16.9694],[99.8097,16.9697],[99.8097,16.9694],[99.8094,16.9694]]]}},{"type":"Feature","properties":{"kind":"seasonal","area_km2":0.126,"date":"2026-10-09"},"geometry":{"type":"Polygon","coordinates":[[[99.8606,16.8963],[99.8584,16.8963],[99.8581,16.8957],[99.8581,16.8949],[99.8592,16.8949],[99.8598,16.8955],[99.8603,16.8944],[99.8603,16.8938],[99.8592,16.8936],[99.8592,16.8925],[99.8586,16.8925],[99.8583,16.8919],[99.8589,16.8903],[99.8597,16.8903],[99.86,16.8914],[99.8609,16.8917],[99.8606,16.8938],[99.8617,16.8938],[99.8617,16.8946],[99.8615,16.8952],[99.8609,16.8952],[99.8606,16.8963]]]}},{"type":"Feature","properties":{"kind":"seasonal","area_km2":0.126,"date":"2026-10-09"},"geometry":{"type":"Polygon","coordinates":[[[99.3973,16.6403],[99.3979,16.6398],[99.3959,16.6393],[99.3956,16.6398],[99.395,16.6398],[99.395,16.6384],[99.3945,16.6384],[99.3936,16.6376],[99.3984,16.6379],[99.3984,16.6384],[99.3995,16.6392],[99.4021,16.6395],[99.4021,16.6403],[99.3973,16.6403]],[[99.3965,16.639],[99.3981,16.6395],[99.3984,16.6387],[99.3965,16.639]],[[99.3959,16.6387],[99.3965,16.639],[99.3965,16.6387],[99.3959,16.6387]],[[99.3953,16.6387],[99.3959,16.6387],[99.3959,16.6384],[99.395,16.6382],[99.3953,16.6387]]]}},{"type":"Feature","properties":{"kind":"seasonal","area_km2":0.125,"date":"2026-10-09"},"geometry":{"type":"Polygon","coordinates":[[[99.8773,16.9195],[99.8779,16.9179],[99.877,16.9168],[99.8765,16.9168],[99.8765,16.916],[99.8776,16.916],[99.8784,16.9152],[99.8799,16.9149],[99.8804,16.9181],[99.8785,16.9184],[99.8788,16.9195],[99.8773,16.9195]]]}},{"type":"Feature","properties":{"kind":"seasonal","area_km2":0.125,"date":"2026-10-09"},"geometry":{"type":"Polygon","coordinates":[[[99.8371,16.8709],[99.8368,16.8698],[99.8374,16.869],[99.8366,16.8684],[99.8374,16.8682],[99.8374,16.8671],[99.8363,16.8674],[99.8363,16.8668],[99.8357,16.8668],[99.836,16.8657],[99.8377,16.8657],[99.838,16.8668],[99.8394,16.8668],[99.8391,16.8701],[99.8385,16.8701],[99.838,16.8709],[99.8371,16.8709]]]}},{"type":"Feature","properties":{"kind":"seasonal","area_km2":0.124,"date":"2026-10-09"},"geometry":{"type":"Polygon","coordinates":[[[99.9692,16.9297],[99.9689,16.9283],[99.9695,16.9278],[99.9684,16.9267],[99.9684,16.9251],[99.9695,16.924],[99.9703,16.924],[99.9712,16.9248],[99.9712,16.9259],[99.9703,16.9261],[99.9698,16.927],[99.9712,16.9278],[99.9712,16.9289],[99.9706,16.9286],[99.9704,16.9297],[99.9692,16.9297]]]}},{"type":"Feature","properties":{"kind":"seasonal","area_km2":0.124,"date":"2026-10-09"},"geometry":{"type":"Polygon","coordinates":[[[99.3267,16.3017],[99.3267,16.2998],[99.3309,16.2996],[99.3326,16.3004],[99.3326,16.3012],[99.332,16.3012],[99.332,16.3017],[99.3267,16.3017]]]}},{"type":"Feature","properties":{"kind":"seasonal","area_km2":0.123,"date":"2026-10-09"},"geometry":{"type":"Polygon","coordinates":[[[99.873,16.8417],[99.8725,16.8412],[99.873,16.8393],[99.8747,16.8395],[99.8747,16.8374],[99.8761,16.8374],[99.8764,16.8387],[99.8773,16.839],[99.8773,16.8398],[99.8764,16.8398],[99.8761,16.8406],[99.875,16.8406],[99.8744,16.8409],[99.8744,16.8414],[99.873,16.8417]]]}},{"type":"Feature","properties":{"kind":"seasonal","area_km2":0.121,"date":"2026-10-09"},"geometry":{"type":"Polygon","coordinates":[[[99.9117,16.9687],[99.9117,16.9682],[99.9094,16.9679],[99.9088,16.9674],[99.9088,16.9666],[99.9105,16.9663],[99.9114,16.9671],[99.9122,16.966],[99.9139,16.9655],[99.9139,16.9684],[99.9117,16.9687]]]}},{"type":"Feature","properties":{"kind":"seasonal","area_km2":0.121,"date":"2026-10-09"},"geometry":{"type":"Polygon","coordinates":[[[99.9683,16.8662],[99.9675,16.8654],[99.9672,16.863],[99.9678,16.863],[99.968,16.8622],[99.9689,16.8622],[99.9695,16.8635],[99.9689,16.8643],[99.9695,16.8646],[99.9697,16.8641],[99.9711,16.8638],[99.9714,16.8651],[99.9709,16.8659],[99.9683,16.8662]]]}},{"type":"Feature","properties":{"kind":"seasonal","area_km2":0.12,"date":"2026-10-09"},"geometry":{"type":"Polygon","coordinates":[[[99.5972,16.9826],[99.5967,16.9821],[99.5967,16.9813],[99.5978,16.9802],[99.6017,16.9799],[99.602,16.9823],[99.5972,16.9826]],[[99.5975,16.9824],[99.5989,16.9824],[99.5987,16.9805],[99.5984,16.981],[99.5978,16.981],[99.5975,16.9824]]]}},{"type":"Feature","properties":{"kind":"seasonal","area_km2":0.12,"date":"2026-10-09"},"geometry":{"type":"Polygon","coordinates":[[[99.8172,16.9591],[99.8164,16.9583],[99.8164,16.9572],[99.8155,16.9572],[99.8155,16.9556],[99.8161,16.9556],[99.8164,16.9569],[99.8175,16.9566],[99.8172,16.9556],[99.8203,16.9558],[99.8203,16.9566],[99.8189,16.9566],[99.8189,16.9572],[99.8195,16.9575],[99.8195,16.9585],[99.8189,16.9591],[99.8172,16.9591]]]}},{"type":"Feature","properties":{"kind":"seasonal","area_km2":0.12,"date":"2026-10-09"},"geometry":{"type":"Polygon","coordinates":[[[99.8396,16.9164],[99.8362,16.9156],[99.8362,16.9151],[99.8353,16.9145],[99.8353,16.9137],[99.8384,16.9132],[99.8399,16.9145],[99.8396,16.9164]]]}},{"type":"Feature","properties":{"kind":"seasonal","area_km2":0.12,"date":"2026-10-09"},"geometry":{"type":"Polygon","coordinates":[[[99.961,16.8644],[99.961,16.8608],[99.9604,16.86],[99.9604,16.8584],[99.9618,16.8581],[99.9618,16.8595],[99.9624,16.8595],[99.9627,16.8606],[99.9627,16.8638],[99.961,16.8644]]]}},{"type":"Feature","properties":{"kind":"seasonal","area_km2":0.12,"date":"2026-10-09"},"geometry":{"type":"Polygon","coordinates":[[[99.5371,16.4399],[99.5371,16.4393],[99.5388,16.4388],[99.5388,16.4383],[99.5394,16.4383],[99.5396,16.4388],[99.5396,16.438],[99.5413,16.4366],[99.5419,16.4366],[99.5422,16.4358],[99.5433,16.4361],[99.5436,16.4369],[99.5419,16.4391],[99.541,16.4391],[99.5405,16.4396],[99.5391,16.4393],[99.5391,16.4399],[99.5371,16.4399]]]}},{"type":"Feature","properties":{"kind":"seasonal","area_km2":0.119,"date":"2026-10-09"},"geometry":{"type":"Polygon","coordinates":[[[99.8666,16.8499],[99.8666,16.8482],[99.8646,16.8483],[99.8649,16.8455],[99.8655,16.8445],[99.8671,16.8444],[99.8671,16.8458],[99.8666,16.8458],[99.8666,16.8469],[99.8672,16.8469],[99.868,16.8493],[99.8674,16.8499],[99.8666,16.8499]]]}},{"type":"Feature","properties":{"kind":"seasonal","area_km2":0.118,"date":"2026-10-09"},"geometry":{"type":"Polygon","coordinates":[[[99.9241,16.8678],[99.9244,16.8659],[99.9236,16.8656],[99.9236,16.8645],[99.925,16.864],[99.9266,16.864],[99.9269,16.8659],[99.9264,16.8678],[99.9241,16.8678]]]}},{"type":"Feature","properties":{"kind":"seasonal","area_km2":0.115,"date":"2026-10-09"},"geometry":{"type":"Polygon","coordinates":[[[99.8105,16.9049],[99.8102,16.9033],[99.8114,16.9032],[99.8111,16.9027],[99.8105,16.9027],[99.8105,16.8997],[99.8113,16.8997],[99.8113,16.9003],[99.8128,16.9],[99.813,16.9019],[99.8122,16.9022],[99.8125,16.9041],[99.8114,16.9049],[99.8105,16.9049]]]}},{"type":"Feature","properties":{"kind":"seasonal","area_km2":0.115,"date":"2026-10-09"},"geometry":{"type":"Polygon","coordinates":[[[99.6859,16.1533],[99.6853,16.1496],[99.6856,16.1463],[99.685,16.1463],[99.685,16.1455],[99.6867,16.1458],[99.6864,16.1479],[99.687,16.1531],[99.6859,16.1533]]]}},{"type":"Feature","properties":{"kind":"seasonal","area_km2":0.113,"date":"2026-10-09"},"geometry":{"type":"Polygon","coordinates":[[[99.9748,16.9172],[99.9748,16.9156],[99.9742,16.9147],[99.9722,16.915],[99.9717,16.9139],[99.9717,16.9123],[99.9734,16.9123],[99.9742,16.9142],[99.9748,16.9137],[99.9756,16.9137],[99.9759,16.9172],[99.9748,16.9172]]]}},{"type":"Feature","properties":{"kind":"seasonal","area_km2":0.113,"date":"2026-10-09"},"geometry":{"type":"Polygon","coordinates":[[[99.2099,16.825],[99.2099,16.8242],[99.2093,16.8237],[99.2087,16.8237],[99.2085,16.8245],[99.2079,16.8245],[99.2073,16.8215],[99.2093,16.8218],[99.2099,16.8229],[99.2107,16.822],[99.2118,16.8223],[99.2118,16.8242],[99.2107,16.825],[99.2099,16.825]],[[99.2082,16.8226],[99.2085,16.8231],[99.2085,16.8226],[99.2082,16.8226]]]}},{"type":"Feature","properties":{"kind":"seasonal","area_km2":0.112,"date":"2026-10-09"},"geometry":{"type":"Polygon","coordinates":[[[99.914,16.9294],[99.9137,16.9283],[99.9123,16.9278],[99.9123,16.9272],[99.9115,16.9267],[99.9117,16.9253],[99.9137,16.9256],[99.9132,16.9272],[99.9146,16.9272],[99.9148,16.9261],[99.9157,16.9261],[99.9163,16.9267],[99.9163,16.9275],[99.9151,16.9278],[99.9154,16.9288],[99.9149,16.9294],[99.914,16.9294]]]}},{"type":"Feature","properties":{"kind":"seasonal","area_km2":0.111,"date":"2026-10-09"},"geometry":{"type":"Polygon","coordinates":[[[99.914,16.8613],[99.9134,16.8597],[99.9123,16.8594],[99.9123,16.8581],[99.9134,16.8581],[99.9134,16.8575],[99.9142,16.8575],[99.914,16.8589],[99.9145,16.8589],[99.9145,16.8578],[99.9156,16.8578],[99.9156,16.8586],[99.9148,16.8589],[99.9148,16.8594],[99.9156,16.8602],[99.9168,16.8602],[99.9168,16.8613],[99.914,16.8613]]]}},{"type":"Feature","properties":{"kind":"seasonal","area_km2":0.11,"date":"2026-10-09"},"geometry":{"type":"Polygon","coordinates":[[[99.8547,16.9484],[99.8544,16.9462],[99.8552,16.9454],[99.8549,16.944],[99.8555,16.9437],[99.8555,16.9432],[99.8563,16.9432],[99.8563,16.9446],[99.8575,16.9448],[99.8583,16.9456],[99.8583,16.9464],[99.8572,16.9467],[99.8572,16.9462],[99.8563,16.9456],[99.8563,16.947],[99.8555,16.947],[99.8555,16.9484],[99.8547,16.9484]]]}},{"type":"Feature","properties":{"kind":"seasonal","area_km2":0.11,"date":"2026-10-09"},"geometry":{"type":"Polygon","coordinates":[[[99.8938,16.8923],[99.8936,16.8918],[99.8924,16.8918],[99.8927,16.8902],[99.8921,16.8902],[99.8918,16.8888],[99.8927,16.8888],[99.8933,16.8899],[99.8933,16.8888],[99.8941,16.8888],[99.8938,16.8875],[99.8947,16.8874],[99.8949,16.888],[99.8958,16.888],[99.8958,16.8896],[99.8944,16.8893],[99.8944,16.8902],[99.8935,16.8902],[99.8941,16.8912],[99.895,16.8912],[99.895,16.8923],[99.8938,16.8923]]]}},{"type":"Feature","properties":{"kind":"seasonal","area_km2":0.11,"date":"2026-10-09"},"geometry":{"type":"Polygon","coordinates":[[[99.9177,16.8692],[99.9168,16.8681],[99.9165,16.8659],[99.916,16.8654],[99.916,16.8646],[99.9165,16.8643],[99.9174,16.8643],[99.9191,16.8665],[99.9188,16.8686],[99.9185,16.8692],[99.9177,16.8692]]]}},{"type":"Feature","properties":{"kind":"seasonal","area_km2":0.109,"date":"2026-10-09"},"geometry":{"type":"Polygon","coordinates":[[[99.0423,16.8525],[99.0418,16.8514],[99.0387,16.8517],[99.0375,16.8512],[99.0401,16.8512],[99.0432,16.8503],[99.0435,16.8498],[99.0449,16.8506],[99.0477,16.8498],[99.048,16.8512],[99.044,16.8512],[99.0429,16.8514],[99.0423,16.8525]]]}},{"type":"Feature","properties":{"kind":"seasonal","area_km2":0.109,"date":"2026-10-09"},"geometry":{"type":"Polygon","coordinates":[[[99.489,16.5409],[99.4899,16.5384],[99.4893,16.5376],[99.4882,16.5376],[99.4882,16.5371],[99.4876,16.5371],[99.4876,16.5363],[99.4907,16.5344],[99.4904,16.5355],[99.4899,16.5355],[99.491,16.5357],[99.4907,16.5371],[99.4899,16.5374],[99.4904,16.5376],[99.4907,16.5403],[99.489,16.5409]]]}},{"type":"Feature","properties":{"kind":"seasonal","area_km2":0.107,"date":"2026-10-09"},"geometry":{"type":"Polygon","coordinates":[[[99.4448,16.8474],[99.4425,16.8474],[99.4425,16.8466],[99.4433,16.8461],[99.4439,16.8447],[99.4428,16.8444],[99.4428,16.8436],[99.4439,16.8431],[99.4445,16.8439],[99.4456,16.8436],[99.4456,16.8458],[99.4448,16.8474]]]}},{"type":"Feature","properties":{"kind":"seasonal","area_km2":0.107,"date":"2026-10-09"},"geometry":{"type":"Polygon","coordinates":[[[99.3523,16.6437],[99.352,16.6431],[99.3512,16.6434],[99.3509,16.6426],[99.3495,16.6426],[99.3495,16.6418],[99.3512,16.6418],[99.3514,16.6412],[99.3523,16.6412],[99.3523,16.6407],[99.354,16.6404],[99.3548,16.642],[99.354,16.6423],[99.3537,16.6431],[99.3523,16.6437]]]}},{"type":"Feature","properties":{"kind":"seasonal","area_km2":0.104,"date":"2026-10-09"},"geometry":{"type":"Polygon","coordinates":[[[99.5303,16.3981],[99.53,16.3968],[99.5303,16.3973],[99.5314,16.3973],[99.5317,16.3965],[99.5305,16.3962],[99.5305,16.3954],[99.5311,16.3949],[99.5336,16.3946],[99.5336,16.3941],[99.5342,16.3941],[99.5347,16.393],[99.5356,16.393],[99.537,16.3919],[99.5378,16.3919],[99.537,16.393],[99.5356,16.3935],[99.5333,16.3957],[99.5322,16.3957],[99.5317,16.3976],[99.5311,16.3981],[99.5303,16.3981]]]}},{"type":"Feature","properties":{"kind":"seasonal","area_km2":0.103,"date":"2026-10-09"},"geometry":{"type":"Polygon","coordinates":[[[99.9145,16.973],[99.9142,16.9725],[99.9125,16.9728],[99.9128,16.9714],[99.9145,16.9714],[99.9151,16.9701],[99.917,16.9695],[99.917,16.9714],[99.9162,16.972],[99.9162,16.9728],[99.9145,16.973]]]}},{"type":"Feature","properties":{"kind":"seasonal","area_km2":0.103,"date":"2026-10-09"},"geometry":{"type":"Polygon","coordinates":[[[99.9015,16.9099],[99.9012,16.9078],[99.9015,16.9072],[99.9024,16.9072],[99.9024,16.9067],[99.9018,16.9067],[99.9018,16.9059],[99.9046,16.9056],[99.9046,16.9067],[99.9035,16.9069],[99.9038,16.9086],[99.9029,16.9091],[99.9026,16.9099],[99.9015,16.9099]]]}},{"type":"Feature","properties":{"kind":"seasonal","area_km2":0.103,"date":"2026-10-09"},"geometry":{"type":"Polygon","coordinates":[[[99.8748,16.9724],[99.8748,16.9716],[99.8753,16.9713],[99.8753,16.9694],[99.8773,16.9697],[99.8779,16.9694],[99.8779,16.9686],[99.8793,16.9689],[99.8796,16.9708],[99.8784,16.9708],[99.8784,16.9702],[99.8779,16.9702],[99.8773,16.971],[99.8762,16.9713],[99.8762,16.9721],[99.8748,16.9724]]]}},{"type":"Feature","properties":{"kind":"seasonal","area_km2":0.103,"date":"2026-10-09"},"geometry":{"type":"Polygon","coordinates":[[[99.8026,16.8951],[99.7998,16.893],[99.7998,16.8919],[99.802,16.8919],[99.8031,16.8924],[99.804,16.8949],[99.8026,16.8951]]]}},{"type":"Feature","properties":{"kind":"seasonal","area_km2":0.102,"date":"2026-10-09"},"geometry":{"type":"Polygon","coordinates":[[[100.0008,16.8335],[100.0008,16.8319],[100.0017,16.8319],[100.0014,16.8297],[100.0025,16.8297],[100.0025,16.8305],[100.0031,16.8305],[100.0031,16.8289],[100.0036,16.8284],[100.0045,16.8284],[100.0045,16.8297],[100.0039,16.8297],[100.0039,16.8303],[100.0045,16.8303],[100.0045,16.8314],[100.002,16.8322],[100.002,16.8335],[100.0008,16.8335]]]}},{"type":"Feature","properties":{"kind":"seasonal","area_km2":0.101,"date":"2026-10-09"},"geometry":{"type":"Polygon","coordinates":[[[99.9052,16.9045],[99.9035,16.9031],[99.9035,16.9023],[99.9043,16.9012],[99.9057,16.9012],[99.9057,16.902],[99.9071,16.9023],[99.9068,16.9042],[99.9052,16.9045]]]}},{"type":"Feature","properties":{"kind":"seasonal","area_km2":0.101,"date":"2026-10-09"},"geometry":{"type":"Polygon","coordinates":[[[99.8409,16.8904],[99.8409,16.8896],[99.8423,16.8885],[99.8426,16.8874],[99.8425,16.8863],[99.8417,16.8863],[99.8417,16.8855],[99.8428,16.8855],[99.8428,16.886],[99.8434,16.886],[99.8431,16.8844],[99.8451,16.8841],[99.8451,16.8849],[99.8442,16.8849],[99.8445,16.8863],[99.8437,16.8863],[99.8437,16.8874],[99.8428,16.8882],[99.8428,16.8896],[99.8423,16.8896],[99.8417,16.8904],[99.8409,16.8904]]]}},{"type":"Feature","properties":{"kind":"seasonal","area_km2":0.1,"date":"2026-10-09"},"geometry":{"type":"Polygon","coordinates":[[[99.9219,16.8797],[99.9216,16.8773],[99.9253,16.8773],[99.9256,16.8794],[99.9219,16.8797]]]}},{"type":"Feature","properties":{"kind":"seasonal","area_km2":0.1,"date":"2026-10-09"},"geometry":{"type":"Polygon","coordinates":[[[99.1192,16.875],[99.1187,16.8717],[99.1192,16.872],[99.1189,16.8709],[99.1195,16.8701],[99.1201,16.8701],[99.1198,16.8698],[99.1201,16.869],[99.1201,16.8696],[99.1215,16.8698],[99.1215,16.8712],[99.1212,16.872],[99.1206,16.872],[99.1206,16.8734],[99.1201,16.8734],[99.1201,16.8742],[99.1192,16.875]],[[99.1195,16.8704],[99.1198,16.8707],[99.1198,16.8704],[99.1195,16.8704]]]}},{"type":"Feature","properties":{"kind":"seasonal","area_km2":0.1,"date":"2026-10-09"},"geometry":{"type":"Polygon","coordinates":[[[99.8746,16.8667],[99.8746,16.8645],[99.8732,16.8658],[99.8712,16.8659],[99.8712,16.8653],[99.8703,16.8653],[99.8703,16.8642],[99.8712,16.8642],[99.8712,16.865],[99.872,16.865],[99.8726,16.864],[99.8737,16.8639],[99.874,16.8631],[99.8748,16.8631],[99.8748,16.8645],[99.8754,16.8645],[99.876,16.8666],[99.8746,16.8667]]]}}]}
