{"type":"FeatureCollection","properties":{"v":3,"id":"t99_15","name":"อุทัยธานี · นครสวรรค์ · ชัยนาท","aoi":[99.0,15.0,100.0,16.0],"date":"2026-10-09","dates":["2026-10-09","2026-10-02"],"baseline_years":3,"has_seasonal":true,"totals":{"flood_high":17.8,"flood_low":36.7,"seasonal":25.6},"provinces":[{"name":"นครสวรรค์","zone":"th-c","flood_high":15.7,"flood_low":27.8,"seasonal":11.4},{"name":"อุทัยธานี","zone":"th-c","flood_high":2.1,"flood_low":6.6,"seasonal":8.8},{"name":"ชัยนาท","zone":"th-c","flood_high":0.0,"flood_low":1.9,"seasonal":5.4},{"name":"กำแพงเพชร","zone":"th-c","flood_high":0.0,"flood_low":0.5,"seasonal":0.0}],"scenes":{"2026-10-09":2,"2026-10-02":2},"baseline_dates":["2025-10-07","2024-10-09","2023-10-11"],"threshold_db":-15.0,"auto":true,"source":"Sentinel-1 RTC (Copernicus/ESA) via Microsoft Planetary Computer; JRC Global Surface Water; Copernicus DEM","method":"ChatGeo v3: Otsu threshold on VV dB; minus JRC permanent water and slope > 5 deg; unusual = water not present in most of the previous 3 years (same season)","added":"2026-10-10T16:37+07:00"},"features":[{"type":"Feature","properties":{"kind":"flood","area_km2":4.06,"conf":"high","date":"2026-10-09"},"geometry":{"type":"Polygon","coordinates":[[[99.9957,15.8734],[99.9937,15.8731],[99.9931,15.8723],[99.9917,15.872],[99.9912,15.8709],[99.9898,15.8712],[99.9901,15.8699],[99.9895,15.8693],[99.9861,15.8693],[99.9858,15.8685],[99.9858,15.8693],[99.9853,15.8693],[99.9853,15.8699],[99.9825,15.8699],[99.9828,15.8683],[99.9816,15.8683],[99.9816,15.865],[99.9805,15.865],[99.9805,15.8656],[99.9813,15.8658],[99.9811,15.8675],[99.9805,15.8677],[99.9788,15.868],[99.9786,15.8669],[99.9769,15.8669],[99.9769,15.8653],[99.976,15.865],[99.9766,15.8642],[99.9755,15.864],[99.9749,15.8634],[99.9749,15.8626],[99.978,15.8623],[99.978,15.8629],[99.9797,15.8629],[99.9796,15.8615],[99.9746,15.8618],[99.9743,15.8607],[99.9757,15.8607],[99.9766,15.8602],[99.9771,15.8591],[99.9782,15.8591],[99.9782,15.8566],[99.9799,15.8558],[99.9799,15.8539],[99.9793,15.8536],[99.9793,15.8528],[99.9807,15.8525],[99.9818,15.8517],[99.9816,15.8506],[99.981,15.8504],[99.9802,15.8504],[99.9796,15.8509],[99.9796,15.852],[99.9788,15.852],[99.9785,15.8512],[99.9774,15.8512],[99.9773,15.8504],[99.9785,15.8501],[99.9785,15.8488],[99.979,15.8482],[99.9804,15.8482],[99.981,15.849],[99.9818,15.8487],[99.9818,15.8482],[99.9827,15.8482],[99.9829,15.849],[99.9838,15.8493],[99.9841,15.8487],[99.9857,15.8482],[99.9852,15.8466],[99.9863,15.8463],[99.9869,15.8471],[99.9885,15.8468],[99.9885,15.8487],[99.9902,15.8487],[99.9914,15.8498],[99.9914,15.853],[99.9919,15.853],[99.9933,15.8549],[99.9928,15.8574],[99.9922,15.8579],[99.9922,15.859],[99.9934,15.8603],[99.9934,15.8636],[99.9939,15.8631],[99.9939,15.8601],[99.9948,15.8593],[99.9973,15.8587],[99.9981,15.8579],[99.999,15.8579],[99.9995,15.8584],[99.9995,15.8622],[99.999,15.8638],[99.9982,15.8644],[99.9976,15.8677],[99.9968,15.8682],[99.9968,15.8709],[99.9954,15.8712],[99.9948,15.8706],[99.9926,15.8701],[99.9926,15.8696],[99.9915,15.8698],[99.9915,15.8707],[99.9926,15.8707],[99.9957,15.8723],[99.9957,15.8734]],[[99.9861,15.8677],[99.9864,15.8682],[99.9867,15.8677],[99.9861,15.8677]],[[99.9934,15.8679],[99.994,15.8682],[99.994,15.8679],[99.9934,15.8679]],[[99.9937,15.8674],[99.9951,15.8674],[99.9951,15.8663],[99.9937,15.8666],[99.9937,15.8674]],[[99.99,15.8666],[99.9909,15.8666],[99.9909,15.8658],[99.9889,15.8655],[99.99,15.8666]],[[99.994,15.8652],[99.9945,15.8655],[99.9945,15.8652],[99.994,15.8652]],[[99.9844,15.8653],[99.985,15.865],[99.9853,15.8639],[99.9847,15.8634],[99.9839,15.8634],[99.9839,15.8631],[99.9836,15.8631],[99.9833,15.8645],[99.9839,15.8645],[99.9844,15.8653]],[[99.9816,15.8645],[99.9825,15.8642],[99.9825,15.8634],[99.9816,15.8637],[99.9816,15.8645]],[[99.9872,15.8639],[99.9875,15.8644],[99.9875,15.8639],[99.9872,15.8639]],[[99.9951,15.8644],[99.9962,15.8644],[99.9962,15.8639],[99.9956,15.8639],[99.9951,15.8644]],[[99.9864,15.8634],[99.9872,15.8634],[99.9878,15.8623],[99.9889,15.8623],[99.988,15.8606],[99.9872,15.8606],[99.9872,15.8628],[99.9864,15.8628],[99.9864,15.8634]],[[99.9833,15.8628],[99.9836,15.8631],[99.9836,15.8628],[99.9833,15.8628]],[[99.9909,15.8631],[99.9911,15.8601],[99.9894,15.8601],[99.9892,15.8606],[99.9906,15.8609],[99.9906,15.8623],[99.9895,15.8623],[99.9895,15.8628],[99.9909,15.8631]],[[99.9824,15.8604],[99.9827,15.8626],[99.9827,15.8615],[99.9838,15.8604],[99.9841,15.8593],[99.9833,15.8593],[99.983,15.8604],[99.9824,15.8604]],[[99.9911,15.8595],[99.9914,15.8598],[99.9914,15.8595],[99.9911,15.8595]],[[99.9973,15.8595],[99.9978,15.8598],[99.9978,15.8595],[99.9973,15.8595]],[[99.9844,15.8588],[99.9847,15.8593],[99.985,15.8588],[99.9844,15.8588]],[[99.9827,15.8585],[99.9833,15.8585],[99.983,15.8569],[99.9805,15.8569],[99.9805,15.8574],[99.9824,15.8574],[99.9827,15.8585]],[[99.9844,15.8571],[99.9849,15.8571],[99.9858,15.8563],[99.9855,15.8544],[99.9849,15.8539],[99.9844,15.8542],[99.9852,15.8552],[99.9852,15.856],[99.9844,15.8566],[99.9844,15.8571]],[[99.9877,15.856],[99.9883,15.856],[99.9886,15.8555],[99.988,15.8555],[99.9877,15.856]],[[99.9813,15.8553],[99.9819,15.8555],[99.9819,15.8552],[99.9813,15.8553]],[[99.99,15.8552],[99.9908,15.8552],[99.9908,15.8547],[99.99,15.8547],[99.99,15.8552]],[[99.9838,15.8525],[99.9841,15.8528],[99.9841,15.8525],[99.9838,15.8525]],[[99.9846,15.8517],[99.9858,15.852],[99.9863,15.8512],[99.988,15.8514],[99.988,15.8501],[99.9872,15.8503],[99.9872,15.8495],[99.9852,15.8495],[99.9852,15.8506],[99.9846,15.8509],[99.9846,15.8517]],[[99.983,15.8514],[99.9832,15.8517],[99.9832,15.8514],[99.983,15.8514]],[[99.9818,15.8506],[99.9827,15.8506],[99.983,15.8501],[99.9824,15.8496],[99.9815,15.8496],[99.9818,15.8506]],[[99.9874,15.8495],[99.9877,15.8498],[99.9877,15.8495],[99.9874,15.8495]],[[99.9877,15.8493],[99.988,15.8495],[99.988,15.8493],[99.9877,15.8493]]]}},{"type":"Feature","properties":{"kind":"flood","area_km2":2.677,"conf":"high","date":"2026-10-09"},"geometry":{"type":"Polygon","coordinates":[[[99.9947,15.8416],[99.9947,15.8405],[99.993,15.8403],[99.993,15.8395],[99.9944,15.8395],[99.9944,15.8386],[99.9921,15.8389],[99.9921,15.8376],[99.9907,15.8376],[99.9905,15.8381],[99.9896,15.8381],[99.9899,15.8368],[99.9893,15.8368],[99.9885,15.8376],[99.9885,15.8381],[99.9874,15.8381],[99.9871,15.8376],[99.986,15.8376],[99.9854,15.8371],[99.9854,15.8357],[99.9848,15.8346],[99.9854,15.8322],[99.9826,15.8319],[99.9826,15.8306],[99.982,15.8303],[99.982,15.8292],[99.9826,15.8292],[99.9826,15.8287],[99.9817,15.8284],[99.98,15.8268],[99.98,15.8254],[99.9786,15.8252],[99.9786,15.8262],[99.9764,15.8263],[99.9764,15.8271],[99.9789,15.8271],[99.9789,15.8262],[99.9798,15.8262],[99.9795,15.8273],[99.9803,15.8273],[99.9803,15.8281],[99.9764,15.8279],[99.9753,15.8273],[99.975,15.8263],[99.9739,15.8263],[99.9739,15.8255],[99.975,15.8246],[99.9747,15.8227],[99.9758,15.823],[99.9758,15.8246],[99.9781,15.8246],[99.9789,15.8216],[99.9806,15.8214],[99.9806,15.8205],[99.9817,15.8203],[99.9808,15.8195],[99.9811,15.8181],[99.9803,15.8176],[99.9803,15.8167],[99.9819,15.8167],[99.9834,15.8181],[99.9834,15.8189],[99.9825,15.8192],[99.9828,15.8197],[99.9836,15.8197],[99.9842,15.8192],[99.9853,15.8194],[99.9853,15.8211],[99.9834,15.8211],[99.9831,15.8205],[99.9825,15.8205],[99.9831,15.8222],[99.9814,15.8222],[99.9814,15.8227],[99.9837,15.8232],[99.9845,15.8216],[99.9862,15.8213],[99.9862,15.8227],[99.987,15.823],[99.987,15.8243],[99.9876,15.8243],[99.9876,15.8238],[99.9884,15.8238],[99.9898,15.8254],[99.9898,15.8262],[99.9893,15.8267],[99.9879,15.8267],[99.9887,15.8278],[99.989,15.8273],[99.9898,15.8273],[99.9907,15.8281],[99.9912,15.8281],[99.9915,15.8289],[99.9924,15.8286],[99.9927,15.8292],[99.9938,15.8292],[99.9941,15.83],[99.9957,15.8294],[99.996,15.8302],[99.9969,15.8305],[99.9974,15.8313],[100.0005,15.8321],[100.0008,15.8332],[100.0011,15.8324],[100.0019,15.8324],[100.0019,15.8335],[100.0014,15.8337],[100.0014,15.8354],[100.0022,15.8359],[100.0022,15.8373],[100.0017,15.8373],[100.0011,15.8381],[99.9997,15.8378],[99.9997,15.8384],[100.0003,15.8384],[100.0003,15.8392],[99.9983,15.8389],[99.9972,15.8397],[99.9972,15.8403],[99.9966,15.8403],[99.9958,15.8395],[99.9947,15.8395],[99.9947,15.8403],[99.9958,15.8403],[99.9958,15.8416],[99.9947,15.8416]],[[99.9961,15.8386],[99.998,15.8384],[99.9989,15.8375],[99.998,15.8365],[99.998,15.8356],[99.9972,15.8354],[99.9966,15.8346],[99.9955,15.8343],[99.9949,15.8335],[99.9938,15.8335],[99.9932,15.833],[99.9932,15.8316],[99.9943,15.8313],[99.9932,15.8313],[99.9924,15.8303],[99.9899,15.8303],[99.9907,15.8311],[99.9924,15.8311],[99.9924,15.8332],[99.9932,15.8335],[99.9941,15.8346],[99.9952,15.8346],[99.9958,15.8354],[99.9969,15.8357],[99.9966,15.837],[99.9975,15.837],[99.9975,15.8378],[99.9963,15.8376],[99.9961,15.8386]],[[99.9947,15.8367],[99.9949,15.8373],[99.9949,15.8367],[99.9947,15.8367]],[[99.9899,15.8357],[99.9902,15.8368],[99.9904,15.8357],[99.9899,15.8357]],[[100.0002,15.8354],[100.0005,15.8356],[100.0005,15.8354],[100.0002,15.8354]],[[99.9986,15.834],[99.9991,15.834],[99.9991,15.8335],[99.9986,15.8335],[99.9986,15.834]],[[99.9865,15.833],[99.9868,15.8333],[99.9868,15.833],[99.9865,15.833]],[[99.9862,15.8327],[99.9865,15.833],[99.9865,15.8327],[99.9862,15.8327]],[[99.9843,15.83],[99.9865,15.83],[99.9865,15.8295],[99.9882,15.8292],[99.9882,15.8286],[99.987,15.8286],[99.9871,15.8292],[99.9859,15.8292],[99.9859,15.8297],[99.984,15.8292],[99.9843,15.83]],[[99.9854,15.8281],[99.9862,15.8278],[99.9865,15.8273],[99.9859,15.827],[99.9854,15.8281]],[[99.9823,15.8276],[99.9834,15.8273],[99.9831,15.8243],[99.9825,15.8243],[99.9823,15.8276]],[[99.9856,15.8257],[99.9862,15.8251],[99.9856,15.8251],[99.9853,15.824],[99.9856,15.8257]],[[99.9803,15.8222],[99.9806,15.8227],[99.9806,15.8222],[99.9803,15.8222]]]}},{"type":"Feature","properties":{"kind":"flood","area_km2":2.079,"conf":"high","date":"2026-10-09"},"geometry":{"type":"Polygon","coordinates":[[[99.9665,15.8578],[99.9651,15.8564],[99.9637,15.8564],[99.9639,15.8559],[99.9634,15.8553],[99.9628,15.8559],[99.9614,15.8553],[99.9608,15.8548],[99.9608,15.854],[99.9648,15.8537],[99.9659,15.8526],[99.9689,15.8512],[99.9687,15.8496],[99.9678,15.8491],[99.9678,15.848],[99.9692,15.8483],[99.9692,15.8477],[99.9684,15.8472],[99.9686,15.8455],[99.9714,15.8458],[99.972,15.8485],[99.9715,15.8488],[99.9715,15.8493],[99.9709,15.8493],[99.9709,15.8499],[99.9734,15.8493],[99.9726,15.8477],[99.9731,15.848],[99.9731,15.8472],[99.9743,15.8471],[99.9748,15.8447],[99.9759,15.8439],[99.9756,15.8431],[99.9742,15.8434],[99.9742,15.8425],[99.9759,15.8423],[99.9759,15.8412],[99.9767,15.8412],[99.9768,15.8423],[99.9773,15.8423],[99.9776,15.8412],[99.977,15.8412],[99.977,15.8406],[99.9756,15.8406],[99.9756,15.8398],[99.9779,15.8393],[99.9793,15.8395],[99.9793,15.839],[99.9781,15.839],[99.9787,15.8374],[99.9795,15.8374],[99.9801,15.8379],[99.9807,15.8401],[99.9815,15.8401],[99.9815,15.8411],[99.9821,15.8411],[99.9821,15.8401],[99.9826,15.8401],[99.9829,15.8395],[99.9818,15.8387],[99.9812,15.8368],[99.9804,15.8365],[99.9806,15.833],[99.9812,15.8325],[99.982,15.8325],[99.9826,15.8357],[99.9818,15.8357],[99.9818,15.8363],[99.9834,15.8365],[99.9837,15.8409],[99.9854,15.8409],[99.9843,15.8401],[99.9843,15.8376],[99.9837,15.8371],[99.984,15.8354],[99.9848,15.8354],[99.9849,15.8373],[99.9863,15.8387],[99.9874,15.8387],[99.9877,15.8398],[99.9891,15.8398],[99.9891,15.8406],[99.9879,15.8406],[99.9882,15.8425],[99.9871,15.8436],[99.9871,15.8444],[99.984,15.8444],[99.984,15.8436],[99.9832,15.8439],[99.9829,15.8449],[99.9838,15.8452],[99.9838,15.8463],[99.9824,15.8463],[99.9818,15.8474],[99.9804,15.8471],[99.9804,15.846],[99.9799,15.846],[99.9787,15.8471],[99.9776,15.8471],[99.9776,15.8466],[99.9762,15.8474],[99.9745,15.8471],[99.9751,15.8496],[99.9743,15.8501],[99.974,15.8509],[99.9726,15.8515],[99.9726,15.852],[99.9734,15.852],[99.9743,15.8534],[99.9757,15.8534],[99.9754,15.8512],[99.9768,15.8515],[99.9774,15.852],[99.9774,15.8531],[99.9765,15.8539],[99.9765,15.8545],[99.9751,15.8545],[99.9749,15.855],[99.9732,15.8547],[99.9729,15.8556],[99.9718,15.8561],[99.9718,15.8569],[99.9707,15.8572],[99.9704,15.8556],[99.9693,15.8567],[99.9684,15.8567],[99.9681,15.855],[99.9673,15.855],[99.9673,15.8542],[99.9667,15.8542],[99.9664,15.8556],[99.967,15.8559],[99.9673,15.8578],[99.9665,15.8578]],[[99.9695,15.8545],[99.9715,15.8542],[99.9715,15.8537],[99.9695,15.8537],[99.9695,15.8545]],[[99.972,15.8523],[99.9723,15.8529],[99.9723,15.8523],[99.972,15.8523]],[[99.9712,15.8515],[99.972,15.8515],[99.972,15.8512],[99.9715,15.851],[99.9712,15.8515]],[[99.9698,15.8499],[99.9701,15.8501],[99.9701,15.8499],[99.9698,15.8499]],[[99.9784,15.8455],[99.979,15.8455],[99.9793,15.845],[99.9784,15.8447],[99.9784,15.8455]],[[99.977,15.845],[99.9779,15.845],[99.9782,15.8444],[99.9773,15.8442],[99.977,15.845]],[[99.9793,15.8444],[99.9801,15.8444],[99.9801,15.842],[99.979,15.8422],[99.9796,15.8431],[99.9793,15.8444]],[[99.9784,15.8433],[99.9787,15.8439],[99.9787,15.8433],[99.9784,15.8433]],[[99.9812,15.843],[99.9815,15.8433],[99.9815,15.843],[99.9812,15.843]]]}},{"type":"Feature","properties":{"kind":"flood","area_km2":1.985,"conf":"high","date":"2026-10-09"},"geometry":{"type":"Polygon","coordinates":[[[99.4033,15.5786],[99.4033,15.5772],[99.4041,15.5761],[99.4058,15.5761],[99.4064,15.5756],[99.4075,15.5758],[99.4078,15.5748],[99.4103,15.575],[99.41,15.5756],[99.4109,15.5753],[99.4103,15.5726],[99.4075,15.5731],[99.4072,15.5715],[99.4067,15.5715],[99.4067,15.5726],[99.405,15.5726],[99.4053,15.571],[99.4066,15.5707],[99.408,15.5693],[99.408,15.5685],[99.4075,15.568],[99.4055,15.5677],[99.4055,15.5664],[99.4075,15.5666],[99.4078,15.5658],[99.4089,15.5658],[99.4092,15.5663],[99.4114,15.5658],[99.4117,15.5669],[99.41,15.5669],[99.41,15.5682],[99.412,15.5682],[99.412,15.5672],[99.4128,15.5674],[99.4139,15.5669],[99.415,15.5669],[99.415,15.5677],[99.4159,15.568],[99.417,15.5663],[99.4181,15.5663],[99.4189,15.5655],[99.4189,15.5644],[99.417,15.5642],[99.4164,15.5628],[99.4159,15.5625],[99.4159,15.5612],[99.4164,15.5606],[99.4159,15.5585],[99.4164,15.5585],[99.4164,15.5579],[99.4173,15.5571],[99.417,15.5533],[99.4164,15.5528],[99.4142,15.553],[99.4142,15.5522],[99.4158,15.5517],[99.4167,15.5503],[99.4178,15.5503],[99.4181,15.5509],[99.4192,15.5511],[99.4214,15.5511],[99.422,15.5509],[99.422,15.5503],[99.4231,15.55],[99.4231,15.5506],[99.4223,15.5509],[99.422,15.5522],[99.4186,15.5528],[99.4186,15.5533],[99.4178,15.5536],[99.4178,15.5547],[99.4198,15.5547],[99.42,15.5552],[99.4195,15.5563],[99.4178,15.5566],[99.4175,15.5571],[99.4178,15.5598],[99.417,15.5604],[99.4167,15.5625],[99.4181,15.5628],[99.4187,15.5633],[99.4203,15.5633],[99.4203,15.5628],[99.4217,15.5628],[99.4217,15.5636],[99.4209,15.5644],[99.4195,15.5644],[99.4198,15.5661],[99.4192,15.5661],[99.4192,15.5677],[99.4201,15.5677],[99.4201,15.5682],[99.4181,15.5696],[99.417,15.5693],[99.417,15.5688],[99.4164,15.5685],[99.4148,15.5685],[99.4145,15.5701],[99.4159,15.5701],[99.4162,15.5707],[99.4167,15.5707],[99.4167,15.5715],[99.4198,15.5712],[99.4198,15.5704],[99.4206,15.5704],[99.4206,15.5696],[99.4201,15.5696],[99.4204,15.569],[99.4215,15.5693],[99.4218,15.5682],[99.424,15.5679],[99.4243,15.5655],[99.4254,15.5655],[99.4257,15.565],[99.4271,15.5647],[99.4276,15.5669],[99.4282,15.5669],[99.4282,15.5677],[99.4271,15.5677],[99.4271,15.5682],[99.4262,15.5688],[99.426,15.5701],[99.4265,15.5707],[99.4268,15.5701],[99.4279,15.5701],[99.4282,15.5682],[99.429,15.5693],[99.4301,15.5693],[99.4301,15.5674],[99.4318,15.5674],[99.4318,15.5679],[99.431,15.5679],[99.4313,15.5687],[99.4307,15.5687],[99.431,15.5701],[99.4304,15.5701],[99.4307,15.5712],[99.4302,15.5728],[99.4293,15.5728],[99.4293,15.5717],[99.4282,15.5704],[99.4279,15.5709],[99.4274,15.5709],[99.4276,15.5723],[99.4268,15.5726],[99.4271,15.5742],[99.426,15.575],[99.4251,15.575],[99.4251,15.5742],[99.4262,15.5736],[99.426,15.5704],[99.422,15.5707],[99.4198,15.5731],[99.417,15.5728],[99.4167,15.5734],[99.4159,15.5734],[99.4148,15.5745],[99.4142,15.5745],[99.4134,15.5756],[99.4109,15.5756],[99.4103,15.5761],[99.4092,15.5761],[99.4095,15.5769],[99.4078,15.5775],[99.4072,15.5786],[99.4033,15.5786]],[[99.4109,15.5748],[99.4111,15.575],[99.4111,15.5748],[99.4109,15.5748]],[[99.4201,15.5712],[99.4206,15.5712],[99.4209,15.5707],[99.4204,15.5707],[99.4201,15.5712]],[[99.429,15.5704],[99.4293,15.5706],[99.4293,15.5704],[99.429,15.5704]],[[99.4097,15.5704],[99.4111,15.5704],[99.4111,15.5688],[99.4097,15.5688],[99.4097,15.5704]],[[99.4209,15.5701],[99.4212,15.5704],[99.4212,15.5701],[99.4209,15.5701]],[[99.4212,15.5698],[99.4215,15.5701],[99.4215,15.5698],[99.4212,15.5698]],[[99.4302,15.5698],[99.4304,15.5701],[99.4304,15.5698],[99.4302,15.5698]],[[99.4304,15.5693],[99.4307,15.5698],[99.4307,15.5693],[99.4304,15.5693]],[[99.4122,15.5691],[99.4139,15.569],[99.4142,15.5674],[99.4128,15.5674],[99.4122,15.5691]],[[99.4304,15.5685],[99.4307,15.5687],[99.4307,15.5685],[99.4304,15.5685]]]}},{"type":"Feature","properties":{"kind":"flood","area_km2":1.595,"conf":"high","date":"2026-10-09"},"geometry":{"type":"Polygon","coordinates":[[[99.8627,15.964],[99.8624,15.9634],[99.8607,15.9626],[99.8607,15.9618],[99.8616,15.961],[99.8616,15.9604],[99.8607,15.9602],[99.8607,15.9596],[99.8601,15.9596],[99.8596,15.9585],[99.8585,15.9586],[99.8568,15.9561],[99.8568,15.9553],[99.8576,15.955],[99.8576,15.9531],[99.8584,15.9526],[99.8584,15.9515],[99.857,15.9521],[99.857,15.9531],[99.8562,15.9531],[99.8562,15.9526],[99.8545,15.9531],[99.8537,15.9523],[99.8525,15.9523],[99.8525,15.9515],[99.8531,15.951],[99.8531,15.9502],[99.8573,15.9502],[99.857,15.9496],[99.8551,15.9491],[99.8551,15.9483],[99.8587,15.9488],[99.8587,15.9493],[99.8595,15.9496],[99.8595,15.9507],[99.8607,15.9507],[99.8607,15.9491],[99.8584,15.9485],[99.8584,15.948],[99.857,15.948],[99.857,15.9472],[99.8576,15.9466],[99.8601,15.9469],[99.8609,15.9455],[99.8592,15.9453],[99.8587,15.9447],[99.8587,15.9439],[99.8598,15.9436],[99.8601,15.9442],[99.8612,15.9442],[99.8612,15.9447],[99.8623,15.9447],[99.862,15.9431],[99.8626,15.9428],[99.8629,15.9409],[99.8634,15.9404],[99.8648,15.9404],[99.8665,15.9406],[99.8662,15.9423],[99.8651,15.9425],[99.8651,15.9431],[99.8657,15.9431],[99.8657,15.9439],[99.8651,15.9439],[99.8651,15.945],[99.8637,15.9452],[99.8635,15.9488],[99.8643,15.9488],[99.8643,15.9466],[99.8649,15.9463],[99.8646,15.9458],[99.8665,15.9463],[99.8663,15.9488],[99.8654,15.9493],[99.8649,15.9526],[99.8643,15.9531],[99.8624,15.9531],[99.8621,15.9537],[99.8604,15.9537],[99.8604,15.9531],[99.8596,15.9529],[99.8596,15.9545],[99.8604,15.9545],[99.8604,15.955],[99.8607,15.9545],[99.8615,15.9545],[99.8618,15.9553],[99.8627,15.9553],[99.8629,15.9539],[99.864,15.9539],[99.8643,15.9566],[99.8624,15.9566],[99.8624,15.9572],[99.8657,15.9585],[99.8658,15.9593],[99.8652,15.9599],[99.8652,15.9623],[99.8635,15.964],[99.8627,15.964]],[[99.8624,15.9602],[99.8632,15.9599],[99.8632,15.9596],[99.8624,15.9596],[99.8624,15.9602]],[[99.8596,15.958],[99.8599,15.9583],[99.8599,15.958],[99.8596,15.958]],[[99.8604,15.9575],[99.8613,15.9569],[99.8613,15.9564],[99.8604,15.9566],[99.8604,15.9575]],[[99.8621,15.9496],[99.8629,15.9493],[99.8623,15.9482],[99.8618,15.9482],[99.8621,15.9496]],[[99.8626,15.9458],[99.8629,15.9463],[99.8629,15.9458],[99.8626,15.9458]],[[99.8623,15.9447],[99.8629,15.945],[99.8629,15.9447],[99.8623,15.9447]]]}},{"type":"Feature","properties":{"kind":"flood","area_km2":1.103,"conf":"high","date":"2026-10-09"},"geometry":{"type":"Polygon","coordinates":[[[99.4744,15.7235],[99.4728,15.7233],[99.4725,15.7224],[99.4716,15.7224],[99.4716,15.7211],[99.4727,15.7205],[99.473,15.7186],[99.4739,15.7178],[99.4736,15.717],[99.4727,15.717],[99.473,15.7148],[99.4719,15.7143],[99.4719,15.7127],[99.4724,15.7121],[99.4741,15.7127],[99.4738,15.7102],[99.4747,15.7102],[99.4747,15.7116],[99.4755,15.7116],[99.4758,15.7121],[99.4775,15.7121],[99.4775,15.71],[99.475,15.7102],[99.4752,15.7094],[99.4744,15.7091],[99.4744,15.7078],[99.4772,15.7083],[99.4772,15.707],[99.4741,15.7064],[99.4741,15.7072],[99.473,15.7086],[99.4733,15.7064],[99.4752,15.7051],[99.4755,15.7037],[99.4791,15.7032],[99.4797,15.7061],[99.4803,15.7064],[99.4792,15.7067],[99.4792,15.708],[99.4797,15.708],[99.4797,15.7094],[99.4806,15.7094],[99.4806,15.7102],[99.4817,15.7108],[99.4817,15.7118],[99.4831,15.7118],[99.4828,15.7156],[99.482,15.7156],[99.4817,15.7162],[99.4803,15.7162],[99.48,15.7167],[99.4786,15.7167],[99.4778,15.7178],[99.4783,15.7194],[99.4767,15.7192],[99.4767,15.7181],[99.4772,15.7175],[99.4769,15.7165],[99.4761,15.7159],[99.4747,15.7159],[99.4744,15.717],[99.4747,15.7181],[99.4753,15.7181],[99.4753,15.7197],[99.4747,15.7203],[99.4747,15.7213],[99.473,15.7219],[99.4733,15.7224],[99.4744,15.7222],[99.4744,15.7235]],[[99.4764,15.7154],[99.4767,15.7156],[99.4767,15.7154],[99.4764,15.7154]],[[99.4769,15.7156],[99.4775,15.7154],[99.4772,15.7148],[99.4767,15.7151],[99.4769,15.7156]],[[99.4786,15.7156],[99.4806,15.7154],[99.4806,15.7143],[99.4795,15.714],[99.4794,15.7132],[99.478,15.7132],[99.4781,15.7151],[99.4786,15.7156]],[[99.4739,15.7154],[99.4755,15.7154],[99.4755,15.714],[99.4739,15.714],[99.4739,15.7154]],[[99.4722,15.7129],[99.4724,15.7132],[99.4724,15.7129],[99.4722,15.7129]]]}},{"type":"Feature","properties":{"kind":"flood","area_km2":1.067,"conf":"high","date":"2026-10-09"},"geometry":{"type":"Polygon","coordinates":[[[99.9443,15.9723],[99.9426,15.972],[99.9426,15.9712],[99.9432,15.9707],[99.9418,15.9701],[99.9426,15.9669],[99.9423,15.9653],[99.9437,15.965],[99.944,15.9655],[99.944,15.9647],[99.9459,15.965],[99.9465,15.9658],[99.9482,15.9658],[99.9482,15.9671],[99.949,15.9671],[99.9493,15.9663],[99.9488,15.966],[99.9485,15.9647],[99.9479,15.9644],[99.9485,15.9617],[99.951,15.9611],[99.9513,15.9603],[99.9529,15.9598],[99.9529,15.9592],[99.9538,15.9592],[99.9541,15.9603],[99.9535,15.9603],[99.9535,15.9611],[99.9546,15.9614],[99.9546,15.963],[99.953,15.9644],[99.953,15.9649],[99.9538,15.9649],[99.9538,15.966],[99.9546,15.9657],[99.9546,15.9647],[99.9555,15.9638],[99.9577,15.9638],[99.9577,15.9646],[99.9566,15.9646],[99.956,15.9671],[99.9555,15.9676],[99.9524,15.9674],[99.9518,15.9671],[99.9518,15.966],[99.9513,15.966],[99.951,15.9666],[99.9504,15.9666],[99.9513,15.9668],[99.9507,15.9701],[99.9499,15.9701],[99.9493,15.9709],[99.9485,15.9709],[99.9482,15.9717],[99.9463,15.972],[99.9463,15.9712],[99.9471,15.9709],[99.9471,15.9701],[99.9454,15.9698],[99.9451,15.9704],[99.9457,15.9707],[99.9457,15.9717],[99.9443,15.9715],[99.9443,15.9723]]]}},{"type":"Feature","properties":{"kind":"flood","area_km2":0.97,"conf":"low","date":"2026-10-09"},"geometry":{"type":"Polygon","coordinates":[[[99.9941,16.0003],[99.994,15.9989],[99.9935,15.9986],[99.9935,15.9981],[99.9952,15.9984],[99.9952,15.997],[99.9957,15.9967],[99.996,15.9981],[99.9977,15.9981],[99.9977,15.9967],[99.9968,15.9965],[99.9971,15.9959],[99.9966,15.9957],[99.9966,15.9946],[99.9946,15.9946],[99.9935,15.994],[99.994,15.9935],[99.9937,15.9921],[99.9943,15.9921],[99.9951,15.9938],[99.9965,15.9943],[99.9971,15.994],[99.9971,15.9935],[99.9985,15.9935],[99.9985,15.9921],[99.9979,15.9918],[99.9988,15.9918],[99.9991,15.9932],[99.9988,15.9937],[99.9977,15.9937],[99.9974,15.9951],[99.9982,15.9959],[99.9985,15.9975],[99.9991,15.9981],[99.9991,15.9948],[100.0016,15.9951],[100.0016,15.9935],[99.9994,15.9937],[99.9999,15.9932],[99.9996,15.9916],[100.0005,15.9913],[100.001,15.9902],[100.0016,15.9902],[100.0016,15.9918],[100.0027,15.9921],[100.003,15.9929],[100.0038,15.9929],[100.0038,15.9921],[100.0044,15.9921],[100.0044,15.9907],[100.0038,15.9907],[100.0038,15.9899],[100.0024,15.9899],[100.0013,15.9894],[100.0016,15.9859],[100.0024,15.9859],[100.0024,15.9867],[100.003,15.9864],[100.003,15.9856],[100.0013,15.9856],[100.0013,15.9837],[100.0021,15.9834],[100.0021,15.9823],[100.0035,15.9826],[100.0038,15.9821],[100.0049,15.9821],[100.0049,15.9875],[100.0041,15.9875],[100.0041,15.988],[100.0049,15.988],[100.005,15.9948],[100.0041,15.9959],[100.0041,15.9975],[100.0033,15.9978],[100.0033,15.9983],[100.0027,15.9983],[100.0027,15.9989],[100.0036,15.9989],[100.0036,15.9997],[99.9997,16.0],[99.9985,15.9986],[99.9977,16.0003],[99.9941,16.0003]]]}},{"type":"Feature","properties":{"kind":"flood","area_km2":0.716,"conf":"low","date":"2026-10-09"},"geometry":{"type":"Polygon","coordinates":[[[99.521,15.3288],[99.5208,15.3274],[99.5222,15.3272],[99.5219,15.3258],[99.5224,15.3264],[99.5216,15.3239],[99.5224,15.3234],[99.5227,15.3223],[99.5241,15.3223],[99.5247,15.3228],[99.5255,15.322],[99.5258,15.3209],[99.5263,15.3209],[99.5266,15.3204],[99.528,15.3204],[99.5286,15.3209],[99.5302,15.3204],[99.5305,15.3198],[99.533,15.3198],[99.533,15.3193],[99.5344,15.319],[99.5342,15.3214],[99.5336,15.3217],[99.5336,15.3223],[99.5325,15.3225],[99.5322,15.3244],[99.5328,15.3247],[99.5325,15.3261],[99.5331,15.3266],[99.5331,15.3274],[99.5319,15.3288],[99.5314,15.3288],[99.5314,15.3274],[99.5305,15.3271],[99.5294,15.3247],[99.528,15.3247],[99.5272,15.3261],[99.5258,15.325],[99.5238,15.325],[99.5236,15.3263],[99.523,15.3264],[99.523,15.3269],[99.5236,15.3266],[99.5236,15.3272],[99.5224,15.3274],[99.5224,15.3285],[99.5216,15.3283],[99.521,15.3288]],[[99.5224,15.325],[99.5227,15.3255],[99.5227,15.325],[99.5224,15.325]]]}},{"type":"Feature","properties":{"kind":"flood","area_km2":0.668,"conf":"high","date":"2026-10-09"},"geometry":{"type":"Polygon","coordinates":[[[99.9997,15.8313],[99.998,15.83],[99.9969,15.83],[99.9963,15.8294],[99.9966,15.8278],[99.9949,15.8281],[99.9946,15.8286],[99.9929,15.8286],[99.9926,15.8281],[99.9912,15.8278],[99.991,15.8254],[99.9901,15.8246],[99.9896,15.8246],[99.989,15.8235],[99.9881,15.8232],[99.9884,15.8221],[99.9904,15.8216],[99.9904,15.8208],[99.9909,15.8208],[99.9909,15.8194],[99.992,15.8194],[99.9937,15.8205],[99.9935,15.8218],[99.9926,15.8218],[99.9921,15.821],[99.9918,15.8218],[99.9923,15.8235],[99.9932,15.824],[99.9932,15.8251],[99.9926,15.8256],[99.994,15.8256],[99.9949,15.827],[99.9954,15.827],[99.9957,15.8262],[99.9966,15.8262],[99.9966,15.8267],[99.9974,15.8272],[99.9994,15.827],[99.9991,15.8281],[99.9997,15.8283],[100.0005,15.8275],[100.0005,15.8259],[99.9991,15.8256],[99.9991,15.8248],[99.9996,15.8248],[100.0002,15.824],[100.001,15.824],[100.001,15.8245],[100.0019,15.8245],[100.0019,15.8251],[100.0024,15.8242],[100.0036,15.8245],[100.0038,15.8259],[100.0027,15.8256],[100.0027,15.8261],[100.0033,15.8261],[100.0033,15.8272],[100.0019,15.8275],[100.0025,15.8283],[100.0025,15.8294],[100.0013,15.8297],[100.0005,15.8313],[99.9997,15.8313]],[[99.9915,15.8273],[99.9929,15.8273],[99.9929,15.8259],[99.9915,15.8259],[99.9915,15.8273]],[[100.0005,15.8259],[100.001,15.8259],[100.001,15.8251],[100.0005,15.8251],[100.0005,15.8259]],[[99.9904,15.8238],[99.9912,15.8237],[99.9912,15.8229],[99.9907,15.8229],[99.9904,15.8238]]]}},{"type":"Feature","properties":{"kind":"flood","area_km2":0.654,"conf":"low","date":"2026-10-09"},"geometry":{"type":"Polygon","coordinates":[[[99.9528,15.9986],[99.9523,15.998],[99.9523,15.9961],[99.9517,15.9961],[99.952,15.9975],[99.95,15.9975],[99.95,15.9964],[99.9506,15.9961],[99.9506,15.9956],[99.9511,15.9956],[99.952,15.9929],[99.9534,15.9926],[99.9525,15.9918],[99.9525,15.991],[99.9531,15.991],[99.9531,15.9888],[99.9542,15.9888],[99.9556,15.9893],[99.9556,15.9901],[99.9545,15.991],[99.9542,15.9918],[99.9548,15.9918],[99.9553,15.991],[99.9564,15.9904],[99.9576,15.9904],[99.9584,15.992],[99.9595,15.992],[99.9595,15.9928],[99.9584,15.9928],[99.9579,15.9934],[99.9565,15.9931],[99.9565,15.9953],[99.957,15.9953],[99.9573,15.9942],[99.9584,15.9942],[99.9593,15.9953],[99.9607,15.9958],[99.9607,15.9969],[99.9565,15.9983],[99.9556,15.9983],[99.9556,15.9977],[99.9551,15.9977],[99.9545,15.9986],[99.9528,15.9986]],[[99.9562,15.9953],[99.9565,15.9958],[99.9565,15.9953],[99.9562,15.9953]],[[99.9536,15.9931],[99.9548,15.9931],[99.9548,15.9926],[99.9534,15.9926],[99.9536,15.9931]]]}},{"type":"Feature","properties":{"kind":"flood","area_km2":0.637,"conf":"low","date":"2026-10-09"},"geometry":{"type":"Polygon","coordinates":[[[99.1826,15.0453],[99.1826,15.0443],[99.1812,15.0443],[99.181,15.0437],[99.1796,15.0432],[99.1798,15.0413],[99.179,15.041],[99.179,15.0391],[99.1784,15.0388],[99.1784,15.035],[99.1776,15.0348],[99.1768,15.0353],[99.1768,15.0348],[99.1782,15.0345],[99.1782,15.034],[99.1787,15.0345],[99.1787,15.0334],[99.1782,15.0331],[99.1779,15.0318],[99.1779,15.0307],[99.1787,15.0291],[99.179,15.0296],[99.1807,15.0293],[99.1807,15.0299],[99.1798,15.0302],[99.1801,15.0321],[99.1812,15.0321],[99.1818,15.0299],[99.1809,15.0296],[99.1818,15.0288],[99.1832,15.0288],[99.184,15.028],[99.1848,15.0285],[99.1837,15.0291],[99.1837,15.0296],[99.1829,15.0302],[99.1829,15.0312],[99.1846,15.0312],[99.1854,15.0307],[99.1849,15.0318],[99.1851,15.0326],[99.184,15.0331],[99.184,15.0342],[99.1846,15.0348],[99.184,15.0359],[99.1846,15.0361],[99.1826,15.0367],[99.1826,15.0348],[99.1812,15.0348],[99.1807,15.0356],[99.1807,15.0369],[99.1801,15.0375],[99.1804,15.0394],[99.1798,15.0399],[99.1801,15.0405],[99.1807,15.0405],[99.181,15.0413],[99.1815,15.0413],[99.1812,15.0421],[99.1823,15.0432],[99.1846,15.044],[99.1843,15.0451],[99.1826,15.0453]],[[99.1837,15.0359],[99.184,15.0361],[99.184,15.0359],[99.1837,15.0359]],[[99.1832,15.0356],[99.1835,15.0359],[99.1835,15.0356],[99.1832,15.0356]],[[99.1787,15.0326],[99.1793,15.0329],[99.1793,15.0326],[99.1787,15.0326]],[[99.1812,15.0326],[99.1818,15.0326],[99.1818,15.0321],[99.1812,15.0321],[99.1812,15.0326]]]}},{"type":"Feature","properties":{"kind":"flood","area_km2":0.624,"conf":"low","date":"2026-10-09"},"geometry":{"type":"Polygon","coordinates":[[[99.9144,15.9334],[99.9144,15.9323],[99.9136,15.9315],[99.9116,15.9318],[99.9113,15.9304],[99.9108,15.9307],[99.9108,15.9315],[99.9099,15.9315],[99.9085,15.9301],[99.9071,15.9304],[99.9071,15.931],[99.9066,15.9312],[99.9054,15.9312],[99.9046,15.9304],[99.9046,15.9296],[99.9051,15.9291],[99.9057,15.9269],[99.9049,15.9269],[99.9043,15.9264],[99.9043,15.925],[99.9071,15.9253],[99.9077,15.9261],[99.9082,15.9261],[99.9088,15.9258],[99.9082,15.9236],[99.909,15.9236],[99.9093,15.9244],[99.9104,15.9244],[99.9104,15.9253],[99.9113,15.9253],[99.9116,15.9258],[99.9113,15.9271],[99.9121,15.9271],[99.9121,15.9277],[99.9135,15.9274],[99.9144,15.928],[99.9141,15.9307],[99.9136,15.9309],[99.915,15.9309],[99.9158,15.9317],[99.9158,15.9334],[99.9144,15.9334]],[[99.906,15.9299],[99.9065,15.9299],[99.9065,15.9291],[99.906,15.9291],[99.906,15.9299]]]}},{"type":"Feature","properties":{"kind":"flood","area_km2":0.544,"conf":"low","date":"2026-10-09"},"geometry":{"type":"Polygon","coordinates":[[[99.9747,15.9998],[99.9747,15.9977],[99.9758,15.9957],[99.9778,15.996],[99.9789,15.9952],[99.9797,15.9952],[99.9797,15.9957],[99.9803,15.9957],[99.9803,15.9946],[99.9797,15.9946],[99.9794,15.9941],[99.9789,15.9944],[99.9789,15.9949],[99.9766,15.9944],[99.9766,15.9928],[99.9772,15.9925],[99.9775,15.9911],[99.9783,15.9911],[99.9783,15.9919],[99.9822,15.9925],[99.9822,15.993],[99.9831,15.993],[99.9836,15.9935],[99.9837,15.9946],[99.9823,15.9946],[99.9823,15.9987],[99.9803,15.9984],[99.9812,15.9992],[99.9812,15.9998],[99.9798,15.9998],[99.9798,15.999],[99.9789,15.999],[99.9792,15.9998],[99.9747,15.9998]],[[99.9778,15.999],[99.9781,15.9993],[99.9781,15.999],[99.9778,15.999]],[[99.9806,15.9974],[99.9809,15.9976],[99.9809,15.9974],[99.9806,15.9974]],[[99.9811,15.9949],[99.9814,15.9952],[99.9814,15.9949],[99.9811,15.9949]]]}},{"type":"Feature","properties":{"kind":"flood","area_km2":0.54,"conf":"high","date":"2026-10-09"},"geometry":{"type":"Polygon","coordinates":[[[99.9677,15.8331],[99.9675,15.8317],[99.9666,15.8317],[99.9663,15.8328],[99.9652,15.8325],[99.9652,15.8306],[99.9644,15.8306],[99.9644,15.8296],[99.9649,15.8293],[99.9627,15.8296],[99.9624,15.8277],[99.963,15.8271],[99.9646,15.8274],[99.9644,15.8285],[99.9649,15.8285],[99.9655,15.8277],[99.9666,15.8277],[99.9669,15.8287],[99.966,15.829],[99.966,15.8298],[99.9677,15.8301],[99.9677,15.8277],[99.9686,15.8276],[99.9688,15.8271],[99.9714,15.8268],[99.9711,15.8282],[99.9716,15.8284],[99.9719,15.8298],[99.9722,15.8287],[99.9736,15.8287],[99.9742,15.8282],[99.9756,15.8284],[99.9756,15.8292],[99.975,15.8295],[99.975,15.8314],[99.9745,15.8314],[99.9742,15.832],[99.9731,15.832],[99.9731,15.8312],[99.9725,15.8312],[99.9722,15.8322],[99.9711,15.8322],[99.9711,15.8314],[99.9705,15.8314],[99.9703,15.8325],[99.9677,15.8331]],[[99.97,15.8306],[99.9705,15.8304],[99.9705,15.8298],[99.97,15.8301],[99.97,15.8306]],[[99.9728,15.8303],[99.9733,15.8303],[99.9733,15.8298],[99.9728,15.8298],[99.9728,15.8303]]]}},{"type":"Feature","properties":{"kind":"flood","area_km2":0.509,"conf":"low","date":"2026-10-09"},"geometry":{"type":"Polygon","coordinates":[[[100.0001,15.9796],[99.9998,15.9791],[99.9984,15.9788],[99.9987,15.9745],[99.9967,15.9731],[99.9967,15.9723],[99.9978,15.9721],[99.9976,15.971],[99.9981,15.971],[99.9981,15.9699],[99.9989,15.9693],[99.9995,15.9672],[100.0003,15.9672],[100.0001,15.9685],[100.0018,15.9691],[100.0015,15.9726],[100.002,15.9728],[100.0021,15.9737],[100.0032,15.9737],[100.0035,15.9742],[100.0035,15.9756],[100.0021,15.9756],[100.0012,15.975],[100.0018,15.9761],[100.0029,15.9764],[100.0029,15.9777],[100.001,15.9775],[100.001,15.9783],[100.0015,15.9788],[100.001,15.9796],[100.0001,15.9796]]]}},{"type":"Feature","properties":{"kind":"flood","area_km2":0.468,"conf":"low","date":"2026-10-09"},"geometry":{"type":"Polygon","coordinates":[[[99.7794,15.0557],[99.7794,15.0547],[99.7788,15.0541],[99.7774,15.0541],[99.7774,15.0533],[99.7791,15.0533],[99.7791,15.0522],[99.7799,15.0514],[99.781,15.0511],[99.781,15.05],[99.7802,15.05],[99.7791,15.0511],[99.778,15.0511],[99.7774,15.0528],[99.7766,15.0536],[99.7746,15.0531],[99.7732,15.0552],[99.7721,15.0552],[99.7721,15.0536],[99.7716,15.0531],[99.7685,15.0533],[99.7682,15.052],[99.7774,15.052],[99.7771,15.0501],[99.7754,15.0484],[99.7766,15.0484],[99.7766,15.0479],[99.7794,15.0482],[99.7796,15.049],[99.781,15.049],[99.781,15.0498],[99.7816,15.0498],[99.7816,15.0492],[99.7827,15.0492],[99.7827,15.0487],[99.7813,15.0487],[99.7813,15.0481],[99.783,15.0481],[99.7833,15.0476],[99.783,15.05],[99.7827,15.05],[99.7827,15.0503],[99.7841,15.0506],[99.7836,15.0514],[99.7824,15.0514],[99.7808,15.0522],[99.7805,15.0538],[99.7799,15.0541],[99.7802,15.0557],[99.7794,15.0557]],[[99.7791,15.0533],[99.7794,15.0536],[99.7794,15.0533],[99.7791,15.0533]],[[99.7822,15.05],[99.7824,15.0503],[99.7824,15.05],[99.7822,15.05]],[[99.7824,15.0498],[99.7827,15.05],[99.7827,15.0498],[99.7824,15.0498]]]}},{"type":"Feature","properties":{"kind":"flood","area_km2":0.44,"conf":"low","date":"2026-10-09"},"geometry":{"type":"Polygon","coordinates":[[[99.922,15.7473],[99.9217,15.7468],[99.9206,15.7468],[99.9197,15.746],[99.9192,15.746],[99.9192,15.7452],[99.92,15.7446],[99.9194,15.7438],[99.9191,15.7411],[99.9211,15.7405],[99.9211,15.7397],[99.9203,15.7397],[99.9203,15.7389],[99.9208,15.7386],[99.9208,15.7365],[99.9222,15.7365],[99.9228,15.737],[99.9244,15.7367],[99.9256,15.7381],[99.9256,15.7402],[99.925,15.7405],[99.9242,15.7405],[99.9239,15.74],[99.9228,15.7397],[99.9228,15.7392],[99.9214,15.7392],[99.9214,15.7397],[99.9225,15.7403],[99.9225,15.7432],[99.9214,15.7438],[99.9222,15.7446],[99.9242,15.7443],[99.9242,15.7451],[99.9234,15.7451],[99.9231,15.7457],[99.9242,15.7462],[99.9242,15.747],[99.922,15.7473]],[[99.9203,15.7432],[99.9211,15.7432],[99.9211,15.743],[99.9203,15.7427],[99.9203,15.7432]],[[99.9211,15.7408],[99.9217,15.7413],[99.9217,15.7408],[99.9211,15.7408]],[[99.9239,15.7389],[99.9245,15.7392],[99.9245,15.7389],[99.9239,15.7389]]]}},{"type":"Feature","properties":{"kind":"flood","area_km2":0.423,"conf":"low","date":"2026-10-09"},"geometry":{"type":"Polygon","coordinates":[[[99.9934,15.9897],[99.9934,15.9892],[99.9915,15.9892],[99.9912,15.9884],[99.9906,15.9884],[99.9901,15.9875],[99.9889,15.9878],[99.9884,15.9886],[99.9876,15.9886],[99.9878,15.987],[99.9884,15.987],[99.9884,15.9854],[99.9898,15.984],[99.99,15.9821],[99.9903,15.9835],[99.9917,15.9832],[99.9917,15.984],[99.9923,15.984],[99.9926,15.9829],[99.9943,15.9829],[99.9943,15.9843],[99.9951,15.9843],[99.9954,15.9851],[99.9959,15.9848],[99.9959,15.984],[99.9951,15.984],[99.9954,15.9821],[99.9962,15.9821],[99.9965,15.9832],[99.9982,15.9832],[99.9982,15.9845],[99.9976,15.9845],[99.9976,15.9851],[99.9968,15.9853],[99.9968,15.9862],[99.9954,15.9862],[99.9948,15.9856],[99.9946,15.987],[99.9934,15.987],[99.9934,15.9875],[99.9943,15.9878],[99.9943,15.9897],[99.9934,15.9897]],[[99.992,15.9881],[99.9926,15.9878],[99.9926,15.9873],[99.992,15.9875],[99.992,15.9881]],[[99.9901,15.987],[99.9906,15.987],[99.9906,15.9862],[99.9931,15.9864],[99.9934,15.9856],[99.9906,15.9851],[99.9898,15.9856],[99.9901,15.987]]]}},{"type":"Feature","properties":{"kind":"flood","area_km2":0.422,"conf":"low","date":"2026-10-09"},"geometry":{"type":"Polygon","coordinates":[[[99.9643,15.8667],[99.964,15.8659],[99.9626,15.8659],[99.9623,15.8665],[99.9598,15.8662],[99.9595,15.8646],[99.9606,15.864],[99.9606,15.8632],[99.9598,15.8627],[99.9592,15.8627],[99.9589,15.8632],[99.9575,15.8632],[99.9575,15.8643],[99.9567,15.8643],[99.957,15.8616],[99.9581,15.8613],[99.9583,15.8592],[99.9595,15.8591],[99.9597,15.8597],[99.9614,15.86],[99.9617,15.8613],[99.9626,15.8608],[99.9625,15.8602],[99.9637,15.8602],[99.9637,15.8608],[99.9645,15.8608],[99.9637,15.8646],[99.9648,15.8645],[99.9648,15.8656],[99.9662,15.8654],[99.9662,15.8664],[99.9643,15.8667]],[[99.9631,15.8651],[99.9637,15.8651],[99.9637,15.8646],[99.9634,15.8646],[99.9631,15.8651]],[[99.9609,15.8624],[99.9614,15.8624],[99.9614,15.8618],[99.9609,15.8619],[99.9609,15.8624]],[[99.9606,15.861],[99.9609,15.8613],[99.9609,15.861],[99.9606,15.861]],[[99.9609,15.8608],[99.9612,15.861],[99.9612,15.8608],[99.9609,15.8608]],[[99.9603,15.8608],[99.9611,15.8605],[99.9611,15.8602],[99.9603,15.8602],[99.9603,15.8608]],[[99.9611,15.8605],[99.9614,15.8608],[99.9614,15.8605],[99.9611,15.8605]]]}},{"type":"Feature","properties":{"kind":"flood","area_km2":0.391,"conf":"low","date":"2026-10-09"},"geometry":{"type":"Polygon","coordinates":[[[99.9972,15.7896],[99.9969,15.7885],[99.9983,15.7885],[99.9983,15.7874],[99.9992,15.7874],[99.9989,15.786],[99.998,15.7858],[99.998,15.7849],[99.9986,15.7849],[99.9989,15.7844],[99.9978,15.7844],[99.9978,15.7855],[99.9958,15.7855],[99.9952,15.785],[99.9952,15.7831],[99.9966,15.7833],[99.9975,15.7828],[99.9975,15.7822],[99.9991,15.7825],[99.9997,15.7817],[100.0031,15.7814],[100.0039,15.7838],[100.0031,15.7838],[100.0025,15.7852],[100.0011,15.7852],[100.0008,15.7844],[100.0,15.7852],[100.0,15.7857],[100.0014,15.7855],[100.0014,15.7871],[100.0009,15.7871],[100.0009,15.7876],[99.9997,15.7887],[99.9983,15.7887],[99.9981,15.7895],[99.9972,15.7896]]]}},{"type":"Feature","properties":{"kind":"flood","area_km2":0.342,"conf":"low","date":"2026-10-09"},"geometry":{"type":"Polygon","coordinates":[[[99.9458,15.9999],[99.9469,15.997],[99.9469,15.9942],[99.9475,15.994],[99.9477,15.9896],[99.9497,15.9894],[99.9503,15.9902],[99.9508,15.9902],[99.9508,15.9912],[99.9503,15.9918],[99.9494,15.9915],[99.9489,15.9918],[99.9497,15.9923],[99.95,15.9932],[99.9506,15.9926],[99.9514,15.9926],[99.9514,15.994],[99.9509,15.9942],[99.9509,15.9948],[99.95,15.9948],[99.95,15.9937],[99.9494,15.994],[99.9497,15.9964],[99.9492,15.9967],[99.9492,15.9978],[99.9486,15.9983],[99.9486,15.9999],[99.9458,15.9999]],[[99.9475,15.9972],[99.9478,15.9975],[99.9478,15.9972],[99.9475,15.9972]],[[99.9483,15.9913],[99.9486,15.9915],[99.9486,15.9913],[99.9483,15.9913]]]}},{"type":"Feature","properties":{"kind":"flood","area_km2":0.334,"conf":"low","date":"2026-10-09"},"geometry":{"type":"Polygon","coordinates":[[[99.4533,15.6815],[99.4525,15.6802],[99.4508,15.6804],[99.4505,15.6813],[99.4497,15.6813],[99.4497,15.6796],[99.4508,15.6794],[99.4508,15.678],[99.4531,15.678],[99.4536,15.6772],[99.4542,15.6772],[99.4542,15.6766],[99.4547,15.6766],[99.455,15.6753],[99.4558,15.6775],[99.4572,15.6774],[99.4575,15.6783],[99.4592,15.6783],[99.4592,15.6799],[99.4564,15.6802],[99.4559,15.6804],[99.4556,15.6815],[99.4533,15.6815]]]}},{"type":"Feature","properties":{"kind":"flood","area_km2":0.31,"conf":"low","date":"2026-10-09"},"geometry":{"type":"Polygon","coordinates":[[[99.929,15.7546],[99.929,15.7532],[99.9279,15.7532],[99.9279,15.7538],[99.927,15.7538],[99.9265,15.7522],[99.9251,15.7516],[99.9251,15.7505],[99.9265,15.7503],[99.9267,15.7489],[99.9301,15.7494],[99.9309,15.75],[99.9315,15.7511],[99.9321,15.7511],[99.9324,15.7546],[99.9312,15.7546],[99.931,15.7532],[99.9304,15.7532],[99.9304,15.7543],[99.929,15.7546]]]}},{"type":"Feature","properties":{"kind":"flood","area_km2":0.31,"conf":"low","date":"2026-10-09"},"geometry":{"type":"Polygon","coordinates":[[[99.9415,15.4964],[99.9418,15.4953],[99.9396,15.4953],[99.939,15.4939],[99.9373,15.494],[99.9371,15.4948],[99.9365,15.4937],[99.9362,15.4926],[99.9373,15.4926],[99.9373,15.491],[99.937,15.4902],[99.9362,15.4902],[99.9362,15.4896],[99.9354,15.4893],[99.9359,15.4883],[99.9376,15.4877],[99.9376,15.4861],[99.939,15.4858],[99.939,15.4882],[99.9384,15.4888],[99.9384,15.4904],[99.939,15.491],[99.9398,15.491],[99.9404,15.4918],[99.9412,15.4918],[99.9412,15.4923],[99.9393,15.4923],[99.9396,15.4939],[99.9407,15.4939],[99.941,15.4945],[99.941,15.4939],[99.9415,15.4939],[99.9418,15.4926],[99.9424,15.4947],[99.9435,15.495],[99.9435,15.4958],[99.9415,15.4964]]]}},{"type":"Feature","properties":{"kind":"flood","area_km2":0.296,"conf":"low","date":"2026-10-09"},"geometry":{"type":"Polygon","coordinates":[[[99.9547,15.9872],[99.9542,15.9864],[99.9525,15.9869],[99.9522,15.9861],[99.9517,15.9861],[99.9516,15.985],[99.9528,15.9847],[99.953,15.9834],[99.9542,15.9826],[99.9547,15.9796],[99.9555,15.9796],[99.9561,15.9798],[99.9567,15.9817],[99.9581,15.982],[99.9586,15.9825],[99.9587,15.9847],[99.9573,15.9847],[99.9573,15.9842],[99.9567,15.9842],[99.9564,15.9836],[99.9558,15.9836],[99.9556,15.9842],[99.9553,15.9828],[99.9547,15.9828],[99.9544,15.9845],[99.9553,15.9844],[99.9556,15.9853],[99.9567,15.9858],[99.9567,15.9866],[99.9561,15.9872],[99.9547,15.9872]]]}},{"type":"Feature","properties":{"kind":"flood","area_km2":0.292,"conf":"low","date":"2026-10-09"},"geometry":{"type":"Polygon","coordinates":[[[99.8154,15.9774],[99.814,15.9766],[99.814,15.9745],[99.8145,15.9742],[99.8148,15.9715],[99.8156,15.9707],[99.8159,15.9696],[99.8159,15.9707],[99.8165,15.9709],[99.8162,15.9723],[99.817,15.9723],[99.817,15.9715],[99.8176,15.9712],[99.8173,15.9696],[99.8179,15.9696],[99.8181,15.9706],[99.8187,15.9709],[99.8187,15.9717],[99.8182,15.972],[99.8182,15.9734],[99.8196,15.9742],[99.8204,15.9742],[99.8204,15.975],[99.8193,15.9747],[99.8187,15.9753],[99.8179,15.9753],[99.8179,15.9758],[99.8184,15.9758],[99.8185,15.9766],[99.8162,15.9763],[99.8162,15.9774],[99.8154,15.9774]],[[99.8151,15.9761],[99.8156,15.9763],[99.8156,15.9761],[99.8151,15.9761]],[[99.8159,15.9747],[99.817,15.9747],[99.817,15.9742],[99.8154,15.9736],[99.8159,15.9747]]]}},{"type":"Feature","properties":{"kind":"flood","area_km2":0.286,"conf":"low","date":"2026-10-09"},"geometry":{"type":"Polygon","coordinates":[[[99.8989,15.9215],[99.8989,15.9207],[99.8998,15.9207],[99.8995,15.9196],[99.9009,15.9193],[99.9009,15.9185],[99.9017,15.9177],[99.9017,15.9166],[99.9026,15.9166],[99.9031,15.9174],[99.9042,15.9174],[99.9043,15.9182],[99.9045,15.9169],[99.9056,15.9166],[99.9056,15.9171],[99.9065,15.9171],[99.9071,15.9179],[99.9076,15.9179],[99.9076,15.9193],[99.9085,15.9196],[99.9082,15.9212],[99.9071,15.9212],[99.9071,15.9193],[99.9065,15.9196],[99.9065,15.9204],[99.9054,15.9204],[99.9048,15.9193],[99.904,15.919],[99.9034,15.9199],[99.9043,15.9204],[99.9043,15.9212],[99.9029,15.9212],[99.9029,15.9204],[99.9012,15.9196],[99.9006,15.9215],[99.8989,15.9215]]]}},{"type":"Feature","properties":{"kind":"flood","area_km2":0.275,"conf":"low","date":"2026-10-09"},"geometry":{"type":"Polygon","coordinates":[[[99.9953,15.0243],[99.995,15.0237],[99.9933,15.024],[99.9933,15.0229],[99.9944,15.0226],[99.9947,15.0218],[99.9925,15.0218],[99.9927,15.0199],[99.9936,15.0194],[99.9936,15.018],[99.9947,15.0183],[99.995,15.0202],[99.9977,15.0199],[99.9986,15.0204],[99.9983,15.0234],[99.9972,15.0242],[99.9953,15.0243]]]}},{"type":"Feature","properties":{"kind":"flood","area_km2":0.262,"conf":"low","date":"2026-10-09"},"geometry":{"type":"Polygon","coordinates":[[[99.874,15.9788],[99.8731,15.978],[99.8726,15.978],[99.8726,15.9772],[99.8731,15.9769],[99.8712,15.9767],[99.8709,15.9756],[99.872,15.975],[99.8725,15.974],[99.8762,15.9739],[99.8765,15.9745],[99.8779,15.9742],[99.8779,15.975],[99.8768,15.9769],[99.8759,15.9775],[99.8756,15.9786],[99.874,15.9788]]]}},{"type":"Feature","properties":{"kind":"flood","area_km2":0.261,"conf":"low","date":"2026-10-09"},"geometry":{"type":"Polygon","coordinates":[[[99.9191,15.9133],[99.9188,15.9114],[99.9174,15.9114],[99.9168,15.9119],[99.9152,15.9117],[99.9157,15.9092],[99.9177,15.9073],[99.9176,15.9062],[99.9182,15.906],[99.919,15.906],[99.9196,15.9065],[99.9196,15.9073],[99.9193,15.9081],[99.9179,15.9081],[99.9174,15.909],[99.9185,15.9098],[99.9193,15.9098],[99.9191,15.9111],[99.9199,15.91],[99.9213,15.91],[99.9219,15.9089],[99.9227,15.9089],[99.9227,15.9111],[99.9202,15.9114],[99.9202,15.9133],[99.9191,15.9133]],[[99.9177,15.9103],[99.9185,15.9106],[99.9185,15.9103],[99.9177,15.9103]]]}},{"type":"Feature","properties":{"kind":"flood","area_km2":0.258,"conf":"low","date":"2026-10-09"},"geometry":{"type":"Polygon","coordinates":[[[99.8019,15.9677],[99.8016,15.9642],[99.8005,15.9637],[99.803,15.9634],[99.803,15.9628],[99.8024,15.9626],[99.8027,15.9601],[99.806,15.9601],[99.8061,15.9609],[99.8049,15.9615],[99.8049,15.9634],[99.8038,15.9634],[99.8038,15.9639],[99.8047,15.9639],[99.8052,15.9658],[99.8044,15.9661],[99.8038,15.9677],[99.8019,15.9677]]]}},{"type":"Feature","properties":{"kind":"flood","area_km2":0.256,"conf":"low","date":"2026-10-09"},"geometry":{"type":"Polygon","coordinates":[[[99.5127,15.3521],[99.5124,15.3497],[99.513,15.3489],[99.513,15.347],[99.5124,15.3467],[99.5121,15.3454],[99.5091,15.3448],[99.5091,15.3435],[99.5096,15.3427],[99.5107,15.3427],[99.511,15.3418],[99.5116,15.3418],[99.5116,15.3408],[99.5146,15.3407],[99.5132,15.3421],[99.5121,15.3421],[99.5121,15.3429],[99.5113,15.3429],[99.5113,15.3443],[99.5124,15.3445],[99.513,15.3456],[99.5152,15.3454],[99.5152,15.3473],[99.5144,15.3481],[99.5144,15.3497],[99.5135,15.3502],[99.5136,15.3521],[99.5127,15.3521]]]}},{"type":"Feature","properties":{"kind":"flood","area_km2":0.253,"conf":"low","date":"2026-10-09"},"geometry":{"type":"Polygon","coordinates":[[[99.4275,15.5245],[99.4264,15.5237],[99.4267,15.5207],[99.4264,15.5189],[99.4258,15.5183],[99.4242,15.5183],[99.4242,15.5199],[99.4247,15.5199],[99.425,15.5208],[99.4245,15.521],[99.4245,15.5216],[99.4239,15.5216],[99.4239,15.5221],[99.4225,15.5227],[99.4225,15.5237],[99.4222,15.5221],[99.4228,15.5216],[99.4228,15.5208],[99.4191,15.5208],[99.4186,15.5197],[99.42,15.5194],[99.42,15.5183],[99.4222,15.5189],[99.423,15.5175],[99.4264,15.5178],[99.4272,15.5188],[99.427,15.5218],[99.4273,15.5232],[99.4281,15.5243],[99.4275,15.5245]]]}},{"type":"Feature","properties":{"kind":"flood","area_km2":0.252,"conf":"low","date":"2026-10-09"},"geometry":{"type":"Polygon","coordinates":[[[99.8803,15.9614],[99.8798,15.9606],[99.8784,15.9609],[99.8773,15.9604],[99.8772,15.9596],[99.8784,15.9587],[99.8786,15.9574],[99.88,15.9563],[99.88,15.9555],[99.8811,15.9544],[99.8823,15.9544],[99.8826,15.9549],[99.8845,15.9555],[99.8848,15.9565],[99.8837,15.9568],[99.8823,15.956],[99.8814,15.9563],[99.882,15.9574],[99.8834,15.9574],[99.8834,15.9582],[99.8823,15.9585],[99.8809,15.9576],[99.88,15.9579],[99.8795,15.9593],[99.8817,15.9601],[99.8817,15.9612],[99.8803,15.9614]]]}},{"type":"Feature","properties":{"kind":"flood","area_km2":0.239,"conf":"low","date":"2026-10-09"},"geometry":{"type":"Polygon","coordinates":[[[99.8202,15.9245],[99.8199,15.9226],[99.8222,15.9229],[99.8222,15.9224],[99.8213,15.9218],[99.821,15.9207],[99.8205,15.9207],[99.8202,15.9213],[99.8191,15.9213],[99.8191,15.9194],[99.821,15.9194],[99.821,15.9186],[99.8219,15.9186],[99.8224,15.9188],[99.8224,15.9196],[99.8233,15.9196],[99.8233,15.921],[99.8238,15.921],[99.8238,15.9205],[99.8258,15.9207],[99.8261,15.9223],[99.8255,15.9232],[99.8244,15.9232],[99.8241,15.9221],[99.8233,15.9221],[99.823,15.9229],[99.8224,15.9229],[99.8222,15.9245],[99.8202,15.9245]],[[99.8219,15.9205],[99.8224,15.9202],[99.8224,15.9196],[99.8216,15.9196],[99.8219,15.9205]]]}},{"type":"Feature","properties":{"kind":"flood","area_km2":0.236,"conf":"low","date":"2026-10-09"},"geometry":{"type":"Polygon","coordinates":[[[99.8235,15.9682],[99.8235,15.9663],[99.8215,15.9663],[99.8215,15.9649],[99.8206,15.9649],[99.8209,15.966],[99.8201,15.966],[99.8198,15.9655],[99.8184,15.9655],[99.8184,15.9636],[99.819,15.9628],[99.8198,15.9628],[99.8198,15.9633],[99.8204,15.9633],[99.8206,15.9639],[99.8209,15.9628],[99.8218,15.9628],[99.8218,15.9633],[99.8229,15.963],[99.8229,15.9636],[99.824,15.9636],[99.824,15.9647],[99.8234,15.9652],[99.8237,15.9657],[99.8246,15.9652],[99.8248,15.9641],[99.826,15.9641],[99.826,15.9652],[99.8251,15.9657],[99.8251,15.9671],[99.8243,15.9676],[99.8243,15.9682],[99.8235,15.9682]]]}},{"type":"Feature","properties":{"kind":"flood","area_km2":0.233,"conf":"high","date":"2026-10-09"},"geometry":{"type":"Polygon","coordinates":[[[99.9687,15.864],[99.967,15.8635],[99.967,15.8629],[99.9659,15.8626],[99.9659,15.8613],[99.9651,15.8613],[99.9651,15.8605],[99.967,15.8602],[99.9673,15.8613],[99.9668,15.8616],[99.9668,15.8621],[99.9684,15.8624],[99.9687,15.8618],[99.9682,15.8615],[99.9679,15.8602],[99.9673,15.8602],[99.9673,15.8594],[99.9695,15.8591],[99.9698,15.8586],[99.9721,15.8585],[99.9726,15.8599],[99.9724,15.8621],[99.9698,15.8618],[99.9687,15.8624],[99.9687,15.864]],[[99.9698,15.8613],[99.971,15.8607],[99.9707,15.8599],[99.9696,15.8605],[99.9698,15.8613]]]}},{"type":"Feature","properties":{"kind":"flood","area_km2":0.231,"conf":"high","date":"2026-10-09"},"geometry":{"type":"Polygon","coordinates":[[[99.9862,15.82],[99.9859,15.8186],[99.9848,15.8175],[99.9842,15.8175],[99.9842,15.8167],[99.9859,15.8167],[99.9859,15.8162],[99.9847,15.8162],[99.9845,15.8154],[99.9828,15.8154],[99.9825,15.8143],[99.9878,15.8145],[99.9881,15.8162],[99.9898,15.8162],[99.9898,15.8178],[99.9887,15.8178],[99.9881,15.8183],[99.9867,15.8181],[99.9867,15.8186],[99.9876,15.8186],[99.9876,15.8194],[99.987,15.82],[99.9862,15.82]]]}},{"type":"Feature","properties":{"kind":"flood","area_km2":0.23,"conf":"low","date":"2026-10-09"},"geometry":{"type":"Polygon","coordinates":[[[99.9337,15.9311],[99.9321,15.9306],[99.9307,15.9306],[99.9304,15.9295],[99.9309,15.929],[99.9326,15.9292],[99.9323,15.9281],[99.9315,15.9281],[99.9315,15.9273],[99.9329,15.9273],[99.9329,15.926],[99.9334,15.9254],[99.9354,15.9251],[99.936,15.9262],[99.9371,15.927],[99.9371,15.9284],[99.9357,15.9289],[99.9343,15.9289],[99.934,15.9284],[99.9334,15.9284],[99.9332,15.93],[99.9337,15.9303],[99.9337,15.9311]]]}},{"type":"Feature","properties":{"kind":"flood","area_km2":0.221,"conf":"low","date":"2026-10-09"},"geometry":{"type":"Polygon","coordinates":[[[99.9999,15.5872],[99.9985,15.5851],[99.9979,15.5864],[99.9954,15.5864],[99.9954,15.5859],[99.9965,15.5859],[99.9965,15.5848],[99.9951,15.5848],[99.9951,15.5837],[99.9959,15.5837],[99.9962,15.5824],[99.999,15.5824],[99.9993,15.5845],[100.001,15.5842],[100.001,15.5848],[100.0015,15.5851],[100.0013,15.587],[99.9999,15.5872]]]}},{"type":"Feature","properties":{"kind":"flood","area_km2":0.214,"conf":"low","date":"2026-10-09"},"geometry":{"type":"Polygon","coordinates":[[[99.4612,15.6707],[99.4603,15.6698],[99.4598,15.6699],[99.4595,15.6688],[99.4575,15.6685],[99.4583,15.6674],[99.4583,15.6644],[99.4597,15.6647],[99.4597,15.6663],[99.4603,15.6666],[99.4606,15.668],[99.4614,15.6679],[99.462,15.6671],[99.4639,15.6671],[99.4642,15.6677],[99.4651,15.6677],[99.4656,15.6682],[99.4667,15.6679],[99.4667,15.669],[99.4659,15.6685],[99.4639,15.6685],[99.4637,15.6693],[99.4628,15.6696],[99.4612,15.6693],[99.4612,15.6707]],[[99.4583,15.6677],[99.4586,15.668],[99.4586,15.6677],[99.4583,15.6677]]]}},{"type":"Feature","properties":{"kind":"flood","area_km2":0.197,"conf":"low","date":"2026-10-09"},"geometry":{"type":"Polygon","coordinates":[[[99.9674,15.8165],[99.9671,15.8157],[99.9654,15.816],[99.9657,15.8119],[99.9671,15.8122],[99.9671,15.8127],[99.9679,15.8127],[99.9679,15.8122],[99.9702,15.8127],[99.9705,15.8149],[99.9696,15.8152],[99.9688,15.8163],[99.9674,15.8165]],[[99.9671,15.8152],[99.9677,15.8154],[99.9677,15.8152],[99.9671,15.8152]]]}},{"type":"Feature","properties":{"kind":"flood","area_km2":0.194,"conf":"low","date":"2026-10-09"},"geometry":{"type":"Polygon","coordinates":[[[99.95,15.8822],[99.9492,15.8812],[99.9489,15.8795],[99.9503,15.8795],[99.9497,15.8793],[99.9497,15.8784],[99.9506,15.8779],[99.9509,15.8765],[99.952,15.8765],[99.952,15.8782],[99.9514,15.8787],[99.9523,15.8787],[99.9531,15.8754],[99.9542,15.8752],[99.9542,15.8776],[99.9534,15.8779],[99.9531,15.8798],[99.9517,15.8798],[99.9514,15.8817],[99.9509,15.8822],[99.95,15.8822]],[[99.9509,15.8787],[99.9512,15.8792],[99.9514,15.8787],[99.9509,15.8787]]]}},{"type":"Feature","properties":{"kind":"flood","area_km2":0.192,"conf":"high","date":"2026-10-09"},"geometry":{"type":"Polygon","coordinates":[[[99.9948,15.8755],[99.9929,15.8753],[99.9926,15.8747],[99.9892,15.8739],[99.9887,15.8728],[99.9873,15.8731],[99.9873,15.8739],[99.9859,15.8739],[99.9856,15.8715],[99.9867,15.8712],[99.9878,15.872],[99.9895,15.8718],[99.9906,15.8726],[99.9915,15.8726],[99.9917,15.8731],[99.994,15.8736],[99.9948,15.8747],[99.9948,15.8755]]]}},{"type":"Feature","properties":{"kind":"flood","area_km2":0.188,"conf":"low","date":"2026-10-09"},"geometry":{"type":"Polygon","coordinates":[[[99.708,15.6651],[99.7075,15.6643],[99.7075,15.663],[99.7086,15.6621],[99.71,15.6624],[99.71,15.6608],[99.7117,15.6608],[99.7117,15.6602],[99.7108,15.6602],[99.7108,15.6581],[99.7119,15.6581],[99.7119,15.6597],[99.7131,15.6597],[99.7131,15.6605],[99.7125,15.6605],[99.7125,15.661],[99.7142,15.6608],[99.7145,15.6618],[99.7125,15.6619],[99.7125,15.6629],[99.7119,15.6632],[99.7089,15.6632],[99.7089,15.6651],[99.708,15.6651]]]}},{"type":"Feature","properties":{"kind":"flood","area_km2":0.185,"conf":"low","date":"2026-10-09"},"geometry":{"type":"Polygon","coordinates":[[[99.9304,15.7633],[99.9304,15.7614],[99.9316,15.7606],[99.9316,15.76],[99.931,15.76],[99.931,15.7592],[99.9324,15.7589],[99.9324,15.7568],[99.9332,15.7568],[99.9332,15.7584],[99.9341,15.7589],[99.9341,15.7605],[99.9349,15.7605],[99.9349,15.7619],[99.9344,15.7622],[99.9341,15.7633],[99.9332,15.7633],[99.9335,15.7614],[99.933,15.7614],[99.933,15.7622],[99.9321,15.763],[99.9304,15.7633]],[[99.9321,15.76],[99.9327,15.76],[99.9327,15.7595],[99.9324,15.7595],[99.9321,15.76]]]}},{"type":"Feature","properties":{"kind":"flood","area_km2":0.184,"conf":"low","date":"2026-10-09"},"geometry":{"type":"Polygon","coordinates":[[[99.8141,15.9286],[99.8138,15.9281],[99.8132,15.9281],[99.8132,15.9273],[99.814,15.9267],[99.814,15.9259],[99.8149,15.9256],[99.8132,15.9251],[99.8135,15.9235],[99.8126,15.9235],[99.8126,15.9224],[99.8137,15.9224],[99.8146,15.9232],[99.8149,15.9254],[99.8157,15.9251],[99.8154,15.9235],[99.8168,15.9237],[99.8166,15.9254],[99.8171,15.9254],[99.818,15.9262],[99.818,15.9273],[99.8157,15.9267],[99.8155,15.9286],[99.8141,15.9286]],[[99.8149,15.9262],[99.8154,15.9264],[99.8154,15.9262],[99.8149,15.9262]]]}},{"type":"Feature","properties":{"kind":"flood","area_km2":0.184,"conf":"low","date":"2026-10-09"},"geometry":{"type":"Polygon","coordinates":[[[99.9197,15.9976],[99.9186,15.996],[99.9178,15.9963],[99.9178,15.9968],[99.9167,15.9968],[99.9164,15.9955],[99.9175,15.9955],[99.9178,15.9944],[99.9172,15.9941],[99.9172,15.9928],[99.9166,15.9919],[99.9161,15.9919],[99.9161,15.9911],[99.9172,15.9911],[99.918,15.9927],[99.9189,15.9927],[99.9197,15.9936],[99.9197,15.9952],[99.9209,15.9952],[99.9214,15.9957],[99.9217,15.9971],[99.9197,15.9976]]]}},{"type":"Feature","properties":{"kind":"flood","area_km2":0.184,"conf":"low","date":"2026-10-09"},"geometry":{"type":"Polygon","coordinates":[[[99.889,15.9462],[99.8887,15.9454],[99.8876,15.9449],[99.8881,15.9427],[99.8895,15.943],[99.8889,15.9413],[99.8901,15.9413],[99.8903,15.9419],[99.8929,15.9424],[99.8923,15.944],[99.8912,15.944],[99.8912,15.9459],[99.889,15.9462]],[[99.8904,15.9435],[99.8906,15.9438],[99.8906,15.9435],[99.8904,15.9435]]]}},{"type":"Feature","properties":{"kind":"flood","area_km2":0.184,"conf":"low","date":"2026-10-09"},"geometry":{"type":"Polygon","coordinates":[[[99.767,15.036],[99.7667,15.0346],[99.7659,15.0338],[99.7659,15.033],[99.7665,15.033],[99.7667,15.0287],[99.7706,15.0287],[99.7709,15.0278],[99.7717,15.0278],[99.7723,15.0289],[99.774,15.0289],[99.7743,15.0281],[99.7754,15.0281],[99.774,15.0295],[99.7712,15.0295],[99.7712,15.0308],[99.7692,15.0306],[99.7684,15.0297],[99.767,15.0298],[99.767,15.0344],[99.7676,15.0352],[99.7693,15.0352],[99.7676,15.0354],[99.767,15.036]]]}},{"type":"Feature","properties":{"kind":"flood","area_km2":0.182,"conf":"low","date":"2026-10-09"},"geometry":{"type":"Polygon","coordinates":[[[99.9032,15.9307],[99.9018,15.9304],[99.9018,15.9291],[99.9035,15.9285],[99.9007,15.9283],[99.8995,15.9277],[99.8995,15.9267],[99.9004,15.9264],[99.9009,15.9256],[99.9029,15.9256],[99.9032,15.9264],[99.9037,15.9264],[99.9037,15.9269],[99.9049,15.9272],[99.9049,15.9285],[99.9043,15.9288],[99.904,15.9299],[99.9032,15.9302],[99.9032,15.9307]]]}},{"type":"Feature","properties":{"kind":"flood","area_km2":0.179,"conf":"high","date":"2026-10-09"},"geometry":{"type":"Polygon","coordinates":[[[99.8577,15.9667],[99.8571,15.9659],[99.8571,15.9648],[99.856,15.9645],[99.8543,15.9629],[99.8543,15.9621],[99.8557,15.961],[99.8568,15.961],[99.8568,15.9626],[99.8574,15.9626],[99.8574,15.9621],[99.8585,15.9623],[99.8585,15.9642],[99.8599,15.9642],[99.8599,15.9651],[99.8591,15.9653],[99.8588,15.9667],[99.8577,15.9667]]]}},{"type":"Feature","properties":{"kind":"flood","area_km2":0.176,"conf":"low","date":"2026-10-09"},"geometry":{"type":"Polygon","coordinates":[[[100.0004,15.5824],[100.0001,15.581],[100.0007,15.5807],[100.0001,15.5807],[99.9996,15.5799],[99.9996,15.5788],[100.0001,15.5786],[99.9998,15.5772],[100.0004,15.5767],[100.0015,15.5767],[100.0029,15.5775],[100.0029,15.5818],[100.0012,15.5815],[100.0013,15.5823],[100.0004,15.5824]]]}},{"type":"Feature","properties":{"kind":"flood","area_km2":0.174,"conf":"low","date":"2026-10-09"},"geometry":{"type":"Polygon","coordinates":[[[99.9399,15.9818],[99.9399,15.9807],[99.9387,15.9799],[99.9384,15.9788],[99.9373,15.9794],[99.937,15.9802],[99.9356,15.9799],[99.9356,15.9791],[99.9362,15.9791],[99.937,15.9783],[99.9368,15.9764],[99.9382,15.9764],[99.9382,15.9772],[99.9387,15.9775],[99.9387,15.978],[99.9393,15.978],[99.9393,15.9791],[99.9398,15.9788],[99.9398,15.9783],[99.9415,15.9785],[99.9421,15.9807],[99.9413,15.9807],[99.941,15.9818],[99.9399,15.9818]]]}},{"type":"Feature","properties":{"kind":"flood","area_km2":0.173,"conf":"high","date":"2026-10-09"},"geometry":{"type":"Polygon","coordinates":[[[99.9695,15.8393],[99.9694,15.8379],[99.9706,15.8377],[99.9694,15.8374],[99.9694,15.8361],[99.97,15.8358],[99.97,15.8352],[99.9694,15.8352],[99.9694,15.8342],[99.9725,15.8341],[99.9731,15.8347],[99.9731,15.8358],[99.9714,15.836],[99.9711,15.8355],[99.9708,15.8366],[99.9717,15.8369],[99.972,15.8363],[99.9728,15.8363],[99.9728,15.8377],[99.9739,15.8377],[99.9739,15.8385],[99.9734,15.8385],[99.9731,15.8393],[99.9723,15.8393],[99.9717,15.8374],[99.9711,15.8379],[99.9711,15.839],[99.9695,15.8393]],[[99.9717,15.835],[99.972,15.8352],[99.972,15.835],[99.9717,15.835]]]}},{"type":"Feature","properties":{"kind":"flood","area_km2":0.173,"conf":"low","date":"2026-10-09"},"geometry":{"type":"Polygon","coordinates":[[[99.5199,15.3353],[99.5199,15.3345],[99.518,15.3334],[99.518,15.3323],[99.5157,15.3323],[99.5157,15.3337],[99.5135,15.3342],[99.5138,15.3326],[99.5127,15.3304],[99.5138,15.3307],[99.5143,15.3302],[99.5152,15.3302],[99.5152,15.3313],[99.516,15.3312],[99.5166,15.3318],[99.5183,15.3312],[99.5185,15.3326],[99.5199,15.3326],[99.5202,15.3331],[99.5216,15.3326],[99.5216,15.3334],[99.5211,15.3334],[99.5202,15.3342],[99.5199,15.3353]]]}},{"type":"Feature","properties":{"kind":"flood","area_km2":0.17,"conf":"low","date":"2026-10-09"},"geometry":{"type":"Polygon","coordinates":[[[99.971,15.9844],[99.9704,15.9838],[99.969,15.9836],[99.9693,15.9822],[99.9713,15.9822],[99.9715,15.9806],[99.9749,15.9811],[99.9746,15.9827],[99.9735,15.9827],[99.9735,15.9844],[99.971,15.9844]]]}},{"type":"Feature","properties":{"kind":"flood","area_km2":0.169,"conf":"low","date":"2026-10-09"},"geometry":{"type":"Polygon","coordinates":[[[100.0013,15.597],[100.0013,15.5956],[99.998,15.5954],[99.998,15.5946],[99.9988,15.594],[99.9988,15.5919],[99.9993,15.5913],[100.0002,15.5913],[100.0007,15.5918],[100.0008,15.5943],[100.003,15.5937],[100.003,15.597],[100.0013,15.597]],[[100.0013,15.5956],[100.0022,15.5956],[100.0022,15.5951],[100.0016,15.5951],[100.0013,15.5956]]]}},{"type":"Feature","properties":{"kind":"flood","area_km2":0.169,"conf":"low","date":"2026-10-09"},"geometry":{"type":"Polygon","coordinates":[[[99.4326,15.527],[99.4317,15.5262],[99.4309,15.5237],[99.4309,15.5207],[99.4314,15.5205],[99.4317,15.5191],[99.43,15.5188],[99.4298,15.5161],[99.4306,15.5161],[99.4309,15.5169],[99.4323,15.518],[99.434,15.5175],[99.434,15.5186],[99.4328,15.5188],[99.4334,15.5199],[99.432,15.5202],[99.432,15.5218],[99.4334,15.5224],[99.4323,15.5224],[99.4323,15.5229],[99.4315,15.5229],[99.4315,15.5245],[99.432,15.5248],[99.432,15.5256],[99.4331,15.5264],[99.4331,15.527],[99.4326,15.527]]]}},{"type":"Feature","properties":{"kind":"flood","area_km2":0.168,"conf":"low","date":"2026-10-09"},"geometry":{"type":"Polygon","coordinates":[[[99.8248,15.9419],[99.8248,15.9411],[99.8234,15.9411],[99.8219,15.94],[99.8208,15.94],[99.8211,15.9386],[99.8219,15.9386],[99.8219,15.9392],[99.8225,15.9392],[99.8228,15.9378],[99.8245,15.9378],[99.8245,15.9383],[99.8256,15.9383],[99.827,15.9402],[99.827,15.9413],[99.8262,15.9419],[99.8248,15.9419]],[[99.8259,15.9411],[99.8264,15.9408],[99.8262,15.9402],[99.8256,15.9405],[99.8259,15.9411]]]}},{"type":"Feature","properties":{"kind":"flood","area_km2":0.168,"conf":"low","date":"2026-10-09"},"geometry":{"type":"Polygon","coordinates":[[[99.4637,15.6891],[99.4632,15.6883],[99.4632,15.6872],[99.4643,15.6872],[99.4645,15.6864],[99.4623,15.6858],[99.4623,15.6848],[99.4615,15.6834],[99.4615,15.6823],[99.462,15.6821],[99.4626,15.682],[99.4626,15.6834],[99.4634,15.6834],[99.4634,15.6853],[99.4665,15.6856],[99.4676,15.6848],[99.4676,15.6853],[99.4671,15.6856],[99.4673,15.6864],[99.4657,15.6867],[99.4657,15.6883],[99.4665,15.6891],[99.4637,15.6891]]]}},{"type":"Feature","properties":{"kind":"flood","area_km2":0.167,"conf":"low","date":"2026-10-09"},"geometry":{"type":"Polygon","coordinates":[[[99.9918,15.603],[99.9918,15.6008],[99.9927,15.6006],[99.9927,15.5984],[99.9946,15.597],[99.9963,15.5973],[99.9963,15.5984],[99.9955,15.5984],[99.9941,15.6024],[99.9918,15.603]]]}},{"type":"Feature","properties":{"kind":"flood","area_km2":0.166,"conf":"low","date":"2026-10-09"},"geometry":{"type":"Polygon","coordinates":[[[99.9618,15.8106],[99.9618,15.8101],[99.9609,15.8101],[99.9609,15.8095],[99.9595,15.8098],[99.9595,15.809],[99.9612,15.8084],[99.9615,15.8076],[99.9623,15.8076],[99.9615,15.8073],[99.9614,15.8057],[99.962,15.8052],[99.9631,15.8052],[99.9634,15.8062],[99.9645,15.8065],[99.9645,15.8073],[99.9662,15.807],[99.9662,15.8079],[99.9657,15.8087],[99.9648,15.8087],[99.9645,15.8076],[99.9634,15.8079],[99.9629,15.8087],[99.9615,15.8087],[99.9626,15.8092],[99.9626,15.8106],[99.9618,15.8106]]]}},{"type":"Feature","properties":{"kind":"flood","area_km2":0.162,"conf":"low","date":"2026-10-09"},"geometry":{"type":"Polygon","coordinates":[[[99.9179,15.894],[99.9173,15.8916],[99.9193,15.8894],[99.9201,15.8894],[99.9207,15.8919],[99.9221,15.8929],[99.9221,15.894],[99.9212,15.894],[99.9207,15.8932],[99.9201,15.8932],[99.9198,15.894],[99.9179,15.894]]]}},{"type":"Feature","properties":{"kind":"flood","area_km2":0.159,"conf":"low","date":"2026-10-09"},"geometry":{"type":"Polygon","coordinates":[[[99.9378,15.8492],[99.9373,15.8487],[99.9364,15.8489],[99.9364,15.847],[99.9387,15.8468],[99.9387,15.8449],[99.9406,15.8451],[99.9412,15.8481],[99.9395,15.8487],[99.9392,15.8492],[99.9378,15.8492]]]}},{"type":"Feature","properties":{"kind":"flood","area_km2":0.158,"conf":"low","date":"2026-10-09"},"geometry":{"type":"Polygon","coordinates":[[[99.8736,15.9666],[99.8731,15.9658],[99.8719,15.9655],[99.8719,15.9645],[99.8725,15.9645],[99.8742,15.9628],[99.8753,15.9626],[99.8759,15.9617],[99.8773,15.9617],[99.8773,15.9625],[99.8761,15.9636],[99.8761,15.9644],[99.875,15.9666],[99.8736,15.9666]]]}},{"type":"Feature","properties":{"kind":"flood","area_km2":0.156,"conf":"low","date":"2026-10-09"},"geometry":{"type":"Polygon","coordinates":[[[99.9945,15.5824],[99.9945,15.5816],[99.994,15.5813],[99.9942,15.5786],[99.9962,15.578],[99.9965,15.5788],[99.9984,15.5788],[99.9984,15.5796],[99.9973,15.5797],[99.997,15.5805],[99.9993,15.5807],[99.9993,15.5818],[99.9968,15.5816],[99.9968,15.5821],[99.9945,15.5824]],[[99.9948,15.5802],[99.9956,15.5802],[99.9956,15.5797],[99.9962,15.5797],[99.9962,15.5788],[99.9948,15.5789],[99.9948,15.5802]]]}},{"type":"Feature","properties":{"kind":"flood","area_km2":0.156,"conf":"low","date":"2026-10-09"},"geometry":{"type":"Polygon","coordinates":[[[99.1807,15.0163],[99.1787,15.0144],[99.1793,15.0142],[99.1793,15.0125],[99.1787,15.012],[99.1787,15.0112],[99.1793,15.009],[99.1801,15.0085],[99.1801,15.0074],[99.1809,15.0082],[99.1804,15.0082],[99.1798,15.0104],[99.1809,15.0106],[99.1806,15.0131],[99.1815,15.0131],[99.1818,15.0144],[99.1815,15.0158],[99.1807,15.0163]],[[99.1809,15.0139],[99.1812,15.0142],[99.1812,15.0139],[99.1809,15.0139]]]}},{"type":"Feature","properties":{"kind":"flood","area_km2":0.155,"conf":"low","date":"2026-10-09"},"geometry":{"type":"Polygon","coordinates":[[[99.9179,15.9027],[99.9173,15.9019],[99.9173,15.9005],[99.9162,15.8995],[99.9162,15.8984],[99.9171,15.8981],[99.9159,15.8981],[99.9159,15.8957],[99.9176,15.8962],[99.9176,15.8978],[99.9187,15.8984],[99.9187,15.9003],[99.9193,15.9005],[99.9193,15.9019],[99.919,15.9027],[99.9179,15.9027]]]}},{"type":"Feature","properties":{"kind":"flood","area_km2":0.154,"conf":"low","date":"2026-10-09"},"geometry":{"type":"Polygon","coordinates":[[[100.0006,15.5701],[100.0006,15.5696],[100.0001,15.5693],[100.0001,15.5683],[99.9995,15.568],[99.9995,15.5669],[100.0003,15.5666],[100.0003,15.5661],[99.9998,15.5658],[99.9998,15.565],[100.0003,15.5647],[100.0,15.5631],[100.0014,15.5628],[100.0017,15.5647],[100.0012,15.5647],[100.0009,15.5653],[100.0023,15.5653],[100.0023,15.5663],[100.0015,15.5663],[100.0015,15.5674],[100.0023,15.5677],[100.0023,15.5688],[100.0018,15.5701],[100.0006,15.5701]]]}},{"type":"Feature","properties":{"kind":"flood","area_km2":0.153,"conf":"high","date":"2026-10-09"},"geometry":{"type":"Polygon","coordinates":[[[99.4237,15.5498],[99.4231,15.5481],[99.4242,15.5473],[99.4242,15.5462],[99.4234,15.5454],[99.422,15.546],[99.422,15.5454],[99.4225,15.5454],[99.4228,15.5449],[99.4239,15.5452],[99.4239,15.5457],[99.4253,15.5457],[99.4256,15.5452],[99.4276,15.5452],[99.4281,15.5471],[99.4276,15.5476],[99.4256,15.5476],[99.4256,15.5481],[99.4251,15.5481],[99.4251,15.549],[99.4242,15.5498],[99.4237,15.5498]]]}},{"type":"Feature","properties":{"kind":"flood","area_km2":0.151,"conf":"low","date":"2026-10-09"},"geometry":{"type":"Polygon","coordinates":[[[99.8876,15.9536],[99.8873,15.9514],[99.8862,15.9495],[99.8853,15.949],[99.8853,15.9479],[99.8862,15.9479],[99.8881,15.9492],[99.8881,15.95],[99.8876,15.95],[99.8879,15.9506],[99.8884,15.95],[99.8901,15.95],[99.8907,15.9506],[99.8907,15.9514],[99.8901,15.9514],[99.8884,15.9536],[99.8876,15.9536]]]}},{"type":"Feature","properties":{"kind":"flood","area_km2":0.15,"conf":"low","date":"2026-10-09"},"geometry":{"type":"Polygon","coordinates":[[[99.8714,15.9637],[99.8714,15.9607],[99.8722,15.9599],[99.875,15.9596],[99.8758,15.9604],[99.8759,15.9615],[99.8747,15.9617],[99.8733,15.9631],[99.8714,15.9637]]]}},{"type":"Feature","properties":{"kind":"flood","area_km2":0.149,"conf":"low","date":"2026-10-09"},"geometry":{"type":"Polygon","coordinates":[[[99.8275,15.9269],[99.828,15.924],[99.8294,15.9242],[99.8294,15.9234],[99.8286,15.9234],[99.8286,15.9229],[99.828,15.9229],[99.828,15.9221],[99.8292,15.9221],[99.8294,15.9231],[99.8311,15.9229],[99.832,15.9234],[99.832,15.9242],[99.8311,15.9248],[99.8309,15.9261],[99.8297,15.9261],[99.8297,15.9269],[99.8275,15.9269]],[[99.8289,15.9259],[99.8295,15.9259],[99.8295,15.9253],[99.8289,15.9253],[99.8289,15.9259]],[[99.8294,15.9242],[99.8297,15.9245],[99.8297,15.9242],[99.8294,15.9242]]]}},{"type":"Feature","properties":{"kind":"flood","area_km2":0.149,"conf":"low","date":"2026-10-09"},"geometry":{"type":"Polygon","coordinates":[[[99.9211,15.9209],[99.9211,15.919],[99.9202,15.9184],[99.9199,15.9174],[99.9191,15.9174],[99.9191,15.9165],[99.9208,15.9165],[99.9211,15.9152],[99.9241,15.9149],[99.9241,15.9165],[99.9219,15.9171],[99.9219,15.9201],[99.9225,15.9201],[99.9225,15.9209],[99.9211,15.9209]]]}},{"type":"Feature","properties":{"kind":"flood","area_km2":0.148,"conf":"low","date":"2026-10-09"},"geometry":{"type":"Polygon","coordinates":[[[99.8257,15.9733],[99.8254,15.9728],[99.8249,15.9728],[99.8249,15.9717],[99.8257,15.9712],[99.8257,15.9703],[99.8246,15.9703],[99.8246,15.9717],[99.8238,15.9717],[99.8235,15.9709],[99.8224,15.9709],[99.8223,15.9687],[99.8235,15.969],[99.8235,15.9704],[99.8243,15.9703],[99.8246,15.969],[99.8271,15.969],[99.8271,15.9703],[99.8266,15.9703],[99.8271,15.9728],[99.8268,15.9733],[99.8257,15.9733]]]}},{"type":"Feature","properties":{"kind":"flood","area_km2":0.148,"conf":"low","date":"2026-10-09"},"geometry":{"type":"Polygon","coordinates":[[[99.8131,15.9742],[99.8123,15.9731],[99.8114,15.9731],[99.8114,15.9723],[99.8123,15.9723],[99.8128,15.9677],[99.8139,15.9674],[99.8139,15.9679],[99.815,15.9677],[99.8151,15.969],[99.8145,15.9698],[99.8134,15.9701],[99.8134,15.9707],[99.8145,15.9712],[99.8145,15.972],[99.8139,15.972],[99.814,15.9742],[99.8131,15.9742]]]}},{"type":"Feature","properties":{"kind":"flood","area_km2":0.147,"conf":"low","date":"2026-10-09"},"geometry":{"type":"Polygon","coordinates":[[[99.9761,15.7736],[99.9761,15.7731],[99.9756,15.7728],[99.9736,15.7728],[99.9733,15.7709],[99.9742,15.7709],[99.975,15.7718],[99.9789,15.7717],[99.9786,15.7698],[99.9795,15.7698],[99.9803,15.7736],[99.9795,15.7736],[99.9792,15.7728],[99.9761,15.7736]]]}},{"type":"Feature","properties":{"kind":"flood","area_km2":0.146,"conf":"low","date":"2026-10-09"},"geometry":{"type":"Polygon","coordinates":[[[99.5046,15.3508],[99.5046,15.3503],[99.5035,15.3494],[99.5038,15.3484],[99.5052,15.3481],[99.5052,15.3475],[99.5043,15.3475],[99.5043,15.3443],[99.5049,15.3443],[99.5049,15.3451],[99.5063,15.3451],[99.5074,15.3456],[99.5068,15.3465],[99.5068,15.3478],[99.5057,15.3489],[99.5054,15.3505],[99.5046,15.3508]]]}},{"type":"Feature","properties":{"kind":"flood","area_km2":0.145,"conf":"low","date":"2026-10-09"},"geometry":{"type":"Polygon","coordinates":[[[99.9435,15.9295],[99.943,15.9278],[99.9416,15.9281],[99.9413,15.9276],[99.9407,15.9276],[99.9404,15.9262],[99.9396,15.9262],[99.9396,15.9254],[99.9362,15.9254],[99.9362,15.9235],[99.9365,15.9249],[99.9379,15.9249],[99.9385,15.9243],[99.9385,15.9235],[99.939,15.9235],[99.9396,15.9238],[99.9396,15.9243],[99.9402,15.9243],[99.9402,15.9249],[99.941,15.9249],[99.9413,15.9265],[99.9427,15.9262],[99.9433,15.9276],[99.9438,15.9276],[99.9447,15.9286],[99.9447,15.9294],[99.9435,15.9295]],[[99.9396,15.9251],[99.9402,15.9254],[99.9402,15.9251],[99.9396,15.9251]]]}},{"type":"Feature","properties":{"kind":"flood","area_km2":0.145,"conf":"low","date":"2026-10-09"},"geometry":{"type":"Polygon","coordinates":[[[99.9129,15.9158],[99.9129,15.9147],[99.9121,15.9147],[99.9118,15.9152],[99.9101,15.9152],[99.9098,15.9147],[99.9093,15.9147],[99.9093,15.9136],[99.9107,15.912],[99.9115,15.912],[99.9118,15.9125],[99.9129,15.9128],[99.9135,15.9133],[99.9135,15.9141],[99.9149,15.9144],[99.9146,15.9155],[99.9129,15.9158]]]}},{"type":"Feature","properties":{"kind":"flood","area_km2":0.144,"conf":"low","date":"2026-10-09"},"geometry":{"type":"Polygon","coordinates":[[[99.9737,15.4886],[99.9734,15.4862],[99.9739,15.4862],[99.9739,15.4857],[99.9731,15.4854],[99.9731,15.4843],[99.9742,15.484],[99.9739,15.4827],[99.975,15.4821],[99.9764,15.4821],[99.977,15.4824],[99.977,15.4837],[99.9759,15.4837],[99.9759,15.4843],[99.9748,15.4848],[99.9753,15.4873],[99.9745,15.4878],[99.9745,15.4886],[99.9737,15.4886]]]}},{"type":"Feature","properties":{"kind":"flood","area_km2":0.142,"conf":"low","date":"2026-10-09"},"geometry":{"type":"Polygon","coordinates":[[[99.8678,15.9783],[99.8667,15.9778],[99.8667,15.9759],[99.8672,15.9745],[99.8664,15.974],[99.8664,15.9732],[99.8681,15.9734],[99.8683,15.974],[99.8697,15.974],[99.87,15.9764],[99.8683,15.9764],[99.8689,15.978],[99.8678,15.9783]]]}},{"type":"Feature","properties":{"kind":"flood","area_km2":0.14,"conf":"low","date":"2026-10-09"},"geometry":{"type":"Polygon","coordinates":[[[100.002,15.9623],[100.0014,15.9617],[100.0014,15.9609],[100.0028,15.9585],[100.0028,15.9563],[100.0036,15.9563],[100.0034,15.9579],[100.0048,15.9587],[100.0048,15.9617],[100.0031,15.9617],[100.0028,15.9623],[100.002,15.9623]]]}},{"type":"Feature","properties":{"kind":"flood","area_km2":0.139,"conf":"low","date":"2026-10-09"},"geometry":{"type":"Polygon","coordinates":[[[99.417,15.5473],[99.417,15.5465],[99.4175,15.546],[99.4192,15.5457],[99.4206,15.5438],[99.4206,15.5425],[99.4197,15.5425],[99.4192,15.5419],[99.4192,15.5411],[99.4181,15.5408],[99.4181,15.54],[99.4189,15.54],[99.4195,15.5403],[99.4195,15.5408],[99.4206,15.5408],[99.4209,15.5414],[99.4214,15.5414],[99.4209,15.5457],[99.4217,15.5457],[99.4217,15.5463],[99.4211,15.5468],[99.4203,15.5468],[99.4203,15.5471],[99.4181,15.5468],[99.4178,15.5473],[99.417,15.5473]],[[99.42,15.5465],[99.4203,15.5468],[99.4203,15.5465],[99.42,15.5465]]]}},{"type":"Feature","properties":{"kind":"flood","area_km2":0.138,"conf":"low","date":"2026-10-09"},"geometry":{"type":"Polygon","coordinates":[[[99.8641,15.9718],[99.8636,15.9713],[99.8636,15.9705],[99.8641,15.9705],[99.8641,15.9699],[99.8647,15.9696],[99.8661,15.9696],[99.8664,15.9691],[99.8689,15.9688],[99.8706,15.9699],[99.8706,15.9707],[99.8664,15.9707],[99.8661,15.9718],[99.8641,15.9718]]]}},{"type":"Feature","properties":{"kind":"flood","area_km2":0.137,"conf":"low","date":"2026-10-09"},"geometry":{"type":"Polygon","coordinates":[[[99.9313,15.8891],[99.9299,15.8888],[99.9296,15.8875],[99.9282,15.8869],[99.9282,15.8864],[99.9274,15.8856],[99.9274,15.8848],[99.9268,15.8848],[99.9271,15.8861],[99.9262,15.8861],[99.9262,15.8853],[99.9254,15.8848],[99.9254,15.8837],[99.9268,15.884],[99.9271,15.8832],[99.9279,15.8831],[99.9282,15.8842],[99.9293,15.8848],[99.9293,15.8859],[99.9288,15.8861],[99.9296,15.8861],[99.9299,15.8869],[99.9307,15.8869],[99.9313,15.8891]]]}},{"type":"Feature","properties":{"kind":"flood","area_km2":0.135,"conf":"low","date":"2026-10-09"},"geometry":{"type":"Polygon","coordinates":[[[99.7726,15.7232],[99.7715,15.7216],[99.7718,15.7205],[99.7726,15.7205],[99.7732,15.7197],[99.774,15.7197],[99.7751,15.7199],[99.7754,15.721],[99.7763,15.721],[99.7763,15.7221],[99.7757,15.7221],[99.7754,15.7229],[99.7737,15.7227],[99.7735,15.7232],[99.7726,15.7232]],[[99.7751,15.721],[99.7754,15.7213],[99.7754,15.721],[99.7751,15.721]]]}},{"type":"Feature","properties":{"kind":"flood","area_km2":0.131,"conf":"low","date":"2026-10-09"},"geometry":{"type":"Polygon","coordinates":[[[99.8541,15.9965],[99.8524,15.9944],[99.851,15.9944],[99.851,15.9936],[99.8519,15.9936],[99.8524,15.9922],[99.8533,15.9922],[99.8541,15.9933],[99.8558,15.9941],[99.8558,15.9949],[99.855,15.9952],[99.8561,15.9952],[99.8561,15.996],[99.8541,15.9965]]]}},{"type":"Feature","properties":{"kind":"flood","area_km2":0.131,"conf":"low","date":"2026-10-09"},"geometry":{"type":"Polygon","coordinates":[[[99.8734,15.9715],[99.8728,15.971],[99.8725,15.9688],[99.872,15.9688],[99.8717,15.9696],[99.8708,15.9696],[99.8708,15.9685],[99.8717,15.9685],[99.8717,15.9674],[99.8722,15.9669],[99.8734,15.9669],[99.8739,15.9677],[99.875,15.9674],[99.875,15.9688],[99.8745,15.9691],[99.8748,15.9707],[99.8742,15.9715],[99.8734,15.9715]]]}},{"type":"Feature","properties":{"kind":"flood","area_km2":0.131,"conf":"low","date":"2026-10-09"},"geometry":{"type":"Polygon","coordinates":[[[99.7908,15.9293],[99.7905,15.9279],[99.7894,15.9276],[99.7894,15.9268],[99.7905,15.9263],[99.7908,15.9249],[99.7916,15.9249],[99.7925,15.9257],[99.7927,15.9271],[99.7936,15.9273],[99.7939,15.929],[99.7925,15.9287],[99.7908,15.9293]]]}},{"type":"Feature","properties":{"kind":"flood","area_km2":0.13,"conf":"high","date":"2026-10-09"},"geometry":{"type":"Polygon","coordinates":[[[99.8666,15.9493],[99.8671,15.9474],[99.8671,15.9452],[99.8696,15.9452],[99.8699,15.9471],[99.8691,15.9493],[99.8666,15.9493]]]}},{"type":"Feature","properties":{"kind":"flood","area_km2":0.13,"conf":"low","date":"2026-10-09"},"geometry":{"type":"Polygon","coordinates":[[[99.9186,15.8778],[99.917,15.8775],[99.917,15.877],[99.9164,15.8767],[99.9164,15.8748],[99.9178,15.8748],[99.9175,15.8734],[99.9195,15.8737],[99.9197,15.8742],[99.9203,15.8742],[99.9203,15.8753],[99.9186,15.8769],[99.9186,15.8778]]]}},{"type":"Feature","properties":{"kind":"flood","area_km2":0.129,"conf":"low","date":"2026-10-09"},"geometry":{"type":"Polygon","coordinates":[[[99.8995,15.9155],[99.8986,15.9153],[99.8986,15.9147],[99.8978,15.9147],[99.8981,15.9136],[99.8975,15.9136],[99.8975,15.9131],[99.8967,15.9131],[99.8967,15.9139],[99.8958,15.9139],[99.8961,15.912],[99.8975,15.912],[99.8978,15.9128],[99.9014,15.9131],[99.9017,15.915],[99.8995,15.9155]],[[99.8989,15.9142],[99.8992,15.9145],[99.8992,15.9142],[99.8989,15.9142]]]}},{"type":"Feature","properties":{"kind":"flood","area_km2":0.127,"conf":"low","date":"2026-10-09"},"geometry":{"type":"Polygon","coordinates":[[[99.8092,15.9734],[99.8069,15.9723],[99.8069,15.9707],[99.8064,15.9704],[99.8064,15.9696],[99.8083,15.9693],[99.8083,15.9707],[99.8097,15.9704],[99.8106,15.9709],[99.8106,15.9731],[99.8092,15.9734]],[[99.8086,15.9715],[99.8089,15.972],[99.8089,15.9715],[99.8086,15.9715]]]}},{"type":"Feature","properties":{"kind":"flood","area_km2":0.126,"conf":"low","date":"2026-10-09"},"geometry":{"type":"Polygon","coordinates":[[[99.9084,15.9038],[99.9045,15.9039],[99.9047,15.9025],[99.9053,15.9022],[99.9053,15.9017],[99.9061,15.9017],[99.9064,15.9011],[99.9087,15.9009],[99.9089,15.9033],[99.9084,15.9038]]]}},{"type":"Feature","properties":{"kind":"flood","area_km2":0.126,"conf":"low","date":"2026-10-09"},"geometry":{"type":"Polygon","coordinates":[[[99.9297,15.7942],[99.9292,15.7937],[99.9292,15.7926],[99.93,15.7917],[99.93,15.7909],[99.9292,15.7907],[99.9292,15.7899],[99.9311,15.7896],[99.9314,15.7917],[99.932,15.7917],[99.9323,15.7928],[99.9323,15.7942],[99.9297,15.7942]]]}},{"type":"Feature","properties":{"kind":"flood","area_km2":0.126,"conf":"low","date":"2026-10-09"},"geometry":{"type":"Polygon","coordinates":[[[99.7735,15.0577],[99.7732,15.0563],[99.7749,15.0555],[99.7749,15.0544],[99.7769,15.0547],[99.7769,15.0558],[99.7774,15.0563],[99.7791,15.0563],[99.7791,15.0571],[99.7783,15.0568],[99.778,15.0574],[99.776,15.0571],[99.7752,15.0577],[99.7735,15.0577]]]}},{"type":"Feature","properties":{"kind":"flood","area_km2":0.125,"conf":"low","date":"2026-10-09"},"geometry":{"type":"Polygon","coordinates":[[[99.7991,15.7578],[99.798,15.7573],[99.7982,15.7562],[99.7994,15.7562],[99.7994,15.7557],[99.8005,15.7551],[99.8027,15.7548],[99.803,15.7575],[99.7991,15.7578]]]}},{"type":"Feature","properties":{"kind":"flood","area_km2":0.123,"conf":"low","date":"2026-10-09"},"geometry":{"type":"Polygon","coordinates":[[[99.8201,15.9693],[99.8201,15.9687],[99.8187,15.969],[99.8184,15.9685],[99.8173,15.9682],[99.8176,15.9658],[99.8187,15.9658],[99.8215,15.9671],[99.8212,15.969],[99.8201,15.9693]]]}},{"type":"Feature","properties":{"kind":"flood","area_km2":0.121,"conf":"low","date":"2026-10-09"},"geometry":{"type":"Polygon","coordinates":[[[99.987,15.993],[99.9867,15.9916],[99.9831,15.9914],[99.9828,15.9895],[99.9853,15.9892],[99.9859,15.9895],[99.9859,15.9908],[99.9862,15.99],[99.9873,15.99],[99.9878,15.9908],[99.9879,15.993],[99.987,15.993]]]}},{"type":"Feature","properties":{"kind":"flood","area_km2":0.12,"conf":"low","date":"2026-10-09"},"geometry":{"type":"Polygon","coordinates":[[[99.8764,15.8991],[99.8759,15.8983],[99.8761,15.8967],[99.877,15.8964],[99.8781,15.895],[99.8789,15.895],[99.8789,15.8956],[99.8801,15.8966],[99.8801,15.898],[99.8784,15.898],[99.8778,15.8975],[99.8778,15.8985],[99.8773,15.8991],[99.8764,15.8991]]]}},{"type":"Feature","properties":{"kind":"flood","area_km2":0.12,"conf":"low","date":"2026-10-09"},"geometry":{"type":"Polygon","coordinates":[[[99.7858,15.0517],[99.7855,15.0506],[99.7844,15.0503],[99.7847,15.0481],[99.7849,15.0495],[99.7858,15.0495],[99.7861,15.0487],[99.7866,15.0487],[99.7866,15.047],[99.788,15.0468],[99.788,15.0454],[99.7886,15.0446],[99.7883,15.0481],[99.7874,15.0481],[99.7872,15.0487],[99.7875,15.0495],[99.788,15.0495],[99.788,15.0506],[99.7866,15.0517],[99.7858,15.0517]]]}},{"type":"Feature","properties":{"kind":"flood","area_km2":0.119,"conf":"low","date":"2026-10-09"},"geometry":{"type":"Polygon","coordinates":[[[99.8798,15.9023],[99.8798,15.9018],[99.8792,15.9015],[99.8792,15.8999],[99.8778,15.8999],[99.8781,15.8988],[99.8798,15.8985],[99.8801,15.8993],[99.8809,15.8996],[99.8818,15.9007],[99.8834,15.9007],[99.8834,15.9018],[99.8818,15.9015],[99.8812,15.9018],[99.8812,15.9023],[99.8798,15.9023]]]}},{"type":"Feature","properties":{"kind":"flood","area_km2":0.119,"conf":"low","date":"2026-10-09"},"geometry":{"type":"Polygon","coordinates":[[[99.9812,15.0531],[99.9817,15.0495],[99.9828,15.0495],[99.9828,15.0509],[99.9839,15.0503],[99.9853,15.0503],[99.9856,15.0525],[99.9848,15.0525],[99.9848,15.052],[99.9842,15.052],[99.9837,15.0528],[99.9812,15.0531]]]}},{"type":"Feature","properties":{"kind":"flood","area_km2":0.118,"conf":"low","date":"2026-10-09"},"geometry":{"type":"Polygon","coordinates":[[[99.8023,15.7231],[99.8026,15.7198],[99.8034,15.7198],[99.8037,15.7207],[99.8051,15.7201],[99.8051,15.7196],[99.8068,15.7198],[99.8065,15.722],[99.804,15.722],[99.8031,15.7231],[99.8023,15.7231]]]}},{"type":"Feature","properties":{"kind":"flood","area_km2":0.118,"conf":"low","date":"2026-10-09"},"geometry":{"type":"Polygon","coordinates":[[[99.7161,15.6594],[99.7142,15.6591],[99.7142,15.6586],[99.7133,15.6581],[99.7133,15.6564],[99.7167,15.6556],[99.7167,15.6567],[99.7161,15.6567],[99.7161,15.6572],[99.717,15.6575],[99.717,15.6583],[99.7161,15.6594]]]}},{"type":"Feature","properties":{"kind":"flood","area_km2":0.118,"conf":"low","date":"2026-10-09"},"geometry":{"type":"Polygon","coordinates":[[[99.9234,15.5016],[99.9234,15.5005],[99.9228,15.5002],[99.9231,15.4983],[99.9225,15.4981],[99.922,15.4962],[99.9214,15.4962],[99.9211,15.4956],[99.9225,15.4956],[99.9225,15.4965],[99.9231,15.4965],[99.9231,15.497],[99.9236,15.4959],[99.9234,15.4948],[99.9217,15.4948],[99.922,15.494],[99.9242,15.494],[99.9242,15.5016],[99.9234,15.5016]],[[99.9234,15.4981],[99.9237,15.4994],[99.9237,15.4981],[99.9234,15.4981]],[[99.9231,15.4973],[99.9234,15.4978],[99.9234,15.4973],[99.9231,15.4973]]]}},{"type":"Feature","properties":{"kind":"flood","area_km2":0.114,"conf":"low","date":"2026-10-09"},"geometry":{"type":"Polygon","coordinates":[[[99.8994,15.9554],[99.9005,15.9549],[99.9002,15.9532],[99.9013,15.9521],[99.9052,15.9516],[99.905,15.9529],[99.9041,15.9529],[99.9027,15.9543],[99.9011,15.9546],[99.9005,15.9554],[99.8994,15.9554]]]}},{"type":"Feature","properties":{"kind":"flood","area_km2":0.113,"conf":"low","date":"2026-10-09"},"geometry":{"type":"Polygon","coordinates":[[[99.9275,15.9848],[99.9275,15.9843],[99.927,15.9843],[99.927,15.9838],[99.9264,15.9835],[99.9264,15.9827],[99.927,15.9824],[99.9275,15.981],[99.9284,15.981],[99.93,15.9818],[99.9301,15.9832],[99.9295,15.9835],[99.9295,15.9843],[99.9289,15.9843],[99.9287,15.9848],[99.9275,15.9848]]]}},{"type":"Feature","properties":{"kind":"flood","area_km2":0.113,"conf":"low","date":"2026-10-09"},"geometry":{"type":"Polygon","coordinates":[[[99.9348,15.9186],[99.9328,15.9184],[99.9328,15.9178],[99.932,15.917],[99.932,15.9165],[99.9325,15.9162],[99.9325,15.914],[99.9345,15.9143],[99.934,15.9165],[99.9354,15.917],[99.9348,15.9186]]]}},{"type":"Feature","properties":{"kind":"flood","area_km2":0.111,"conf":"low","date":"2026-10-09"},"geometry":{"type":"Polygon","coordinates":[[[99.8106,15.9704],[99.808,15.9685],[99.808,15.9677],[99.8092,15.9672],[99.8094,15.9663],[99.8103,15.9663],[99.8114,15.9674],[99.8111,15.9685],[99.8117,15.9688],[99.8117,15.9704],[99.8106,15.9704]]]}},{"type":"Feature","properties":{"kind":"flood","area_km2":0.111,"conf":"low","date":"2026-10-09"},"geometry":{"type":"Polygon","coordinates":[[[99.8062,15.9235],[99.8062,15.923],[99.8056,15.9227],[99.8056,15.9213],[99.807,15.9216],[99.807,15.9205],[99.8095,15.9202],[99.8095,15.9197],[99.8107,15.92],[99.8107,15.921],[99.8101,15.921],[99.8101,15.9216],[99.8087,15.9216],[99.8073,15.9235],[99.8062,15.9235]]]}},{"type":"Feature","properties":{"kind":"flood","area_km2":0.11,"conf":"low","date":"2026-10-09"},"geometry":{"type":"Polygon","coordinates":[[[99.8019,15.9723],[99.7996,15.9721],[99.7996,15.9715],[99.7991,15.9715],[99.7996,15.9699],[99.7985,15.9688],[99.7985,15.968],[99.8002,15.968],[99.7999,15.9691],[99.8005,15.9696],[99.8024,15.9702],[99.8019,15.9723]]]}},{"type":"Feature","properties":{"kind":"flood","area_km2":0.108,"conf":"low","date":"2026-10-09"},"geometry":{"type":"Polygon","coordinates":[[[99.4385,15.5552],[99.438,15.5544],[99.4382,15.5538],[99.4377,15.5533],[99.4363,15.5535],[99.436,15.5525],[99.4354,15.5522],[99.436,15.5519],[99.4354,15.5514],[99.4368,15.5511],[99.4382,15.55],[99.4388,15.55],[99.4391,15.5508],[99.4388,15.5525],[99.4382,15.5522],[99.4382,15.5535],[99.4391,15.5538],[99.4394,15.5546],[99.4402,15.5546],[99.4396,15.5552],[99.4385,15.5552]],[[99.4374,15.5516],[99.4377,15.5522],[99.4377,15.5516],[99.4374,15.5516]],[[99.4365,15.5514],[99.4374,15.5516],[99.4374,15.5514],[99.4365,15.5514]]]}},{"type":"Feature","properties":{"kind":"flood","area_km2":0.108,"conf":"low","date":"2026-10-09"},"geometry":{"type":"Polygon","coordinates":[[[99.5317,15.335],[99.5306,15.3342],[99.5292,15.3339],[99.5289,15.3315],[99.5291,15.3296],[99.5297,15.329],[99.5303,15.329],[99.5303,15.3312],[99.5294,15.3315],[99.5294,15.3323],[99.5308,15.3331],[99.532,15.3331],[99.532,15.3326],[99.5328,15.3326],[99.5328,15.335],[99.5317,15.335]],[[99.5306,15.3331],[99.5308,15.3334],[99.5308,15.3331],[99.5306,15.3331]]]}},{"type":"Feature","properties":{"kind":"flood","area_km2":0.108,"conf":"low","date":"2026-10-09"},"geometry":{"type":"Polygon","coordinates":[[[99.9998,15.0994],[99.999,15.0986],[99.9989,15.0972],[99.9978,15.0969],[99.9978,15.095],[99.9984,15.0945],[99.9998,15.0945],[99.9998,15.0956],[100.0006,15.0958],[100.0006,15.0966],[100.0001,15.0966],[100.0006,15.0975],[100.0006,15.0994],[99.9998,15.0994]]]}},{"type":"Feature","properties":{"kind":"flood","area_km2":0.106,"conf":"high","date":"2026-10-09"},"geometry":{"type":"Polygon","coordinates":[[[99.8674,15.9566],[99.8649,15.9561],[99.8649,15.955],[99.8655,15.9545],[99.8671,15.9545],[99.868,15.9539],[99.8691,15.9539],[99.8697,15.9544],[99.8697,15.9553],[99.8691,15.9558],[99.8674,15.9566]]]}},{"type":"Feature","properties":{"kind":"flood","area_km2":0.106,"conf":"low","date":"2026-10-09"},"geometry":{"type":"Polygon","coordinates":[[[99.916,15.9204],[99.9157,15.9185],[99.9149,15.9185],[99.9149,15.9174],[99.9166,15.9174],[99.9169,15.9163],[99.9183,15.9163],[99.9183,15.9171],[99.9174,15.9174],[99.9174,15.9179],[99.918,15.9179],[99.9183,15.9201],[99.9172,15.9203],[99.9169,15.9195],[99.9169,15.9203],[99.916,15.9204]]]}},{"type":"Feature","properties":{"kind":"flood","area_km2":0.104,"conf":"low","date":"2026-10-09"},"geometry":{"type":"Polygon","coordinates":[[[99.9359,15.975],[99.9359,15.9745],[99.9342,15.9737],[99.9345,15.9715],[99.9373,15.9721],[99.9379,15.9731],[99.9379,15.974],[99.937,15.9742],[99.9367,15.975],[99.9359,15.975]]]}},{"type":"Feature","properties":{"kind":"flood","area_km2":0.104,"conf":"low","date":"2026-10-09"},"geometry":{"type":"Polygon","coordinates":[[[99.8286,15.5657],[99.8285,15.5641],[99.8297,15.5638],[99.8299,15.5625],[99.8325,15.563],[99.8319,15.5652],[99.8286,15.5657]]]}},{"type":"Feature","properties":{"kind":"flood","area_km2":0.103,"conf":"low","date":"2026-10-09"},"geometry":{"type":"Polygon","coordinates":[[[99.9864,15.9811],[99.9833,15.9805],[99.9827,15.9784],[99.9847,15.9778],[99.9855,15.9786],[99.9858,15.9797],[99.9872,15.9797],[99.9875,15.9792],[99.9872,15.9808],[99.9864,15.9811]]]}},{"type":"Feature","properties":{"kind":"flood","area_km2":0.103,"conf":"low","date":"2026-10-09"},"geometry":{"type":"Polygon","coordinates":[[[99.9068,15.7908],[99.9051,15.7905],[99.9051,15.7897],[99.9065,15.7899],[99.9065,15.7894],[99.9054,15.7894],[99.9056,15.7872],[99.909,15.7878],[99.909,15.7897],[99.9079,15.7899],[99.9082,15.7889],[99.9076,15.7886],[99.907,15.7889],[99.9073,15.7899],[99.9068,15.7899],[99.9068,15.7908]]]}},{"type":"Feature","properties":{"kind":"flood","area_km2":0.103,"conf":"low","date":"2026-10-09"},"geometry":{"type":"Polygon","coordinates":[[[99.8642,15.6659],[99.8642,15.6648],[99.8648,15.6648],[99.8651,15.6635],[99.8659,15.6627],[99.8673,15.6626],[99.8679,15.6635],[99.8679,15.6656],[99.8656,15.6659],[99.8651,15.6648],[99.8651,15.6659],[99.8642,15.6659]],[[99.8662,15.6648],[99.8665,15.6651],[99.8665,15.6648],[99.8662,15.6648]]]}},{"type":"Feature","properties":{"kind":"flood","area_km2":0.103,"conf":"low","date":"2026-10-09"},"geometry":{"type":"Polygon","coordinates":[[[99.7303,15.4757],[99.7303,15.4752],[99.7295,15.4752],[99.7297,15.473],[99.7292,15.473],[99.7289,15.4722],[99.7272,15.4725],[99.7272,15.4714],[99.7286,15.4698],[99.7303,15.4698],[99.73,15.4725],[99.7306,15.4749],[99.7303,15.4757]]]}},{"type":"Feature","properties":{"kind":"flood","area_km2":0.103,"conf":"low","date":"2026-10-09"},"geometry":{"type":"Polygon","coordinates":[[[99.7695,15.9196],[99.7689,15.919],[99.7692,15.916],[99.7711,15.9158],[99.7711,15.9168],[99.7717,15.9168],[99.7717,15.919],[99.7695,15.9196]]]}},{"type":"Feature","properties":{"kind":"flood","area_km2":0.102,"conf":"low","date":"2026-10-09"},"geometry":{"type":"Polygon","coordinates":[[[99.9694,15.9998],[99.9694,15.9993],[99.9705,15.9988],[99.9705,15.9977],[99.9713,15.9974],[99.9716,15.9966],[99.9725,15.9966],[99.9739,15.9974],[99.9733,15.9977],[99.9733,15.9998],[99.9694,15.9998]],[[99.9713,15.9993],[99.9719,15.999],[99.9716,15.9985],[99.9711,15.9988],[99.9713,15.9993]]]}},{"type":"Feature","properties":{"kind":"flood","area_km2":0.102,"conf":"low","date":"2026-10-09"},"geometry":{"type":"Polygon","coordinates":[[[99.7835,15.9258],[99.7835,15.9249],[99.7846,15.9249],[99.7846,15.9239],[99.7832,15.923],[99.7832,15.922],[99.784,15.9217],[99.784,15.9206],[99.7849,15.9206],[99.7849,15.923],[99.7866,15.9233],[99.7866,15.9241],[99.7857,15.9257],[99.7835,15.9258]]]}},{"type":"Feature","properties":{"kind":"flood","area_km2":0.102,"conf":"low","date":"2026-10-09"},"geometry":{"type":"Polygon","coordinates":[[[99.907,15.9106],[99.9053,15.9101],[99.9053,15.9082],[99.9064,15.9071],[99.9084,15.9071],[99.9087,15.9084],[99.9079,15.909],[99.907,15.9106]]]}},{"type":"Feature","properties":{"kind":"flood","area_km2":0.102,"conf":"low","date":"2026-10-09"},"geometry":{"type":"Polygon","coordinates":[[[99.4805,15.6956],[99.4802,15.6939],[99.48,15.6945],[99.4788,15.6945],[99.478,15.6939],[99.4769,15.694],[99.4766,15.6934],[99.4766,15.6926],[99.4777,15.6921],[99.4777,15.6866],[99.4788,15.6866],[99.4785,15.6872],[99.478,15.6872],[99.478,15.6931],[99.4811,15.6934],[99.4814,15.6945],[99.4805,15.6956]]]}},{"type":"Feature","properties":{"kind":"flood","area_km2":0.102,"conf":"low","date":"2026-10-09"},"geometry":{"type":"Polygon","coordinates":[[[99.919,15.0834],[99.9193,15.0821],[99.9199,15.0821],[99.9207,15.0813],[99.921,15.0802],[99.9243,15.0796],[99.9243,15.0807],[99.9224,15.081],[99.9224,15.0815],[99.9216,15.0818],[99.9207,15.0834],[99.919,15.0834]]]}},{"type":"Feature","properties":{"kind":"flood","area_km2":0.101,"conf":"high","date":"2026-10-09"},"geometry":{"type":"Polygon","coordinates":[[[99.9919,15.8498],[99.9916,15.8479],[99.9922,15.8479],[99.9922,15.8468],[99.9936,15.8468],[99.9941,15.8481],[99.9958,15.8484],[99.9956,15.8495],[99.9919,15.8498]]]}},{"type":"Feature","properties":{"kind":"flood","area_km2":0.1,"conf":"low","date":"2026-10-09"},"geometry":{"type":"Polygon","coordinates":[[[99.8782,15.9124],[99.8784,15.9107],[99.8754,15.9113],[99.8754,15.9105],[99.8762,15.9097],[99.8751,15.9097],[99.8751,15.9089],[99.877,15.9089],[99.877,15.9097],[99.8773,15.9091],[99.8784,15.9091],[99.8784,15.9097],[99.8793,15.9099],[99.8796,15.9118],[99.8793,15.9124],[99.8782,15.9124]]]}},{"type":"Feature","properties":{"kind":"flood","area_km2":0.1,"conf":"low","date":"2026-10-09"},"geometry":{"type":"Polygon","coordinates":[[[99.8859,15.8942],[99.8851,15.8925],[99.884,15.8926],[99.8831,15.8917],[99.8825,15.889],[99.8837,15.889],[99.8845,15.8917],[99.8865,15.8917],[99.8865,15.8925],[99.887,15.8928],[99.8871,15.8942],[99.8859,15.8942]]]}},{"type":"Feature","properties":{"kind":"flood","area_km2":0.1,"conf":"low","date":"2026-10-09"},"geometry":{"type":"Polygon","coordinates":[[[99.9425,15.1414],[99.9422,15.1403],[99.9427,15.1403],[99.943,15.1408],[99.9444,15.1408],[99.9444,15.1392],[99.9439,15.1392],[99.9439,15.1387],[99.9425,15.1387],[99.9427,15.1373],[99.9444,15.1368],[99.9447,15.1373],[99.9458,15.1376],[99.9447,15.1414],[99.9425,15.1414]]]}},{"type":"Feature","properties":{"kind":"flood","area_km2":0.099,"conf":"low","date":"2026-10-09"},"geometry":{"type":"Polygon","coordinates":[[[99.8614,15.7275],[99.8611,15.7264],[99.862,15.7253],[99.8631,15.7253],[99.8631,15.724],[99.8645,15.7239],[99.8642,15.7275],[99.8614,15.7275]]]}},{"type":"Feature","properties":{"kind":"flood","area_km2":0.098,"conf":"low","date":"2026-10-09"},"geometry":{"type":"Polygon","coordinates":[[[99.9516,15.8049],[99.9516,15.8044],[99.9505,15.8041],[99.9491,15.8044],[99.9488,15.8028],[99.95,15.8028],[99.9508,15.8036],[99.9519,15.8033],[99.9522,15.8017],[99.9541,15.8019],[99.9542,15.8028],[99.953,15.8033],[99.9525,15.8049],[99.9516,15.8049]]]}},{"type":"Feature","properties":{"kind":"flood","area_km2":0.098,"conf":"low","date":"2026-10-09"},"geometry":{"type":"Polygon","coordinates":[[[99.7306,15.7811],[99.7303,15.78],[99.7297,15.78],[99.7294,15.7806],[99.728,15.7803],[99.728,15.7795],[99.7275,15.7795],[99.7275,15.78],[99.7266,15.78],[99.7261,15.7795],[99.7261,15.7787],[99.7275,15.779],[99.7277,15.7784],[99.7303,15.7784],[99.7303,15.7792],[99.7314,15.7792],[99.7314,15.7811],[99.7306,15.7811]]]}},{"type":"Feature","properties":{"kind":"flood","area_km2":0.098,"conf":"low","date":"2026-10-09"},"geometry":{"type":"Polygon","coordinates":[[[99.1776,15.0505],[99.1776,15.0497],[99.1784,15.0494],[99.1782,15.0486],[99.1768,15.0478],[99.1768,15.0473],[99.179,15.0478],[99.1798,15.0489],[99.181,15.0489],[99.1818,15.0481],[99.1818,15.0475],[99.1826,15.0475],[99.1826,15.0483],[99.1815,15.0494],[99.1804,15.0497],[99.1801,15.0502],[99.1776,15.0505]]]}},{"type":"Feature","properties":{"kind":"flood","area_km2":0.097,"conf":"low","date":"2026-10-09"},"geometry":{"type":"Polygon","coordinates":[[[99.172,15.057],[99.172,15.0562],[99.174,15.053],[99.174,15.0486],[99.1745,15.0478],[99.1754,15.0478],[99.1745,15.0502],[99.1745,15.0532],[99.174,15.054],[99.174,15.0554],[99.1729,15.0565],[99.1731,15.057],[99.172,15.057]]]}},{"type":"Feature","properties":{"kind":"flood","area_km2":0.096,"conf":"low","date":"2026-10-09"},"geometry":{"type":"Polygon","coordinates":[[[99.6865,15.8274],[99.6865,15.8266],[99.687,15.8266],[99.687,15.8241],[99.6876,15.8241],[99.6876,15.8236],[99.6881,15.8236],[99.6887,15.8228],[99.6895,15.8227],[99.6901,15.8236],[99.6901,15.8252],[99.6879,15.8255],[99.6879,15.8268],[99.6873,15.8268],[99.6873,15.8274],[99.6865,15.8274]]]}},{"type":"Feature","properties":{"kind":"flood","area_km2":0.096,"conf":"low","date":"2026-10-09"},"geometry":{"type":"Polygon","coordinates":[[[100.0032,15.8017],[100.0029,15.8012],[100.002,15.8012],[100.0009,15.8004],[100.0009,15.7996],[100.0018,15.799],[100.002,15.7982],[100.004,15.7982],[100.004,15.8017],[100.0032,15.8017]]]}},{"type":"Feature","properties":{"kind":"flood","area_km2":0.096,"conf":"low","date":"2026-10-09"},"geometry":{"type":"Polygon","coordinates":[[[99.932,15.8001],[99.932,15.7991],[99.9306,15.7993],[99.9312,15.7972],[99.9306,15.7972],[99.9306,15.7983],[99.9298,15.7983],[99.9298,15.7972],[99.9303,15.7972],[99.9298,15.7955],[99.9317,15.7955],[99.9323,15.7961],[99.932,15.7982],[99.9323,15.7988],[99.9328,15.7988],[99.9329,15.8001],[99.932,15.8001]]]}},{"type":"Feature","properties":{"kind":"flood","area_km2":0.094,"conf":"low","date":"2026-10-09"},"geometry":{"type":"Polygon","coordinates":[[[99.8192,15.9574],[99.8195,15.9555],[99.8209,15.9546],[99.8223,15.9546],[99.8223,15.9557],[99.8243,15.9562],[99.8243,15.9573],[99.8215,15.9571],[99.8217,15.956],[99.8201,15.9565],[99.8201,15.9573],[99.8192,15.9574]],[[99.8217,15.9557],[99.822,15.956],[99.822,15.9557],[99.8217,15.9557]]]}},{"type":"Feature","properties":{"kind":"flood","area_km2":0.094,"conf":"low","date":"2026-10-09"},"geometry":{"type":"Polygon","coordinates":[[[99.8304,15.9481],[99.8304,15.9475],[99.8295,15.9473],[99.8295,15.9446],[99.8318,15.944],[99.8318,15.9473],[99.8312,15.9481],[99.8304,15.9481]]]}},{"type":"Feature","properties":{"kind":"flood","area_km2":0.094,"conf":"low","date":"2026-10-09"},"geometry":{"type":"Polygon","coordinates":[[[99.6617,15.7857],[99.662,15.7843],[99.6614,15.7841],[99.6617,15.783],[99.6611,15.7824],[99.6611,15.7816],[99.6625,15.7813],[99.6625,15.7824],[99.6636,15.7832],[99.6639,15.7854],[99.6617,15.7857]]]}},{"type":"Feature","properties":{"kind":"flood","area_km2":0.094,"conf":"low","date":"2026-10-09"},"geometry":{"type":"Polygon","coordinates":[[[99.73,15.77],[99.7294,15.7686],[99.7286,15.7687],[99.7286,15.7676],[99.7302,15.7676],[99.7302,15.7684],[99.7308,15.7684],[99.7311,15.7667],[99.7316,15.7667],[99.7319,15.7659],[99.7327,15.7659],[99.733,15.7673],[99.7319,15.7673],[99.7319,15.7692],[99.7308,15.7695],[99.7308,15.77],[99.73,15.77]]]}},{"type":"Feature","properties":{"kind":"flood","area_km2":0.093,"conf":"low","date":"2026-10-09"},"geometry":{"type":"Polygon","coordinates":[[[99.9364,15.9067],[99.9367,15.9048],[99.9361,15.9045],[99.9358,15.9018],[99.9375,15.9015],[99.9375,15.9043],[99.9387,15.9045],[99.9387,15.9056],[99.9373,15.9056],[99.9373,15.9067],[99.9364,15.9067]]]}},{"type":"Feature","properties":{"kind":"flood","area_km2":0.092,"conf":"low","date":"2026-10-09"},"geometry":{"type":"Polygon","coordinates":[[[99.8167,15.9671],[99.8142,15.9671],[99.8136,15.9666],[99.8136,15.9658],[99.8142,15.9658],[99.8148,15.9647],[99.8153,15.9647],[99.8153,15.9641],[99.8167,15.9641],[99.8167,15.9671]]]}},{"type":"Feature","properties":{"kind":"flood","area_km2":0.092,"conf":"high","date":"2026-10-09"},"geometry":{"type":"Polygon","coordinates":[[[99.9634,15.8597],[99.9631,15.8591],[99.9617,15.8591],[99.9611,15.8575],[99.9628,15.8578],[99.9634,15.8575],[99.9634,15.8567],[99.9642,15.8567],[99.9653,15.8575],[99.9653,15.8583],[99.9645,15.8597],[99.9634,15.8597]]]}},{"type":"Feature","properties":{"kind":"flood","area_km2":0.092,"conf":"low","date":"2026-10-09"},"geometry":{"type":"Polygon","coordinates":[[[99.9649,15.8274],[99.9649,15.826],[99.9657,15.826],[99.9657,15.8255],[99.9643,15.8255],[99.9641,15.8239],[99.9655,15.8236],[99.9657,15.8244],[99.9674,15.8239],[99.9674,15.8255],[99.9669,15.8258],[99.9669,15.8263],[99.9658,15.8274],[99.9649,15.8274]]]}},{"type":"Feature","properties":{"kind":"flood","area_km2":0.091,"conf":"low","date":"2026-10-09"},"geometry":{"type":"Polygon","coordinates":[[[99.7333,15.7638],[99.7327,15.7627],[99.7327,15.7619],[99.7336,15.7619],[99.7333,15.7605],[99.7355,15.7605],[99.7358,15.7627],[99.735,15.7629],[99.735,15.7637],[99.7333,15.7638]],[[99.7347,15.7619],[99.735,15.7621],[99.735,15.7618],[99.7347,15.7619]]]}},{"type":"Feature","properties":{"kind":"flood","area_km2":0.091,"conf":"low","date":"2026-10-09"},"geometry":{"type":"Polygon","coordinates":[[[99.8359,15.726],[99.8359,15.7251],[99.8354,15.7241],[99.8345,15.7235],[99.8345,15.7227],[99.8348,15.7222],[99.8359,15.7224],[99.8362,15.7219],[99.837,15.7219],[99.837,15.7235],[99.8365,15.7235],[99.8365,15.7243],[99.8379,15.7243],[99.8379,15.7249],[99.8373,15.726],[99.8359,15.726]]]}},{"type":"Feature","properties":{"kind":"flood","area_km2":0.089,"conf":"low","date":"2026-10-09"},"geometry":{"type":"Polygon","coordinates":[[[99.809,15.9181],[99.8087,15.9173],[99.8081,15.9173],[99.8081,15.9145],[99.8104,15.9145],[99.8106,15.9175],[99.8101,15.9181],[99.809,15.9181]]]}},{"type":"Feature","properties":{"kind":"flood","area_km2":0.088,"conf":"low","date":"2026-10-09"},"geometry":{"type":"Polygon","coordinates":[[[99.8431,15.9819],[99.8431,15.98],[99.8426,15.9792],[99.8428,15.9771],[99.8445,15.9768],[99.8443,15.9819],[99.8431,15.9819]]]}},{"type":"Feature","properties":{"kind":"flood","area_km2":0.087,"conf":"low","date":"2026-10-09"},"geometry":{"type":"Polygon","coordinates":[[[99.4777,15.6714],[99.4768,15.6712],[99.4749,15.6687],[99.4735,15.6685],[99.4749,15.6682],[99.4751,15.666],[99.4763,15.6663],[99.4754,15.6668],[99.4754,15.6687],[99.4777,15.6693],[99.4791,15.6709],[99.4777,15.6714]],[[99.4768,15.6701],[99.4774,15.6709],[99.4774,15.6701],[99.4768,15.6701]]]}},{"type":"Feature","properties":{"kind":"flood","area_km2":0.087,"conf":"low","date":"2026-10-09"},"geometry":{"type":"Polygon","coordinates":[[[100.0021,15.5924],[100.0005,15.5913],[100.0005,15.5905],[100.0016,15.5905],[100.0016,15.5899],[100.0002,15.5902],[99.9999,15.5894],[100.003,15.5888],[100.003,15.5924],[100.0021,15.5924]]]}},{"type":"Feature","properties":{"kind":"flood","area_km2":0.087,"conf":"low","date":"2026-10-09"},"geometry":{"type":"Polygon","coordinates":[[[99.842,15.5703],[99.8412,15.5673],[99.842,15.5673],[99.8423,15.5667],[99.8442,15.567],[99.8442,15.5678],[99.8437,15.5681],[99.8437,15.5694],[99.8431,15.5697],[99.8431,15.5703],[99.842,15.5703]]]}},{"type":"Feature","properties":{"kind":"flood","area_km2":0.086,"conf":"low","date":"2026-10-09"},"geometry":{"type":"Polygon","coordinates":[[[99.9177,15.925],[99.9172,15.9244],[99.9172,15.9233],[99.918,15.9233],[99.9183,15.922],[99.9202,15.922],[99.9208,15.9225],[99.9208,15.9236],[99.9194,15.9239],[99.9186,15.9249],[99.9177,15.925]]]}},{"type":"Feature","properties":{"kind":"flood","area_km2":0.086,"conf":"low","date":"2026-10-09"},"geometry":{"type":"Polygon","coordinates":[[[99.7519,15.7878],[99.7521,15.7862],[99.7516,15.7859],[99.7513,15.7865],[99.7505,15.7865],[99.7505,15.7846],[99.751,15.784],[99.753,15.784],[99.7527,15.7859],[99.7533,15.7862],[99.7533,15.7878],[99.7519,15.7878]]]}},{"type":"Feature","properties":{"kind":"flood","area_km2":0.086,"conf":"low","date":"2026-10-09"},"geometry":{"type":"Polygon","coordinates":[[[99.9066,15.8702],[99.9063,15.8686],[99.9065,15.8681],[99.9077,15.868],[99.9077,15.867],[99.9088,15.867],[99.9091,15.8678],[99.9099,15.8678],[99.9099,15.8686],[99.9094,15.8691],[99.9085,15.8691],[99.908,15.8702],[99.9066,15.8702]]]}},{"type":"Feature","properties":{"kind":"flood","area_km2":0.086,"conf":"low","date":"2026-10-09"},"geometry":{"type":"Polygon","coordinates":[[[99.8002,15.7605],[99.8002,15.7597],[99.7994,15.7592],[99.7994,15.7584],[99.8036,15.7584],[99.8039,15.7603],[99.803,15.7603],[99.803,15.7594],[99.8025,15.7594],[99.8013,15.7605],[99.8002,15.7605]]]}},{"type":"Feature","properties":{"kind":"flood","area_km2":0.086,"conf":"low","date":"2026-10-09"},"geometry":{"type":"Polygon","coordinates":[[[99.4264,15.5386],[99.4256,15.5381],[99.4273,15.5381],[99.4278,15.5376],[99.4278,15.5365],[99.4253,15.5351],[99.4253,15.5346],[99.4245,15.534],[99.4245,15.5332],[99.425,15.533],[99.425,15.5316],[99.4245,15.5308],[99.425,15.5308],[99.4256,15.5321],[99.4256,15.5343],[99.427,15.5354],[99.4278,15.5354],[99.429,15.5365],[99.429,15.537],[99.4281,15.5376],[99.4276,15.5386],[99.4264,15.5386]]]}},{"type":"Feature","properties":{"kind":"flood","area_km2":0.086,"conf":"low","date":"2026-10-09"},"geometry":{"type":"Polygon","coordinates":[[[99.4211,15.5319],[99.4211,15.5303],[99.4194,15.53],[99.4197,15.5284],[99.4211,15.5289],[99.4234,15.5286],[99.4245,15.5308],[99.4228,15.5292],[99.4222,15.5297],[99.4222,15.5319],[99.4211,15.5319]]]}},{"type":"Feature","properties":{"kind":"flood","area_km2":0.085,"conf":"low","date":"2026-10-09"},"geometry":{"type":"Polygon","coordinates":[[[99.8437,15.9225],[99.8429,15.922],[99.8418,15.922],[99.8418,15.9212],[99.8448,15.9209],[99.8479,15.9217],[99.8479,15.9225],[99.8471,15.9225],[99.8465,15.922],[99.846,15.922],[99.8457,15.9225],[99.8437,15.9225]]]}},{"type":"Feature","properties":{"kind":"flood","area_km2":0.084,"conf":"low","date":"2026-10-09"},"geometry":{"type":"Polygon","coordinates":[[[99.8323,15.9416],[99.8318,15.941],[99.832,15.9389],[99.8326,15.9386],[99.8334,15.9361],[99.8343,15.9361],[99.8343,15.9372],[99.8334,15.938],[99.8337,15.9399],[99.8332,15.9416],[99.8323,15.9416]]]}},{"type":"Feature","properties":{"kind":"flood","area_km2":0.083,"conf":"low","date":"2026-10-09"},"geometry":{"type":"Polygon","coordinates":[[[99.8068,15.9403],[99.8065,15.939],[99.8074,15.9381],[99.8074,15.9376],[99.8068,15.9376],[99.8068,15.9368],[99.8085,15.9368],[99.8085,15.9379],[99.8093,15.9379],[99.8096,15.9398],[99.8082,15.94],[99.8082,15.939],[99.8076,15.939],[99.8077,15.9403],[99.8068,15.9403]]]}},{"type":"Feature","properties":{"kind":"flood","area_km2":0.083,"conf":"low","date":"2026-10-09"},"geometry":{"type":"Polygon","coordinates":[[[99.6752,15.8187],[99.6749,15.8166],[99.6763,15.8163],[99.6766,15.8155],[99.6777,15.8155],[99.6783,15.816],[99.6783,15.8171],[99.6775,15.8174],[99.6766,15.8184],[99.6752,15.8187]]]}},{"type":"Feature","properties":{"kind":"flood","area_km2":0.083,"conf":"low","date":"2026-10-09"},"geometry":{"type":"Polygon","coordinates":[[[99.9544,15.7946],[99.9541,15.7938],[99.953,15.793],[99.953,15.7922],[99.9552,15.7916],[99.9552,15.7922],[99.9561,15.7924],[99.9561,15.7933],[99.9569,15.7933],[99.9569,15.7941],[99.9544,15.7946]]]}},{"type":"Feature","properties":{"kind":"flood","area_km2":0.082,"conf":"low","date":"2026-10-09"},"geometry":{"type":"Polygon","coordinates":[[[99.8485,15.9806],[99.8487,15.9789],[99.8527,15.9786],[99.8529,15.9792],[99.8529,15.98],[99.8524,15.9803],[99.8485,15.9806]]]}},{"type":"Feature","properties":{"kind":"flood","area_km2":0.082,"conf":"low","date":"2026-10-09"},"geometry":{"type":"Polygon","coordinates":[[[99.8164,15.9601],[99.8161,15.9595],[99.815,15.9595],[99.8147,15.959],[99.8133,15.9587],[99.8133,15.9579],[99.8156,15.9582],[99.8158,15.9571],[99.817,15.9571],[99.8175,15.9587],[99.817,15.9587],[99.8173,15.9601],[99.8164,15.9601]]]}},{"type":"Feature","properties":{"kind":"flood","area_km2":0.082,"conf":"low","date":"2026-10-09"},"geometry":{"type":"Polygon","coordinates":[[[99.5983,15.6576],[99.5983,15.6538],[99.5994,15.6535],[99.5994,15.6546],[99.6011,15.6543],[99.6011,15.6562],[99.5994,15.656],[99.5994,15.6573],[99.5983,15.6576]]]}},{"type":"Feature","properties":{"kind":"flood","area_km2":0.082,"conf":"low","date":"2026-10-09"},"geometry":{"type":"Polygon","coordinates":[[[99.9896,15.4956],[99.9891,15.4945],[99.9891,15.4916],[99.9899,15.4916],[99.9916,15.4932],[99.9916,15.494],[99.9905,15.4945],[99.9905,15.4956],[99.9896,15.4956]]]}},{"type":"Feature","properties":{"kind":"flood","area_km2":0.082,"conf":"low","date":"2026-10-09"},"geometry":{"type":"Polygon","coordinates":[[[99.891,15.2417],[99.8904,15.2389],[99.8907,15.2384],[99.8918,15.2384],[99.8918,15.2379],[99.8929,15.2379],[99.8932,15.2392],[99.8923,15.2392],[99.8921,15.2417],[99.891,15.2417]]]}},{"type":"Feature","properties":{"kind":"flood","area_km2":0.081,"conf":"high","date":"2026-10-09"},"geometry":{"type":"Polygon","coordinates":[[[99.9518,15.959],[99.9518,15.9582],[99.9507,15.9579],[99.9493,15.9579],[99.9493,15.9584],[99.9487,15.9584],[99.949,15.9568],[99.9496,15.9563],[99.9521,15.9557],[99.9515,15.956],[99.9515,15.9573],[99.9532,15.9576],[99.9532,15.9582],[99.9526,15.959],[99.9518,15.959]]]}},{"type":"Feature","properties":{"kind":"flood","area_km2":0.081,"conf":"low","date":"2026-10-09"},"geometry":{"type":"Polygon","coordinates":[[[99.9551,15.8348],[99.9546,15.8342],[99.9532,15.8345],[99.9532,15.8337],[99.9549,15.8318],[99.9562,15.8315],[99.9563,15.8345],[99.9551,15.8348]]]}},{"type":"Feature","properties":{"kind":"flood","area_km2":0.081,"conf":"low","date":"2026-10-09"},"geometry":{"type":"Polygon","coordinates":[[[99.9968,15.8251],[99.9968,15.824],[99.9974,15.8237],[99.9974,15.8232],[99.9951,15.8232],[99.9951,15.8224],[99.9957,15.8224],[99.9957,15.8218],[99.9963,15.8216],[99.9979,15.8218],[99.9979,15.8232],[99.9982,15.8226],[99.9993,15.8226],[99.9993,15.8234],[99.9985,15.8237],[99.9977,15.8245],[99.9977,15.8251],[99.9968,15.8251]]]}},{"type":"Feature","properties":{"kind":"flood","area_km2":0.081,"conf":"low","date":"2026-10-09"},"geometry":{"type":"Polygon","coordinates":[[[99.6856,15.8225],[99.6859,15.8203],[99.6867,15.8203],[99.6867,15.8198],[99.6878,15.82],[99.6881,15.8192],[99.689,15.8192],[99.689,15.8203],[99.6884,15.8214],[99.6876,15.8217],[99.6876,15.8225],[99.6856,15.8225]]]}},{"type":"Feature","properties":{"kind":"flood","area_km2":0.081,"conf":"low","date":"2026-10-09"},"geometry":{"type":"Polygon","coordinates":[[[99.7359,15.3057],[99.7348,15.3049],[99.7339,15.3049],[99.7339,15.3041],[99.735,15.3043],[99.7353,15.303],[99.7373,15.303],[99.7373,15.3057],[99.7359,15.3057]]]}},{"type":"Feature","properties":{"kind":"flood","area_km2":0.079,"conf":"low","date":"2026-10-09"},"geometry":{"type":"Polygon","coordinates":[[[99.9719,15.996],[99.971,15.9952],[99.971,15.9939],[99.9716,15.9936],[99.9724,15.9936],[99.9724,15.9941],[99.9741,15.9939],[99.9758,15.9947],[99.9758,15.9955],[99.975,15.9955],[99.9741,15.9947],[99.9736,15.9947],[99.973,15.996],[99.9719,15.996]]]}},{"type":"Feature","properties":{"kind":"flood","area_km2":0.079,"conf":"low","date":"2026-10-09"},"geometry":{"type":"Polygon","coordinates":[[[99.9673,15.9646],[99.9672,15.9638],[99.9681,15.9632],[99.9681,15.9619],[99.9686,15.9613],[99.97,15.9613],[99.9706,15.9619],[99.9706,15.9638],[99.9686,15.9635],[99.9681,15.9646],[99.9673,15.9646]]]}},{"type":"Feature","properties":{"kind":"flood","area_km2":0.079,"conf":"low","date":"2026-10-09"},"geometry":{"type":"Polygon","coordinates":[[[99.8602,15.6364],[99.8599,15.635],[99.8591,15.6345],[99.8591,15.6334],[99.8613,15.6334],[99.8613,15.6339],[99.8619,15.6342],[99.8621,15.6361],[99.8602,15.6364]]]}},{"type":"Feature","properties":{"kind":"flood","area_km2":0.079,"conf":"low","date":"2026-10-09"},"geometry":{"type":"Polygon","coordinates":[[[99.8592,15.6022],[99.8592,15.5992],[99.8597,15.5989],[99.86,15.5976],[99.8609,15.5976],[99.8609,15.6019],[99.8592,15.6022]]]}},{"type":"Feature","properties":{"kind":"flood","area_km2":0.078,"conf":"low","date":"2026-10-09"},"geometry":{"type":"Polygon","coordinates":[[[99.7133,15.7402],[99.7133,15.7397],[99.7128,15.7394],[99.7128,15.7378],[99.7119,15.7375],[99.7122,15.7364],[99.7142,15.7364],[99.7147,15.737],[99.7147,15.7381],[99.7139,15.7383],[99.7145,15.74],[99.7133,15.7402]]]}},{"type":"Feature","properties":{"kind":"flood","area_km2":0.078,"conf":"low","date":"2026-10-09"},"geometry":{"type":"Polygon","coordinates":[[[99.8979,15.2853],[99.8978,15.2847],[99.8967,15.2839],[99.8967,15.2831],[99.8998,15.2826],[99.9004,15.2842],[99.8987,15.2853],[99.8979,15.2853]]]}},{"type":"Feature","properties":{"kind":"flood","area_km2":0.077,"conf":"low","date":"2026-10-09"},"geometry":{"type":"Polygon","coordinates":[[[99.4948,15.7026],[99.4931,15.7007],[99.4909,15.7007],[99.4906,15.7002],[99.4898,15.7002],[99.4892,15.6993],[99.4903,15.6993],[99.4926,15.7004],[99.4954,15.7004],[99.4959,15.701],[99.4959,15.702],[99.4957,15.7026],[99.4948,15.7026]]]}},{"type":"Feature","properties":{"kind":"flood","area_km2":0.077,"conf":"low","date":"2026-10-09"},"geometry":{"type":"Polygon","coordinates":[[[99.8357,15.2576],[99.8354,15.2568],[99.8329,15.2571],[99.8329,15.256],[99.834,15.2554],[99.8349,15.2554],[99.8349,15.256],[99.8382,15.2557],[99.8379,15.2568],[99.8368,15.2565],[99.8366,15.2576],[99.8357,15.2576]]]}},{"type":"Feature","properties":{"kind":"flood","area_km2":0.076,"conf":"low","date":"2026-10-09"},"geometry":{"type":"Polygon","coordinates":[[[99.9747,15.9895],[99.9744,15.9882],[99.9766,15.9879],[99.9766,15.9863],[99.9758,15.986],[99.9763,15.986],[99.9769,15.9852],[99.9777,15.9852],[99.9777,15.9887],[99.9763,15.9887],[99.9761,15.9892],[99.9747,15.9895]]]}},{"type":"Feature","properties":{"kind":"flood","area_km2":0.076,"conf":"low","date":"2026-10-09"},"geometry":{"type":"Polygon","coordinates":[[[99.7938,15.9734],[99.7929,15.9724],[99.7924,15.9724],[99.7924,15.9713],[99.7935,15.9707],[99.7935,15.9702],[99.7943,15.9702],[99.7943,15.9713],[99.7954,15.9718],[99.7954,15.9729],[99.7949,15.9734],[99.7938,15.9734]]]}},{"type":"Feature","properties":{"kind":"flood","area_km2":0.076,"conf":"low","date":"2026-10-09"},"geometry":{"type":"Polygon","coordinates":[[[99.9958,15.795],[99.9958,15.7944],[99.995,15.7939],[99.995,15.7928],[99.9956,15.7925],[99.9958,15.7912],[99.997,15.7912],[99.9975,15.7933],[99.9967,15.7942],[99.9967,15.795],[99.9958,15.795]]]}},{"type":"Feature","properties":{"kind":"flood","area_km2":0.076,"conf":"low","date":"2026-10-09"},"geometry":{"type":"Polygon","coordinates":[[[99.7574,15.758],[99.7571,15.7569],[99.7568,15.7577],[99.756,15.7577],[99.7557,15.7558],[99.7568,15.7553],[99.7582,15.7553],[99.7585,15.7558],[99.759,15.7558],[99.759,15.7566],[99.7585,15.7569],[99.7582,15.758],[99.7574,15.758]]]}},{"type":"Feature","properties":{"kind":"flood","area_km2":0.076,"conf":"low","date":"2026-10-09"},"geometry":{"type":"Polygon","coordinates":[[[99.8583,15.5981],[99.8578,15.5971],[99.8578,15.5957],[99.8589,15.5952],[99.8589,15.5935],[99.8597,15.5935],[99.86,15.5968],[99.8595,15.5968],[99.8592,15.5981],[99.8583,15.5981]]]}},{"type":"Feature","properties":{"kind":"flood","area_km2":0.076,"conf":"low","date":"2026-10-09"},"geometry":{"type":"Polygon","coordinates":[[[99.8445,15.5705],[99.8451,15.5684],[99.8459,15.5684],[99.8459,15.5689],[99.8465,15.5689],[99.8473,15.5678],[99.8481,15.5678],[99.8484,15.5692],[99.8476,15.5692],[99.8476,15.5702],[99.8445,15.5705]]]}},{"type":"Feature","properties":{"kind":"flood","area_km2":0.076,"conf":"low","date":"2026-10-09"},"geometry":{"type":"Polygon","coordinates":[[[99.9091,15.2438],[99.9091,15.2424],[99.908,15.2419],[99.908,15.2408],[99.9094,15.2408],[99.9097,15.2413],[99.9105,15.2413],[99.9114,15.2421],[99.9111,15.2435],[99.9091,15.2438]]]}},{"type":"Feature","properties":{"kind":"flood","area_km2":0.075,"conf":"low","date":"2026-10-09"},"geometry":{"type":"Polygon","coordinates":[[[99.9722,15.9464],[99.9722,15.9434],[99.9733,15.9431],[99.9744,15.9448],[99.9744,15.9456],[99.9739,15.9459],[99.9739,15.9464],[99.9722,15.9464]]]}},{"type":"Feature","properties":{"kind":"flood","area_km2":0.075,"conf":"low","date":"2026-10-09"},"geometry":{"type":"Polygon","coordinates":[[[99.8202,15.9264],[99.818,15.9256],[99.8174,15.9251],[99.8174,15.9243],[99.8194,15.9243],[99.8202,15.9245],[99.821,15.9256],[99.8224,15.9256],[99.8225,15.9264],[99.8202,15.9264]]]}},{"type":"Feature","properties":{"kind":"flood","area_km2":0.074,"conf":"low","date":"2026-10-09"},"geometry":{"type":"Polygon","coordinates":[[[99.9965,15.9913],[99.9968,15.9908],[99.9957,15.99],[99.9957,15.9894],[99.9962,15.9891],[99.9962,15.99],[99.9976,15.99],[99.9976,15.9886],[99.9962,15.9883],[99.9974,15.9872],[99.9976,15.9859],[99.9987,15.9851],[99.9988,15.987],[99.9982,15.987],[99.9985,15.9886],[99.9979,15.9886],[99.9979,15.9902],[99.9971,15.9908],[99.9971,15.9913],[99.9965,15.9913]]]}},{"type":"Feature","properties":{"kind":"flood","area_km2":0.074,"conf":"low","date":"2026-10-09"},"geometry":{"type":"Polygon","coordinates":[[[99.7035,15.8094],[99.7035,15.8081],[99.704,15.8078],[99.7043,15.8064],[99.7054,15.8062],[99.7054,15.8067],[99.706,15.8067],[99.706,15.8062],[99.7068,15.8061],[99.7071,15.8075],[99.7054,15.8078],[99.7043,15.8094],[99.7035,15.8094]]]}},{"type":"Feature","properties":{"kind":"flood","area_km2":0.074,"conf":"low","date":"2026-10-09"},"geometry":{"type":"Polygon","coordinates":[[[99.9116,15.7975],[99.9116,15.7964],[99.9093,15.7962],[99.9093,15.7954],[99.9115,15.7954],[99.9118,15.7945],[99.9138,15.7948],[99.9138,15.7959],[99.9129,15.7959],[99.9124,15.7964],[99.9124,15.7975],[99.9116,15.7975]]]}},{"type":"Feature","properties":{"kind":"flood","area_km2":0.073,"conf":"low","date":"2026-10-09"},"geometry":{"type":"Polygon","coordinates":[[[99.968,15.9996],[99.9674,15.9982],[99.9669,15.9982],[99.9668,15.9971],[99.9674,15.9971],[99.9677,15.9961],[99.9694,15.996],[99.9694,15.9979],[99.9688,15.9982],[99.9688,15.9996],[99.968,15.9996]]]}},{"type":"Feature","properties":{"kind":"flood","area_km2":0.073,"conf":"low","date":"2026-10-09"},"geometry":{"type":"Polygon","coordinates":[[[99.8446,15.986],[99.8446,15.9836],[99.8471,15.983],[99.8471,15.9852],[99.8465,15.9857],[99.8446,15.986]]]}},{"type":"Feature","properties":{"kind":"flood","area_km2":0.073,"conf":"low","date":"2026-10-09"},"geometry":{"type":"Polygon","coordinates":[[[99.9293,15.7603],[99.9293,15.7584],[99.9276,15.7581],[99.9273,15.7565],[99.9307,15.7576],[99.9302,15.7603],[99.9293,15.7603]]]}},{"type":"Feature","properties":{"kind":"flood","area_km2":0.072,"conf":"low","date":"2026-10-09"},"geometry":{"type":"Polygon","coordinates":[[[99.9553,15.8646],[99.953,15.8641],[99.9533,15.8627],[99.9525,15.8622],[99.9527,15.8608],[99.9541,15.8611],[99.9542,15.8624],[99.9553,15.8638],[99.9553,15.8646]]]}},{"type":"Feature","properties":{"kind":"flood","area_km2":0.072,"conf":"low","date":"2026-10-09"},"geometry":{"type":"Polygon","coordinates":[[[99.9141,15.7438],[99.9136,15.743],[99.911,15.7433],[99.9105,15.7427],[99.9105,15.7419],[99.911,15.7419],[99.9116,15.7411],[99.9124,15.7411],[99.913,15.7425],[99.915,15.7425],[99.915,15.7438],[99.9141,15.7438]]]}},{"type":"Feature","properties":{"kind":"flood","area_km2":0.072,"conf":"low","date":"2026-10-09"},"geometry":{"type":"Polygon","coordinates":[[[99.8096,15.7217],[99.809,15.7212],[99.809,15.7201],[99.8101,15.7185],[99.8113,15.7185],[99.8113,15.7212],[99.8096,15.7217]]]}},{"type":"Feature","properties":{"kind":"flood","area_km2":0.071,"conf":"low","date":"2026-10-09"},"geometry":{"type":"Polygon","coordinates":[[[99.9124,15.9225],[99.911,15.9209],[99.911,15.9196],[99.9127,15.9196],[99.9132,15.9204],[99.9138,15.9204],[99.9135,15.9223],[99.9124,15.9225]]]}},{"type":"Feature","properties":{"kind":"flood","area_km2":0.071,"conf":"low","date":"2026-10-09"},"geometry":{"type":"Polygon","coordinates":[[[99.9803,15.8786],[99.98,15.8775],[99.9803,15.8764],[99.9808,15.8761],[99.9817,15.8761],[99.9817,15.8767],[99.9828,15.8769],[99.9834,15.8777],[99.9834,15.8786],[99.9803,15.8786]]]}},{"type":"Feature","properties":{"kind":"flood","area_km2":0.071,"conf":"low","date":"2026-10-09"},"geometry":{"type":"Polygon","coordinates":[[[99.9141,15.2329],[99.9135,15.2318],[99.9127,15.2313],[99.9127,15.2304],[99.9141,15.2299],[99.9158,15.2299],[99.9155,15.2313],[99.9149,15.2313],[99.9152,15.2329],[99.9141,15.2329]]]}},{"type":"Feature","properties":{"kind":"flood","area_km2":0.07,"conf":"low","date":"2026-10-09"},"geometry":{"type":"Polygon","coordinates":[[[99.7753,15.9952],[99.7714,15.995],[99.7714,15.9939],[99.7723,15.9933],[99.7753,15.9939],[99.7753,15.9952]]]}},{"type":"Feature","properties":{"kind":"flood","area_km2":0.07,"conf":"low","date":"2026-10-09"},"geometry":{"type":"Polygon","coordinates":[[[99.9388,15.7605],[99.9388,15.7592],[99.9405,15.7586],[99.9411,15.7578],[99.9425,15.7578],[99.9425,15.7589],[99.9419,15.7594],[99.94,15.7605],[99.9388,15.7605]]]}},{"type":"Feature","properties":{"kind":"flood","area_km2":0.07,"conf":"low","date":"2026-10-09"},"geometry":{"type":"Polygon","coordinates":[[[99.9901,15.705],[99.9898,15.7015],[99.9906,15.7014],[99.9909,15.702],[99.9923,15.702],[99.992,15.7036],[99.9909,15.7039],[99.9909,15.705],[99.9901,15.705]],[[99.9906,15.7028],[99.9912,15.7031],[99.9912,15.7028],[99.9906,15.7028]]]}},{"type":"Feature","properties":{"kind":"flood","area_km2":0.07,"conf":"low","date":"2026-10-09"},"geometry":{"type":"Polygon","coordinates":[[[99.4746,15.688],[99.4738,15.6872],[99.4752,15.6872],[99.4752,15.6855],[99.4783,15.6853],[99.4783,15.6847],[99.4799,15.6842],[99.4802,15.6834],[99.4802,15.6845],[99.4797,15.6847],[99.4797,15.6861],[99.4791,15.6866],[99.4785,15.6855],[99.476,15.6858],[99.4758,15.688],[99.4746,15.688]]]}},{"type":"Feature","properties":{"kind":"flood","area_km2":0.069,"conf":"low","date":"2026-10-09"},"geometry":{"type":"Polygon","coordinates":[[[99.9239,15.9878],[99.9236,15.9865],[99.9211,15.9865],[99.9211,15.9854],[99.9233,15.9849],[99.925,15.9868],[99.925,15.9878],[99.9239,15.9878]]]}},{"type":"Feature","properties":{"kind":"flood","area_km2":0.069,"conf":"low","date":"2026-10-09"},"geometry":{"type":"Polygon","coordinates":[[[99.726,15.7597],[99.7257,15.757],[99.726,15.7565],[99.7271,15.7565],[99.728,15.7597],[99.726,15.7597]]]}},{"type":"Feature","properties":{"kind":"flood","area_km2":0.069,"conf":"low","date":"2026-10-09"},"geometry":{"type":"Polygon","coordinates":[[[99.8432,15.2489],[99.8427,15.2462],[99.8432,15.2462],[99.8435,15.2448],[99.8449,15.2448],[99.8452,15.2462],[99.8443,15.247],[99.8438,15.247],[99.8443,15.2486],[99.8432,15.2489]]]}},{"type":"Feature","properties":{"kind":"flood","area_km2":0.069,"conf":"low","date":"2026-10-09"},"geometry":{"type":"Polygon","coordinates":[[[99.9207,15.2082],[99.9182,15.2079],[99.9182,15.2055],[99.9204,15.2055],[99.9201,15.2068],[99.9207,15.2071],[99.9207,15.2082]]]}},{"type":"Feature","properties":{"kind":"flood","area_km2":0.068,"conf":"low","date":"2026-10-09"},"geometry":{"type":"Polygon","coordinates":[[[99.9447,15.9327],[99.9444,15.9297],[99.9455,15.9294],[99.9458,15.9303],[99.9472,15.9311],[99.9472,15.9319],[99.9458,15.9319],[99.9455,15.9327],[99.9447,15.9327]]]}},{"type":"Feature","properties":{"kind":"flood","area_km2":0.068,"conf":"low","date":"2026-10-09"},"geometry":{"type":"Polygon","coordinates":[[[99.9315,15.9271],[99.9309,15.9265],[99.9309,15.9257],[99.9317,15.9252],[99.9317,15.9246],[99.9323,15.9246],[99.9326,15.9235],[99.9337,15.9235],[99.9343,15.9241],[99.9343,15.9249],[99.9334,15.9249],[99.9323,15.9271],[99.9315,15.9271]]]}},{"type":"Feature","properties":{"kind":"flood","area_km2":0.068,"conf":"low","date":"2026-10-09"},"geometry":{"type":"Polygon","coordinates":[[[99.922,15.8878],[99.9218,15.8859],[99.9229,15.8859],[99.9229,15.8851],[99.924,15.8851],[99.924,15.8856],[99.9248,15.8861],[99.9248,15.887],[99.9232,15.8878],[99.922,15.8878]]]}},{"type":"Feature","properties":{"kind":"flood","area_km2":0.068,"conf":"low","date":"2026-10-09"},"geometry":{"type":"Polygon","coordinates":[[[100.0001,15.8123],[100.0007,15.8101],[100.0038,15.8104],[100.0038,15.8115],[100.0029,15.8115],[100.0027,15.8123],[100.0001,15.8123]]]}},{"type":"Feature","properties":{"kind":"flood","area_km2":0.068,"conf":"low","date":"2026-10-09"},"geometry":{"type":"Polygon","coordinates":[[[99.8338,15.9665],[99.8338,15.966],[99.8327,15.966],[99.8327,15.9652],[99.8333,15.9652],[99.8344,15.9641],[99.8355,15.9641],[99.8361,15.966],[99.8338,15.9665]]]}},{"type":"Feature","properties":{"kind":"flood","area_km2":0.068,"conf":"low","date":"2026-10-09"},"geometry":{"type":"Polygon","coordinates":[[[99.8195,15.9544],[99.8198,15.953],[99.8189,15.953],[99.8186,15.9525],[99.8186,15.9517],[99.8181,15.9511],[99.8183,15.95],[99.8197,15.95],[99.8197,15.9508],[99.8192,15.9508],[99.8192,15.9514],[99.8203,15.9517],[99.8206,15.9544],[99.8195,15.9544]]]}},{"type":"Feature","properties":{"kind":"flood","area_km2":0.068,"conf":"high","date":"2026-10-09"},"geometry":{"type":"Polygon","coordinates":[[[99.8693,15.9447],[99.8665,15.9436],[99.8665,15.9425],[99.8699,15.943],[99.8702,15.9436],[99.8707,15.9436],[99.8705,15.9447],[99.8693,15.9447]]]}},{"type":"Feature","properties":{"kind":"flood","area_km2":0.068,"conf":"low","date":"2026-10-09"},"geometry":{"type":"Polygon","coordinates":[[[99.908,15.7441],[99.9074,15.7414],[99.9077,15.7409],[99.9088,15.7409],[99.9088,15.7419],[99.9094,15.7428],[99.9102,15.743],[99.9102,15.7438],[99.908,15.7441]]]}},{"type":"Feature","properties":{"kind":"flood","area_km2":0.068,"conf":"low","date":"2026-10-09"},"geometry":{"type":"Polygon","coordinates":[[[99.9863,15.5621],[99.9863,15.561],[99.9858,15.5607],[99.9855,15.5594],[99.9863,15.5594],[99.9866,15.5583],[99.9874,15.5583],[99.9877,15.5618],[99.9863,15.5621]]]}},{"type":"Feature","properties":{"kind":"flood","area_km2":0.067,"conf":"high","date":"2026-10-09"},"geometry":{"type":"Polygon","coordinates":[[[100.0004,15.8606],[100.0004,15.8598],[100.0009,15.8598],[100.0012,15.859],[100.0001,15.8587],[100.0001,15.8579],[100.0023,15.8581],[100.0032,15.8595],[100.0032,15.8603],[100.0004,15.8606]]]}},{"type":"Feature","properties":{"kind":"flood","area_km2":0.067,"conf":"low","date":"2026-10-09"},"geometry":{"type":"Polygon","coordinates":[[[99.9602,15.8353],[99.9602,15.8347],[99.9585,15.8345],[99.9591,15.8326],[99.9616,15.8334],[99.9613,15.835],[99.9602,15.8353]]]}},{"type":"Feature","properties":{"kind":"flood","area_km2":0.067,"conf":"low","date":"2026-10-09"},"geometry":{"type":"Polygon","coordinates":[[[99.7886,15.7324],[99.7853,15.7324],[99.7855,15.731],[99.7886,15.7305],[99.7886,15.7324]]]}},{"type":"Feature","properties":{"kind":"flood","area_km2":0.067,"conf":"low","date":"2026-10-09"},"geometry":{"type":"Polygon","coordinates":[[[99.4293,15.5601],[99.4296,15.559],[99.4315,15.559],[99.4312,15.5576],[99.4329,15.5574],[99.4329,15.5568],[99.4338,15.5573],[99.4338,15.5584],[99.4324,15.5582],[99.4324,15.5598],[99.4307,15.5595],[99.4304,15.5601],[99.4293,15.5601]],[[99.4296,15.5593],[99.4298,15.5595],[99.4298,15.5593],[99.4296,15.5593]],[[99.4301,15.5593],[99.4304,15.5595],[99.4304,15.5593],[99.4301,15.5593]],[[99.4315,15.5584],[99.4318,15.5587],[99.4318,15.5584],[99.4315,15.5584]],[[99.4318,15.5582],[99.4321,15.5584],[99.4321,15.5582],[99.4318,15.5582]]]}},{"type":"Feature","properties":{"kind":"flood","area_km2":0.066,"conf":"low","date":"2026-10-09"},"geometry":{"type":"Polygon","coordinates":[[[99.8628,15.9835],[99.8628,15.9827],[99.8605,15.9816],[99.8605,15.9808],[99.8614,15.98],[99.8628,15.98],[99.8628,15.9819],[99.863,15.9824],[99.8636,15.9824],[99.8636,15.9835],[99.8628,15.9835]]]}},{"type":"Feature","properties":{"kind":"flood","area_km2":0.066,"conf":"low","date":"2026-10-09"},"geometry":{"type":"Polygon","coordinates":[[[99.8128,15.9652],[99.8125,15.9642],[99.812,15.9642],[99.8119,15.9631],[99.8125,15.9625],[99.8136,15.9625],[99.8148,15.9633],[99.8148,15.9641],[99.8145,15.965],[99.8128,15.9652]]]}},{"type":"Feature","properties":{"kind":"flood","area_km2":0.066,"conf":"low","date":"2026-10-09"},"geometry":{"type":"Polygon","coordinates":[[[99.9367,15.9148],[99.9364,15.9116],[99.9378,15.9113],[99.9384,15.9121],[99.9384,15.9132],[99.9379,15.9135],[99.9379,15.9146],[99.9367,15.9148]]]}},{"type":"Feature","properties":{"kind":"flood","area_km2":0.066,"conf":"low","date":"2026-10-09"},"geometry":{"type":"Polygon","coordinates":[[[99.9922,15.7885],[99.9905,15.7874],[99.9905,15.785],[99.9916,15.785],[99.9919,15.7869],[99.9933,15.7871],[99.9933,15.7882],[99.9922,15.7885]]]}},{"type":"Feature","properties":{"kind":"flood","area_km2":0.066,"conf":"low","date":"2026-10-09"},"geometry":{"type":"Polygon","coordinates":[[[99.9913,15.6098],[99.9913,15.6087],[99.9921,15.6084],[99.9924,15.6076],[99.9921,15.6071],[99.9916,15.6071],[99.9916,15.6063],[99.993,15.6063],[99.993,15.6071],[99.9949,15.6073],[99.9947,15.6084],[99.993,15.6081],[99.9924,15.6084],[99.9924,15.6095],[99.9913,15.6098]]]}},{"type":"Feature","properties":{"kind":"flood","area_km2":0.066,"conf":"low","date":"2026-10-09"},"geometry":{"type":"Polygon","coordinates":[[[99.8591,15.2979],[99.8566,15.2977],[99.8565,15.2971],[99.8551,15.2966],[99.8554,15.2952],[99.8568,15.2955],[99.8568,15.2968],[99.8591,15.2966],[99.8591,15.2979]]]}},{"type":"Feature","properties":{"kind":"flood","area_km2":0.065,"conf":"low","date":"2026-10-09"},"geometry":{"type":"Polygon","coordinates":[[[99.8535,15.9776],[99.8532,15.9765],[99.8526,15.9762],[99.8526,15.9754],[99.8532,15.9743],[99.854,15.9743],[99.8543,15.9754],[99.8552,15.9762],[99.8552,15.9773],[99.8535,15.9776]]]}},{"type":"Feature","properties":{"kind":"flood","area_km2":0.065,"conf":"low","date":"2026-10-09"},"geometry":{"type":"Polygon","coordinates":[[[99.8395,15.9714],[99.8389,15.9706],[99.8378,15.97],[99.8375,15.9679],[99.8383,15.9679],[99.8392,15.9695],[99.84,15.9695],[99.8406,15.9714],[99.8395,15.9714]]]}},{"type":"Feature","properties":{"kind":"flood","area_km2":0.065,"conf":"low","date":"2026-10-09"},"geometry":{"type":"Polygon","coordinates":[[[99.8439,15.9697],[99.8436,15.9686],[99.8428,15.9686],[99.8428,15.9678],[99.8436,15.9676],[99.8442,15.9667],[99.8453,15.9667],[99.8453,15.9676],[99.8459,15.9676],[99.8459,15.9686],[99.8448,15.9686],[99.8448,15.9697],[99.8439,15.9697]]]}},{"type":"Feature","properties":{"kind":"flood","area_km2":0.065,"conf":"high","date":"2026-10-09"},"geometry":{"type":"Polygon","coordinates":[[[99.863,15.968],[99.8621,15.9664],[99.8624,15.9653],[99.8635,15.9653],[99.8649,15.9667],[99.8649,15.9675],[99.8644,15.968],[99.863,15.968]]]}},{"type":"Feature","properties":{"kind":"flood","area_km2":0.065,"conf":"low","date":"2026-10-09"},"geometry":{"type":"Polygon","coordinates":[[[99.8117,15.9674],[99.8117,15.9663],[99.81,15.9661],[99.8103,15.9644],[99.8114,15.9644],[99.8122,15.9655],[99.8128,15.9655],[99.8131,15.9671],[99.8117,15.9674]]]}},{"type":"Feature","properties":{"kind":"flood","area_km2":0.065,"conf":"low","date":"2026-10-09"},"geometry":{"type":"Polygon","coordinates":[[[99.1801,15.0253],[99.1801,15.0237],[99.1793,15.0226],[99.1795,15.0218],[99.1787,15.0218],[99.1779,15.0201],[99.1787,15.0201],[99.1793,15.0212],[99.1801,15.0215],[99.1807,15.0228],[99.1818,15.0228],[99.1818,15.0237],[99.1812,15.0234],[99.1812,15.0242],[99.1801,15.0253]]]}},{"type":"Feature","properties":{"kind":"flood","area_km2":0.065,"conf":"low","date":"2026-10-09"},"geometry":{"type":"Polygon","coordinates":[[[99.9698,15.0013],[99.9695,14.9994],[99.97,14.9989],[99.97,14.9978],[99.9717,14.9978],[99.9717,14.9989],[99.9709,15.0],[99.9709,15.0013],[99.9698,15.0013]]]}},{"type":"Feature","properties":{"kind":"flood","area_km2":0.064,"conf":"low","date":"2026-10-09"},"geometry":{"type":"Polygon","coordinates":[[[99.9298,15.9905],[99.9298,15.99],[99.9278,15.9897],[99.9273,15.9886],[99.9259,15.9884],[99.9259,15.9873],[99.9267,15.9873],[99.9284,15.9886],[99.9298,15.9889],[99.9298,15.9897],[99.9306,15.9897],[99.9306,15.9905],[99.9298,15.9905]]]}},{"type":"Feature","properties":{"kind":"flood","area_km2":0.064,"conf":"high","date":"2026-10-09"},"geometry":{"type":"Polygon","coordinates":[[[99.9692,15.8431],[99.9686,15.8426],[99.9686,15.8415],[99.9695,15.8415],[99.97,15.8404],[99.972,15.8404],[99.972,15.8412],[99.9706,15.842],[99.9706,15.8428],[99.9692,15.8431]]]}},{"type":"Feature","properties":{"kind":"flood","area_km2":0.063,"conf":"low","date":"2026-10-09"},"geometry":{"type":"Polygon","coordinates":[[[99.9534,15.8847],[99.9531,15.8839],[99.952,15.8833],[99.952,15.8825],[99.9548,15.8825],[99.9557,15.8833],[99.9557,15.8841],[99.9543,15.8841],[99.9543,15.8847],[99.9534,15.8847]]]}},{"type":"Feature","properties":{"kind":"flood","area_km2":0.063,"conf":"low","date":"2026-10-09"},"geometry":{"type":"Polygon","coordinates":[[[99.7086,15.7595],[99.707,15.7584],[99.707,15.7573],[99.7103,15.7579],[99.71,15.7595],[99.7086,15.7595]]]}},{"type":"Feature","properties":{"kind":"flood","area_km2":0.062,"conf":"low","date":"2026-10-09"},"geometry":{"type":"Polygon","coordinates":[[[99.7958,15.8368],[99.7938,15.8362],[99.7938,15.8351],[99.7929,15.8351],[99.7929,15.8343],[99.7943,15.8341],[99.7943,15.833],[99.7952,15.833],[99.7952,15.8346],[99.7946,15.8349],[99.7949,15.8357],[99.7957,15.8357],[99.7958,15.8368]]]}},{"type":"Feature","properties":{"kind":"flood","area_km2":0.062,"conf":"low","date":"2026-10-09"},"geometry":{"type":"Polygon","coordinates":[[[99.71,15.7435],[99.7089,15.7427],[99.7091,15.7413],[99.7105,15.7413],[99.7105,15.7424],[99.7111,15.7424],[99.7111,15.7419],[99.7122,15.7419],[99.7122,15.7435],[99.71,15.7435]]]}},{"type":"Feature","properties":{"kind":"flood","area_km2":0.062,"conf":"low","date":"2026-10-09"},"geometry":{"type":"Polygon","coordinates":[[[99.8281,15.7252],[99.8284,15.7238],[99.8278,15.7238],[99.8278,15.7227],[99.8292,15.7225],[99.8295,15.723],[99.83,15.723],[99.8303,15.7246],[99.8298,15.7252],[99.8281,15.7252]]]}},{"type":"Feature","properties":{"kind":"flood","area_km2":0.061,"conf":"high","date":"2026-10-09"},"geometry":{"type":"Polygon","coordinates":[[[99.8665,15.9398],[99.8668,15.9371],[99.8685,15.9368],[99.8688,15.9395],[99.8673,15.9393],[99.8674,15.9398],[99.8665,15.9398]]]}},{"type":"Feature","properties":{"kind":"flood","area_km2":0.061,"conf":"low","date":"2026-10-09"},"geometry":{"type":"Polygon","coordinates":[[[99.8172,15.9362],[99.8172,15.9357],[99.8163,15.9357],[99.8163,15.9343],[99.8174,15.934],[99.8177,15.9346],[99.8186,15.9335],[99.82,15.9335],[99.82,15.9343],[99.8183,15.9351],[99.818,15.9362],[99.8172,15.9362]]]}},{"type":"Feature","properties":{"kind":"flood","area_km2":0.061,"conf":"low","date":"2026-10-09"},"geometry":{"type":"Polygon","coordinates":[[[99.9984,15.9181],[99.9987,15.9159],[99.997,15.9162],[99.997,15.9154],[99.9976,15.9148],[100.0004,15.9143],[100.0004,15.9148],[99.9992,15.9148],[99.9992,15.9162],[100.0004,15.9165],[99.9995,15.917],[99.999,15.9181],[99.9984,15.9181]]]}},{"type":"Feature","properties":{"kind":"flood","area_km2":0.061,"conf":"low","date":"2026-10-09"},"geometry":{"type":"Polygon","coordinates":[[[99.7479,15.8603],[99.7477,15.8594],[99.7462,15.8592],[99.7462,15.8581],[99.7493,15.8578],[99.7491,15.86],[99.7479,15.8603]]]}},{"type":"Feature","properties":{"kind":"flood","area_km2":0.061,"conf":"low","date":"2026-10-09"},"geometry":{"type":"Polygon","coordinates":[[[99.7231,15.4817],[99.7228,15.4777],[99.7233,15.4766],[99.7233,15.4777],[99.7245,15.4779],[99.7239,15.479],[99.7242,15.4798],[99.7247,15.4798],[99.7247,15.4809],[99.7231,15.4817]]]}},{"type":"Feature","properties":{"kind":"flood","area_km2":0.06,"conf":"low","date":"2026-10-09"},"geometry":{"type":"Polygon","coordinates":[[[99.9348,15.9233],[99.9348,15.9224],[99.9359,15.9216],[99.9371,15.9216],[99.9371,15.9208],[99.9382,15.9208],[99.9382,15.9213],[99.9387,15.9216],[99.9387,15.9227],[99.9379,15.9227],[99.9379,15.9222],[99.9371,15.9219],[99.9371,15.9227],[99.9365,15.9232],[99.9348,15.9233]]]}},{"type":"Feature","properties":{"kind":"flood","area_km2":0.06,"conf":"low","date":"2026-10-09"},"geometry":{"type":"Polygon","coordinates":[[[99.9253,15.9225],[99.9247,15.9214],[99.9233,15.9214],[99.9236,15.92],[99.9253,15.92],[99.9261,15.9211],[99.9267,15.9211],[99.9264,15.9225],[99.9253,15.9225]]]}},{"type":"Feature","properties":{"kind":"flood","area_km2":0.06,"conf":"low","date":"2026-10-09"},"geometry":{"type":"Polygon","coordinates":[[[99.9161,15.8818],[99.915,15.8805],[99.915,15.8797],[99.9158,15.8794],[99.9164,15.8786],[99.9172,15.8786],[99.9175,15.8808],[99.9167,15.881],[99.9161,15.8818]]]}},{"type":"Feature","properties":{"kind":"flood","area_km2":0.06,"conf":"low","date":"2026-10-09"},"geometry":{"type":"Polygon","coordinates":[[[99.8742,15.7141],[99.8742,15.7114],[99.8734,15.7114],[99.8734,15.7106],[99.8742,15.7106],[99.8742,15.7112],[99.8762,15.7117],[99.8756,15.7139],[99.8742,15.7141]]]}},{"type":"Feature","properties":{"kind":"flood","area_km2":0.06,"conf":"low","date":"2026-10-09"},"geometry":{"type":"Polygon","coordinates":[[[99.7907,15.6879],[99.7907,15.6857],[99.7912,15.6857],[99.7918,15.6846],[99.7926,15.6846],[99.7927,15.6876],[99.7907,15.6879]]]}},{"type":"Feature","properties":{"kind":"flood","area_km2":0.06,"conf":"low","date":"2026-10-09"},"geometry":{"type":"Polygon","coordinates":[[[99.8591,15.5691],[99.8588,15.5672],[99.8593,15.5669],[99.8602,15.5653],[99.8613,15.5653],[99.861,15.5669],[99.8599,15.5675],[99.8599,15.5691],[99.8591,15.5691]]]}},{"type":"Feature","properties":{"kind":"flood","area_km2":0.059,"conf":"high","date":"2026-10-09"},"geometry":{"type":"Polygon","coordinates":[[[99.9911,15.8465],[99.9896,15.8449],[99.9899,15.8438],[99.9908,15.8438],[99.9927,15.8454],[99.9927,15.8462],[99.9911,15.8465]]]}},{"type":"Feature","properties":{"kind":"flood","area_km2":0.059,"conf":"low","date":"2026-10-09"},"geometry":{"type":"Polygon","coordinates":[[[99.9504,15.8456],[99.9499,15.8437],[99.9504,15.8437],[99.9504,15.8424],[99.9513,15.8424],[99.9518,15.8429],[99.9518,15.8456],[99.9504,15.8456]]]}},{"type":"Feature","properties":{"kind":"flood","area_km2":0.059,"conf":"low","date":"2026-10-09"},"geometry":{"type":"Polygon","coordinates":[[[99.6577,15.8445],[99.6574,15.8437],[99.6571,15.8443],[99.656,15.8443],[99.656,15.8432],[99.6574,15.8426],[99.6577,15.8421],[99.6585,15.8421],[99.6588,15.8445],[99.6577,15.8445]]]}},{"type":"Feature","properties":{"kind":"flood","area_km2":0.059,"conf":"low","date":"2026-10-09"},"geometry":{"type":"Polygon","coordinates":[[[99.9456,15.8402],[99.9459,15.837],[99.9465,15.8364],[99.9473,15.8364],[99.9479,15.8383],[99.9465,15.8389],[99.9465,15.8402],[99.9456,15.8402]]]}},{"type":"Feature","properties":{"kind":"flood","area_km2":0.059,"conf":"low","date":"2026-10-09"},"geometry":{"type":"Polygon","coordinates":[[[99.929,15.7424],[99.9287,15.7419],[99.9278,15.7419],[99.9278,15.741],[99.9287,15.74],[99.9306,15.7399],[99.9309,15.741],[99.9298,15.7416],[99.9298,15.7424],[99.929,15.7424]]]}},{"type":"Feature","properties":{"kind":"flood","area_km2":0.059,"conf":"low","date":"2026-10-09"},"geometry":{"type":"Polygon","coordinates":[[[99.8596,15.628],[99.859,15.6272],[99.8593,15.6253],[99.8604,15.625],[99.8615,15.6258],[99.8615,15.6269],[99.8604,15.6269],[99.8604,15.628],[99.8596,15.628]]]}},{"type":"Feature","properties":{"kind":"flood","area_km2":0.059,"conf":"low","date":"2026-10-09"},"geometry":{"type":"Polygon","coordinates":[[[99.9689,15.0],[99.9664,14.9997],[99.9667,14.9981],[99.9692,14.9978],[99.9689,15.0]]]}},{"type":"Feature","properties":{"kind":"flood","area_km2":0.059,"conf":"low","date":"2026-10-09"},"geometry":{"type":"Polygon","coordinates":[[[99.8155,15.9335],[99.8155,15.933],[99.8149,15.933],[99.8149,15.9321],[99.8157,15.9319],[99.8163,15.9311],[99.8177,15.9311],[99.818,15.9324],[99.8174,15.9324],[99.8163,15.9335],[99.8155,15.9335]]]}},{"type":"Feature","properties":{"kind":"flood","area_km2":0.059,"conf":"low","date":"2026-10-09"},"geometry":{"type":"Polygon","coordinates":[[[99.7238,15.7771],[99.7224,15.7768],[99.7224,15.7757],[99.7233,15.7754],[99.7219,15.7749],[99.7218,15.7736],[99.7227,15.7736],[99.7241,15.7746],[99.7238,15.7771]]]}},{"type":"Feature","properties":{"kind":"flood","area_km2":0.059,"conf":"low","date":"2026-10-09"},"geometry":{"type":"Polygon","coordinates":[[[99.4682,15.694],[99.4682,15.691],[99.4688,15.6904],[99.4688,15.6913],[99.4704,15.6915],[99.4699,15.6934],[99.4693,15.6934],[99.4693,15.694],[99.4682,15.694]]]}},{"type":"Feature","properties":{"kind":"flood","area_km2":0.059,"conf":"low","date":"2026-10-09"},"geometry":{"type":"Polygon","coordinates":[[[99.8634,15.6746],[99.8634,15.6735],[99.8643,15.6735],[99.8651,15.6727],[99.8659,15.6727],[99.8659,15.6732],[99.8676,15.6732],[99.8676,15.674],[99.8657,15.6743],[99.8654,15.6735],[99.8654,15.6746],[99.8634,15.6746]]]}},{"type":"Feature","properties":{"kind":"flood","area_km2":0.059,"conf":"low","date":"2026-10-09"},"geometry":{"type":"Polygon","coordinates":[[[99.8344,15.2869],[99.8336,15.2858],[99.8336,15.285],[99.8361,15.2847],[99.8364,15.2866],[99.8344,15.2869]]]}},{"type":"Feature","properties":{"kind":"flood","area_km2":0.059,"conf":"low","date":"2026-10-09"},"geometry":{"type":"Polygon","coordinates":[[[99.9751,15.2611],[99.9751,15.2606],[99.9746,15.2603],[99.9748,15.2589],[99.9776,15.2595],[99.9776,15.2605],[99.9751,15.2611]]]}},{"type":"Feature","properties":{"kind":"flood","area_km2":0.058,"conf":"low","date":"2026-10-09"},"geometry":{"type":"Polygon","coordinates":[[[99.9901,15.9997],[99.9904,15.9973],[99.991,15.9968],[99.991,15.9976],[99.9915,15.9976],[99.9915,15.9981],[99.9926,15.9981],[99.9929,15.9997],[99.9901,15.9997]]]}},{"type":"Feature","properties":{"kind":"flood","area_km2":0.058,"conf":"low","date":"2026-10-09"},"geometry":{"type":"Polygon","coordinates":[[[99.9909,15.9957],[99.9907,15.9941],[99.9893,15.9941],[99.9901,15.9919],[99.9915,15.9922],[99.9915,15.9957],[99.9909,15.9957]]]}},{"type":"Feature","properties":{"kind":"flood","area_km2":0.058,"conf":"low","date":"2026-10-09"},"geometry":{"type":"Polygon","coordinates":[[[99.8148,15.9164],[99.8148,15.9156],[99.8137,15.9151],[99.8137,15.914],[99.8143,15.914],[99.8148,15.9129],[99.8157,15.9129],[99.8157,15.9142],[99.8146,15.9145],[99.8157,15.9145],[99.816,15.9159],[99.8157,15.9164],[99.8148,15.9164]]]}},{"type":"Feature","properties":{"kind":"flood","area_km2":0.058,"conf":"low","date":"2026-10-09"},"geometry":{"type":"Polygon","coordinates":[[[99.7995,15.7844],[99.7997,15.7825],[99.7978,15.7825],[99.7975,15.7814],[99.8,15.7817],[99.8,15.7822],[99.8009,15.7822],[99.8009,15.7841],[99.7995,15.7844]]]}},{"type":"Feature","properties":{"kind":"flood","area_km2":0.058,"conf":"low","date":"2026-10-09"},"geometry":{"type":"Polygon","coordinates":[[[99.9239,15.4379],[99.9237,15.4371],[99.9225,15.4373],[99.9225,15.4365],[99.9253,15.4357],[99.9253,15.4368],[99.9259,15.4368],[99.9259,15.4376],[99.9239,15.4379]]]}},{"type":"Feature","properties":{"kind":"flood","area_km2":0.058,"conf":"low","date":"2026-10-09"},"geometry":{"type":"Polygon","coordinates":[[[99.9619,15.2972],[99.9619,15.2937],[99.9633,15.2937],[99.9633,15.2972],[99.9619,15.2972]]]}},{"type":"Feature","properties":{"kind":"flood","area_km2":0.057,"conf":"low","date":"2026-10-09"},"geometry":{"type":"Polygon","coordinates":[[[99.9273,15.9919],[99.9256,15.9911],[99.9256,15.9895],[99.9267,15.9895],[99.927,15.99],[99.9284,15.9905],[99.9284,15.9919],[99.9273,15.9919]]]}},{"type":"Feature","properties":{"kind":"flood","area_km2":0.057,"conf":"low","date":"2026-10-09"},"geometry":{"type":"Polygon","coordinates":[[[99.9822,15.983],[99.9822,15.9811],[99.9847,15.9813],[99.9847,15.983],[99.9822,15.983]]]}},{"type":"Feature","properties":{"kind":"flood","area_km2":0.057,"conf":"low","date":"2026-10-09"},"geometry":{"type":"Polygon","coordinates":[[[99.9234,15.7584],[99.9229,15.7568],[99.9234,15.7563],[99.9254,15.756],[99.9254,15.7581],[99.9243,15.7579],[99.9243,15.7584],[99.9234,15.7584]]]}},{"type":"Feature","properties":{"kind":"flood","area_km2":0.057,"conf":"low","date":"2026-10-09"},"geometry":{"type":"Polygon","coordinates":[[[99.8128,15.6791],[99.8122,15.6786],[99.8125,15.6775],[99.8156,15.6775],[99.8153,15.6786],[99.8142,15.6791],[99.8128,15.6791]]]}},{"type":"Feature","properties":{"kind":"flood","area_km2":0.057,"conf":"low","date":"2026-10-09"},"geometry":{"type":"Polygon","coordinates":[[[99.8519,15.596],[99.8522,15.5949],[99.8533,15.5949],[99.8533,15.5944],[99.8527,15.5941],[99.8527,15.5927],[99.8541,15.5927],[99.8541,15.5952],[99.8536,15.5952],[99.8533,15.596],[99.8519,15.596]]]}},{"type":"Feature","properties":{"kind":"flood","area_km2":0.057,"conf":"low","date":"2026-10-09"},"geometry":{"type":"Polygon","coordinates":[[[99.9547,15.4947],[99.9541,15.4939],[99.9541,15.4928],[99.9561,15.4925],[99.9566,15.4931],[99.9566,15.4944],[99.9547,15.4947]]]}},{"type":"Feature","properties":{"kind":"flood","area_km2":0.057,"conf":"low","date":"2026-10-09"},"geometry":{"type":"Polygon","coordinates":[[[99.9387,15.4834],[99.9387,15.482],[99.9378,15.482],[99.9367,15.4815],[99.9362,15.4807],[99.9353,15.4807],[99.9353,15.4785],[99.9362,15.4785],[99.9359,15.4804],[99.9384,15.4807],[99.9387,15.4796],[99.939,15.4812],[99.9387,15.4834]]]}},{"type":"Feature","properties":{"kind":"flood","area_km2":0.057,"conf":"low","date":"2026-10-09"},"geometry":{"type":"Polygon","coordinates":[[[99.9158,15.2364],[99.9158,15.235],[99.9147,15.2351],[99.9147,15.2342],[99.9158,15.2337],[99.9172,15.2337],[99.9175,15.2353],[99.9166,15.2356],[99.9166,15.2364],[99.9158,15.2364]]]}},{"type":"Feature","properties":{"kind":"flood","area_km2":0.057,"conf":"low","date":"2026-10-09"},"geometry":{"type":"Polygon","coordinates":[[[99.7941,15.0405],[99.7938,15.04],[99.795,15.04],[99.795,15.0389],[99.7963,15.0389],[99.798,15.0397],[99.798,15.0405],[99.7941,15.0405]]]}},{"type":"Feature","properties":{"kind":"flood","area_km2":0.056,"conf":"low","date":"2026-10-09"},"geometry":{"type":"Polygon","coordinates":[[[99.8284,15.95],[99.8273,15.9492],[99.8273,15.9484],[99.8304,15.9481],[99.8304,15.9494],[99.8284,15.95]]]}},{"type":"Feature","properties":{"kind":"flood","area_km2":0.056,"conf":"low","date":"2026-10-09"},"geometry":{"type":"Polygon","coordinates":[[[99.9918,15.8189],[99.9923,15.8167],[99.9948,15.817],[99.9946,15.8183],[99.9918,15.8189]]]}},{"type":"Feature","properties":{"kind":"flood","area_km2":0.056,"conf":"low","date":"2026-10-09"},"geometry":{"type":"Polygon","coordinates":[[[99.6994,15.7511],[99.6988,15.7484],[99.7002,15.7484],[99.701,15.7498],[99.701,15.7508],[99.6994,15.7511]]]}},{"type":"Feature","properties":{"kind":"flood","area_km2":0.055,"conf":"low","date":"2026-10-09"},"geometry":{"type":"Polygon","coordinates":[[[99.9681,15.96],[99.9672,15.9592],[99.9672,15.9581],[99.9675,15.9575],[99.9689,15.9575],[99.9689,15.9581],[99.9697,15.9586],[99.9697,15.9594],[99.9692,15.96],[99.9681,15.96]]]}},{"type":"Feature","properties":{"kind":"flood","area_km2":0.055,"conf":"low","date":"2026-10-09"},"geometry":{"type":"Polygon","coordinates":[[[99.7405,15.8234],[99.7408,15.8207],[99.7425,15.8204],[99.7422,15.8226],[99.7414,15.8234],[99.7405,15.8234]]]}},{"type":"Feature","properties":{"kind":"flood","area_km2":0.055,"conf":"low","date":"2026-10-09"},"geometry":{"type":"Polygon","coordinates":[[[99.8206,15.7361],[99.8203,15.7342],[99.8208,15.7339],[99.8208,15.7331],[99.8222,15.7331],[99.822,15.736],[99.8206,15.7361]]]}},{"type":"Feature","properties":{"kind":"flood","area_km2":0.055,"conf":"low","date":"2026-10-09"},"geometry":{"type":"Polygon","coordinates":[[[99.8561,15.7281],[99.8561,15.7267],[99.8555,15.7267],[99.8555,15.7248],[99.8566,15.7248],[99.8566,15.7259],[99.8575,15.7267],[99.8575,15.728],[99.8561,15.7281]]]}},{"type":"Feature","properties":{"kind":"flood","area_km2":0.055,"conf":"low","date":"2026-10-09"},"geometry":{"type":"Polygon","coordinates":[[[99.9403,15.4758],[99.9401,15.475],[99.9392,15.4747],[99.9395,15.4728],[99.9406,15.4728],[99.9412,15.4739],[99.9415,15.4758],[99.9403,15.4758]]]}},{"type":"Feature","properties":{"kind":"flood","area_km2":0.055,"conf":"low","date":"2026-10-09"},"geometry":{"type":"Polygon","coordinates":[[[99.9165,15.2085],[99.9162,15.2074],[99.9151,15.2071],[99.9151,15.2063],[99.9157,15.206],[99.9176,15.2063],[99.9179,15.2085],[99.9165,15.2085]]]}},{"type":"Feature","properties":{"kind":"flood","area_km2":0.054,"conf":"low","date":"2026-10-09"},"geometry":{"type":"Polygon","coordinates":[[[99.8244,15.9891],[99.8238,15.9882],[99.8227,15.9877],[99.8227,15.9864],[99.8235,15.9864],[99.8244,15.9874],[99.8249,15.9874],[99.8258,15.9882],[99.8258,15.9891],[99.8244,15.9891]]]}},{"type":"Feature","properties":{"kind":"flood","area_km2":0.054,"conf":"low","date":"2026-10-09"},"geometry":{"type":"Polygon","coordinates":[[[99.9096,15.7902],[99.9096,15.7889],[99.9101,15.7886],[99.9101,15.7878],[99.9124,15.788],[99.9121,15.7894],[99.9107,15.7891],[99.911,15.7902],[99.9096,15.7902]]]}},{"type":"Feature","properties":{"kind":"flood","area_km2":0.054,"conf":"low","date":"2026-10-09"},"geometry":{"type":"Polygon","coordinates":[[[99.7272,15.783],[99.7252,15.7828],[99.7252,15.7806],[99.7275,15.7809],[99.7275,15.7825],[99.7272,15.783]]]}},{"type":"Feature","properties":{"kind":"flood","area_km2":0.054,"conf":"low","date":"2026-10-09"},"geometry":{"type":"Polygon","coordinates":[[[99.9427,15.7524],[99.9427,15.7513],[99.9441,15.7513],[99.943,15.751],[99.9427,15.7499],[99.9441,15.7497],[99.9444,15.7507],[99.9452,15.751],[99.9452,15.7518],[99.9427,15.7524]]]}},{"type":"Feature","properties":{"kind":"flood","area_km2":0.054,"conf":"low","date":"2026-10-09"},"geometry":{"type":"Polygon","coordinates":[[[99.7517,15.7352],[99.7511,15.7347],[99.7511,15.7339],[99.7519,15.7336],[99.7519,15.7328],[99.7536,15.733],[99.7539,15.7344],[99.7528,15.7347],[99.7525,15.7352],[99.7517,15.7352]]]}},{"type":"Feature","properties":{"kind":"flood","area_km2":0.054,"conf":"low","date":"2026-10-09"},"geometry":{"type":"Polygon","coordinates":[[[99.9607,15.5256],[99.9604,15.5245],[99.9613,15.5242],[99.9613,15.5237],[99.9618,15.5237],[99.9618,15.5229],[99.9612,15.5229],[99.9612,15.5218],[99.9624,15.5218],[99.9626,15.5237],[99.9621,15.5237],[99.9621,15.5256],[99.9607,15.5256]]]}},{"type":"Feature","properties":{"kind":"flood","area_km2":0.054,"conf":"low","date":"2026-10-09"},"geometry":{"type":"Polygon","coordinates":[[[99.9245,15.5049],[99.924,15.5046],[99.9237,15.5032],[99.9245,15.5035],[99.9248,15.5046],[99.9256,15.5043],[99.9262,15.5032],[99.9256,15.5024],[99.9245,15.5021],[99.9273,15.5019],[99.9273,15.5029],[99.9268,15.5032],[99.9268,15.5038],[99.9259,15.5046],[99.9245,15.5049]]]}},{"type":"Feature","properties":{"kind":"flood","area_km2":0.054,"conf":"low","date":"2026-10-09"},"geometry":{"type":"Polygon","coordinates":[[[99.9761,15.2294],[99.9761,15.2283],[99.9744,15.228],[99.9744,15.2272],[99.9753,15.2264],[99.9761,15.2264],[99.9761,15.2275],[99.9772,15.2275],[99.9772,15.2294],[99.9761,15.2294]]]}},{"type":"Feature","properties":{"kind":"flood","area_km2":0.054,"conf":"low","date":"2026-10-09"},"geometry":{"type":"Polygon","coordinates":[[[99.983,15.0392],[99.983,15.0381],[99.9842,15.0376],[99.9855,15.0376],[99.9867,15.0381],[99.9867,15.0389],[99.9856,15.0387],[99.985,15.0392],[99.983,15.0392]]]}},{"type":"Feature","properties":{"kind":"flood","area_km2":0.053,"conf":"low","date":"2026-10-09"},"geometry":{"type":"Polygon","coordinates":[[[99.904,15.9933],[99.904,15.9925],[99.9032,15.9925],[99.9032,15.9906],[99.9049,15.9901],[99.9049,15.9933],[99.904,15.9933]]]}},{"type":"Feature","properties":{"kind":"flood","area_km2":0.053,"conf":"low","date":"2026-10-09"},"geometry":{"type":"Polygon","coordinates":[[[99.9222,15.9903],[99.9222,15.9897],[99.9211,15.9892],[99.9211,15.9881],[99.9219,15.9881],[99.9219,15.9873],[99.9228,15.9873],[99.9228,15.9884],[99.9233,15.9884],[99.9234,15.99],[99.9222,15.9903]]]}},{"type":"Feature","properties":{"kind":"flood","area_km2":0.053,"conf":"low","date":"2026-10-09"},"geometry":{"type":"Polygon","coordinates":[[[99.8969,15.9581],[99.8966,15.9573],[99.8949,15.9565],[99.8949,15.9557],[99.8954,15.9557],[99.8957,15.9551],[99.8966,15.9551],[99.8966,15.956],[99.8971,15.9562],[99.8971,15.9568],[99.8977,15.9568],[99.8977,15.9581],[99.8969,15.9581]]]}},{"type":"Feature","properties":{"kind":"flood","area_km2":0.053,"conf":"low","date":"2026-10-09"},"geometry":{"type":"Polygon","coordinates":[[[99.898,15.9023],[99.898,15.8993],[99.8991,15.8993],[99.8994,15.9023],[99.898,15.9023]]]}},{"type":"Feature","properties":{"kind":"flood","area_km2":0.053,"conf":"low","date":"2026-10-09"},"geometry":{"type":"Polygon","coordinates":[[[99.9769,15.8816],[99.9758,15.8808],[99.9758,15.8797],[99.9775,15.8791],[99.9783,15.8797],[99.9783,15.8808],[99.9778,15.881],[99.9778,15.8816],[99.9769,15.8816]]]}},{"type":"Feature","properties":{"kind":"flood","area_km2":0.053,"conf":"low","date":"2026-10-09"},"geometry":{"type":"Polygon","coordinates":[[[99.5758,15.816],[99.5758,15.8147],[99.5766,15.8147],[99.5777,15.8136],[99.5786,15.8136],[99.5783,15.8155],[99.5758,15.816]]]}},{"type":"Feature","properties":{"kind":"flood","area_km2":0.053,"conf":"low","date":"2026-10-09"},"geometry":{"type":"Polygon","coordinates":[[[99.7105,15.6486],[99.7102,15.6469],[99.7113,15.6464],[99.7127,15.6464],[99.713,15.648],[99.7105,15.6486]]]}},{"type":"Feature","properties":{"kind":"flood","area_km2":0.053,"conf":"low","date":"2026-10-09"},"geometry":{"type":"Polygon","coordinates":[[[99.84,15.5638],[99.8375,15.5638],[99.8372,15.5627],[99.8383,15.563],[99.8386,15.5613],[99.8394,15.5613],[99.84,15.5638]]]}},{"type":"Feature","properties":{"kind":"flood","area_km2":0.052,"conf":"low","date":"2026-10-09"},"geometry":{"type":"Polygon","coordinates":[[[99.934,15.9856],[99.9329,15.9851],[99.9329,15.9843],[99.932,15.9843],[99.932,15.9832],[99.9343,15.9835],[99.934,15.9845],[99.9354,15.9848],[99.9354,15.9856],[99.934,15.9856]]]}},{"type":"Feature","properties":{"kind":"flood","area_km2":0.052,"conf":"low","date":"2026-10-09"},"geometry":{"type":"Polygon","coordinates":[[[99.7968,15.9593],[99.796,15.9585],[99.7962,15.9569],[99.7971,15.9569],[99.7985,15.958],[99.7985,15.9588],[99.7968,15.9593]]]}},{"type":"Feature","properties":{"kind":"flood","area_km2":0.052,"conf":"low","date":"2026-10-09"},"geometry":{"type":"Polygon","coordinates":[[[99.8829,15.8961],[99.8826,15.895],[99.8814,15.8942],[99.8814,15.8931],[99.8828,15.8931],[99.8837,15.8939],[99.8837,15.8961],[99.8829,15.8961]]]}},{"type":"Feature","properties":{"kind":"flood","area_km2":0.052,"conf":"low","date":"2026-10-09"},"geometry":{"type":"Polygon","coordinates":[[[99.9516,15.8022],[99.9494,15.8022],[99.9497,15.8006],[99.9519,15.8006],[99.9516,15.8022]]]}},{"type":"Feature","properties":{"kind":"flood","area_km2":0.052,"conf":"low","date":"2026-10-09"},"geometry":{"type":"Polygon","coordinates":[[[99.9982,15.59],[99.9985,15.5883],[99.9979,15.5878],[99.9965,15.5878],[99.9965,15.5873],[99.9976,15.5867],[99.9988,15.5867],[99.9993,15.5872],[99.9993,15.5897],[99.9982,15.59]]]}},{"type":"Feature","properties":{"kind":"flood","area_km2":0.052,"conf":"low","date":"2026-10-09"},"geometry":{"type":"Polygon","coordinates":[[[99.8845,15.5582],[99.8825,15.5582],[99.8819,15.5557],[99.8831,15.5557],[99.8834,15.5565],[99.8845,15.5571],[99.8845,15.5582]]]}},{"type":"Feature","properties":{"kind":"flood","area_km2":0.052,"conf":"low","date":"2026-10-09"},"geometry":{"type":"Polygon","coordinates":[[[99.7814,15.4504],[99.7811,15.4482],[99.7822,15.4479],[99.7831,15.4487],[99.7834,15.4501],[99.7814,15.4504]]]}},{"type":"Feature","properties":{"kind":"flood","area_km2":0.052,"conf":"low","date":"2026-10-09"},"geometry":{"type":"Polygon","coordinates":[[[99.9933,15.2629],[99.9908,15.2627],[99.9913,15.261],[99.9936,15.2613],[99.9933,15.2629]]]}},{"type":"Feature","properties":{"kind":"flood","area_km2":0.051,"conf":"low","date":"2026-10-09"},"geometry":{"type":"Polygon","coordinates":[[[99.8115,15.9322],[99.8115,15.9313],[99.8127,15.9313],[99.8127,15.9305],[99.8118,15.9305],[99.8118,15.9294],[99.8138,15.9297],[99.8135,15.9319],[99.8115,15.9322]]]}},{"type":"Feature","properties":{"kind":"flood","area_km2":0.051,"conf":"low","date":"2026-10-09"},"geometry":{"type":"Polygon","coordinates":[[[99.9877,15.6798],[99.9877,15.6779],[99.9888,15.6779],[99.9888,15.677],[99.9902,15.677],[99.9902,15.6779],[99.9894,15.6784],[99.9894,15.6795],[99.9877,15.6798]]]}},{"type":"Feature","properties":{"kind":"flood","area_km2":0.051,"conf":"low","date":"2026-10-09"},"geometry":{"type":"Polygon","coordinates":[[[99.8634,15.6041],[99.8631,15.603],[99.862,15.603],[99.862,15.6019],[99.8648,15.6019],[99.8645,15.6038],[99.8634,15.6041]]]}},{"type":"Feature","properties":{"kind":"flood","area_km2":0.051,"conf":"low","date":"2026-10-09"},"geometry":{"type":"Polygon","coordinates":[[[99.856,15.571],[99.856,15.5702],[99.8552,15.5702],[99.8551,15.5694],[99.856,15.5694],[99.856,15.5683],[99.8568,15.5683],[99.8577,15.5708],[99.856,15.571]]]}},{"type":"Feature","properties":{"kind":"flood","area_km2":0.051,"conf":"low","date":"2026-10-09"},"geometry":{"type":"Polygon","coordinates":[[[99.4359,15.524],[99.4354,15.5232],[99.4348,15.5232],[99.4348,15.5224],[99.4359,15.5232],[99.4396,15.5229],[99.4401,15.5226],[99.4401,15.5221],[99.4407,15.5221],[99.4407,15.5215],[99.4412,15.5215],[99.4412,15.5229],[99.4404,15.5229],[99.4396,15.5237],[99.4368,15.5232],[99.4359,15.524]]]}},{"type":"Feature","properties":{"kind":"flood","area_km2":0.05,"conf":"low","date":"2026-10-09"},"geometry":{"type":"Polygon","coordinates":[[[99.8315,15.9364],[99.8315,15.9356],[99.832,15.9356],[99.832,15.9351],[99.8309,15.9351],[99.8309,15.9343],[99.8314,15.9334],[99.8323,15.9334],[99.8331,15.9359],[99.8315,15.9364]]]}},{"type":"Feature","properties":{"kind":"flood","area_km2":0.05,"conf":"low","date":"2026-10-09"},"geometry":{"type":"Polygon","coordinates":[[[99.8636,15.917],[99.8633,15.9165],[99.8622,15.9162],[99.8622,15.9151],[99.863,15.9146],[99.8639,15.9146],[99.8639,15.9154],[99.8647,15.9157],[99.8647,15.917],[99.8636,15.917]]]}},{"type":"Feature","properties":{"kind":"flood","area_km2":0.05,"conf":"low","date":"2026-10-09"},"geometry":{"type":"Polygon","coordinates":[[[99.854,15.7696],[99.8543,15.7677],[99.8551,15.7676],[99.8554,15.7668],[99.8568,15.7671],[99.8568,15.7679],[99.856,15.7687],[99.8551,15.7687],[99.8551,15.7695],[99.854,15.7696]]]}},{"type":"Feature","properties":{"kind":"flood","area_km2":0.05,"conf":"low","date":"2026-10-09"},"geometry":{"type":"Polygon","coordinates":[[[99.6944,15.6888],[99.6938,15.6877],[99.6927,15.6869],[99.6927,15.6863],[99.6933,15.6866],[99.6938,15.6858],[99.6947,15.6858],[99.6947,15.6869],[99.6952,15.6874],[99.6952,15.6888],[99.6944,15.6888]]]}},{"type":"Feature","properties":{"kind":"flood","area_km2":0.05,"conf":"low","date":"2026-10-09"},"geometry":{"type":"Polygon","coordinates":[[[99.8577,15.6377],[99.8577,15.6369],[99.8582,15.6366],[99.8585,15.6356],[99.8593,15.6356],[99.8602,15.6364],[99.8602,15.6377],[99.8577,15.6377]]]}},{"type":"Feature","properties":{"kind":"seasonal","area_km2":9.206,"date":"2026-10-09"},"geometry":{"type":"Polygon","coordinates":[[[99.4817,15.7118],[99.4817,15.7108],[99.4806,15.7102],[99.4806,15.7094],[99.4797,15.7094],[99.4797,15.708],[99.4792,15.708],[99.4792,15.7067],[99.4803,15.7067],[99.4797,15.7061],[99.4791,15.7032],[99.4758,15.7037],[99.4758,15.7026],[99.4766,15.7018],[99.4766,15.7013],[99.4772,15.7007],[99.4783,15.7007],[99.4791,15.6999],[99.4775,15.6994],[99.4772,15.6969],[99.4789,15.6969],[99.48,15.6964],[99.4814,15.6945],[99.4811,15.6934],[99.478,15.6931],[99.478,15.6872],[99.4785,15.6872],[99.4797,15.6861],[99.4802,15.6834],[99.4799,15.6842],[99.4785,15.6845],[99.4783,15.6853],[99.4752,15.6855],[99.4752,15.6872],[99.4738,15.6872],[99.473,15.688],[99.473,15.6885],[99.4713,15.6891],[99.4704,15.6902],[99.4704,15.6913],[99.4688,15.6913],[99.469,15.6894],[99.4662,15.6888],[99.4657,15.6883],[99.4657,15.6867],[99.4679,15.6866],[99.4687,15.6858],[99.4687,15.6842],[99.4668,15.685],[99.4665,15.6856],[99.4634,15.6853],[99.4634,15.6834],[99.4626,15.6834],[99.4626,15.682],[99.4631,15.682],[99.4631,15.6793],[99.4626,15.6793],[99.4617,15.6783],[99.4575,15.6783],[99.4572,15.6774],[99.4558,15.6775],[99.4553,15.6766],[99.455,15.6739],[99.4575,15.6739],[99.4592,15.6734],[99.4595,15.6742],[99.464,15.6742],[99.4637,15.6731],[99.4614,15.6734],[99.4617,15.6723],[99.4612,15.6693],[99.4628,15.6696],[99.4637,15.6693],[99.4639,15.6685],[99.4659,15.6685],[99.4667,15.669],[99.4673,15.6666],[99.4704,15.6666],[99.4715,15.6682],[99.4749,15.6687],[99.4768,15.6712],[99.478,15.6714],[99.4791,15.6712],[99.4788,15.6704],[99.4777,15.6693],[99.4754,15.6687],[99.4754,15.6668],[99.4763,15.6663],[99.4774,15.6666],[99.4777,15.666],[99.4791,15.666],[99.4796,15.6671],[99.4833,15.6706],[99.4833,15.6712],[99.4858,15.6733],[99.4866,15.6749],[99.4872,15.6749],[99.4872,15.6755],[99.4908,15.679],[99.492,15.6809],[99.4934,15.682],[99.4934,15.6833],[99.4925,15.6858],[99.4909,15.6874],[99.4906,15.6901],[99.4912,15.6904],[99.492,15.692],[99.4917,15.6947],[99.4926,15.6947],[99.4926,15.6958],[99.492,15.6961],[99.4937,15.6966],[99.494,15.6977],[99.4945,15.698],[99.4945,15.7004],[99.4926,15.7004],[99.4903,15.6993],[99.4875,15.6991],[99.4864,15.701],[99.4864,15.7042],[99.4856,15.7053],[99.485,15.7086],[99.4845,15.7086],[99.4842,15.7102],[99.4831,15.7113],[99.4831,15.7118],[99.4817,15.7118]],[[99.4698,15.6769],[99.4704,15.6766],[99.4701,15.6761],[99.4696,15.6761],[99.4698,15.6769]],[[99.4659,15.6709],[99.4662,15.6712],[99.4662,15.6709],[99.4659,15.6709]],[[99.4682,15.6712],[99.4693,15.6709],[99.4684,15.6698],[99.4676,15.6698],[99.4676,15.6706],[99.4682,15.6712]]]}},{"type":"Feature","properties":{"kind":"seasonal","area_km2":4.538,"date":"2026-10-09"},"geometry":{"type":"Polygon","coordinates":[[[99.7682,15.052],[99.7679,15.0514],[99.7674,15.0514],[99.7674,15.0506],[99.7679,15.0506],[99.7696,15.049],[99.771,15.049],[99.7713,15.0466],[99.7704,15.046],[99.7704,15.0449],[99.7718,15.0447],[99.7712,15.0447],[99.7707,15.0436],[99.771,15.0428],[99.7718,15.0428],[99.7718,15.0414],[99.7721,15.0409],[99.7726,15.0409],[99.7729,15.04],[99.7721,15.0398],[99.7721,15.0387],[99.7701,15.0382],[99.7682,15.0384],[99.7676,15.0379],[99.7673,15.0357],[99.7693,15.0352],[99.7676,15.0352],[99.767,15.0344],[99.767,15.0298],[99.7684,15.0297],[99.7692,15.0306],[99.7712,15.0308],[99.7712,15.0295],[99.774,15.0295],[99.7748,15.0289],[99.7748,15.0284],[99.7757,15.0284],[99.7779,15.0294],[99.7787,15.0294],[99.7798,15.0303],[99.781,15.0302],[99.7812,15.0308],[99.7821,15.0308],[99.7826,15.0313],[99.7838,15.0313],[99.7854,15.0324],[99.7871,15.0327],[99.7882,15.0335],[99.7893,15.0335],[99.7896,15.034],[99.7905,15.034],[99.791,15.0346],[99.7919,15.0346],[99.7924,15.0359],[99.7919,15.037],[99.7924,15.0373],[99.7916,15.0375],[99.793,15.0378],[99.793,15.0383],[99.7936,15.0383],[99.7936,15.0397],[99.7891,15.0403],[99.7883,15.0422],[99.788,15.0468],[99.7866,15.047],[99.7866,15.0487],[99.7861,15.0487],[99.7858,15.0495],[99.7849,15.0495],[99.7847,15.0481],[99.7847,15.05],[99.783,15.0503],[99.783,15.0484],[99.7841,15.0481],[99.7841,15.0471],[99.7835,15.0465],[99.783,15.0481],[99.7813,15.0481],[99.781,15.049],[99.7796,15.049],[99.7794,15.0482],[99.7768,15.0479],[99.7766,15.0484],[99.7754,15.0484],[99.7771,15.0501],[99.7774,15.052],[99.7682,15.052]],[[99.7741,15.0476],[99.7749,15.0476],[99.7749,15.0468],[99.7735,15.0468],[99.7741,15.0476]],[[99.7774,15.0468],[99.7782,15.0468],[99.778,15.0457],[99.7774,15.0457],[99.7774,15.0468]],[[99.7869,15.0462],[99.7872,15.0465],[99.7872,15.0462],[99.7869,15.0462]],[[99.7732,15.0455],[99.7738,15.0452],[99.7738,15.0444],[99.7746,15.0441],[99.774,15.0438],[99.774,15.0425],[99.7729,15.0428],[99.7732,15.0455]],[[99.774,15.0419],[99.7743,15.0425],[99.7743,15.0419],[99.774,15.0419]],[[99.7737,15.04],[99.774,15.0403],[99.774,15.04],[99.7737,15.04]],[[99.7899,15.0394],[99.7902,15.0397],[99.7902,15.0394],[99.7899,15.0394]],[[99.7905,15.0394],[99.7908,15.0397],[99.7908,15.0394],[99.7905,15.0394]],[[99.7765,15.0362],[99.7771,15.0373],[99.7776,15.036],[99.7765,15.0362]],[[99.7709,15.0365],[99.7712,15.0368],[99.7712,15.0365],[99.7709,15.0365]],[[99.7782,15.0349],[99.7787,15.0343],[99.7785,15.0324],[99.7779,15.0324],[99.7771,15.0338],[99.7771,15.0346],[99.7782,15.0349]],[[99.772,15.0319],[99.7732,15.0319],[99.7734,15.0314],[99.7732,15.0314],[99.7729,15.0308],[99.7715,15.0308],[99.772,15.0319]],[[99.7692,15.0314],[99.7695,15.0316],[99.7695,15.0314],[99.7692,15.0314]],[[99.7732,15.0308],[99.7734,15.0311],[99.7734,15.0308],[99.7732,15.0308]]]}},{"type":"Feature","properties":{"kind":"seasonal","area_km2":3.574,"date":"2026-10-09"},"geometry":{"type":"Polygon","coordinates":[[[99.4167,15.5715],[99.4167,15.5707],[99.4162,15.5707],[99.4159,15.5701],[99.4145,15.5701],[99.4145,15.5688],[99.4164,15.5685],[99.4176,15.5696],[99.4187,15.5693],[99.4192,15.5685],[99.4201,15.5682],[99.4201,15.5677],[99.4192,15.5677],[99.4192,15.5661],[99.4198,15.5661],[99.4195,15.5644],[99.4209,15.5644],[99.4217,15.5636],[99.4217,15.5628],[99.4203,15.5628],[99.4203,15.5633],[99.4187,15.5633],[99.4181,15.5628],[99.4167,15.5625],[99.417,15.5604],[99.4178,15.5598],[99.4175,15.5571],[99.4178,15.5566],[99.4195,15.5563],[99.42,15.5552],[99.4198,15.5547],[99.4178,15.5547],[99.4178,15.5536],[99.4184,15.5536],[99.4186,15.5528],[99.422,15.5522],[99.4223,15.5509],[99.4231,15.5506],[99.4231,15.55],[99.4242,15.5498],[99.4251,15.549],[99.4251,15.5481],[99.4256,15.5481],[99.4256,15.5476],[99.4276,15.5476],[99.4281,15.5471],[99.4276,15.5452],[99.4256,15.5452],[99.4253,15.5457],[99.4239,15.5457],[99.4239,15.5452],[99.4228,15.5449],[99.422,15.5457],[99.4209,15.5457],[99.4211,15.5419],[99.4245,15.5419],[99.4253,15.5411],[99.4253,15.5403],[99.4242,15.5395],[99.4242,15.5381],[99.4276,15.5386],[99.4281,15.5376],[99.429,15.537],[99.429,15.5365],[99.4278,15.5354],[99.427,15.5354],[99.4256,15.5343],[99.4253,15.5313],[99.425,15.5308],[99.4245,15.5308],[99.4234,15.5286],[99.42,15.5286],[99.4197,15.5256],[99.4214,15.5256],[99.4219,15.5251],[99.4233,15.5254],[99.4233,15.5237],[99.4225,15.5237],[99.4225,15.5227],[99.4239,15.5221],[99.4239,15.5216],[99.4245,15.5216],[99.4245,15.521],[99.425,15.5208],[99.425,15.5202],[99.4242,15.5199],[99.4242,15.5183],[99.4258,15.5183],[99.4264,15.5189],[99.4267,15.5207],[99.4264,15.5237],[99.4284,15.5248],[99.4309,15.5297],[99.4331,15.53],[99.4334,15.5294],[99.434,15.5294],[99.434,15.5272],[99.4331,15.527],[99.4331,15.5264],[99.432,15.5256],[99.432,15.5248],[99.4315,15.5245],[99.4315,15.5229],[99.4334,15.5224],[99.432,15.5218],[99.4323,15.5199],[99.4337,15.5202],[99.434,15.5218],[99.4345,15.5218],[99.4348,15.5232],[99.4354,15.5232],[99.4359,15.524],[99.4368,15.5232],[99.4382,15.5232],[99.4387,15.5237],[99.4398,15.5237],[99.4401,15.5232],[99.4424,15.5232],[99.4426,15.5221],[99.4418,15.5221],[99.4412,15.5226],[99.4412,15.5215],[99.4407,15.5215],[99.4401,15.5199],[99.4415,15.5199],[99.4418,15.5213],[99.4426,15.5213],[99.4426,15.5218],[99.4452,15.5213],[99.4452,15.5226],[99.4438,15.524],[99.4449,15.5242],[99.4449,15.5264],[99.4466,15.528],[99.4466,15.5299],[99.446,15.5302],[99.446,15.5316],[99.4469,15.5321],[99.4469,15.5332],[99.446,15.5335],[99.4449,15.5335],[99.4446,15.5326],[99.4449,15.5305],[99.4457,15.5305],[99.4455,15.5297],[99.446,15.5294],[99.446,15.5288],[99.4449,15.5291],[99.4449,15.5278],[99.444,15.5272],[99.444,15.5259],[99.4429,15.5256],[99.4429,15.5248],[99.4421,15.5259],[99.4412,15.5259],[99.4413,15.5267],[99.4421,15.5272],[99.4407,15.5275],[99.4396,15.5275],[99.4396,15.5259],[99.439,15.5259],[99.4384,15.5251],[99.4354,15.5256],[99.4362,15.5259],[99.4362,15.5264],[99.4368,15.5264],[99.4368,15.5286],[99.4373,15.5291],[99.4354,15.5291],[99.4354,15.5278],[99.4345,15.5278],[99.4345,15.5291],[99.4351,15.5291],[99.4354,15.5305],[99.4368,15.5302],[99.4371,15.5313],[99.4359,15.5308],[99.4351,15.531],[99.4343,15.5305],[99.4326,15.5313],[99.4312,15.5313],[99.4295,15.53],[99.4292,15.5289],[99.4273,15.5286],[99.4261,15.5259],[99.4256,15.5264],[99.4256,15.5256],[99.4247,15.5256],[99.4247,15.5251],[99.4239,15.5254],[99.4242,15.5267],[99.4236,15.5267],[99.4233,15.5259],[99.4222,15.5259],[99.4222,15.5265],[99.4231,15.5267],[99.4231,15.5273],[99.4236,15.5275],[99.4234,15.5283],[99.4239,15.5281],[99.4242,15.5292],[99.4248,15.5292],[99.4262,15.5319],[99.4267,15.5319],[99.4267,15.5332],[99.4273,15.5335],[99.4276,15.5346],[99.4281,15.5346],[99.4284,15.5351],[99.4295,15.5351],[99.4304,15.5359],[99.4304,15.537],[99.4309,15.5378],[99.429,15.5381],[99.429,15.5389],[99.4281,15.5395],[99.4259,15.5392],[99.4267,15.5416],[99.4262,15.5422],[99.4239,15.5427],[99.4253,15.5433],[99.4253,15.5443],[99.4248,15.5446],[99.4256,15.5446],[99.4259,15.5441],[99.4273,15.5443],[99.4276,15.5449],[99.4293,15.5452],[99.4295,15.5465],[99.4293,15.5479],[99.4259,15.5481],[99.4256,15.5511],[99.4251,15.5511],[99.4248,15.5519],[99.4251,15.5544],[99.4217,15.5544],[99.4217,15.5552],[99.4226,15.5557],[99.4223,15.5568],[99.4229,15.5574],[99.4234,15.5574],[99.4234,15.5568],[99.4242,15.556],[99.4259,15.5557],[99.4265,15.5582],[99.4237,15.5593],[99.4234,15.5598],[99.4231,15.559],[99.4226,15.559],[99.4226,15.5595],[99.4223,15.559],[99.4217,15.559],[99.4215,15.5595],[99.4229,15.5598],[99.424,15.5606],[99.4251,15.5603],[99.4254,15.5593],[99.4276,15.5595],[99.4276,15.5612],[99.4259,15.5617],[99.424,15.5609],[99.4237,15.562],[99.4251,15.5625],[99.4251,15.5636],[99.4254,15.5631],[99.4259,15.5631],[99.4259,15.5636],[99.4265,15.5631],[99.4282,15.5631],[99.4282,15.5636],[99.4276,15.5636],[99.4282,15.5639],[99.4282,15.5655],[99.4287,15.565],[99.4296,15.565],[99.4287,15.5633],[99.4301,15.5628],[99.4301,15.5603],[99.4293,15.5601],[99.4304,15.5601],[99.431,15.5606],[99.431,15.5617],[99.4304,15.5617],[99.4299,15.566],[99.4301,15.5693],[99.429,15.5693],[99.4282,15.5682],[99.4279,15.5701],[99.4268,15.5701],[99.4271,15.5677],[99.4282,15.5677],[99.4282,15.5669],[99.4276,15.5669],[99.4273,15.565],[99.4262,15.5647],[99.4254,15.5655],[99.4243,15.5655],[99.424,15.5679],[99.4218,15.5682],[99.4215,15.5693],[99.4201,15.5693],[99.4206,15.5696],[99.4206,15.5704],[99.4198,15.5704],[99.4198,15.5712],[99.4167,15.5715]],[[99.422,15.5617],[99.4223,15.562],[99.4223,15.5617],[99.422,15.5617]],[[99.4231,15.5585],[99.424,15.5587],[99.424,15.5585],[99.4231,15.5585]],[[99.424,15.5585],[99.4254,15.5585],[99.4256,15.5568],[99.4245,15.5571],[99.424,15.5585]],[[99.4239,15.5433],[99.4242,15.5441],[99.4242,15.5433],[99.4239,15.5433]],[[99.4278,15.5281],[99.4281,15.5283],[99.4281,15.5281],[99.4278,15.5281]],[[99.4239,15.5246],[99.4242,15.5248],[99.4242,15.5246],[99.4239,15.5246]]]}},{"type":"Feature","properties":{"kind":"seasonal","area_km2":1.006,"date":"2026-10-09"},"geometry":{"type":"Polygon","coordinates":[[[99.5068,15.3456],[99.5063,15.3451],[99.5049,15.3451],[99.5054,15.3413],[99.5063,15.3405],[99.5057,15.3397],[99.5057,15.3383],[99.5063,15.3389],[99.5071,15.3383],[99.5074,15.3356],[99.5068,15.3353],[99.5068,15.3343],[99.5088,15.3345],[99.5088,15.3329],[99.5104,15.3329],[99.5104,15.334],[99.511,15.3342],[99.5107,15.3353],[99.5113,15.3359],[99.5118,15.3356],[99.5118,15.3351],[99.5132,15.3348],[99.5141,15.334],[99.5157,15.3337],[99.5157,15.3323],[99.518,15.3323],[99.518,15.3334],[99.5197,15.3342],[99.5202,15.3358],[99.5208,15.3361],[99.5236,15.335],[99.5241,15.3353],[99.5233,15.3356],[99.5233,15.3364],[99.5241,15.3356],[99.5255,15.3358],[99.5255,15.3367],[99.5244,15.3372],[99.5233,15.3372],[99.523,15.3364],[99.5211,15.3367],[99.5216,15.3377],[99.523,15.3377],[99.5233,15.3388],[99.5241,15.3391],[99.5239,15.3402],[99.5233,15.3402],[99.5222,15.3394],[99.5197,15.3394],[99.5194,15.338],[99.5174,15.338],[99.5169,15.3369],[99.5174,15.3369],[99.5174,15.3356],[99.518,15.3356],[99.518,15.335],[99.5141,15.335],[99.5127,15.3353],[99.5118,15.3361],[99.511,15.3361],[99.5102,15.3356],[99.5102,15.3351],[99.5096,15.3351],[99.5082,15.337],[99.5088,15.3372],[99.5093,15.3364],[99.511,15.3364],[99.511,15.337],[99.5102,15.337],[99.5096,15.3375],[99.5096,15.338],[99.5102,15.3383],[99.5099,15.3391],[99.511,15.3391],[99.5116,15.3386],[99.5121,15.3389],[99.5121,15.3397],[99.5141,15.3399],[99.5155,15.3407],[99.5116,15.3408],[99.5116,15.3418],[99.511,15.3418],[99.5107,15.3427],[99.5093,15.3429],[99.5091,15.3448],[99.5079,15.3451],[99.5077,15.3456],[99.5068,15.3456]],[[99.5096,15.3418],[99.511,15.3416],[99.511,15.341],[99.5099,15.341],[99.5096,15.3418]],[[99.511,15.3402],[99.5118,15.3399],[99.5118,15.3397],[99.511,15.3394],[99.511,15.3402]]]}},{"type":"Feature","properties":{"kind":"seasonal","area_km2":0.796,"date":"2026-10-09"},"geometry":{"type":"Polygon","coordinates":[[[99.5264,15.3426],[99.5264,15.3394],[99.5281,15.3391],[99.528,15.3375],[99.5289,15.3375],[99.5289,15.3358],[99.528,15.3356],[99.5278,15.3345],[99.5264,15.3337],[99.5261,15.332],[99.5266,15.3299],[99.5244,15.3299],[99.525,15.3301],[99.5244,15.3304],[99.525,15.3315],[99.5241,15.3315],[99.5241,15.3299],[99.5236,15.3291],[99.5224,15.3288],[99.5224,15.3274],[99.5238,15.3272],[99.5238,15.325],[99.5258,15.325],[99.5272,15.3261],[99.528,15.3247],[99.5294,15.3247],[99.5305,15.3271],[99.5314,15.3274],[99.5314,15.3288],[99.5303,15.3288],[99.5291,15.3296],[99.5292,15.3339],[99.5325,15.335],[99.5325,15.3355],[99.532,15.3361],[99.5317,15.3374],[99.5303,15.338],[99.5297,15.3396],[99.5286,15.3402],[99.5286,15.341],[99.5272,15.3413],[99.5264,15.3426]],[[99.5263,15.3282],[99.5266,15.3285],[99.5266,15.3282],[99.5263,15.3282]],[[99.5266,15.328],[99.5269,15.3282],[99.5269,15.328],[99.5266,15.328]],[[99.5269,15.3274],[99.5272,15.328],[99.5275,15.3274],[99.5269,15.3274]]]}},{"type":"Feature","properties":{"kind":"seasonal","area_km2":0.643,"date":"2026-10-09"},"geometry":{"type":"Polygon","coordinates":[[[99.9318,15.5113],[99.9293,15.5105],[99.9243,15.5105],[99.9234,15.5089],[99.9231,15.507],[99.9226,15.5068],[99.9226,15.5051],[99.9206,15.5054],[99.9206,15.5035],[99.92,15.5019],[99.9214,15.5008],[99.9231,15.5011],[99.9234,15.503],[99.924,15.5035],[99.924,15.5046],[99.9234,15.5049],[99.9234,15.5054],[99.924,15.5057],[99.9265,15.5054],[99.9273,15.504],[99.9284,15.504],[99.929,15.5056],[99.9296,15.5059],[99.9296,15.5067],[99.931,15.5081],[99.9313,15.5097],[99.9318,15.51],[99.9318,15.5113]]]}},{"type":"Feature","properties":{"kind":"seasonal","area_km2":0.521,"date":"2026-10-09"},"geometry":{"type":"Polygon","coordinates":[[[99.4298,15.5587],[99.4296,15.5582],[99.4304,15.5579],[99.4301,15.5571],[99.431,15.5555],[99.4321,15.5549],[99.4332,15.5555],[99.4326,15.5544],[99.4338,15.5541],[99.434,15.5517],[99.4349,15.5508],[99.4363,15.5506],[99.4363,15.55],[99.4374,15.5495],[99.4374,15.5489],[99.4379,15.5487],[99.4379,15.5476],[99.4385,15.5476],[99.4388,15.5468],[99.4393,15.5468],[99.4393,15.5473],[99.4399,15.5476],[99.4396,15.5492],[99.4405,15.5484],[99.4421,15.5489],[99.4421,15.5476],[99.4433,15.5473],[99.4433,15.5468],[99.4435,15.5476],[99.4455,15.5478],[99.4455,15.5465],[99.446,15.5462],[99.446,15.5451],[99.4469,15.544],[99.4471,15.5364],[99.4474,15.5451],[99.4463,15.547],[99.4463,15.5481],[99.4452,15.5486],[99.4452,15.5497],[99.4447,15.5497],[99.4441,15.5489],[99.4427,15.5489],[99.4421,15.5495],[99.4421,15.5506],[99.4407,15.5511],[99.4407,15.5541],[99.4391,15.5538],[99.4388,15.55],[99.4354,15.5514],[99.4349,15.5519],[99.4352,15.5541],[99.434,15.5549],[99.434,15.556],[99.4329,15.5565],[99.4329,15.5574],[99.4312,15.5568],[99.4312,15.5587],[99.4298,15.5587]],[[99.4326,15.5555],[99.4329,15.5557],[99.4329,15.5555],[99.4326,15.5555]]]}},{"type":"Feature","properties":{"kind":"seasonal","area_km2":0.514,"date":"2026-10-09"},"geometry":{"type":"Polygon","coordinates":[[[99.9359,15.4926],[99.9354,15.491],[99.9348,15.4907],[99.9348,15.4896],[99.9342,15.4896],[99.9331,15.4872],[99.9326,15.4869],[99.9328,15.4831],[99.9331,15.4826],[99.9342,15.4823],[99.935,15.4807],[99.9362,15.4807],[99.9367,15.4815],[99.9387,15.482],[99.9387,15.4861],[99.9376,15.4861],[99.9376,15.4877],[99.9359,15.4883],[99.9354,15.4893],[99.9362,15.4896],[99.9362,15.4902],[99.937,15.4902],[99.9373,15.491],[99.9373,15.4926],[99.9359,15.4926]],[[99.9359,15.4855],[99.9367,15.4855],[99.9367,15.485],[99.9362,15.485],[99.9359,15.4855]]]}},{"type":"Feature","properties":{"kind":"seasonal","area_km2":0.46,"date":"2026-10-09"},"geometry":{"type":"Polygon","coordinates":[[[99.1812,15.0177],[99.1781,15.0152],[99.1781,15.0142],[99.1776,15.0139],[99.1776,15.0131],[99.1781,15.0131],[99.1784,15.0085],[99.1795,15.0079],[99.1767,15.0079],[99.1765,15.0085],[99.1765,15.0058],[99.1748,15.0044],[99.1734,15.0049],[99.1731,15.0041],[99.172,15.0036],[99.172,15.0017],[99.1714,15.0014],[99.1717,15.0001],[99.1753,14.9998],[99.1751,15.0014],[99.1756,15.0025],[99.1767,15.0033],[99.1779,15.0052],[99.179,15.0055],[99.1801,15.0066],[99.1801,15.0085],[99.1793,15.009],[99.1787,15.0112],[99.1787,15.012],[99.1793,15.0125],[99.1793,15.0142],[99.1787,15.0144],[99.1795,15.015],[99.1798,15.0158],[99.1809,15.0163],[99.1809,15.0169],[99.1815,15.0171],[99.1812,15.0177]]]}},{"type":"Feature","properties":{"kind":"seasonal","area_km2":0.371,"date":"2026-10-09"},"geometry":{"type":"Polygon","coordinates":[[[99.9298,15.5016],[99.9295,15.5002],[99.9304,15.4997],[99.9304,15.4989],[99.9309,15.4989],[99.9295,15.4978],[99.9295,15.4959],[99.9301,15.4948],[99.9298,15.4937],[99.9323,15.4934],[99.9334,15.4945],[99.9334,15.4964],[99.9346,15.4964],[99.9346,15.4972],[99.9351,15.4975],[99.9351,15.4994],[99.934,15.5002],[99.9318,15.5008],[99.9315,15.5013],[99.9298,15.5016]]]}},{"type":"Feature","properties":{"kind":"seasonal","area_km2":0.37,"date":"2026-10-09"},"geometry":{"type":"Polygon","coordinates":[[[99.9253,15.7476],[99.925,15.7459],[99.9256,15.7454],[99.9259,15.7419],[99.9273,15.7419],[99.929,15.7432],[99.9332,15.7443],[99.9332,15.7459],[99.9326,15.7467],[99.9253,15.7476]]]}},{"type":"Feature","properties":{"kind":"seasonal","area_km2":0.279,"date":"2026-10-09"},"geometry":{"type":"Polygon","coordinates":[[[99.905,15.9703],[99.905,15.9681],[99.9056,15.9673],[99.9056,15.9662],[99.9064,15.9646],[99.907,15.9643],[99.9075,15.9624],[99.9084,15.9619],[99.9089,15.9608],[99.9103,15.9608],[99.9109,15.9613],[99.9134,15.961],[99.9134,15.96],[99.9159,15.9591],[99.9162,15.9586],[99.9179,15.9586],[99.9179,15.958],[99.9196,15.958],[99.9157,15.9599],[99.9143,15.9613],[99.9134,15.9613],[99.9134,15.9619],[99.912,15.9624],[99.9112,15.9635],[99.9101,15.9635],[99.9098,15.9643],[99.9095,15.9638],[99.9078,15.964],[99.9075,15.9654],[99.9064,15.9665],[99.9067,15.9681],[99.9062,15.9684],[99.9062,15.9692],[99.9056,15.9692],[99.9056,15.9703],[99.905,15.9703]],[[99.9087,15.9632],[99.9089,15.9635],[99.9089,15.9632],[99.9087,15.9632]],[[99.9089,15.963],[99.9095,15.9632],[99.9095,15.963],[99.9089,15.963]],[[99.9103,15.9632],[99.9109,15.9632],[99.9115,15.9624],[99.9106,15.9624],[99.9103,15.9632]],[[99.9095,15.9627],[99.9098,15.963],[99.9098,15.9627],[99.9095,15.9627]],[[99.9115,15.9621],[99.912,15.9624],[99.912,15.9621],[99.9115,15.9621]]]}},{"type":"Feature","properties":{"kind":"seasonal","area_km2":0.266,"date":"2026-10-09"},"geometry":{"type":"Polygon","coordinates":[[[99.7683,15.2462],[99.7681,15.2454],[99.7656,15.2454],[99.7655,15.244],[99.7661,15.2435],[99.7661,15.2413],[99.7655,15.2408],[99.7655,15.2399],[99.7669,15.2399],[99.7678,15.2408],[99.7686,15.2408],[99.77,15.2416],[99.77,15.2426],[99.7706,15.2429],[99.7706,15.2445],[99.77,15.2448],[99.7695,15.2462],[99.7683,15.2462]]]}},{"type":"Feature","properties":{"kind":"seasonal","area_km2":0.258,"date":"2026-10-09"},"geometry":{"type":"Polygon","coordinates":[[[99.9814,15.9925],[99.9811,15.9919],[99.98,15.9922],[99.9792,15.9914],[99.9749,15.9903],[99.9749,15.9892],[99.9786,15.9892],[99.9775,15.9884],[99.978,15.9857],[99.9794,15.9857],[99.98,15.9862],[99.9803,15.9898],[99.9817,15.9898],[99.982,15.9911],[99.9828,15.9914],[99.9828,15.9925],[99.9814,15.9925]]]}},{"type":"Feature","properties":{"kind":"seasonal","area_km2":0.255,"date":"2026-10-09"},"geometry":{"type":"Polygon","coordinates":[[[99.7441,15.8106],[99.7441,15.8063],[99.7447,15.8052],[99.7486,15.8055],[99.748,15.8101],[99.7475,15.8106],[99.7441,15.8106]]]}},{"type":"Feature","properties":{"kind":"seasonal","area_km2":0.248,"date":"2026-10-09"},"geometry":{"type":"Polygon","coordinates":[[[99.727,15.4796],[99.727,15.4787],[99.7261,15.4777],[99.7236,15.4779],[99.7233,15.476],[99.7236,15.4752],[99.725,15.4752],[99.7256,15.4766],[99.727,15.4768],[99.7278,15.4758],[99.7275,15.4722],[99.7289,15.4722],[99.7289,15.4728],[99.7297,15.473],[99.7295,15.4752],[99.7303,15.4752],[99.7303,15.476],[99.7289,15.4779],[99.7275,15.4779],[99.7281,15.4782],[99.7281,15.4793],[99.727,15.4796]]]}},{"type":"Feature","properties":{"kind":"seasonal","area_km2":0.239,"date":"2026-10-09"},"geometry":{"type":"Polygon","coordinates":[[[99.9283,15.2138],[99.928,15.2054],[99.9291,15.2054],[99.9305,15.2073],[99.9308,15.2122],[99.9305,15.2136],[99.9283,15.2138]]]}},{"type":"Feature","properties":{"kind":"seasonal","area_km2":0.208,"date":"2026-10-09"},"geometry":{"type":"Polygon","coordinates":[[[99.9957,15.994],[99.9951,15.9938],[99.9951,15.9932],[99.9946,15.9932],[99.9943,15.9921],[99.9929,15.9919],[99.9929,15.9908],[99.9946,15.9902],[99.9957,15.9913],[99.9971,15.9913],[99.9971,15.9908],[99.9979,15.9902],[99.9979,15.9886],[99.9993,15.9889],[99.9993,15.9897],[99.9999,15.9897],[99.9999,15.9908],[99.9988,15.9918],[99.9979,15.9918],[99.9985,15.9921],[99.9985,15.9935],[99.9957,15.994]],[[99.9974,15.9916],[99.9979,15.9918],[99.9979,15.9916],[99.9974,15.9916]]]}},{"type":"Feature","properties":{"kind":"seasonal","area_km2":0.184,"date":"2026-10-09"},"geometry":{"type":"Polygon","coordinates":[[[99.948,15.4999],[99.9474,15.4991],[99.9432,15.4991],[99.9427,15.4985],[99.9407,15.4985],[99.9407,15.4975],[99.9413,15.4975],[99.9415,15.4969],[99.9427,15.4969],[99.9435,15.4961],[99.9455,15.4958],[99.946,15.4977],[99.9488,15.4988],[99.9488,15.4999],[99.948,15.4999]]]}},{"type":"Feature","properties":{"kind":"seasonal","area_km2":0.182,"date":"2026-10-09"},"geometry":{"type":"Polygon","coordinates":[[[99.9935,15.9981],[99.9932,15.9973],[99.991,15.9976],[99.991,15.9962],[99.9921,15.9951],[99.9921,15.994],[99.9966,15.9946],[99.996,15.9967],[99.9952,15.997],[99.9946,15.9981],[99.9935,15.9981]]]}},{"type":"Feature","properties":{"kind":"seasonal","area_km2":0.176,"date":"2026-10-09"},"geometry":{"type":"Polygon","coordinates":[[[99.5679,15.2978],[99.5671,15.2972],[99.5671,15.2964],[99.5665,15.2959],[99.5643,15.2956],[99.5643,15.2948],[99.5654,15.2945],[99.5665,15.2934],[99.5699,15.2934],[99.5699,15.2942],[99.5693,15.2945],[99.5696,15.2975],[99.5679,15.2978]],[[99.5676,15.2951],[99.5679,15.2959],[99.5679,15.2951],[99.5676,15.2951]]]}},{"type":"Feature","properties":{"kind":"seasonal","area_km2":0.17,"date":"2026-10-09"},"geometry":{"type":"Polygon","coordinates":[[[99.4708,15.7094],[99.4699,15.7089],[99.4694,15.7062],[99.4685,15.7059],[99.4685,15.7043],[99.4707,15.7043],[99.4707,15.7048],[99.4713,15.7051],[99.4713,15.7064],[99.4719,15.707],[99.4733,15.7067],[99.473,15.7089],[99.4724,15.7094],[99.4708,15.7094]]]}},{"type":"Feature","properties":{"kind":"seasonal","area_km2":0.164,"date":"2026-10-09"},"geometry":{"type":"Polygon","coordinates":[[[99.9999,15.9889],[99.9985,15.9883],[99.9982,15.987],[99.9988,15.987],[99.9987,15.9843],[99.999,15.9832],[99.9996,15.9829],[99.9996,15.9818],[100.0007,15.9818],[100.0007,15.9859],[100.0013,15.9886],[99.9999,15.9889]],[[99.9985,15.9872],[99.999,15.9875],[99.999,15.9872],[99.9985,15.9872]]]}},{"type":"Feature","properties":{"kind":"seasonal","area_km2":0.162,"date":"2026-10-09"},"geometry":{"type":"Polygon","coordinates":[[[99.9043,15.1545],[99.9034,15.1537],[99.9009,15.1527],[99.9009,15.1518],[99.902,15.1513],[99.902,15.1505],[99.9037,15.1508],[99.904,15.1513],[99.9048,15.1513],[99.9051,15.1518],[99.9065,15.1524],[99.9062,15.1537],[99.9054,15.1545],[99.9043,15.1545]]]}},{"type":"Feature","properties":{"kind":"seasonal","area_km2":0.14,"date":"2026-10-09"},"geometry":{"type":"Polygon","coordinates":[[[99.4572,15.6682],[99.4567,15.6671],[99.455,15.6663],[99.4547,15.6658],[99.4547,15.6644],[99.4561,15.6644],[99.4561,15.6636],[99.4578,15.6636],[99.4583,15.6642],[99.4583,15.6674],[99.4581,15.6682],[99.4572,15.6682]]]}},{"type":"Feature","properties":{"kind":"seasonal","area_km2":0.133,"date":"2026-10-09"},"geometry":{"type":"Polygon","coordinates":[[[99.461,15.7208],[99.4607,15.7168],[99.4635,15.7165],[99.4635,15.7197],[99.4621,15.7208],[99.461,15.7208]]]}},{"type":"Feature","properties":{"kind":"seasonal","area_km2":0.119,"date":"2026-10-09"},"geometry":{"type":"Polygon","coordinates":[[[99.909,15.1575],[99.9071,15.1562],[99.9071,15.1553],[99.9082,15.1545],[99.9082,15.154],[99.9093,15.154],[99.911,15.1553],[99.9107,15.1575],[99.909,15.1575]]]}},{"type":"Feature","properties":{"kind":"seasonal","area_km2":0.108,"date":"2026-10-09"},"geometry":{"type":"Polygon","coordinates":[[[99.1829,15.0312],[99.1829,15.0302],[99.1848,15.0283],[99.1837,15.028],[99.1832,15.0288],[99.1823,15.0288],[99.1823,15.0274],[99.1829,15.0277],[99.1829,15.0272],[99.1835,15.0272],[99.1837,15.0266],[99.1851,15.0266],[99.1854,15.0307],[99.1846,15.0312],[99.1829,15.0312]]]}},{"type":"Feature","properties":{"kind":"seasonal","area_km2":0.106,"date":"2026-10-09"},"geometry":{"type":"Polygon","coordinates":[[[99.9117,15.5198],[99.9112,15.5193],[99.9112,15.5182],[99.9117,15.5177],[99.9117,15.5158],[99.9123,15.5152],[99.9142,15.5152],[99.9142,15.5166],[99.9134,15.5182],[99.9128,15.5185],[99.9126,15.5198],[99.9117,15.5198]]]}},{"type":"Feature","properties":{"kind":"seasonal","area_km2":0.101,"date":"2026-10-09"},"geometry":{"type":"Polygon","coordinates":[[[99.8114,15.262],[99.8111,15.2607],[99.8117,15.2574],[99.8139,15.2579],[99.8139,15.2585],[99.8134,15.2588],[99.8134,15.2609],[99.8128,15.262],[99.8114,15.262]]]}},{"type":"Feature","properties":{"kind":"seasonal","area_km2":0.1,"date":"2026-10-09"},"geometry":{"type":"Polygon","coordinates":[[[99.513,15.3456],[99.5124,15.3445],[99.5113,15.3443],[99.5113,15.3429],[99.5121,15.3429],[99.5121,15.3421],[99.5132,15.3421],[99.5141,15.3432],[99.5141,15.344],[99.5149,15.344],[99.5152,15.3451],[99.5149,15.3456],[99.513,15.3456]]]}}]}
