{"type":"FeatureCollection","properties":{"v":3,"id":"t99_13","name":"ราชบุรี · สมุทรสงคราม · เพชรบุรี","aoi":[99.0,13.0,100.0,14.0],"date":"2026-10-09","dates":["2026-10-09","2026-10-02"],"baseline_years":3,"has_seasonal":true,"totals":{"flood_high":4.3,"flood_low":12.7,"seasonal":18.3},"provinces":[{"name":"กาญจนบุรี","zone":"th-w","flood_high":2.8,"flood_low":2.4,"seasonal":1.6},{"name":"ราชบุรี","zone":"th-w","flood_high":1.5,"flood_low":8.0,"seasonal":6.4},{"name":"เพชรบุรี","zone":"th-w","flood_high":0.0,"flood_low":1.5,"seasonal":6.2},{"name":"นครปฐม","zone":"th-c","flood_high":0.0,"flood_low":0.4,"seasonal":0.6},{"name":"สมุทรสงคราม","zone":"th-c","flood_high":0.0,"flood_low":0.3,"seasonal":3.5}],"scenes":{"2026-10-09":2,"2026-10-02":2},"baseline_dates":["2025-10-07","2024-10-09","2023-10-11"],"threshold_db":-15.0,"auto":true,"source":"Sentinel-1 RTC (Copernicus/ESA) via Microsoft Planetary Computer; JRC Global Surface Water; Copernicus DEM","method":"ChatGeo v3: Otsu threshold on VV dB; minus JRC permanent water and slope > 5 deg; unusual = water not present in most of the previous 3 years (same season)","added":"2026-10-10T16:37+07:00"},"features":[{"type":"Feature","properties":{"kind":"flood","area_km2":2.681,"conf":"high","date":"2026-10-09"},"geometry":{"type":"Polygon","coordinates":[[[99.4905,13.8935],[99.4902,13.8924],[99.491,13.8921],[99.4907,13.8916],[99.4896,13.8913],[99.4891,13.8916],[99.4891,13.8921],[99.4874,13.8924],[99.4871,13.8916],[99.4863,13.8913],[99.4857,13.8916],[99.4857,13.8932],[99.4849,13.8932],[99.4849,13.8924],[99.4832,13.8908],[99.4824,13.8905],[99.4824,13.8886],[99.4821,13.8897],[99.4816,13.89],[99.4805,13.89],[99.4799,13.8894],[99.4802,13.887],[99.4827,13.8864],[99.4832,13.8856],[99.4849,13.8856],[99.4857,13.8862],[99.4888,13.8859],[99.4888,13.8848],[99.4902,13.8848],[99.4902,13.8859],[99.491,13.8856],[99.491,13.8832],[99.4899,13.8832],[99.4893,13.884],[99.4871,13.884],[99.4868,13.8824],[99.4854,13.8824],[99.4854,13.8805],[99.4874,13.8802],[99.4879,13.8807],[99.4888,13.8807],[99.4888,13.8791],[99.4849,13.8794],[99.4849,13.8786],[99.4854,13.878],[99.4871,13.8778],[99.4879,13.8769],[99.489,13.8769],[99.4899,13.8761],[99.4899,13.875],[99.4907,13.8739],[99.4915,13.8739],[99.4915,13.875],[99.4926,13.875],[99.4929,13.8756],[99.4935,13.8756],[99.4935,13.8745],[99.4921,13.8745],[99.4926,13.8729],[99.4946,13.8731],[99.4949,13.8737],[99.4962,13.8737],[99.4963,13.8745],[99.4957,13.8745],[99.4957,13.875],[99.4974,13.8745],[99.4976,13.8739],[99.5004,13.8742],[99.5001,13.8783],[99.4993,13.8794],[99.4979,13.8794],[99.4979,13.8802],[99.4985,13.8804],[99.499,13.8804],[99.4996,13.8794],[99.5007,13.8788],[99.5013,13.878],[99.5026,13.8783],[99.5024,13.8769],[99.5032,13.8769],[99.5035,13.8761],[99.5046,13.8758],[99.5043,13.8736],[99.506,13.8742],[99.5068,13.8758],[99.5087,13.8761],[99.5087,13.8769],[99.5079,13.8772],[99.5074,13.8783],[99.5065,13.8783],[99.5063,13.8774],[99.5046,13.8783],[99.5029,13.8783],[99.5029,13.8788],[99.5046,13.8791],[99.5046,13.8802],[99.5018,13.8807],[99.5032,13.881],[99.5029,13.8826],[99.5021,13.8829],[99.5021,13.8837],[99.501,13.8837],[99.5004,13.8832],[99.5004,13.8823],[99.4996,13.8818],[99.4965,13.8818],[99.4965,13.8807],[99.4949,13.8799],[99.4927,13.8799],[99.4927,13.8805],[99.4932,13.8807],[99.4952,13.881],[99.4952,13.8842],[99.4957,13.8845],[99.4957,13.8853],[99.4932,13.8853],[99.4924,13.8859],[99.4938,13.8864],[99.4943,13.8875],[99.4943,13.8889],[99.4957,13.8886],[99.496,13.8897],[99.4952,13.8899],[99.4952,13.8916],[99.4946,13.8916],[99.4943,13.8924],[99.4918,13.8921],[99.4916,13.8932],[99.4905,13.8935]],[[99.4849,13.891],[99.4855,13.8913],[99.4855,13.891],[99.4849,13.891]],[[99.4896,13.8891],[99.4899,13.8894],[99.4899,13.8891],[99.4896,13.8891]],[[99.4885,13.8891],[99.4891,13.8891],[99.4891,13.8875],[99.4882,13.8875],[99.4885,13.8891]],[[99.4921,13.8891],[99.4927,13.8891],[99.4927,13.8878],[99.4913,13.8875],[99.4921,13.8891]],[[99.491,13.8832],[99.4918,13.8832],[99.4924,13.8826],[99.4924,13.8821],[99.4915,13.8813],[99.4915,13.8802],[99.4924,13.8799],[99.4921,13.8794],[99.4907,13.8796],[99.491,13.8832]],[[99.4888,13.8826],[99.4896,13.8826],[99.4896,13.8821],[99.4888,13.8821],[99.4888,13.8826]],[[99.4896,13.8805],[99.4899,13.8807],[99.4899,13.8805],[99.4896,13.8805]],[[99.4968,13.8799],[99.4971,13.8804],[99.4971,13.8799],[99.4968,13.8799]],[[99.5018,13.8793],[99.5024,13.8793],[99.5024,13.8791],[99.5018,13.8788],[99.5018,13.8793]],[[99.4924,13.8777],[99.4926,13.8783],[99.4926,13.8777],[99.4924,13.8777]],[[99.4985,13.878],[99.499,13.8766],[99.4979,13.8764],[99.4976,13.8772],[99.4985,13.8772],[99.4985,13.878]],[[99.4951,13.8777],[99.4957,13.8777],[99.4954,13.8769],[99.4949,13.8772],[99.4951,13.8777]],[[99.4982,13.875],[99.4985,13.8756],[99.4985,13.875],[99.4982,13.875]]]}},{"type":"Feature","properties":{"kind":"flood","area_km2":1.429,"conf":"high","date":"2026-10-09"},"geometry":{"type":"Polygon","coordinates":[[[99.5975,13.5197],[99.5972,13.5192],[99.5956,13.5195],[99.5956,13.5184],[99.5961,13.5181],[99.5961,13.5173],[99.5967,13.517],[99.597,13.5159],[99.5967,13.514],[99.5942,13.514],[99.5934,13.5151],[99.5934,13.5165],[99.5914,13.5165],[99.5914,13.5159],[99.5909,13.5159],[99.5917,13.5119],[99.5895,13.5119],[99.5903,13.5086],[99.5889,13.5084],[99.5889,13.5075],[99.59,13.5064],[99.59,13.5051],[99.5892,13.5046],[99.5889,13.5037],[99.5878,13.504],[99.5872,13.5054],[99.5861,13.5054],[99.5861,13.5048],[99.5847,13.5051],[99.5847,13.504],[99.5845,13.5051],[99.5836,13.5051],[99.5828,13.5043],[99.58,13.5046],[99.5797,13.504],[99.5786,13.504],[99.5786,13.5032],[99.5806,13.5024],[99.5811,13.501],[99.5845,13.501],[99.585,13.5027],[99.5858,13.5035],[99.5864,13.5035],[99.587,13.5032],[99.5872,13.5021],[99.5881,13.5018],[99.5883,13.501],[99.5894,13.5013],[99.5889,13.4997],[99.5903,13.4997],[99.5908,13.5013],[99.5928,13.501],[99.5928,13.5005],[99.5936,13.4997],[99.5953,13.4997],[99.5961,13.5018],[99.5975,13.5018],[99.598,13.5013],[99.5991,13.5013],[99.5994,13.5007],[99.6008,13.5007],[99.603,13.4999],[99.605,13.4999],[99.6061,13.5004],[99.6105,13.5002],[99.6102,13.5034],[99.61,13.5029],[99.6094,13.5029],[99.6091,13.5015],[99.6083,13.5015],[99.608,13.501],[99.6027,13.501],[99.6027,13.5024],[99.6039,13.5032],[99.6028,13.5034],[99.6028,13.5051],[99.6036,13.5059],[99.6036,13.5067],[99.6028,13.5067],[99.6025,13.5072],[99.5978,13.5062],[99.5956,13.5064],[99.5953,13.5048],[99.5942,13.504],[99.595,13.5032],[99.5947,13.501],[99.5933,13.501],[99.5933,13.5021],[99.5928,13.5026],[99.5903,13.5027],[99.5903,13.504],[99.5917,13.504],[99.5922,13.5048],[99.5931,13.5051],[99.5931,13.5059],[99.5925,13.5054],[99.5908,13.5054],[99.5903,13.5062],[99.5903,13.5075],[99.5911,13.5075],[99.592,13.5083],[99.5911,13.5092],[99.5911,13.5108],[99.5936,13.5105],[99.5925,13.5111],[99.5925,13.5119],[99.592,13.5124],[99.592,13.5146],[99.5934,13.5146],[99.5936,13.5132],[99.5972,13.5135],[99.5972,13.5159],[99.5978,13.5162],[99.597,13.5167],[99.597,13.5181],[99.5975,13.5186],[99.5984,13.5186],[99.5984,13.5197],[99.5975,13.5197]],[[99.598,13.5062],[99.5986,13.5062],[99.5989,13.5056],[99.5978,13.5053],[99.598,13.5062]],[[99.5961,13.5048],[99.5967,13.5051],[99.5967,13.5048],[99.5961,13.5048]],[[99.5994,13.5051],[99.6003,13.5051],[99.6003,13.5045],[99.5994,13.5043],[99.5994,13.5051]],[[99.5886,13.5035],[99.59,13.5035],[99.59,13.5021],[99.5886,13.5021],[99.5886,13.5035]]]}},{"type":"Feature","properties":{"kind":"flood","area_km2":0.438,"conf":"low","date":"2026-10-09"},"geometry":{"type":"Polygon","coordinates":[[[99.8183,13.779],[99.8182,13.7779],[99.8174,13.7779],[99.8174,13.7771],[99.8188,13.7773],[99.8194,13.7762],[99.8205,13.7762],[99.821,13.7754],[99.8202,13.7754],[99.8202,13.7746],[99.8188,13.7746],[99.8188,13.7752],[99.8199,13.7751],[99.8199,13.776],[99.8171,13.7762],[99.8171,13.7749],[99.818,13.7746],[99.818,13.7735],[99.8199,13.773],[99.821,13.7722],[99.8218,13.7722],[99.8221,13.7727],[99.8221,13.7722],[99.8227,13.7722],[99.8232,13.7711],[99.8246,13.7711],[99.8249,13.7727],[99.8238,13.7735],[99.8238,13.774],[99.8246,13.7743],[99.8244,13.7773],[99.8227,13.7773],[99.8227,13.7762],[99.8221,13.7762],[99.8219,13.7789],[99.8183,13.779]],[[99.8202,13.7735],[99.8205,13.7741],[99.8205,13.7735],[99.8202,13.7735]]]}},{"type":"Feature","properties":{"kind":"flood","area_km2":0.427,"conf":"low","date":"2026-10-02"},"geometry":{"type":"Polygon","coordinates":[[[99.312,13.9581],[99.3109,13.9572],[99.3095,13.9575],[99.3098,13.9559],[99.3092,13.9554],[99.3092,13.9532],[99.3101,13.9524],[99.3101,13.9518],[99.3112,13.9518],[99.3112,13.9507],[99.312,13.9507],[99.3123,13.9513],[99.3153,13.9513],[99.3156,13.9518],[99.3162,13.9518],[99.3162,13.9532],[99.317,13.9515],[99.3173,13.9521],[99.3176,13.9515],[99.3181,13.9521],[99.3187,13.9513],[99.3192,13.9513],[99.3189,13.9521],[99.3167,13.9529],[99.3164,13.9543],[99.3148,13.9537],[99.3142,13.9556],[99.3134,13.9564],[99.3137,13.9575],[99.312,13.9581]],[[99.3109,13.9564],[99.3117,13.9564],[99.312,13.9559],[99.3103,13.9553],[99.3109,13.9564]]]}},{"type":"Feature","properties":{"kind":"flood","area_km2":0.413,"conf":"low","date":"2026-10-09"},"geometry":{"type":"Polygon","coordinates":[[[99.7788,13.6055],[99.7785,13.6049],[99.7769,13.6049],[99.7769,13.6041],[99.7774,13.6041],[99.7771,13.6009],[99.7788,13.6006],[99.7791,13.6001],[99.7808,13.6001],[99.781,13.5995],[99.7832,13.5995],[99.7832,13.6003],[99.7849,13.6014],[99.7849,13.6022],[99.7844,13.6025],[99.7844,13.6038],[99.7833,13.6047],[99.781,13.6044],[99.7808,13.6049],[99.7788,13.6055]]]}},{"type":"Feature","properties":{"kind":"flood","area_km2":0.379,"conf":"low","date":"2026-10-09"},"geometry":{"type":"Polygon","coordinates":[[[99.7709,13.6397],[99.769,13.6391],[99.7689,13.6378],[99.7701,13.6378],[99.7701,13.6372],[99.7684,13.637],[99.7681,13.6378],[99.767,13.6378],[99.767,13.6354],[99.7689,13.6354],[99.7687,13.6345],[99.7673,13.6345],[99.767,13.6332],[99.7684,13.6332],[99.7684,13.6337],[99.7692,13.6337],[99.7698,13.6332],[99.7698,13.6343],[99.7712,13.6343],[99.7714,13.6337],[99.7717,13.6351],[99.7737,13.6348],[99.7737,13.6343],[99.7742,13.6342],[99.7748,13.6332],[99.777,13.6332],[99.777,13.6348],[99.7756,13.6348],[99.775,13.6359],[99.7739,13.6364],[99.7739,13.6375],[99.7731,13.6375],[99.7731,13.6367],[99.772,13.6364],[99.7714,13.637],[99.7717,13.6389],[99.7709,13.6397]]]}},{"type":"Feature","properties":{"kind":"flood","area_km2":0.329,"conf":"low","date":"2026-10-09"},"geometry":{"type":"Polygon","coordinates":[[[99.7275,13.949],[99.7266,13.9474],[99.7261,13.9474],[99.7261,13.9469],[99.7233,13.9447],[99.7233,13.9439],[99.7247,13.9439],[99.725,13.9423],[99.7258,13.9412],[99.7272,13.9412],[99.7272,13.942],[99.7263,13.9431],[99.7266,13.9442],[99.728,13.9439],[99.7305,13.945],[99.7305,13.9488],[99.7275,13.949]],[[99.7272,13.9471],[99.7277,13.9469],[99.7275,13.9458],[99.7272,13.9458],[99.7272,13.9471]],[[99.7291,13.9466],[99.7294,13.9469],[99.7294,13.9466],[99.7291,13.9466]],[[99.7283,13.9458],[99.7289,13.9458],[99.7291,13.9452],[99.7286,13.945],[99.7283,13.9458]],[[99.725,13.9439],[99.7255,13.9444],[99.7255,13.9439],[99.725,13.9439]]]}},{"type":"Feature","properties":{"kind":"flood","area_km2":0.298,"conf":"low","date":"2026-10-09"},"geometry":{"type":"Polygon","coordinates":[[[99.8965,13.1681],[99.8967,13.1668],[99.8981,13.1668],[99.8967,13.1659],[99.8967,13.1646],[99.8978,13.1643],[99.8981,13.1651],[99.8986,13.164],[99.8992,13.164],[99.8992,13.1635],[99.8981,13.163],[99.8981,13.1621],[99.8989,13.1621],[99.8989,13.1613],[99.8995,13.1613],[99.9006,13.16],[99.9014,13.16],[99.902,13.1605],[99.902,13.1629],[99.9006,13.1635],[99.9006,13.164],[99.9022,13.164],[99.902,13.1657],[99.8992,13.167],[99.8989,13.1678],[99.8965,13.1681]],[[99.9,13.1632],[99.9003,13.1635],[99.9003,13.1632],[99.9,13.1632]]]}},{"type":"Feature","properties":{"kind":"flood","area_km2":0.276,"conf":"low","date":"2026-10-02"},"geometry":{"type":"Polygon","coordinates":[[[99.2948,13.9814],[99.2943,13.9803],[99.2931,13.9806],[99.292,13.9801],[99.292,13.979],[99.2926,13.9787],[99.2923,13.9782],[99.294,13.9776],[99.2931,13.9768],[99.2948,13.9768],[99.2948,13.9779],[99.2979,13.9776],[99.2981,13.9771],[99.2979,13.9784],[99.2987,13.9784],[99.2987,13.9776],[99.3004,13.9776],[99.3004,13.9781],[99.3009,13.9781],[99.3001,13.9798],[99.2993,13.9798],[99.299,13.979],[99.299,13.98],[99.2984,13.98],[99.2981,13.9806],[99.2948,13.9814]],[[99.2937,13.979],[99.2943,13.979],[99.2943,13.9784],[99.2931,13.9782],[99.2937,13.979]]]}},{"type":"Feature","properties":{"kind":"flood","area_km2":0.276,"conf":"low","date":"2026-10-09"},"geometry":{"type":"Polygon","coordinates":[[[99.9985,13.7509],[99.9985,13.7503],[99.996,13.7476],[99.9963,13.7466],[99.9979,13.7466],[99.9976,13.7438],[99.999,13.7438],[99.999,13.7452],[99.9999,13.7465],[100.0027,13.7465],[100.0027,13.7473],[100.0021,13.7479],[100.0027,13.7495],[100.0002,13.7498],[100.0002,13.7493],[99.9996,13.749],[99.9993,13.7509],[99.9985,13.7509]],[[100.001,13.7474],[100.0013,13.7476],[100.0013,13.7474],[100.001,13.7474]]]}},{"type":"Feature","properties":{"kind":"flood","area_km2":0.238,"conf":"low","date":"2026-10-09"},"geometry":{"type":"Polygon","coordinates":[[[99.6646,13.2098],[99.6646,13.2073],[99.666,13.2065],[99.6657,13.2044],[99.6673,13.2043],[99.6673,13.2038],[99.6687,13.2035],[99.6701,13.2024],[99.6701,13.2041],[99.6709,13.2049],[99.671,13.206],[99.6718,13.2062],[99.6704,13.2065],[99.6701,13.2071],[99.6698,13.2065],[99.6682,13.2065],[99.6682,13.2068],[99.6679,13.2068],[99.6676,13.2076],[99.6665,13.2079],[99.6663,13.2087],[99.6654,13.2087],[99.6654,13.2098],[99.6646,13.2098]],[[99.6674,13.2062],[99.6679,13.2068],[99.6679,13.206],[99.6674,13.2062]],[[99.6698,13.206],[99.6701,13.2062],[99.6701,13.206],[99.6698,13.206]],[[99.6693,13.2057],[99.6696,13.206],[99.6696,13.2057],[99.6693,13.2057]],[[99.669,13.2054],[99.6693,13.2057],[99.6693,13.2054],[99.669,13.2054]]]}},{"type":"Feature","properties":{"kind":"flood","area_km2":0.196,"conf":"low","date":"2026-10-09"},"geometry":{"type":"Polygon","coordinates":[[[99.5772,13.6142],[99.577,13.6128],[99.5764,13.6123],[99.5753,13.6123],[99.5756,13.6115],[99.575,13.6112],[99.575,13.609],[99.5756,13.6087],[99.5764,13.6087],[99.5767,13.6098],[99.5772,13.6101],[99.5797,13.6101],[99.58,13.6106],[99.5797,13.6128],[99.5786,13.6139],[99.5772,13.6142]]]}},{"type":"Feature","properties":{"kind":"flood","area_km2":0.194,"conf":"low","date":"2026-10-09"},"geometry":{"type":"Polygon","coordinates":[[[99.7749,13.6776],[99.7749,13.6768],[99.776,13.6766],[99.776,13.676],[99.7755,13.676],[99.7754,13.6752],[99.776,13.6752],[99.7763,13.6747],[99.7791,13.6744],[99.7793,13.6736],[99.7802,13.6736],[99.7804,13.6746],[99.7815,13.6744],[99.7816,13.6763],[99.7807,13.6763],[99.7804,13.6768],[99.7788,13.6768],[99.7777,13.6776],[99.7749,13.6776]]]}},{"type":"Feature","properties":{"kind":"flood","area_km2":0.174,"conf":"low","date":"2026-10-09"},"geometry":{"type":"Polygon","coordinates":[[[99.7739,13.6256],[99.7733,13.625],[99.7733,13.6239],[99.7728,13.6237],[99.7728,13.622],[99.7714,13.6221],[99.772,13.6237],[99.7703,13.6234],[99.7697,13.6226],[99.7694,13.6207],[99.7708,13.6207],[99.7711,13.6202],[99.7736,13.6204],[99.7739,13.6218],[99.7744,13.6223],[99.7742,13.6237],[99.7747,13.6237],[99.7747,13.6256],[99.7739,13.6256]]]}},{"type":"Feature","properties":{"kind":"flood","area_km2":0.165,"conf":"low","date":"2026-10-09"},"geometry":{"type":"Polygon","coordinates":[[[99.7314,13.949],[99.7314,13.9482],[99.7322,13.9482],[99.7322,13.9477],[99.7311,13.9474],[99.7311,13.9463],[99.7322,13.9463],[99.7316,13.9458],[99.7316,13.945],[99.7319,13.9444],[99.7327,13.9444],[99.7327,13.9452],[99.7333,13.9452],[99.7333,13.9433],[99.7338,13.943],[99.7336,13.942],[99.7338,13.9411],[99.7347,13.9411],[99.7358,13.9417],[99.7355,13.9441],[99.7344,13.9447],[99.7341,13.9455],[99.7333,13.9455],[99.7333,13.9477],[99.733,13.9482],[99.7325,13.9482],[99.7325,13.949],[99.7314,13.949]]]}},{"type":"Feature","properties":{"kind":"flood","area_km2":0.165,"conf":"low","date":"2026-10-09"},"geometry":{"type":"Polygon","coordinates":[[[99.7946,13.6738],[99.7915,13.6738],[99.7913,13.6724],[99.7924,13.6714],[99.7924,13.6703],[99.7929,13.6703],[99.7929,13.6689],[99.7951,13.6689],[99.7954,13.6675],[99.7962,13.6675],[99.7962,13.67],[99.7943,13.6697],[99.7935,13.6703],[99.7937,13.6716],[99.7949,13.6722],[99.7946,13.6738]]]}},{"type":"Feature","properties":{"kind":"flood","area_km2":0.165,"conf":"low","date":"2026-10-09"},"geometry":{"type":"Polygon","coordinates":[[[99.7903,13.6464],[99.7901,13.6453],[99.7887,13.6453],[99.7884,13.6445],[99.7867,13.6442],[99.787,13.6413],[99.7878,13.6413],[99.7878,13.6423],[99.7887,13.6429],[99.7889,13.6423],[99.7884,13.6423],[99.7884,13.6415],[99.7895,13.6415],[99.7895,13.6423],[99.7906,13.6431],[99.7906,13.6442],[99.792,13.6442],[99.7917,13.6459],[99.7912,13.6464],[99.7903,13.6464]]]}},{"type":"Feature","properties":{"kind":"flood","area_km2":0.161,"conf":"low","date":"2026-10-09"},"geometry":{"type":"Polygon","coordinates":[[[99.6641,13.2301],[99.6646,13.2285],[99.6652,13.2285],[99.6655,13.228],[99.6652,13.2274],[99.6649,13.228],[99.6638,13.2277],[99.6638,13.2261],[99.6652,13.2247],[99.6652,13.2242],[99.6671,13.2239],[99.6666,13.2266],[99.6674,13.2266],[99.6674,13.2279],[99.666,13.2279],[99.6658,13.2288],[99.6663,13.2288],[99.6663,13.2298],[99.6641,13.2301]],[[99.6644,13.2274],[99.6646,13.2277],[99.6646,13.2274],[99.6644,13.2274]]]}},{"type":"Feature","properties":{"kind":"flood","area_km2":0.152,"conf":"low","date":"2026-10-09"},"geometry":{"type":"Polygon","coordinates":[[[99.9714,13.2213],[99.9708,13.2196],[99.9697,13.2194],[99.9697,13.2186],[99.9711,13.2186],[99.9711,13.2175],[99.9694,13.2172],[99.97,13.2169],[99.9697,13.2164],[99.9708,13.2164],[99.9705,13.2153],[99.9711,13.2156],[99.9711,13.2167],[99.9722,13.2167],[99.9722,13.2153],[99.9711,13.2153],[99.9708,13.2142],[99.9716,13.2142],[99.9719,13.215],[99.9733,13.215],[99.9733,13.2156],[99.9725,13.2158],[99.9725,13.2164],[99.973,13.2161],[99.973,13.2175],[99.9742,13.218],[99.9742,13.2191],[99.9728,13.2191],[99.9725,13.2177],[99.9719,13.2175],[99.9719,13.2186],[99.9714,13.2188],[99.9722,13.2196],[99.9722,13.2213],[99.9714,13.2213]],[[99.9703,13.2167],[99.9708,13.2169],[99.9708,13.2167],[99.9703,13.2167]]]}},{"type":"Feature","properties":{"kind":"flood","area_km2":0.15,"conf":"low","date":"2026-10-09"},"geometry":{"type":"Polygon","coordinates":[[[99.7749,13.6874],[99.7749,13.6866],[99.7755,13.6861],[99.7763,13.686],[99.7763,13.6866],[99.7769,13.6866],[99.7769,13.686],[99.7791,13.6841],[99.7788,13.6817],[99.7791,13.6812],[99.7802,13.6812],[99.7807,13.6817],[99.7807,13.6825],[99.7802,13.6831],[99.7802,13.6836],[99.7807,13.6839],[99.7808,13.685],[99.7799,13.685],[99.7794,13.686],[99.7785,13.6869],[99.7777,13.6869],[99.7774,13.6874],[99.7763,13.6874],[99.7763,13.6869],[99.7758,13.6874],[99.7749,13.6874]]]}},{"type":"Feature","properties":{"kind":"flood","area_km2":0.149,"conf":"low","date":"2026-10-09"},"geometry":{"type":"Polygon","coordinates":[[[99.7719,13.6793],[99.7699,13.679],[99.7699,13.6779],[99.7716,13.6782],[99.7716,13.6777],[99.7702,13.6777],[99.7699,13.6763],[99.7732,13.676],[99.7738,13.6752],[99.7746,13.6752],[99.7749,13.6768],[99.7744,13.6782],[99.7719,13.6785],[99.7719,13.6793]]]}},{"type":"Feature","properties":{"kind":"flood","area_km2":0.149,"conf":"low","date":"2026-10-09"},"geometry":{"type":"Polygon","coordinates":[[[99.7951,13.6545],[99.7923,13.6543],[99.7923,13.6535],[99.7915,13.6535],[99.7915,13.6529],[99.7909,13.6529],[99.7909,13.6518],[99.7915,13.6513],[99.7931,13.651],[99.7934,13.6499],[99.7939,13.6494],[99.7948,13.6494],[99.7951,13.6505],[99.7934,13.6515],[99.7942,13.6515],[99.7945,13.6532],[99.7951,13.6532],[99.7951,13.6545]]]}},{"type":"Feature","properties":{"kind":"flood","area_km2":0.144,"conf":"low","date":"2026-10-09"},"geometry":{"type":"Polygon","coordinates":[[[99.5867,13.6375],[99.587,13.6331],[99.5887,13.6334],[99.5889,13.6339],[99.5895,13.6339],[99.5895,13.6334],[99.5903,13.6334],[99.5909,13.6339],[99.5909,13.6348],[99.5895,13.6348],[99.5892,13.6353],[99.5898,13.6358],[99.5909,13.6358],[99.5909,13.6369],[99.5901,13.6369],[99.5898,13.6364],[99.5895,13.6369],[99.5887,13.6369],[99.5884,13.6364],[99.5878,13.6364],[99.5878,13.6372],[99.5867,13.6375]]]}},{"type":"Feature","properties":{"kind":"flood","area_km2":0.141,"conf":"low","date":"2026-10-09"},"geometry":{"type":"Polygon","coordinates":[[[99.794,13.6662],[99.794,13.6643],[99.7926,13.6646],[99.7915,13.6638],[99.7915,13.6629],[99.7926,13.6627],[99.7923,13.6613],[99.794,13.6616],[99.7937,13.6632],[99.7962,13.6632],[99.7959,13.6646],[99.7965,13.6648],[99.7965,13.6656],[99.7954,13.6662],[99.794,13.6662]],[[99.794,13.664],[99.7943,13.6643],[99.7943,13.664],[99.794,13.664]]]}},{"type":"Feature","properties":{"kind":"flood","area_km2":0.14,"conf":"low","date":"2026-10-09"},"geometry":{"type":"Polygon","coordinates":[[[99.7835,13.6868],[99.783,13.686],[99.7816,13.686],[99.7813,13.6841],[99.783,13.6841],[99.783,13.6852],[99.7832,13.6841],[99.7857,13.6841],[99.786,13.6847],[99.788,13.6847],[99.788,13.6857],[99.7863,13.6855],[99.786,13.686],[99.7835,13.6868]]]}},{"type":"Feature","properties":{"kind":"flood","area_km2":0.138,"conf":"low","date":"2026-10-09"},"geometry":{"type":"Polygon","coordinates":[[[99.7834,13.6527],[99.7831,13.6516],[99.7837,13.6513],[99.7837,13.6505],[99.7829,13.651],[99.7809,13.6513],[99.7809,13.6497],[99.7848,13.6497],[99.7851,13.6483],[99.787,13.6483],[99.787,13.6494],[99.7845,13.6505],[99.7845,13.651],[99.7851,13.6513],[99.7851,13.6524],[99.7834,13.6527]]]}},{"type":"Feature","properties":{"kind":"flood","area_km2":0.136,"conf":"low","date":"2026-10-02"},"geometry":{"type":"Polygon","coordinates":[[[99.2868,13.9792],[99.2868,13.9782],[99.2865,13.9787],[99.2856,13.9787],[99.2856,13.9771],[99.289,13.9771],[99.289,13.9763],[99.2906,13.9768],[99.2906,13.9776],[99.2912,13.9776],[99.2915,13.9771],[99.2929,13.9771],[99.2918,13.9773],[99.2915,13.9779],[99.292,13.9782],[99.2915,13.9782],[99.2909,13.979],[99.2904,13.9787],[99.2901,13.9792],[99.2893,13.9792],[99.2895,13.9784],[99.2884,13.9784],[99.2881,13.9792],[99.2868,13.9792]]]}},{"type":"Feature","properties":{"kind":"flood","area_km2":0.134,"conf":"low","date":"2026-10-09"},"geometry":{"type":"Polygon","coordinates":[[[99.7829,13.5892],[99.7827,13.5881],[99.7832,13.5881],[99.7832,13.5876],[99.7818,13.587],[99.7818,13.5878],[99.7799,13.5884],[99.7799,13.5868],[99.7821,13.5857],[99.7832,13.5857],[99.7832,13.5862],[99.7849,13.5865],[99.7852,13.5892],[99.7829,13.5892]]]}},{"type":"Feature","properties":{"kind":"flood","area_km2":0.133,"conf":"low","date":"2026-10-09"},"geometry":{"type":"Polygon","coordinates":[[[99.7996,13.6673],[99.7959,13.667],[99.7959,13.6662],[99.7968,13.6662],[99.7973,13.6656],[99.7973,13.6646],[99.7984,13.664],[99.8001,13.664],[99.8004,13.6651],[99.8018,13.6648],[99.8018,13.6654],[99.8029,13.6656],[99.8029,13.6664],[99.8009,13.6664],[99.7998,13.6659],[99.7993,13.6651],[99.7987,13.6651],[99.799,13.6664],[99.7996,13.6664],[99.7996,13.6673]]]}},{"type":"Feature","properties":{"kind":"flood","area_km2":0.133,"conf":"low","date":"2026-10-09"},"geometry":{"type":"Polygon","coordinates":[[[99.7682,13.6652],[99.7682,13.6622],[99.769,13.6617],[99.769,13.6611],[99.7699,13.6611],[99.7699,13.6598],[99.7704,13.6592],[99.7712,13.6592],[99.7715,13.6619],[99.7704,13.6627],[99.7693,13.6652],[99.7682,13.6652]]]}},{"type":"Feature","properties":{"kind":"flood","area_km2":0.131,"conf":"low","date":"2026-10-09"},"geometry":{"type":"Polygon","coordinates":[[[99.7793,13.6719],[99.7793,13.6703],[99.7788,13.6695],[99.7774,13.6692],[99.7774,13.6681],[99.7804,13.6676],[99.7807,13.6681],[99.7815,13.6681],[99.7813,13.67],[99.7801,13.67],[99.7802,13.6706],[99.7813,13.6708],[99.7813,13.6717],[99.7793,13.6719]]]}},{"type":"Feature","properties":{"kind":"flood","area_km2":0.13,"conf":"low","date":"2026-10-09"},"geometry":{"type":"Polygon","coordinates":[[[99.3992,13.9487],[99.3995,13.946],[99.4003,13.946],[99.4006,13.9471],[99.402,13.9463],[99.402,13.9446],[99.4039,13.9449],[99.4036,13.9473],[99.4031,13.9473],[99.4028,13.9479],[99.4009,13.9479],[99.4003,13.9487],[99.3992,13.9487]]]}},{"type":"Feature","properties":{"kind":"flood","area_km2":0.128,"conf":"low","date":"2026-10-09"},"geometry":{"type":"Polygon","coordinates":[[[99.5711,13.6172],[99.5709,13.6142],[99.5717,13.6142],[99.5722,13.6128],[99.5736,13.6128],[99.5739,13.6144],[99.5734,13.6153],[99.5736,13.6158],[99.5742,13.6158],[99.5742,13.6166],[99.5731,13.6172],[99.5711,13.6172]]]}},{"type":"Feature","properties":{"kind":"flood","area_km2":0.126,"conf":"low","date":"2026-10-02"},"geometry":{"type":"Polygon","coordinates":[[[99.2845,13.9741],[99.2842,13.9725],[99.2837,13.9719],[99.2837,13.97],[99.2842,13.97],[99.284,13.9692],[99.2851,13.9692],[99.2851,13.9676],[99.2865,13.9676],[99.2865,13.9698],[99.2851,13.9727],[99.2854,13.9741],[99.2845,13.9741]],[[99.284,13.9714],[99.2842,13.9717],[99.2842,13.9714],[99.284,13.9714]],[[99.2856,13.9679],[99.2859,13.9681],[99.2859,13.9679],[99.2856,13.9679]]]}},{"type":"Feature","properties":{"kind":"flood","area_km2":0.124,"conf":"low","date":"2026-10-09"},"geometry":{"type":"Polygon","coordinates":[[[99.6682,13.2217],[99.6646,13.2217],[99.6643,13.2209],[99.6635,13.2209],[99.663,13.219],[99.6643,13.2182],[99.6646,13.2201],[99.6685,13.2198],[99.6682,13.2217]]]}},{"type":"Feature","properties":{"kind":"flood","area_km2":0.124,"conf":"low","date":"2026-10-09"},"geometry":{"type":"Polygon","coordinates":[[[99.9395,13.2171],[99.9393,13.2152],[99.9406,13.2154],[99.9409,13.2146],[99.9417,13.2146],[99.9417,13.2151],[99.9429,13.2154],[99.9429,13.2146],[99.9451,13.2143],[99.9451,13.2165],[99.9442,13.2165],[99.9442,13.2157],[99.9437,13.2157],[99.9437,13.2165],[99.942,13.2165],[99.9423,13.217],[99.9395,13.2171]]]}},{"type":"Feature","properties":{"kind":"flood","area_km2":0.122,"conf":"low","date":"2026-10-09"},"geometry":{"type":"Polygon","coordinates":[[[99.7773,13.6605],[99.7771,13.6587],[99.7776,13.6587],[99.7776,13.6581],[99.7754,13.6584],[99.7754,13.6568],[99.7765,13.6562],[99.7787,13.6562],[99.7784,13.6581],[99.779,13.6584],[99.779,13.66],[99.7787,13.6605],[99.7773,13.6605]]]}},{"type":"Feature","properties":{"kind":"flood","area_km2":0.122,"conf":"low","date":"2026-10-09"},"geometry":{"type":"Polygon","coordinates":[[[99.7792,13.6323],[99.7784,13.6299],[99.7778,13.6299],[99.7778,13.6285],[99.7786,13.6285],[99.7786,13.6296],[99.7797,13.6296],[99.7797,13.6291],[99.7808,13.628],[99.782,13.628],[99.7811,13.6285],[99.7811,13.6296],[99.7831,13.6296],[99.7831,13.6304],[99.7822,13.6312],[99.7811,13.6312],[99.7809,13.6304],[99.7797,13.6302],[99.7795,13.6307],[99.7803,13.631],[99.7803,13.6321],[99.7792,13.6323]]]}},{"type":"Feature","properties":{"kind":"flood","area_km2":0.122,"conf":"low","date":"2026-10-09"},"geometry":{"type":"Polygon","coordinates":[[[99.78,13.6171],[99.78,13.6161],[99.7789,13.6161],[99.7769,13.615],[99.7772,13.6128],[99.778,13.6128],[99.7783,13.6139],[99.7811,13.6142],[99.7811,13.615],[99.78,13.6152],[99.78,13.6158],[99.7822,13.6161],[99.7822,13.6169],[99.78,13.6171]]]}},{"type":"Feature","properties":{"kind":"flood","area_km2":0.122,"conf":"low","date":"2026-10-09"},"geometry":{"type":"Polygon","coordinates":[[[99.786,13.5867],[99.7849,13.5865],[99.7846,13.5851],[99.7846,13.5843],[99.7851,13.5843],[99.7849,13.5821],[99.7854,13.5816],[99.7865,13.5819],[99.7865,13.5827],[99.7874,13.5838],[99.7871,13.5862],[99.786,13.5867]]]}},{"type":"Feature","properties":{"kind":"flood","area_km2":0.116,"conf":"low","date":"2026-10-09"},"geometry":{"type":"Polygon","coordinates":[[[99.7743,13.6744],[99.7741,13.6714],[99.7746,13.6711],[99.7746,13.6706],[99.774,13.6706],[99.774,13.6692],[99.7752,13.6687],[99.7765,13.6687],[99.7765,13.6698],[99.7757,13.6703],[99.7754,13.6717],[99.776,13.6741],[99.7743,13.6744]]]}},{"type":"Feature","properties":{"kind":"flood","area_km2":0.113,"conf":"low","date":"2026-10-02"},"geometry":{"type":"Polygon","coordinates":[[[99.3115,13.964],[99.3109,13.9635],[99.3109,13.9627],[99.3103,13.9627],[99.3103,13.9619],[99.3115,13.9608],[99.3117,13.9613],[99.3134,13.9613],[99.314,13.9602],[99.3145,13.9616],[99.3137,13.9629],[99.3137,13.9638],[99.3115,13.964]]]}},{"type":"Feature","properties":{"kind":"flood","area_km2":0.11,"conf":"low","date":"2026-10-09"},"geometry":{"type":"Polygon","coordinates":[[[99.6009,13.9738],[99.6012,13.9722],[99.602,13.9716],[99.602,13.9711],[99.6031,13.9713],[99.6039,13.9705],[99.6059,13.9703],[99.6059,13.9716],[99.6053,13.9716],[99.6028,13.9735],[99.6017,13.9732],[99.6015,13.9738],[99.6009,13.9738]]]}},{"type":"Feature","properties":{"kind":"flood","area_km2":0.11,"conf":"low","date":"2026-10-09"},"geometry":{"type":"Polygon","coordinates":[[[99.8748,13.6008],[99.8742,13.6003],[99.8739,13.5981],[99.8764,13.5989],[99.8786,13.5989],[99.8784,13.6008],[99.8748,13.6008]]]}},{"type":"Feature","properties":{"kind":"flood","area_km2":0.108,"conf":"low","date":"2026-10-09"},"geometry":{"type":"Polygon","coordinates":[[[99.8065,13.5853],[99.8065,13.5848],[99.8054,13.584],[99.8054,13.5829],[99.8062,13.5826],[99.8062,13.5821],[99.8073,13.5821],[99.8079,13.5834],[99.8093,13.5831],[99.8093,13.5853],[99.8065,13.5853]]]}},{"type":"Feature","properties":{"kind":"flood","area_km2":0.105,"conf":"low","date":"2026-10-09"},"geometry":{"type":"Polygon","coordinates":[[[99.764,13.6359],[99.7642,13.634],[99.7651,13.6337],[99.7634,13.6335],[99.7634,13.6324],[99.7664,13.6321],[99.7667,13.6335],[99.7656,13.6343],[99.7662,13.6359],[99.764,13.6359]]]}},{"type":"Feature","properties":{"kind":"flood","area_km2":0.104,"conf":"low","date":"2026-10-09"},"geometry":{"type":"Polygon","coordinates":[[[99.7661,13.6288],[99.7661,13.6272],[99.7653,13.6267],[99.7653,13.6261],[99.7636,13.6261],[99.7636,13.6253],[99.7645,13.6248],[99.7675,13.625],[99.7673,13.6286],[99.7661,13.6288]]]}},{"type":"Feature","properties":{"kind":"flood","area_km2":0.103,"conf":"low","date":"2026-10-09"},"geometry":{"type":"Polygon","coordinates":[[[99.5178,13.9564],[99.5181,13.9547],[99.5175,13.9547],[99.5175,13.9534],[99.5178,13.9528],[99.5184,13.9528],[99.5184,13.952],[99.5192,13.952],[99.5192,13.9531],[99.5195,13.9526],[99.5203,13.9525],[99.5206,13.9536],[99.5186,13.9539],[99.5186,13.9545],[99.5189,13.955],[99.5209,13.9544],[99.5209,13.9555],[99.5206,13.9561],[99.5192,13.9558],[99.5189,13.9563],[99.5178,13.9564]]]}},{"type":"Feature","properties":{"kind":"flood","area_km2":0.102,"conf":"low","date":"2026-10-09"},"geometry":{"type":"Polygon","coordinates":[[[99.7715,13.6671],[99.7715,13.666],[99.7707,13.6649],[99.7707,13.6641],[99.7713,13.6636],[99.7721,13.6635],[99.7724,13.6644],[99.7732,13.6649],[99.7751,13.6649],[99.7751,13.6657],[99.7746,13.6663],[99.7735,13.6663],[99.7726,13.6665],[99.7726,13.6671],[99.7715,13.6671]]]}},{"type":"Feature","properties":{"kind":"flood","area_km2":0.099,"conf":"low","date":"2026-10-09"},"geometry":{"type":"Polygon","coordinates":[[[99.8434,13.5201],[99.8431,13.5187],[99.8426,13.5185],[99.8426,13.5171],[99.8453,13.5171],[99.8459,13.5196],[99.8451,13.5201],[99.8434,13.5201]]]}},{"type":"Feature","properties":{"kind":"flood","area_km2":0.098,"conf":"low","date":"2026-10-09"},"geometry":{"type":"Polygon","coordinates":[[[99.7937,13.5729],[99.7931,13.5691],[99.7948,13.5691],[99.7948,13.5707],[99.7965,13.5702],[99.7965,13.5723],[99.7951,13.5721],[99.7945,13.5729],[99.7937,13.5729]]]}},{"type":"Feature","properties":{"kind":"flood","area_km2":0.097,"conf":"low","date":"2026-10-09"},"geometry":{"type":"Polygon","coordinates":[[[99.984,13.1819],[99.9826,13.1816],[99.9829,13.1803],[99.9837,13.18],[99.9837,13.1789],[99.9845,13.1786],[99.9851,13.1776],[99.9859,13.1775],[99.9859,13.1784],[99.9865,13.1784],[99.9865,13.1792],[99.9856,13.1792],[99.9859,13.1803],[99.9848,13.1811],[99.984,13.1811],[99.984,13.1819]]]}},{"type":"Feature","properties":{"kind":"flood","area_km2":0.096,"conf":"low","date":"2026-10-09"},"geometry":{"type":"Polygon","coordinates":[[[99.7777,13.6106],[99.7777,13.6096],[99.7794,13.609],[99.7794,13.6074],[99.7827,13.6074],[99.7827,13.6082],[99.7808,13.6087],[99.7802,13.6104],[99.7777,13.6106]]]}},{"type":"Feature","properties":{"kind":"flood","area_km2":0.095,"conf":"low","date":"2026-10-09"},"geometry":{"type":"Polygon","coordinates":[[[100.0021,13.7577],[100.0005,13.7571],[99.9983,13.7574],[99.9983,13.755],[100.0013,13.7552],[100.0013,13.7566],[100.0021,13.7566],[100.0021,13.7577]]]}},{"type":"Feature","properties":{"kind":"flood","area_km2":0.094,"conf":"low","date":"2026-10-02"},"geometry":{"type":"Polygon","coordinates":[[[99.3339,13.9512],[99.3334,13.9504],[99.3334,13.9494],[99.3342,13.9491],[99.3339,13.9477],[99.3348,13.9477],[99.3353,13.9485],[99.3364,13.9485],[99.3364,13.948],[99.3378,13.9477],[99.3378,13.9485],[99.337,13.9493],[99.3359,13.9496],[99.335,13.9507],[99.3339,13.9512]]]}},{"type":"Feature","properties":{"kind":"flood","area_km2":0.093,"conf":"low","date":"2026-10-09"},"geometry":{"type":"Polygon","coordinates":[[[99.7687,13.6552],[99.7687,13.653],[99.7709,13.6527],[99.7715,13.6519],[99.7723,13.6519],[99.7726,13.6538],[99.7718,13.6538],[99.7715,13.6543],[99.7704,13.6543],[99.7701,13.6549],[99.7687,13.6552]]]}},{"type":"Feature","properties":{"kind":"flood","area_km2":0.092,"conf":"low","date":"2026-10-09"},"geometry":{"type":"Polygon","coordinates":[[[99.8024,13.6827],[99.8024,13.6819],[99.8029,13.6819],[99.8032,13.6808],[99.8018,13.6808],[99.8018,13.68],[99.801,13.68],[99.801,13.6792],[99.8024,13.6792],[99.8024,13.6797],[99.8051,13.6794],[99.8051,13.6805],[99.8046,13.6805],[99.8046,13.6822],[99.8032,13.6822],[99.8032,13.6827],[99.8024,13.6827]]]}},{"type":"Feature","properties":{"kind":"flood","area_km2":0.091,"conf":"low","date":"2026-10-09"},"geometry":{"type":"Polygon","coordinates":[[[99.9424,13.7354],[99.9427,13.7338],[99.9421,13.7335],[99.9421,13.7324],[99.9443,13.7324],[99.9454,13.7332],[99.9452,13.7348],[99.9424,13.7354]]]}},{"type":"Feature","properties":{"kind":"flood","area_km2":0.091,"conf":"low","date":"2026-10-09"},"geometry":{"type":"Polygon","coordinates":[[[99.7626,13.6419],[99.7623,13.6413],[99.7609,13.6413],[99.7609,13.6405],[99.7615,13.6405],[99.7617,13.6397],[99.7642,13.6397],[99.7648,13.6405],[99.7656,13.6408],[99.7656,13.6419],[99.7626,13.6419]]]}},{"type":"Feature","properties":{"kind":"flood","area_km2":0.086,"conf":"low","date":"2026-10-09"},"geometry":{"type":"Polygon","coordinates":[[[99.7899,13.67],[99.7901,13.6686],[99.7896,13.6686],[99.7896,13.6692],[99.7879,13.6695],[99.7879,13.6687],[99.7887,13.6676],[99.7887,13.6662],[99.7904,13.6662],[99.7901,13.6676],[99.791,13.6684],[99.791,13.67],[99.7899,13.67]]]}},{"type":"Feature","properties":{"kind":"flood","area_km2":0.086,"conf":"low","date":"2026-10-09"},"geometry":{"type":"Polygon","coordinates":[[[99.8695,13.5984],[99.8689,13.5979],[99.8686,13.5965],[99.8661,13.5954],[99.8661,13.5946],[99.867,13.5946],[99.8675,13.5952],[99.8689,13.5949],[99.8689,13.5957],[99.8706,13.596],[99.8703,13.5984],[99.8695,13.5984]]]}},{"type":"Feature","properties":{"kind":"flood","area_km2":0.085,"conf":"low","date":"2026-10-09"},"geometry":{"type":"Polygon","coordinates":[[[99.7822,13.7053],[99.7822,13.7042],[99.7839,13.7039],[99.7839,13.7026],[99.7858,13.7023],[99.7861,13.7039],[99.7853,13.7039],[99.7853,13.7053],[99.7822,13.7053]]]}},{"type":"Feature","properties":{"kind":"flood","area_km2":0.079,"conf":"low","date":"2026-10-09"},"geometry":{"type":"Polygon","coordinates":[[[99.7934,13.6486],[99.7934,13.6469],[99.7926,13.6467],[99.7925,13.6453],[99.7953,13.6456],[99.7956,13.6448],[99.7959,13.6467],[99.795,13.6467],[99.7951,13.6472],[99.7945,13.6472],[99.7948,13.6486],[99.7934,13.6486]]]}},{"type":"Feature","properties":{"kind":"flood","area_km2":0.078,"conf":"low","date":"2026-10-09"},"geometry":{"type":"Polygon","coordinates":[[[99.796,13.686],[99.7949,13.6852],[99.7946,13.6819],[99.7954,13.6819],[99.7957,13.6835],[99.7968,13.6838],[99.7968,13.6846],[99.7977,13.6846],[99.7977,13.6857],[99.796,13.686]]]}},{"type":"Feature","properties":{"kind":"flood","area_km2":0.078,"conf":"low","date":"2026-10-09"},"geometry":{"type":"Polygon","coordinates":[[[99.9395,13.3478],[99.9384,13.3456],[99.9384,13.3445],[99.9403,13.3435],[99.9403,13.3443],[99.9406,13.3448],[99.9411,13.3448],[99.9411,13.3456],[99.9398,13.3456],[99.9398,13.347],[99.9412,13.3472],[99.9406,13.3478],[99.9395,13.3478]]]}},{"type":"Feature","properties":{"kind":"flood","area_km2":0.078,"conf":"low","date":"2026-10-09"},"geometry":{"type":"Polygon","coordinates":[[[99.9484,13.3478],[99.9481,13.3461],[99.9489,13.3461],[99.9489,13.3456],[99.9481,13.345],[99.9478,13.3442],[99.9481,13.3437],[99.9494,13.344],[99.9494,13.3426],[99.95,13.3426],[99.9503,13.3437],[99.95,13.3442],[99.9494,13.3442],[99.95,13.3445],[99.9497,13.3475],[99.9484,13.3478]],[[99.9492,13.3464],[99.9495,13.3469],[99.9495,13.3464],[99.9492,13.3464]],[[99.9492,13.3453],[99.9495,13.3459],[99.9495,13.3453],[99.9492,13.3453]],[[99.9489,13.3445],[99.9492,13.3448],[99.9492,13.3445],[99.9489,13.3445]]]}},{"type":"Feature","properties":{"kind":"flood","area_km2":0.077,"conf":"low","date":"2026-10-09"},"geometry":{"type":"Polygon","coordinates":[[[99.8786,13.7353],[99.8786,13.7345],[99.878,13.734],[99.878,13.7321],[99.8794,13.7318],[99.8794,13.7334],[99.8811,13.7337],[99.8811,13.7345],[99.88,13.7353],[99.8786,13.7353]]]}},{"type":"Feature","properties":{"kind":"flood","area_km2":0.077,"conf":"low","date":"2026-10-09"},"geometry":{"type":"Polygon","coordinates":[[[99.7887,13.6581],[99.7884,13.6575],[99.7873,13.6575],[99.787,13.657],[99.7857,13.657],[99.7856,13.6554],[99.787,13.6554],[99.7873,13.6564],[99.7895,13.6559],[99.7898,13.6581],[99.7887,13.6581]]]}},{"type":"Feature","properties":{"kind":"flood","area_km2":0.076,"conf":"low","date":"2026-10-09"},"geometry":{"type":"Polygon","coordinates":[[[99.7623,13.6318],[99.7623,13.6305],[99.7614,13.6302],[99.7609,13.6281],[99.7617,13.628],[99.7623,13.6289],[99.7639,13.6289],[99.7639,13.6299],[99.7631,13.6302],[99.7637,13.6318],[99.7623,13.6318]]]}},{"type":"Feature","properties":{"kind":"flood","area_km2":0.073,"conf":"low","date":"2026-10-09"},"geometry":{"type":"Polygon","coordinates":[[[99.7684,13.6457],[99.7687,13.6424],[99.7692,13.6424],[99.7684,13.6421],[99.7684,13.6413],[99.7703,13.6416],[99.7706,13.6424],[99.7712,13.6424],[99.7712,13.6435],[99.7704,13.6435],[99.7701,13.6427],[99.7695,13.6427],[99.7695,13.6457],[99.7684,13.6457]]]}},{"type":"Feature","properties":{"kind":"flood","area_km2":0.073,"conf":"low","date":"2026-10-09"},"geometry":{"type":"Polygon","coordinates":[[[99.9582,13.2414],[99.9579,13.2406],[99.9587,13.2406],[99.9587,13.2398],[99.9593,13.2398],[99.9593,13.2379],[99.9587,13.2368],[99.9579,13.2368],[99.9579,13.2362],[99.9598,13.2368],[99.9601,13.2389],[99.9607,13.2392],[99.9607,13.24],[99.9615,13.24],[99.9601,13.2411],[99.9593,13.2406],[99.9582,13.2414]],[[99.9596,13.2392],[99.9601,13.2395],[99.9601,13.2392],[99.9596,13.2392]],[[99.959,13.2368],[99.9593,13.2371],[99.9593,13.2368],[99.959,13.2368]]]}},{"type":"Feature","properties":{"kind":"flood","area_km2":0.071,"conf":"low","date":"2026-10-09"},"geometry":{"type":"Polygon","coordinates":[[[99.7361,13.9615],[99.7361,13.9601],[99.735,13.9599],[99.735,13.9582],[99.7367,13.9577],[99.7375,13.9585],[99.7378,13.9604],[99.7367,13.9604],[99.7361,13.9615]],[[99.7361,13.9596],[99.737,13.9599],[99.737,13.9596],[99.7361,13.9596]],[[99.7364,13.959],[99.7367,13.9593],[99.7367,13.959],[99.7364,13.959]],[[99.7353,13.9582],[99.7356,13.9585],[99.7356,13.9582],[99.7353,13.9582]]]}},{"type":"Feature","properties":{"kind":"flood","area_km2":0.07,"conf":"low","date":"2026-10-09"},"geometry":{"type":"Polygon","coordinates":[[[99.9266,13.1626],[99.926,13.162],[99.926,13.1591],[99.9274,13.1588],[99.9277,13.1626],[99.9266,13.1626]]]}},{"type":"Feature","properties":{"kind":"flood","area_km2":0.069,"conf":"low","date":"2026-10-09"},"geometry":{"type":"Polygon","coordinates":[[[99.4549,13.8944],[99.4544,13.8927],[99.456,13.8927],[99.4563,13.8919],[99.4571,13.8919],[99.4574,13.8927],[99.4585,13.893],[99.4585,13.8938],[99.4563,13.8935],[99.4558,13.8944],[99.4549,13.8944]]]}},{"type":"Feature","properties":{"kind":"flood","area_km2":0.068,"conf":"low","date":"2026-10-02"},"geometry":{"type":"Polygon","coordinates":[[[99.4062,13.665],[99.4029,13.6647],[99.4029,13.6636],[99.4034,13.6628],[99.4048,13.6628],[99.4057,13.6639],[99.4062,13.6639],[99.4062,13.665]]]}},{"type":"Feature","properties":{"kind":"flood","area_km2":0.068,"conf":"low","date":"2026-10-09"},"geometry":{"type":"Polygon","coordinates":[[[99.7826,13.644],[99.7823,13.641],[99.7828,13.6405],[99.7842,13.6405],[99.7839,13.6437],[99.7826,13.644]]]}},{"type":"Feature","properties":{"kind":"flood","area_km2":0.068,"conf":"low","date":"2026-10-09"},"geometry":{"type":"Polygon","coordinates":[[[99.7813,13.6131],[99.7805,13.6123],[99.7805,13.6106],[99.7822,13.6101],[99.783,13.6131],[99.7813,13.6131]]]}},{"type":"Feature","properties":{"kind":"flood","area_km2":0.068,"conf":"low","date":"2026-10-09"},"geometry":{"type":"Polygon","coordinates":[[[99.782,13.647],[99.7803,13.6467],[99.7803,13.6451],[99.7792,13.6451],[99.7795,13.6435],[99.7806,13.6435],[99.7809,13.644],[99.7814,13.644],[99.7815,13.6448],[99.7806,13.6451],[99.7823,13.6459],[99.782,13.647]]]}},{"type":"Feature","properties":{"kind":"flood","area_km2":0.068,"conf":"low","date":"2026-10-09"},"geometry":{"type":"Polygon","coordinates":[[[99.8873,13.1711],[99.8873,13.1695],[99.8887,13.1692],[99.8887,13.1681],[99.8901,13.1681],[99.8901,13.1698],[99.8887,13.1711],[99.8873,13.1711]]]}},{"type":"Feature","properties":{"kind":"flood","area_km2":0.066,"conf":"low","date":"2026-10-09"},"geometry":{"type":"Polygon","coordinates":[[[99.8846,13.7044],[99.8843,13.7022],[99.8857,13.7009],[99.8865,13.7009],[99.8865,13.703],[99.8857,13.703],[99.8857,13.7044],[99.8846,13.7044]]]}},{"type":"Feature","properties":{"kind":"flood","area_km2":0.066,"conf":"low","date":"2026-10-09"},"geometry":{"type":"Polygon","coordinates":[[[99.7704,13.6698],[99.7688,13.6695],[99.769,13.6676],[99.7696,13.6671],[99.7713,13.6673],[99.7713,13.6692],[99.7704,13.6698]]]}},{"type":"Feature","properties":{"kind":"flood","area_km2":0.066,"conf":"high","date":"2026-10-09"},"geometry":{"type":"Polygon","coordinates":[[[99.5997,13.52],[99.5997,13.5184],[99.5992,13.5181],[99.6006,13.5178],[99.6006,13.5167],[99.6014,13.5162],[99.6014,13.5156],[99.6019,13.5151],[99.6028,13.5151],[99.6031,13.514],[99.6047,13.5146],[99.6031,13.5148],[99.6031,13.5159],[99.602,13.5159],[99.602,13.5165],[99.6008,13.517],[99.6011,13.5184],[99.6006,13.52],[99.5997,13.52]]]}},{"type":"Feature","properties":{"kind":"flood","area_km2":0.066,"conf":"low","date":"2026-10-09"},"geometry":{"type":"Polygon","coordinates":[[[99.9404,13.2225],[99.9404,13.2217],[99.9393,13.2209],[99.9393,13.2198],[99.9412,13.22],[99.9415,13.2208],[99.942,13.2208],[99.9423,13.2214],[99.9421,13.2225],[99.9404,13.2225]]]}},{"type":"Feature","properties":{"kind":"flood","area_km2":0.065,"conf":"low","date":"2026-10-09"},"geometry":{"type":"Polygon","coordinates":[[[99.8293,13.6105],[99.829,13.6064],[99.8301,13.6061],[99.8301,13.6088],[99.8307,13.6091],[99.8307,13.6102],[99.8293,13.6105]]]}},{"type":"Feature","properties":{"kind":"flood","area_km2":0.064,"conf":"low","date":"2026-10-09"},"geometry":{"type":"Polygon","coordinates":[[[99.5618,13.6392],[99.5615,13.6381],[99.562,13.6375],[99.5648,13.6373],[99.5651,13.6386],[99.564,13.6392],[99.5618,13.6392]]]}},{"type":"Feature","properties":{"kind":"flood","area_km2":0.064,"conf":"low","date":"2026-10-09"},"geometry":{"type":"Polygon","coordinates":[[[99.582,13.6342],[99.582,13.6331],[99.5828,13.6321],[99.5842,13.6318],[99.5842,13.6323],[99.5859,13.6323],[99.5859,13.6331],[99.5845,13.6331],[99.5831,13.6342],[99.582,13.6342]]]}},{"type":"Feature","properties":{"kind":"flood","area_km2":0.064,"conf":"low","date":"2026-10-09"},"geometry":{"type":"Polygon","coordinates":[[[99.8672,13.4229],[99.8669,13.4194],[99.868,13.4194],[99.8686,13.4199],[99.8688,13.4226],[99.8672,13.4229]]]}},{"type":"Feature","properties":{"kind":"flood","area_km2":0.064,"conf":"low","date":"2026-10-09"},"geometry":{"type":"Polygon","coordinates":[[[99.9903,13.0349],[99.99,13.0338],[99.9906,13.0332],[99.9897,13.0327],[99.9897,13.0319],[99.9914,13.0319],[99.992,13.0321],[99.9917,13.0332],[99.9922,13.0335],[99.9922,13.0343],[99.9903,13.0349]]]}},{"type":"Feature","properties":{"kind":"flood","area_km2":0.063,"conf":"low","date":"2026-10-09"},"geometry":{"type":"Polygon","coordinates":[[[99.9926,13.9253],[99.9923,13.9237],[99.9931,13.9226],[99.994,13.9226],[99.9945,13.9234],[99.9951,13.9234],[99.9951,13.9245],[99.994,13.9245],[99.994,13.9253],[99.9926,13.9253]]]}},{"type":"Feature","properties":{"kind":"flood","area_km2":0.063,"conf":"low","date":"2026-10-09"},"geometry":{"type":"Polygon","coordinates":[[[99.8953,13.6878],[99.8948,13.687],[99.8931,13.687],[99.8931,13.6862],[99.8959,13.6859],[99.8967,13.687],[99.8975,13.687],[99.8975,13.6878],[99.8953,13.6878]]]}},{"type":"Feature","properties":{"kind":"flood","area_km2":0.063,"conf":"low","date":"2026-10-09"},"geometry":{"type":"Polygon","coordinates":[[[99.8713,13.2561],[99.8713,13.2547],[99.8721,13.2545],[99.8707,13.2545],[99.8699,13.2534],[99.8699,13.2526],[99.8716,13.2534],[99.8727,13.2534],[99.873,13.2553],[99.8721,13.2555],[99.8721,13.2561],[99.8713,13.2561]]]}},{"type":"Feature","properties":{"kind":"flood","area_km2":0.061,"conf":"low","date":"2026-10-02"},"geometry":{"type":"Polygon","coordinates":[[[99.3858,13.9254],[99.3858,13.9249],[99.3853,13.9246],[99.3853,13.9227],[99.3847,13.9219],[99.3842,13.9219],[99.3847,13.9216],[99.3847,13.9208],[99.3855,13.9208],[99.3855,13.9216],[99.3867,13.9227],[99.3864,13.9235],[99.3869,13.9238],[99.3867,13.9251],[99.3858,13.9254]],[[99.3858,13.9243],[99.3861,13.9238],[99.3856,13.9235],[99.3856,13.924],[99.3858,13.9243]],[[99.3855,13.9221],[99.3858,13.9224],[99.3858,13.9221],[99.3855,13.9221]]]}},{"type":"Feature","properties":{"kind":"flood","area_km2":0.061,"conf":"high","date":"2026-10-09"},"geometry":{"type":"Polygon","coordinates":[[[99.5085,13.8815],[99.5082,13.8796],[99.5099,13.8793],[99.5099,13.8788],[99.511,13.8788],[99.511,13.8804],[99.5099,13.8804],[99.5099,13.8812],[99.5085,13.8815]]]}},{"type":"Feature","properties":{"kind":"flood","area_km2":0.061,"conf":"low","date":"2026-10-09"},"geometry":{"type":"Polygon","coordinates":[[[99.9934,13.7257],[99.9934,13.723],[99.9926,13.723],[99.9926,13.7222],[99.9934,13.7222],[99.9937,13.7227],[99.9942,13.7219],[99.9951,13.7219],[99.9945,13.7251],[99.9942,13.7257],[99.9934,13.7257]]]}},{"type":"Feature","properties":{"kind":"flood","area_km2":0.061,"conf":"low","date":"2026-10-09"},"geometry":{"type":"Polygon","coordinates":[[[99.7929,13.6779],[99.7927,13.6765],[99.7938,13.6762],[99.7932,13.6746],[99.7957,13.6751],[99.7957,13.676],[99.794,13.6765],[99.794,13.6776],[99.7929,13.6779]]]}},{"type":"Feature","properties":{"kind":"flood","area_km2":0.06,"conf":"low","date":"2026-10-09"},"geometry":{"type":"Polygon","coordinates":[[[99.8636,13.7419],[99.8639,13.74],[99.862,13.74],[99.8622,13.7387],[99.8644,13.7386],[99.8647,13.7416],[99.8636,13.7419]]]}},{"type":"Feature","properties":{"kind":"flood","area_km2":0.06,"conf":"low","date":"2026-10-09"},"geometry":{"type":"Polygon","coordinates":[[[99.5849,13.6679],[99.5846,13.6654],[99.5857,13.6654],[99.5857,13.6665],[99.586,13.6654],[99.5868,13.6654],[99.5871,13.6673],[99.5865,13.6673],[99.5862,13.6679],[99.5849,13.6679]]]}},{"type":"Feature","properties":{"kind":"flood","area_km2":0.059,"conf":"low","date":"2026-10-09"},"geometry":{"type":"Polygon","coordinates":[[[99.764,13.6473],[99.7634,13.6468],[99.762,13.6468],[99.7618,13.6457],[99.7623,13.6451],[99.7643,13.6454],[99.7643,13.6459],[99.7651,13.6462],[99.7651,13.647],[99.764,13.6473]]]}},{"type":"Feature","properties":{"kind":"flood","area_km2":0.059,"conf":"low","date":"2026-10-09"},"geometry":{"type":"Polygon","coordinates":[[[99.7651,13.6454],[99.764,13.6443],[99.764,13.6432],[99.7665,13.6432],[99.7668,13.6454],[99.7651,13.6454]]]}},{"type":"Feature","properties":{"kind":"flood","area_km2":0.059,"conf":"low","date":"2026-10-09"},"geometry":{"type":"Polygon","coordinates":[[[99.8725,13.5802],[99.8719,13.5797],[99.8719,13.5786],[99.8725,13.5783],[99.8725,13.5778],[99.8733,13.5778],[99.8736,13.5783],[99.8741,13.5775],[99.875,13.5775],[99.875,13.5783],[99.8736,13.5794],[99.8736,13.5799],[99.8725,13.5802]]]}},{"type":"Feature","properties":{"kind":"flood","area_km2":0.059,"conf":"low","date":"2026-10-09"},"geometry":{"type":"Polygon","coordinates":[[[99.866,13.2531],[99.866,13.2518],[99.8644,13.2518],[99.8644,13.251],[99.8671,13.2509],[99.8671,13.2515],[99.868,13.2515],[99.868,13.2523],[99.8693,13.2523],[99.8691,13.2528],[99.8666,13.2526],[99.866,13.2531]]]}},{"type":"Feature","properties":{"kind":"flood","area_km2":0.057,"conf":"high","date":"2026-10-09"},"geometry":{"type":"Polygon","coordinates":[[[99.481,13.8818],[99.481,13.8797],[99.4813,13.8791],[99.4824,13.8791],[99.4827,13.8807],[99.4835,13.8807],[99.4835,13.8816],[99.481,13.8818]]]}},{"type":"Feature","properties":{"kind":"flood","area_km2":0.057,"conf":"low","date":"2026-10-09"},"geometry":{"type":"Polygon","coordinates":[[[99.7791,13.5965],[99.7791,13.5957],[99.7763,13.596],[99.7763,13.5949],[99.7799,13.5946],[99.7799,13.5965],[99.7791,13.5965]]]}},{"type":"Feature","properties":{"kind":"flood","area_km2":0.057,"conf":"low","date":"2026-10-09"},"geometry":{"type":"Polygon","coordinates":[[[99.9895,13.0452],[99.989,13.0441],[99.989,13.0425],[99.9898,13.0425],[99.9898,13.0433],[99.9903,13.0438],[99.9917,13.0438],[99.9917,13.0452],[99.9895,13.0452]]]}},{"type":"Feature","properties":{"kind":"flood","area_km2":0.056,"conf":"low","date":"2026-10-02"},"geometry":{"type":"Polygon","coordinates":[[[99.3009,13.9781],[99.3012,13.9776],[99.3006,13.9776],[99.3006,13.9768],[99.302,13.9762],[99.3018,13.9746],[99.3037,13.9752],[99.3031,13.9768],[99.3026,13.9762],[99.3023,13.9773],[99.3015,13.9781],[99.3009,13.9781]],[[99.3029,13.9754],[99.3031,13.9757],[99.3031,13.9754],[99.3029,13.9754]]]}},{"type":"Feature","properties":{"kind":"flood","area_km2":0.056,"conf":"low","date":"2026-10-09"},"geometry":{"type":"Polygon","coordinates":[[[99.984,13.1873],[99.984,13.1865],[99.9848,13.1857],[99.9837,13.1852],[99.9837,13.1843],[99.9848,13.1841],[99.9851,13.1849],[99.9862,13.1854],[99.9862,13.1862],[99.9854,13.187],[99.984,13.1873]]]}},{"type":"Feature","properties":{"kind":"flood","area_km2":0.055,"conf":"low","date":"2026-10-09"},"geometry":{"type":"Polygon","coordinates":[[[99.8895,13.3016],[99.8894,13.2975],[99.8903,13.2975],[99.8908,13.2981],[99.8906,13.301],[99.8903,13.3016],[99.8895,13.3016]]]}},{"type":"Feature","properties":{"kind":"flood","area_km2":0.054,"conf":"low","date":"2026-10-09"},"geometry":{"type":"Polygon","coordinates":[[[99.6568,13.2038],[99.6568,13.203],[99.6582,13.2027],[99.6585,13.2022],[99.6601,13.2019],[99.6607,13.2025],[99.6607,13.2035],[99.6588,13.2033],[99.6585,13.2038],[99.6568,13.2038]]]}},{"type":"Feature","properties":{"kind":"flood","area_km2":0.053,"conf":"low","date":"2026-10-09"},"geometry":{"type":"Polygon","coordinates":[[[99.7684,13.6299],[99.7681,13.6267],[99.7695,13.6264],[99.7695,13.6299],[99.7684,13.6299]]]}},{"type":"Feature","properties":{"kind":"flood","area_km2":0.052,"conf":"low","date":"2026-10-09"},"geometry":{"type":"Polygon","coordinates":[[[99.7084,13.9849],[99.7081,13.9827],[99.7098,13.9827],[99.7106,13.9833],[99.7104,13.9846],[99.7084,13.9849]]]}},{"type":"Feature","properties":{"kind":"flood","area_km2":0.051,"conf":"low","date":"2026-10-09"},"geometry":{"type":"Polygon","coordinates":[[[99.9524,13.7367],[99.9529,13.7348],[99.9554,13.7353],[99.9554,13.7361],[99.9549,13.7364],[99.9524,13.7367]]]}},{"type":"Feature","properties":{"kind":"flood","area_km2":0.051,"conf":"low","date":"2026-10-09"},"geometry":{"type":"Polygon","coordinates":[[[99.9788,13.3303],[99.9793,13.3287],[99.9801,13.3289],[99.9804,13.3278],[99.9812,13.3278],[99.9812,13.3284],[99.9823,13.3284],[99.9824,13.3292],[99.9818,13.3297],[99.9807,13.3297],[99.9812,13.3292],[99.9804,13.3292],[99.9796,13.3303],[99.9788,13.3303]]]}},{"type":"Feature","properties":{"kind":"flood","area_km2":0.051,"conf":"low","date":"2026-10-09"},"geometry":{"type":"Polygon","coordinates":[[[99.9758,13.1331],[99.9757,13.132],[99.9769,13.1312],[99.9769,13.1307],[99.9788,13.1301],[99.9788,13.1309],[99.9777,13.1315],[99.9771,13.1328],[99.9758,13.1331]]]}},{"type":"Feature","properties":{"kind":"flood","area_km2":0.05,"conf":"low","date":"2026-10-02"},"geometry":{"type":"Polygon","coordinates":[[[99.309,13.9684],[99.3084,13.9678],[99.3084,13.967],[99.309,13.9667],[99.3092,13.9648],[99.3101,13.9646],[99.3104,13.967],[99.309,13.9684]],[[99.3095,13.9662],[99.3098,13.9665],[99.3098,13.9662],[99.3095,13.9662]],[[99.3095,13.9654],[99.3098,13.9657],[99.3098,13.9654],[99.3095,13.9654]]]}},{"type":"Feature","properties":{"kind":"flood","area_km2":0.05,"conf":"low","date":"2026-10-09"},"geometry":{"type":"Polygon","coordinates":[[[99.6897,13.9483],[99.69,13.9472],[99.6914,13.9475],[99.6908,13.9464],[99.6914,13.9467],[99.6916,13.9462],[99.6922,13.9462],[99.6928,13.9467],[99.6925,13.9483],[99.6897,13.9483]]]}},{"type":"Feature","properties":{"kind":"flood","area_km2":0.05,"conf":"low","date":"2026-10-09"},"geometry":{"type":"Polygon","coordinates":[[[99.5905,13.6117],[99.5905,13.6109],[99.5911,13.6109],[99.5914,13.6098],[99.5933,13.6098],[99.5933,13.6103],[99.5939,13.6103],[99.5939,13.6111],[99.5925,13.6109],[99.5919,13.6117],[99.5905,13.6117]]]}},{"type":"Feature","properties":{"kind":"flood","area_km2":0.05,"conf":"low","date":"2026-10-09"},"geometry":{"type":"Polygon","coordinates":[[[99.8706,13.6057],[99.8703,13.6036],[99.8712,13.6035],[99.8728,13.6046],[99.8728,13.6054],[99.8706,13.6057]]]}},{"type":"Feature","properties":{"kind":"flood","area_km2":0.05,"conf":"low","date":"2026-10-09"},"geometry":{"type":"Polygon","coordinates":[[[99.7882,13.5989],[99.7879,13.5965],[99.7902,13.5968],[99.7899,13.5981],[99.7891,13.5989],[99.7882,13.5989]]]}},{"type":"Feature","properties":{"kind":"seasonal","area_km2":2.743,"date":"2026-10-09"},"geometry":{"type":"Polygon","coordinates":[[[99.6571,13.2152],[99.6571,13.2144],[99.658,13.2139],[99.658,13.2131],[99.6591,13.2117],[99.6616,13.2114],[99.6629,13.2101],[99.6621,13.2079],[99.6613,13.2082],[99.661,13.2095],[99.6602,13.2095],[99.6588,13.2084],[99.6574,13.2087],[99.6571,13.2079],[99.6566,13.2079],[99.6563,13.2063],[99.6557,13.206],[99.6557,13.2055],[99.6574,13.2055],[99.6577,13.2046],[99.6585,13.2046],[99.6588,13.206],[99.6596,13.2065],[99.6604,13.2057],[99.6607,13.2046],[99.6621,13.2041],[99.6621,13.2027],[99.6615,13.2022],[99.6582,13.2022],[99.6582,13.2011],[99.6585,13.2],[99.6593,13.2],[99.6593,13.1992],[99.6585,13.1989],[99.6585,13.1976],[99.659,13.1976],[99.6587,13.196],[99.6601,13.1951],[99.6607,13.1938],[99.6623,13.1935],[99.6621,13.1924],[99.6609,13.1916],[99.6609,13.1911],[99.6596,13.1911],[99.6593,13.1897],[99.6607,13.19],[99.6612,13.1894],[99.6612,13.1884],[99.6618,13.1878],[99.6629,13.1878],[99.6645,13.1883],[99.6651,13.1894],[99.6656,13.1894],[99.6745,13.1981],[99.6751,13.1981],[99.6754,13.1994],[99.6745,13.2022],[99.674,13.2027],[99.674,13.2038],[99.6732,13.2046],[99.6729,13.2057],[99.671,13.206],[99.6709,13.2049],[99.6701,13.2041],[99.6701,13.2024],[99.6698,13.203],[99.6673,13.2038],[99.6673,13.2043],[99.6657,13.2044],[99.666,13.2065],[99.6646,13.2073],[99.6646,13.2095],[99.664,13.2098],[99.664,13.2106],[99.6635,13.2111],[99.6638,13.2122],[99.6627,13.212],[99.6624,13.2139],[99.6616,13.2139],[99.6607,13.2128],[99.6602,13.2128],[99.6588,13.2147],[99.6571,13.2152]],[[99.6624,13.2011],[99.6632,13.2011],[99.6635,13.2003],[99.6629,13.2003],[99.6624,13.2011]],[[99.6635,13.2],[99.6637,13.2003],[99.6637,13.2],[99.6635,13.2]],[[99.6637,13.2],[99.6662,13.1997],[99.6665,13.1992],[99.6671,13.1992],[99.6673,13.1981],[99.664,13.1989],[99.6637,13.2]],[[99.6635,13.1976],[99.6648,13.1973],[99.6651,13.1965],[99.664,13.1962],[99.6635,13.1968],[99.6635,13.1976]],[[99.6626,13.1886],[99.6629,13.1892],[99.6629,13.1886],[99.6626,13.1886]]]}},{"type":"Feature","properties":{"kind":"seasonal","area_km2":1.392,"date":"2026-10-09"},"geometry":{"type":"Polygon","coordinates":[[[99.5975,13.5186],[99.597,13.5181],[99.597,13.5167],[99.5978,13.5162],[99.5972,13.5159],[99.5972,13.5135],[99.5936,13.5132],[99.5934,13.5146],[99.592,13.5146],[99.592,13.5124],[99.5925,13.5119],[99.5925,13.5111],[99.5936,13.5105],[99.5911,13.5108],[99.5911,13.5092],[99.592,13.5083],[99.5911,13.5075],[99.5903,13.5075],[99.5903,13.5062],[99.5908,13.5054],[99.5925,13.5054],[99.5931,13.5059],[99.5931,13.5051],[99.5922,13.5048],[99.5917,13.504],[99.5903,13.504],[99.5903,13.5027],[99.5928,13.5026],[99.5933,13.5021],[99.5933,13.501],[99.5947,13.501],[99.595,13.5032],[99.5942,13.504],[99.5953,13.5048],[99.5956,13.5064],[99.5978,13.5062],[99.6025,13.5072],[99.6028,13.5067],[99.6036,13.5067],[99.6036,13.5059],[99.6028,13.5051],[99.6028,13.5034],[99.6039,13.5032],[99.6027,13.5024],[99.6027,13.501],[99.608,13.501],[99.6083,13.5015],[99.6091,13.5015],[99.6094,13.5029],[99.61,13.5029],[99.6102,13.5034],[99.61,13.5061],[99.6094,13.5072],[99.6089,13.5118],[99.6083,13.5118],[99.6072,13.5129],[99.6072,13.5143],[99.6064,13.514],[99.6064,13.5124],[99.6086,13.5102],[99.6097,13.5048],[99.6097,13.504],[99.6089,13.5048],[99.6089,13.504],[99.608,13.5032],[99.6083,13.5026],[99.6075,13.5026],[99.6075,13.5021],[99.605,13.5021],[99.6058,13.5029],[99.6064,13.5029],[99.6064,13.5037],[99.6055,13.5042],[99.6055,13.5048],[99.605,13.5048],[99.6064,13.5059],[99.6064,13.5064],[99.6058,13.5075],[99.6053,13.5075],[99.6053,13.508],[99.6047,13.507],[99.6044,13.5089],[99.6036,13.5086],[99.6033,13.5099],[99.6017,13.5099],[99.6014,13.5091],[99.6003,13.5094],[99.6,13.5089],[99.5992,13.5089],[99.5992,13.5075],[99.5986,13.5081],[99.5986,13.5075],[99.598,13.5072],[99.595,13.5073],[99.5942,13.5059],[99.5942,13.5051],[99.5936,13.5048],[99.5936,13.5037],[99.5931,13.504],[99.5931,13.5048],[99.5933,13.5056],[99.5939,13.5056],[99.5939,13.507],[99.5928,13.507],[99.5922,13.5062],[99.5914,13.5062],[99.5914,13.507],[99.5925,13.507],[99.5925,13.5097],[99.5936,13.5092],[99.5939,13.5075],[99.5942,13.5081],[99.5964,13.5081],[99.5967,13.5075],[99.5967,13.5081],[99.5981,13.5083],[99.5989,13.51],[99.5997,13.5105],[99.5994,13.5119],[99.5986,13.5116],[99.5983,13.5108],[99.5969,13.511],[99.597,13.5116],[99.5961,13.5116],[99.5961,13.511],[99.5956,13.511],[99.5956,13.5116],[99.5947,13.5116],[99.5947,13.5121],[99.5981,13.5127],[99.5986,13.5138],[99.5983,13.5143],[99.5989,13.5143],[99.5983,13.5146],[99.5983,13.5154],[99.5989,13.5159],[99.5981,13.5173],[99.5995,13.517],[99.5997,13.5159],[99.6006,13.5151],[99.6006,13.5143],[99.6019,13.5143],[99.6014,13.5135],[99.6014,13.5118],[99.6022,13.5118],[99.6033,13.5129],[99.6039,13.5121],[99.6039,13.5132],[99.6058,13.5137],[99.6064,13.5143],[99.6061,13.5148],[99.6047,13.5148],[99.6033,13.5137],[99.6025,13.5137],[99.6028,13.5151],[99.6019,13.5151],[99.6014,13.5156],[99.6014,13.5162],[99.6006,13.5167],[99.6006,13.5178],[99.5992,13.5181],[99.5986,13.5186],[99.5975,13.5186]],[[99.5939,13.5105],[99.5964,13.5102],[99.5972,13.51],[99.5972,13.5094],[99.5967,13.5094],[99.5961,13.5086],[99.595,13.5086],[99.5942,13.5094],[99.5939,13.5105]],[[99.5967,13.5086],[99.5969,13.5089],[99.5969,13.5086],[99.5967,13.5086]],[[99.6,13.5086],[99.6003,13.5089],[99.6003,13.5086],[99.6,13.5086]],[[99.6003,13.5083],[99.6005,13.5086],[99.6005,13.5083],[99.6003,13.5083]],[[99.6047,13.5042],[99.605,13.5048],[99.605,13.5042],[99.6047,13.5042]],[[99.5925,13.5032],[99.593,13.5035],[99.593,13.5032],[99.5925,13.5032]],[[99.593,13.5029],[99.5933,13.5032],[99.5933,13.5029],[99.593,13.5029]],[[99.6044,13.5018],[99.6047,13.5021],[99.6047,13.5018],[99.6044,13.5018]]]}},{"type":"Feature","properties":{"kind":"seasonal","area_km2":0.879,"date":"2026-10-02"},"geometry":{"type":"Polygon","coordinates":[[[99.4133,13.2879],[99.4128,13.2873],[99.41,13.2865],[99.41,13.2857],[99.4092,13.2852],[99.4072,13.2852],[99.4072,13.2841],[99.4078,13.2825],[99.4092,13.2817],[99.4105,13.2819],[99.4114,13.2811],[99.4117,13.2798],[99.4125,13.2798],[99.413,13.2792],[99.4147,13.2792],[99.4155,13.2787],[99.4177,13.2787],[99.4183,13.2792],[99.418,13.2781],[99.4194,13.2776],[99.4175,13.2757],[99.4169,13.2757],[99.4147,13.2741],[99.4152,13.2708],[99.4158,13.2705],[99.4163,13.2689],[99.4174,13.2681],[99.4174,13.2675],[99.4186,13.2673],[99.4186,13.2681],[99.418,13.2684],[99.418,13.2694],[99.4175,13.2703],[99.4175,13.2722],[99.4194,13.2724],[99.4194,13.2738],[99.4213,13.2762],[99.4213,13.2778],[99.4202,13.2781],[99.4191,13.2792],[99.4186,13.2814],[99.4161,13.2814],[99.4158,13.2825],[99.4142,13.2835],[99.4144,13.2849],[99.4158,13.2857],[99.4172,13.2857],[99.4175,13.2868],[99.4153,13.2873],[99.415,13.2879],[99.4133,13.2879]],[[99.4144,13.2865],[99.4147,13.2873],[99.4147,13.2865],[99.4144,13.2865]],[[99.4161,13.2863],[99.4164,13.2865],[99.4164,13.2863],[99.4161,13.2863]],[[99.4119,13.2863],[99.4136,13.286],[99.4136,13.2841],[99.413,13.2841],[99.413,13.283],[99.4136,13.2827],[99.413,13.2827],[99.4128,13.2822],[99.4125,13.2822],[99.4125,13.2825],[99.4122,13.2825],[99.4119,13.283],[99.4114,13.283],[99.4114,13.2836],[99.4111,13.2836],[99.4111,13.2838],[99.4094,13.2841],[99.4103,13.2857],[99.4111,13.2855],[99.4114,13.286],[99.4119,13.2857],[99.4119,13.2863]],[[99.4144,13.286],[99.4147,13.2863],[99.4147,13.286],[99.4144,13.286]],[[99.4139,13.2854],[99.4142,13.2857],[99.4142,13.2854],[99.4139,13.2854]],[[99.4106,13.2836],[99.4111,13.2836],[99.4111,13.283],[99.4106,13.283],[99.4106,13.2836]],[[99.4097,13.2827],[99.41,13.283],[99.41,13.2827],[99.4097,13.2827]],[[99.4111,13.2822],[99.4114,13.2827],[99.4114,13.2822],[99.4111,13.2822]],[[99.4119,13.2822],[99.4122,13.2825],[99.4122,13.2822],[99.4119,13.2822]],[[99.413,13.2825],[99.4136,13.2825],[99.4136,13.2819],[99.4144,13.2822],[99.4144,13.2817],[99.415,13.2819],[99.415,13.2814],[99.4158,13.2814],[99.4172,13.28],[99.4172,13.2789],[99.4153,13.2795],[99.4153,13.28],[99.4144,13.28],[99.4141,13.2817],[99.4122,13.2814],[99.4122,13.2819],[99.413,13.2819],[99.413,13.2825]],[[99.4139,13.2822],[99.4141,13.2825],[99.4141,13.2822],[99.4139,13.2822]],[[99.4114,13.2819],[99.4117,13.2822],[99.4117,13.2819],[99.4114,13.2819]],[[99.4117,13.2817],[99.4119,13.2819],[99.4119,13.2817],[99.4117,13.2817]],[[99.4139,13.28],[99.4141,13.2806],[99.4141,13.28],[99.4139,13.28]],[[99.4177,13.2792],[99.418,13.2795],[99.418,13.2792],[99.4177,13.2792]],[[99.4186,13.2781],[99.4189,13.2789],[99.4189,13.2781],[99.4186,13.2781]],[[99.42,13.2768],[99.4202,13.277],[99.4202,13.2768],[99.42,13.2768]],[[99.4191,13.2757],[99.4194,13.2765],[99.4194,13.2757],[99.4191,13.2757]]]}},{"type":"Feature","properties":{"kind":"seasonal","area_km2":0.875,"date":"2026-10-09"},"geometry":{"type":"Polygon","coordinates":[[[99.8636,13.2613],[99.8602,13.2605],[99.8608,13.2583],[99.8616,13.2583],[99.8616,13.2577],[99.8611,13.2577],[99.8611,13.2561],[99.8619,13.2561],[99.861,13.2558],[99.8613,13.2512],[99.8616,13.2507],[99.8624,13.2507],[99.8627,13.2515],[99.8632,13.2512],[99.863,13.2504],[99.8619,13.2504],[99.8616,13.2499],[99.8618,13.2472],[99.863,13.2472],[99.8632,13.2477],[99.8643,13.248],[99.8643,13.2485],[99.8652,13.2488],[99.8652,13.2493],[99.8668,13.249],[99.8671,13.2496],[99.8685,13.2501],[99.8685,13.2509],[99.8693,13.2509],[99.8693,13.2523],[99.868,13.2523],[99.868,13.2515],[99.8671,13.2515],[99.8671,13.2509],[99.8644,13.251],[99.8641,13.2515],[99.8644,13.2523],[99.8646,13.2518],[99.866,13.2518],[99.8657,13.2534],[99.8663,13.2534],[99.8666,13.2539],[99.8666,13.2558],[99.8655,13.2566],[99.866,13.2566],[99.866,13.2575],[99.8666,13.258],[99.8685,13.2585],[99.8685,13.2591],[99.8694,13.2591],[99.8697,13.2604],[99.8669,13.2604],[99.8663,13.261],[99.8636,13.2613]],[[99.868,13.2599],[99.8685,13.2599],[99.8685,13.2593],[99.868,13.2594],[99.868,13.2599]],[[99.8624,13.2591],[99.8627,13.2594],[99.8627,13.2591],[99.8624,13.2591]],[[99.8627,13.2564],[99.863,13.2567],[99.863,13.2564],[99.8627,13.2564]],[[99.8646,13.2537],[99.8652,13.2537],[99.8655,13.2528],[99.8646,13.2529],[99.8646,13.2537]],[[99.8644,13.2526],[99.8646,13.2529],[99.8646,13.2526],[99.8644,13.2526]]]}},{"type":"Feature","properties":{"kind":"seasonal","area_km2":0.681,"date":"2026-10-09"},"geometry":{"type":"Polygon","coordinates":[[[99.8738,13.2618],[99.8733,13.2612],[99.8724,13.2612],[99.8721,13.2607],[99.8713,13.2607],[99.871,13.258],[99.8727,13.258],[99.8727,13.2591],[99.8741,13.2585],[99.8743,13.2523],[99.8763,13.252],[99.8763,13.2525],[99.8779,13.2525],[99.8782,13.252],[99.8801,13.2517],[99.8801,13.2512],[99.8812,13.2512],[99.8818,13.2528],[99.8826,13.2533],[99.8826,13.2547],[99.8818,13.2552],[99.8815,13.2566],[99.8804,13.2577],[99.8782,13.2577],[99.8768,13.2588],[99.8749,13.2585],[99.8746,13.2591],[99.8755,13.2591],[99.8755,13.2596],[99.8741,13.2601],[99.8738,13.2618]],[[99.8779,13.255],[99.8782,13.2555],[99.8782,13.255],[99.8779,13.255]]]}},{"type":"Feature","properties":{"kind":"seasonal","area_km2":0.388,"date":"2026-10-09"},"geometry":{"type":"Polygon","coordinates":[[[99.6585,13.2217],[99.6583,13.2204],[99.6594,13.2201],[99.6591,13.2185],[99.6599,13.2185],[99.6619,13.2196],[99.6624,13.2182],[99.6621,13.2171],[99.663,13.2171],[99.6638,13.2155],[99.6646,13.2155],[99.6646,13.2163],[99.6654,13.2163],[99.6665,13.2147],[99.6679,13.2149],[99.6679,13.2157],[99.6688,13.2163],[99.6688,13.2171],[99.6679,13.2171],[99.6685,13.2176],[99.6685,13.2198],[99.6646,13.2201],[99.6646,13.2185],[99.6641,13.2182],[99.663,13.219],[99.6632,13.2204],[99.6607,13.2209],[99.6602,13.2212],[99.6602,13.2217],[99.6585,13.2217]]]}},{"type":"Feature","properties":{"kind":"seasonal","area_km2":0.376,"date":"2026-10-02"},"geometry":{"type":"Polygon","coordinates":[[[99.1789,13.8765],[99.1792,13.876],[99.1778,13.8744],[99.1775,13.8749],[99.1767,13.8749],[99.1761,13.8744],[99.1758,13.8727],[99.1786,13.8725],[99.1789,13.8733],[99.1783,13.873],[99.1778,13.8736],[99.1783,13.8738],[99.1783,13.8746],[99.1792,13.8738],[99.1795,13.8714],[99.1803,13.8711],[99.1808,13.87],[99.1814,13.87],[99.1814,13.8679],[99.1806,13.8673],[99.1808,13.8651],[99.1819,13.866],[99.1828,13.866],[99.1825,13.8673],[99.1819,13.867],[99.1819,13.8679],[99.1833,13.8684],[99.1828,13.8695],[99.1831,13.8714],[99.1825,13.8714],[99.1831,13.8719],[99.1831,13.8733],[99.1806,13.8765],[99.1789,13.8765]],[[99.1786,13.8746],[99.1789,13.8749],[99.1789,13.8746],[99.1786,13.8746]],[[99.1797,13.8744],[99.18,13.8749],[99.18,13.8744],[99.1797,13.8744]],[[99.1814,13.8725],[99.1822,13.8722],[99.1817,13.8714],[99.1811,13.8719],[99.1814,13.8725]],[[99.1825,13.8708],[99.1828,13.8711],[99.1828,13.8708],[99.1825,13.8708]],[[99.1811,13.8706],[99.1814,13.8708],[99.1814,13.8706],[99.1811,13.8706]],[[99.1808,13.8703],[99.1811,13.8706],[99.1811,13.8703],[99.1808,13.8703]],[[99.1817,13.866],[99.1819,13.8662],[99.1819,13.866],[99.1817,13.866]]]}},{"type":"Feature","properties":{"kind":"seasonal","area_km2":0.372,"date":"2026-10-09"},"geometry":{"type":"Polygon","coordinates":[[[99.6741,13.9394],[99.673,13.9383],[99.6708,13.9386],[99.6702,13.9364],[99.6697,13.9362],[99.6697,13.9354],[99.6724,13.934],[99.6727,13.9332],[99.6741,13.9332],[99.6747,13.934],[99.6758,13.934],[99.6769,13.9351],[99.6769,13.9367],[99.6763,13.9372],[99.6766,13.9386],[99.6755,13.9389],[99.6752,13.9394],[99.6741,13.9394]]]}},{"type":"Feature","properties":{"kind":"seasonal","area_km2":0.286,"date":"2026-10-09"},"geometry":{"type":"Polygon","coordinates":[[[99.6915,13.9999],[99.6915,13.999],[99.6907,13.9988],[99.6907,13.998],[99.6918,13.9977],[99.6907,13.9969],[99.6885,13.9972],[99.6876,13.998],[99.6879,13.9982],[99.6879,13.9988],[99.6874,13.9988],[99.6876,13.9993],[99.6865,13.9993],[99.6862,13.9964],[99.6873,13.9961],[99.6873,13.995],[99.689,13.995],[99.6896,13.9958],[99.6901,13.9958],[99.6904,13.9944],[99.6912,13.9944],[99.6915,13.9939],[99.6935,13.9942],[99.6935,13.995],[99.6943,13.9952],[99.6943,13.9963],[99.6937,13.9963],[99.6935,13.9969],[99.6935,13.9988],[99.6924,13.9988],[99.6924,13.9985],[99.6918,13.9985],[99.6921,13.9996],[99.6915,13.9999]],[[99.6868,13.9988],[99.6874,13.9988],[99.6874,13.9982],[99.6868,13.9982],[99.6868,13.9988]],[[99.6915,13.9982],[99.6918,13.9985],[99.6918,13.9982],[99.6915,13.9982]]]}},{"type":"Feature","properties":{"kind":"seasonal","area_km2":0.286,"date":"2026-10-09"},"geometry":{"type":"Polygon","coordinates":[[[99.9339,13.3462],[99.9342,13.3448],[99.937,13.3437],[99.937,13.3432],[99.9386,13.3424],[99.9381,13.3421],[99.9381,13.3416],[99.9375,13.3416],[99.9375,13.3405],[99.9378,13.341],[99.9392,13.3405],[99.9392,13.3418],[99.9406,13.3416],[99.9408,13.341],[99.9411,13.3418],[99.9417,13.3418],[99.9414,13.3407],[99.9422,13.3405],[99.9425,13.3394],[99.9433,13.3394],[99.9436,13.3405],[99.9444,13.3407],[99.9453,13.3432],[99.9458,13.3434],[99.9456,13.3445],[99.9439,13.3448],[99.9436,13.3437],[99.9431,13.3432],[99.9422,13.3432],[99.9422,13.3424],[99.9406,13.3424],[99.94,13.3426],[99.94,13.3432],[99.9386,13.3435],[99.9381,13.3443],[99.937,13.3445],[99.9351,13.3462],[99.9339,13.3462]],[[99.9422,13.3421],[99.9428,13.3421],[99.9433,13.3415],[99.942,13.3413],[99.9422,13.3421]],[[99.9384,13.341],[99.9389,13.3413],[99.9389,13.341],[99.9384,13.341]]]}},{"type":"Feature","properties":{"kind":"seasonal","area_km2":0.284,"date":"2026-10-09"},"geometry":{"type":"Polygon","coordinates":[[[99.8821,13.2463],[99.8809,13.2455],[99.8809,13.2444],[99.8815,13.2441],[99.8812,13.2425],[99.8818,13.2414],[99.8832,13.2417],[99.8834,13.2411],[99.8845,13.2411],[99.8851,13.2419],[99.8843,13.2427],[99.8868,13.2422],[99.8873,13.2433],[99.8884,13.2433],[99.8884,13.2444],[99.8868,13.2444],[99.8859,13.2455],[99.8848,13.2455],[99.884,13.2463],[99.8821,13.2463]],[[99.8821,13.2449],[99.8823,13.2455],[99.8823,13.2449],[99.8821,13.2449]],[[99.8815,13.2441],[99.8818,13.2444],[99.8818,13.2441],[99.8815,13.2441]],[[99.884,13.2427],[99.8843,13.243],[99.8843,13.2427],[99.884,13.2427]]]}},{"type":"Feature","properties":{"kind":"seasonal","area_km2":0.253,"date":"2026-10-09"},"geometry":{"type":"Polygon","coordinates":[[[99.6066,13.5004],[99.6063,13.4942],[99.608,13.4939],[99.608,13.4947],[99.6088,13.495],[99.6094,13.4956],[99.6094,13.4964],[99.6105,13.4972],[99.6108,13.5002],[99.6066,13.5004]],[[99.6097,13.4996],[99.6102,13.4996],[99.6102,13.4991],[99.6094,13.498],[99.6097,13.4996]]]}},{"type":"Feature","properties":{"kind":"seasonal","area_km2":0.247,"date":"2026-10-09"},"geometry":{"type":"Polygon","coordinates":[[[99.9528,13.8257],[99.9511,13.824],[99.9502,13.824],[99.9494,13.8254],[99.9486,13.8254],[99.9466,13.8243],[99.9455,13.8243],[99.9458,13.8235],[99.9452,13.823],[99.9452,13.8219],[99.9536,13.8224],[99.9533,13.8254],[99.9528,13.8257]],[[99.9458,13.823],[99.9461,13.8232],[99.9461,13.823],[99.9458,13.823]]]}},{"type":"Feature","properties":{"kind":"seasonal","area_km2":0.244,"date":"2026-10-09"},"geometry":{"type":"Polygon","coordinates":[[[99.8528,13.2613],[99.8525,13.2594],[99.8533,13.2567],[99.8552,13.2564],[99.855,13.257],[99.8558,13.2572],[99.8583,13.2572],[99.858,13.2586],[99.8572,13.2586],[99.8572,13.258],[99.8569,13.2586],[99.8561,13.2586],[99.8561,13.2594],[99.8566,13.2588],[99.858,13.2588],[99.8577,13.2613],[99.8566,13.2613],[99.8561,13.2607],[99.8528,13.2613]],[[99.8561,13.2602],[99.8569,13.2605],[99.8569,13.2602],[99.8561,13.2602]],[[99.8552,13.2599],[99.8558,13.2602],[99.8558,13.2599],[99.8552,13.2599]],[[99.8547,13.2586],[99.855,13.2589],[99.855,13.2586],[99.8547,13.2586]],[[99.8547,13.258],[99.855,13.2583],[99.855,13.258],[99.8547,13.258]]]}},{"type":"Feature","properties":{"kind":"seasonal","area_km2":0.235,"date":"2026-10-09"},"geometry":{"type":"Polygon","coordinates":[[[99.8784,13.3095],[99.8781,13.309],[99.8765,13.3087],[99.8737,13.309],[99.8737,13.3082],[99.8731,13.3076],[99.874,13.3065],[99.874,13.3057],[99.8751,13.3054],[99.8754,13.3063],[99.8787,13.306],[99.8787,13.3079],[99.879,13.3073],[99.8803,13.307],[99.8814,13.3062],[99.8809,13.3079],[99.8803,13.3081],[99.8803,13.3089],[99.8798,13.3095],[99.8784,13.3095]],[[99.8798,13.3081],[99.8801,13.3084],[99.8801,13.3081],[99.8798,13.3081]]]}},{"type":"Feature","properties":{"kind":"seasonal","area_km2":0.235,"date":"2026-10-09"},"geometry":{"type":"Polygon","coordinates":[[[99.8897,13.2259],[99.8897,13.2248],[99.8886,13.2243],[99.8886,13.2235],[99.8889,13.2227],[99.8906,13.2229],[99.8906,13.2224],[99.8897,13.2224],[99.8892,13.2218],[99.8889,13.2197],[99.8894,13.2186],[99.8903,13.2186],[99.8903,13.2191],[99.8914,13.2194],[99.8914,13.2202],[99.8922,13.2202],[99.8936,13.2216],[99.8936,13.2243],[99.8917,13.2243],[99.8917,13.2235],[99.8922,13.2229],[99.8917,13.2227],[99.8917,13.2232],[99.8908,13.2232],[99.8911,13.2243],[99.8903,13.2243],[99.8906,13.2256],[99.8897,13.2259]],[[99.8895,13.2235],[99.89,13.2237],[99.89,13.2235],[99.8895,13.2235]],[[99.8908,13.2218],[99.8917,13.2224],[99.8917,13.2213],[99.8911,13.2213],[99.8908,13.2218]],[[99.8894,13.2199],[99.89,13.2202],[99.89,13.2199],[99.8894,13.2199]],[[99.8892,13.2197],[99.8894,13.2199],[99.8894,13.2197],[99.8892,13.2197]]]}},{"type":"Feature","properties":{"kind":"seasonal","area_km2":0.211,"date":"2026-10-09"},"geometry":{"type":"Polygon","coordinates":[[[99.9783,13.3463],[99.9777,13.3452],[99.9783,13.3452],[99.9785,13.3441],[99.978,13.3436],[99.9794,13.3438],[99.9805,13.3417],[99.9824,13.3408],[99.9824,13.3403],[99.9835,13.3395],[99.984,13.3381],[99.9849,13.3381],[99.9852,13.337],[99.9863,13.3368],[99.9868,13.3378],[99.9857,13.3381],[99.9857,13.3389],[99.9852,13.3392],[99.9846,13.3408],[99.9843,13.3403],[99.9838,13.3403],[99.9821,13.3425],[99.9821,13.343],[99.9813,13.3436],[99.9813,13.3444],[99.9808,13.3444],[99.9799,13.3455],[99.9794,13.3455],[99.9794,13.3463],[99.9788,13.3457],[99.9783,13.3463]],[[99.9799,13.3444],[99.9802,13.3447],[99.9802,13.3444],[99.9799,13.3444]],[[99.9802,13.3441],[99.9808,13.3444],[99.9807,13.3441],[99.9802,13.3441]],[[99.9807,13.3417],[99.981,13.3422],[99.9813,13.3417],[99.9807,13.3417]]]}},{"type":"Feature","properties":{"kind":"seasonal","area_km2":0.21,"date":"2026-10-09"},"geometry":{"type":"Polygon","coordinates":[[[99.9551,13.2967],[99.9556,13.2959],[99.9556,13.2948],[99.9567,13.2935],[99.9564,13.2927],[99.957,13.2927],[99.957,13.2921],[99.9564,13.2921],[99.9564,13.2924],[99.9556,13.2921],[99.9556,13.2913],[99.9539,13.2894],[99.9534,13.2875],[99.9556,13.2878],[99.9559,13.2883],[99.9553,13.2886],[99.9562,13.2889],[99.9562,13.291],[99.957,13.2908],[99.9564,13.2902],[99.9573,13.2902],[99.9581,13.2908],[99.9581,13.2913],[99.9587,13.2916],[99.9584,13.2921],[99.9589,13.2924],[99.9573,13.2924],[99.9578,13.2927],[99.9581,13.2937],[99.9581,13.2951],[99.9573,13.2956],[99.9576,13.2962],[99.9551,13.2967]],[[99.9562,13.2919],[99.9564,13.2921],[99.9564,13.2919],[99.9562,13.2919]],[[99.9562,13.2913],[99.9564,13.2916],[99.9564,13.2913],[99.9562,13.2913]],[[99.9556,13.2902],[99.9559,13.2905],[99.9559,13.2902],[99.9556,13.2902]]]}},{"type":"Feature","properties":{"kind":"seasonal","area_km2":0.209,"date":"2026-10-09"},"geometry":{"type":"Polygon","coordinates":[[[99.8915,13.2514],[99.8912,13.25],[99.8923,13.25],[99.8923,13.2484],[99.8934,13.2484],[99.8943,13.249],[99.8945,13.2484],[99.8954,13.2484],[99.8956,13.2489],[99.8962,13.2484],[99.8948,13.2481],[99.8948,13.2473],[99.897,13.2476],[99.8967,13.2481],[99.8976,13.2498],[99.8976,13.2508],[99.897,13.2514],[99.8915,13.2514]],[[99.8926,13.2498],[99.8929,13.25],[99.8929,13.2498],[99.8926,13.2498]]]}},{"type":"Feature","properties":{"kind":"seasonal","area_km2":0.205,"date":"2026-10-09"},"geometry":{"type":"Polygon","coordinates":[[[99.8527,13.2513],[99.8527,13.2505],[99.8519,13.2502],[99.8522,13.2486],[99.8511,13.2483],[99.8511,13.2472],[99.8505,13.2472],[99.8505,13.2464],[99.853,13.2456],[99.8544,13.2456],[99.8555,13.2461],[99.8555,13.2469],[99.8546,13.2469],[99.8552,13.2485],[99.8544,13.2485],[99.8544,13.248],[99.8538,13.248],[99.8535,13.2488],[99.8549,13.2491],[99.8549,13.2499],[99.8541,13.2513],[99.8527,13.2513]]]}},{"type":"Feature","properties":{"kind":"seasonal","area_km2":0.2,"date":"2026-10-09"},"geometry":{"type":"Polygon","coordinates":[[[99.9059,13.2608],[99.9059,13.2581],[99.9067,13.2576],[99.907,13.256],[99.9109,13.2559],[99.9109,13.2573],[99.9098,13.2573],[99.9098,13.2584],[99.909,13.2589],[99.9087,13.2603],[99.9059,13.2608]]]}},{"type":"Feature","properties":{"kind":"seasonal","area_km2":0.197,"date":"2026-10-09"},"geometry":{"type":"Polygon","coordinates":[[[99.8803,13.294],[99.8803,13.2905],[99.8797,13.2908],[99.8797,13.2916],[99.8764,13.2913],[99.8756,13.2905],[99.875,13.2905],[99.875,13.2897],[99.8786,13.2902],[99.8789,13.2881],[99.88,13.2881],[99.8808,13.2889],[99.8814,13.2889],[99.8811,13.29],[99.8819,13.29],[99.8822,13.291],[99.8819,13.2924],[99.8814,13.2924],[99.882,13.294],[99.8803,13.294]]]}},{"type":"Feature","properties":{"kind":"seasonal","area_km2":0.196,"date":"2026-10-09"},"geometry":{"type":"Polygon","coordinates":[[[99.9269,13.3248],[99.9269,13.324],[99.9261,13.324],[99.9255,13.3221],[99.9247,13.3213],[99.9247,13.3205],[99.9255,13.3202],[99.9255,13.3196],[99.9261,13.3196],[99.9264,13.3191],[99.9275,13.3191],[99.9277,13.3183],[99.9297,13.3183],[99.9297,13.3193],[99.9286,13.3199],[99.928,13.3215],[99.928,13.3248],[99.9269,13.3248]]]}},{"type":"Feature","properties":{"kind":"seasonal","area_km2":0.191,"date":"2026-10-09"},"geometry":{"type":"Polygon","coordinates":[[[99.9452,13.8203],[99.9416,13.8197],[99.9416,13.8189],[99.9425,13.8186],[99.9427,13.817],[99.9449,13.8159],[99.9483,13.8156],[99.9494,13.817],[99.9494,13.8202],[99.9488,13.8203],[99.9491,13.8192],[99.9458,13.82],[99.9461,13.8194],[99.9491,13.8184],[99.9491,13.8175],[99.9461,13.8173],[99.9461,13.8178],[99.9455,13.8178],[99.9452,13.8173],[99.9444,13.8173],[99.9441,13.8178],[99.9441,13.817],[99.9436,13.8167],[99.943,13.8186],[99.9447,13.8186],[99.9452,13.8203]],[[99.9461,13.817],[99.9469,13.817],[99.9469,13.8165],[99.9461,13.8165],[99.9461,13.817]]]}},{"type":"Feature","properties":{"kind":"seasonal","area_km2":0.185,"date":"2026-10-09"},"geometry":{"type":"Polygon","coordinates":[[[99.9359,13.8518],[99.9356,13.8512],[99.9362,13.8507],[99.9362,13.8493],[99.9356,13.8504],[99.9351,13.8499],[99.9351,13.8477],[99.9365,13.8474],[99.937,13.8461],[99.9387,13.8461],[99.9392,13.8493],[99.9384,13.8493],[99.9379,13.8499],[99.9379,13.8515],[99.9359,13.8518]],[[99.9362,13.8482],[99.9365,13.8488],[99.9365,13.8482],[99.9362,13.8482]]]}},{"type":"Feature","properties":{"kind":"seasonal","area_km2":0.185,"date":"2026-10-09"},"geometry":{"type":"Polygon","coordinates":[[[99.7982,13.5832],[99.7973,13.5824],[99.7973,13.5813],[99.7971,13.5821],[99.7962,13.5821],[99.7959,13.581],[99.7965,13.5807],[99.7965,13.5802],[99.7987,13.5799],[99.7987,13.5794],[99.7976,13.5794],[99.7976,13.5786],[99.7987,13.5783],[99.7984,13.5772],[99.799,13.5772],[99.799,13.5767],[99.8006,13.5767],[99.8006,13.5786],[99.8001,13.5786],[99.7998,13.5818],[99.7993,13.5824],[99.7996,13.5832],[99.7982,13.5832]],[[99.7976,13.5818],[99.7979,13.5821],[99.7979,13.5818],[99.7976,13.5818]]]}},{"type":"Feature","properties":{"kind":"seasonal","area_km2":0.178,"date":"2026-10-09"},"geometry":{"type":"Polygon","coordinates":[[[99.956,13.814],[99.956,13.8134],[99.9544,13.8121],[99.9544,13.8113],[99.9549,13.811],[99.9546,13.8094],[99.9563,13.8094],[99.9566,13.8113],[99.9571,13.8121],[99.9594,13.8115],[99.9605,13.8115],[99.961,13.8121],[99.961,13.8132],[99.956,13.814]]]}},{"type":"Feature","properties":{"kind":"seasonal","area_km2":0.175,"date":"2026-10-09"},"geometry":{"type":"Polygon","coordinates":[[[99.8714,13.8987],[99.8711,13.8973],[99.8717,13.897],[99.8717,13.8962],[99.8725,13.8959],[99.8725,13.8951],[99.8731,13.8949],[99.8733,13.8938],[99.8745,13.8935],[99.8753,13.8924],[99.8767,13.8924],[99.8767,13.8932],[99.875,13.894],[99.8753,13.8948],[99.8767,13.8946],[99.8764,13.8959],[99.8739,13.8962],[99.8736,13.8957],[99.8736,13.8962],[99.8731,13.8965],[99.8736,13.8981],[99.8728,13.8986],[99.8714,13.8987]]]}},{"type":"Feature","properties":{"kind":"seasonal","area_km2":0.163,"date":"2026-10-09"},"geometry":{"type":"Polygon","coordinates":[[[99.8936,13.2148],[99.8933,13.2129],[99.8914,13.2126],[99.8913,13.2118],[99.8972,13.2121],[99.8977,13.2137],[99.8975,13.2148],[99.8936,13.2148]]]}},{"type":"Feature","properties":{"kind":"seasonal","area_km2":0.161,"date":"2026-10-09"},"geometry":{"type":"Polygon","coordinates":[[[99.8679,13.3033],[99.8676,13.3009],[99.8665,13.3006],[99.8665,13.2987],[99.8676,13.2987],[99.8678,13.2992],[99.8714,13.2989],[99.8715,13.3008],[99.8692,13.3017],[99.869,13.303],[99.8679,13.3033]]]}},{"type":"Feature","properties":{"kind":"seasonal","area_km2":0.158,"date":"2026-10-09"},"geometry":{"type":"Polygon","coordinates":[[[99.8854,13.3282],[99.8857,13.3276],[99.8851,13.3276],[99.8846,13.326],[99.8854,13.3268],[99.8865,13.3255],[99.8854,13.3257],[99.8862,13.3249],[99.8862,13.3244],[99.8854,13.3244],[99.8851,13.3255],[99.8848,13.3249],[99.8843,13.3249],[99.8843,13.3217],[99.8854,13.3217],[99.8865,13.3228],[99.8865,13.3236],[99.8873,13.3238],[99.8876,13.3252],[99.8882,13.3252],[99.8882,13.3266],[99.8873,13.3274],[99.8868,13.3274],[99.8868,13.3276],[99.8865,13.3276],[99.8862,13.3282],[99.8854,13.3282]],[[99.886,13.3276],[99.8865,13.3276],[99.8865,13.3271],[99.8857,13.3271],[99.886,13.3276]],[[99.8868,13.3271],[99.8873,13.3268],[99.8871,13.3263],[99.8865,13.3266],[99.8868,13.3271]],[[99.8873,13.3263],[99.8879,13.3263],[99.8879,13.3257],[99.8873,13.3257],[99.8873,13.3263]],[[99.8865,13.3252],[99.8868,13.3255],[99.8868,13.3252],[99.8865,13.3252]],[[99.8868,13.3249],[99.8871,13.3252],[99.8871,13.3249],[99.8868,13.3249]],[[99.8871,13.3247],[99.8873,13.3249],[99.8873,13.3247],[99.8871,13.3247]],[[99.8851,13.3236],[99.8854,13.3238],[99.8854,13.3236],[99.8851,13.3236]]]}},{"type":"Feature","properties":{"kind":"seasonal","area_km2":0.156,"date":"2026-10-09"},"geometry":{"type":"Polygon","coordinates":[[[99.9154,13.8608],[99.9138,13.8603],[99.9137,13.8589],[99.9132,13.857],[99.9126,13.8567],[99.9126,13.8559],[99.9148,13.8562],[99.9165,13.8573],[99.9165,13.8605],[99.9154,13.8608]]]}},{"type":"Feature","properties":{"kind":"seasonal","area_km2":0.155,"date":"2026-10-09"},"geometry":{"type":"Polygon","coordinates":[[[99.6306,13.9715],[99.6306,13.9705],[99.6337,13.9696],[99.6342,13.9686],[99.6348,13.965],[99.6342,13.965],[99.6336,13.9634],[99.6345,13.9634],[99.6345,13.9642],[99.635,13.9642],[99.635,13.965],[99.6359,13.9661],[99.6356,13.9694],[99.6339,13.971],[99.6306,13.9715]]]}},{"type":"Feature","properties":{"kind":"seasonal","area_km2":0.155,"date":"2026-10-09"},"geometry":{"type":"Polygon","coordinates":[[[99.8445,13.9101],[99.8437,13.9091],[99.8431,13.9091],[99.8429,13.9085],[99.8418,13.9085],[99.8412,13.908],[99.8412,13.9072],[99.8434,13.9072],[99.8431,13.9055],[99.8437,13.9053],[99.8437,13.9047],[99.8453,13.9047],[99.8453,13.9053],[99.8448,13.9055],[99.8451,13.9069],[99.8465,13.9074],[99.8462,13.908],[99.8456,13.908],[99.8462,13.9082],[99.8456,13.9085],[99.8456,13.9099],[99.8445,13.9101]]]}},{"type":"Feature","properties":{"kind":"seasonal","area_km2":0.154,"date":"2026-10-09"},"geometry":{"type":"Polygon","coordinates":[[[99.991,13.2068],[99.991,13.2055],[99.9924,13.2057],[99.9921,13.2047],[99.9915,13.2044],[99.9915,13.2025],[99.9932,13.2033],[99.9932,13.2038],[99.9946,13.2041],[99.9949,13.2052],[99.9968,13.2054],[99.9968,13.2068],[99.9943,13.2068],[99.9932,13.206],[99.9924,13.206],[99.9921,13.2068],[99.991,13.2068]],[[99.9946,13.2063],[99.9949,13.2065],[99.9949,13.2063],[99.9946,13.2063]],[[99.9932,13.2046],[99.9935,13.2052],[99.9935,13.2046],[99.9932,13.2046]]]}},{"type":"Feature","properties":{"kind":"seasonal","area_km2":0.152,"date":"2026-10-09"},"geometry":{"type":"Polygon","coordinates":[[[99.8736,13.8851],[99.8739,13.8843],[99.8733,13.8837],[99.8728,13.8843],[99.8719,13.8843],[99.8719,13.8835],[99.8705,13.8837],[99.8708,13.8832],[99.8714,13.8832],[99.8705,13.8827],[99.8705,13.8816],[99.8716,13.8816],[99.8716,13.8821],[99.8719,13.8816],[99.8733,13.8816],[99.8733,13.8821],[99.8744,13.8821],[99.8744,13.8807],[99.8755,13.8807],[99.8758,13.8824],[99.8772,13.8821],[99.8769,13.8826],[99.8775,13.8832],[99.8753,13.8829],[99.875,13.8835],[99.8741,13.8835],[99.8747,13.8851],[99.8736,13.8851]],[[99.8708,13.8818],[99.8711,13.8821],[99.8711,13.8818],[99.8708,13.8818]]]}},{"type":"Feature","properties":{"kind":"seasonal","area_km2":0.152,"date":"2026-10-02"},"geometry":{"type":"Polygon","coordinates":[[[99.1767,13.8605],[99.1758,13.8603],[99.1753,13.8595],[99.1756,13.8578],[99.1767,13.8578],[99.1769,13.8584],[99.1775,13.8584],[99.1781,13.8573],[99.1778,13.8548],[99.1789,13.8546],[99.1803,13.8557],[99.18,13.857],[99.1794,13.857],[99.1794,13.8565],[99.1792,13.8565],[99.1792,13.8559],[99.1789,13.8559],[99.1789,13.8576],[99.1794,13.8581],[99.1783,13.86],[99.1769,13.86],[99.1767,13.8605]],[[99.1786,13.8557],[99.1789,13.8559],[99.1789,13.8557],[99.1786,13.8557]]]}},{"type":"Feature","properties":{"kind":"seasonal","area_km2":0.152,"date":"2026-10-09"},"geometry":{"type":"Polygon","coordinates":[[[99.9963,13.755],[99.9958,13.7544],[99.9944,13.7542],[99.9944,13.7531],[99.9949,13.7531],[99.9955,13.7523],[99.9946,13.752],[99.9943,13.7506],[99.9966,13.7509],[99.9966,13.7501],[99.9977,13.7501],[99.9977,13.7509],[99.9982,13.7512],[99.9982,13.7525],[99.9977,13.7528],[99.9977,13.7536],[99.9969,13.7539],[99.9971,13.755],[99.9963,13.755]],[[99.9957,13.7514],[99.9963,13.7517],[99.9963,13.7514],[99.9957,13.7514]]]}},{"type":"Feature","properties":{"kind":"seasonal","area_km2":0.152,"date":"2026-10-09"},"geometry":{"type":"Polygon","coordinates":[[[99.9475,13.3372],[99.9491,13.3353],[99.9494,13.3337],[99.9502,13.3336],[99.9502,13.3331],[99.9516,13.332],[99.9516,13.3312],[99.9524,13.3304],[99.9535,13.3304],[99.9544,13.3293],[99.9549,13.3298],[99.9549,13.3306],[99.9544,13.3306],[99.9544,13.3312],[99.9538,13.3312],[99.9527,13.3326],[99.9516,13.3331],[99.9516,13.3342],[99.9514,13.3347],[99.9508,13.3347],[99.9514,13.3353],[99.9508,13.3358],[99.9497,13.3358],[99.9489,13.3366],[99.9489,13.3372],[99.9475,13.3372]],[[99.9511,13.3328],[99.9513,13.3331],[99.9513,13.3328],[99.9511,13.3328]],[[99.9513,13.3326],[99.9516,13.3328],[99.9516,13.3326],[99.9513,13.3326]],[[99.9516,13.332],[99.9519,13.3323],[99.9519,13.332],[99.9516,13.332]],[[99.9519,13.3317],[99.9522,13.332],[99.9522,13.3317],[99.9519,13.3317]],[[99.9522,13.3312],[99.9524,13.3317],[99.9524,13.3312],[99.9522,13.3312]]]}},{"type":"Feature","properties":{"kind":"seasonal","area_km2":0.152,"date":"2026-10-09"},"geometry":{"type":"Polygon","coordinates":[[[99.8916,13.2113],[99.8916,13.2091],[99.8922,13.2085],[99.8966,13.2085],[99.8969,13.2102],[99.8969,13.211],[99.8966,13.211],[99.8966,13.2112],[99.8916,13.2113]],[[99.8961,13.211],[99.8966,13.211],[99.8966,13.2104],[99.8961,13.2104],[99.8961,13.211]]]}},{"type":"Feature","properties":{"kind":"seasonal","area_km2":0.15,"date":"2026-10-09"},"geometry":{"type":"Polygon","coordinates":[[[99.893,13.8856],[99.8933,13.8842],[99.8925,13.8839],[99.8922,13.8823],[99.8905,13.8815],[99.89,13.8823],[99.8897,13.8804],[99.8913,13.8804],[99.8922,13.8812],[99.8933,13.8812],[99.8936,13.8807],[99.8952,13.8809],[99.8952,13.8828],[99.8941,13.8834],[99.8941,13.8853],[99.893,13.8856]]]}},{"type":"Feature","properties":{"kind":"seasonal","area_km2":0.147,"date":"2026-10-09"},"geometry":{"type":"Polygon","coordinates":[[[99.9239,13.2502],[99.9236,13.2483],[99.9242,13.2491],[99.9244,13.2464],[99.9233,13.2456],[99.9228,13.2459],[99.9228,13.2445],[99.9252,13.2448],[99.9261,13.2459],[99.9263,13.2429],[99.9272,13.2434],[99.9266,13.2445],[99.9272,13.2445],[99.9275,13.244],[99.928,13.2475],[99.9269,13.2475],[99.9272,13.2469],[99.9261,13.2461],[99.9258,13.2469],[99.9247,13.2472],[99.9244,13.2502],[99.9239,13.2502]],[[99.9269,13.245],[99.9272,13.2459],[99.9272,13.245],[99.9269,13.245]],[[99.9264,13.2434],[99.9266,13.2437],[99.9266,13.2434],[99.9264,13.2434]]]}},{"type":"Feature","properties":{"kind":"seasonal","area_km2":0.146,"date":"2026-10-09"},"geometry":{"type":"Polygon","coordinates":[[[99.8365,13.5218],[99.8362,13.5209],[99.8351,13.5201],[99.8332,13.5201],[99.8334,13.5188],[99.8323,13.5185],[99.8323,13.5177],[99.8348,13.518],[99.8351,13.5193],[99.8359,13.5196],[99.8387,13.5193],[99.839,13.5215],[99.8365,13.5218]]]}},{"type":"Feature","properties":{"kind":"seasonal","area_km2":0.146,"date":"2026-10-09"},"geometry":{"type":"Polygon","coordinates":[[[99.9216,13.3083],[99.9213,13.3061],[99.9233,13.3055],[99.923,13.3042],[99.9258,13.3042],[99.9252,13.3047],[99.926,13.3058],[99.9252,13.3061],[99.926,13.3061],[99.9263,13.3072],[99.9244,13.3074],[99.923,13.3083],[99.9216,13.3083]],[[99.9224,13.3069],[99.9227,13.3072],[99.9227,13.3069],[99.9224,13.3069]],[[99.9235,13.3066],[99.9241,13.3069],[99.9241,13.3066],[99.9235,13.3066]],[[99.9244,13.3069],[99.9249,13.3066],[99.9249,13.3061],[99.9241,13.3063],[99.9244,13.3069]],[[99.9227,13.3058],[99.9233,13.3061],[99.9233,13.3058],[99.9227,13.3058]],[[99.9235,13.3055],[99.9238,13.3058],[99.9238,13.3055],[99.9235,13.3055]],[[99.9241,13.3053],[99.9244,13.3055],[99.9244,13.3053],[99.9241,13.3053]]]}},{"type":"Feature","properties":{"kind":"seasonal","area_km2":0.145,"date":"2026-10-09"},"geometry":{"type":"Polygon","coordinates":[[[99.8771,13.2425],[99.8754,13.2422],[99.8754,13.2414],[99.8746,13.2414],[99.8743,13.2403],[99.8735,13.2401],[99.8734,13.2387],[99.874,13.2382],[99.8748,13.2382],[99.8751,13.2374],[99.8759,13.2374],[99.8759,13.2382],[99.8765,13.2382],[99.8768,13.2387],[99.8768,13.2403],[99.8759,13.2406],[99.876,13.2411],[99.8771,13.2411],[99.8771,13.2406],[99.8779,13.2406],[99.8779,13.2414],[99.8784,13.2414],[99.8784,13.2417],[99.8771,13.2414],[99.8771,13.2425]],[[99.8754,13.2412],[99.8757,13.2414],[99.8757,13.2412],[99.8754,13.2412]]]}},{"type":"Feature","properties":{"kind":"seasonal","area_km2":0.144,"date":"2026-10-09"},"geometry":{"type":"Polygon","coordinates":[[[99.9032,13.7898],[99.9024,13.7892],[99.9024,13.7881],[99.9035,13.7873],[99.9035,13.7862],[99.9043,13.786],[99.9046,13.7852],[99.9065,13.7854],[99.9068,13.7865],[99.9063,13.7871],[99.9063,13.7879],[99.9051,13.7884],[99.9043,13.7898],[99.9032,13.7898]]]}},{"type":"Feature","properties":{"kind":"seasonal","area_km2":0.143,"date":"2026-10-09"},"geometry":{"type":"Polygon","coordinates":[[[99.9442,13.7598],[99.9439,13.759],[99.9411,13.759],[99.9408,13.7582],[99.9408,13.7568],[99.9428,13.7565],[99.9428,13.7549],[99.9439,13.7549],[99.9441,13.756],[99.9447,13.7563],[99.945,13.7598],[99.9442,13.7598]],[[99.9439,13.756],[99.9441,13.7565],[99.9441,13.756],[99.9439,13.756]]]}},{"type":"Feature","properties":{"kind":"seasonal","area_km2":0.137,"date":"2026-10-09"},"geometry":{"type":"Polygon","coordinates":[[[99.9757,13.809],[99.9757,13.8082],[99.9752,13.8079],[99.9752,13.8071],[99.9757,13.8071],[99.9757,13.8066],[99.9749,13.8063],[99.9749,13.8047],[99.9768,13.805],[99.9768,13.8036],[99.9782,13.8033],[99.9785,13.8049],[99.9774,13.805],[99.9774,13.8055],[99.9782,13.8055],[99.9785,13.8068],[99.9774,13.8068],[99.9771,13.8085],[99.9766,13.809],[99.9757,13.809]],[[99.9763,13.8077],[99.9766,13.8079],[99.9765,13.8077],[99.9763,13.8077]],[[99.9757,13.8071],[99.9763,13.8077],[99.9765,13.8071],[99.9757,13.8071]],[[99.9763,13.8058],[99.9765,13.806],[99.9765,13.8058],[99.9763,13.8058]],[[99.9768,13.8058],[99.9771,13.806],[99.9771,13.8058],[99.9768,13.8058]],[[99.9765,13.8055],[99.9768,13.8058],[99.9768,13.8055],[99.9765,13.8055]]]}},{"type":"Feature","properties":{"kind":"seasonal","area_km2":0.135,"date":"2026-10-09"},"geometry":{"type":"Polygon","coordinates":[[[99.9344,13.2361],[99.9344,13.2355],[99.9327,13.2353],[99.9327,13.2347],[99.9332,13.2347],[99.933,13.2328],[99.9343,13.2328],[99.9343,13.2323],[99.9332,13.2323],[99.9332,13.2315],[99.9338,13.2309],[99.9346,13.2309],[99.9354,13.2325],[99.9371,13.2328],[99.9368,13.2342],[99.9357,13.2344],[99.9357,13.235],[99.9344,13.2361]],[[99.9343,13.2344],[99.9346,13.2347],[99.9346,13.2344],[99.9343,13.2344]],[[99.9349,13.2342],[99.9355,13.2342],[99.9354,13.2328],[99.9343,13.2328],[99.9349,13.2342]]]}},{"type":"Feature","properties":{"kind":"seasonal","area_km2":0.133,"date":"2026-10-09"},"geometry":{"type":"Polygon","coordinates":[[[99.9094,13.237],[99.9081,13.2367],[99.908,13.2356],[99.9086,13.2356],[99.9092,13.2345],[99.9089,13.234],[99.9083,13.234],[99.9083,13.2329],[99.9089,13.2326],[99.9086,13.2321],[99.908,13.2321],[99.9077,13.2296],[99.9089,13.2299],[99.9089,13.2318],[99.9108,13.2321],[99.9111,13.2337],[99.9111,13.2348],[99.9094,13.2359],[99.9094,13.237]],[[99.9091,13.2337],[99.9103,13.2337],[99.9103,13.2329],[99.9094,13.2329],[99.9091,13.2337]]]}},{"type":"Feature","properties":{"kind":"seasonal","area_km2":0.13,"date":"2026-10-09"},"geometry":{"type":"Polygon","coordinates":[[[99.9571,13.7299],[99.9568,13.7291],[99.956,13.7291],[99.9568,13.7283],[99.9565,13.7269],[99.9604,13.7266],[99.9601,13.7291],[99.9593,13.7293],[99.9593,13.7299],[99.9571,13.7299]]]}},{"type":"Feature","properties":{"kind":"seasonal","area_km2":0.129,"date":"2026-10-09"},"geometry":{"type":"Polygon","coordinates":[[[99.874,13.2271],[99.8739,13.2235],[99.8745,13.2235],[99.8748,13.2219],[99.8745,13.2208],[99.8734,13.2208],[99.8734,13.2192],[99.8745,13.2192],[99.8745,13.2205],[99.8756,13.2205],[99.8753,13.2235],[99.8767,13.2238],[99.8767,13.2249],[99.8753,13.2246],[99.8751,13.227],[99.874,13.2271]]]}},{"type":"Feature","properties":{"kind":"seasonal","area_km2":0.127,"date":"2026-10-09"},"geometry":{"type":"Polygon","coordinates":[[[99.9518,13.8544],[99.9518,13.8536],[99.9526,13.8528],[99.9534,13.8503],[99.9545,13.8501],[99.9551,13.8517],[99.9562,13.8517],[99.9559,13.853],[99.9548,13.8533],[99.9548,13.8539],[99.9518,13.8544]]]}},{"type":"Feature","properties":{"kind":"seasonal","area_km2":0.127,"date":"2026-10-09"},"geometry":{"type":"Polygon","coordinates":[[[99.8942,13.2397],[99.8901,13.2392],[99.8887,13.2376],[99.8881,13.2376],[99.8881,13.2365],[99.8892,13.2362],[99.8895,13.237],[99.8909,13.2373],[99.8914,13.2378],[99.8942,13.2378],[99.8942,13.2397]]]}},{"type":"Feature","properties":{"kind":"seasonal","area_km2":0.123,"date":"2026-10-02"},"geometry":{"type":"Polygon","coordinates":[[[99.2827,13.3686],[99.2827,13.3673],[99.2835,13.3667],[99.2835,13.3643],[99.2841,13.364],[99.2838,13.3616],[99.2852,13.3616],[99.2855,13.3627],[99.2866,13.3629],[99.2866,13.3638],[99.2849,13.3646],[99.2844,13.3676],[99.2832,13.3686],[99.2827,13.3686]]]}},{"type":"Feature","properties":{"kind":"seasonal","area_km2":0.122,"date":"2026-10-09"},"geometry":{"type":"Polygon","coordinates":[[[99.5038,13.7494],[99.5035,13.7478],[99.5046,13.7472],[99.5049,13.7456],[99.5085,13.7451],[99.5087,13.7467],[99.5068,13.7467],[99.5062,13.7475],[99.5057,13.7475],[99.5046,13.7494],[99.5038,13.7494]]]}},{"type":"Feature","properties":{"kind":"seasonal","area_km2":0.119,"date":"2026-10-09"},"geometry":{"type":"Polygon","coordinates":[[[99.6652,13.2242],[99.6646,13.2225],[99.6621,13.2231],[99.6621,13.2223],[99.6627,13.2223],[99.6635,13.2214],[99.6635,13.2209],[99.6643,13.2209],[99.6646,13.2217],[99.668,13.222],[99.668,13.2236],[99.6652,13.2242]]]}},{"type":"Feature","properties":{"kind":"seasonal","area_km2":0.118,"date":"2026-10-09"},"geometry":{"type":"Polygon","coordinates":[[[99.8984,13.179],[99.8976,13.1784],[99.8976,13.1768],[99.897,13.1768],[99.8973,13.1752],[99.8992,13.1754],[99.9009,13.1776],[99.9006,13.1787],[99.8984,13.179]],[[99.8987,13.1771],[99.899,13.1776],[99.8993,13.1771],[99.8987,13.1771]]]}},{"type":"Feature","properties":{"kind":"seasonal","area_km2":0.117,"date":"2026-10-09"},"geometry":{"type":"Polygon","coordinates":[[[99.9277,13.813],[99.9274,13.8125],[99.9249,13.8114],[99.9255,13.8098],[99.9294,13.8097],[99.9294,13.8116],[99.9283,13.8122],[99.9283,13.813],[99.9277,13.813]]]}},{"type":"Feature","properties":{"kind":"seasonal","area_km2":0.117,"date":"2026-10-09"},"geometry":{"type":"Polygon","coordinates":[[[99.7177,13.0073],[99.7177,13.0059],[99.7202,13.0059],[99.7207,13.0029],[99.723,13.0032],[99.7235,13.0045],[99.7227,13.0059],[99.7213,13.0056],[99.721,13.007],[99.7199,13.0067],[99.7177,13.0073]],[[99.7213,13.0048],[99.7216,13.0051],[99.7216,13.0048],[99.7213,13.0048]],[[99.7216,13.0048],[99.7227,13.0045],[99.7227,13.004],[99.7216,13.0043],[99.7216,13.0048]]]}},{"type":"Feature","properties":{"kind":"seasonal","area_km2":0.113,"date":"2026-10-09"},"geometry":{"type":"Polygon","coordinates":[[[99.6196,13.7944],[99.6188,13.7939],[99.619,13.7923],[99.6201,13.792],[99.6201,13.7925],[99.6207,13.7928],[99.6215,13.7917],[99.6229,13.7915],[99.6229,13.7942],[99.6196,13.7944]]]}},{"type":"Feature","properties":{"kind":"seasonal","area_km2":0.113,"date":"2026-10-09"},"geometry":{"type":"Polygon","coordinates":[[[99.9152,13.2166],[99.9149,13.2147],[99.916,13.2144],[99.9165,13.2136],[99.9165,13.2131],[99.9157,13.2125],[99.9157,13.2114],[99.9165,13.2114],[99.9174,13.212],[99.9179,13.2155],[99.9177,13.216],[99.9152,13.2166]]]}},{"type":"Feature","properties":{"kind":"seasonal","area_km2":0.113,"date":"2026-10-09"},"geometry":{"type":"Polygon","coordinates":[[[99.8484,13.9107],[99.8481,13.9101],[99.8487,13.9101],[99.849,13.9096],[99.8498,13.9099],[99.8498,13.9093],[99.8504,13.909],[99.8506,13.9082],[99.8498,13.9082],[99.8506,13.9079],[99.8504,13.9074],[99.8529,13.9071],[99.8528,13.9066],[99.8523,13.9071],[99.8517,13.9069],[99.852,13.9058],[99.8528,13.9058],[99.8528,13.9063],[99.8534,13.9066],[99.8529,13.9093],[99.8504,13.9098],[99.8495,13.9107],[99.8484,13.9107]]]}},{"type":"Feature","properties":{"kind":"seasonal","area_km2":0.112,"date":"2026-10-09"},"geometry":{"type":"Polygon","coordinates":[[[99.9506,13.8384],[99.9503,13.8373],[99.9484,13.8373],[99.9481,13.8363],[99.9472,13.8363],[99.9467,13.8371],[99.9467,13.8354],[99.9459,13.8349],[99.9489,13.8349],[99.9492,13.836],[99.9509,13.8354],[99.952,13.8373],[99.9511,13.8373],[99.9509,13.8368],[99.9506,13.8373],[99.9514,13.8384],[99.9506,13.8384]],[[99.9489,13.836],[99.9492,13.8365],[99.9492,13.836],[99.9489,13.836]]]}},{"type":"Feature","properties":{"kind":"seasonal","area_km2":0.11,"date":"2026-10-09"},"geometry":{"type":"Polygon","coordinates":[[[99.951,13.7305],[99.9507,13.7297],[99.949,13.7294],[99.9493,13.7272],[99.9504,13.7272],[99.9507,13.7267],[99.9529,13.7267],[99.9529,13.728],[99.9521,13.7286],[99.9521,13.7302],[99.951,13.7305]],[[99.9507,13.7297],[99.9515,13.7296],[99.9515,13.7286],[99.9507,13.7288],[99.9507,13.7297]],[[99.9496,13.7278],[99.9501,13.728],[99.9501,13.7278],[99.9496,13.7278]]]}},{"type":"Feature","properties":{"kind":"seasonal","area_km2":0.107,"date":"2026-10-09"},"geometry":{"type":"Polygon","coordinates":[[[99.9082,13.1936],[99.9082,13.193],[99.9065,13.1928],[99.9062,13.1917],[99.9076,13.1911],[99.9087,13.1892],[99.9098,13.1892],[99.9098,13.1906],[99.9084,13.1906],[99.9082,13.1928],[99.909,13.1928],[99.9087,13.1917],[99.9093,13.1911],[99.9104,13.1914],[99.9104,13.1927],[99.9087,13.193],[99.9087,13.1936],[99.9082,13.1936]]]}},{"type":"Feature","properties":{"kind":"seasonal","area_km2":0.105,"date":"2026-10-09"},"geometry":{"type":"Polygon","coordinates":[[[99.7358,13.5779],[99.7352,13.5758],[99.736,13.5755],[99.7349,13.5755],[99.7349,13.5739],[99.7357,13.5733],[99.7371,13.5733],[99.738,13.5744],[99.738,13.5752],[99.7371,13.5752],[99.7371,13.5769],[99.7366,13.5779],[99.7358,13.5779]]]}},{"type":"Feature","properties":{"kind":"seasonal","area_km2":0.103,"date":"2026-10-09"},"geometry":{"type":"Polygon","coordinates":[[[99.9504,13.8504],[99.9504,13.8495],[99.9498,13.8495],[99.949,13.8487],[99.949,13.8476],[99.9503,13.8468],[99.9501,13.846],[99.9509,13.846],[99.952,13.8471],[99.952,13.8476],[99.9531,13.8476],[99.9531,13.8484],[99.9512,13.849],[99.9504,13.8504]]]}},{"type":"Feature","properties":{"kind":"seasonal","area_km2":0.103,"date":"2026-10-09"},"geometry":{"type":"Polygon","coordinates":[[[99.9655,13.8107],[99.9652,13.8099],[99.9641,13.8096],[99.9641,13.8085],[99.9657,13.8077],[99.9646,13.8074],[99.9646,13.8064],[99.9657,13.8064],[99.966,13.8074],[99.9666,13.8074],[99.9671,13.8082],[99.9671,13.8104],[99.9655,13.8107]]]}},{"type":"Feature","properties":{"kind":"seasonal","area_km2":0.103,"date":"2026-10-09"},"geometry":{"type":"Polygon","coordinates":[[[99.526,13.5256],[99.5249,13.5245],[99.5252,13.5226],[99.5246,13.5221],[99.5246,13.521],[99.5266,13.521],[99.5271,13.5218],[99.5266,13.5234],[99.5271,13.5234],[99.5274,13.5245],[99.5266,13.525],[99.5268,13.5256],[99.526,13.5256]]]}},{"type":"Feature","properties":{"kind":"seasonal","area_km2":0.103,"date":"2026-10-09"},"geometry":{"type":"Polygon","coordinates":[[[99.9062,13.3357],[99.9062,13.3349],[99.9056,13.3349],[99.9056,13.333],[99.9062,13.3327],[99.9065,13.3314],[99.9076,13.3314],[99.9076,13.3327],[99.9081,13.3327],[99.9081,13.3322],[99.9087,13.3324],[99.9081,13.3341],[99.909,13.3343],[99.9079,13.3346],[99.9076,13.3354],[99.9062,13.3357]],[[99.9065,13.333],[99.907,13.333],[99.9073,13.3324],[99.9067,13.3325],[99.9065,13.333]]]}},{"type":"Feature","properties":{"kind":"seasonal","area_km2":0.103,"date":"2026-10-09"},"geometry":{"type":"Polygon","coordinates":[[[99.9554,13.3033],[99.9551,13.3014],[99.9554,13.3005],[99.9559,13.3005],[99.9559,13.3],[99.9554,13.3],[99.9545,13.2992],[99.9545,13.297],[99.9559,13.2973],[99.9559,13.2981],[99.9565,13.2981],[99.9565,13.2986],[99.957,13.2986],[99.9573,13.2992],[99.9573,13.3011],[99.957,13.3011],[99.9562,13.3016],[99.9562,13.3024],[99.9557,13.3024],[99.9554,13.3033]],[[99.9565,13.3008],[99.957,13.3011],[99.957,13.3008],[99.9565,13.3008]]]}},{"type":"Feature","properties":{"kind":"seasonal","area_km2":0.102,"date":"2026-10-09"},"geometry":{"type":"Polygon","coordinates":[[[99.6246,13.4703],[99.6243,13.4681],[99.6251,13.4678],[99.6257,13.467],[99.6276,13.467],[99.6273,13.4692],[99.626,13.4703],[99.6246,13.4703]]]}},{"type":"Feature","properties":{"kind":"seasonal","area_km2":0.101,"date":"2026-10-09"},"geometry":{"type":"Polygon","coordinates":[[[99.9603,13.3453],[99.9605,13.3447],[99.9589,13.345],[99.9578,13.3439],[99.9566,13.3437],[99.9566,13.3431],[99.9578,13.3423],[99.9586,13.3423],[99.9586,13.3428],[99.9594,13.3431],[99.9597,13.3426],[99.9605,13.3426],[99.9608,13.3431],[99.96,13.3431],[99.9597,13.3436],[99.9605,13.3439],[99.9616,13.3434],[99.9619,13.3447],[99.9633,13.3436],[99.963,13.3447],[99.9603,13.3453]],[[99.9605,13.3445],[99.9611,13.3445],[99.9611,13.3439],[99.9605,13.3439],[99.9605,13.3445]],[[99.9591,13.3437],[99.9594,13.3442],[99.9597,13.3436],[99.9591,13.3437]],[[99.958,13.3434],[99.9586,13.3437],[99.9586,13.3431],[99.9583,13.3431],[99.9583,13.3434],[99.958,13.3434]],[[99.9589,13.3434],[99.9591,13.3437],[99.9591,13.3434],[99.9589,13.3434]],[[99.9578,13.3428],[99.958,13.3434],[99.958,13.3428],[99.9578,13.3428]]]}},{"type":"Feature","properties":{"kind":"seasonal","area_km2":0.1,"date":"2026-10-09"},"geometry":{"type":"Polygon","coordinates":[[[99.9438,13.877],[99.9419,13.877],[99.9413,13.8759],[99.941,13.8726],[99.943,13.8726],[99.943,13.8734],[99.9435,13.874],[99.9435,13.8756],[99.9432,13.8751],[99.9424,13.8756],[99.943,13.8756],[99.943,13.8764],[99.9438,13.877]]]}},{"type":"Feature","properties":{"kind":"seasonal","area_km2":0.1,"date":"2026-10-09"},"geometry":{"type":"Polygon","coordinates":[[[99.9627,13.3222],[99.9624,13.3217],[99.9632,13.3211],[99.9629,13.32],[99.9638,13.3198],[99.9649,13.3184],[99.9668,13.3195],[99.966,13.3211],[99.9649,13.3217],[99.9632,13.3217],[99.9627,13.3222]]]}}]}
