{"type":"FeatureCollection","properties":{"v":3,"id":"t99_14","name":"สุพรรณบุรี · กาญจนบุรี · ชัยนาท","aoi":[99.0,14.0,100.0,15.0],"date":"2026-10-09","dates":["2026-10-09","2026-10-02"],"baseline_years":3,"has_seasonal":true,"totals":{"flood_high":71.3,"flood_low":35.3,"seasonal":50.8},"provinces":[{"name":"สุพรรณบุรี","zone":"th-c","flood_high":69.6,"flood_low":28.9,"seasonal":35.9},{"name":"กาญจนบุรี","zone":"th-w","flood_high":1.6,"flood_low":3.6,"seasonal":12.5},{"name":"ชัยนาท","zone":"th-c","flood_high":0.0,"flood_low":2.7,"seasonal":0.0},{"name":"นครปฐม","zone":"th-c","flood_high":0.0,"flood_low":0.1,"seasonal":2.4}],"scenes":{"2026-10-09":1,"2026-10-02":1},"baseline_dates":["2025-10-07","2024-10-09","2023-10-11"],"threshold_db":-15.0,"auto":true,"source":"Sentinel-1 RTC (Copernicus/ESA) via Microsoft Planetary Computer; JRC Global Surface Water; Copernicus DEM","method":"ChatGeo v3: Otsu threshold on VV dB; minus JRC permanent water and slope > 5 deg; unusual = water not present in most of the previous 3 years (same season)","added":"2026-10-10T16:37+07:00"},"features":[{"type":"Feature","properties":{"kind":"flood","area_km2":8.9,"conf":"high","date":"2026-10-09"},"geometry":{"type":"Polygon","coordinates":[[[99.954,14.4514],[99.9537,14.4508],[99.9526,14.4511],[99.9515,14.4503],[99.9503,14.447],[99.9498,14.447],[99.9498,14.4476],[99.9484,14.4471],[99.9487,14.4454],[99.9498,14.4451],[99.9492,14.4438],[99.9487,14.4438],[99.9478,14.4449],[99.947,14.4449],[99.947,14.4443],[99.9464,14.4443],[99.9467,14.4468],[99.945,14.4465],[99.9442,14.4454],[99.9437,14.4465],[99.9428,14.4465],[99.9428,14.4479],[99.9414,14.4479],[99.9412,14.4484],[99.9412,14.4476],[99.942,14.4473],[99.9414,14.4468],[99.9414,14.4457],[99.9403,14.4452],[99.9395,14.4433],[99.9367,14.4406],[99.9367,14.44],[99.9378,14.44],[99.9378,14.4392],[99.9367,14.4392],[99.9369,14.4387],[99.9358,14.4387],[99.9353,14.4382],[99.9347,14.4357],[99.9341,14.4354],[99.9341,14.4327],[99.9355,14.4325],[99.9355,14.4335],[99.9364,14.4344],[99.9386,14.4343],[99.9394,14.4341],[99.9394,14.4314],[99.9391,14.4308],[99.9377,14.4308],[99.9377,14.4314],[99.9364,14.4311],[99.9366,14.4316],[99.9377,14.4316],[99.9372,14.4322],[99.9358,14.4319],[99.9355,14.4311],[99.9344,14.4311],[99.9344,14.4316],[99.9336,14.4317],[99.9335,14.4262],[99.9333,14.4257],[99.9322,14.4254],[99.9327,14.426],[99.9327,14.4284],[99.9324,14.4268],[99.9316,14.4265],[99.9316,14.4246],[99.9321,14.4243],[99.9316,14.4238],[99.9316,14.4227],[99.9333,14.4227],[99.9335,14.4219],[99.9294,14.4219],[99.9288,14.4214],[99.9291,14.4197],[99.9274,14.4181],[99.9274,14.417],[99.9265,14.4159],[99.926,14.416],[99.9257,14.4165],[99.9257,14.413],[99.9268,14.4122],[99.9271,14.4113],[99.9285,14.4113],[99.9285,14.41],[99.9296,14.41],[99.9296,14.4111],[99.9301,14.4111],[99.9301,14.4081],[99.9312,14.4081],[99.9315,14.4113],[99.9321,14.4113],[99.9321,14.4097],[99.9354,14.4099],[99.9354,14.411],[99.9365,14.4116],[99.9374,14.4116],[99.9377,14.4102],[99.9388,14.4102],[99.9391,14.4135],[99.9382,14.4135],[99.9379,14.4124],[99.9371,14.4127],[99.9371,14.4132],[99.9366,14.4132],[99.9368,14.4162],[99.9424,14.4162],[99.9427,14.4151],[99.9444,14.4145],[99.9452,14.4134],[99.946,14.4134],[99.9457,14.4118],[99.9485,14.4121],[99.9485,14.4131],[99.9499,14.4131],[99.9502,14.4137],[99.9507,14.4137],[99.951,14.4142],[99.9502,14.4145],[99.9502,14.4159],[99.9519,14.4158],[99.9519,14.4145],[99.9569,14.415],[99.9577,14.4147],[99.9577,14.4137],[99.9585,14.4137],[99.9585,14.4147],[99.9591,14.4147],[99.9591,14.4136],[99.9602,14.4136],[99.9602,14.4169],[99.9608,14.4172],[99.9614,14.4199],[99.9622,14.4199],[99.9627,14.4212],[99.9628,14.422],[99.9616,14.422],[99.9616,14.4231],[99.9622,14.4231],[99.9625,14.4226],[99.9641,14.4228],[99.9641,14.4234],[99.965,14.4239],[99.9647,14.4253],[99.9664,14.4258],[99.9664,14.4296],[99.9678,14.4293],[99.9675,14.431],[99.9656,14.4307],[99.9647,14.4313],[99.9645,14.4307],[99.9631,14.4307],[99.9634,14.4329],[99.9647,14.4329],[99.965,14.4323],[99.9675,14.4326],[99.9678,14.4353],[99.967,14.4359],[99.9642,14.4361],[99.9642,14.4351],[99.9653,14.435],[99.9653,14.4337],[99.9636,14.4334],[99.9636,14.4345],[99.9631,14.4345],[99.9625,14.4329],[99.9628,14.4307],[99.962,14.4307],[99.9614,14.4296],[99.9589,14.4297],[99.9589,14.4283],[99.9606,14.4283],[99.9606,14.4291],[99.9625,14.4291],[99.9622,14.4269],[99.9611,14.4258],[99.9611,14.4245],[99.9605,14.4245],[99.9605,14.4239],[99.9591,14.424],[99.9594,14.4259],[99.9586,14.4264],[99.9586,14.4272],[99.9575,14.4272],[99.9572,14.4278],[99.9567,14.4278],[99.9564,14.4286],[99.9555,14.4261],[99.9564,14.4259],[99.9564,14.4242],[99.9547,14.4245],[99.9536,14.4224],[99.9513,14.4226],[99.9508,14.424],[99.9519,14.4251],[99.9511,14.4251],[99.9511,14.427],[99.9528,14.427],[99.9525,14.4251],[99.9536,14.4251],[99.9539,14.424],[99.9544,14.4267],[99.9553,14.4275],[99.9536,14.4275],[99.9525,14.4283],[99.9514,14.4281],[99.9511,14.4289],[99.9503,14.4289],[99.9503,14.4281],[99.9486,14.4281],[99.9486,14.4294],[99.9503,14.4294],[99.9505,14.431],[99.95,14.4319],[99.95,14.4335],[99.9522,14.4332],[99.9522,14.4343],[99.9533,14.4343],[99.9536,14.4359],[99.9542,14.4359],[99.9542,14.4365],[99.955,14.4367],[99.9559,14.4356],[99.9575,14.4354],[99.9578,14.4367],[99.9592,14.4367],[99.9595,14.4353],[99.9609,14.4386],[99.9609,14.441],[99.9603,14.4421],[99.9581,14.4421],[99.9589,14.4438],[99.959,14.4451],[99.9573,14.4473],[99.9573,14.4489],[99.9565,14.4492],[99.9565,14.4481],[99.9551,14.4478],[99.9542,14.4489],[99.9542,14.4503],[99.9548,14.4503],[99.9548,14.4514],[99.954,14.4514]],[[99.9528,14.4476],[99.9542,14.4476],[99.9542,14.4462],[99.9528,14.4462],[99.9528,14.4476]],[[99.9442,14.4427],[99.9456,14.4427],[99.9456,14.4414],[99.9442,14.4414],[99.9442,14.4427]],[[99.9461,14.4427],[99.9475,14.4427],[99.9478,14.4422],[99.9461,14.4419],[99.9461,14.4427]],[[99.9559,14.4424],[99.9562,14.4427],[99.9562,14.4424],[99.9559,14.4424]],[[99.9498,14.4414],[99.95,14.4416],[99.95,14.4413],[99.9498,14.4414]],[[99.9417,14.4403],[99.9428,14.4403],[99.9428,14.4387],[99.9417,14.4387],[99.9417,14.4403]],[[99.9578,14.4389],[99.9584,14.4394],[99.9584,14.4389],[99.9578,14.4389]],[[99.9472,14.4386],[99.9486,14.4386],[99.9486,14.4376],[99.9497,14.437],[99.9497,14.4357],[99.9478,14.4354],[99.9469,14.4362],[99.9472,14.4386]],[[99.952,14.4375],[99.9525,14.4381],[99.9525,14.4375],[99.952,14.4375]],[[99.9439,14.4373],[99.9442,14.4376],[99.9442,14.4373],[99.9439,14.4373]],[[99.9503,14.4376],[99.9517,14.4375],[99.9517,14.4365],[99.9525,14.4365],[99.9525,14.4354],[99.9503,14.4357],[99.9503,14.4354],[99.95,14.4354],[99.95,14.4351],[99.9497,14.4351],[99.9503,14.4362],[99.9503,14.4376]],[[99.9397,14.4373],[99.9417,14.437],[99.9414,14.4346],[99.9419,14.4349],[99.9422,14.4365],[99.9436,14.4365],[99.9439,14.4327],[99.9416,14.4324],[99.9414,14.4343],[99.9403,14.4343],[99.9403,14.4352],[99.9397,14.4357],[99.9378,14.4354],[99.9375,14.4365],[99.9394,14.436],[99.9397,14.4373]],[[99.9433,14.4373],[99.9439,14.4373],[99.9439,14.4368],[99.9433,14.4368],[99.9433,14.4373]],[[99.945,14.4365],[99.9464,14.4365],[99.9464,14.4346],[99.9475,14.4343],[99.9475,14.4335],[99.9492,14.4348],[99.9492,14.434],[99.9486,14.434],[99.9483,14.4332],[99.9472,14.433],[99.9472,14.4321],[99.9455,14.4313],[99.9444,14.4313],[99.9444,14.4319],[99.9455,14.4319],[99.9467,14.433],[99.9455,14.433],[99.9442,14.4341],[99.9442,14.4346],[99.945,14.4351],[99.945,14.4365]],[[99.9492,14.4348],[99.9497,14.4351],[99.9497,14.4348],[99.9492,14.4348]],[[99.9383,14.4346],[99.9386,14.4349],[99.9386,14.4346],[99.9383,14.4346]],[[99.9494,14.4338],[99.9497,14.434],[99.9497,14.4338],[99.9494,14.4338]],[[99.9408,14.4319],[99.9411,14.4322],[99.9411,14.4319],[99.9408,14.4319]],[[99.9416,14.4316],[99.9419,14.4319],[99.9419,14.4316],[99.9416,14.4316]],[[99.9422,14.4319],[99.9425,14.4311],[99.9436,14.4313],[99.9436,14.4308],[99.9419,14.4303],[99.9411,14.4292],[99.94,14.4292],[99.9397,14.4281],[99.9402,14.4281],[99.9402,14.4276],[99.9394,14.4276],[99.9394,14.4267],[99.9402,14.4259],[99.9413,14.4259],[99.9419,14.4251],[99.9402,14.4257],[99.9391,14.4257],[99.9386,14.4251],[99.9383,14.4257],[99.9374,14.4257],[99.9372,14.4249],[99.9363,14.4249],[99.9363,14.4238],[99.9358,14.4235],[99.9358,14.4227],[99.9349,14.4222],[99.9349,14.4211],[99.9344,14.4208],[99.9341,14.4219],[99.9349,14.4224],[99.9349,14.4241],[99.9335,14.4241],[99.9327,14.4246],[99.9344,14.4249],[99.9349,14.4254],[99.9349,14.4262],[99.9361,14.4265],[99.9375,14.4276],[99.9375,14.4284],[99.9391,14.4295],[99.9394,14.4305],[99.9411,14.4303],[99.9414,14.4311],[99.9422,14.4311],[99.9422,14.4319]],[[99.9472,14.4319],[99.9475,14.4313],[99.9472,14.4313],[99.9464,14.4302],[99.9455,14.4302],[99.9455,14.4308],[99.9466,14.4311],[99.9472,14.4319]],[[99.9414,14.4313],[99.9416,14.4316],[99.9416,14.4313],[99.9414,14.4313]],[[99.9364,14.4308],[99.9366,14.4303],[99.9361,14.4295],[99.9361,14.4306],[99.9364,14.4308]],[[99.9391,14.4305],[99.9394,14.4308],[99.9394,14.4305],[99.9391,14.4305]],[[99.9466,14.4305],[99.948,14.4305],[99.9477,14.4278],[99.9464,14.4278],[99.9461,14.4283],[99.9461,14.4297],[99.9466,14.43],[99.9466,14.4305]],[[99.9486,14.427],[99.9491,14.4278],[99.9491,14.427],[99.9486,14.427]],[[99.9497,14.4267],[99.95,14.427],[99.95,14.4267],[99.9497,14.4267]],[[99.9436,14.4267],[99.945,14.4267],[99.945,14.4251],[99.9438,14.4251],[99.9438,14.4246],[99.9436,14.4267]],[[99.9505,14.4264],[99.9508,14.4267],[99.9508,14.4264],[99.9505,14.4264]],[[99.9344,14.4262],[99.9347,14.4265],[99.9347,14.4262],[99.9344,14.4262]],[[99.9502,14.4262],[99.9505,14.4264],[99.9505,14.4262],[99.9502,14.4262]],[[99.9458,14.4256],[99.9466,14.4256],[99.9469,14.4251],[99.9463,14.4248],[99.9458,14.4229],[99.9449,14.4227],[99.9447,14.4248],[99.9452,14.4243],[99.9461,14.4243],[99.9458,14.4256]],[[99.9489,14.4256],[99.9502,14.4256],[99.9505,14.4248],[99.95,14.4245],[99.9489,14.4256]],[[99.9427,14.4248],[99.943,14.4251],[99.943,14.4248],[99.9427,14.4248]],[[99.9374,14.4238],[99.938,14.4238],[99.938,14.4232],[99.9374,14.4232],[99.9374,14.4238]],[[99.9438,14.4227],[99.9441,14.4229],[99.9441,14.4227],[99.9438,14.4227]],[[99.9461,14.4224],[99.9466,14.4229],[99.9466,14.4224],[99.9461,14.4224]],[[99.9499,14.4216],[99.9533,14.4215],[99.9533,14.4196],[99.9502,14.4199],[99.9499,14.4205],[99.9494,14.4202],[99.9499,14.4216]],[[99.9441,14.4216],[99.9449,14.4213],[99.9444,14.4199],[99.9438,14.4202],[99.9441,14.4216]],[[99.9324,14.4205],[99.933,14.4205],[99.933,14.4203],[99.9324,14.42],[99.9324,14.4205]],[[99.9402,14.42],[99.9405,14.4205],[99.9405,14.42],[99.9402,14.42]],[[99.9566,14.4204],[99.958,14.4204],[99.9577,14.4185],[99.9561,14.4185],[99.9561,14.4199],[99.9566,14.4204]],[[99.9296,14.4203],[99.931,14.4203],[99.9313,14.4178],[99.9324,14.4178],[99.9316,14.4181],[99.9316,14.4189],[99.933,14.4189],[99.9332,14.4173],[99.9343,14.4173],[99.9343,14.4159],[99.9329,14.4159],[99.933,14.4167],[99.9318,14.4167],[99.9304,14.4165],[99.9304,14.4154],[99.9291,14.4151],[99.9288,14.417],[99.9304,14.417],[99.9307,14.4178],[99.9293,14.4184],[99.9296,14.4203]],[[99.9316,14.42],[99.9321,14.42],[99.9318,14.4192],[99.9313,14.4192],[99.9316,14.42]],[[99.9552,14.4194],[99.9558,14.4196],[99.9558,14.4194],[99.9552,14.4194]],[[99.9497,14.4191],[99.9502,14.4191],[99.9499,14.4183],[99.9497,14.4183],[99.9497,14.4191]],[[99.9505,14.4188],[99.9508,14.4191],[99.9508,14.4188],[99.9505,14.4188]],[[99.9488,14.4183],[99.9491,14.4186],[99.9491,14.4183],[99.9488,14.4183]],[[99.9491,14.4183],[99.9497,14.418],[99.9494,14.4161],[99.9499,14.4159],[99.9499,14.4153],[99.9491,14.4153],[99.9488,14.4161],[99.9483,14.4161],[99.9483,14.4169],[99.9477,14.4169],[99.9474,14.4175],[99.9488,14.4178],[99.9491,14.4183]],[[99.9399,14.4181],[99.9405,14.4178],[99.9405,14.4172],[99.9396,14.4175],[99.9399,14.4181]],[[99.9535,14.4175],[99.9541,14.4175],[99.9541,14.4169],[99.9535,14.4169],[99.9535,14.4175]],[[99.9458,14.4167],[99.946,14.4172],[99.946,14.4167],[99.9458,14.4167]],[[99.9419,14.4164],[99.9421,14.4167],[99.9421,14.4164],[99.9419,14.4164]],[[99.9477,14.4159],[99.948,14.415],[99.9491,14.415],[99.9485,14.4131],[99.9463,14.4134],[99.9477,14.4159]],[[99.9327,14.4157],[99.9341,14.4156],[99.9341,14.4143],[99.9327,14.4143],[99.9327,14.4157]],[[99.9302,14.4151],[99.9307,14.4151],[99.9307,14.4143],[99.9302,14.4143],[99.9302,14.4151]],[[99.9452,14.4142],[99.9455,14.4148],[99.9457,14.4142],[99.9452,14.4142]],[[99.9285,14.413],[99.9299,14.413],[99.9299,14.4113],[99.9285,14.4113],[99.9285,14.413]]]}},{"type":"Feature","properties":{"kind":"flood","area_km2":5.938,"conf":"high","date":"2026-10-09"},"geometry":{"type":"Polygon","coordinates":[[[99.9519,14.3673],[99.9506,14.3673],[99.9505,14.3654],[99.9492,14.3654],[99.9486,14.366],[99.9486,14.3632],[99.948,14.363],[99.948,14.3616],[99.9455,14.3616],[99.9455,14.3611],[99.9458,14.3597],[99.9469,14.3597],[99.9461,14.3605],[99.9461,14.3611],[99.9466,14.3611],[99.9477,14.3597],[99.9489,14.3594],[99.9488,14.3586],[99.9519,14.3589],[99.953,14.3583],[99.9527,14.3567],[99.9505,14.3565],[99.9513,14.3556],[99.9513,14.3551],[99.9505,14.3556],[99.9505,14.3546],[99.9519,14.3543],[99.9519,14.3548],[99.9524,14.3548],[99.9524,14.3535],[99.9536,14.3535],[99.9538,14.3521],[99.953,14.3526],[99.953,14.3532],[99.9524,14.3527],[99.9502,14.3521],[99.9499,14.3499],[99.9505,14.3499],[99.9505,14.3478],[99.9494,14.3478],[99.9482,14.3456],[99.9468,14.3456],[99.9471,14.3483],[99.9466,14.3489],[99.9455,14.3489],[99.946,14.347],[99.9457,14.3456],[99.9463,14.3456],[99.9477,14.3443],[99.9466,14.344],[99.9466,14.3432],[99.9477,14.3429],[99.948,14.3437],[99.9485,14.3437],[99.9552,14.3383],[99.9563,14.3383],[99.9566,14.3396],[99.9574,14.3396],[99.9574,14.3385],[99.9593,14.3385],[99.9593,14.3391],[99.9577,14.3393],[99.9577,14.341],[99.9596,14.3412],[99.9599,14.3399],[99.9599,14.3415],[99.9607,14.3418],[99.961,14.3404],[99.9618,14.3404],[99.9616,14.3385],[99.9632,14.3382],[99.9632,14.3369],[99.961,14.3369],[99.961,14.3385],[99.9604,14.3388],[99.9602,14.3366],[99.9588,14.3366],[99.9585,14.3377],[99.9568,14.3383],[99.9565,14.3372],[99.9574,14.3364],[99.9579,14.3364],[99.959,14.3353],[99.9665,14.3344],[99.9666,14.3358],[99.9677,14.336],[99.966,14.3363],[99.9657,14.3358],[99.9649,14.3358],[99.9643,14.3369],[99.966,14.3366],[99.9668,14.3379],[99.9677,14.3369],[99.9691,14.3366],[99.9691,14.3352],[99.9699,14.3341],[99.9716,14.3344],[99.9716,14.3358],[99.9699,14.336],[99.9696,14.3371],[99.9707,14.3377],[99.9707,14.3382],[99.9713,14.3385],[99.9719,14.3406],[99.9666,14.3407],[99.966,14.3412],[99.966,14.3401],[99.9646,14.3401],[99.9641,14.3404],[99.9641,14.3409],[99.9635,14.3409],[99.9635,14.3415],[99.963,14.3415],[99.963,14.342],[99.9641,14.3423],[99.9641,14.3431],[99.9635,14.3431],[99.9624,14.3445],[99.9644,14.3439],[99.9644,14.3447],[99.9638,14.3453],[99.9641,14.3464],[99.9635,14.3469],[99.9636,14.3494],[99.9641,14.3499],[99.9647,14.348],[99.9663,14.3483],[99.9663,14.3472],[99.9677,14.3472],[99.9677,14.3453],[99.9669,14.3453],[99.9666,14.3445],[99.966,14.3447],[99.966,14.3469],[99.9647,14.3469],[99.9649,14.3437],[99.9663,14.3417],[99.9677,14.3415],[99.9677,14.3426],[99.9691,14.3428],[99.9688,14.3453],[99.9699,14.3453],[99.9705,14.3442],[99.9705,14.3423],[99.9699,14.3423],[99.9699,14.3415],[99.9749,14.3414],[99.9749,14.3431],[99.9755,14.3436],[99.9755,14.3444],[99.9744,14.3444],[99.9744,14.3455],[99.9736,14.3455],[99.9733,14.3461],[99.9749,14.3461],[99.9747,14.3474],[99.9758,14.3477],[99.9775,14.349],[99.9775,14.3501],[99.9786,14.3509],[99.9786,14.352],[99.9772,14.3523],[99.9772,14.3534],[99.9764,14.3542],[99.975,14.3542],[99.9728,14.3534],[99.9722,14.3537],[99.9722,14.3556],[99.9728,14.3556],[99.973,14.3545],[99.9747,14.3545],[99.9758,14.3555],[99.9758,14.3572],[99.9744,14.3574],[99.9733,14.3564],[99.9722,14.3564],[99.9717,14.3591],[99.9725,14.3596],[99.9728,14.3604],[99.9736,14.3604],[99.9739,14.3623],[99.9733,14.3629],[99.9759,14.3637],[99.9761,14.3648],[99.9731,14.364],[99.9725,14.3629],[99.9711,14.3629],[99.9697,14.364],[99.9672,14.3637],[99.9672,14.3632],[99.9667,14.3632],[99.9667,14.3653],[99.9661,14.3659],[99.965,14.3656],[99.9653,14.3643],[99.9647,14.3643],[99.9642,14.3659],[99.9625,14.3654],[99.9625,14.3659],[99.9617,14.3667],[99.96,14.3667],[99.9603,14.3651],[99.9622,14.3654],[99.9625,14.3643],[99.9636,14.364],[99.9636,14.3626],[99.9628,14.3626],[99.9625,14.3605],[99.9611,14.3605],[99.9614,14.3586],[99.9608,14.3583],[99.9605,14.3616],[99.9611,14.3618],[99.9611,14.3624],[99.9605,14.3624],[99.9603,14.3637],[99.9603,14.3605],[99.9589,14.3602],[99.9589,14.3589],[99.9583,14.3586],[99.9583,14.3567],[99.9566,14.3567],[99.9563,14.3562],[99.9558,14.3572],[99.9561,14.3551],[99.9547,14.3545],[99.9544,14.3573],[99.9555,14.3575],[99.9553,14.36],[99.9561,14.3602],[99.955,14.3602],[99.9547,14.3589],[99.9533,14.3589],[99.9533,14.3602],[99.9516,14.36],[99.9516,14.3605],[99.9511,14.3608],[99.9511,14.3621],[99.9494,14.3619],[99.9494,14.3632],[99.9508,14.3632],[99.9508,14.3659],[99.9511,14.3668],[99.9519,14.3673]],[[99.9644,14.3621],[99.965,14.3621],[99.9653,14.3607],[99.9647,14.3607],[99.9644,14.3621]],[[99.9675,14.3621],[99.9689,14.3621],[99.9689,14.3607],[99.9675,14.3607],[99.9675,14.3621]],[[99.9628,14.3597],[99.9653,14.3597],[99.9653,14.3569],[99.9647,14.3569],[99.965,14.3559],[99.9644,14.3545],[99.9639,14.3542],[99.9639,14.3567],[99.9627,14.3567],[99.9627,14.3561],[99.9616,14.3559],[99.9613,14.3545],[99.9597,14.3542],[99.9597,14.357],[99.9602,14.3575],[99.9625,14.3575],[99.9628,14.3597]],[[99.9655,14.3597],[99.9661,14.3596],[99.9666,14.358],[99.9658,14.3583],[99.9655,14.3597]],[[99.9666,14.3577],[99.9675,14.3575],[99.9678,14.3564],[99.97,14.3558],[99.97,14.3542],[99.9691,14.3531],[99.9691,14.3523],[99.9677,14.3526],[99.968,14.355],[99.9672,14.3558],[99.9666,14.3577]],[[99.9594,14.3537],[99.9602,14.3518],[99.9597,14.3518],[99.9597,14.3513],[99.9591,14.351],[99.9594,14.3537]],[[99.9622,14.3537],[99.9627,14.3537],[99.9627,14.3529],[99.9622,14.3529],[99.9622,14.3537]],[[99.9538,14.3521],[99.9574,14.3486],[99.9591,14.348],[99.9591,14.3475],[99.9599,14.3472],[99.9605,14.3461],[99.9596,14.3461],[99.9596,14.3464],[99.9585,14.3469],[99.9585,14.3472],[99.9583,14.3472],[99.9583,14.3475],[99.958,14.3475],[99.958,14.3477],[99.9577,14.3477],[99.9574,14.3483],[99.9563,14.3486],[99.9544,14.3507],[99.9544,14.3494],[99.9549,14.3491],[99.9549,14.348],[99.9555,14.3478],[99.9546,14.3478],[99.9541,14.3467],[99.9541,14.3461],[99.9546,14.3461],[99.9549,14.3453],[99.9543,14.3437],[99.9535,14.3437],[99.9538,14.3451],[99.953,14.3445],[99.9519,14.3453],[99.9521,14.3467],[99.9527,14.3467],[99.9527,14.348],[99.951,14.3483],[99.951,14.3505],[99.9519,14.3505],[99.9522,14.3516],[99.9541,14.3513],[99.9538,14.3521]],[[99.9638,14.3521],[99.9647,14.3512],[99.9633,14.351],[99.9633,14.3515],[99.9638,14.3521]],[[99.9669,14.3518],[99.9683,14.3518],[99.9683,14.3512],[99.97,14.3518],[99.9702,14.351],[99.9716,14.3509],[99.9716,14.3518],[99.9722,14.3518],[99.9722,14.3509],[99.9711,14.3504],[99.9694,14.351],[99.9694,14.3499],[99.9663,14.3496],[99.9663,14.3512],[99.9669,14.3512],[99.9669,14.3518]],[[99.9605,14.3504],[99.9608,14.3507],[99.9608,14.3504],[99.9605,14.3504]],[[99.9619,14.3502],[99.9622,14.3504],[99.9622,14.3502],[99.9619,14.3502]],[[99.9624,14.3504],[99.9633,14.3504],[99.9633,14.3491],[99.9624,14.3491],[99.9624,14.3504]],[[99.9708,14.3496],[99.9711,14.3488],[99.9699,14.3491],[99.97,14.3493],[99.9708,14.3496]],[[99.9574,14.3475],[99.9577,14.3477],[99.9577,14.3475],[99.9574,14.3475]],[[99.9566,14.3464],[99.9574,14.3467],[99.9574,14.3464],[99.9566,14.3464]],[[99.9491,14.3464],[99.9507,14.3464],[99.9507,14.3451],[99.9491,14.3451],[99.9491,14.3464]],[[99.9605,14.3461],[99.961,14.3461],[99.9619,14.345],[99.9608,14.3453],[99.9605,14.3461]],[[99.9619,14.3447],[99.9621,14.345],[99.9621,14.3447],[99.9619,14.3447]],[[99.9513,14.344],[99.9518,14.344],[99.9518,14.3434],[99.9516,14.3434],[99.9513,14.344]],[[99.958,14.3437],[99.9585,14.3437],[99.9582,14.3429],[99.9577,14.3431],[99.958,14.3437]],[[99.951,14.3432],[99.9513,14.3434],[99.9513,14.3432],[99.951,14.3432]],[[99.9518,14.3432],[99.9521,14.3434],[99.9521,14.3432],[99.9518,14.3432]],[[99.9535,14.3426],[99.9549,14.3426],[99.9549,14.3415],[99.9557,14.3418],[99.956,14.341],[99.9549,14.3404],[99.9549,14.3413],[99.9535,14.3413],[99.9535,14.3426]],[[99.9571,14.3418],[99.9577,14.3421],[99.9577,14.3418],[99.9571,14.3418]],[[99.9655,14.3396],[99.966,14.3393],[99.9657,14.3388],[99.9652,14.339],[99.9655,14.3396]]]}},{"type":"Feature","properties":{"kind":"flood","area_km2":4.515,"conf":"high","date":"2026-10-09"},"geometry":{"type":"Polygon","coordinates":[[[99.6352,14.9152],[99.6313,14.9146],[99.6319,14.9116],[99.6335,14.9108],[99.6335,14.9089],[99.6341,14.9081],[99.6349,14.9078],[99.6352,14.9057],[99.636,14.9057],[99.6374,14.9046],[99.6388,14.9046],[99.6388,14.9032],[99.6413,14.9038],[99.6413,14.9029],[99.6405,14.9027],[99.6405,14.9013],[99.6396,14.9005],[99.6377,14.9008],[99.6377,14.9013],[99.6383,14.9016],[99.6383,14.9024],[99.6377,14.9029],[99.6358,14.9024],[99.6357,14.9019],[99.6349,14.9019],[99.6346,14.9024],[99.6324,14.9022],[99.6321,14.903],[99.631,14.903],[99.631,14.9035],[99.6324,14.9032],[99.6352,14.9038],[99.6352,14.9046],[99.6338,14.9049],[99.6324,14.9062],[99.6307,14.9065],[99.6307,14.907],[99.6313,14.907],[99.6313,14.9081],[99.6305,14.9081],[99.6296,14.9068],[99.6291,14.9068],[99.6288,14.9087],[99.6282,14.9089],[99.6271,14.9089],[99.6266,14.9081],[99.6266,14.907],[99.6274,14.9068],[99.6274,14.9051],[99.6285,14.9046],[99.6282,14.9024],[99.6302,14.9027],[99.6313,14.9],[99.6307,14.8984],[99.6318,14.8973],[99.6315,14.8948],[99.6299,14.8948],[99.6299,14.8919],[99.6307,14.8918],[99.6307,14.8913],[99.6304,14.8908],[99.6282,14.891],[99.6273,14.8894],[99.6257,14.8897],[99.6254,14.8892],[99.624,14.8889],[99.6237,14.8881],[99.6209,14.8883],[99.6212,14.8859],[99.6201,14.8851],[99.6201,14.884],[99.6206,14.8837],[99.6206,14.8824],[99.6215,14.8818],[99.6226,14.8797],[99.6226,14.877],[99.6217,14.8767],[99.6209,14.8753],[99.6187,14.8745],[99.6184,14.8726],[99.62,14.8723],[99.6209,14.8713],[99.6206,14.8707],[99.62,14.8707],[99.62,14.8696],[99.6195,14.8691],[99.617,14.8691],[99.6175,14.8656],[99.6183,14.8645],[99.6181,14.8631],[99.6189,14.8623],[99.6189,14.8615],[99.6181,14.8604],[99.6178,14.8591],[99.6161,14.8574],[99.6155,14.8542],[99.6147,14.8542],[99.6147,14.8526],[99.6166,14.8528],[99.6169,14.8512],[99.615,14.8509],[99.6141,14.8496],[99.6147,14.848],[99.6138,14.8471],[99.6138,14.8452],[99.613,14.8447],[99.613,14.8439],[99.6141,14.8433],[99.6141,14.8425],[99.6133,14.842],[99.613,14.8433],[99.6124,14.8433],[99.6124,14.8442],[99.6116,14.8442],[99.6119,14.8423],[99.611,14.8423],[99.6102,14.8415],[99.6102,14.8406],[99.6124,14.8404],[99.6124,14.8412],[99.613,14.8412],[99.613,14.8401],[99.6138,14.8401],[99.6147,14.8409],[99.6161,14.8409],[99.6161,14.8414],[99.6166,14.8414],[99.6169,14.8423],[99.6172,14.8409],[99.6208,14.8409],[99.6225,14.8403],[99.6225,14.8412],[99.6213,14.8409],[99.6205,14.8414],[99.6205,14.842],[99.6191,14.842],[99.6188,14.8414],[99.6186,14.8422],[99.6172,14.8423],[99.6177,14.8428],[99.6186,14.8428],[99.6188,14.8433],[99.6183,14.8466],[99.6172,14.8466],[99.6172,14.8447],[99.6163,14.8439],[99.6152,14.8439],[99.615,14.8463],[99.6161,14.8471],[99.6166,14.849],[99.6175,14.849],[99.6175,14.8498],[99.6183,14.8509],[99.6183,14.8517],[99.6178,14.8517],[99.6178,14.8545],[99.6206,14.8542],[99.6208,14.855],[99.6217,14.8555],[99.622,14.8566],[99.6217,14.8577],[99.6211,14.8572],[99.6211,14.8563],[99.6203,14.8563],[99.6194,14.8574],[99.6195,14.8599],[99.6203,14.8604],[99.6209,14.8626],[99.62,14.8631],[99.62,14.8639],[99.6192,14.8639],[99.6192,14.865],[99.6184,14.8656],[99.6181,14.868],[99.6186,14.8688],[99.6198,14.8688],[99.6206,14.8704],[99.6214,14.871],[99.6214,14.8721],[99.6209,14.8723],[99.6212,14.8745],[99.6226,14.8748],[99.6228,14.8761],[99.624,14.8772],[99.6237,14.8805],[99.6245,14.8807],[99.6245,14.8818],[99.624,14.8824],[99.6226,14.8824],[99.6217,14.8832],[99.6218,14.8846],[99.6226,14.8845],[99.6234,14.8854],[99.6234,14.8862],[99.6229,14.8862],[99.6229,14.8873],[99.6268,14.8875],[99.6268,14.8864],[99.6243,14.8864],[99.6259,14.8856],[99.6285,14.8859],[99.6296,14.887],[99.6315,14.8875],[99.6315,14.8889],[99.6354,14.8889],[99.6349,14.8886],[99.6349,14.8875],[99.6354,14.8875],[99.6354,14.888],[99.636,14.8883],[99.6377,14.8883],[99.6377,14.8897],[99.6382,14.8905],[99.6396,14.8905],[99.6407,14.8897],[99.6407,14.891],[99.6419,14.8924],[99.6413,14.8934],[99.6416,14.8951],[99.6435,14.8948],[99.6435,14.8956],[99.6444,14.8956],[99.6438,14.8975],[99.6433,14.8981],[99.6419,14.8983],[99.641,14.8983],[99.641,14.8978],[99.6416,14.8975],[99.6396,14.8978],[99.6396,14.8962],[99.6385,14.8962],[99.6385,14.8975],[99.6394,14.8991],[99.6399,14.8991],[99.6396,14.8981],[99.6405,14.8983],[99.6413,14.9008],[99.6416,14.8986],[99.6419,14.8991],[99.643,14.8986],[99.643,14.9],[99.6424,14.9],[99.6419,14.9008],[99.6422,14.9021],[99.643,14.9027],[99.643,14.9037],[99.6419,14.9043],[99.6419,14.9062],[99.6433,14.9065],[99.6433,14.9073],[99.6427,14.9078],[99.6402,14.9081],[99.6402,14.9089],[99.6416,14.91],[99.6416,14.9108],[99.6402,14.9108],[99.6397,14.9111],[99.6397,14.9116],[99.638,14.9114],[99.6377,14.9119],[99.6372,14.9119],[99.6372,14.9127],[99.6358,14.9124],[99.6361,14.9111],[99.6355,14.9111],[99.6349,14.9133],[99.6363,14.9138],[99.6363,14.9149],[99.6352,14.9152]],[[99.6369,14.9097],[99.6377,14.9095],[99.6374,14.9086],[99.6366,14.9089],[99.6369,14.9097]],[[99.6388,14.9086],[99.6394,14.9086],[99.6394,14.9081],[99.6388,14.9081],[99.6388,14.9086]],[[99.6416,14.9032],[99.6419,14.9035],[99.6419,14.9032],[99.6416,14.9032]],[[99.6357,14.9],[99.6363,14.9013],[99.6363,14.9],[99.6357,14.9]],[[99.6338,14.9],[99.6346,14.8997],[99.6343,14.8989],[99.6335,14.8989],[99.6338,14.9]],[[99.6399,14.8994],[99.6402,14.8997],[99.6402,14.8994],[99.6399,14.8994]],[[99.6377,14.8956],[99.6382,14.8962],[99.6382,14.8954],[99.6377,14.8956]],[[99.6396,14.8956],[99.6399,14.8959],[99.6399,14.8956],[99.6396,14.8956]],[[99.6315,14.8943],[99.6321,14.894],[99.6321,14.8932],[99.6315,14.8929],[99.6313,14.8918],[99.6307,14.8918],[99.6315,14.8943]],[[99.6166,14.8431],[99.6169,14.8433],[99.6169,14.8431],[99.6166,14.8431]],[[99.6166,14.8425],[99.6169,14.8428],[99.6169,14.8425],[99.6166,14.8425]]]}},{"type":"Feature","properties":{"kind":"flood","area_km2":3.234,"conf":"high","date":"2026-10-09"},"geometry":{"type":"Polygon","coordinates":[[[99.9097,14.3151],[99.9092,14.3146],[99.9075,14.3143],[99.9075,14.313],[99.9097,14.3132],[99.9097,14.3116],[99.9105,14.3116],[99.9119,14.3108],[99.9117,14.3102],[99.91,14.3102],[99.9097,14.3083],[99.9089,14.3083],[99.9091,14.3108],[99.9086,14.3108],[99.9086,14.3116],[99.9072,14.3116],[99.9072,14.31],[99.9083,14.3105],[99.9077,14.3086],[99.9069,14.3086],[99.9066,14.3094],[99.9058,14.3094],[99.9055,14.3116],[99.9069,14.3119],[99.9064,14.3119],[99.9064,14.3124],[99.9055,14.3127],[99.9055,14.3138],[99.9042,14.3138],[99.9039,14.3143],[99.903,14.3143],[99.9028,14.313],[99.9036,14.313],[99.9044,14.3119],[99.9033,14.3119],[99.903,14.3127],[99.9022,14.3127],[99.9019,14.31],[99.9014,14.31],[99.9014,14.3108],[99.9002,14.3108],[99.9002,14.31],[99.9016,14.3086],[99.9016,14.3081],[99.9033,14.307],[99.903,14.3054],[99.9044,14.3043],[99.9052,14.3043],[99.9058,14.3035],[99.9088,14.3032],[99.9102,14.3016],[99.9099,14.2988],[99.9102,14.3002],[99.9108,14.3002],[99.9108,14.2997],[99.9119,14.3002],[99.9119,14.3015],[99.9111,14.3018],[99.9111,14.3024],[99.9116,14.3024],[99.9119,14.3037],[99.913,14.3034],[99.9133,14.3029],[99.915,14.3029],[99.9152,14.3007],[99.9147,14.3007],[99.9144,14.3002],[99.9158,14.3002],[99.9158,14.2988],[99.9174,14.2985],[99.9174,14.2972],[99.9158,14.2972],[99.9158,14.2942],[99.9152,14.2939],[99.9185,14.2939],[99.9185,14.2956],[99.9191,14.2958],[99.9199,14.2958],[99.9202,14.2947],[99.9202,14.2931],[99.9185,14.2934],[99.9185,14.2926],[99.9174,14.2923],[99.9169,14.2915],[99.9191,14.2912],[99.9191,14.2901],[99.9205,14.2896],[99.921,14.2901],[99.921,14.2918],[99.9224,14.2917],[99.9224,14.2904],[99.923,14.2904],[99.9232,14.2896],[99.9246,14.2896],[99.9257,14.2885],[99.9257,14.2869],[99.9263,14.2868],[99.9258,14.2904],[99.9271,14.2904],[99.9277,14.2901],[99.9282,14.2882],[99.9296,14.2882],[99.9294,14.2871],[99.9313,14.2871],[99.9313,14.2866],[99.9299,14.2868],[99.9299,14.2863],[99.9302,14.2855],[99.9307,14.2857],[99.9307,14.2852],[99.9316,14.2849],[99.9316,14.2876],[99.9302,14.2885],[99.9302,14.2901],[99.9319,14.2898],[99.9321,14.2885],[99.9324,14.2893],[99.9335,14.2893],[99.9338,14.2887],[99.9347,14.2903],[99.9338,14.2906],[99.9338,14.2914],[99.9319,14.2906],[99.9313,14.2906],[99.931,14.2912],[99.9302,14.2912],[99.9302,14.2904],[99.9296,14.2906],[99.9297,14.292],[99.9286,14.2955],[99.9291,14.2955],[99.9291,14.2947],[99.9302,14.2933],[99.9313,14.2936],[99.9308,14.2939],[99.9311,14.2944],[99.9319,14.2936],[99.9322,14.295],[99.9316,14.2955],[99.9316,14.2977],[99.9311,14.2974],[99.9311,14.2966],[99.9305,14.2969],[99.93,14.2963],[99.93,14.2969],[99.9283,14.2966],[99.9277,14.2982],[99.9269,14.2982],[99.9269,14.2972],[99.9261,14.2972],[99.9258,14.298],[99.9241,14.298],[99.9238,14.2993],[99.9225,14.2993],[99.9225,14.2985],[99.9219,14.2985],[99.9216,14.3002],[99.9208,14.3002],[99.9205,14.2996],[99.9191,14.2996],[99.9188,14.2991],[99.918,14.2991],[99.9175,14.3004],[99.9161,14.3002],[99.9161,14.301],[99.9175,14.301],[99.9169,14.3037],[99.9175,14.3037],[99.9177,14.3029],[99.9194,14.3029],[99.9197,14.3034],[99.9208,14.3034],[99.9208,14.3042],[99.9216,14.3042],[99.9216,14.305],[99.9205,14.3056],[99.9175,14.3056],[99.9178,14.3061],[99.92,14.3061],[99.9194,14.3083],[99.9169,14.3089],[99.9164,14.3094],[99.918,14.3094],[99.918,14.3102],[99.9172,14.3105],[99.9175,14.3121],[99.9164,14.3121],[99.9155,14.3113],[99.9147,14.3118],[99.9147,14.3127],[99.9125,14.3127],[99.9128,14.3143],[99.9142,14.314],[99.915,14.3132],[99.9158,14.3132],[99.9158,14.3137],[99.9169,14.3137],[99.9167,14.3148],[99.915,14.3151],[99.9147,14.3146],[99.9136,14.3151],[99.9122,14.3151],[99.9114,14.3143],[99.9106,14.3151],[99.9097,14.3151]],[[99.9103,14.3097],[99.9122,14.3097],[99.9125,14.3081],[99.9108,14.3083],[99.9103,14.3089],[99.9103,14.3097]],[[99.9141,14.3083],[99.9147,14.3083],[99.9147,14.3078],[99.9141,14.3078],[99.9141,14.3083]],[[99.9166,14.3083],[99.918,14.3083],[99.918,14.307],[99.9166,14.307],[99.9166,14.3083]],[[99.9136,14.3072],[99.9141,14.3072],[99.9161,14.3056],[99.9152,14.3056],[99.9144,14.3064],[99.9133,14.3067],[99.9136,14.3072]],[[99.905,14.307],[99.9055,14.307],[99.9055,14.3065],[99.905,14.3065],[99.905,14.307]],[[99.9077,14.3067],[99.9083,14.3067],[99.9083,14.3062],[99.9094,14.3062],[99.9097,14.3056],[99.9119,14.3056],[99.9119,14.3037],[99.9075,14.3043],[99.9072,14.3051],[99.908,14.3054],[99.9077,14.3067]],[[99.9161,14.3056],[99.9175,14.3056],[99.9175,14.3053],[99.9164,14.3051],[99.9161,14.3056]],[[99.9227,14.2977],[99.9233,14.2972],[99.9241,14.2972],[99.923,14.2961],[99.9224,14.2961],[99.9227,14.2977]],[[99.9183,14.2975],[99.9191,14.2972],[99.9191,14.2964],[99.9183,14.2966],[99.9183,14.2975]],[[99.9302,14.2961],[99.9305,14.2963],[99.9305,14.2961],[99.9302,14.2961]],[[99.9294,14.2952],[99.9297,14.2955],[99.9297,14.2952],[99.9294,14.2952]],[[99.9305,14.295],[99.9311,14.2955],[99.9311,14.2947],[99.9305,14.295]],[[99.9302,14.2947],[99.9305,14.295],[99.9305,14.2947],[99.9302,14.2947]],[[99.9219,14.2945],[99.9224,14.2947],[99.9224,14.2945],[99.9219,14.2945]],[[99.923,14.2934],[99.9235,14.2934],[99.9235,14.2926],[99.923,14.2926],[99.923,14.2934]],[[99.9188,14.2928],[99.9194,14.2931],[99.9194,14.2928],[99.9188,14.2928]],[[99.9269,14.292],[99.9283,14.292],[99.9283,14.2906],[99.9269,14.2906],[99.9269,14.292]],[[99.9196,14.2918],[99.9202,14.2915],[99.9199,14.2909],[99.9194,14.2912],[99.9196,14.2918]],[[99.9305,14.2906],[99.9308,14.2909],[99.9308,14.2906],[99.9305,14.2906]],[[99.933,14.2901],[99.9333,14.2906],[99.9333,14.2901],[99.933,14.2901]],[[99.9335,14.2903],[99.9338,14.2906],[99.9338,14.2903],[99.9335,14.2903]],[[99.9233,14.2901],[99.9235,14.2904],[99.9235,14.2901],[99.9233,14.2901]],[[99.9305,14.2901],[99.931,14.2904],[99.931,14.2901],[99.9305,14.2901]],[[99.9235,14.2898],[99.9238,14.2901],[99.9238,14.2898],[99.9235,14.2898]],[[99.9296,14.2898],[99.9299,14.2901],[99.9299,14.2898],[99.9296,14.2898]],[[99.931,14.286],[99.9313,14.2863],[99.9313,14.286],[99.931,14.286]]]}},{"type":"Feature","properties":{"kind":"flood","area_km2":3.108,"conf":"high","date":"2026-10-09"},"geometry":{"type":"Polygon","coordinates":[[[99.9809,14.3707],[99.9809,14.3702],[99.9798,14.3699],[99.9789,14.3688],[99.9789,14.3666],[99.9786,14.3658],[99.9778,14.3653],[99.9775,14.362],[99.977,14.3626],[99.975,14.3626],[99.975,14.3615],[99.9783,14.3615],[99.9783,14.361],[99.9792,14.3601],[99.9803,14.3601],[99.9806,14.359],[99.9811,14.359],[99.9814,14.3585],[99.9792,14.3585],[99.9794,14.3572],[99.98,14.3571],[99.98,14.358],[99.9833,14.3579],[99.9833,14.3569],[99.9839,14.3569],[99.9839,14.3579],[99.985,14.3577],[99.9853,14.3571],[99.9864,14.3571],[99.9864,14.3558],[99.9858,14.3552],[99.9861,14.3541],[99.9875,14.3541],[99.9875,14.3558],[99.9892,14.356],[99.9892,14.3539],[99.9881,14.3536],[99.9886,14.3536],[99.9892,14.3525],[99.9892,14.3511],[99.9905,14.3511],[99.9905,14.3495],[99.99,14.3495],[99.99,14.3484],[99.9908,14.3495],[99.9939,14.3492],[99.9941,14.3484],[99.9886,14.3482],[99.9883,14.3474],[99.9877,14.3474],[99.9877,14.3482],[99.9886,14.3487],[99.9886,14.3495],[99.9883,14.349],[99.9864,14.349],[99.9864,14.3479],[99.985,14.3479],[99.985,14.3498],[99.9839,14.3504],[99.9811,14.3504],[99.9811,14.3498],[99.9836,14.3495],[99.9836,14.3482],[99.98,14.3474],[99.9797,14.3463],[99.9783,14.3463],[99.9777,14.345],[99.978,14.3431],[99.9774,14.3433],[99.9774,14.3441],[99.9763,14.3441],[99.9755,14.3428],[99.9755,14.3412],[99.976,14.3404],[99.9771,14.3401],[99.9769,14.3422],[99.9791,14.342],[99.9785,14.3431],[99.9797,14.3436],[99.9802,14.3428],[99.9802,14.342],[99.9797,14.342],[99.9796,14.3406],[99.9813,14.3411],[99.9816,14.3422],[99.9816,14.3395],[99.9841,14.339],[99.9847,14.34],[99.9874,14.34],[99.9874,14.3379],[99.9891,14.3376],[99.9891,14.3392],[99.9883,14.3398],[99.988,14.3408],[99.9891,14.3408],[99.9891,14.3414],[99.9899,14.3419],[99.99,14.3441],[99.9886,14.3446],[99.9886,14.3452],[99.9894,14.3454],[99.99,14.3444],[99.9913,14.3444],[99.9916,14.3427],[99.9925,14.3427],[99.9939,14.3438],[99.9936,14.3457],[99.9944,14.346],[99.9944,14.3468],[99.9958,14.3468],[99.9961,14.3451],[99.9961,14.3457],[99.9972,14.3465],[99.9972,14.3473],[99.9964,14.3476],[99.9964,14.3481],[99.9978,14.3481],[99.9972,14.35],[99.9997,14.35],[99.9997,14.3506],[100.0008,14.3514],[100.0011,14.3527],[100.0017,14.353],[100.0017,14.3573],[100.0009,14.3573],[100.0017,14.3576],[100.0017,14.3587],[100.0011,14.3587],[100.0009,14.3595],[100.0009,14.3579],[100.0003,14.3579],[100.0003,14.3565],[99.9986,14.356],[99.9983,14.3541],[99.9956,14.3546],[99.9958,14.3536],[99.9972,14.3536],[99.9972,14.3519],[99.9958,14.3519],[99.9956,14.353],[99.9956,14.3517],[99.9942,14.3517],[99.9939,14.3547],[99.9922,14.3552],[99.9925,14.3536],[99.9933,14.3538],[99.9931,14.353],[99.9936,14.3525],[99.9936,14.3511],[99.9897,14.3514],[99.9897,14.3541],[99.9906,14.3544],[99.9903,14.3558],[99.9889,14.3563],[99.9889,14.3568],[99.9911,14.3566],[99.9911,14.3571],[99.9917,14.3574],[99.9917,14.3585],[99.9922,14.359],[99.9923,14.3601],[99.9928,14.3601],[99.9928,14.3593],[99.9948,14.3593],[99.9948,14.3598],[99.9964,14.3598],[99.9967,14.3584],[99.9967,14.3595],[99.9975,14.3611],[99.9976,14.3625],[99.997,14.3636],[99.9973,14.3649],[99.9959,14.3649],[99.9959,14.3644],[99.9967,14.3641],[99.9964,14.363],[99.9953,14.3631],[99.9953,14.3636],[99.9942,14.3631],[99.9939,14.3647],[99.992,14.3652],[99.9917,14.3636],[99.9934,14.3633],[99.9931,14.3612],[99.9903,14.3606],[99.99,14.362],[99.99,14.3606],[99.9895,14.3604],[99.9895,14.3598],[99.9878,14.3598],[99.9878,14.3609],[99.987,14.3609],[99.987,14.3628],[99.9842,14.3631],[99.9839,14.3617],[99.985,14.3617],[99.985,14.3604],[99.9842,14.3593],[99.9822,14.3593],[99.982,14.3607],[99.98,14.3609],[99.98,14.3623],[99.9822,14.3626],[99.9828,14.3642],[99.9839,14.3645],[99.9839,14.3664],[99.9817,14.3666],[99.9814,14.3675],[99.9806,14.3675],[99.9806,14.3688],[99.9812,14.3696],[99.9809,14.3707]],[[99.98,14.3683],[99.9803,14.3672],[99.9798,14.3669],[99.9795,14.3675],[99.98,14.3683]],[[99.98,14.3666],[99.9814,14.3666],[99.9814,14.3653],[99.98,14.3653],[99.98,14.3666]],[[99.9795,14.3656],[99.98,14.3653],[99.98,14.3639],[99.9797,14.3631],[99.9789,14.3626],[99.9786,14.3631],[99.9792,14.3637],[99.9795,14.3656]],[[99.9934,14.3617],[99.9939,14.362],[99.9939,14.3617],[99.9934,14.3617]],[[99.9853,14.3596],[99.9859,14.3598],[99.9859,14.3596],[99.9853,14.3596]],[[99.985,14.3593],[99.9861,14.3593],[99.9861,14.3588],[99.9853,14.3585],[99.985,14.3593]],[[99.9881,14.3593],[99.9892,14.3593],[99.9892,14.3587],[99.9878,14.3587],[99.9881,14.3593]],[[99.9914,14.359],[99.9917,14.3585],[99.9911,14.3582],[99.9911,14.3587],[99.9914,14.359]],[[99.9875,14.3579],[99.9886,14.3577],[99.9878,14.3577],[99.9878,14.3571],[99.987,14.3568],[99.987,14.3577],[99.9875,14.3579]],[[99.9869,14.3547],[99.9872,14.355],[99.9872,14.3547],[99.9869,14.3547]],[[99.9956,14.3508],[99.9958,14.3511],[99.9958,14.3508],[99.9956,14.3508]],[[99.9878,14.3484],[99.988,14.3487],[99.988,14.3484],[99.9878,14.3484]],[[99.9816,14.3466],[99.9841,14.3463],[99.9841,14.3447],[99.9819,14.3447],[99.9816,14.3466]],[[99.9914,14.3465],[99.9925,14.3465],[99.9925,14.346],[99.9933,14.346],[99.9933,14.3443],[99.9919,14.3444],[99.9911,14.3449],[99.9914,14.3465]],[[99.9872,14.3463],[99.9877,14.3463],[99.9877,14.3457],[99.9872,14.3457],[99.9872,14.3463]],[[99.9866,14.3449],[99.9883,14.3446],[99.9888,14.3436],[99.9869,14.3433],[99.9866,14.3449]],[[99.9783,14.3447],[99.9788,14.3447],[99.9791,14.3441],[99.9786,14.3441],[99.9783,14.3447]],[[99.9872,14.3414],[99.988,14.3414],[99.988,14.3408],[99.9872,14.3408],[99.9872,14.3414]]]}},{"type":"Feature","properties":{"kind":"flood","area_km2":2.798,"conf":"high","date":"2026-10-09"},"geometry":{"type":"Polygon","coordinates":[[[99.9689,14.4882],[99.9669,14.4877],[99.9669,14.4868],[99.9661,14.4868],[99.9661,14.4855],[99.9669,14.4855],[99.9683,14.4844],[99.9703,14.4849],[99.9705,14.4841],[99.97,14.4838],[99.9697,14.4825],[99.9683,14.4828],[99.9669,14.4839],[99.9661,14.4839],[99.9658,14.4825],[99.9636,14.4825],[99.9625,14.4833],[99.9616,14.4833],[99.9613,14.4823],[99.9602,14.4823],[99.9591,14.4812],[99.9591,14.4801],[99.956,14.4804],[99.956,14.479],[99.9566,14.4779],[99.9569,14.4755],[99.9574,14.4747],[99.9574,14.4725],[99.958,14.4709],[99.9602,14.4692],[99.9607,14.4692],[99.961,14.4687],[99.9618,14.4687],[99.9629,14.4673],[99.9641,14.4671],[99.9649,14.466],[99.9654,14.466],[99.9674,14.4643],[99.9679,14.4643],[99.9679,14.4649],[99.9702,14.4643],[99.9704,14.463],[99.9705,14.4649],[99.9696,14.467],[99.971,14.467],[99.9713,14.4684],[99.9707,14.4684],[99.9705,14.4689],[99.9716,14.4695],[99.9716,14.4706],[99.9713,14.4711],[99.9694,14.4716],[99.9694,14.4722],[99.9685,14.4722],[99.9685,14.4727],[99.9702,14.4725],[99.9702,14.473],[99.9708,14.4733],[99.9702,14.4749],[99.9727,14.4749],[99.9727,14.4765],[99.9722,14.4765],[99.9719,14.4771],[99.9725,14.4773],[99.9725,14.4781],[99.9733,14.479],[99.9733,14.4803],[99.9716,14.4803],[99.9716,14.4809],[99.9727,14.4814],[99.973,14.4828],[99.9728,14.4836],[99.9714,14.4838],[99.9714,14.4844],[99.9722,14.4847],[99.9736,14.4838],[99.9747,14.4838],[99.9747,14.4846],[99.9742,14.4849],[99.9742,14.4855],[99.9733,14.4857],[99.9733,14.4863],[99.9739,14.4863],[99.9739,14.4857],[99.975,14.4852],[99.9761,14.4852],[99.9761,14.4865],[99.9744,14.4874],[99.9722,14.4874],[99.9722,14.4855],[99.9717,14.4855],[99.9708,14.4879],[99.97,14.4879],[99.9689,14.4871],[99.9689,14.4882]],[[99.9633,14.4814],[99.9636,14.4809],[99.9633,14.4804],[99.9627,14.4804],[99.9633,14.4814]],[[99.9677,14.4806],[99.9686,14.4806],[99.9688,14.4787],[99.9674,14.4782],[99.9663,14.476],[99.9652,14.4755],[99.9652,14.4763],[99.966,14.4768],[99.9661,14.4787],[99.9672,14.4787],[99.9677,14.4806]],[[99.9711,14.4798],[99.9716,14.4798],[99.9716,14.4787],[99.9711,14.4787],[99.9711,14.4798]],[[99.9705,14.4784],[99.9711,14.4784],[99.9711,14.4781],[99.9705,14.4779],[99.9705,14.4784]],[[99.9616,14.4774],[99.9627,14.4774],[99.9627,14.4771],[99.9616,14.4768],[99.9616,14.4774]],[[99.9694,14.476],[99.9702,14.476],[99.9702,14.4752],[99.9683,14.4752],[99.9683,14.4757],[99.9694,14.4754],[99.9694,14.476]],[[99.9594,14.4749],[99.9599,14.4752],[99.9599,14.4749],[99.9594,14.4749]],[[99.9672,14.4744],[99.9677,14.4744],[99.9677,14.4733],[99.9683,14.4727],[99.9671,14.4733],[99.9672,14.4744]],[[99.966,14.4717],[99.9674,14.4717],[99.9674,14.47],[99.9666,14.4698],[99.966,14.4703],[99.966,14.4717]],[[99.9671,14.4695],[99.9674,14.4698],[99.9674,14.4695],[99.9671,14.4695]],[[99.9674,14.4695],[99.9685,14.4692],[99.9685,14.4687],[99.968,14.4687],[99.9674,14.4695]],[[99.966,14.4681],[99.9682,14.4681],[99.9682,14.4673],[99.9674,14.4665],[99.9652,14.4665],[99.9652,14.4673],[99.966,14.4681]]]}},{"type":"Feature","properties":{"kind":"flood","area_km2":2.555,"conf":"high","date":"2026-10-09"},"geometry":{"type":"Polygon","coordinates":[[[99.9804,14.5033],[99.9801,14.5022],[99.9795,14.502],[99.9798,14.5004],[99.9817,14.5006],[99.9817,14.5017],[99.9826,14.5014],[99.9826,14.5003],[99.9829,14.5014],[99.9851,14.5017],[99.9851,14.4998],[99.984,14.4998],[99.984,14.499],[99.9834,14.4987],[99.9834,14.4982],[99.984,14.4982],[99.9839,14.4965],[99.9834,14.4965],[99.9834,14.4957],[99.9823,14.4955],[99.9842,14.4936],[99.9837,14.4936],[99.9825,14.4946],[99.98,14.4947],[99.9801,14.4968],[99.9795,14.4974],[99.9784,14.4974],[99.9784,14.4985],[99.9778,14.4987],[99.9778,14.4998],[99.9773,14.4998],[99.9773,14.5004],[99.9756,14.5006],[99.9756,14.4996],[99.9745,14.4996],[99.9745,14.4987],[99.9734,14.4982],[99.9737,14.4971],[99.9731,14.4969],[99.9728,14.4958],[99.9714,14.4958],[99.9714,14.4947],[99.9703,14.4942],[99.9703,14.4931],[99.9714,14.4931],[99.972,14.4936],[99.9717,14.4914],[99.9725,14.4909],[99.972,14.4904],[99.9722,14.489],[99.9714,14.4885],[99.9714,14.4876],[99.9753,14.4884],[99.9772,14.4879],[99.9775,14.4892],[99.9767,14.4892],[99.9761,14.4901],[99.9747,14.4898],[99.9733,14.4903],[99.9742,14.4931],[99.9747,14.4928],[99.9747,14.4914],[99.9756,14.4914],[99.9756,14.4906],[99.9767,14.4903],[99.9767,14.4914],[99.9772,14.492],[99.9773,14.493],[99.9767,14.493],[99.977,14.4939],[99.9778,14.4939],[99.9781,14.4925],[99.9795,14.4925],[99.9798,14.4936],[99.9812,14.4936],[99.9823,14.493],[99.982,14.4917],[99.9831,14.4914],[99.9834,14.4919],[99.9839,14.4919],[99.9839,14.4911],[99.9828,14.4906],[99.9828,14.4889],[99.9859,14.4889],[99.9859,14.4884],[99.985,14.4876],[99.985,14.4865],[99.9833,14.4865],[99.9833,14.4857],[99.9842,14.4854],[99.9845,14.4846],[99.9856,14.4843],[99.9858,14.4832],[99.9892,14.4827],[99.9903,14.4843],[99.9906,14.4865],[99.9889,14.4862],[99.9889,14.4889],[99.9903,14.4889],[99.9909,14.487],[99.9912,14.4897],[99.9903,14.4903],[99.9875,14.4897],[99.9875,14.4903],[99.9889,14.4903],[99.9895,14.4916],[99.9906,14.4911],[99.9917,14.4911],[99.992,14.4916],[99.9926,14.4916],[99.9928,14.4905],[99.9939,14.4905],[99.9945,14.4916],[99.9965,14.4921],[99.9967,14.493],[99.9984,14.4932],[99.9984,14.4943],[99.9976,14.4946],[99.9979,14.4959],[99.9962,14.497],[99.9934,14.4973],[99.9929,14.4957],[99.9906,14.4941],[99.9898,14.4941],[99.9873,14.4925],[99.9845,14.4925],[99.9845,14.4936],[99.9862,14.4938],[99.9864,14.4933],[99.9873,14.4933],[99.9878,14.4938],[99.9876,14.4952],[99.9867,14.4952],[99.9865,14.4957],[99.9848,14.4963],[99.9848,14.4971],[99.9856,14.4982],[99.9876,14.4976],[99.9884,14.496],[99.989,14.496],[99.989,14.4973],[99.9904,14.4973],[99.9912,14.4968],[99.9912,14.4954],[99.9917,14.4954],[99.9923,14.496],[99.9923,14.4979],[99.9929,14.4984],[99.9932,14.5],[99.9881,14.5017],[99.9862,14.5017],[99.9859,14.5022],[99.9834,14.5025],[99.982,14.5033],[99.9804,14.5033]],[[99.975,14.4979],[99.9756,14.4979],[99.9759,14.4974],[99.977,14.4974],[99.9773,14.4963],[99.9781,14.4963],[99.9778,14.4947],[99.9773,14.4947],[99.977,14.4955],[99.9759,14.4955],[99.9753,14.4947],[99.9739,14.4941],[99.975,14.4963],[99.975,14.4979]],[[99.9781,14.4963],[99.9784,14.4966],[99.9784,14.4963],[99.9781,14.4963]],[[99.9861,14.4897],[99.987,14.4897],[99.987,14.4889],[99.9859,14.4889],[99.9861,14.4897]]]}},{"type":"Feature","properties":{"kind":"flood","area_km2":2.289,"conf":"high","date":"2026-10-09"},"geometry":{"type":"Polygon","coordinates":[[[99.9664,14.2929],[99.9641,14.2927],[99.9639,14.2921],[99.9622,14.2921],[99.9625,14.2891],[99.9602,14.2897],[99.9602,14.2892],[99.9586,14.2886],[99.9586,14.2875],[99.9591,14.2875],[99.9591,14.287],[99.9574,14.287],[99.9572,14.2856],[99.9572,14.2848],[99.9577,14.2846],[99.9577,14.2829],[99.956,14.2824],[99.9552,14.2816],[99.9544,14.2816],[99.9541,14.2824],[99.9544,14.2829],[99.9549,14.2829],[99.9549,14.2843],[99.9558,14.2851],[99.9555,14.2856],[99.9563,14.2856],[99.9563,14.2867],[99.9572,14.2873],[99.9575,14.2884],[99.9583,14.2886],[99.9583,14.2894],[99.9575,14.2903],[99.9575,14.2913],[99.9564,14.2916],[99.9561,14.29],[99.9544,14.29],[99.9544,14.2892],[99.953,14.2892],[99.9536,14.2881],[99.9547,14.2878],[99.9547,14.287],[99.9541,14.287],[99.9541,14.2876],[99.9533,14.2878],[99.9538,14.2843],[99.9522,14.2846],[99.9519,14.2824],[99.9513,14.2819],[99.9508,14.2821],[99.9508,14.283],[99.9499,14.283],[99.9488,14.2824],[99.9488,14.2813],[99.9477,14.2811],[99.9477,14.2805],[99.9491,14.2805],[99.9491,14.2789],[99.9507,14.2789],[99.9507,14.2783],[99.9488,14.2784],[99.9485,14.2778],[99.948,14.2778],[99.9479,14.277],[99.9485,14.2767],[99.9485,14.2748],[99.9477,14.2743],[99.9477,14.2729],[99.9471,14.2729],[99.9471,14.2754],[99.946,14.2754],[99.9457,14.2738],[99.9457,14.2757],[99.9432,14.2757],[99.9432,14.2778],[99.9421,14.2778],[99.9418,14.2792],[99.9413,14.2792],[99.9413,14.277],[99.9402,14.2757],[99.9402,14.2746],[99.941,14.2746],[99.941,14.2738],[99.9421,14.2738],[99.9421,14.2746],[99.9438,14.2746],[99.9438,14.2735],[99.9452,14.2729],[99.9451,14.2724],[99.944,14.2724],[99.9443,14.2719],[99.9437,14.2692],[99.9471,14.2694],[99.9474,14.2721],[99.9479,14.2721],[99.9479,14.2697],[99.9493,14.2697],[99.9499,14.2702],[99.9496,14.2716],[99.9504,14.2716],[99.9504,14.2726],[99.9499,14.2727],[99.9502,14.2737],[99.9513,14.2735],[99.9513,14.2699],[99.954,14.2699],[99.9549,14.2705],[99.9549,14.271],[99.9554,14.271],[99.9557,14.2724],[99.9577,14.2748],[99.9577,14.2756],[99.9557,14.2759],[99.9557,14.2764],[99.9574,14.2764],[99.9574,14.2775],[99.958,14.2775],[99.958,14.277],[99.9588,14.277],[99.9599,14.278],[99.9599,14.2794],[99.9585,14.2791],[99.9577,14.2799],[99.9585,14.2805],[99.9608,14.2807],[99.9608,14.2826],[99.9624,14.2826],[99.9638,14.2843],[99.9661,14.2853],[99.9647,14.2859],[99.9644,14.287],[99.9636,14.2872],[99.9636,14.2905],[99.9647,14.2905],[99.9647,14.2918],[99.9664,14.2916],[99.9664,14.2929]],[[99.9608,14.2873],[99.9622,14.2872],[99.9622,14.2862],[99.9608,14.2859],[99.9608,14.2873]],[[99.9624,14.2856],[99.9638,14.2859],[99.9638,14.2845],[99.9622,14.2843],[99.9624,14.2856]],[[99.9563,14.2813],[99.9566,14.2816],[99.9566,14.2813],[99.9563,14.2813]],[[99.9566,14.281],[99.9569,14.2813],[99.9569,14.281],[99.9566,14.281]],[[99.9507,14.2808],[99.9516,14.2805],[99.9519,14.28],[99.9505,14.2797],[99.9507,14.2808]],[[99.9563,14.2808],[99.9569,14.2808],[99.9563,14.2791],[99.9574,14.2791],[99.9574,14.2778],[99.9541,14.2772],[99.9541,14.2781],[99.9532,14.2789],[99.9535,14.28],[99.956,14.2802],[99.9563,14.2808]],[[99.9488,14.2778],[99.9491,14.2781],[99.9491,14.2778],[99.9488,14.2778]],[[99.9513,14.2778],[99.9532,14.2775],[99.9532,14.2743],[99.9507,14.2745],[99.9513,14.2751],[99.9513,14.2778]],[[99.9415,14.2757],[99.9421,14.2765],[99.9424,14.2754],[99.9415,14.2757]],[[99.9538,14.2759],[99.9552,14.2756],[99.9552,14.2753],[99.9535,14.2748],[99.9538,14.2759]],[[99.9424,14.2751],[99.9427,14.2754],[99.9427,14.2751],[99.9424,14.2751]],[[99.9546,14.2732],[99.9552,14.2734],[99.9552,14.2732],[99.9546,14.2732]],[[99.9446,14.2708],[99.9451,14.2705],[99.9449,14.2697],[99.9443,14.27],[99.9446,14.2708]]]}},{"type":"Feature","properties":{"kind":"flood","area_km2":2.249,"conf":"high","date":"2026-10-09"},"geometry":{"type":"Polygon","coordinates":[[[99.9821,14.2649],[99.9807,14.2641],[99.979,14.2639],[99.9793,14.2625],[99.9782,14.2625],[99.9788,14.2628],[99.9788,14.2636],[99.9779,14.2636],[99.9779,14.2628],[99.9754,14.2633],[99.9743,14.2631],[99.9751,14.2606],[99.9743,14.2606],[99.9743,14.2598],[99.9748,14.2593],[99.9746,14.2582],[99.9737,14.2576],[99.9737,14.2568],[99.9746,14.2557],[99.9746,14.2549],[99.9762,14.2549],[99.9762,14.2544],[99.9726,14.2549],[99.972,14.2538],[99.9709,14.2536],[99.9709,14.2525],[99.9704,14.2525],[99.9704,14.2517],[99.9709,14.2517],[99.9712,14.2509],[99.9695,14.2506],[99.969,14.2501],[99.969,14.2487],[99.9729,14.249],[99.9734,14.2495],[99.9745,14.2492],[99.9751,14.2498],[99.9762,14.2498],[99.9759,14.2481],[99.9779,14.2481],[99.9776,14.2495],[99.9787,14.2495],[99.9787,14.2508],[99.9793,14.2503],[99.9809,14.2508],[99.9818,14.25],[99.9815,14.2487],[99.9837,14.2486],[99.9837,14.2511],[99.9854,14.2505],[99.9854,14.25],[99.9845,14.25],[99.9845,14.2489],[99.9856,14.2489],[99.9859,14.2495],[99.987,14.2492],[99.987,14.2497],[99.9876,14.25],[99.9876,14.2511],[99.9859,14.2516],[99.9857,14.2527],[99.9848,14.2527],[99.9846,14.2541],[99.9857,14.2543],[99.9854,14.2562],[99.986,14.2562],[99.9862,14.2576],[99.9868,14.2573],[99.9868,14.2546],[99.9879,14.2543],[99.9885,14.2557],[99.9888,14.2619],[99.9829,14.2619],[99.9829,14.2606],[99.9818,14.2606],[99.9824,14.2609],[99.9824,14.2622],[99.9813,14.2622],[99.981,14.2614],[99.9801,14.2611],[99.9799,14.262],[99.9804,14.262],[99.9807,14.2628],[99.9874,14.2625],[99.9871,14.2636],[99.9854,14.2636],[99.9846,14.2646],[99.9821,14.2649]],[[99.9815,14.2609],[99.9818,14.2611],[99.9818,14.2609],[99.9815,14.2609]],[[99.9746,14.2601],[99.9749,14.2603],[99.9749,14.2601],[99.9746,14.2601]],[[99.9801,14.2601],[99.9807,14.2601],[99.9804,14.2587],[99.9801,14.2587],[99.9801,14.2601]],[[99.9849,14.2592],[99.9851,14.2595],[99.9851,14.2592],[99.9849,14.2592]],[[99.9871,14.2584],[99.9874,14.2587],[99.9874,14.2584],[99.9871,14.2584]],[[99.9871,14.2576],[99.9874,14.2579],[99.9874,14.2576],[99.9871,14.2576]],[[99.9793,14.2571],[99.9801,14.2571],[99.9804,14.2565],[99.9798,14.2563],[99.9796,14.2549],[99.9807,14.2549],[99.9807,14.2541],[99.9773,14.2538],[99.9771,14.2544],[99.9782,14.2544],[99.9782,14.2552],[99.9776,14.256],[99.9762,14.256],[99.9762,14.2565],[99.979,14.2565],[99.9793,14.2571]],[[99.9804,14.2565],[99.9807,14.2568],[99.9807,14.2565],[99.9804,14.2565]],[[99.984,14.2568],[99.9848,14.2568],[99.9848,14.2562],[99.9843,14.2562],[99.984,14.2568]],[[99.9821,14.2543],[99.9823,14.2546],[99.9823,14.2543],[99.9821,14.2543]],[[99.9818,14.2541],[99.9821,14.2543],[99.9821,14.2541],[99.9818,14.2541]],[[99.9821,14.2541],[99.9829,14.2538],[99.9829,14.2533],[99.9818,14.2533],[99.9821,14.2541]],[[99.9757,14.253],[99.9762,14.253],[99.9765,14.2525],[99.9757,14.2522],[99.9757,14.253]],[[99.9734,14.2522],[99.9737,14.2525],[99.9737,14.2522],[99.9734,14.2522]],[[99.9729,14.2519],[99.9734,14.2522],[99.9734,14.2519],[99.9729,14.2519]],[[99.9787,14.2522],[99.9798,14.2522],[99.9798,14.2514],[99.9787,14.2517],[99.9787,14.2522]],[[99.9734,14.2517],[99.9737,14.2519],[99.9737,14.2517],[99.9734,14.2517]],[[99.987,14.2505],[99.9873,14.2508],[99.9873,14.2505],[99.987,14.2505]],[[99.9868,14.2503],[99.987,14.2505],[99.987,14.2503],[99.9868,14.2503]]]}},{"type":"Feature","properties":{"kind":"flood","area_km2":2.178,"conf":"high","date":"2026-10-09"},"geometry":{"type":"Polygon","coordinates":[[[99.9278,14.4526],[99.9273,14.452],[99.9264,14.452],[99.9261,14.4515],[99.9239,14.4515],[99.9236,14.4504],[99.9222,14.4501],[99.9222,14.4493],[99.9228,14.4488],[99.9217,14.4485],[99.9217,14.4477],[99.9225,14.4477],[99.9225,14.4466],[99.9219,14.4461],[99.9208,14.4463],[99.9208,14.4455],[99.9217,14.4455],[99.9219,14.4447],[99.9214,14.4442],[99.9186,14.4445],[99.9186,14.4426],[99.9169,14.4426],[99.9169,14.4415],[99.9177,14.4409],[99.9208,14.4409],[99.9203,14.4412],[99.9203,14.4417],[99.9211,14.4428],[99.9214,14.4423],[99.9225,14.4423],[99.9228,14.4417],[99.9239,14.4417],[99.9241,14.4412],[99.925,14.4412],[99.9255,14.4406],[99.9258,14.4417],[99.9272,14.4417],[99.9269,14.4398],[99.9275,14.4395],[99.9286,14.4395],[99.9286,14.4406],[99.93,14.4406],[99.93,14.4393],[99.9292,14.4393],[99.9291,14.4382],[99.9283,14.4379],[99.9252,14.4382],[99.9244,14.4385],[99.9244,14.439],[99.9239,14.439],[99.9239,14.4377],[99.9247,14.4371],[99.9247,14.4358],[99.923,14.4358],[99.923,14.4347],[99.9233,14.4339],[99.9238,14.4341],[99.9238,14.4347],[99.9275,14.4344],[99.9275,14.4357],[99.9283,14.4363],[99.9283,14.4368],[99.9297,14.4368],[99.9311,14.4357],[99.9311,14.4341],[99.93,14.4341],[99.9294,14.433],[99.9305,14.433],[99.9308,14.4317],[99.9316,14.4317],[99.9325,14.43],[99.933,14.4308],[99.933,14.4325],[99.9322,14.4325],[99.9322,14.433],[99.9311,14.433],[99.9311,14.4336],[99.9316,14.4336],[99.9319,14.4341],[99.9319,14.4352],[99.9325,14.4352],[99.9314,14.4357],[99.9314,14.4387],[99.9322,14.439],[99.9328,14.4384],[99.9342,14.4384],[99.9347,14.4373],[99.9347,14.4382],[99.9353,14.4387],[99.9339,14.4387],[99.9339,14.4401],[99.9347,14.4403],[99.935,14.442],[99.9364,14.4419],[99.9367,14.4411],[99.9378,14.4422],[99.9378,14.4428],[99.9403,14.4455],[99.9406,14.4474],[99.94,14.4474],[99.9387,14.4487],[99.9353,14.4487],[99.935,14.4468],[99.9378,14.4471],[99.9381,14.4455],[99.9375,14.4455],[99.9372,14.4449],[99.935,14.4452],[99.9347,14.4447],[99.9333,14.4447],[99.9334,14.4468],[99.9345,14.4468],[99.9342,14.4517],[99.9306,14.4525],[99.9278,14.4526]],[[99.9331,14.4498],[99.9334,14.4504],[99.9334,14.4498],[99.9331,14.4498]],[[99.9233,14.4488],[99.9275,14.4488],[99.9278,14.4482],[99.9289,14.4479],[99.9289,14.4466],[99.9297,14.4485],[99.9314,14.4482],[99.932,14.4466],[99.9331,14.4463],[99.9325,14.4458],[99.9325,14.4444],[99.9311,14.4444],[99.9306,14.445],[99.9303,14.4466],[99.93,14.4436],[99.9283,14.4436],[99.9281,14.4452],[99.9289,14.4458],[99.927,14.4458],[99.9264,14.4463],[99.9264,14.4469],[99.927,14.4471],[99.9256,14.4471],[99.925,14.448],[99.9236,14.448],[99.9233,14.4488]],[[99.9242,14.4434],[99.9253,14.4433],[99.925,14.4417],[99.9242,14.4417],[99.9242,14.4434]],[[99.9281,14.4431],[99.9286,14.4431],[99.9286,14.4417],[99.928,14.442],[99.9281,14.4431]],[[99.9339,14.4422],[99.9345,14.4422],[99.9344,14.4417],[99.9339,14.4417],[99.9339,14.4422]],[[99.9331,14.4417],[99.9339,14.4417],[99.9339,14.4414],[99.9331,14.4411],[99.9331,14.4417]],[[99.9255,14.4347],[99.9258,14.4352],[99.9258,14.4347],[99.9255,14.4347]]]}},{"type":"Feature","properties":{"kind":"flood","area_km2":2.02,"conf":"high","date":"2026-10-09"},"geometry":{"type":"Polygon","coordinates":[[[99.9519,14.4137],[99.9505,14.4131],[99.9491,14.4115],[99.9471,14.411],[99.9463,14.4077],[99.9452,14.4077],[99.9449,14.4083],[99.9435,14.4086],[99.9435,14.4072],[99.9427,14.4069],[99.9421,14.4061],[99.9415,14.4069],[99.9404,14.4069],[99.9407,14.4056],[99.9399,14.405],[99.9399,14.4042],[99.9393,14.404],[99.9396,14.4018],[99.939,14.401],[99.9373,14.4007],[99.9373,14.3999],[99.9384,14.3996],[99.9384,14.3983],[99.9393,14.398],[99.9395,14.3966],[99.9384,14.3966],[99.9382,14.398],[99.9359,14.3975],[99.9351,14.3964],[99.9348,14.3945],[99.9343,14.3942],[99.9342,14.3937],[99.9337,14.3937],[99.9337,14.3929],[99.9359,14.3923],[99.9365,14.3929],[99.9376,14.3929],[99.9381,14.3939],[99.9415,14.3936],[99.942,14.3942],[99.942,14.395],[99.9434,14.3947],[99.9434,14.3953],[99.9443,14.3961],[99.9443,14.3974],[99.9426,14.3972],[99.9426,14.3977],[99.9434,14.3983],[99.9454,14.3985],[99.9451,14.3972],[99.9459,14.3972],[99.9465,14.3966],[99.9476,14.3966],[99.9482,14.3974],[99.949,14.3974],[99.9493,14.3985],[99.9499,14.3985],[99.9499,14.3996],[99.9487,14.3999],[99.9487,14.4001],[99.9493,14.4007],[99.9501,14.4007],[99.9504,14.4018],[99.9526,14.4017],[99.9529,14.4028],[99.9535,14.4031],[99.9535,14.4044],[99.9529,14.405],[99.9529,14.4058],[99.9535,14.4058],[99.9535,14.4074],[99.9527,14.408],[99.9535,14.4101],[99.9532,14.412],[99.9538,14.4123],[99.9538,14.4134],[99.9519,14.4137]],[[99.9496,14.4107],[99.9505,14.4107],[99.951,14.4093],[99.9485,14.4085],[99.9485,14.4091],[99.9493,14.4093],[99.9496,14.4107]],[[99.9477,14.408],[99.9479,14.4075],[99.9485,14.4075],[99.9485,14.4061],[99.9479,14.4056],[99.9479,14.4034],[99.9471,14.4031],[99.9468,14.4037],[99.944,14.4042],[99.9449,14.4064],[99.9451,14.405],[99.9463,14.4048],[99.9463,14.4064],[99.9471,14.4075],[99.9477,14.4075],[99.9477,14.408]],[[99.9521,14.4058],[99.9527,14.4061],[99.9527,14.4058],[99.9521,14.4058]],[[99.951,14.4055],[99.9515,14.4055],[99.9513,14.4042],[99.9507,14.4042],[99.951,14.4055]],[[99.9415,14.4034],[99.9426,14.4034],[99.9426,14.4023],[99.9415,14.4023],[99.9415,14.4034]],[[99.944,14.4034],[99.9449,14.4034],[99.9449,14.4029],[99.944,14.4029],[99.944,14.4034]],[[99.9432,14.4026],[99.9437,14.4026],[99.9437,14.402],[99.9432,14.4021],[99.9432,14.4026]],[[99.9415,14.4007],[99.9426,14.4007],[99.9426,14.3991],[99.9407,14.3988],[99.9407,14.4002],[99.9412,14.4002],[99.9415,14.4007]],[[99.9485,14.3993],[99.9487,14.3999],[99.9487,14.3993],[99.9485,14.3993]],[[99.9465,14.3993],[99.9473,14.3993],[99.9473,14.3988],[99.9462,14.3988],[99.9465,14.3993]],[[99.9362,14.3961],[99.937,14.3958],[99.9368,14.395],[99.9359,14.395],[99.9362,14.3961]],[[99.9398,14.3958],[99.9412,14.3955],[99.9412,14.3942],[99.9398,14.3942],[99.9398,14.3958]]]}},{"type":"Feature","properties":{"kind":"flood","area_km2":2.011,"conf":"high","date":"2026-10-09"},"geometry":{"type":"Polygon","coordinates":[[[99.9143,14.4092],[99.9137,14.4081],[99.9123,14.4087],[99.9109,14.4084],[99.9109,14.4073],[99.9123,14.4071],[99.9123,14.4065],[99.9112,14.406],[99.9112,14.4049],[99.9123,14.4049],[99.9129,14.4041],[99.9143,14.4041],[99.9145,14.4051],[99.9151,14.4051],[99.9151,14.4041],[99.9145,14.4041],[99.9142,14.4024],[99.9129,14.4019],[99.9123,14.4038],[99.9112,14.4041],[99.9109,14.403],[99.9115,14.403],[99.9117,14.4024],[99.9115,14.4008],[99.9101,14.4006],[99.9098,14.4025],[99.909,14.4025],[99.909,14.4014],[99.9076,14.4014],[99.9076,14.4006],[99.9081,14.4006],[99.9081,14.3992],[99.9095,14.3989],[99.9095,14.3997],[99.9101,14.4],[99.9103,14.3984],[99.9098,14.3976],[99.9078,14.3976],[99.9078,14.3962],[99.9062,14.3954],[99.9061,14.3943],[99.9067,14.3943],[99.907,14.3938],[99.9092,14.3935],[99.9098,14.393],[99.9098,14.3913],[99.9089,14.3913],[99.9089,14.3908],[99.9084,14.3905],[99.9084,14.3894],[99.9086,14.3884],[99.91,14.3886],[99.91,14.3878],[99.9108,14.3873],[99.9117,14.3873],[99.912,14.3892],[99.91,14.3892],[99.91,14.3902],[99.9114,14.39],[99.9114,14.3908],[99.9125,14.3908],[99.9128,14.3921],[99.9134,14.3921],[99.9136,14.39],[99.9142,14.39],[99.9145,14.3894],[99.9161,14.3897],[99.9173,14.3916],[99.917,14.3921],[99.9159,14.3921],[99.9162,14.3937],[99.917,14.394],[99.9173,14.3924],[99.9184,14.3924],[99.9192,14.3932],[99.9189,14.3948],[99.9209,14.3951],[99.9212,14.3962],[99.9217,14.3962],[99.9217,14.3981],[99.9201,14.3978],[99.9198,14.3983],[99.9215,14.3997],[99.9209,14.4],[99.9209,14.4016],[99.9218,14.4016],[99.922,14.4035],[99.9209,14.4032],[99.9206,14.4013],[99.9198,14.4011],[99.9195,14.4019],[99.9204,14.403],[99.9204,14.4043],[99.922,14.4043],[99.9223,14.4054],[99.9209,14.4057],[99.9212,14.407],[99.9204,14.407],[99.9196,14.4059],[99.9196,14.4065],[99.9187,14.407],[99.9187,14.4078],[99.9168,14.4081],[99.9157,14.4092],[99.9143,14.4092]],[[99.9156,14.4035],[99.9162,14.4035],[99.9162,14.4027],[99.9168,14.4027],[99.917,14.4022],[99.9184,14.4021],[99.9184,14.4011],[99.9179,14.4011],[99.9176,14.4016],[99.9156,14.4013],[99.9151,14.4022],[99.9156,14.4035]],[[99.919,14.403],[99.9193,14.4032],[99.9193,14.403],[99.919,14.403]],[[99.9187,14.4027],[99.919,14.403],[99.919,14.4027],[99.9187,14.4027]],[[99.919,14.4019],[99.9193,14.4021],[99.9193,14.4019],[99.919,14.4019]],[[99.9151,14.4008],[99.9156,14.4003],[99.9156,14.3992],[99.9162,14.3992],[99.9167,14.3981],[99.9167,14.3962],[99.9131,14.3967],[99.9134,14.3981],[99.9145,14.3978],[99.9151,14.4008]],[[99.9195,14.4008],[99.9201,14.4005],[99.9198,14.4],[99.9192,14.4002],[99.9195,14.4008]],[[99.9115,14.4003],[99.9131,14.4003],[99.9131,14.3984],[99.9112,14.3987],[99.9115,14.4003]],[[99.9173,14.4],[99.919,14.4],[99.9192,14.3992],[99.9184,14.3984],[99.9176,14.3984],[99.9173,14.4]],[[99.9176,14.3978],[99.9181,14.3981],[99.9181,14.3978],[99.9176,14.3978]],[[99.9178,14.3973],[99.9181,14.3975],[99.9181,14.3973],[99.9178,14.3973]],[[99.9095,14.3957],[99.9103,14.3957],[99.9103,14.3954],[99.9095,14.3951],[99.9095,14.3957]],[[99.9145,14.3957],[99.9151,14.3957],[99.9148,14.3929],[99.9145,14.3929],[99.9145,14.3957]],[[99.9164,14.3951],[99.9167,14.3954],[99.9167,14.3951],[99.9164,14.3951]],[[99.9092,14.394],[99.9095,14.3943],[99.9095,14.394],[99.9092,14.394]],[[99.9123,14.3938],[99.9128,14.3938],[99.9128,14.3932],[99.9123,14.3932],[99.9123,14.3938]],[[99.9148,14.3924],[99.9156,14.3924],[99.9156,14.3913],[99.9148,14.3913],[99.9148,14.3924]]]}},{"type":"Feature","properties":{"kind":"flood","area_km2":1.894,"conf":"high","date":"2026-10-09"},"geometry":{"type":"Polygon","coordinates":[[[99.6472,14.8991],[99.6472,14.8986],[99.6461,14.8986],[99.6455,14.8978],[99.6441,14.8975],[99.6444,14.8962],[99.6452,14.8956],[99.6449,14.8951],[99.6441,14.8953],[99.6441,14.8932],[99.6446,14.8929],[99.6449,14.8934],[99.6455,14.8934],[99.646,14.8923],[99.6469,14.8918],[99.6469,14.8913],[99.6458,14.8905],[99.6435,14.8905],[99.6438,14.8886],[99.6441,14.8894],[99.6455,14.8894],[99.6455,14.888],[99.6449,14.888],[99.6452,14.885],[99.646,14.8848],[99.6477,14.8831],[99.6491,14.8831],[99.6505,14.8818],[99.6505,14.8812],[99.6516,14.8807],[99.6516,14.8801],[99.6521,14.8801],[99.6521,14.8796],[99.6527,14.8796],[99.6527,14.879],[99.6544,14.8782],[99.6552,14.8771],[99.6555,14.8709],[99.6563,14.8687],[99.656,14.8679],[99.6568,14.8674],[99.6568,14.8666],[99.6577,14.866],[99.6577,14.8655],[99.6593,14.8636],[99.6599,14.8619],[99.6613,14.8608],[99.6621,14.8608],[99.6627,14.86],[99.6643,14.8597],[99.6655,14.8589],[99.6663,14.8592],[99.6666,14.8606],[99.6685,14.8606],[99.6691,14.8597],[99.6691,14.8565],[99.6699,14.8565],[99.6699,14.8605],[99.6691,14.8614],[99.6671,14.8616],[99.6655,14.8638],[99.6644,14.8641],[99.6644,14.8649],[99.6635,14.8657],[99.6616,14.8657],[99.6616,14.8663],[99.6602,14.8671],[99.6599,14.8687],[99.6607,14.869],[99.6608,14.8701],[99.6602,14.8706],[99.6602,14.8717],[99.6588,14.872],[99.6588,14.8728],[99.658,14.8731],[99.6583,14.8744],[99.6571,14.8763],[99.6572,14.8788],[99.6577,14.879],[99.6577,14.8798],[99.6572,14.8804],[99.656,14.8804],[99.6558,14.8788],[99.6535,14.8788],[99.6535,14.8801],[99.6549,14.8804],[99.6527,14.8809],[99.6524,14.8823],[99.6519,14.8826],[99.6513,14.8839],[99.6508,14.8839],[99.6508,14.8845],[99.6488,14.8856],[99.6488,14.8904],[99.648,14.891],[99.648,14.8918],[99.6494,14.8937],[99.6494,14.8951],[99.6488,14.8959],[99.6488,14.8978],[99.6483,14.8983],[99.6483,14.8991],[99.6472,14.8991]],[[99.6582,14.8709],[99.6588,14.8709],[99.6588,14.8703],[99.6582,14.8703],[99.6582,14.8709]],[[99.6585,14.869],[99.6588,14.8693],[99.6588,14.869],[99.6585,14.869]]]}},{"type":"Feature","properties":{"kind":"flood","area_km2":1.636,"conf":"high","date":"2026-10-09"},"geometry":{"type":"Polygon","coordinates":[[[99.3938,14.6488],[99.3938,14.648],[99.3949,14.6472],[99.3949,14.6464],[99.394,14.6461],[99.394,14.6472],[99.3929,14.6472],[99.3929,14.6464],[99.3932,14.6458],[99.3937,14.6458],[99.3937,14.6442],[99.3943,14.6445],[99.394,14.6431],[99.3946,14.6431],[99.3949,14.6409],[99.3957,14.6409],[99.3951,14.6399],[99.3951,14.6385],[99.3957,14.6382],[99.3951,14.638],[99.3948,14.6366],[99.3968,14.6347],[99.3979,14.6347],[99.3982,14.6352],[99.3999,14.6347],[99.4012,14.6322],[99.4024,14.6314],[99.4024,14.6295],[99.4012,14.6285],[99.4012,14.6271],[99.4018,14.6271],[99.401,14.6263],[99.4012,14.6252],[99.3996,14.6244],[99.4001,14.6225],[99.4018,14.6209],[99.4012,14.6198],[99.4012,14.6187],[99.4018,14.6187],[99.4018,14.6181],[99.4007,14.6181],[99.4007,14.6173],[99.4046,14.6168],[99.4051,14.6173],[99.4051,14.6192],[99.4043,14.6192],[99.4043,14.62],[99.4051,14.62],[99.4054,14.6195],[99.4068,14.6198],[99.4071,14.6192],[99.4079,14.6192],[99.4096,14.62],[99.4096,14.6211],[99.409,14.6214],[99.4087,14.6225],[99.4085,14.6211],[99.4035,14.6206],[99.4032,14.623],[99.4046,14.6236],[99.4046,14.6246],[99.4051,14.6252],[99.4051,14.6263],[99.4035,14.6271],[99.4035,14.6293],[99.4051,14.6298],[99.4046,14.6298],[99.4043,14.6309],[99.4035,14.6306],[99.4029,14.6312],[99.4029,14.6322],[99.4015,14.6325],[99.4013,14.635],[99.4004,14.635],[99.4004,14.6385],[99.401,14.6388],[99.3996,14.6388],[99.3996,14.6415],[99.4007,14.6415],[99.4004,14.642],[99.401,14.642],[99.4015,14.6412],[99.4024,14.6409],[99.4024,14.6401],[99.4035,14.6393],[99.4038,14.6385],[99.4052,14.6382],[99.4054,14.6377],[99.4068,14.6371],[99.4071,14.6377],[99.4082,14.6374],[99.4079,14.6368],[99.4085,14.6368],[99.4093,14.6358],[99.4107,14.6358],[99.4107,14.6363],[99.4096,14.6368],[99.4091,14.6382],[99.4074,14.6385],[99.4068,14.6396],[99.4038,14.642],[99.4035,14.6436],[99.3999,14.6436],[99.3996,14.6442],[99.399,14.6442],[99.3988,14.6453],[99.3982,14.6453],[99.3979,14.6461],[99.3971,14.6469],[99.3965,14.6469],[99.3965,14.6474],[99.396,14.6474],[99.3951,14.6485],[99.3938,14.6488]],[[99.3943,14.6445],[99.3946,14.6447],[99.3946,14.6445],[99.3943,14.6445]],[[99.3965,14.6436],[99.3968,14.6439],[99.3968,14.6436],[99.3965,14.6436]],[[99.3963,14.6434],[99.3965,14.6436],[99.3965,14.6434],[99.3963,14.6434]],[[99.4001,14.642],[99.4004,14.6423],[99.4004,14.642],[99.4001,14.642]],[[99.4018,14.6415],[99.4021,14.6417],[99.4021,14.6415],[99.4018,14.6415]],[[99.404,14.6393],[99.4043,14.6396],[99.4043,14.6393],[99.404,14.6393]],[[99.4038,14.6388],[99.404,14.6393],[99.404,14.6388],[99.4038,14.6388]],[[99.4043,14.639],[99.4046,14.6393],[99.4046,14.639],[99.4043,14.639]],[[99.3988,14.639],[99.3993,14.639],[99.3996,14.6382],[99.3993,14.6382],[99.3988,14.639]],[[99.4046,14.6388],[99.4049,14.639],[99.4049,14.6388],[99.4046,14.6388]],[[99.406,14.6388],[99.4063,14.639],[99.4063,14.6388],[99.406,14.6388]],[[99.4049,14.6385],[99.4052,14.6388],[99.4052,14.6385],[99.4049,14.6385]],[[99.4057,14.6385],[99.406,14.6388],[99.406,14.6385],[99.4057,14.6385]],[[99.406,14.6382],[99.4063,14.6385],[99.4063,14.6382],[99.406,14.6382]],[[99.4063,14.6382],[99.4068,14.6382],[99.4071,14.6377],[99.4065,14.6377],[99.4063,14.6382]],[[99.4085,14.6377],[99.4088,14.6379],[99.4088,14.6377],[99.4085,14.6377]],[[99.4082,14.6374],[99.4085,14.6377],[99.4085,14.6374],[99.4082,14.6374]],[[99.3996,14.6366],[99.3999,14.6369],[99.3999,14.6366],[99.3996,14.6366]],[[99.3974,14.6363],[99.3976,14.6366],[99.3976,14.6363],[99.3974,14.6363]],[[99.3979,14.6363],[99.3982,14.6366],[99.3982,14.6363],[99.3979,14.6363]],[[99.3974,14.6358],[99.3976,14.6361],[99.3976,14.6358],[99.3974,14.6358]],[[99.3979,14.6358],[99.3982,14.6361],[99.3982,14.6358],[99.3979,14.6358]],[[99.4004,14.6236],[99.4007,14.6238],[99.4007,14.6236],[99.4004,14.6236]],[[99.4007,14.6233],[99.401,14.6236],[99.401,14.6233],[99.4007,14.6233]]]}},{"type":"Feature","properties":{"kind":"flood","area_km2":1.633,"conf":"high","date":"2026-10-09"},"geometry":{"type":"Polygon","coordinates":[[[99.9232,14.2858],[99.9229,14.2839],[99.9224,14.2839],[99.9224,14.2844],[99.9213,14.2844],[99.921,14.2839],[99.9199,14.2836],[99.9196,14.2814],[99.9177,14.2815],[99.9177,14.2828],[99.916,14.2839],[99.9157,14.2834],[99.9149,14.2834],[99.9154,14.2839],[99.9152,14.2847],[99.9115,14.2845],[99.9113,14.2853],[99.9113,14.2842],[99.9107,14.2839],[99.9104,14.2818],[99.9099,14.2812],[99.9068,14.2807],[99.9068,14.2801],[99.9051,14.2801],[99.9054,14.278],[99.9035,14.2783],[99.9032,14.2766],[99.9021,14.2766],[99.9021,14.2756],[99.9029,14.2753],[99.9018,14.275],[99.9018,14.2739],[99.9029,14.2734],[99.9029,14.272],[99.904,14.2717],[99.9043,14.2731],[99.9043,14.2723],[99.9051,14.2723],[99.9057,14.2717],[99.9057,14.2707],[99.9068,14.2707],[99.907,14.2712],[99.9087,14.2712],[99.9087,14.272],[99.9076,14.2723],[99.9073,14.2728],[99.9051,14.2731],[99.9051,14.2736],[99.9073,14.2734],[99.9073,14.2742],[99.9062,14.2744],[99.9065,14.2761],[99.9073,14.2763],[99.9071,14.2747],[99.9076,14.2747],[99.9076,14.2761],[99.9098,14.2761],[99.9098,14.2747],[99.9082,14.2747],[99.9087,14.2744],[99.9087,14.2739],[99.9082,14.2736],[99.9082,14.2728],[99.9087,14.2723],[99.9096,14.2723],[99.9101,14.2736],[99.9112,14.2733],[99.9115,14.2717],[99.9126,14.2717],[99.9129,14.2733],[99.9115,14.2733],[99.9115,14.2761],[99.9104,14.2758],[99.9098,14.2769],[99.9118,14.2769],[99.9118,14.2763],[99.9123,14.2763],[99.9123,14.2752],[99.9137,14.2752],[99.9137,14.276],[99.9151,14.2763],[99.9151,14.2771],[99.9132,14.2771],[99.9132,14.2779],[99.9126,14.2774],[99.9124,14.2793],[99.9115,14.2799],[99.9121,14.2801],[99.9121,14.2809],[99.9138,14.2809],[99.914,14.2815],[99.9146,14.2815],[99.9146,14.2823],[99.9165,14.2823],[99.9165,14.2809],[99.916,14.2809],[99.9157,14.2796],[99.9174,14.2796],[99.9171,14.2771],[99.916,14.2771],[99.916,14.2763],[99.919,14.276],[99.919,14.2747],[99.9173,14.2744],[99.9207,14.2739],[99.9207,14.2771],[99.9201,14.2777],[99.9201,14.279],[99.9207,14.2793],[99.9207,14.2809],[99.9218,14.2812],[99.9221,14.2817],[99.9227,14.2817],[99.9227,14.2809],[99.9238,14.2809],[99.9238,14.2798],[99.926,14.2793],[99.926,14.2779],[99.9254,14.2774],[99.9263,14.2774],[99.9263,14.2793],[99.9268,14.2795],[99.9271,14.2809],[99.9266,14.2809],[99.9257,14.2817],[99.9249,14.2817],[99.9246,14.2833],[99.9235,14.2833],[99.9232,14.2858]],[[99.911,14.2837],[99.9113,14.2839],[99.9113,14.2837],[99.911,14.2837]],[[99.9235,14.2817],[99.9241,14.282],[99.9241,14.2817],[99.9235,14.2817]],[[99.9101,14.2801],[99.9104,14.2804],[99.9104,14.2801],[99.9101,14.2801]],[[99.9174,14.2796],[99.9179,14.2798],[99.9179,14.2796],[99.9174,14.2796]],[[99.9073,14.2772],[99.9079,14.2774],[99.9079,14.2772],[99.9073,14.2772]]]}},{"type":"Feature","properties":{"kind":"flood","area_km2":1.596,"conf":"high","date":"2026-10-09"},"geometry":{"type":"Polygon","coordinates":[[[99.9927,14.519],[99.9927,14.5179],[99.9921,14.5179],[99.9921,14.5174],[99.9904,14.5174],[99.9904,14.5182],[99.9893,14.5177],[99.9893,14.5169],[99.9899,14.5169],[99.9907,14.516],[99.9907,14.5144],[99.9896,14.5133],[99.9896,14.5128],[99.9888,14.5131],[99.9896,14.5144],[99.9896,14.5152],[99.9888,14.5152],[99.9882,14.515],[99.9882,14.5139],[99.9868,14.5142],[99.9863,14.5136],[99.9868,14.512],[99.9851,14.512],[99.9843,14.5106],[99.984,14.5123],[99.9832,14.5123],[99.9829,14.5115],[99.9818,14.5109],[99.9815,14.5085],[99.9807,14.5085],[99.9804,14.5077],[99.9807,14.5066],[99.9798,14.5066],[99.9798,14.5077],[99.9787,14.5077],[99.9787,14.5066],[99.9795,14.5063],[99.9806,14.5041],[99.9865,14.5025],[99.9865,14.5036],[99.9857,14.5039],[99.9857,14.5049],[99.9887,14.5055],[99.9887,14.5049],[99.9882,14.5049],[99.9882,14.5038],[99.9893,14.5036],[99.9893,14.5017],[99.9907,14.5014],[99.9907,14.5027],[99.9915,14.5027],[99.9909,14.503],[99.9909,14.5041],[99.9926,14.5044],[99.9934,14.5038],[99.9934,14.5027],[99.992,14.5025],[99.9932,14.5022],[99.9934,14.5011],[99.9934,14.5022],[99.9946,14.5027],[99.9946,14.5035],[99.994,14.5041],[99.9954,14.5044],[99.9957,14.506],[99.9946,14.5063],[99.9943,14.5049],[99.9932,14.5049],[99.9923,14.5055],[99.9921,14.5046],[99.9909,14.5046],[99.9904,14.5052],[99.9904,14.5071],[99.9907,14.5082],[99.9915,14.5087],[99.9899,14.5093],[99.9899,14.5103],[99.9907,14.5109],[99.991,14.5117],[99.9918,14.5117],[99.9932,14.5103],[99.9946,14.5103],[99.9952,14.5117],[99.9971,14.5111],[99.9977,14.5128],[99.9971,14.513],[99.9971,14.5138],[99.996,14.5138],[99.9954,14.5144],[99.9941,14.5144],[99.9935,14.5133],[99.9927,14.5133],[99.9927,14.5141],[99.9935,14.5147],[99.9935,14.5155],[99.9929,14.5155],[99.9929,14.516],[99.9935,14.516],[99.9938,14.5155],[99.9952,14.5155],[99.9952,14.516],[99.9957,14.5163],[99.9955,14.5174],[99.9949,14.5174],[99.9927,14.519]],[[99.9901,14.5122],[99.9904,14.5125],[99.9904,14.5122],[99.9901,14.5122]],[[99.9874,14.5114],[99.9879,14.5114],[99.9879,14.5109],[99.9874,14.5109],[99.9874,14.5114]],[[99.984,14.5098],[99.9846,14.5098],[99.9846,14.5093],[99.984,14.5093],[99.984,14.5098]]]}},{"type":"Feature","properties":{"kind":"flood","area_km2":1.553,"conf":"high","date":"2026-10-09"},"geometry":{"type":"Polygon","coordinates":[[[99.9618,14.2712],[99.9613,14.2704],[99.9588,14.271],[99.9574,14.2696],[99.9574,14.2686],[99.9551,14.2688],[99.9551,14.2669],[99.9557,14.2672],[99.9557,14.2677],[99.9574,14.2675],[99.9574,14.2661],[99.9568,14.2656],[99.9551,14.2653],[99.9548,14.2648],[99.9543,14.2648],[99.9549,14.2669],[99.9526,14.2672],[99.9526,14.2661],[99.9524,14.2656],[99.9518,14.2656],[99.9518,14.2675],[99.9499,14.2667],[99.949,14.2678],[99.949,14.2689],[99.9482,14.2689],[99.9476,14.2683],[99.9462,14.2686],[99.9465,14.267],[99.9474,14.267],[99.9476,14.2662],[99.9479,14.2672],[99.9482,14.2656],[99.9504,14.2659],[99.9507,14.2653],[99.9518,14.2651],[99.951,14.2651],[99.951,14.2645],[99.9501,14.2642],[99.9496,14.2651],[99.9479,14.2648],[99.9476,14.2656],[99.946,14.2656],[99.946,14.2662],[99.9451,14.2662],[99.9448,14.2653],[99.9432,14.2654],[99.9434,14.2645],[99.9432,14.2637],[99.9426,14.2637],[99.9426,14.2626],[99.9412,14.2627],[99.9409,14.2635],[99.9398,14.2635],[99.9384,14.2624],[99.9381,14.261],[99.9387,14.261],[99.9387,14.2605],[99.9395,14.2605],[99.9398,14.2599],[99.9418,14.2597],[99.9418,14.2605],[99.9395,14.2608],[99.9395,14.2621],[99.9409,14.2621],[99.9418,14.2618],[99.9418,14.2608],[99.9423,14.2607],[99.9423,14.2613],[99.944,14.2613],[99.944,14.2599],[99.9434,14.2599],[99.9437,14.2591],[99.9443,14.2588],[99.9448,14.2588],[99.9451,14.2594],[99.9456,14.2588],[99.9476,14.2591],[99.9476,14.2583],[99.9484,14.2583],[99.9479,14.2599],[99.9468,14.2605],[99.9468,14.2615],[99.9495,14.2607],[99.9493,14.2621],[99.9509,14.2618],[99.9515,14.264],[99.9529,14.2634],[99.9526,14.2618],[99.9543,14.2618],[99.9548,14.2626],[99.956,14.2626],[99.956,14.2634],[99.9554,14.2634],[99.9551,14.264],[99.9585,14.2642],[99.9585,14.2637],[99.9573,14.2634],[99.9576,14.261],[99.959,14.261],[99.959,14.2626],[99.9596,14.2637],[99.9596,14.2607],[99.9621,14.2607],[99.9629,14.2615],[99.964,14.2615],[99.9637,14.262],[99.964,14.2628],[99.9626,14.2634],[99.9632,14.2645],[99.9637,14.2645],[99.9638,14.2655],[99.9635,14.2669],[99.9626,14.2669],[99.9627,14.2712],[99.9618,14.2712]],[[99.9602,14.2696],[99.9607,14.2696],[99.961,14.2683],[99.9601,14.2683],[99.9602,14.2696]],[[99.9574,14.268],[99.9576,14.2683],[99.9576,14.268],[99.9574,14.268]],[[99.9585,14.2683],[99.959,14.2683],[99.959,14.268],[99.9588,14.268],[99.9588,14.2677],[99.9585,14.2677],[99.9585,14.2683]],[[99.9582,14.2669],[99.9585,14.2677],[99.9585,14.2669],[99.9582,14.2669]],[[99.9607,14.2661],[99.9613,14.2661],[99.961,14.2653],[99.9607,14.2653],[99.9607,14.2661]],[[99.9434,14.2648],[99.9437,14.2651],[99.9437,14.2648],[99.9434,14.2648]],[[99.9437,14.2645],[99.944,14.2648],[99.944,14.2645],[99.9437,14.2645]],[[99.944,14.2645],[99.9446,14.2643],[99.9443,14.2635],[99.9437,14.2637],[99.944,14.2645]],[[99.9448,14.2637],[99.9451,14.264],[99.9451,14.2637],[99.9448,14.2637]],[[99.9476,14.264],[99.9484,14.2637],[99.9484,14.2621],[99.9473,14.2624],[99.9476,14.264]],[[99.9446,14.2635],[99.9448,14.2637],[99.9448,14.2635],[99.9446,14.2635]],[[99.9459,14.2637],[99.9468,14.2634],[99.9462,14.2624],[99.9457,14.2626],[99.9459,14.2637]],[[99.9409,14.2624],[99.9412,14.2627],[99.9412,14.2624],[99.9409,14.2624]],[[99.944,14.2618],[99.9443,14.2621],[99.9443,14.2618],[99.944,14.2618]],[[99.9635,14.2617],[99.9637,14.262],[99.9637,14.2617],[99.9635,14.2617]],[[99.9465,14.2591],[99.9468,14.2594],[99.9468,14.2591],[99.9465,14.2591]]]}},{"type":"Feature","properties":{"kind":"flood","area_km2":1.269,"conf":"high","date":"2026-10-09"},"geometry":{"type":"Polygon","coordinates":[[[99.9691,14.4068],[99.9682,14.4047],[99.9671,14.4044],[99.9668,14.4036],[99.9652,14.403],[99.9652,14.4017],[99.9646,14.4017],[99.9652,14.3998],[99.9668,14.3998],[99.9668,14.4009],[99.9657,14.4009],[99.9654,14.4017],[99.9674,14.4011],[99.9671,14.3984],[99.966,14.3984],[99.966,14.3979],[99.9632,14.3965],[99.9618,14.3966],[99.9615,14.3955],[99.9629,14.3949],[99.9637,14.3938],[99.9651,14.3936],[99.9648,14.3919],[99.9654,14.3919],[99.9654,14.3933],[99.9685,14.393],[99.9685,14.3925],[99.969,14.3922],[99.969,14.3908],[99.9679,14.3903],[99.9696,14.39],[99.9701,14.3889],[99.9707,14.3889],[99.9707,14.39],[99.9721,14.39],[99.9726,14.3897],[99.9729,14.3886],[99.9732,14.39],[99.974,14.3908],[99.9746,14.3908],[99.974,14.3927],[99.9754,14.3932],[99.9754,14.3962],[99.976,14.3965],[99.976,14.3973],[99.9749,14.3976],[99.9749,14.3981],[99.9741,14.3981],[99.9738,14.3957],[99.9718,14.3957],[99.9718,14.3987],[99.9724,14.3987],[99.9721,14.4011],[99.9727,14.4014],[99.9727,14.4019],[99.9707,14.4017],[99.9707,14.4028],[99.9702,14.4033],[99.9702,14.4052],[99.9707,14.4055],[99.9708,14.406],[99.9719,14.406],[99.9719,14.4055],[99.9727,14.4052],[99.9733,14.4068],[99.9691,14.4068]],[[99.9696,14.4017],[99.9702,14.4017],[99.9696,14.3995],[99.9702,14.3992],[99.9702,14.3976],[99.9688,14.3976],[99.9688,14.3998],[99.9696,14.4009],[99.9696,14.4017]],[[99.9663,14.3973],[99.9677,14.3973],[99.9679,14.3965],[99.9696,14.3962],[99.9696,14.3949],[99.9676,14.3949],[99.9676,14.3954],[99.9663,14.3954],[99.9663,14.3973]]]}},{"type":"Feature","properties":{"kind":"flood","area_km2":1.268,"conf":"high","date":"2026-10-09"},"geometry":{"type":"Polygon","coordinates":[[[99.9407,14.3332],[99.9404,14.3313],[99.9382,14.3313],[99.9384,14.3302],[99.939,14.331],[99.9404,14.3307],[99.9404,14.3302],[99.939,14.3305],[99.9393,14.3299],[99.9387,14.3297],[99.9384,14.3286],[99.9384,14.3272],[99.939,14.3269],[99.9393,14.3256],[99.9406,14.3256],[99.9412,14.325],[99.9431,14.325],[99.9445,14.3245],[99.9465,14.3245],[99.9468,14.3239],[99.9473,14.3239],[99.9473,14.3234],[99.9465,14.3228],[99.9459,14.3237],[99.944,14.3239],[99.9434,14.3245],[99.9406,14.3245],[99.9406,14.3237],[99.9395,14.3231],[99.9392,14.3245],[99.9376,14.3242],[99.937,14.3237],[99.937,14.3226],[99.9376,14.3221],[99.9384,14.3221],[99.9395,14.3199],[99.9415,14.3199],[99.9423,14.3207],[99.9437,14.3204],[99.9437,14.321],[99.9442,14.321],[99.9445,14.3201],[99.9456,14.3201],[99.9462,14.3207],[99.9498,14.3207],[99.9501,14.3226],[99.9509,14.3228],[99.9509,14.3239],[99.9518,14.3239],[99.9517,14.3198],[99.9526,14.3198],[99.9529,14.3206],[99.9534,14.3201],[99.9551,14.3201],[99.9565,14.3206],[99.9565,14.3217],[99.9559,14.3217],[99.9562,14.3231],[99.9557,14.3233],[99.9543,14.3231],[99.9543,14.322],[99.9548,14.322],[99.9548,14.3215],[99.9531,14.3212],[99.9537,14.3234],[99.952,14.3236],[99.952,14.3247],[99.9512,14.3247],[99.9493,14.3269],[99.9476,14.3269],[99.9479,14.3255],[99.9456,14.3253],[99.9459,14.3272],[99.9473,14.3272],[99.9473,14.328],[99.9465,14.3283],[99.9448,14.3299],[99.9432,14.3299],[99.9432,14.3296],[99.9429,14.3296],[99.9429,14.3294],[99.9426,14.3294],[99.9429,14.3313],[99.9421,14.3321],[99.9409,14.3318],[99.9407,14.3332]],[[99.9423,14.3294],[99.9426,14.3288],[99.9423,14.3288],[99.9423,14.3286],[99.942,14.3286],[99.9423,14.3294]],[[99.9412,14.3286],[99.942,14.3286],[99.942,14.3277],[99.9415,14.3277],[99.9412,14.3286]],[[99.9426,14.3286],[99.944,14.3285],[99.944,14.3272],[99.9426,14.3272],[99.9426,14.3286]],[[99.9481,14.3239],[99.9487,14.3242],[99.9487,14.3239],[99.9481,14.3239]],[[99.9456,14.3223],[99.9462,14.3223],[99.9465,14.3215],[99.9459,14.3215],[99.9456,14.3223]],[[99.9403,14.3212],[99.9409,14.3212],[99.9409,14.321],[99.9403,14.3207],[99.9403,14.3212]]]}},{"type":"Feature","properties":{"kind":"flood","area_km2":1.212,"conf":"high","date":"2026-10-09"},"geometry":{"type":"Polygon","coordinates":[[[99.9818,14.3232],[99.9818,14.3219],[99.9773,14.3197],[99.9765,14.3189],[99.9765,14.3184],[99.9751,14.3187],[99.9695,14.316],[99.969,14.3152],[99.9679,14.3149],[99.9679,14.3141],[99.9684,14.3135],[99.9681,14.3119],[99.967,14.3119],[99.9667,14.3111],[99.9653,14.3114],[99.9651,14.3106],[99.9645,14.3106],[99.9645,14.3111],[99.9637,14.3111],[99.9637,14.3106],[99.9626,14.3108],[99.9625,14.3098],[99.9637,14.3095],[99.9637,14.3076],[99.9656,14.3065],[99.9689,14.3065],[99.9689,14.3078],[99.9701,14.3078],[99.97,14.3065],[99.9709,14.3065],[99.9714,14.3092],[99.9723,14.3092],[99.9723,14.31],[99.9717,14.31],[99.9717,14.3111],[99.9731,14.3111],[99.974,14.3105],[99.9787,14.3102],[99.9792,14.3108],[99.9793,14.3127],[99.9781,14.3132],[99.9781,14.3154],[99.9795,14.3154],[99.9798,14.3146],[99.9798,14.3162],[99.9809,14.317],[99.9815,14.3192],[99.9832,14.3192],[99.9843,14.3202],[99.9843,14.3213],[99.9837,14.3216],[99.9835,14.3227],[99.9818,14.3232]],[[99.9784,14.3173],[99.9798,14.3178],[99.9798,14.3167],[99.9793,14.3167],[99.9793,14.3173],[99.9784,14.3173]],[[99.974,14.317],[99.9743,14.3162],[99.9751,14.3162],[99.9754,14.3168],[99.9787,14.3162],[99.9787,14.3157],[99.9773,14.3157],[99.9773,14.3138],[99.9756,14.3132],[99.9759,14.3119],[99.9737,14.3122],[99.9737,14.3138],[99.9723,14.3138],[99.9723,14.3151],[99.9726,14.3157],[99.974,14.3162],[99.974,14.317]],[[99.9695,14.3143],[99.972,14.3146],[99.972,14.3132],[99.9701,14.3133],[99.9701,14.3138],[99.9695,14.3135],[99.9695,14.3143]],[[99.969,14.313],[99.9692,14.3133],[99.9692,14.313],[99.969,14.313]],[[99.9687,14.3116],[99.9695,14.3122],[99.9695,14.3114],[99.9687,14.3116]],[[99.9695,14.3108],[99.9706,14.3108],[99.9706,14.3092],[99.9695,14.3092],[99.9695,14.3084],[99.9687,14.3084],[99.9684,14.3089],[99.9684,14.3081],[99.967,14.3081],[99.9667,14.3092],[99.9673,14.3106],[99.9695,14.3103],[99.9695,14.3108]],[[99.9645,14.3092],[99.9651,14.3092],[99.965,14.3087],[99.9645,14.3087],[99.9645,14.3092]]]}},{"type":"Feature","properties":{"kind":"flood","area_km2":1.074,"conf":"high","date":"2026-10-09"},"geometry":{"type":"Polygon","coordinates":[[[99.9027,14.3051],[99.8997,14.3051],[99.898,14.3038],[99.8969,14.304],[99.8966,14.303],[99.898,14.303],[99.898,14.3024],[99.8969,14.3024],[99.8963,14.3013],[99.8958,14.3013],[99.8958,14.3019],[99.8949,14.3019],[99.8949,14.3027],[99.8935,14.3027],[99.8924,14.3022],[99.8924,14.3014],[99.8905,14.3016],[99.8896,14.3011],[99.8896,14.3],[99.8902,14.2997],[99.8905,14.2984],[99.8927,14.2981],[99.8927,14.2997],[99.8941,14.2997],[99.8941,14.3008],[99.8955,14.3008],[99.8955,14.2992],[99.8966,14.2992],[99.896,14.2951],[99.8949,14.2951],[99.8949,14.2967],[99.8955,14.297],[99.8941,14.297],[99.893,14.2976],[99.8913,14.2973],[99.8913,14.2959],[99.8918,14.2948],[99.8938,14.2948],[99.8949,14.2935],[99.8966,14.2935],[99.8971,14.294],[99.8971,14.2954],[99.8982,14.2964],[99.8982,14.2973],[99.8996,14.2975],[99.8994,14.2992],[99.9008,14.2992],[99.9008,14.2981],[99.901,14.2986],[99.9013,14.2981],[99.9021,14.2981],[99.9022,14.3005],[99.9041,14.3005],[99.9041,14.2989],[99.9055,14.2986],[99.9058,14.2972],[99.9066,14.2994],[99.9077,14.2994],[99.9077,14.2999],[99.9085,14.2999],[99.9086,14.3005],[99.9099,14.3005],[99.9097,14.3016],[99.9086,14.3026],[99.9055,14.3029],[99.9047,14.304],[99.9027,14.304],[99.9027,14.3051]],[[99.9019,14.3021],[99.9024,14.3021],[99.9024,14.3008],[99.9019,14.3008],[99.9019,14.3021]],[[99.9069,14.3018],[99.9083,14.3018],[99.9083,14.3005],[99.9069,14.3005],[99.9069,14.3018]],[[99.8974,14.3013],[99.898,14.3013],[99.8977,14.2997],[99.8982,14.2978],[99.8974,14.2981],[99.8974,14.2994],[99.8969,14.2994],[99.8969,14.3003],[99.8974,14.3002],[99.8974,14.3013]],[[99.9002,14.3008],[99.901,14.3008],[99.9013,14.2994],[99.9002,14.2994],[99.9002,14.3008]],[[99.9049,14.3008],[99.9058,14.3008],[99.9058,14.3002],[99.9049,14.3002],[99.9049,14.3008]],[[99.8919,14.3005],[99.8924,14.3003],[99.8924,14.2995],[99.8916,14.2997],[99.8919,14.3005]],[[99.9013,14.2989],[99.9016,14.2991],[99.9016,14.2989],[99.9013,14.2989]],[[99.8966,14.297],[99.8971,14.297],[99.8971,14.2965],[99.8966,14.2965],[99.8966,14.297]]]}},{"type":"Feature","properties":{"kind":"flood","area_km2":0.957,"conf":"high","date":"2026-10-09"},"geometry":{"type":"Polygon","coordinates":[[[99.9041,14.297],[99.9035,14.2964],[99.9041,14.2962],[99.9041,14.2951],[99.9049,14.2959],[99.9049,14.2951],[99.9057,14.2951],[99.9057,14.2943],[99.9071,14.2942],[99.9071,14.2934],[99.908,14.2934],[99.9077,14.2918],[99.9071,14.2918],[99.9068,14.2913],[99.9055,14.2918],[99.903,14.2918],[99.9024,14.2913],[99.901,14.2913],[99.8999,14.2929],[99.9002,14.2954],[99.8988,14.2951],[99.898,14.2924],[99.8991,14.2926],[99.8991,14.291],[99.9004,14.2905],[99.9018,14.2888],[99.9032,14.2888],[99.9035,14.2883],[99.9032,14.2875],[99.9024,14.2869],[99.9024,14.2834],[99.9035,14.2834],[99.9035,14.2829],[99.9021,14.2829],[99.9021,14.2818],[99.9032,14.281],[99.9049,14.2815],[99.9054,14.2807],[99.9065,14.2807],[99.9071,14.282],[99.9079,14.282],[99.9079,14.2826],[99.9093,14.2823],[99.9102,14.2831],[99.9085,14.2837],[99.9088,14.2875],[99.911,14.2877],[99.9113,14.2858],[99.9135,14.2877],[99.9124,14.2877],[99.9118,14.2885],[99.9113,14.2885],[99.9113,14.2891],[99.9107,14.2891],[99.9107,14.2896],[99.9091,14.2894],[99.9091,14.2913],[99.9085,14.2915],[99.9085,14.2929],[99.9094,14.2929],[99.9094,14.2942],[99.9108,14.2942],[99.9119,14.2931],[99.9119,14.2942],[99.9105,14.2945],[99.9102,14.2953],[99.9091,14.2953],[99.9088,14.2959],[99.9055,14.2959],[99.9055,14.297],[99.9041,14.297]],[[99.9038,14.2899],[99.9066,14.2899],[99.9066,14.2877],[99.9035,14.2883],[99.9038,14.2899]],[[99.9071,14.288],[99.9079,14.288],[99.9079,14.2877],[99.9077,14.2877],[99.9077,14.2875],[99.9074,14.2875],[99.9071,14.288]],[[99.9054,14.2875],[99.9074,14.2875],[99.9079,14.2869],[99.9077,14.2848],[99.9065,14.2839],[99.9049,14.2842],[99.9049,14.2861],[99.9054,14.2875]],[[99.9049,14.2837],[99.9054,14.2831],[99.9043,14.2826],[99.9043,14.2834],[99.9049,14.2837]],[[99.9049,14.282],[99.9051,14.2823],[99.9051,14.282],[99.9049,14.282]]]}},{"type":"Feature","properties":{"kind":"flood","area_km2":0.955,"conf":"low","date":"2026-10-09"},"geometry":{"type":"Polygon","coordinates":[[[99.8881,14.3412],[99.8881,14.3396],[99.8895,14.3388],[99.889,14.3377],[99.8895,14.3355],[99.8909,14.3355],[99.8906,14.3347],[99.8892,14.335],[99.8889,14.3355],[99.8878,14.3355],[99.8875,14.3345],[99.8884,14.3336],[99.8884,14.3326],[99.8898,14.3328],[99.8895,14.3323],[99.8887,14.3323],[99.8884,14.3307],[99.8892,14.3304],[99.8892,14.3285],[99.8903,14.3282],[99.8903,14.3277],[99.8897,14.3277],[99.89,14.3266],[99.8895,14.326],[99.8895,14.325],[99.89,14.325],[99.89,14.3244],[99.8895,14.3241],[99.8894,14.3228],[99.8911,14.3225],[99.8914,14.3252],[99.8931,14.326],[99.8931,14.3271],[99.892,14.3274],[99.8914,14.3279],[99.8917,14.3285],[99.8931,14.3285],[99.8934,14.3277],[99.8948,14.3279],[99.895,14.3271],[99.8959,14.3268],[99.8956,14.3247],[99.8964,14.3247],[99.8973,14.3271],[99.8978,14.3271],[99.8981,14.3282],[99.8986,14.3285],[99.8987,14.3293],[99.8975,14.3293],[99.8967,14.3306],[99.8953,14.3304],[99.8953,14.332],[99.8948,14.3325],[99.8945,14.3347],[99.8937,14.3347],[99.8926,14.3355],[99.8926,14.3363],[99.8912,14.3377],[99.8909,14.3391],[99.8898,14.3396],[99.8898,14.3404],[99.889,14.3412],[99.8881,14.3412]],[[99.8931,14.3328],[99.8937,14.3328],[99.8937,14.3312],[99.8925,14.3317],[99.8931,14.3328]],[[99.8903,14.3317],[99.8906,14.3323],[99.8906,14.3317],[99.8903,14.3317]]]}},{"type":"Feature","properties":{"kind":"flood","area_km2":0.927,"conf":"low","date":"2026-10-09"},"geometry":{"type":"Polygon","coordinates":[[[99.9534,14.3128],[99.9531,14.312],[99.9514,14.312],[99.9509,14.3109],[99.95,14.3104],[99.95,14.309],[99.9506,14.3087],[99.9503,14.3066],[99.9514,14.3057],[99.9514,14.3041],[99.9497,14.3038],[99.9497,14.303],[99.9522,14.3036],[99.9525,14.3044],[99.9517,14.3046],[99.9517,14.306],[99.9522,14.3068],[99.9542,14.3068],[99.9545,14.3044],[99.9561,14.3041],[99.9564,14.3046],[99.957,14.3046],[99.9567,14.3022],[99.9572,14.3022],[99.9578,14.3014],[99.9575,14.3008],[99.9561,14.3014],[99.9542,14.3014],[99.9542,14.3003],[99.9536,14.3003],[99.9539,14.3017],[99.9528,14.3017],[99.9522,14.3011],[99.9519,14.2998],[99.9508,14.2987],[99.9511,14.2954],[99.9522,14.2954],[99.9522,14.296],[99.9528,14.296],[99.9533,14.297],[99.9555,14.2979],[99.9558,14.2984],[99.9567,14.2984],[99.9569,14.2992],[99.9581,14.2992],[99.9594,14.3003],[99.9592,14.3027],[99.9584,14.3035],[99.9581,14.3054],[99.9564,14.3068],[99.9567,14.3084],[99.9556,14.3082],[99.9556,14.3095],[99.955,14.3095],[99.9553,14.3101],[99.9564,14.3098],[99.957,14.3122],[99.9567,14.3128],[99.9556,14.3128],[99.955,14.3122],[99.9534,14.3128]],[[99.9523,14.3109],[99.9528,14.3106],[99.9525,14.3101],[99.952,14.3101],[99.9523,14.3109]],[[99.955,14.3073],[99.9553,14.3076],[99.9553,14.3073],[99.955,14.3073]]]}},{"type":"Feature","properties":{"kind":"flood","area_km2":0.921,"conf":"low","date":"2026-10-09"},"geometry":{"type":"Polygon","coordinates":[[[99.9234,14.3311],[99.9229,14.33],[99.9206,14.33],[99.9201,14.3308],[99.9195,14.3286],[99.9173,14.3287],[99.9176,14.3297],[99.9165,14.33],[99.9162,14.3295],[99.9142,14.3289],[99.9142,14.3284],[99.9134,14.3284],[99.9134,14.3279],[99.9128,14.3279],[99.9128,14.3273],[99.912,14.3268],[99.9117,14.3257],[99.9112,14.326],[99.9112,14.3276],[99.9095,14.3273],[99.9095,14.3281],[99.9075,14.3279],[99.907,14.3276],[99.907,14.3268],[99.9078,14.3265],[99.9078,14.3235],[99.9109,14.3238],[99.9109,14.3243],[99.912,14.3243],[99.9125,14.3249],[99.9128,14.326],[99.9145,14.3238],[99.9198,14.324],[99.9198,14.3251],[99.9206,14.3267],[99.9212,14.327],[99.9212,14.3289],[99.922,14.3289],[99.922,14.3281],[99.9215,14.3281],[99.9215,14.3262],[99.922,14.3259],[99.922,14.3246],[99.9226,14.324],[99.9248,14.3243],[99.9248,14.3256],[99.927,14.3254],[99.927,14.3245],[99.9278,14.3245],[99.9278,14.3259],[99.9284,14.3264],[99.9276,14.3264],[99.9276,14.3259],[99.9256,14.3262],[99.9256,14.3273],[99.9248,14.3273],[99.9248,14.3289],[99.9256,14.3292],[99.9256,14.3308],[99.9234,14.3311]],[[99.9229,14.3289],[99.9231,14.3294],[99.9231,14.3289],[99.9229,14.3289]],[[99.9139,14.3281],[99.9153,14.3281],[99.9156,14.3265],[99.9139,14.3265],[99.9139,14.3281]],[[99.9223,14.3278],[99.9231,14.3278],[99.9234,14.327],[99.9228,14.3267],[99.9223,14.3278]]]}},{"type":"Feature","properties":{"kind":"flood","area_km2":0.9,"conf":"low","date":"2026-10-09"},"geometry":{"type":"Polygon","coordinates":[[[99.9872,14.416],[99.9869,14.4149],[99.9853,14.4152],[99.9853,14.4146],[99.9839,14.4144],[99.9839,14.4135],[99.9844,14.4133],[99.9841,14.4111],[99.9825,14.4108],[99.9825,14.4103],[99.9819,14.41],[99.9819,14.4073],[99.9844,14.407],[99.9844,14.4062],[99.9827,14.4051],[99.9824,14.4038],[99.9844,14.4038],[99.9841,14.4049],[99.9852,14.4051],[99.9858,14.4046],[99.9863,14.4024],[99.9874,14.4024],[99.9874,14.4035],[99.988,14.404],[99.9888,14.4038],[99.9888,14.4029],[99.9897,14.4029],[99.9897,14.4035],[99.9905,14.4038],[99.9908,14.4027],[99.9916,14.4027],[99.9922,14.4043],[99.9919,14.4062],[99.9925,14.4065],[99.9927,14.4075],[99.9928,14.4097],[99.9919,14.41],[99.9919,14.4084],[99.9902,14.4084],[99.9891,14.4089],[99.9894,14.4114],[99.9875,14.4116],[99.9869,14.4127],[99.9869,14.4143],[99.9875,14.4143],[99.9872,14.416]],[[99.985,14.4092],[99.9858,14.4092],[99.9858,14.4073],[99.9844,14.4076],[99.985,14.4092]],[[99.983,14.4087],[99.9836,14.4089],[99.9836,14.4087],[99.983,14.4087]],[[99.9874,14.4065],[99.9877,14.4068],[99.9877,14.4065],[99.9874,14.4065]],[[99.9841,14.4057],[99.9844,14.406],[99.9844,14.4057],[99.9841,14.4057]]]}},{"type":"Feature","properties":{"kind":"flood","area_km2":0.833,"conf":"low","date":"2026-10-09"},"geometry":{"type":"Polygon","coordinates":[[[99.9648,14.1907],[99.9643,14.1885],[99.9637,14.188],[99.9634,14.1847],[99.9665,14.1842],[99.9665,14.1836],[99.9648,14.1836],[99.9648,14.182],[99.9642,14.182],[99.9642,14.1839],[99.9634,14.1845],[99.9623,14.1845],[99.9623,14.1836],[99.9617,14.1834],[99.962,14.1817],[99.9615,14.1817],[99.9614,14.1807],[99.9631,14.1807],[99.9631,14.179],[99.9648,14.179],[99.9656,14.1782],[99.9656,14.1777],[99.967,14.1777],[99.9673,14.1801],[99.9684,14.1801],[99.9687,14.1806],[99.9715,14.1804],[99.9715,14.1814],[99.9701,14.182],[99.9692,14.1836],[99.9673,14.1834],[99.9673,14.1839],[99.969,14.1844],[99.9687,14.1863],[99.9704,14.1863],[99.9706,14.1855],[99.9718,14.1866],[99.9718,14.1877],[99.9729,14.1879],[99.9729,14.189],[99.972,14.1898],[99.9695,14.1899],[99.9693,14.1904],[99.9684,14.1904],[99.9684,14.189],[99.969,14.189],[99.9693,14.1882],[99.9684,14.1882],[99.9681,14.1866],[99.9667,14.1858],[99.9668,14.1863],[99.9676,14.1869],[99.9679,14.1896],[99.9673,14.1904],[99.9648,14.1907]],[[99.9654,14.1896],[99.9673,14.1899],[99.9673,14.1882],[99.9654,14.1882],[99.9654,14.1896]],[[99.9668,14.1874],[99.967,14.1877],[99.967,14.1874],[99.9668,14.1874]],[[99.9654,14.1869],[99.9662,14.1874],[99.9662,14.1866],[99.9654,14.1869]],[[99.9687,14.1869],[99.969,14.1871],[99.969,14.1869],[99.9687,14.1869]],[[99.9667,14.1855],[99.9679,14.1855],[99.9679,14.1842],[99.9667,14.1842],[99.9667,14.1855]],[[99.9662,14.1847],[99.9665,14.185],[99.9665,14.1847],[99.9662,14.1847]],[[99.9667,14.1831],[99.9673,14.1828],[99.967,14.1823],[99.9665,14.1823],[99.9667,14.1831]],[[99.9631,14.1809],[99.9634,14.1812],[99.9634,14.1809],[99.9631,14.1809]],[[99.9653,14.1806],[99.9659,14.1806],[99.9659,14.1801],[99.9653,14.1801],[99.9653,14.1806]],[[99.9659,14.1793],[99.9662,14.1796],[99.9662,14.1793],[99.9659,14.1793]],[[99.9656,14.179],[99.9659,14.1793],[99.9659,14.179],[99.9656,14.179]]]}},{"type":"Feature","properties":{"kind":"flood","area_km2":0.778,"conf":"high","date":"2026-10-09"},"geometry":{"type":"Polygon","coordinates":[[[99.9265,14.41],[99.9268,14.4084],[99.9262,14.4084],[99.9262,14.4078],[99.9251,14.4078],[99.9251,14.407],[99.926,14.407],[99.926,14.4065],[99.9251,14.4065],[99.9251,14.4056],[99.9259,14.4046],[99.9265,14.4046],[99.9265,14.4035],[99.9276,14.4032],[99.9273,14.4027],[99.9262,14.4027],[99.9262,14.4018],[99.9295,14.401],[99.9298,14.4024],[99.9312,14.4024],[99.9309,14.4002],[99.9293,14.4005],[99.9293,14.398],[99.9284,14.3967],[99.9284,14.3959],[99.929,14.3959],[99.9292,14.3945],[99.9292,14.3956],[99.9301,14.3956],[99.9301,14.3948],[99.9309,14.3948],[99.9318,14.3953],[99.932,14.3961],[99.932,14.3967],[99.9304,14.3967],[99.9304,14.3983],[99.9309,14.3986],[99.9315,14.4013],[99.9321,14.4013],[99.9321,14.4024],[99.934,14.4021],[99.934,14.401],[99.9351,14.4018],[99.9351,14.4026],[99.9357,14.4029],[99.9368,14.4051],[99.9368,14.4067],[99.9365,14.4075],[99.9357,14.4075],[99.9357,14.4064],[99.9351,14.4064],[99.9346,14.4075],[99.9329,14.4078],[99.9335,14.404],[99.9326,14.4034],[99.9323,14.4045],[99.9315,14.4045],[99.9315,14.4054],[99.931,14.4056],[99.9307,14.4067],[99.9293,14.4081],[99.9279,14.4083],[99.9279,14.4097],[99.9265,14.41]],[[99.931,14.404],[99.9315,14.4045],[99.9315,14.404],[99.931,14.404]]]}},{"type":"Feature","properties":{"kind":"flood","area_km2":0.765,"conf":"low","date":"2026-10-09"},"geometry":{"type":"Polygon","coordinates":[[[99.9127,14.425],[99.9118,14.4241],[99.9099,14.4241],[99.9099,14.4231],[99.9104,14.4231],[99.9099,14.4214],[99.9107,14.4209],[99.9107,14.4201],[99.9124,14.4201],[99.9124,14.4195],[99.911,14.4193],[99.9112,14.4163],[99.9129,14.416],[99.9143,14.4141],[99.9154,14.4141],[99.9157,14.4168],[99.9143,14.4168],[99.9143,14.4176],[99.9163,14.4173],[99.9165,14.4182],[99.9182,14.4179],[99.9182,14.4152],[99.9193,14.4152],[99.9199,14.4162],[99.9221,14.4168],[99.921,14.4184],[99.9202,14.4184],[99.9202,14.4195],[99.9193,14.42],[99.9191,14.4211],[99.9188,14.42],[99.916,14.4198],[99.916,14.4211],[99.9185,14.4217],[99.9166,14.4239],[99.9127,14.425]],[[99.9143,14.4239],[99.9146,14.4241],[99.9146,14.4239],[99.9143,14.4239]],[[99.9146,14.4236],[99.916,14.4236],[99.916,14.4228],[99.9146,14.4228],[99.9146,14.4236]],[[99.9138,14.422],[99.9141,14.4222],[99.9141,14.422],[99.9138,14.422]],[[99.9143,14.422],[99.9146,14.4222],[99.9146,14.422],[99.9143,14.422]],[[99.914,14.4217],[99.9143,14.422],[99.9143,14.4217],[99.914,14.4217]],[[99.9132,14.4209],[99.914,14.4209],[99.914,14.4195],[99.9132,14.4195],[99.9132,14.4209]],[[99.9196,14.4184],[99.9202,14.4184],[99.9202,14.4176],[99.9196,14.4176],[99.9196,14.4184]],[[99.916,14.4179],[99.9163,14.4182],[99.9163,14.4179],[99.916,14.4179]]]}},{"type":"Feature","properties":{"kind":"flood","area_km2":0.747,"conf":"low","date":"2026-10-09"},"geometry":{"type":"Polygon","coordinates":[[[99.987,14.2451],[99.9865,14.2443],[99.9859,14.2443],[99.9856,14.2427],[99.9845,14.2419],[99.9828,14.2421],[99.9773,14.2416],[99.9773,14.2389],[99.9767,14.2389],[99.977,14.2381],[99.9764,14.2378],[99.9767,14.2354],[99.9742,14.2357],[99.9747,14.2351],[99.975,14.233],[99.9758,14.2329],[99.9759,14.234],[99.9767,14.2343],[99.9767,14.2329],[99.9784,14.2332],[99.9786,14.2319],[99.9811,14.2321],[99.9814,14.2313],[99.9825,14.2313],[99.9825,14.2329],[99.982,14.2332],[99.9822,14.2343],[99.9817,14.2346],[99.9817,14.2381],[99.9814,14.2381],[99.9814,14.2394],[99.9795,14.2397],[99.9795,14.2403],[99.9834,14.24],[99.9839,14.2411],[99.9884,14.241],[99.9887,14.2427],[99.9881,14.2432],[99.9873,14.2432],[99.9873,14.244],[99.9881,14.244],[99.9881,14.2451],[99.987,14.2451]],[[99.9781,14.24],[99.9784,14.2403],[99.9784,14.24],[99.9781,14.24]],[[99.9781,14.2397],[99.9787,14.2397],[99.9789,14.2389],[99.9781,14.2389],[99.9781,14.2397]],[[99.9812,14.2378],[99.9814,14.2381],[99.9814,14.2378],[99.9812,14.2378]],[[99.9773,14.2359],[99.9778,14.2359],[99.9789,14.2346],[99.9772,14.2343],[99.9773,14.2359]],[[99.9811,14.2356],[99.9814,14.2359],[99.9814,14.2356],[99.9811,14.2356]],[[99.9798,14.2354],[99.9806,14.2354],[99.9806,14.2343],[99.9795,14.2343],[99.9798,14.2354]]]}},{"type":"Feature","properties":{"kind":"flood","area_km2":0.735,"conf":"high","date":"2026-10-09"},"geometry":{"type":"Polygon","coordinates":[[[99.9979,14.2638],[99.9968,14.2624],[99.9965,14.2608],[99.9932,14.2608],[99.9927,14.2611],[99.9927,14.2616],[99.9921,14.2616],[99.9921,14.2622],[99.9899,14.2619],[99.9893,14.2611],[99.989,14.2557],[99.9901,14.2554],[99.9907,14.2543],[99.9915,14.2543],[99.9912,14.2559],[99.9932,14.2559],[99.9932,14.2565],[99.9937,14.2567],[99.994,14.2554],[99.9949,14.2554],[99.9951,14.2548],[99.9965,14.2548],[99.9968,14.257],[99.9988,14.2567],[99.9988,14.2573],[99.9996,14.2581],[99.9993,14.2602],[99.9988,14.2605],[99.9988,14.2611],[99.9993,14.2616],[100.0002,14.2616],[99.9999,14.2624],[100.0004,14.2627],[100.0004,14.2632],[99.9979,14.2638]],[[99.9935,14.2592],[99.9946,14.2589],[99.9946,14.2581],[99.9935,14.2581],[99.9935,14.2592]]]}},{"type":"Feature","properties":{"kind":"flood","area_km2":0.718,"conf":"high","date":"2026-10-09"},"geometry":{"type":"Polygon","coordinates":[[[99.9818,14.2701],[99.9818,14.2687],[99.9824,14.2685],[99.9829,14.2668],[99.9818,14.2668],[99.9816,14.2674],[99.9763,14.2671],[99.9757,14.2669],[99.9757,14.266],[99.9782,14.266],[99.9829,14.2652],[99.9832,14.2665],[99.9835,14.266],[99.9846,14.266],[99.9849,14.2665],[99.9849,14.2652],[99.9854,14.2646],[99.9888,14.2633],[99.989,14.2625],[99.9899,14.2625],[99.9904,14.263],[99.9921,14.2633],[99.9924,14.2643],[99.9924,14.2652],[99.9907,14.2657],[99.9907,14.2662],[99.9924,14.2657],[99.9927,14.2652],[99.9943,14.2651],[99.9949,14.2662],[99.996,14.2662],[99.996,14.2673],[99.9955,14.2673],[99.9949,14.2684],[99.9941,14.2684],[99.9935,14.2673],[99.991,14.2673],[99.991,14.2681],[99.9902,14.2681],[99.9899,14.2663],[99.9893,14.2663],[99.9882,14.2665],[99.988,14.2673],[99.9893,14.2671],[99.9899,14.2679],[99.9896,14.269],[99.9885,14.269],[99.9885,14.2676],[99.9877,14.2682],[99.9877,14.2673],[99.9868,14.2673],[99.9871,14.269],[99.9866,14.2692],[99.9866,14.2698],[99.9852,14.2698],[99.9849,14.269],[99.9843,14.269],[99.9841,14.2695],[99.9818,14.2701]],[[99.9855,14.2684],[99.986,14.2684],[99.986,14.2676],[99.9855,14.2676],[99.9855,14.2684]],[[99.9932,14.266],[99.9935,14.2662],[99.9935,14.266],[99.9932,14.266]],[[99.9935,14.266],[99.9941,14.266],[99.9941,14.2654],[99.9938,14.2654],[99.9935,14.266]]]}},{"type":"Feature","properties":{"kind":"flood","area_km2":0.702,"conf":"high","date":"2026-10-09"},"geometry":{"type":"Polygon","coordinates":[[[99.9169,14.4396],[99.9169,14.4358],[99.9144,14.4361],[99.9122,14.4358],[99.9116,14.4353],[99.9116,14.4344],[99.913,14.4344],[99.9119,14.4342],[99.9119,14.4334],[99.9127,14.4331],[99.9127,14.4315],[99.9141,14.4312],[99.9138,14.4306],[99.9127,14.4306],[99.9127,14.4301],[99.9116,14.4293],[99.9118,14.4277],[99.9127,14.4277],[99.9121,14.4258],[99.913,14.4258],[99.9135,14.4252],[99.9138,14.426],[99.9132,14.4263],[99.9132,14.4271],[99.9138,14.4277],[99.9152,14.4277],[99.9155,14.4266],[99.9166,14.4258],[99.9166,14.4268],[99.9169,14.4274],[99.9174,14.4274],[99.9174,14.4282],[99.916,14.4285],[99.9163,14.4301],[99.918,14.4301],[99.9183,14.4293],[99.9185,14.4304],[99.9169,14.4306],[99.9169,14.4347],[99.9174,14.435],[99.9177,14.4344],[99.9191,14.4341],[99.9197,14.4336],[99.9194,14.4322],[99.9199,14.4322],[99.9202,14.4333],[99.9208,14.4333],[99.9205,14.435],[99.9219,14.435],[99.9222,14.4358],[99.923,14.4358],[99.923,14.4363],[99.9222,14.4363],[99.9222,14.4377],[99.9216,14.4377],[99.9211,14.436],[99.92,14.4358],[99.9199,14.435],[99.9183,14.435],[99.9186,14.4366],[99.918,14.4369],[99.918,14.4374],[99.9188,14.4371],[99.9188,14.4363],[99.9197,14.4363],[99.92,14.4385],[99.9189,14.4388],[99.9188,14.4382],[99.9177,14.4382],[99.9177,14.4393],[99.9169,14.4396]]]}},{"type":"Feature","properties":{"kind":"flood","area_km2":0.698,"conf":"low","date":"2026-10-09"},"geometry":{"type":"Polygon","coordinates":[[[99.9385,14.2119],[99.9385,14.2111],[99.9391,14.2111],[99.9391,14.2106],[99.9377,14.2106],[99.9377,14.2098],[99.939,14.2098],[99.939,14.2092],[99.9379,14.209],[99.9377,14.2095],[99.9365,14.2095],[99.9365,14.2087],[99.9374,14.2084],[99.9374,14.2065],[99.9385,14.2062],[99.9385,14.2057],[99.9376,14.2054],[99.9382,14.2038],[99.9376,14.2035],[99.9376,14.2025],[99.9382,14.2014],[99.9393,14.2014],[99.9396,14.2003],[99.9404,14.2003],[99.9407,14.2008],[99.9423,14.2003],[99.9423,14.2011],[99.9418,14.2014],[99.9426,14.2013],[99.9426,14.2008],[99.9435,14.2008],[99.944,14.2013],[99.944,14.2022],[99.9435,14.2024],[99.944,14.2024],[99.944,14.2054],[99.9446,14.2065],[99.9446,14.2081],[99.944,14.2081],[99.9435,14.2092],[99.9429,14.2092],[99.9427,14.2098],[99.9418,14.2098],[99.9413,14.2108],[99.941,14.2098],[99.9396,14.2098],[99.9396,14.2111],[99.9407,14.2114],[99.9385,14.2119]],[[99.9388,14.2081],[99.9393,14.2079],[99.9393,14.2073],[99.9385,14.2073],[99.9388,14.2081]],[[99.9413,14.2068],[99.9421,14.2062],[99.9421,14.2057],[99.9415,14.2057],[99.9413,14.2068]],[[99.9407,14.203],[99.9418,14.203],[99.9421,14.2024],[99.9404,14.2024],[99.9407,14.203]]]}},{"type":"Feature","properties":{"kind":"flood","area_km2":0.689,"conf":"low","date":"2026-10-09"},"geometry":{"type":"Polygon","coordinates":[[[99.9256,14.3769],[99.9255,14.3758],[99.9278,14.3758],[99.9275,14.3736],[99.9286,14.3736],[99.928,14.3712],[99.9253,14.3712],[99.9258,14.369],[99.9255,14.3682],[99.9264,14.3679],[99.9263,14.3674],[99.9252,14.3674],[99.9252,14.3663],[99.9263,14.3663],[99.9263,14.3658],[99.9272,14.366],[99.9275,14.365],[99.9247,14.365],[99.9244,14.3658],[99.9236,14.365],[99.9227,14.3652],[99.9222,14.3663],[99.9199,14.3663],[99.9194,14.3661],[99.9194,14.365],[99.9188,14.365],[99.9188,14.3636],[99.9205,14.3625],[99.9224,14.3628],[99.9244,14.3623],[99.9249,14.3604],[99.9274,14.3609],[99.928,14.3598],[99.9297,14.3598],[99.9302,14.3592],[99.9305,14.3614],[99.9291,14.3612],[99.9283,14.3622],[99.9272,14.362],[99.9272,14.3628],[99.928,14.3631],[99.9286,14.3639],[99.9289,14.3677],[99.9294,14.3687],[99.9286,14.3766],[99.9256,14.3769]],[[99.9258,14.369],[99.9261,14.3693],[99.9261,14.369],[99.9258,14.369]],[[99.9277,14.3685],[99.9283,14.3685],[99.9283,14.3679],[99.9275,14.3679],[99.9277,14.3685]],[[99.9269,14.3666],[99.9272,14.3669],[99.9272,14.3666],[99.9269,14.3666]],[[99.9272,14.3663],[99.9275,14.3666],[99.9275,14.3663],[99.9272,14.3663]],[[99.9208,14.3647],[99.9219,14.3644],[99.9216,14.3636],[99.9205,14.3639],[99.9208,14.3647]],[[99.9255,14.3641],[99.9261,14.3644],[99.9261,14.3641],[99.9255,14.3641]],[[99.9252,14.3639],[99.9255,14.3641],[99.9255,14.3639],[99.9252,14.3639]],[[99.9266,14.3639],[99.9269,14.3641],[99.9269,14.3639],[99.9266,14.3639]],[[99.9247,14.3636],[99.9269,14.3636],[99.9266,14.362],[99.9247,14.362],[99.9247,14.3636]],[[99.926,14.3617],[99.9266,14.3614],[99.9266,14.3609],[99.9258,14.3612],[99.926,14.3617]]]}},{"type":"Feature","properties":{"kind":"flood","area_km2":0.686,"conf":"high","date":"2026-10-09"},"geometry":{"type":"Polygon","coordinates":[[[99.9879,14.3935],[99.9879,14.3926],[99.9899,14.3929],[99.9899,14.3913],[99.9888,14.391],[99.9888,14.3905],[99.9899,14.3902],[99.9899,14.3891],[99.9904,14.3888],[99.9899,14.3883],[99.9899,14.3864],[99.9904,14.3864],[99.9904,14.3856],[99.9913,14.3856],[99.9913,14.3864],[99.9926,14.3864],[99.9926,14.385],[99.9918,14.385],[99.9915,14.3837],[99.9893,14.3834],[99.9921,14.3831],[99.9921,14.3818],[99.9943,14.3812],[99.9946,14.3793],[99.9945,14.3755],[99.994,14.3755],[99.994,14.3747],[99.9918,14.3747],[99.9918,14.3739],[99.9912,14.3739],[99.9906,14.3731],[99.9901,14.3737],[99.9898,14.3723],[99.989,14.372],[99.989,14.3715],[99.9904,14.3715],[99.9901,14.3723],[99.992,14.372],[99.9909,14.3715],[99.9909,14.3701],[99.9901,14.3696],[99.9898,14.3688],[99.9892,14.3688],[99.9892,14.3682],[99.9909,14.3677],[99.9909,14.3688],[99.9915,14.369],[99.9923,14.3715],[99.9931,14.372],[99.9923,14.3734],[99.994,14.3736],[99.9943,14.3744],[99.9948,14.3744],[99.9948,14.3769],[99.9951,14.3774],[99.9959,14.3774],[99.996,14.3785],[99.9976,14.3782],[99.9976,14.3769],[99.9971,14.3769],[99.9971,14.3758],[99.9976,14.3761],[99.9979,14.3796],[99.9971,14.3799],[99.9968,14.3818],[99.9962,14.3823],[99.9946,14.3823],[99.9946,14.3845],[99.9957,14.3847],[99.9946,14.3853],[99.9949,14.3864],[99.9938,14.3872],[99.9932,14.3888],[99.9927,14.3894],[99.9918,14.3894],[99.9902,14.391],[99.9902,14.3932],[99.9879,14.3935]],[[99.9946,14.3796],[99.9948,14.3799],[99.9948,14.3796],[99.9946,14.3796]]]}},{"type":"Feature","properties":{"kind":"flood","area_km2":0.668,"conf":"low","date":"2026-10-09"},"geometry":{"type":"Polygon","coordinates":[[[99.9403,14.3777],[99.9403,14.3771],[99.9384,14.3766],[99.9378,14.3771],[99.9361,14.3771],[99.9361,14.3763],[99.9353,14.3755],[99.9336,14.3761],[99.9336,14.3744],[99.9347,14.3744],[99.9347,14.3733],[99.9361,14.3733],[99.9358,14.3717],[99.9364,14.3714],[99.9364,14.3698],[99.935,14.3698],[99.9347,14.3704],[99.9347,14.3695],[99.9339,14.3695],[99.9333,14.369],[99.935,14.3693],[99.9355,14.3687],[99.9353,14.3676],[99.9366,14.3676],[99.9366,14.3646],[99.9372,14.3646],[99.9377,14.3657],[99.9383,14.3633],[99.94,14.3633],[99.9394,14.3652],[99.9386,14.3652],[99.9389,14.3665],[99.9397,14.3668],[99.9389,14.3668],[99.9389,14.3679],[99.9375,14.3679],[99.9375,14.3684],[99.9369,14.3684],[99.9369,14.3706],[99.9375,14.3712],[99.9389,14.3711],[99.9389,14.3684],[99.943,14.3684],[99.9411,14.3687],[99.9411,14.3692],[99.9394,14.3695],[99.9394,14.3709],[99.94,14.3711],[99.94,14.3717],[99.9417,14.3717],[99.9433,14.3709],[99.9442,14.3725],[99.9428,14.3728],[99.942,14.3736],[99.942,14.3747],[99.9425,14.3747],[99.9425,14.3752],[99.9411,14.3758],[99.9414,14.3776],[99.9403,14.3777]],[[99.9367,14.3739],[99.9372,14.3739],[99.9375,14.3733],[99.9392,14.3736],[99.9392,14.373],[99.9397,14.3728],[99.9389,14.3728],[99.9389,14.3717],[99.9381,14.372],[99.9381,14.3714],[99.9369,14.3714],[99.9367,14.3739]],[[99.94,14.3722],[99.9403,14.3725],[99.9403,14.3722],[99.94,14.3722]],[[99.9361,14.3679],[99.9364,14.3684],[99.9364,14.3679],[99.9361,14.3679]]]}},{"type":"Feature","properties":{"kind":"flood","area_km2":0.656,"conf":"low","date":"2026-10-09"},"geometry":{"type":"Polygon","coordinates":[[[99.3412,14.7373],[99.3401,14.7365],[99.3401,14.7354],[99.3393,14.7351],[99.3393,14.7343],[99.3407,14.7332],[99.3409,14.7324],[99.3404,14.7316],[99.3398,14.7319],[99.3398,14.7305],[99.3393,14.7303],[99.3393,14.7295],[99.3401,14.7295],[99.3407,14.7286],[99.339,14.7286],[99.339,14.7278],[99.3404,14.7276],[99.3412,14.7267],[99.3412,14.7259],[99.3423,14.7256],[99.3423,14.7273],[99.3432,14.7273],[99.3432,14.7278],[99.3423,14.7278],[99.3423,14.7294],[99.3465,14.7294],[99.3465,14.7303],[99.3476,14.7305],[99.3485,14.7294],[99.3487,14.73],[99.3485,14.7308],[99.3474,14.7308],[99.3476,14.7313],[99.3482,14.7313],[99.3482,14.7322],[99.3476,14.7322],[99.3476,14.7327],[99.3457,14.7346],[99.3451,14.7346],[99.3437,14.7365],[99.3429,14.7368],[99.3429,14.7362],[99.3426,14.7362],[99.3426,14.7373],[99.3412,14.7373]],[[99.3418,14.7365],[99.3421,14.737],[99.3421,14.7365],[99.3418,14.7365]],[[99.3421,14.736],[99.3426,14.7362],[99.3426,14.736],[99.3421,14.736]],[[99.3423,14.7305],[99.3429,14.7303],[99.3426,14.7297],[99.3418,14.73],[99.3423,14.7305]]]}},{"type":"Feature","properties":{"kind":"flood","area_km2":0.655,"conf":"low","date":"2026-10-09"},"geometry":{"type":"Polygon","coordinates":[[[99.9819,14.2866],[99.9822,14.2836],[99.985,14.2839],[99.985,14.2825],[99.9827,14.2828],[99.9825,14.282],[99.9802,14.2823],[99.9802,14.2815],[99.9797,14.2815],[99.9797,14.282],[99.9788,14.2823],[99.9788,14.2828],[99.9775,14.2828],[99.9775,14.2834],[99.9786,14.2831],[99.9788,14.2837],[99.9789,14.285],[99.9775,14.2853],[99.9777,14.2847],[99.9763,14.2842],[99.9763,14.2834],[99.9769,14.282],[99.9783,14.2818],[99.9777,14.2801],[99.9736,14.281],[99.9735,14.2791],[99.9747,14.2788],[99.9752,14.2796],[99.9772,14.2793],[99.9774,14.278],[99.9783,14.2796],[99.9799,14.2793],[99.9799,14.2804],[99.9802,14.2799],[99.9811,14.2798],[99.9811,14.2809],[99.9822,14.2809],[99.9827,14.2815],[99.983,14.2801],[99.9844,14.2798],[99.9849,14.2801],[99.985,14.2806],[99.9855,14.2806],[99.9858,14.2817],[99.9863,14.2817],[99.9863,14.2804],[99.9872,14.2804],[99.9872,14.2796],[99.9866,14.2796],[99.9863,14.279],[99.9866,14.2777],[99.988,14.2777],[99.9886,14.2785],[99.9911,14.2785],[99.9913,14.279],[99.9919,14.279],[99.9919,14.2801],[99.9886,14.2795],[99.9886,14.2823],[99.988,14.2825],[99.9883,14.2831],[99.9875,14.2831],[99.9875,14.2842],[99.9858,14.2844],[99.9855,14.2855],[99.9839,14.2855],[99.9839,14.285],[99.9833,14.285],[99.983,14.2866],[99.9819,14.2866]],[[99.978,14.2847],[99.9783,14.285],[99.9783,14.2847],[99.978,14.2847]],[[99.9777,14.2845],[99.978,14.2847],[99.978,14.2845],[99.9777,14.2845]],[[99.9827,14.282],[99.983,14.2823],[99.983,14.282],[99.9827,14.282]]]}},{"type":"Feature","properties":{"kind":"flood","area_km2":0.629,"conf":"high","date":"2026-10-09"},"geometry":{"type":"Polygon","coordinates":[[[99.9869,14.3346],[99.9869,14.3333],[99.9857,14.3333],[99.9857,14.3319],[99.9846,14.3319],[99.9857,14.3314],[99.9857,14.33],[99.9846,14.3303],[99.9846,14.3289],[99.984,14.3284],[99.9827,14.3281],[99.9826,14.3262],[99.9818,14.3262],[99.9818,14.3243],[99.9832,14.3243],[99.9835,14.3235],[99.984,14.3235],[99.9846,14.3219],[99.9857,14.3219],[99.986,14.3235],[99.9874,14.3235],[99.9871,14.3208],[99.9887,14.3202],[99.9899,14.3205],[99.9907,14.3216],[99.9915,14.3216],[99.9915,14.3221],[99.9924,14.3224],[99.9921,14.3237],[99.9927,14.3243],[99.9927,14.3251],[99.9921,14.3262],[99.9921,14.3281],[99.9916,14.3281],[99.991,14.3286],[99.9907,14.33],[99.9904,14.3289],[99.9896,14.3289],[99.9893,14.3275],[99.9877,14.3276],[99.9877,14.3308],[99.9885,14.3311],[99.9891,14.3308],[99.9891,14.3303],[99.9899,14.3303],[99.9902,14.3319],[99.9891,14.3319],[99.9885,14.3324],[99.9885,14.3338],[99.9877,14.3341],[99.988,14.3346],[99.9869,14.3346]],[[99.9871,14.33],[99.9874,14.3303],[99.9874,14.33],[99.9871,14.33]],[[99.9854,14.3292],[99.9857,14.3295],[99.9857,14.3292],[99.9854,14.3292]],[[99.9866,14.3286],[99.9868,14.3295],[99.9868,14.3286],[99.9866,14.3286]],[[99.9852,14.3289],[99.9871,14.3284],[99.9871,14.327],[99.9863,14.3262],[99.9857,14.3262],[99.9846,14.3273],[99.9846,14.3287],[99.9852,14.3289]],[[99.9904,14.3281],[99.9918,14.3278],[99.9921,14.3243],[99.9896,14.3243],[99.9879,14.3251],[99.9879,14.3243],[99.989,14.3243],[99.989,14.3238],[99.9907,14.3237],[99.991,14.3221],[99.9876,14.3224],[99.9876,14.3238],[99.9863,14.3238],[99.986,14.3254],[99.9871,14.3254],[99.9874,14.3273],[99.9888,14.3273],[99.9888,14.3265],[99.9893,14.3265],[99.9896,14.327],[99.989,14.3273],[99.9902,14.3273],[99.9904,14.3281]],[[99.9849,14.3254],[99.9851,14.3257],[99.9851,14.3254],[99.9849,14.3254]]]}},{"type":"Feature","properties":{"kind":"flood","area_km2":0.623,"conf":"high","date":"2026-10-09"},"geometry":{"type":"Polygon","coordinates":[[[99.9668,14.4481],[99.9668,14.447],[99.9651,14.4467],[99.9651,14.4437],[99.9645,14.4437],[99.9645,14.4456],[99.964,14.4456],[99.9637,14.4462],[99.9615,14.4465],[99.9617,14.4451],[99.9598,14.4454],[99.9598,14.4443],[99.9609,14.4429],[99.9609,14.4421],[99.964,14.4421],[99.9665,14.4413],[99.9665,14.4426],[99.9676,14.4426],[99.9678,14.4421],[99.9701,14.4415],[99.9701,14.4399],[99.9706,14.4394],[99.9715,14.4399],[99.9717,14.4407],[99.9734,14.4404],[99.9734,14.4394],[99.9751,14.4393],[99.9748,14.4399],[99.9737,14.4402],[99.9751,14.4407],[99.9754,14.4429],[99.9743,14.4426],[99.9734,14.4437],[99.9723,14.4437],[99.972,14.4451],[99.9687,14.4451],[99.9684,14.4475],[99.9668,14.4481]],[[99.9623,14.4451],[99.9629,14.4451],[99.9631,14.4446],[99.9626,14.4443],[99.9623,14.4451]],[[99.9662,14.4451],[99.9679,14.4448],[99.9679,14.4432],[99.9662,14.4432],[99.9662,14.4451]],[[99.9606,14.4448],[99.962,14.4448],[99.9623,14.4432],[99.9609,14.4432],[99.9606,14.4448]],[[99.9628,14.4432],[99.9642,14.4432],[99.9648,14.4424],[99.9628,14.4424],[99.9628,14.4432]],[[99.9659,14.4426],[99.9662,14.4432],[99.9665,14.4426],[99.9659,14.4426]],[[99.9726,14.441],[99.9731,14.4413],[99.9731,14.441],[99.9726,14.441]]]}},{"type":"Feature","properties":{"kind":"flood","area_km2":0.607,"conf":"low","date":"2026-10-09"},"geometry":{"type":"Polygon","coordinates":[[[99.9917,14.4263],[99.9914,14.4257],[99.99,14.4257],[99.9909,14.4249],[99.9909,14.4236],[99.9897,14.4222],[99.9889,14.4222],[99.9886,14.4238],[99.9875,14.4238],[99.9872,14.4228],[99.9867,14.4228],[99.987,14.4206],[99.9864,14.4206],[99.9858,14.4195],[99.9847,14.4192],[99.9847,14.4184],[99.9853,14.4182],[99.9839,14.4179],[99.9839,14.4171],[99.9847,14.4168],[99.985,14.4154],[99.9855,14.4171],[99.9861,14.4173],[99.9861,14.4181],[99.9875,14.4181],[99.9883,14.4176],[99.9883,14.4171],[99.9894,14.417],[99.9894,14.416],[99.9914,14.4165],[99.9917,14.417],[99.9931,14.417],[99.9933,14.4159],[99.9936,14.4173],[99.9931,14.4184],[99.9936,14.4187],[99.9936,14.4195],[99.9931,14.4195],[99.9925,14.4214],[99.9917,14.4211],[99.9909,14.4214],[99.9917,14.4217],[99.9917,14.4222],[99.9925,14.4225],[99.9925,14.423],[99.9939,14.4227],[99.9948,14.4238],[99.9948,14.4246],[99.9959,14.4249],[99.9959,14.4257],[99.9942,14.4263],[99.9942,14.4257],[99.9931,14.4252],[99.9934,14.4235],[99.9917,14.4235],[99.9911,14.4244],[99.9923,14.4254],[99.9928,14.4254],[99.9928,14.4263],[99.9917,14.4263]],[[99.9872,14.4206],[99.9897,14.4203],[99.9897,14.4195],[99.9872,14.4192],[99.9872,14.4206]]]}},{"type":"Feature","properties":{"kind":"flood","area_km2":0.6,"conf":"low","date":"2026-10-09"},"geometry":{"type":"Polygon","coordinates":[[[100.0002,14.3362],[100.0002,14.3337],[99.9991,14.3343],[99.9997,14.3346],[99.9997,14.3354],[99.9985,14.3356],[99.9977,14.3356],[99.9977,14.3348],[99.9966,14.334],[99.9969,14.3327],[99.9963,14.3321],[99.9974,14.3321],[99.998,14.3313],[99.9977,14.33],[99.9968,14.33],[99.9968,14.3294],[99.9982,14.3294],[99.9982,14.3272],[99.9974,14.327],[99.9977,14.3264],[99.9968,14.3264],[99.9968,14.327],[99.9963,14.327],[99.9963,14.3264],[99.9943,14.3264],[99.9949,14.3256],[99.9963,14.3259],[99.9971,14.3253],[99.9971,14.3248],[99.9965,14.3248],[99.9966,14.3253],[99.9957,14.3254],[99.9957,14.3245],[99.9963,14.3245],[99.9963,14.324],[99.9977,14.324],[99.9982,14.3253],[99.9993,14.3259],[99.9993,14.3251],[99.9988,14.3248],[99.9988,14.3234],[99.9993,14.3229],[100.0015,14.3234],[100.0016,14.3318],[100.001,14.3321],[100.001,14.3329],[100.0016,14.3332],[100.0016,14.3362],[100.0002,14.3362]],[[99.998,14.3305],[99.9982,14.331],[99.9982,14.3305],[99.998,14.3305]],[[99.9991,14.3299],[99.9996,14.3299],[99.9996,14.3294],[99.9991,14.3294],[99.9991,14.3299]]]}},{"type":"Feature","properties":{"kind":"flood","area_km2":0.596,"conf":"low","date":"2026-10-09"},"geometry":{"type":"Polygon","coordinates":[[[99.9613,14.2116],[99.961,14.2102],[99.9618,14.21],[99.9618,14.2094],[99.961,14.2091],[99.961,14.2083],[99.9593,14.2083],[99.9593,14.2091],[99.9602,14.2091],[99.9602,14.2102],[99.9582,14.2102],[99.9582,14.2083],[99.9591,14.2081],[99.9591,14.2073],[99.9579,14.2067],[99.9579,14.2056],[99.9565,14.2054],[99.9563,14.204],[99.9568,14.2035],[99.9588,14.2037],[99.9588,14.2032],[99.9599,14.2029],[99.961,14.2029],[99.9613,14.2034],[99.9627,14.2032],[99.9629,14.2037],[99.9635,14.2037],[99.9635,14.2024],[99.9665,14.2021],[99.9665,14.2029],[99.966,14.2032],[99.9665,14.2042],[99.9666,14.2067],[99.966,14.208],[99.9649,14.208],[99.9649,14.2075],[99.9629,14.2056],[99.9604,14.2059],[99.9599,14.2064],[99.961,14.207],[99.961,14.2081],[99.9616,14.2081],[99.9616,14.2072],[99.9618,14.2078],[99.9621,14.2072],[99.9627,14.2072],[99.9643,14.2089],[99.9641,14.2105],[99.9624,14.2105],[99.9621,14.2116],[99.9613,14.2116]],[[99.9582,14.2054],[99.9588,14.2051],[99.9585,14.2045],[99.9579,14.2048],[99.9582,14.2054]],[[99.961,14.2045],[99.9615,14.2051],[99.9618,14.2045],[99.961,14.2045]],[[99.9646,14.2051],[99.9652,14.2045],[99.9643,14.204],[99.964,14.2045],[99.9646,14.2051]],[[99.9646,14.2034],[99.9652,14.2034],[99.9654,14.2029],[99.9646,14.2029],[99.9646,14.2034]]]}},{"type":"Feature","properties":{"kind":"flood","area_km2":0.577,"conf":"low","date":"2026-10-09"},"geometry":{"type":"Polygon","coordinates":[[[100.0015,14.3199],[99.9996,14.3196],[99.9993,14.318],[99.9987,14.3175],[99.9982,14.318],[99.9974,14.318],[99.9974,14.3175],[99.996,14.3175],[99.9957,14.3194],[99.9946,14.3194],[99.9937,14.3189],[99.9937,14.318],[99.9949,14.318],[99.9948,14.3172],[99.9954,14.3167],[99.9954,14.3123],[99.9979,14.3126],[99.9979,14.3118],[99.9965,14.3118],[99.9965,14.3112],[99.9957,14.311],[99.9956,14.3096],[99.9973,14.3099],[99.9976,14.3107],[99.9995,14.3104],[99.9995,14.3096],[99.9998,14.3101],[100.0015,14.3099],[100.0015,14.3199]],[[99.9968,14.3164],[99.9982,14.3164],[99.9982,14.315],[99.9968,14.315],[99.9968,14.3164]],[[100.0004,14.3131],[100.0007,14.3134],[100.0007,14.3131],[100.0004,14.3131]],[[99.9996,14.3118],[100.0004,14.3115],[100.0004,14.3107],[99.9995,14.3107],[99.9996,14.3118]]]}},{"type":"Feature","properties":{"kind":"flood","area_km2":0.564,"conf":"low","date":"2026-10-09"},"geometry":{"type":"Polygon","coordinates":[[[99.9214,14.3785],[99.9205,14.3764],[99.9192,14.3772],[99.9189,14.3783],[99.9164,14.378],[99.9169,14.3753],[99.9178,14.3753],[99.9178,14.3758],[99.9189,14.3758],[99.9189,14.3748],[99.9175,14.3745],[99.9183,14.372],[99.9155,14.3715],[99.9155,14.3699],[99.9163,14.3696],[99.9169,14.3685],[99.9177,14.3685],[99.918,14.3693],[99.9188,14.3699],[99.9191,14.3723],[99.9205,14.3723],[99.9208,14.3718],[99.9227,14.3718],[99.9236,14.3723],[99.9236,14.3734],[99.9247,14.3734],[99.9247,14.3769],[99.9233,14.3769],[99.9236,14.3785],[99.9214,14.3785]],[[99.9233,14.375],[99.9236,14.3753],[99.9236,14.375],[99.9233,14.375]],[[99.923,14.3747],[99.9233,14.375],[99.9233,14.3747],[99.923,14.3747]],[[99.9189,14.3734],[99.9194,14.3731],[99.9191,14.3726],[99.9186,14.3729],[99.9189,14.3734]],[[99.923,14.3723],[99.9233,14.3726],[99.9233,14.3723],[99.923,14.3723]]]}},{"type":"Feature","properties":{"kind":"flood","area_km2":0.535,"conf":"low","date":"2026-10-09"},"geometry":{"type":"Polygon","coordinates":[[[99.9863,14.4553],[99.9857,14.4542],[99.9843,14.4542],[99.9846,14.4512],[99.9851,14.4507],[99.9849,14.4529],[99.986,14.4529],[99.9871,14.452],[99.9874,14.4526],[99.9882,14.4526],[99.9882,14.4518],[99.9874,14.4518],[99.9874,14.451],[99.9876,14.4515],[99.9882,14.4515],[99.9882,14.4466],[99.9876,14.4466],[99.9876,14.4485],[99.9871,14.4491],[99.9849,14.4491],[99.9846,14.4474],[99.9854,14.4469],[99.9854,14.4455],[99.9859,14.445],[99.9871,14.445],[99.9871,14.4464],[99.9876,14.4463],[99.9876,14.445],[99.9896,14.445],[99.9904,14.4447],[99.9904,14.4439],[99.9912,14.4439],[99.9904,14.4455],[99.9896,14.4458],[99.9896,14.4463],[99.9912,14.4466],[99.9904,14.4469],[99.9901,14.4485],[99.991,14.4482],[99.9913,14.4488],[99.9921,14.4488],[99.9913,14.4507],[99.9913,14.455],[99.9891,14.455],[99.9882,14.4542],[99.9874,14.4545],[99.9871,14.4553],[99.9863,14.4553]],[[99.9885,14.4531],[99.989,14.4531],[99.989,14.4526],[99.9907,14.4518],[99.9907,14.4504],[99.9893,14.4504],[99.9893,14.451],[99.9885,14.4512],[99.9885,14.4531]]]}},{"type":"Feature","properties":{"kind":"flood","area_km2":0.523,"conf":"low","date":"2026-10-09"},"geometry":{"type":"Polygon","coordinates":[[[99.9972,14.4618],[99.9969,14.4612],[99.9963,14.4615],[99.9963,14.4604],[99.9985,14.4607],[99.9985,14.4596],[99.998,14.4591],[99.9958,14.4593],[99.9952,14.4585],[99.9955,14.4566],[99.9938,14.4574],[99.9946,14.4585],[99.9946,14.4593],[99.9932,14.4591],[99.9924,14.4561],[99.9949,14.4558],[99.9949,14.4542],[99.9954,14.4531],[99.9963,14.4531],[99.9963,14.4547],[99.9974,14.4547],[99.9991,14.4544],[99.9988,14.4531],[100.0002,14.4528],[100.0002,14.4536],[100.0013,14.4542],[100.001,14.4563],[100.0021,14.4566],[100.0022,14.4585],[100.001,14.4588],[100.001,14.458],[99.9991,14.458],[99.9991,14.4596],[100.0008,14.4596],[100.0008,14.4607],[99.9997,14.4609],[99.9994,14.4615],[99.9972,14.4618]]]}},{"type":"Feature","properties":{"kind":"flood","area_km2":0.503,"conf":"low","date":"2026-10-09"},"geometry":{"type":"Polygon","coordinates":[[[99.9543,14.1964],[99.9546,14.1945],[99.9568,14.1945],[99.9568,14.194],[99.9573,14.1942],[99.9576,14.1937],[99.9582,14.1937],[99.9582,14.1923],[99.9573,14.1921],[99.9573,14.1913],[99.9582,14.191],[99.9573,14.191],[99.9573,14.1902],[99.9565,14.1902],[99.9554,14.1894],[99.9537,14.1896],[99.9537,14.1886],[99.9523,14.1886],[99.9523,14.1894],[99.9518,14.1894],[99.9517,14.1886],[99.9512,14.1883],[99.9512,14.1897],[99.9501,14.1897],[99.9501,14.1886],[99.9509,14.1886],[99.9509,14.188],[99.9523,14.1883],[99.952,14.1875],[99.9529,14.1875],[99.9531,14.1867],[99.9531,14.1856],[99.9515,14.1859],[99.9515,14.1875],[99.9504,14.1867],[99.9506,14.1842],[99.9517,14.184],[99.9526,14.184],[99.9526,14.1848],[99.9528,14.1842],[99.9548,14.1842],[99.9551,14.1856],[99.9553,14.185],[99.9573,14.1853],[99.9573,14.1847],[99.9581,14.1847],[99.9581,14.1856],[99.9576,14.1856],[99.9573,14.1869],[99.9551,14.1872],[99.9551,14.1867],[99.9537,14.1867],[99.9534,14.1877],[99.9545,14.1883],[99.9568,14.1883],[99.957,14.1891],[99.9576,14.1891],[99.9576,14.188],[99.9593,14.188],[99.9593,14.1893],[99.9604,14.1896],[99.9604,14.1907],[99.959,14.1912],[99.9593,14.195],[99.9579,14.1951],[99.9579,14.1959],[99.9568,14.1959],[99.9565,14.1964],[99.9543,14.1964]],[[99.9546,14.1956],[99.9548,14.1959],[99.9548,14.1956],[99.9546,14.1956]],[[99.9587,14.1891],[99.959,14.1894],[99.959,14.1891],[99.9587,14.1891]],[[99.9587,14.1885],[99.959,14.1888],[99.959,14.1885],[99.9587,14.1885]],[[99.9542,14.1858],[99.9545,14.1864],[99.9545,14.1858],[99.9542,14.1858]],[[99.9537,14.1858],[99.954,14.1861],[99.954,14.1858],[99.9537,14.1858]],[[99.9548,14.1858],[99.9551,14.1861],[99.9551,14.1858],[99.9548,14.1858]],[[99.9545,14.1858],[99.9548,14.1853],[99.9542,14.185],[99.9542,14.1856],[99.9545,14.1858]]]}},{"type":"Feature","properties":{"kind":"flood","area_km2":0.492,"conf":"high","date":"2026-10-09"},"geometry":{"type":"Polygon","coordinates":[[[99.9309,14.3348],[99.9307,14.3332],[99.932,14.3329],[99.932,14.3324],[99.9307,14.3324],[99.9306,14.3308],[99.9312,14.3308],[99.9312,14.33],[99.9331,14.3297],[99.9331,14.328],[99.9326,14.3267],[99.929,14.327],[99.929,14.3264],[99.9301,14.3262],[99.9301,14.3245],[99.932,14.3251],[99.9323,14.3262],[99.9326,14.3251],[99.9379,14.325],[99.9381,14.3264],[99.9368,14.3267],[99.9359,14.3278],[99.9362,14.3283],[99.9368,14.3283],[99.9368,14.3278],[99.9376,14.3278],[99.9379,14.3291],[99.9354,14.3294],[99.9354,14.3313],[99.9357,14.3318],[99.9371,14.3318],[99.9371,14.3332],[99.9379,14.3335],[99.9379,14.3343],[99.9362,14.334],[99.936,14.3348],[99.9343,14.3348],[99.9357,14.3345],[99.9357,14.3332],[99.9354,14.3324],[99.934,14.3324],[99.9332,14.3329],[99.9334,14.3346],[99.9309,14.3348]],[[99.9312,14.3343],[99.9315,14.3346],[99.9315,14.3343],[99.9312,14.3343]],[[99.9318,14.334],[99.9321,14.3343],[99.9321,14.334],[99.9318,14.334]],[[99.9326,14.3332],[99.9332,14.3329],[99.9329,14.3324],[99.9323,14.3327],[99.9326,14.3332]],[[99.9359,14.3332],[99.9365,14.3329],[99.9365,14.3324],[99.9359,14.3324],[99.9359,14.3332]],[[99.9345,14.3297],[99.9351,14.3297],[99.9354,14.3291],[99.9345,14.3289],[99.9351,14.3286],[99.9351,14.327],[99.9345,14.327],[99.9345,14.3261],[99.9331,14.3261],[99.9331,14.3275],[99.9337,14.3278],[99.9337,14.3286],[99.9345,14.3297]]]}},{"type":"Feature","properties":{"kind":"flood","area_km2":0.479,"conf":"high","date":"2026-10-09"},"geometry":{"type":"Polygon","coordinates":[[[99.9752,14.3368],[99.9749,14.333],[99.9741,14.3336],[99.9727,14.3333],[99.9718,14.3322],[99.9718,14.3314],[99.9746,14.3317],[99.9746,14.3301],[99.9768,14.3295],[99.9771,14.33],[99.9763,14.3311],[99.9768,14.3322],[99.9766,14.3336],[99.9771,14.3336],[99.9771,14.333],[99.9779,14.333],[99.9779,14.33],[99.9774,14.33],[99.9774,14.3295],[99.9779,14.3295],[99.9782,14.3284],[99.979,14.3281],[99.9793,14.3265],[99.9799,14.3281],[99.9799,14.3303],[99.981,14.3308],[99.981,14.3335],[99.9799,14.3341],[99.9799,14.3355],[99.9782,14.3357],[99.9782,14.3365],[99.976,14.3368],[99.976,14.336],[99.9755,14.336],[99.9752,14.3368]],[[99.9768,14.3363],[99.9774,14.336],[99.9771,14.3355],[99.9766,14.3357],[99.9768,14.3363]]]}},{"type":"Feature","properties":{"kind":"flood","area_km2":0.467,"conf":"high","date":"2026-10-09"},"geometry":{"type":"Polygon","coordinates":[[[99.94,14.363],[99.9388,14.3625],[99.9386,14.3614],[99.938,14.3614],[99.938,14.3603],[99.9386,14.3598],[99.9383,14.3587],[99.9366,14.3584],[99.9366,14.3603],[99.9363,14.3595],[99.9352,14.3595],[99.9349,14.3606],[99.9347,14.359],[99.9355,14.359],[99.9358,14.3565],[99.9377,14.3565],[99.9383,14.3554],[99.9391,14.3551],[99.9394,14.356],[99.9405,14.356],[99.9405,14.3565],[99.9419,14.3565],[99.9419,14.3559],[99.9422,14.3565],[99.9438,14.3565],[99.9441,14.3546],[99.9435,14.354],[99.9452,14.3538],[99.9452,14.3546],[99.9458,14.3543],[99.9461,14.3576],[99.9455,14.3576],[99.9452,14.3581],[99.9452,14.3576],[99.9447,14.3576],[99.9444,14.3568],[99.943,14.3568],[99.9422,14.357],[99.9422,14.3581],[99.9416,14.3581],[99.9419,14.3592],[99.9422,14.3584],[99.9436,14.3581],[99.9436,14.3589],[99.943,14.3589],[99.9427,14.3597],[99.9419,14.3606],[99.9413,14.3606],[99.9419,14.3608],[99.9419,14.3616],[99.9436,14.3627],[99.94,14.363]],[[99.9386,14.3589],[99.9411,14.3587],[99.9411,14.3573],[99.9385,14.3576],[99.9386,14.3589]]]}},{"type":"Feature","properties":{"kind":"flood","area_km2":0.466,"conf":"low","date":"2026-10-09"},"geometry":{"type":"Polygon","coordinates":[[[99.9832,14.9617],[99.983,14.9609],[99.9796,14.9611],[99.9796,14.9603],[99.9805,14.9603],[99.9818,14.9584],[99.9813,14.9579],[99.9813,14.9568],[99.9804,14.9568],[99.9804,14.956],[99.9846,14.9568],[99.9846,14.9562],[99.9832,14.956],[99.9832,14.9552],[99.9841,14.9549],[99.9841,14.9538],[99.9832,14.953],[99.9832,14.9522],[99.9818,14.9522],[99.9818,14.9508],[99.9829,14.9508],[99.9829,14.9503],[99.9818,14.9503],[99.9812,14.9478],[99.9832,14.9484],[99.9829,14.9495],[99.9843,14.9497],[99.9854,14.9508],[99.9854,14.9519],[99.986,14.9527],[99.986,14.9541],[99.9852,14.9538],[99.9849,14.9546],[99.9857,14.9546],[99.9855,14.956],[99.9863,14.956],[99.9863,14.9581],[99.9855,14.9581],[99.9852,14.9592],[99.9838,14.9598],[99.9841,14.9617],[99.9832,14.9617]],[[99.9835,14.9516],[99.9838,14.9511],[99.9832,14.9508],[99.9832,14.9514],[99.9835,14.9516]]]}},{"type":"Feature","properties":{"kind":"flood","area_km2":0.423,"conf":"low","date":"2026-10-09"},"geometry":{"type":"Polygon","coordinates":[[[99.9431,14.3147],[99.9428,14.3142],[99.9361,14.3137],[99.9353,14.3129],[99.9353,14.3112],[99.9364,14.3115],[99.9367,14.3107],[99.9353,14.311],[99.9345,14.3088],[99.9344,14.3063],[99.9372,14.3063],[99.9383,14.3055],[99.9386,14.3063],[99.9381,14.3063],[99.9381,14.3077],[99.9372,14.3077],[99.9372,14.309],[99.9389,14.309],[99.9386,14.3107],[99.9403,14.3107],[99.9403,14.3126],[99.942,14.3123],[99.942,14.3134],[99.9445,14.3136],[99.9448,14.3147],[99.9431,14.3147]],[[99.9369,14.3071],[99.9372,14.3077],[99.9372,14.3071],[99.9369,14.3071]]]}},{"type":"Feature","properties":{"kind":"flood","area_km2":0.387,"conf":"high","date":"2026-10-09"},"geometry":{"type":"Polygon","coordinates":[[[99.9596,14.3944],[99.9596,14.3925],[99.9585,14.3925],[99.9584,14.392],[99.9576,14.3917],[99.9582,14.3895],[99.9573,14.3895],[99.9573,14.3884],[99.9557,14.3895],[99.9557,14.3903],[99.954,14.3909],[99.9537,14.3917],[99.9512,14.3917],[99.9509,14.3904],[99.9501,14.3901],[99.9545,14.3893],[99.9545,14.3876],[99.952,14.3874],[99.9526,14.3863],[99.9531,14.3863],[99.9534,14.3871],[99.9554,14.3871],[99.9554,14.3882],[99.9568,14.3882],[99.9565,14.3868],[99.9568,14.3852],[99.9568,14.3865],[99.9573,14.3871],[99.957,14.3882],[99.9587,14.3879],[99.959,14.389],[99.9612,14.3884],[99.9618,14.3928],[99.9607,14.3941],[99.9596,14.3944]]]}},{"type":"Feature","properties":{"kind":"flood","area_km2":0.372,"conf":"high","date":"2026-10-09"},"geometry":{"type":"Polygon","coordinates":[[[99.9699,14.2726],[99.9696,14.2707],[99.9691,14.2707],[99.9691,14.2723],[99.9685,14.272],[99.9685,14.2709],[99.9677,14.2707],[99.9679,14.268],[99.9665,14.2682],[99.9663,14.2707],[99.9654,14.2707],[99.9649,14.2702],[99.9649,14.2685],[99.9657,14.2677],[99.9651,14.2655],[99.9676,14.2655],[99.9679,14.2663],[99.9685,14.2663],[99.9685,14.265],[99.9699,14.265],[99.9707,14.2655],[99.9713,14.2666],[99.9716,14.2704],[99.9713,14.2726],[99.9699,14.2726]],[[99.9693,14.269],[99.9699,14.2688],[99.9696,14.268],[99.969,14.2682],[99.9693,14.269]]]}},{"type":"Feature","properties":{"kind":"flood","area_km2":0.37,"conf":"high","date":"2026-10-09"},"geometry":{"type":"Polygon","coordinates":[[[99.9982,14.5081],[99.9974,14.5073],[99.9971,14.5054],[99.996,14.5033],[99.9954,14.5033],[99.9946,14.5022],[99.9945,14.5008],[99.9957,14.5],[99.9971,14.5003],[99.9976,14.5016],[99.9982,14.5016],[99.9987,14.5027],[100.0001,14.5027],[99.9999,14.5043],[100.0007,14.5043],[100.001,14.5049],[100.0024,14.5046],[100.0024,14.5068],[100.001,14.5065],[100.0007,14.5076],[100.0001,14.5076],[99.9999,14.5081],[99.9982,14.5081]]]}},{"type":"Feature","properties":{"kind":"flood","area_km2":0.358,"conf":"high","date":"2026-10-09"},"geometry":{"type":"Polygon","coordinates":[[[99.9387,14.2599],[99.9381,14.2591],[99.9373,14.2591],[99.9379,14.2589],[99.9379,14.2581],[99.939,14.2583],[99.9392,14.2575],[99.9395,14.258],[99.9401,14.258],[99.9401,14.2586],[99.9406,14.2586],[99.9409,14.2575],[99.9423,14.2572],[99.942,14.2567],[99.9404,14.2572],[99.9401,14.2564],[99.9392,14.2561],[99.9392,14.2553],[99.9401,14.2553],[99.9398,14.2534],[99.9415,14.2537],[99.9412,14.2551],[99.942,14.2551],[99.9417,14.2537],[99.9437,14.2531],[99.9437,14.2521],[99.944,14.2529],[99.9451,14.2526],[99.9453,14.254],[99.9462,14.2545],[99.9462,14.2553],[99.944,14.2553],[99.944,14.2567],[99.9434,14.2567],[99.9434,14.2572],[99.9448,14.2572],[99.9442,14.2567],[99.9451,14.2567],[99.9456,14.2569],[99.9456,14.258],[99.9443,14.258],[99.9429,14.2588],[99.9418,14.2589],[99.9412,14.2594],[99.9387,14.2599]]]}},{"type":"Feature","properties":{"kind":"flood","area_km2":0.346,"conf":"low","date":"2026-10-09"},"geometry":{"type":"Polygon","coordinates":[[[99.9849,14.4708],[99.9849,14.4686],[99.9833,14.4689],[99.9833,14.4678],[99.9816,14.4675],[99.9816,14.4667],[99.9827,14.4664],[99.9827,14.4659],[99.9816,14.4656],[99.9816,14.4648],[99.9832,14.4626],[99.9855,14.4626],[99.9858,14.4645],[99.9877,14.4648],[99.9877,14.4664],[99.9863,14.4664],[99.9863,14.4672],[99.9869,14.4672],[99.9872,14.4678],[99.9872,14.4689],[99.9863,14.4689],[99.9861,14.4705],[99.9849,14.4708]]]}},{"type":"Feature","properties":{"kind":"flood","area_km2":0.331,"conf":"low","date":"2026-10-09"},"geometry":{"type":"Polygon","coordinates":[[[99.4702,14.7094],[99.4702,14.7089],[99.4691,14.7081],[99.4694,14.7051],[99.4674,14.7051],[99.4671,14.7043],[99.4663,14.7037],[99.4663,14.7029],[99.4685,14.701],[99.4691,14.701],[99.4696,14.6999],[99.4708,14.6999],[99.4713,14.7013],[99.4719,14.7013],[99.4719,14.7024],[99.4705,14.7021],[99.4699,14.7026],[99.4702,14.704],[99.4716,14.7048],[99.4716,14.7056],[99.471,14.7056],[99.4705,14.7067],[99.4722,14.7067],[99.4727,14.7072],[99.4727,14.7083],[99.4722,14.7083],[99.4716,14.7094],[99.4702,14.7094]]]}},{"type":"Feature","properties":{"kind":"flood","area_km2":0.328,"conf":"low","date":"2026-10-09"},"geometry":{"type":"Polygon","coordinates":[[[99.9205,14.3604],[99.9205,14.3593],[99.9199,14.3587],[99.9196,14.3598],[99.9182,14.3598],[99.9182,14.3582],[99.9188,14.3577],[99.9188,14.3569],[99.9205,14.3566],[99.9205,14.3577],[99.9213,14.3577],[99.921,14.3563],[99.9219,14.3563],[99.9221,14.3571],[99.923,14.3568],[99.923,14.356],[99.9224,14.3558],[99.9199,14.356],[99.9199,14.3555],[99.9207,14.3555],[99.9202,14.3549],[99.9207,14.3539],[99.9221,14.3539],[99.9221,14.3549],[99.9238,14.3555],[99.9241,14.3541],[99.9252,14.353],[99.926,14.353],[99.9266,14.3557],[99.9271,14.3557],[99.9271,14.3565],[99.9257,14.3568],[99.9252,14.3557],[99.9244,14.356],[99.9241,14.3582],[99.9227,14.359],[99.9213,14.359],[99.9213,14.3604],[99.9205,14.3604]],[[99.9219,14.3574],[99.9221,14.3577],[99.9221,14.3574],[99.9219,14.3574]],[[99.9224,14.3574],[99.9227,14.3577],[99.9227,14.3574],[99.9224,14.3574]]]}},{"type":"Feature","properties":{"kind":"flood","area_km2":0.325,"conf":"low","date":"2026-10-09"},"geometry":{"type":"Polygon","coordinates":[[[99.9058,14.3694],[99.9058,14.3686],[99.9044,14.3683],[99.9046,14.3661],[99.9058,14.3653],[99.9041,14.365],[99.9038,14.3637],[99.9032,14.3637],[99.9032,14.3648],[99.9021,14.3645],[99.9024,14.3626],[99.9038,14.3623],[99.9038,14.3612],[99.9043,14.361],[99.9043,14.3604],[99.9052,14.3604],[99.9049,14.3631],[99.9055,14.3637],[99.9066,14.3637],[99.9066,14.365],[99.9071,14.365],[99.9074,14.3634],[99.906,14.3631],[99.906,14.3623],[99.9069,14.3623],[99.9069,14.3618],[99.9085,14.362],[99.9085,14.3645],[99.9091,14.3645],[99.9091,14.3653],[99.9083,14.3653],[99.9085,14.3677],[99.9069,14.3675],[99.9069,14.3669],[99.9063,14.3667],[99.9058,14.3678],[99.906,14.3683],[99.9069,14.3683],[99.9069,14.3691],[99.9058,14.3694]]]}},{"type":"Feature","properties":{"kind":"flood","area_km2":0.322,"conf":"high","date":"2026-10-09"},"geometry":{"type":"Polygon","coordinates":[[[99.9918,14.2521],[99.9915,14.2505],[99.9926,14.2505],[99.9926,14.25],[99.9912,14.2497],[99.9912,14.2505],[99.9907,14.2505],[99.9904,14.2511],[99.9887,14.2511],[99.9884,14.2505],[99.9881,14.2465],[99.9901,14.247],[99.9901,14.2489],[99.9909,14.2483],[99.9909,14.2473],[99.9918,14.2473],[99.9918,14.2481],[99.9923,14.2481],[99.9929,14.247],[99.9926,14.2456],[99.9915,14.2445],[99.9901,14.2446],[99.9904,14.244],[99.9931,14.2443],[99.9929,14.2464],[99.9937,14.2464],[99.9937,14.2475],[99.9943,14.2478],[99.9948,14.2494],[99.9948,14.2505],[99.994,14.2508],[99.994,14.2521],[99.9918,14.2521]]]}},{"type":"Feature","properties":{"kind":"flood","area_km2":0.317,"conf":"high","date":"2026-10-09"},"geometry":{"type":"Polygon","coordinates":[[[99.9729,14.3873],[99.9721,14.3867],[99.9723,14.3848],[99.9718,14.3846],[99.9718,14.3838],[99.9712,14.3832],[99.9712,14.3821],[99.9718,14.3816],[99.9717,14.3789],[99.9726,14.3789],[99.9729,14.3835],[99.9734,14.3832],[99.9734,14.3824],[99.9745,14.3816],[99.977,14.3821],[99.9762,14.3865],[99.9754,14.3873],[99.9729,14.3873]],[[99.9729,14.3857],[99.9737,14.3857],[99.9737,14.3843],[99.9729,14.3843],[99.9729,14.3857]],[[99.9746,14.384],[99.9748,14.3846],[99.9748,14.384],[99.9746,14.384]]]}},{"type":"Feature","properties":{"kind":"flood","area_km2":0.313,"conf":"high","date":"2026-10-09"},"geometry":{"type":"Polygon","coordinates":[[[99.9569,14.412],[99.9566,14.4109],[99.956,14.4109],[99.9552,14.4096],[99.9552,14.4069],[99.9563,14.4069],[99.9571,14.4077],[99.9569,14.4093],[99.9588,14.409],[99.9588,14.4085],[99.9624,14.4085],[99.9624,14.409],[99.9635,14.4087],[99.9635,14.4096],[99.9624,14.4098],[99.9624,14.4104],[99.963,14.4104],[99.963,14.4117],[99.9569,14.412]]]}},{"type":"Feature","properties":{"kind":"flood","area_km2":0.311,"conf":"low","date":"2026-10-09"},"geometry":{"type":"Polygon","coordinates":[[[99.9944,14.4021],[99.9941,14.4013],[99.993,14.4013],[99.993,14.3999],[99.9935,14.3999],[99.9935,14.3964],[99.9944,14.3961],[99.9944,14.3956],[99.9957,14.3956],[99.9952,14.3934],[99.9963,14.3934],[99.9966,14.3945],[99.998,14.3945],[99.9988,14.3942],[99.9988,14.3929],[99.9996,14.3929],[100.0002,14.3937],[100.0002,14.3956],[99.9994,14.3956],[99.9994,14.395],[99.9988,14.395],[99.9985,14.3961],[99.9974,14.3967],[99.9974,14.3978],[99.9963,14.3978],[99.9963,14.3983],[99.9952,14.3989],[99.9955,14.3999],[99.9963,14.3999],[99.9963,14.4007],[99.9955,14.4021],[99.9944,14.4021]],[[99.9938,14.3978],[99.9952,14.3978],[99.9958,14.3975],[99.9958,14.397],[99.9941,14.397],[99.9938,14.3978]]]}},{"type":"Feature","properties":{"kind":"flood","area_km2":0.297,"conf":"high","date":"2026-10-09"},"geometry":{"type":"Polygon","coordinates":[[[99.9646,14.3895],[99.964,14.3889],[99.9643,14.3873],[99.9629,14.3862],[99.9615,14.3862],[99.9612,14.3857],[99.9626,14.3857],[99.9631,14.3852],[99.9631,14.3841],[99.9637,14.3846],[99.964,14.3833],[99.9654,14.3832],[99.9654,14.3838],[99.9662,14.3838],[99.9662,14.3822],[99.9676,14.3819],[99.9673,14.3824],[99.9679,14.3827],[99.9682,14.3851],[99.9676,14.3851],[99.9673,14.3857],[99.9679,14.3857],[99.9682,14.3876],[99.9676,14.3876],[99.9676,14.3881],[99.9665,14.3881],[99.9662,14.3876],[99.9657,14.3876],[99.9651,14.3881],[99.9654,14.3895],[99.9646,14.3895]],[[99.9668,14.3857],[99.967,14.3862],[99.967,14.3857],[99.9668,14.3857]],[[99.9657,14.3857],[99.9659,14.386],[99.9659,14.3857],[99.9657,14.3857]],[[99.9659,14.3851],[99.9662,14.3854],[99.9662,14.3851],[99.9659,14.3851]]]}},{"type":"Feature","properties":{"kind":"flood","area_km2":0.294,"conf":"low","date":"2026-10-09"},"geometry":{"type":"Polygon","coordinates":[[[99.9842,14.9872],[99.9817,14.9872],[99.9811,14.9866],[99.9811,14.9842],[99.9834,14.9842],[99.9833,14.9836],[99.9842,14.9831],[99.9839,14.9815],[99.9831,14.9804],[99.9831,14.9793],[99.9858,14.979],[99.9867,14.9795],[99.9867,14.9806],[99.9861,14.9809],[99.9859,14.9823],[99.987,14.982],[99.987,14.9828],[99.985,14.9828],[99.985,14.9834],[99.9859,14.9833],[99.9856,14.985],[99.9845,14.9855],[99.9842,14.9872]]]}},{"type":"Feature","properties":{"kind":"flood","area_km2":0.294,"conf":"low","date":"2026-10-09"},"geometry":{"type":"Polygon","coordinates":[[[99.9789,14.4217],[99.9772,14.4201],[99.9772,14.4195],[99.9764,14.4195],[99.9764,14.419],[99.9753,14.4185],[99.9747,14.4158],[99.9755,14.4141],[99.9764,14.4141],[99.9769,14.4155],[99.9775,14.4152],[99.978,14.4138],[99.9789,14.4138],[99.9791,14.4144],[99.9789,14.4168],[99.9797,14.4171],[99.9791,14.4174],[99.9792,14.4193],[99.9794,14.4201],[99.9806,14.4201],[99.9806,14.4214],[99.9789,14.4217]],[[99.9766,14.416],[99.9769,14.4163],[99.9769,14.416],[99.9766,14.416]]]}},{"type":"Feature","properties":{"kind":"flood","area_km2":0.286,"conf":"high","date":"2026-10-09"},"geometry":{"type":"Polygon","coordinates":[[[99.9337,14.4588],[99.9337,14.4577],[99.9328,14.4574],[99.9328,14.4566],[99.9323,14.4561],[99.9314,14.4563],[99.9309,14.4561],[99.9309,14.4553],[99.9298,14.4555],[99.9289,14.455],[99.9292,14.4531],[99.9314,14.4534],[99.9325,14.4525],[99.9348,14.4525],[99.9359,14.4577],[99.9348,14.458],[99.9345,14.4588],[99.9337,14.4588]],[[99.93,14.4542],[99.9306,14.4544],[99.9306,14.4542],[99.93,14.4542]],[[99.9326,14.4544],[99.9331,14.4544],[99.9331,14.4536],[99.9325,14.4536],[99.9326,14.4544]]]}},{"type":"Feature","properties":{"kind":"flood","area_km2":0.277,"conf":"low","date":"2026-10-02"},"geometry":{"type":"Polygon","coordinates":[[[99.1557,14.4901],[99.1566,14.4893],[99.1566,14.4853],[99.1554,14.4844],[99.156,14.4836],[99.1557,14.4815],[99.1577,14.4817],[99.1577,14.4812],[99.1593,14.4809],[99.1593,14.4828],[99.1585,14.4836],[99.1593,14.4844],[99.1596,14.4863],[99.1588,14.4869],[99.1585,14.4896],[99.1566,14.4896],[99.1563,14.4901],[99.1557,14.4901]],[[99.1579,14.4861],[99.1582,14.4866],[99.1582,14.4861],[99.1579,14.4861]],[[99.1568,14.4823],[99.1571,14.4831],[99.1571,14.4823],[99.1568,14.4823]]]}},{"type":"Feature","properties":{"kind":"flood","area_km2":0.277,"conf":"low","date":"2026-10-09"},"geometry":{"type":"Polygon","coordinates":[[[99.9947,14.4121],[99.9947,14.4113],[99.9939,14.4111],[99.9939,14.4103],[99.995,14.4097],[99.995,14.407],[99.993,14.407],[99.993,14.4062],[99.9938,14.4059],[99.9941,14.4043],[99.995,14.4043],[99.9969,14.407],[99.998,14.4067],[99.998,14.4081],[99.9986,14.4091],[99.9994,14.4094],[99.9994,14.4102],[99.9989,14.4105],[99.9961,14.4105],[99.9961,14.4121],[99.9947,14.4121]]]}},{"type":"Feature","properties":{"kind":"flood","area_km2":0.275,"conf":"low","date":"2026-10-09"},"geometry":{"type":"Polygon","coordinates":[[[99.9818,14.4423],[99.9812,14.4415],[99.9804,14.4412],[99.9804,14.4382],[99.9815,14.4361],[99.9834,14.4361],[99.9834,14.4371],[99.9823,14.4371],[99.9817,14.4374],[99.9817,14.438],[99.9829,14.4382],[99.9829,14.4388],[99.9834,14.439],[99.9843,14.439],[99.9848,14.4388],[99.9851,14.4371],[99.9859,14.4393],[99.9865,14.4396],[99.9865,14.4409],[99.9848,14.4417],[99.9845,14.4423],[99.9818,14.4423]],[[99.9834,14.4401],[99.9837,14.4404],[99.9837,14.4401],[99.9834,14.4401]],[[99.9809,14.4396],[99.982,14.4396],[99.982,14.4385],[99.9809,14.4385],[99.9809,14.4396]],[[99.982,14.4363],[99.9823,14.4366],[99.9823,14.4363],[99.982,14.4363]]]}},{"type":"Feature","properties":{"kind":"flood","area_km2":0.248,"conf":"high","date":"2026-10-09"},"geometry":{"type":"Polygon","coordinates":[[[99.9279,14.2779],[99.9276,14.2771],[99.9265,14.2771],[99.9262,14.2755],[99.9251,14.2755],[99.9249,14.2749],[99.9254,14.2749],[99.9257,14.2738],[99.9268,14.276],[99.9274,14.276],[99.9276,14.2741],[99.9287,14.2733],[99.9276,14.2733],[99.9276,14.2727],[99.9268,14.2727],[99.9268,14.2719],[99.9282,14.2722],[99.9293,14.2711],[99.9293,14.2703],[99.9304,14.2703],[99.9307,14.2692],[99.9315,14.2692],[99.9315,14.2703],[99.9307,14.2711],[99.9307,14.2741],[99.929,14.2738],[99.929,14.2744],[99.9299,14.2757],[99.9321,14.2757],[99.9321,14.2765],[99.929,14.2765],[99.9288,14.2768],[99.9288,14.2773],[99.9282,14.2773],[99.9279,14.2779]],[[99.9279,14.2768],[99.9288,14.2768],[99.9288,14.2754],[99.9279,14.2755],[99.9279,14.2768]]]}},{"type":"Feature","properties":{"kind":"flood","area_km2":0.247,"conf":"low","date":"2026-10-09"},"geometry":{"type":"Polygon","coordinates":[[[99.9727,14.2191],[99.9724,14.2186],[99.9705,14.2189],[99.9705,14.2181],[99.9711,14.2178],[99.9708,14.2167],[99.968,14.217],[99.9677,14.2162],[99.9672,14.2162],[99.9672,14.2151],[99.9666,14.2148],[99.9666,14.2132],[99.9674,14.2132],[99.968,14.2143],[99.9691,14.2148],[99.9705,14.2145],[99.9705,14.2137],[99.9716,14.2137],[99.9716,14.2145],[99.9708,14.2148],[99.9708,14.2153],[99.9719,14.2153],[99.9722,14.2159],[99.9727,14.2159],[99.9727,14.2153],[99.9735,14.2153],[99.9741,14.2191],[99.9727,14.2191]],[[99.968,14.2156],[99.9691,14.2159],[99.9691,14.2156],[99.968,14.2156]]]}},{"type":"Feature","properties":{"kind":"flood","area_km2":0.243,"conf":"low","date":"2026-10-09"},"geometry":{"type":"Polygon","coordinates":[[[99.9871,14.9541],[99.9863,14.9535],[99.9857,14.9505],[99.986,14.95],[99.9851,14.95],[99.9837,14.9489],[99.9837,14.9478],[99.9849,14.9465],[99.9857,14.9465],[99.9868,14.9473],[99.9893,14.947],[99.9893,14.9478],[99.9877,14.9481],[99.9877,14.9503],[99.9882,14.9511],[99.9888,14.9511],[99.9888,14.9519],[99.9882,14.9538],[99.9871,14.9541]],[[99.9854,14.9486],[99.9863,14.9486],[99.9863,14.9481],[99.9857,14.9478],[99.9854,14.9486]]]}},{"type":"Feature","properties":{"kind":"flood","area_km2":0.242,"conf":"high","date":"2026-10-09"},"geometry":{"type":"Polygon","coordinates":[[[99.9843,14.3132],[99.9834,14.3127],[99.9834,14.3116],[99.9823,14.3116],[99.9823,14.3105],[99.9809,14.3105],[99.9809,14.3097],[99.9829,14.3091],[99.9834,14.308],[99.9848,14.3083],[99.9848,14.3089],[99.9856,14.3091],[99.9856,14.3097],[99.9865,14.3097],[99.987,14.3086],[99.9879,14.3086],[99.9873,14.3118],[99.9865,14.3124],[99.9865,14.3132],[99.9843,14.3132]],[[99.9845,14.3116],[99.9851,14.3113],[99.9851,14.3108],[99.9842,14.311],[99.9845,14.3116]]]}},{"type":"Feature","properties":{"kind":"flood","area_km2":0.241,"conf":"high","date":"2026-10-09"},"geometry":{"type":"Polygon","coordinates":[[[99.9632,14.4657],[99.9632,14.4638],[99.9626,14.463],[99.9624,14.4638],[99.9615,14.4638],[99.9613,14.4625],[99.9601,14.4633],[99.9576,14.4636],[99.9576,14.4619],[99.9585,14.4619],[99.9587,14.4608],[99.9607,14.4608],[99.961,14.4616],[99.961,14.4606],[99.9629,14.4603],[99.9638,14.4614],[99.9638,14.4627],[99.9646,14.4633],[99.9646,14.4638],[99.9663,14.4638],[99.9663,14.4646],[99.9652,14.4654],[99.9632,14.4657]]]}},{"type":"Feature","properties":{"kind":"flood","area_km2":0.241,"conf":"low","date":"2026-10-09"},"geometry":{"type":"Polygon","coordinates":[[[99.9626,14.3819],[99.9623,14.3808],[99.9612,14.3806],[99.9617,14.3789],[99.9606,14.3789],[99.9603,14.3778],[99.9617,14.3778],[99.9626,14.3776],[99.9626,14.377],[99.9637,14.377],[99.9637,14.3757],[99.9648,14.3757],[99.9648,14.3743],[99.9637,14.374],[99.9662,14.3735],[99.9662,14.3746],[99.9651,14.3748],[99.9653,14.3773],[99.9648,14.3776],[99.9651,14.3781],[99.9645,14.3786],[99.9645,14.3792],[99.9653,14.3792],[99.9656,14.38],[99.9637,14.3819],[99.9626,14.3819]]]}},{"type":"Feature","properties":{"kind":"flood","area_km2":0.237,"conf":"low","date":"2026-10-09"},"geometry":{"type":"Polygon","coordinates":[[[99.9478,14.1837],[99.9476,14.1818],[99.9459,14.1815],[99.9459,14.1807],[99.9453,14.1807],[99.9456,14.1796],[99.9484,14.1796],[99.9492,14.1807],[99.95,14.1807],[99.9503,14.1815],[99.9539,14.1815],[99.9537,14.1834],[99.9478,14.1837]]]}},{"type":"Feature","properties":{"kind":"flood","area_km2":0.231,"conf":"low","date":"2026-10-09"},"geometry":{"type":"Polygon","coordinates":[[[99.9437,14.3915],[99.9429,14.3904],[99.9412,14.3901],[99.9409,14.3893],[99.9395,14.3893],[99.939,14.3882],[99.9392,14.3858],[99.9387,14.3853],[99.9387,14.3844],[99.9414,14.3842],[99.9414,14.3858],[99.9428,14.3858],[99.9428,14.3874],[99.9437,14.3874],[99.9434,14.389],[99.9437,14.3907],[99.9443,14.3912],[99.9437,14.3915]],[[99.9401,14.3882],[99.9415,14.388],[99.942,14.3869],[99.9403,14.3871],[99.9398,14.3877],[99.9401,14.3882]]]}},{"type":"Feature","properties":{"kind":"flood","area_km2":0.227,"conf":"low","date":"2026-10-09"},"geometry":{"type":"Polygon","coordinates":[[[99.8713,14.3161],[99.8713,14.3147],[99.8691,14.315],[99.868,14.3136],[99.868,14.3128],[99.8688,14.3128],[99.8691,14.3134],[99.8697,14.3134],[99.8697,14.3142],[99.8702,14.3142],[99.8702,14.3131],[99.8708,14.3131],[99.8708,14.312],[99.8702,14.312],[99.8702,14.3128],[99.8694,14.3128],[99.8688,14.3123],[99.8688,14.3104],[99.8699,14.3104],[99.8702,14.3109],[99.871,14.3109],[99.8722,14.3117],[99.8727,14.3109],[99.8735,14.3109],[99.8735,14.3115],[99.8749,14.3115],[99.8749,14.3123],[99.8738,14.3123],[99.8736,14.3139],[99.8719,14.3142],[99.8725,14.3158],[99.8713,14.3161]]]}},{"type":"Feature","properties":{"kind":"flood","area_km2":0.221,"conf":"low","date":"2026-10-09"},"geometry":{"type":"Polygon","coordinates":[[[99.9916,14.4667],[99.9916,14.4659],[99.9924,14.4656],[99.9924,14.4648],[99.9916,14.4637],[99.9916,14.4626],[99.9913,14.4637],[99.9905,14.4637],[99.9905,14.4623],[99.991,14.4623],[99.9913,14.4615],[99.9924,14.4612],[99.9935,14.4612],[99.9938,14.4621],[99.9938,14.461],[99.9946,14.461],[99.9955,14.4634],[99.9955,14.4642],[99.9949,14.4645],[99.9958,14.4648],[99.9958,14.4664],[99.9938,14.4664],[99.9938,14.4653],[99.9933,14.4653],[99.9927,14.4656],[99.9924,14.4667],[99.9916,14.4667]],[[99.993,14.4642],[99.9933,14.4645],[99.9933,14.4642],[99.993,14.4642]]]}},{"type":"Feature","properties":{"kind":"flood","area_km2":0.218,"conf":"low","date":"2026-10-09"},"geometry":{"type":"Polygon","coordinates":[[[99.9645,15.0003],[99.9647,14.9975],[99.9642,14.9973],[99.9636,14.9978],[99.9636,14.9992],[99.9628,14.9992],[99.9628,14.9959],[99.9639,14.9959],[99.9644,14.9967],[99.965,14.9967],[99.9653,14.9959],[99.9678,14.9959],[99.9678,14.997],[99.9667,14.9981],[99.9675,14.9981],[99.9681,14.9973],[99.9689,14.9973],[99.9689,15.0],[99.9664,14.9997],[99.9667,14.9983],[99.9661,14.9983],[99.9656,15.0002],[99.9645,15.0003]]]}},{"type":"Feature","properties":{"kind":"flood","area_km2":0.216,"conf":"low","date":"2026-10-09"},"geometry":{"type":"Polygon","coordinates":[[[99.9982,14.3921],[99.9977,14.3912],[99.9968,14.391],[99.9966,14.3902],[99.9941,14.3894],[99.9952,14.3891],[99.9952,14.3877],[99.9943,14.3877],[99.9943,14.3872],[99.9965,14.3856],[99.9974,14.3856],[99.9979,14.3866],[99.9988,14.3866],[99.9988,14.3883],[99.9979,14.3885],[99.9979,14.3893],[99.9985,14.3899],[99.9993,14.3899],[99.9996,14.3918],[99.9982,14.3921]],[[99.9988,14.3915],[99.9993,14.3912],[99.9991,14.3907],[99.9985,14.391],[99.9988,14.3915]],[[99.9968,14.3885],[99.9971,14.3888],[99.9971,14.3885],[99.9968,14.3885]],[[99.9966,14.3883],[99.9968,14.3885],[99.9968,14.3883],[99.9966,14.3883]],[[99.9965,14.3875],[99.9968,14.3877],[99.9968,14.3875],[99.9965,14.3875]],[[99.9971,14.3872],[99.9974,14.3875],[99.9974,14.3872],[99.9971,14.3872]],[[99.9974,14.3869],[99.9977,14.3872],[99.9977,14.3869],[99.9974,14.3869]]]}},{"type":"Feature","properties":{"kind":"flood","area_km2":0.212,"conf":"high","date":"2026-10-09"},"geometry":{"type":"Polygon","coordinates":[[[99.9944,14.3422],[99.9958,14.3419],[99.9958,14.3405],[99.9952,14.3403],[99.9963,14.3403],[99.9963,14.3389],[99.9952,14.3389],[99.9949,14.3384],[99.9941,14.3384],[99.9941,14.3378],[99.9952,14.3378],[99.9952,14.3384],[99.9963,14.3384],[99.9972,14.3389],[99.9988,14.3381],[99.9985,14.337],[99.9999,14.337],[99.9999,14.3384],[100.0016,14.3383],[100.0016,14.3419],[99.9997,14.3416],[99.9994,14.3392],[99.9988,14.3392],[99.9983,14.3403],[99.9972,14.3405],[99.9972,14.3416],[99.9966,14.3422],[99.9944,14.3422]],[[100.0005,14.3402],[100.0008,14.3405],[100.0008,14.3402],[100.0005,14.3402]]]}},{"type":"Feature","properties":{"kind":"flood","area_km2":0.211,"conf":"low","date":"2026-10-09"},"geometry":{"type":"Polygon","coordinates":[[[99.985,14.4759],[99.985,14.4751],[99.9836,14.4743],[99.9836,14.4735],[99.983,14.474],[99.9802,14.4746],[99.9799,14.4724],[99.9808,14.4719],[99.9819,14.4719],[99.9824,14.4708],[99.985,14.4713],[99.985,14.4721],[99.9863,14.4727],[99.9864,14.4735],[99.9855,14.4743],[99.9861,14.4759],[99.985,14.4759]],[[99.9836,14.4729],[99.9838,14.4732],[99.9838,14.4729],[99.9836,14.4729]]]}},{"type":"Feature","properties":{"kind":"flood","area_km2":0.208,"conf":"low","date":"2026-10-09"},"geometry":{"type":"Polygon","coordinates":[[[99.9529,14.2081],[99.9496,14.2076],[99.9496,14.2065],[99.9504,14.2065],[99.9507,14.2054],[99.949,14.2054],[99.949,14.2038],[99.9501,14.2038],[99.9507,14.2046],[99.9518,14.2043],[99.9521,14.2059],[99.9527,14.2056],[99.9524,14.2046],[99.9535,14.204],[99.9543,14.204],[99.9549,14.2048],[99.956,14.2048],[99.956,14.2059],[99.9554,14.2059],[99.9552,14.2067],[99.9529,14.2067],[99.9529,14.2081]]]}},{"type":"Feature","properties":{"kind":"flood","area_km2":0.205,"conf":"low","date":"2026-10-09"},"geometry":{"type":"Polygon","coordinates":[[[99.6099,14.6386],[99.6063,14.6386],[99.6063,14.6372],[99.6074,14.637],[99.6071,14.6353],[99.6074,14.6361],[99.6091,14.6361],[99.6096,14.6356],[99.6096,14.6342],[99.6085,14.6342],[99.6085,14.6329],[99.6079,14.6329],[99.6074,14.6321],[99.6096,14.6329],[99.6099,14.634],[99.6107,14.634],[99.6105,14.6356],[99.6119,14.6356],[99.6121,14.6364],[99.6135,14.6364],[99.6102,14.638],[99.6099,14.6386]],[[99.608,14.638],[99.6082,14.6372],[99.6074,14.637],[99.6074,14.6375],[99.608,14.638]],[[99.6099,14.6364],[99.6102,14.6369],[99.6102,14.6364],[99.6099,14.6364]]]}},{"type":"Feature","properties":{"kind":"flood","area_km2":0.203,"conf":"low","date":"2026-10-09"},"geometry":{"type":"Polygon","coordinates":[[[99.9579,14.3838],[99.9579,14.3825],[99.9565,14.3825],[99.9559,14.383],[99.9553,14.3825],[99.9553,14.3814],[99.9559,14.3814],[99.9559,14.38],[99.9545,14.3795],[99.9545,14.379],[99.9556,14.3789],[99.9556,14.3776],[99.955,14.3776],[99.9548,14.3752],[99.9564,14.3757],[99.9573,14.3768],[99.9573,14.3776],[99.9564,14.3776],[99.9562,14.3792],[99.9578,14.3789],[99.9587,14.3806],[99.9587,14.3822],[99.9581,14.3822],[99.9581,14.3827],[99.9592,14.3825],[99.9592,14.3833],[99.9584,14.3833],[99.9584,14.3838],[99.9579,14.3838]],[[99.9553,14.3768],[99.9556,14.377],[99.9556,14.3768],[99.9553,14.3768]]]}},{"type":"Feature","properties":{"kind":"flood","area_km2":0.203,"conf":"high","date":"2026-10-09"},"geometry":{"type":"Polygon","coordinates":[[[99.9655,14.406],[99.9655,14.4049],[99.9646,14.4041],[99.9632,14.4041],[99.9632,14.4052],[99.961,14.4052],[99.9588,14.4028],[99.9582,14.4028],[99.9582,14.402],[99.9593,14.4012],[99.9613,14.4012],[99.9618,14.4017],[99.961,14.4017],[99.961,14.4033],[99.9632,14.4033],[99.9635,14.4022],[99.9641,14.4031],[99.966,14.4036],[99.9666,14.4044],[99.9671,14.4044],[99.9677,14.4055],[99.9657,14.4055],[99.9655,14.406]]]}},{"type":"Feature","properties":{"kind":"flood","area_km2":0.202,"conf":"low","date":"2026-10-09"},"geometry":{"type":"Polygon","coordinates":[[[99.9228,14.3837],[99.9222,14.3829],[99.9222,14.3815],[99.9236,14.3815],[99.9233,14.381],[99.9239,14.3807],[99.9231,14.3804],[99.9239,14.3802],[99.9239,14.3793],[99.9245,14.3793],[99.9245,14.3802],[99.9253,14.3812],[99.9256,14.3788],[99.925,14.3788],[99.925,14.3774],[99.9253,14.378],[99.9261,14.3774],[99.9275,14.3777],[99.9275,14.3788],[99.9272,14.3793],[99.9267,14.3793],[99.927,14.381],[99.9256,14.3812],[99.9256,14.3823],[99.9267,14.3826],[99.9267,14.3837],[99.9228,14.3837]],[[99.9228,14.3823],[99.9231,14.3826],[99.9231,14.3823],[99.9228,14.3823]],[[99.925,14.3823],[99.9253,14.3826],[99.9253,14.3823],[99.925,14.3823]],[[99.9231,14.3821],[99.9233,14.3823],[99.9233,14.3821],[99.9231,14.3821]],[[99.9239,14.3818],[99.9242,14.3823],[99.9242,14.3818],[99.9239,14.3818]],[[99.9247,14.3818],[99.925,14.3823],[99.925,14.3818],[99.9247,14.3818]]]}},{"type":"Feature","properties":{"kind":"flood","area_km2":0.2,"conf":"high","date":"2026-10-09"},"geometry":{"type":"Polygon","coordinates":[[[99.9495,14.3744],[99.9489,14.3738],[99.947,14.3738],[99.947,14.3725],[99.9478,14.3722],[99.9478,14.3711],[99.9486,14.3711],[99.9489,14.3719],[99.9495,14.3719],[99.9508,14.37],[99.9525,14.3697],[99.952,14.3703],[99.952,14.3719],[99.9525,14.373],[99.9536,14.3735],[99.9536,14.3743],[99.9525,14.3743],[99.9517,14.3735],[99.9511,14.3735],[99.9503,14.3744],[99.9495,14.3744]]]}},{"type":"Feature","properties":{"kind":"flood","area_km2":0.195,"conf":"low","date":"2026-10-09"},"geometry":{"type":"Polygon","coordinates":[[[99.971,14.1985],[99.9699,14.1977],[99.9696,14.1966],[99.9679,14.1969],[99.9685,14.195],[99.9693,14.1947],[99.9701,14.1936],[99.971,14.1936],[99.9718,14.195],[99.974,14.1955],[99.974,14.1963],[99.9726,14.1972],[99.9726,14.1985],[99.971,14.1985]],[[99.971,14.1974],[99.9715,14.1974],[99.9715,14.1969],[99.9704,14.1966],[99.971,14.1974]]]}},{"type":"Feature","properties":{"kind":"flood","area_km2":0.192,"conf":"low","date":"2026-10-09"},"geometry":{"type":"Polygon","coordinates":[[[99.9248,14.3351],[99.9237,14.3346],[99.9237,14.3319],[99.9262,14.3316],[99.9262,14.3327],[99.9276,14.3327],[99.9276,14.3311],[99.9262,14.3308],[99.927,14.3308],[99.9273,14.33],[99.9281,14.33],[99.9281,14.3294],[99.9287,14.3294],[99.929,14.3332],[99.9293,14.3338],[99.9304,14.334],[99.9296,14.3348],[99.929,14.3348],[99.9287,14.3329],[99.9273,14.333],[99.9273,14.3349],[99.9265,14.3346],[99.9248,14.3351]]]}},{"type":"Feature","properties":{"kind":"flood","area_km2":0.188,"conf":"high","date":"2026-10-09"},"geometry":{"type":"Polygon","coordinates":[[[99.9234,14.3983],[99.9231,14.3967],[99.9237,14.3962],[99.9245,14.3962],[99.9248,14.3956],[99.9228,14.3956],[99.9223,14.3951],[99.9223,14.3935],[99.9231,14.3929],[99.9231,14.3924],[99.9239,14.3924],[99.9248,14.394],[99.927,14.3937],[99.9267,14.3953],[99.9273,14.3953],[99.9273,14.397],[99.9245,14.397],[99.924,14.3975],[99.924,14.3983],[99.9234,14.3983]]]}},{"type":"Feature","properties":{"kind":"flood","area_km2":0.188,"conf":"high","date":"2026-10-09"},"geometry":{"type":"Polygon","coordinates":[[[99.9662,14.3195],[99.9662,14.3187],[99.9634,14.319],[99.9626,14.3179],[99.9617,14.3179],[99.9617,14.3171],[99.9668,14.3168],[99.9673,14.316],[99.9681,14.316],[99.969,14.3179],[99.969,14.3195],[99.9676,14.3195],[99.9676,14.3187],[99.9673,14.3195],[99.9662,14.3195]]]}},{"type":"Feature","properties":{"kind":"flood","area_km2":0.187,"conf":"low","date":"2026-10-09"},"geometry":{"type":"Polygon","coordinates":[[[99.853,14.321],[99.8527,14.3194],[99.8533,14.3189],[99.8535,14.3175],[99.8527,14.3172],[99.8524,14.318],[99.8516,14.318],[99.8516,14.3156],[99.8535,14.3156],[99.8538,14.3151],[99.8558,14.3148],[99.856,14.3169],[99.8555,14.3186],[99.8547,14.3186],[99.8541,14.3191],[99.8544,14.321],[99.853,14.321]]]}},{"type":"Feature","properties":{"kind":"flood","area_km2":0.187,"conf":"high","date":"2026-10-09"},"geometry":{"type":"Polygon","coordinates":[[[99.9572,14.2976],[99.9553,14.297],[99.9544,14.2957],[99.9536,14.2957],[99.953,14.2952],[99.9525,14.2927],[99.9519,14.2922],[99.953,14.2922],[99.9533,14.2916],[99.9539,14.2916],[99.9539,14.2922],[99.9552,14.2935],[99.9561,14.2935],[99.9569,14.2943],[99.9572,14.2976]]]}},{"type":"Feature","properties":{"kind":"flood","area_km2":0.186,"conf":"low","date":"2026-10-09"},"geometry":{"type":"Polygon","coordinates":[[[99.9739,14.4155],[99.9738,14.4141],[99.9727,14.4125],[99.9705,14.4125],[99.9705,14.4117],[99.9711,14.4112],[99.9719,14.4112],[99.9722,14.4101],[99.9747,14.4101],[99.9752,14.4106],[99.975,14.412],[99.9766,14.4125],[99.9766,14.4133],[99.975,14.4141],[99.9747,14.4155],[99.9739,14.4155]],[[99.9738,14.4128],[99.9744,14.4128],[99.9744,14.4122],[99.9738,14.4122],[99.9738,14.4128]],[[99.9758,14.4125],[99.9761,14.4128],[99.9761,14.4125],[99.9758,14.4125]],[[99.9724,14.4112],[99.9727,14.4117],[99.9727,14.4112],[99.9724,14.4112]]]}},{"type":"Feature","properties":{"kind":"flood","area_km2":0.186,"conf":"low","date":"2026-10-09"},"geometry":{"type":"Polygon","coordinates":[[[99.9826,14.3821],[99.9826,14.3807],[99.9812,14.3807],[99.9812,14.3797],[99.9801,14.3797],[99.9795,14.3788],[99.979,14.3789],[99.979,14.3794],[99.9781,14.3794],[99.9779,14.3789],[99.977,14.3794],[99.9756,14.3794],[99.9751,14.3783],[99.9742,14.3778],[99.9742,14.377],[99.9748,14.377],[99.9751,14.3764],[99.974,14.3762],[99.974,14.3756],[99.9773,14.3759],[99.9773,14.3775],[99.9779,14.3778],[99.9779,14.3783],[99.9815,14.3783],[99.9818,14.3802],[99.9832,14.3802],[99.9832,14.3821],[99.9826,14.3821]]]}},{"type":"Feature","properties":{"kind":"flood","area_km2":0.184,"conf":"low","date":"2026-10-09"},"geometry":{"type":"Polygon","coordinates":[[[99.9961,14.2836],[99.9958,14.2825],[99.9952,14.2825],[99.9952,14.2811],[99.9964,14.2803],[99.9969,14.279],[99.9986,14.2787],[99.9986,14.2781],[99.9994,14.2781],[99.9994,14.2787],[100.0014,14.2784],[100.0014,14.28],[99.9994,14.2795],[99.9986,14.2803],[99.9986,14.2822],[99.9972,14.2828],[99.9969,14.2836],[99.9961,14.2836]]]}},{"type":"Feature","properties":{"kind":"flood","area_km2":0.184,"conf":"low","date":"2026-10-09"},"geometry":{"type":"Polygon","coordinates":[[[99.956,14.1999],[99.956,14.197],[99.959,14.1969],[99.9593,14.1956],[99.9612,14.1956],[99.9615,14.1986],[99.9607,14.1986],[99.9604,14.1975],[99.9596,14.1975],[99.9596,14.1997],[99.956,14.1999]],[[99.9562,14.1986],[99.9565,14.1989],[99.9565,14.1986],[99.9562,14.1986]],[[99.9562,14.1978],[99.9565,14.198],[99.9565,14.1978],[99.9562,14.1978]],[[99.9596,14.1967],[99.9598,14.1969],[99.9598,14.1967],[99.9596,14.1967]],[[99.9593,14.1964],[99.9596,14.1967],[99.9596,14.1964],[99.9593,14.1964]],[[99.9598,14.1964],[99.9601,14.1967],[99.9601,14.1964],[99.9598,14.1964]]]}},{"type":"Feature","properties":{"kind":"flood","area_km2":0.179,"conf":"low","date":"2026-10-09"},"geometry":{"type":"Polygon","coordinates":[[[99.9766,14.2715],[99.9768,14.2701],[99.9757,14.2698],[99.9757,14.2688],[99.9746,14.269],[99.9746,14.2679],[99.9816,14.2679],[99.981,14.2701],[99.9788,14.2704],[99.978,14.2696],[99.9774,14.2715],[99.9766,14.2715]]]}},{"type":"Feature","properties":{"kind":"flood","area_km2":0.178,"conf":"low","date":"2026-10-09"},"geometry":{"type":"Polygon","coordinates":[[[99.9971,14.1976],[99.9971,14.1971],[99.9965,14.1971],[99.9965,14.1962],[99.9974,14.1962],[99.9974,14.1949],[99.9965,14.1949],[99.9954,14.1957],[99.9943,14.1954],[99.994,14.193],[99.9957,14.1925],[99.9951,14.1922],[99.9951,14.1911],[99.9971,14.1914],[99.9974,14.1941],[99.9985,14.1952],[99.9985,14.1976],[99.9971,14.1976]]]}},{"type":"Feature","properties":{"kind":"flood","area_km2":0.176,"conf":"low","date":"2026-10-09"},"geometry":{"type":"Polygon","coordinates":[[[99.9846,14.3821],[99.9846,14.3802],[99.9834,14.3799],[99.984,14.3799],[99.984,14.3794],[99.9845,14.3791],[99.9865,14.3794],[99.9868,14.3772],[99.9851,14.3772],[99.984,14.3777],[99.984,14.3769],[99.9865,14.3769],[99.9868,14.3756],[99.9873,14.3758],[99.9873,14.3764],[99.9884,14.3764],[99.9884,14.3785],[99.989,14.3788],[99.989,14.3796],[99.9904,14.3799],[99.9904,14.3812],[99.9898,14.3802],[99.9859,14.3802],[99.9854,14.3815],[99.9857,14.3821],[99.9846,14.3821]]]}},{"type":"Feature","properties":{"kind":"flood","area_km2":0.167,"conf":"high","date":"2026-10-09"},"geometry":{"type":"Polygon","coordinates":[[[99.9683,14.4258],[99.9681,14.4247],[99.9686,14.4239],[99.968,14.4239],[99.9683,14.4228],[99.9675,14.4226],[99.9675,14.4218],[99.9686,14.4209],[99.9703,14.4207],[99.9703,14.4212],[99.9714,14.4217],[99.9717,14.4239],[99.9714,14.4244],[99.97,14.4247],[99.9692,14.4258],[99.9683,14.4258]]]}},{"type":"Feature","properties":{"kind":"flood","area_km2":0.165,"conf":"high","date":"2026-10-09"},"geometry":{"type":"Polygon","coordinates":[[[99.9442,14.4536],[99.9442,14.452],[99.942,14.4517],[99.942,14.4506],[99.9409,14.4501],[99.9409,14.4493],[99.9428,14.4495],[99.9428,14.4479],[99.9434,14.4503],[99.9439,14.4498],[99.9439,14.4484],[99.9448,14.4484],[99.9448,14.4495],[99.9453,14.4495],[99.9462,14.4511],[99.9462,14.4533],[99.9442,14.4536]]]}},{"type":"Feature","properties":{"kind":"flood","area_km2":0.158,"conf":"low","date":"2026-10-09"},"geometry":{"type":"Polygon","coordinates":[[[99.9535,14.3966],[99.9526,14.396],[99.9526,14.3952],[99.9535,14.3952],[99.9535,14.3944],[99.9529,14.3944],[99.9529,14.395],[99.9521,14.395],[99.9521,14.3939],[99.954,14.3933],[99.9543,14.392],[99.9554,14.392],[99.956,14.3936],[99.9571,14.3944],[99.9571,14.3952],[99.9554,14.3955],[99.9554,14.3963],[99.9549,14.3966],[99.9535,14.3966]]]}},{"type":"Feature","properties":{"kind":"flood","area_km2":0.157,"conf":"low","date":"2026-10-09"},"geometry":{"type":"Polygon","coordinates":[[[99.9853,14.2937],[99.9839,14.2926],[99.9839,14.2918],[99.9844,14.2918],[99.9844,14.2893],[99.9864,14.2896],[99.9864,14.2901],[99.9883,14.2899],[99.9883,14.2923],[99.9869,14.2923],[99.9872,14.2934],[99.9853,14.2937]],[[99.9847,14.2918],[99.985,14.292],[99.985,14.2918],[99.9847,14.2918]],[[99.985,14.2915],[99.9853,14.2918],[99.9853,14.2915],[99.985,14.2915]],[[99.9878,14.2915],[99.9881,14.2918],[99.9881,14.2915],[99.9878,14.2915]]]}},{"type":"Feature","properties":{"kind":"flood","area_km2":0.156,"conf":"high","date":"2026-10-09"},"geometry":{"type":"Polygon","coordinates":[[[99.9737,14.2471],[99.9731,14.2465],[99.9731,14.2457],[99.972,14.2454],[99.972,14.2446],[99.9731,14.2446],[99.9734,14.2438],[99.9753,14.2438],[99.9756,14.2422],[99.977,14.2424],[99.977,14.2433],[99.9762,14.2435],[99.9765,14.2446],[99.977,14.2449],[99.977,14.2468],[99.9756,14.2468],[99.9756,14.2457],[99.9748,14.2454],[99.9748,14.2471],[99.9737,14.2471]]]}},{"type":"Feature","properties":{"kind":"flood","area_km2":0.152,"conf":"low","date":"2026-10-09"},"geometry":{"type":"Polygon","coordinates":[[[99.9966,14.2719],[99.9958,14.2711],[99.9952,14.2684],[99.9963,14.2673],[99.9974,14.2673],[99.9977,14.2681],[99.9988,14.2681],[99.9985,14.2692],[99.9991,14.2692],[99.9994,14.2708],[99.9985,14.2711],[99.998,14.2719],[99.9966,14.2719]],[[99.9963,14.27],[99.9971,14.27],[99.9971,14.2692],[99.9963,14.2692],[99.9963,14.27]]]}},{"type":"Feature","properties":{"kind":"flood","area_km2":0.15,"conf":"low","date":"2026-10-09"},"geometry":{"type":"Polygon","coordinates":[[[99.9567,14.5696],[99.957,14.5685],[99.9561,14.5683],[99.9561,14.5688],[99.9553,14.5688],[99.9547,14.5661],[99.9536,14.5661],[99.9536,14.5653],[99.9542,14.5647],[99.9558,14.565],[99.9589,14.568],[99.9589,14.5691],[99.9567,14.5696]]]}},{"type":"Feature","properties":{"kind":"flood","area_km2":0.149,"conf":"high","date":"2026-10-09"},"geometry":{"type":"Polygon","coordinates":[[[99.9712,14.4386],[99.9712,14.4353],[99.9703,14.435],[99.9709,14.4348],[99.9706,14.4329],[99.9711,14.4329],[99.9714,14.4334],[99.9734,14.4331],[99.9731,14.4361],[99.9739,14.4369],[99.9728,14.4383],[99.9712,14.4386]]]}},{"type":"Feature","properties":{"kind":"flood","area_km2":0.147,"conf":"low","date":"2026-10-09"},"geometry":{"type":"Polygon","coordinates":[[[99.929,14.2684],[99.9287,14.2673],[99.9282,14.2673],[99.9279,14.2679],[99.9268,14.2676],[99.9268,14.266],[99.9276,14.266],[99.9282,14.2665],[99.929,14.2649],[99.9315,14.2649],[99.932,14.2657],[99.9315,14.2662],[99.9315,14.2681],[99.929,14.2684]],[[99.9295,14.2662],[99.9301,14.2668],[99.9301,14.2662],[99.9295,14.2662]]]}},{"type":"Feature","properties":{"kind":"flood","area_km2":0.145,"conf":"low","date":"2026-10-09"},"geometry":{"type":"Polygon","coordinates":[[[99.9782,14.1893],[99.9776,14.1887],[99.9779,14.186],[99.9801,14.186],[99.9801,14.1874],[99.9809,14.1874],[99.9812,14.1882],[99.9818,14.1882],[99.9815,14.1865],[99.9829,14.1865],[99.9829,14.1884],[99.9818,14.1884],[99.9818,14.189],[99.9782,14.1893]],[[99.9793,14.1874],[99.9795,14.1876],[99.9795,14.1874],[99.9793,14.1874]],[[99.9795,14.1871],[99.9798,14.1874],[99.9798,14.1871],[99.9795,14.1871]]]}},{"type":"Feature","properties":{"kind":"flood","area_km2":0.143,"conf":"low","date":"2026-10-09"},"geometry":{"type":"Polygon","coordinates":[[[99.9626,14.3233],[99.9626,14.3222],[99.9632,14.3222],[99.9632,14.3214],[99.9626,14.3214],[99.9623,14.3198],[99.9631,14.3198],[99.9634,14.3209],[99.9673,14.3209],[99.969,14.3203],[99.969,14.3225],[99.9682,14.3225],[99.9682,14.3219],[99.9676,14.3217],[99.9673,14.3225],[99.9665,14.3225],[99.9665,14.3217],[99.9654,14.3217],[99.9654,14.3225],[99.9643,14.3225],[99.964,14.3233],[99.9626,14.3233]]]}},{"type":"Feature","properties":{"kind":"flood","area_km2":0.142,"conf":"low","date":"2026-10-09"},"geometry":{"type":"Polygon","coordinates":[[[99.9232,14.3528],[99.9232,14.352],[99.9227,14.3514],[99.9235,14.3514],[99.9235,14.3501],[99.9218,14.3503],[99.9213,14.3501],[99.9213,14.3492],[99.9218,14.3482],[99.9229,14.3482],[99.9229,14.3498],[99.9238,14.3498],[99.9238,14.3479],[99.9232,14.3479],[99.9235,14.3468],[99.9235,14.3473],[99.9243,14.3473],[99.9246,14.3479],[99.9263,14.3476],[99.9263,14.3481],[99.9268,14.3481],[99.9268,14.3495],[99.926,14.3495],[99.9257,14.349],[99.9246,14.3492],[99.9243,14.3501],[99.9249,14.3506],[99.9249,14.3517],[99.9241,14.352],[99.9241,14.3528],[99.9232,14.3528]],[[99.926,14.349],[99.9263,14.3492],[99.9263,14.349],[99.926,14.349]]]}},{"type":"Feature","properties":{"kind":"flood","area_km2":0.14,"conf":"low","date":"2026-10-09"},"geometry":{"type":"Polygon","coordinates":[[[99.9815,14.391],[99.9799,14.3908],[99.9799,14.39],[99.9796,14.3908],[99.9785,14.3905],[99.9793,14.3881],[99.9793,14.3864],[99.9798,14.3864],[99.9799,14.3881],[99.9804,14.3881],[99.9807,14.3886],[99.9829,14.3886],[99.9835,14.3881],[99.9846,14.3891],[99.9832,14.39],[99.9818,14.39],[99.9815,14.391]]]}},{"type":"Feature","properties":{"kind":"flood","area_km2":0.14,"conf":"low","date":"2026-10-09"},"geometry":{"type":"Polygon","coordinates":[[[99.979,14.3856],[99.979,14.3845],[99.9801,14.3845],[99.9804,14.3837],[99.9796,14.3832],[99.9793,14.3824],[99.9784,14.3824],[99.9773,14.3816],[99.9776,14.3805],[99.9784,14.3805],[99.9787,14.3816],[99.9804,14.3813],[99.9804,14.3824],[99.9821,14.3826],[99.9823,14.3832],[99.9829,14.3832],[99.9829,14.3824],[99.9846,14.3824],[99.9846,14.3834],[99.984,14.3834],[99.9835,14.3843],[99.9807,14.384],[99.9807,14.3848],[99.9804,14.3848],[99.9804,14.3851],[99.9801,14.3851],[99.9798,14.3856],[99.979,14.3856]],[[99.9798,14.3848],[99.9801,14.3851],[99.9801,14.3848],[99.9798,14.3848]]]}},{"type":"Feature","properties":{"kind":"flood","area_km2":0.14,"conf":"low","date":"2026-10-09"},"geometry":{"type":"Polygon","coordinates":[[[99.9569,14.2154],[99.9566,14.2146],[99.9555,14.2138],[99.956,14.2119],[99.9577,14.2119],[99.9585,14.2127],[99.9605,14.2127],[99.9602,14.2143],[99.9569,14.2154]],[[99.956,14.2132],[99.9563,14.2135],[99.9563,14.2132],[99.956,14.2132]]]}},{"type":"Feature","properties":{"kind":"flood","area_km2":0.14,"conf":"low","date":"2026-10-09"},"geometry":{"type":"Polygon","coordinates":[[[99.9963,14.5282],[99.9944,14.528],[99.9944,14.5269],[99.9949,14.5266],[99.9952,14.5252],[99.996,14.5242],[99.9972,14.5244],[99.9969,14.5258],[99.9974,14.5258],[99.9974,14.5247],[99.9988,14.525],[99.9977,14.5282],[99.9969,14.5282],[99.9969,14.5274],[99.9963,14.5274],[99.9963,14.5282]]]}},{"type":"Feature","properties":{"kind":"flood","area_km2":0.138,"conf":"low","date":"2026-10-09"},"geometry":{"type":"Polygon","coordinates":[[[99.9853,14.9779],[99.9842,14.9766],[99.9839,14.9771],[99.9828,14.9771],[99.9828,14.9763],[99.9836,14.9763],[99.9836,14.9758],[99.9842,14.9758],[99.9861,14.9736],[99.9869,14.9736],[99.9875,14.9768],[99.9867,14.9779],[99.9853,14.9779]]]}},{"type":"Feature","properties":{"kind":"flood","area_km2":0.138,"conf":"low","date":"2026-10-02"},"geometry":{"type":"Polygon","coordinates":[[[99.0608,14.7232],[99.0608,14.7218],[99.0603,14.7216],[99.0606,14.721],[99.0611,14.721],[99.0611,14.7199],[99.06,14.7191],[99.0608,14.7191],[99.0622,14.718],[99.062,14.7169],[99.0614,14.7167],[99.0614,14.715],[99.0625,14.715],[99.0628,14.7145],[99.0634,14.715],[99.0634,14.7164],[99.067,14.7164],[99.0675,14.7159],[99.0684,14.7159],[99.0686,14.7164],[99.0698,14.7156],[99.0698,14.7161],[99.0692,14.7161],[99.0692,14.7167],[99.0686,14.7169],[99.0661,14.7167],[99.0656,14.7172],[99.0639,14.7172],[99.0636,14.7167],[99.0622,14.7167],[99.0628,14.7183],[99.0617,14.7188],[99.0614,14.7221],[99.0608,14.7232]],[[99.0625,14.7159],[99.0628,14.7161],[99.0628,14.7159],[99.0625,14.7159]]]}},{"type":"Feature","properties":{"kind":"flood","area_km2":0.136,"conf":"low","date":"2026-10-02"},"geometry":{"type":"Polygon","coordinates":[[[99.0965,14.6497],[99.0954,14.648],[99.0951,14.6467],[99.094,14.6464],[99.094,14.6445],[99.0945,14.6456],[99.0954,14.6453],[99.0984,14.6464],[99.0984,14.648],[99.0979,14.6483],[99.0979,14.6494],[99.0965,14.6497]]]}},{"type":"Feature","properties":{"kind":"flood","area_km2":0.136,"conf":"high","date":"2026-10-09"},"geometry":{"type":"Polygon","coordinates":[[[99.9848,14.3202],[99.9843,14.3192],[99.9834,14.3189],[99.9834,14.3181],[99.9837,14.317],[99.984,14.3175],[99.9851,14.3175],[99.9851,14.3162],[99.984,14.3162],[99.984,14.3151],[99.9848,14.3151],[99.9851,14.314],[99.9857,14.3145],[99.9859,14.317],[99.9871,14.3194],[99.9882,14.3197],[99.9862,14.3197],[99.9857,14.3202],[99.9848,14.3202]],[[99.9846,14.3178],[99.9848,14.3181],[99.9848,14.3178],[99.9846,14.3178]],[[99.9845,14.3154],[99.9851,14.3156],[99.9851,14.3154],[99.9845,14.3154]]]}},{"type":"Feature","properties":{"kind":"flood","area_km2":0.135,"conf":"low","date":"2026-10-02"},"geometry":{"type":"Polygon","coordinates":[[[99.1449,14.4728],[99.1426,14.4714],[99.1415,14.4714],[99.1412,14.4706],[99.1407,14.4706],[99.1407,14.4701],[99.1437,14.4703],[99.1446,14.4712],[99.1504,14.4714],[99.1499,14.472],[99.149,14.472],[99.1487,14.4725],[99.1449,14.4728]],[[99.1415,14.4703],[99.1418,14.4706],[99.1418,14.4703],[99.1415,14.4703]]]}},{"type":"Feature","properties":{"kind":"flood","area_km2":0.134,"conf":"high","date":"2026-10-09"},"geometry":{"type":"Polygon","coordinates":[[[99.9403,14.4528],[99.9401,14.4517],[99.9395,14.4522],[99.9364,14.4517],[99.9362,14.4498],[99.937,14.4498],[99.9375,14.4493],[99.9395,14.4493],[99.9395,14.4501],[99.9409,14.4503],[99.9412,14.4509],[99.9412,14.4528],[99.9403,14.4528]]]}},{"type":"Feature","properties":{"kind":"flood","area_km2":0.134,"conf":"high","date":"2026-10-09"},"geometry":{"type":"Polygon","coordinates":[[[99.9596,14.3298],[99.9598,14.3274],[99.959,14.3269],[99.959,14.3263],[99.9584,14.3263],[99.9584,14.3269],[99.9573,14.3266],[99.957,14.3244],[99.9582,14.3244],[99.9584,14.3255],[99.959,14.3255],[99.959,14.3244],[99.9609,14.3247],[99.9609,14.3258],[99.9604,14.326],[99.961,14.3287],[99.9604,14.3298],[99.9596,14.3298]]]}},{"type":"Feature","properties":{"kind":"flood","area_km2":0.131,"conf":"low","date":"2026-10-09"},"geometry":{"type":"Polygon","coordinates":[[[99.6073,14.813],[99.6051,14.8119],[99.6051,14.8103],[99.6068,14.8103],[99.6073,14.8108],[99.6096,14.8108],[99.6109,14.8113],[99.611,14.8122],[99.6101,14.8127],[99.6073,14.813]]]}},{"type":"Feature","properties":{"kind":"flood","area_km2":0.131,"conf":"high","date":"2026-10-09"},"geometry":{"type":"Polygon","coordinates":[[[99.9884,14.3672],[99.9884,14.3666],[99.9878,14.3666],[99.9881,14.3647],[99.987,14.3644],[99.987,14.3628],[99.9886,14.3628],[99.9892,14.362],[99.9898,14.362],[99.9898,14.3628],[99.9914,14.3636],[99.9903,14.3636],[99.9903,14.365],[99.9898,14.365],[99.9901,14.3666],[99.9884,14.3672]]]}},{"type":"Feature","properties":{"kind":"flood","area_km2":0.131,"conf":"low","date":"2026-10-09"},"geometry":{"type":"Polygon","coordinates":[[[99.9975,14.2939],[99.997,14.2933],[99.9947,14.2934],[99.9945,14.292],[99.9958,14.292],[99.9961,14.2925],[99.9961,14.292],[99.9967,14.292],[99.9983,14.2901],[100.0011,14.2898],[100.0014,14.2917],[100.0011,14.2906],[99.9997,14.2906],[99.9995,14.2912],[99.9989,14.2912],[99.9986,14.292],[99.9989,14.2936],[99.9975,14.2939]],[[99.9972,14.2933],[99.9978,14.2931],[99.9975,14.2925],[99.997,14.2928],[99.9972,14.2933]]]}},{"type":"Feature","properties":{"kind":"flood","area_km2":0.127,"conf":"low","date":"2026-10-09"},"geometry":{"type":"Polygon","coordinates":[[[100.0005,14.4032],[100.0002,14.4021],[99.9997,14.4018],[99.9997,14.4005],[99.9985,14.3991],[99.9985,14.3983],[99.9997,14.398],[99.9997,14.3972],[99.9991,14.3972],[99.9994,14.3967],[100.0002,14.3967],[100.0002,14.398],[100.0008,14.3988],[100.001,14.398],[100.0019,14.398],[100.0019,14.3996],[100.0008,14.3996],[100.0008,14.401],[100.0019,14.401],[100.0019,14.4018],[100.0011,14.4018],[100.0013,14.4032],[100.0005,14.4032]]]}},{"type":"Feature","properties":{"kind":"flood","area_km2":0.127,"conf":"low","date":"2026-10-09"},"geometry":{"type":"Polygon","coordinates":[[[99.9857,14.3975],[99.9849,14.3965],[99.9835,14.3965],[99.9835,14.397],[99.983,14.397],[99.9829,14.3954],[99.9835,14.3951],[99.9829,14.3919],[99.984,14.3921],[99.9846,14.3932],[99.9857,14.3935],[99.9855,14.3965],[99.9866,14.3964],[99.986,14.397],[99.9863,14.3975],[99.9857,14.3975]]]}},{"type":"Feature","properties":{"kind":"flood","area_km2":0.127,"conf":"low","date":"2026-10-09"},"geometry":{"type":"Polygon","coordinates":[[[99.6467,14.3412],[99.6464,14.3404],[99.6425,14.3409],[99.6425,14.3399],[99.643,14.3399],[99.643,14.3393],[99.6436,14.3393],[99.6439,14.3385],[99.6444,14.339],[99.6478,14.3388],[99.6478,14.3393],[99.6494,14.3404],[99.6467,14.3412]]]}},{"type":"Feature","properties":{"kind":"flood","area_km2":0.124,"conf":"high","date":"2026-10-09"},"geometry":{"type":"Polygon","coordinates":[[[99.8888,14.2992],[99.8888,14.2973],[99.888,14.2973],[99.8882,14.2989],[99.8869,14.2989],[99.8866,14.297],[99.8877,14.2962],[99.8885,14.2962],[99.8885,14.2954],[99.8891,14.2949],[99.8905,14.2949],[99.8907,14.2962],[99.8902,14.2965],[99.8896,14.2989],[99.8888,14.2992]]]}},{"type":"Feature","properties":{"kind":"flood","area_km2":0.122,"conf":"low","date":"2026-10-09"},"geometry":{"type":"Polygon","coordinates":[[[99.3499,14.7294],[99.3493,14.7292],[99.3493,14.7284],[99.3487,14.7284],[99.349,14.7292],[99.3482,14.7289],[99.3487,14.7267],[99.3476,14.727],[99.3476,14.7254],[99.3501,14.7259],[99.3507,14.7267],[99.3524,14.7267],[99.3524,14.7275],[99.3513,14.7275],[99.3513,14.7289],[99.3499,14.7294]]]}},{"type":"Feature","properties":{"kind":"flood","area_km2":0.122,"conf":"low","date":"2026-10-09"},"geometry":{"type":"Polygon","coordinates":[[[99.9369,14.2242],[99.9369,14.2228],[99.9352,14.2223],[99.9346,14.2212],[99.9338,14.2212],[99.9338,14.2223],[99.9324,14.222],[99.9324,14.2212],[99.9335,14.2209],[99.9335,14.2204],[99.9346,14.2201],[99.9349,14.2196],[99.9358,14.2195],[99.9374,14.2225],[99.9385,14.2233],[99.9386,14.2241],[99.9369,14.2242]]]}},{"type":"Feature","properties":{"kind":"flood","area_km2":0.121,"conf":"low","date":"2026-10-09"},"geometry":{"type":"Polygon","coordinates":[[[99.9405,14.5523],[99.9402,14.5512],[99.9413,14.5512],[99.9413,14.5507],[99.9402,14.5507],[99.9405,14.5493],[99.9402,14.5485],[99.9396,14.5485],[99.9399,14.5474],[99.9413,14.5477],[99.9424,14.5496],[99.9424,14.5507],[99.9433,14.5509],[99.9433,14.5523],[99.9405,14.5523]]]}},{"type":"Feature","properties":{"kind":"flood","area_km2":0.117,"conf":"low","date":"2026-10-09"},"geometry":{"type":"Polygon","coordinates":[[[99.9961,14.2895],[99.9961,14.2879],[99.9967,14.2874],[99.9983,14.2871],[99.9983,14.2879],[99.9992,14.2879],[99.9994,14.2863],[100.0003,14.2863],[100.0003,14.2868],[100.0014,14.2868],[100.0008,14.2874],[100.0014,14.2879],[100.0,14.2893],[99.9978,14.2895],[99.9981,14.2879],[99.9975,14.2879],[99.9969,14.2882],[99.9975,14.2885],[99.9975,14.2895],[99.9961,14.2895]],[[99.9967,14.2885],[99.9969,14.2887],[99.9969,14.2885],[99.9967,14.2885]]]}},{"type":"Feature","properties":{"kind":"flood","area_km2":0.116,"conf":"high","date":"2026-10-09"},"geometry":{"type":"Polygon","coordinates":[[[99.9632,14.4017],[99.9629,14.4012],[99.9618,14.4009],[99.9615,14.399],[99.9604,14.3987],[99.9601,14.3974],[99.9613,14.3976],[99.9615,14.3971],[99.9624,14.3971],[99.9624,14.3979],[99.9638,14.3982],[99.9635,14.4006],[99.9641,14.4009],[99.9641,14.4017],[99.9632,14.4017]]]}},{"type":"Feature","properties":{"kind":"flood","area_km2":0.115,"conf":"high","date":"2026-10-09"},"geometry":{"type":"Polygon","coordinates":[[[99.9438,14.4132],[99.9416,14.411],[99.9404,14.4107],[99.9404,14.4099],[99.9421,14.4096],[99.9438,14.411],[99.9446,14.4099],[99.9452,14.4105],[99.9455,14.4129],[99.9438,14.4132]]]}},{"type":"Feature","properties":{"kind":"flood","area_km2":0.114,"conf":"high","date":"2026-10-09"},"geometry":{"type":"Polygon","coordinates":[[[99.974,14.5126],[99.9734,14.512],[99.9734,14.5099],[99.9751,14.5101],[99.9751,14.5096],[99.9762,14.5096],[99.9779,14.5104],[99.9779,14.5115],[99.9757,14.5118],[99.9754,14.5126],[99.974,14.5126]]]}},{"type":"Feature","properties":{"kind":"flood","area_km2":0.114,"conf":"low","date":"2026-10-09"},"geometry":{"type":"Polygon","coordinates":[[[99.9457,14.207],[99.9457,14.2051],[99.9468,14.2051],[99.9462,14.2027],[99.9485,14.203],[99.9488,14.204],[99.9482,14.204],[99.9482,14.2057],[99.9488,14.2057],[99.9488,14.2065],[99.9482,14.2065],[99.9479,14.207],[99.9457,14.207]]]}},{"type":"Feature","properties":{"kind":"flood","area_km2":0.113,"conf":"low","date":"2026-10-09"},"geometry":{"type":"Polygon","coordinates":[[[99.9767,14.998],[99.9762,14.9959],[99.9761,14.9934],[99.9781,14.9931],[99.9789,14.994],[99.9789,14.995],[99.9781,14.9956],[99.9781,14.9969],[99.9776,14.9972],[99.9776,14.998],[99.9767,14.998]]]}},{"type":"Feature","properties":{"kind":"flood","area_km2":0.113,"conf":"low","date":"2026-10-09"},"geometry":{"type":"Polygon","coordinates":[[[99.9822,14.9755],[99.9822,14.9733],[99.9808,14.9731],[99.9799,14.9717],[99.9788,14.9717],[99.9788,14.9709],[99.9805,14.9709],[99.9816,14.9717],[99.9816,14.9722],[99.9827,14.9722],[99.9839,14.9731],[99.9853,14.973],[99.9853,14.9739],[99.9836,14.9739],[99.9839,14.9752],[99.9822,14.9755]]]}},{"type":"Feature","properties":{"kind":"flood","area_km2":0.113,"conf":"low","date":"2026-10-09"},"geometry":{"type":"Polygon","coordinates":[[[99.944,14.9098],[99.9442,14.9081],[99.9426,14.9081],[99.9426,14.9071],[99.9442,14.9073],[99.9445,14.9065],[99.9453,14.9062],[99.9479,14.9062],[99.9479,14.907],[99.9473,14.907],[99.9476,14.9087],[99.9468,14.9087],[99.9459,14.9079],[99.9454,14.9079],[99.9451,14.9098],[99.944,14.9098]]]}},{"type":"Feature","properties":{"kind":"flood","area_km2":0.111,"conf":"low","date":"2026-10-02"},"geometry":{"type":"Polygon","coordinates":[[[99.0135,14.4891],[99.0137,14.4856],[99.0143,14.485],[99.0151,14.485],[99.0162,14.4842],[99.0179,14.4845],[99.0193,14.484],[99.0196,14.4834],[99.0201,14.4834],[99.0201,14.4842],[99.021,14.4842],[99.021,14.4848],[99.0201,14.485],[99.0168,14.485],[99.0165,14.4856],[99.0154,14.4858],[99.0151,14.4872],[99.014,14.4875],[99.014,14.4891],[99.0135,14.4891]]]}},{"type":"Feature","properties":{"kind":"flood","area_km2":0.111,"conf":"low","date":"2026-10-09"},"geometry":{"type":"Polygon","coordinates":[[[99.9719,14.2886],[99.9719,14.2872],[99.9725,14.2872],[99.9722,14.2859],[99.9733,14.285],[99.975,14.2853],[99.975,14.2842],[99.9755,14.2842],[99.9758,14.2861],[99.9752,14.2872],[99.9736,14.2875],[99.9733,14.2883],[99.9719,14.2886]]]}},{"type":"Feature","properties":{"kind":"flood","area_km2":0.11,"conf":"high","date":"2026-10-09"},"geometry":{"type":"Polygon","coordinates":[[[99.6696,14.8559],[99.6699,14.8519],[99.6705,14.8511],[99.6705,14.8497],[99.6696,14.8489],[99.6699,14.8475],[99.6699,14.8483],[99.671,14.85],[99.6713,14.8513],[99.6716,14.8559],[99.6696,14.8559]]]}},{"type":"Feature","properties":{"kind":"flood","area_km2":0.109,"conf":"low","date":"2026-10-09"},"geometry":{"type":"Polygon","coordinates":[[[99.9787,14.9931],[99.9786,14.9918],[99.9772,14.9915],[99.977,14.9904],[99.9781,14.9904],[99.9792,14.9912],[99.98,14.9912],[99.9806,14.9899],[99.9817,14.9893],[99.9817,14.9885],[99.9828,14.9882],[99.9828,14.9891],[99.9823,14.9893],[99.9817,14.9912],[99.9809,14.9915],[99.9798,14.9931],[99.9787,14.9931]]]}},{"type":"Feature","properties":{"kind":"flood","area_km2":0.109,"conf":"low","date":"2026-10-09"},"geometry":{"type":"Polygon","coordinates":[[[99.9794,14.9831],[99.9792,14.9815],[99.9786,14.9812],[99.9786,14.9804],[99.9794,14.9799],[99.9814,14.9798],[99.9817,14.9812],[99.9831,14.9815],[99.9831,14.9825],[99.9811,14.9828],[99.9811,14.982],[99.9806,14.982],[99.9806,14.9831],[99.9794,14.9831]],[[99.98,14.9815],[99.9806,14.9817],[99.9805,14.9815],[99.98,14.9815]]]}},{"type":"Feature","properties":{"kind":"flood","area_km2":0.108,"conf":"low","date":"2026-10-09"},"geometry":{"type":"Polygon","coordinates":[[[99.9391,14.9342],[99.9388,14.9326],[99.9402,14.9323],[99.9402,14.9312],[99.9393,14.9309],[99.9393,14.9301],[99.9404,14.9298],[99.941,14.9315],[99.9424,14.9315],[99.9424,14.9323],[99.9416,14.9323],[99.9421,14.9342],[99.9391,14.9342]]]}},{"type":"Feature","properties":{"kind":"flood","area_km2":0.107,"conf":"low","date":"2026-10-09"},"geometry":{"type":"Polygon","coordinates":[[[99.9816,14.9706],[99.9794,14.9704],[99.9797,14.9679],[99.981,14.9679],[99.981,14.9685],[99.9816,14.9685],[99.9819,14.9676],[99.9827,14.9676],[99.9833,14.9684],[99.9844,14.969],[99.9844,14.9698],[99.983,14.9698],[99.9827,14.969],[99.9819,14.9687],[99.9816,14.9706]],[[99.9802,14.969],[99.9805,14.9693],[99.9805,14.969],[99.9802,14.969]]]}},{"type":"Feature","properties":{"kind":"flood","area_km2":0.107,"conf":"low","date":"2026-10-09"},"geometry":{"type":"Polygon","coordinates":[[[99.9723,14.2414],[99.9712,14.2408],[99.97,14.2395],[99.97,14.2387],[99.9709,14.2379],[99.9736,14.2387],[99.9737,14.24],[99.9731,14.24],[99.9737,14.2403],[99.9737,14.2414],[99.9723,14.2414]]]}},{"type":"Feature","properties":{"kind":"flood","area_km2":0.106,"conf":"high","date":"2026-10-09"},"geometry":{"type":"Polygon","coordinates":[[[99.9908,14.3384],[99.991,14.3362],[99.9955,14.3348],[99.9955,14.3357],[99.9949,14.3359],[99.9952,14.337],[99.9947,14.3367],[99.9941,14.337],[99.9941,14.3376],[99.9927,14.3373],[99.9927,14.3381],[99.9919,14.3378],[99.9916,14.3384],[99.9908,14.3384]],[[99.9922,14.3373],[99.9924,14.3376],[99.9924,14.3373],[99.9922,14.3373]]]}},{"type":"Feature","properties":{"kind":"flood","area_km2":0.106,"conf":"low","date":"2026-10-09"},"geometry":{"type":"Polygon","coordinates":[[[99.7523,14.3176],[99.7523,14.3162],[99.7503,14.3159],[99.7503,14.3165],[99.7498,14.3165],[99.7498,14.3157],[99.7489,14.3151],[99.7489,14.3143],[99.7512,14.3146],[99.7514,14.314],[99.7523,14.314],[99.7526,14.3146],[99.7531,14.3146],[99.7537,14.317],[99.7523,14.3176]]]}},{"type":"Feature","properties":{"kind":"flood","area_km2":0.104,"conf":"low","date":"2026-10-09"},"geometry":{"type":"Polygon","coordinates":[[[99.9332,14.3397],[99.9332,14.3384],[99.9318,14.3381],[99.9312,14.3375],[99.9312,14.3365],[99.9323,14.3362],[99.9323,14.3367],[99.9337,14.3365],[99.9343,14.337],[99.9346,14.3362],[99.9357,14.3362],[99.936,14.3375],[99.9346,14.3378],[99.9343,14.3394],[99.9332,14.3397]]]}},{"type":"Feature","properties":{"kind":"flood","area_km2":0.103,"conf":"low","date":"2026-10-02"},"geometry":{"type":"Polygon","coordinates":[[[99.014,14.4991],[99.0137,14.4983],[99.0126,14.4983],[99.0129,14.4975],[99.0112,14.4964],[99.0112,14.4945],[99.0118,14.4945],[99.0126,14.4937],[99.0129,14.4948],[99.014,14.4953],[99.014,14.4991]],[[99.0135,14.4978],[99.0137,14.4972],[99.0135,14.4972],[99.0135,14.497],[99.0132,14.497],[99.0135,14.4978]],[[99.0129,14.4967],[99.0132,14.497],[99.0132,14.4967],[99.0129,14.4967]],[[99.0121,14.4951],[99.0123,14.4953],[99.0123,14.4951],[99.0121,14.4951]],[[99.0118,14.4945],[99.0121,14.4948],[99.0121,14.4945],[99.0118,14.4945]]]}},{"type":"Feature","properties":{"kind":"flood","area_km2":0.103,"conf":"low","date":"2026-10-09"},"geometry":{"type":"Polygon","coordinates":[[[99.9756,14.4393],[99.9756,14.4377],[99.977,14.4377],[99.9773,14.4372],[99.9778,14.4372],[99.9778,14.4358],[99.977,14.4358],[99.977,14.435],[99.9776,14.4355],[99.9784,14.4355],[99.9787,14.4366],[99.9801,14.4366],[99.9798,14.4382],[99.9792,14.4388],[99.9765,14.4388],[99.9762,14.4393],[99.9756,14.4393]]]}},{"type":"Feature","properties":{"kind":"flood","area_km2":0.103,"conf":"low","date":"2026-10-09"},"geometry":{"type":"Polygon","coordinates":[[[99.9411,14.3801],[99.9414,14.3776],[99.9422,14.3774],[99.9434,14.3757],[99.9456,14.3755],[99.9459,14.3768],[99.9439,14.3771],[99.9439,14.3785],[99.9434,14.379],[99.9417,14.3793],[99.9411,14.3801]]]}},{"type":"Feature","properties":{"kind":"flood","area_km2":0.103,"conf":"high","date":"2026-10-09"},"geometry":{"type":"Polygon","coordinates":[[[99.9318,14.2616],[99.932,14.2583],[99.9329,14.2583],[99.9356,14.2597],[99.9356,14.2605],[99.9351,14.2605],[99.9348,14.261],[99.9318,14.2616]]]}},{"type":"Feature","properties":{"kind":"flood","area_km2":0.102,"conf":"low","date":"2026-10-09"},"geometry":{"type":"Polygon","coordinates":[[[99.9232,14.3544],[99.9232,14.3536],[99.9221,14.3536],[99.9221,14.353],[99.9199,14.3533],[99.9193,14.3528],[99.9193,14.3512],[99.9199,14.3506],[99.9221,14.3506],[99.9221,14.3528],[99.9232,14.3528],[99.9238,14.3533],[99.9238,14.3541],[99.9232,14.3544]]]}},{"type":"Feature","properties":{"kind":"flood","area_km2":0.101,"conf":"low","date":"2026-10-09"},"geometry":{"type":"Polygon","coordinates":[[[99.9829,14.4531],[99.981,14.4529],[99.981,14.4521],[99.9801,14.4515],[99.9801,14.4507],[99.981,14.4502],[99.981,14.4494],[99.9818,14.4494],[99.9818,14.4499],[99.9835,14.4499],[99.9829,14.4531]],[[99.9826,14.4507],[99.9829,14.451],[99.9829,14.4507],[99.9826,14.4507]]]}},{"type":"Feature","properties":{"kind":"flood","area_km2":0.1,"conf":"low","date":"2026-10-09"},"geometry":{"type":"Polygon","coordinates":[[[99.3358,14.8163],[99.3358,14.8154],[99.3347,14.8152],[99.3355,14.8149],[99.3355,14.8135],[99.3347,14.8135],[99.3344,14.813],[99.3333,14.8133],[99.3333,14.8125],[99.3344,14.8119],[99.3344,14.8114],[99.3335,14.8111],[99.3335,14.8103],[99.3344,14.8095],[99.3347,14.8106],[99.3361,14.8111],[99.3358,14.8163]]]}},{"type":"Feature","properties":{"kind":"flood","area_km2":0.1,"conf":"low","date":"2026-10-02"},"geometry":{"type":"Polygon","coordinates":[[[99.1678,14.5981],[99.1678,14.5975],[99.1667,14.597],[99.1664,14.5962],[99.1678,14.5954],[99.1672,14.5948],[99.1672,14.5937],[99.168,14.5937],[99.168,14.5924],[99.1675,14.5921],[99.1683,14.5913],[99.1686,14.5927],[99.1694,14.5932],[99.1694,14.5948],[99.1683,14.5954],[99.168,14.5973],[99.1686,14.5975],[99.1686,14.5981],[99.1678,14.5981]]]}},{"type":"Feature","properties":{"kind":"flood","area_km2":0.099,"conf":"low","date":"2026-10-09"},"geometry":{"type":"Polygon","coordinates":[[[99.9607,14.5924],[99.9607,14.5918],[99.9599,14.5916],[99.9599,14.5907],[99.9612,14.5902],[99.9615,14.588],[99.9624,14.588],[99.9635,14.5913],[99.9624,14.5916],[99.9615,14.5924],[99.9607,14.5924]]]}},{"type":"Feature","properties":{"kind":"flood","area_km2":0.098,"conf":"low","date":"2026-10-09"},"geometry":{"type":"Polygon","coordinates":[[[99.9126,14.3436],[99.9101,14.3433],[99.9095,14.3409],[99.9126,14.3414],[99.9126,14.3403],[99.9134,14.3403],[99.9137,14.3414],[99.9132,14.3414],[99.9126,14.3436]]]}},{"type":"Feature","properties":{"kind":"flood","area_km2":0.098,"conf":"high","date":"2026-10-09"},"geometry":{"type":"Polygon","coordinates":[[[99.9647,14.3003],[99.9645,14.2997],[99.9631,14.2992],[99.9631,14.2981],[99.9639,14.2973],[99.9644,14.2973],[99.9642,14.2956],[99.9655,14.2956],[99.9653,14.2984],[99.9661,14.2994],[99.9661,14.3003],[99.9647,14.3003]]]}},{"type":"Feature","properties":{"kind":"flood","area_km2":0.098,"conf":"high","date":"2026-10-09"},"geometry":{"type":"Polygon","coordinates":[[[99.9597,14.297],[99.9592,14.2959],[99.9597,14.293],[99.9619,14.2932],[99.9619,14.2948],[99.9611,14.2954],[99.9611,14.2967],[99.9597,14.297]]]}},{"type":"Feature","properties":{"kind":"flood","area_km2":0.096,"conf":"low","date":"2026-10-09"},"geometry":{"type":"Polygon","coordinates":[[[99.6347,14.8341],[99.6341,14.8316],[99.6344,14.8305],[99.6353,14.83],[99.6353,14.8281],[99.6372,14.8276],[99.6378,14.8281],[99.6361,14.8286],[99.6361,14.8327],[99.6347,14.8341]]]}},{"type":"Feature","properties":{"kind":"flood","area_km2":0.095,"conf":"low","date":"2026-10-09"},"geometry":{"type":"Polygon","coordinates":[[[99.9746,14.9609],[99.9743,14.9601],[99.9729,14.9593],[99.9732,14.9576],[99.9721,14.9574],[99.9723,14.9563],[99.9732,14.9563],[99.9737,14.9568],[99.9743,14.9587],[99.9765,14.9593],[99.9765,14.9606],[99.9746,14.9609]]]}},{"type":"Feature","properties":{"kind":"flood","area_km2":0.095,"conf":"low","date":"2026-10-09"},"geometry":{"type":"Polygon","coordinates":[[[99.9755,14.0797],[99.9749,14.0767],[99.9771,14.0764],[99.9771,14.0773],[99.9788,14.0781],[99.9788,14.0789],[99.9774,14.0797],[99.9755,14.0797]],[[99.976,14.0789],[99.9769,14.0789],[99.9771,14.0781],[99.976,14.0778],[99.976,14.0789]]]}},{"type":"Feature","properties":{"kind":"flood","area_km2":0.094,"conf":"low","date":"2026-10-09"},"geometry":{"type":"Polygon","coordinates":[[[99.9899,14.9454],[99.9876,14.9454],[99.9876,14.944],[99.9885,14.9435],[99.9882,14.9416],[99.9896,14.9416],[99.9896,14.9421],[99.9904,14.9421],[99.9904,14.9429],[99.9899,14.9454]]]}},{"type":"Feature","properties":{"kind":"flood","area_km2":0.094,"conf":"high","date":"2026-10-09"},"geometry":{"type":"Polygon","coordinates":[[[99.98,14.3563],[99.98,14.355],[99.9805,14.355],[99.9805,14.3539],[99.9817,14.3533],[99.9811,14.3528],[99.9811,14.352],[99.9822,14.3523],[99.9822,14.3536],[99.9842,14.3536],[99.9844,14.3517],[99.985,14.3525],[99.9861,14.3525],[99.9858,14.3539],[99.983,14.3539],[99.9828,14.3544],[99.9814,14.3544],[99.9814,14.3558],[99.9806,14.3558],[99.98,14.3563]]]}},{"type":"Feature","properties":{"kind":"flood","area_km2":0.094,"conf":"low","date":"2026-10-09"},"geometry":{"type":"Polygon","coordinates":[[[99.9842,14.2405],[99.9845,14.2386],[99.9867,14.2383],[99.9864,14.2364],[99.9873,14.2364],[99.9875,14.2381],[99.9889,14.2383],[99.9889,14.2391],[99.987,14.2389],[99.9867,14.2402],[99.9859,14.2402],[99.9859,14.2394],[99.9853,14.2391],[99.9853,14.2402],[99.9842,14.2405]]]}},{"type":"Feature","properties":{"kind":"flood","area_km2":0.093,"conf":"low","date":"2026-10-09"},"geometry":{"type":"Polygon","coordinates":[[[99.9473,14.3934],[99.947,14.3928],[99.9479,14.3928],[99.9479,14.3912],[99.9484,14.3912],[99.9484,14.3901],[99.949,14.3901],[99.949,14.3887],[99.9484,14.3885],[99.949,14.3849],[99.9495,14.3849],[99.9492,14.3879],[99.9498,14.3879],[99.9498,14.3901],[99.949,14.3904],[99.9495,14.3914],[99.9495,14.3928],[99.9487,14.3933],[99.9473,14.3934]]]}},{"type":"Feature","properties":{"kind":"flood","area_km2":0.092,"conf":"high","date":"2026-10-09"},"geometry":{"type":"Polygon","coordinates":[[[99.6377,14.9173],[99.6377,14.9165],[99.6372,14.916],[99.6372,14.9152],[99.6377,14.9149],[99.6377,14.9135],[99.6383,14.913],[99.64,14.9127],[99.64,14.9141],[99.6391,14.9146],[99.6391,14.9168],[99.6389,14.9173],[99.6377,14.9173]]]}},{"type":"Feature","properties":{"kind":"flood","area_km2":0.091,"conf":"low","date":"2026-10-09"},"geometry":{"type":"Polygon","coordinates":[[[99.7599,14.3406],[99.7579,14.3406],[99.7579,14.3398],[99.7574,14.3398],[99.7574,14.3387],[99.7585,14.3387],[99.7585,14.3376],[99.7593,14.3376],[99.7593,14.339],[99.7588,14.339],[99.759,14.3401],[99.7596,14.3395],[99.7596,14.3387],[99.7602,14.3384],[99.7601,14.3373],[99.761,14.3373],[99.7607,14.3387],[99.7613,14.3392],[99.7613,14.3401],[99.7602,14.3401],[99.7599,14.3406]]]}},{"type":"Feature","properties":{"kind":"flood","area_km2":0.091,"conf":"low","date":"2026-10-09"},"geometry":{"type":"Polygon","coordinates":[[[99.8432,14.3121],[99.8427,14.311],[99.8416,14.3113],[99.8418,14.3102],[99.8471,14.3102],[99.8471,14.3116],[99.8446,14.3113],[99.8441,14.3121],[99.8432,14.3121]]]}},{"type":"Feature","properties":{"kind":"flood","area_km2":0.09,"conf":"low","date":"2026-10-02"},"geometry":{"type":"Polygon","coordinates":[[[99.0129,14.6009],[99.0129,14.5995],[99.0121,14.5987],[99.0115,14.5987],[99.0115,14.5981],[99.0101,14.5976],[99.0101,14.5965],[99.0121,14.5962],[99.0126,14.5952],[99.0137,14.5952],[99.0143,14.5957],[99.0132,14.5957],[99.0132,14.5965],[99.0121,14.5971],[99.0121,14.5981],[99.0135,14.5984],[99.0135,14.6009],[99.0129,14.6009]],[[99.0115,14.5976],[99.0118,14.5979],[99.0118,14.5976],[99.0115,14.5976]]]}},{"type":"Feature","properties":{"kind":"flood","area_km2":0.09,"conf":"high","date":"2026-10-09"},"geometry":{"type":"Polygon","coordinates":[[[99.9288,14.2839],[99.9288,14.282],[99.9282,14.282],[99.9282,14.2811],[99.9288,14.2811],[99.9288,14.279],[99.9282,14.279],[99.9282,14.2779],[99.9302,14.2779],[99.9313,14.28],[99.9307,14.2801],[99.9304,14.2792],[99.929,14.2792],[99.9291,14.2803],[99.9305,14.283],[99.9291,14.2833],[99.9288,14.2839]],[[99.9291,14.282],[99.9293,14.2822],[99.9293,14.282],[99.9291,14.282]],[[99.9288,14.2817],[99.9291,14.282],[99.9291,14.2817],[99.9288,14.2817]],[[99.9288,14.2811],[99.9293,14.2814],[99.9293,14.2811],[99.9288,14.2811]]]}},{"type":"Feature","properties":{"kind":"flood","area_km2":0.089,"conf":"low","date":"2026-10-09"},"geometry":{"type":"Polygon","coordinates":[[[99.9954,14.5583],[99.9951,14.5575],[99.9942,14.5575],[99.9942,14.5567],[99.9956,14.5562],[99.9956,14.5551],[99.9973,14.5551],[99.9979,14.5556],[99.9979,14.5583],[99.997,14.5583],[99.9967,14.5567],[99.9962,14.5567],[99.9959,14.5572],[99.9962,14.5583],[99.9954,14.5583]]]}},{"type":"Feature","properties":{"kind":"flood","area_km2":0.089,"conf":"low","date":"2026-10-09"},"geometry":{"type":"Polygon","coordinates":[[[99.9786,14.4247],[99.9778,14.4239],[99.9778,14.4231],[99.9772,14.4231],[99.9769,14.4223],[99.9753,14.4209],[99.975,14.4193],[99.9758,14.4193],[99.9767,14.4201],[99.9767,14.4206],[99.9772,14.4206],[99.9772,14.4212],[99.9781,14.4217],[99.9781,14.4231],[99.9797,14.4236],[99.9797,14.4244],[99.9786,14.4247]]]}},{"type":"Feature","properties":{"kind":"flood","area_km2":0.089,"conf":"low","date":"2026-10-09"},"geometry":{"type":"Polygon","coordinates":[[[99.9279,14.3479],[99.9279,14.3468],[99.9271,14.3465],[99.9282,14.3465],[99.9282,14.3446],[99.9288,14.3446],[99.929,14.3454],[99.9321,14.3454],[99.9321,14.3465],[99.9307,14.3465],[99.9304,14.3479],[99.9296,14.3479],[99.9296,14.347],[99.9302,14.347],[99.9296,14.3468],[99.9296,14.3462],[99.9293,14.347],[99.9285,14.3471],[99.9285,14.3479],[99.9279,14.3479]]]}},{"type":"Feature","properties":{"kind":"flood","area_km2":0.088,"conf":"low","date":"2026-10-09"},"geometry":{"type":"Polygon","coordinates":[[[99.6989,14.5033],[99.6983,14.5019],[99.6975,14.5016],[99.6975,14.5],[99.6995,14.5],[99.7,14.5003],[99.7,14.5008],[99.7006,14.5008],[99.7006,14.503],[99.6989,14.5033]]]}},{"type":"Feature","properties":{"kind":"flood","area_km2":0.087,"conf":"low","date":"2026-10-09"},"geometry":{"type":"Polygon","coordinates":[[[99.9291,14.9467],[99.9291,14.9456],[99.9299,14.9453],[99.9296,14.944],[99.9321,14.944],[99.9327,14.9445],[99.9324,14.9461],[99.9291,14.9467]],[[99.931,14.9451],[99.9313,14.9453],[99.9313,14.9451],[99.931,14.9451]]]}},{"type":"Feature","properties":{"kind":"flood","area_km2":0.087,"conf":"low","date":"2026-10-09"},"geometry":{"type":"Polygon","coordinates":[[[99.9953,14.3042],[99.9956,14.3023],[99.9942,14.302],[99.9939,14.301],[99.9928,14.301],[99.9934,14.3001],[99.997,14.3012],[99.997,14.3034],[99.9962,14.3042],[99.9953,14.3042]]]}},{"type":"Feature","properties":{"kind":"flood","area_km2":0.086,"conf":"low","date":"2026-10-09"},"geometry":{"type":"Polygon","coordinates":[[[99.9715,14.451],[99.9707,14.4505],[99.9709,14.4478],[99.9729,14.4475],[99.9726,14.4489],[99.9732,14.4494],[99.9732,14.451],[99.9715,14.451]]]}},{"type":"Feature","properties":{"kind":"flood","area_km2":0.086,"conf":"high","date":"2026-10-09"},"geometry":{"type":"Polygon","coordinates":[[[99.9258,14.3018],[99.9236,14.3015],[99.9236,14.3001],[99.925,14.3001],[99.9247,14.2982],[99.9258,14.2982],[99.9263,14.2991],[99.9272,14.2993],[99.9272,14.3001],[99.9264,14.3001],[99.9258,14.3018]]]}},{"type":"Feature","properties":{"kind":"flood","area_km2":0.086,"conf":"low","date":"2026-10-09"},"geometry":{"type":"Polygon","coordinates":[[[99.9885,14.4664],[99.988,14.4648],[99.9891,14.4648],[99.9891,14.464],[99.9877,14.4642],[99.9877,14.4634],[99.9899,14.4629],[99.9899,14.4642],[99.9913,14.4642],[99.9916,14.4653],[99.9902,14.4653],[99.9894,14.4664],[99.9885,14.4664]]]}},{"type":"Feature","properties":{"kind":"flood","area_km2":0.086,"conf":"low","date":"2026-10-09"},"geometry":{"type":"Polygon","coordinates":[[[99.9555,14.2222],[99.9552,14.2211],[99.9544,14.2206],[99.9538,14.2192],[99.9519,14.2198],[99.9519,14.2189],[99.9524,14.2184],[99.9552,14.2176],[99.9552,14.2184],[99.9547,14.2184],[99.9547,14.2189],[99.9552,14.2192],[99.9563,14.2214],[99.9563,14.2222],[99.9555,14.2222]]]}},{"type":"Feature","properties":{"kind":"flood","area_km2":0.085,"conf":"low","date":"2026-10-02"},"geometry":{"type":"Polygon","coordinates":[[[99.0864,14.6242],[99.0859,14.6236],[99.0862,14.6212],[99.0853,14.6212],[99.0848,14.6204],[99.0825,14.6206],[99.0823,14.6198],[99.0831,14.6198],[99.0834,14.6187],[99.0848,14.6187],[99.0851,14.6204],[99.0862,14.6204],[99.0862,14.6209],[99.0864,14.6204],[99.087,14.6204],[99.087,14.6209],[99.0876,14.6209],[99.0878,14.6217],[99.0864,14.6217],[99.0864,14.6231],[99.0878,14.6242],[99.0864,14.6242]]]}},{"type":"Feature","properties":{"kind":"flood","area_km2":0.085,"conf":"low","date":"2026-10-02"},"geometry":{"type":"Polygon","coordinates":[[[99.1579,14.4714],[99.1579,14.4703],[99.1557,14.4701],[99.1554,14.4706],[99.1554,14.469],[99.156,14.4693],[99.1565,14.4687],[99.1582,14.4684],[99.1585,14.4693],[99.1593,14.469],[99.1602,14.4698],[99.1613,14.4695],[99.1613,14.4701],[99.1596,14.4701],[99.1585,14.4706],[99.1579,14.4714]],[[99.1588,14.4695],[99.159,14.4698],[99.159,14.4695],[99.1588,14.4695]],[[99.156,14.4693],[99.1563,14.4695],[99.1563,14.4693],[99.156,14.4693]]]}},{"type":"Feature","properties":{"kind":"flood","area_km2":0.085,"conf":"low","date":"2026-10-09"},"geometry":{"type":"Polygon","coordinates":[[[99.9189,14.3235],[99.9189,14.3208],[99.9198,14.3208],[99.9203,14.3219],[99.9214,14.3224],[99.9234,14.3221],[99.9234,14.3229],[99.9228,14.3235],[99.9217,14.3235],[99.9212,14.3229],[99.9203,14.3235],[99.9189,14.3235]]]}},{"type":"Feature","properties":{"kind":"flood","area_km2":0.085,"conf":"low","date":"2026-10-09"},"geometry":{"type":"Polygon","coordinates":[[[99.9923,14.2359],[99.9917,14.2353],[99.9889,14.2351],[99.9886,14.2337],[99.9898,14.2334],[99.9903,14.234],[99.9906,14.2334],[99.9914,14.2334],[99.9923,14.2345],[99.9934,14.235],[99.9934,14.2359],[99.9923,14.2359]]]}},{"type":"Feature","properties":{"kind":"flood","area_km2":0.083,"conf":"low","date":"2026-10-09"},"geometry":{"type":"Polygon","coordinates":[[[99.9875,14.2332],[99.9856,14.2316],[99.9856,14.2299],[99.987,14.2302],[99.987,14.2307],[99.9875,14.2307],[99.9884,14.2318],[99.9895,14.2321],[99.9892,14.2332],[99.9875,14.2332]]]}},{"type":"Feature","properties":{"kind":"flood","area_km2":0.081,"conf":"high","date":"2026-10-09"},"geometry":{"type":"Polygon","coordinates":[[[99.9356,14.2591],[99.9354,14.2583],[99.9342,14.2583],[99.9342,14.2575],[99.9351,14.2573],[99.9342,14.2554],[99.9342,14.2537],[99.9351,14.2537],[99.9353,14.2556],[99.9362,14.2567],[99.9362,14.2583],[99.9365,14.2589],[99.937,14.2589],[99.9356,14.2591]]]}},{"type":"Feature","properties":{"kind":"flood","area_km2":0.08,"conf":"low","date":"2026-10-09"},"geometry":{"type":"Polygon","coordinates":[[[99.9621,14.584],[99.9615,14.5831],[99.9607,14.5832],[99.9607,14.5823],[99.9615,14.5821],[99.9615,14.5807],[99.9634,14.5804],[99.9637,14.5826],[99.9626,14.5826],[99.9629,14.584],[99.9621,14.584]]]}},{"type":"Feature","properties":{"kind":"flood","area_km2":0.08,"conf":"low","date":"2026-10-02"},"geometry":{"type":"Polygon","coordinates":[[[99.0149,14.584],[99.0149,14.583],[99.0154,14.583],[99.0154,14.5824],[99.0162,14.5819],[99.0171,14.5821],[99.0176,14.5816],[99.0176,14.5824],[99.0207,14.5821],[99.0207,14.584],[99.0201,14.5835],[99.0201,14.5827],[99.0193,14.5827],[99.0193,14.5832],[99.019,14.5827],[99.0185,14.5827],[99.0182,14.5835],[99.0149,14.584]]]}},{"type":"Feature","properties":{"kind":"flood","area_km2":0.08,"conf":"low","date":"2026-10-09"},"geometry":{"type":"Polygon","coordinates":[[[99.9313,14.3571],[99.9302,14.3549],[99.9333,14.3549],[99.9338,14.3544],[99.9333,14.3571],[99.9313,14.3571]]]}},{"type":"Feature","properties":{"kind":"flood","area_km2":0.08,"conf":"low","date":"2026-10-09"},"geometry":{"type":"Polygon","coordinates":[[[99.9671,14.3279],[99.9673,14.3257],[99.966,14.3255],[99.9662,14.3241],[99.9682,14.3244],[99.9687,14.3257],[99.9693,14.326],[99.9693,14.3268],[99.9682,14.3268],[99.9682,14.3276],[99.9671,14.3279]]]}},{"type":"Feature","properties":{"kind":"flood","area_km2":0.08,"conf":"low","date":"2026-10-09"},"geometry":{"type":"Polygon","coordinates":[[[100.0003,14.2863],[100.0,14.2849],[100.0003,14.2841],[99.9997,14.2833],[99.9991,14.2833],[99.9991,14.2822],[99.9994,14.2817],[100.0014,14.2814],[100.0014,14.2822],[100.0008,14.2827],[100.0014,14.283],[100.0014,14.2855],[100.0008,14.2857],[100.0008,14.2863],[100.0003,14.2863]],[[100.0003,14.2844],[100.0005,14.2846],[100.0005,14.2844],[100.0003,14.2844]]]}},{"type":"Feature","properties":{"kind":"flood","area_km2":0.079,"conf":"high","date":"2026-10-09"},"geometry":{"type":"Polygon","coordinates":[[[99.9616,14.2734],[99.9613,14.2729],[99.9593,14.2723],[99.9596,14.2715],[99.9652,14.272],[99.9652,14.2729],[99.9632,14.2729],[99.963,14.2734],[99.9616,14.2734]]]}},{"type":"Feature","properties":{"kind":"flood","area_km2":0.078,"conf":"low","date":"2026-10-09"},"geometry":{"type":"Polygon","coordinates":[[[99.4713,14.6997],[99.4716,14.6983],[99.4727,14.6983],[99.4744,14.6969],[99.4755,14.6972],[99.4752,14.6991],[99.4727,14.6991],[99.4724,14.6997],[99.4713,14.6997]]]}},{"type":"Feature","properties":{"kind":"flood","area_km2":0.078,"conf":"low","date":"2026-10-09"},"geometry":{"type":"Polygon","coordinates":[[[99.945,14.5103],[99.945,14.5073],[99.9473,14.5075],[99.9478,14.5081],[99.9478,14.5094],[99.9467,14.5094],[99.9459,14.5097],[99.9459,14.5103],[99.945,14.5103]]]}},{"type":"Feature","properties":{"kind":"flood","area_km2":0.078,"conf":"high","date":"2026-10-09"},"geometry":{"type":"Polygon","coordinates":[[[99.9633,14.4204],[99.9625,14.4196],[99.9622,14.418],[99.9613,14.4177],[99.9616,14.4166],[99.9627,14.4166],[99.9633,14.418],[99.9638,14.418],[99.9638,14.4185],[99.9647,14.4191],[99.9644,14.4204],[99.9633,14.4204]]]}},{"type":"Feature","properties":{"kind":"flood","area_km2":0.078,"conf":"high","date":"2026-10-09"},"geometry":{"type":"Polygon","coordinates":[[[99.9606,14.3697],[99.9606,14.3692],[99.9614,14.3689],[99.9614,14.3683],[99.9606,14.3683],[99.9608,14.3673],[99.9628,14.367],[99.9639,14.3675],[99.9642,14.3689],[99.962,14.3689],[99.962,14.3697],[99.9606,14.3697]]]}},{"type":"Feature","properties":{"kind":"flood","area_km2":0.078,"conf":"low","date":"2026-10-09"},"geometry":{"type":"Polygon","coordinates":[[[99.752,14.3211],[99.7515,14.32],[99.7509,14.32],[99.7512,14.3187],[99.7526,14.3178],[99.754,14.3178],[99.754,14.3189],[99.7529,14.3203],[99.7529,14.3211],[99.752,14.3211]]]}},{"type":"Feature","properties":{"kind":"flood","area_km2":0.077,"conf":"high","date":"2026-10-09"},"geometry":{"type":"Polygon","coordinates":[[[99.9973,14.4905],[99.997,14.49],[99.9959,14.4902],[99.9959,14.4873],[99.9967,14.4873],[99.9967,14.4886],[99.9973,14.4886],[99.9976,14.4878],[99.9984,14.4878],[99.9987,14.49],[99.9981,14.4905],[99.9973,14.4905]]]}},{"type":"Feature","properties":{"kind":"flood","area_km2":0.077,"conf":"low","date":"2026-10-09"},"geometry":{"type":"Polygon","coordinates":[[[99.9461,14.2244],[99.9455,14.2238],[99.9455,14.2228],[99.9466,14.2219],[99.948,14.2219],[99.9483,14.2236],[99.9491,14.2236],[99.9491,14.2244],[99.9461,14.2244]]]}},{"type":"Feature","properties":{"kind":"flood","area_km2":0.076,"conf":"low","date":"2026-10-09"},"geometry":{"type":"Polygon","coordinates":[[[99.7361,14.1413],[99.7345,14.1408],[99.735,14.1386],[99.7378,14.1389],[99.7373,14.141],[99.7361,14.1413]]]}},{"type":"Feature","properties":{"kind":"flood","area_km2":0.076,"conf":"low","date":"2026-10-09"},"geometry":{"type":"Polygon","coordinates":[[[99.9437,14.9146],[99.9437,14.913],[99.9443,14.9119],[99.9457,14.9119],[99.9457,14.9133],[99.9473,14.9138],[99.9473,14.9146],[99.9457,14.9146],[99.9457,14.9138],[99.9451,14.9138],[99.9451,14.9146],[99.9437,14.9146]]]}},{"type":"Feature","properties":{"kind":"flood","area_km2":0.075,"conf":"low","date":"2026-10-09"},"geometry":{"type":"Polygon","coordinates":[[[99.9657,14.4595],[99.9649,14.4589],[99.9646,14.4573],[99.9657,14.4576],[99.966,14.4581],[99.966,14.4576],[99.9676,14.4576],[99.9682,14.457],[99.969,14.457],[99.969,14.4575],[99.9682,14.4578],[99.9679,14.4592],[99.9674,14.4589],[99.9674,14.4595],[99.9657,14.4595]]]}},{"type":"Feature","properties":{"kind":"flood","area_km2":0.074,"conf":"low","date":"2026-10-09"},"geometry":{"type":"Polygon","coordinates":[[[99.7793,14.8865],[99.7793,14.8843],[99.7816,14.8843],[99.7821,14.8849],[99.7818,14.8865],[99.7793,14.8865]]]}},{"type":"Feature","properties":{"kind":"flood","area_km2":0.074,"conf":"high","date":"2026-10-09"},"geometry":{"type":"Polygon","coordinates":[[[99.9467,14.4536],[99.9467,14.4509],[99.9476,14.4509],[99.9476,14.4517],[99.9484,14.4517],[99.9487,14.45],[99.9495,14.45],[99.9498,14.4514],[99.949,14.4519],[99.9487,14.453],[99.9479,14.4536],[99.9467,14.4536]]]}},{"type":"Feature","properties":{"kind":"flood","area_km2":0.073,"conf":"low","date":"2026-10-09"},"geometry":{"type":"Polygon","coordinates":[[[99.2007,14.9303],[99.2001,14.9298],[99.2001,14.9287],[99.1993,14.9279],[99.1993,14.9271],[99.2001,14.9265],[99.2015,14.9268],[99.2009,14.9282],[99.2018,14.9287],[99.2018,14.9292],[99.2026,14.9295],[99.2009,14.9298],[99.2007,14.9303]]]}},{"type":"Feature","properties":{"kind":"flood","area_km2":0.072,"conf":"low","date":"2026-10-09"},"geometry":{"type":"Polygon","coordinates":[[[99.9529,14.9051],[99.9526,14.904],[99.9531,14.9035],[99.952,14.9032],[99.952,14.9024],[99.9545,14.9021],[99.9545,14.9048],[99.9529,14.9051]]]}},{"type":"Feature","properties":{"kind":"flood","area_km2":0.07,"conf":"low","date":"2026-10-09"},"geometry":{"type":"Polygon","coordinates":[[[99.9373,14.2567],[99.937,14.2556],[99.9356,14.2554],[99.9359,14.254],[99.9378,14.2537],[99.9387,14.2545],[99.9384,14.2567],[99.9373,14.2567]],[[99.9373,14.2551],[99.9376,14.2553],[99.9376,14.2551],[99.9373,14.2551]],[[99.937,14.2548],[99.9373,14.2551],[99.9373,14.2548],[99.937,14.2548]],[[99.9376,14.2548],[99.9378,14.2551],[99.9378,14.2548],[99.9376,14.2548]]]}},{"type":"Feature","properties":{"kind":"flood","area_km2":0.07,"conf":"low","date":"2026-10-09"},"geometry":{"type":"Polygon","coordinates":[[[99.9924,14.2557],[99.9923,14.254],[99.994,14.2538],[99.9943,14.2532],[99.9951,14.2532],[99.9951,14.2527],[99.9962,14.2529],[99.9962,14.2537],[99.9954,14.254],[99.9949,14.2548],[99.9924,14.2557]]]}},{"type":"Feature","properties":{"kind":"flood","area_km2":0.069,"conf":"low","date":"2026-10-09"},"geometry":{"type":"Polygon","coordinates":[[[99.9697,14.9967],[99.9697,14.9959],[99.9664,14.9954],[99.9664,14.9946],[99.9683,14.9948],[99.9686,14.9943],[99.97,14.9943],[99.97,14.9956],[99.9714,14.9959],[99.9714,14.9967],[99.9697,14.9967]]]}},{"type":"Feature","properties":{"kind":"flood","area_km2":0.069,"conf":"high","date":"2026-10-09"},"geometry":{"type":"Polygon","coordinates":[[[99.9663,14.4638],[99.9665,14.4624],[99.9643,14.4624],[99.9643,14.4616],[99.9651,14.4616],[99.9649,14.4605],[99.9657,14.4605],[99.966,14.4614],[99.9671,14.4614],[99.9671,14.4619],[99.9679,14.4619],[99.9677,14.4635],[99.9663,14.4638]]]}},{"type":"Feature","properties":{"kind":"flood","area_km2":0.069,"conf":"low","date":"2026-10-09"},"geometry":{"type":"Polygon","coordinates":[[[99.9023,14.3382],[99.9017,14.336],[99.9029,14.336],[99.9031,14.3366],[99.9031,14.3355],[99.9045,14.3355],[99.9048,14.3371],[99.9034,14.3382],[99.9023,14.3382]]]}},{"type":"Feature","properties":{"kind":"flood","area_km2":0.069,"conf":"low","date":"2026-10-09"},"geometry":{"type":"Polygon","coordinates":[[[99.9933,14.2746],[99.9921,14.2728],[99.9919,14.2736],[99.9908,14.2733],[99.9908,14.2725],[99.9916,14.2725],[99.9921,14.2714],[99.9933,14.2714],[99.9933,14.2725],[99.9944,14.2738],[99.9944,14.2746],[99.9933,14.2746]]]}},{"type":"Feature","properties":{"kind":"flood","area_km2":0.068,"conf":"low","date":"2026-10-09"},"geometry":{"type":"Polygon","coordinates":[[[99.4655,14.7097],[99.4655,14.7086],[99.4646,14.7078],[99.4646,14.707],[99.4658,14.707],[99.4672,14.7086],[99.4685,14.7086],[99.4685,14.7094],[99.468,14.7097],[99.4655,14.7097]]]}},{"type":"Feature","properties":{"kind":"flood","area_km2":0.068,"conf":"low","date":"2026-10-09"},"geometry":{"type":"Polygon","coordinates":[[[99.9704,14.185],[99.9704,14.1836],[99.9712,14.1836],[99.9706,14.1833],[99.9709,14.182],[99.9729,14.1825],[99.9731,14.1841],[99.9715,14.185],[99.9704,14.185]],[[99.9706,14.1839],[99.9709,14.1841],[99.9709,14.1839],[99.9706,14.1839]],[[99.9712,14.1836],[99.9715,14.1839],[99.9715,14.1836],[99.9712,14.1836]]]}},{"type":"Feature","properties":{"kind":"flood","area_km2":0.067,"conf":"low","date":"2026-10-09"},"geometry":{"type":"Polygon","coordinates":[[[100.001,14.5041],[100.0009,14.5005],[100.0023,14.5003],[100.0024,14.5041],[100.001,14.5041]]]}},{"type":"Feature","properties":{"kind":"flood","area_km2":0.067,"conf":"low","date":"2026-10-09"},"geometry":{"type":"Polygon","coordinates":[[[99.8588,14.3126],[99.8571,14.3107],[99.8571,14.3088],[99.858,14.3088],[99.8582,14.3099],[99.8594,14.3104],[99.8591,14.3115],[99.8596,14.3118],[99.8596,14.3126],[99.8588,14.3126]]]}},{"type":"Feature","properties":{"kind":"flood","area_km2":0.066,"conf":"low","date":"2026-10-09"},"geometry":{"type":"Polygon","coordinates":[[[99.8314,14.7157],[99.8314,14.7152],[99.83,14.7152],[99.83,14.7144],[99.8314,14.7144],[99.8314,14.7133],[99.8319,14.7133],[99.8319,14.7127],[99.8333,14.7127],[99.8331,14.7146],[99.8322,14.7152],[99.8322,14.7157],[99.8314,14.7157]]]}},{"type":"Feature","properties":{"kind":"flood","area_km2":0.066,"conf":"low","date":"2026-10-02"},"geometry":{"type":"Polygon","coordinates":[[[99.158,14.5362],[99.1563,14.5346],[99.1569,14.5346],[99.1569,14.5341],[99.1577,14.5335],[99.1577,14.5325],[99.1585,14.5325],[99.1599,14.5316],[99.1599,14.533],[99.1591,14.5333],[99.1588,14.5327],[99.1588,14.5338],[99.158,14.5341],[99.1577,14.5352],[99.1588,14.5357],[99.158,14.5362]]]}},{"type":"Feature","properties":{"kind":"flood","area_km2":0.066,"conf":"low","date":"2026-10-09"},"geometry":{"type":"Polygon","coordinates":[[[99.9726,14.3254],[99.9723,14.3246],[99.971,14.3249],[99.9712,14.3225],[99.9721,14.3225],[99.9723,14.3241],[99.9729,14.3241],[99.9732,14.3233],[99.974,14.3233],[99.9743,14.3238],[99.9743,14.3249],[99.9726,14.3254]]]}},{"type":"Feature","properties":{"kind":"flood","area_km2":0.066,"conf":"low","date":"2026-10-09"},"geometry":{"type":"Polygon","coordinates":[[[99.9828,14.2397],[99.9823,14.2392],[99.9823,14.2367],[99.9834,14.237],[99.9834,14.2364],[99.9828,14.2364],[99.9828,14.2356],[99.9836,14.2356],[99.9836,14.2362],[99.9842,14.2362],[99.9842,14.2375],[99.9834,14.2375],[99.9834,14.2381],[99.9839,14.2383],[99.9839,14.2394],[99.9828,14.2397]]]}},{"type":"Feature","properties":{"kind":"flood","area_km2":0.065,"conf":"low","date":"2026-10-09"},"geometry":{"type":"Polygon","coordinates":[[[99.9458,14.5675],[99.9444,14.5672],[99.9444,14.5664],[99.9456,14.5661],[99.9461,14.5648],[99.9444,14.565],[99.9444,14.564],[99.9455,14.5637],[99.9461,14.564],[99.9461,14.5645],[99.9472,14.5645],[99.9472,14.5653],[99.9467,14.5653],[99.9467,14.5664],[99.9458,14.5664],[99.9458,14.5675]]]}},{"type":"Feature","properties":{"kind":"flood","area_km2":0.065,"conf":"low","date":"2026-10-02"},"geometry":{"type":"Polygon","coordinates":[[[99.1529,14.4964],[99.1521,14.495],[99.1513,14.4958],[99.1502,14.4958],[99.1502,14.4948],[99.1535,14.4942],[99.1535,14.4934],[99.1541,14.4931],[99.1541,14.4964],[99.1529,14.4964]],[[99.1527,14.4953],[99.1529,14.4956],[99.1529,14.4953],[99.1527,14.4953]],[[99.1521,14.4948],[99.1524,14.495],[99.1524,14.4948],[99.1521,14.4948]]]}},{"type":"Feature","properties":{"kind":"flood","area_km2":0.065,"conf":"low","date":"2026-10-09"},"geometry":{"type":"Polygon","coordinates":[[[99.9812,14.4469],[99.9804,14.4461],[99.9804,14.4453],[99.9829,14.4447],[99.9832,14.4456],[99.9837,14.4456],[99.9835,14.4469],[99.9812,14.4469]]]}},{"type":"Feature","properties":{"kind":"flood","area_km2":0.065,"conf":"high","date":"2026-10-09"},"geometry":{"type":"Polygon","coordinates":[[[99.9503,14.3695],[99.9492,14.3689],[99.9472,14.3689],[99.9469,14.3673],[99.9478,14.3673],[99.9478,14.366],[99.9486,14.366],[99.9483,14.3681],[99.9503,14.3678],[99.9503,14.3695]],[[99.9494,14.3681],[99.9497,14.3687],[99.9497,14.3681],[99.9494,14.3681]]]}},{"type":"Feature","properties":{"kind":"flood","area_km2":0.065,"conf":"low","date":"2026-10-09"},"geometry":{"type":"Polygon","coordinates":[[[99.9624,14.1986],[99.9624,14.1975],[99.9629,14.1975],[99.9629,14.1969],[99.9621,14.1967],[99.9621,14.1958],[99.9623,14.195],[99.9632,14.195],[99.9643,14.1956],[99.964,14.1977],[99.9635,14.1986],[99.9624,14.1986]]]}},{"type":"Feature","properties":{"kind":"flood","area_km2":0.064,"conf":"low","date":"2026-10-09"},"geometry":{"type":"Polygon","coordinates":[[[99.9495,14.9065],[99.9484,14.9051],[99.9484,14.9038],[99.9509,14.9035],[99.9512,14.9046],[99.9501,14.9051],[99.9504,14.9065],[99.9495,14.9065]]]}},{"type":"Feature","properties":{"kind":"flood","area_km2":0.064,"conf":"high","date":"2026-10-09"},"geometry":{"type":"Polygon","coordinates":[[[99.9237,14.2749],[99.9215,14.2747],[99.9215,14.2733],[99.9226,14.273],[99.9226,14.2725],[99.9243,14.2722],[99.9243,14.2736],[99.9235,14.2736],[99.9237,14.2749]]]}},{"type":"Feature","properties":{"kind":"flood","area_km2":0.063,"conf":"low","date":"2026-10-09"},"geometry":{"type":"Polygon","coordinates":[[[99.8455,14.6872],[99.8455,14.6856],[99.8466,14.6853],[99.8466,14.6842],[99.848,14.6845],[99.8477,14.6867],[99.8472,14.6872],[99.8455,14.6872]]]}},{"type":"Feature","properties":{"kind":"flood","area_km2":0.063,"conf":"low","date":"2026-10-09"},"geometry":{"type":"Polygon","coordinates":[[[99.5434,14.5387],[99.542,14.5378],[99.542,14.5362],[99.5428,14.5362],[99.5431,14.5368],[99.5453,14.5378],[99.5453,14.5387],[99.5434,14.5387]]]}},{"type":"Feature","properties":{"kind":"flood","area_km2":0.063,"conf":"low","date":"2026-10-09"},"geometry":{"type":"Polygon","coordinates":[[[99.9551,14.4617],[99.9554,14.4598],[99.9568,14.4598],[99.9571,14.4592],[99.9579,14.4592],[99.9579,14.4617],[99.9551,14.4617]]]}},{"type":"Feature","properties":{"kind":"flood","area_km2":0.063,"conf":"high","date":"2026-10-09"},"geometry":{"type":"Polygon","coordinates":[[[99.9564,14.4326],[99.9572,14.4318],[99.9561,14.4321],[99.9561,14.4307],[99.9544,14.4308],[99.9544,14.4294],[99.9555,14.4291],[99.9555,14.428],[99.9564,14.4291],[99.9567,14.4313],[99.9575,14.4313],[99.9578,14.4321],[99.9564,14.4326]]]}},{"type":"Feature","properties":{"kind":"flood","area_km2":0.063,"conf":"low","date":"2026-10-09"},"geometry":{"type":"Polygon","coordinates":[[[99.9705,14.4196],[99.97,14.419],[99.9702,14.4171],[99.9716,14.4169],[99.9725,14.4177],[99.9725,14.4187],[99.9716,14.4196],[99.9705,14.4196]]]}},{"type":"Feature","properties":{"kind":"flood","area_km2":0.063,"conf":"low","date":"2026-10-09"},"geometry":{"type":"Polygon","coordinates":[[[99.9651,14.3306],[99.9637,14.3304],[99.9635,14.3274],[99.9649,14.3276],[99.9649,14.3285],[99.966,14.3287],[99.966,14.3298],[99.9654,14.3298],[99.9651,14.3306]]]}},{"type":"Feature","properties":{"kind":"flood","area_km2":0.062,"conf":"low","date":"2026-10-09"},"geometry":{"type":"Polygon","coordinates":[[[99.9651,14.9506],[99.9639,14.9498],[99.9645,14.9474],[99.9653,14.9474],[99.9651,14.9495],[99.9659,14.9495],[99.9662,14.9482],[99.967,14.9482],[99.967,14.9493],[99.9662,14.9495],[99.9662,14.9506],[99.9651,14.9506]]]}},{"type":"Feature","properties":{"kind":"flood","area_km2":0.062,"conf":"low","date":"2026-10-02"},"geometry":{"type":"Polygon","coordinates":[[[99.0129,14.5916],[99.0132,14.5908],[99.0123,14.5906],[99.0129,14.59],[99.0129,14.5887],[99.0146,14.5887],[99.0146,14.5881],[99.0157,14.5881],[99.0154,14.5887],[99.0171,14.5887],[99.0143,14.5889],[99.0143,14.5908],[99.0137,14.5916],[99.0129,14.5916]],[[99.0135,14.5897],[99.014,14.59],[99.014,14.5897],[99.0135,14.5897]]]}},{"type":"Feature","properties":{"kind":"flood","area_km2":0.062,"conf":"high","date":"2026-10-09"},"geometry":{"type":"Polygon","coordinates":[[[99.979,14.499],[99.9789,14.4982],[99.9798,14.4979],[99.9814,14.4963],[99.9814,14.4968],[99.9823,14.4974],[99.9823,14.4984],[99.979,14.499]]]}},{"type":"Feature","properties":{"kind":"flood","area_km2":0.061,"conf":"high","date":"2026-10-09"},"geometry":{"type":"Polygon","coordinates":[[[99.9866,14.5201],[99.9854,14.5199],[99.9854,14.5193],[99.9849,14.5193],[99.9849,14.5185],[99.9863,14.5185],[99.9863,14.5174],[99.9879,14.5174],[99.9882,14.5185],[99.9871,14.519],[99.9866,14.5201]]]}},{"type":"Feature","properties":{"kind":"flood","area_km2":0.061,"conf":"high","date":"2026-10-09"},"geometry":{"type":"Polygon","coordinates":[[[99.9749,14.4735],[99.9747,14.4722],[99.9763,14.4713],[99.9783,14.4713],[99.9783,14.4724],[99.9774,14.4724],[99.9761,14.4735],[99.9749,14.4735]]]}},{"type":"Feature","properties":{"kind":"flood","area_km2":0.061,"conf":"high","date":"2026-10-09"},"geometry":{"type":"Polygon","coordinates":[[[99.9656,14.3141],[99.9642,14.313],[99.9642,14.3122],[99.967,14.3119],[99.967,14.3141],[99.9656,14.3141]]]}},{"type":"Feature","properties":{"kind":"flood","area_km2":0.061,"conf":"low","date":"2026-10-09"},"geometry":{"type":"Polygon","coordinates":[[[99.9889,14.2844],[99.9888,14.2809],[99.9908,14.2812],[99.9908,14.2822],[99.9897,14.2823],[99.9897,14.2833],[99.9905,14.2836],[99.9905,14.2844],[99.9889,14.2844]]]}},{"type":"Feature","properties":{"kind":"flood","area_km2":0.061,"conf":"low","date":"2026-10-09"},"geometry":{"type":"Polygon","coordinates":[[[99.7665,14.167],[99.7665,14.1654],[99.7671,14.1654],[99.7671,14.1643],[99.7682,14.164],[99.769,14.1651],[99.769,14.1662],[99.7682,14.1662],[99.7676,14.167],[99.7665,14.167]]]}},{"type":"Feature","properties":{"kind":"flood","area_km2":0.06,"conf":"low","date":"2026-10-09"},"geometry":{"type":"Polygon","coordinates":[[[99.9907,14.3183],[99.9907,14.317],[99.989,14.3167],[99.9887,14.3156],[99.9909,14.3153],[99.9907,14.3137],[99.9909,14.3132],[99.9915,14.3153],[99.9915,14.3178],[99.9907,14.3183]]]}},{"type":"Feature","properties":{"kind":"flood","area_km2":0.06,"conf":"low","date":"2026-10-09"},"geometry":{"type":"Polygon","coordinates":[[[99.9746,14.2761],[99.9738,14.2753],[99.9738,14.2745],[99.9744,14.2739],[99.976,14.2739],[99.976,14.2747],[99.9771,14.2747],[99.9771,14.2761],[99.976,14.2761],[99.976,14.275],[99.9755,14.275],[99.9755,14.2761],[99.9746,14.2761]]]}},{"type":"Feature","properties":{"kind":"flood","area_km2":0.06,"conf":"high","date":"2026-10-09"},"geometry":{"type":"Polygon","coordinates":[[[99.9726,14.2604],[99.9723,14.2595],[99.9715,14.2593],[99.9718,14.2576],[99.9735,14.2576],[99.9735,14.2585],[99.974,14.259],[99.974,14.2601],[99.9726,14.2604]]]}},{"type":"Feature","properties":{"kind":"flood","area_km2":0.059,"conf":"low","date":"2026-10-09"},"geometry":{"type":"Polygon","coordinates":[[[99.9964,14.4843],[99.9967,14.4829],[99.995,14.4827],[99.995,14.4818],[99.9978,14.4816],[99.9981,14.4843],[99.9964,14.4843]]]}},{"type":"Feature","properties":{"kind":"flood","area_km2":0.059,"conf":"high","date":"2026-10-09"},"geometry":{"type":"Polygon","coordinates":[[[99.948,14.2868],[99.948,14.2862],[99.9469,14.286],[99.9469,14.2838],[99.9483,14.2838],[99.9485,14.2851],[99.9491,14.2854],[99.9491,14.2868],[99.948,14.2868]]]}},{"type":"Feature","properties":{"kind":"flood","area_km2":0.059,"conf":"high","date":"2026-10-09"},"geometry":{"type":"Polygon","coordinates":[[[99.9845,14.2478],[99.9845,14.2462],[99.9862,14.2462],[99.9862,14.2457],[99.9873,14.2459],[99.987,14.2478],[99.9845,14.2478]]]}},{"type":"Feature","properties":{"kind":"flood","area_km2":0.059,"conf":"low","date":"2026-10-09"},"geometry":{"type":"Polygon","coordinates":[[[99.9373,14.2008],[99.9368,14.2003],[99.936,14.2003],[99.9362,14.1989],[99.9382,14.1989],[99.9393,14.1997],[99.939,14.2008],[99.9373,14.2008]]]}},{"type":"Feature","properties":{"kind":"flood","area_km2":0.059,"conf":"low","date":"2026-10-02"},"geometry":{"type":"Polygon","coordinates":[[[99.1984,14.5682],[99.1981,14.5677],[99.197,14.568],[99.1967,14.5671],[99.1959,14.5674],[99.1956,14.5652],[99.1962,14.5658],[99.197,14.5655],[99.1975,14.5666],[99.1987,14.5666],[99.1989,14.5682],[99.1984,14.5682]]]}},{"type":"Feature","properties":{"kind":"flood","area_km2":0.059,"conf":"high","date":"2026-10-09"},"geometry":{"type":"Polygon","coordinates":[[[99.9544,14.4774],[99.9532,14.4766],[99.953,14.475],[99.9555,14.4752],[99.9558,14.4771],[99.9544,14.4774]]]}},{"type":"Feature","properties":{"kind":"flood","area_km2":0.059,"conf":"high","date":"2026-10-09"},"geometry":{"type":"Polygon","coordinates":[[[99.9782,14.3241],[99.9782,14.3235],[99.9793,14.3235],[99.9793,14.3219],[99.9776,14.3216],[99.9776,14.3211],[99.979,14.3211],[99.9798,14.3219],[99.9815,14.3224],[99.9815,14.3232],[99.9782,14.3241]]]}},{"type":"Feature","properties":{"kind":"flood","area_km2":0.059,"conf":"low","date":"2026-10-09"},"geometry":{"type":"Polygon","coordinates":[[[99.971,14.2061],[99.971,14.2056],[99.9702,14.2053],[99.9699,14.2037],[99.9721,14.2037],[99.9721,14.2045],[99.9727,14.2045],[99.9724,14.2061],[99.971,14.2061]],[[99.9713,14.2048],[99.9716,14.2053],[99.9716,14.2048],[99.9713,14.2048]]]}},{"type":"Feature","properties":{"kind":"flood","area_km2":0.058,"conf":"high","date":"2026-10-09"},"geometry":{"type":"Polygon","coordinates":[[[99.9935,14.5095],[99.9926,14.5087],[99.9926,14.5079],[99.9935,14.5079],[99.994,14.5071],[99.9946,14.5071],[99.9946,14.5082],[99.9965,14.5081],[99.9968,14.5068],[99.9968,14.5084],[99.9957,14.5084],[99.9949,14.5092],[99.9935,14.5095]]]}},{"type":"Feature","properties":{"kind":"flood","area_km2":0.058,"conf":"low","date":"2026-10-02"},"geometry":{"type":"Polygon","coordinates":[[[99.0393,14.4772],[99.0393,14.4755],[99.0346,14.4755],[99.0346,14.475],[99.0338,14.475],[99.0341,14.4742],[99.0352,14.4739],[99.0352,14.4747],[99.0357,14.4745],[99.0357,14.475],[99.036,14.4745],[99.0371,14.4745],[99.0382,14.4747],[99.0382,14.4753],[99.0399,14.4753],[99.0393,14.4772]],[[99.0371,14.475],[99.0374,14.4753],[99.0374,14.475],[99.0371,14.475]]]}},{"type":"Feature","properties":{"kind":"flood","area_km2":0.058,"conf":"low","date":"2026-10-09"},"geometry":{"type":"Polygon","coordinates":[[[99.9714,14.3002],[99.972,14.2978],[99.9714,14.2978],[99.9711,14.2962],[99.9719,14.2962],[99.9719,14.2967],[99.9731,14.2967],[99.9731,14.2983],[99.9725,14.2989],[99.9725,14.3002],[99.9714,14.3002]]]}},{"type":"Feature","properties":{"kind":"flood","area_km2":0.057,"conf":"low","date":"2026-10-09"},"geometry":{"type":"Polygon","coordinates":[[[99.998,14.4059],[99.9986,14.4032],[99.9994,14.4032],[100.0,14.404],[100.0011,14.4037],[100.0008,14.4048],[99.9991,14.4048],[99.9994,14.4059],[99.998,14.4059]]]}},{"type":"Feature","properties":{"kind":"flood","area_km2":0.057,"conf":"low","date":"2026-10-09"},"geometry":{"type":"Polygon","coordinates":[[[99.9451,14.386],[99.9451,14.3839],[99.9439,14.3836],[99.9439,14.3831],[99.9426,14.3831],[99.9423,14.3836],[99.9403,14.3831],[99.9417,14.3828],[99.942,14.3814],[99.9423,14.3825],[99.9445,14.3825],[99.9448,14.3833],[99.9456,14.3833],[99.9456,14.386],[99.9451,14.386]]]}},{"type":"Feature","properties":{"kind":"flood","area_km2":0.057,"conf":"low","date":"2026-10-09"},"geometry":{"type":"Polygon","coordinates":[[[99.9799,14.2788],[99.9797,14.2766],[99.9813,14.2763],[99.9822,14.2777],[99.9822,14.2785],[99.9799,14.2788]]]}},{"type":"Feature","properties":{"kind":"flood","area_km2":0.057,"conf":"low","date":"2026-10-09"},"geometry":{"type":"Polygon","coordinates":[[[99.9807,14.1955],[99.9787,14.1955],[99.9785,14.1931],[99.9796,14.1931],[99.9807,14.1941],[99.9807,14.1955]]]}},{"type":"Feature","properties":{"kind":"flood","area_km2":0.056,"conf":"low","date":"2026-10-09"},"geometry":{"type":"Polygon","coordinates":[[[99.9695,15.0002],[99.97,14.9978],[99.972,14.9975],[99.9711,15.0002],[99.9695,15.0002]]]}},{"type":"Feature","properties":{"kind":"flood","area_km2":0.055,"conf":"low","date":"2026-10-09"},"geometry":{"type":"Polygon","coordinates":[[[99.9538,14.5995],[99.9532,14.5989],[99.9532,14.5981],[99.9549,14.5981],[99.9552,14.597],[99.9563,14.597],[99.9563,14.5989],[99.9538,14.5995]]]}},{"type":"Feature","properties":{"kind":"flood","area_km2":0.055,"conf":"low","date":"2026-10-09"},"geometry":{"type":"Polygon","coordinates":[[[99.9216,14.4298],[99.9221,14.4279],[99.9227,14.4279],[99.9227,14.4271],[99.9246,14.4271],[99.9244,14.4279],[99.9238,14.4279],[99.9238,14.4292],[99.9216,14.4298]]]}},{"type":"Feature","properties":{"kind":"flood","area_km2":0.054,"conf":"low","date":"2026-10-09"},"geometry":{"type":"Polygon","coordinates":[[[99.4766,14.7015],[99.4741,14.7013],[99.4738,14.6999],[99.4766,14.6999],[99.4769,14.701],[99.4766,14.7015]]]}},{"type":"Feature","properties":{"kind":"flood","area_km2":0.053,"conf":"low","date":"2026-10-09"},"geometry":{"type":"Polygon","coordinates":[[[99.9808,14.9652],[99.9808,14.9644],[99.9813,14.9644],[99.9813,14.9625],[99.983,14.9627],[99.983,14.9652],[99.9808,14.9652]]]}},{"type":"Feature","properties":{"kind":"flood","area_km2":0.053,"conf":"low","date":"2026-10-09"},"geometry":{"type":"Polygon","coordinates":[[[99.9589,14.4945],[99.9583,14.4937],[99.9583,14.4926],[99.9603,14.4926],[99.9608,14.4934],[99.9608,14.4945],[99.9589,14.4945]]]}},{"type":"Feature","properties":{"kind":"flood","area_km2":0.053,"conf":"low","date":"2026-10-09"},"geometry":{"type":"Polygon","coordinates":[[[99.9595,14.383],[99.9592,14.3806],[99.9603,14.3803],[99.9612,14.3811],[99.9615,14.3827],[99.9595,14.383]]]}},{"type":"Feature","properties":{"kind":"flood","area_km2":0.052,"conf":"low","date":"2026-10-09"},"geometry":{"type":"Polygon","coordinates":[[[99.98,14.4146],[99.9797,14.4136],[99.9802,14.4122],[99.9822,14.4127],[99.9819,14.4141],[99.98,14.4146]]]}},{"type":"Feature","properties":{"kind":"flood","area_km2":0.052,"conf":"high","date":"2026-10-09"},"geometry":{"type":"Polygon","coordinates":[[[99.982,14.2478],[99.9809,14.2473],[99.9809,14.2457],[99.9823,14.2457],[99.9826,14.2468],[99.984,14.247],[99.984,14.2478],[99.982,14.2478]]]}},{"type":"Feature","properties":{"kind":"flood","area_km2":0.052,"conf":"low","date":"2026-10-09"},"geometry":{"type":"Polygon","coordinates":[[[99.9791,14.2034],[99.9785,14.2028],[99.9774,14.2031],[99.9774,14.202],[99.9785,14.2017],[99.981,14.2023],[99.981,14.2031],[99.9791,14.2034]]]}},{"type":"Feature","properties":{"kind":"flood","area_km2":0.052,"conf":"low","date":"2026-10-09"},"geometry":{"type":"Polygon","coordinates":[[[99.9487,14.1929],[99.949,14.1907],[99.9481,14.1907],[99.9481,14.1899],[99.9495,14.1897],[99.9504,14.1921],[99.9498,14.1929],[99.9487,14.1929]]]}},{"type":"Feature","properties":{"kind":"flood","area_km2":0.052,"conf":"low","date":"2026-10-09"},"geometry":{"type":"Polygon","coordinates":[[[99.7929,14.0663],[99.7926,14.0657],[99.7906,14.0647],[99.7942,14.0644],[99.7943,14.0663],[99.7929,14.0663]]]}},{"type":"Feature","properties":{"kind":"flood","area_km2":0.051,"conf":"low","date":"2026-10-09"},"geometry":{"type":"Polygon","coordinates":[[[99.9841,14.9725],[99.9836,14.972],[99.9825,14.972],[99.9825,14.9709],[99.9841,14.9709],[99.9841,14.9703],[99.985,14.9703],[99.9853,14.9725],[99.9841,14.9725]]]}},{"type":"Feature","properties":{"kind":"flood","area_km2":0.051,"conf":"low","date":"2026-10-02"},"geometry":{"type":"Polygon","coordinates":[[[99.016,14.5764],[99.0157,14.5751],[99.0165,14.5745],[99.0174,14.5748],[99.0174,14.5737],[99.0168,14.5735],[99.0176,14.5735],[99.0176,14.5751],[99.0185,14.5751],[99.0182,14.5762],[99.016,14.5764]],[[99.0171,14.5759],[99.0174,14.5762],[99.0174,14.5759],[99.0171,14.5759]]]}},{"type":"Feature","properties":{"kind":"flood","area_km2":0.051,"conf":"low","date":"2026-10-09"},"geometry":{"type":"Polygon","coordinates":[[[99.985,14.4274],[99.9839,14.4263],[99.9836,14.4249],[99.9853,14.4249],[99.9853,14.4255],[99.9864,14.426],[99.9864,14.4268],[99.9859,14.4274],[99.985,14.4274]],[[99.985,14.4268],[99.9853,14.4271],[99.9853,14.4268],[99.985,14.4268]]]}},{"type":"Feature","properties":{"kind":"flood","area_km2":0.051,"conf":"low","date":"2026-10-09"},"geometry":{"type":"Polygon","coordinates":[[[99.9992,14.4227],[99.9998,14.4205],[100.0014,14.4205],[100.002,14.4211],[100.002,14.4219],[100.0009,14.4219],[100.0006,14.4227],[99.9992,14.4227]]]}},{"type":"Feature","properties":{"kind":"flood","area_km2":0.051,"conf":"high","date":"2026-10-09"},"geometry":{"type":"Polygon","coordinates":[[[99.9744,14.4022],[99.9743,14.4008],[99.9735,14.4006],[99.973,14.3998],[99.9752,14.3995],[99.9757,14.4],[99.9757,14.4019],[99.9744,14.4022]]]}},{"type":"Feature","properties":{"kind":"flood","area_km2":0.051,"conf":"low","date":"2026-10-09"},"geometry":{"type":"Polygon","coordinates":[[[99.9179,14.3501],[99.9171,14.349],[99.9171,14.3482],[99.9176,14.3476],[99.9176,14.3468],[99.9188,14.3465],[99.919,14.3482],[99.9185,14.3484],[99.9185,14.3501],[99.9179,14.3501]]]}},{"type":"Feature","properties":{"kind":"flood","area_km2":0.051,"conf":"low","date":"2026-10-09"},"geometry":{"type":"Polygon","coordinates":[[[99.9349,14.34],[99.9351,14.3381],[99.9379,14.3383],[99.9382,14.3375],[99.9379,14.3391],[99.9368,14.3389],[99.9365,14.3397],[99.9349,14.34]]]}},{"type":"Feature","properties":{"kind":"flood","area_km2":0.051,"conf":"high","date":"2026-10-09"},"geometry":{"type":"Polygon","coordinates":[[[99.8938,14.306],[99.8924,14.3057],[99.8922,14.3038],[99.8952,14.3038],[99.8952,14.3046],[99.8938,14.3046],[99.8938,14.306]]]}},{"type":"Feature","properties":{"kind":"flood","area_km2":0.05,"conf":"low","date":"2026-10-02"},"geometry":{"type":"Polygon","coordinates":[[[99.0798,14.7698],[99.079,14.7687],[99.0798,14.7687],[99.0801,14.7682],[99.0812,14.7679],[99.0809,14.7663],[99.082,14.766],[99.0823,14.7682],[99.0815,14.7679],[99.0807,14.7687],[99.0807,14.7698],[99.0798,14.7698]]]}},{"type":"Feature","properties":{"kind":"flood","area_km2":0.05,"conf":"high","date":"2026-10-09"},"geometry":{"type":"Polygon","coordinates":[[[99.9814,14.4873],[99.9811,14.4852],[99.9817,14.4846],[99.9825,14.4846],[99.9831,14.4857],[99.9828,14.4873],[99.9814,14.4873]]]}},{"type":"Feature","properties":{"kind":"flood","area_km2":0.05,"conf":"low","date":"2026-10-02"},"geometry":{"type":"Polygon","coordinates":[[[99.1504,14.4714],[99.1507,14.4709],[99.1526,14.4706],[99.1529,14.4693],[99.1543,14.4695],[99.1554,14.4706],[99.1554,14.4712],[99.1524,14.4709],[99.1515,14.4714],[99.1504,14.4714]]]}},{"type":"Feature","properties":{"kind":"flood","area_km2":0.05,"conf":"high","date":"2026-10-09"},"geometry":{"type":"Polygon","coordinates":[[[99.9075,14.3859],[99.9044,14.3857],[99.9044,14.3846],[99.9072,14.3843],[99.9075,14.3859]]]}},{"type":"Feature","properties":{"kind":"flood","area_km2":0.05,"conf":"low","date":"2026-10-09"},"geometry":{"type":"Polygon","coordinates":[[[99.9481,14.3152],[99.9481,14.3131],[99.9498,14.3131],[99.9498,14.3141],[99.9506,14.3141],[99.9506,14.3152],[99.9481,14.3152]]]}},{"type":"Feature","properties":{"kind":"flood","area_km2":0.05,"conf":"high","date":"2026-10-09"},"geometry":{"type":"Polygon","coordinates":[[[99.9704,14.2577],[99.9704,14.256],[99.9732,14.2557],[99.9732,14.2571],[99.9715,14.2571],[99.9712,14.2576],[99.9704,14.2577]]]}},{"type":"Feature","properties":{"kind":"seasonal","area_km2":3.547,"date":"2026-10-09"},"geometry":{"type":"Polygon","coordinates":[[[99.9855,14.3965],[99.9857,14.3935],[99.9846,14.3932],[99.984,14.3921],[99.9821,14.3916],[99.9818,14.3908],[99.9818,14.39],[99.9832,14.39],[99.9846,14.3891],[99.9835,14.3881],[99.9829,14.3886],[99.9807,14.3886],[99.9804,14.3881],[99.9799,14.3881],[99.9798,14.3864],[99.9807,14.3867],[99.9815,14.3856],[99.9815,14.3851],[99.9807,14.3851],[99.9807,14.384],[99.9826,14.384],[99.9835,14.3843],[99.984,14.3853],[99.9849,14.3853],[99.9851,14.3837],[99.9846,14.3834],[99.9846,14.3821],[99.9868,14.3821],[99.9873,14.3813],[99.9873,14.3802],[99.9898,14.3802],[99.9904,14.3812],[99.9904,14.3799],[99.989,14.3796],[99.989,14.3788],[99.9884,14.3785],[99.9884,14.3764],[99.9873,14.3764],[99.987,14.3758],[99.9876,14.3745],[99.9859,14.3742],[99.9859,14.375],[99.9865,14.3753],[99.9865,14.3769],[99.984,14.3769],[99.984,14.3777],[99.9851,14.3772],[99.9868,14.3772],[99.9868,14.3791],[99.984,14.3794],[99.984,14.3799],[99.9834,14.3802],[99.9846,14.3802],[99.9846,14.3818],[99.9832,14.3818],[99.9832,14.3802],[99.9818,14.3802],[99.9815,14.3783],[99.9779,14.3783],[99.9779,14.3778],[99.9773,14.3775],[99.9773,14.3759],[99.974,14.3756],[99.974,14.3748],[99.9734,14.3748],[99.9731,14.374],[99.9731,14.3732],[99.9739,14.3729],[99.9739,14.3718],[99.9745,14.3715],[99.9784,14.3715],[99.9778,14.3704],[99.9784,14.3702],[99.9784,14.3685],[99.9778,14.3683],[99.9778,14.3672],[99.9787,14.3672],[99.9795,14.3696],[99.9806,14.3699],[99.9812,14.3707],[99.9812,14.3699],[99.9817,14.3693],[99.9809,14.3694],[99.9806,14.3675],[99.9814,14.3675],[99.9817,14.3666],[99.9834,14.3669],[99.9839,14.3664],[99.9836,14.3639],[99.9831,14.3645],[99.982,14.3623],[99.98,14.3623],[99.98,14.3609],[99.982,14.3607],[99.9822,14.3593],[99.9845,14.3596],[99.9845,14.3601],[99.985,14.3604],[99.985,14.3617],[99.9839,14.3617],[99.9839,14.3628],[99.987,14.3628],[99.987,14.365],[99.9881,14.3647],[99.9881,14.3663],[99.9867,14.3666],[99.9867,14.3669],[99.9876,14.3669],[99.9876,14.3674],[99.9887,14.3685],[99.9898,14.3688],[99.9901,14.3696],[99.9909,14.3701],[99.9909,14.3715],[99.989,14.3715],[99.989,14.372],[99.9898,14.3723],[99.9898,14.3734],[99.9904,14.3737],[99.9904,14.3753],[99.9912,14.3755],[99.9915,14.3747],[99.994,14.3747],[99.994,14.3755],[99.9945,14.3755],[99.9946,14.3793],[99.994,14.3796],[99.9943,14.3812],[99.9921,14.3818],[99.9921,14.3831],[99.9893,14.3834],[99.9915,14.3837],[99.9918,14.385],[99.9926,14.385],[99.9924,14.3856],[99.9926,14.3864],[99.9913,14.3864],[99.9913,14.3856],[99.9904,14.3856],[99.9904,14.3864],[99.9899,14.3864],[99.9899,14.3902],[99.9888,14.3905],[99.9891,14.3913],[99.9899,14.3913],[99.9899,14.3929],[99.9882,14.3929],[99.9882,14.3926],[99.9879,14.3926],[99.988,14.3956],[99.9868,14.3959],[99.9866,14.3964],[99.9855,14.3965]],[[99.9874,14.3924],[99.9879,14.3926],[99.9879,14.3924],[99.9874,14.3924]],[[99.9854,14.3908],[99.986,14.3913],[99.986,14.3902],[99.9854,14.3908]],[[99.9849,14.3899],[99.9852,14.3902],[99.9852,14.3899],[99.9849,14.3899]],[[99.9851,14.3897],[99.9854,14.3899],[99.9854,14.3897],[99.9851,14.3897]],[[99.9887,14.3853],[99.989,14.3856],[99.989,14.3853],[99.9887,14.3853]],[[99.9921,14.3853],[99.9924,14.3856],[99.9924,14.3853],[99.9921,14.3853]],[[99.9887,14.385],[99.9893,14.3848],[99.989,14.3842],[99.9885,14.3845],[99.9887,14.385]],[[99.9823,14.3843],[99.9826,14.3845],[99.9826,14.3843],[99.9823,14.3843]],[[99.9904,14.3812],[99.9907,14.3818],[99.9907,14.3812],[99.9904,14.3812]],[[99.9804,14.3764],[99.9815,14.3761],[99.9812,14.375],[99.9801,14.375],[99.9804,14.3764]],[[99.9817,14.374],[99.9854,14.3739],[99.9854,14.3729],[99.9831,14.3729],[99.9831,14.3723],[99.9826,14.3723],[99.9826,14.3731],[99.9815,14.3731],[99.9817,14.374]],[[99.9856,14.3739],[99.9862,14.3737],[99.9862,14.3731],[99.9856,14.3734],[99.9856,14.3739]],[[99.9817,14.3715],[99.982,14.371],[99.9812,14.3707],[99.9812,14.371],[99.9817,14.3715]],[[99.9848,14.3715],[99.9859,14.371],[99.9856,14.3699],[99.9848,14.3704],[99.9848,14.3715]],[[99.9898,14.3709],[99.9901,14.3712],[99.9901,14.3709],[99.9898,14.3709]],[[99.9901,14.3707],[99.9904,14.3709],[99.9904,14.3707],[99.9901,14.3707]],[[99.9895,14.3704],[99.9898,14.3707],[99.9898,14.3704],[99.9895,14.3704]],[[99.9851,14.368],[99.9853,14.3682],[99.9853,14.368],[99.9851,14.368]],[[99.9831,14.3677],[99.9834,14.368],[99.9834,14.3677],[99.9831,14.3677]],[[99.9848,14.3677],[99.9851,14.368],[99.9851,14.3677],[99.9848,14.3677]],[[99.9828,14.3674],[99.9831,14.3677],[99.9831,14.3674],[99.9828,14.3674]],[[99.9851,14.3674],[99.9859,14.3677],[99.9859,14.3674],[99.9851,14.3674]],[[99.9859,14.3669],[99.9862,14.3674],[99.9862,14.3669],[99.9859,14.3669]],[[99.9864,14.3672],[99.987,14.3674],[99.987,14.3672],[99.9864,14.3672]],[[99.9839,14.3672],[99.9845,14.3669],[99.9845,14.3664],[99.9839,14.3666],[99.9839,14.3672]],[[99.9848,14.3666],[99.985,14.3669],[99.985,14.3666],[99.9848,14.3666]],[[99.9864,14.3663],[99.9867,14.3666],[99.9867,14.3663],[99.9864,14.3663]],[[99.9853,14.3645],[99.9859,14.3647],[99.9859,14.3644],[99.9853,14.3645]],[[99.9845,14.3645],[99.9853,14.3645],[99.9853,14.3639],[99.9845,14.3636],[99.9845,14.3645]]]}},{"type":"Feature","properties":{"kind":"seasonal","area_km2":2.429,"date":"2026-10-09"},"geometry":{"type":"Polygon","coordinates":[[[99.9283,14.4368],[99.9283,14.4363],[99.9275,14.4357],[99.9275,14.4344],[99.9238,14.4347],[99.9238,14.4341],[99.9233,14.4339],[99.923,14.4358],[99.9222,14.4358],[99.9219,14.435],[99.9205,14.435],[99.9208,14.4333],[99.9202,14.4333],[99.9199,14.4322],[99.9194,14.4322],[99.9194,14.4328],[99.9172,14.4333],[99.9169,14.4306],[99.9185,14.4301],[99.9183,14.4293],[99.918,14.4301],[99.9163,14.4301],[99.916,14.4296],[99.916,14.4285],[99.9174,14.4282],[99.9174,14.4274],[99.9169,14.4274],[99.9166,14.4268],[99.9166,14.4258],[99.9155,14.426],[99.9157,14.4266],[99.9152,14.4277],[99.9138,14.4277],[99.9132,14.4271],[99.9132,14.4263],[99.9143,14.4263],[99.9138,14.4252],[99.9146,14.4252],[99.9152,14.4247],[99.9168,14.4244],[99.9168,14.4258],[99.9185,14.4257],[99.9174,14.4252],[99.9171,14.4239],[99.9196,14.4214],[99.9196,14.4209],[99.9207,14.4209],[99.9204,14.4198],[99.9227,14.4176],[99.9227,14.4168],[99.9238,14.416],[99.9243,14.4149],[99.9252,14.4149],[99.9252,14.4154],[99.9257,14.4157],[99.926,14.4178],[99.9268,14.4181],[99.9268,14.4192],[99.9274,14.4195],[99.9274,14.4206],[99.9263,14.4208],[99.9263,14.4214],[99.9282,14.4216],[99.9285,14.4238],[99.9296,14.4243],[99.9296,14.4252],[99.9319,14.4249],[99.9316,14.4265],[99.9324,14.4268],[99.9324,14.4284],[99.9319,14.4284],[99.931,14.4276],[99.9305,14.4276],[99.9302,14.4265],[99.9299,14.4276],[99.9302,14.4281],[99.9313,14.4284],[99.9313,14.4292],[99.9322,14.4298],[99.9322,14.4308],[99.9316,14.4311],[99.9316,14.4317],[99.9308,14.4317],[99.9305,14.433],[99.9294,14.433],[99.9294,14.4341],[99.9311,14.4341],[99.9311,14.4357],[99.9297,14.4368],[99.9283,14.4368]],[[99.9205,14.4317],[99.9227,14.4317],[99.9227,14.4314],[99.9222,14.4309],[99.9208,14.4312],[99.9205,14.4317]],[[99.9216,14.4298],[99.9238,14.4292],[99.9238,14.4279],[99.9244,14.4279],[99.9246,14.4271],[99.9227,14.4271],[99.9227,14.4279],[99.9221,14.4279],[99.9216,14.4298]],[[99.9274,14.4281],[99.9283,14.4284],[99.9283,14.4281],[99.9274,14.4281]],[[99.9138,14.4268],[99.9141,14.4271],[99.9141,14.4268],[99.9138,14.4268]],[[99.9199,14.4271],[99.921,14.4271],[99.9205,14.4268],[99.9205,14.4247],[99.9199,14.4271]],[[99.9258,14.4268],[99.9263,14.4271],[99.9263,14.4268],[99.9258,14.4268]],[[99.9149,14.4258],[99.9152,14.426],[99.9152,14.4258],[99.9149,14.4258]],[[99.9152,14.4255],[99.9155,14.4258],[99.9155,14.4255],[99.9152,14.4255]],[[99.9244,14.4249],[99.9249,14.4246],[99.9249,14.4238],[99.9241,14.4244],[99.9244,14.4249]],[[99.9205,14.4233],[99.9207,14.4241],[99.9207,14.4233],[99.9205,14.4233]],[[99.9216,14.4208],[99.9243,14.4208],[99.9243,14.4206],[99.9216,14.4203],[99.9216,14.4208]]]}},{"type":"Feature","properties":{"kind":"seasonal","area_km2":2.348,"date":"2026-10-09"},"geometry":{"type":"Polygon","coordinates":[[[99.9389,14.3006],[99.9389,14.299],[99.9377,14.299],[99.9375,14.2952],[99.9383,14.2944],[99.9375,14.2939],[99.9374,14.2928],[99.9388,14.2922],[99.9388,14.2944],[99.9408,14.2944],[99.9405,14.2949],[99.9411,14.2955],[99.9416,14.2952],[99.9416,14.2947],[99.9411,14.2944],[99.9413,14.293],[99.9419,14.293],[99.9422,14.2938],[99.9422,14.293],[99.9427,14.2925],[99.9405,14.2928],[99.9405,14.2919],[99.9416,14.2914],[99.9444,14.2919],[99.9444,14.2914],[99.9436,14.2914],[99.9436,14.2908],[99.9405,14.2909],[99.9399,14.2914],[99.9391,14.2911],[99.938,14.292],[99.9372,14.292],[99.9372,14.2911],[99.9366,14.2911],[99.9363,14.2906],[99.9363,14.2911],[99.936,14.2911],[99.9361,14.2917],[99.9366,14.292],[99.9366,14.2925],[99.9358,14.2925],[99.9355,14.2933],[99.9347,14.2936],[99.935,14.295],[99.9341,14.2947],[99.9344,14.2958],[99.933,14.2958],[99.9336,14.2971],[99.933,14.2969],[99.9325,14.2971],[99.9325,14.2977],[99.9316,14.2977],[99.9316,14.2955],[99.9322,14.2944],[99.933,14.2939],[99.9327,14.2928],[99.9333,14.2925],[99.9333,14.292],[99.9341,14.292],[99.9338,14.2906],[99.9347,14.2906],[99.9344,14.2893],[99.9338,14.2887],[99.9335,14.2893],[99.9324,14.2893],[99.9319,14.2885],[99.9321,14.2879],[99.9338,14.2884],[99.9338,14.2879],[99.9333,14.2879],[99.9332,14.2865],[99.9341,14.2857],[99.933,14.2855],[99.933,14.2871],[99.9321,14.2874],[99.9327,14.2836],[99.9332,14.283],[99.9343,14.283],[99.9346,14.2819],[99.9357,14.2819],[99.936,14.2814],[99.9396,14.2816],[99.9402,14.2822],[99.9421,14.2827],[99.9424,14.2833],[99.9438,14.2833],[99.9449,14.2843],[99.9452,14.286],[99.946,14.286],[99.948,14.2878],[99.9483,14.2908],[99.9472,14.2916],[99.9469,14.2941],[99.9475,14.293],[99.9502,14.293],[99.9505,14.2941],[99.95,14.2981],[99.9464,14.2982],[99.9464,14.2973],[99.9458,14.2971],[99.945,14.2974],[99.9447,14.2987],[99.9436,14.2987],[99.9436,14.2982],[99.9425,14.2976],[99.9425,14.2995],[99.9414,14.3001],[99.9405,14.2998],[99.9403,14.3006],[99.9389,14.3006]],[[99.9394,14.2974],[99.9397,14.2976],[99.9397,14.2974],[99.9394,14.2974]],[[99.9472,14.2973],[99.9478,14.2976],[99.9478,14.2973],[99.9472,14.2973]],[[99.9461,14.2971],[99.9472,14.2971],[99.9461,14.2968],[99.9461,14.2971]],[[99.9447,14.2968],[99.945,14.2971],[99.945,14.2968],[99.9447,14.2968]],[[99.945,14.2965],[99.9453,14.2968],[99.9452,14.2965],[99.945,14.2965]],[[99.943,14.2955],[99.9433,14.2957],[99.9433,14.2955],[99.943,14.2955]],[[99.9336,14.2933],[99.9338,14.2936],[99.9338,14.2933],[99.9336,14.2933]],[[99.9333,14.2928],[99.9336,14.2933],[99.9336,14.2928],[99.9333,14.2928]],[[99.9436,14.293],[99.9441,14.2933],[99.9441,14.293],[99.9436,14.293]],[[99.9341,14.292],[99.9344,14.2922],[99.9344,14.292],[99.9341,14.292]],[[99.9352,14.2906],[99.9355,14.2914],[99.9355,14.2906],[99.9352,14.2906]],[[99.9358,14.2906],[99.936,14.2911],[99.936,14.2906],[99.9358,14.2906]],[[99.9355,14.2906],[99.9363,14.2903],[99.9363,14.2901],[99.9355,14.2901],[99.9355,14.2906]],[[99.9394,14.289],[99.9397,14.2892],[99.9397,14.289],[99.9394,14.289]],[[99.9341,14.2887],[99.9352,14.289],[99.9352,14.2879],[99.9346,14.2876],[99.9352,14.2876],[99.9355,14.2871],[99.9369,14.2871],[99.9355,14.2868],[99.9349,14.2863],[99.9349,14.2838],[99.9341,14.2841],[99.9346,14.2844],[99.9341,14.286],[99.9341,14.2887]],[[99.9369,14.2887],[99.9388,14.289],[99.9388,14.2879],[99.9377,14.2868],[99.9371,14.2868],[99.9369,14.2887]],[[99.9397,14.2882],[99.9402,14.2879],[99.9402,14.2873],[99.9394,14.2876],[99.9397,14.2882]],[[99.943,14.2881],[99.9435,14.2881],[99.9438,14.2876],[99.943,14.2873],[99.943,14.2881]],[[99.9388,14.2876],[99.9394,14.2876],[99.9391,14.2868],[99.9388,14.2868],[99.9388,14.2876]],[[99.9374,14.2852],[99.938,14.2852],[99.9382,14.2846],[99.938,14.2838],[99.9371,14.2844],[99.9374,14.2852]],[[99.9327,14.2847],[99.933,14.2849],[99.933,14.2847],[99.9327,14.2847]],[[99.933,14.2844],[99.9332,14.2847],[99.9332,14.2844],[99.933,14.2844]],[[99.9374,14.2836],[99.938,14.2835],[99.938,14.2827],[99.9374,14.283],[99.9374,14.2836]],[[99.9382,14.2827],[99.9388,14.2825],[99.9385,14.2819],[99.938,14.2822],[99.9382,14.2827]]]}},{"type":"Feature","properties":{"kind":"seasonal","area_km2":2.258,"date":"2026-10-09"},"geometry":{"type":"Polygon","coordinates":[[[99.9465,14.3928],[99.9465,14.3915],[99.9459,14.392],[99.9443,14.392],[99.9434,14.389],[99.9437,14.3874],[99.9428,14.3874],[99.9428,14.3858],[99.9414,14.3858],[99.9417,14.3836],[99.9423,14.3836],[99.9426,14.3831],[99.9439,14.3831],[99.9439,14.3836],[99.9451,14.3839],[99.9451,14.386],[99.9456,14.386],[99.9456,14.3833],[99.9448,14.3833],[99.9445,14.3825],[99.9423,14.3825],[99.942,14.3814],[99.9417,14.3828],[99.9406,14.3828],[99.9403,14.3833],[99.9389,14.3836],[99.9389,14.3817],[99.9398,14.3809],[99.9398,14.3787],[99.9411,14.379],[99.9414,14.3801],[99.9417,14.3793],[99.9434,14.379],[99.9439,14.3785],[99.9439,14.3771],[99.9459,14.3768],[99.9456,14.3755],[99.9481,14.3749],[99.9486,14.376],[99.9486,14.3773],[99.9475,14.3776],[99.9473,14.3782],[99.9487,14.3782],[99.9489,14.3792],[99.9498,14.3798],[99.9498,14.379],[99.9489,14.3779],[99.9489,14.3757],[99.9495,14.376],[99.9498,14.3754],[99.9531,14.3752],[99.9531,14.3762],[99.9537,14.3762],[99.9536,14.3757],[99.9548,14.3752],[99.955,14.3776],[99.9556,14.3776],[99.9556,14.3789],[99.9545,14.379],[99.9545,14.3795],[99.9548,14.3803],[99.9559,14.38],[99.9559,14.3814],[99.9553,14.3814],[99.9553,14.3825],[99.9556,14.3844],[99.9565,14.3849],[99.9568,14.3882],[99.9554,14.3882],[99.9554,14.3871],[99.9534,14.3871],[99.9534,14.3865],[99.9526,14.3863],[99.952,14.3874],[99.9545,14.3876],[99.9545,14.3893],[99.952,14.3895],[99.9515,14.3901],[99.9498,14.3901],[99.9498,14.3879],[99.9492,14.3879],[99.9495,14.3849],[99.949,14.3849],[99.9484,14.3885],[99.949,14.3887],[99.949,14.3901],[99.9484,14.3901],[99.9484,14.3912],[99.9479,14.3912],[99.9479,14.3928],[99.9465,14.3928]],[[99.9503,14.3836],[99.9506,14.3838],[99.9506,14.3836],[99.9503,14.3836]],[[99.9503,14.3822],[99.9506,14.3825],[99.9506,14.3822],[99.9503,14.3822]],[[99.9484,14.3814],[99.9487,14.3817],[99.9487,14.3814],[99.9484,14.3814]],[[99.9495,14.3811],[99.9501,14.3806],[99.9492,14.3803],[99.9492,14.3809],[99.9495,14.3811]],[[99.9414,14.3806],[99.9417,14.3809],[99.9417,14.3806],[99.9414,14.3806]],[[99.9512,14.3803],[99.9514,14.3806],[99.9514,14.3803],[99.9512,14.3803]],[[99.9492,14.3798],[99.9495,14.3801],[99.9495,14.3798],[99.9492,14.3798]],[[99.9534,14.3771],[99.9539,14.3771],[99.9539,14.3765],[99.9534,14.3765],[99.9534,14.3771]]]}},{"type":"Feature","properties":{"kind":"seasonal","area_km2":1.813,"date":"2026-10-09"},"geometry":{"type":"Polygon","coordinates":[[[99.943,14.3625],[99.9419,14.3616],[99.9419,14.3603],[99.9427,14.3597],[99.943,14.3589],[99.9436,14.3589],[99.9436,14.3581],[99.9422,14.3584],[99.9422,14.357],[99.9444,14.3568],[99.9444,14.3573],[99.9455,14.3581],[99.9455,14.3576],[99.9461,14.3576],[99.9455,14.3538],[99.9435,14.354],[99.9441,14.3546],[99.9438,14.3565],[99.9422,14.3565],[99.9422,14.3559],[99.9419,14.3565],[99.9405,14.3565],[99.9405,14.356],[99.9394,14.356],[99.9394,14.3551],[99.9355,14.3552],[99.9352,14.3557],[99.9344,14.3557],[99.9338,14.3554],[99.9338,14.3544],[99.9333,14.3549],[99.9294,14.3549],[99.9294,14.3536],[99.9321,14.353],[99.9321,14.3522],[99.9316,14.3522],[99.9316,14.3506],[99.9321,14.3503],[99.9299,14.3503],[99.9299,14.3484],[99.9313,14.3484],[99.9313,14.3489],[99.9346,14.3487],[99.9352,14.3489],[99.9352,14.3506],[99.9346,14.3506],[99.9349,14.3516],[99.936,14.3519],[99.9366,14.3516],[99.9366,14.3511],[99.938,14.3511],[99.938,14.3524],[99.9394,14.353],[99.9394,14.3524],[99.9405,14.3519],[99.9405,14.35],[99.9396,14.3497],[99.9396,14.3478],[99.9405,14.3478],[99.9405,14.3494],[99.9421,14.3497],[99.9432,14.3492],[99.9432,14.3483],[99.9444,14.3478],[99.9443,14.347],[99.9455,14.347],[99.9457,14.3486],[99.9452,14.3492],[99.9457,14.3492],[99.9471,14.3483],[99.9468,14.3456],[99.9482,14.3456],[99.9494,14.3478],[99.9505,14.3478],[99.9505,14.3499],[99.9499,14.3499],[99.9502,14.3521],[99.9524,14.3527],[99.9524,14.354],[99.9516,14.3546],[99.9505,14.3546],[99.9505,14.3559],[99.9499,14.3559],[99.9494,14.357],[99.948,14.357],[99.9477,14.3592],[99.9472,14.3597],[99.9458,14.3597],[99.9455,14.3616],[99.945,14.3616],[99.9441,14.3624],[99.943,14.3625]],[[99.9452,14.3589],[99.9455,14.3592],[99.9455,14.3589],[99.9452,14.3589]],[[99.9469,14.3589],[99.9472,14.3592],[99.9472,14.3589],[99.9469,14.3589]],[[99.9477,14.3562],[99.948,14.357],[99.948,14.3562],[99.9477,14.3562]],[[99.9355,14.3543],[99.936,14.3543],[99.936,14.3535],[99.9355,14.3535],[99.9355,14.3543]],[[99.9422,14.3538],[99.9427,14.354],[99.9427,14.3538],[99.9422,14.3538]],[[99.9338,14.3527],[99.9344,14.353],[99.9344,14.3527],[99.9338,14.3527]],[[99.933,14.3525],[99.9338,14.3527],[99.9338,14.3525],[99.933,14.3525]],[[99.9344,14.3527],[99.9349,14.3527],[99.9349,14.3522],[99.9344,14.3522],[99.9344,14.3527]],[[99.9455,14.3524],[99.9458,14.3527],[99.9458,14.3524],[99.9455,14.3524]],[[99.9413,14.3516],[99.9416,14.3522],[99.9416,14.3516],[99.9413,14.3516]],[[99.9446,14.3511],[99.9452,14.3519],[99.9452,14.3511],[99.9446,14.3511]],[[99.9477,14.3516],[99.948,14.3519],[99.948,14.3516],[99.9477,14.3516]],[[99.9416,14.3516],[99.9427,14.3516],[99.9427,14.3513],[99.9416,14.3511],[99.9416,14.3516]],[[99.933,14.3511],[99.9341,14.3511],[99.9341,14.3506],[99.9327,14.3506],[99.933,14.3511]],[[99.9466,14.351],[99.9477,14.351],[99.9477,14.3508],[99.9469,14.3505],[99.9466,14.351]],[[99.9494,14.3491],[99.9496,14.3494],[99.9496,14.3491],[99.9494,14.3491]],[[99.9496,14.3489],[99.9499,14.3491],[99.9499,14.3489],[99.9496,14.3489]]]}},{"type":"Feature","properties":{"kind":"seasonal","area_km2":1.778,"date":"2026-10-09"},"geometry":{"type":"Polygon","coordinates":[[[99.9473,14.315],[99.9448,14.3147],[99.9442,14.3134],[99.942,14.3134],[99.942,14.3123],[99.9403,14.3126],[99.9403,14.3107],[99.9386,14.3107],[99.9389,14.309],[99.9372,14.309],[99.9372,14.3077],[99.9381,14.3077],[99.9381,14.3063],[99.9392,14.3061],[99.9389,14.3052],[99.9375,14.3058],[99.9372,14.3063],[99.9342,14.3063],[99.9342,14.3055],[99.9347,14.305],[99.9339,14.3044],[99.9339,14.3031],[99.9344,14.3028],[99.9344,14.3015],[99.9355,14.3015],[99.9353,14.3009],[99.9358,14.3004],[99.9344,14.3001],[99.9341,14.3006],[99.9333,14.3007],[99.9333,14.299],[99.935,14.299],[99.9355,14.2979],[99.9369,14.2979],[99.9372,14.3009],[99.9392,14.302],[99.94,14.302],[99.9403,14.3009],[99.9428,14.3001],[99.943,14.2995],[99.9441,14.2995],[99.9439,14.3009],[99.9455,14.3006],[99.9447,14.302],[99.9447,14.3028],[99.9464,14.3028],[99.9464,14.3022],[99.9458,14.302],[99.9458,14.3006],[99.9467,14.3001],[99.9472,14.299],[99.9475,14.3003],[99.9483,14.3001],[99.9483,14.2987],[99.9497,14.2987],[99.9508,14.2995],[99.9511,14.3019],[99.9494,14.3019],[99.9494,14.3025],[99.9483,14.3033],[99.9486,14.3057],[99.9481,14.3068],[99.9472,14.3074],[99.9467,14.3085],[99.9453,14.3082],[99.9453,14.3087],[99.9467,14.3087],[99.9472,14.3093],[99.9473,14.3104],[99.9489,14.3104],[99.9495,14.3112],[99.95,14.3112],[99.95,14.3128],[99.9481,14.3131],[99.9481,14.3123],[99.9478,14.3117],[99.9473,14.3117],[99.9473,14.3109],[99.9459,14.3109],[99.9461,14.312],[99.9467,14.312],[99.9467,14.3128],[99.9464,14.3128],[99.9464,14.3136],[99.947,14.3133],[99.9473,14.3139],[99.9473,14.315]],[[99.9462,14.3136],[99.9464,14.3139],[99.9464,14.3136],[99.9462,14.3136]],[[99.9459,14.3131],[99.9462,14.3136],[99.9462,14.3131],[99.9459,14.3131]],[[99.9462,14.3125],[99.9464,14.3128],[99.9464,14.3125],[99.9462,14.3125]],[[99.9439,14.3123],[99.9445,14.3117],[99.9442,14.3112],[99.9439,14.3112],[99.9439,14.3123]],[[99.9403,14.3107],[99.9414,14.3107],[99.9414,14.3098],[99.9406,14.3101],[99.9403,14.3107]],[[99.942,14.3093],[99.9422,14.3088],[99.9439,14.309],[99.9439,14.3082],[99.9431,14.3082],[99.9431,14.3077],[99.942,14.3077],[99.9414,14.3088],[99.942,14.3093]],[[99.9395,14.3074],[99.9406,14.3071],[99.9406,14.3066],[99.9392,14.3066],[99.9395,14.3074]],[[99.945,14.3068],[99.9453,14.3071],[99.9453,14.3068],[99.945,14.3068]],[[99.9431,14.305],[99.9436,14.305],[99.9436,14.3036],[99.9444,14.3036],[99.9444,14.3025],[99.9425,14.3031],[99.9425,14.3036],[99.9431,14.3039],[99.9431,14.305]],[[99.9397,14.3044],[99.94,14.3047],[99.94,14.3044],[99.9397,14.3044]],[[99.9369,14.3044],[99.9375,14.3044],[99.9375,14.3039],[99.9369,14.3039],[99.9369,14.3044]],[[99.9447,14.3041],[99.9453,14.3044],[99.9453,14.3041],[99.9447,14.3041]],[[99.9353,14.3042],[99.9358,14.3039],[99.9355,14.3028],[99.9347,14.3031],[99.9353,14.3042]],[[99.9478,14.3039],[99.9481,14.3041],[99.9481,14.3038],[99.9478,14.3039]],[[99.9503,14.3009],[99.9506,14.3014],[99.9506,14.3009],[99.9503,14.3009]]]}},{"type":"Feature","properties":{"kind":"seasonal","area_km2":1.71,"date":"2026-10-09"},"geometry":{"type":"Polygon","coordinates":[[[99.9584,14.3762],[99.9567,14.3749],[99.9553,14.3746],[99.9553,14.3741],[99.9542,14.373],[99.9525,14.373],[99.952,14.3719],[99.952,14.3703],[99.9525,14.37],[99.9525,14.3695],[99.9547,14.3695],[99.9547,14.3689],[99.9503,14.3695],[99.9503,14.3678],[99.9525,14.3678],[99.9525,14.3673],[99.9517,14.3673],[99.9508,14.3659],[99.9508,14.3646],[99.9517,14.364],[99.9516,14.3621],[99.9511,14.3619],[99.9511,14.3608],[99.9516,14.3605],[99.9516,14.36],[99.9533,14.3602],[99.9533,14.3589],[99.9547,14.3589],[99.9547,14.36],[99.9561,14.3602],[99.9553,14.36],[99.9552,14.3581],[99.9566,14.3581],[99.9566,14.3567],[99.9583,14.3567],[99.9583,14.3586],[99.9589,14.3589],[99.9589,14.3602],[99.9603,14.3605],[99.9603,14.3637],[99.9605,14.3624],[99.9611,14.3624],[99.9611,14.3605],[99.9625,14.3605],[99.9625,14.3624],[99.9636,14.3626],[99.9636,14.364],[99.9625,14.3643],[99.9622,14.3654],[99.9603,14.3651],[99.9603,14.3665],[99.9597,14.367],[99.9597,14.3697],[99.9617,14.3697],[99.9623,14.3721],[99.9603,14.3724],[99.9603,14.3732],[99.9595,14.3732],[99.9606,14.374],[99.9606,14.3754],[99.9598,14.3754],[99.9595,14.3762],[99.9584,14.3762]],[[99.9584,14.3722],[99.9589,14.3722],[99.9589,14.3719],[99.9584,14.3716],[99.9584,14.3722]],[[99.9592,14.3716],[99.9595,14.3722],[99.9595,14.3716],[99.9592,14.3716]],[[99.9567,14.3716],[99.9575,14.3713],[99.957,14.3708],[99.9572,14.37],[99.9564,14.3703],[99.9567,14.3716]],[[99.9589,14.3716],[99.9592,14.3711],[99.9586,14.3708],[99.9586,14.3713],[99.9589,14.3716]],[[99.9561,14.3695],[99.9578,14.3694],[99.9578,14.3689],[99.9561,14.3689],[99.9561,14.3695]],[[99.9581,14.3689],[99.9584,14.3692],[99.9584,14.3689],[99.9581,14.3689]],[[99.9592,14.3675],[99.9595,14.3678],[99.9595,14.3675],[99.9592,14.3675]],[[99.9542,14.3673],[99.9547,14.3654],[99.9553,14.3654],[99.9547,14.3643],[99.9539,14.3643],[99.9542,14.3673]],[[99.9567,14.3673],[99.9578,14.3673],[99.9578,14.367],[99.9569,14.3667],[99.9567,14.3673]],[[99.9556,14.3662],[99.9558,14.3665],[99.9558,14.3662],[99.9556,14.3662]],[[99.9558,14.3659],[99.9561,14.3662],[99.9561,14.3659],[99.9558,14.3659]],[[99.9581,14.3651],[99.9583,14.3654],[99.9583,14.3651],[99.9581,14.3651]],[[99.9567,14.3638],[99.9575,14.3638],[99.9575,14.3627],[99.9555,14.3629],[99.9567,14.3632],[99.9567,14.3638]],[[99.9622,14.3629],[99.9631,14.3632],[99.9631,14.3629],[99.9622,14.3629]],[[99.9614,14.3629],[99.9619,14.3626],[99.9617,14.3621],[99.9614,14.3621],[99.9614,14.3629]]]}},{"type":"Feature","properties":{"kind":"seasonal","area_km2":1.534,"date":"2026-10-09"},"geometry":{"type":"Polygon","coordinates":[[[99.9609,14.4421],[99.9614,14.441],[99.9614,14.438],[99.9609,14.437],[99.9614,14.437],[99.9614,14.4362],[99.96,14.4359],[99.9595,14.4332],[99.9581,14.4321],[99.9578,14.4307],[99.9586,14.4307],[99.9586,14.4302],[99.9575,14.4302],[99.9567,14.4291],[99.9567,14.4278],[99.9572,14.4278],[99.9575,14.4272],[99.9586,14.4272],[99.9586,14.4264],[99.9594,14.4259],[99.9591,14.424],[99.9605,14.4239],[99.9605,14.4245],[99.9611,14.4245],[99.9611,14.4258],[99.9622,14.4269],[99.9625,14.4291],[99.9606,14.4291],[99.9606,14.4283],[99.9589,14.4283],[99.9589,14.4297],[99.9614,14.4296],[99.962,14.4307],[99.9628,14.4307],[99.9625,14.4329],[99.9631,14.4345],[99.9636,14.4345],[99.9636,14.4334],[99.9653,14.4337],[99.9653,14.435],[99.9642,14.4351],[99.9642,14.4361],[99.9675,14.4356],[99.9678,14.434],[99.9675,14.4326],[99.965,14.4323],[99.9647,14.4329],[99.9634,14.4329],[99.9631,14.4307],[99.9645,14.4307],[99.9647,14.4313],[99.9656,14.4307],[99.9672,14.4307],[99.9678,14.4312],[99.9678,14.4323],[99.9686,14.4326],[99.9686,14.4321],[99.9695,14.432],[99.9695,14.4326],[99.9703,14.4326],[99.9709,14.4334],[99.9709,14.4348],[99.9703,14.435],[99.9712,14.4353],[99.9712,14.4386],[99.9728,14.4383],[99.9739,14.4366],[99.9759,14.4364],[99.9762,14.4347],[99.977,14.4347],[99.977,14.4358],[99.9778,14.4358],[99.9778,14.4372],[99.9773,14.4372],[99.977,14.4377],[99.9756,14.4377],[99.9756,14.4393],[99.9734,14.4394],[99.9734,14.4404],[99.9729,14.4407],[99.9717,14.4407],[99.9715,14.4399],[99.9706,14.4394],[99.9701,14.4399],[99.9701,14.4415],[99.9692,14.4415],[99.9687,14.4402],[99.9681,14.4402],[99.9681,14.4396],[99.9673,14.4394],[99.9659,14.4397],[99.9664,14.4399],[99.9664,14.4407],[99.9656,14.4418],[99.9609,14.4421]],[[99.9637,14.4402],[99.9639,14.4405],[99.9639,14.4402],[99.9637,14.4402]],[[99.9631,14.4394],[99.9637,14.4402],[99.9637,14.4394],[99.9631,14.4394]],[[99.9656,14.4388],[99.9659,14.4391],[99.9659,14.4388],[99.9656,14.4388]],[[99.9628,14.4386],[99.9631,14.438],[99.9637,14.438],[99.9634,14.4367],[99.9628,14.437],[99.9628,14.4386]],[[99.9609,14.4348],[99.9611,14.4351],[99.9611,14.4348],[99.9609,14.4348]],[[99.9606,14.4343],[99.9609,14.4348],[99.9609,14.4343],[99.9606,14.4343]]]}},{"type":"Feature","properties":{"kind":"seasonal","area_km2":1.458,"date":"2026-10-09"},"geometry":{"type":"Polygon","coordinates":[[[99.3996,14.6415],[99.3996,14.6388],[99.4007,14.6388],[99.401,14.6393],[99.4015,14.639],[99.4013,14.6385],[99.4004,14.6385],[99.4004,14.635],[99.4013,14.635],[99.4018,14.6328],[99.4026,14.6328],[99.4021,14.6322],[99.4029,14.6322],[99.4029,14.6328],[99.4043,14.6325],[99.4051,14.6312],[99.4043,14.6309],[99.4043,14.6303],[99.4054,14.6293],[99.4035,14.6293],[99.4035,14.6271],[99.4051,14.6263],[99.4046,14.6236],[99.4032,14.623],[99.4035,14.6206],[99.4085,14.6211],[99.4085,14.6236],[99.4079,14.6257],[99.4088,14.6268],[99.4101,14.6271],[99.4107,14.6276],[99.4107,14.6287],[99.4113,14.629],[99.4113,14.6301],[99.4118,14.6303],[99.4121,14.6314],[99.4118,14.632],[99.4124,14.632],[99.4127,14.6333],[99.4118,14.6339],[99.411,14.6355],[99.4107,14.6355],[99.4107,14.6352],[99.4104,14.6352],[99.4104,14.6358],[99.4093,14.6358],[99.4085,14.6368],[99.4068,14.6369],[99.4068,14.6374],[99.406,14.6374],[99.4052,14.6382],[99.4038,14.6385],[99.4035,14.6388],[99.4035,14.6393],[99.4024,14.6401],[99.4021,14.6412],[99.4013,14.6409],[99.401,14.6415],[99.3996,14.6415]],[[99.4032,14.6388],[99.4035,14.6382],[99.404,14.6382],[99.404,14.6363],[99.4052,14.6366],[99.4054,14.6371],[99.406,14.6369],[99.404,14.6358],[99.4032,14.6369],[99.4032,14.6388]],[[99.4063,14.6371],[99.4068,14.6369],[99.4065,14.6363],[99.4063,14.6363],[99.4063,14.6371]],[[99.4099,14.6349],[99.4104,14.6352],[99.4104,14.6349],[99.4099,14.6349]],[[99.4099,14.6311],[99.4102,14.6314],[99.4102,14.6311],[99.4099,14.6311]],[[99.4063,14.6309],[99.4065,14.6312],[99.4065,14.6309],[99.4063,14.6309]],[[99.4074,14.6309],[99.4079,14.6312],[99.4079,14.6309],[99.4074,14.6309]],[[99.4102,14.6309],[99.4104,14.6311],[99.4104,14.6309],[99.4102,14.6309]],[[99.4068,14.6306],[99.4071,14.6309],[99.4071,14.6306],[99.4068,14.6306]],[[99.4054,14.629],[99.4057,14.6293],[99.4057,14.629],[99.4054,14.629]],[[99.4049,14.6287],[99.4054,14.629],[99.4054,14.6287],[99.4049,14.6287]],[[99.4048,14.623],[99.4051,14.6236],[99.4051,14.623],[99.4048,14.623]],[[99.404,14.6228],[99.4043,14.623],[99.4043,14.6228],[99.404,14.6228]]]}},{"type":"Feature","properties":{"kind":"seasonal","area_km2":1.067,"date":"2026-10-02"},"geometry":{"type":"Polygon","coordinates":[[[99.0012,14.6136],[99.0012,14.6128],[98.9998,14.6128],[98.9998,14.6112],[99.0004,14.6112],[99.0004,14.6106],[99.0012,14.6101],[99.0009,14.609],[99.0015,14.609],[99.0023,14.6082],[99.002,14.6071],[99.0048,14.6074],[99.0045,14.606],[99.004,14.6057],[99.004,14.6038],[99.0054,14.6036],[99.0051,14.6038],[99.0054,14.6049],[99.0054,14.6041],[99.0065,14.6038],[99.0068,14.6033],[99.0084,14.6033],[99.0093,14.6022],[99.0112,14.6028],[99.0118,14.6017],[99.0126,14.6017],[99.0137,14.6009],[99.0135,14.5984],[99.0121,14.5981],[99.0121,14.5971],[99.0132,14.5965],[99.0132,14.5957],[99.0146,14.5957],[99.0146,14.5962],[99.0154,14.5965],[99.0157,14.5949],[99.0162,14.5943],[99.0171,14.5943],[99.0176,14.5952],[99.0185,14.5949],[99.0185,14.5938],[99.0179,14.5933],[99.016,14.5935],[99.0162,14.5911],[99.0143,14.5908],[99.0143,14.5889],[99.0176,14.5889],[99.0179,14.5884],[99.0196,14.5881],[99.0204,14.587],[99.0204,14.5859],[99.0215,14.5849],[99.0207,14.5832],[99.0207,14.5821],[99.0176,14.5824],[99.0176,14.5811],[99.0196,14.5792],[99.0196,14.5778],[99.0201,14.577],[99.0201,14.5759],[99.0193,14.5751],[99.0176,14.5751],[99.0176,14.5735],[99.0182,14.5724],[99.019,14.5718],[99.019,14.5707],[99.0165,14.5708],[99.0165,14.5694],[99.0171,14.5694],[99.0165,14.5691],[99.0165,14.5686],[99.0176,14.5686],[99.0176,14.5697],[99.0171,14.5697],[99.0171,14.5702],[99.021,14.5699],[99.021,14.5705],[99.0204,14.5705],[99.0201,14.5713],[99.0193,14.5713],[99.0199,14.5716],[99.0199,14.5724],[99.019,14.5726],[99.019,14.574],[99.0182,14.5745],[99.0193,14.5745],[99.0199,14.5748],[99.0199,14.5754],[99.0201,14.5743],[99.0213,14.5745],[99.0213,14.5737],[99.0218,14.5737],[99.0227,14.5745],[99.0227,14.5756],[99.0221,14.5756],[99.0218,14.577],[99.021,14.577],[99.021,14.5789],[99.0218,14.5789],[99.0218,14.5802],[99.021,14.5802],[99.0207,14.5811],[99.019,14.5813],[99.0201,14.5819],[99.0215,14.5819],[99.0224,14.584],[99.0224,14.5851],[99.0215,14.5859],[99.021,14.5859],[99.0213,14.587],[99.0204,14.5881],[99.0207,14.5887],[99.0193,14.5889],[99.019,14.5903],[99.0182,14.5906],[99.0174,14.5903],[99.0174,14.5897],[99.0154,14.5897],[99.0165,14.5903],[99.0165,14.5908],[99.0171,14.5908],[99.0176,14.5919],[99.0185,14.5919],[99.0188,14.5924],[99.0201,14.5924],[99.0201,14.5933],[99.0193,14.5933],[99.0199,14.5935],[99.0199,14.5941],[99.019,14.5941],[99.019,14.5946],[99.0199,14.5952],[99.0185,14.5954],[99.0182,14.5962],[99.0171,14.5952],[99.0165,14.5952],[99.0171,14.5962],[99.0162,14.5962],[99.0162,14.5971],[99.0171,14.5973],[99.0171,14.5979],[99.0154,14.5981],[99.0143,14.5971],[99.0135,14.5976],[99.0149,14.5984],[99.0149,14.5992],[99.0143,14.5992],[99.0146,14.6011],[99.0126,14.6025],[99.0123,14.6038],[99.0104,14.6038],[99.0101,14.6028],[99.0096,14.6028],[99.009,14.6041],[99.0076,14.6041],[99.0071,14.6049],[99.0054,14.6052],[99.0059,14.6074],[99.0068,14.6074],[99.0065,14.6079],[99.0054,14.6085],[99.0045,14.6076],[99.0026,14.6076],[99.0037,14.6085],[99.0037,14.6093],[99.0015,14.6095],[99.002,14.6106],[99.0009,14.6109],[99.0009,14.6117],[99.0001,14.6117],[99.0004,14.6123],[99.0015,14.6123],[99.0026,14.6131],[99.0012,14.6136]],[[99.0188,14.5816],[99.019,14.5819],[99.019,14.5816],[99.0188,14.5816]],[[99.0204,14.5759],[99.021,14.5759],[99.0213,14.5751],[99.0207,14.5751],[99.0204,14.5759]],[[99.0213,14.5751],[99.0218,14.5751],[99.0218,14.5745],[99.0213,14.5745],[99.0213,14.5751]]]}},{"type":"Feature","properties":{"kind":"seasonal","area_km2":0.96,"date":"2026-10-09"},"geometry":{"type":"Polygon","coordinates":[[[99.6245,14.8813],[99.6245,14.8807],[99.6237,14.8805],[99.624,14.8772],[99.6228,14.8761],[99.6228,14.8751],[99.6214,14.8748],[99.6209,14.8737],[99.6214,14.871],[99.6206,14.8704],[99.6198,14.8688],[99.6186,14.8688],[99.6181,14.868],[99.6184,14.8656],[99.6192,14.865],[99.6192,14.8639],[99.62,14.8639],[99.62,14.8631],[99.6209,14.8626],[99.6209,14.8615],[99.6203,14.8604],[99.6195,14.8599],[99.6194,14.8574],[99.6203,14.8563],[99.6211,14.8563],[99.6211,14.8572],[99.6217,14.8577],[99.622,14.8566],[99.6217,14.8555],[99.6208,14.855],[99.6206,14.8542],[99.6178,14.8545],[99.6178,14.8517],[99.6183,14.8517],[99.6183,14.8509],[99.6175,14.8498],[99.6175,14.849],[99.6166,14.849],[99.6161,14.8471],[99.615,14.8463],[99.6152,14.8439],[99.6163,14.8439],[99.6172,14.8447],[99.6172,14.8466],[99.6183,14.8466],[99.6188,14.8433],[99.6194,14.8433],[99.6197,14.8439],[99.6211,14.8439],[99.6205,14.8441],[99.6205,14.8455],[99.6194,14.846],[99.6186,14.8471],[99.62,14.8485],[99.6205,14.8485],[99.6205,14.849],[99.6222,14.8496],[99.6219,14.8504],[99.6208,14.8504],[99.6217,14.8506],[99.6217,14.8528],[99.6205,14.8528],[99.6205,14.8536],[99.6211,14.8536],[99.6219,14.8544],[99.6219,14.855],[99.6228,14.8555],[99.6236,14.8572],[99.6225,14.8574],[99.6228,14.8585],[99.6222,14.8612],[99.6228,14.8615],[99.6228,14.8631],[99.6203,14.8637],[99.6211,14.8653],[99.6192,14.8656],[99.6186,14.8675],[99.6209,14.868],[99.6212,14.8699],[99.6217,14.8699],[99.6226,14.871],[99.6223,14.8726],[99.6217,14.8732],[99.6231,14.8737],[99.6234,14.8756],[99.6245,14.8761],[99.6248,14.8778],[99.6256,14.8778],[99.6254,14.8805],[99.6248,14.8805],[99.6245,14.8813]],[[99.62,14.8515],[99.6203,14.8517],[99.6203,14.8515],[99.62,14.8515]]]}},{"type":"Feature","properties":{"kind":"seasonal","area_km2":0.837,"date":"2026-10-09"},"geometry":{"type":"Polygon","coordinates":[[[99.9116,14.3034],[99.9116,14.3024],[99.9124,14.3015],[99.9127,14.2999],[99.9108,14.2997],[99.911,14.2969],[99.9099,14.2969],[99.9091,14.2978],[99.9091,14.2991],[99.9099,14.2988],[99.9099,14.3005],[99.9086,14.3005],[99.9085,14.2999],[99.9077,14.2999],[99.9077,14.2994],[99.9066,14.2994],[99.9058,14.2972],[99.9055,14.2986],[99.9047,14.2986],[99.9041,14.297],[99.9055,14.297],[99.9055,14.2959],[99.9091,14.2959],[99.9091,14.2953],[99.9121,14.2948],[99.9119,14.2975],[99.913,14.2975],[99.9133,14.2969],[99.9138,14.2969],[99.9138,14.2961],[99.913,14.2953],[99.913,14.2934],[99.9135,14.2934],[99.913,14.2923],[99.9152,14.2904],[99.916,14.2904],[99.916,14.292],[99.9166,14.292],[99.9169,14.2926],[99.9183,14.2923],[99.9185,14.2934],[99.9202,14.2937],[99.9199,14.2958],[99.9188,14.2956],[99.9185,14.2939],[99.9155,14.2937],[99.9152,14.2942],[99.9158,14.2942],[99.9158,14.2972],[99.9174,14.2972],[99.9174,14.2985],[99.9158,14.2988],[99.9158,14.3002],[99.9144,14.3002],[99.9147,14.3007],[99.9152,14.3007],[99.915,14.3029],[99.9116,14.3034]],[[99.911,14.2961],[99.9113,14.2964],[99.9113,14.2961],[99.911,14.2961]]]}},{"type":"Feature","properties":{"kind":"seasonal","area_km2":0.778,"date":"2026-10-09"},"geometry":{"type":"Polygon","coordinates":[[[99.4169,14.7868],[99.4166,14.7852],[99.416,14.7847],[99.4152,14.7847],[99.4144,14.7863],[99.4132,14.786],[99.4132,14.7839],[99.4138,14.7833],[99.4138,14.782],[99.4146,14.7811],[99.4141,14.7811],[99.4132,14.7795],[99.4107,14.7792],[99.411,14.7744],[99.4093,14.7741],[99.4093,14.7736],[99.4085,14.7733],[99.4085,14.7719],[99.4121,14.7714],[99.4127,14.7727],[99.4138,14.7727],[99.4146,14.7735],[99.4149,14.7727],[99.416,14.7727],[99.4179,14.7735],[99.4185,14.7743],[99.4191,14.7743],[99.4193,14.7735],[99.4244,14.7735],[99.4244,14.7741],[99.4227,14.7743],[99.4199,14.7741],[99.4196,14.7752],[99.4177,14.7752],[99.4177,14.7746],[99.416,14.7746],[99.4157,14.7741],[99.4149,14.7741],[99.4149,14.7749],[99.4135,14.7749],[99.4132,14.7738],[99.4132,14.7744],[99.4124,14.7746],[99.4124,14.7752],[99.4118,14.7752],[99.4127,14.7768],[99.4124,14.7776],[99.4118,14.7776],[99.4118,14.7782],[99.4152,14.7784],[99.4155,14.779],[99.4149,14.7792],[99.4149,14.78],[99.4157,14.78],[99.4157,14.7806],[99.4177,14.7811],[99.4171,14.7817],[99.4152,14.7817],[99.4143,14.7828],[99.4146,14.7841],[99.4163,14.7838],[99.4166,14.7844],[99.4177,14.7847],[99.4177,14.7855],[99.4185,14.7849],[99.4182,14.7838],[99.4194,14.7833],[99.4194,14.7825],[99.4202,14.7828],[99.4202,14.7836],[99.4194,14.7847],[99.4199,14.7847],[99.4199,14.7852],[99.4208,14.7849],[99.4216,14.7857],[99.4219,14.7852],[99.4224,14.7852],[99.4227,14.7844],[99.4227,14.7822],[99.4238,14.7817],[99.4255,14.7817],[99.4263,14.7833],[99.4269,14.7822],[99.4266,14.7811],[99.4274,14.7814],[99.4274,14.7825],[99.4266,14.7841],[99.4255,14.7838],[99.4255,14.7822],[99.4235,14.7836],[99.4233,14.7863],[99.4199,14.7866],[99.4194,14.786],[99.4185,14.786],[99.4183,14.7868],[99.4169,14.7868]]]}},{"type":"Feature","properties":{"kind":"seasonal","area_km2":0.777,"date":"2026-10-09"},"geometry":{"type":"Polygon","coordinates":[[[99.9094,14.2942],[99.9094,14.2929],[99.9085,14.2929],[99.9085,14.2915],[99.9091,14.2913],[99.9091,14.2894],[99.9107,14.2896],[99.9107,14.2891],[99.9113,14.2891],[99.9113,14.2885],[99.9118,14.2885],[99.9124,14.2877],[99.9149,14.2882],[99.9135,14.2872],[99.9132,14.2864],[99.9116,14.2855],[99.9115,14.2845],[99.916,14.2844],[99.916,14.2836],[99.9177,14.2828],[99.9177,14.2815],[99.9196,14.2814],[99.9199,14.2836],[99.921,14.2839],[99.9213,14.2844],[99.9224,14.2844],[99.9224,14.2852],[99.9218,14.2852],[99.9221,14.2866],[99.9207,14.2871],[99.9202,14.2871],[99.9202,14.2866],[99.9191,14.2866],[99.9193,14.2874],[99.9182,14.2882],[99.9166,14.2877],[99.9166,14.2891],[99.9152,14.2888],[99.9152,14.2901],[99.9144,14.2904],[99.9113,14.2934],[99.9113,14.294],[99.9094,14.2942]],[[99.9193,14.2858],[99.9196,14.2861],[99.9196,14.2858],[99.9193,14.2858]]]}},{"type":"Feature","properties":{"kind":"seasonal","area_km2":0.709,"date":"2026-10-02"},"geometry":{"type":"Polygon","coordinates":[[[99.1429,14.4961],[99.1421,14.495],[99.1387,14.4953],[99.1371,14.4945],[99.1371,14.4926],[99.1376,14.4915],[99.1373,14.4896],[99.1379,14.4896],[99.1387,14.4907],[99.1385,14.4918],[99.1379,14.492],[99.1382,14.4931],[99.1387,14.4931],[99.1387,14.4926],[99.1396,14.492],[99.1401,14.4923],[99.1401,14.4934],[99.1393,14.4942],[99.1426,14.4939],[99.1426,14.4948],[99.144,14.4934],[99.1449,14.4937],[99.1454,14.4945],[99.1457,14.4934],[99.1463,14.4931],[99.1468,14.4931],[99.1474,14.4939],[99.1482,14.4939],[99.1474,14.4931],[99.1474,14.4907],[99.1488,14.4899],[99.1507,14.4904],[99.151,14.4912],[99.1521,14.4915],[99.1521,14.492],[99.1527,14.4915],[99.1535,14.4918],[99.1535,14.491],[99.1543,14.4907],[99.1543,14.4891],[99.1557,14.4885],[99.154,14.4885],[99.154,14.4869],[99.1549,14.4869],[99.1549,14.4863],[99.1538,14.4863],[99.1532,14.4853],[99.1535,14.4836],[99.1524,14.4831],[99.1524,14.4823],[99.154,14.482],[99.154,14.4815],[99.1527,14.4804],[99.1529,14.4793],[99.1529,14.4801],[99.154,14.4812],[99.156,14.4817],[99.156,14.4836],[99.1554,14.4844],[99.1566,14.4853],[99.1566,14.4893],[99.1554,14.4901],[99.1557,14.492],[99.1549,14.492],[99.1535,14.4934],[99.1535,14.4942],[99.1524,14.4942],[99.1521,14.4926],[99.1515,14.492],[99.1504,14.492],[99.1499,14.4907],[99.149,14.4907],[99.1482,14.4912],[99.1479,14.492],[99.1488,14.4934],[99.1488,14.4948],[99.1474,14.4948],[99.1465,14.4956],[99.1446,14.4953],[99.1446,14.4961],[99.1429,14.4961]]]}},{"type":"Feature","properties":{"kind":"seasonal","area_km2":0.664,"date":"2026-10-02"},"geometry":{"type":"Polygon","coordinates":[[[99.0739,14.686],[99.0734,14.6844],[99.0717,14.6841],[99.0725,14.6838],[99.0725,14.6822],[99.0734,14.6819],[99.0734,14.6798],[99.0759,14.6798],[99.0759,14.6792],[99.0753,14.6792],[99.0753,14.6782],[99.077,14.6782],[99.0773,14.6773],[99.0759,14.6779],[99.0734,14.6779],[99.0728,14.6784],[99.0717,14.6784],[99.0709,14.6792],[99.0709,14.6798],[99.0689,14.6798],[99.0689,14.6792],[99.0678,14.6792],[99.0684,14.6782],[99.0706,14.6779],[99.0717,14.6768],[99.0731,14.6768],[99.0734,14.6757],[99.0728,14.6757],[99.0728,14.6763],[99.0711,14.6763],[99.0709,14.6754],[99.0689,14.6754],[99.0684,14.6757],[99.0684,14.6763],[99.0661,14.6763],[99.0661,14.6757],[99.0653,14.6749],[99.0647,14.6749],[99.0642,14.6727],[99.0625,14.673],[99.0619,14.6727],[99.0617,14.6716],[99.0597,14.6708],[99.06,14.6695],[99.0594,14.6695],[99.0589,14.6684],[99.06,14.6684],[99.0606,14.6689],[99.0606,14.6703],[99.0625,14.6719],[99.065,14.6722],[99.0664,14.6752],[99.0698,14.6749],[99.07,14.6744],[99.0709,14.6744],[99.0717,14.6752],[99.0745,14.6746],[99.0745,14.6765],[99.0739,14.6771],[99.0759,14.6768],[99.0764,14.676],[99.0787,14.6763],[99.0789,14.679],[99.0767,14.6792],[99.0762,14.6806],[99.0742,14.6806],[99.0739,14.6828],[99.0762,14.6825],[99.0764,14.683],[99.077,14.683],[99.0773,14.6825],[99.0781,14.6825],[99.0787,14.6836],[99.0795,14.6838],[99.0795,14.6844],[99.0784,14.6847],[99.0781,14.6852],[99.0781,14.6836],[99.0776,14.6836],[99.0776,14.6841],[99.0764,14.6849],[99.0759,14.6847],[99.0759,14.6838],[99.0745,14.6838],[99.0745,14.686],[99.0739,14.686]],[[99.0759,14.6836],[99.0762,14.6838],[99.0762,14.6836],[99.0759,14.6836]],[[99.0698,14.6787],[99.07,14.679],[99.07,14.6787],[99.0698,14.6787]],[[99.07,14.6784],[99.0703,14.6787],[99.0703,14.6784],[99.07,14.6784]]]}},{"type":"Feature","properties":{"kind":"seasonal","area_km2":0.584,"date":"2026-10-09"},"geometry":{"type":"Polygon","coordinates":[[[99.97,14.2943],[99.9697,14.2929],[99.9692,14.2935],[99.968,14.2929],[99.968,14.2916],[99.9675,14.2913],[99.9675,14.2908],[99.9669,14.2916],[99.9647,14.2918],[99.9647,14.2905],[99.9636,14.2905],[99.9636,14.2881],[99.9641,14.2881],[99.9641,14.2875],[99.9636,14.2872],[99.9644,14.287],[99.9647,14.2859],[99.9666,14.2859],[99.9697,14.2886],[99.9708,14.2888],[99.9722,14.2905],[99.9733,14.2907],[99.9747,14.2924],[99.9747,14.2932],[99.9739,14.2932],[99.9739,14.2937],[99.97,14.2943]]]}},{"type":"Feature","properties":{"kind":"seasonal","area_km2":0.534,"date":"2026-10-09"},"geometry":{"type":"Polygon","coordinates":[[[100.0001,14.3687],[99.9998,14.3679],[99.9992,14.3679],[99.9992,14.3674],[99.9978,14.3671],[99.9981,14.3658],[99.999,14.3652],[99.9987,14.3617],[99.9995,14.3614],[99.9984,14.3614],[99.9978,14.3609],[99.9975,14.3595],[99.9964,14.3584],[99.9967,14.3576],[99.995,14.3565],[99.995,14.356],[99.9956,14.3557],[99.9956,14.3546],[99.9983,14.3546],[99.9986,14.356],[100.0,14.3563],[100.0003,14.3579],[100.0009,14.3579],[100.0006,14.3619],[100.0012,14.3622],[100.0017,14.3638],[100.0017,14.3684],[100.0001,14.3687]],[[99.9972,14.3573],[99.9975,14.3576],[99.9975,14.3573],[99.9972,14.3573]],[[99.9975,14.3571],[99.9978,14.3573],[99.9978,14.3571],[99.9975,14.3571]],[[99.9978,14.3568],[99.9981,14.3571],[99.9981,14.3568],[99.9978,14.3568]]]}},{"type":"Feature","properties":{"kind":"seasonal","area_km2":0.524,"date":"2026-10-09"},"geometry":{"type":"Polygon","coordinates":[[[99.9211,14.4423],[99.9208,14.4409],[99.918,14.4412],[99.9183,14.4393],[99.9177,14.4393],[99.9177,14.4382],[99.9188,14.4382],[99.9189,14.4388],[99.92,14.4385],[99.9197,14.4363],[99.9183,14.4363],[99.9183,14.435],[99.9199,14.435],[99.92,14.4363],[99.9211,14.436],[99.9216,14.4377],[99.9222,14.4377],[99.9222,14.4363],[99.923,14.4363],[99.923,14.4358],[99.9247,14.4358],[99.9247,14.4371],[99.9239,14.4377],[99.9239,14.439],[99.925,14.439],[99.9252,14.4382],[99.9283,14.4379],[99.9291,14.4382],[99.9292,14.4393],[99.93,14.4393],[99.93,14.4406],[99.9286,14.4406],[99.9286,14.4395],[99.9269,14.4398],[99.9272,14.4417],[99.9258,14.4417],[99.9255,14.4406],[99.925,14.4412],[99.9241,14.4412],[99.9239,14.4417],[99.9228,14.4417],[99.9225,14.4423],[99.9211,14.4423]],[[99.9214,14.4396],[99.923,14.4398],[99.923,14.4396],[99.9214,14.4396]],[[99.9233,14.4393],[99.9239,14.4396],[99.9239,14.4393],[99.9233,14.4393]]]}},{"type":"Feature","properties":{"kind":"seasonal","area_km2":0.508,"date":"2026-10-09"},"geometry":{"type":"Polygon","coordinates":[[[99.9798,14.3021],[99.9798,14.2999],[99.9784,14.2999],[99.9784,14.3007],[99.9778,14.301],[99.977,14.3007],[99.977,14.3002],[99.9761,14.3002],[99.9761,14.3008],[99.9753,14.301],[99.975,14.3018],[99.9739,14.3018],[99.9745,14.2978],[99.9764,14.2978],[99.9761,14.2972],[99.9756,14.2972],[99.9756,14.2967],[99.9758,14.2959],[99.977,14.2959],[99.9769,14.2937],[99.9761,14.294],[99.9761,14.2934],[99.9756,14.2934],[99.9761,14.2923],[99.9789,14.2926],[99.98,14.2945],[99.98,14.2956],[99.9783,14.2956],[99.9783,14.2945],[99.9778,14.2942],[99.9781,14.2956],[99.977,14.2964],[99.9783,14.2969],[99.9783,14.2964],[99.9797,14.2964],[99.9797,14.2959],[99.9808,14.2959],[99.9809,14.2969],[99.9822,14.2986],[99.9823,14.3002],[99.9811,14.301],[99.9809,14.3018],[99.9798,14.3021]]]}},{"type":"Feature","properties":{"kind":"seasonal","area_km2":0.503,"date":"2026-10-02"},"geometry":{"type":"Polygon","coordinates":[[[99.154,14.4752],[99.1538,14.4741],[99.1526,14.4741],[99.1526,14.4736],[99.1518,14.4733],[99.1493,14.4736],[99.1474,14.4744],[99.1429,14.4739],[99.1421,14.4731],[99.1396,14.4722],[99.139,14.4709],[99.1407,14.4712],[99.1407,14.4706],[99.1412,14.4706],[99.1415,14.4714],[99.1426,14.4714],[99.1449,14.4728],[99.1457,14.4728],[99.1487,14.4725],[99.149,14.472],[99.1524,14.4709],[99.1546,14.4709],[99.1557,14.4714],[99.1557,14.4701],[99.1579,14.4703],[99.1582,14.4736],[99.1571,14.4744],[99.1571,14.473],[99.1557,14.4733],[99.1554,14.4739],[99.1546,14.4739],[99.1546,14.4744],[99.1552,14.4744],[99.1552,14.4752],[99.154,14.4752]]]}},{"type":"Feature","properties":{"kind":"seasonal","area_km2":0.496,"date":"2026-10-09"},"geometry":{"type":"Polygon","coordinates":[[[99.9861,14.4181],[99.9861,14.4173],[99.9853,14.4165],[99.9853,14.4152],[99.9869,14.4149],[99.9869,14.4157],[99.9875,14.416],[99.9875,14.4143],[99.9869,14.4143],[99.9869,14.4127],[99.9875,14.4116],[99.99,14.4116],[99.9903,14.4111],[99.9897,14.4108],[99.9897,14.4103],[99.9891,14.4103],[99.9891,14.4089],[99.9902,14.4084],[99.9919,14.4084],[99.9919,14.41],[99.9914,14.4105],[99.9925,14.4108],[99.9925,14.4122],[99.993,14.4122],[99.993,14.4138],[99.9922,14.4146],[99.9914,14.4146],[99.9914,14.4151],[99.9931,14.4154],[99.9931,14.417],[99.9917,14.417],[99.9914,14.4165],[99.9894,14.416],[99.9894,14.417],[99.9883,14.4171],[99.9883,14.4176],[99.9875,14.4181],[99.9861,14.4181]],[[99.9905,14.4124],[99.9908,14.4127],[99.9908,14.4124],[99.9905,14.4124]],[[99.9911,14.4122],[99.9914,14.4127],[99.9914,14.4122],[99.9911,14.4122]],[[99.99,14.4092],[99.9902,14.4097],[99.9902,14.4092],[99.99,14.4092]]]}},{"type":"Feature","properties":{"kind":"seasonal","area_km2":0.472,"date":"2026-10-09"},"geometry":{"type":"Polygon","coordinates":[[[99.9407,14.0717],[99.9388,14.0712],[99.9299,14.0712],[99.9299,14.0707],[99.9274,14.0707],[99.9274,14.0693],[99.9293,14.069],[99.9293,14.0682],[99.9304,14.0682],[99.9307,14.0688],[99.9296,14.069],[99.9296,14.0696],[99.9304,14.0704],[99.9338,14.0709],[99.9335,14.0685],[99.9343,14.0682],[99.9332,14.0679],[99.9374,14.0671],[99.941,14.0671],[99.9418,14.0693],[99.9426,14.0698],[99.9426,14.0714],[99.9407,14.0717]],[[99.9301,14.0704],[99.9304,14.0707],[99.9304,14.0704],[99.9301,14.0704]],[[99.9404,14.0704],[99.9424,14.0703],[99.9424,14.0701],[99.9421,14.0695],[99.9407,14.0695],[99.9404,14.0704]]]}},{"type":"Feature","properties":{"kind":"seasonal","area_km2":0.467,"date":"2026-10-09"},"geometry":{"type":"Polygon","coordinates":[[[99.9542,14.4365],[99.9542,14.4359],[99.9536,14.4359],[99.9533,14.4354],[99.9533,14.4343],[99.9522,14.4343],[99.9522,14.4332],[99.95,14.4335],[99.95,14.4319],[99.9505,14.431],[99.9503,14.4294],[99.9486,14.4294],[99.9486,14.4281],[99.9503,14.4281],[99.9503,14.4289],[99.9516,14.4289],[99.9519,14.4283],[99.9533,14.428],[99.9536,14.4275],[99.9555,14.4278],[99.9555,14.4291],[99.9544,14.4294],[99.9544,14.4308],[99.9561,14.4307],[99.9561,14.4321],[99.9556,14.4321],[99.9553,14.4326],[99.957,14.4326],[99.957,14.4356],[99.9559,14.4356],[99.9556,14.4364],[99.9542,14.4365]],[[99.9522,14.4324],[99.9525,14.4329],[99.9525,14.4324],[99.9522,14.4324]],[[99.9519,14.4318],[99.953,14.431],[99.953,14.4299],[99.9525,14.4294],[99.9519,14.4294],[99.9519,14.4318]]]}},{"type":"Feature","properties":{"kind":"seasonal","area_km2":0.452,"date":"2026-10-09"},"geometry":{"type":"Polygon","coordinates":[[[99.9382,14.4067],[99.9343,14.3999],[99.9337,14.3999],[99.934,14.4021],[99.9321,14.4024],[99.9321,14.4013],[99.9315,14.4013],[99.9309,14.3986],[99.9304,14.3983],[99.9304,14.3967],[99.9323,14.3964],[99.9323,14.3969],[99.9329,14.3972],[99.9329,14.3964],[99.932,14.3956],[99.9323,14.3931],[99.9334,14.3934],[99.9337,14.3964],[99.9357,14.3975],[99.9359,14.3996],[99.9365,14.3999],[99.9368,14.4013],[99.9373,14.4015],[99.9373,14.4023],[99.9379,14.4026],[99.9385,14.4042],[99.9393,14.4048],[99.9393,14.4067],[99.9382,14.4067]],[[99.9337,14.3996],[99.934,14.3988],[99.9337,14.3988],[99.9337,14.3986],[99.9334,14.3986],[99.9332,14.3991],[99.9337,14.3996]],[[99.9332,14.3986],[99.9334,14.3977],[99.9332,14.3975],[99.9326,14.3975],[99.9332,14.3986]],[[99.9323,14.3972],[99.9326,14.3975],[99.9326,14.3972],[99.9323,14.3972]]]}},{"type":"Feature","properties":{"kind":"seasonal","area_km2":0.448,"date":"2026-10-09"},"geometry":{"type":"Polygon","coordinates":[[[99.9293,14.3338],[99.9287,14.3313],[99.9298,14.3316],[99.9298,14.331],[99.9287,14.3305],[99.9287,14.3294],[99.9281,14.3294],[99.9281,14.33],[99.9273,14.33],[99.927,14.3308],[99.9256,14.3308],[99.9256,14.3292],[99.9248,14.3284],[99.9248,14.3273],[99.9256,14.3273],[99.9256,14.3262],[99.927,14.3262],[99.927,14.3267],[99.9284,14.3264],[99.9278,14.3259],[99.9278,14.3245],[99.9301,14.3245],[99.9301,14.3262],[99.929,14.3264],[99.929,14.327],[99.9326,14.3267],[99.9331,14.328],[99.9331,14.3297],[99.9312,14.33],[99.9312,14.3308],[99.9306,14.3308],[99.9307,14.3338],[99.9293,14.3338]]]}},{"type":"Feature","properties":{"kind":"seasonal","area_km2":0.436,"date":"2026-10-09"},"geometry":{"type":"Polygon","coordinates":[[[99.9878,14.356],[99.9875,14.3541],[99.9858,14.3539],[99.9861,14.3525],[99.985,14.3525],[99.9847,14.3517],[99.9842,14.3536],[99.9822,14.3536],[99.9822,14.3523],[99.9811,14.352],[99.9811,14.3504],[99.9841,14.3504],[99.9844,14.3498],[99.9853,14.3498],[99.9855,14.3493],[99.985,14.3493],[99.985,14.3479],[99.9864,14.3479],[99.9864,14.349],[99.9883,14.349],[99.9883,14.3495],[99.9886,14.3482],[99.99,14.3482],[99.99,14.3495],[99.9905,14.3495],[99.9905,14.3511],[99.9892,14.3511],[99.9892,14.3525],[99.9886,14.3536],[99.9878,14.3536],[99.9878,14.3547],[99.9886,14.3544],[99.9883,14.3539],[99.9892,14.3539],[99.9892,14.356],[99.9878,14.356]],[[99.983,14.3523],[99.9833,14.3525],[99.9833,14.3523],[99.983,14.3523]],[[99.9839,14.3525],[99.9842,14.352],[99.9836,14.3517],[99.9836,14.3523],[99.9839,14.3525]],[[99.9875,14.3517],[99.9878,14.352],[99.9878,14.3517],[99.9875,14.3517]],[[99.9839,14.3512],[99.9844,14.3512],[99.9844,14.3506],[99.9836,14.3506],[99.9839,14.3512]]]}},{"type":"Feature","properties":{"kind":"seasonal","area_km2":0.425,"date":"2026-10-09"},"geometry":{"type":"Polygon","coordinates":[[[99.6096,14.6329],[99.6074,14.6321],[99.6077,14.6299],[99.6054,14.6302],[99.604,14.6296],[99.604,14.628],[99.6046,14.628],[99.6046,14.6264],[99.6054,14.6253],[99.6054,14.6226],[99.6068,14.6223],[99.6074,14.6215],[99.6088,14.6215],[99.6101,14.6223],[99.6124,14.6228],[99.6132,14.622],[99.6154,14.6226],[99.6157,14.6258],[99.6152,14.6236],[99.6132,14.6237],[99.6121,14.6239],[99.6118,14.6245],[99.6118,14.6239],[99.6099,14.6234],[99.6099,14.6245],[99.6085,14.6245],[99.6082,14.6237],[99.6068,14.6234],[99.6052,14.6291],[99.6063,14.6294],[99.6096,14.6283],[99.6099,14.6299],[99.6091,14.6299],[99.6088,14.6304],[99.6099,14.6307],[99.6099,14.6321],[99.6096,14.6329]],[[99.6088,14.6318],[99.6093,14.6321],[99.6093,14.6318],[99.6088,14.6318]],[[99.6085,14.6315],[99.6088,14.6318],[99.6088,14.6315],[99.6085,14.6315]]]}},{"type":"Feature","properties":{"kind":"seasonal","area_km2":0.412,"date":"2026-10-09"},"geometry":{"type":"Polygon","coordinates":[[[99.9235,14.286],[99.9235,14.2833],[99.9246,14.2833],[99.9249,14.2817],[99.9274,14.2809],[99.9268,14.2806],[99.9268,14.2787],[99.9263,14.2784],[99.9263,14.2774],[99.9254,14.2774],[99.926,14.2779],[99.9257,14.2795],[99.9246,14.2795],[99.924,14.2784],[99.9224,14.2787],[99.9221,14.2774],[99.9235,14.2774],[99.9232,14.2757],[99.9251,14.2763],[99.9254,14.2755],[99.9262,14.2755],[99.9265,14.2771],[99.9276,14.2771],[99.9282,14.2779],[99.9282,14.279],[99.9288,14.279],[99.9288,14.2811],[99.9282,14.2811],[99.9282,14.282],[99.9288,14.2822],[99.9288,14.2839],[99.9263,14.2836],[99.926,14.2841],[99.9268,14.2841],[99.9268,14.2855],[99.9255,14.2855],[99.9255,14.286],[99.9235,14.286]],[[99.9251,14.2768],[99.9257,14.2771],[99.9257,14.2768],[99.9251,14.2768]]]}},{"type":"Feature","properties":{"kind":"seasonal","area_km2":0.367,"date":"2026-10-09"},"geometry":{"type":"Polygon","coordinates":[[[99.9871,14.3194],[99.9859,14.317],[99.9857,14.3148],[99.9862,14.314],[99.987,14.3143],[99.9868,14.3121],[99.9873,14.3118],[99.9873,14.3107],[99.9884,14.3107],[99.9887,14.3113],[99.9904,14.3121],[99.9909,14.3137],[99.9907,14.3156],[99.9887,14.3156],[99.989,14.3167],[99.9907,14.317],[99.9907,14.3186],[99.9885,14.3194],[99.9871,14.3194]]]}},{"type":"Feature","properties":{"kind":"seasonal","area_km2":0.364,"date":"2026-10-09"},"geometry":{"type":"Polygon","coordinates":[[[99.9677,14.2861],[99.9672,14.2853],[99.9652,14.2843],[99.9652,14.2832],[99.9658,14.2832],[99.9658,14.2815],[99.9647,14.2815],[99.9649,14.2829],[99.9635,14.2832],[99.963,14.2826],[99.963,14.2818],[99.9624,14.2816],[99.9624,14.2807],[99.961,14.2797],[99.961,14.2791],[99.963,14.2788],[99.9633,14.2802],[99.9683,14.281],[99.9683,14.2821],[99.9691,14.2826],[99.9691,14.2837],[99.9699,14.2837],[99.9699,14.2831],[99.9716,14.2834],[99.9722,14.2845],[99.9716,14.2856],[99.9686,14.2856],[99.9686,14.2861],[99.9677,14.2861]]]}},{"type":"Feature","properties":{"kind":"seasonal","area_km2":0.36,"date":"2026-10-09"},"geometry":{"type":"Polygon","coordinates":[[[99.9672,14.2804],[99.9663,14.278],[99.9655,14.2777],[99.9655,14.2753],[99.9669,14.2753],[99.9671,14.2758],[99.9677,14.2758],[99.9674,14.2726],[99.9682,14.2726],[99.9691,14.2734],[99.9702,14.2737],[99.9724,14.2731],[99.973,14.2758],[99.9719,14.2755],[99.9719,14.2769],[99.9713,14.2774],[99.9705,14.2775],[99.9705,14.278],[99.9691,14.278],[99.9691,14.2804],[99.9672,14.2804]],[[99.9669,14.2783],[99.9674,14.2783],[99.9674,14.2777],[99.9671,14.2777],[99.9669,14.2783]],[[99.9696,14.2761],[99.9707,14.2758],[99.9707,14.275],[99.9716,14.2745],[99.9713,14.2739],[99.9693,14.2739],[99.9691,14.2753],[99.9696,14.2761]]]}},{"type":"Feature","properties":{"kind":"seasonal","area_km2":0.359,"date":"2026-10-09"},"geometry":{"type":"Polygon","coordinates":[[[99.9842,14.3021],[99.9842,14.3007],[99.9845,14.2999],[99.9853,14.2996],[99.9853,14.2985],[99.9848,14.2983],[99.9845,14.2994],[99.9834,14.2991],[99.9834,14.2983],[99.9828,14.2983],[99.9825,14.2975],[99.9825,14.2953],[99.9833,14.2945],[99.9875,14.2945],[99.9875,14.295],[99.9889,14.295],[99.9895,14.2977],[99.9875,14.298],[99.9875,14.2991],[99.9864,14.2994],[99.9864,14.3007],[99.9853,14.3013],[99.985,14.3021],[99.9842,14.3021]],[[99.9864,14.2983],[99.9867,14.2985],[99.9867,14.2983],[99.9864,14.2983]],[[99.9864,14.2969],[99.987,14.2972],[99.987,14.2969],[99.9864,14.2969]]]}},{"type":"Feature","properties":{"kind":"seasonal","area_km2":0.324,"date":"2026-10-09"},"geometry":{"type":"Polygon","coordinates":[[[99.9984,14.3771],[99.9976,14.3766],[99.9976,14.3685],[99.999,14.3685],[99.9995,14.369],[99.9995,14.3706],[100.0001,14.3704],[100.0001,14.3709],[100.0009,14.3706],[100.0009,14.3701],[100.0018,14.3701],[100.0018,14.3752],[100.0007,14.3752],[100.0004,14.3747],[100.0004,14.3755],[99.9996,14.3758],[99.9996,14.3769],[99.9984,14.3771]]]}},{"type":"Feature","properties":{"kind":"seasonal","area_km2":0.301,"date":"2026-10-02"},"geometry":{"type":"Polygon","coordinates":[[[99.0851,14.6239],[99.0853,14.6223],[99.0859,14.622],[99.0848,14.622],[99.0845,14.6212],[99.0834,14.6209],[99.0831,14.6223],[99.0825,14.6223],[99.082,14.622],[99.0817,14.6201],[99.0809,14.6201],[99.0809,14.6209],[99.0803,14.6212],[99.0795,14.6201],[99.0778,14.6204],[99.0775,14.6198],[99.077,14.6198],[99.0767,14.6204],[99.0761,14.6204],[99.0759,14.6212],[99.0745,14.6212],[99.0747,14.6201],[99.0736,14.6193],[99.0728,14.6193],[99.0722,14.6182],[99.0695,14.619],[99.0695,14.6174],[99.0686,14.6174],[99.0681,14.6163],[99.0664,14.6163],[99.0664,14.6158],[99.0658,14.6158],[99.0656,14.6141],[99.0644,14.6141],[99.0644,14.6136],[99.0658,14.6139],[99.0667,14.6155],[99.0683,14.6155],[99.0695,14.6169],[99.07,14.6169],[99.07,14.6179],[99.0714,14.6174],[99.0742,14.6179],[99.0742,14.619],[99.0753,14.6193],[99.0756,14.6204],[99.0767,14.6193],[99.0803,14.6196],[99.0806,14.619],[99.0817,14.619],[99.0825,14.6206],[99.0848,14.6204],[99.0853,14.6212],[99.0862,14.6212],[99.0862,14.6239],[99.0851,14.6239]]]}},{"type":"Feature","properties":{"kind":"seasonal","area_km2":0.301,"date":"2026-10-09"},"geometry":{"type":"Polygon","coordinates":[[[99.9041,14.2962],[99.9007,14.2962],[99.901,14.2948],[99.8999,14.2948],[99.8999,14.2929],[99.901,14.2913],[99.9024,14.2913],[99.903,14.2918],[99.9077,14.2918],[99.908,14.2934],[99.9071,14.2934],[99.9071,14.2942],[99.9038,14.2943],[99.9038,14.2937],[99.9027,14.2937],[99.9021,14.2945],[99.9041,14.2948],[99.9041,14.2962]]]}},{"type":"Feature","properties":{"kind":"seasonal","area_km2":0.297,"date":"2026-10-09"},"geometry":{"type":"Polygon","coordinates":[[[99.9297,14.3761],[99.9297,14.375],[99.9314,14.375],[99.9317,14.3736],[99.9336,14.3731],[99.933,14.3723],[99.9319,14.3728],[99.93,14.3725],[99.93,14.372],[99.9308,14.3717],[99.9308,14.3709],[99.9319,14.3712],[99.9325,14.3695],[99.933,14.3693],[99.9347,14.3695],[99.9347,14.3704],[99.935,14.3698],[99.9364,14.3698],[99.9364,14.3714],[99.9358,14.3717],[99.9361,14.3733],[99.9347,14.3733],[99.9347,14.3744],[99.9336,14.3744],[99.9336,14.3761],[99.9297,14.3761]],[[99.9344,14.3725],[99.9347,14.3731],[99.9347,14.3725],[99.9344,14.3725]],[[99.9342,14.3723],[99.9344,14.3725],[99.9344,14.3723],[99.9342,14.3723]]]}},{"type":"Feature","properties":{"kind":"seasonal","area_km2":0.297,"date":"2026-10-09"},"geometry":{"type":"Polygon","coordinates":[[[99.6857,14.0118],[99.6857,14.0072],[99.6852,14.0069],[99.6852,14.0064],[99.6874,14.0067],[99.6874,14.0061],[99.6865,14.0061],[99.6863,14.0053],[99.6854,14.005],[99.684,14.0053],[99.6843,14.0037],[99.6854,14.0037],[99.6857,14.0042],[99.6863,14.0037],[99.6874,14.0039],[99.6871,14.0053],[99.6879,14.0058],[99.6879,14.0069],[99.6871,14.0072],[99.6879,14.0072],[99.6879,14.0088],[99.6904,14.0088],[99.691,14.0104],[99.691,14.011],[99.6902,14.0107],[99.6896,14.0115],[99.6857,14.0118]]]}},{"type":"Feature","properties":{"kind":"seasonal","area_km2":0.286,"date":"2026-10-09"},"geometry":{"type":"Polygon","coordinates":[[[99.3465,14.7303],[99.3465,14.7294],[99.3423,14.7294],[99.3423,14.7278],[99.3432,14.7278],[99.3432,14.7273],[99.3423,14.7273],[99.3423,14.7259],[99.3429,14.7254],[99.3437,14.7256],[99.344,14.7251],[99.3434,14.7248],[99.3446,14.7248],[99.3446,14.7262],[99.3448,14.7246],[99.3457,14.7246],[99.346,14.7251],[99.3473,14.7251],[99.3476,14.727],[99.3487,14.7267],[99.3479,14.73],[99.3465,14.7303]],[[99.3468,14.73],[99.3474,14.73],[99.3474,14.7294],[99.3468,14.7294],[99.3468,14.73]],[[99.3465,14.7289],[99.3471,14.7289],[99.3474,14.7284],[99.3468,14.7284],[99.3465,14.7289]],[[99.3476,14.7284],[99.3479,14.7286],[99.3479,14.7284],[99.3476,14.7284]],[[99.3474,14.7275],[99.3479,14.7278],[99.3479,14.7275],[99.3474,14.7275]]]}},{"type":"Feature","properties":{"kind":"seasonal","area_km2":0.283,"date":"2026-10-02"},"geometry":{"type":"Polygon","coordinates":[[[99.0352,14.4829],[99.0349,14.4815],[99.0354,14.4812],[99.0354,14.4807],[99.0371,14.4799],[99.0371,14.4788],[99.0382,14.4785],[99.0388,14.4766],[99.038,14.4766],[99.0377,14.4772],[99.036,14.4769],[99.0357,14.4764],[99.0324,14.4766],[99.0313,14.4777],[99.029,14.4785],[99.0285,14.4796],[99.0265,14.4799],[99.026,14.4804],[99.0257,14.4799],[99.0268,14.4788],[99.0282,14.4783],[99.0288,14.4774],[99.0293,14.4774],[99.0302,14.4764],[99.0316,14.4761],[99.0329,14.475],[99.0346,14.475],[99.0346,14.4755],[99.0368,14.4753],[99.0371,14.4758],[99.0393,14.4755],[99.0393,14.4783],[99.0382,14.4791],[99.0382,14.4799],[99.0374,14.4802],[99.0357,14.4818],[99.0357,14.4826],[99.0352,14.4829]]]}},{"type":"Feature","properties":{"kind":"seasonal","area_km2":0.278,"date":"2026-10-02"},"geometry":{"type":"Polygon","coordinates":[[[99.0606,14.7169],[99.0608,14.715],[99.0603,14.715],[99.0603,14.7156],[99.0595,14.7156],[99.0586,14.7148],[99.0586,14.7134],[99.0581,14.7134],[99.0572,14.7126],[99.0572,14.7118],[99.0589,14.7118],[99.0589,14.7123],[99.0603,14.7126],[99.0603,14.7118],[99.0597,14.7118],[99.0592,14.7099],[99.0603,14.7099],[99.0608,14.7115],[99.062,14.7115],[99.062,14.7137],[99.0636,14.7134],[99.0636,14.7145],[99.0642,14.7148],[99.0639,14.7159],[99.0673,14.7156],[99.067,14.7148],[99.0689,14.715],[99.0684,14.7153],[99.0684,14.7159],[99.0667,14.7159],[99.0667,14.7164],[99.0634,14.7164],[99.0634,14.715],[99.0625,14.7145],[99.0625,14.715],[99.0614,14.715],[99.0617,14.7169],[99.0606,14.7169]],[[99.0606,14.7137],[99.0608,14.714],[99.0608,14.7137],[99.0606,14.7137]]]}},{"type":"Feature","properties":{"kind":"seasonal","area_km2":0.277,"date":"2026-10-09"},"geometry":{"type":"Polygon","coordinates":[[[99.6416,14.8951],[99.6413,14.8934],[99.6419,14.8924],[99.6407,14.891],[99.6407,14.8897],[99.6396,14.8905],[99.6382,14.8905],[99.6377,14.8897],[99.6377,14.8883],[99.6354,14.888],[99.636,14.8878],[99.636,14.8872],[99.6374,14.8872],[99.6385,14.888],[99.6399,14.888],[99.6399,14.8875],[99.6404,14.8872],[99.6402,14.8864],[99.641,14.8864],[99.641,14.885],[99.6416,14.885],[99.6418,14.8856],[99.6418,14.8888],[99.6424,14.8888],[99.643,14.8875],[99.643,14.8896],[99.6424,14.8896],[99.643,14.8899],[99.643,14.891],[99.6424,14.8915],[99.6427,14.8951],[99.6416,14.8951]],[[99.6393,14.8888],[99.6396,14.8891],[99.6396,14.8888],[99.6393,14.8888]]]}},{"type":"Feature","properties":{"kind":"seasonal","area_km2":0.275,"date":"2026-10-09"},"geometry":{"type":"Polygon","coordinates":[[[99.9159,14.1144],[99.9153,14.1136],[99.9153,14.1128],[99.9159,14.1122],[99.9147,14.1117],[99.9145,14.1095],[99.9139,14.1092],[99.9139,14.1084],[99.9133,14.1082],[99.9131,14.1071],[99.9122,14.1063],[99.9103,14.1065],[99.9103,14.1057],[99.9111,14.1055],[99.9111,14.1049],[99.9117,14.1049],[99.9119,14.1044],[99.9128,14.1044],[99.9133,14.1036],[99.9139,14.1035],[99.9139,14.1041],[99.9144,14.1044],[99.9147,14.1071],[99.9156,14.1079],[99.9156,14.1087],[99.9161,14.109],[99.9158,14.1095],[99.9167,14.11],[99.9164,14.1106],[99.917,14.1109],[99.917,14.1122],[99.9178,14.113],[99.9175,14.1141],[99.9159,14.1144]],[[99.9159,14.1128],[99.9161,14.113],[99.9161,14.1128],[99.9159,14.1128]],[[99.915,14.1098],[99.9156,14.1101],[99.9156,14.1098],[99.915,14.1098]],[[99.9139,14.1076],[99.9142,14.1079],[99.9142,14.1076],[99.9139,14.1076]],[[99.9136,14.1068],[99.9139,14.1073],[99.9139,14.1068],[99.9136,14.1068]],[[99.9133,14.1063],[99.9136,14.1065],[99.9136,14.1063],[99.9133,14.1063]],[[99.9131,14.1049],[99.9133,14.1054],[99.9133,14.1049],[99.9131,14.1049]],[[99.9125,14.1049],[99.9128,14.1052],[99.9128,14.1049],[99.9125,14.1049]]]}},{"type":"Feature","properties":{"kind":"seasonal","area_km2":0.272,"date":"2026-10-02"},"geometry":{"type":"Polygon","coordinates":[[[99.0001,14.6318],[98.9998,14.6283],[99.0018,14.6283],[99.0018,14.6264],[99.0023,14.625],[99.0029,14.6247],[99.0026,14.6231],[99.0034,14.622],[99.0048,14.622],[99.0051,14.6226],[99.0068,14.6228],[99.0068,14.6215],[99.0079,14.6207],[99.0079,14.6198],[99.0051,14.6196],[99.0059,14.619],[99.0071,14.6193],[99.0073,14.6188],[99.0082,14.6188],[99.0087,14.6212],[99.0076,14.6223],[99.0076,14.6239],[99.0059,14.6239],[99.0048,14.6231],[99.0037,14.6234],[99.0043,14.6255],[99.0032,14.6264],[99.0034,14.628],[99.0023,14.6288],[99.0023,14.6293],[99.0004,14.6291],[99.0004,14.6304],[99.0009,14.6304],[99.0009,14.6315],[99.0001,14.6318]]]}},{"type":"Feature","properties":{"kind":"seasonal","area_km2":0.272,"date":"2026-10-09"},"geometry":{"type":"Polygon","coordinates":[[[99.4963,14.1544],[99.496,14.1531],[99.4955,14.1525],[99.4955,14.1501],[99.4977,14.149],[99.4993,14.1492],[99.4993,14.1509],[99.5002,14.1506],[99.5002,14.1498],[99.5016,14.1501],[99.5019,14.1522],[99.4999,14.1522],[99.4996,14.1539],[99.498,14.1536],[99.4971,14.1544],[99.4963,14.1544]]]}},{"type":"Feature","properties":{"kind":"seasonal","area_km2":0.259,"date":"2026-10-09"},"geometry":{"type":"Polygon","coordinates":[[[99.9904,14.3281],[99.9904,14.3275],[99.9893,14.3265],[99.9888,14.3265],[99.9888,14.3273],[99.9874,14.3273],[99.9871,14.3254],[99.986,14.3254],[99.986,14.324],[99.9876,14.3238],[99.9876,14.3224],[99.991,14.3221],[99.991,14.3235],[99.989,14.3238],[99.989,14.3243],[99.9879,14.3243],[99.9879,14.3251],[99.9896,14.3243],[99.9921,14.3243],[99.9918,14.3278],[99.9904,14.3281]],[[99.9902,14.3265],[99.9904,14.3267],[99.9904,14.3265],[99.9902,14.3265]]]}},{"type":"Feature","properties":{"kind":"seasonal","area_km2":0.252,"date":"2026-10-09"},"geometry":{"type":"Polygon","coordinates":[[[99.921,14.2918],[99.921,14.2901],[99.9205,14.2896],[99.9191,14.2901],[99.9191,14.2912],[99.9174,14.2915],[99.9169,14.2915],[99.9169,14.2899],[99.9188,14.289],[99.9191,14.2885],[99.9199,14.2885],[99.9202,14.288],[99.9216,14.288],[99.9224,14.2871],[99.9257,14.2871],[99.9257,14.2885],[99.9246,14.2896],[99.9232,14.2896],[99.923,14.2904],[99.9224,14.2904],[99.9224,14.2917],[99.921,14.2918]]]}},{"type":"Feature","properties":{"kind":"seasonal","area_km2":0.251,"date":"2026-10-09"},"geometry":{"type":"Polygon","coordinates":[[[99.7161,14.4826],[99.7122,14.4823],[99.7122,14.4812],[99.7133,14.4815],[99.7139,14.4812],[99.7139,14.4804],[99.7111,14.4804],[99.7116,14.4783],[99.7127,14.4783],[99.7127,14.4788],[99.7183,14.4782],[99.718,14.4807],[99.7169,14.481],[99.7161,14.4826]]]}},{"type":"Feature","properties":{"kind":"seasonal","area_km2":0.247,"date":"2026-10-09"},"geometry":{"type":"Polygon","coordinates":[[[99.9703,14.4323],[99.9692,14.4312],[99.9692,14.4302],[99.9683,14.4296],[99.9681,14.4285],[99.9695,14.4285],[99.9697,14.4291],[99.9717,14.4291],[99.972,14.4285],[99.9739,14.4288],[99.9742,14.4282],[99.9756,14.4282],[99.9764,14.429],[99.9761,14.4307],[99.9739,14.4304],[99.9728,14.4312],[99.9728,14.4323],[99.9703,14.4323]]]}},{"type":"Feature","properties":{"kind":"seasonal","area_km2":0.245,"date":"2026-10-09"},"geometry":{"type":"Polygon","coordinates":[[[99.7492,14.0596],[99.7495,14.0577],[99.7489,14.0569],[99.7489,14.0558],[99.7484,14.0553],[99.7486,14.0545],[99.7481,14.0545],[99.7481,14.0534],[99.7473,14.0534],[99.7467,14.0523],[99.7467,14.0515],[99.7475,14.051],[99.7475,14.0501],[99.7481,14.0496],[99.7489,14.0496],[99.7503,14.051],[99.7503,14.0518],[99.7511,14.0528],[99.7512,14.0569],[99.7503,14.0594],[99.7492,14.0596]],[[99.7498,14.0558],[99.7509,14.0556],[99.7509,14.055],[99.7495,14.055],[99.7498,14.0558]],[[99.7492,14.0545],[99.75,14.0545],[99.7503,14.0539],[99.7498,14.0539],[99.7492,14.0545]],[[99.7498,14.0531],[99.75,14.0534],[99.75,14.0531],[99.7498,14.0531]],[[99.7473,14.0529],[99.7475,14.0531],[99.7475,14.0529],[99.7473,14.0529]],[[99.7478,14.0529],[99.7481,14.0531],[99.7481,14.0529],[99.7478,14.0529]],[[99.7484,14.0529],[99.7486,14.0531],[99.7486,14.0529],[99.7484,14.0529]],[[99.7489,14.0531],[99.7495,14.0531],[99.7495,14.0526],[99.7503,14.0523],[99.75,14.0515],[99.7486,14.0515],[99.7484,14.0523],[99.7489,14.0526],[99.7489,14.0531]],[[99.747,14.0518],[99.7473,14.0523],[99.7472,14.0518],[99.747,14.0518]]]}},{"type":"Feature","properties":{"kind":"seasonal","area_km2":0.241,"date":"2026-10-02"},"geometry":{"type":"Polygon","coordinates":[[[99.0508,14.8165],[99.0508,14.8157],[99.05,14.8154],[99.05,14.8146],[99.0503,14.8141],[99.0514,14.8138],[99.05,14.8132],[99.0497,14.8124],[99.0486,14.8127],[99.0483,14.8119],[99.052,14.8119],[99.0522,14.8132],[99.0536,14.813],[99.0536,14.8122],[99.055,14.8116],[99.0553,14.8105],[99.0561,14.8097],[99.0561,14.807],[99.0575,14.8067],[99.0575,14.8062],[99.0586,14.8065],[99.0586,14.8056],[99.0598,14.8062],[99.0603,14.8051],[99.062,14.8046],[99.0623,14.8029],[99.0628,14.8029],[99.0631,14.8024],[99.0631,14.8037],[99.0623,14.8046],[99.0623,14.8051],[99.0606,14.8056],[99.0598,14.807],[99.0581,14.807],[99.0572,14.8075],[99.0572,14.8089],[99.0567,14.8092],[99.0567,14.81],[99.0556,14.8111],[99.0553,14.8122],[99.0539,14.8135],[99.0525,14.8141],[99.0522,14.8149],[99.0508,14.8149],[99.0514,14.8162],[99.052,14.8162],[99.0508,14.8165]]]}},{"type":"Feature","properties":{"kind":"seasonal","area_km2":0.237,"date":"2026-10-09"},"geometry":{"type":"Polygon","coordinates":[[[99.994,14.3726],[99.9926,14.3717],[99.9929,14.3709],[99.9917,14.3704],[99.9915,14.369],[99.9909,14.3688],[99.9909,14.3677],[99.9926,14.3671],[99.9928,14.3666],[99.9959,14.366],[99.9956,14.3677],[99.9965,14.3677],[99.9965,14.3685],[99.9956,14.3685],[99.9956,14.3696],[99.9945,14.3696],[99.9945,14.3709],[99.994,14.3709],[99.994,14.3717],[99.9948,14.3717],[99.9948,14.3725],[99.994,14.3726]],[[99.9953,14.3677],[99.9956,14.3682],[99.9956,14.3677],[99.9953,14.3677]]]}},{"type":"Feature","properties":{"kind":"seasonal","area_km2":0.236,"date":"2026-10-09"},"geometry":{"type":"Polygon","coordinates":[[[99.6666,14.8606],[99.666,14.8589],[99.6646,14.8592],[99.6643,14.8597],[99.6632,14.8598],[99.6627,14.8595],[99.6627,14.8587],[99.6671,14.8578],[99.6685,14.8565],[99.6688,14.8535],[99.6693,14.8535],[99.6691,14.8519],[99.6696,14.8519],[99.6699,14.8508],[99.6699,14.8494],[99.6691,14.8492],[99.6688,14.8473],[99.6682,14.847],[99.669,14.8467],[99.6696,14.8475],[99.6696,14.8489],[99.6705,14.8497],[99.6696,14.8559],[99.6688,14.8559],[99.6691,14.8597],[99.6685,14.8606],[99.6666,14.8606]]]}},{"type":"Feature","properties":{"kind":"seasonal","area_km2":0.231,"date":"2026-10-02"},"geometry":{"type":"Polygon","coordinates":[[[99.0143,14.501],[99.0143,14.4967],[99.014,14.4953],[99.0129,14.4948],[99.0129,14.4932],[99.0151,14.4915],[99.0154,14.4921],[99.0137,14.4943],[99.0154,14.4959],[99.0157,14.4989],[99.0162,14.4989],[99.0162,14.4978],[99.0165,14.4972],[99.0171,14.4972],[99.0179,14.4953],[99.0207,14.4953],[99.021,14.4959],[99.0224,14.4959],[99.0224,14.4964],[99.0229,14.4964],[99.0218,14.4967],[99.0199,14.4959],[99.0185,14.4962],[99.0171,14.4981],[99.0168,14.5],[99.0162,14.5002],[99.0162,14.5008],[99.0143,14.501]]]}},{"type":"Feature","properties":{"kind":"seasonal","area_km2":0.231,"date":"2026-10-09"},"geometry":{"type":"Polygon","coordinates":[[[99.6503,14.3407],[99.648,14.3396],[99.6475,14.3382],[99.6469,14.3385],[99.6469,14.339],[99.6461,14.339],[99.6461,14.3382],[99.6455,14.3382],[99.6455,14.339],[99.6441,14.3388],[99.6447,14.3371],[99.6453,14.3371],[99.6455,14.3363],[99.6469,14.3358],[99.6477,14.3344],[99.6489,14.3347],[99.6491,14.3352],[99.6489,14.3366],[99.6497,14.3371],[99.6497,14.3379],[99.6511,14.3401],[99.6511,14.3407],[99.6503,14.3407]]]}},{"type":"Feature","properties":{"kind":"seasonal","area_km2":0.228,"date":"2026-10-02"},"geometry":{"type":"Polygon","coordinates":[[[99.2151,14.3029],[99.2146,14.3016],[99.2134,14.3016],[99.2134,14.3021],[99.2121,14.3016],[99.2104,14.3027],[99.2082,14.3021],[99.2076,14.3024],[99.2073,14.3019],[99.2068,14.3019],[99.2065,14.2991],[99.2073,14.2978],[99.2076,14.2951],[99.2082,14.2945],[99.2082,14.2937],[99.2095,14.2926],[99.2107,14.2907],[99.2115,14.2907],[99.2115,14.2921],[99.209,14.2943],[99.2087,14.2967],[99.2082,14.2972],[99.2073,14.3005],[99.2082,14.3016],[99.2107,14.3016],[99.2109,14.301],[99.2123,14.3008],[99.2132,14.3008],[99.2134,14.3013],[99.2143,14.301],[99.2154,14.3018],[99.2151,14.3029]]]}},{"type":"Feature","properties":{"kind":"seasonal","area_km2":0.225,"date":"2026-10-02"},"geometry":{"type":"Polygon","coordinates":[[[99.0558,14.4631],[99.0552,14.4625],[99.0544,14.4625],[99.0547,14.4617],[99.0541,14.4614],[99.0541,14.4601],[99.0549,14.4598],[99.0555,14.4568],[99.0566,14.4568],[99.0566,14.4563],[99.0572,14.456],[99.058,14.4528],[99.0597,14.4514],[99.0597,14.4522],[99.0591,14.4528],[99.0594,14.4555],[99.0577,14.4565],[99.0574,14.4576],[99.0566,14.4574],[99.0569,14.459],[99.0563,14.4595],[99.056,14.4612],[99.0572,14.4631],[99.0558,14.4631]]]}},{"type":"Feature","properties":{"kind":"seasonal","area_km2":0.219,"date":"2026-10-09"},"geometry":{"type":"Polygon","coordinates":[[[99.7413,14.0314],[99.7413,14.0301],[99.7425,14.0287],[99.7424,14.0279],[99.7416,14.0274],[99.7416,14.0266],[99.7433,14.0263],[99.743,14.0274],[99.7436,14.0274],[99.7436,14.0263],[99.7444,14.026],[99.7447,14.0238],[99.7455,14.0238],[99.7447,14.0249],[99.7463,14.0257],[99.7466,14.0276],[99.748,14.0274],[99.748,14.0295],[99.7458,14.0295],[99.7458,14.0282],[99.7449,14.0276],[99.7438,14.0276],[99.7427,14.029],[99.7433,14.0309],[99.7427,14.0309],[99.7425,14.0314],[99.7413,14.0314]]]}},{"type":"Feature","properties":{"kind":"seasonal","area_km2":0.218,"date":"2026-10-09"},"geometry":{"type":"Polygon","coordinates":[[[99.7658,14.0466],[99.765,14.0449],[99.7639,14.0441],[99.7633,14.0422],[99.7661,14.0417],[99.7692,14.0417],[99.7692,14.0444],[99.7683,14.0449],[99.7686,14.0466],[99.7658,14.0466]],[[99.7661,14.0444],[99.7686,14.0444],[99.7686,14.0428],[99.7678,14.0428],[99.7678,14.0433],[99.7667,14.0433],[99.7667,14.0438],[99.7661,14.0438],[99.7661,14.0444]]]}},{"type":"Feature","properties":{"kind":"seasonal","area_km2":0.216,"date":"2026-10-02"},"geometry":{"type":"Polygon","coordinates":[[[99.0611,14.7346],[99.0611,14.7338],[99.0625,14.7335],[99.0622,14.7324],[99.0628,14.7321],[99.0628,14.731],[99.0611,14.7294],[99.0625,14.7291],[99.0625,14.7286],[99.0636,14.7286],[99.0636,14.7281],[99.0617,14.7281],[99.0617,14.7267],[99.0603,14.727],[99.0606,14.7254],[99.0595,14.7251],[99.0592,14.7245],[99.0595,14.7226],[99.0606,14.7224],[99.0589,14.7221],[99.0595,14.7218],[99.0595,14.7213],[99.0603,14.7213],[99.0608,14.7202],[99.0611,14.721],[99.0606,14.721],[99.0603,14.7216],[99.0608,14.7218],[99.0608,14.7259],[99.062,14.7262],[99.0622,14.7267],[99.065,14.727],[99.065,14.7283],[99.0636,14.7289],[99.0631,14.73],[99.0634,14.7324],[99.0628,14.7327],[99.0628,14.734],[99.0611,14.7346]]]}},{"type":"Feature","properties":{"kind":"seasonal","area_km2":0.216,"date":"2026-10-09"},"geometry":{"type":"Polygon","coordinates":[[[99.8658,14.0365],[99.8653,14.0351],[99.8655,14.0337],[99.8675,14.0335],[99.8669,14.0324],[99.8658,14.0324],[99.8658,14.0313],[99.8664,14.0308],[99.8666,14.0294],[99.8672,14.0294],[99.8669,14.0308],[99.8675,14.0308],[99.8678,14.0302],[99.868,14.0324],[99.8686,14.0324],[99.8689,14.0329],[99.8694,14.0329],[99.8689,14.0321],[99.8689,14.0305],[99.8694,14.0299],[99.8691,14.031],[99.8694,14.0321],[99.8705,14.0332],[99.8705,14.0343],[99.8686,14.0343],[99.8681,14.0365],[99.8658,14.0365]]]}},{"type":"Feature","properties":{"kind":"seasonal","area_km2":0.215,"date":"2026-10-09"},"geometry":{"type":"Polygon","coordinates":[[[99.9818,14.317],[99.9818,14.3165],[99.9812,14.3162],[99.9798,14.3162],[99.9798,14.3154],[99.9804,14.3154],[99.9806,14.314],[99.9815,14.314],[99.9815,14.3119],[99.9809,14.3119],[99.9812,14.3105],[99.9823,14.3105],[99.9823,14.3116],[99.9834,14.3116],[99.9834,14.3127],[99.9843,14.3129],[99.9848,14.3137],[99.9848,14.3151],[99.984,14.3151],[99.984,14.3162],[99.9832,14.3165],[99.9832,14.317],[99.9818,14.317]]]}},{"type":"Feature","properties":{"kind":"seasonal","area_km2":0.21,"date":"2026-10-09"},"geometry":{"type":"Polygon","coordinates":[[[99.9469,14.3673],[99.9464,14.3657],[99.9433,14.3654],[99.9436,14.3635],[99.9475,14.3632],[99.9475,14.3627],[99.9452,14.3627],[99.9455,14.3616],[99.948,14.3616],[99.948,14.363],[99.9486,14.3632],[99.9486,14.366],[99.9478,14.366],[99.9478,14.3673],[99.9469,14.3673]]]}},{"type":"Feature","properties":{"kind":"seasonal","area_km2":0.207,"date":"2026-10-09"},"geometry":{"type":"Polygon","coordinates":[[[99.6517,14.3425],[99.6517,14.3417],[99.6511,14.3417],[99.6511,14.3407],[99.6514,14.3412],[99.6522,14.3412],[99.6572,14.3387],[99.6564,14.3371],[99.6564,14.3358],[99.6572,14.3347],[99.6572,14.3368],[99.6583,14.3376],[99.6597,14.3379],[99.6597,14.3395],[99.6553,14.3409],[99.6547,14.3412],[99.6547,14.3417],[99.6542,14.3415],[99.6528,14.3425],[99.6517,14.3425]]]}},{"type":"Feature","properties":{"kind":"seasonal","area_km2":0.205,"date":"2026-10-09"},"geometry":{"type":"Polygon","coordinates":[[[99.98,14.358],[99.98,14.3569],[99.9806,14.3566],[99.9803,14.3561],[99.9814,14.3558],[99.9814,14.3544],[99.983,14.3544],[99.9833,14.3539],[99.9858,14.3539],[99.9853,14.3547],[99.9858,14.3547],[99.9864,14.3558],[99.9864,14.3571],[99.9853,14.3571],[99.9839,14.3563],[99.9833,14.3569],[99.9833,14.3579],[99.98,14.358]],[[99.9853,14.3552],[99.9856,14.3555],[99.9856,14.3552],[99.9853,14.3552]],[[99.985,14.3547],[99.9853,14.355],[99.9853,14.3547],[99.985,14.3547]],[[99.9833,14.3542],[99.9836,14.3544],[99.9836,14.3542],[99.9833,14.3542]]]}},{"type":"Feature","properties":{"kind":"seasonal","area_km2":0.2,"date":"2026-10-09"},"geometry":{"type":"Polygon","coordinates":[[[99.8594,14.0888],[99.8596,14.088],[99.8607,14.0877],[99.861,14.0872],[99.8619,14.0872],[99.8621,14.0861],[99.8582,14.0872],[99.8569,14.088],[99.8568,14.0869],[99.8563,14.0869],[99.8563,14.0864],[99.8552,14.0864],[99.8552,14.0856],[99.856,14.0848],[99.8568,14.0848],[99.8571,14.0853],[99.858,14.0853],[99.858,14.0848],[99.8585,14.0848],[99.8585,14.0853],[99.8593,14.0853],[99.8593,14.0848],[99.861,14.0848],[99.861,14.0842],[99.8618,14.0839],[99.8621,14.0848],[99.8627,14.0848],[99.8627,14.0872],[99.8594,14.0888]],[[99.8591,14.0856],[99.8593,14.0861],[99.8593,14.0856],[99.8591,14.0856]],[[99.861,14.0856],[99.8616,14.0858],[99.8616,14.0856],[99.861,14.0856]]]}},{"type":"Feature","properties":{"kind":"seasonal","area_km2":0.197,"date":"2026-10-09"},"geometry":{"type":"Polygon","coordinates":[[[99.3355,14.8184],[99.3349,14.8179],[99.3349,14.8171],[99.3361,14.8163],[99.3358,14.8141],[99.3361,14.8111],[99.3347,14.8106],[99.3349,14.8089],[99.3361,14.8089],[99.3363,14.8095],[99.3388,14.8103],[99.3394,14.8119],[99.3394,14.8125],[99.3383,14.8133],[99.338,14.8176],[99.3369,14.8179],[99.3369,14.8184],[99.3355,14.8184]],[[99.3358,14.8179],[99.3369,14.8171],[99.3377,14.8135],[99.3375,14.813],[99.3383,14.813],[99.3386,14.8125],[99.3386,14.8106],[99.3377,14.8106],[99.3374,14.81],[99.3366,14.8103],[99.3366,14.813],[99.3361,14.813],[99.3366,14.8133],[99.3366,14.8168],[99.3355,14.8171],[99.3358,14.8179]]]}},{"type":"Feature","properties":{"kind":"seasonal","area_km2":0.193,"date":"2026-10-09"},"geometry":{"type":"Polygon","coordinates":[[[99.8363,14.0168],[99.8355,14.0154],[99.8355,14.0149],[99.8366,14.0146],[99.8366,14.0141],[99.836,14.0141],[99.8363,14.0132],[99.8369,14.0127],[99.8377,14.013],[99.8396,14.0111],[99.8418,14.0113],[99.8427,14.0121],[99.8441,14.0121],[99.8441,14.0127],[99.8452,14.0132],[99.8452,14.0151],[99.8446,14.0157],[99.8438,14.0157],[99.8438,14.0151],[99.8446,14.0151],[99.8446,14.014],[99.8438,14.0132],[99.8438,14.0127],[99.8424,14.0127],[99.8416,14.0116],[99.8388,14.0121],[99.8388,14.0127],[99.838,14.0135],[99.8388,14.0151],[99.8396,14.0154],[99.8396,14.0162],[99.8363,14.0168]]]}},{"type":"Feature","properties":{"kind":"seasonal","area_km2":0.189,"date":"2026-10-09"},"geometry":{"type":"Polygon","coordinates":[[[99.9271,14.3498],[99.9268,14.3481],[99.9263,14.3481],[99.9263,14.3476],[99.9246,14.3479],[99.9243,14.3473],[99.9235,14.3473],[99.9235,14.3465],[99.9254,14.3441],[99.9263,14.3441],[99.9263,14.346],[99.9268,14.346],[99.9274,14.3443],[99.9282,14.3443],[99.9282,14.3465],[99.9271,14.3468],[99.9279,14.3468],[99.9279,14.3479],[99.9288,14.3479],[99.9288,14.3495],[99.9271,14.3498]],[[99.9249,14.3473],[99.9252,14.3476],[99.9252,14.3473],[99.9249,14.3473]]]}},{"type":"Feature","properties":{"kind":"seasonal","area_km2":0.185,"date":"2026-10-09"},"geometry":{"type":"Polygon","coordinates":[[[99.6268,14.8875],[99.6229,14.8873],[99.6229,14.8862],[99.6234,14.8862],[99.6234,14.8854],[99.6226,14.8845],[99.6218,14.8846],[99.622,14.8827],[99.6237,14.8824],[99.6229,14.8826],[99.6226,14.8835],[99.6237,14.8854],[99.624,14.8848],[99.6279,14.8848],[99.6301,14.8856],[99.6312,14.8864],[99.6315,14.8872],[99.6321,14.8872],[99.631,14.8875],[99.6304,14.887],[99.6296,14.887],[99.6285,14.8859],[99.6254,14.8856],[99.6243,14.8864],[99.6268,14.8864],[99.6268,14.8875]]]}},{"type":"Feature","properties":{"kind":"seasonal","area_km2":0.185,"date":"2026-10-02"},"geometry":{"type":"Polygon","coordinates":[[[99.0672,14.6874],[99.0675,14.6852],[99.07,14.6847],[99.0686,14.6847],[99.0678,14.683],[99.0667,14.6836],[99.0653,14.6836],[99.065,14.6825],[99.0639,14.682],[99.0633,14.682],[99.0631,14.6825],[99.0614,14.6822],[99.0611,14.6841],[99.0606,14.6825],[99.06,14.6825],[99.06,14.6811],[99.0611,14.6811],[99.0628,14.682],[99.0631,14.6809],[99.0639,14.6806],[99.0639,14.6811],[99.0659,14.682],[99.0659,14.6828],[99.0681,14.6822],[99.0684,14.6833],[99.0689,14.6833],[99.0692,14.6838],[99.0711,14.6841],[99.0711,14.6849],[99.0703,14.6857],[99.0678,14.6855],[99.0678,14.6874],[99.0672,14.6874]]]}},{"type":"Feature","properties":{"kind":"seasonal","area_km2":0.185,"date":"2026-10-09"},"geometry":{"type":"Polygon","coordinates":[[[99.9382,14.3343],[99.9379,14.3335],[99.9371,14.3332],[99.9371,14.3318],[99.9357,14.3318],[99.9359,14.331],[99.9354,14.331],[99.9354,14.3294],[99.9379,14.3291],[99.9384,14.3302],[99.9382,14.3313],[99.9404,14.3313],[99.9407,14.3334],[99.9398,14.3343],[99.9382,14.3343]],[[99.9382,14.3335],[99.9385,14.3337],[99.9384,14.3335],[99.9382,14.3335]],[[99.9373,14.3313],[99.9379,14.3316],[99.9379,14.3313],[99.9373,14.3313]]]}},{"type":"Feature","properties":{"kind":"seasonal","area_km2":0.183,"date":"2026-10-09"},"geometry":{"type":"Polygon","coordinates":[[[99.9522,14.3516],[99.9522,14.3508],[99.951,14.3505],[99.951,14.3494],[99.9519,14.3497],[99.9521,14.3491],[99.951,14.3489],[99.951,14.3483],[99.9527,14.348],[99.9527,14.3467],[99.9521,14.3467],[99.9521,14.3451],[99.9538,14.3451],[99.9541,14.3467],[99.9549,14.3478],[99.9549,14.3491],[99.9544,14.3494],[99.9541,14.3513],[99.9522,14.3516]]]}},{"type":"Feature","properties":{"kind":"seasonal","area_km2":0.182,"date":"2026-10-09"},"geometry":{"type":"Polygon","coordinates":[[[99.708,14.0397],[99.7069,14.0389],[99.7044,14.0386],[99.7033,14.0375],[99.7033,14.037],[99.7027,14.037],[99.7027,14.0362],[99.7077,14.0359],[99.708,14.0375],[99.7091,14.0378],[99.7091,14.0391],[99.7089,14.0391],[99.7089,14.0397],[99.708,14.0397]],[[99.7083,14.0391],[99.7089,14.0391],[99.7089,14.0381],[99.7086,14.0381],[99.7083,14.0391]]]}},{"type":"Feature","properties":{"kind":"seasonal","area_km2":0.181,"date":"2026-10-09"},"geometry":{"type":"Polygon","coordinates":[[[99.7039,14.0337],[99.7038,14.0324],[99.7047,14.0316],[99.7058,14.0316],[99.705,14.0313],[99.7049,14.028],[99.7083,14.0286],[99.7088,14.0291],[99.7091,14.031],[99.7086,14.0315],[99.7075,14.0316],[99.7075,14.0321],[99.7066,14.0329],[99.705,14.0337],[99.7039,14.0337]],[[99.7066,14.0307],[99.7072,14.031],[99.7072,14.0307],[99.7066,14.0307]],[[99.7055,14.0294],[99.7075,14.0299],[99.7074,14.0294],[99.7069,14.0294],[99.7066,14.0286],[99.7055,14.0283],[99.7055,14.0294]]]}},{"type":"Feature","properties":{"kind":"seasonal","area_km2":0.179,"date":"2026-10-09"},"geometry":{"type":"Polygon","coordinates":[[[99.8722,14.0199],[99.8697,14.0196],[99.868,14.0177],[99.866,14.0177],[99.866,14.0161],[99.8671,14.0161],[99.8663,14.0164],[99.8663,14.0175],[99.8683,14.0175],[99.8685,14.0158],[99.8702,14.0158],[99.8702,14.0164],[99.8708,14.0166],[99.8705,14.0175],[99.8716,14.0183],[99.8724,14.0183],[99.8724,14.0188],[99.8733,14.0188],[99.8735,14.0174],[99.8749,14.0169],[99.8744,14.0166],[99.8749,14.015],[99.8749,14.0155],[99.8755,14.0158],[99.8755,14.0169],[99.8741,14.0177],[99.8741,14.0185],[99.8735,14.0191],[99.8722,14.0194],[99.8722,14.0199]]]}},{"type":"Feature","properties":{"kind":"seasonal","area_km2":0.179,"date":"2026-10-09"},"geometry":{"type":"Polygon","coordinates":[[[99.6827,14.0145],[99.6824,14.014],[99.681,14.014],[99.6818,14.0132],[99.6805,14.0132],[99.6804,14.0118],[99.6807,14.011],[99.681,14.0118],[99.6816,14.0118],[99.6821,14.0113],[99.6824,14.0099],[99.6829,14.0097],[99.6829,14.0088],[99.6835,14.0088],[99.6835,14.0099],[99.6846,14.0099],[99.6849,14.0132],[99.6843,14.0145],[99.6827,14.0145]],[[99.6818,14.0121],[99.6832,14.0118],[99.6832,14.0115],[99.6821,14.0116],[99.6818,14.0121]]]}},{"type":"Feature","properties":{"kind":"seasonal","area_km2":0.175,"date":"2026-10-09"},"geometry":{"type":"Polygon","coordinates":[[[99.9638,14.4177],[99.963,14.4161],[99.9611,14.4161],[99.961,14.4139],[99.9638,14.4139],[99.9663,14.4147],[99.9666,14.4171],[99.9638,14.4177]]]}},{"type":"Feature","properties":{"kind":"seasonal","area_km2":0.175,"date":"2026-10-09"},"geometry":{"type":"Polygon","coordinates":[[[99.9591,14.2723],[99.9585,14.2718],[99.9574,14.2718],[99.9574,14.271],[99.956,14.2713],[99.9557,14.2705],[99.954,14.2691],[99.9515,14.2688],[99.9515,14.2675],[99.9529,14.2675],[99.9529,14.2669],[99.9551,14.2669],[99.9551,14.2688],[99.9574,14.2691],[99.9579,14.2704],[99.9593,14.271],[99.9596,14.2721],[99.9591,14.2723]]]}},{"type":"Feature","properties":{"kind":"seasonal","area_km2":0.172,"date":"2026-10-02"},"geometry":{"type":"Polygon","coordinates":[[[99.1959,14.3246],[99.1968,14.3227],[99.1984,14.3214],[99.199,14.32],[99.2021,14.317],[99.2032,14.3132],[99.2043,14.313],[99.2043,14.3149],[99.2037,14.3162],[99.2032,14.3165],[99.2032,14.3173],[99.2004,14.32],[99.2001,14.3211],[99.1996,14.3211],[99.1979,14.3227],[99.1973,14.3241],[99.1959,14.3246]]]}},{"type":"Feature","properties":{"kind":"seasonal","area_km2":0.17,"date":"2026-10-09"},"geometry":{"type":"Polygon","coordinates":[[[99.9628,14.3597],[99.9625,14.3575],[99.9602,14.3575],[99.9597,14.357],[99.9597,14.3551],[99.9602,14.3553],[99.9608,14.3545],[99.9613,14.3545],[99.9616,14.3559],[99.9627,14.3561],[99.9627,14.3567],[99.9653,14.3569],[99.9653,14.3597],[99.9628,14.3597]]]}},{"type":"Feature","properties":{"kind":"seasonal","area_km2":0.167,"date":"2026-10-09"},"geometry":{"type":"Polygon","coordinates":[[[99.8952,14.0803],[99.8949,14.0787],[99.8943,14.0784],[99.8927,14.0789],[99.8924,14.0781],[99.8924,14.0792],[99.891,14.0792],[99.8902,14.0784],[99.8907,14.0779],[99.8921,14.0776],[99.8927,14.076],[99.8924,14.0746],[99.8943,14.0757],[99.8943,14.0768],[99.8949,14.0768],[99.8952,14.0773],[99.8954,14.0768],[99.896,14.077],[99.8963,14.08],[99.8952,14.0803]]]}},{"type":"Feature","properties":{"kind":"seasonal","area_km2":0.165,"date":"2026-10-09"},"geometry":{"type":"Polygon","coordinates":[[[99.9633,14.2786],[99.963,14.278],[99.9619,14.278],[99.9619,14.2772],[99.9607,14.2761],[99.9585,14.2756],[99.9582,14.274],[99.9596,14.274],[99.9596,14.2745],[99.9613,14.2748],[99.9618,14.2753],[99.9644,14.2756],[99.9646,14.2783],[99.9633,14.2786]],[[99.963,14.2769],[99.9632,14.2775],[99.9632,14.2769],[99.963,14.2769]]]}},{"type":"Feature","properties":{"kind":"seasonal","area_km2":0.164,"date":"2026-10-02"},"geometry":{"type":"Polygon","coordinates":[[[99.1942,14.5663],[99.1939,14.5655],[99.192,14.565],[99.1914,14.5644],[99.1906,14.5644],[99.19,14.5652],[99.1878,14.565],[99.1858,14.5661],[99.1842,14.5658],[99.1842,14.5653],[99.1856,14.5653],[99.1861,14.5647],[99.1881,14.5642],[99.1897,14.5642],[99.19,14.5636],[99.192,14.5639],[99.1909,14.5628],[99.1923,14.5628],[99.1925,14.5633],[99.1945,14.5639],[99.1945,14.5644],[99.1956,14.565],[99.1956,14.5663],[99.1942,14.5663]],[[99.1923,14.5639],[99.1925,14.5642],[99.1925,14.5639],[99.1923,14.5639]]]}},{"type":"Feature","properties":{"kind":"seasonal","area_km2":0.163,"date":"2026-10-09"},"geometry":{"type":"Polygon","coordinates":[[[99.9005,14.0873],[99.9005,14.0865],[99.8999,14.086],[99.8983,14.0862],[99.898,14.0849],[99.9002,14.0833],[99.901,14.0833],[99.9013,14.0827],[99.9027,14.0827],[99.903,14.0841],[99.9035,14.0841],[99.9038,14.0849],[99.9027,14.0846],[99.9021,14.0849],[99.9021,14.0854],[99.9013,14.0854],[99.9021,14.0857],[99.9019,14.0873],[99.9005,14.0873]],[[99.8996,14.0852],[99.8999,14.0854],[99.8999,14.0852],[99.8996,14.0852]],[[99.8994,14.0843],[99.8996,14.0852],[99.8996,14.0843],[99.8994,14.0843]],[[99.9013,14.0835],[99.9016,14.0838],[99.9016,14.0835],[99.9013,14.0835]]]}},{"type":"Feature","properties":{"kind":"seasonal","area_km2":0.161,"date":"2026-10-09"},"geometry":{"type":"Polygon","coordinates":[[[99.4244,14.7987],[99.4247,14.7979],[99.4244,14.7974],[99.4238,14.7974],[99.4236,14.7955],[99.425,14.7952],[99.4258,14.7944],[99.4261,14.7933],[99.4266,14.7933],[99.4266,14.7949],[99.4261,14.7955],[99.4269,14.7955],[99.4272,14.7933],[99.4283,14.7925],[99.4291,14.7925],[99.4291,14.7936],[99.4283,14.7944],[99.4283,14.7955],[99.4277,14.7955],[99.4278,14.7963],[99.4247,14.7958],[99.425,14.7968],[99.4269,14.7968],[99.4272,14.7974],[99.4266,14.7974],[99.4264,14.7982],[99.4244,14.7987]]]}},{"type":"Feature","properties":{"kind":"seasonal","area_km2":0.16,"date":"2026-10-09"},"geometry":{"type":"Polygon","coordinates":[[[99.7898,14.845],[99.7887,14.8442],[99.787,14.8444],[99.787,14.8423],[99.7878,14.8415],[99.7914,14.8414],[99.7914,14.8447],[99.7898,14.845]]]}},{"type":"Feature","properties":{"kind":"seasonal","area_km2":0.158,"date":"2026-10-02"},"geometry":{"type":"Polygon","coordinates":[[[99.175,14.9849],[99.1753,14.9813],[99.1745,14.9794],[99.1736,14.9792],[99.1734,14.9778],[99.1725,14.977],[99.1725,14.9759],[99.1734,14.9754],[99.1739,14.9719],[99.1753,14.9716],[99.1759,14.9705],[99.1761,14.9683],[99.1761,14.9689],[99.177,14.9691],[99.177,14.97],[99.1764,14.97],[99.1767,14.9705],[99.1761,14.9705],[99.1762,14.9713],[99.1753,14.9721],[99.1745,14.9721],[99.1742,14.9729],[99.1742,14.9746],[99.1753,14.9759],[99.1734,14.9762],[99.1739,14.9784],[99.1753,14.9786],[99.1759,14.9805],[99.1756,14.9841],[99.175,14.9849]]]}},{"type":"Feature","properties":{"kind":"seasonal","area_km2":0.158,"date":"2026-10-02"},"geometry":{"type":"Polygon","coordinates":[[[99.1697,14.5918],[99.1697,14.591],[99.1708,14.5913],[99.1708,14.5908],[99.1717,14.5908],[99.1717,14.5899],[99.1689,14.5902],[99.1686,14.5891],[99.1675,14.5886],[99.1675,14.5875],[99.168,14.5875],[99.1675,14.5864],[99.168,14.5856],[99.1675,14.5853],[99.1672,14.5843],[99.1664,14.584],[99.1664,14.5829],[99.1675,14.5834],[99.1686,14.5856],[99.1692,14.5856],[99.1692,14.587],[99.1689,14.5875],[99.1683,14.5875],[99.1683,14.5883],[99.1692,14.5889],[99.1692,14.5897],[99.1703,14.5899],[99.1706,14.5894],[99.1725,14.5894],[99.1733,14.5899],[99.1733,14.5913],[99.1728,14.5913],[99.1728,14.5918],[99.1697,14.5918]],[[99.168,14.587],[99.1683,14.5872],[99.1683,14.587],[99.168,14.587]]]}},{"type":"Feature","properties":{"kind":"seasonal","area_km2":0.156,"date":"2026-10-09"},"geometry":{"type":"Polygon","coordinates":[[[99.9044,14.0849],[99.9038,14.0832],[99.9032,14.083],[99.9032,14.0819],[99.9041,14.0816],[99.9046,14.0808],[99.9063,14.0808],[99.9066,14.0816],[99.9077,14.0819],[99.9077,14.0835],[99.9071,14.0843],[99.906,14.0849],[99.9044,14.0849]],[[99.9057,14.0835],[99.906,14.0838],[99.906,14.0835],[99.9057,14.0835]],[[99.9052,14.0835],[99.9057,14.0835],[99.906,14.083],[99.9055,14.0827],[99.9052,14.0835]]]}},{"type":"Feature","properties":{"kind":"seasonal","area_km2":0.154,"date":"2026-10-09"},"geometry":{"type":"Polygon","coordinates":[[[99.9858,14.4011],[99.9838,14.4008],[99.9838,14.4003],[99.9827,14.3997],[99.983,14.3986],[99.9819,14.3986],[99.9818,14.3976],[99.9824,14.3976],[99.9827,14.397],[99.9835,14.3973],[99.9835,14.3965],[99.9849,14.3965],[99.9857,14.3975],[99.9863,14.3975],[99.9863,14.3989],[99.9849,14.3997],[99.9852,14.4003],[99.9858,14.4002],[99.9858,14.4011]],[[99.9832,14.3975],[99.9835,14.3978],[99.9835,14.3975],[99.9832,14.3975]],[[99.983,14.3973],[99.9832,14.3975],[99.9832,14.3973],[99.983,14.3973]]]}},{"type":"Feature","properties":{"kind":"seasonal","area_km2":0.154,"date":"2026-10-09"},"geometry":{"type":"Polygon","coordinates":[[[99.7628,14.0371],[99.7628,14.0363],[99.7636,14.036],[99.7633,14.0349],[99.7639,14.0354],[99.7658,14.0349],[99.7653,14.0346],[99.7652,14.0335],[99.7644,14.0327],[99.7658,14.0327],[99.7669,14.0338],[99.7686,14.0343],[99.7689,14.0371],[99.7678,14.0371],[99.7672,14.036],[99.7647,14.0365],[99.7644,14.0371],[99.7628,14.0371]],[[99.7672,14.0357],[99.7678,14.0354],[99.7678,14.0346],[99.7664,14.0349],[99.7672,14.0357]]]}},{"type":"Feature","properties":{"kind":"seasonal","area_km2":0.152,"date":"2026-10-09"},"geometry":{"type":"Polygon","coordinates":[[[99.9389,14.3679],[99.9389,14.3668],[99.9397,14.3668],[99.9389,14.3665],[99.9389,14.3655],[99.94,14.3654],[99.9394,14.3649],[99.9397,14.3636],[99.9414,14.3635],[99.9425,14.3641],[99.9422,14.3676],[99.9389,14.3679]]]}},{"type":"Feature","properties":{"kind":"seasonal","area_km2":0.152,"date":"2026-10-09"},"geometry":{"type":"Polygon","coordinates":[[[99.9914,14.3669],[99.9898,14.3663],[99.9898,14.365],[99.9903,14.365],[99.9903,14.3636],[99.9914,14.3633],[99.9906,14.3628],[99.9903,14.3606],[99.9928,14.3609],[99.9934,14.362],[99.9934,14.3633],[99.9917,14.3636],[99.9923,14.3655],[99.9914,14.3658],[99.9914,14.3669]]]}},{"type":"Feature","properties":{"kind":"seasonal","area_km2":0.151,"date":"2026-10-09"},"geometry":{"type":"Polygon","coordinates":[[[99.7318,14.0114],[99.7316,14.0106],[99.7304,14.0098],[99.7304,14.0087],[99.731,14.0084],[99.731,14.0079],[99.7302,14.0079],[99.7302,14.0071],[99.734,14.0073],[99.7346,14.0079],[99.7346,14.009],[99.7341,14.009],[99.7332,14.0098],[99.7332,14.0111],[99.7318,14.0114]]]}},{"type":"Feature","properties":{"kind":"seasonal","area_km2":0.15,"date":"2026-10-09"},"geometry":{"type":"Polygon","coordinates":[[[99.9394,14.4371],[99.9394,14.436],[99.9403,14.4352],[99.9403,14.4343],[99.9414,14.4343],[99.9414,14.4327],[99.9439,14.4327],[99.9436,14.4365],[99.9422,14.4365],[99.9419,14.4349],[99.9414,14.4346],[99.9417,14.437],[99.9394,14.4371]],[[99.9408,14.436],[99.9411,14.4362],[99.9411,14.436],[99.9408,14.436]],[[99.9405,14.4354],[99.9408,14.436],[99.9411,14.4354],[99.9405,14.4354]]]}},{"type":"Feature","properties":{"kind":"seasonal","area_km2":0.15,"date":"2026-10-09"},"geometry":{"type":"Polygon","coordinates":[[[99.6927,14.0264],[99.6927,14.0243],[99.6935,14.0229],[99.6927,14.021],[99.6941,14.0213],[99.6952,14.0221],[99.6952,14.0226],[99.6963,14.0221],[99.696,14.021],[99.6966,14.021],[99.6969,14.024],[99.6949,14.0243],[99.6941,14.0251],[99.6941,14.0259],[99.6927,14.0264]]]}},{"type":"Feature","properties":{"kind":"seasonal","area_km2":0.147,"date":"2026-10-09"},"geometry":{"type":"Polygon","coordinates":[[[99.9294,14.3663],[99.9291,14.3647],[99.9302,14.3647],[99.9305,14.3641],[99.9311,14.3641],[99.9302,14.3633],[99.9302,14.362],[99.9333,14.3625],[99.9333,14.3644],[99.9327,14.3647],[99.9327,14.3657],[99.9322,14.3663],[99.9294,14.3663]]]}},{"type":"Feature","properties":{"kind":"seasonal","area_km2":0.146,"date":"2026-10-09"},"geometry":{"type":"Polygon","coordinates":[[[99.8941,14.3008],[99.8941,14.2997],[99.8927,14.2997],[99.8927,14.2978],[99.8932,14.2978],[99.8935,14.2973],[99.8949,14.2975],[99.8949,14.297],[99.8955,14.297],[99.8949,14.2967],[99.8949,14.2951],[99.896,14.2951],[99.8966,14.2986],[99.8955,14.2992],[99.8955,14.3008],[99.8941,14.3008]]]}},{"type":"Feature","properties":{"kind":"seasonal","area_km2":0.144,"date":"2026-10-09"},"geometry":{"type":"Polygon","coordinates":[[[99.996,14.3321],[99.9955,14.3313],[99.9955,14.3294],[99.9963,14.3291],[99.9963,14.3278],[99.9949,14.3278],[99.9943,14.3264],[99.9963,14.3264],[99.9963,14.327],[99.9982,14.3272],[99.9982,14.3291],[99.9968,14.3294],[99.9968,14.33],[99.9977,14.33],[99.9971,14.3305],[99.9977,14.3308],[99.9977,14.3319],[99.996,14.3321]]]}},{"type":"Feature","properties":{"kind":"seasonal","area_km2":0.143,"date":"2026-10-09"},"geometry":{"type":"Polygon","coordinates":[[[99.8882,14.0841],[99.888,14.083],[99.8874,14.083],[99.8871,14.0825],[99.8882,14.0822],[99.8885,14.0809],[99.8868,14.0806],[99.8885,14.0798],[99.8902,14.0798],[99.891,14.0809],[99.8913,14.0827],[99.8894,14.0841],[99.8882,14.0841]]]}},{"type":"Feature","properties":{"kind":"seasonal","area_km2":0.143,"date":"2026-10-09"},"geometry":{"type":"Polygon","coordinates":[[[99.8652,14.0077],[99.8649,14.0069],[99.8627,14.0069],[99.8624,14.0053],[99.8635,14.005],[99.8638,14.0055],[99.8646,14.0055],[99.8652,14.0047],[99.8649,14.0036],[99.8654,14.0036],[99.8654,14.0042],[99.8671,14.0036],[99.8671,14.0045],[99.8663,14.0053],[99.8677,14.0061],[99.8677,14.0072],[99.8652,14.0077]]]}},{"type":"Feature","properties":{"kind":"seasonal","area_km2":0.14,"date":"2026-10-09"},"geometry":{"type":"Polygon","coordinates":[[[99.1929,14.9355],[99.1929,14.9349],[99.1909,14.9341],[99.1943,14.9344],[99.1948,14.9339],[99.1965,14.9336],[99.1965,14.933],[99.1976,14.9328],[99.1979,14.9322],[99.2007,14.9322],[99.2009,14.9298],[99.2026,14.9298],[99.2026,14.9306],[99.2021,14.9309],[99.2021,14.9328],[99.2015,14.932],[99.2015,14.9325],[99.2007,14.9325],[99.2004,14.9336],[99.1979,14.933],[99.1968,14.9341],[99.1948,14.9344],[99.1943,14.9355],[99.1929,14.9355]]]}},{"type":"Feature","properties":{"kind":"seasonal","area_km2":0.139,"date":"2026-10-09"},"geometry":{"type":"Polygon","coordinates":[[[99.9733,14.3404],[99.9727,14.3398],[99.9732,14.3374],[99.973,14.3352],[99.9735,14.3355],[99.9738,14.3349],[99.9732,14.3347],[99.9732,14.3341],[99.9741,14.3341],[99.9752,14.3352],[99.9752,14.3395],[99.9746,14.3398],[99.9746,14.3404],[99.9733,14.3404]],[[99.9735,14.3393],[99.9738,14.3395],[99.9738,14.3393],[99.9735,14.3393]],[[99.9732,14.339],[99.9735,14.3393],[99.9735,14.339],[99.9732,14.339]]]}},{"type":"Feature","properties":{"kind":"seasonal","area_km2":0.139,"date":"2026-10-09"},"geometry":{"type":"Polygon","coordinates":[[[99.7971,14.0728],[99.7948,14.0725],[99.7951,14.0712],[99.7968,14.0703],[99.7984,14.0682],[99.7995,14.0682],[99.7998,14.0698],[99.799,14.0714],[99.7976,14.0717],[99.7971,14.0728]]]}},{"type":"Feature","properties":{"kind":"seasonal","area_km2":0.138,"date":"2026-10-09"},"geometry":{"type":"Polygon","coordinates":[[[99.9658,14.4079],[99.9655,14.4066],[99.9635,14.4071],[99.9632,14.4041],[99.9652,14.4044],[99.9655,14.406],[99.9657,14.4055],[99.968,14.4057],[99.9683,14.4079],[99.9658,14.4079]]]}},{"type":"Feature","properties":{"kind":"seasonal","area_km2":0.136,"date":"2026-10-09"},"geometry":{"type":"Polygon","coordinates":[[[99.9851,14.5017],[99.9829,14.5014],[99.9829,14.5003],[99.9823,14.4995],[99.9823,14.4974],[99.9814,14.4968],[99.9814,14.496],[99.982,14.4955],[99.9834,14.4957],[99.9834,14.4965],[99.9839,14.4965],[99.984,14.4982],[99.9834,14.4982],[99.9834,14.4987],[99.984,14.499],[99.984,14.4998],[99.9851,14.4998],[99.9851,14.5017]]]}},{"type":"Feature","properties":{"kind":"seasonal","area_km2":0.134,"date":"2026-10-02"},"geometry":{"type":"Polygon","coordinates":[[[99.1185,14.1126],[99.1165,14.1123],[99.1165,14.1115],[99.1171,14.1112],[99.1179,14.1088],[99.1185,14.1082],[99.1207,14.1085],[99.1215,14.1093],[99.1213,14.1104],[99.1204,14.1112],[99.1193,14.1115],[99.1185,14.1126]],[[99.1179,14.1101],[99.1182,14.1109],[99.1182,14.1104],[99.1188,14.1101],[99.1179,14.1101]],[[99.1196,14.1109],[99.1199,14.1104],[99.121,14.1104],[99.121,14.1099],[99.1199,14.1096],[99.1204,14.1101],[99.119,14.1101],[99.1196,14.1109]]]}},{"type":"Feature","properties":{"kind":"seasonal","area_km2":0.131,"date":"2026-10-09"},"geometry":{"type":"Polygon","coordinates":[[[99.9347,14.3617],[99.9305,14.3614],[99.9305,14.3587],[99.9322,14.3587],[99.9324,14.3592],[99.9335,14.3595],[99.9347,14.3592],[99.9347,14.3617]]]}},{"type":"Feature","properties":{"kind":"seasonal","area_km2":0.128,"date":"2026-10-02"},"geometry":{"type":"Polygon","coordinates":[[[99.0204,14.4867],[99.0199,14.485],[99.021,14.4848],[99.021,14.4842],[99.0201,14.4842],[99.0201,14.4829],[99.021,14.4823],[99.0213,14.481],[99.0229,14.481],[99.0229,14.4799],[99.0251,14.4802],[99.0246,14.4818],[99.0229,14.4821],[99.0221,14.4831],[99.0213,14.4831],[99.0215,14.4848],[99.0207,14.485],[99.0204,14.4867]]]}},{"type":"Feature","properties":{"kind":"seasonal","area_km2":0.126,"date":"2026-10-02"},"geometry":{"type":"Polygon","coordinates":[[[99.0093,14.6383],[99.0071,14.638],[99.0071,14.6372],[99.0082,14.6353],[99.0082,14.634],[99.0087,14.6334],[99.0076,14.6331],[99.0071,14.6353],[99.0062,14.6353],[99.0057,14.6342],[99.0048,14.6342],[99.0046,14.6348],[99.0046,14.6337],[99.0057,14.6331],[99.0068,14.634],[99.0073,14.6323],[99.0087,14.6326],[99.0087,14.6321],[99.0093,14.6321],[99.0096,14.6337],[99.009,14.634],[99.0085,14.6367],[99.0076,14.6372],[99.0079,14.6377],[99.009,14.6372],[99.0093,14.6383]]]}},{"type":"Feature","properties":{"kind":"seasonal","area_km2":0.126,"date":"2026-10-02"},"geometry":{"type":"Polygon","coordinates":[[[99.0736,14.5645],[99.0742,14.564],[99.0742,14.5631],[99.0733,14.5634],[99.0731,14.5626],[99.0711,14.5626],[99.0708,14.564],[99.0708,14.5631],[99.0692,14.5623],[99.0692,14.5607],[99.068,14.561],[99.068,14.5604],[99.0692,14.5602],[99.0706,14.5615],[99.0711,14.5615],[99.0714,14.5602],[99.0733,14.5602],[99.0736,14.5623],[99.075,14.5631],[99.075,14.564],[99.0745,14.5645],[99.0736,14.5645]],[[99.0728,14.5623],[99.0733,14.5618],[99.0728,14.5607],[99.0722,14.5607],[99.0717,14.5618],[99.0728,14.5623]]]}},{"type":"Feature","properties":{"kind":"seasonal","area_km2":0.126,"date":"2026-10-09"},"geometry":{"type":"Polygon","coordinates":[[[99.9836,14.0949],[99.9839,14.0924],[99.9833,14.0924],[99.9833,14.0932],[99.9822,14.0932],[99.9819,14.0927],[99.98,14.0933],[99.9797,14.0916],[99.9805,14.0911],[99.983,14.0911],[99.9836,14.0922],[99.9847,14.0921],[99.985,14.0946],[99.9836,14.0949]]]}},{"type":"Feature","properties":{"kind":"seasonal","area_km2":0.124,"date":"2026-10-09"},"geometry":{"type":"Polygon","coordinates":[[[99.9908,14.3552],[99.9908,14.3544],[99.9903,14.3541],[99.9906,14.353],[99.9897,14.3528],[99.9897,14.3514],[99.9936,14.3511],[99.9936,14.3525],[99.9922,14.353],[99.9928,14.3533],[99.9925,14.3549],[99.9908,14.3552]]]}},{"type":"Feature","properties":{"kind":"seasonal","area_km2":0.123,"date":"2026-10-02"},"geometry":{"type":"Polygon","coordinates":[[[99.1655,14.5924],[99.1653,14.5891],[99.1644,14.5889],[99.1641,14.5878],[99.1636,14.5878],[99.1639,14.5872],[99.1627,14.5867],[99.1627,14.5856],[99.1614,14.5848],[99.1608,14.5821],[99.1594,14.5813],[99.16,14.5807],[99.1605,14.5807],[99.1605,14.5815],[99.1614,14.5815],[99.1614,14.5832],[99.1619,14.5834],[99.1622,14.5845],[99.1636,14.5859],[99.1641,14.5859],[99.1644,14.5875],[99.1655,14.5878],[99.1655,14.5886],[99.1661,14.5891],[99.1661,14.5921],[99.1655,14.5924]]]}},{"type":"Feature","properties":{"kind":"seasonal","area_km2":0.122,"date":"2026-10-09"},"geometry":{"type":"Polygon","coordinates":[[[99.991,14.5084],[99.9904,14.5071],[99.9904,14.5052],[99.9909,14.5046],[99.9921,14.5046],[99.9923,14.5055],[99.9932,14.5049],[99.9943,14.5049],[99.9946,14.5065],[99.9926,14.5068],[99.9924,14.5082],[99.991,14.5084]]]}},{"type":"Feature","properties":{"kind":"seasonal","area_km2":0.118,"date":"2026-10-09"},"geometry":{"type":"Polygon","coordinates":[[[99.9364,14.4344],[99.9355,14.4335],[99.9364,14.4335],[99.9364,14.433],[99.9358,14.433],[99.9355,14.4322],[99.9372,14.4322],[99.9377,14.4319],[99.9377,14.4308],[99.9389,14.4308],[99.9394,14.4314],[99.9394,14.4341],[99.9364,14.4344]]]}},{"type":"Feature","properties":{"kind":"seasonal","area_km2":0.118,"date":"2026-10-09"},"geometry":{"type":"Polygon","coordinates":[[[99.8969,14.0846],[99.8968,14.0833],[99.8957,14.0838],[99.8941,14.0838],[99.8932,14.0822],[99.8949,14.0822],[99.8952,14.0816],[99.8966,14.0816],[99.8971,14.0825],[99.8993,14.0822],[99.8994,14.0835],[99.898,14.0838],[99.8974,14.0846],[99.8969,14.0846]]]}},{"type":"Feature","properties":{"kind":"seasonal","area_km2":0.116,"date":"2026-10-09"},"geometry":{"type":"Polygon","coordinates":[[[99.9276,14.0615],[99.9273,14.0604],[99.9259,14.0612],[99.9237,14.0604],[99.9245,14.0604],[99.9245,14.059],[99.9251,14.0588],[99.9259,14.0587],[99.9262,14.0596],[99.9268,14.0596],[99.927,14.0601],[99.9293,14.059],[99.9304,14.0593],[99.9304,14.0604],[99.9298,14.0609],[99.9276,14.0615]]]}},{"type":"Feature","properties":{"kind":"seasonal","area_km2":0.113,"date":"2026-10-09"},"geometry":{"type":"Polygon","coordinates":[[[99.9258,14.2904],[99.9263,14.2868],[99.9271,14.2868],[99.9277,14.286],[99.9285,14.286],[99.9294,14.2868],[99.9291,14.2882],[99.9282,14.2882],[99.9277,14.2901],[99.9258,14.2904]],[[99.9271,14.2887],[99.9274,14.289],[99.9274,14.2887],[99.9271,14.2887]],[[99.9271,14.2868],[99.9274,14.2871],[99.9274,14.2868],[99.9271,14.2868]],[[99.928,14.2863],[99.9285,14.2868],[99.9285,14.2863],[99.928,14.2863]]]}},{"type":"Feature","properties":{"kind":"seasonal","area_km2":0.113,"date":"2026-10-09"},"geometry":{"type":"Polygon","coordinates":[[[99.8965,14.0689],[99.8962,14.0675],[99.899,14.0662],[99.899,14.0656],[99.9004,14.0648],[99.9004,14.0656],[99.9012,14.0659],[99.9007,14.0673],[99.8993,14.0678],[99.8987,14.0686],[99.8965,14.0689]]]}},{"type":"Feature","properties":{"kind":"seasonal","area_km2":0.113,"date":"2026-10-02"},"geometry":{"type":"Polygon","coordinates":[[[99.082,14.574],[99.0817,14.5726],[99.0831,14.5726],[99.0831,14.5718],[99.0817,14.5718],[99.0811,14.5713],[99.0789,14.5713],[99.0784,14.5707],[99.0784,14.5699],[99.0817,14.5702],[99.0834,14.5699],[99.0836,14.5694],[99.0848,14.5691],[99.0848,14.5697],[99.0842,14.5697],[99.0839,14.5705],[99.0823,14.5707],[99.0834,14.5713],[99.0834,14.5729],[99.0825,14.5729],[99.0825,14.574],[99.082,14.574]]]}},{"type":"Feature","properties":{"kind":"seasonal","area_km2":0.112,"date":"2026-10-09"},"geometry":{"type":"Polygon","coordinates":[[[99.9378,14.4471],[99.9334,14.4468],[99.9333,14.4447],[99.9347,14.4447],[99.935,14.4452],[99.9372,14.4449],[99.9375,14.4455],[99.9381,14.4455],[99.9378,14.4471]]]}},{"type":"Feature","properties":{"kind":"seasonal","area_km2":0.109,"date":"2026-10-09"},"geometry":{"type":"Polygon","coordinates":[[[99.7901,14.8626],[99.7898,14.861],[99.7909,14.8596],[99.7923,14.8593],[99.7923,14.861],[99.7937,14.8607],[99.7937,14.8626],[99.7901,14.8626]]]}},{"type":"Feature","properties":{"kind":"seasonal","area_km2":0.109,"date":"2026-10-09"},"geometry":{"type":"Polygon","coordinates":[[[99.9316,14.4189],[99.9316,14.4181],[99.9324,14.4178],[99.9305,14.4178],[99.9304,14.417],[99.9288,14.417],[99.9288,14.4154],[99.9304,14.4154],[99.9304,14.4165],[99.9318,14.4167],[99.933,14.4167],[99.9329,14.4159],[99.9343,14.4159],[99.9343,14.4173],[99.9332,14.4173],[99.9332,14.4186],[99.9316,14.4189]]]}},{"type":"Feature","properties":{"kind":"seasonal","area_km2":0.107,"date":"2026-10-09"},"geometry":{"type":"Polygon","coordinates":[[[99.9054,14.2875],[99.9049,14.2861],[99.9049,14.2842],[99.9065,14.2839],[99.9077,14.2848],[99.9079,14.2869],[99.9074,14.2875],[99.9054,14.2875]]]}},{"type":"Feature","properties":{"kind":"seasonal","area_km2":0.103,"date":"2026-10-09"},"geometry":{"type":"Polygon","coordinates":[[[99.94,14.3717],[99.94,14.3711],[99.9394,14.3709],[99.9394,14.3695],[99.9411,14.3692],[99.9411,14.3687],[99.943,14.3687],[99.9431,14.3709],[99.9417,14.3717],[99.94,14.3717]]]}},{"type":"Feature","properties":{"kind":"seasonal","area_km2":0.103,"date":"2026-10-09"},"geometry":{"type":"Polygon","coordinates":[[[99.9336,14.3682],[99.9336,14.3671],[99.9341,14.3663],[99.9338,14.3647],[99.9352,14.3647],[99.9352,14.366],[99.9355,14.3649],[99.9366,14.3646],[99.9366,14.3676],[99.9353,14.3676],[99.9353,14.3682],[99.9336,14.3682]]]}},{"type":"Feature","properties":{"kind":"seasonal","area_km2":0.103,"date":"2026-10-09"},"geometry":{"type":"Polygon","coordinates":[[[99.9928,14.3048],[99.9923,14.3023],[99.9928,14.301],[99.9939,14.301],[99.9937,14.3018],[99.9956,14.3023],[99.9956,14.3037],[99.9953,14.3045],[99.9937,14.3042],[99.9937,14.3047],[99.9928,14.3048]]]}},{"type":"Feature","properties":{"kind":"seasonal","area_km2":0.103,"date":"2026-10-09"},"geometry":{"type":"Polygon","coordinates":[[[99.9091,14.2877],[99.9085,14.2864],[99.9085,14.2837],[99.9102,14.2834],[99.9102,14.2847],[99.911,14.2856],[99.911,14.2874],[99.9091,14.2877]],[[99.9099,14.2869],[99.9102,14.2875],[99.9102,14.2869],[99.9099,14.2869]]]}},{"type":"Feature","properties":{"kind":"seasonal","area_km2":0.103,"date":"2026-10-09"},"geometry":{"type":"Polygon","coordinates":[[[99.7508,14.0246],[99.7491,14.0244],[99.7488,14.0225],[99.7485,14.023],[99.748,14.023],[99.748,14.0225],[99.7472,14.0222],[99.7472,14.0236],[99.746,14.0238],[99.746,14.0233],[99.7455,14.023],[99.7463,14.0222],[99.7455,14.0219],[99.7463,14.0219],[99.7463,14.0211],[99.7499,14.0214],[99.7499,14.0236],[99.7508,14.0238],[99.7508,14.0246]]]}},{"type":"Feature","properties":{"kind":"seasonal","area_km2":0.103,"date":"2026-10-09"},"geometry":{"type":"Polygon","coordinates":[[[99.7565,14.8315],[99.7549,14.8304],[99.7549,14.8294],[99.7557,14.8285],[99.7577,14.828],[99.7582,14.8307],[99.7577,14.8315],[99.7565,14.8315]]]}},{"type":"Feature","properties":{"kind":"seasonal","area_km2":0.103,"date":"2026-10-09"},"geometry":{"type":"Polygon","coordinates":[[[99.9849,14.4529],[99.9849,14.4491],[99.9871,14.4491],[99.9874,14.4518],[99.9882,14.4518],[99.9882,14.4526],[99.9874,14.4526],[99.9871,14.452],[99.986,14.4529],[99.9849,14.4529]]]}},{"type":"Feature","properties":{"kind":"seasonal","area_km2":0.103,"date":"2026-10-09"},"geometry":{"type":"Polygon","coordinates":[[[99.8879,14.0744],[99.8874,14.0738],[99.8876,14.0725],[99.8893,14.0719],[99.8904,14.0708],[99.8921,14.0711],[99.8921,14.0722],[99.8912,14.0724],[99.8913,14.073],[99.8901,14.073],[99.8899,14.0735],[99.8879,14.0744]]]}},{"type":"Feature","properties":{"kind":"seasonal","area_km2":0.103,"date":"2026-10-09"},"geometry":{"type":"Polygon","coordinates":[[[99.9682,14.0678],[99.966,14.0678],[99.966,14.0659],[99.9665,14.0654],[99.9662,14.064],[99.9687,14.064],[99.9687,14.0651],[99.9679,14.0654],[99.9682,14.0678]]]}},{"type":"Feature","properties":{"kind":"seasonal","area_km2":0.102,"date":"2026-10-09"},"geometry":{"type":"Polygon","coordinates":[[[99.9429,14.2683],[99.9423,14.267],[99.9418,14.267],[99.9426,14.2664],[99.9426,14.2659],[99.9415,14.2664],[99.9415,14.2659],[99.9407,14.2656],[99.9407,14.2648],[99.9412,14.2648],[99.9418,14.2635],[99.9412,14.2627],[99.9426,14.2626],[99.9426,14.2637],[99.9432,14.2637],[99.9429,14.2654],[99.9437,14.2664],[99.9437,14.267],[99.9432,14.267],[99.9437,14.2673],[99.9437,14.2683],[99.9429,14.2683]],[[99.9429,14.2662],[99.9432,14.2664],[99.9432,14.2662],[99.9429,14.2662]]]}},{"type":"Feature","properties":{"kind":"seasonal","area_km2":0.101,"date":"2026-10-09"},"geometry":{"type":"Polygon","coordinates":[[[99.9043,14.0645],[99.904,14.0634],[99.9029,14.0621],[99.9029,14.0613],[99.904,14.061],[99.904,14.0615],[99.9045,14.0618],[99.9043,14.0607],[99.9048,14.0602],[99.9065,14.0602],[99.9073,14.0618],[99.9062,14.0618],[99.9054,14.0626],[99.9045,14.0626],[99.9043,14.0634],[99.9051,14.0637],[99.9051,14.0645],[99.9043,14.0645]]]}},{"type":"Feature","properties":{"kind":"seasonal","area_km2":0.1,"date":"2026-10-09"},"geometry":{"type":"Polygon","coordinates":[[[99.7588,14.8345],[99.7579,14.8318],[99.7591,14.8304],[99.7599,14.8304],[99.7607,14.831],[99.7607,14.8334],[99.7596,14.8345],[99.7588,14.8345]]]}}]}
